# https://github.com/mikedh/trimesh
v 0.15675828 0.41730994 0.48260874
v 0.18981750 0.42322457 0.49842703
v 0.16068470 0.42201716 0.48812267
v 0.17864597 0.42742723 0.49844202
v 0.16508672 0.43085349 0.49845421
v 0.09965773 0.41711727 0.48274425
v 0.15224868 0.42316896 0.48870572
v 0.14774835 0.43217176 0.49847025
v 0.13689308 0.43153027 0.49847403
v 0.10339406 0.42163050 0.48796660
v 0.11974654 0.43105465 0.49847913
v 0.10728770 0.42944187 0.49848813
v 0.09668191 0.42009568 0.48720366
v 0.09307377 0.42730552 0.49849457
v 0.07594328 0.42384568 0.49849969
v 0.06699258 0.42233801 0.49850363
v 0.04600767 0.42109117 0.49851859
v 0.03963403 0.41992900 0.49852476
v 0.01535661 0.41692081 0.49854082
v 0.01278550 0.41649234 0.49854255
v 0.25875208 0.38987860 0.49624074
v 0.25945240 0.39129022 0.49838924
v 0.26005024 0.38556808 0.49150428
v 0.27087322 0.36918259 0.47805667
v 0.25268453 0.37643859 0.46987063
v 0.30190429 0.36206928 0.49842492
v 0.27017173 0.38557279 0.49839354
v 0.28054708 0.37643299 0.49384278
v 0.29362401 0.36850137 0.49841577
v 0.28159106 0.37853676 0.49840283
v 0.21384433 0.39159220 0.46685725
v 0.18723749 0.40081984 0.46892300
v 0.21383461 0.39891523 0.47653794
v 0.21877059 0.40421793 0.48908985
v 0.19948503 0.41414452 0.49132103
v 0.19078432 0.40259787 0.47262570
v 0.21044871 0.40736997 0.48752141
v 0.25225121 0.39428127 0.49838713
v 0.23620880 0.40189910 0.49839038
v 0.21476078 0.41223100 0.49839669
v 0.21039240 0.41414222 0.49840075
v 0.21323623 0.41299438 0.49839744
v 0.22355120 0.39042437 0.46986794
v 0.25280535 0.38937846 0.49077779
v 0.23557797 0.39306545 0.48341173
v 0.24236944 0.38250530 0.46986714
v 0.24597225 0.37486449 0.46267769
v 0.21775480 0.38555914 0.46205133
v 0.23779434 0.37585697 0.46069235
v 0.22105893 0.37140223 0.44838718
v 0.20817508 0.38556096 0.45851922
v 0.16072176 0.41612503 0.48220631
v 0.18528864 0.41799039 0.49075413
v 0.18530698 0.40217414 0.46988970
v 0.18530826 0.40065217 0.46829483
v 0.15676063 0.41414097 0.47959197
v 0.18259187 0.40121400 0.46853220
v 0.15677652 0.39876503 0.46331310
v 0.13495833 0.40321732 0.46655530
v 0.15172975 0.41665745 0.48167786
v 0.18747467 0.39768606 0.46555507
v 0.18182781 0.39636445 0.46291542
v 0.20471114 0.37529489 0.44644868
v 0.19511485 0.38108152 0.45027637
v 0.19356635 0.37348974 0.44132382
v 0.16713530 0.38556474 0.44918999
v 0.17393428 0.38268143 0.44709557
v 0.17517075 0.37732998 0.44133341
v 0.16837876 0.38019389 0.44402081
v 0.16505393 0.37352377 0.43532085
v 0.14550520 0.38556609 0.44733354
v 0.10393630 0.41628247 0.48208627
v 0.12820947 0.42012319 0.48652351
v 0.12823105 0.40715384 0.46992251
v 0.12823409 0.40238029 0.46486625
v 0.09965889 0.41414258 0.47882560
v 0.11930263 0.40431920 0.46546930
v 0.09966923 0.40105236 0.46221739
v 0.07589480 0.40226182 0.46757340
v 0.09558283 0.41618222 0.48219717
v 0.13645443 0.39163208 0.45348436
v 0.11879164 0.39040366 0.45105022
v 0.14450541 0.38158825 0.44334012
v 0.14053676 0.38358271 0.44532144
v 0.13956922 0.37965804 0.44135717
v 0.14733617 0.37592930 0.43653402
v 0.11160783 0.38556725 0.44608662
v 0.11539359 0.38412952 0.44425991
v 0.11614634 0.38119081 0.44138587
v 0.11240232 0.38245416 0.44294578
v 0.11041638 0.37847286 0.43785179
v 0.08654535 0.38557738 0.44374114
v 0.07109145 0.41765293 0.49150547
v 0.07109608 0.40345669 0.46997419
v 0.07109766 0.40136668 0.46697688
v 0.06749226 0.40166885 0.46817783
v 0.04253335 0.39665028 0.46446955
v 0.05229186 0.41414350 0.48913258
v 0.04252761 0.41413665 0.48987412
v 0.05795281 0.40643224 0.47654915
v 0.04252758 0.40810418 0.48125073
v 0.04414032 0.41090974 0.48587629
v 0.02525468 0.41413867 0.49289781
v 0.04074418 0.41057071 0.48604709
v 0.08050986 0.39045295 0.45116660
v 0.06414691 0.39291793 0.45608932
v 0.08612941 0.38409093 0.44216672
v 0.08453096 0.38472250 0.44313386
v 0.08431739 0.38344046 0.44142616
v 0.08723406 0.38188720 0.43958083
v 0.05404807 0.38558865 0.44698575
v 0.05845856 0.38395151 0.44472182
v 0.05883857 0.38155264 0.44144785
v 0.05505494 0.38206083 0.44321203
v 0.05277074 0.37748384 0.43740407
v 0.02128133 0.39620206 0.47001714
v 0.03270176 0.38558435 0.45035493
v 0.01396416 0.41521937 0.49638358
v -0.01458647 0.38738668 0.46914721
v 0.00951738 0.41413695 0.49632639
v -0.01458793 0.38928518 0.47191066
v -0.00913402 0.40319037 0.48976180
v -0.02128816 0.40073338 0.49099195
v 0.00445574 0.41413397 0.49854636
v 0.01396636 0.40931994 0.48891985
v -0.01193880 0.40879709 0.49855387
v -0.01811002 0.40709868 0.49855706
v -0.00623546 0.38974583 0.47004554
v 0.01618419 0.39764386 0.47443858
v 0.01134821 0.39723402 0.47525582
v 0.01397313 0.39361820 0.47002268
v 0.03124906 0.37961289 0.44446611
v 0.02443143 0.38175151 0.44914246
v 0.02277886 0.37460268 0.44149506
v 0.03435889 0.37340987 0.43539670
v -0.01265738 0.38556966 0.46620598
v 0.00578233 0.37950242 0.45364714
v 0.00768409 0.36964980 0.44151425
v -0.00716294 0.37182623 0.44839364
v -0.01772307 0.38713536 0.47005716
v -0.01600047 0.38556927 0.46722925
v -0.06007254 0.39081603 0.49595159
v -0.03728262 0.40237761 0.49856824
v -0.05204877 0.39634210 0.49857304
v -0.06095549 0.39258128 0.49857688
v -0.03576474 0.39245707 0.48480394
v -0.05338796 0.38960415 0.49049020
v -0.04314322 0.37667492 0.47006980
v -0.02073534 0.36935246 0.44964641
v -0.04068223 0.37374073 0.46516377
v -0.04497579 0.37311718 0.46640742
v -0.06139175 0.38555154 0.49067903
v -0.04839514 0.37390587 0.47007138
v -0.07169559 0.36937779 0.47814912
v -0.07531255 0.38554579 0.49857214
v -0.08269084 0.37897712 0.49529564
v -0.08377220 0.38113624 0.49856985
v -0.08998902 0.37751591 0.49856782
v -0.10564381 0.36772132 0.49856168
v -0.10077663 -0.19999781 -0.44362700
v -0.10068705 -0.19981402 -0.44372159
v -0.10477628 -0.17553954 -0.45195419
v -0.10059438 -0.19997799 -0.44367853
v -0.10028064 -0.20006336 -0.44369248
v -0.07201985 -0.21417853 -0.43948174
v -0.07200769 -0.19662151 -0.44903713
v -0.05184935 -0.20410183 -0.44771516
v -0.07309945 -0.15927209 -0.45897564
v -0.10048438 -0.19979684 -0.44375581
v -0.09586175 -0.17605802 -0.45299816
v -0.07635099 -0.18561794 -0.45224857
v -0.07071634 -0.15959632 -0.45913705
v -0.06718794 -0.18561506 -0.45317280
v -0.04703820 -0.19628303 -0.45074120
v -0.04984735 -0.17775604 -0.45640820
v -0.04342841 -0.20249006 -0.44869977
v -0.03461731 -0.20428959 -0.44789433
v -0.01484977 -0.21415615 -0.44299516
v -0.01483718 -0.19738065 -0.44937316
v 0.00871908 -0.20236155 -0.44594759
v -0.01686553 -0.16110948 -0.45986050
v -0.03987497 -0.19634381 -0.45060265
v -0.03706144 -0.17766258 -0.45622218
v -0.01972453 -0.18559211 -0.45328641
v -0.01291675 -0.16081843 -0.45971128
v -0.01020120 -0.18558341 -0.45273569
v 0.01193441 -0.19803555 -0.44706148
v 0.00835157 -0.17669061 -0.45428893
v 0.01374512 -0.20098269 -0.44570550
v 0.01712947 -0.20153292 -0.44511670
v 0.04231123 -0.21409887 -0.43635184
v 0.04233070 -0.18904242 -0.44516066
v 0.01525047 -0.19834077 -0.44643775
v 0.01848110 -0.17599016 -0.45289284
v 0.04077402 -0.18553683 -0.44653162
v 0.04373777 -0.18553348 -0.44621596
v 0.06871962 -0.17343396 -0.44780302
v 0.07309763 -0.17339094 -0.44771880
v 0.30513182 0.35699838 0.49555507
v 0.31933206 0.33977628 0.49280876
v 0.30706903 0.35699898 0.49843422
v 0.32065767 0.34244049 0.49846721
v 0.32094404 0.32843569 0.48394075
v 0.32795009 0.30945870 0.47945672
v 0.31569952 0.32230437 0.46994096
v 0.32931387 0.32843840 0.49848998
v 0.33324364 0.31047752 0.48955142
v 0.33494270 0.31389308 0.49851233
v 0.28161079 0.36237419 0.47877532
v 0.29937419 0.35929018 0.49383867
v 0.27089214 0.35698122 0.46243057
v 0.27089700 0.35278767 0.45769811
v 0.26256052 0.36115620 0.45977226
v 0.26764119 0.35534772 0.45723161
v 0.26743588 0.35004351 0.45213565
v 0.29879132 0.34301633 0.47020236
v 0.29939738 0.34363005 0.47173226
v 0.29906371 0.34254393 0.46989867
v 0.29976609 0.34234512 0.47063327
v 0.29925960 0.34257257 0.47017765
v 0.29939926 0.34213588 0.46989951
v 0.30472323 0.31946662 0.45928153
v 0.29997137 0.30097151 0.44138479
v 0.28285778 0.32841626 0.44592163
v 0.27765447 0.32841614 0.44133666
v 0.28868699 0.32486990 0.44844267
v 0.29694879 0.30477622 0.44137788
v 0.28324887 0.32461542 0.44324303
v 0.28040355 0.31890917 0.43659729
v 0.24238634 0.35862339 0.44460768
v 0.24076213 0.35697928 0.44213563
v 0.24238738 0.35642156 0.44243610
v 0.24369428 0.35435942 0.44132254
v 0.24172173 0.35564458 0.44132200
v 0.21386914 0.35697979 0.42954475
v 0.24986888 0.33519691 0.42776352
v 0.26216149 0.32841337 0.43026567
v 0.26130199 0.33775023 0.43666172
v 0.23741306 0.33770850 0.42274052
v 0.21489859 0.35491785 0.42807558
v 0.18533766 0.36331964 0.42866868
v 0.21069624 0.35698032 0.42863441
v 0.21307690 0.35538957 0.42783988
v 0.12825027 0.36550173 0.42438203
v -0.16138393 -0.14462805 -0.44541013
v -0.15936375 -0.14115676 -0.44686651
v -0.16170508 -0.11822540 -0.45159811
v -0.15772428 -0.14446238 -0.44690949
v -0.12010612 -0.16159421 -0.45334053
v -0.14567712 -0.14881937 -0.44960511
v -0.12915394 -0.15707685 -0.45249984
v -0.12914912 -0.15018116 -0.45442417
v -0.12270025 -0.15385169 -0.45464629
v -0.13123728 -0.10418115 -0.46003574
v -0.15543878 -0.14051542 -0.44815141
v -0.15252551 -0.11940959 -0.45397019
v -0.13557205 -0.12851019 -0.45647708
v -0.12639958 -0.10537253 -0.46063283
v -0.12163822 -0.12850906 -0.45860565
v -0.10836941 -0.13498047 -0.45922601
v -0.10916576 -0.12283505 -0.46084854
v -0.07480302 -0.15705398 -0.45927522
v -0.10057528 -0.16577724 -0.45471781
v -0.10056864 -0.14998117 -0.45799056
v -0.07198752 -0.15705255 -0.45941558
v -0.07383164 -0.15336311 -0.45971805
v -0.06983461 -0.15275234 -0.46002182
v -0.06818970 -0.15705010 -0.45976442
v 0.07112263 0.36735666 0.42079058
v -0.07698332 -0.10997425 -0.46294630
v -0.09227122 -0.13449949 -0.46017444
v -0.09147772 -0.12328091 -0.46175700
v -0.08088960 -0.12849337 -0.46144694
v -0.06633976 -0.11114904 -0.46353358
v -0.06247061 -0.12848036 -0.46260193
v -0.05285174 -0.13330436 -0.46251211
v -0.05328830 -0.12409084 -0.46340856
v -0.02086398 -0.15702222 -0.46084774
v -0.04340494 -0.16329300 -0.45961678
v -0.04340214 -0.15173592 -0.46153820
v -0.01481741 -0.15701817 -0.46078214
v -0.01887372 -0.14890721 -0.46189266
v -0.01081504 -0.14902501 -0.46181989
v -0.00968218 -0.15701374 -0.46037775
v -0.02253150 -0.11535358 -0.46561563
v -0.03317751 -0.13253915 -0.46400785
v -0.03277240 -0.12479012 -0.46481749
v -0.02540816 -0.12845922 -0.46478131
v -0.00713248 -0.11519124 -0.46551928
v -0.00425684 -0.12844437 -0.46463543
v 0.00356185 -0.13250770 -0.46397579
v 0.00300757 -0.12492874 -0.46510297
v 0.01376718 -0.16463959 -0.45676705
v 0.01377415 -0.15108268 -0.46024823
v 0.03649179 -0.15990007 -0.45481333
v 0.04234293 -0.17151669 -0.45044151
v 0.05327618 -0.16241679 -0.45225319
v 0.03844897 -0.15501782 -0.45579425
v 0.04235333 -0.15696597 -0.45481521
v 0.04235594 -0.15292670 -0.45572373
v 0.04825976 -0.15400979 -0.45478183
v 0.03515073 -0.11430906 -0.46503866
v 0.02353372 -0.13296551 -0.46299973
v 0.02413729 -0.12447819 -0.46420625
v 0.03275073 -0.12841344 -0.46274537
v 0.04848500 -0.11202133 -0.46388137
v 0.05093998 -0.12839457 -0.46059996
v 0.06400584 -0.13572225 -0.45733592
v 0.06242494 -0.12263624 -0.46053350
v 0.07093114 -0.16824056 -0.44936472
v 0.07094491 -0.14816543 -0.45444143
v 0.08261049 -0.16538367 -0.44921103
v 0.08870888 -0.15151712 -0.45226088
v 0.09953453 -0.15692084 -0.44935352
v 0.09954156 -0.14636210 -0.45237663
v 0.11633600 -0.14851961 -0.44923940
v 0.09567282 -0.10758324 -0.46159810
v 0.07754976 -0.13606131 -0.45660746
v 0.07916193 -0.12227787 -0.45981869
v 0.09281485 -0.12836117 -0.45686433
v 0.10313813 -0.10692216 -0.46125591
v 0.10586515 -0.12835519 -0.45599356
v 0.12462480 -0.13911854 -0.45035943
v 0.12171255 -0.12049749 -0.45622656
v -0.00959780 0.35702631 0.42974624
v 0.01401140 0.36255133 0.43047205
v 0.12813112 -0.14513269 -0.44835395
v 0.13432793 -0.14571472 -0.44642335
v 0.15670949 -0.15688686 -0.43540040
v 0.15672749 -0.13241379 -0.44535214
v -0.04122196 0.35701478 0.44251075
v -0.01454633 0.35702473 0.43109059
v 0.13112289 -0.13963710 -0.44930583
v 0.13386065 -0.11976604 -0.45475584
v 0.15476619 -0.12833245 -0.44723994
v 0.15816000 -0.12833077 -0.44616926
v -0.01337430 0.35468751 0.42844701
v -0.04312159 0.35995901 0.44744900
v -0.05948183 0.36310264 0.46191615
v -0.04311721 0.35643193 0.44272861
v -0.04245111 0.35568470 0.44156539
v -0.04396717 0.35531324 0.44156659
v -0.07168176 0.35699716 0.46096438
v -0.06857425 0.35544559 0.45737794
v -0.06948180 0.35260624 0.45363584
v -0.07167968 0.35423073 0.45721072
v -0.08040029 0.35263541 0.46018112
v -0.07609899 0.34816006 0.45142019
v -0.08337668 0.36283034 0.47849485
v -0.04107612 0.34073010 0.41708338
v -0.01591255 0.35428864 0.42864788
v -0.06897871 0.32845339 0.41843906
v -0.04560713 0.34023517 0.41807190
v -0.06453027 0.34271821 0.43445954
v -0.10025948 0.36191720 0.48870081
v -0.10024548 0.35005152 0.47007808
v -0.10024237 0.34585169 0.46380720
v -0.08905492 0.33462855 0.44157982
v -0.10549335 0.34533095 0.46745762
v -0.12881726 0.33488080 0.46685404
v -0.11550327 0.35697615 0.49096358
v -0.11247673 0.34881657 0.47617555
v -0.12882258 0.34249461 0.47710013
v -0.12512058 0.34955904 0.48802477
v -0.13560162 0.34343940 0.49107480
v -0.12524301 0.35697883 0.49856514
v -0.12805708 0.35542014 0.49856615
v -0.13068095 0.35329112 0.49856639
v -0.10969615 0.33325908 0.45121911
v -0.10473973 0.32843366 0.44158030
v -0.09568217 0.31871992 0.42219311
v -0.08871604 0.33119678 0.43607998
v -0.07686403 0.32844898 0.42344323
v -0.08184365 0.33667529 0.43747574
v -0.11856268 0.32842734 0.44962960
v -0.11308884 0.32699248 0.44445124
v -0.11278874 0.32495317 0.44158310
v -0.11628361 0.32491708 0.44333515
v -0.11823185 0.32102433 0.43789428
v -0.13698606 0.33249941 0.47007942
v -0.13428473 0.32841867 0.45917320
v -0.14815810 0.33847499 0.49856573
v -0.14759856 0.33289146 0.48962781
v -0.15739447 0.31713232 0.47008175
v -0.13788933 0.31799722 0.44678926
v -0.15518931 0.31632897 0.46568727
v -0.15405402 0.30650747 0.44159940
v -0.13468891 0.31159347 0.43320447
v -0.15841657 0.31514686 0.46804056
v -0.15901597 0.30309767 0.44159976
v -0.15942779 0.31514072 0.47008079
v -0.15893842 0.32840773 0.49856246
v -0.16085523 0.31757590 0.47696480
v -0.16793391 0.32084739 0.49856246
v -0.18322659 0.30537170 0.49856070
v -0.16988984 -0.10813232 -0.44969630
v -0.18627372 -0.09993966 -0.44342053
v -0.18624859 -0.07767913 -0.44677234
v -0.17221498 -0.09291637 -0.45087311
v -0.18770196 -0.07136801 -0.44654191
v -0.18417175 -0.07136754 -0.44776481
v -0.16313386 -0.08019489 -0.45454323
v -0.16302028 -0.06244363 -0.45436519
v -0.13302274 -0.09993870 -0.45987141
v -0.15769947 -0.10935377 -0.45335430
v -0.15768538 -0.09163004 -0.45557606
v -0.12911254 -0.09993877 -0.46051052
v -0.13136262 -0.09543155 -0.46017450
v -0.12617213 -0.09406981 -0.46085963
v -0.12277828 -0.09993784 -0.46108809
v -0.13114503 -0.04694046 -0.46002781
v -0.15111072 -0.07908915 -0.45676202
v -0.15119883 -0.06354359 -0.45657122
v -0.13709225 -0.07136895 -0.45965028
v -0.12636529 -0.04821803 -0.46066785
v -0.11998597 -0.07137143 -0.46186736
v -0.10976633 -0.07640649 -0.46215966
v -0.11000659 -0.06658155 -0.46265793
v -0.18675952 0.30136481 0.49855933
v -0.08238424 -0.09992826 -0.46314615
v -0.10053664 -0.10496163 -0.46215510
v -0.10053033 -0.09521110 -0.46276951
v -0.07194962 -0.09992300 -0.46348754
v -0.07753750 -0.08873868 -0.46353340
v -0.06572461 -0.08749768 -0.46415135
v -0.05889805 -0.09991544 -0.46445048
v -0.07895954 -0.05686653 -0.46499974
v -0.09059897 -0.07573950 -0.46348345
v -0.09036706 -0.06721779 -0.46394527
v -0.08210689 -0.07136360 -0.46401826
v -0.06424218 -0.05813200 -0.46563438
v -0.06124523 -0.07135327 -0.46502113
v -0.05411072 -0.07487436 -0.46517944
v -0.05424711 -0.06796598 -0.46546787
v -0.03035676 -0.09989761 -0.46568918
v -0.04337297 -0.10354263 -0.46492642
v -0.04336669 -0.09661190 -0.46561649
v -0.01478463 -0.09988915 -0.46620870
v -0.02326455 -0.08291677 -0.46640825
v -0.00570401 -0.08176646 -0.46696007
v 0.00148489 -0.09987725 -0.46599820
v -0.02432741 -0.06190623 -0.46750838
v -0.03186553 -0.07414823 -0.46659899
v -0.03174165 -0.06864764 -0.46684313
v -0.02638233 -0.07133470 -0.46688375
v -0.00466112 -0.06292664 -0.46800223
v -0.00278998 -0.07132027 -0.46755064
v 0.00186853 -0.07365273 -0.46751052
v 0.00168308 -0.06916852 -0.46789169
v 0.02585409 -0.09985869 -0.46610045
v 0.01380030 -0.10303611 -0.46579859
v 0.01380558 -0.09695069 -0.46630290
v 0.04239649 -0.09984498 -0.46672106
v 0.03175288 -0.07856131 -0.46850002
v 0.05415477 -0.07637992 -0.46954477
v 0.05826328 -0.09982882 -0.46571052
v 0.03049137 -0.06656452 -0.46978226
v 0.02658396 -0.07283150 -0.46907979
v 0.02671778 -0.06989485 -0.46934485
v 0.02957460 -0.07129521 -0.46923864
v 0.05511134 -0.06806371 -0.47049931
v 0.06544767 -0.05384233 -0.47209865
v 0.05575183 -0.07127235 -0.47017568
v 0.05781933 -0.07237554 -0.46988541
v 0.05763226 -0.07035507 -0.47026575
v 0.08786872 -0.09980570 -0.46357620
v 0.07098006 -0.10391012 -0.46384811
v 0.07098696 -0.09644872 -0.46530521
v 0.09957597 -0.09979784 -0.46289507
v 0.09112069 -0.08288267 -0.46620309
v 0.10585600 -0.08727263 -0.46397114
v 0.10808682 -0.09979422 -0.46194249
v 0.07103318 -0.04328692 -0.47328368
v 0.07484313 -0.05031583 -0.47208506
v 0.08808295 -0.06570420 -0.46927723
v 0.08346750 -0.07308190 -0.46838164
v 0.08376987 -0.06971405 -0.46898264
v 0.08710801 -0.07124607 -0.46844044
v 0.10948224 -0.06239560 -0.46759140
v 0.11087018 -0.07123376 -0.46594799
v 0.11769029 -0.07502028 -0.46440312
v 0.11714655 -0.06799012 -0.46550980
v 0.12816024 -0.10677090 -0.45795840
v 0.12817547 -0.09407926 -0.46052974
v 0.14914566 -0.10357927 -0.45381758
v 0.15674244 -0.11697719 -0.44899872
v 0.15100767 -0.09690131 -0.45474750
v 0.15676197 -0.09977508 -0.45275110
v 0.15677135 -0.09244283 -0.45395210
v 0.17376176 -0.09128261 -0.44911239
v 0.15427254 -0.04774508 -0.46020153
v 0.13688706 -0.07682028 -0.46074772
v 0.13758841 -0.06631266 -0.46213394
v 0.14920264 -0.07121698 -0.45853543
v 0.15865603 -0.04631907 -0.45948368
v 0.16300842 -0.07121255 -0.45576137
v 0.18317777 -0.08329309 -0.44769651
v 0.18119875 -0.06112299 -0.45172060
v 0.18536775 -0.08710155 -0.44654250
v 0.18888013 -0.08723800 -0.44506043
v 0.21392150 -0.09975569 -0.43014446
v 0.18699387 -0.08386313 -0.44654885
v 0.18864577 -0.06016680 -0.44980526
v -0.18623421 -0.06411285 -0.44725826
v -0.17326620 -0.04927440 -0.45146292
v -0.18621150 -0.04280070 -0.44779214
v -0.18619102 -0.02192641 -0.44752371
v -0.17317738 -0.03628631 -0.45143861
v -0.18771109 -0.01423283 -0.44673643
v -0.18405953 -0.01423241 -0.44793513
v -0.16278441 -0.02335460 -0.45400703
v -0.16280740 -0.00514548 -0.45410198
v -0.13265513 -0.04279998 -0.45975244
v -0.15764916 -0.05120867 -0.45541000
v -0.15763330 -0.03435314 -0.45535341
v -0.12907080 -0.04280012 -0.46032435
v -0.13120317 -0.03852903 -0.46010035
v -0.12570095 -0.03607247 -0.46133143
v -0.12233779 -0.04279957 -0.46132904
v -0.13300627 0.00639046 -0.46197093
v -0.15107146 -0.02196525 -0.45679188
v -0.15101586 -0.00653943 -0.45689011
v -0.13721378 -0.01423167 -0.46003258
v -0.12327594 0.00282348 -0.46375453
v -0.11903937 -0.01422982 -0.46371490
v -0.11100577 -0.01798724 -0.46475872
v -0.11120358 -0.01067599 -0.46516702
v -0.08645847 -0.04279478 -0.46524411
v -0.10049274 -0.04675649 -0.46434081
v -0.10048857 -0.03904440 -0.46474978
v -0.07190950 -0.04278848 -0.46595514
v -0.08053293 -0.02553224 -0.46660656
v -0.06285191 -0.02468855 -0.46702036
v -0.05416785 -0.04277861 -0.46683425
v -0.08166056 -0.00518017 -0.46774864
v -0.08897568 -0.01700879 -0.46669278
v -0.08880996 -0.01159763 -0.46702158
v -0.08365005 -0.01422045 -0.46719652
v -0.06174827 -0.00591392 -0.46811819
v -0.05989408 -0.01420593 -0.46768779
v -0.05528542 -0.01652377 -0.46762103
v -0.05547054 -0.01207100 -0.46799612
v -0.03421639 -0.04276873 -0.46769217
v -0.04332434 -0.04535206 -0.46709192
v -0.04332243 -0.04034760 -0.46739969
v -0.01473737 -0.04276174 -0.46891758
v -0.00112566 -0.01556957 -0.47292146
v -0.02770000 -0.01683207 -0.47093198
v 0.01210226 -0.04274363 -0.47132197
v -0.01317137 -0.01418698 -0.47223946
v -0.02801396 -0.01218480 -0.47124884
v -0.02962894 -0.01480311 -0.47103605
v -0.02957295 -0.01364039 -0.47114724
v -0.02845090 -0.01419336 -0.47111663
v -0.00084952 -0.01418201 -0.47306532
v 0.00752330 -0.03009163 -0.47220814
v 0.00002470 -0.01463650 -0.47313684
v 0.00005050 -0.01370083 -0.47318727
v -0.00124474 -0.01255304 -0.47304258
v 0.33316463 0.30247346 0.48165676
v 0.01522047 -0.04274131 -0.47150475
v 0.01700153 -0.03644729 -0.47219124
v 0.01384781 -0.04312699 -0.47142297
v 0.01384818 -0.04238011 -0.47146797
v 0.02695437 -0.01537040 -0.47460988
v 0.04244307 -0.04271661 -0.47304893
v 0.03057314 -0.01897030 -0.47458607
v 0.05372091 -0.02020731 -0.47517401
v 0.06862715 -0.04269578 -0.47330454
v 0.32795402 0.29986155 0.47317290
v 0.32796106 0.28243190 0.46443594
v 0.31726635 0.30520296 0.46102709
v 0.30235821 0.29984766 0.44286391
v 0.32057399 0.29616278 0.45938873
v 0.31695664 0.27782407 0.44470519
v 0.33863586 0.29986283 0.48960790
v 0.33553925 0.29607144 0.48048306
v 0.02689276 -0.01288412 -0.47473657
v 0.01387983 0.01359937 -0.47381824
v 0.02952737 -0.01415644 -0.47489944
v 0.03078569 -0.00892937 -0.47479311
v 0.05500921 -0.01413575 -0.47564533
v 0.05846872 -0.01583787 -0.47554225
v 0.05842010 -0.01247919 -0.47544047
v 0.05348586 -0.00757739 -0.47542110
v 0.34204942 0.29986483 0.49853587
v 0.34657788 0.27999845 0.49856526
v 0.07103429 -0.04206324 -0.47335896
v 0.07302779 -0.04269266 -0.47309065
v 0.08485765 -0.01461947 -0.47308889
v 0.09962691 -0.04267629 -0.47093141
v 0.08615358 -0.01570888 -0.47288048
v 0.11154297 -0.01892309 -0.46963346
v 0.12003542 -0.04266813 -0.46791324
v 0.33558699 0.27510741 0.47002208
v 0.34522182 0.27429232 0.49259409
v 0.08487499 -0.01363484 -0.47305617
v 0.07108477 0.01385204 -0.47329929
v 0.09261949 -0.01411683 -0.47207516
v 0.08581032 -0.01411850 -0.47298825
v 0.08608490 -0.01267092 -0.47281015
v 0.11123613 -0.00866679 -0.46932086
v 0.11268943 -0.01411124 -0.46950781
v 0.11546139 -0.01561367 -0.46902567
v 0.11545022 -0.01261947 -0.46905524
v 0.33136001 0.27129328 0.46323055
v 0.31730556 0.27128121 0.44144386
v 0.33173853 0.25024450 0.45201886
v 0.33652809 0.26701143 0.47003496
v 0.34899870 0.27130169 0.49857891
v 0.14819738 -0.04265787 -0.46197975
v 0.12822433 -0.04563636 -0.46603897
v 0.12822962 -0.03996404 -0.46658728
v 0.15682489 -0.04265503 -0.46022174
v 0.15345863 -0.03592107 -0.46103528
v 0.15873763 -0.03884123 -0.45956421
v 0.16005637 -0.04265393 -0.45926616
v 0.15389912 0.00853571 -0.46067005
v 0.13902670 -0.01761579 -0.46495762
v 0.13905880 -0.01061299 -0.46501675
v 0.14691342 -0.01409861 -0.46325672
v 0.15852205 0.01116075 -0.45935369
v 0.16445121 -0.01409420 -0.45858163
v 0.18086515 -0.02380766 -0.45249033
v 0.18078747 -0.00446964 -0.45270336
v 0.34562528 0.26790756 0.49180287
v 0.35057598 0.25462636 0.49860263
v 0.29941013 0.29890487 0.43950415
v 0.29941013 0.30033579 0.44040647
v 0.30035478 0.29984665 0.44091383
v 0.18540737 -0.05314667 -0.45089138
v 0.18542764 -0.03236287 -0.45133752
v 0.19414409 -0.05256309 -0.44768760
v 0.19462895 -0.03296300 -0.44793686
v 0.21400745 -0.04264528 -0.43911356
v 0.18888733 -0.02492062 -0.45025101
v 0.18898836 -0.00333750 -0.45043662
v 0.30509251 0.26266566 0.42422628
v 0.31820339 0.26225430 0.43694752
v 0.31149274 0.27347672 0.43703699
v 0.31495267 0.27127957 0.43891439
v 0.31484714 0.27359712 0.44027933
v 0.29850242 0.25791359 0.41472867
v 0.29419366 0.28032765 0.42329293
v -0.18617985 -0.00778521 -0.44691288
v -0.17155120 0.00703142 -0.45068377
v -0.18616629 0.01433905 -0.44576767
v -0.17104265 0.02190076 -0.45044452
v -0.16219524 0.03323336 -0.45293581
v -0.16152492 0.05326186 -0.45160371
v -0.13577364 0.01433895 -0.46137479
v -0.15760127 0.00587495 -0.45535064
v -0.15759367 0.02304728 -0.45488173
v -0.12902698 0.01433977 -0.46317768
v -0.13282248 0.02193590 -0.46180174
v -0.12309457 0.02620471 -0.46393496
v -0.11242484 0.01434415 -0.46630114
v -0.13004789 0.06942857 -0.45905697
v -0.15146571 0.03475447 -0.45597744
v -0.15223232 0.05184420 -0.45444688
v -0.13704395 0.04291490 -0.45977885
v -0.12712884 0.06771166 -0.45991433
v -0.11880302 0.04291885 -0.46416336
v -0.11127066 0.03945328 -0.46536121
v -0.11119002 0.04646362 -0.46520939
v -0.09334452 0.01435003 -0.46872288
v -0.10046095 0.01236316 -0.46831620
v -0.10045832 0.01635825 -0.46826088
v -0.07188088 0.01436010 -0.46962106
v -0.08308633 0.03678266 -0.46920758
v -0.06059051 0.03691977 -0.46925181
v -0.04744829 0.01437354 -0.47018418
v -0.08258687 0.05006380 -0.46871382
v -0.08786207 0.04122086 -0.46887523
v -0.08790517 0.04467414 -0.46878794
v -0.08457151 0.04292651 -0.46911240
v -0.06107459 0.04993922 -0.46876562
v -0.05912562 0.04294170 -0.46916452
v -0.05607538 0.04144273 -0.46925727
v -0.05593622 0.04458302 -0.46898091
v -0.03986328 0.01437719 -0.47053564
v -0.04330039 0.01340511 -0.47031528
v -0.04329949 0.01536827 -0.47027034
v -0.01471282 0.01438880 -0.47219843
v 0.01118100 0.01440630 -0.47355330
v -0.02649815 0.03797515 -0.46973881
v -0.00169500 0.04039061 -0.47091350
v -0.02512326 0.05068337 -0.46836451
v -0.03046954 0.04148067 -0.46927491
v -0.03060424 0.04457480 -0.46900240
v -0.02746599 0.04296149 -0.46918526
v 0.00655538 0.02906261 -0.47220245
v 0.02633847 0.04299825 -0.47216979
v -0.00251852 0.04721767 -0.47008377
v -0.00115926 0.04297755 -0.47068560
v 0.00031097 0.04226757 -0.47078177
v 0.00040191 0.04377845 -0.47060177
v 0.01388043 0.01521722 -0.47381827
v 0.01732800 0.01441098 -0.47391769
v 0.02814001 0.04294326 -0.47228023
v 0.04248028 0.01443020 -0.47505146
v 0.02832451 0.04274362 -0.47229537
v 0.05493679 0.03928721 -0.47399372
v 0.06851943 0.01444359 -0.47339937
v 0.02814522 0.04305085 -0.47226980
v 0.02825529 0.04299969 -0.47228488
v 0.02780293 0.04378698 -0.47216740
v 0.02829132 0.04318896 -0.47226173
v 0.05588629 0.04301121 -0.47395968
v 0.05767193 0.04214368 -0.47386381
v 0.05765232 0.04385995 -0.47382188
v 0.06930947 0.04301506 -0.47210762
v 0.05538219 0.04585344 -0.47354892
v 0.06301260 0.05540292 -0.47211236
v 0.07108578 0.01502842 -0.47328022
v 0.07285339 0.01444548 -0.47299391
v 0.07592853 0.02410846 -0.47210276
v 0.09968197 0.01445188 -0.46920177
v 0.08772190 0.03838498 -0.46976140
v 0.10851350 0.03207247 -0.46657526
v 0.11800911 0.01445366 -0.46690923
v 0.08907125 0.05033500 -0.46841687
v 0.08436877 0.04198398 -0.47001278
v 0.08427250 0.04415216 -0.46981621
v 0.08668033 0.04301952 -0.46953258
v 0.10650602 0.05801674 -0.46455088
v 0.11058343 0.04302280 -0.46521682
v 0.11774845 0.03927684 -0.46454263
v 0.11844856 0.04746124 -0.46315700
v 0.15018405 0.01446173 -0.46105525
v 0.12827481 0.01135739 -0.46582222
v 0.12828018 0.01792454 -0.46508843
v 0.15687150 0.01446327 -0.45989755
v 0.15472616 0.01875686 -0.45985729
v 0.15850404 0.01771904 -0.45933488
v 0.15964615 0.01446382 -0.45909008
v 0.13750139 0.03793681 -0.46184170
v 0.13670844 0.04891219 -0.46023875
v 0.14942744 0.04302550 -0.45837057
v 0.16323084 0.04302560 -0.45609295
v 0.18116207 0.03306942 -0.45205742
v 0.18371832 0.05553128 -0.44699311
v 0.18546003 0.00425679 -0.45151940
v 0.18547857 0.02495566 -0.45100528
v 0.19465952 0.00478532 -0.44797295
v 0.19409728 0.02444934 -0.44770730
v 0.21406822 0.01447400 -0.43744648
v 0.18858004 0.03184213 -0.44959790
v 0.18668884 0.05612280 -0.44580862
v -0.10024910 0.31256723 0.41625327
v -0.16224912 0.31169546 0.46766043
v -0.16993231 0.30785763 0.47632760
v -0.16466296 0.29983860 0.44522592
v -0.15738763 0.29073861 0.42344531
v -0.16161898 0.29983982 0.43949080
v -0.15738605 0.30161089 0.43807384
v -0.17636417 0.29503533 0.46062595
v -0.17917332 0.28626198 0.44908041
v -0.18596479 0.28660268 0.46243715
v -0.18232843 0.29983455 0.48614559
v -0.18599010 0.29983431 0.49328157
v -0.18263607 0.29816303 0.48265770
v -0.18598060 0.29456717 0.48169982
v -0.18464266 0.29715070 0.48566306
v -0.18943262 0.29293609 0.48776439
v -0.18824607 0.29983315 0.49855864
v -0.15635514 0.28453246 0.41518781
v -0.18906045 0.27126357 0.44160777
v -0.18056467 0.27127013 0.42388219
v -0.15952244 0.28342921 0.41738445
v -0.17681375 0.28155127 0.43648124
v -0.19683433 0.27669173 0.47008038
v -0.19481903 0.27126181 0.45242816
v -0.21114074 0.25868678 0.47008526
v -0.16717474 0.06199504 -0.44852552
v -0.18615222 0.07148153 -0.44049338
v -0.16417688 0.08247241 -0.44703370
v -0.15958953 0.08777656 -0.44774947
v -0.20475060 0.28020638 0.49856341
v -0.13038889 0.07148939 -0.45871285
v -0.15758704 0.06120399 -0.45173901
v -0.15758370 0.08308707 -0.44910395
v -0.12901725 0.07148969 -0.45909640
v -0.12970768 0.07287056 -0.45871747
v -0.12794825 0.07362818 -0.45909551
v -0.12559816 0.07149069 -0.45973477
v -0.20460245 0.27559513 0.48992401
v -0.15488663 0.08846888 -0.44913459
v -0.13356650 0.10006195 -0.45284370
v -0.12291344 0.10006507 -0.45593411
v -0.10858835 0.09392906 -0.46002555
v -0.10729061 0.10750468 -0.45742464
v -0.19659370 0.26395682 0.44524872
v -0.19469646 0.26015970 0.43607610
v -0.08704409 0.07150367 -0.46558833
v -0.10044208 0.06763896 -0.46458223
v -0.10044054 0.07591784 -0.46345446
v -0.07186228 0.07151090 -0.46728587
v -0.07928341 0.08634810 -0.46541423
v -0.06327853 0.08866820 -0.46655247
v -0.05249677 0.07152353 -0.46764362
v -0.21284100 0.27126414 0.49856907
v -0.21226399 0.25927126 0.47465304
v -0.07430348 0.12376375 -0.46042430
v -0.09071797 0.09550576 -0.46315601
v -0.09191917 0.10584220 -0.46075159
v -0.08166630 0.10007761 -0.46331930
v -0.06866953 0.12228759 -0.46115887
v -0.06110086 0.10009081 -0.46518797
v -0.05422254 0.09675699 -0.46557325
v -0.05368808 0.10396636 -0.46450785
v -0.03309738 0.07153638 -0.46714360
v -0.04327539 0.06924583 -0.46767402
v -0.04327422 0.07408777 -0.46712455
v -0.01468159 0.07154810 -0.46717104
v -0.02288961 0.08796197 -0.46613747
v -0.00615989 0.08856533 -0.46640974
v 0.00535684 0.07156282 -0.46790153
v -0.22193399 0.25739321 0.49857274
v -0.01908408 0.11985041 -0.46233118
v -0.03220243 0.09687901 -0.46576467
v -0.03272220 0.10385941 -0.46472317
v -0.02537023 0.10011335 -0.46502981
v -0.00997595 0.11932679 -0.46258324
v -0.00374007 0.10012749 -0.46544871
v 0.00269499 0.09707000 -0.46605408
v 0.00310289 0.10359593 -0.46524164
v 0.02084192 0.07157012 -0.46869975
v 0.01391657 0.06975313 -0.46853924
v 0.01391983 0.07365821 -0.46798438
v 0.04252287 0.07157743 -0.46995899
v 0.03257934 0.09145790 -0.46778977
v 0.05280509 0.09210626 -0.46808192
v 0.06643908 0.07158540 -0.46975759
v 0.03683231 0.11731020 -0.46353543
v 0.02551935 0.09742869 -0.46671209
v 0.02514861 0.10322604 -0.46596783
v 0.03097145 0.10014335 -0.46666640
v 0.04862172 0.11656443 -0.46389431
v 0.05433261 0.10015181 -0.46709701
v 0.05935980 0.09763115 -0.46704888
v 0.05983322 0.10314652 -0.46610498
v 0.07852579 0.07158828 -0.46838456
v 0.07112244 0.07043880 -0.46979517
v 0.07112426 0.07296959 -0.46932572
v 0.09972081 0.07159166 -0.46495426
v 0.09239684 0.08623728 -0.46509916
v 0.10493649 0.08200094 -0.46296653
v 0.10994136 0.07159175 -0.46286386
v 0.09828615 0.12581952 -0.45921564
v 0.08220749 0.09693094 -0.46561852
v 0.08164859 0.10394008 -0.46449751
v 0.08951142 0.10015650 -0.46391642
v 0.10056851 0.12706316 -0.45859084
v 0.10799149 0.10015582 -0.45996660
v 0.12050784 0.09368265 -0.45908380
v 0.12278979 0.10889806 -0.45453581
v 0.12831341 0.06554493 -0.45993066
v 0.12831825 0.07816881 -0.45886448
v 0.15106575 0.06866723 -0.45481372
v 0.15690786 0.06442443 -0.45414892
v 0.17554294 0.06228349 -0.44841489
v 0.15033172 0.07487397 -0.45444661
v 0.15691243 0.07158723 -0.45290321
v 0.15691873 0.08883630 -0.44911164
v 0.13480197 0.09233803 -0.45639479
v 0.13266122 0.11010772 -0.45210809
v 0.15492639 0.10014994 -0.44744739
v 0.15839414 0.10014926 -0.44639361
v 0.18550152 0.05855116 -0.44591773
v 0.18790081 0.05850863 -0.44463223
v -0.12900998 0.11651871 -0.45195186
v -0.11834003 0.12330821 -0.45266974
v -0.12900431 0.12864424 -0.44868034
v -0.11362287 0.13633734 -0.45029920
v -0.10367716 0.14618200 -0.45018655
v -0.07517467 0.12865475 -0.45963475
v -0.10043822 0.12127648 -0.45754880
v -0.10043151 0.13830221 -0.45296130
v -0.07185641 0.12865613 -0.46008468
v -0.07318959 0.13132080 -0.45930526
v -0.07035790 0.13165125 -0.45946664
v -0.06701882 0.12865868 -0.46038550
v -0.09652583 0.14684011 -0.45149189
v -0.07499053 0.15722731 -0.44993314
v -0.06838790 0.15723005 -0.45058191
v -0.04902270 0.14870846 -0.45516044
v -0.04569640 0.16908044 -0.44850504
v -0.02133397 0.12868321 -0.46124482
v -0.04326361 0.12376016 -0.46240699
v -0.04326179 0.13523856 -0.45908254
v -0.01466025 0.12868696 -0.46119922
v -0.01693178 0.13322563 -0.46017265
v -0.01242046 0.13315716 -0.46013230
v -0.00758268 0.12869111 -0.46142864
v -0.03722858 0.14897922 -0.45568079
v -0.04065352 0.16892304 -0.44881913
v -0.01999810 0.15724581 -0.45429671
v -0.00935535 0.15724991 -0.45416075
v 0.00730669 0.14961484 -0.45685583
v 0.01027311 0.16784796 -0.45094821
v 0.03458810 0.12870917 -0.46180716
v 0.01393927 0.12410218 -0.46294853
v 0.01394499 0.13432381 -0.46089768
v 0.04254127 0.12871186 -0.46172211
v 0.03980183 0.13418770 -0.46056464
v 0.04501465 0.13364871 -0.46028787
v 0.05036396 0.12871327 -0.46172184
v 0.02091633 0.14993489 -0.45746750
v 0.01791294 0.16760528 -0.45143205
v 0.03729147 0.15727130 -0.45406657
v 0.04741652 0.15727407 -0.45322406
v 0.06534720 0.14878879 -0.45509529
v 0.07032286 0.17072070 -0.44517931
v 0.09766455 0.12872075 -0.45880103
v 0.07113897 0.12382343 -0.46228760
v 0.07114233 0.13512345 -0.45926034
v 0.09973890 0.12872097 -0.45857593
v 0.09916976 0.12985787 -0.45833203
v 0.10017676 0.12959541 -0.45819971
v 0.10076845 0.12872082 -0.45827627
v 0.10916766 0.13342836 -0.45304701
v 0.07678790 0.14863420 -0.45477232
v 0.07197296 0.17075664 -0.44510689
v 0.09807032 0.15728600 -0.44682243
v 0.10106053 0.15728647 -0.44609460
v 0.12833497 0.11839329 -0.45138150
v 0.13724808 0.11888391 -0.44790947
v 0.15692469 0.10428591 -0.44552475
v 0.15693195 0.12871723 -0.43526658
v 0.33737960 0.24742085 0.46049094
v 0.34426576 0.25087741 0.47620365
v 0.33460039 0.24271721 0.45248508
v 0.33992237 0.23674804 0.46177554
v 0.33517012 0.22833446 0.44862312
v 0.32797796 0.24271649 0.44057611
v 0.35243878 0.24272862 0.49657848
v 0.34684020 0.23329580 0.47494268
v 0.35313123 0.24272990 0.49862200
v 0.35415903 0.23798303 0.49862623
v 0.34634542 0.22334355 0.47010320
v 0.35111353 0.22302493 0.48094273
v 0.33822846 0.21415842 0.44961613
v 0.33403623 0.21415579 0.44155142
v 0.33684072 0.20331967 0.44697756
v 0.34846982 0.20392016 0.47011203
v 0.36102134 0.21417686 0.49864075
v 0.36178640 0.19609901 0.49864143
v 0.35221192 0.20421520 0.47875535
v 0.29942697 0.25599489 0.41487160
v 0.32234526 0.24271525 0.43003383
v 0.32544279 0.19067089 0.42983133
v 0.32420775 0.21415713 0.42053655
v 0.32419923 0.23515457 0.43101376
v -0.07185400 0.16532442 -0.44770381
v -0.04905608 0.17441541 -0.44652537
v -0.07185260 0.18579566 -0.43951994
v -0.04325410 0.17332640 -0.44723517
v -0.03662792 0.17482977 -0.44692206
v -0.01464024 0.17003405 -0.44998693
v 0.00467891 0.17617810 -0.44820634
v -0.01463352 0.18581226 -0.44347394
v 0.01397317 0.17428379 -0.44904315
v 0.02273017 0.17591593 -0.44791871
v 0.04256810 0.16879767 -0.44928986
v 0.06898902 0.17264949 -0.44458401
v 0.04257984 0.18583395 -0.44138139
v 0.07116660 0.17208228 -0.44453359
v 0.07247164 0.17221485 -0.44414446
v 0.09974770 0.16002701 -0.44484037
v -0.21253508 0.25597173 0.46907929
v -0.21288796 0.24269894 0.44243199
v -0.21300480 0.25620586 0.47085845
v -0.21455707 0.25521195 0.47361118
v -0.21455604 0.25353914 0.47008601
v -0.21454546 0.24127410 0.44444832
v -0.21357609 0.24076223 0.44160721
v -0.21162376 0.24269922 0.44015279
v -0.22647762 0.23437183 0.46414733
v -0.23003598 0.24269304 0.49087983
v -0.23024794 0.23625273 0.47791675
v -0.23677063 0.22993854 0.49072093
v -0.23263764 0.24269539 0.49858654
v -0.23806146 0.23251164 0.49859756
v -0.22738394 0.21559508 0.44452414
v -0.23716953 0.21711652 0.47010598
v -0.22685558 0.21413061 0.44160402
v -0.21159518 0.22544453 0.41903150
v -0.22787531 0.21315743 0.44354498
v -0.22751190 0.21145672 0.44160503
v -0.22467262 0.20994475 0.43326586
v -0.24020204 0.21413308 0.47597653
v -0.23900829 0.21206754 0.47010934
v -0.24313912 0.19716644 0.47858596
v -0.24657118 0.21413366 0.49861744
v -0.24634314 0.19197071 0.48757726
v -0.24629357 0.19185621 0.49862355
v 0.36208504 0.18562099 0.49587855
v 0.36318430 0.18562147 0.49864385
v 0.34569281 0.19445944 0.46469319
v 0.35050976 0.19687045 0.47312921
v 0.35654175 0.19148225 0.48692244
v 0.33885759 0.18560207 0.45041203
v 0.34673989 0.17622739 0.46522349
v 0.33568752 0.17018825 0.44815320
v 0.32797855 0.18559961 0.43432841
v 0.35123110 0.17398509 0.47277695
v 0.35654145 0.17919447 0.48581588
v 0.36252612 0.17366439 0.49864990
v 0.34872872 0.16742189 0.47012523
v 0.35287315 0.16766383 0.47744837
v 0.33682567 0.15704592 0.45245725
v 0.32921505 0.15704167 0.44158840
v 0.33218214 0.13687783 0.45168567
v 0.34644201 0.14782313 0.47014028
v 0.36278582 0.15705428 0.49865723
v 0.36043519 0.13625577 0.49866834
v 0.35176903 0.14754668 0.47967541
v 0.32458910 0.18559822 0.42899400
v 0.32112494 0.14221190 0.43419248
v 0.32054055 0.15703923 0.42793283
v 0.32450062 0.17863929 0.43078077
v -0.24000226 0.18712740 0.45743287
v -0.23890212 0.18555954 0.45375958
v -0.23214850 0.18555292 0.43284643
v -0.24313787 0.18556143 0.47058296
v -0.23989838 0.18394122 0.45748526
v -0.23613852 0.17155150 0.44888657
v -0.24313948 0.17389062 0.47856140
v -0.24647790 0.18723233 0.48271686
v -0.24680156 0.18556359 0.48621047
v -0.24636409 0.18394969 0.48277578
v -0.24553908 0.18076271 0.48677471
v -0.24673682 0.18556282 0.49862576
v -0.24550129 0.18085332 0.49862278
v -0.23891273 0.15910253 0.47012869
v -0.23505259 0.15698344 0.45398587
v -0.23324713 0.15697926 0.44162065
v -0.23155491 0.15158580 0.44431207
v -0.23135726 0.15198337 0.43912870
v -0.23158701 0.15697712 0.43618077
v -0.23206535 0.16338946 0.43842000
v -0.15833382 -0.22902246 -0.38741237
v -0.12920871 -0.24369529 -0.38677293
v -0.13550577 -0.22679123 -0.40692481
v -0.15695265 -0.22932215 -0.38801211
v -0.12992840 -0.24275321 -0.38774347
v -0.12074177 -0.23110217 -0.40906754
v -0.10867521 -0.23029235 -0.41489527
v -0.12793674 -0.24275252 -0.38884458
v -0.11047383 -0.23831266 -0.40600234
v -0.05916116 -0.24556793 -0.41626447
v -0.06106303 -0.24936286 -0.41152787
v -0.07205367 -0.27130097 -0.38190442
v -0.07204963 -0.26123759 -0.39551279
v -0.06032404 -0.26543695 -0.39467305
v -0.10060793 -0.22060874 -0.42777109
v -0.10059450 -0.20020543 -0.44353542
v -0.08197762 -0.21915381 -0.43417996
v -0.07494180 -0.24273898 -0.41485673
v -0.08837137 -0.23865345 -0.41486990
v -0.08341362 -0.23692554 -0.41778275
v -0.08532824 -0.24074817 -0.41386718
v -0.08759550 -0.24147569 -0.41232783
v -0.08492468 -0.24274237 -0.41205657
v -0.05977967 -0.24273442 -0.41892800
v -0.05522225 -0.24777348 -0.41484135
v -0.05609119 -0.24438249 -0.41814843
v -0.05330741 -0.23830448 -0.42372012
v -0.07202439 -0.22277436 -0.43349230
v -0.03353401 -0.25144309 -0.41482449
v -0.04346825 -0.26421559 -0.40066341
v -0.03218486 -0.24573883 -0.42087021
v -0.02607933 -0.24888983 -0.41791058
v -0.00426261 -0.25004202 -0.41847548
v -0.01839484 -0.26426283 -0.40401515
v -0.01194644 -0.26538658 -0.40344465
v -0.01840648 -0.26951531 -0.39874393
v -0.01489174 -0.27126989 -0.39707032
v -0.01489102 -0.26925880 -0.39949310
v -0.01206888 -0.26985797 -0.39908543
v -0.03601409 -0.23587604 -0.42856213
v -0.05665207 -0.22185382 -0.43686891
v -0.04344313 -0.22500555 -0.43656352
v -0.04343491 -0.21314672 -0.44348180
v -0.03331446 -0.22338641 -0.43839169
v -0.02468068 -0.24271870 -0.42379627
v -0.00579041 -0.24270761 -0.42523026
v 0.00487760 -0.25362927 -0.41478926
v 0.00291747 -0.24620225 -0.42181388
v 0.00647025 -0.23565343 -0.42891181
v -0.01486047 -0.22771037 -0.43592602
v 0.02273921 -0.25317577 -0.41477507
v 0.01369395 -0.26546577 -0.40318465
v 0.02465835 -0.24601451 -0.42145449
v 0.03136078 -0.24941082 -0.41814283
v 0.05390672 -0.24800174 -0.41742295
v 0.03801879 -0.26271945 -0.40472114
v 0.04746894 -0.26086271 -0.40563792
v 0.03816528 -0.26918110 -0.39839575
v 0.04227772 -0.27123335 -0.39613223
v 0.04227899 -0.26841229 -0.39903820
v 0.04736596 -0.26868761 -0.39790168
v 0.02118784 -0.23587598 -0.42843056
v 0.00244677 -0.22278565 -0.43778199
v 0.01372255 -0.22468333 -0.43594408
v 0.01373869 -0.20723520 -0.44342303
v 0.02888636 -0.22081979 -0.43580878
v 0.03224938 -0.24267524 -0.42328459
v 0.05315246 -0.24265920 -0.42161846
v 0.06017717 -0.24984738 -0.41474169
v 0.05883680 -0.24490675 -0.41925412
v 0.06042970 -0.23881416 -0.42242992
v 0.08071518 -0.24263766 -0.41471955
v 0.04230387 -0.22242561 -0.43324515
v 0.07086179 -0.26363784 -0.39956191
v 0.08602101 -0.26449403 -0.39370525
v 0.09943849 -0.27119258 -0.38309157
v 0.09944490 -0.25892907 -0.39427137
v 0.05155951 -0.21871430 -0.43369439
v 0.07089569 -0.22142094 -0.42944163
v 0.08430763 -0.24091439 -0.41471618
v 0.08585297 -0.24126568 -0.41402936
v 0.08423013 -0.24357109 -0.41284156
v 0.08472537 -0.24219279 -0.41383040
v 0.08597060 -0.24263385 -0.41310623
v 0.10937905 -0.23385173 -0.41031128
v 0.12664573 -0.21689697 -0.41469088
v 0.10883904 -0.24261615 -0.40486467
v 0.11901906 -0.23734888 -0.40416220
v 0.12807804 -0.21450901 -0.41563126
v 0.12875865 -0.21540228 -0.41469038
v 0.15582119 -0.21565554 -0.40120739
v 0.13427739 -0.23454705 -0.39856911
v 0.15715262 -0.21504676 -0.40090296
v -0.23889476 0.15698928 0.47860330
v -0.23717570 0.15400642 0.47012824
v -0.24053267 0.15698934 0.49861240
v -0.23505181 0.14460319 0.49244457
v -0.23544198 0.14382277 0.49861258
v -0.21778291 -0.17420577 -0.39209640
v -0.17444816 -0.19040605 -0.41734976
v -0.17771590 -0.19692346 -0.40931022
v -0.16131678 -0.22672226 -0.38809729
v -0.18637647 -0.21420330 -0.38011423
v -0.18636800 -0.20440635 -0.39575595
v -0.17829689 -0.21016899 -0.39661524
v -0.18214566 -0.18563749 -0.41496903
v -0.19611649 -0.17660278 -0.41045693
v -0.20895961 -0.17732611 -0.39833826
v -0.19514537 -0.18563978 -0.40397167
v -0.17476693 -0.18563756 -0.42038688
v -0.16432697 -0.20110840 -0.41494876
v -0.16851811 -0.18917625 -0.42204675
v -0.16352232 -0.17712417 -0.43202162
v -0.18559332 -0.15853716 -0.42854932
v -0.15099831 -0.21419770 -0.41153932
v -0.15481985 -0.20828152 -0.41494152
v -0.15779150 -0.22558527 -0.39213344
v -0.15778384 -0.21164726 -0.40982848
v -0.15085055 -0.19301003 -0.42971599
v -0.12919049 -0.21419215 -0.42265916
v -0.13204585 -0.20847923 -0.42637011
v -0.12709463 -0.21001229 -0.42713603
v -0.12202384 -0.21418984 -0.42563644
v -0.10165840 -0.20043829 -0.44300321
v -0.15527782 -0.17383142 -0.43862039
v -0.15774539 -0.16948840 -0.43981224
v -0.15773448 -0.15703496 -0.44357204
v -0.15359704 -0.16929075 -0.44149205
v -0.12980600 -0.18563341 -0.44228035
v -0.12872915 -0.18563318 -0.44266748
v -0.10551241 -0.19745016 -0.44353837
v -0.12716022 -0.18462878 -0.44355118
v -0.12917010 -0.18459415 -0.44303122
v 0.06108201 -0.20470844 -0.43845361
v 0.06922181 -0.19810994 -0.43998638
v 0.05489819 -0.19180524 -0.44338584
v 0.07090563 -0.20252790 -0.43788177
v 0.09745159 -0.21405752 -0.42798716
v 0.07091615 -0.18746185 -0.44336849
v 0.07286467 -0.19783896 -0.43944439
v 0.09949353 -0.21405604 -0.42737782
v 0.09879445 -0.21265760 -0.42830741
v 0.10039691 -0.21225345 -0.42810434
v 0.11524560 -0.21404678 -0.42111725
v 0.08996974 -0.18072619 -0.44334745
v 0.09816211 -0.18549098 -0.44062325
v 0.10123660 -0.18548906 -0.43988734
v 0.12171239 -0.19337089 -0.43051422
v 0.12548989 -0.17381193 -0.43805969
v 0.09951814 -0.18194745 -0.44156015
v 0.12807991 -0.21313156 -0.41650730
v 0.12938847 -0.21403813 -0.41534585
v 0.13713908 -0.19071433 -0.42521179
v 0.15664117 -0.21402000 -0.40196136
v 0.14655367 -0.19378996 -0.41886696
v 0.16112603 -0.20506969 -0.40486965
v 0.15815656 -0.21401906 -0.40114757
v 0.15663356 -0.21924031 -0.39777648
v 0.15954769 -0.21547295 -0.39893231
v 0.13274080 -0.17580676 -0.43405038
v 0.12271759 -0.16848937 -0.44062027
v 0.12811840 -0.16912439 -0.43919173
v 0.12812461 -0.15839194 -0.44332123
v 0.14064540 -0.16491906 -0.43704659
v 0.16420493 -0.18544744 -0.41469586
v 0.14693910 -0.18545704 -0.42379016
v 0.16618161 -0.17586589 -0.41949481
v 0.16968261 -0.18288293 -0.41341308
v 0.17651132 -0.17436546 -0.41469759
v 0.16956800 -0.18544433 -0.41190803
v 0.17516677 -0.18965633 -0.40625638
v 0.17278445 -0.18362078 -0.41104543
v 0.15670419 -0.16324024 -0.43218645
v 0.18521306 -0.20296429 -0.39258254
v 0.19105934 -0.20264502 -0.38901713
v 0.16210714 -0.15958412 -0.43170899
v 0.18527105 -0.15911457 -0.41918039
v 0.18857247 -0.16349356 -0.41470051
v 0.21227844 -0.15996307 -0.40194637
v 0.18969753 -0.19524589 -0.39505589
v 0.19332778 -0.17924474 -0.40229285
v 0.21471281 -0.15863667 -0.40128252
v -0.22417280 -0.16673258 -0.39101768
v -0.24349602 -0.15707204 -0.37856656
v -0.24347514 -0.13864855 -0.39147240
v -0.23187214 -0.15126802 -0.39488143
v -0.24607538 -0.10522926 -0.40335777
v -0.24699321 -0.12851238 -0.39346787
v -0.22402690 -0.12850878 -0.41499478
v -0.23442446 -0.11798367 -0.40973389
v -0.22630797 -0.12279279 -0.41499788
v -0.23328108 -0.12850961 -0.40677497
v -0.22728996 -0.13039359 -0.41122100
v -0.22790375 -0.12724146 -0.41245881
v -0.20871186 -0.15707412 -0.41188610
v -0.21086174 -0.14899333 -0.41498986
v -0.21492028 -0.16356620 -0.40198696
v -0.21491122 -0.15401106 -0.40885401
v -0.20626828 -0.13418476 -0.42634678
v -0.18632115 -0.15708019 -0.42889696
v -0.18659166 -0.15653871 -0.42900890
v -0.18617451 -0.15678778 -0.42913353
v -0.18598193 -0.15708020 -0.42911011
v -0.18420342 -0.15602274 -0.43033856
v -0.20742381 -0.12167127 -0.42868459
v -0.21485499 -0.10632032 -0.42776904
v -0.19958583 -0.10659298 -0.43595210
v -0.18975183 -0.12851404 -0.43667367
v -0.18421458 -0.12851448 -0.43941659
v -0.17004633 -0.13663796 -0.44358051
v -0.17755198 -0.12414552 -0.44358683
v -0.18629201 -0.12132911 -0.43999049
v 0.16584441 -0.15232107 -0.43357569
v 0.18058826 -0.13789500 -0.43387234
v 0.18404122 -0.11532949 -0.44072926
v 0.16284154 -0.13138406 -0.44330633
v 0.17318606 -0.12011081 -0.44330323
v 0.18527846 -0.15299118 -0.42248884
v 0.19064103 -0.15687642 -0.41738918
v 0.19269030 -0.13520911 -0.42849720
v 0.21383022 -0.15686718 -0.40283769
v 0.20479918 -0.13876109 -0.41992652
v 0.21869029 -0.14717592 -0.40524900
v 0.21589753 -0.15686673 -0.40143174
v 0.21381140 -0.17451650 -0.39155993
v 0.21840554 -0.15915343 -0.39810431
v 0.18785414 -0.11657482 -0.43823069
v 0.18273358 -0.11274954 -0.44200215
v 0.18532878 -0.11286373 -0.44093251
v 0.18534541 -0.10215548 -0.44330096
v 0.20548823 -0.10397010 -0.43321493
v 0.22131136 -0.12831163 -0.41469461
v 0.20471717 -0.12831575 -0.42496282
v 0.21708718 -0.10610746 -0.42581505
v 0.22636297 -0.12471823 -0.41289583
v 0.22632116 -0.12831019 -0.41102698
v 0.23542547 -0.13558613 -0.40011260
v 0.23144570 -0.12502177 -0.40811470
v 0.21391936 -0.10112727 -0.42968342
v 0.24241436 -0.14439906 -0.38973975
v 0.24518295 -0.14396344 -0.38748169
v 0.21482782 -0.10020886 -0.42945096
v 0.24430569 -0.14069402 -0.38987485
v 0.24739870 -0.11896805 -0.39600593
v -0.24802223 -0.09994312 -0.40301526
v -0.24342279 -0.09994400 -0.40734947
v -0.23322588 -0.07961115 -0.41915011
v -0.22665757 -0.09994410 -0.42092055
v -0.24748844 -0.09179629 -0.40479693
v -0.25379851 -0.10512581 -0.39552492
v -0.25917816 -0.09206365 -0.39283371
v -0.23905623 -0.07137638 -0.41503283
v -0.24955821 -0.05517638 -0.40693963
v -0.25201303 -0.07137672 -0.40370005
v -0.23204255 -0.07137643 -0.42092556
v -0.22347678 -0.07700506 -0.42629522
v -0.22290424 -0.06518702 -0.42742199
v -0.23394957 -0.06165599 -0.41990471
v -0.21484059 -0.09235868 -0.43019110
v -0.20198318 -0.09208423 -0.43716890
v -0.21031445 -0.08114612 -0.43458021
v -0.19373637 -0.07511419 -0.44361556
v -0.21077214 -0.06111782 -0.43556222
v -0.19465087 -0.06716272 -0.44362232
v -0.21479282 -0.05226066 -0.43397331
v -0.20593594 -0.05266069 -0.43920460
v 0.19602415 -0.08016369 -0.44330567
v 0.21392894 -0.09545994 -0.43114996
v 0.21967994 -0.09975471 -0.42611599
v 0.21510570 -0.09916423 -0.42958963
v 0.23848476 -0.09975181 -0.41269988
v 0.20187747 -0.06515765 -0.44331205
v 0.21143076 -0.07120141 -0.43822405
v 0.21859211 -0.07120155 -0.43406081
v 0.23891541 -0.09258207 -0.41470766
v 0.23307596 -0.07602515 -0.42437762
v 0.23397630 -0.06549448 -0.42615265
v 0.24485676 -0.07120347 -0.41471919
v 0.21398491 -0.06057280 -0.43799371
v 0.24248184 -0.10336308 -0.40746880
v 0.24249338 -0.09727688 -0.40975204
v 0.25413162 -0.10819873 -0.39194453
v 0.25755748 -0.09300068 -0.39365131
v 0.27104580 -0.09975053 -0.37717730
v 0.22398449 -0.04763570 -0.43402374
v 0.24258249 -0.04615295 -0.42174315
v 0.24833173 -0.05417566 -0.41472936
v 0.25237617 -0.07563651 -0.40583915
v 0.25322384 -0.06760281 -0.40751255
v -0.25166503 -0.04280389 -0.40491340
v -0.24335766 -0.04280411 -0.41288555
v -0.23516108 -0.02645203 -0.42118323
v -0.23104909 -0.04280508 -0.42319244
v -0.24975511 -0.02999432 -0.40718299
v -0.26510778 -0.05366831 -0.38986927
v -0.26488900 -0.03203427 -0.38998735
v -0.24195646 -0.01423912 -0.41508377
v -0.25029776 0.00037593 -0.40778387
v -0.25246051 -0.01423736 -0.40475503
v -0.23287675 -0.01423865 -0.42275804
v -0.22153705 -0.02174652 -0.43011034
v -0.22225641 -0.00745608 -0.42866224
v -0.23487860 -0.00255089 -0.42094445
v -0.21477410 -0.03333958 -0.43400487
v -0.20592795 -0.03293973 -0.43923074
v -0.21120170 -0.02495490 -0.43653166
v -0.19509347 -0.01868520 -0.44367415
v -0.21060908 -0.00408730 -0.43540153
v -0.19388145 -0.01038263 -0.44368300
v -0.21474227 0.00537403 -0.43303639
v -0.20413060 0.00535710 -0.43838602
v 0.20432127 -0.01894102 -0.44334835
v 0.21402976 -0.02292673 -0.43891990
v 0.22367907 -0.03781911 -0.43386930
v 0.20452577 -0.00933471 -0.44335890
v 0.21227907 -0.01408890 -0.43982729
v 0.21756387 -0.01409053 -0.43630791
v 0.23421820 -0.01997817 -0.42653400
v 0.23361528 -0.00882861 -0.42531031
v 0.24733809 -0.01410587 -0.41475862
v 0.24249995 0.01413856 -0.41479644
v 0.21405168 -0.00368726 -0.43815795
v 0.24259213 -0.03928254 -0.42148831
v 0.24777830 -0.04265621 -0.41733176
v 0.25636742 -0.04265969 -0.40783906
v 0.24927454 -0.02933820 -0.41474563
v 0.26552945 -0.04547065 -0.39762598
v 0.26581553 -0.03999221 -0.39776757
v 0.27115276 -0.04266301 -0.39122039
v 0.27118427 -0.02653712 -0.39237931
v 0.22121723 0.01089971 -0.43265921
v 0.25410283 -0.01691948 -0.40912670
v 0.25391197 -0.01109681 -0.40873203
v 0.26521280 -0.01411320 -0.39816549
v 0.27355462 -0.01411718 -0.39087015
v -0.27314955 0.02797049 -0.38717428
v -0.27252415 0.02926316 -0.38784546
v -0.27195787 0.05707067 -0.38677365
v -0.25259846 0.01432496 -0.40546596
v -0.27187127 0.02765714 -0.38844153
v -0.24330822 0.01432621 -0.41353810
v -0.23443645 0.03204855 -0.42055380
v -0.23082994 0.01433004 -0.42316180
v -0.25038052 0.02848745 -0.40791938
v -0.26892808 0.00152848 -0.38798615
v -0.24125701 0.04289636 -0.41513774
v -0.24916553 0.05971328 -0.40673852
v -0.27005234 0.03042655 -0.39017504
v -0.27153563 0.05685998 -0.38719550
v -0.25269085 0.04289515 -0.40536395
v -0.23211804 0.04289759 -0.42136350
v -0.22320947 0.03710110 -0.42673606
v -0.22398505 0.04792084 -0.42518055
v -0.23356716 0.05202982 -0.41970903
v -0.21473199 0.02276380 -0.43198812
v -0.20306030 0.02278672 -0.43786961
v -0.20970407 0.03364168 -0.43366200
v -0.18615799 0.04157247 -0.44305086
v -0.20891646 0.05139073 -0.43210918
v -0.21471694 0.06494645 -0.42821583
v -0.19850743 0.06529980 -0.43561921
v -0.18668935 0.04291352 -0.44265804
v -0.18579163 0.04291390 -0.44299021
v -0.18418871 0.04192935 -0.44372255
v -0.18373652 0.04412451 -0.44372329
v -0.18615715 0.04488589 -0.44273663
v 0.19867504 0.03533844 -0.44341069
v 0.21407828 0.02733889 -0.43554181
v 0.24209936 0.01446246 -0.41507822
v 0.22053184 0.01769874 -0.43232083
v 0.24252242 0.01446228 -0.41472688
v 0.19177103 0.05417942 -0.44342873
v 0.18550611 0.06709287 -0.44343907
v 0.19645935 0.06278335 -0.43796235
v 0.21006627 0.04303481 -0.43537092
v 0.21195088 0.06729775 -0.42699856
v 0.22317706 0.04303444 -0.42524686
v 0.24226378 0.01525982 -0.41479781
v 0.23080829 0.04061214 -0.41967449
v 0.23048435 0.04512761 -0.41902712
v 0.23641278 0.04302995 -0.41483292
v 0.22040403 0.05899790 -0.42283720
v 0.23313276 0.05250570 -0.41484466
v 0.24266222 0.01437597 -0.41462412
v 0.24266240 0.01456818 -0.41458488
v 0.26426414 0.01095635 -0.39700010
v 0.27122158 -0.00342962 -0.39153096
v 0.26311976 0.01850842 -0.39643416
v 0.27124727 0.01443915 -0.38874775
v 0.25125715 0.03730512 -0.40338689
v 0.24967183 0.05032751 -0.40021902
v -0.27205738 0.05727914 -0.38666487
v -0.25032651 0.07146891 -0.40438667
v -0.27185199 0.05732642 -0.38686222
v -0.24328473 0.07147238 -0.40956089
v -0.22677365 0.07147613 -0.42118502
v -0.24713379 0.07917643 -0.40471768
v -0.23219107 0.09366655 -0.41196078
v -0.26296234 0.08130755 -0.39101881
v -0.24823242 0.10005115 -0.39649808
v -0.22689357 0.09585617 -0.41515684
v -0.22520787 0.10006113 -0.41515732
v -0.23137391 0.10006019 -0.41039437
v -0.22809990 0.09916741 -0.41336888
v -0.22783586 0.10121915 -0.41284254
v -0.21471612 0.07715228 -0.42650124
v -0.19681671 0.07681598 -0.43477854
v -0.20651831 0.09396353 -0.42734426
v -0.18615171 0.08864141 -0.43802679
v -0.20562339 0.10525800 -0.42555711
v -0.19111489 0.10005675 -0.43379927
v -0.21302685 0.12529428 -0.41515464
v -0.18693796 0.12703399 -0.42863029
v -0.18296015 0.10005629 -0.43735453
v -0.15758234 0.11434559 -0.44373012
v -0.18569067 0.12775071 -0.42898837
v -0.16949555 0.09172670 -0.44373804
v -0.15758029 0.11432754 -0.44373426
v -0.15757866 0.11434605 -0.44373104
v -0.15757026 0.11434265 -0.44373426
v -0.15758027 0.11435001 -0.44372952
v -0.15757367 0.11435094 -0.44373095
v 0.18057747 0.08340417 -0.44098079
v 0.12833883 0.13828084 -0.44345832
v 0.18292083 0.08846354 -0.43826234
v 0.18006682 0.10898142 -0.43254644
v 0.16807377 0.09458126 -0.44345334
v 0.16226697 0.10281757 -0.44345525
v 0.18551508 0.08353268 -0.43876761
v 0.21006897 0.07159518 -0.42713675
v 0.19157237 0.09192098 -0.43135065
v 0.21410428 0.07159630 -0.42380241
v 0.20865607 0.08248484 -0.42371196
v 0.22359461 0.09054811 -0.41007358
v 0.23210637 0.07159360 -0.40957385
v 0.19512227 0.10484472 -0.42426717
v 0.16462377 0.12487499 -0.43301231
v 0.18552297 0.12635790 -0.41960323
v 0.21194893 0.10015497 -0.41488555
v 0.20292112 0.10015435 -0.42108658
v 0.20308489 0.10668347 -0.41815037
v 0.21480727 0.12732822 -0.40131208
v 0.22404540 0.10015530 -0.40617317
v 0.23730689 0.09126185 -0.39709696
v 0.24269442 0.06513946 -0.40195149
v 0.24270183 0.08096574 -0.39611119
v 0.25409159 0.06298950 -0.39196929
v 0.24905047 0.08269376 -0.38947237
v 0.24508743 0.08824653 -0.39107031
v -0.24326622 0.11562949 -0.39436597
v -0.23557578 0.12479457 -0.39702448
v -0.24325497 0.12863126 -0.38945627
v -0.23270811 0.13391280 -0.39559078
v -0.22068295 0.14893246 -0.39858305
v -0.21686560 0.16932166 -0.39093393
v -0.21284615 0.12864414 -0.41422701
v -0.21469951 0.12762780 -0.41312155
v -0.21469775 0.13019519 -0.41205093
v -0.18613455 0.12864028 -0.42857033
v -0.18496197 0.13098384 -0.42825961
v -0.18512714 0.12864037 -0.42892849
v -0.19907022 0.15455155 -0.41381469
v -0.19388415 0.15721980 -0.41514412
v -0.19343019 0.17116746 -0.40815926
v -0.20258956 0.15503100 -0.41077310
v -0.20641674 0.16323248 -0.40311611
v -0.19903722 0.15721954 -0.41241634
v -0.17601046 0.15722048 -0.42348742
v -0.16341379 0.14878808 -0.43200022
v -0.16643125 0.16262656 -0.42593807
v -0.17657293 0.16670242 -0.41986817
v -0.15756664 0.13976814 -0.43739316
v -0.14944595 0.13887003 -0.43965477
v -0.15346764 0.14702785 -0.43551832
v -0.12899482 0.15221199 -0.44119078
v -0.15059170 0.16454671 -0.42976743
v -0.15754722 0.18532823 -0.41603553
v -0.13152158 0.15722236 -0.43863282
v -0.13142246 0.18092120 -0.42694587
v -0.12699741 0.15722230 -0.43969601
v -0.10162158 0.17031452 -0.44127905
v -0.12706657 0.18195388 -0.42745921
v -0.11932168 0.15238431 -0.44369203
v -0.10042808 0.16512847 -0.44367290
v -0.09944372 0.17052437 -0.44169939
v -0.09249462 0.16754353 -0.44366559
v -0.10042697 0.17359057 -0.43949971
v -0.09426152 0.17459133 -0.44057822
v -0.04325163 0.18232572 -0.44361633
v 0.01397674 0.18559158 -0.44354934
v 0.12655266 0.14210773 -0.44256589
v 0.07116729 0.17367345 -0.44349265
v 0.08398823 0.17796917 -0.43707192
v 0.09908410 0.18448330 -0.42848152
v 0.12726802 0.14407235 -0.44131380
v 0.12276925 0.16599600 -0.43229708
v 0.10071628 0.18396397 -0.42822132
v 0.12787575 0.18488969 -0.41486368
v 0.11723731 0.14854780 -0.44346285
v 0.10450722 0.15966403 -0.44346595
v 0.09976241 0.17566274 -0.43426991
v 0.12834010 0.14220117 -0.44185984
v 0.13544181 0.13945290 -0.43990985
v 0.13035250 0.14501037 -0.43943620
v 0.16545916 0.14575097 -0.42064977
v 0.15693434 0.13473916 -0.43218040
v 0.16166842 0.13108355 -0.43153533
v 0.16968808 0.15419696 -0.41333655
v 0.13640559 0.16351831 -0.42733967
v 0.16405043 0.15728399 -0.41487801
v 0.14765111 0.15728444 -0.42487991
v 0.12930748 0.18396707 -0.41486380
v 0.14726210 0.16651209 -0.41948301
v 0.15625413 0.18448293 -0.40127119
v 0.17919973 0.14135613 -0.41488445
v 0.16956925 0.15728411 -0.41155419
v 0.17347392 0.15504307 -0.41040117
v 0.17926645 0.16531332 -0.39882714
v 0.18552312 0.13009281 -0.41764018
v 0.18858090 0.12871601 -0.41641608
v 0.18745348 0.13257396 -0.41488886
v 0.21411215 0.12871754 -0.40119296
v 0.21373920 0.12946272 -0.40099046
v 0.21431099 0.12911487 -0.40081683
v 0.21456629 0.12871739 -0.40084508
v 0.21796902 0.12678944 -0.39869127
v 0.21411206 0.13163222 -0.39916080
v 0.21501017 0.12916578 -0.40016964
v 0.19287276 0.15033937 -0.40100974
v 0.18742456 0.16966929 -0.39011967
v -0.21810268 0.17321046 -0.38828179
v -0.18959288 0.18579300 -0.40257138
v -0.21468610 0.17369772 -0.39096111
v -0.18611942 0.18579337 -0.40464264
v -0.15831597 0.18579669 -0.41548300
v -0.18759404 0.18874267 -0.40230694
v -0.18386620 0.19029933 -0.40308118
v -0.19217700 0.18882211 -0.39780429
v -0.18612394 0.19516975 -0.39613739
v -0.15801218 0.18672685 -0.41509777
v -0.16384989 0.20637934 -0.39910990
v -0.15754718 0.18608835 -0.41568142
v -0.15367740 0.18579637 -0.41703272
v -0.15665464 0.18758272 -0.41509631
v -0.12898652 0.18579513 -0.42468104
v -0.12255824 0.18579474 -0.42615789
v -0.13875587 0.20533796 -0.41055927
v -0.11665922 0.21046089 -0.41310081
v -0.14885166 0.20879272 -0.40392119
v -0.13725473 0.21437442 -0.40302673
v -0.11199546 0.20895068 -0.41505453
v -0.09635878 0.21436855 -0.41504282
v -0.11756022 0.21437261 -0.40934289
v -0.11333761 0.21300340 -0.41231820
v -0.11144722 0.21763104 -0.40853003
v -0.10042392 0.19264701 -0.42877316
v -0.08224070 0.19098817 -0.43454927
v -0.08766925 0.21283451 -0.41810760
v -0.07185110 0.19550455 -0.43419838
v -0.05557361 0.19392973 -0.43746218
v -0.08701243 0.21524377 -0.41679111
v -0.08473969 0.21436785 -0.41783020
v -0.08753263 0.21716197 -0.41503534
v -0.08507788 0.21648224 -0.41609174
v -0.08059660 0.22543854 -0.40948749
v -0.06118912 0.21437033 -0.42230499
v -0.05086795 0.20770034 -0.42837390
v -0.05450980 0.21740696 -0.42108840
v -0.06042365 0.22012281 -0.41789573
v -0.06706268 0.23340479 -0.40549016
v -0.05231933 0.22481376 -0.41500753
v -0.04324655 0.19703272 -0.43749505
v -0.03366950 0.19531041 -0.43881685
v -0.03727871 0.20604958 -0.43167466
v -0.01463372 0.20067111 -0.43671966
v 0.00438102 0.19531009 -0.43876392
v -0.03323945 0.21867469 -0.42359364
v -0.02275435 0.21438049 -0.42735457
v -0.03578273 0.22805467 -0.41499043
v -0.02415227 0.22394463 -0.41976881
v -0.00689658 0.21438491 -0.42810285
v 0.00837558 0.20570113 -0.43234718
v 0.00425026 0.21895783 -0.42410046
v -0.00546469 0.22465362 -0.42009729
v 0.00683232 0.22868481 -0.41493750
v 0.01397990 0.19713585 -0.43760288
v 0.02487828 0.19466850 -0.43808526
v 0.02138695 0.20750740 -0.42872810
v 0.04258133 0.19645990 -0.43453190
v 0.05452177 0.19180164 -0.43517110
v 0.02513836 0.21754485 -0.42122012
v 0.03191055 0.21440236 -0.42217088
v 0.02291909 0.22512315 -0.41491920
v 0.03093452 0.21969149 -0.41756272
v 0.03600981 0.22981456 -0.40718603
v 0.05562105 0.21441363 -0.41743380
v 0.05839934 0.21290754 -0.41790867
v 0.05761866 0.21514122 -0.41634539
v 0.06490080 0.21441737 -0.41488463
v 0.05601710 0.21616240 -0.41576689
v 0.05330076 0.22159702 -0.41129300
v 0.05789702 0.21642049 -0.41488928
v 0.07117909 0.19353016 -0.43027261
v 0.09754767 0.18585481 -0.42805666
v 0.08253612 0.20851974 -0.41486964
v 0.09977181 0.18585506 -0.42725274
v 0.08808424 0.20924035 -0.41227314
v 0.10889378 0.20405506 -0.40967157
v 0.12737957 0.18585970 -0.41437232
v 0.08367072 0.21260181 -0.41122127
v 0.08106416 0.21885270 -0.40599462
v 0.08900499 0.21442361 -0.40784776
v 0.10758220 0.21442533 -0.40183765
v 0.12046237 0.20805548 -0.40210617
v 0.12836170 0.18552925 -0.41420195
v 0.12836264 0.18654400 -0.41349432
v 0.15646806 0.18562151 -0.40034562
v 0.15694262 0.18530253 -0.40030506
v 0.16157795 0.18354127 -0.39827040
v 0.15595388 0.18635355 -0.40008777
v 0.15694287 0.18585889 -0.39987373
v 0.13427101 0.20603159 -0.39805311
v 0.18552490 0.17296438 -0.38911432
v 0.18779267 0.17269982 -0.38745552
v -0.12899679 0.22778727 -0.39317620
v -0.11264509 0.23477614 -0.39256760
v -0.12900202 0.24295999 -0.37814701
v -0.10042216 0.23433585 -0.39779186
v -0.07774130 0.23999956 -0.39776319
v -0.07183452 0.24018072 -0.39932647
v -0.06845540 0.24126248 -0.39901918
v -0.07183445 0.24295178 -0.39714500
v -0.05135264 0.25318885 -0.39044279
v -0.04374229 0.25774679 -0.38738164
v -0.01887094 0.24295768 -0.40277395
v -0.04323810 0.23842338 -0.40592319
v -0.04323932 0.25577751 -0.38931191
v -0.01463040 0.24295895 -0.40313950
v -0.01540303 0.24450327 -0.40142134
v -0.01385825 0.24450025 -0.40141773
v -0.01046810 0.24296010 -0.40272397
v -0.01463076 0.24750628 -0.39836892
v 0.00353316 0.25203380 -0.39154202
v -0.04272161 0.25776151 -0.38740957
v 0.01398167 0.23826560 -0.40550396
v 0.03684783 0.24010481 -0.39770985
v 0.04260616 0.23832440 -0.39825013
v 0.05240268 0.23809220 -0.39567715
v 0.04260511 0.24298042 -0.39347726
v 0.07121236 0.23300943 -0.39488611
v 0.08134358 0.23376259 -0.39132246
v 0.09980582 0.22674236 -0.39242512
v 0.09980968 0.24298836 -0.37590393
v 0.35913834 0.12848313 0.49738052
v 0.35959271 0.12848318 0.49867308
v 0.33708155 0.13303563 0.46042463
v 0.34769827 0.13834728 0.47456926
v 0.35654691 0.13171077 0.49222621
v 0.33191988 0.12848812 0.45392177
v 0.33403856 0.12546365 0.45890999
v 0.33022463 0.12401731 0.45365617
v 0.32799032 0.12848732 0.44805735
v 0.34402895 0.12047073 0.47641423
v 0.35654628 0.12642947 0.49457201
v 0.35820335 0.12517121 0.49867457
v 0.33401865 0.10294493 0.47017223
v 0.34643260 0.10410504 0.49035370
v 0.33021694 0.09992938 0.46572456
v 0.31856677 0.09992579 0.44163895
v 0.33200675 0.09791964 0.47017622
v 0.32799140 0.09276236 0.46660143
v 0.32799286 0.08065062 0.47981805
v 0.34922522 0.09992747 0.49869514
v 0.34513700 0.09704711 0.49294356
v 0.33138779 0.07815599 0.48785284
v 0.34556127 0.09331365 0.49870169
v 0.31790477 0.12848206 0.43238300
v 0.31758043 0.09220950 0.44549793
v 0.31640130 0.09457238 0.43897143
v 0.31646544 0.09992490 0.43616590
v 0.31791702 0.10831487 0.43743980
v 0.32710242 0.07314306 0.48535660
v -0.10235529 -0.27474016 -0.35768387
v -0.10289120 -0.28782517 -0.33359209
v -0.07205833 -0.30161923 -0.32995477
v -0.10063626 -0.27317864 -0.36143297
v -0.07776305 -0.27415451 -0.37481248
v -0.09802455 -0.27652529 -0.35768139
v -0.07591417 -0.27901095 -0.36809805
v -0.08011527 -0.28740177 -0.35143435
v -0.09730424 -0.28891927 -0.33577776
v -0.07366063 -0.29985705 -0.33227861
v -0.06607561 -0.28325093 -0.36596680
v -0.06183403 -0.29173061 -0.35358906
v -0.05357610 -0.29147679 -0.35764837
v -0.06923909 -0.29985568 -0.33471060
v -0.05412938 -0.29621720 -0.35037082
v -0.07205582 -0.27620322 -0.37440768
v -0.00099132 -0.30059826 -0.35799098
v -0.00128908 -0.30119371 -0.35691345
v -0.01488674 -0.31215733 -0.33519819
v 0.01123442 -0.31532010 -0.33023161
v -0.06027301 -0.27718031 -0.37783730
v -0.04347594 -0.28130019 -0.37769002
v -0.04347501 -0.27567667 -0.38622838
v -0.03376791 -0.28070831 -0.38136297
v -0.01009710 -0.29982516 -0.35760838
v -0.03059402 -0.29701999 -0.35762566
v -0.02751451 -0.29649982 -0.35929304
v -0.02831832 -0.29810768 -0.35675797
v -0.03036520 -0.29865777 -0.35526216
v -0.02749715 -0.29983613 -0.35425064
v -0.00140653 -0.29981932 -0.35921174
v -0.00009873 -0.30082318 -0.35760021
v -0.00013782 -0.30028185 -0.35852742
v 0.00243701 -0.29678035 -0.36367542
v -0.01489390 -0.28485131 -0.37870622
v 0.02705266 -0.30165315 -0.35757938
v 0.01369866 -0.31499726 -0.33081788
v 0.02712269 -0.30065593 -0.35929480
v 0.02861673 -0.30106965 -0.35821450
v 0.02908142 -0.30199704 -0.35647643
v 0.01585902 -0.31516549 -0.33007470
v 0.04228107 -0.31141233 -0.33478698
v 0.02312706 -0.29495180 -0.36728927
v 0.00808777 -0.28273308 -0.38337734
v 0.01368907 -0.28378889 -0.38269278
v 0.01368974 -0.28084752 -0.38617483
v 0.01859836 -0.28307229 -0.38371491
v 0.04338942 -0.29978865 -0.35756469
v 0.02933086 -0.29979765 -0.36027846
v 0.05536774 -0.29739574 -0.35874805
v 0.05595203 -0.29856288 -0.35694364
v 0.05742556 -0.29805306 -0.35755217
v 0.05521716 -0.29978094 -0.35486221
v 0.05734368 -0.29899827 -0.35598719
v 0.04227233 -0.28535879 -0.37892842
v 0.09942461 -0.30476648 -0.33144930
v 0.06137735 -0.28076667 -0.38139704
v 0.07085476 -0.28179085 -0.37871251
v 0.07085779 -0.27473861 -0.38613266
v 0.08547743 -0.27817887 -0.37880605
v 0.08237647 -0.29424465 -0.35753292
v 0.09110710 -0.28783655 -0.36349469
v 0.08772435 -0.29459241 -0.35494334
v 0.08260505 -0.29723236 -0.35246119
v 0.09180124 -0.29975620 -0.34419489
v 0.10459653 -0.28151414 -0.36664894
v 0.10867474 -0.28967485 -0.35248482
v 0.12310852 -0.28096178 -0.35751900
v 0.10395491 -0.29974550 -0.33800012
v 0.12156647 -0.29188329 -0.34179980
v 0.09943405 -0.27737281 -0.37490928
v 0.10663906 -0.27478680 -0.37541598
v 0.12800775 -0.27455276 -0.36428544
v 0.13123362 -0.27762294 -0.35751614
v 0.15489042 -0.27452916 -0.34490240
v 0.13249005 -0.28993550 -0.33791316
v 0.15782212 -0.27363360 -0.34445366
v -0.21646126 -0.22996086 -0.33213705
v -0.18640202 -0.24814823 -0.33185220
v -0.16378871 -0.26001143 -0.33212060
v -0.18955511 -0.21579084 -0.37364721
v -0.18871552 -0.21886829 -0.36971936
v -0.19373040 -0.22886306 -0.35079956
v -0.21269618 -0.23075502 -0.33372763
v -0.18991011 -0.24275343 -0.33617884
v -0.16142753 -0.23210883 -0.37906677
v -0.16380548 -0.24275500 -0.35773462
v -0.17942038 -0.22811371 -0.36508092
v -0.17442659 -0.23810066 -0.35541156
v -0.17034285 -0.23925392 -0.35773945
v -0.17763209 -0.24275425 -0.34667760
v -0.16698948 -0.24785900 -0.34750870
v -0.17056389 -0.24122375 -0.35467190
v -0.15919317 -0.22918151 -0.38633195
v -0.18637967 -0.21778819 -0.37385046
v -0.14770576 -0.25113165 -0.35772270
v -0.15781416 -0.26036122 -0.33580959
v -0.15779400 -0.22989260 -0.38633043
v -0.14739421 -0.24663594 -0.36549881
v -0.13041665 -0.24335639 -0.38630235
v -0.13842873 -0.25290251 -0.36279929
v -0.12304977 -0.25898612 -0.36583465
v -0.12920910 -0.24449962 -0.38542679
v -0.10603285 -0.27130556 -0.36038750
v -0.13147543 -0.26679435 -0.34566733
v -0.12817998 -0.26922381 -0.34444779
v -0.12043075 -0.27130198 -0.34779710
v -0.12220230 -0.27480763 -0.33989328
v -0.13503799 -0.26839620 -0.34050298
v -0.12922132 -0.27130035 -0.34054959
v -0.12922025 -0.26985705 -0.34268570
v -0.12780274 -0.27059290 -0.34269869
v -0.10077766 -0.25688553 -0.38598928
v -0.10550614 -0.25459495 -0.38628101
v -0.10063393 -0.25780588 -0.38472122
v -0.09967260 -0.25750926 -0.38579503
v -0.10063379 -0.25677314 -0.38627693
v -0.10054357 -0.25693902 -0.38609618
v -0.10034774 -0.25688624 -0.38627660
v 0.12335545 -0.25922269 -0.38376814
v 0.12737474 -0.25623757 -0.38480273
v 0.12553029 -0.25564146 -0.38610271
v 0.12802146 -0.25938502 -0.38110101
v 0.13752756 -0.27116334 -0.36227170
v 0.12802570 -0.25413969 -0.38610175
v 0.12900724 -0.25590217 -0.38413373
v 0.15658271 -0.27114987 -0.34854475
v 0.15071711 -0.25940734 -0.36592343
v 0.16585359 -0.25262815 -0.36253074
v 0.16103558 -0.27114666 -0.34543636
v 0.15657809 -0.27705568 -0.34025466
v 0.16278461 -0.27424645 -0.34010357
v 0.14918639 -0.23887867 -0.38609537
v 0.15380378 -0.24258389 -0.38049021
v 0.16219512 -0.24257779 -0.37490159
v 0.17522579 -0.25125688 -0.35749608
v 0.17410253 -0.24578542 -0.36393601
v 0.17719302 -0.23627062 -0.37010205
v 0.18785201 -0.24256122 -0.35749006
v 0.15660831 -0.23687302 -0.38323662
v 0.18516555 -0.26149771 -0.33821520
v 0.19297576 -0.26074332 -0.33280525
v 0.21375273 -0.24656183 -0.33091259
v 0.17575996 -0.22357441 -0.38137117
v 0.18519190 -0.22298832 -0.37548763
v 0.18520327 -0.21036875 -0.38609028
v 0.19602263 -0.23566470 -0.35748857
v 0.20381880 -0.23386307 -0.35313919
v 0.19399963 -0.24802026 -0.34655195
v 0.19708574 -0.24017438 -0.35271952
v 0.20785823 -0.24254805 -0.34070027
v 0.21940176 -0.22525355 -0.34883484
v 0.21614026 -0.24254289 -0.33367190
v -0.27338481 -0.17266637 -0.33184093
v -0.23223859 -0.19163156 -0.36078107
v -0.23519343 -0.19753182 -0.35181373
v -0.22217703 -0.22487412 -0.33277059
v -0.24353656 -0.21418841 -0.32432592
v -0.24352854 -0.20336509 -0.33804801
v -0.23447660 -0.20966330 -0.33893448
v -0.24699481 -0.15882009 -0.37384221
v -0.24119385 -0.18562865 -0.35777947
v -0.24806309 -0.16618522 -0.36752450
v -0.25329435 -0.17662740 -0.35327601
v -0.26862645 -0.17478162 -0.33607328
v -0.25241596 -0.18562479 -0.34699264
v -0.23301071 -0.18563005 -0.36534393
v -0.21977288 -0.20456502 -0.35776889
v -0.22274178 -0.19212322 -0.37077379
v -0.22284171 -0.17530552 -0.38638785
v -0.24350154 -0.16248763 -0.37480277
v -0.20033281 -0.21419962 -0.36507833
v -0.21031894 -0.21419615 -0.35544121
v -0.21295801 -0.21019870 -0.35776556
v -0.21496867 -0.22160280 -0.34292972
v -0.21496075 -0.21213365 -0.35363808
v -0.19460118 -0.21009119 -0.37617838
v -0.21493909 -0.18477829 -0.38638121
v -0.21098047 -0.19595499 -0.37843812
v -0.20533331 -0.19511715 -0.38637245
v 0.20637275 -0.21399470 -0.36808676
v 0.19950472 -0.20686378 -0.37893426
v 0.20975894 -0.18744950 -0.38609597
v 0.21377404 -0.21398938 -0.36250961
v 0.21082084 -0.20808057 -0.36883113
v 0.21948949 -0.20257325 -0.36607760
v 0.22907871 -0.21398000 -0.35085398
v 0.23864707 -0.22640064 -0.33076090
v 0.21224609 -0.18465205 -0.38609672
v 0.21321075 -0.18542865 -0.38491645
v 0.21521272 -0.18542723 -0.38326794
v 0.23456058 -0.19839406 -0.35749409
v 0.23227122 -0.18961112 -0.36589140
v 0.23549059 -0.17801732 -0.37231183
v 0.24601749 -0.18541366 -0.35749871
v 0.21380176 -0.18401617 -0.38538954
v 0.24235052 -0.20749901 -0.34453958
v 0.25424987 -0.20563155 -0.33486536
v 0.27094910 -0.19019139 -0.33131665
v 0.23364733 -0.16676868 -0.38171887
v 0.24238887 -0.16564840 -0.37510830
v 0.24240717 -0.15009317 -0.38609532
v 0.25259703 -0.17728721 -0.35749969
v 0.26292837 -0.17290050 -0.35124087
v 0.25250235 -0.18955714 -0.34919757
v 0.25426120 -0.18301637 -0.35270557
v 0.26512182 -0.18541220 -0.34057868
v 0.27431163 -0.16353008 -0.34655619
v 0.27296388 -0.18541327 -0.33295023
v -0.27571076 -0.16951470 -0.33102065
v -0.28381178 -0.14867283 -0.33510286
v -0.27822834 -0.12851003 -0.35780984
v -0.28120539 -0.11832175 -0.35781607
v -0.28171593 -0.13309975 -0.34861282
v -0.28320929 -0.12541437 -0.35161883
v -0.25641266 -0.15707037 -0.36562848
v -0.26614088 -0.15706812 -0.35483456
v -0.26865959 -0.15028635 -0.35779977
v -0.27205849 -0.16622612 -0.33944255
v -0.27205122 -0.15317729 -0.35001078
v -0.24876401 -0.15443805 -0.37473151
v -0.26443946 -0.13519883 -0.37118638
v -0.25199473 -0.13277584 -0.38639826
v -0.26673698 -0.11951590 -0.37582394
v -0.25635666 -0.12206421 -0.38640308
v -0.27200913 -0.10777061 -0.37348402
v -0.26446080 -0.11045544 -0.38263097
v 0.25782853 -0.15685430 -0.36522532
v 0.24833722 -0.14554012 -0.38313115
v 0.24855644 -0.13951211 -0.38609749
v 0.27097350 -0.15685180 -0.35392445
v 0.26498622 -0.14486802 -0.36580503
v 0.28029931 -0.13826051 -0.35252088
v 0.27804977 -0.15685537 -0.34674999
v 0.28251913 -0.16262609 -0.33744735
v 0.29344386 -0.14565086 -0.33199209
v 0.25638017 -0.12098685 -0.38610303
v 0.27990940 -0.12829679 -0.35750985
v 0.26516080 -0.12829775 -0.37441397
v 0.27797878 -0.11364187 -0.36485606
v 0.28331161 -0.12432455 -0.35552314
v 0.28334436 -0.12829717 -0.35360438
v 0.29079339 -0.12281689 -0.34652770
v 0.27103350 -0.10664237 -0.37526837
v 0.27459443 -0.10152581 -0.37359554
v 0.30278862 -0.11721305 -0.33528697
v -0.28883111 -0.07652760 -0.36042780
v -0.28213218 -0.09994411 -0.36289829
v -0.29520583 -0.08926146 -0.34888694
v -0.29504406 -0.09993878 -0.34629285
v -0.29750997 -0.10145953 -0.34201276
v -0.30054846 -0.09993641 -0.33871609
v -0.30054396 -0.09415525 -0.34064862
v -0.29798496 -0.09865515 -0.34225392
v -0.29186630 -0.07137083 -0.35785270
v -0.30339992 -0.04861347 -0.34648147
v -0.30573946 -0.07136832 -0.33971202
v -0.28832659 -0.07137052 -0.36201102
v -0.27894601 -0.07868394 -0.37247843
v -0.27786955 -0.06300063 -0.37460452
v -0.28949353 -0.06486440 -0.36110973
v -0.27198648 -0.08960644 -0.37852269
v -0.26791123 -0.08769614 -0.38438749
v -0.27008593 -0.08376557 -0.38263863
v -0.26696488 -0.08315241 -0.38642973
v -0.27049738 -0.05854023 -0.38353384
v -0.26805887 -0.05903345 -0.38644230
v -0.27194619 -0.05492134 -0.38211179
v -0.26929146 -0.05575864 -0.38511524
v 0.26928690 -0.07210821 -0.38612601
v 0.27108335 -0.07823497 -0.38260353
v 0.28274468 -0.09975334 -0.36596397
v 0.27550328 -0.09752766 -0.37404859
v 0.29444969 -0.09975520 -0.35493183
v 0.26972213 -0.07051741 -0.38612688
v 0.27052206 -0.07120463 -0.38497820
v 0.27274290 -0.07120530 -0.38283050
v 0.29441917 -0.08933038 -0.35752505
v 0.28989354 -0.07572828 -0.36658230
v 0.29059172 -0.06601652 -0.36795110
v 0.30028844 -0.07121513 -0.35753483
v 0.27110094 -0.06864941 -0.38484848
v 0.29961604 -0.10632792 -0.34435487
v 0.29962677 -0.09576540 -0.34952444
v 0.30696499 -0.11036515 -0.33259818
v 0.31198430 -0.09165419 -0.33510470
v 0.28346866 -0.04882681 -0.37801114
v 0.29972282 -0.04438905 -0.36098534
v 0.30266264 -0.04856127 -0.35754910
v 0.30848980 -0.07667211 -0.34659916
v 0.30948028 -0.06673439 -0.34855404
v -0.30495006 -0.04280520 -0.34581044
v -0.30048987 -0.04280439 -0.35029796
v -0.29083532 -0.02352136 -0.36252964
v -0.28731212 -0.04280329 -0.36556244
v -0.30379283 -0.03618395 -0.34689361
v -0.31067559 -0.04789811 -0.33847612
v -0.31220007 -0.03694203 -0.33771664
v -0.29535067 -0.01423497 -0.35788950
v -0.30554000 0.00412421 -0.34871906
v -0.30767310 -0.01423812 -0.34375441
v -0.28922486 -0.01423377 -0.36397716
v -0.27633917 -0.02409020 -0.37761235
v -0.27414176 -0.00220006 -0.38199767
v -0.29177690 -0.00302980 -0.36350799
v -0.27192083 -0.03075174 -0.38199490
v -0.26917303 -0.02989127 -0.38509333
v -0.27052349 -0.02712262 -0.38367960
v -0.26818877 -0.02665328 -0.38647151
v -0.27127811 -0.00056710 -0.38526922
v -0.27021441 -0.00079162 -0.38650033
v -0.27189130 0.00090411 -0.38478827
v -0.27188319 0.01256892 -0.38651657
v -0.27079037 0.00059859 -0.38595024
v 0.28407764 -0.03621883 -0.37831283
v 0.29167587 -0.02031837 -0.36997467
v 0.29136887 -0.00826195 -0.36933407
v 0.30055797 -0.01413281 -0.35758477
v 0.29704413 0.00888548 -0.35760966
v 0.27783450 -0.01743329 -0.38616562
v 0.27737996 -0.01103797 -0.38617218
v 0.29973018 -0.04083312 -0.36124602
v 0.30194178 -0.04267621 -0.35866231
v 0.30469483 -0.04267647 -0.35507023
v 0.30227274 -0.03760800 -0.35755974
v 0.31796789 -0.04783317 -0.33809936
v 0.31799355 -0.03752767 -0.33811313
v 0.32829642 -0.04267671 -0.31702009
v 0.28260091 0.00875366 -0.37758166
v 0.30897975 -0.01920513 -0.34743172
v 0.30778211 -0.00785403 -0.34501827
v -0.30754837 0.01432168 -0.34718877
v -0.30043435 0.01432493 -0.35595518
v -0.29324216 0.02870116 -0.36503705
v -0.29056239 0.01432884 -0.36726883
v -0.27569464 0.02669802 -0.38461936
v -0.30664694 0.02677458 -0.34987175
v -0.31741560 0.00582387 -0.33511877
v -0.32041624 0.02432179 -0.33363134
v -0.30045724 0.04288601 -0.35795259
v -0.30664632 0.05895512 -0.34992233
v -0.30931896 0.04288082 -0.34720099
v -0.29087687 0.04289060 -0.36744744
v -0.29305446 0.05675035 -0.36490405
v -0.27393219 0.02963991 -0.38653636
v -0.27219367 0.05700561 -0.38656175
v -0.27249253 0.05749657 -0.38624147
v -0.27185121 0.05909162 -0.38656309
v 0.26820701 0.04146867 -0.38623995
v 0.27127361 0.03802088 -0.38374335
v 0.29403281 0.01442223 -0.36051190
v 0.28055772 0.01907827 -0.37656412
v 0.29715911 0.01442048 -0.35628378
v 0.26673663 0.04527388 -0.38624513
v 0.26873556 0.07028659 -0.37327731
v 0.27008948 0.04300138 -0.38386339
v 0.27065179 0.07027506 -0.37135237
v 0.28008488 0.04299291 -0.36862046
v 0.29042578 0.03325002 -0.35763952
v 0.28641778 0.04213557 -0.35935539
v 0.28622320 0.04364331 -0.35896561
v 0.28721270 0.04298676 -0.35765174
v 0.27779752 0.05854649 -0.36546385
v 0.28655225 0.04495391 -0.35765475
v 0.29436961 0.05177383 -0.34007788
v 0.29981697 0.01193303 -0.35263732
v 0.29982573 0.01843819 -0.34957939
v 0.31146306 0.00596364 -0.33486277
v 0.30756357 0.02483363 -0.33292365
v 0.30315235 0.03200592 -0.33568865
v -0.30753735 0.07143989 -0.34725973
v -0.30039495 0.07144415 -0.35572988
v -0.29095876 0.09030437 -0.36285365
v -0.28975525 0.07144885 -0.36694789
v -0.30516991 0.08100884 -0.34847844
v -0.32010224 0.06157926 -0.33381602
v -0.31493020 0.07871275 -0.33641595
v -0.29359910 0.10000888 -0.35800129
v -0.30645525 0.10000037 -0.34158826
v -0.28858200 0.10001279 -0.36297232
v -0.27729946 0.09120892 -0.37563765
v -0.28085312 0.10527217 -0.36851054
v -0.28892997 0.10568471 -0.36084265
v -0.29517654 0.11819348 -0.34891120
v -0.27183914 0.08346738 -0.38201809
v -0.26864511 0.08414929 -0.38497692
v -0.26999944 0.08758430 -0.38289997
v -0.26502749 0.08915755 -0.38657612
v -0.26767242 0.11016870 -0.37828183
v -0.25855204 0.10768814 -0.38658214
v -0.27181262 0.12235068 -0.37051955
v -0.26013732 0.12017047 -0.38074219
v 0.24154209 0.11326414 -0.38401160
v 0.23910718 0.11262935 -0.38633239
v 0.27018288 0.07156447 -0.37144193
v 0.26597887 0.07422477 -0.37466049
v 0.24270484 0.10440402 -0.38632458
v 0.24921764 0.08911569 -0.38630968
v 0.27129754 0.07156381 -0.36998814
v 0.26987910 0.07439987 -0.37058455
v 0.27868345 0.08631305 -0.35081476
v 0.28415424 0.07155212 -0.34983504
v 0.29833937 0.05802561 -0.32986802
v 0.29140154 0.08159015 -0.33337978
v 0.24566086 0.11147034 -0.38042435
v 0.23905461 0.11624801 -0.38451186
v 0.24270338 0.11724886 -0.38068634
v 0.26910830 0.10012951 -0.35774150
v 0.26242915 0.10013385 -0.36859262
v 0.26210895 0.11033837 -0.36285907
v 0.27009863 0.12631686 -0.34467316
v 0.27848342 0.10012379 -0.34352925
v -0.27891520 0.12859228 -0.36157346
v -0.29182413 0.12857568 -0.34799361
v -0.30035993 0.12242393 -0.34064627
v -0.29741165 0.12709558 -0.34224761
v -0.30035901 0.12856773 -0.33675256
v -0.29586893 0.13081694 -0.34147707
v -0.27676803 0.13853867 -0.35801995
v -0.26268765 0.15718168 -0.35802358
v -0.27964440 0.15072758 -0.34514967
v -0.27466172 0.16860378 -0.33515945
v -0.27180204 0.13263051 -0.36607915
v -0.25529337 0.13464551 -0.37832767
v -0.25951880 0.15518884 -0.36201897
v -0.24324527 0.14660287 -0.38128614
v -0.25878823 0.15845433 -0.36055946
v -0.25360879 0.15719275 -0.36585414
v -0.25934023 0.16082489 -0.35802343
v -0.25451383 0.16321570 -0.36103490
v -0.23879403 0.15720871 -0.37767965
v -0.23767637 0.17463304 -0.36672217
v -0.23348367 0.15232891 -0.38658267
v -0.22393471 0.16687214 -0.38657579
v -0.22191566 0.17511617 -0.38295853
v -0.21468799 0.17895560 -0.38656658
v 0.20890339 0.15467401 -0.38633695
v 0.21411221 0.15250102 -0.38395193
v 0.23089483 0.13709185 -0.38044420
v 0.19679022 0.16593584 -0.38632941
v 0.18552506 0.17592037 -0.38631940
v 0.19074391 0.17417358 -0.38371515
v 0.21213000 0.15727642 -0.38237759
v 0.20954658 0.17672375 -0.36748794
v 0.21947882 0.15727344 -0.37561011
v 0.23300064 0.15267372 -0.36696643
v 0.23112126 0.15998688 -0.36321232
v 0.23858795 0.15726499 -0.35777402
v 0.22320449 0.16765282 -0.36296070
v 0.23206648 0.16460007 -0.35777280
v 0.24270028 0.13524067 -0.37084991
v 0.25328237 0.12870152 -0.36306036
v 0.26902577 0.12869647 -0.34461612
v 0.24978848 0.14287439 -0.35777521
v 0.27051792 0.12831101 -0.34309989
v 0.27128866 0.12692687 -0.34259933
v 0.27021635 0.12923115 -0.34294978
v 0.27128783 0.12869538 -0.34167972
v 0.25248009 0.15275989 -0.34877327
v 0.24938457 0.16484481 -0.34260118
v -0.27496558 0.17303807 -0.33102846
v -0.24664745 0.18577783 -0.34541661
v -0.27181119 0.17348498 -0.33349609
v -0.24326280 0.18578163 -0.34936801
v -0.22834995 0.18579060 -0.36483109
v -0.24461836 0.18849055 -0.34507614
v -0.24053010 0.19125867 -0.34645331
v -0.24951881 0.18890554 -0.34059486
v -0.24326804 0.19696844 -0.33812284
v -0.22139627 0.19918549 -0.35798350
v -0.20318067 0.21437755 -0.35795733
v -0.22295943 0.20834181 -0.34591508
v -0.21589920 0.22747582 -0.33176735
v -0.21470019 0.19276923 -0.37193322
v -0.20423478 0.19485350 -0.38131964
v -0.20190462 0.21290043 -0.36091155
v -0.18613261 0.20747560 -0.38308033
v -0.20106225 0.21501037 -0.35922146
v -0.19795711 0.21437725 -0.36289838
v -0.20125449 0.21602815 -0.35795462
v -0.19940394 0.21643093 -0.35897961
v -0.19431579 0.22660701 -0.35182774
v -0.18172450 0.21437541 -0.37769407
v -0.16135365 0.22488075 -0.37892666
v -0.17832711 0.22732109 -0.36439911
v -0.18455528 0.23977934 -0.34522480
v -0.17677754 0.20969599 -0.38652229
v -0.15756547 0.22060877 -0.38649920
v -0.15523115 0.22632828 -0.38181588
v -0.14875160 0.22425780 -0.38648981
v -0.15757349 0.23931687 -0.36518627
v -0.14047366 0.23722059 -0.37791848
v -0.10042474 0.24620751 -0.38643414
v 0.01398319 0.25594473 -0.38630372
v 0.07121637 0.24115708 -0.38625902
v 0.12585719 0.22617742 -0.38119718
v 0.11924985 0.22414252 -0.38626584
v 0.12838864 0.21980867 -0.38626677
v 0.14603385 0.20896374 -0.38628012
v 0.15695827 0.20570233 -0.38192451
v 0.17345211 0.19410267 -0.38026342
v 0.13237810 0.22472334 -0.37829304
v 0.10865205 0.23857191 -0.37639159
v 0.12838930 0.23880228 -0.36607152
v 0.15201737 0.21442395 -0.37639022
v 0.14897330 0.22700298 -0.36400068
v 0.15568863 0.24042587 -0.34470642
v 0.16851853 0.21441725 -0.36318702
v 0.17302366 0.21264082 -0.36128125
v 0.17208898 0.21525517 -0.35940927
v 0.17495577 0.21441469 -0.35773170
v 0.16996810 0.21697715 -0.35900915
v 0.16323307 0.23043692 -0.34970903
v 0.17225562 0.21642809 -0.35772982
v 0.18552795 0.19290353 -0.37184876
v 0.20118827 0.18584299 -0.36558390
v 0.19275919 0.20030357 -0.35774666
v 0.21410185 0.18583658 -0.35576066
v 0.20853780 0.19696048 -0.34903151
v 0.21736665 0.19237098 -0.34674522
v 0.22305442 0.18583086 -0.34795678
v 0.21409562 0.20659427 -0.33309060
v 0.22882147 0.19318776 -0.33612257
v 0.19486210 0.20945552 -0.34783858
v 0.18885745 0.22535458 -0.33583343
v 0.24267769 0.17661263 -0.33934993
v 0.24991153 0.17515424 -0.33281949
v -0.21582422 0.22922158 -0.32994553
v -0.21471068 0.22937368 -0.33080524
v -0.16022082 0.24295956 -0.35922360
v -0.17176101 0.24295697 -0.35081622
v -0.20359327 0.23422578 -0.33493352
v -0.18614222 0.24092574 -0.34262475
v -0.18442450 0.24209493 -0.34277731
v -0.18614277 0.24295430 -0.34039745
v -0.18086803 0.24559295 -0.34099236
v -0.15852281 0.24485485 -0.35789672
v -0.16102374 0.26069400 -0.33620515
v -0.15757544 0.24389754 -0.35977232
v -0.15588675 0.24634135 -0.35789320
v -0.13246275 0.24469127 -0.37389517
v -0.13198277 0.24891694 -0.36918235
v -0.12061684 0.25974837 -0.36375108
v -0.12900367 0.24636182 -0.37386036
v -0.11871172 0.24810672 -0.37729847
v -0.13816246 0.26126429 -0.35273051
v -0.11607078 0.26884881 -0.35650516
v -0.15222031 0.26261035 -0.34002674
v -0.13501221 0.27153483 -0.34127992
v -0.11326531 0.26861015 -0.35784611
v -0.10488413 0.27153319 -0.35783628
v -0.11763547 0.27153423 -0.35203323
v -0.11364366 0.27044925 -0.35567579
v -0.11019485 0.27606893 -0.34876499
v -0.10042528 0.25404924 -0.38002717
v -0.09310305 0.25358748 -0.38276213
v -0.09227511 0.26540053 -0.37009782
v -0.07183934 0.26041231 -0.38084114
v -0.08818902 0.27357394 -0.36190456
v -0.08201018 0.27153105 -0.36607864
v -0.08850920 0.27625474 -0.35781598
v -0.08395641 0.27590963 -0.36000031
v -0.08122683 0.28136992 -0.35288057
v -0.06361214 0.27153054 -0.36991960
v -0.05294366 0.27613318 -0.36698258
v -0.06108187 0.27858552 -0.36130863
v -0.06452500 0.28546226 -0.35080925
v -0.05193070 0.28276587 -0.35776609
v -0.04556793 0.25840703 -0.38637725
v -0.04323995 0.25878876 -0.38637435
v -0.04007595 0.25882527 -0.38636971
v -0.01463441 0.26333663 -0.38222590
v 0.01278160 0.25665498 -0.38570425
v -0.03431843 0.27690244 -0.36849204
v -0.02083052 0.27153802 -0.37394875
v -0.03539826 0.28441519 -0.35774231
v -0.02371497 0.28198397 -0.36295795
v -0.01780732 0.29378778 -0.34658533
v -0.00800567 0.27153784 -0.37306422
v 0.01275272 0.25848275 -0.38384536
v 0.00423832 0.27610120 -0.36683625
v -0.00516186 0.28118065 -0.36253858
v -0.01117376 0.29316077 -0.34689301
v 0.00572602 0.28363413 -0.35770249
v 0.01398306 0.25679070 -0.38537359
v 0.01568063 0.25640810 -0.38545376
v 0.01596574 0.25923491 -0.38233656
v 0.04259962 0.25658649 -0.37878776
v 0.05831759 0.25082469 -0.37982154
v 0.02520588 0.27461219 -0.36384290
v 0.03204659 0.27153927 -0.36519951
v 0.02398561 0.28011608 -0.35769016
v 0.03079313 0.27654597 -0.36019373
v 0.03432640 0.28360426 -0.35165027
v 0.05565593 0.27154034 -0.36016101
v 0.05851334 0.26992854 -0.36090598
v 0.05757006 0.27221191 -0.35902423
v 0.06451217 0.27154070 -0.35767999
v 0.05612927 0.27307191 -0.35844687
v 0.05456051 0.27620059 -0.35534903
v 0.05784445 0.27343175 -0.35767990
v 0.07121268 0.25192106 -0.37556940
v 0.08302964 0.26659250 -0.35767999
v 0.09455600 0.24561164 -0.37459362
v 0.09421998 0.25414863 -0.36638376
v 0.10217869 0.24772193 -0.36960116
v 0.09981011 0.24549752 -0.37322426
v 0.10242327 0.24429366 -0.37327617
v 0.08773285 0.26709536 -0.35545573
v 0.10876229 0.26088107 -0.35235593
v 0.08359664 0.26963443 -0.35386747
v 0.07997239 0.27705961 -0.34663567
v 0.09003180 0.27153736 -0.34863311
v 0.12616706 0.24742351 -0.35769621
v 0.10552068 0.27153116 -0.34056324
v 0.12238862 0.26323748 -0.34110618
v 0.12838884 0.24420327 -0.36013222
v 0.13159621 0.24298587 -0.35930300
v 0.14613974 0.24297696 -0.34883684
v 0.12962051 0.24544738 -0.35769847
v 0.15560085 0.24229085 -0.34275344
v 0.15696159 0.24150956 -0.34270346
v 0.16488153 0.23900929 -0.33947957
v 0.15311687 0.24489141 -0.34151143
v 0.15696084 0.24297009 -0.34114254
v 0.13223907 0.26110488 -0.33685488
v 0.18552610 0.23059613 -0.33299577
v 0.18871023 0.23027468 -0.33076492
v -0.12901820 0.27965045 -0.33333224
v -0.10555682 0.28837994 -0.33179510
v -0.10044323 0.28843567 -0.33445609
v -0.08979822 0.29114312 -0.33453608
v -0.07185599 0.29236829 -0.33961308
v -0.06143031 0.29489556 -0.33825880
v -0.07185522 0.30010867 -0.32583106
v -0.04325750 0.29356897 -0.34467536
v -0.01933826 0.29775396 -0.34108606
v -0.01464967 0.29731554 -0.34203446
v -0.00989390 0.29771945 -0.34104696
v -0.01465050 0.30009255 -0.33768898
v 0.01396822 0.29354841 -0.34459606
v 0.03308807 0.29535526 -0.33866060
v 0.04258220 0.29271060 -0.33970571
v 0.05802023 0.29238752 -0.33569035
v 0.04257723 0.30008882 -0.33001199
v 0.07119327 0.28919521 -0.33587879
v 0.07800914 0.28921524 -0.33251944
v 0.09979264 0.28005165 -0.33338177
v -0.18426831 0.07467944 0.42901897
v -0.20757329 0.08903173 0.47011128
v -0.22986007 0.13504425 0.46249589
v -0.23031013 0.13482057 0.47798434
v -0.22154826 0.12839594 0.44509280
v -0.21778058 0.12196751 0.44160956
v -0.21457556 0.11933741 0.42354470
v -0.22106732 0.12839416 0.43836904
v -0.22283259 0.11825606 0.46598995
v -0.22952393 0.12840739 0.49115521
v -0.22321291 0.11845051 0.47443932
v -0.23030980 0.12840867 0.49860853
v -0.22312659 0.11125492 0.49860862
v -0.21838148 0.11028597 0.46247512
v -0.21975368 0.11151552 0.47011808
v -0.21987128 0.10879621 0.48073366
v -0.21454379 0.10157983 0.47011513
v -0.20677198 0.09982174 0.44159976
v -0.20577931 0.09431026 0.45260876
v -0.20335644 0.09364505 0.44159549
v -0.20483133 0.09525960 0.43250138
v -0.19133034 0.08193348 0.43265069
v -0.20938480 0.10891611 0.42344141
v -0.21828145 0.09983599 0.49860787
v -0.21014124 0.08994354 0.47887766
v -0.20840454 0.08351573 0.49860114
v -0.07252355 -0.32933751 -0.28664196
v -0.07152510 -0.32945812 -0.28670189
v -0.01769501 -0.33402863 -0.28896010
v -0.01216804 -0.33378026 -0.28883263
v 0.01369939 -0.31579533 -0.32899666
v 0.04085196 -0.33122560 -0.28752452
v 0.04359275 -0.33094278 -0.28738189
v -0.19030502 -0.27908033 -0.29012153
v -0.18106607 -0.28200677 -0.29158464
v -0.16394891 -0.28352970 -0.30052364
v -0.16562280 -0.29337069 -0.28750631
v -0.11557071 -0.30109721 -0.30112967
v -0.11609446 -0.30214244 -0.29935598
v -0.12924579 -0.32841116 -0.26189446
v -0.12924740 -0.31463104 -0.27931035
v -0.11360550 -0.32059371 -0.27837950
v -0.15782562 -0.27755165 -0.31304190
v -0.15781763 -0.26486945 -0.32912636
v -0.14254156 -0.27794617 -0.32147425
v -0.11979546 -0.29984885 -0.30050606
v -0.14890465 -0.28912985 -0.30051836
v -0.13853562 -0.28986776 -0.30551612
v -0.14090492 -0.29459351 -0.29788068
v -0.14744450 -0.29595646 -0.29270136
v -0.13946417 -0.29985425 -0.29235983
v -0.11614735 -0.29984832 -0.30291036
v -0.11378084 -0.30217370 -0.30050302
v -0.11394648 -0.30084586 -0.30250120
v -0.10699155 -0.28874928 -0.32909754
v -0.12923272 -0.28430209 -0.32132280
v -0.07386681 -0.32840061 -0.28707981
v -0.09224634 -0.31162468 -0.30048546
v -0.10065059 -0.32064480 -0.28495172
v -0.10064540 -0.29098225 -0.32909450
v -0.09168088 -0.30517519 -0.31114668
v -0.07457541 -0.30111352 -0.32907313
v -0.07205455 -0.32840049 -0.28813750
v -0.08015403 -0.31222636 -0.30667633
v -0.06602266 -0.31635135 -0.30873346
v -0.07205747 -0.30301201 -0.32749087
v -0.05895451 -0.32839787 -0.29271430
v -0.07491465 -0.32982907 -0.28474507
v -0.07205404 -0.33008546 -0.28532946
v -0.05817156 -0.33532947 -0.27922261
v -0.04431811 -0.32668510 -0.30045179
v -0.04495537 -0.31263846 -0.32607782
v -0.05951184 -0.30611718 -0.32906216
v -0.03889855 -0.32839343 -0.29816562
v -0.04278117 -0.32703507 -0.30045068
v -0.04346150 -0.32770351 -0.29906613
v -0.04346934 -0.31135529 -0.32904974
v -0.04227602 -0.31293026 -0.32666251
v -0.03954126 -0.31215885 -0.32904619
v -0.01487394 -0.32838368 -0.30025738
v -0.01791500 -0.32231823 -0.31169450
v -0.01211558 -0.32285795 -0.31196055
v -0.01488026 -0.31922930 -0.31931078
v 0.00774521 -0.31706589 -0.32602391
v 0.01069854 -0.32837054 -0.29889971
v -0.03929061 -0.34059814 -0.27392986
v -0.01486552 -0.33697405 -0.28183511
v 0.00806809 -0.33982816 -0.27464700
v 0.01332464 -0.32760328 -0.30040312
v 0.01370529 -0.32402834 -0.30909330
v 0.01902005 -0.32836446 -0.29774117
v 0.01407982 -0.32762492 -0.30040231
v 0.01370813 -0.32798123 -0.29962656
v 0.01900422 -0.31673443 -0.32633796
v 0.04228998 -0.32834613 -0.29476070
v 0.03925687 -0.32230219 -0.31164700
v 0.04544870 -0.32201880 -0.31150171
v 0.04228205 -0.31854481 -0.31957984
v 0.05271924 -0.32833770 -0.29129213
v 0.02297041 -0.33802190 -0.27643052
v 0.04229470 -0.33280346 -0.28385243
v 0.05082439 -0.33260140 -0.28181213
v 0.06832606 -0.32325575 -0.30036151
v 0.06961894 -0.31281522 -0.32647529
v 0.06661926 -0.31193665 -0.32895231
v 0.07376012 -0.32253015 -0.30035925
v 0.07086457 -0.32542199 -0.29455066
v 0.07085473 -0.31152657 -0.32894909
v 0.07229028 -0.31261474 -0.32607672
v 0.07891615 -0.31001514 -0.32894570
v 0.09336612 -0.31618851 -0.30857870
v 0.10659439 -0.31397548 -0.30747116
v 0.09942548 -0.30769020 -0.32496288
v 0.09654871 -0.32253176 -0.28894854
v 0.10310762 -0.32096195 -0.28973028
v 0.09364939 -0.32541460 -0.28316447
v 0.09944105 -0.32830632 -0.27536267
v 0.09943808 -0.32396182 -0.28388548
v 0.11006957 -0.32298452 -0.28074032
v 0.12051705 -0.31334034 -0.30034369
v 0.12088269 -0.30690205 -0.31469685
v 0.10745518 -0.30375654 -0.32893461
v 0.13812289 -0.30804417 -0.30033821
v 0.12800115 -0.31896213 -0.28168130
v 0.12799451 -0.29710609 -0.32892805
v 0.13781321 -0.30419186 -0.30928710
v 0.14493011 -0.30500317 -0.30297968
v 0.14613919 -0.30741337 -0.29648286
v 0.13722712 -0.31860965 -0.27637583
v 0.15657915 -0.31200051 -0.27790970
v 0.14146167 -0.29216862 -0.32891959
v 0.16188860 -0.29970384 -0.30033028
v 0.14758240 -0.29971427 -0.31092718
v 0.16875039 -0.29547405 -0.30244222
v 0.16951108 -0.29699397 -0.29897538
v 0.17383745 -0.29375416 -0.30032802
v 0.16825499 -0.29969859 -0.29510874
v 0.17351013 -0.29705167 -0.29504162
v 0.15657440 -0.28852311 -0.32331336
v 0.17438379 -0.28003323 -0.32351357
v 0.18515959 -0.27858192 -0.31524399
v 0.18516336 -0.26885697 -0.32890075
v 0.19132596 -0.28344840 -0.30032748
v 0.20996644 -0.27866060 -0.28982255
v 0.19184192 -0.29207629 -0.28511852
v 0.21627004 -0.27614477 -0.28856644
v -0.23091842 -0.24605539 -0.30221704
v -0.23209488 -0.24840826 -0.29773560
v -0.24354818 -0.25416726 -0.27768517
v -0.22943999 -0.26426378 -0.27919728
v -0.24771483 -0.21627599 -0.31696326
v -0.23645945 -0.24275437 -0.30056673
v -0.24751323 -0.22213262 -0.31089485
v -0.25249222 -0.23208460 -0.29523188
v -0.25034061 -0.24275389 -0.28557938
v -0.23168705 -0.24275558 -0.30541331
v -0.22553493 -0.25022531 -0.30056083
v -0.22645961 -0.24556330 -0.30618620
v -0.21890670 -0.23044115 -0.32916448
v -0.24353853 -0.21959959 -0.31758016
v -0.19983819 -0.27131435 -0.29295588
v -0.20923910 -0.25981504 -0.30055106
v -0.21499369 -0.26553479 -0.28897315
v -0.21497795 -0.23306218 -0.32916307
v -0.20792843 -0.24998507 -0.31503111
v -0.19345939 -0.24628139 -0.32915366
v -0.18641590 -0.27131081 -0.30229282
v -0.19095722 -0.26222801 -0.31029722
v -0.18330568 -0.26510316 -0.31173366
v -0.18640636 -0.25437421 -0.32332796
v -0.17541663 -0.27130744 -0.30933428
v -0.17032979 -0.26327714 -0.32287702
v -0.20518263 -0.28070018 -0.27685201
v -0.18641549 -0.29216897 -0.27579293
v 0.20255055 -0.27111274 -0.30901471
v 0.19967911 -0.26408654 -0.32164505
v 0.21374902 -0.27110478 -0.29814816
v 0.21015103 -0.26391673 -0.31101447
v 0.21978374 -0.25904724 -0.30858660
v 0.21375224 -0.25139508 -0.32447398
v 0.22233212 -0.27109945 -0.29033378
v 0.21374699 -0.28234440 -0.28042579
v 0.22303414 -0.27573702 -0.28140861
v 0.23439363 -0.25521803 -0.30033451
v 0.23343423 -0.24791469 -0.31110376
v 0.24038768 -0.23019964 -0.32500336
v 0.24787571 -0.24252641 -0.30033854
v 0.21848570 -0.24490520 -0.32890275
v 0.23302792 -0.23290385 -0.32890964
v 0.24234280 -0.26123387 -0.28061745
v 0.24781615 -0.25954053 -0.27450192
v 0.24055102 -0.22735044 -0.32801744
v 0.24234319 -0.22701012 -0.32644352
v 0.24234371 -0.22469288 -0.32891360
v 0.25365373 -0.23655960 -0.30034193
v 0.26307505 -0.22967243 -0.29391921
v 0.25034547 -0.24881449 -0.28775725
v 0.25417107 -0.24005911 -0.29540759
v 0.27381310 -0.21970020 -0.28893694
v -0.27888131 -0.20330054 -0.27540812
v -0.30362296 -0.16315374 -0.28937888
v -0.27870557 -0.17798598 -0.31587556
v -0.28146976 -0.18561256 -0.30059314
v -0.29125053 -0.17574669 -0.29566672
v -0.28426477 -0.18148002 -0.30059633
v -0.28224814 -0.18970209 -0.29240468
v -0.28460714 -0.18388714 -0.29714265
v -0.27516535 -0.17289518 -0.32918870
v -0.25392404 -0.21418446 -0.30967402
v -0.26390839 -0.21418080 -0.29647982
v -0.26738060 -0.20476872 -0.30058014
v -0.27208075 -0.20718226 -0.28657913
v -0.25244170 -0.20972981 -0.31933457
v -0.27206448 -0.17774196 -0.32918516
v -0.26661456 -0.19443470 -0.31823611
v -0.26067659 -0.19419825 -0.32917273
v -0.26780820 -0.22632557 -0.27412853
v -0.28228199 -0.16622201 -0.32407296
v 0.26622671 -0.21396621 -0.31228241
v 0.26440609 -0.21070269 -0.31790161
v 0.27094167 -0.21396595 -0.30379340
v 0.26907417 -0.21023530 -0.31277218
v 0.27609313 -0.20368460 -0.30949762
v 0.27094573 -0.19933410 -0.32196045
v 0.27875945 -0.21396708 -0.28997448
v 0.27094191 -0.22991920 -0.27808565
v 0.27965909 -0.21831912 -0.28171727
v 0.28939602 -0.19370398 -0.30036166
v 0.28862014 -0.18878594 -0.30710202
v 0.29103726 -0.17964610 -0.31192142
v 0.29522228 -0.18542217 -0.30036324
v 0.27500641 -0.18743943 -0.32892784
v 0.27858129 -0.18160877 -0.32892951
v 0.29955068 -0.20028579 -0.27297103
v 0.30020732 -0.20002617 -0.27212280
v 0.29072967 -0.16673386 -0.32451957
v 0.29956684 -0.16297397 -0.31258100
v 0.30486405 -0.16745371 -0.30036175
v 0.30031252 -0.19893834 -0.27331597
v 0.30694491 -0.17852634 -0.28655803
v -0.31917068 -0.12848911 -0.30063924
v -0.32958424 -0.10095916 -0.30064827
v -0.33322203 -0.11836639 -0.28039238
v -0.30713785 -0.15705177 -0.28962070
v -0.31695899 -0.13276127 -0.30063725
v -0.31637329 -0.13004056 -0.30374134
v -0.30057496 -0.15705442 -0.30200988
v -0.30888712 -0.14039534 -0.30658835
v -0.29791704 -0.15173310 -0.31225270
v -0.29462129 -0.15705687 -0.31192809
v -0.29280585 -0.15316981 -0.31880838
v -0.30810255 -0.16082194 -0.28256023
v -0.30058318 -0.17215772 -0.27876139
v -0.31872004 -0.14795935 -0.27724284
v -0.31708035 -0.12623027 -0.30516443
v -0.32906580 -0.10046295 -0.30173337
v -0.31238008 -0.10585440 -0.32086873
v -0.30433339 -0.12849677 -0.32166922
v -0.32205752 -0.13573785 -0.28613347
v -0.29977351 -0.12849902 -0.32763478
v -0.29806569 -0.12975156 -0.32922113
v -0.29905140 -0.12774220 -0.32922211
v -0.30056435 -0.12601297 -0.32797953
v 0.29739797 -0.14368041 -0.32783306
v 0.29865229 -0.14165732 -0.32706046
v 0.29745111 -0.14152241 -0.32892522
v 0.29958242 -0.14542553 -0.32325181
v 0.30743575 -0.15687174 -0.30428895
v 0.31511161 -0.15687802 -0.29259950
v 0.29959002 -0.13569731 -0.32892457
v 0.30401412 -0.13817221 -0.32008255
v 0.31636938 -0.13326958 -0.30283272
v 0.31956017 -0.13965505 -0.29468912
v 0.31911808 -0.16139948 -0.28155851
v 0.32217917 -0.15389103 -0.28308326
v 0.32817280 -0.15689288 -0.27011758
v 0.32818097 -0.14350230 -0.27938300
v 0.30649552 -0.11747656 -0.32892248
v 0.31428641 -0.10671626 -0.32159707
v 0.31961647 -0.12832242 -0.30035585
v 0.31652451 -0.12832077 -0.30560815
v 0.32002306 -0.11610687 -0.30646884
v 0.33212164 -0.10759337 -0.28998560
v 0.33249828 -0.12833501 -0.28039670
v -0.32979456 -0.09992052 -0.30101430
v -0.33041972 -0.09992009 -0.29997033
v -0.33910370 -0.10917173 -0.27710319
v -0.34420291 -0.09322076 -0.27967191
v -0.33076364 -0.09651248 -0.30065238
v -0.33570525 -0.07135486 -0.30067647
v -0.33760926 -0.05997664 -0.30068970
v -0.33980504 -0.07485619 -0.29366797
v -0.34035808 -0.06841278 -0.29479402
v -0.32906517 -0.09917384 -0.30214456
v -0.31474215 -0.09282121 -0.32206613
v -0.32233489 -0.07891036 -0.31578112
v -0.31314132 -0.07767800 -0.32925782
v -0.32389766 -0.06223209 -0.31895375
v -0.31637383 -0.06342933 -0.32926917
v -0.32902786 -0.04983602 -0.31478196
v -0.32077983 -0.05294901 -0.32514197
v 0.32252780 -0.09977146 -0.31180215
v 0.31959629 -0.09546123 -0.31895515
v 0.31909212 -0.07579105 -0.32894269
v 0.32821617 -0.09977433 -0.30121225
v 0.32452658 -0.09238356 -0.31095338
v 0.33503389 -0.08619504 -0.29288301
v 0.33451870 -0.09977920 -0.28922755
v 0.33721015 -0.10427649 -0.28158686
v 0.33942842 -0.09418837 -0.28049016
v 0.32086962 -0.06752935 -0.32894993
v 0.33390212 -0.07122631 -0.30038118
v 0.32431448 -0.07122283 -0.32106712
v 0.32989681 -0.04588386 -0.31308040
v 0.33735830 -0.06084003 -0.29519504
v 0.33813071 -0.07122783 -0.29155970
v 0.32829121 -0.04626993 -0.31648266
v 0.32919282 -0.04312467 -0.31513610
v -0.33775225 -0.04279728 -0.30508405
v -0.34593782 -0.04279784 -0.29223517
v -0.35149583 -0.04581907 -0.28340417
v -0.35751629 -0.04279822 -0.26753071
v -0.35149983 -0.03978402 -0.28342098
v -0.34201685 -0.01671237 -0.30075026
v -0.34207720 -0.01423996 -0.30075404
v -0.34228438 -0.01231164 -0.30075645
v -0.34273958 -0.01475035 -0.29973301
v -0.34271654 -0.01370773 -0.29969031
v -0.32901242 -0.03495193 -0.31642008
v -0.32202852 -0.03201790 -0.32579789
v -0.32514733 -0.02466203 -0.32158053
v -0.32051206 -0.02427193 -0.32930350
v -0.32549360 -0.00345138 -0.32233888
v -0.32127610 -0.00381834 -0.32932049
v -0.32897207 0.00508436 -0.31923547
v -0.32358721 0.00273450 -0.32662991
v 0.32089543 -0.01785380 -0.32900834
v 0.33025679 -0.03877163 -0.31273910
v 0.32830298 -0.03911896 -0.31647328
v 0.32970089 -0.04267637 -0.31398571
v 0.32920256 -0.04222434 -0.31514084
v 0.33813334 -0.02308301 -0.29595476
v 0.34019929 -0.04267805 -0.29207802
v 0.34764233 -0.05235362 -0.27645108
v 0.34883544 -0.03242537 -0.27588981
v 0.31878972 -0.00935333 -0.32901907
v 0.32247084 0.01146270 -0.31772000
v 0.33598551 -0.01413294 -0.30044296
v 0.32474548 -0.01413344 -0.32181123
v 0.32625651 0.01016861 -0.31263614
v 0.33775216 -0.00436729 -0.29557601
v 0.33931872 -0.01413224 -0.29383349
v -0.34387437 0.04155082 -0.30148339
v -0.33893985 0.01431601 -0.30578053
v -0.34512812 0.03904273 -0.29890618
v -0.34699267 0.01431782 -0.29176557
v -0.35071594 0.01092710 -0.28312227
v -0.35748443 0.01431284 -0.26433879
v -0.35089502 0.01761530 -0.28322256
v -0.34430966 0.04287132 -0.30082428
v -0.34369206 0.04287144 -0.30178198
v -0.34024870 0.03990198 -0.30675963
v -0.34036896 0.04571854 -0.30651811
v -0.34383035 0.04410749 -0.30144337
v -0.34473255 0.04591309 -0.29930720
v -0.34940714 0.04286966 -0.28843370
v -0.32895792 0.02494775 -0.32205710
v -0.32531965 0.02677491 -0.32753471
v -0.32693020 0.03062394 -0.32530266
v -0.32421669 0.03096850 -0.32936114
v -0.32682183 0.05503011 -0.32513744
v -0.32398853 0.05467524 -0.32938480
v -0.32894215 0.06124441 -0.32121274
v -0.32502788 0.05911300 -0.32742918
v 0.29948679 0.05688142 -0.32834339
v 0.29901475 0.05683551 -0.32910201
v 0.32521904 0.01441756 -0.31318328
v 0.31906548 0.01908120 -0.31943652
v 0.29986352 0.05405339 -0.32909828
v 0.30717087 0.03236022 -0.32906896
v 0.32838637 0.01441733 -0.30817652
v 0.32467955 0.02184794 -0.31106377
v 0.33512375 0.02786467 -0.29296052
v 0.33916587 0.01441603 -0.29160053
v 0.35007083 0.00356859 -0.27534568
v 0.34809983 0.02426885 -0.27637821
v 0.30106574 0.05605997 -0.32670140
v 0.29910254 0.05764327 -0.32872126
v 0.29986683 0.05817574 -0.32727444
v 0.32646635 0.04297127 -0.30053508
v 0.31873921 0.04297274 -0.30973583
v 0.31893981 0.05256923 -0.30534282
v 0.32687059 0.06842718 -0.28785086
v 0.33603603 0.04297003 -0.28722510
v -0.33782834 0.07143355 -0.30529600
v -0.34446225 0.07143122 -0.29308543
v -0.34950536 0.06743816 -0.28258848
v -0.35748050 0.07141776 -0.26572981
v -0.34897536 0.07567985 -0.28232992
v -0.33614486 0.08587031 -0.30085701
v -0.33215275 0.09999554 -0.30086452
v -0.33847541 0.09526032 -0.29140913
v -0.33697873 0.10621996 -0.28841904
v -0.32893246 0.07910684 -0.31619209
v -0.32166845 0.08208222 -0.32577494
v -0.32383043 0.09081852 -0.31921092
v -0.31763929 0.09136421 -0.32941639
v -0.32155541 0.10691024 -0.31468591
v -0.31303266 0.10633466 -0.32942563
v -0.31189185 0.12280008 -0.32091445
v -0.32488412 0.12047821 -0.30087355
v 0.29501390 0.08339283 -0.32670856
v 0.29623568 0.08947007 -0.32186550
v 0.29381087 0.10833573 -0.31705874
v 0.30850726 0.10010219 -0.30061451
v 0.29106456 0.09023733 -0.32915172
v 0.28587741 0.10740376 -0.32917446
v 0.29987806 0.08098939 -0.31947577
v 0.31141341 0.07153602 -0.30634236
v 0.32604191 0.07153265 -0.28749448
v 0.31031102 0.09241986 -0.30060369
v 0.32746670 0.07105357 -0.28582427
v 0.32842302 0.06939325 -0.28523156
v 0.32718372 0.07215272 -0.28568450
v 0.32842317 0.07153198 -0.28391716
v 0.28571221 0.12147737 -0.32211280
v 0.29985985 0.12761864 -0.30276644
v 0.30262220 0.12315188 -0.30064434
v 0.31193560 0.09788624 -0.29618603
v 0.31143093 0.10281791 -0.29518792
v -0.33883494 0.11922272 -0.27727538
v -0.33196899 0.14131939 -0.27384537
v -0.33028865 0.14419563 -0.27503976
v -0.31882897 0.12856315 -0.30592313
v -0.32334045 0.12856153 -0.29808554
v -0.32892606 0.12390230 -0.29157269
v -0.32893088 0.13831879 -0.28136644
v -0.30880785 0.13279366 -0.31937468
v -0.31102231 0.14989217 -0.30450115
v -0.30036110 0.14454597 -0.32314217
v -0.31277013 0.15338865 -0.29900756
v -0.30973652 0.15713944 -0.30088225
v -0.30265412 0.18117693 -0.28888386
v -0.32283223 0.14894412 -0.28452164
v -0.31242684 0.15713738 -0.29644474
v -0.29572052 0.15714727 -0.32015809
v -0.29444078 0.17386794 -0.30923498
v -0.29141650 0.15267792 -0.32944447
v -0.28065664 0.16702603 -0.32944882
v -0.27847946 0.17479371 -0.32611591
v -0.27181542 0.17877711 -0.32944915
v 0.26602677 0.15463391 -0.32920596
v 0.27127674 0.14924444 -0.32520223
v 0.28268445 0.13438065 -0.32061648
v 0.26108131 0.16234736 -0.32920647
v 0.24267142 0.18759288 -0.32920554
v 0.25723654 0.17881134 -0.32193470
v 0.26848590 0.15725474 -0.32363480
v 0.26702511 0.17734462 -0.31069633
v 0.28070691 0.15724960 -0.31037003
v 0.28725097 0.15556793 -0.30401498
v 0.28672877 0.15840578 -0.30297723
v 0.28941986 0.15724520 -0.30066127
v 0.28229678 0.16377841 -0.30392373
v 0.28754064 0.16119105 -0.30066296
v 0.29985899 0.12938555 -0.30206695
v 0.30083901 0.12867689 -0.30114102
v 0.30201659 0.12867606 -0.29957238
v 0.30067897 0.13031879 -0.30065298
v 0.31676334 0.12284102 -0.28054559
v 0.31533796 0.13520569 -0.27984470
v 0.30655137 0.14965354 -0.28551072
v 0.30375257 0.16761935 -0.27992204
v 0.31747144 0.07662531 0.46118683
v 0.31001908 0.07135537 0.44694191
v 0.31133437 0.06301486 0.46427137
v 0.32799459 0.07135594 0.48879933
v 0.32553512 0.07258770 0.48323631
v 0.32596749 0.07135622 0.48547915
v 0.32272437 0.06871793 0.48183441
v 0.31917459 0.05368789 0.49329937
v 0.33305097 0.07135132 0.49871749
v -0.30115941 0.18572438 -0.28700081
v -0.30038515 0.18572509 -0.28811029
v -0.28603217 0.18574336 -0.30799240
v -0.30070812 0.18636937 -0.28693596
v -0.29966629 0.18716811 -0.28733426
v -0.30306402 0.18438260 -0.28527495
v -0.30143687 0.18624966 -0.28608915
v -0.30038801 0.18787186 -0.28554189
v -0.27879912 0.19969109 -0.30088592
v -0.26152119 0.21435310 -0.30086839
v -0.27981919 0.20802401 -0.28827518
v -0.27182609 0.19330034 -0.31596488
v -0.26097751 0.19462964 -0.32401246
v -0.25983247 0.21208325 -0.30540535
v -0.24327248 0.20834014 -0.32640898
v -0.25853226 0.21532124 -0.30279678
v -0.25324771 0.21435842 -0.30949473
v -0.25867829 0.21657489 -0.30086550
v -0.25579941 0.21789539 -0.30263171
v -0.24883771 0.23185739 -0.29211563
v -0.26781791 0.22457722 -0.28042063
v -0.24011287 0.21436659 -0.32309109
v -0.23663200 0.22963905 -0.30847579
v -0.24227349 0.24087420 -0.28760654
v -0.23721249 0.21133548 -0.32941455
v -0.22035599 0.22583865 -0.32939371
v -0.21683657 0.22972709 -0.32832715
v -0.21471103 0.23059893 -0.32938731
v 0.21087271 0.21278389 -0.32918650
v 0.21409388 0.21148919 -0.32773581
v 0.23635758 0.19695112 -0.32604891
v 0.20150538 0.22069015 -0.32918078
v 0.18552363 0.23383062 -0.32916975
v 0.19256133 0.23219627 -0.32565689
v 0.21259588 0.21439335 -0.32619259
v 0.20961854 0.23401889 -0.31043881
v 0.21753204 0.21439052 -0.32231545
v 0.23634335 0.20641950 -0.31656617
v 0.23218095 0.21818615 -0.30825430
v 0.24634948 0.21437186 -0.30065733
v 0.22196883 0.22718358 -0.30703345
v 0.23343885 0.22450036 -0.30064887
v 0.24267153 0.19590037 -0.32080287
v 0.26154378 0.18581492 -0.31007433
v 0.25358137 0.20761043 -0.30066219
v 0.27126461 0.18581113 -0.30041689
v 0.26245418 0.20340377 -0.29518840
v 0.27561408 0.19450065 -0.29074654
v 0.28107396 0.18580800 -0.29129466
v 0.28898245 0.19465241 -0.27756387
v 0.25446686 0.21187241 -0.29567418
v 0.25178829 0.21953569 -0.29032427
v 0.26584136 0.21436156 -0.28295469
v 0.27330425 0.21435870 -0.27621192
v 0.29985017 0.17549805 -0.28008693
v 0.30535465 0.17426723 -0.27488577
v 0.33031130 0.06671230 0.49872112
v 0.30808401 0.05275325 0.47021890
v 0.31454659 0.04278559 0.49712151
v -0.22426224 0.24294752 -0.30560154
v -0.23898032 0.24294245 -0.28873169
v -0.24330817 0.24151334 -0.28586203
v -0.24219023 0.24238199 -0.28601524
v -0.24331018 0.24293959 -0.28430963
v -0.24083576 0.24417856 -0.28533733
v -0.21854475 0.25058320 -0.30082548
v -0.22056444 0.26304218 -0.28390655
v -0.21471804 0.24740446 -0.30972803
v -0.20620963 0.25999328 -0.30081576
v -0.19960141 0.24968328 -0.32181147
v -0.19678712 0.26420951 -0.30446202
v -0.18614765 0.25709611 -0.32213137
v -0.19841897 0.26746416 -0.29878077
v -0.18919176 0.27152610 -0.30079672
v -0.20423414 0.26774329 -0.29326871
v -0.19709301 0.27152380 -0.29408613
v -0.17675185 0.27152938 -0.31052813
v -0.16696666 0.27644658 -0.31058818
v -0.17494911 0.27766609 -0.30384243
v -0.17661670 0.28097078 -0.29606616
v -0.16601494 0.28328097 -0.30076626
v -0.16775614 0.26233542 -0.32932076
v -0.15758398 0.26750234 -0.32930776
v -0.15134305 0.27956825 -0.31680301
v -0.14052272 0.27728811 -0.32928845
v -0.15233994 0.28956848 -0.30074787
v -0.13369262 0.29078636 -0.31033373
v -0.12553139 0.29311556 -0.31148466
v -0.12902403 0.28639305 -0.32184610
v -0.11110744 0.29115412 -0.32391712
v -0.10044342 0.29154235 -0.32923004
v -0.04325911 0.30316836 -0.32915294
v 0.01395961 0.30540162 -0.32912344
v 0.07119073 0.29449248 -0.32911485
v 0.08856323 0.29447296 -0.32044283
v 0.09794530 0.29639596 -0.31300572
v 0.12304111 0.28046679 -0.31848770
v 0.10217094 0.29529610 -0.31245777
v 0.12436835 0.29207745 -0.30058274
v 0.11166070 0.27745074 -0.32912633
v 0.09978696 0.29087478 -0.31943989
v 0.12837462 0.26963845 -0.32913619
v 0.14020628 0.26314980 -0.32914430
v 0.16909245 0.26722428 -0.30273676
v 0.15695062 0.25886729 -0.32282761
v 0.17099702 0.24997821 -0.32189882
v 0.17004697 0.26913241 -0.29941842
v 0.13645349 0.27770442 -0.31297976
v 0.16440551 0.27149689 -0.30059919
v 0.14857095 0.27150387 -0.31241274
v 0.13492356 0.28693283 -0.30058759
v 0.14633724 0.27886230 -0.30427760
v 0.14901954 0.28422347 -0.29423451
v 0.17392553 0.26610932 -0.30060253
v 0.16921748 0.27149457 -0.29657853
v 0.17326619 0.26945913 -0.29653162
v 0.18551576 0.24898821 -0.31267935
v 0.20040303 0.24294809 -0.30805939
v 0.19141886 0.25474912 -0.30061567
v 0.21408057 0.24293715 -0.29621080
v 0.21044439 0.25019991 -0.28998780
v 0.21646637 0.24770652 -0.28875053
v 0.22158958 0.24292910 -0.29011831
v 0.21408066 0.25485724 -0.28039643
v 0.22504075 0.24839653 -0.28089744
v 0.19260101 0.26430148 -0.28623885
v 0.24266976 0.23383118 -0.28249022
v 0.25187457 0.23322985 -0.27671677
v 0.27126369 0.21839283 -0.27415532
v -0.18620649 0.28610265 -0.27954015
v -0.17177483 0.29287976 -0.27930087
v -0.13750711 0.30010560 -0.29067442
v -0.15762272 0.29411486 -0.28879613
v -0.12904404 0.30010861 -0.29604185
v -0.11319646 0.30011296 -0.30704629
v -0.13090725 0.30382234 -0.28829256
v -0.12659878 0.30500662 -0.28887543
v -0.13703972 0.30409652 -0.28246266
v -0.12905478 0.30675399 -0.28311250
v -0.10398388 0.30717662 -0.30066261
v -0.10362662 0.31756502 -0.27841944
v -0.10044942 0.30372593 -0.30787969
v -0.09594592 0.30912063 -0.30064675
v -0.07777691 0.30306935 -0.31786489
v -0.07560343 0.30760205 -0.31115612
v -0.06710311 0.30960780 -0.31014049
v -0.07185413 0.30487329 -0.31727740
v -0.06170671 0.30517599 -0.31995311
v -0.07970171 0.31579074 -0.29417861
v -0.06284808 0.31811494 -0.29531774
v -0.09639122 0.31847379 -0.28022131
v -0.07271390 0.32869413 -0.27373970
v -0.05198963 0.31755239 -0.30058786
v -0.07070664 0.32869348 -0.27436125
v -0.05184073 0.32296795 -0.28916347
v -0.04325758 0.30915704 -0.31869280
v -0.03353110 0.31953031 -0.30057785
v -0.03030064 0.30790836 -0.32267183
v -0.02319524 0.31715441 -0.30632621
v -0.00511519 0.31913882 -0.30532241
v -0.01465373 0.31046954 -0.32004201
v 0.00349572 0.30914646 -0.32390374
v -0.02554493 0.32185066 -0.29716671
v -0.00304369 0.32327574 -0.29787630
v -0.03367023 0.32396406 -0.29116559
v -0.02053706 0.32866445 -0.28375208
v 0.00316164 0.32163584 -0.30056325
v -0.00771189 0.32865754 -0.28586805
v 0.00311558 0.32518724 -0.29363903
v 0.01395771 0.31046599 -0.32132110
v 0.02508016 0.32229418 -0.30055577
v 0.02679006 0.30796131 -0.32271767
v 0.03372684 0.31772929 -0.30601341
v 0.04991925 0.31475443 -0.30749828
v 0.04257146 0.30831930 -0.31895614
v 0.05308102 0.30532768 -0.32008079
v 0.03098715 0.32318869 -0.29783157
v 0.05307618 0.32105938 -0.29677051
v 0.02512058 0.32550937 -0.29429191
v 0.03544018 0.32863575 -0.28620797
v 0.06304172 0.31630719 -0.30055922
v 0.04818242 0.32863081 -0.28322059
v 0.06272855 0.32276309 -0.28884783
v 0.07118122 0.30606902 -0.31254625
v 0.09175624 0.30006769 -0.31083417
v 0.07706653 0.31182879 -0.30056375
v 0.09977813 0.30006072 -0.30619597
v 0.09424412 0.31107971 -0.29180431
v 0.10390081 0.30830488 -0.29042435
v 0.11531285 0.30004618 -0.29406464
v 0.09976200 0.31653857 -0.27803895
v 0.11872771 0.30950123 -0.27683097
v 0.07736395 0.32051566 -0.28438267
v 0.12835549 0.29571402 -0.29192305
v 0.14581686 0.29448119 -0.28077006
v 0.15693508 0.28879449 -0.28070694
v 0.15693329 0.30001938 -0.26263022
v -0.07186691 0.32956970 -0.27248377
v -0.01465467 0.33374929 -0.27454528
v 0.04255683 0.33347884 -0.27441502
v 0.31514934 0.04278513 0.49874896
v 0.30382279 0.06261595 0.44167298
v 0.29946253 0.06390381 0.42678899
v 0.30710760 0.07135428 0.43784368
v 0.30442983 0.05209353 0.46028125
v 0.29945871 0.03815009 0.47024316
v 0.29154038 0.04278219 0.44169661
v 0.29249805 0.03546645 0.45632720
v 0.28804499 0.03706058 0.44170380
v 0.27383444 0.02007542 0.43037820
v 0.28798479 0.03998160 0.43610567
v 0.29110670 0.04870301 0.42985845
v 0.29487976 0.03079151 0.47025526
v 0.31422266 0.04180386 0.49826097
v 0.31428424 0.04168034 0.49875060
v 0.31066149 0.03971269 0.49262005
v 0.30988920 0.03509486 0.49876046
v 0.29722416 0.03073487 0.47471476
v 0.29771975 0.01767123 0.49878758
v 0.27017644 0.01566308 0.42817873
v -0.15826929 -0.32930240 -0.24332745
v -0.15783538 -0.32889378 -0.24424687
v -0.13199277 -0.32978579 -0.25898564
v -0.15720190 -0.32969940 -0.24332726
v -0.13109080 -0.33210015 -0.25576863
v -0.13584441 -0.34162116 -0.23563752
v -0.12658817 -0.33371732 -0.25495735
v -0.12109295 -0.34467906 -0.23716690
v -0.10886950 -0.34483939 -0.24331734
v -0.10776599 -0.34981459 -0.22899738
v -0.12924570 -0.33095673 -0.25888491
v -0.07201932 -0.35984084 -0.21616480
v -0.12275339 -0.33165252 -0.26085392
v -0.10064854 -0.33748081 -0.26147616
v -0.10065196 -0.33068565 -0.27189761
v -0.08956218 -0.33714628 -0.26634598
v -0.09113692 -0.34738487 -0.24330376
v -0.08122510 -0.34674096 -0.24841371
v -0.08274423 -0.34978580 -0.23970635
v -0.09215233 -0.35115248 -0.23167104
v -0.07602227 -0.35696042 -0.22271296
v -0.06055856 -0.35132515 -0.24610212
v -0.05957812 -0.35327712 -0.24143951
v -0.05575236 -0.35299549 -0.24327905
v -0.06532913 -0.35695851 -0.22809455
v -0.05560838 -0.35483578 -0.23903224
v -0.07204720 -0.34185809 -0.26431549
v -0.01482578 -0.36561194 -0.21902505
v -0.04543496 -0.34168604 -0.27086103
v -0.04344859 -0.34201145 -0.27051848
v -0.04344944 -0.34143111 -0.27185258
v -0.04186825 -0.34188771 -0.27106097
v -0.03015285 -0.35492799 -0.24326292
v -0.02794630 -0.35456410 -0.24445611
v -0.02841062 -0.35549390 -0.24253328
v -0.03022901 -0.35586151 -0.24108267
v -0.02717763 -0.35694987 -0.23934558
v -0.00187521 -0.35428768 -0.24457666
v -0.00135999 -0.35531437 -0.24243553
v 0.00037909 -0.35508814 -0.24324788
v -0.00270677 -0.35694033 -0.23892486
v 0.00041199 -0.35598239 -0.24133353
v -0.01485611 -0.34426102 -0.26549175
v 0.04233695 -0.36475831 -0.21858940
v 0.01149302 -0.34153649 -0.27069807
v 0.01372695 -0.34187651 -0.27026188
v 0.01372594 -0.34107316 -0.27181381
v 0.01602027 -0.34150368 -0.27066502
v 0.02690056 -0.35465664 -0.24323270
v 0.02968879 -0.35361141 -0.24488677
v 0.02897460 -0.35504308 -0.24229267
v 0.02686458 -0.35575205 -0.24089032
v 0.03072171 -0.35692048 -0.23786704
v 0.05374305 -0.35118547 -0.24607934
v 0.05491176 -0.35351691 -0.24152792
v 0.05901824 -0.35206920 -0.24321909
v 0.05223627 -0.35690349 -0.23447371
v 0.05899519 -0.35451010 -0.23844323
v 0.04230418 -0.34272909 -0.26470274
v 0.09947512 -0.35848513 -0.21546049
v 0.06230190 -0.33832824 -0.26749495
v 0.07087606 -0.33891582 -0.26439369
v 0.07087355 -0.33528554 -0.27177915
v 0.08367112 -0.33620214 -0.26537809
v 0.08154552 -0.34963861 -0.24320996
v 0.09147123 -0.34426412 -0.24951355
v 0.08850053 -0.35021374 -0.23987734
v 0.08158612 -0.35329527 -0.23603930
v 0.09658613 -0.35686654 -0.22041675
v 0.10538487 -0.34016943 -0.25155041
v 0.10872293 -0.34682810 -0.23818623
v 0.12175977 -0.34081230 -0.24319634
v 0.10125136 -0.35686222 -0.21820424
v 0.12226155 -0.34834123 -0.22618747
v 0.09944405 -0.33581218 -0.26124141
v 0.10933112 -0.33324149 -0.26242900
v 0.12801819 -0.33353469 -0.25369686
v 0.12800585 -0.32395196 -0.27176693
v 0.13298202 -0.33818766 -0.24319398
v 0.15279379 -0.33589748 -0.23272578
v 0.13255629 -0.34706974 -0.22365789
v 0.15958926 -0.33421797 -0.23188619
v -0.21786588 -0.31564909 -0.21623001
v -0.24841750 -0.28112426 -0.23397605
v -0.21558039 -0.29990366 -0.24335980
v -0.23482218 -0.28876120 -0.23779078
v -0.22563270 -0.29265431 -0.24336465
v -0.21902286 -0.31012976 -0.22290346
v -0.22620600 -0.29686028 -0.23726474
v -0.20469137 -0.30789644 -0.24335946
v -0.21495828 -0.31596696 -0.21832572
v -0.20412989 -0.30333334 -0.25022987
v -0.19603123 -0.30922440 -0.24802083
v -0.17997018 -0.31558084 -0.25119504
v -0.15930603 -0.32843545 -0.24406350
v -0.19017275 -0.32092535 -0.23282723
v -0.18462148 -0.32489449 -0.23083596
v -0.16463564 -0.32843992 -0.23992935
v -0.20054421 -0.32139283 -0.22198135
v -0.18639618 -0.32845876 -0.22048753
v -0.18640186 -0.32582501 -0.22773719
v -0.18358287 -0.32704768 -0.22764318
v -0.20960796 -0.29098791 -0.26118514
v -0.21498634 -0.28299949 -0.26672876
v -0.21498904 -0.27876616 -0.27195156
v -0.21083759 -0.28353196 -0.26987094
v -0.19068915 -0.29988867 -0.26337710
v -0.18433812 -0.29988378 -0.26777768
v -0.16039780 -0.31159341 -0.26680058
v -0.18195242 -0.29765239 -0.27193052
v -0.18641442 -0.29681674 -0.27039734
v -0.15783627 -0.32601273 -0.24817279
v -0.15782607 -0.33462232 -0.23094369
v -0.14053570 -0.32277977 -0.26325983
v -0.15783972 -0.30866712 -0.27192083
v -0.15604301 -0.31235197 -0.26832369
v -0.15208873 -0.31127197 -0.27191824
v -0.15592985 -0.34177336 -0.21568835
v -0.12922147 -0.34901747 -0.21872947
v 0.14685762 -0.32827136 -0.25260574
v 0.14630233 -0.32313290 -0.26261583
v 0.15659970 -0.32826579 -0.24520105
v 0.15458183 -0.32425106 -0.25546354
v 0.15949732 -0.32245290 -0.25456744
v 0.15658808 -0.32078922 -0.26121044
v 0.16902351 -0.32825938 -0.23511456
v 0.15662053 -0.33993214 -0.22308409
v 0.17032418 -0.33510783 -0.22207226
v 0.18080305 -0.31950337 -0.24319586
v 0.18055761 -0.30936247 -0.26254982
v 0.17379348 -0.30829018 -0.27175772
v 0.19259080 -0.31343070 -0.24319997
v 0.18518993 -0.32258052 -0.23186006
v 0.18516110 -0.30249310 -0.27175856
v 0.19284648 -0.30628687 -0.25641799
v 0.20310357 -0.30693981 -0.24683510
v 0.20494923 -0.31061250 -0.23774076
v 0.19960175 -0.32115918 -0.22184226
v 0.21378435 -0.31457299 -0.22210354
v 0.20268822 -0.29414788 -0.27176335
v 0.22066137 -0.29966640 -0.24320984
v 0.20629400 -0.29967132 -0.25685963
v 0.22618593 -0.29592222 -0.24508211
v 0.22685720 -0.29726085 -0.24200961
v 0.23121102 -0.29336214 -0.24321160
v 0.22569431 -0.29966483 -0.23847845
v 0.23075902 -0.29697227 -0.23782861
v 0.21374747 -0.29051769 -0.26719114
v 0.23122935 -0.27982602 -0.26621443
v 0.24234563 -0.27760184 -0.25622642
v 0.24234533 -0.26636928 -0.27176851
v 0.24758089 -0.28154343 -0.24321637
v 0.24826798 -0.29127878 -0.22644541
v -0.17040947 0.04525385 0.44152609
v -0.18233901 0.07124268 0.42911884
v -0.27527928 -0.25866818 -0.21642207
v -0.27345726 -0.24276353 -0.24340580
v -0.28045410 -0.23096888 -0.24341419
v -0.27615470 -0.25297609 -0.22299042
v -0.28164607 -0.23806554 -0.23399749
v -0.25654858 -0.27133968 -0.23560463
v -0.26441452 -0.25598699 -0.24339297
v -0.27207488 -0.26022214 -0.22113836
v -0.26387236 -0.24882051 -0.25553063
v -0.25450087 -0.24823511 -0.27198023
v -0.24353915 -0.27132744 -0.25345677
v -0.24559487 -0.26721272 -0.25561607
v -0.24269250 -0.26962715 -0.25682190
v -0.24354237 -0.26657820 -0.26004803
v -0.24113773 -0.27132574 -0.25646725
v -0.24026917 -0.26968724 -0.25930911
v -0.25707191 -0.27812409 -0.22230281
v -0.24351610 -0.29736847 -0.21605830
v -0.26900572 -0.23155233 -0.26581392
v -0.26506904 -0.23198128 -0.27198362
v -0.27208498 -0.22575083 -0.26654908
v -0.27208355 -0.21999349 -0.27198926
v -0.26927060 -0.22705817 -0.27057469
v 0.25478715 -0.27109069 -0.24942335
v 0.26695803 -0.27110168 -0.23093742
v 0.25138828 -0.26132417 -0.26725632
v 0.25859648 -0.24869055 -0.27177304
v 0.26484397 -0.25890973 -0.25140512
v 0.26973695 -0.26867294 -0.23015842
v 0.26759240 -0.27278391 -0.22726355
v 0.26953131 -0.27039266 -0.22823286
v 0.27095735 -0.27110550 -0.22534660
v 0.27095473 -0.26895732 -0.22787127
v 0.26614612 -0.24012876 -0.27177688
v 0.28164047 -0.24252914 -0.24321973
v 0.26798066 -0.24252371 -0.26586065
v 0.28324327 -0.23853153 -0.24522011
v 0.28407162 -0.24018541 -0.24204896
v 0.29143935 -0.23016569 -0.24322540
v 0.28364646 -0.24253081 -0.24002379
v 0.28901166 -0.23878063 -0.23571217
v 0.27094167 -0.23602116 -0.26852804
v 0.28639281 -0.22168270 -0.26521826
v 0.29954827 -0.21683642 -0.24894680
v 0.29955056 -0.20105930 -0.27179453
v 0.30137661 -0.21762975 -0.24323171
v 0.30297613 -0.23168451 -0.22148846
v -0.17686439 0.05300917 0.44669691
v -0.18597321 0.06234788 0.46026307
v -0.19484976 0.07569749 0.46026233
v -0.19068965 0.07125501 0.45347255
v -0.18994041 0.06927356 0.45780426
v -0.18793659 0.06732997 0.45386246
v -0.18598132 0.07124845 0.44027168
v -0.18596980 0.05469746 0.47606570
v -0.20249648 0.07952949 0.47611129
v -0.19876832 0.07126343 0.49073195
v -0.19537550 0.06656153 0.47965258
v -0.19160363 0.05998205 0.48997134
v -0.32942763 -0.15775205 -0.24348003
v -0.33083910 -0.17311922 -0.21841930
v -0.29361153 -0.20019217 -0.25072131
v -0.28581733 -0.21419019 -0.25030315
v -0.28180936 -0.20477089 -0.26712716
v -0.29978034 -0.21255332 -0.22997390
v -0.29876736 -0.21420972 -0.23006602
v -0.29929695 -0.21486765 -0.22848715
v -0.30060786 -0.21421281 -0.22687423
v -0.30060768 -0.21281545 -0.22844796
v -0.29982257 -0.21381767 -0.22875135
v -0.32908139 -0.15753669 -0.24443838
v -0.31432843 -0.16393986 -0.26464757
v -0.30877212 -0.18562552 -0.24345230
v -0.32738751 -0.16045824 -0.24347715
v -0.31176707 -0.17944813 -0.24654831
v -0.31291744 -0.18175183 -0.24151826
v -0.32292563 -0.17753261 -0.22725248
v -0.31222457 -0.18563060 -0.23818371
v -0.29699689 -0.18561381 -0.26481813
v -0.28907537 -0.19137983 -0.27201265
v -0.29522154 -0.18292449 -0.27201951
v -0.30058753 -0.17831805 -0.26837775
v 0.30388999 -0.21398379 -0.24539921
v 0.30757114 -0.21399152 -0.23923127
v 0.30053899 -0.20019239 -0.27130184
v 0.30127531 -0.19883929 -0.27179515
v 0.31859392 -0.19490466 -0.24797225
v 0.32128087 -0.20027368 -0.23583332
v 0.31256852 -0.22179571 -0.22117060
v 0.31996515 -0.20992383 -0.22487089
v 0.32816818 -0.21403420 -0.20460352
v 0.32816237 -0.20093837 -0.22242308
v 0.31527305 -0.17900270 -0.27180082
v 0.32696599 -0.18545616 -0.24324432
v 0.32058740 -0.18544450 -0.25667131
v 0.33242986 -0.16541019 -0.25326976
v 0.33676901 -0.17409061 -0.23755839
v 0.33504400 -0.18547052 -0.22842398
v 0.32816988 -0.16569632 -0.26192158
v 0.33248654 -0.15905406 -0.25967485
v -0.19821109 0.07126431 0.49859029
v -0.19133765 0.06052196 0.49858564
v -0.17035659 0.04401503 0.44421101
v -0.17774214 0.04680248 0.47005892
v -0.16868609 0.04266769 0.44152305
v -0.15340373 0.02214316 0.44150767
v -0.15335019 0.03244534 0.42113787
v -0.16660553 0.03757183 0.45170355
v -0.16689208 0.04747690 0.43191713
v -0.34467214 -0.13121437 -0.24485517
v -0.32975644 -0.15705758 -0.24381901
v -0.34582809 -0.13353470 -0.24097067
v -0.33042064 -0.15705854 -0.24280883
v -0.33528668 -0.16824871 -0.21801417
v -0.35757524 -0.15710090 -0.20491001
v -0.35756230 -0.13781375 -0.21956958
v -0.34684956 -0.15170148 -0.22382519
v -0.34697250 -0.12848876 -0.24349387
v -0.36156604 -0.10796553 -0.23323888
v -0.36111042 -0.12850703 -0.22204396
v -0.34504148 -0.12848802 -0.24696125
v -0.33727086 -0.13454828 -0.25561112
v -0.34909540 -0.11688618 -0.24929859
v -0.33780175 -0.11857846 -0.27206671
v -0.32907984 -0.15498562 -0.24762487
v -0.32394019 -0.14534414 -0.26948142
v -0.32907224 -0.13426025 -0.27205983
v -0.32725376 -0.14094773 -0.26840955
v -0.32553428 -0.14099739 -0.27205783
v -0.34861600 -0.10439800 -0.26227185
v 0.33649689 -0.15690549 -0.25336754
v 0.33407646 -0.15395488 -0.26046851
v 0.34515142 -0.15691623 -0.23744397
v 0.34854731 -0.16709974 -0.21879855
v 0.34852666 -0.14042929 -0.24324507
v 0.34701601 -0.13287851 -0.25229150
v 0.34813857 -0.12271841 -0.25451934
v 0.35333183 -0.12836234 -0.24324785
v 0.33596241 -0.13222145 -0.27179962
v 0.33804098 -0.12342581 -0.27180210
v 0.35678369 -0.14640239 -0.22219884
v 0.36051723 -0.14451797 -0.21655723
v 0.34443429 -0.10789313 -0.26562956
v 0.35680750 -0.10166433 -0.24697924
v 0.35856420 -0.10331900 -0.24326071
v 0.36006507 -0.13937882 -0.22124164
v 0.36339325 -0.12068303 -0.22787644
v -0.17524144 0.04269393 0.49149358
v -0.16645311 0.03291287 0.47004312
v -0.15598787 0.01699151 0.49855381
v -0.17555514 0.04269655 0.49856678
v -0.17307051 0.03995524 0.49719769
v -0.16470835 0.02869126 0.49855900
v -0.17313658 0.03982244 0.49856415
v -0.36439699 -0.09992146 -0.23265618
v -0.35755536 -0.09991661 -0.24764855
v -0.35525188 -0.09529755 -0.25548604
v -0.35367796 -0.09991386 -0.25584507
v -0.35243040 -0.09734359 -0.26036197
v -0.36541182 -0.08414692 -0.23712808
v -0.36747223 -0.10489933 -0.22425574
v -0.36946747 -0.09395618 -0.22326335
v -0.36045614 -0.04427021 -0.25934225
v -0.36548313 -0.07135099 -0.24353921
v -0.36246371 -0.05269985 -0.25290117
v -0.36741593 -0.06260934 -0.23918299
v -0.36830297 -0.07135488 -0.23655728
v -0.35613620 -0.07135241 -0.26929355
v -0.35438797 -0.07293332 -0.27210864
v -0.35496294 -0.07006040 -0.27211198
v -0.35752958 -0.05934848 -0.26612505
v 0.34675625 -0.09054029 -0.26678860
v 0.35151231 -0.08020696 -0.26120198
v 0.35314509 -0.06066478 -0.26443473
v 0.36240125 -0.07125005 -0.24328721
v 0.34578785 -0.07999746 -0.27182141
v 0.34910014 -0.06082918 -0.27183867
v 0.35681215 -0.09732527 -0.24822074
v 0.35872507 -0.09980694 -0.24421939
v 0.36018023 -0.09980829 -0.24157910
v 0.35996959 -0.09350562 -0.24326856
v 0.36966160 -0.10767686 -0.22112657
v 0.37211803 -0.09318361 -0.22235608
v 0.35120702 -0.05413617 -0.26902255
v 0.35686088 -0.05093716 -0.25980181
v 0.36430693 -0.05759161 -0.24330327
v 0.36697128 -0.07540601 -0.23498388
v 0.36743069 -0.06755649 -0.23589508
v -0.36167017 -0.04279736 -0.25578719
v -0.36952612 -0.04279996 -0.23532566
v -0.36056891 -0.04126696 -0.25940338
v -0.36219481 -0.03340127 -0.25318497
v -0.35750279 -0.02202240 -0.26829752
v -0.36713958 -0.02347624 -0.23900050
v -0.37504750 -0.05158681 -0.22051361
v -0.37598866 -0.03355168 -0.22005871
v -0.35940492 0.01334979 -0.25892028
v -0.36469373 -0.01424507 -0.24363324
v -0.36083344 0.00760412 -0.25459552
v -0.36642414 -0.00359833 -0.23832333
v -0.36792651 -0.01424875 -0.23598674
v -0.35668781 -0.01424385 -0.27057654
v -0.35611022 -0.01493940 -0.27220014
v -0.35604930 -0.01351774 -0.27220264
v -0.35749376 -0.00355531 -0.26687139
v 0.35206389 -0.03081503 -0.26946431
v 0.35422462 -0.02574332 -0.26655304
v 0.35492510 -0.00185336 -0.26792148
v 0.36793000 -0.01413917 -0.24334964
v 0.35102230 -0.02547475 -0.27187937
v 0.35250103 -0.00206568 -0.27190939
v 0.35688066 -0.03377128 -0.26115119
v 0.36451876 -0.04269258 -0.24713725
v 0.36993515 -0.04269714 -0.23678340
v 0.36757603 -0.02134273 -0.24334081
v 0.37653738 -0.04715181 -0.22457740
v 0.37659657 -0.03828147 -0.22461300
v 0.38543987 -0.04271429 -0.20395873
v 0.35344371 0.00188204 -0.27017623
v 0.35692507 0.00407956 -0.26404676
v 0.36788160 -0.00751825 -0.24336043
v 0.36957034 -0.01575626 -0.24011540
v 0.36947063 -0.01242265 -0.23991442
v -0.36032715 0.01431037 -0.25653544
v -0.36824685 0.01429804 -0.23478401
v -0.35930839 0.01522523 -0.25887468
v -0.36140856 0.02216960 -0.25403917
v -0.35747969 0.03109241 -0.26637989
v -0.36711010 0.03358203 -0.23906827
v -0.37449902 0.00577277 -0.22086206
v -0.37553227 0.02332175 -0.22036000
v -0.36009827 0.07010566 -0.25934577
v -0.36570090 0.04285402 -0.24372007
v -0.36300954 0.06034492 -0.25248978
v -0.36760339 0.05114023 -0.23958410
v -0.36828023 0.04285027 -0.23678510
v -0.35652441 0.04286669 -0.27037892
v -0.35584643 0.04205080 -0.27228582
v -0.35585749 0.04367829 -0.27228776
v -0.35747936 0.05132865 -0.26806492
v 0.35224712 0.02634084 -0.26960391
v 0.35372806 0.03192059 -0.26551360
v 0.35154569 0.05183017 -0.26116943
v 0.36393899 0.04296990 -0.24342957
v 0.35580429 0.06923366 -0.24347247
v 0.34956625 0.03238994 -0.27196705
v 0.34490627 0.05121611 -0.27200043
v 0.35694867 0.02367671 -0.26192442
v 0.36589381 0.01441523 -0.24787152
v 0.36978388 0.01441203 -0.23695818
v 0.36567062 0.03188096 -0.24341588
v 0.37530491 0.00932121 -0.22400644
v 0.37429154 0.02000155 -0.22351405
v 0.34406751 0.06369989 -0.26557100
v 0.36763337 0.03938553 -0.23625655
v 0.36649287 0.04769122 -0.23398449
v -0.36161205 0.07141272 -0.25596893
v -0.36876118 0.07140365 -0.23511115
v -0.35981315 0.07258159 -0.25920475
v -0.36064529 0.07774039 -0.25487757
v -0.35748178 0.07874855 -0.26170659
v -0.36495793 0.08636312 -0.23696043
v -0.37694806 0.06165515 -0.21969564
v -0.37284738 0.07908694 -0.22176421
v -0.35940558 0.09996752 -0.24376851
v -0.36458254 0.09995937 -0.22940710
v -0.35197461 0.09997632 -0.26129898
v -0.35081702 0.11519097 -0.25137410
v -0.35586220 0.12526861 -0.23112598
v -0.34858394 0.09552896 -0.27231583
v -0.34565547 0.10589927 -0.27232164
v -0.34330314 0.12145284 -0.26514089
v 0.32783702 0.09980820 -0.27206409
v 0.32841095 0.09896419 -0.27149814
v 0.35394743 0.07152435 -0.24497816
v 0.34020999 0.07742526 -0.26365834
v 0.35539490 0.07152383 -0.24269825
v 0.32767987 0.10046107 -0.27206510
v 0.32784194 0.12838604 -0.25810739
v 0.32811263 0.10009513 -0.27146849
v 0.32816920 0.12821186 -0.25760594
v 0.33211961 0.10009348 -0.26464051
v 0.34980413 0.08582179 -0.24349424
v 0.34376475 0.09899934 -0.24568857
v 0.34349146 0.10090531 -0.24514557
v 0.34447196 0.10008810 -0.24351139
v 0.33137578 0.12269609 -0.25484186
v 0.34379146 0.10232427 -0.24351409
v 0.34862998 0.10603935 -0.23159710
v 0.35694808 0.06992577 -0.24027686
v 0.35694724 0.07543934 -0.23563993
v 0.36773783 0.06263991 -0.22028606
v 0.36175174 0.08338571 -0.21732284
v 0.35910007 0.08795056 -0.21924105
v -0.34588128 0.12854680 -0.25224438
v -0.33421439 0.14019607 -0.26968834
v -0.35488033 0.12853454 -0.23080222
v -0.35749295 0.12435982 -0.22740719
v -0.35587659 0.12772395 -0.22868514
v -0.35749519 0.12853074 -0.22452621
v -0.35541782 0.12957314 -0.22845590
v -0.34080961 0.15229216 -0.24377853
v -0.33512557 0.14902660 -0.25995827
v -0.33902234 0.15712073 -0.24377887
v -0.34127215 0.15516633 -0.23987609
v -0.33996975 0.16037905 -0.23726267
v -0.33170941 0.14422646 -0.27232823
v -0.32893628 0.15111481 -0.27233085
v -0.32545319 0.16792202 -0.26535484
v -0.32175183 0.16782200 -0.27233326
v -0.31949621 0.17614755 -0.26761335
v -0.32784075 0.18345095 -0.24379435
v 0.32802683 0.12866226 -0.25764790
v 0.32772008 0.12899978 -0.25816905
v 0.31577671 0.15091571 -0.27212411
v 0.32839403 0.12866192 -0.25698534
v 0.32797050 0.12951002 -0.25740877
v 0.33542350 0.14272538 -0.23631945
v 0.34047830 0.12865046 -0.23530790
v 0.35297456 0.11633924 -0.21694867
v 0.34510809 0.13700067 -0.22090884
v 0.30981791 0.16652921 -0.27213058
v 0.29984698 0.18712950 -0.27214268
v 0.30903676 0.17610720 -0.26754627
v 0.32817245 0.15722087 -0.24358135
v 0.32125041 0.15722695 -0.25784096
v 0.32081139 0.17061532 -0.25028649
v 0.32592508 0.18083866 -0.23179679
v 0.33508950 0.15721187 -0.22842243
v -0.34048057 0.17716017 -0.22098202
v -0.33047128 0.19923219 -0.21597891
v -0.32955053 0.20053941 -0.21636373
v -0.32566702 0.18570095 -0.24544308
v -0.32715434 0.18569942 -0.24289022
v -0.32896546 0.18387353 -0.24014813
v -0.32897952 0.19488122 -0.22542721
v -0.31260109 0.19181968 -0.26416627
v -0.31070983 0.20630157 -0.24778904
v -0.30040717 0.20325601 -0.26682326
v -0.31231418 0.20949619 -0.24141322
v -0.30674103 0.21428889 -0.24380246
v -0.32674006 0.20222685 -0.21973324
v -0.31118700 0.21428069 -0.23675872
v -0.29490611 0.21430761 -0.26132175
v -0.27269924 0.22779906 -0.27068102
v -0.29201120 0.22602400 -0.24964722
v -0.29603380 0.23403117 -0.23393655
v -0.29067397 0.20944592 -0.27233529
v -0.27187523 0.22725533 -0.27232516
v -0.27151924 0.22826712 -0.27161133
v -0.27096689 0.22817056 -0.27232471
v -0.27187937 0.23036160 -0.26885146
v -0.27041566 0.22935620 -0.27159470
v 0.29451293 0.19741227 -0.26947930
v 0.24267256 0.24288629 -0.27211136
v 0.26056123 0.23755661 -0.26320201
v 0.26856801 0.23748946 -0.25515467
v 0.29397073 0.20595068 -0.26039416
v 0.28951222 0.21829244 -0.25147876
v 0.29721165 0.21434703 -0.24359727
v 0.27740145 0.23066568 -0.25174868
v 0.29000056 0.22320431 -0.24359834
v 0.28221121 0.20888756 -0.27214003
v 0.27532539 0.21638480 -0.27213904
v 0.27126873 0.22482336 -0.26690343
v 0.29984424 0.19557124 -0.26314569
v 0.31300151 0.18578792 -0.25016928
v 0.32332280 0.18577890 -0.23186389
v 0.30714422 0.20037866 -0.24360245
v 0.32596239 0.18456081 -0.22811258
v 0.32839325 0.18044713 -0.22666237
v 0.32432538 0.18781351 -0.22729310
v 0.32839832 0.18577254 -0.22008590
v 0.30807215 0.20828418 -0.23149747
v 0.30124792 0.22722262 -0.21782860
v -0.27860075 0.24289249 -0.24713780
v -0.28607440 0.24288145 -0.23670593
v -0.30045700 0.23500098 -0.22559845
v -0.29543665 0.24035655 -0.22700951
v -0.30046585 0.24286082 -0.21763840
v -0.28993323 0.24814244 -0.22425559
v -0.27491358 0.24891543 -0.24378636
v -0.27644548 0.26169524 -0.22428912
v -0.27189827 0.24624871 -0.25047678
v -0.26592249 0.25488180 -0.24378449
v -0.25590754 0.24921167 -0.26433402
v -0.25263220 0.26148152 -0.24877596
v -0.24333659 0.25706938 -0.26510271
v -0.25461823 0.26543128 -0.24076009
v -0.24310544 0.27148861 -0.24377507
v -0.26397994 0.26512927 -0.23112375
v -0.25239164 0.27147686 -0.23327477
v -0.23389542 0.27150005 -0.25339517
v -0.22330205 0.27728412 -0.25530535
v -0.23187482 0.27707523 -0.24655223
v -0.23332909 0.27996969 -0.23953715
v -0.22305320 0.28358859 -0.24376373
v -0.22822948 0.26395711 -0.27229553
v -0.21477583 0.27275154 -0.27228659
v -0.20996511 0.28097162 -0.26264122
v -0.20281696 0.27982271 -0.27227288
v -0.21022917 0.29090613 -0.24375336
v -0.18803751 0.29649585 -0.25620440
v -0.18505448 0.29771918 -0.25681111
v -0.18623498 0.29526842 -0.26040453
v -0.18115959 0.29755467 -0.26052296
v -0.15764670 0.30184203 -0.27221704
v 0.12835187 0.30835131 -0.27202806
v 0.18302242 0.28326860 -0.26710388
v 0.18351559 0.29600897 -0.24350622
v 0.17880014 0.28240472 -0.27206957
v 0.18550648 0.27898005 -0.27207434
v 0.20478292 0.26683185 -0.27208126
v 0.21408768 0.26380926 -0.26825288
v 0.23417008 0.25294051 -0.26785648
v 0.18957484 0.28169113 -0.26395631
v 0.16557628 0.29570246 -0.26210076
v 0.20864421 0.27147120 -0.26119596
v 0.18888237 0.29329556 -0.24351045
v 0.20483863 0.28150916 -0.24854560
v 0.20795003 0.28770804 -0.23539951
v 0.22785641 0.27145618 -0.24462758
v 0.22887509 0.27098206 -0.24448812
v 0.22855456 0.27160847 -0.24384643
v 0.22923867 0.27145511 -0.24354097
v 0.22821471 0.27182877 -0.24372667
v 0.22795525 0.27234706 -0.24309398
v 0.22857437 0.27180043 -0.24354039
v 0.22961549 0.27266464 -0.24111938
v 0.24268109 0.25174856 -0.26123932
v 0.26360464 0.24290073 -0.25402296
v 0.25111216 0.25969750 -0.24355841
v 0.27128574 0.24289656 -0.24489084
v 0.26577038 0.25392923 -0.23481688
v 0.27440566 0.24910755 -0.23241785
v 0.27952936 0.24289289 -0.23343030
v 0.27130079 0.25842267 -0.22153576
v 0.28058863 0.24752933 -0.22467154
v 0.25155813 0.26600677 -0.23268346
v 0.29986069 0.22954735 -0.21693172
v 0.30099514 0.22917484 -0.21562177
v -0.24338463 0.28372973 -0.22135410
v -0.22792870 0.29233241 -0.22177216
v -0.19962095 0.30008221 -0.23615178
v -0.21482389 0.29429942 -0.23222196
v -0.18624510 0.30008942 -0.25066233
v -0.18059924 0.30009192 -0.25517085
v -0.18969348 0.30695903 -0.23289672
v -0.18120189 0.31020328 -0.23450205
v -0.19940762 0.30665514 -0.22290686
v -0.18626216 0.31352818 -0.22274756
v -0.16389453 0.31253144 -0.24368995
v -0.16369428 0.32038754 -0.22714874
v -0.15766308 0.30765253 -0.25876603
v -0.14891416 0.31762621 -0.24365939
v -0.14566851 0.30840176 -0.26620805
v -0.13854802 0.31902426 -0.24845630
v -0.11485318 0.32855332 -0.24363792
v -0.12906756 0.31496787 -0.26530275
v -0.13999669 0.32190362 -0.24025282
v -0.11482688 0.32860613 -0.24352901
v -0.14913015 0.32294381 -0.23220986
v -0.13612673 0.32867986 -0.22911996
v -0.11474762 0.32861301 -0.24357009
v -0.11461032 0.32851395 -0.24391919
v -0.11452220 0.32868880 -0.24356967
v -0.11492230 0.32868865 -0.24329798
v -0.11474470 0.32864788 -0.24348851
v -0.11425957 0.32921442 -0.24251835
v -0.10887247 0.31860191 -0.27211222
v -0.10046732 0.32165712 -0.27209255
v -0.09063670 0.33315095 -0.25243238
v -0.07332705 0.32942361 -0.27204815
v -0.09012094 0.33656970 -0.24351999
v -0.08183900 0.33735117 -0.24783608
v -0.07985717 0.34131306 -0.23719504
v -0.04897859 0.33725694 -0.26061323
v -0.06362767 0.34079406 -0.24953416
v -0.06575708 0.34503850 -0.23531145
v -0.04913857 0.34551257 -0.24346820
v -0.06913994 0.33005455 -0.27204317
v -0.07186697 0.33009562 -0.27134526
v -0.04325986 0.33272547 -0.27201879
v -0.03825505 0.33796024 -0.26202101
v -0.02554577 0.33410609 -0.27200839
v -0.03810332 0.34694052 -0.24345803
v -0.02119755 0.34416559 -0.25119162
v -0.01689366 0.35275704 -0.23140211
v 0.01019267 0.33917785 -0.26449224
v -0.00826666 0.34446624 -0.25134224
v -0.01249957 0.35291645 -0.23131950
v 0.00945295 0.34822518 -0.24343653
v -0.00119217 0.33537686 -0.27199739
v -0.01465532 0.33671543 -0.26797491
v 0.01395000 0.33568591 -0.27199441
v 0.01790437 0.33897528 -0.26409739
v 0.02967039 0.33507031 -0.27199349
v 0.01866951 0.34778127 -0.24343610
v 0.03575569 0.34361455 -0.25092787
v 0.03889780 0.34988180 -0.23281996
v 0.06398162 0.33572075 -0.25767612
v 0.05048491 0.34133095 -0.24980032
v 0.04713880 0.34801322 -0.23375216
v 0.06330845 0.34149444 -0.24345307
v 0.05112697 0.33290187 -0.27199575
v 0.04255531 0.33596671 -0.26832578
v 0.07115981 0.32823902 -0.27200380
v 0.08902790 0.32323027 -0.27200919
v 0.11382832 0.32810321 -0.24369498
v 0.09975997 0.32183006 -0.26863605
v 0.12328763 0.31177220 -0.26949748
v 0.11389881 0.32824376 -0.24330610
v 0.08044846 0.33359012 -0.25345486
v 0.11254504 0.32856292 -0.24346489
v 0.09240554 0.32857981 -0.25732636
v 0.08103976 0.33740348 -0.24345596
v 0.08854142 0.33473867 -0.24653766
v 0.08956315 0.33677942 -0.23936044
v 0.11433602 0.32800755 -0.24346544
v 0.11363223 0.32856235 -0.24261487
v 0.11438592 0.32823512 -0.24281147
v 0.12835300 0.31134444 -0.26611811
v 0.13741656 0.31810468 -0.24347620
v 0.14746734 0.30474743 -0.26249468
v 0.15432332 0.30523229 -0.25516209
v 0.15835777 0.30286038 -0.25635260
v 0.15693328 0.30228603 -0.25890908
v 0.16719611 0.30001479 -0.25265250
v 0.15913475 0.30111635 -0.25887626
v 0.14924388 0.31539547 -0.23689497
v 0.16218209 0.31047270 -0.23444223
v 0.17824487 0.30001175 -0.23986471
v 0.15695213 0.31779313 -0.22030835
v 0.17746449 0.31025213 -0.21896505
v 0.13685162 0.32276165 -0.23188061
v 0.18552363 0.29749906 -0.23848109
v 0.20427150 0.29508692 -0.22432433
v 0.21411425 0.29050595 -0.22450456
v 0.21412411 0.29999366 -0.20816594
v -0.12909928 0.33572233 -0.21858770
v -0.10267803 0.34405854 -0.21609014
v -0.10049572 0.34417999 -0.21741457
v -0.09587777 0.34527504 -0.21729110
v -0.07187693 0.34786731 -0.22452466
v -0.05928280 0.35096002 -0.22291751
v -0.04326374 0.35119638 -0.23137882
v -0.02021811 0.35445017 -0.22639619
v -0.01465600 0.35436952 -0.22774181
v -0.00959263 0.35469186 -0.22664008
v -0.01465653 0.35722101 -0.22150782
v 0.01395173 0.35210195 -0.23323390
v 0.03455997 0.35319379 -0.22518055
v 0.04255325 0.35143182 -0.22629993
v 0.05717571 0.34986335 -0.22188011
v 0.04255619 0.35718036 -0.20907509
v 0.07115459 0.34674042 -0.22264171
v 0.07833228 0.34645009 -0.21849477
v 0.09975521 0.34065300 -0.22095717
v 0.28648549 0.02200943 0.46378398
v 0.29278374 0.02516197 0.47359854
v 0.27725837 0.01421127 0.45282856
v 0.27680781 0.01125658 0.45896262
v 0.27350762 0.00899202 0.45340392
v 0.27089375 0.00135238 0.46244401
v 0.26341707 -0.00073890 0.44854611
v 0.27090180 0.01421081 0.43271422
v -0.21513446 -0.32887948 -0.18618460
v -0.21493649 -0.32879326 -0.18680805
v -0.21495606 -0.31771782 -0.21477306
v -0.19335499 -0.33194992 -0.20395754
v -0.21465848 -0.32903621 -0.18618448
v -0.18955876 -0.33482769 -0.19728035
v -0.19158468 -0.33892047 -0.17711568
v -0.18147255 -0.33825213 -0.19556400
v -0.17903388 -0.34309191 -0.17920978
v -0.16674981 -0.34636712 -0.18617122
v -0.16351345 -0.34846663 -0.16909000
v -0.18638220 -0.33478671 -0.20363292
v -0.11604947 -0.35927600 -0.18733127
v -0.11628210 -0.35974541 -0.18479356
v -0.12916526 -0.35895064 -0.15858738
v -0.16206518 -0.34059444 -0.21262205
v -0.15781231 -0.34198233 -0.21327829
v -0.15781389 -0.34149367 -0.21474737
v -0.15658918 -0.34210381 -0.21413520
v -0.12746249 -0.35697737 -0.18617710
v -0.14553680 -0.35289270 -0.18617418
v -0.14175546 -0.35351661 -0.18790855
v -0.14199935 -0.35401067 -0.18468821
v -0.14769956 -0.35277253 -0.17773770
v -0.13418719 -0.35698265 -0.16762105
v -0.11928669 -0.35697469 -0.19493818
v -0.11328211 -0.36019439 -0.18618023
v -0.11282895 -0.35903910 -0.19031504
v -0.10845786 -0.36338767 -0.17334279
v -0.11951804 -0.35213053 -0.21474421
v -0.12921625 -0.35135931 -0.21193761
v -0.09018268 -0.36472002 -0.18617830
v -0.10061984 -0.35488641 -0.21474141
v -0.09104870 -0.36169961 -0.19565305
v -0.07675983 -0.35932761 -0.21472612
v -0.08211963 -0.36531377 -0.19035302
v -0.06361572 -0.36876273 -0.19207150
v -0.07201644 -0.36101526 -0.21269552
v -0.08019909 -0.36912945 -0.18009359
v -0.06568441 -0.37291050 -0.17819439
v -0.07198369 -0.37461206 -0.16645144
v -0.05818916 -0.37861577 -0.16501330
v -0.09636527 -0.36703700 -0.16603205
v -0.04940327 -0.37352449 -0.18616652
v -0.04751340 -0.36713868 -0.20652600
v -0.06147127 -0.36222291 -0.21471871
v -0.03852369 -0.37575471 -0.18616226
v -0.04339519 -0.37892732 -0.17302264
v -0.04341990 -0.36528525 -0.21470979
v -0.04021558 -0.36803675 -0.20832056
v -0.03381280 -0.36643371 -0.21470442
v -0.02036236 -0.37442282 -0.19488853
v -0.00984158 -0.37555575 -0.19545519
v -0.01482327 -0.37046370 -0.20793706
v -0.01645971 -0.38219690 -0.17353541
v -0.01339333 -0.38266304 -0.17330195
v -0.01986280 -0.38296816 -0.16936529
v -0.01480461 -0.38548973 -0.16095527
v -0.01480859 -0.38329864 -0.17079210
v -0.01116454 -0.38367164 -0.17006855
v 0.01037571 -0.37869757 -0.18614319
v 0.01164778 -0.36909613 -0.21045080
v 0.00616358 -0.36741787 -0.21468045
v 0.01718225 -0.37866768 -0.18614048
v 0.01377725 -0.38130179 -0.17778501
v 0.01376082 -0.36757582 -0.21467955
v 0.01589067 -0.36908466 -0.21043104
v 0.02159340 -0.36729234 -0.21467584
v 0.03652061 -0.37380648 -0.19456953
v 0.04848126 -0.37321836 -0.19427764
v 0.04234390 -0.36837405 -0.20893949
v 0.04016336 -0.38106275 -0.17405942
v 0.04472625 -0.38073999 -0.17421839
v 0.03682337 -0.38269466 -0.16909452
v 0.04237054 -0.38545817 -0.15420440
v 0.04236761 -0.38211423 -0.17018811
v 0.05059503 -0.38134295 -0.16774935
v 0.06540211 -0.37438184 -0.18611911
v 0.06691864 -0.36717036 -0.20666054
v 0.05845289 -0.36495113 -0.21466023
v 0.07751332 -0.37228280 -0.18611512
v 0.07094657 -0.37739053 -0.17003241
v 0.07091002 -0.36373648 -0.21465813
v 0.07584034 -0.36624497 -0.20482251
v 0.09392589 -0.35964304 -0.21465147
v 0.09128281 -0.36900088 -0.19217031
v 0.10907185 -0.36627412 -0.19081147
v 0.09947721 -0.35930723 -0.21342921
v 0.09319047 -0.37279451 -0.17815652
v 0.10726359 -0.36989677 -0.17959498
v 0.08394407 -0.37764055 -0.16406964
v 0.09951566 -0.37476778 -0.16652817
v 0.12454790 -0.37288570 -0.15935361
v 0.11861505 -0.36650383 -0.18610862
v 0.11916275 -0.36223048 -0.19686018
v 0.10242395 -0.35833460 -0.21464932
v 0.14024672 -0.36105651 -0.18610711
v 0.12809280 -0.37224343 -0.15984459
v 0.12805112 -0.35268676 -0.21464089
v 0.13992122 -0.35926747 -0.19097140
v 0.14385447 -0.35981587 -0.18759796
v 0.14446387 -0.36103117 -0.18400842
v 0.13034487 -0.37223542 -0.15870769
v 0.15666482 -0.36585686 -0.16209637
v 0.14138624 -0.34921813 -0.21464008
v 0.15521154 -0.35682505 -0.18610907
v 0.14588144 -0.35682949 -0.19314405
v 0.16831337 -0.35158145 -0.18873085
v 0.16909395 -0.35313070 -0.18426943
v 0.17448899 -0.34972155 -0.18611303
v 0.16646841 -0.35681978 -0.17717364
v 0.17536278 -0.35240591 -0.17729355
v 0.15663072 -0.34656903 -0.20951705
v 0.17675312 -0.33831286 -0.21042600
v 0.18521494 -0.33707768 -0.20374510
v 0.18520419 -0.33241224 -0.21464807
v 0.19118544 -0.34015709 -0.18611360
v 0.21114768 -0.33361143 -0.17452462
v 0.19018281 -0.34747484 -0.16743994
v 0.21546958 -0.33153552 -0.17348701
v 0.29416811 0.01420735 0.49615625
v 0.28277385 0.00827388 0.47862363
v 0.27088934 -0.00552121 0.47471046
v 0.27924576 -0.00251479 0.49290913
v 0.29519132 0.01420732 0.49879229
v 0.28011459 -0.00425733 0.49881500
v -0.27467552 -0.27662569 -0.18623085
v -0.27415791 -0.28781536 -0.16192310
v -0.23693557 -0.31536123 -0.19391853
v -0.21578985 -0.32848245 -0.18661217
v -0.21960604 -0.31652299 -0.21244559
v -0.23782814 -0.31718308 -0.17756021
v -0.21603276 -0.32848290 -0.18563545
v -0.24347481 -0.31529212 -0.16528821
v -0.23268971 -0.32310712 -0.16649652
v -0.27205980 -0.27539378 -0.19428676
v -0.27207226 -0.26376057 -0.21481076
v -0.26204288 -0.28062156 -0.20977750
v -0.25612739 -0.29993927 -0.18620129
v -0.26030084 -0.29487687 -0.18620697
v -0.25714478 -0.29868862 -0.18682764
v -0.25731838 -0.29903829 -0.18575096
v -0.26084709 -0.29685909 -0.18003258
v -0.25670964 -0.29994020 -0.18408261
v -0.24265797 -0.29991865 -0.21306816
v -0.23557174 -0.30388862 -0.21477990
v -0.24237683 -0.29934853 -0.21478246
v -0.24351509 -0.29861304 -0.21413019
v -0.21493432 -0.32915485 -0.18483761
v -0.20321184 -0.33690786 -0.16344380
v -0.18633974 -0.34256309 -0.16482779
v 0.20652774 -0.32824570 -0.19675215
v 0.20714822 -0.32492131 -0.20370755
v 0.21381769 -0.32825044 -0.18571627
v 0.21203554 -0.32470763 -0.19862136
v 0.21645854 -0.32294619 -0.19774202
v 0.21380034 -0.32195014 -0.20353344
v 0.22017974 -0.32825756 -0.17502078
v 0.21383275 -0.33521214 -0.16837516
v 0.22017097 -0.33142826 -0.16868424
v 0.23626685 -0.31597978 -0.18612340
v 0.23699981 -0.30857050 -0.20388758
v 0.23010963 -0.30782494 -0.21466491
v 0.25331360 -0.30647030 -0.18611893
v 0.24242121 -0.32010609 -0.16981241
v 0.24238274 -0.30058783 -0.21466625
v 0.25271422 -0.30366936 -0.19407532
v 0.25834200 -0.30296457 -0.18775146
v 0.25913158 -0.30454072 -0.18369518
v 0.25186184 -0.31870499 -0.16228205
v 0.27101836 -0.30711493 -0.16125554
v 0.25524619 -0.29182130 -0.21466513
v 0.26419434 -0.29969585 -0.18611324
v 0.25981203 -0.29969025 -0.19232917
v 0.27801129 -0.28516173 -0.19337526
v 0.28022689 -0.28957108 -0.18104279
v 0.27641499 -0.29971540 -0.16833827
v 0.27097648 -0.28342631 -0.20654021
v 0.28013679 -0.27569932 -0.20495991
v 0.26439920 -0.01111010 0.47030222
v 0.26562142 -0.01435345 0.48081991
v 0.25137752 -0.02410589 0.47030798
v -0.32932514 -0.22882797 -0.15823546
v -0.29132280 -0.25279862 -0.19125931
v -0.27768293 -0.27137315 -0.18905388
v -0.27665678 -0.25936192 -0.21252404
v -0.29356682 -0.25733590 -0.17900722
v -0.28119019 -0.27138442 -0.18166742
v -0.27970606 -0.28183836 -0.16150223
v -0.30057222 -0.25715208 -0.16485226
v -0.29154229 -0.26688567 -0.16744755
v -0.31077719 -0.21933141 -0.20568025
v -0.30255955 -0.24282028 -0.18627873
v -0.30874497 -0.23056842 -0.19241501
v -0.31095418 -0.23501688 -0.18238571
v -0.32840183 -0.22925991 -0.15910137
v -0.30859685 -0.24283828 -0.17376569
v -0.29347622 -0.24280041 -0.20056802
v -0.27957299 -0.25331241 -0.21482380
v -0.29046425 -0.23770803 -0.21484354
v -0.30060393 -0.22859420 -0.20775281
v 0.29383656 -0.27114496 -0.18897876
v 0.28768051 -0.26277727 -0.20873222
v 0.29621762 -0.27115011 -0.18442963
v 0.29840589 -0.28485748 -0.15814941
v 0.29798695 -0.26796317 -0.18611154
v 0.29581866 -0.25310224 -0.20718010
v 0.29137492 -0.25274995 -0.21466872
v 0.30729291 -0.25575525 -0.18611121
v 0.29958475 -0.26913071 -0.18206397
v 0.29956359 -0.24165352 -0.21467254
v 0.31056124 -0.24590182 -0.19273414
v 0.31496891 -0.24476963 -0.18719545
v 0.31553847 -0.24590835 -0.18445699
v 0.31336057 -0.26377356 -0.16442084
v 0.32818830 -0.24791157 -0.16019098
v 0.30746421 -0.23223001 -0.21467325
v 0.31743789 -0.24260139 -0.18611033
v 0.31553507 -0.24259749 -0.18941414
v 0.32929909 -0.21629307 -0.19927074
v 0.33433774 -0.22635862 -0.17798224
v 0.33100933 -0.24263199 -0.16318709
v 0.32816911 -0.21612629 -0.20144354
v 0.32950968 -0.21470666 -0.20106746
v 0.27144808 -0.01435396 0.49882346
v 0.25363931 -0.00842836 0.44174328
v 0.24233554 0.00121646 0.41577941
v 0.26916021 0.01421032 0.42832440
v -0.34542719 -0.18986684 -0.18842611
v -0.34730956 -0.19365191 -0.18236682
v -0.33028534 -0.22797787 -0.15834829
v -0.35758924 -0.19474927 -0.16229096
v -0.34713122 -0.20905423 -0.16681065
v -0.35964739 -0.15814298 -0.20167175
v -0.34973019 -0.18569487 -0.18634364
v -0.35956228 -0.16108747 -0.19864562
v -0.36382195 -0.16963381 -0.17832401
v -0.36124820 -0.18572004 -0.16512540
v -0.34579867 -0.18568748 -0.19126365
v -0.33338952 -0.20566717 -0.18632361
v -0.33901262 -0.19002795 -0.19502491
v -0.33352047 -0.17358828 -0.21490049
v -0.35757735 -0.16008848 -0.20212409
v -0.32558820 -0.21425857 -0.18807748
v -0.32722577 -0.21426216 -0.18537341
v -0.32805884 -0.21216226 -0.18631729
v -0.32908475 -0.22557041 -0.16375186
v -0.32910448 -0.21301097 -0.18381080
v -0.31690413 -0.20606343 -0.20876402
v -0.32908800 -0.17933947 -0.21489719
v -0.32487750 -0.19571564 -0.20642120
v -0.32032266 -0.19553959 -0.21489003
v 0.33103576 -0.21404010 -0.19896725
v 0.33028525 -0.21298200 -0.20145462
v 0.34235179 -0.21406737 -0.17891052
v 0.34439579 -0.22217473 -0.16374047
v 0.34807280 -0.19667906 -0.18612272
v 0.34699032 -0.19000685 -0.19513516
v 0.35050917 -0.17748135 -0.20216310
v 0.35419929 -0.18551467 -0.18612470
v 0.33828187 -0.19053027 -0.21468501
v 0.34542328 -0.17687297 -0.21468864
v 0.35678086 -0.20223901 -0.16241483
v 0.35928634 -0.20106551 -0.15880725
v 0.35123247 -0.16844402 -0.21192086
v 0.35678142 -0.16518144 -0.20260230
v 0.35678294 -0.15341157 -0.21469325
v 0.36285847 -0.16909839 -0.18612871
v 0.35937396 -0.19722551 -0.16273437
v 0.36414307 -0.17860599 -0.17226505
v 0.25403422 -0.01178924 0.44687936
v 0.24675840 -0.01436014 0.44174361
v 0.24779670 -0.02315520 0.45934296
v -0.37827778 -0.12853293 -0.18636781
v -0.38801074 -0.11621855 -0.16173363
v -0.36142159 -0.15710744 -0.19870904
v -0.36979848 -0.15712275 -0.17820065
v -0.37576878 -0.13644472 -0.18636252
v -0.36046189 -0.15565702 -0.20208155
v -0.37490937 -0.13162343 -0.19254971
v -0.36428913 -0.13188654 -0.21492380
v -0.37156129 -0.16414575 -0.16507411
v -0.37953043 -0.14613523 -0.16108920
v -0.37592438 -0.12440975 -0.19459793
v -0.36643374 -0.12406393 -0.21493056
v -0.37399572 -0.10818157 -0.20890182
v -0.38187835 -0.10834074 -0.18638703
v -0.38081694 -0.13757128 -0.16834782
v 0.36675224 -0.15696362 -0.19110659
v 0.37167722 -0.15697621 -0.17869478
v 0.36226934 -0.14539769 -0.21195585
v 0.36312988 -0.13949089 -0.21469703
v 0.37468919 -0.13559401 -0.18973055
v 0.37689245 -0.14000496 -0.18034178
v 0.37421358 -0.16256550 -0.16626744
v 0.37765187 -0.15312722 -0.16798806
v 0.38538808 -0.13545138 -0.16108048
v 0.36968976 -0.12054239 -0.21470156
v 0.37942708 -0.10281488 -0.20341347
v 0.37892783 -0.12841234 -0.18614087
v 0.37520677 -0.12840420 -0.19435789
v 0.38040370 -0.10981247 -0.19544551
v 0.38827676 -0.10562128 -0.17474934
v 0.38757053 -0.12843299 -0.16193204
v 0.23344979 -0.02521229 0.44174036
v 0.21425240 -0.04192067 0.45550689
v 0.22171156 -0.02700744 0.43541980
v 0.21611968 -0.01438857 0.41789001
v 0.23281281 -0.01915277 0.43217379
v 0.23993091 -0.00249211 0.41796982
v 0.21374358 -0.04258242 0.45619351
v 0.26117092 -0.02349526 0.49427152
v 0.26161987 -0.02439423 0.49882844
v 0.24270275 -0.04214783 0.49883294
v -0.38919005 -0.11269698 -0.15940042
v -0.39207387 -0.08871464 -0.16088036
v -0.38762087 -0.07139239 -0.18643299
v -0.38841695 -0.04763394 -0.18646520
v -0.39088717 -0.08081733 -0.16759440
v -0.39239156 -0.06350099 -0.17065090
v -0.38292533 -0.09995551 -0.18796360
v -0.38391364 -0.09995714 -0.18532361
v -0.38424057 -0.09632393 -0.18640137
v -0.38605690 -0.10617159 -0.17399026
v -0.38604885 -0.09623782 -0.17895807
v -0.37599686 -0.09069507 -0.20992497
v -0.38046387 -0.08006862 -0.20379320
v -0.37586957 -0.08055259 -0.21497476
v -0.38108021 -0.06205838 -0.20507953
v -0.37706193 -0.06158086 -0.21499920
v -0.38601929 -0.04615168 -0.19312137
v -0.37889251 -0.05351645 -0.21144032
v 0.38210666 -0.09983834 -0.19879225
v 0.38089120 -0.09758449 -0.20268627
v 0.37833536 -0.07480158 -0.21472436
v 0.38539535 -0.09984751 -0.18773222
v 0.38309252 -0.09523050 -0.19813226
v 0.38995701 -0.09074564 -0.17642811
v 0.38982677 -0.09985890 -0.17408499
v 0.39055070 -0.10243914 -0.16929117
v 0.39161116 -0.09675521 -0.16876295
v 0.37915391 -0.06813563 -0.21472937
v 0.39000970 -0.07128204 -0.18616079
v 0.38180277 -0.07127018 -0.20750432
v 0.38728040 -0.04640499 -0.19861482
v 0.39264691 -0.05716851 -0.17910737
v 0.39340276 -0.07129099 -0.17357390
v 0.38543481 -0.04795597 -0.20308003
v 0.38668793 -0.04334014 -0.20108546
v 0.24215926 -0.04264150 0.49883306
v -0.38839102 -0.04282859 -0.18765938
v -0.38942289 -0.04283048 -0.18476374
v -0.39603814 -0.05210125 -0.16291435
v -0.39690727 -0.03402343 -0.16337371
v -0.38893539 -0.03698274 -0.18647605
v -0.38869268 -0.01427958 -0.18650052
v -0.38762629 0.01104327 -0.18652005
v -0.39370918 -0.02085186 -0.17335501
v -0.39304698 -0.00705254 -0.17203011
v -0.38601488 -0.03911736 -0.19389120
v -0.37961924 -0.03174017 -0.21183802
v -0.38124752 -0.02377186 -0.20550832
v -0.37764633 -0.02434906 -0.21505414
v -0.38123876 -0.00477053 -0.20552760
v -0.37763333 -0.00418097 -0.21508443
v -0.38601354 0.01216337 -0.19074264
v -0.37868795 0.00367068 -0.21142815
v 0.38099018 -0.01639034 -0.21477203
v 0.38715994 -0.03928014 -0.19874486
v 0.38544679 -0.03551763 -0.20406836
v 0.38718462 -0.04271617 -0.19958806
v 0.38671252 -0.04207951 -0.20109814
v 0.39238000 -0.02885976 -0.17883572
v 0.39428669 -0.04272649 -0.17631644
v 0.39745253 -0.04874063 -0.16587098
v 0.39821517 -0.03634408 -0.16549839
v 0.38072470 -0.01178171 -0.21477830
v 0.38397259 0.01364638 -0.20127310
v 0.38967454 -0.01416345 -0.18619676
v 0.38288355 -0.01415564 -0.20960237
v 0.38464606 0.01274024 -0.19969104
v 0.39047781 0.00436966 -0.17693897
v 0.39343411 -0.01416969 -0.17357624
v 0.21339652 -0.04224392 0.45566797
v 0.18909219 -0.03514367 0.44172174
v 0.18912478 -0.02474933 0.42102683
v 0.20718098 -0.02981474 0.43401402
v 0.21207030 -0.01439133 0.41653144
v -0.38729060 0.01427047 -0.18716072
v -0.38781953 0.01426978 -0.18561734
v -0.39572307 0.00484486 -0.16279913
v -0.39508259 0.02400292 -0.16248184
v -0.38778824 0.01781886 -0.18652260
v -0.38849324 0.04282341 -0.18653390
v -0.39307547 0.03560084 -0.17208004
v -0.39231271 0.05080087 -0.17055741
v -0.38601393 0.01667104 -0.19132596
v -0.37949008 0.02529607 -0.21184668
v -0.38128954 0.03328466 -0.20565417
v -0.37805298 0.03254521 -0.21512413
v -0.38147289 0.05256369 -0.20603614
v -0.37838438 0.05329690 -0.21514168
v -0.37984425 0.06020179 -0.21205668
v -0.38580546 0.07094760 -0.18655600
v 0.38435104 0.01439688 -0.19995996
v 0.38374132 0.01526444 -0.20139146
v 0.37547392 0.03795700 -0.21484753
v 0.38547465 0.01439517 -0.19557333
v 0.38430423 0.01673895 -0.19935353
v 0.38886756 0.02117512 -0.17533836
v 0.39045027 0.01438729 -0.17442356
v 0.39402458 0.01010723 -0.16764502
v 0.39197350 0.01763517 -0.16868098
v 0.37282482 0.04928943 -0.21486437
v 0.37159494 0.06456537 -0.20754820
v 0.38325480 0.04294873 -0.18626621
v 0.37938231 0.04295462 -0.20264472
v 0.37877375 0.05807947 -0.19386443
v 0.38156712 0.06365994 -0.17592263
v 0.38823059 0.04293798 -0.16317981
v 0.18162625 -0.03583943 0.44171774
v 0.15867107 -0.03890777 0.45392674
v 0.16146371 -0.03331920 0.43226066
v 0.18160962 -0.02510148 0.42032939
v 0.15663491 -0.04031590 0.45729268
v -0.39362258 0.06089609 -0.16176715
v -0.39182714 0.08275823 -0.16088733
v -0.37975991 0.09994924 -0.18658866
v -0.38925353 0.08888713 -0.16444798
v -0.38576442 0.07138281 -0.18668596
v -0.38582188 0.07138269 -0.18645564
v -0.38561147 0.07220688 -0.18655735
v -0.38602293 0.07099543 -0.18578143
v -0.38602319 0.07192706 -0.18546702
v -0.37640691 0.08086304 -0.21034895
v -0.37713981 0.09456209 -0.19737247
v -0.37209520 0.09264312 -0.21517885
v -0.37556553 0.10375979 -0.19421795
v -0.36851645 0.10547473 -0.21519046
v -0.36715746 0.12368602 -0.20574528
v -0.37692809 0.11028686 -0.18660045
v -0.38579127 0.11398102 -0.15851665
v 0.35572609 0.11312626 -0.21251297
v 0.37057278 0.10005019 -0.18635979
v 0.35470212 0.11322743 -0.21495730
v 0.37463427 0.07150473 -0.19517216
v 0.37956882 0.07149633 -0.17497455
v 0.37083310 0.09925446 -0.18635824
v 0.36436477 0.08207609 -0.21119724
v 0.35694507 0.10449256 -0.21494547
v 0.36955419 0.09837670 -0.18971124
v 0.36137185 0.08800587 -0.21492097
v 0.38155451 0.06952745 -0.17003545
v 0.38548309 0.05617489 -0.16431528
v 0.38052213 0.07397711 -0.16952686
v 0.35460919 0.11551923 -0.21379042
v 0.35694987 0.11856287 -0.20652142
v 0.36986533 0.10278268 -0.18636380
v 0.37090915 0.09972765 -0.18571362
v 0.37078446 0.10049687 -0.18546487
v -0.37016603 0.12851927 -0.19457027
v -0.37448746 0.12851614 -0.18083280
v -0.36490405 0.13222682 -0.20462281
v -0.36517900 0.14387798 -0.19324577
v -0.35750467 0.14606252 -0.20969379
v -0.36723864 0.14799416 -0.18209189
v -0.38584632 0.11432771 -0.15811513
v -0.37943137 0.13948810 -0.16136189
v -0.36206135 0.15709209 -0.18664622
v -0.36628610 0.15708765 -0.17563035
v -0.35359451 0.15710258 -0.20737831
v -0.35135332 0.17331558 -0.19476391
v -0.35560572 0.18179153 -0.17431667
v -0.35208112 0.15439068 -0.21521683
v -0.34881103 0.16146198 -0.21521880
v -0.34413633 0.17897928 -0.20764311
v 0.34892407 0.13889974 -0.21097232
v 0.34966543 0.15019792 -0.20041463
v 0.34752429 0.16203359 -0.19614045
v 0.35456645 0.15717897 -0.18643625
v 0.34940821 0.17063230 -0.18645835
v 0.34445238 0.14916894 -0.21500331
v 0.34003782 0.16302696 -0.21502188
v 0.35695383 0.13364837 -0.19647613
v 0.36220002 0.12860997 -0.18902600
v 0.36417949 0.12860774 -0.18278843
v 0.36106968 0.13683259 -0.18641289
v 0.37197140 0.12182398 -0.16531816
v 0.36788350 0.13741902 -0.16329268
v 0.33548927 0.18221900 -0.20430456
v 0.36303651 0.14895219 -0.16999082
v 0.35842097 0.16999902 -0.16076390
v 0.15442458 -0.03855653 0.45374656
v 0.13308086 -0.03302854 0.44167244
v 0.13125682 -0.02556304 0.41944385
v 0.15149391 -0.03269009 0.43256950
v -0.34615111 0.18567589 -0.19525315
v -0.33139068 0.19877125 -0.21403405
v -0.35411423 0.18566708 -0.17409889
v -0.35754070 0.18109372 -0.17009301
v -0.35541770 0.18460137 -0.17131716
v -0.35754603 0.18566443 -0.16519810
v -0.35455826 0.18716161 -0.17088817
v -0.33975756 0.20719472 -0.18667954
v -0.33122957 0.20221314 -0.21076056
v -0.33665615 0.21425340 -0.18668342
v -0.34015840 0.21111777 -0.18041925
v -0.33819848 0.21935113 -0.17649192
v -0.33004919 0.20050588 -0.21523689
v -0.32898927 0.20220143 -0.21523726
v -0.32330334 0.22284278 -0.20382607
v -0.31700781 0.22255594 -0.21524766
v -0.31255460 0.23680152 -0.20701373
v -0.32486793 0.23451601 -0.18668729
v 0.31594932 0.20809798 -0.21505764
v 0.33315131 0.19523896 -0.19603434
v 0.32840735 0.19460887 -0.20520036
v 0.33879581 0.18575537 -0.19557022
v 0.33370143 0.18841079 -0.20341992
v 0.33604336 0.20099404 -0.17983621
v 0.34465045 0.18574478 -0.18031341
v 0.34697413 0.19500822 -0.16291122
v 0.30251303 0.22728226 -0.21505509
v 0.29986194 0.23081262 -0.21505488
v 0.30144954 0.22940089 -0.21426174
v 0.32591194 0.21431005 -0.18649954
v 0.31967586 0.21431820 -0.19756642
v 0.31795532 0.22192846 -0.19031391
v 0.31972414 0.22545110 -0.18093014
v 0.33416706 0.21429622 -0.16940939
v 0.35697597 0.17320539 -0.16140093
v 0.35840082 0.17215501 -0.15858762
v 0.12162635 -0.03004852 0.44166577
v 0.10577212 -0.03056837 0.44970185
v 0.10775324 -0.02661267 0.43558246
v 0.10048641 -0.01444288 0.41493851
v 0.12375845 -0.02436657 0.42183775
v 0.09954756 -0.03486429 0.45998359
v -0.33745623 0.23275851 -0.16234210
v -0.31599003 0.24284655 -0.19321188
v -0.32088482 0.24284279 -0.18261521
v -0.32902896 0.23669545 -0.17441311
v -0.30750376 0.24636951 -0.20448656
v -0.30596995 0.25382799 -0.19549294
v -0.30048025 0.25316870 -0.20612743
v -0.30859715 0.25907177 -0.18052606
v -0.32167044 0.25344449 -0.16182192
v -0.29365858 0.27143788 -0.18670030
v -0.30500603 0.27143034 -0.16716443
v -0.28966910 0.27144021 -0.19360527
v -0.28152549 0.27614331 -0.19608760
v -0.28829145 0.27558589 -0.18877159
v -0.28903052 0.27706546 -0.18389124
v -0.28144202 0.28101036 -0.18670107
v -0.28357711 0.26298919 -0.21524802
v -0.27193564 0.27185762 -0.21525037
v -0.26737487 0.28117597 -0.20612241
v -0.26027369 0.27991527 -0.21524674
v -0.26745999 0.29106054 -0.18670188
v -0.24568336 0.29546154 -0.19867894
v -0.24192092 0.29710492 -0.19949618
v -0.24339080 0.29378480 -0.20409691
v -0.23770463 0.29720894 -0.20380592
v -0.21483207 0.30259538 -0.21521719
v 0.18553488 0.30864638 -0.21493952
v 0.24097647 0.28397560 -0.21151873
v 0.24119511 0.29691312 -0.18643908
v 0.23849037 0.28360602 -0.21499151
v 0.24271464 0.28095174 -0.21499525
v 0.26429540 0.26793450 -0.21502157
v 0.28227198 0.26477051 -0.18980852
v 0.27130342 0.26457742 -0.21160206
v 0.28732756 0.25088727 -0.20877805
v 0.28323671 0.26669297 -0.18412758
v 0.24595019 0.28248125 -0.20854099
v 0.22855473 0.29278600 -0.20790936
v 0.27665472 0.27141613 -0.18648204
v 0.26670748 0.27142951 -0.20584135
v 0.24561679 0.29420146 -0.18644567
v 0.26224881 0.28188327 -0.19169962
v 0.26339436 0.28414899 -0.18009719
v 0.29390126 0.25480866 -0.18649867
v 0.28077149 0.27140895 -0.17683077
v 0.29737806 0.25962770 -0.16294877
v 0.29987180 0.24598114 -0.19273211
v 0.30455548 0.24286582 -0.18884881
v 0.30720443 0.24286030 -0.18284123
v 0.30197987 0.24707381 -0.18650639
v 0.31794614 0.23760661 -0.16698453
v 0.32843298 0.22515170 -0.16337100
v 0.30253020 0.25579736 -0.15926439
v 0.30057907 0.25781545 -0.15933098
v -0.30049735 0.27838117 -0.16161439
v -0.28315392 0.29134643 -0.16374925
v -0.25772780 0.30003989 -0.17959180
v -0.27194273 0.29389000 -0.17443040
v -0.24339238 0.30004883 -0.19260915
v -0.23741804 0.30005258 -0.19797850
v -0.24697299 0.30721569 -0.17600203
v -0.23804337 0.31075448 -0.17776152
v -0.25728849 0.30699784 -0.16546856
v -0.24338749 0.31451815 -0.16518666
v -0.22174489 0.31388551 -0.18667813
v -0.22175860 0.32126814 -0.17196700
v -0.21483618 0.30825779 -0.20303538
v -0.20418158 0.32139090 -0.18666342
v -0.20523193 0.30955997 -0.21041271
v -0.19787166 0.32327995 -0.18933907
v -0.18626915 0.31931275 -0.21052465
v -0.19865982 0.32485306 -0.18476300
v -0.18853062 0.32865149 -0.18664505
v -0.20417330 0.32502487 -0.17943484
v -0.19627205 0.32864612 -0.17809114
v -0.17763910 0.32865775 -0.19793090
v -0.16721533 0.33342671 -0.19613731
v -0.17465116 0.33399016 -0.18929042
v -0.17573051 0.33614928 -0.18288082
v -0.16780621 0.33700883 -0.18661280
v -0.17313348 0.32209682 -0.21517062
v -0.15768915 0.32790554 -0.21513978
v -0.15083811 0.33610111 -0.20143855
v -0.13962421 0.33393168 -0.21509460
v -0.15015057 0.34215850 -0.18657741
v -0.13623798 0.34297770 -0.19369270
v -0.13251325 0.35042334 -0.17566691
v -0.12328268 0.34561595 -0.19497454
v -0.12656948 0.35217041 -0.17477891
v -0.10170455 0.35484344 -0.18645702
v -0.12910049 0.33867514 -0.21007222
v -0.10391840 0.34467646 -0.21329710
v -0.10049951 0.35016239 -0.20061550
v -0.10049652 0.34498131 -0.21499628
v -0.08505784 0.35067403 -0.20726320
v -0.09954661 0.35533699 -0.18645193
v -0.07272464 0.35557747 -0.19983590
v -0.07120419 0.35587704 -0.19998327
v -0.07188822 0.35512191 -0.20172834
v -0.06861711 0.35561192 -0.20229498
v -0.04326586 0.35669720 -0.21490888
v 0.01395254 0.35971284 -0.21489075
v 0.07115442 0.34918186 -0.21491016
v 0.08155324 0.34805700 -0.20972304
v 0.09547734 0.34858963 -0.19636825
v 0.09802159 0.35364655 -0.17383356
v 0.12264167 0.33712608 -0.20348620
v 0.10533931 0.34599504 -0.19507337
v 0.10224155 0.35220835 -0.17455100
v 0.12097523 0.34235471 -0.18636137
v 0.11534191 0.33634427 -0.21491951
v 0.09975582 0.34444007 -0.20698823
v 0.12836380 0.33172053 -0.21491703
v 0.14763567 0.32390386 -0.21492115
v 0.16936213 0.32475299 -0.18826608
v 0.15695834 0.32135469 -0.21132088
v 0.18039797 0.31171334 -0.21236847
v 0.16990550 0.32583210 -0.18500753
v 0.13755813 0.33366933 -0.19657135
v 0.16032915 0.32855529 -0.18636200
v 0.14872307 0.32856008 -0.19845039
v 0.13899162 0.33592150 -0.18635528
v 0.14500670 0.33321780 -0.18868370
v 0.14556651 0.33432668 -0.18347073
v 0.17354161 0.32400218 -0.18636996
v 0.16764309 0.32855174 -0.17911610
v 0.17387281 0.32594863 -0.18117157
v 0.18553907 0.31123725 -0.20885828
v 0.19474369 0.31834298 -0.18638992
v 0.20180532 0.30614889 -0.20683186
v 0.21028140 0.30768269 -0.19683895
v 0.21642041 0.30456287 -0.19840395
v 0.21412791 0.30350846 -0.20244980
v 0.22958145 0.29998153 -0.19299087
v 0.21779786 0.30182293 -0.20252700
v 0.20570754 0.31684640 -0.18055458
v 0.22025922 0.31217748 -0.17823814
v 0.23762524 0.29997402 -0.18388362
v 0.21416040 0.32128236 -0.16146883
v 0.23502061 0.31038135 -0.16172466
v 0.19421652 0.32289812 -0.17511117
v 0.24273100 0.29777694 -0.18204999
v 0.25786108 0.29323223 -0.16544996
v 0.27131647 0.28333533 -0.16388300
v -0.18626991 0.33939368 -0.16345975
v -0.16573188 0.34695661 -0.16207550
v -0.15769234 0.34740567 -0.16697179
v -0.14000653 0.35178322 -0.16683847
v -0.12910482 0.35321754 -0.17025007
v -0.12420493 0.35478634 -0.16980000
v -0.12910506 0.35723245 -0.15989590
v -0.09542871 0.35724366 -0.18391407
v -0.10050283 0.35608846 -0.18414447
v -0.07189041 0.35724375 -0.19617753
v -0.06733193 0.35724241 -0.19839011
v -0.07566409 0.36476025 -0.17590021
v -0.06735821 0.36629397 -0.17665356
v -0.09180722 0.36717647 -0.16224930
v -0.07189903 0.37012395 -0.16570131
v -0.04777005 0.36619985 -0.18637310
v -0.04568578 0.37390465 -0.16262986
v -0.04327261 0.36275947 -0.19741863
v -0.03784715 0.36805958 -0.18636709
v -0.02549578 0.36263269 -0.20603609
v -0.01996791 0.36781675 -0.19532973
v -0.00867353 0.36915535 -0.19465882
v -0.01465454 0.36503914 -0.20453265
v -0.00162140 0.36371252 -0.20712584
v -0.02190658 0.37168944 -0.17931823
v -0.00670541 0.37308332 -0.18001771
v -0.01466043 0.37658739 -0.16241500
v -0.04024415 0.37453473 -0.16389166
v 0.00739904 0.37029663 -0.18635224
v 0.00970179 0.37573335 -0.16630162
v 0.01395525 0.36428788 -0.20051420
v 0.01971093 0.36869007 -0.18635178
v 0.03715741 0.35987988 -0.20332080
v 0.04059593 0.36110032 -0.19867072
v 0.04407071 0.36020207 -0.19911844
v 0.04255699 0.35957301 -0.20182468
v 0.04572796 0.35876164 -0.20221181
v 0.03675662 0.36878169 -0.17787687
v 0.04738287 0.36680955 -0.17689484
v 0.04256384 0.37170193 -0.16483083
v 0.06287148 0.36730981 -0.16194971
v 0.01755691 0.37507999 -0.16500245
v 0.07072696 0.35802305 -0.18636382
v 0.07116041 0.35761216 -0.18727466
v 0.07294054 0.35715535 -0.18725285
v 0.07599617 0.35715401 -0.18395108
v 0.07148993 0.35781416 -0.18636386
v 0.07116207 0.35902539 -0.18262991
v 0.09586585 0.35519341 -0.17013516
v 0.09977437 0.35408145 -0.17055622
v 0.11357373 0.35024887 -0.16519806
v 0.09978323 0.35714376 -0.15715197
v 0.12839125 0.34531641 -0.16274171
v 0.13217802 0.34473377 -0.15968901
v 0.15699592 0.33755922 -0.16230774
v 0.09137194 -0.02662813 0.44772059
v 0.08088098 -0.02328651 0.44163144
v 0.08095026 -0.01880589 0.43293750
v 0.08955546 -0.02297831 0.43738243
v 0.09806529 -0.01444361 0.41614315
v 0.06081364 -0.02258528 0.44160837
v 0.04957639 -0.02881645 0.44876760
v 0.05312212 -0.02174075 0.43796885
v 0.05008387 -0.01446230 0.42824304
v 0.06076034 -0.01846200 0.43361560
v 0.04246076 -0.03744604 0.45865431
v 0.03776454 -0.03362805 0.45116115
v 0.01873828 -0.03340282 0.44158810
v 0.01870700 -0.02397855 0.42260477
v 0.03402929 -0.02612943 0.43577164
v 0.03735268 -0.01446753 0.42334437
v 0.01066031 -0.03654276 0.44158715
v -0.01176527 -0.03729343 0.43019077
v 0.01070217 -0.02554177 0.41948909
v -0.01727130 -0.03782393 0.42992291
v -0.06996363 -0.03945354 0.45398465
v -0.06797381 -0.03548214 0.43105978
v -0.07176973 -0.03839293 0.45812100
v -0.09018962 -0.02370283 0.47003120
v -0.11114976 -0.00759402 0.44148257
v -0.12116840 -0.00136158 0.44803870
v -0.12888426 0.00368950 0.46093363
v -0.14371143 0.01408199 0.44834918
v -0.13763595 0.00970611 0.46011674
v -0.13278028 0.00627970 0.45185408
v -0.12888825 -0.00079066 0.47685248
v -0.15276161 0.01411158 0.49622163
v -0.14193302 0.00757634 0.47776914
v -0.13619275 -0.00051279 0.49158961
v -0.15345053 0.01411332 0.49855343
v -0.13686022 -0.00184379 0.49855065
v -0.11000837 -0.00989827 0.45066836
v -0.11478460 -0.00742901 0.47001660
v -0.10032713 -0.01798109 0.47002107
v -0.10114620 -0.01450351 0.44148630
v -0.07588564 -0.03483419 0.45166677
v -0.09271991 -0.02117447 0.45482481
v -0.08987508 -0.02217217 0.44149241
v -0.09130825 -0.01977497 0.43097997
v -0.07895286 -0.02870331 0.43442351
v -0.10698971 -0.00689250 0.42629969
v -0.12321952 0.00275700 0.43288058
v -0.11616845 -0.01445594 0.49546856
v -0.09502003 -0.02345507 0.48063043
v -0.09448230 -0.03133705 0.49856296
v -0.11761276 -0.01445271 0.49855626
v -0.11229174 -0.01679004 0.49390090
v -0.11531030 -0.01582667 0.49787185
v -0.11258806 -0.01852840 0.49855745
v -0.11545771 -0.01612105 0.49855667
v -0.15742989 0.02336747 0.46001750
v -0.16121659 0.02649614 0.46814352
v -0.16112241 0.02654473 0.47188246
v -0.15742773 0.02019794 0.48639905
v -0.15742998 0.02321165 0.47003102
v -0.13961355 0.01407716 0.43260771
v -0.13134414 0.00912487 0.42970979
v -0.07255509 -0.38669997 -0.11538432
v -0.07126915 -0.38689882 -0.11548454
v -0.04527563 -0.38928145 -0.12908156
v -0.04338242 -0.38821355 -0.13451567
v -0.04338712 -0.38333493 -0.15762612
v -0.02060791 -0.38838804 -0.14625295
v -0.04127226 -0.38970676 -0.12908226
v -0.01705657 -0.38999766 -0.14109731
v -0.01853132 -0.39294711 -0.11854157
v -0.01246498 -0.39014322 -0.14102294
v -0.01095354 -0.39315718 -0.11864620
v 0.01059340 -0.39185712 -0.12907514
v -0.01479822 -0.38929018 -0.14525440
v -0.00763311 -0.38906151 -0.14692657
v 0.01378694 -0.39019418 -0.13850904
v 0.01378390 -0.38796741 -0.15761244
v 0.03739046 -0.38794789 -0.14581269
v 0.01674798 -0.39138597 -0.12907375
v 0.04093606 -0.38832480 -0.14189214
v 0.04031255 -0.38957039 -0.11684844
v 0.04362559 -0.38796118 -0.14207105
v 0.04418861 -0.38906997 -0.11659779
v 0.04237157 -0.38783222 -0.14450976
v 0.04588244 -0.38720742 -0.14507376
v 0.07094894 -0.38142991 -0.15758304
v 0.12809327 -0.37290183 -0.15758435
v -0.21763802 -0.33402017 -0.12902039
v -0.21488659 -0.33404827 -0.14014581
v -0.21490408 -0.33336800 -0.15759589
v -0.20471141 -0.33766666 -0.15249887
v -0.21056373 -0.33710414 -0.12901837
v -0.19416812 -0.34418452 -0.13544597
v -0.19449556 -0.34486681 -0.12293071
v -0.16624147 -0.35122997 -0.14058733
v -0.15058713 -0.35700372 -0.12902698
v -0.17570885 -0.34964842 -0.13271086
v -0.17544281 -0.35016608 -0.12559450
v -0.16939484 -0.35177934 -0.12902255
v -0.16824046 -0.35325190 -0.12149184
v -0.16873272 -0.34821680 -0.15759183
v -0.18632701 -0.34416083 -0.15115833
v -0.14437868 -0.35889673 -0.12902945
v -0.15775199 -0.35165909 -0.15759629
v -0.14477271 -0.35833859 -0.13170852
v -0.13183478 -0.35831812 -0.15760131
v -0.14223236 -0.35939267 -0.13022861
v -0.11983390 -0.36694580 -0.13402413
v -0.12916297 -0.35936782 -0.15641020
v -0.14161076 -0.36063096 -0.12721558
v -0.12141815 -0.37013462 -0.12246957
v -0.12912011 -0.37106991 -0.10751546
v -0.11249927 -0.37724245 -0.10646105
v -0.14626375 -0.35983819 -0.12335736
v -0.10660330 -0.37345114 -0.12905434
v -0.10388681 -0.36793277 -0.15097690
v -0.11887474 -0.36211538 -0.15760714
v -0.07572833 -0.38551733 -0.11667112
v -0.09635668 -0.37714159 -0.12906028
v -0.10054827 -0.37889421 -0.11577292
v -0.10057124 -0.36755252 -0.15761468
v -0.09847413 -0.36915541 -0.15343243
v -0.09597478 -0.36894909 -0.15761513
v -0.07196406 -0.38551313 -0.12170926
v -0.07432679 -0.38080198 -0.14099537
v -0.07010670 -0.38178292 -0.14148921
v -0.07197316 -0.38035131 -0.14592753
v -0.05737278 -0.38550144 -0.13606487
v -0.06483378 -0.38193947 -0.14691474
v -0.07446416 -0.38676775 -0.11354029
v -0.07196128 -0.38713476 -0.11398222
v -0.06718174 -0.38789946 -0.11240670
v -0.04337843 -0.39086223 -0.11835125
v -0.03056460 -0.39336959 -0.10692994
v -0.01479552 -0.39447200 -0.11031981
v 0.00324401 -0.39448696 -0.10580701
v 0.01378856 -0.39364821 -0.11273640
v 0.06575008 -0.38543028 -0.13164937
v 0.06728435 -0.38542736 -0.12721770
v 0.02911877 -0.39208022 -0.10818182
v 0.04237510 -0.38977140 -0.11262809
v 0.04936138 -0.38893101 -0.11129744
v 0.07071250 -0.38493910 -0.12905025
v 0.07095521 -0.38467440 -0.13055006
v 0.07124440 -0.38484696 -0.12905014
v 0.07095556 -0.38498390 -0.12816943
v 0.08841481 -0.37986195 -0.14886466
v 0.09679472 -0.37994000 -0.14058624
v 0.10261025 -0.37924221 -0.14024061
v 0.09952482 -0.37855503 -0.14673942
v 0.12207782 -0.37412089 -0.15457968
v 0.09863925 -0.38362098 -0.11567160
v 0.10054883 -0.38335297 -0.11580517
v 0.09687573 -0.38407272 -0.11346089
v 0.09952153 -0.38539809 -0.10051838
v 0.09952709 -0.38377377 -0.11397527
v 0.10323773 -0.38353902 -0.11293396
v 0.12534529 -0.37987763 -0.12905329
v 0.12809469 -0.37446409 -0.15087989
v 0.13149141 -0.37859890 -0.12905410
v 0.12809944 -0.38086310 -0.12002879
v 0.13134389 -0.37273324 -0.15596129
v 0.15057033 -0.37318105 -0.13722542
v 0.16447139 -0.36979592 -0.13553411
v 0.15666732 -0.36852223 -0.15173741
v 0.15178534 -0.37557998 -0.11967784
v 0.16321576 -0.37232977 -0.12130035
v 0.14419930 -0.37913877 -0.10855304
v 0.15668939 -0.37687492 -0.11053641
v 0.17902529 -0.37423295 -0.10363139
v 0.17618732 -0.36723214 -0.12904578
v 0.17756671 -0.36341271 -0.14222559
v 0.16858765 -0.36277378 -0.15758201
v 0.19757763 -0.36079466 -0.12904006
v 0.18527967 -0.37281123 -0.10390504
v 0.18524927 -0.35458565 -0.15758216
v 0.19677919 -0.35960057 -0.13459370
v 0.20080301 -0.35929692 -0.13027412
v 0.20111915 -0.35992715 -0.12748863
v 0.18792567 -0.37243444 -0.10182623
v 0.21386969 -0.36184236 -0.10299014
v 0.19737729 -0.34859866 -0.15757856
v 0.20765828 -0.35682806 -0.12903668
v 0.20236498 -0.35682338 -0.13463445
v 0.22333741 -0.34722647 -0.13383529
v 0.22494838 -0.35044128 -0.12583412
v 0.23435517 -0.34444630 -0.12902933
v 0.21969059 -0.35684115 -0.11212235
v 0.23659316 -0.34843296 -0.11219350
v 0.21384269 -0.34394968 -0.15114310
v 0.22867244 -0.33568305 -0.15070993
v 0.24243435 -0.33422691 -0.14090991
v 0.24242520 -0.32621926 -0.15757510
v 0.24664915 -0.33669052 -0.12902611
v 0.24506608 -0.34517980 -0.10566691
v -0.30100802 -0.27241835 -0.11531084
v -0.27569166 -0.28936714 -0.15027648
v -0.27006024 -0.29996851 -0.12905328
v -0.29930183 -0.27388507 -0.11604246
v -0.28110084 -0.28965008 -0.12907526
v -0.27979392 -0.29352206 -0.11614080
v -0.27580550 -0.28757608 -0.15764797
v -0.26190758 -0.30835548 -0.12903975
v -0.27201590 -0.29186916 -0.15763970
v -0.26311171 -0.30535215 -0.13983187
v -0.25739536 -0.30691853 -0.15761742
v -0.25052747 -0.31433368 -0.13622473
v -0.23992915 -0.32147521 -0.13979398
v -0.24345572 -0.31748763 -0.14882851
v -0.22670338 -0.32849804 -0.13493533
v -0.23468864 -0.32412064 -0.14769569
v -0.24908885 -0.31718564 -0.12041100
v -0.24087149 -0.32340229 -0.11729563
v -0.22956105 -0.32850134 -0.12167353
v -0.24341941 -0.32228407 -0.11162684
v -0.23745255 -0.32552415 -0.11175486
v -0.28675935 -0.27831560 -0.15028206
v -0.26512143 -0.30738899 -0.11420026
v -0.21485868 -0.33650637 -0.11298624
v -0.20912050 -0.33990550 -0.10331669
v -0.18628484 -0.35162693 -0.10316303
v 0.25564420 -0.32829273 -0.13561082
v 0.26377356 -0.32831231 -0.11836925
v 0.25598210 -0.32076943 -0.15080544
v 0.26666671 -0.31957456 -0.13892786
v 0.27976260 -0.31087396 -0.13456759
v 0.27102605 -0.31085891 -0.15199646
v 0.26942053 -0.32506037 -0.11636105
v 0.27554408 -0.31933725 -0.11921952
v 0.25990582 -0.33388224 -0.10917118
v 0.26820213 -0.32689464 -0.11330970
v 0.27106658 -0.32832778 -0.09580711
v 0.27105352 -0.32493874 -0.11304095
v 0.28822482 -0.30552423 -0.12899803
v 0.28883022 -0.30324543 -0.13598461
v 0.29794961 -0.28711838 -0.15423416
v 0.29493201 -0.29976094 -0.12899333
v 0.29137844 -0.30579048 -0.11694767
v 0.27802363 -0.30322272 -0.15755354
v 0.29628974 -0.28711355 -0.15755010
v 0.29879087 -0.28505060 -0.15714219
v 0.29960728 -0.28479236 -0.15621556
v 0.29960638 -0.28398946 -0.15754989
v 0.30785370 -0.28763461 -0.12898809
v 0.30668098 -0.29252651 -0.11447813
v -0.32970864 -0.22921526 -0.15647890
v -0.32859319 -0.24289307 -0.12916116
v -0.33806580 -0.23238157 -0.12918058
v -0.33705646 -0.23664299 -0.11664952
v -0.32962424 -0.22885564 -0.15774314
v -0.30202585 -0.27144557 -0.11557834
v -0.31918427 -0.25167599 -0.12914397
v -0.32907873 -0.22927757 -0.15774225
v -0.31959036 -0.24767622 -0.13873869
v -0.31169876 -0.24843553 -0.15771455
v -0.30052662 -0.27144146 -0.12120754
v -0.30486527 -0.26277408 -0.13907497
v -0.29883534 -0.26801011 -0.14168710
v -0.30054995 -0.26412463 -0.14705378
v -0.29610515 -0.27142751 -0.14116931
v -0.29662180 -0.26946032 -0.14536037
v -0.30167606 -0.27202401 -0.11424673
v -0.30052090 -0.27312586 -0.11398236
v -0.30502009 -0.26919600 -0.11257699
v -0.33200109 -0.22712041 -0.15628174
v -0.32333106 -0.25145844 -0.11202569
v 0.31894049 -0.27120662 -0.13863614
v 0.32568410 -0.27122620 -0.11596572
v 0.31828964 -0.26624823 -0.14821583
v 0.32430738 -0.26342022 -0.13936904
v 0.34048817 -0.24670079 -0.13099343
v 0.32819384 -0.25164449 -0.15304779
v 0.32721877 -0.26919413 -0.11570714
v 0.33614251 -0.25541019 -0.12259950
v 0.32479501 -0.27294856 -0.11297087
v 0.32674992 -0.27048498 -0.11394683
v 0.32824847 -0.27123594 -0.09700745
v 0.32823753 -0.26871386 -0.11343193
v 0.34322327 -0.24408579 -0.12897207
v 0.34327984 -0.24343227 -0.13050891
v 0.34439638 -0.24077842 -0.13274510
v 0.34444633 -0.24266592 -0.12897231
v 0.34388646 -0.24403779 -0.12622884
v 0.33211339 -0.24459651 -0.15755041
v 0.33672351 -0.23838055 -0.15755203
v 0.34842753 -0.22419679 -0.15337537
v 0.35679293 -0.21927489 -0.13932577
v 0.35678369 -0.20593728 -0.15755701
v 0.35984331 -0.22019869 -0.12898371
v 0.35906821 -0.23065405 -0.10491073
v -0.37288266 -0.18575604 -0.12922026
v -0.37237978 -0.18687463 -0.12921952
v -0.37245238 -0.18638669 -0.13048187
v -0.36333999 -0.18861285 -0.15778559
v -0.36927202 -0.19087166 -0.13177508
v -0.35541189 -0.20998274 -0.14132081
v -0.35758200 -0.20128901 -0.15000716
v -0.35213408 -0.21432692 -0.14076185
v -0.35236013 -0.21170408 -0.14610651
v -0.36433405 -0.20077145 -0.12170918
v -0.35707885 -0.21336851 -0.11540779
v -0.35629782 -0.21434383 -0.11555441
v -0.35589063 -0.21518360 -0.11407974
v -0.35755482 -0.21435036 -0.10228416
v -0.35756418 -0.21268980 -0.11409251
v -0.35676882 -0.21394584 -0.11452085
v -0.37285581 -0.18471852 -0.13129142
v -0.36612290 -0.18144543 -0.15778944
v -0.37518874 -0.16597778 -0.15234098
v -0.37497592 -0.17943043 -0.12922642
v -0.37259865 -0.18653628 -0.12766077
v -0.37371022 -0.18386269 -0.12543264
v 0.36303169 -0.21411540 -0.13210151
v 0.36466131 -0.21411839 -0.12506007
v 0.36016700 -0.20150720 -0.15586771
v 0.36185294 -0.19728675 -0.15755747
v 0.37481126 -0.19300438 -0.13271865
v 0.37572074 -0.19481894 -0.12436944
v 0.36275408 -0.22543839 -0.10337923
v 0.37250847 -0.20769253 -0.10826782
v 0.37131274 -0.17852400 -0.15756223
v 0.38378280 -0.15780219 -0.14408058
v 0.37950534 -0.18556549 -0.12899752
v 0.37625134 -0.18555975 -0.13932052
v 0.38398752 -0.15979001 -0.14188862
v 0.38381222 -0.18557061 -0.10358387
v 0.38864225 -0.16352108 -0.11796687
v -0.38800970 -0.14387102 -0.10167512
v -0.38994980 -0.11817223 -0.15004267
v -0.39061230 -0.12858459 -0.12927169
v -0.39367113 -0.11526170 -0.12928537
v -0.38896632 -0.13998240 -0.10651954
v -0.39367497 -0.12193237 -0.11597160
v -0.38917625 -0.11583059 -0.15782888
v -0.38193065 -0.15716803 -0.13132380
v -0.38255370 -0.15717256 -0.12748416
v -0.38369170 -0.15239576 -0.12925124
v -0.38606712 -0.14856459 -0.11203618
v -0.38177830 -0.14501345 -0.15565583
v -0.38606864 -0.12800473 -0.15782082
v -0.38360763 -0.14038609 -0.15286867
v -0.38254133 -0.14108300 -0.15781094
v -0.38014692 -0.16851258 -0.10362648
v -0.39015478 -0.11221620 -0.15578103
v 0.38457698 -0.15700483 -0.14287964
v 0.38443503 -0.15653144 -0.14375523
v 0.38538218 -0.15700567 -0.13949481
v 0.38488489 -0.15601218 -0.14278552
v 0.38538337 -0.15069219 -0.14643960
v 0.39380306 -0.14019006 -0.12312324
v 0.39120770 -0.15701109 -0.11761792
v 0.38539091 -0.18130741 -0.10256144
v 0.39099663 -0.15981522 -0.11190896
v 0.39314118 -0.15313977 -0.11083559
v 0.39563990 -0.12844767 -0.12899719
v 0.39161384 -0.12844072 -0.14512560
v 0.39608479 -0.12126023 -0.13259469
v 0.39712739 -0.12334616 -0.12644628
v 0.39677200 -0.12844953 -0.12318206
v 0.38850954 -0.12999478 -0.15757209
v 0.38926521 -0.12649903 -0.15757337
v 0.39616168 -0.10525835 -0.14867878
v -0.39571187 -0.09999420 -0.13413537
v -0.39366657 -0.08951680 -0.15403450
v -0.39709705 -0.10000013 -0.12376659
v -0.39710227 -0.10876853 -0.10626433
v -0.40077269 -0.09309854 -0.10811982
v -0.39932859 -0.07334097 -0.12931934
v -0.39897740 -0.07273165 -0.13193648
v -0.39941889 -0.07055748 -0.13105215
v -0.39959964 -0.07142395 -0.12932105
v -0.39978802 -0.07043206 -0.12932213
v -0.39970183 -0.07200868 -0.12815359
v -0.39980745 -0.07094742 -0.12836805
v -0.39344037 -0.08197805 -0.15786086
v -0.39612597 -0.06219059 -0.15788361
v -0.39883256 -0.05070955 -0.15147462
v 0.40002340 -0.09988196 -0.13598306
v 0.39776796 -0.09369101 -0.14948091
v 0.40307000 -0.09988853 -0.12355573
v 0.40369761 -0.10903957 -0.10557450
v 0.40923500 -0.08799740 -0.10281138
v 0.40411508 -0.08015190 -0.12901124
v 0.40321076 -0.07482536 -0.13603203
v 0.40371218 -0.06730808 -0.13702625
v 0.40652472 -0.07132122 -0.12901044
v 0.40796584 -0.05482312 -0.12901378
v 0.40799710 -0.07962012 -0.11242707
v 0.39768589 -0.07744108 -0.15758583
v 0.39896411 -0.06452699 -0.15758792
v 0.40180397 -0.05092432 -0.15149590
v 0.41553053 -0.05857489 -0.10347041
v -0.40561733 -0.02501017 -0.13471276
v -0.40295660 -0.04285708 -0.13783273
v -0.39976442 -0.03546055 -0.15102595
v -0.40699413 -0.02776372 -0.12262872
v -0.40555450 -0.04286335 -0.11956342
v -0.40580574 -0.04724000 -0.11069205
v -0.40700859 -0.03909873 -0.11130027
v -0.40827948 -0.01430555 -0.12936243
v -0.40535572 -0.01430062 -0.13954443
v -0.40625027 -0.00234636 -0.13534634
v -0.41264528 0.01043108 -0.11698547
v -0.41238451 -0.01431194 -0.10512606
v -0.39920032 -0.02196540 -0.15792152
v -0.39789009 -0.00595927 -0.15793419
v -0.39974973 0.00685262 -0.15106052
v 0.40900445 -0.04275309 -0.13152011
v 0.40255976 -0.03418162 -0.15187570
v 0.41036484 -0.04275568 -0.12719256
v 0.40986961 -0.03447200 -0.12902035
v 0.40597871 -0.02043072 -0.14152852
v 0.40570259 -0.00822062 -0.14097488
v 0.41191852 -0.01419434 -0.12902869
v 0.40947255 0.00527322 -0.12904245
v 0.40031222 -0.02160364 -0.15760861
v 0.39974535 -0.00703477 -0.15761642
v 0.41401133 -0.05216874 -0.11019934
v 0.41401505 -0.03663362 -0.11674862
v 0.41661340 -0.05575628 -0.10173120
v 0.41985226 -0.03140949 -0.10335572
v 0.40011120 0.00705301 -0.15066662
v 0.41813001 -0.02438165 -0.10866387
v 0.41844261 -0.00434958 -0.10929713
v -0.40371132 0.03595547 -0.13279960
v -0.40386033 0.01425026 -0.13830061
v -0.39902431 0.02202680 -0.15143317
v -0.41083956 0.02167877 -0.11880104
v -0.41277272 0.01424341 -0.11596920
v -0.41328979 0.01361150 -0.11444618
v -0.41455409 0.01424249 -0.11056203
v -0.41455868 0.02291899 -0.11074412
v -0.41319084 0.01492410 -0.11439677
v -0.40473321 0.04280316 -0.12937638
v -0.41641876 0.04280353 -0.10450749
v -0.40278852 0.04280345 -0.13437684
v -0.40318701 0.04859495 -0.13227507
v -0.40598053 0.05417840 -0.12369443
v -0.39630276 0.03368002 -0.15794757
v -0.39493388 0.05263397 -0.15796033
v -0.39608544 0.06212462 -0.15292913
v 0.39892602 0.04127879 -0.12989761
v 0.40712613 0.01436661 -0.13250062
v 0.39747751 0.02037733 -0.14935926
v 0.39923128 0.04188876 -0.12855916
v 0.40934959 0.01436348 -0.12671089
v 0.38487989 0.07118499 -0.14370051
v 0.39886719 0.04292126 -0.12907656
v 0.38512939 0.07078099 -0.14304587
v 0.39740735 0.04292373 -0.13376534
v 0.39850131 0.04541524 -0.12782989
v 0.39914939 0.04292076 -0.12787916
v 0.40534073 0.03732200 -0.11787524
v 0.39073676 0.04030551 -0.15766391
v 0.38983974 0.04511578 -0.15766890
v 0.38548124 0.06763409 -0.14532426
v 0.41402209 0.00812194 -0.11656327
v 0.41402495 0.02535455 -0.10703570
v 0.42017698 0.00314364 -0.10353231
v 0.41572782 0.02777672 -0.10133124
v 0.41495025 0.02955158 -0.10233022
v -0.40035671 0.07136966 -0.13655928
v -0.39392564 0.08170763 -0.15403175
v -0.40669623 0.07137100 -0.11905134
v -0.41457444 0.05274551 -0.10578646
v -0.40922067 0.06869110 -0.11242367
v -0.41458231 0.07137248 -0.10000789
v -0.40828410 0.07452319 -0.11195570
v -0.39812806 0.09557720 -0.12940544
v -0.39570951 0.09534118 -0.13861750
v -0.39743873 0.09994280 -0.12940949
v -0.39557678 0.10943025 -0.12941919
v -0.39862585 0.09825726 -0.12603435
v -0.39796382 0.10229433 -0.12470689
v -0.39160967 0.08845148 -0.15798926
v -0.38604039 0.11356846 -0.15801698
v -0.38596141 0.11415108 -0.15785883
v -0.38591373 0.11416688 -0.15801758
v -0.38604093 0.11457618 -0.15732601
v -0.38590693 0.11429735 -0.15795073
v 0.38491368 0.07148562 -0.14311507
v 0.38469395 0.07187989 -0.14379537
v 0.37834138 0.09646259 -0.15775441
v 0.38548177 0.07148466 -0.14137721
v 0.38467887 0.07309233 -0.14259791
v 0.39144260 0.08337829 -0.12078448
v 0.39562649 0.07147412 -0.11988266
v 0.40351427 0.06245184 -0.10577539
v 0.39792907 0.07769260 -0.10858887
v 0.37639257 0.10459839 -0.15777171
v 0.37474620 0.12320744 -0.14890096
v 0.38484243 0.10003267 -0.12915489
v 0.37960535 0.10003817 -0.14594917
v 0.37871215 0.11499495 -0.13667677
v 0.38112602 0.11982203 -0.11927852
v 0.38978922 0.10002518 -0.10914880
v -0.39093459 0.12851864 -0.13188224
v -0.39268133 0.12851948 -0.12611824
v -0.39840746 0.12041670 -0.10702185
v -0.39498883 0.13834023 -0.10532120
v -0.38969100 0.13579066 -0.12944688
v -0.38413069 0.15709375 -0.12947416
v -0.39091203 0.14765522 -0.11056554
v -0.38751948 0.16994350 -0.10377380
v -0.38605374 0.13534448 -0.14310932
v -0.38115129 0.14034808 -0.15558918
v -0.38136327 0.14750555 -0.14864406
v -0.37781763 0.14692736 -0.15805273
v -0.37774014 0.16303644 -0.14137909
v -0.37073684 0.16369931 -0.15807319
v -0.36691210 0.18097545 -0.14848809
v -0.37861395 0.17071670 -0.12949151
v 0.36890721 0.15714802 -0.12926902
v 0.37542224 0.12859045 -0.13845761
v 0.37950391 0.12858507 -0.11791742
v 0.36989349 0.15443201 -0.12926371
v 0.37066680 0.13602294 -0.15096325
v 0.36879003 0.15468830 -0.13419159
v 0.36733818 0.14806381 -0.15784192
v 0.38117614 0.12641500 -0.11272998
v 0.38550591 0.11474300 -0.10795084
v 0.37995207 0.13136312 -0.11212737
v 0.36300725 0.16540402 -0.14579017
v 0.35925815 0.17030185 -0.15787253
v 0.35697800 0.17615959 -0.15787986
v 0.35874361 0.17232533 -0.15699153
v 0.36384994 0.17196903 -0.12928849
v 0.37000832 0.15590337 -0.12677699
v 0.36901221 0.15938602 -0.12478540
v -0.38739127 0.17204188 -0.10154682
v -0.36852264 0.18566576 -0.13830982
v -0.37318256 0.18567199 -0.12304224
v -0.38608107 0.17307909 -0.10428245
v -0.36384284 0.18881203 -0.14695603
v -0.36317986 0.19691712 -0.13818635
v -0.35755956 0.19973196 -0.15084937
v -0.36551803 0.20160076 -0.12319700
v -0.37434480 0.19408131 -0.10680646
v -0.35852480 0.21424818 -0.12953600
v -0.36315876 0.21425411 -0.11214876
v -0.35229513 0.21424556 -0.14755645
v -0.34979016 0.22723353 -0.13603777
v -0.35239786 0.23245296 -0.12044415
v -0.35002512 0.21046987 -0.15811302
v -0.34572208 0.22017938 -0.15811914
v -0.34066609 0.23436235 -0.15230533
v -0.32903516 0.24579822 -0.15813410
v 0.34927782 0.19615091 -0.15404636
v 0.32455039 0.24088062 -0.14560547
v 0.32657659 0.23908913 -0.14178929
v 0.34784544 0.20914215 -0.13960129
v 0.34525284 0.21679820 -0.13441417
v 0.34857810 0.21426354 -0.12934248
v 0.33504245 0.22962484 -0.13704413
v 0.34566030 0.22013634 -0.12935051
v 0.34781626 0.21934810 -0.11916219
v 0.34330446 0.20685005 -0.15791413
v 0.33685315 0.21849500 -0.15792926
v 0.32844138 0.23406184 -0.14804067
v 0.35698900 0.18856978 -0.13503900
v 0.35919139 0.18570474 -0.13040885
v 0.35967752 0.18570319 -0.12796244
v 0.35846764 0.18865713 -0.12931159
v 0.36771613 0.17677793 -0.10608526
v 0.35939175 0.19877410 -0.10194737
v 0.35831678 0.20128554 -0.10338704
v -0.34068453 0.24283513 -0.13538358
v -0.34594092 0.24283601 -0.12108846
v -0.35757375 0.22846353 -0.10806249
v -0.35072917 0.23940672 -0.11182676
v -0.34458676 0.24934565 -0.10875791
v -0.33431107 0.25339422 -0.12955873
v -0.31935102 0.27142835 -0.12957191
v -0.33368331 0.26178762 -0.11028476
v -0.32903564 0.25147480 -0.14682601
v -0.32325646 0.25423837 -0.15524445
v -0.31951463 0.26667428 -0.13907355
v -0.31484580 0.26424128 -0.15813980
v -0.31637147 0.27303314 -0.13277866
v -0.30632353 0.27434707 -0.15814227
v -0.31629908 0.27449122 -0.12957342
v -0.31168091 0.27761656 -0.13266686
v -0.30956048 0.28185111 -0.12436771
v -0.31833336 0.27499908 -0.12243229
v -0.29566240 0.29035389 -0.13903517
v -0.29766163 0.29437512 -0.11811224
v -0.30049545 0.28169790 -0.15301824
v -0.28707370 0.29330963 -0.15057838
v -0.27193859 0.30161083 -0.15814190
v 0.24273971 0.30749172 -0.15787819
v 0.26221395 0.29539281 -0.14816517
v 0.26798671 0.29327238 -0.14028633
v 0.26989546 0.29706386 -0.11648657
v 0.28967115 0.27544865 -0.13748562
v 0.29849580 0.27137741 -0.12935977
v 0.27892971 0.28472608 -0.13601832
v 0.27553171 0.29152232 -0.11926292
v 0.28898475 0.27813885 -0.12935182
v 0.29314250 0.27890390 -0.11427822
v 0.28225192 0.27685893 -0.15792237
v 0.27131870 0.28787881 -0.14966175
v 0.32398117 0.24282415 -0.14142448
v 0.30940655 0.26186270 -0.12937060
v 0.30768159 0.25321692 -0.15404104
v 0.29988423 0.25892177 -0.15793923
v 0.30162990 0.25886217 -0.15444730
v 0.30125043 0.25780225 -0.15794027
v 0.32844692 0.24281675 -0.13227758
v 0.32332051 0.25306037 -0.12022028
v 0.33110577 0.24812049 -0.11775412
v 0.33563128 0.24280822 -0.11868543
v 0.34039381 0.23683354 -0.10911185
v 0.32844776 0.25273529 -0.11012849
v 0.33491343 0.24603711 -0.11186241
v 0.30870476 0.26590422 -0.11843364
v -0.28575960 0.30002806 -0.13650438
v -0.29080164 0.30002338 -0.12013802
v -0.30047777 0.29289198 -0.11172470
v -0.29545119 0.29750565 -0.11277737
v -0.28201231 0.30926019 -0.10605936
v -0.27647576 0.30913395 -0.12958626
v -0.27356488 0.31597388 -0.10431977
v -0.27193242 0.30731529 -0.14414263
v -0.26287496 0.31814986 -0.12958083
v -0.26191357 0.30931076 -0.15312828
v -0.25414827 0.32161188 -0.13307700
v -0.24338372 0.31909367 -0.15337616
v -0.25489664 0.32311729 -0.12682588
v -0.24442181 0.32861942 -0.12957413
v -0.26724461 0.31899166 -0.11034715
v -0.25021386 0.32861495 -0.11472562
v -0.23523170 0.32862204 -0.14183910
v -0.22335440 0.33437604 -0.14105868
v -0.23196290 0.33436164 -0.13243861
v -0.23276404 0.33597118 -0.12589507
v -0.22401270 0.33878914 -0.12956196
v -0.23245189 0.32315367 -0.15813407
v -0.21483429 0.33121607 -0.15811861
v -0.20938775 0.33747512 -0.14722976
v -0.20149139 0.33625102 -0.15810505
v -0.20869088 0.34494907 -0.12954798
v -0.19161116 0.34650055 -0.13845405
v -0.18729232 0.35510856 -0.11629218
v -0.18204886 0.34879982 -0.13959052
v -0.18549585 0.35571328 -0.11598811
v -0.18626289 0.34405625 -0.15037978
v -0.17002925 0.34910533 -0.15189247
v -0.15769075 0.35093686 -0.15804470
v -0.10050706 0.36719310 -0.15793005
v 0.07117271 0.36641389 -0.15780754
v 0.12785555 0.35600626 -0.12924056
v 0.12841251 0.35362208 -0.13625270
v 0.12839520 0.34668714 -0.15779911
v 0.13495523 0.34611651 -0.15452698
v 0.12909377 0.35577950 -0.12924089
v 0.15216814 0.34744143 -0.13869001
v 0.15639718 0.35587841 -0.11558202
v 0.18019041 0.33742306 -0.14703096
v 0.16282070 0.34550440 -0.13772789
v 0.15783283 0.35548526 -0.11577859
v 0.17918169 0.34427798 -0.12925848
v 0.17137986 0.33572835 -0.15781569
v 0.15700452 0.34206820 -0.15104830
v 0.18558437 0.33160669 -0.15782505
v 0.20723598 0.32506210 -0.15784317
v 0.22667819 0.32493353 -0.13108169
v 0.21416353 0.32341933 -0.15530063
v 0.23726997 0.31149888 -0.15513887
v 0.22712219 0.32581773 -0.12795225
v 0.19357291 0.33483428 -0.14187801
v 0.22012743 0.32851055 -0.12928775
v 0.20866475 0.32852119 -0.14684249
v 0.19458865 0.33911890 -0.12926707
v 0.20316611 0.33507720 -0.13255301
v 0.20400390 0.33674327 -0.12516063
v 0.23129286 0.32285526 -0.12930052
v 0.22486553 0.32850635 -0.12208678
v 0.23374462 0.32322884 -0.11876197
v 0.24274373 0.31008899 -0.14959823
v 0.26041096 0.29993814 -0.13815811
v 0.26605782 0.29992858 -0.11768590
v 0.24877800 0.31197709 -0.12932524
v 0.26872396 0.29862401 -0.11375069
v 0.27132934 0.29649919 -0.11334084
v 0.26135543 0.30491325 -0.11005944
v 0.27133471 0.29991549 -0.10037567
v 0.24612346 0.31756470 -0.10746990
v -0.24334902 0.33479607 -0.10409313
v -0.22183487 0.34642643 -0.10451142
v -0.21479845 0.34780616 -0.11077638
v -0.16404691 0.35721782 -0.13267764
v -0.17722923 0.35721070 -0.11973771
v -0.19104686 0.35480011 -0.11284241
v -0.18624160 0.35586694 -0.11457249
v -0.18464877 0.35641062 -0.11444510
v -0.18623674 0.35720450 -0.10893530
v -0.15909173 0.36004406 -0.12948987
v -0.15768048 0.35904571 -0.13313937
v -0.15569013 0.36119613 -0.12948535
v -0.15766564 0.36716574 -0.10959703
v -0.13592708 0.36063963 -0.14713550
v -0.13277455 0.36457208 -0.14005212
v -0.12372370 0.36797851 -0.13833939
v -0.12910376 0.36290288 -0.14655122
v -0.11187214 0.36584157 -0.15228245
v -0.13555273 0.37013429 -0.12163302
v -0.12066498 0.37407535 -0.12358154
v -0.15541308 0.37037304 -0.10205768
v -0.12908618 0.37711561 -0.10523169
v -0.10978741 0.37577349 -0.12941496
v -0.10839058 0.37938774 -0.11661797
v -0.10050742 0.36899158 -0.15288143
v -0.08895337 0.38031727 -0.12938112
v -0.09544890 0.36899292 -0.15539823
v -0.08346798 0.38032091 -0.13210449
v -0.05818678 0.38462093 -0.12991090
v -0.07190332 0.37510723 -0.15254125
v -0.08404217 0.38146842 -0.12721133
v -0.05804654 0.38490087 -0.12888195
v -0.08997003 0.38203716 -0.12187648
v -0.07827735 0.38579410 -0.11354639
v -0.05712137 0.38483468 -0.12932476
v -0.05521527 0.38341072 -0.13407545
v -0.06021858 0.38579121 -0.12410729
v -0.05693338 0.38512549 -0.12799455
v -0.05081897 0.37526724 -0.15784651
v -0.02959198 0.38456061 -0.12929630
v -0.04328438 0.37609237 -0.15783569
v -0.03191942 0.38284969 -0.13516450
v -0.03309156 0.37658691 -0.15783326
v -0.02826247 0.38436013 -0.13000748
v -0.00153152 0.38343403 -0.13045353
v -0.01466164 0.37810841 -0.15399352
v -0.02840712 0.38464847 -0.12872632
v -0.00130105 0.38389525 -0.12833937
v -0.02982941 0.38493678 -0.12759770
v -0.02539976 0.38578641 -0.12215803
v 0.00070293 0.38366550 -0.12928009
v 0.00328963 0.38213864 -0.13655099
v -0.00553696 0.38578206 -0.11894922
v 0.00128338 0.38414463 -0.12601005
v 0.00204303 0.37743527 -0.15782019
v 0.02661048 0.38247120 -0.12926573
v 0.01395417 0.37738198 -0.15781599
v 0.02313622 0.38065168 -0.13949510
v 0.02360404 0.37629893 -0.15781389
v 0.03040429 0.38149065 -0.13140115
v 0.05241401 0.37683290 -0.13370807
v 0.04256627 0.37482697 -0.15234731
v 0.06524047 0.36849171 -0.15484680
v 0.02996059 0.38238084 -0.12757094
v 0.05319935 0.37839580 -0.12557463
v 0.04258585 0.38448498 -0.10133750
v 0.02576895 0.38328034 -0.12428699
v 0.06205286 0.37541839 -0.12925057
v 0.06508437 0.37756121 -0.11289021
v 0.07117612 0.36793581 -0.15078101
v 0.07779931 0.37036347 -0.12924449
v 0.08825976 0.36290893 -0.14928085
v 0.09751818 0.36169150 -0.14125305
v 0.10145307 0.36045834 -0.14186715
v 0.09979114 0.36010891 -0.14500636
v 0.12048951 0.35713366 -0.13319698
v 0.10312795 0.35880861 -0.14518958
v 0.09491014 0.36693168 -0.11985146
v 0.10360296 0.36472529 -0.11874990
v 0.12492189 0.35713178 -0.12749563
v 0.09980896 0.36790377 -0.10958432
v 0.11803603 0.36623859 -0.10586453
v 0.07500470 0.37525281 -0.10828599
v 0.12841830 0.35632992 -0.12764214
v 0.15554748 0.35638291 -0.11422916
v 0.15701714 0.35611677 -0.11446364
v 0.16017662 0.35553563 -0.11338579
v 0.15701668 0.35711589 -0.11101084
v 0.18560371 0.34815925 -0.11138371
v 0.19392195 0.34696239 -0.10485250
v 0.21418865 0.33795178 -0.10543965
v -0.07190055 0.38968837 -0.10276730
v -0.01466555 0.38918322 -0.10244016
v 0.24500759 -0.02998937 0.46896151
v 0.24554372 -0.03025744 0.47192660
v 0.24230763 -0.03102718 0.46554047
v 0.21663740 -0.04148975 0.45746377
v 0.24230759 -0.04158247 0.49612892
v 0.24230759 -0.03288509 0.47030866
v 0.21374345 -0.04293839 0.45710531
v 0.21319078 -0.04266208 0.45629159
v 0.24129193 -0.04293805 0.49832582
v 0.22320831 -0.04767103 0.47983935
v 0.21374027 -0.05197260 0.48005018
v 0.21853267 -0.05253653 0.48935267
v 0.19746318 -0.05109315 0.47641343
v 0.20720042 -0.05603235 0.49108282
v 0.24153160 -0.04293802 0.49883276
v 0.21945187 -0.05437921 0.49881840
v 0.20620939 -0.05801415 0.49880648
v 0.18518431 -0.03967834 0.44828168
v 0.16034327 -0.04112376 0.45781875
v 0.18518476 -0.04944584 0.47026449
v 0.15663439 -0.04298034 0.46504164
v 0.15042745 -0.03987952 0.45905894
v 0.16977391 -0.04954118 0.47795102
v 0.15663292 -0.04952826 0.48123136
v 0.16144821 -0.05262167 0.48932183
v 0.14805067 -0.04727918 0.48020482
v 0.15216915 -0.05191807 0.48895854
v 0.18518192 -0.05284159 0.47905722
v 0.19358560 -0.05977400 0.49879342
v 0.17698857 -0.05933978 0.49877766
v 0.16407052 -0.05788169 0.49876481
v 0.14958653 -0.05708277 0.49875024
v 0.12809503 -0.03659901 0.45446581
v 0.11183570 -0.03686251 0.46206611
v 0.12809187 -0.04069348 0.47020638
v 0.09953869 -0.04301509 0.47370321
v 0.08531201 -0.03589828 0.46301380
v 0.10661520 -0.04655145 0.48092091
v 0.09953382 -0.04826307 0.48183170
v 0.10338008 -0.05071781 0.48830244
v 0.08980618 -0.04788471 0.47958389
v 0.09442140 -0.05324500 0.48955578
v 0.12808271 -0.04912886 0.48649347
v 0.13440736 -0.05565228 0.49873441
v 0.12154714 -0.05606002 0.49872395
v 0.10627879 -0.05652993 0.49871296
v 0.09130998 -0.05946280 0.49870294
v 0.07100549 -0.03412863 0.45939118
v 0.05370362 -0.03740412 0.46149346
v 0.07099443 -0.04194877 0.47015667
v 0.04245199 -0.04303386 0.46942925
v 0.03382861 -0.03872104 0.46017161
v 0.05333501 -0.04848076 0.47897020
v 0.04244119 -0.05026419 0.48079646
v 0.04809110 -0.05435207 0.49006468
v 0.03027535 -0.04912501 0.47831953
v 0.03700808 -0.05390445 0.48983169
v 0.07098273 -0.05102823 0.48270577
v 0.07924685 -0.05955988 0.49869370
v 0.06275596 -0.05946369 0.49868295
v 0.05075854 -0.05970193 0.49867362
v 0.03433419 -0.05924333 0.49866247
v 0.01390964 -0.03861882 0.45043504
v 0.01389643 -0.04613832 0.47012040
v -0.00714151 -0.04305770 0.45209616
v -0.00896083 -0.04590391 0.45868862
v -0.01339605 -0.04556687 0.45459247
v -0.01465041 -0.04631027 0.45746684
v -0.02411332 -0.04779398 0.46056610
v -0.01591475 -0.04559208 0.45457828
v -0.01464950 -0.04306135 0.44746244
v -0.00099783 -0.04988217 0.47755587
v -0.01466230 -0.05222905 0.47979450
v -0.00840332 -0.05558898 0.49063993
v -0.03311374 -0.05228905 0.47514901
v -0.02163267 -0.05699457 0.49133548
v 0.01388954 -0.05190300 0.48096001
v 0.02208797 -0.05945097 0.49865496
v 0.00556558 -0.05967003 0.49864447
v -0.00697738 -0.05844545 0.49863774
v -0.02305659 -0.05983645 0.49863124
v -0.12951872 -0.38642469 -0.05807228
v -0.12854585 -0.38665843 -0.05819017
v -0.10275550 -0.39002001 -0.07193605
v -0.10052203 -0.38882926 -0.07851202
v -0.10053782 -0.38328785 -0.10049760
v -0.08048822 -0.38979149 -0.09049782
v -0.09778514 -0.39100248 -0.07193937
v -0.07554520 -0.39271954 -0.08263591
v -0.07725275 -0.39616874 -0.06299382
v -0.06813951 -0.39312202 -0.08243542
v -0.06635596 -0.39666149 -0.06325139
v -0.04924908 -0.39728260 -0.07197213
v -0.04405402 -0.40049773 -0.04483410
v -0.07194980 -0.39153442 -0.08924456
v -0.05848487 -0.39223701 -0.09297036
v -0.04337043 -0.39453447 -0.09003846
v -0.04337482 -0.39319927 -0.10052827
v -0.03318686 -0.39468366 -0.09544600
v -0.03716885 -0.39788198 -0.07198136
v -0.02114761 -0.39820492 -0.07991069
v -0.02113653 -0.39819354 -0.06406152
v -0.04257984 -0.40055764 -0.04495672
v -0.00866632 -0.39772803 -0.08015350
v -0.00867163 -0.39771685 -0.06383298
v 0.00810419 -0.39684558 -0.07200129
v -0.01479259 -0.39698225 -0.09201537
v 0.00564524 -0.39568615 -0.09647663
v 0.01379024 -0.39530528 -0.09165575
v 0.01378892 -0.39520803 -0.10054308
v 0.02520384 -0.39404112 -0.09483913
v 0.01888322 -0.39564598 -0.07199781
v 0.03846504 -0.39326692 -0.08235533
v 0.03726046 -0.39566675 -0.06282324
v 0.04592922 -0.39255676 -0.08270299
v 0.04705928 -0.39483666 -0.06240770
v 0.06723591 -0.39284128 -0.07198119
v 0.04237367 -0.39221606 -0.08963768
v 0.05266575 -0.39058325 -0.09139079
v 0.07094456 -0.39075387 -0.08262280
v 0.07095023 -0.38826749 -0.10051671
v 0.09572214 -0.38730013 -0.08814981
v 0.07418978 -0.39191866 -0.07197755
v 0.09851003 -0.38741243 -0.08525037
v 0.09637573 -0.39169782 -0.06083692
v 0.10036599 -0.38709852 -0.08540645
v 0.10224351 -0.39085382 -0.06041408
v 0.12760790 -0.38639307 -0.07197374
v 0.09951574 -0.38704702 -0.08707818
v 0.10196874 -0.38662454 -0.08747907
v 0.12810618 -0.38612348 -0.07342771
v 0.12810388 -0.38212973 -0.10052321
v 0.12854351 -0.38627058 -0.07197376
v 0.18528098 -0.37349784 -0.10050789
v -0.06744299 -0.04090173 0.45795611
v -0.04321200 -0.05125408 0.47009656
v -0.04884497 -0.04307199 0.44436023
v -0.04321644 -0.04505987 0.44552654
v -0.04277788 -0.04395157 0.44155490
v -0.04361352 -0.04386709 0.44155407
v -0.04321660 -0.04351239 0.44067776
v -0.04576994 -0.04307363 0.44027710
v -0.03980484 -0.04307243 0.43985265
v -0.07177170 -0.04305232 0.47762248
v -0.21976757 -0.33838367 -0.07189543
v -0.17413966 -0.36136872 -0.07407506
v -0.17454749 -0.36219293 -0.06932512
v -0.18622699 -0.35899657 -0.04431208
v -0.16285935 -0.37390772 -0.04594119
v -0.21483836 -0.33806098 -0.09102688
v -0.21484633 -0.33764654 -0.10045341
v -0.20946421 -0.34008086 -0.09776394
v -0.18234016 -0.35703623 -0.07190458
v -0.20691893 -0.34429941 -0.07190043
v -0.19661070 -0.34918290 -0.07583442
v -0.19673155 -0.34943748 -0.06809880
v -0.18850885 -0.35704362 -0.04788997
v -0.17913432 -0.35703108 -0.08619873
v -0.16798784 -0.36498496 -0.07190750
v -0.16690823 -0.36208948 -0.08203823
v -0.18029918 -0.35404080 -0.10045920
v -0.18627968 -0.35196140 -0.09792286
v -0.13109592 -0.38557026 -0.05864524
v -0.15149692 -0.37322605 -0.07191050
v -0.15766738 -0.37530756 -0.05134854
v -0.15770042 -0.36199811 -0.10046663
v -0.15270992 -0.36631352 -0.09050914
v -0.14692153 -0.36590379 -0.10046897
v -0.12909272 -0.38556832 -0.06103506
v -0.13337897 -0.37702173 -0.08192901
v -0.12607682 -0.37950841 -0.08317755
v -0.12910911 -0.37626565 -0.09084833
v -0.11157458 -0.38555127 -0.07745371
v -0.11783634 -0.37992072 -0.09183882
v -0.13074261 -0.38639644 -0.05681799
v -0.12909029 -0.38691488 -0.05697225
v -0.12172930 -0.38924170 -0.05397101
v -0.10050467 -0.39438689 -0.05426217
v -0.09486842 -0.39701617 -0.04619201
v -0.07192160 -0.39939401 -0.05074673
v -0.01477848 -0.39900142 -0.05096218
v 0.01038381 -0.39805979 -0.04514840
v 0.01379747 -0.39786175 -0.04724531
v 0.01758662 -0.39786735 -0.04533742
v 0.04236906 -0.39594162 -0.05247898
v 0.06067985 -0.39459971 -0.04855803
v 0.07094497 -0.39344591 -0.05596519
v 0.08379436 -0.39329028 -0.04984026
v 0.09952237 -0.39224184 -0.05428319
v 0.10938954 -0.39034563 -0.05276446
v 0.13342291 -0.38539568 -0.07462829
v 0.13842833 -0.38540190 -0.06681694
v 0.12810723 -0.38646767 -0.06983537
v 0.14892161 -0.38150495 -0.09013058
v 0.15483102 -0.38166761 -0.08438702
v 0.15894057 -0.38090640 -0.08400485
v 0.15669447 -0.38054958 -0.08866698
v 0.17476441 -0.37636495 -0.09526198
v 0.15587839 -0.38377777 -0.05850687
v 0.15769702 -0.38340938 -0.05869041
v 0.15425509 -0.38419223 -0.05647070
v 0.15669547 -0.38377327 -0.05687096
v 0.16162176 -0.38295364 -0.05522801
v 0.18156298 -0.37797901 -0.07196297
v 0.18528128 -0.37448233 -0.09378124
v 0.19030902 -0.37537742 -0.07195833
v 0.18528806 -0.37838244 -0.05788369
v 0.18862407 -0.37278545 -0.09883721
v 0.20590398 -0.36948603 -0.07826018
v 0.22599800 -0.36124066 -0.07411696
v 0.21387029 -0.36301789 -0.09740762
v 0.20648967 -0.37065157 -0.06505495
v 0.22568080 -0.36188182 -0.06942721
v 0.19507852 -0.37603801 -0.04827818
v 0.21389788 -0.36845940 -0.04917049
v 0.22964253 -0.35977551 -0.07192846
v 0.23028664 -0.35896793 -0.07612083
v 0.23448136 -0.35687602 -0.07192355
v 0.23079197 -0.35947311 -0.06673446
v 0.21981727 -0.35981786 -0.10048785
v 0.24246871 -0.34857839 -0.10047421
v 0.24681264 -0.34692180 -0.09181044
v 0.24738917 -0.34504354 -0.10047045
v 0.25158453 -0.34649059 -0.07190876
v 0.26930010 -0.33187795 -0.08439440
v 0.26799724 -0.33451042 -0.06069522
v 0.24844804 -0.34855485 -0.05522852
v 0.27178285 -0.32974774 -0.08545694
v 0.27240220 -0.33097062 -0.05891828
v 0.27107307 -0.33014187 -0.08707074
v 0.27240926 -0.32899943 -0.08682998
v -0.06696752 -0.04545385 0.48193470
v -0.07177190 -0.04427132 0.48371857
v -0.07052635 -0.04554386 0.48557675
v -0.07458250 -0.04164272 0.48292094
v -0.07420379 -0.04304726 0.48554045
v -0.07275414 -0.04353957 0.48383725
v -0.07242686 -0.04435820 0.48498288
v -0.04321602 -0.05345426 0.47786665
v -0.03490285 -0.05968889 0.49862531
v -0.05120247 -0.05900052 0.49861503
v -0.06847817 -0.04964734 0.49859458
v -0.07823874 -0.04303857 0.49858284
v -0.07364976 -0.04678861 0.49858913
v -0.30513701 -0.27378106 -0.08858358
v -0.30296254 -0.27639186 -0.08379485
v -0.30350578 -0.27752534 -0.06072794
v -0.28261933 -0.29638577 -0.07917519
v -0.27893797 -0.29999822 -0.07194182
v -0.29319662 -0.28606796 -0.07893644
v -0.29228863 -0.28786981 -0.06588976
v -0.28401640 -0.29558039 -0.07194820
v -0.28291813 -0.29669824 -0.06533341
v -0.28473663 -0.29210258 -0.10050935
v -0.30050385 -0.27783287 -0.08944547
v -0.26398969 -0.31260049 -0.07192611
v -0.27196932 -0.30375078 -0.10048898
v -0.26667136 -0.30896324 -0.08989377
v -0.26392537 -0.31023079 -0.10047936
v -0.24649741 -0.32232818 -0.08309069
v -0.24168220 -0.32507503 -0.08446173
v -0.24340472 -0.32407242 -0.08840385
v -0.23534344 -0.32850960 -0.08215083
v -0.23916301 -0.32639059 -0.08830123
v -0.24592301 -0.32345289 -0.06016322
v -0.24200943 -0.32576397 -0.05900251
v -0.23668939 -0.32851428 -0.06097012
v -0.24338441 -0.32481134 -0.05577124
v -0.23979540 -0.32672328 -0.05582878
v -0.26767626 -0.30999964 -0.05190247
v -0.21480376 -0.34147143 -0.04595464
v -0.21355838 -0.34216064 -0.04395346
v 0.27341974 -0.32833412 -0.08499087
v 0.27523714 -0.32625452 -0.08824034
v 0.27531767 -0.32834452 -0.05971301
v 0.27108923 -0.33222118 -0.05566595
v 0.27405581 -0.32982749 -0.05611942
v 0.28127259 -0.32326436 -0.05250574
v 0.29220742 -0.31343597 -0.07186291
v 0.29445708 -0.30886495 -0.09001767
v 0.30705416 -0.29980102 -0.07184999
v 0.29602614 -0.31043342 -0.05059481
v 0.29146889 -0.30997035 -0.10042791
v 0.29965907 -0.30216220 -0.10042544
v 0.30989599 -0.29573542 -0.07997993
v 0.31123844 -0.29129541 -0.10041710
v 0.31152618 -0.29492399 -0.07184810
v 0.32575643 -0.27623618 -0.08362506
v 0.32483503 -0.27810144 -0.06098426
v 0.31008655 -0.29592410 -0.06408929
v 0.32880437 -0.27233803 -0.08557314
v 0.32906738 -0.27285460 -0.05835712
v 0.32825497 -0.27279049 -0.08689683
v 0.32919723 -0.27171156 -0.08659171
v -0.35855114 -0.21486272 -0.08684129
v -0.35806063 -0.21539797 -0.08581423
v -0.35791540 -0.21517220 -0.05814837
v -0.33920962 -0.23883921 -0.08019564
v -0.33587861 -0.24292345 -0.07202317
v -0.35519743 -0.21905282 -0.08398322
v -0.35565463 -0.21810147 -0.05961280
v -0.34053868 -0.23743707 -0.07202640
v -0.33921289 -0.23886225 -0.06389094
v -0.34209105 -0.23516923 -0.10060906
v -0.35754266 -0.21613622 -0.08722431
v -0.30835253 -0.27146697 -0.08233607
v -0.30986169 -0.27147645 -0.06240315
v -0.32199526 -0.25741240 -0.07201165
v -0.31370276 -0.26485825 -0.09288512
v -0.32903743 -0.24780774 -0.10058957
v -0.32475549 -0.25290871 -0.09201576
v -0.32316500 -0.25424656 -0.10057840
v -0.30656111 -0.27452204 -0.05465819
v -0.30047640 -0.28103077 -0.05291543
v -0.31637713 -0.26352268 -0.04975409
v -0.32509491 -0.25329641 -0.05127326
v 0.32962659 -0.27124155 -0.08543606
v 0.33040005 -0.27016893 -0.08719281
v 0.33025992 -0.27125174 -0.05855174
v 0.32826531 -0.27373418 -0.05631498
v 0.32968882 -0.27196375 -0.05684360
v 0.32826182 -0.27125385 -0.03711804
v 0.33117813 -0.26979661 -0.05609910
v 0.34649974 -0.25059047 -0.07183398
v 0.34798872 -0.24812838 -0.08272105
v 0.35230190 -0.24268976 -0.07183483
v 0.34778336 -0.24792579 -0.06136529
v 0.34474021 -0.25092196 -0.10040016
v 0.35681912 -0.23454380 -0.10040605
v 0.35949671 -0.23108119 -0.09505670
v 0.36029497 -0.23014262 -0.10040814
v 0.36315086 -0.22524197 -0.09724616
v 0.36258835 -0.22564381 -0.07184198
v 0.35793862 -0.22952262 -0.04548283
v -0.37515509 -0.18578775 -0.07205814
v -0.35875785 -0.21435736 -0.08572558
v -0.35845438 -0.21437012 -0.05821853
v -0.37340832 -0.18904077 -0.07205513
v -0.35930309 -0.21347427 -0.08721892
v -0.37406185 -0.18806390 -0.07661250
v -0.37063304 -0.19232979 -0.10063785
v -0.35820785 -0.21471782 -0.05739982
v -0.35751417 -0.21560654 -0.05712904
v -0.35881084 -0.21372086 -0.05709827
v -0.35749981 -0.21437801 -0.03903618
v -0.37656045 -0.18100314 -0.08162445
v -0.37728110 -0.17588058 -0.10065548
v -0.38606191 -0.15037411 -0.10069042
v -0.38041478 -0.16865353 -0.09783453
v -0.38246635 -0.16438340 -0.07208750
v -0.37395352 -0.18796515 -0.06770440
v -0.37870353 -0.17885526 -0.05818819
v 0.36981869 -0.21413276 -0.07834269
v 0.36964369 -0.21413621 -0.06544238
v 0.37309086 -0.20798326 -0.09228668
v 0.38406140 -0.18623635 -0.10042834
v 0.37787786 -0.19909883 -0.07861552
v 0.37779292 -0.19892070 -0.06517830
v 0.35945368 -0.22710900 -0.04458325
v 0.37174511 -0.20731199 -0.05073382
v 0.38454568 -0.18514894 -0.10042858
v 0.38526824 -0.18558100 -0.07185440
v 0.38443530 -0.18557216 -0.09851370
v 0.38298944 -0.18558268 -0.04813780
v 0.39123195 -0.16867106 -0.08031379
v 0.39156917 -0.16932844 -0.06372121
v 0.38539255 -0.18292323 -0.09910342
v 0.39384028 -0.16123638 -0.09035851
v -0.38811284 -0.14392364 -0.09967206
v -0.39115921 -0.14548543 -0.04609081
v -0.39016658 -0.13878289 -0.09247510
v -0.39524478 -0.12352633 -0.08230317
v -0.39396504 -0.12861431 -0.07213677
v -0.39650494 -0.12098034 -0.07214698
v -0.39333212 -0.13561307 -0.05814376
v -0.39609361 -0.12439187 -0.06369172
v -0.38889569 -0.14147586 -0.10070193
v -0.39549315 -0.11903329 -0.10072248
v -0.38605279 -0.15259220 -0.08131762
v -0.38490972 -0.15720424 -0.07266769
v -0.38494259 -0.15720485 -0.07154321
v -0.38530356 -0.15571280 -0.07209934
v -0.38604695 -0.15498310 -0.06765341
v -0.38281196 -0.16989219 -0.04510552
v -0.39976847 -0.10744269 -0.09386988
v 0.39563778 -0.15702140 -0.08102497
v 0.39654124 -0.15145108 -0.09170602
v 0.39627409 -0.15702641 -0.06299229
v 0.38542047 -0.17959341 -0.04627639
v 0.39504361 -0.16183841 -0.05275417
v 0.39820582 -0.15064371 -0.05117773
v 0.40216208 -0.13338329 -0.07185784
v 0.40244842 -0.13121265 -0.07735122
v 0.40344191 -0.12472628 -0.07934027
v 0.40356466 -0.12846838 -0.07185746
v 0.40703335 -0.11382757 -0.07186101
v 0.40278444 -0.13154589 -0.06570408
v 0.40552002 -0.12266684 -0.06024637
v 0.39980668 -0.13565785 -0.10042226
v 0.40261555 -0.11985497 -0.10042761
v 0.40508252 -0.10973374 -0.09598312
v -0.40618458 -0.08320639 -0.07807049
v -0.40270254 -0.10002705 -0.08051003
v -0.40344596 -0.09444198 -0.09204035
v -0.40659851 -0.08403753 -0.06590052
v -0.40351549 -0.10003412 -0.06342927
v -0.40253735 -0.10607293 -0.05184380
v -0.40563133 -0.09555329 -0.05340630
v -0.40808553 -0.07145114 -0.07220557
v -0.41515294 -0.04405226 -0.05852570
v -0.40608919 -0.07144640 -0.08378550
v -0.40836209 -0.05529432 -0.08028964
v -0.41008773 -0.07145853 -0.05264145
v -0.40326262 -0.07710129 -0.10076064
v -0.40465000 -0.06647567 -0.10077012
v -0.40832856 -0.04598737 -0.08961815
v 0.41021684 -0.09991156 -0.07375534
v 0.41003659 -0.08760028 -0.09845381
v 0.41047883 -0.09991263 -0.07010346
v 0.40893710 -0.11165787 -0.04582793
v 0.41154534 -0.09500021 -0.07186429
v 0.41143245 -0.08305915 -0.09530098
v 0.41669250 -0.07135000 -0.07185955
v 0.41031510 -0.08378233 -0.10043353
v 0.41401285 -0.09067530 -0.05338584
v 0.41400588 -0.06689405 -0.10043134
v 0.41587985 -0.08656169 -0.04422634
v 0.41606745 -0.05911288 -0.09632062
v 0.41630831 -0.05820493 -0.10043016
v 0.41697291 -0.05557778 -0.09895030
v 0.41926754 -0.05327445 -0.07185857
v 0.41605029 -0.08360113 -0.04735683
v 0.41900164 -0.06204387 -0.05324656
v -0.41533929 -0.04288786 -0.05832897
v -0.41456848 -0.04288621 -0.06161804
v -0.41093549 -0.03563425 -0.08288769
v -0.40946847 -0.04287494 -0.08395987
v -0.40927839 -0.04023347 -0.08914475
v -0.41552874 -0.04096810 -0.05890485
v -0.41538724 -0.04329668 -0.05753559
v -0.41457453 -0.04853845 -0.05511466
v -0.41563830 -0.04235392 -0.05741050
v -0.42037109 0.01133597 -0.08942784
v -0.41711438 -0.01431649 -0.07223748
v -0.41970965 0.00394004 -0.08137171
v -0.42219716 -0.00103595 -0.06560475
v -0.42141259 -0.01432133 -0.05739149
v -0.41342419 -0.01431367 -0.09854887
v -0.41300714 -0.01508349 -0.10079744
v -0.41309521 -0.01358659 -0.10079803
v -0.41455048 -0.00920910 -0.09824646
v 0.42360365 -0.01422254 -0.07187176
v 0.42217541 -0.04278287 -0.07593363
v 0.42213154 -0.04278333 -0.06780511
v 0.42253923 -0.02576248 -0.07186531
v 0.42054588 -0.03175858 -0.09717649
v 0.42148542 -0.02104091 -0.08551979
v 0.42079544 -0.02510929 -0.10044152
v 0.42166805 -0.05324621 -0.04711029
v 0.42501009 -0.03399126 -0.04878326
v 0.42185670 -0.00776750 -0.08478396
v 0.42135003 -0.00359631 -0.10045095
v 0.42030889 0.00320794 -0.09731193
v 0.42276746 -0.00313856 -0.07188075
v 0.42401651 -0.01851865 -0.06327334
v 0.42413861 -0.01004843 -0.06352384
v -0.43031073 0.04280358 -0.07224174
v -0.42315799 0.01424269 -0.08222547
v -0.42791402 0.01424519 -0.06464442
v -0.43001109 0.04047728 -0.07224254
v -0.42196208 0.01794260 -0.09022354
v -0.42980763 0.04184398 -0.07416043
v -0.41830850 0.04093467 -0.10081097
v -0.42823958 0.00740277 -0.05112968
v -0.43127307 0.02260930 -0.04961052
v -0.42973921 0.04369357 -0.07402276
v -0.41805792 0.04454728 -0.10081161
v -0.41996795 0.06868099 -0.08922866
v -0.42999721 0.04510091 -0.07224163
v -0.43062800 0.04102336 -0.06868099
v -0.43048427 0.04444252 -0.06896605
v 0.41031456 0.05346455 -0.09305973
v 0.41622373 0.04289603 -0.07192401
v 0.41030145 0.06397377 -0.07194546
v 0.40802410 0.05418397 -0.10050444
v 0.42168736 0.01433807 -0.07572459
v 0.42166632 0.01433594 -0.06807680
v 0.41985255 0.02598205 -0.07190624
v 0.41577169 0.02775449 -0.09960710
v 0.41402820 0.03442593 -0.10048620
v 0.41558295 0.03018230 -0.09736929
v 0.41548121 0.02935481 -0.10048158
v 0.42429417 0.00518822 -0.04844945
v 0.42227089 0.02450026 -0.04745178
v 0.40712032 0.06064539 -0.09705029
v 0.42022103 0.03480292 -0.05571783
v 0.41777191 0.05344862 -0.05081282
v -0.42126760 0.07137536 -0.08318946
v -0.42667064 0.07137697 -0.06400681
v -0.41913414 0.07365078 -0.08881141
v -0.41894361 0.08009343 -0.08217567
v -0.41458899 0.08330791 -0.09250580
v -0.42191577 0.08604978 -0.06529503
v -0.42944756 0.06393753 -0.05051085
v -0.42601529 0.07710569 -0.05222760
v -0.41462106 0.09994784 -0.07224846
v -0.41915560 0.09995039 -0.05282473
v -0.40918624 0.09994642 -0.09000158
v -0.40781057 0.11493182 -0.07974793
v -0.40998709 0.11929268 -0.06257902
v -0.40715986 0.09622683 -0.10082628
v -0.40485239 0.10482323 -0.10083182
v -0.40217972 0.12230323 -0.09276495
v 0.39914903 0.09875601 -0.07261380
v 0.40708953 0.07145561 -0.07543138
v 0.40219456 0.07981976 -0.09460148
v 0.39930803 0.09907284 -0.07151673
v 0.40855879 0.07145304 -0.06920867
v 0.41008937 0.08374273 -0.04537974
v 0.38472727 0.12818356 -0.08670337
v 0.39892223 0.10001127 -0.07198708
v 0.38505605 0.12767266 -0.08586196
v 0.39802676 0.10001262 -0.07549007
v 0.39675254 0.10606132 -0.06896827
v 0.39916122 0.10001080 -0.07075348
v 0.39454603 0.09549930 -0.10055097
v 0.39144182 0.10299525 -0.10056379
v 0.38550520 0.12490749 -0.08814251
v 0.41404885 0.06319870 -0.05542586
v 0.41757810 0.05893545 -0.04512789
v -0.40316612 0.12851939 -0.08082353
v -0.39851749 0.13657355 -0.09461471
v -0.40717280 0.12852123 -0.06168487
v -0.41458774 0.11412472 -0.05076107
v -0.40905544 0.12574992 -0.05519162
v -0.40748200 0.13208425 -0.05440548
v -0.39852521 0.15346064 -0.07227535
v -0.39720547 0.15395510 -0.07855699
v -0.39231208 0.16514032 -0.08838687
v -0.39793643 0.15709391 -0.07227822
v -0.39188057 0.17404559 -0.07229224
v -0.39861345 0.15536688 -0.06882003
v -0.39771038 0.15972677 -0.06701214
v -0.39426345 0.14691108 -0.10085908
v -0.38838828 0.17022978 -0.10088776
v -0.38773358 0.17221329 -0.10006142
v -0.38608170 0.17530118 -0.10089406
v 0.38474271 0.12857267 -0.08593187
v 0.38446417 0.12909426 -0.08683725
v 0.37570220 0.15222512 -0.10066302
v 0.38550603 0.12856942 -0.08000297
v 0.38379958 0.13198838 -0.08461109
v 0.38731897 0.13218404 -0.05956277
v 0.38868028 0.12855779 -0.05933189
v 0.39048144 0.12606981 -0.05524955
v 0.38551250 0.14787807 -0.04809592
v 0.38855734 0.13008259 -0.05621766
v 0.37108833 0.16435209 -0.10069004
v 0.36846298 0.17714989 -0.09496728
v 0.37788665 0.15712133 -0.07208028
v 0.37620118 0.15712517 -0.08201247
v 0.37507239 0.16477796 -0.07592830
v 0.37600461 0.16664708 -0.06732620
v 0.38285547 0.15711278 -0.04881541
v -0.38754871 0.18567228 -0.07303851
v -0.38788435 0.18567236 -0.07139588
v -0.39473552 0.17572466 -0.04804097
v -0.38688433 0.18728705 -0.07230338
v -0.37391776 0.21425883 -0.07234403
v -0.38607928 0.18743075 -0.07582293
v -0.38607275 0.19160107 -0.06044331
v -0.37710577 0.19546650 -0.09641635
v -0.37405688 0.21202190 -0.07681789
v -0.36961335 0.20822205 -0.10093643
v -0.38408870 0.19897169 -0.04471067
v -0.37299851 0.21543379 -0.07469708
v -0.36501375 0.21798511 -0.10094761
v -0.37303865 0.21668980 -0.07234651
v -0.36430666 0.22933106 -0.07990113
v -0.37871677 0.20733944 -0.05849113
v -0.37362951 0.21606922 -0.06872247
v -0.35661790 0.24093428 -0.08571813
v -0.35756928 0.23754191 -0.08931841
v -0.35567752 0.24189185 -0.08761996
v 0.35140651 0.22292006 -0.08958678
v 0.35883421 0.21423563 -0.07219531
v 0.35037613 0.22953874 -0.07222473
v 0.35594895 0.22746111 -0.04571336
v 0.34867346 0.22435728 -0.10078950
v 0.36729151 0.18567929 -0.07730547
v 0.36941993 0.18567574 -0.06590530
v 0.36415488 0.20001683 -0.07216620
v 0.35964477 0.19864576 -0.09942672
v 0.35700265 0.20507917 -0.10076074
v 0.35919994 0.20216721 -0.09635260
v 0.35886857 0.20090286 -0.10075456
v 0.37469292 0.18025559 -0.05240137
v 0.37010449 0.19338137 -0.05012831
v 0.34363496 0.23520690 -0.09410979
v 0.36450166 0.20746562 -0.05863077
v -0.36028004 0.24283935 -0.05944066
v -0.35756230 0.24283929 -0.07406031
v -0.35550305 0.24283946 -0.08563834
v -0.35305580 0.24510126 -0.08893590
v -0.35880125 0.24533649 -0.05932521
v -0.35198632 0.25400454 -0.06366441
v -0.36158785 0.24081808 -0.05604978
v -0.35991451 0.24402201 -0.05689230
v -0.35755113 0.24739468 -0.05579935
v -0.34139055 0.26760584 -0.07238463
v -0.33943483 0.26755613 -0.08013241
v -0.33758765 0.27142969 -0.07238558
v -0.34079841 0.26892748 -0.06738307
v -0.33808181 0.26166451 -0.10097521
v -0.32903522 0.27019218 -0.10097892
v -0.32268220 0.27937070 -0.08826786
v -0.31864011 0.28052148 -0.10098135
v -0.32127944 0.28451657 -0.07238833
v -0.30189413 0.29715416 -0.08525989
v -0.32765192 0.28436822 -0.04649652
v -0.29981285 0.29872712 -0.08604723
v -0.30046189 0.29791111 -0.08775189
v -0.29906785 0.29932633 -0.08739396
v 0.29593554 0.28167260 -0.09287172
v 0.29387662 0.28784001 -0.07222410
v 0.29342744 0.28240639 -0.10078780
v 0.29989091 0.27668783 -0.10079055
v 0.31719106 0.26572698 -0.10080531
v 0.33368486 0.25325611 -0.08129466
v 0.32845002 0.25584757 -0.09306003
v 0.34153661 0.24278925 -0.07997851
v 0.33747646 0.24730608 -0.09104346
v 0.33446383 0.25480735 -0.06397864
v 0.34316957 0.24278055 -0.06531646
v 0.35474575 0.22962104 -0.04475877
v 0.32845682 0.26429701 -0.04718282
v 0.33996052 0.24853182 -0.05219659
v 0.31162083 0.27389613 -0.07734242
v 0.28007966 0.29553682 -0.09086617
v 0.31689107 0.27133787 -0.07223415
v 0.31606925 0.27133983 -0.07602112
v 0.31271154 0.27426970 -0.07223210
v 0.31483585 0.27265483 -0.07289228
v 0.31492832 0.27283782 -0.07148276
v 0.31855661 0.27133217 -0.06347431
v -0.30575982 0.30001843 -0.06076116
v -0.30045554 0.30002242 -0.07835178
v -0.29830223 0.30002341 -0.08561700
v -0.29175103 0.30438346 -0.09106134
v -0.30214289 0.30341738 -0.05980543
v -0.29702699 0.30685997 -0.06153039
v -0.32106078 0.28969163 -0.04777439
v -0.30475485 0.30217513 -0.05594540
v -0.30044073 0.30608791 -0.05507234
v -0.28064835 0.31755215 -0.07241817
v -0.27515981 0.31757393 -0.09448840
v -0.26514110 0.32860234 -0.07242441
v -0.27863038 0.32106537 -0.05735184
v -0.27493930 0.31583291 -0.10100652
v -0.27190763 0.31820202 -0.10100750
v -0.25989756 0.33089384 -0.07700824
v -0.24992761 0.33190346 -0.10100462
v -0.25953150 0.33245742 -0.07242741
v -0.25468639 0.33444670 -0.07534789
v -0.25405863 0.33569086 -0.06888179
v -0.26137656 0.33237797 -0.06486885
v -0.23657373 0.34365797 -0.07995015
v -0.23743935 0.34541082 -0.06402119
v -0.21674761 0.35322359 -0.07241423
v -0.24334419 0.33681983 -0.09689786
v -0.22401908 0.34751961 -0.09637336
v -0.21477494 0.35329038 -0.08020718
v -0.21479116 0.35030764 -0.10098308
v -0.21354261 0.35473219 -0.07241298
v -0.15765961 0.36998692 -0.10093842
v 0.12841362 0.36583883 -0.10068476
v 0.18560876 0.35182720 -0.10069107
v 0.19635548 0.34817463 -0.09532787
v 0.20806864 0.34482989 -0.08030951
v 0.20966247 0.34800291 -0.06240660
v 0.23158014 0.33158711 -0.07836582
v 0.23929973 0.32848334 -0.07218187
v 0.22468932 0.33608639 -0.07596263
v 0.22322041 0.33902541 -0.06690403
v 0.23089240 0.33330256 -0.07217608
v 0.23414713 0.33413988 -0.06086675
v 0.22438231 0.33359531 -0.10072717
v 0.21419296 0.34051454 -0.09471323
v 0.25333676 0.32102343 -0.07219251
v 0.24276805 0.32112759 -0.10074989
v 0.24867231 0.32009733 -0.08895499
v 0.24867637 0.31715715 -0.10075581
v 0.26758075 0.30742449 -0.08272422
v 0.27288872 0.30300105 -0.08494028
v 0.27133897 0.30324519 -0.08815736
v 0.27671260 0.29990217 -0.08380555
v 0.27412695 0.30129883 -0.08788428
v 0.26407877 0.31442785 -0.06518446
v 0.27506855 0.30733255 -0.06165279
v 0.28281963 0.29988736 -0.06367258
v 0.27134934 0.31151414 -0.05211011
v 0.28074554 0.30458182 -0.05323360
v 0.25196150 0.32336485 -0.06198619
v 0.29990679 0.28760585 -0.04767279
v 0.30200529 0.28664595 -0.04470751
v -0.24330623 0.34359628 -0.05135318
v -0.22986341 0.35044771 -0.05141073
v -0.20493618 0.35718924 -0.07732640
v -0.20891440 0.35718572 -0.06948360
v -0.21476348 0.35475776 -0.06756218
v -0.19192545 0.36004969 -0.08953582
v -0.18889301 0.36255190 -0.08400200
v -0.18175280 0.36612076 -0.08221544
v -0.18621892 0.36243832 -0.08929680
v -0.16368759 0.36847728 -0.09792814
v -0.19076476 0.36632931 -0.06268141
v -0.17933017 0.37092975 -0.06497458
v -0.19961727 0.36390078 -0.05139794
v -0.18618459 0.37023860 -0.05158478
v -0.16650940 0.37494683 -0.07238689
v -0.16386044 0.37772220 -0.05629676
v -0.15765800 0.37050912 -0.09896770
v -0.14612231 0.38022172 -0.07236831
v -0.15594861 0.37064081 -0.10008170
v -0.14089423 0.38087350 -0.07481252
v -0.12907979 0.37877703 -0.09739725
v -0.14117782 0.38144749 -0.07019982
v -0.12389109 0.38577789 -0.07234329
v -0.14815928 0.38094789 -0.06272396
v -0.13404052 0.38577369 -0.05379132
v -0.11806335 0.38578066 -0.07890601
v -0.11288654 0.38766494 -0.07609704
v -0.11575718 0.38775286 -0.07331947
v -0.11598394 0.38821027 -0.07111843
v -0.11336662 0.38858339 -0.07233041
v -0.11159774 0.38894033 -0.06600605
v -0.11943600 0.38096604 -0.10088539
v -0.10049914 0.38577604 -0.10085952
v -0.08996474 0.38956642 -0.07985140
v -0.07826766 0.38897178 -0.10082779
v -0.08910312 0.39163831 -0.07229401
v -0.08328895 0.39155698 -0.07517174
v -0.08279318 0.39253077 -0.06891217
v -0.09190893 0.39152902 -0.06080782
v -0.05129974 0.39206237 -0.08477492
v -0.06132177 0.39327800 -0.07599124
v -0.06188808 0.39443111 -0.06792900
v -0.05351864 0.39388272 -0.07224116
v -0.04657933 0.39673254 -0.05034763
v -0.06310069 0.39018363 -0.10080960
v -0.07189849 0.39058223 -0.09842595
v -0.04328652 0.39066410 -0.10077779
v -0.03564925 0.39245656 -0.08555277
v -0.02264639 0.38976920 -0.10075299
v -0.03334627 0.39454561 -0.07221896
v -0.02505802 0.39357889 -0.07610644
v -0.02444234 0.39479253 -0.06770792
v -0.04016291 0.39701027 -0.04978216
v 0.00487328 0.39098376 -0.08258453
v -0.00371151 0.39251089 -0.07555036
v -0.00426272 0.39362180 -0.06826736
v 0.00303866 0.39251831 -0.07218032
v 0.00942893 0.39550638 -0.05271895
v -0.00792081 0.38914761 -0.10073779
v -0.01466354 0.38984418 -0.09871471
v 0.01396370 0.38791662 -0.10071947
v 0.04062978 0.38478529 -0.10070138
v 0.05621293 0.38436139 -0.07282744
v 0.04258651 0.38465819 -0.10014951
v 0.05628798 0.38450992 -0.07151838
v 0.02432440 0.38972074 -0.08006164
v 0.04981763 0.38575035 -0.07214149
v 0.03964025 0.38576174 -0.09482121
v 0.02584216 0.39064664 -0.07216269
v 0.03018814 0.38956437 -0.07405697
v 0.03044450 0.39007163 -0.07000612
v 0.01988046 0.39416647 -0.05538119
v 0.05769689 0.38416597 -0.07213528
v 0.05957260 0.38307956 -0.07746109
v 0.05445445 0.38574556 -0.06724200
v 0.05815372 0.38449919 -0.06964864
v 0.04696536 0.38357109 -0.10069872
v 0.08243430 0.37956181 -0.07212639
v 0.07120099 0.37779081 -0.10068715
v 0.07809027 0.37831917 -0.08694595
v 0.07967072 0.37567702 -0.10068519
v 0.08992088 0.37693042 -0.07651749
v 0.10794634 0.37337643 -0.07828918
v 0.09981459 0.37157768 -0.09361407
v 0.12120906 0.36781943 -0.09708685
v 0.08893465 0.37890545 -0.06872060
v 0.10913688 0.37574551 -0.06714632
v 0.09983499 0.38049749 -0.04618565
v 0.08109336 0.38129884 -0.06328361
v 0.12022523 0.37350893 -0.07212740
v 0.12297226 0.37686017 -0.05446591
v 0.12841468 0.36786836 -0.09359992
v 0.13578013 0.37184164 -0.07213585
v 0.14037615 0.36543211 -0.09471475
v 0.15232435 0.36648160 -0.08173286
v 0.16070603 0.36449477 -0.08272578
v 0.15701270 0.36360908 -0.08965680
v 0.16452782 0.36086351 -0.09016404
v 0.15049055 0.37014776 -0.06438150
v 0.16237040 0.36781549 -0.06322377
v 0.15701544 0.37151718 -0.05068079
v 0.17483187 0.36599633 -0.04897775
v 0.13310230 0.37608957 -0.05294431
v 0.18485966 0.35859421 -0.07214246
v 0.18561003 0.35786074 -0.07367208
v 0.18757963 0.35709372 -0.07312628
v 0.18865985 0.35709214 -0.07061972
v 0.18611914 0.35811248 -0.07214245
v 0.18561013 0.35898596 -0.06836117
v 0.20452598 0.35224032 -0.05303952
v 0.21420091 0.34683576 -0.05276323
v -0.12902682 0.38853309 -0.04515900
v -0.07183848 0.39375469 -0.04768518
v -0.01462209 0.39691579 -0.04920524
v 0.04260775 0.39203960 -0.04674477
v -0.15766209 -0.37817875 -0.04334577
v -0.13782421 -0.38995540 -0.03344975
v -0.13304976 -0.39354396 -0.02509988
v -0.13307627 -0.39363688 -0.00454037
v -0.12435426 -0.39499623 -0.02437546
v -0.12429118 -0.39509714 -0.00527896
v -0.10759191 -0.39978781 -0.01481622
v -0.12907426 -0.39306700 -0.03282797
v -0.10867780 -0.39575267 -0.03928321
v -0.10049452 -0.39746451 -0.03863322
v -0.10049710 -0.39669299 -0.04337463
v -0.09632263 -0.39774725 -0.04129344
v -0.09242117 -0.40165609 -0.01482263
v -0.08048307 -0.40270466 -0.02053188
v -0.08036271 -0.40248477 -0.00901056
v -0.04465264 -0.40110210 -0.04080231
v -0.06275181 -0.40381846 -0.01997615
v -0.06285103 -0.40360695 -0.00958421
v -0.05254356 -0.40397036 -0.01484065
v -0.04385228 -0.40038812 0.01262068
v -0.04538347 -0.40081096 -0.04342040
v -0.07191493 -0.40196043 -0.03733434
v -0.04334658 -0.40079340 -0.04342179
v -0.04219886 -0.40093648 -0.04113132
v -0.04163729 -0.40064463 -0.04342260
v -0.03458744 -0.40298343 -0.01484872
v -0.02318627 -0.40237209 -0.02070771
v -0.02293723 -0.40190107 -0.00875682
v -0.04279563 -0.40031326 0.01276900
v -0.00741237 -0.40018618 -0.02180226
v -0.00764630 -0.39970368 -0.00766569
v 0.00665726 -0.39982885 -0.01486313
v -0.01477319 -0.40014270 -0.03647431
v 0.01083525 -0.39828575 -0.04196201
v 0.01379900 -0.39821807 -0.04034573
v 0.01379768 -0.39816475 -0.04344415
v 0.01719406 -0.39806622 -0.04174576
v 0.01992948 -0.39771590 -0.01486461
v 0.03663152 -0.39698219 -0.02339798
v 0.03704342 -0.39618021 -0.00591707
v 0.04828236 -0.39727843 -0.02324413
v 0.04787991 -0.39646912 -0.00606122
v 0.06561307 -0.39613783 -0.01484892
v 0.04237188 -0.39679620 -0.03481683
v 0.06149010 -0.39500904 -0.03870048
v 0.07094525 -0.39446568 -0.03288817
v 0.07094413 -0.39442855 -0.04342279
v 0.08286845 -0.39376146 -0.03745539
v 0.07583801 -0.39523214 -0.01484421
v 0.09527194 -0.39394775 -0.02486483
v 0.09604655 -0.39241675 -0.00402469
v 0.10311693 -0.39260221 -0.02553350
v 0.10243560 -0.39124525 -0.00343764
v 0.12608176 -0.38950729 -0.01482894
v 0.09952631 -0.39296415 -0.03288894
v 0.11026444 -0.39079082 -0.03448483
v 0.12811619 -0.38871437 -0.02139317
v 0.12811351 -0.38842952 -0.04340663
v 0.12984814 -0.38889718 -0.01482784
v 0.15653658 -0.38581207 -0.00070926
v 0.15687345 -0.38576189 -0.00068402
v 0.18529202 -0.37933517 -0.04339549
v -0.22092766 -0.34080985 -0.01477021
v -0.21522611 -0.34326959 0.01283138
v -0.18819806 -0.35802966 -0.04333449
v -0.17815349 -0.36949021 -0.02100417
v -0.18622552 -0.35982472 -0.04194435
v -0.16469277 -0.37482902 -0.03982726
v -0.17906451 -0.37133738 -0.00763953
v -0.18618862 -0.36486357 0.00988115
v -0.16652751 -0.37578306 0.00932690
v -0.20343357 -0.34845611 -0.04333253
v -0.21479914 -0.34161237 -0.04098893
v -0.21480155 -0.34149003 -0.04333179
v -0.21367110 -0.34221789 -0.04276684
v -0.19931829 -0.35705870 -0.01477345
v -0.19714844 -0.35705549 -0.02146213
v -0.20105597 -0.35592538 -0.01477298
v -0.20022175 -0.35652500 -0.01504020
v -0.20021798 -0.35651833 -0.01450268
v -0.20727789 -0.35026819 -0.00117887
v -0.19902846 -0.35705912 -0.01185738
v -0.15881315 -0.38325027 -0.01478874
v -0.15764216 -0.38310018 -0.01978263
v -0.15386641 -0.38559666 -0.01667587
v -0.15391223 -0.38559783 -0.01292929
v -0.15704538 -0.38441384 -0.01478972
v -0.15763351 -0.38324088 -0.01006893
v -0.13941725 -0.39077938 0.00467472
v -0.12904029 -0.39391705 0.00365144
v -0.10804074 -0.39606100 0.00997528
v -0.10044973 -0.39764696 0.00936232
v -0.09647039 -0.39785913 0.01177779
v -0.07186935 -0.40116632 0.00728097
v -0.01472824 -0.40025741 0.00681546
v 0.00868544 -0.39722258 0.01115776
v 0.01383283 -0.39725888 0.00865817
v 0.01990152 -0.39675695 0.01069671
v 0.04239401 -0.39614168 0.00476671
v 0.06027789 -0.39442348 0.00839531
v 0.07095754 -0.39425576 0.00274284
v 0.08531013 -0.39257193 0.00657596
v 0.09953722 -0.39137378 0.00242790
v 0.10817145 -0.38976330 0.00378386
v 0.14920309 -0.38543427 -0.02536716
v 0.12812121 -0.38858482 -0.00853686
v 0.15485358 -0.38450852 -0.03003910
v 0.15671445 -0.38544673 -0.00646078
v 0.15613262 -0.38429525 -0.02854597
v 0.15736796 -0.38410383 -0.02844975
v 0.15670189 -0.38420090 -0.02973114
v 0.16052015 -0.38352513 -0.03102200
v 0.15837337 -0.38545057 -0.00135546
v 0.15598604 -0.38581616 -0.00016228
v 0.15671776 -0.38578665 -0.00035999
v 0.15715870 -0.38567111 -0.00030762
v 0.15671863 -0.38545191 0.00174285
v 0.18284853 -0.38053417 -0.01481482
v 0.18530428 -0.37978315 -0.02614241
v 0.18867165 -0.37874019 -0.01481271
v 0.18531582 -0.37849700 -0.00087469
v 0.19557506 -0.37629080 -0.03825432
v 0.20740566 -0.37246552 -0.02259364
v 0.22439913 -0.36452857 -0.01859830
v 0.21390545 -0.36899030 -0.03732019
v 0.20763762 -0.37292942 -0.00678268
v 0.22422096 -0.36489701 -0.01078861
v 0.19367345 -0.37536171 0.00960635
v 0.21391934 -0.36754858 0.00847637
v 0.23065230 -0.36177361 -0.01477718
v 0.23194340 -0.36063129 -0.02222445
v 0.23734257 -0.35691860 -0.01476781
v 0.23165250 -0.36034501 -0.00791440
v 0.22580379 -0.36283070 -0.04336219
v 0.24250586 -0.35288405 -0.04335003
v 0.24861912 -0.34873146 -0.03113665
v 0.25076360 -0.34674695 -0.04334147
v 0.25145537 -0.34621873 -0.01475539
v 0.26867789 -0.33320987 -0.02660549
v 0.24641776 -0.34654096 0.00604776
v 0.27214468 -0.33043945 -0.02798891
v 0.27110285 -0.33122057 -0.03046192
v 0.27327204 -0.32944357 -0.03011198
v -0.30656642 -0.27454582 -0.03219861
v -0.30371821 -0.27802458 -0.02586951
v -0.30335027 -0.27733761 -0.00349860
v -0.28336087 -0.29719117 -0.02048092
v -0.27938116 -0.30001390 -0.01482352
v -0.29154849 -0.28928864 -0.02021223
v -0.29202437 -0.28831822 -0.00898333
v -0.28411397 -0.29588699 -0.01483151
v -0.28219637 -0.29604375 -0.00687534
v -0.28770781 -0.29363066 -0.04339128
v -0.30045959 -0.28107372 -0.03392974
v -0.26417640 -0.31308717 -0.01480084
v -0.27193433 -0.30649415 -0.04337244
v -0.26733267 -0.30967680 -0.03417813
v -0.26543421 -0.31101537 -0.04336518
v -0.24657568 -0.32209939 -0.02585082
v -0.24143548 -0.32467115 -0.02713439
v -0.24336626 -0.32415611 -0.03124733
v -0.23631269 -0.32851934 -0.02553454
v -0.23913564 -0.32640606 -0.03117386
v -0.24568683 -0.32383057 -0.00284864
v -0.24197052 -0.32579613 -0.00185896
v -0.23814708 -0.32852298 -0.00308583
v -0.21961391 -0.34036645 0.01135294
v -0.24333166 -0.32465610 0.00144120
v -0.24021603 -0.32696757 0.00106430
v -0.26638472 -0.30877614 0.00275204
v 0.26798540 -0.32836783 -0.00200932
v 0.27111119 -0.32836416 -0.01475794
v 0.27428055 -0.32836160 -0.02743872
v 0.27915496 -0.32433778 -0.03304765
v 0.27014995 -0.32643497 -0.00140897
v 0.27336746 -0.32386684 -0.00269166
v 0.26099744 -0.33342433 0.00461280
v 0.26861709 -0.32711869 0.00080821
v 0.27111727 -0.32481802 0.00133536
v 0.29113135 -0.31126922 -0.01472245
v 0.29507571 -0.30948275 -0.03408912
v 0.30253777 -0.29980868 -0.01471328
v 0.29296783 -0.30737144 0.00042114
v 0.29472589 -0.31160906 -0.04329621
v 0.29967922 -0.30590633 -0.04329167
v 0.30882341 -0.29466778 -0.02499912
v 0.31245995 -0.29191396 -0.04328344
v 0.32698259 -0.27189270 -0.02963048
v 0.31004578 -0.29197317 -0.01470906
v 0.30653995 -0.29238600 0.00014812
v -0.33868971 -0.23839319 -0.02397906
v -0.33496678 -0.24294522 -0.01487785
v -0.33992738 -0.23634656 -0.01487611
v -0.33771074 -0.23743990 -0.00385054
v -0.34127080 -0.23480161 -0.04345398
v -0.31042865 -0.27149498 -0.02414939
v -0.30950296 -0.27149969 -0.00512285
v -0.32229337 -0.25814530 -0.01487795
v -0.31640297 -0.26351038 -0.03713321
v -0.32899290 -0.24864739 -0.04344798
v -0.32510835 -0.25333285 -0.03567953
v -0.32399166 -0.25470710 -0.04344558
v -0.30635679 -0.27446851 0.00239216
v -0.30042326 -0.27903447 0.00320104
v -0.31489202 -0.26426077 0.00666500
v -0.35662019 -0.21481849 -0.02960038
v -0.32488388 -0.25316757 0.00556077
v 0.32738853 -0.27125445 -0.02855601
v 0.32591534 -0.27125761 -0.00158713
v 0.32770324 -0.27097631 -0.02926999
v 0.32793093 -0.27059668 -0.02866240
v 0.33031380 -0.26715118 -0.02693756
v 0.32826027 -0.27026913 -0.02948445
v 0.32735655 -0.26947257 -0.00131341
v 0.33285254 -0.26206672 -0.00501737
v 0.32244968 -0.27415586 0.00248028
v 0.32639387 -0.27033114 0.00050737
v 0.32825029 -0.26790366 0.00125838
v 0.34454948 -0.24671015 -0.01470157
v 0.34557521 -0.24573000 -0.02075553
v 0.34761155 -0.24270602 -0.01470188
v 0.34566706 -0.24582896 -0.00845798
v 0.35429978 -0.23097166 0.00878199
v 0.34420657 -0.25066635 -0.04327168
v 0.35683355 -0.23086214 -0.04327276
v 0.35782969 -0.22941494 -0.04128021
v 0.35816756 -0.22908548 -0.04327291
v 0.35919502 -0.22723910 -0.04209297
v 0.35976571 -0.22000068 -0.01470519
v -0.37339643 -0.18580827 -0.01488542
v -0.38668886 -0.15855628 -0.01491411
v -0.37255466 -0.18742357 -0.01488414
v -0.37284258 -0.18690224 -0.01707425
v -0.37112916 -0.19262700 -0.04346558
v -0.36080727 -0.20773774 -0.02584299
v -0.35725963 -0.21391670 -0.02893046
v -0.35749236 -0.21361785 -0.02954563
v -0.35692486 -0.21438186 -0.02887910
v -0.35709161 -0.21418121 -0.02936390
v -0.36476347 -0.19979346 -0.00788592
v -0.35670218 -0.21284994 -0.00135103
v -0.35560894 -0.21439108 -0.00151314
v -0.35383365 -0.21621239 0.00124171
v -0.35747066 -0.21117398 0.00103007
v -0.35589761 -0.21360430 0.00020860
v -0.37608573 -0.18146725 -0.02356865
v -0.38112116 -0.17396958 -0.04348604
v -0.38602686 -0.16091065 -0.02229282
v -0.38603640 -0.16099067 -0.04350346
v -0.38319635 -0.17008664 -0.04206906
v -0.37270099 -0.18676496 -0.01297277
v -0.37395287 -0.18359953 -0.01046479
v 0.35600016 -0.22801726 0.01343652
v 0.36359587 -0.21414739 -0.01808259
v 0.36351237 -0.21414858 -0.01137087
v 0.35683915 -0.22625071 0.00948692
v 0.37093395 -0.20690784 -0.03623286
v 0.38138199 -0.18760110 -0.04328044
v 0.37531972 -0.19394834 -0.01889308
v 0.37527192 -0.19385399 -0.01058013
v 0.36943200 -0.20616373 0.00756491
v 0.38303289 -0.18439025 -0.04328034
v 0.38006663 -0.18559237 -0.01471216
v 0.38143602 -0.18558557 -0.03530789
v 0.38160211 -0.18559629 0.00619683
v 0.39004794 -0.16625482 -0.02438221
v 0.38995564 -0.16606578 -0.00494427
v 0.38542527 -0.17789251 -0.03943269
v 0.39308310 -0.16085571 -0.03282027
v -0.38730264 -0.15722212 -0.01555638
v -0.39140108 -0.14560997 -0.04083698
v -0.38724452 -0.15722266 -0.01430385
v -0.39040866 -0.14514174 0.01146027
v -0.39006180 -0.14913225 -0.01492635
v -0.39545751 -0.13348089 -0.02464563
v -0.39767337 -0.12600718 -0.02021096
v -0.39735398 -0.12863505 -0.01495395
v -0.39841205 -0.12486695 -0.01496049
v -0.39481813 -0.13411671 -0.00398637
v -0.39803535 -0.12637694 -0.01043818
v -0.39292288 -0.13947316 -0.04353301
v -0.39803284 -0.12034036 -0.04356246
v -0.38602060 -0.15904608 -0.01126837
v -0.37994230 -0.16849142 0.01065315
v -0.40149713 -0.10659556 -0.03584046
v 0.39436239 -0.15703368 -0.02453201
v 0.39595449 -0.15177687 -0.03425614
v 0.39417636 -0.15703930 -0.00479548
v 0.38543624 -0.17803968 0.01007477
v 0.39320272 -0.16091926 0.00345377
v 0.39679307 -0.15136586 0.00524832
v 0.40224400 -0.13349590 -0.01471557
v 0.40280005 -0.13154253 -0.02085066
v 0.40552485 -0.12268689 -0.02630012
v 0.40443158 -0.12847677 -0.01471556
v 0.40318981 -0.13193101 -0.00780279
v 0.40708360 -0.12112910 -0.00001704
v 0.40208799 -0.13679823 -0.04328651
v 0.40764183 -0.11737876 -0.04328766
v 0.40883642 -0.11160648 -0.04070132
v 0.41402492 -0.10316008 -0.02121413
v 0.41401839 -0.09312055 -0.04329468
v 0.41514468 -0.10214827 -0.01471816
v -0.40743881 -0.08575398 -0.02217015
v -0.40420404 -0.10004884 -0.02410545
v -0.40469611 -0.09509559 -0.03425536
v -0.40736270 -0.08562432 -0.00795031
v -0.40406811 -0.10005465 -0.00596840
v -0.40261829 -0.10603738 0.00528089
v -0.40529725 -0.09542176 0.00392013
v -0.41789836 -0.04456551 -0.03103688
v -0.41049635 -0.07147460 -0.01504962
v -0.41687125 -0.04750281 -0.02706837
v -0.41658884 -0.04696001 -0.00282012
v -0.41118413 -0.07146538 -0.03681980
v -0.40989026 -0.07148254 0.00416528
v -0.41053185 -0.07349351 -0.04363105
v -0.41135561 -0.06984443 -0.04363494
v -0.41458175 -0.05788746 -0.03685646
v 0.41050282 -0.11243317 0.01209994
v 0.42284995 -0.07135014 -0.01472563
v 0.41579291 -0.09991323 -0.01560128
v 0.41603041 -0.09991295 -0.01371659
v 0.41760027 -0.09277032 -0.01472079
v 0.41402555 -0.10439248 -0.00575329
v 0.41612494 -0.08668380 -0.04224364
v 0.41812339 -0.08153141 -0.03509404
v 0.41654682 -0.08436892 -0.04329563
v 0.41888434 -0.08805630 0.01143132
v 0.42210111 -0.06513949 -0.02714748
v 0.42083916 -0.06047218 -0.04329080
v 0.42262918 -0.05276534 -0.03898977
v 0.42404228 -0.06280556 -0.01472588
v 0.42081887 -0.07883938 0.00026836
v 0.42398781 -0.06702405 -0.00607220
v -0.41842410 -0.04290301 -0.02744703
v -0.41794318 -0.04291062 -0.00249174
v -0.41880322 -0.04078388 -0.03149307
v -0.42405719 -0.01907371 -0.04367920
v -0.42222798 -0.02756495 -0.02171691
v -0.42168951 -0.02863933 -0.00794741
v -0.41738379 -0.04432292 0.00061402
v -0.41456318 -0.05374075 0.00463000
v -0.41807306 -0.04115303 0.00095802
v -0.42668450 -0.00825967 -0.04368505
v -0.43036264 0.00633769 -0.03731248
v -0.42562568 -0.01433528 -0.01511161
v -0.42552757 -0.01433261 -0.02172895
v -0.42666095 -0.00998774 -0.01728700
v -0.42629835 -0.00926919 -0.01258027
v -0.42475188 -0.01433704 -0.00695181
v 0.42652145 -0.04277901 -0.02096395
v 0.42873397 -0.04277837 -0.00736524
v 0.42614803 -0.03455780 -0.03723602
v 0.42585596 -0.02259242 -0.04329598
v 0.42966196 -0.01688443 -0.01605600
v 0.43008891 -0.01773879 -0.01295666
v 0.42860505 -0.04977660 0.00657021
v 0.43072432 -0.03683975 0.00551101
v 0.42614129 -0.00599301 -0.04330634
v 0.42552489 0.00580105 -0.03757061
v 0.43002698 -0.01421396 -0.01471999
v 0.42961210 -0.01421405 -0.01729141
v 0.42951193 -0.01184612 -0.01590682
v 0.42980316 -0.01126393 -0.01324560
v 0.43021554 -0.01421390 -0.01094085
v -0.43478385 0.04282238 -0.01511219
v -0.43162048 0.01424346 -0.02086487
v -0.43033600 0.01424326 -0.00873458
v -0.43352664 0.03340215 -0.01511638
v -0.43327475 0.02361116 -0.03876869
v -0.43434030 0.03730373 -0.02614893
v -0.43321812 0.03348094 -0.04368585
v -0.42745626 0.00777240 0.00564215
v -0.42904401 0.02150452 0.00643716
v -0.43401974 0.04801608 -0.02549996
v -0.43259051 0.05183422 -0.04367115
v -0.43148845 0.06291618 -0.03785019
v -0.43321961 0.05162431 -0.01510447
v -0.43297073 0.03866234 -0.00679813
v -0.43337947 0.04738934 -0.00597463
v 0.42180371 0.04290168 -0.01476186
v 0.42722863 0.01434368 -0.02133361
v 0.42895672 0.01434239 -0.00727800
v 0.42358091 0.03339688 -0.01475389
v 0.42338198 0.02394756 -0.03865794
v 0.42164469 0.03621679 -0.02813383
v 0.42161590 0.03240399 -0.04333760
v 0.43000895 0.00804281 0.00586317
v 0.42818630 0.02155482 0.00676643
v 0.41896969 0.05225917 -0.03351523
v 0.41813263 0.05513183 -0.04335965
v 0.41405833 0.07196222 -0.04337853
v 0.41733289 0.05881160 -0.04172123
v 0.41707677 0.06544237 -0.01477861
v 0.42323279 0.03780132 -0.00454498
v 0.41971272 0.05152857 0.00249973
v -0.42972612 0.07139000 -0.02178378
v -0.42881623 0.07139491 -0.00794393
v -0.42804861 0.07813021 -0.03612394
v -0.42114070 0.09666757 -0.04366768
v -0.42451841 0.09132455 -0.01940444
v -0.42412233 0.09054911 -0.01037909
v -0.42919201 0.06405944 0.00652303
v -0.42765963 0.07796142 0.00575928
v -0.41982129 0.10257711 -0.04366997
v -0.42110223 0.09996344 -0.01508484
v -0.42077968 0.09995700 -0.03123034
v -0.42011181 0.09996247 0.00234262
v -0.41202599 0.12342987 -0.02683720
v -0.41283759 0.12508956 -0.00253290
v -0.41457817 0.11618859 -0.03555878
v -0.41022015 0.12635078 -0.03157397
v 0.41077125 0.08408223 -0.04174484
v 0.41196588 0.08467436 0.01273077
v 0.41005915 0.08973630 -0.03537372
v 0.40563178 0.10584052 -0.02651632
v 0.40820777 0.10000435 -0.01482122
v 0.40500003 0.11040995 -0.01483366
v 0.41090786 0.08889666 0.00743767
v 0.40588123 0.10608675 -0.00264820
v 0.40901774 0.08825056 -0.04339795
v 0.40141553 0.10795444 -0.04342305
v 0.41406989 0.07649621 -0.02488584
v 0.41583851 0.07145572 -0.01566649
v 0.41568631 0.07145589 -0.01397549
v 0.41523939 0.07378795 -0.01478554
v 0.41407436 0.07755970 -0.00256642
v 0.41772482 0.05901249 0.01197766
v 0.39721414 0.12270577 -0.03500544
v -0.40971574 0.12853417 -0.02695767
v -0.40889993 0.13137624 -0.03223817
v -0.41128838 0.12853597 -0.00244812
v -0.41455057 0.11807362 0.00442378
v -0.41179204 0.12715153 0.00057481
v -0.41002274 0.13080430 0.00145953
v -0.39949727 0.15549955 -0.01510855
v -0.39934096 0.15614557 -0.01703685
v -0.39879048 0.15862516 -0.01814463
v -0.39892587 0.15711008 -0.01510906
v -0.39396375 0.16980326 -0.01511222
v -0.39915568 0.15596491 -0.01281802
v -0.39556146 0.16184579 -0.00563386
v -0.40274778 0.15116768 -0.04368547
v -0.39923972 0.16478759 -0.04369395
v -0.39503050 0.17587695 -0.03920536
v -0.38606536 0.19483781 -0.04371622
v 0.38421458 0.15645993 -0.04348531
v 0.39170843 0.14094071 -0.02296805
v 0.38551545 0.15349022 -0.04166904
v 0.39594719 0.12855655 -0.02393090
v 0.39357924 0.13258924 -0.03319871
v 0.39283442 0.14318880 -0.00790580
v 0.39811873 0.12855774 -0.00687198
v 0.39995670 0.12133788 0.00667309
v 0.38551852 0.15672210 0.01349697
v 0.39538342 0.13348861 0.00436890
v 0.38364699 0.15804574 -0.04348804
v 0.37642276 0.18111622 -0.03378282
v 0.38621169 0.15710980 -0.01489370
v 0.38420731 0.15711069 -0.04086384
v 0.37977445 0.17416421 -0.02345579
v 0.37894171 0.17249319 -0.00721345
v 0.38533220 0.15711264 0.01331856
v -0.38785616 0.18568099 -0.01602658
v -0.38779995 0.18568167 -0.01423191
v -0.38874346 0.17277329 0.01210647
v -0.38695857 0.18752970 -0.01511666
v -0.37429208 0.21425937 -0.01513843
v -0.38604763 0.19146150 -0.02669347
v -0.38602927 0.18803759 -0.01040260
v -0.38395771 0.19890751 -0.04266378
v -0.37874490 0.20728472 -0.02908160
v -0.38264447 0.20167638 -0.04372332
v -0.37911606 0.19652450 0.01002165
v -0.37360853 0.21609417 -0.01881198
v -0.37270918 0.22185439 -0.04374740
v -0.36071250 0.24124502 -0.03106636
v -0.37307826 0.21687441 -0.01514061
v -0.36518940 0.22742735 -0.00856023
v -0.37485415 0.21116403 -0.00894160
v -0.37319624 0.21568830 -0.01227915
v -0.35607401 0.24000572 -0.00227709
v 0.35634437 0.22785594 -0.04234356
v 0.36382723 0.21421871 -0.01497690
v 0.35185495 0.23249288 -0.01502565
v 0.35395154 0.22545385 0.00750764
v 0.35596758 0.22798933 -0.04363362
v 0.37558591 0.18566649 -0.02425080
v 0.37399316 0.18566301 -0.00641338
v 0.36714065 0.20597389 -0.01496099
v 0.37200624 0.19242993 -0.03602152
v 0.35698664 0.22610471 -0.04362877
v 0.36546481 0.20842259 -0.02658275
v 0.36680993 0.20485996 -0.04357451
v 0.37555170 0.18067592 0.00436388
v 0.36967874 0.19359602 0.00729437
v 0.35515776 0.22941425 -0.04271844
v 0.36515731 0.20811301 -0.00273128
v -0.35978261 0.24283916 -0.02834116
v -0.35936466 0.24375942 -0.03039351
v -0.35750961 0.24283862 -0.01741334
v -0.35850435 0.24480097 -0.02849221
v -0.35195625 0.25397742 -0.02390601
v -0.35752827 0.24644934 -0.03128131
v -0.35435075 0.24283758 -0.00243562
v -0.35748070 0.23637883 0.00237616
v -0.35450700 0.24134693 0.00063142
v -0.35184455 0.24565950 0.00196137
v -0.34147173 0.26788723 -0.01518663
v -0.34124836 0.26942354 -0.01918076
v -0.33941939 0.27141774 -0.01518951
v -0.34009600 0.26828444 -0.00891349
v -0.34562850 0.26545569 -0.04379104
v -0.32899714 0.28339556 -0.04379751
v -0.32788756 0.28460780 -0.04158005
v -0.32751444 0.28497425 -0.04379826
v -0.32417560 0.28812754 -0.04138944
v -0.32368422 0.28943747 -0.01520146
v -0.32693285 0.28371012 0.00941823
v 0.29766691 0.29536659 -0.01508115
v 0.32472241 0.26945078 -0.04366655
v 0.33530027 0.25644550 -0.02251465
v 0.32845750 0.26538682 -0.04069594
v 0.34416205 0.24277183 -0.02148084
v 0.34148911 0.24928962 -0.03589587
v 0.33526918 0.25638542 -0.00757906
v 0.34410191 0.24277124 -0.00858094
v 0.34888515 0.23255447 0.00953079
v 0.32846990 0.25928363 0.00752157
v 0.33776903 0.24742511 0.00391918
v 0.31096464 0.28006780 -0.04366075
v 0.29991156 0.29004514 -0.03475063
v 0.29990774 0.28864405 -0.04365706
v 0.30229887 0.28679168 -0.04246254
v 0.32320899 0.27131021 -0.01507557
v 0.32356179 0.27131492 -0.03385207
v 0.30594099 0.28781983 -0.01508067
v 0.31728613 0.27749369 -0.01817787
v 0.31728697 0.27748784 -0.01198577
v 0.32005131 0.27131081 -0.00334891
v -0.31223464 0.30000448 -0.02359568
v -0.31222227 0.30000135 -0.00683761
v -0.30762699 0.30361310 -0.03312511
v -0.30418745 0.30755967 -0.02574506
v -0.29165554 0.31753021 -0.02076777
v -0.30042264 0.30968148 -0.03436334
v -0.30416471 0.30756247 -0.00470208
v -0.29163772 0.31753635 -0.00970423
v -0.32089546 0.28972435 0.00938123
v -0.30770385 0.30366603 0.00275253
v -0.30037731 0.30944997 0.00380586
v -0.28369686 0.32372761 -0.01524061
v -0.28191027 0.32436436 -0.02369477
v -0.27553260 0.32858741 -0.01524605
v -0.28175253 0.32422179 -0.00650383
v -0.28428465 0.32051444 -0.04383054
v -0.27186656 0.32783997 -0.04384054
v -0.26314896 0.33416966 -0.02642145
v -0.25890800 0.33639660 -0.04384986
v -0.26121986 0.33590686 -0.01525539
v -0.25118339 0.34135777 -0.02164716
v -0.25103354 0.34163320 -0.00872780
v -0.26296559 0.33400238 -0.00440823
v -0.23887338 0.34833705 -0.02514206
v -0.23897713 0.34857005 -0.00525684
v -0.24329340 0.34581685 -0.03523615
v -0.23206961 0.35155219 -0.03517575
v -0.21473965 0.35797340 -0.04383940
v 0.18561082 0.36320823 -0.04359472
v 0.20972595 0.35482430 -0.03155017
v 0.21267781 0.35400286 -0.02778498
v 0.23753971 0.33751398 -0.03312005
v 0.21694183 0.35158953 -0.02658072
v 0.23504663 0.34156340 -0.01504458
v 0.24119005 0.34115154 0.01030717
v 0.23329720 0.33802187 -0.04360749
v 0.21420693 0.35224423 -0.03172113
v 0.24278495 0.33302796 -0.04361263
v 0.25832558 0.32194334 -0.04362866
v 0.27739877 0.31196541 -0.02331300
v 0.27135220 0.31401190 -0.03641719
v 0.29209578 0.29987100 -0.01899057
v 0.28310400 0.30575332 -0.03523865
v 0.27774620 0.31264788 -0.00717047
v 0.29263976 0.29986998 -0.01143409
v 0.27136803 0.31860736 0.00858946
v 0.28455085 0.30646303 0.00581480
v 0.25578749 0.32974800 -0.01763668
v 0.25833273 0.32845438 -0.01505613
v 0.25790334 0.32845464 -0.01670369
v 0.25641602 0.32978377 -0.01505483
v 0.25740013 0.32909533 -0.01537559
v 0.25742188 0.32913834 -0.01471383
v 0.25260547 0.33293378 -0.00610720
v 0.25847277 0.32845429 -0.01227132
v 0.29993173 0.29145196 0.00177477
v 0.30345672 0.28734395 0.01176305
v -0.21945819 0.35716602 -0.01763020
v -0.21961275 0.35716456 -0.01279747
v -0.24325565 0.34501481 0.00512394
v -0.23278648 0.35191941 0.00428513
v -0.21567954 0.35911089 -0.01525229
v -0.21471094 0.35897022 -0.01885745
v -0.21334870 0.35988465 -0.01525113
v -0.21470267 0.35979766 -0.00998452
v -0.20039788 0.36429518 -0.03665906
v -0.19214457 0.36916396 -0.02354050
v -0.17708310 0.37531775 -0.02046547
v -0.18616711 0.37103018 -0.03645845
v -0.19238012 0.36967480 -0.00720075
v -0.17683017 0.37579721 -0.01026074
v -0.20399192 0.36610466 0.00799110
v -0.18611497 0.37236625 0.00664651
v -0.16852659 0.37909603 -0.01524270
v -0.16566706 0.37955403 -0.02765651
v -0.14727032 0.38576788 -0.01522309
v -0.16594781 0.37986648 -0.00344489
v -0.16941565 0.37738109 -0.04381650
v -0.15760513 0.38223618 -0.04380924
v -0.14428502 0.38676867 -0.01721878
v -0.13309181 0.38780501 -0.04378391
v -0.14389980 0.38700166 -0.01522000
v -0.14253522 0.38726676 -0.01596649
v -0.14253499 0.38726345 -0.01447072
v -0.14432316 0.38681138 -0.01313545
v -0.10981354 0.39066944 -0.02495834
v -0.11702240 0.39042744 -0.01751231
v -0.11701196 0.39041838 -0.01286718
v -0.11206776 0.39102569 -0.01518095
v -0.10987824 0.39057541 -0.00558208
v -0.12198600 0.38929200 -0.04376942
v -0.12902324 0.38887900 -0.04222592
v -0.10043577 0.39128754 -0.04374169
v -0.09227805 0.39194971 -0.02748410
v -0.08490753 0.39231354 -0.04371874
v -0.08962024 0.39284429 -0.01515250
v -0.08225648 0.39345747 -0.01897480
v -0.08200483 0.39393678 -0.01106610
v -0.09213857 0.39184701 -0.00302805
v -0.04576623 0.39752680 -0.03856544
v -0.06308180 0.39696044 -0.02069389
v -0.06335533 0.39753509 -0.00923704
v -0.05120187 0.39833897 -0.01510075
v -0.04532971 0.39789575 0.00912663
v -0.05051795 0.39643025 -0.04367006
v -0.07182498 0.39405143 -0.03956547
v -0.04322186 0.39764243 -0.04365795
v -0.04114627 0.39800712 -0.03952191
v -0.03851493 0.39772370 -0.04365439
v -0.03604893 0.40010875 -0.01508590
v -0.02191681 0.39970994 -0.02204178
v -0.02112058 0.40126985 -0.00733492
v -0.04139711 0.39831588 0.00997145
v 0.01126916 0.39732742 -0.03817813
v -0.00728627 0.39976805 -0.02206526
v -0.00805012 0.40132809 -0.00729612
v 0.00699898 0.40030631 -0.01506578
v 0.00778967 0.39695749 -0.04362952
v -0.01460414 0.39863035 -0.03721354
v 0.01399251 0.39659047 -0.04362633
v 0.01673898 0.39731187 -0.03815463
v 0.02274247 0.39567745 -0.04361955
v 0.02106861 0.40025890 -0.01506340
v 0.03411390 0.39732105 -0.02084404
v 0.03504857 0.39916259 -0.00836599
v 0.06184196 0.39062867 -0.02484280
v 0.05268592 0.39422297 -0.01930273
v 0.05186924 0.39586821 -0.01000205
v 0.06051530 0.39286348 -0.01506139
v 0.06455867 0.39331418 0.00010845
v 0.05152048 0.39019024 -0.04359706
v 0.04261059 0.39340556 -0.03977782
v 0.07122820 0.38559076 -0.04358491
v 0.09290127 0.38225371 -0.04358095
v 0.11282165 0.38304818 -0.01638231
v 0.09983767 0.38133240 -0.04139316
v 0.11283574 0.38307306 -0.01374896
v 0.08392737 0.38733271 -0.01829693
v 0.09755067 0.38570350 -0.01505861
v 0.08969350 0.38570955 -0.02332460
v 0.08447322 0.38786733 -0.01505766
v 0.08636820 0.38733563 -0.01586987
v 0.08651992 0.38763669 -0.01409445
v 0.08244199 0.38882124 -0.00884079
v 0.11565946 0.38267508 -0.01505946
v 0.11809579 0.38174593 -0.02295095
v 0.10485022 0.38569635 0.00351602
v 0.11711302 0.38273132 -0.00914126
v 0.11137633 0.37993896 -0.04358485
v 0.13987771 0.37997833 -0.01506132
v 0.12842356 0.37809131 -0.04359236
v 0.13634224 0.37930995 -0.02780063
v 0.13904227 0.37671083 -0.04359814
v 0.14628136 0.37858140 -0.01860637
v 0.16571836 0.37446690 -0.02065114
v 0.15701747 0.37397718 -0.03775945
v 0.17705889 0.36710376 -0.03932583
v 0.14589661 0.37935054 -0.01190077
v 0.16622324 0.37546784 -0.00996709
v 0.15702835 0.37986618 0.01059087
v 0.18499540 0.37104917 0.01318934
v 0.13765031 0.38060033 -0.00491014
v 0.17849398 0.37131438 -0.01505411
v 0.18561229 0.36565071 -0.03217240
v 0.20744413 0.35706201 -0.02593692
v 0.19053146 0.36689419 -0.01505044
v 0.18561292 0.37080657 0.01239735
v 0.21420306 0.35705522 -0.00488384
v 0.21382228 0.35781467 -0.00115399
v 0.21442591 0.35750130 -0.00099751
v 0.21513323 0.35705429 -0.00123894
v 0.22104971 0.35362989 0.00264707
v 0.19804224 0.36513916 0.00729295
v 0.21420233 0.35764804 -0.00047808
v 0.21475711 0.35733169 -0.00049727
v -0.12895130 0.38907170 0.01173802
v -0.07175450 0.39556906 0.00856034
v -0.01455427 0.40153962 0.00561043
v 0.01149229 0.40133375 0.01220523
v 0.01405479 0.40117580 0.01123794
v 0.01601109 0.40102649 0.01250817
v 0.04265451 0.39820719 0.00724976
v 0.09986170 0.38715342 0.01275451
v -0.15761080 -0.37993455 0.01378129
v -0.13080662 -0.38648224 0.02717074
v -0.12945056 -0.38645679 0.02850070
v -0.12853454 -0.38654745 0.02854678
v -0.10131552 -0.38737047 0.04236035
v -0.12901641 -0.38690135 0.02740762
v -0.12202285 -0.38907743 0.02456612
v -0.10042530 -0.39107135 0.03133967
v -0.10044582 -0.39679635 0.01376821
v -0.09398975 -0.39662200 0.01699474
v -0.09935686 -0.38767752 0.04236049
v -0.07618700 -0.39423686 0.03240799
v -0.07267652 -0.38726795 0.05580059
v -0.04356964 -0.40010807 0.01432213
v -0.06727156 -0.39469773 0.03263762
v -0.07090777 -0.38739282 0.05573728
v -0.04712512 -0.39327294 0.04234951
v -0.04408725 -0.40022427 0.01375256
v -0.07185338 -0.39699903 0.02233125
v -0.04328546 -0.40025252 0.01375227
v -0.04301545 -0.40009305 0.01429223
v -0.04250235 -0.40021440 0.01375198
v -0.03955840 -0.39296693 0.04234676
v -0.01952675 -0.39517024 0.03286124
v -0.01706382 -0.39027005 0.05427300
v -0.01003927 -0.39488834 0.03272001
v -0.01242576 -0.39009809 0.05435561
v 0.01038850 -0.39243820 0.04232807
v -0.01471879 -0.39772660 0.02193547
v 0.00700575 -0.39638472 0.01715509
v 0.01383734 -0.39517030 0.02299933
v 0.01383561 -0.39675620 0.01373352
v 0.02306179 -0.39517808 0.01835155
v 0.01720242 -0.39224190 0.04232671
v 0.03902909 -0.39224946 0.03140775
v 0.04112740 -0.38805994 0.05534523
v 0.04552649 -0.39175263 0.03116073
v 0.04356579 -0.38783956 0.05545480
v 0.06969044 -0.38803670 0.04233654
v 0.04239914 -0.39268321 0.02443480
v 0.05628747 -0.39243335 0.02108496
v 0.07096449 -0.38903552 0.03522560
v 0.07096071 -0.39314118 0.01374675
v 0.09054740 -0.38996428 0.02354729
v 0.07199074 -0.38753483 0.04233657
v 0.09815819 -0.38823444 0.02943062
v 0.10081157 -0.38800606 0.02931706
v 0.09954169 -0.38855362 0.02650247
v 0.10431446 -0.38784948 0.02566280
v 0.12812901 -0.38730273 0.01376310
v 0.18531989 -0.37722218 0.01377705
v -0.21514452 -0.34319067 0.01457420
v -0.21775176 -0.33460939 0.04235739
v -0.21546379 -0.34315154 0.01378214
v -0.21474954 -0.34369868 0.01378178
v -0.19210368 -0.36001942 0.01378480
v -0.17613760 -0.36560065 0.03808950
v -0.18618047 -0.36396682 0.01724119
v -0.16554148 -0.37529582 0.01775014
v -0.17514881 -0.36364791 0.04565937
v -0.21371070 -0.34383020 0.01585490
v -0.21779139 -0.34127507 0.01530446
v -0.18486691 -0.35706508 0.04236261
v -0.19166337 -0.35706410 0.02477683
v -0.20862781 -0.34068710 0.04235707
v -0.19694638 -0.35010228 0.03887219
v -0.19603153 -0.34829652 0.04674973
v -0.16567516 -0.36941177 0.04236428
v -0.17874685 -0.35706675 0.05618832
v -0.16544455 -0.36344457 0.05515856
v -0.15759468 -0.37714285 0.02542648
v -0.13176253 -0.38558868 0.02944068
v -0.15228522 -0.37503237 0.04236433
v -0.12901202 -0.38558668 0.03107329
v -0.13394642 -0.37567300 0.05169600
v -0.12525971 -0.37813815 0.05293079
v -0.10570746 -0.38557038 0.04500974
v -0.12896907 -0.37253523 0.06319133
v -0.10723174 -0.37471420 0.06753207
v -0.15245643 -0.36623749 0.06076861
v -0.10041133 -0.38670975 0.04464721
v -0.07367104 -0.38648748 0.05757850
v -0.07182261 -0.38681126 0.05727847
v -0.06957516 -0.38668546 0.05777784
v -0.07182132 -0.38556316 0.05978873
v -0.04326071 -0.39006564 0.05137868
v -0.02060858 -0.38850352 0.05959684
v -0.01470114 -0.38895613 0.05834279
v -0.00817958 -0.38880476 0.05989920
v -0.01469319 -0.38554841 0.07377839
v 0.01384443 -0.39027607 0.05183406
v 0.03849234 -0.38746953 0.05857804
v 0.04240131 -0.38750863 0.05761986
v 0.04574559 -0.38718253 0.05829407
v 0.04241352 -0.38552105 0.07592892
v 0.08444397 -0.38548553 0.04907935
v 0.07096677 -0.38731173 0.04598657
v 0.09954759 -0.38547730 0.04385860
v 0.11260700 -0.38547051 0.03458424
v 0.09853762 -0.38345712 0.05562226
v 0.10058613 -0.38341805 0.05560344
v 0.09476447 -0.38309479 0.05903098
v 0.09955321 -0.38280624 0.05797748
v 0.10915825 -0.38069159 0.06143950
v 0.12666613 -0.38253513 0.04235326
v 0.12813544 -0.38325560 0.03791911
v 0.12985684 -0.38204014 0.04235484
v 0.12814492 -0.37939113 0.05454432
v 0.15129082 -0.38275084 0.02534743
v 0.15460379 -0.38122153 0.03019190
v 0.15958375 -0.37977141 0.03092018
v 0.15672779 -0.38182732 0.02624466
v 0.16828024 -0.37969857 0.02229460
v 0.15201300 -0.37603760 0.05193049
v 0.16265431 -0.37367344 0.05075102
v 0.13590410 -0.37508160 0.06706635
v 0.15674984 -0.37097335 0.06392545
v 0.17856114 -0.37195909 0.04236999
v 0.17994861 -0.36582857 0.06018269
v 0.18532345 -0.37533724 0.02207679
v 0.19505943 -0.36604863 0.04237984
v 0.19205166 -0.37455446 0.01714689
v 0.20335934 -0.36438301 0.03865324
v 0.21392190 -0.36568004 0.01818453
v 0.20256066 -0.36278835 0.04531711
v 0.21462187 -0.35693288 0.04239893
v 0.19375971 -0.36279875 0.05412658
v 0.20624471 -0.35693216 0.05561178
v 0.22221607 -0.35693049 0.03038894
v 0.23653091 -0.34863982 0.02581205
v 0.22569725 -0.35188311 0.03987905
v 0.22484455 -0.35017782 0.04578798
v 0.23447049 -0.34446523 0.04241648
v 0.22323021 -0.36157250 0.01381178
v 0.24252313 -0.34840751 0.01383185
v 0.24509449 -0.34522054 0.01897530
v 0.24704224 -0.34490970 0.01383694
v 0.25439268 -0.33672625 0.01977605
v 0.24655539 -0.33641326 0.04242775
v -0.30167288 -0.27213791 0.02736144
v -0.30088049 -0.27247795 0.02849510
v -0.27820539 -0.29209760 0.02645587
v -0.26228848 -0.30000708 0.04232651
v -0.29933646 -0.27360103 0.02905937
v -0.27889204 -0.28559214 0.04230726
v -0.28308538 -0.29135671 0.01373539
v -0.30039206 -0.27321979 0.02714130
v -0.25909498 -0.30308563 0.04233015
v -0.27187306 -0.30182865 0.01375194
v -0.26102775 -0.30346692 0.03539972
v -0.26236385 -0.30952063 0.01376693
v -0.25224650 -0.31062341 0.03702102
v -0.24048942 -0.32293379 0.03087040
v -0.24329942 -0.32247040 0.02503330
v -0.22988397 -0.32853308 0.03477360
v -0.23833060 -0.32604885 0.02558452
v -0.25458768 -0.30592203 0.04529487
v -0.23817110 -0.31837469 0.05154567
v -0.22421312 -0.32853675 0.04711024
v -0.24324119 -0.30974162 0.06603666
v -0.22802229 -0.32093841 0.06424978
v -0.25926280 -0.30171940 0.04575893
v -0.26603547 -0.29151165 0.05934317
v -0.21469671 -0.33356157 0.05241513
v -0.20389926 -0.33742490 0.06553993
v -0.18610620 -0.34897605 0.06688548
v 0.21393290 -0.34881830 0.06692249
v 0.23396282 -0.33837414 0.06671788
v 0.25852090 -0.32837033 0.03444280
v 0.25516766 -0.32837138 0.04875052
v 0.24252939 -0.33527189 0.05623887
v 0.26546293 -0.32554629 0.02531772
v 0.26778907 -0.32171893 0.03147404
v 0.28167695 -0.30726063 0.03871576
v 0.27111715 -0.32073179 0.02432468
v 0.26643831 -0.31902722 0.05204870
v 0.28282335 -0.30496767 0.04502261
v 0.25752530 -0.32158393 0.06351168
v 0.27111241 -0.30945215 0.06619035
v 0.28656507 -0.30213830 0.04244457
v 0.28769565 -0.30210376 0.03785955
v 0.28916615 -0.29981354 0.04244547
v 0.28676328 -0.30117434 0.04516796
v 0.29332364 -0.29189816 0.05828609
v 0.28818774 -0.30834100 0.01386506
v 0.29968819 -0.29722124 0.01386664
v 0.30475342 -0.29060286 0.02400908
v 0.30770519 -0.28954405 0.01386898
v 0.32035500 -0.27521124 0.02420381
v 0.30677933 -0.28544915 0.04244419
v -0.33479959 -0.23456062 0.02548406
v -0.32318699 -0.24295682 0.04228644
v -0.33522207 -0.22704995 0.04228955
v -0.33882365 -0.23362522 0.01370655
v -0.30190763 -0.27149710 0.02876326
v -0.31795654 -0.24959862 0.04228438
v -0.30483589 -0.26927543 0.02577585
v -0.32893491 -0.24637634 0.01369958
v -0.32176924 -0.25007772 0.02802664
v -0.32283947 -0.25418255 0.01369593
v -0.30038357 -0.27149650 0.03355029
v -0.30656701 -0.25908259 0.05036576
v -0.29799426 -0.26677114 0.05422008
v -0.29314712 -0.27149186 0.05297755
v -0.30034792 -0.26252538 0.06107523
v -0.29446507 -0.26855126 0.05953328
v -0.34714487 -0.21955612 0.02283864
v -0.31832701 -0.24665999 0.04969320
v -0.32660818 -0.23095714 0.06631927
v -0.27179411 -0.28402188 0.06742190
v -0.26986456 -0.28478709 0.06992042
v 0.29805481 -0.28473032 0.07019027
v 0.32323453 -0.27127036 0.03065872
v 0.31947589 -0.27127194 0.05232579
v 0.29968378 -0.28397474 0.06786540
v 0.32555386 -0.26992443 0.02680359
v 0.32664749 -0.26807162 0.02975067
v 0.33511490 -0.25755781 0.03500276
v 0.32824889 -0.26652017 0.02577312
v 0.32527840 -0.26533052 0.05373491
v 0.33765823 -0.25248262 0.04730061
v 0.32081154 -0.26755562 0.06043031
v 0.32825261 -0.26024204 0.06222262
v 0.34423175 -0.24610141 0.04241619
v 0.34507257 -0.24525079 0.03735581
v 0.35370564 -0.23156765 0.02011541
v 0.34711659 -0.24272278 0.04241502
v 0.34460372 -0.24478355 0.04653673
v 0.35213706 -0.23312956 0.06159547
v 0.34251630 -0.24984378 0.01385994
v 0.35520548 -0.22925234 0.01385601
v 0.35595244 -0.22799350 0.01429879
v 0.35683936 -0.22673112 0.01726601
v 0.35683995 -0.22657050 0.01385553
v 0.36087781 -0.22223958 0.04240899
v -0.36804071 -0.19111988 0.01371000
v -0.35399500 -0.20748708 0.03146369
v -0.35745457 -0.20497970 0.02329274
v -0.34794945 -0.21439788 0.03276058
v -0.35219169 -0.21176304 0.02537019
v -0.35166603 -0.20286340 0.05080809
v -0.34275138 -0.21440358 0.04922981
v -0.35742322 -0.19090562 0.06833651
v -0.34422415 -0.20780388 0.06318817
v -0.37460595 -0.17723432 0.01369813
v -0.38600475 -0.15361151 0.01367434
v -0.37918410 -0.16811697 0.01710363
v -0.36537600 -0.18583736 0.04229593
v -0.36736158 -0.18583359 0.03356739
v -0.36926311 -0.18092641 0.03983634
v -0.36871907 -0.17984721 0.04528882
v -0.36225897 -0.18584283 0.06119648
v -0.32887599 -0.22736643 0.06822650
v -0.32771510 -0.22810636 0.07028677
v 0.35525429 -0.22765899 0.07018046
v 0.36653182 -0.21416053 0.03756578
v 0.36801508 -0.21416375 0.04799231
v 0.35682684 -0.22571597 0.06551086
v 0.37110338 -0.20700496 0.02097847
v 0.38088048 -0.18787314 0.01385566
v 0.37764943 -0.19862607 0.03590079
v 0.37844571 -0.20023063 0.04972066
v 0.37257570 -0.20775300 0.06309675
v 0.38541532 -0.18658684 0.07048096
v 0.38292062 -0.18434256 0.01385532
v 0.38728404 -0.18560240 0.04241828
v 0.38280725 -0.18559945 0.01910377
v 0.39228839 -0.17074504 0.03499167
v 0.39212275 -0.17041776 0.05001129
v 0.38602373 -0.18559712 0.06976113
v 0.38543648 -0.17872232 0.01729464
v 0.39393914 -0.16128907 0.02389331
v -0.39036670 -0.14512405 0.01584727
v -0.38840839 -0.14418533 0.06961611
v -0.39471006 -0.13422632 0.03108737
v -0.39796373 -0.12634289 0.03759414
v -0.39699167 -0.12865850 0.04222474
v -0.39834130 -0.12479132 0.04221735
v -0.39225829 -0.13668516 0.05826685
v -0.39734957 -0.12573838 0.04806581
v -0.39219841 -0.13983932 0.01365594
v -0.39966136 -0.12118716 0.01362349
v -0.38599500 -0.15286762 0.03350709
v -0.38381535 -0.15724957 0.04117689
v -0.38326496 -0.15725119 0.04363029
v -0.38481557 -0.15489814 0.04226328
v -0.38598633 -0.15055870 0.05565181
v -0.37547565 -0.16630074 0.06559806
v -0.40367025 -0.10551634 0.02243208
v 0.39626649 -0.15704010 0.03355399
v 0.39766976 -0.15092991 0.02203061
v 0.39595804 -0.15703562 0.05144304
v 0.39487505 -0.16175607 0.06142651
v 0.39621747 -0.15164295 0.06209631
v 0.40249500 -0.13400906 0.04242081
v 0.40298069 -0.13172314 0.03592031
v 0.40679595 -0.12141134 0.02829818
v 0.40410438 -0.12847257 0.04242136
v 0.40808150 -0.11177657 0.04242590
v 0.40258279 -0.13132679 0.04813354
v 0.40431827 -0.12388182 0.05160114
v 0.40259987 -0.13704954 0.01385949
v 0.40924853 -0.11657864 0.01385934
v 0.41032299 -0.11234289 0.01570888
v 0.41402289 -0.10145386 0.01386051
v -0.40813550 -0.08721769 0.03427635
v -0.40504503 -0.10007153 0.03263364
v -0.40623063 -0.09589928 0.02369494
v -0.40832111 -0.08760572 0.05018838
v -0.40537828 -0.10008255 0.05185775
v -0.40205032 -0.10634462 0.06271614
v -0.40537506 -0.09549782 0.06102872
v -0.41608006 -0.04368583 0.02701517
v -0.41182852 -0.07150032 0.04210795
v -0.41581842 -0.04546546 0.02905788
v -0.41009140 -0.07149017 0.02247535
v -0.41154808 -0.04889188 0.05338870
v -0.41017759 -0.07150434 0.06195544
v -0.40923184 -0.07415472 0.01353317
v -0.41029745 -0.06935301 0.01352533
v -0.41454977 -0.04977825 0.02435933
v 0.41134271 -0.09990650 0.04109086
v 0.41062340 -0.09990597 0.04412817
v 0.40583953 -0.11009586 0.06690916
v 0.41124409 -0.08700632 0.06961214
v 0.41207752 -0.09602033 0.04243063
v 0.42117035 -0.07134469 0.04243550
v 0.41242632 -0.08402632 0.06781422
v 0.41402170 -0.09478223 0.03217825
v 0.41949672 -0.08836333 0.01659865
v 0.42056477 -0.07908922 0.02694289
v 0.42153698 -0.08187358 0.01386193
v 0.42376816 -0.06680383 0.03334721
v 0.42760774 -0.06385367 0.01385935
v 0.42995471 -0.04910296 0.02182754
v 0.42354226 -0.06180970 0.04243371
v 0.41860369 -0.06163994 0.06184088
v -0.41626614 -0.04291869 0.02864411
v -0.41647875 -0.04195038 0.02681379
v -0.42197207 -0.01806071 0.01347250
v -0.41453865 -0.04291867 0.03786500
v -0.41633847 -0.03932298 0.02957798
v -0.41235799 -0.03857955 0.05419425
v -0.41187412 -0.04291909 0.05503983
v -0.41110694 -0.04463187 0.05808036
v -0.41127095 -0.04129186 0.05799352
v -0.42334104 -0.00993467 0.01346918
v -0.42342293 0.00979047 0.02330253
v -0.41726273 -0.01433969 0.04205474
v -0.42039666 -0.01434120 0.02521144
v -0.42044038 0.00239927 0.03367959
v -0.41680372 0.00964673 0.05404082
v -0.41319868 -0.01434532 0.06800444
v 0.42944446 -0.04278345 0.03472975
v 0.42571461 -0.04278479 0.04827602
v 0.43201768 -0.03748928 0.02285876
v 0.43127292 -0.01988003 0.01386051
v 0.42868108 -0.01494037 0.04206897
v 0.42853519 -0.01464865 0.04264665
v 0.41804263 -0.05505181 0.06899083
v 0.42203343 -0.03250335 0.06699714
v 0.43193042 -0.00887813 0.01385926
v 0.42984647 0.00796119 0.02175453
v 0.42857012 -0.01421686 0.04243071
v 0.42864409 -0.01421674 0.04178121
v 0.42856082 -0.01373416 0.04218893
v 0.42850098 -0.01385360 0.04261225
v 0.42850232 -0.01421692 0.04279670
v -0.42330956 0.01424190 0.03215018
v -0.41757315 0.01423669 0.05480113
v -0.42484298 0.01940658 0.02259188
v -0.42802373 0.03606572 0.01346469
v -0.42263404 0.03048723 0.03588301
v -0.41826007 0.02174506 0.05258127
v -0.41710931 0.01293428 0.05763698
v -0.41451025 -0.00180826 0.06436198
v -0.41732979 0.01564722 0.05774670
v -0.41449770 0.01422854 0.07524762
v -0.42898875 0.05005713 0.01346856
v -0.42317092 0.06706228 0.02343535
v -0.42162138 0.04281034 0.04204897
v -0.42416948 0.04281272 0.03279226
v -0.42121419 0.05797554 0.03446962
v -0.41734412 0.06567534 0.05349544
v -0.41733670 0.04279745 0.06493016
v 0.42144915 0.04289474 0.04239411
v 0.41287825 0.06909604 0.04237483
v 0.41374573 0.05686485 0.07034233
v 0.42844716 0.01434005 0.03521201
v 0.42639533 0.01433773 0.04860018
v 0.42349479 0.03323694 0.04239969
v 0.42802215 0.02163362 0.02082976
v 0.42330396 0.03787247 0.03234414
v 0.42487252 0.03403215 0.01382698
v 0.42158550 0.00383021 0.06721224
v 0.42129236 0.02498860 0.06735245
v 0.41979027 0.05144241 0.02529173
v 0.41925234 0.05458401 0.01381376
v 0.41405815 0.06721419 0.03389227
v 0.41407108 0.07566051 0.01379544
v 0.41778445 0.05904212 0.01567380
v 0.42070103 0.03526950 0.05765175
v -0.42133734 0.07138735 0.03117931
v -0.41681495 0.07137082 0.05518414
v -0.42192996 0.07509849 0.02405959
v -0.42055726 0.09695051 0.01348485
v -0.41975451 0.08188055 0.03301435
v -0.41650099 0.07538547 0.05433885
v -0.41638550 0.07042252 0.05729159
v -0.41624597 0.07224676 0.05722249
v -0.41448522 0.07136419 0.06468136
v -0.41448852 0.07896663 0.06014630
v -0.41971278 0.10255396 0.01348631
v -0.41585663 0.09995648 0.04206228
v -0.41890645 0.09996067 0.02225297
v -0.41147774 0.12243868 0.03082426
v -0.41008633 0.11969690 0.05194214
v -0.41060260 0.09994237 0.06287457
v -0.41452992 0.11637963 0.02169810
v -0.41107771 0.12680614 0.02605131
v 0.41238451 0.07145146 0.04153621
v 0.41195342 0.08466864 0.01484961
v 0.41209382 0.07145201 0.04335504
v 0.41354913 0.05741847 0.07069893
v 0.40616065 0.08178255 0.06697963
v 0.40965605 0.08026090 0.04236563
v 0.40885788 0.09094612 0.02422030
v 0.40363252 0.10384764 0.03466121
v 0.40394220 0.10000825 0.04234898
v 0.40237474 0.10517424 0.04234421
v 0.40410155 0.09569113 0.05098689
v 0.40246072 0.10267933 0.04769061
v 0.41115326 0.08719055 0.01378380
v 0.40407947 0.10928316 0.01375874
v 0.39995274 0.12134328 0.02081152
v -0.40966028 0.12853180 0.03021392
v -0.40896749 0.13131580 0.02499298
v -0.40727356 0.12852708 0.05274624
v -0.40809843 0.12532420 0.05955967
v -0.40517837 0.13318215 0.06102368
v -0.39809710 0.15281178 0.04207196
v -0.39778602 0.15464050 0.03714564
v -0.39251798 0.16485342 0.02656962
v -0.39647883 0.15710074 0.04207192
v -0.39735746 0.15421960 0.04783056
v -0.39399302 0.16333285 0.05455323
v -0.40036821 0.15001427 0.01347720
v -0.39031470 0.16923891 0.01347976
v -0.38859189 0.17269818 0.01477915
v -0.38598335 0.17723370 0.02516783
v -0.38599804 0.17830074 0.01347836
v -0.38373110 0.18120566 0.04207268
v 0.38536453 0.15703565 0.01369207
v 0.39179710 0.14111967 0.03429898
v 0.38551858 0.15672186 0.01388824
v 0.39637744 0.12855875 0.03345926
v 0.39538041 0.13348959 0.02308369
v 0.39153445 0.14060348 0.05056983
v 0.39587784 0.12856686 0.05142014
v 0.39614654 0.12324893 0.06192661
v 0.38552508 0.15431100 0.06946772
v 0.39417115 0.13289407 0.06093335
v 0.38528350 0.15723033 0.01369180
v 0.37422138 0.18001157 0.02230175
v 0.38397402 0.15711823 0.04228131
v 0.38532785 0.15711288 0.01407409
v 0.37814686 0.17091334 0.03536407
v 0.37780175 0.17022194 0.04882728
v 0.38423830 0.15712728 0.06829621
v -0.38996947 0.17339687 0.06864014
v -0.38143507 0.18567213 0.03980400
v -0.38103357 0.18567003 0.04453986
v -0.38594693 0.17872150 0.05597269
v -0.37769899 0.19581820 0.01762803
v -0.37246591 0.20674525 0.01346672
v -0.36887720 0.20860064 0.03924678
v -0.36863574 0.20813027 0.04512852
v -0.37652802 0.19524002 0.06595980
v -0.36626229 0.21865916 0.01345969
v -0.36541855 0.21424131 0.04206790
v -0.36669147 0.21424666 0.03201349
v -0.36363059 0.21423563 0.05818614
v -0.35387585 0.23569369 0.03132118
v -0.35222536 0.23243335 0.05116426
v -0.35744953 0.23168319 0.02217612
v -0.35164541 0.23992591 0.02484069
v 0.35262668 0.22413182 0.02236594
v 0.35544148 0.21423131 0.04222681
v 0.34811109 0.22500843 0.04220863
v 0.34988892 0.22140315 0.05656577
v 0.35269973 0.22635023 0.01360896
v 0.37082285 0.18567391 0.03532810
v 0.37013006 0.18567842 0.04883484
v 0.36369240 0.19907336 0.04224142
v 0.36829209 0.19429138 0.01931543
v 0.35699391 0.21807182 0.01362079
v 0.36243528 0.20539245 0.02453934
v 0.36447260 0.20368826 0.01364090
v 0.37176967 0.17879961 0.06344623
v 0.35882267 0.19905019 0.06991330
v 0.34642762 0.23378527 0.01889485
v 0.35794115 0.20090760 0.06893568
v -0.34866786 0.24282779 0.03214210
v -0.34745163 0.24783659 0.02273117
v -0.34507757 0.24282053 0.05017738
v -0.35738993 0.22214034 0.06670903
v -0.34734565 0.23778209 0.06139469
v -0.33428919 0.25437915 0.06793033
v -0.33638909 0.25788340 0.04204886
v -0.33571643 0.26395139 0.02710086
v -0.32744092 0.27141023 0.04203459
v -0.33121446 0.25949413 0.06589410
v -0.33953533 0.26243994 0.01342883
v -0.32891831 0.27919078 0.01341611
v -0.32536244 0.28215453 0.02051973
v -0.32561278 0.28404897 0.01341102
v -0.31598681 0.29217193 0.01987467
v -0.31949967 0.28122491 0.04202809
v -0.30444893 0.29170018 0.05216949
v -0.32039917 0.27723643 0.05369800
v -0.29872981 0.29684433 0.05473831
v 0.27081171 0.29871121 0.05581351
v 0.31145743 0.27132004 0.04214064
v 0.27249217 0.29770103 0.05530959
v 0.29312247 0.28622779 0.04212288
v 0.29507828 0.28073686 0.06096277
v 0.31327951 0.26945776 0.04214308
v 0.31308508 0.27019280 0.03988388
v 0.32004640 0.26709682 0.01354324
v 0.31678778 0.26616034 0.03956342
v 0.33198503 0.24981809 0.03139900
v 0.32846957 0.25650001 0.02098211
v 0.33738273 0.24277386 0.03235309
v 0.33549067 0.24628723 0.02435084
v 0.31775105 0.26422676 0.04570359
v 0.33101195 0.24790047 0.05390347
v 0.33509368 0.24278097 0.05314982
v 0.33801782 0.23800227 0.06127444
v 0.32845071 0.24945375 0.05980192
v 0.33302850 0.24507228 0.05876380
v 0.30898109 0.27655026 0.03165019
v 0.30739185 0.28186008 0.01353012
v 0.29994360 0.28798372 0.01832192
v 0.29993960 0.29043341 0.01352190
v 0.30255502 0.28689319 0.01483374
v 0.31236696 0.26947859 0.04583345
v -0.30527589 0.29999483 0.03016766
v -0.30435479 0.30200067 0.02568659
v -0.30032265 0.29999501 0.04183934
v -0.30181235 0.30293843 0.02916474
v -0.29743227 0.30581743 0.03060307
v -0.30034831 0.30540940 0.02498152
v -0.29512480 0.29999474 0.05371690
v -0.30029583 0.29427791 0.05917994
v -0.29641840 0.29805076 0.05825974
v -0.27949888 0.31547385 0.04199132
v -0.27802509 0.32052886 0.02586234
v -0.26194507 0.32858002 0.04197954
v -0.28364462 0.32021397 0.01337238
v -0.27172956 0.31340760 0.06886002
v -0.27180862 0.32715768 0.01336014
v -0.27077511 0.31380841 0.07014099
v -0.25983045 0.33091447 0.03730280
v -0.25740844 0.33566681 0.01335490
v -0.25865197 0.33090201 0.04197686
v -0.25496429 0.33364597 0.03943693
v -0.25532076 0.33291942 0.04414612
v -0.26752806 0.31850207 0.06217014
v -0.25899830 0.33009034 0.04500390
v -0.23761113 0.34592187 0.03327613
v -0.23694769 0.34463584 0.04999733
v -0.24323964 0.34345400 0.02079287
v -0.23126890 0.35116673 0.02165055
v -0.21468161 0.36153138 0.01334262
v 0.18561278 0.37083662 0.01349771
v 0.21093282 0.35047290 0.05306102
v 0.24075681 0.34071577 0.01759106
v 0.24533358 0.32846802 0.04208806
v 0.21986908 0.34578142 0.05072466
v 0.23361948 0.33867729 0.04208179
v 0.23359159 0.33353555 0.05220132
v 0.24068791 0.34170222 0.01351186
v 0.26960379 0.29988796 0.05550278
v 0.25357589 0.32141382 0.04209179
v 0.24279465 0.34041160 0.01351261
v 0.25319818 0.32456449 0.03429306
v 0.26354593 0.32453942 0.01351290
v 0.27139872 0.29988647 0.05200040
v 0.26381916 0.31501776 0.03537264
v 0.27459913 0.30630723 0.03102503
v 0.27137625 0.31497461 0.02025512
v 0.28087682 0.29988009 0.03256377
v 0.28095743 0.30466390 0.02301557
v 0.26981446 0.29909563 0.05719494
v 0.27139938 0.29806894 0.05731274
v 0.25887066 0.30616081 0.06265979
v 0.21963352 0.35433942 0.02507120
v 0.24579969 0.31715244 0.06473109
v -0.22137097 0.35715926 0.03858058
v -0.22045916 0.35715842 0.04485327
v -0.24318260 0.33775434 0.06598441
v -0.22851518 0.34981033 0.06360230
v -0.21620628 0.36027023 0.04194012
v -0.21465960 0.36136779 0.03352179
v -0.21228403 0.36189488 0.04193901
v -0.21464463 0.36000699 0.04764194
v -0.20454684 0.36638832 0.01840971
v -0.19271749 0.37043291 0.03427172
v -0.17721309 0.37489939 0.03651000
v -0.18609807 0.37297505 0.01973085
v -0.19208957 0.36921006 0.05020417
v -0.17779252 0.37371036 0.04796188
v -0.19970097 0.36397892 0.06306525
v -0.18604830 0.36857232 0.06194922
v -0.16742714 0.37704226 0.04194236
v -0.16512927 0.37908536 0.02859335
v -0.16086352 0.37485594 0.06374186
v -0.17078328 0.37809408 0.01334534
v -0.14500600 0.38214397 0.04196662
v -0.15753350 0.38315398 0.01335486
v -0.14641470 0.38255438 0.03554568
v -0.14183711 0.38303703 0.04060490
v -0.14172672 0.38282475 0.04343784
v -0.12886600 0.38114193 0.06826788
v -0.13343249 0.38801500 0.01338003
v -0.12763640 0.38576457 0.04198129
v -0.13581511 0.38576847 0.02715834
v -0.15052640 0.37840503 0.05666447
v -0.11126602 0.38911808 0.03529923
v -0.11594681 0.38844085 0.04065519
v -0.11577240 0.38809812 0.04315852
v -0.11305594 0.38886842 0.04199614
v -0.11935019 0.38576150 0.05150159
v -0.11199412 0.38837054 0.04720859
v -0.12169340 0.38940093 0.01339565
v -0.12894703 0.38871351 0.01485653
v -0.10034810 0.39094386 0.01341930
v -0.09217679 0.39192113 0.02971848
v -0.08576867 0.39278731 0.01343628
v -0.08931175 0.39236981 0.04201893
v -0.08218464 0.39342535 0.03819839
v -0.08251957 0.39273798 0.04550851
v -0.09107113 0.39083648 0.05216034
v -0.04544942 0.39776218 0.01808314
v -0.06268644 0.39629710 0.03677529
v -0.06226336 0.39547116 0.04688756
v -0.05183352 0.39692783 0.04204190
v -0.04869545 0.39446884 0.05943602
v -0.04869504 0.39729813 0.01347092
v -0.07174232 0.39486551 0.01799537
v -0.04314805 0.39808974 0.01347587
v -0.04116884 0.39809483 0.01742164
v -0.03975449 0.39837340 0.01347743
v -0.03503270 0.39819509 0.04204797
v -0.02182896 0.39975125 0.03506038
v -0.02281756 0.39774883 0.04803407
v -0.03811498 0.39507866 0.06065499
v -0.00717130 0.39965463 0.03510722
v -0.00615603 0.39765450 0.04798707
v 0.00613824 0.39846158 0.04204186
v 0.00867849 0.39463511 0.05977578
v -0.01453872 0.40099591 0.02109465
v 0.01166672 0.40124705 0.01467944
v 0.01405940 0.40107539 0.01553153
v 0.01405706 0.40142304 0.01348492
v 0.01606884 0.40105382 0.01448768
v 0.02246748 0.39758676 0.04203941
v 0.03423158 0.39743102 0.03619539
v 0.03374569 0.39644217 0.04738180
v 0.01994506 0.39420688 0.05893116
v 0.06505169 0.39378473 0.02590904
v 0.05135958 0.39695895 0.03642268
v 0.05185798 0.39598405 0.04716254
v 0.06165917 0.39505965 0.04203688
v 0.06475221 0.39347529 0.05753268
v 0.06025936 0.39451027 0.01347854
v 0.04266887 0.39841670 0.01981568
v 0.07126935 0.39237723 0.01347725
v 0.07804361 0.39322600 0.02700618
v 0.09496292 0.38814622 0.01348174
v 0.08137433 0.39409730 0.04203792
v 0.08949766 0.39355120 0.03811394
v 0.08971006 0.39397234 0.04617127
v 0.07837437 0.39291239 0.05643056
v 0.11589069 0.38741684 0.03857142
v 0.12775789 0.38567603 0.04203872
v 0.11282311 0.38834754 0.04070696
v 0.11273337 0.38852870 0.04346011
v 0.11530109 0.38797125 0.04203811
v 0.11569069 0.38721591 0.04510117
v 0.10233594 0.38693115 0.01348264
v 0.09986198 0.38757762 0.01442304
v 0.14135522 0.38290155 0.04203908
v 0.12844732 0.38290980 0.01348362
v 0.14011019 0.38304284 0.03678605
v 0.14757755 0.38094547 0.01348522
v 0.14424419 0.38265836 0.04053535
v 0.16646507 0.37594891 0.03718875
v 0.15702756 0.37980339 0.01641297
v 0.18498720 0.37104499 0.01380992
v 0.14451826 0.38211232 0.04381485
v 0.16584815 0.37470853 0.04750737
v 0.15704505 0.37332600 0.06441984
v 0.17522131 0.36616224 0.06539249
v 0.13904814 0.38197556 0.04942245
v 0.17857882 0.37113905 0.04204303
v 0.18561283 0.37074387 0.01472342
v 0.20220470 0.35706457 0.05034088
v 0.19005498 0.36594158 0.04204924
v 0.18562976 0.36439234 0.05667324
v 0.20013483 0.36409301 0.02075437
v 0.21420206 0.35705739 0.02939825
v 0.21392612 0.35760576 0.02805671
v 0.21436359 0.35738316 0.02794572
v 0.21420030 0.35750154 0.02756051
v 0.21480769 0.35705695 0.02808619
v 0.21461566 0.35726452 0.02757534
v 0.20428617 0.35209292 0.06131918
v 0.21424472 0.34533024 0.06222017
v -0.07168121 0.39146578 0.06776117
v -0.01449513 0.39375964 0.06661902
v 0.04270196 0.39364576 0.06664329
v 0.09987754 0.38731921 0.06977212
v -0.10038728 -0.37435922 0.07095491
v -0.04325011 -0.38487077 0.07094313
v 0.01385330 -0.38676029 0.07092219
v 0.07097680 -0.38404793 0.07092219
v 0.12815419 -0.37620211 0.07093674
v -0.21466927 -0.32821101 0.07092780
v -0.19995449 -0.33546630 0.07828620
v -0.19124718 -0.33886307 0.09038474
v -0.18741980 -0.33123586 0.11243987
v -0.16539334 -0.35066009 0.08671324
v -0.17906763 -0.34254271 0.09224254
v -0.18391690 -0.33284050 0.11163858
v -0.16554350 -0.34457740 0.09952344
v -0.17603891 -0.35204011 0.07094420
v -0.18609343 -0.34538996 0.07678634
v -0.15752813 -0.36030757 0.07094891
v -0.14419235 -0.36465323 0.07095213
v -0.11642675 -0.36056024 0.09776981
v -0.12895581 -0.36728549 0.07608809
v -0.10407849 -0.37314057 0.07280212
v -0.11574616 -0.35920244 0.10062339
v -0.14552948 -0.35475418 0.09493871
v -0.12852749 -0.35703939 0.09953630
v -0.14022319 -0.35704577 0.09351456
v -0.14544155 -0.35262966 0.09953275
v -0.14199691 -0.35458332 0.09830190
v -0.14161682 -0.35382643 0.10114879
v -0.11323337 -0.35988131 0.09953666
v -0.11765984 -0.35703436 0.10554002
v -0.11302327 -0.35866466 0.10280890
v -0.10038637 -0.37278646 0.07394388
v -0.09006426 -0.36497045 0.09953890
v -0.09534639 -0.37380967 0.07347679
v -0.08016828 -0.36884695 0.09361927
v -0.06556875 -0.37310040 0.09148849
v -0.07181181 -0.37566295 0.08029146
v -0.05944517 -0.37938166 0.07905445
v -0.08235771 -0.36446884 0.10326689
v -0.06311274 -0.36820048 0.10513505
v -0.09051409 -0.36145180 0.10840049
v -0.07321659 -0.35702297 0.12525713
v -0.04970711 -0.37261730 0.09953843
v -0.07096528 -0.35702282 0.12647535
v -0.04810654 -0.36640936 0.11834522
v -0.04324296 -0.37913805 0.08667691
v -0.03807232 -0.37523705 0.09953568
v -0.01928610 -0.38325208 0.08292861
v -0.01636013 -0.38219997 0.08690760
v -0.01333139 -0.38284135 0.08658491
v -0.01468813 -0.38323429 0.08407060
v -0.01061350 -0.38350999 0.08318765
v -0.01964519 -0.37560573 0.10883901
v -0.01043816 -0.37708575 0.10957661
v -0.01466036 -0.37296933 0.12011260
v 0.00618159 -0.37513316 0.12423071
v -0.03948539 -0.36755124 0.12063184
v 0.01206101 -0.38191390 0.09951115
v 0.01386922 -0.38285792 0.09414300
v 0.01565531 -0.38197485 0.09950864
v 0.01388703 -0.37865728 0.11329696
v 0.04069683 -0.38466483 0.08434877
v 0.04187623 -0.38443804 0.08575492
v 0.04300960 -0.38434622 0.08580009
v 0.04241944 -0.38457993 0.08473741
v 0.04449050 -0.38448820 0.08417439
v 0.03994163 -0.38054648 0.11128707
v 0.04511287 -0.38018870 0.11110637
v 0.02586504 -0.37725508 0.12209225
v 0.04244548 -0.37861884 0.11724763
v 0.06183517 -0.37585491 0.12347575
v 0.06859405 -0.38073421 0.09950036
v 0.07098774 -0.38169342 0.09184478
v 0.07402913 -0.37945399 0.09950081
v 0.07100666 -0.37627578 0.11803447
v 0.08862167 -0.38003844 0.07974561
v 0.09508435 -0.37654626 0.08969965
v 0.10492395 -0.37481982 0.09056492
v 0.09956563 -0.37859628 0.08176078
v 0.11698117 -0.37680009 0.07651944
v 0.09311911 -0.37260538 0.10732511
v 0.10701138 -0.37069118 0.10637363
v 0.07530777 -0.37341300 0.12591928
v 0.09960186 -0.36731797 0.12289964
v 0.11990891 -0.36900455 0.09950975
v 0.12117860 -0.36425105 0.11408715
v 0.12815864 -0.37434345 0.07719099
v 0.13900530 -0.36386883 0.09952197
v 0.13337927 -0.37382454 0.07355003
v 0.14537105 -0.36275280 0.09661990
v 0.15675499 -0.36744004 0.07621071
v 0.14461237 -0.36124054 0.10166921
v 0.15992358 -0.35694754 0.09953833
v 0.13799503 -0.36143139 0.10847186
v 0.14701402 -0.35695449 0.10860811
v 0.16792989 -0.35694349 0.09330074
v 0.17345025 -0.35454890 0.09475613
v 0.16981621 -0.35447228 0.09830874
v 0.16903922 -0.35291642 0.10155983
v 0.17343485 -0.35219029 0.09954706
v 0.17190175 -0.36450267 0.07096209
v 0.18534258 -0.36007708 0.07096678
v 0.19315431 -0.35045773 0.08658497
v 0.20417565 -0.35206088 0.07098044
v 0.19319078 -0.34404117 0.09955327
v 0.20772350 -0.34079570 0.09148073
v 0.21851724 -0.33752713 0.08984540
v 0.21393594 -0.34414920 0.07737755
v 0.22920179 -0.33599663 0.07765286
v 0.24252698 -0.33024988 0.07099771
v -0.27406633 -0.27610803 0.09945160
v -0.24930711 -0.30304450 0.07090349
v -0.23382473 -0.30978656 0.09459160
v -0.24323057 -0.30759069 0.07470383
v -0.22551368 -0.31969661 0.07635278
v -0.23322144 -0.30859333 0.10377464
v -0.26450032 -0.28939044 0.07088938
v -0.27177992 -0.28159723 0.07920475
v -0.27178943 -0.28301850 0.07088244
v -0.26951891 -0.28461602 0.07201965
v -0.24446815 -0.30001920 0.09947207
v -0.24969326 -0.30001637 0.08384771
v -0.26592472 -0.28315258 0.09945674
v -0.25416124 -0.29336971 0.09613392
v -0.25312412 -0.29130751 0.10382449
v -0.21998033 -0.31789380 0.09949335
v -0.23754945 -0.30001590 0.11672957
v -0.21810058 -0.31082064 0.12113354
v -0.21465173 -0.32374984 0.08989000
v -0.20495589 -0.32854968 0.09465747
v -0.19361345 -0.32854348 0.11001738
v -0.21198466 -0.32323799 0.09949973
v -0.18825231 -0.32962969 0.11487940
v -0.18607058 -0.33078110 0.11491188
v -0.17591774 -0.33360764 0.11887407
v -0.19752206 -0.32282156 0.11950766
v -0.18607125 -0.32853845 0.12017310
v -0.21307898 -0.31271559 0.12493405
v -0.15750927 -0.33993796 0.12237507
v -0.15327896 -0.34068087 0.12598291
v -0.12893869 -0.34817284 0.12366885
v -0.07178543 -0.35626426 0.12773770
v 0.15677193 -0.34679052 0.12301204
v 0.17598347 -0.33799112 0.12341909
v 0.21294309 -0.32838523 0.11332724
v 0.18535718 -0.33735186 0.11747458
v 0.21393976 -0.32838479 0.11228483
v 0.23090151 -0.32837725 0.09374417
v 0.21370728 -0.32792091 0.11359259
v 0.21433206 -0.32760134 0.11343290
v 0.21286893 -0.32785088 0.11435944
v 0.21393995 -0.32735276 0.11434074
v 0.23890448 -0.32114550 0.09954825
v 0.23904559 -0.31063262 0.12115137
v 0.24252504 -0.32300821 0.08881509
v 0.25029379 -0.31285167 0.09955023
v 0.25412676 -0.31988853 0.07679431
v 0.26048464 -0.30714864 0.09588975
v 0.27110928 -0.30666214 0.07442801
v 0.25966200 -0.30551204 0.10239597
v 0.26740474 -0.29981974 0.09955239
v 0.25010172 -0.30653042 0.11295839
v 0.26230717 -0.29981932 0.11052294
v 0.27610040 -0.29982018 0.08098413
v 0.28124204 -0.29153240 0.09540822
v 0.28007084 -0.28918961 0.10486890
v 0.29754269 -0.27554348 0.09955522
v 0.27670622 -0.30261645 0.07100868
v 0.29231700 -0.28922457 0.07100569
v 0.29765677 -0.28453141 0.07201761
v 0.29968339 -0.27819824 0.08569680
v 0.29968402 -0.28299409 0.07100427
v 0.30055386 -0.27301180 0.09955533
v -0.32929844 -0.21530721 0.09943227
v -0.31089735 -0.24824327 0.07086413
v -0.29424712 -0.25937653 0.09122771
v -0.30032265 -0.25717559 0.07798612
v -0.28063643 -0.27149433 0.09500875
v -0.28994799 -0.26630890 0.07996744
v -0.29328352 -0.25748163 0.10671279
v -0.27907690 -0.27149498 0.10311403
v -0.27930644 -0.26100138 0.12423229
v -0.32598326 -0.23013142 0.07086708
v -0.32885912 -0.22041707 0.08740884
v -0.32887328 -0.22650668 0.07086712
v -0.32747063 -0.22798465 0.07156894
v -0.30762011 -0.24295962 0.09943853
v -0.31022385 -0.24296072 0.09071523
v -0.32660481 -0.21889378 0.09943280
v -0.31217965 -0.23817448 0.09704021
v -0.31115371 -0.23612343 0.10285552
v -0.29693595 -0.24294057 0.12131220
v -0.27175248 -0.27581424 0.10810468
v -0.25999820 -0.27988446 0.12214333
v -0.24319786 -0.29271621 0.12437671
v 0.27110246 -0.28957900 0.12297477
v 0.28646421 -0.27894622 0.12149526
v 0.30291113 -0.27126926 0.09794092
v 0.30203998 -0.27126932 0.10073288
v 0.29968077 -0.27281567 0.10264696
v 0.31623322 -0.26526630 0.07926331
v 0.32083642 -0.25645334 0.09267663
v 0.32825264 -0.25514314 0.07719475
v 0.31961221 -0.25401461 0.10519098
v 0.30661237 -0.26046336 0.12462798
v 0.33414081 -0.24272043 0.09953658
v 0.32528779 -0.24271983 0.12219778
v 0.33776942 -0.24272129 0.09000838
v 0.33993611 -0.23752967 0.09693587
v 0.33912730 -0.23591721 0.10293490
v 0.35391861 -0.21995778 0.09952381
v 0.33797362 -0.24757960 0.07097918
v 0.35288829 -0.23040991 0.07096688
v 0.35493141 -0.22749779 0.07191081
v 0.35682011 -0.22049937 0.08684994
v 0.35682482 -0.22530115 0.07096409
v 0.35761362 -0.21575546 0.09952185
v -0.36002719 -0.18714991 0.07086667
v -0.34688646 -0.19337539 0.09566577
v -0.35741928 -0.18970919 0.07279822
v -0.33022717 -0.21440665 0.09874297
v -0.34193411 -0.20666769 0.07740732
v -0.34609234 -0.19179548 0.10240421
v -0.32987449 -0.21440615 0.09994574
v -0.36282182 -0.18314373 0.07086461
v -0.38598159 -0.14784481 0.07083495
v -0.37264904 -0.16489220 0.07751892
v -0.35304457 -0.18584311 0.09942971
v -0.36011189 -0.18584481 0.07625946
v -0.36501184 -0.17249516 0.09275110
v -0.36167255 -0.16584101 0.10941851
v -0.34796613 -0.18583968 0.10913970
v -0.33316624 -0.19577846 0.11931721
v -0.32884753 -0.21506937 0.10076053
v -0.32884312 -0.21089840 0.10643809
v -0.31324795 -0.22086790 0.12020235
v -0.30028331 -0.23635586 0.12471858
v -0.32446539 -0.20229106 0.12580688
v -0.32745302 -0.19873288 0.12523425
v 0.32823312 -0.23805031 0.12575182
v 0.34423605 -0.22216183 0.12180756
v 0.35443231 -0.20105614 0.12691738
v 0.35594714 -0.19902356 0.12639923
v 0.35931951 -0.21416235 0.09827218
v 0.35855997 -0.21416201 0.10039409
v 0.35681543 -0.21547717 0.10215160
v 0.35680735 -0.20746416 0.11291809
v 0.37091935 -0.20692639 0.07800700
v 0.37416014 -0.19169593 0.09648490
v 0.38541502 -0.18638773 0.07137110
v 0.37332472 -0.19003162 0.10175646
v 0.37713209 -0.18559080 0.09954036
v 0.37871575 -0.17037928 0.10714795
v 0.36088705 -0.19579098 0.11993529
v 0.37414595 -0.18559037 0.10562436
v 0.38580403 -0.18559679 0.07175422
v 0.38836086 -0.16291934 0.08821735
v 0.38590676 -0.18584271 0.07097612
v 0.38610980 -0.18524979 0.07097647
v 0.39078394 -0.15970936 0.08258925
v -0.38850960 -0.14423747 0.07209595
v -0.38919038 -0.13975747 0.07725187
v -0.39440131 -0.12283061 0.08765946
v -0.38869792 -0.12869285 0.09937368
v -0.39222556 -0.11264545 0.09934860
v -0.38984627 -0.14103702 0.07082398
v -0.39846927 -0.12063530 0.07078147
v -0.38597536 -0.14665870 0.07819857
v -0.37622255 -0.15727136 0.09453741
v -0.36940116 -0.15727365 0.10768665
v -0.38079250 -0.14693365 0.09939648
v -0.36323369 -0.16019978 0.11661900
v -0.35738477 -0.16563827 0.11788139
v -0.36794192 -0.15199250 0.11896479
v -0.35736853 -0.15727618 0.13464044
v -0.40137094 -0.10668419 0.07845724
v -0.38006014 -0.13709538 0.11617303
v -0.38189542 -0.11845566 0.11984073
v 0.38174093 -0.15702112 0.11200266
v 0.38540721 -0.15702337 0.10028202
v 0.39209947 -0.14368057 0.09194791
v 0.39031655 -0.15702516 0.08772160
v 0.39173761 -0.15386948 0.08211577
v 0.38279846 -0.15181796 0.11122888
v 0.37788659 -0.16077231 0.11758137
v 0.38078180 -0.15471569 0.11613566
v 0.39344013 -0.12846188 0.09955898
v 0.38442269 -0.12846021 0.12614654
v 0.39552999 -0.12846243 0.09118056
v 0.39626461 -0.12155201 0.09610495
v 0.39480785 -0.11864344 0.10447414
v 0.39795375 -0.13472246 0.07099137
v 0.40247720 -0.11994936 0.07099542
v 0.40423158 -0.10929312 0.07588863
v -0.40189794 -0.07483565 0.09762359
v -0.39704534 -0.10010449 0.09378108
v -0.40476224 -0.09520650 0.08013043
v -0.40128380 -0.07361337 0.10032638
v -0.39384252 -0.10010762 0.10327481
v -0.38653052 -0.08612370 0.12759343
v -0.40207493 -0.07151963 0.09927718
v -0.40313381 -0.07151806 0.09349115
v -0.40310079 -0.06578997 0.09640644
v -0.40181610 -0.06836085 0.10085336
v -0.40137073 -0.07152029 0.10154642
v -0.40848431 -0.07453838 0.07069641
v -0.40925816 -0.06886742 0.07068724
v -0.38594401 -0.10830137 0.11571503
v -0.38084605 -0.11186346 0.12538226
v -0.40918627 -0.04559281 0.08228774
v 0.40430474 -0.09990084 0.09470985
v 0.41051620 -0.08736960 0.07275035
v 0.40092421 -0.09990202 0.10611060
v 0.38541204 -0.12499417 0.12638822
v 0.39491010 -0.10464109 0.11858854
v 0.39718193 -0.09403314 0.11972649
v 0.40607595 -0.08402558 0.09957023
v 0.41039708 -0.08199972 0.07824339
v 0.40772110 -0.07134201 0.09957378
v 0.40850723 -0.05380338 0.09957184
v 0.40430540 -0.07591892 0.10872718
v 0.40477675 -0.06629857 0.10966638
v 0.41172257 -0.08447099 0.07100020
v 0.41402060 -0.07294032 0.07099928
v 0.41604650 -0.05908340 0.07504790
v 0.41730359 -0.05869980 0.07099928
v 0.41402161 -0.05129663 0.08253421
v 0.41691309 -0.05561578 0.07244383
v -0.40747845 -0.02886174 0.09196835
v -0.40744680 -0.04292919 0.08848863
v -0.40942305 -0.04037683 0.08240215
v -0.40505141 -0.02402566 0.10405664
v -0.40311596 -0.04293762 0.10783570
v -0.39484262 -0.05278382 0.12339486
v -0.39600509 -0.03369520 0.12279151
v -0.40710196 -0.01435358 0.09920952
v -0.41100362 -0.01434802 0.07764712
v -0.41198969 0.00921347 0.08741411
v -0.40602940 -0.00270469 0.10503270
v -0.40457937 -0.01435650 0.10795677
v -0.41257358 -0.01531577 0.07063498
v -0.41273662 -0.01345790 0.07063388
v -0.41330734 0.01363162 0.08431429
v 0.41017342 -0.04278519 0.09764828
v 0.40822661 -0.04278447 0.10246482
v 0.40185189 -0.05098598 0.12206088
v 0.40141445 -0.03479830 0.12183743
v 0.40925425 -0.03325771 0.09956713
v 0.40941232 -0.01422546 0.09956275
v 0.41059017 0.00746366 0.09955131
v 0.40532699 -0.01981939 0.11075584
v 0.40604657 -0.00791111 0.11218702
v 0.41402236 -0.03731359 0.08862408
v 0.42005849 -0.03151739 0.07401326
v 0.41820017 -0.02433177 0.07934497
v 0.42110431 -0.02496658 0.07099768
v 0.41849053 -0.00440386 0.07990821
v 0.42162645 -0.00373881 0.07098917
v 0.41402984 0.01057362 0.09202829
v 0.41979095 0.00293266 0.07386498
v -0.41651997 0.04177816 0.07062033
v -0.41238236 0.01843690 0.08701564
v -0.41449097 0.02629839 0.07886939
v -0.41275913 0.01422379 0.08577390
v -0.41334286 0.01479966 0.08433184
v -0.40673310 0.02968545 0.10575116
v -0.40573022 0.01421216 0.10911714
v -0.39856672 0.00624588 0.12146398
v -0.39984953 0.02151043 0.12081046
v -0.41637805 0.04373966 0.07062065
v -0.40868157 0.04277822 0.09919912
v -0.41578564 0.04279253 0.07322119
v -0.40925366 0.06092458 0.09012802
v -0.40566692 0.05375941 0.10469836
v -0.40512460 0.04277496 0.10910500
v -0.41448128 0.05111883 0.07478745
v -0.41101125 0.06962415 0.08318621
v 0.41178584 0.01433260 0.09842782
v 0.41073066 0.01433318 0.10119610
v 0.40424389 0.00493764 0.12323268
v 0.40290076 0.02306262 0.12254475
v 0.41107261 0.02024540 0.09954497
v 0.41331354 0.05643376 0.07242032
v 0.40912026 0.04289465 0.09953164
v 0.40648523 0.05634193 0.09951772
v 0.40602204 0.03661816 0.11208880
v 0.40509510 0.04824315 0.11021198
v 0.41361263 0.05695005 0.07094949
v 0.41403195 0.01824465 0.09171940
v 0.41955069 0.02585749 0.07373205
v 0.41404894 0.05509134 0.07095089
v 0.41764614 0.03221504 0.07817856
v 0.41936389 0.03127126 0.07097188
v 0.41339603 0.05749526 0.07127559
v -0.40747303 0.08532572 0.09191171
v -0.40934592 0.07134943 0.08747721
v -0.41051117 0.07333007 0.08293835
v -0.40406311 0.09212484 0.10311043
v -0.40364772 0.07133810 0.10809746
v -0.39876920 0.06349260 0.12134522
v -0.39965463 0.07872795 0.12090409
v -0.40528369 0.09991688 0.09921445
v -0.40701824 0.09992664 0.08553816
v -0.40451103 0.10859480 0.09488171
v -0.40374565 0.10707074 0.10279511
v -0.40338391 0.09991355 0.10565107
v -0.41006052 0.09772848 0.07063894
v -0.40893543 0.10270898 0.07064172
v -0.40486151 0.12370570 0.08012910
v 0.39902282 0.09850979 0.09871665
v 0.40472388 0.07145441 0.09483723
v 0.40451336 0.08096375 0.07569505
v 0.39861587 0.09769999 0.10063453
v 0.40163720 0.07145949 0.10570445
v 0.39880008 0.06480023 0.12044985
v 0.39660919 0.07703502 0.11934121
v 0.39856479 0.10002173 0.09947119
v 0.39890167 0.10002099 0.09771652
v 0.39806786 0.10344557 0.09775697
v 0.39543277 0.10871683 0.10381338
v 0.39684504 0.10002450 0.10532665
v 0.40348640 0.09101625 0.07091676
v 0.39906386 0.10679371 0.07090464
v 0.39415765 0.12424992 0.08085340
v -0.40221232 0.12850395 0.09106608
v -0.40134689 0.13508189 0.07837303
v -0.40031415 0.12849309 0.10644494
v -0.39862013 0.12056898 0.12143390
v -0.39289534 0.13925792 0.12431149
v -0.39572519 0.14816457 0.09923079
v -0.39534461 0.15223543 0.08954315
v -0.39146048 0.16582413 0.08175553
v -0.39234182 0.15707190 0.09923387
v -0.39178854 0.14867839 0.11600783
v -0.39983362 0.14975849 0.07065594
v -0.39267036 0.16800451 0.07066096
v -0.39005592 0.17344044 0.07272834
v -0.38591665 0.17744309 0.08282033
v -0.38592994 0.18022221 0.07066438
v -0.38240209 0.17864375 0.09925228
v -0.38163745 0.16708991 0.11934998
v 0.38433746 0.15653370 0.07087541
v 0.38989866 0.13733873 0.08955404
v 0.38552439 0.15341476 0.07273576
v 0.39239401 0.12857462 0.08861801
v 0.39240882 0.13202192 0.08172804
v 0.38723460 0.13204576 0.11200479
v 0.38807181 0.12858614 0.11245100
v 0.38784844 0.12741245 0.11491042
v 0.38549149 0.12858866 0.12025607
v 0.38550141 0.13366342 0.11626708
v 0.38736844 0.12952118 0.11466810
v 0.38345581 0.15816349 0.07087328
v 0.37073433 0.17828321 0.07772820
v 0.38029474 0.15713884 0.09944385
v 0.38374239 0.15712997 0.07444551
v 0.37607065 0.16676533 0.09462407
v 0.37593091 0.16649181 0.10410810
v 0.37724829 0.15714426 0.11145283
v -0.37897813 0.18564631 0.09579297
v -0.37680310 0.18563862 0.10380745
v -0.37605813 0.19500652 0.07560815
v -0.36595231 0.20994295 0.07066923
v -0.36652160 0.20400333 0.09415691
v -0.36521584 0.20140532 0.10566780
v -0.37507150 0.17673734 0.12244277
v -0.36783206 0.19088131 0.11882548
v -0.35731226 0.20331909 0.12242474
v -0.36120164 0.21614154 0.07067003
v -0.35830176 0.21421485 0.09926908
v -0.36150187 0.21422592 0.07894114
v -0.34930468 0.22669189 0.09302945
v -0.34809309 0.22429127 0.10431755
v -0.35163480 0.21420074 0.11648366
v -0.35737875 0.22040209 0.07375926
v -0.34509122 0.23666006 0.07882106
v 0.34248659 0.21379822 0.09915505
v 0.34242445 0.21367455 0.09966293
v 0.34915110 0.19606039 0.12404428
v 0.34210971 0.21424383 0.09937747
v 0.32482284 0.23558666 0.11000714
v 0.34237701 0.21424365 0.09871209
v 0.34428355 0.21109547 0.09938174
v 0.34662718 0.21032839 0.09154873
v 0.33734411 0.22497906 0.09399378
v 0.34101322 0.21424408 0.10276191
v 0.34513500 0.22258548 0.07079661
v 0.36134127 0.18569174 0.09723690
v 0.36118251 0.18569221 0.10151305
v 0.35927832 0.19027476 0.09941178
v 0.35698029 0.19002296 0.10806731
v 0.35858938 0.19916771 0.07162429
v 0.35699755 0.20229352 0.07082355
v 0.35784024 0.20080684 0.07251175
v 0.35797110 0.20045102 0.07082599
v 0.36456367 0.17522496 0.12417719
v 0.32994685 0.24204117 0.08430696
v -0.33765644 0.24279749 0.09483710
v -0.33297640 0.25503075 0.07274487
v -0.33564958 0.24279334 0.10271663
v -0.33661395 0.23241913 0.12394412
v -0.33211321 0.24945435 0.09927788
v -0.33029351 0.25858083 0.07361167
v -0.33141184 0.25840381 0.07066392
v -0.31856012 0.26328003 0.09927694
v -0.32877073 0.24874730 0.11121215
v -0.32882768 0.26123053 0.07066352
v -0.32183370 0.26408565 0.08464383
v -0.31351936 0.26939422 0.09827849
v -0.31324357 0.26884687 0.10054439
v -0.32144314 0.25340864 0.12422253
v -0.31540108 0.27897292 0.07064842
v -0.31128845 0.27138552 0.09927466
v -0.31258669 0.27138826 0.09540166
v -0.30628389 0.27136907 0.11572278
v -0.29491556 0.28929022 0.09029931
v -0.29389668 0.28727701 0.10722357
v -0.30026722 0.28788632 0.07889536
v -0.29124832 0.29546744 0.08042495
v -0.27172726 0.31301609 0.07061917
v 0.29811057 0.25620094 0.12694889
v 0.26526502 0.29683536 0.08190231
v 0.26816213 0.29345939 0.08818609
v 0.26674289 0.29066035 0.10889053
v 0.29077670 0.27647120 0.08899219
v 0.29290035 0.27134031 0.09926850
v 0.27950516 0.28361928 0.09311673
v 0.28114182 0.28032506 0.10374435
v 0.28779635 0.27567050 0.09926061
v 0.29556140 0.26138160 0.11919996
v 0.28832498 0.27404281 0.10466126
v 0.29143673 0.28135362 0.07070066
v 0.27138793 0.29303896 0.08154076
v 0.32026127 0.24279720 0.10951696
v 0.30700600 0.25703192 0.09929606
v 0.29985958 0.25522709 0.12413410
v 0.29993141 0.27368090 0.07071437
v 0.30645937 0.26361272 0.08383597
v 0.31147277 0.26283747 0.07073002
v 0.32843933 0.24279448 0.08777952
v 0.32786492 0.24394496 0.08563211
v 0.32871285 0.24333866 0.08533039
v 0.32844090 0.24372412 0.08459172
v 0.32930899 0.24279410 0.08549380
v 0.32903066 0.24308893 0.08476335
v 0.32008851 0.23863110 0.11776998
v 0.32841223 0.22339967 0.12332872
v -0.27820474 0.29997423 0.09599507
v -0.27685577 0.29996929 0.10185120
v -0.30020320 0.27437523 0.12637022
v -0.28261048 0.29113555 0.12238775
v -0.27321559 0.30302820 0.09925660
v -0.27171716 0.31064963 0.07789383
v -0.26820552 0.30695009 0.09925062
v -0.27168295 0.30292258 0.10517642
v -0.27055717 0.31369957 0.07120490
v -0.26782674 0.31623682 0.07061493
v -0.25343361 0.32056317 0.09522679
v -0.25223702 0.31818712 0.10442187
v -0.25986177 0.30833846 0.12195653
v -0.24311703 0.31849232 0.12282468
v -0.24997972 0.33197397 0.07059165
v -0.24144076 0.32855543 0.09921287
v -0.24901834 0.32856369 0.08233161
v -0.23344168 0.33770061 0.09461690
v -0.23217957 0.33518708 0.10252090
v -0.22150904 0.34327114 0.09917576
v -0.23530984 0.32854825 0.11215705
v -0.22072138 0.33667403 0.11547635
v -0.24317223 0.33695826 0.07478333
v -0.22757375 0.34934032 0.07705411
v -0.21459258 0.35216618 0.08921012
v -0.21461433 0.35657871 0.07054645
v -0.21123905 0.35043800 0.09915496
v -0.18765566 0.35380626 0.11178586
v -0.21174523 0.34000528 0.12214797
v -0.18487436 0.35489246 0.11232569
v 0.15506598 0.35302460 0.11139024
v 0.15997297 0.35137081 0.11056879
v 0.18131310 0.34832323 0.09916303
v 0.18063924 0.33773488 0.11759132
v 0.22509032 0.32153931 0.09573838
v 0.22456080 0.32048792 0.10320295
v 0.21427041 0.31995285 0.12346269
v 0.23278531 0.30918035 0.12273389
v 0.18568298 0.35146999 0.08795109
v 0.18565089 0.35958582 0.07060602
v 0.19853252 0.34921271 0.07704349
v 0.21378857 0.32848990 0.09919629
v 0.19309622 0.34228784 0.09917351
v 0.20470808 0.33792883 0.09447140
v 0.20300217 0.33450633 0.10218477
v 0.19386980 0.33462840 0.11141661
v 0.20656420 0.32849261 0.11230569
v 0.22202982 0.32848495 0.08614494
v 0.23584357 0.31389487 0.09922066
v 0.24014419 0.31688634 0.07605355
v 0.22395685 0.33332771 0.07064386
v 0.21426612 0.33950120 0.07613847
v 0.25800994 0.29990119 0.09164900
v 0.25448337 0.29990453 0.10506411
v 0.24583659 0.30592710 0.09923156
v 0.24281938 0.30573201 0.11085929
v 0.24900512 0.31110090 0.07375488
v 0.24283740 0.31679964 0.07066470
v 0.24370804 0.31505692 0.07240444
v 0.24459761 0.31506673 0.07066672
v 0.25874382 0.29359877 0.11980402
v 0.27133757 0.28286833 0.12202390
v -0.19858636 0.35713717 0.09113172
v -0.19399278 0.36112952 0.08084910
v -0.18600267 0.35713616 0.10331167
v -0.18831900 0.36174491 0.08713634
v -0.18328537 0.36261165 0.08757066
v -0.18602446 0.36341807 0.08169911
v -0.17924531 0.35713464 0.11006808
v -0.18598971 0.35327989 0.11537556
v -0.18125871 0.35476437 0.11581374
v -0.16164164 0.36559430 0.09914137
v -0.15906188 0.37306267 0.07377656
v -0.16120657 0.37332729 0.07055005
v -0.15195504 0.36807126 0.09914784
v -0.15740612 0.36327511 0.11142458
v -0.15745296 0.37442130 0.07055250
v -0.15519118 0.37370667 0.07506733
v -0.14715736 0.37660128 0.07056093
v -0.13700145 0.37348437 0.09302738
v -0.11853774 0.37774047 0.09517326
v -0.12885824 0.38003385 0.07343303
v -0.13542938 0.37035668 0.10684581
v -0.11990549 0.37498447 0.10455009
v -0.14341739 0.36443990 0.12076223
v -0.12881160 0.36924410 0.11951709
v -0.11103375 0.37874609 0.09917609
v -0.10978292 0.38098609 0.08965768
v -0.10412367 0.37534451 0.11995807
v -0.12191331 0.38227880 0.07057934
v -0.08664101 0.38435417 0.09918308
v -0.10027364 0.38810214 0.07059922
v -0.08699311 0.38470227 0.09709095
v -0.08542706 0.38471332 0.09866586
v -0.08526298 0.38438714 0.09986295
v -0.07162454 0.38004500 0.12491458
v -0.08021015 0.39002395 0.07060720
v -0.07292068 0.38575125 0.09918569
v -0.08301231 0.38575047 0.09331191
v -0.09017426 0.38150749 0.10765347
v -0.05465693 0.38846183 0.09378214
v -0.05823882 0.38751882 0.09830751
v -0.05814059 0.38732615 0.09997468
v -0.05646821 0.38753051 0.09918914
v -0.06011561 0.38575312 0.10471693
v -0.05612162 0.38698649 0.10165175
v -0.05938002 0.39191166 0.07061393
v -0.07167541 0.39077336 0.07311898
v -0.04309112 0.39335760 0.07061576
v -0.01444900 0.38136470 0.12555222
v -0.03256297 0.38955158 0.09161510
v -0.02882531 0.39293215 0.07061345
v -0.03009354 0.38841552 0.09918516
v -0.02734256 0.38861340 0.09776034
v -0.02758850 0.38811755 0.10036082
v -0.03058095 0.38757944 0.10281824
v -0.02399370 0.38576132 0.10870649
v 0.00308856 0.38902825 0.09264089
v -0.00150586 0.38841942 0.09784549
v -0.00127133 0.38795429 0.10026827
v 0.00104328 0.38819948 0.09917096
v -0.00469155 0.38576064 0.10821209
v 0.00154997 0.38748419 0.10261477
v -0.00100400 0.39250445 0.07060660
v -0.01448799 0.39251053 0.07398196
v 0.01410850 0.39222205 0.07060152
v 0.05641080 0.38451216 0.09853183
v 0.05621319 0.38411510 0.09993901
v 0.04273404 0.37785476 0.12375560
v 0.02535115 0.38881606 0.09302948
v 0.02895844 0.39261752 0.07059878
v 0.04596479 0.38573247 0.09914228
v 0.02728996 0.38801071 0.09915351
v 0.02953375 0.38797444 0.09803945
v 0.02935707 0.38761958 0.10008655
v 0.02681910 0.38735217 0.10235746
v 0.03127280 0.38574460 0.10483772
v 0.05477380 0.38572457 0.09466366
v 0.05782807 0.38409993 0.09913660
v 0.05796607 0.38477129 0.09723821
v 0.06330351 0.37943679 0.11167575
v 0.05550791 0.39212883 0.07059141
v 0.04270524 0.39210105 0.07377160
v 0.08393781 0.38237360 0.09913659
v 0.07129637 0.39083377 0.07058987
v 0.08366874 0.38377556 0.09527501
v 0.08732735 0.38225850 0.09741455
v 0.10980773 0.37693834 0.09476124
v 0.08832905 0.38026306 0.10185472
v 0.10803701 0.37337643 0.10529070
v 0.09991585 0.37007380 0.11988801
v 0.11532797 0.36481726 0.12111383
v 0.09614556 0.38756517 0.07058318
v 0.09542155 0.38569978 0.07949640
v 0.07657623 0.37666833 0.11718808
v 0.10164495 0.38569665 0.07410799
v 0.12092992 0.37222904 0.09913779
v 0.12204744 0.37782186 0.08342077
v 0.10163362 0.38657367 0.07058203
v 0.09987817 0.38695896 0.07121299
v 0.14713389 0.35710496 0.10844506
v 0.13356490 0.36724311 0.09913857
v 0.12850544 0.36423701 0.11337942
v 0.12846626 0.37925225 0.07058333
v 0.13255633 0.37547332 0.07873693
v 0.13844150 0.37637240 0.07058395
v 0.15709616 0.35709947 0.10268416
v 0.15238927 0.36647031 0.08954401
v 0.16031086 0.36355650 0.08809346
v 0.15706611 0.36839384 0.07921812
v 0.17094979 0.35708889 0.09179315
v 0.17034486 0.36372253 0.07823910
v 0.14768377 0.35239416 0.11813290
v 0.15711054 0.34842411 0.11776547
v 0.01389968 -0.37518147 0.12808561
v 0.07101533 -0.37413752 0.12806278
v -0.15750846 -0.33826455 0.12809250
v -0.15116255 -0.33962613 0.13126929
v -0.13450357 -0.33964282 0.14795321
v -0.12930629 -0.32926989 0.17057487
v -0.10563111 -0.34804082 0.13865311
v -0.12259997 -0.34116518 0.14871706
v -0.12847371 -0.32944685 0.17048608
v -0.10653214 -0.34085870 0.15667191
v -0.11458597 -0.34987867 0.12811014
v -0.12893620 -0.34490311 0.13418756
v -0.10035945 -0.35205030 0.12810937
v -0.09432697 -0.34878522 0.14015850
v -0.07447015 -0.35568339 0.12811697
v -0.09338310 -0.34241188 0.15667260
v -0.08080900 -0.34654146 0.15142134
v -0.07849402 -0.34193790 0.16422421
v -0.05344887 -0.35298249 0.14858986
v -0.06146561 -0.34907630 0.15269279
v -0.06358522 -0.34483624 0.16276892
v -0.05387220 -0.34980550 0.15666923
v -0.07055524 -0.35640866 0.12811767
v -0.07178462 -0.35582072 0.12871940
v -0.04321704 -0.36338127 0.12811400
v -0.03341334 -0.36638707 0.12810990
v -0.00356853 -0.36344260 0.15343171
v -0.01465235 -0.36864871 0.13391910
v 0.00912425 -0.37366572 0.13047566
v -0.00256583 -0.36144432 0.15886270
v -0.02992738 -0.35600838 0.15464482
v -0.02328610 -0.35701600 0.15665834
v -0.02757803 -0.35701549 0.15397905
v -0.02979133 -0.35527021 0.15666145
v -0.02834182 -0.35586476 0.15608509
v -0.02803635 -0.35525686 0.15754083
v 0.00277105 -0.36325419 0.15664224
v -0.00514794 -0.35701552 0.16624801
v 0.00313823 -0.36050010 0.16361201
v 0.01390354 -0.37359098 0.13270964
v 0.02392060 -0.36558974 0.15662660
v 0.02098964 -0.37482244 0.13162443
v 0.03423968 -0.36908871 0.15059018
v 0.05128269 -0.36797798 0.15114161
v 0.04246435 -0.37380427 0.13646169
v 0.06593563 -0.37381497 0.13060272
v 0.03247870 -0.36555642 0.16089325
v 0.05297184 -0.36462027 0.16042154
v 0.02348011 -0.36174896 0.16608466
v 0.03821996 -0.35702443 0.17662373
v 0.06132669 -0.36613038 0.15662375
v 0.04727726 -0.35702372 0.17562301
v 0.06178908 -0.36203653 0.16665152
v 0.07101863 -0.37327406 0.13205905
v 0.08294932 -0.36179012 0.15662478
v 0.07462882 -0.37307689 0.12986895
v 0.08750612 -0.36133602 0.15446310
v 0.09960985 -0.36604470 0.13260105
v 0.08691476 -0.36015487 0.15819857
v 0.10014743 -0.35700396 0.15663013
v 0.08264962 -0.35970306 0.16200629
v 0.08929940 -0.35701069 0.16453281
v 0.11014514 -0.35699469 0.14910921
v 0.11663439 -0.35427386 0.15119240
v 0.11245698 -0.35408816 0.15517618
v 0.11159767 -0.35236815 0.15894605
v 0.11658622 -0.35165390 0.15663010
v 0.11074615 -0.36254379 0.12807724
v 0.12819009 -0.35675958 0.12808076
v 0.13493741 -0.34944427 0.14156008
v 0.14241934 -0.34979707 0.12808719
v 0.13501914 -0.34207469 0.15662333
v 0.15199073 -0.33797067 0.14712998
v 0.15988109 -0.33462870 0.14546031
v 0.15677279 -0.33862492 0.13725197
v 0.16783625 -0.33392847 0.13683960
v 0.18535796 -0.33153987 0.12809949
v -0.27173373 -0.26613384 0.12802260
v -0.25383529 -0.27680558 0.13697961
v -0.24647392 -0.27806416 0.14561200
v -0.22361475 -0.29471332 0.14602166
v -0.20960879 -0.30000257 0.15662190
v -0.23710346 -0.28361756 0.14839965
v -0.22354347 -0.28929383 0.15661819
v -0.23562416 -0.29623103 0.12803778
v -0.24318758 -0.28710508 0.13449371
v -0.20289296 -0.30508235 0.15662485
v -0.21463795 -0.31000456 0.12805367
v -0.20915753 -0.30880031 0.13901314
v -0.21096669 -0.31244048 0.12805557
v -0.19451433 -0.31166381 0.15079322
v -0.18156736 -0.31952941 0.14686269
v -0.18607342 -0.32124880 0.13870651
v -0.17848426 -0.32474101 0.13856450
v -0.19674364 -0.30721131 0.16023760
v -0.17914587 -0.31468871 0.16398963
v -0.18606679 -0.30245179 0.18398556
v -0.16114697 -0.31609401 0.18340109
v -0.20315632 -0.30280605 0.16224229
v -0.21091416 -0.28943691 0.17778659
v -0.15804881 -0.32745802 0.15665774
v -0.15751281 -0.32810494 0.15581027
v -0.15624923 -0.32852817 0.15602773
v -0.14250585 -0.32852793 0.16416150
v -0.15718240 -0.32786849 0.15665852
v -0.15751208 -0.32538185 0.16296583
v -0.12975149 -0.32893556 0.17135437
v -0.12893473 -0.32912385 0.17124461
v -0.12759264 -0.32919699 0.17161606
v -0.12893452 -0.32852837 0.17253938
v -0.10034892 -0.33607984 0.17180029
v -0.08644004 -0.33584240 0.17827001
v -0.07176435 -0.33854377 0.17596310
v -0.05053092 -0.33909291 0.18154234
v -0.07176334 -0.32851169 0.19036740
v -0.04318612 -0.34082109 0.18133651
v -0.03928297 -0.34080669 0.18325928
v -0.01462192 -0.34715366 0.18026474
v 0.04250173 -0.35301462 0.18317205
v 0.09962888 -0.34695625 0.18014282
v 0.12034909 -0.33880395 0.18124290
v 0.15342228 -0.32842159 0.16921917
v 0.12819019 -0.33828831 0.17630306
v 0.15676537 -0.32841808 0.16534720
v 0.16892587 -0.32840878 0.14842333
v 0.15596986 -0.32683384 0.17009440
v 0.15787604 -0.32619739 0.16977733
v 0.15295097 -0.32651725 0.17279072
v 0.15676372 -0.32416970 0.17301014
v 0.18075980 -0.31923640 0.15662175
v 0.18074113 -0.30952412 0.17595312
v 0.18535024 -0.32336783 0.14655706
v 0.19256878 -0.31398281 0.15662220
v 0.20170511 -0.32229006 0.13625529
v 0.20559914 -0.31174308 0.15067953
v 0.21393706 -0.31643319 0.13638097
v 0.20340675 -0.30736876 0.16037762
v 0.22255668 -0.29984152 0.15662447
v 0.19258665 -0.30689457 0.17070273
v 0.20618209 -0.29984391 0.16967641
v 0.22661459 -0.29984018 0.15339679
v 0.22984113 -0.29823098 0.15341072
v 0.22739646 -0.29817286 0.15579149
v 0.22690143 -0.29718482 0.15795223
v 0.22985001 -0.29660490 0.15662520
v 0.23396394 -0.30983451 0.12809455
v 0.24252242 -0.30558568 0.12809512
v 0.25018838 -0.29321581 0.14340332
v 0.26034826 -0.29445094 0.12809204
v 0.25016385 -0.28655869 0.15662304
v 0.26562375 -0.28220895 0.14782140
v 0.27459794 -0.27827388 0.14585638
v 0.27109945 -0.28469890 0.13564987
v 0.28156018 -0.27649871 0.13713408
v 0.29967165 -0.26562560 0.12809250
v -0.27661890 -0.25965324 0.13047045
v -0.30401826 -0.21624584 0.14041248
v -0.30173787 -0.21731031 0.14376125
v -0.27866179 -0.25025570 0.14192268
v -0.28313744 -0.24007109 0.15089856
v -0.27666277 -0.24291676 0.15660147
v -0.29546952 -0.22395496 0.14709306
v -0.28251383 -0.23598696 0.15659928
v -0.27615204 -0.23309529 0.17624077
v -0.28692085 -0.24961500 0.12801941
v -0.29537308 -0.24048293 0.12801686
v -0.30027187 -0.22515976 0.13689712
v -0.27172500 -0.26113123 0.13588288
v -0.25264543 -0.27147335 0.14705282
v -0.26389223 -0.25584415 0.15660468
v -0.24316436 -0.27146977 0.15987721
v -0.24705999 -0.26365754 0.16698542
v -0.24110052 -0.26735622 0.16883726
v -0.23692736 -0.27146655 0.16777843
v -0.24314898 -0.26105684 0.17610571
v -0.23562834 -0.26770315 0.17466342
v -0.26409942 -0.24958947 0.16997297
v -0.21461362 -0.28442958 0.18257588
v -0.21274969 -0.28480601 0.18426365
v 0.21393174 -0.29043981 0.18045983
v 0.23250476 -0.28056282 0.18016198
v 0.26446617 -0.27127981 0.16758400
v 0.24251544 -0.27982563 0.17369369
v 0.27109325 -0.27127671 0.16065146
v 0.28225473 -0.27127129 0.14793397
v 0.26913419 -0.26736674 0.16893859
v 0.27459148 -0.26428235 0.16739884
v 0.26177529 -0.26662707 0.17554677
v 0.27108845 -0.25828087 0.17739564
v 0.29287803 -0.25771430 0.15663058
v 0.30869851 -0.24272005 0.15663396
v 0.29175973 -0.24910426 0.16939571
v 0.29721558 -0.23087688 0.18031953
v 0.29966801 -0.26162988 0.13735801
v 0.30540931 -0.25986326 0.13096000
v 0.30907673 -0.24758545 0.14690693
v 0.31833389 -0.24766800 0.12808953
v 0.31224418 -0.24102409 0.15324433
v 0.32476282 -0.24098593 0.12808773
v 0.31196922 -0.23878136 0.15663442
v 0.31828392 -0.23403126 0.15229523
v 0.33170700 -0.22112972 0.14585541
v 0.32822910 -0.23387636 0.13250996
v 0.33842278 -0.21925706 0.13727322
v -0.33698463 -0.17972264 0.14433421
v -0.32341272 -0.18581760 0.15655079
v -0.33605909 -0.17179137 0.15654740
v -0.34315285 -0.17872009 0.12798290
v -0.30401522 -0.21436676 0.14416328
v -0.31716922 -0.19109902 0.15655218
v -0.31460291 -0.20721042 0.13511056
v -0.32882622 -0.19490546 0.12798490
v -0.32313865 -0.19442378 0.13934889
v -0.32564846 -0.19851798 0.12798807
v -0.30025655 -0.21435970 0.15556303
v -0.30644491 -0.20196196 0.16464937
v -0.29822114 -0.21030633 0.16884029
v -0.29575276 -0.21435054 0.16862181
v -0.28420168 -0.22236994 0.17890227
v -0.30023789 -0.20350061 0.17628515
v -0.29531482 -0.21188603 0.17333212
v -0.35364938 -0.15913293 0.14040266
v -0.31753418 -0.18882307 0.16257873
v -0.32292542 -0.17739168 0.17338057
v 0.29685032 -0.22703800 0.18379450
v 0.32268581 -0.21415596 0.16815473
v 0.29965258 -0.22661451 0.18154505
v 0.32821584 -0.21415584 0.15961231
v 0.33689982 -0.21415675 0.14671072
v 0.35189512 -0.20232347 0.13054827
v 0.32585326 -0.20944144 0.16856124
v 0.33480999 -0.20095496 0.16432407
v 0.31932431 -0.20971559 0.17536160
v 0.32819772 -0.19639590 0.17980099
v 0.34605968 -0.19273108 0.15665016
v 0.35374314 -0.19682617 0.13419276
v 0.35098490 -0.18559264 0.15665561
v 0.34554243 -0.18865094 0.16276233
v 0.34868690 -0.17938977 0.16906093
v 0.35522819 -0.19908994 0.12809984
v 0.35679659 -0.19588372 0.12810138
v 0.36270770 -0.17722301 0.13993774
v 0.36823606 -0.17702287 0.12810947
v 0.37066585 -0.16437525 0.13504431
v 0.36165893 -0.16678067 0.15666595
v -0.37373924 -0.13688895 0.12795356
v -0.35558516 -0.15372595 0.14403513
v -0.35736254 -0.15335768 0.14029838
v -0.35273060 -0.15727486 0.14457586
v -0.35520676 -0.15619819 0.14118272
v -0.35192645 -0.14641699 0.16540724
v -0.34436256 -0.15725701 0.16433546
v -0.34354597 -0.15034658 0.17772955
v -0.37748635 -0.11863681 0.12793495
v -0.38593623 -0.08781240 0.12789293
v -0.37775591 -0.11032288 0.13201660
v -0.36364388 -0.12869695 0.15652755
v -0.36730704 -0.12869902 0.14786728
v -0.36744153 -0.12031743 0.15232877
v -0.36515903 -0.11576299 0.16298737
v -0.35370421 -0.12867787 0.17784309
v -0.32878479 -0.16819240 0.17844801
v -0.32545114 -0.16985402 0.18345037
v 0.34961891 -0.16774994 0.18164393
v 0.36846986 -0.15702522 0.15083416
v 0.36537135 -0.15702671 0.16096237
v 0.35676742 -0.16395734 0.17051035
v 0.37496459 -0.15181984 0.13718952
v 0.38368526 -0.12932073 0.12811944
v 0.37345767 -0.13320230 0.15429619
v 0.37265721 -0.13160844 0.15823548
v 0.35732803 -0.14304061 0.18492326
v 0.38410446 -0.12780833 0.12811971
v 0.37425143 -0.12846416 0.15666464
v 0.38025403 -0.12846148 0.13839383
v 0.37467030 -0.12130108 0.16024491
v 0.37284580 -0.12846498 0.16018504
v 0.38698202 -0.10304691 0.14398451
v 0.38540927 -0.11814885 0.13327950
v 0.38850433 -0.10144381 0.14086619
v -0.38639197 -0.08605459 0.12811869
v -0.38634199 -0.08542012 0.12870334
v -0.38998905 -0.06130195 0.13598903
v -0.37871870 -0.07154122 0.15648061
v -0.38658321 -0.08550282 0.12789002
v -0.39276478 -0.06065594 0.12786226
v -0.38593543 -0.08642272 0.12908351
v -0.37427622 -0.10012121 0.15067999
v -0.36939332 -0.10011972 0.16476703
v -0.37633193 -0.08094776 0.15648735
v -0.36466765 -0.10378267 0.17446858
v -0.35733375 -0.11665467 0.17908812
v -0.36570796 -0.09592830 0.17498696
v -0.35732725 -0.10010508 0.18910602
v -0.39223999 -0.05408705 0.13101353
v -0.38592073 -0.04721056 0.14795545
v -0.38109538 -0.05260701 0.15646873
v -0.37474155 -0.07465515 0.16271392
v -0.37570363 -0.06746688 0.16464113
v 0.37779742 -0.09990205 0.16715732
v 0.38540083 -0.09989890 0.14954305
v 0.38807929 -0.09455892 0.14508037
v 0.38808647 -0.09989823 0.14374922
v 0.38957998 -0.09781612 0.14033096
v 0.37986490 -0.08887815 0.16543613
v 0.36937088 -0.10789271 0.17891636
v 0.37145960 -0.09295881 0.17787455
v 0.38606128 -0.07133942 0.15667972
v 0.38113770 -0.05125451 0.16670546
v 0.37761199 -0.07133847 0.16970967
v 0.39260498 -0.07134025 0.14250079
v 0.39099470 -0.05394566 0.14798994
v 0.39769602 -0.07747166 0.12813699
v 0.39873803 -0.06469433 0.12813880
v 0.39558765 -0.04786164 0.13733387
v -0.39318615 -0.03229334 0.13146932
v -0.39105213 -0.02353342 0.13810939
v -0.39131230 -0.00549719 0.13863835
v -0.38277787 -0.01438930 0.15644225
v -0.39504814 -0.02409733 0.12782446
v -0.39555079 -0.00490497 0.12780805
v -0.38591781 -0.03924081 0.14900784
v -0.38325870 -0.04296431 0.15513261
v -0.38140449 -0.04296590 0.15872161
v -0.38254821 -0.03623376 0.15645768
v -0.37220243 -0.05040391 0.17821872
v -0.37354130 -0.03487110 0.17888519
v -0.39437079 0.00414418 0.13204294
v -0.38589880 0.01141559 0.15088339
v -0.38324434 0.00887072 0.15643027
v -0.37795722 -0.02073296 0.16914147
v -0.37856495 -0.00745053 0.17035276
v 0.38038817 -0.04278095 0.16844723
v 0.38538957 -0.04278024 0.15898067
v 0.39173514 -0.03013559 0.14872326
v 0.39251569 -0.04278213 0.14595826
v 0.39518335 -0.03790406 0.13753158
v 0.38177645 -0.03558379 0.16734071
v 0.37275738 -0.04907827 0.17722496
v 0.37463427 -0.03741714 0.17628847
v 0.38911006 -0.01422177 0.15666719
v 0.38173920 0.00704567 0.16725734
v 0.37960556 -0.01421786 0.17366710
v 0.39402741 -0.01422123 0.14533901
v 0.39252526 0.00012375 0.14949042
v 0.39966094 -0.02133531 0.12812763
v 0.40113845 -0.00637526 0.12811941
v 0.39809692 0.00800693 0.13605419
v -0.39548022 0.02368601 0.13259706
v -0.39224106 0.03482698 0.14052665
v -0.39278311 0.05013619 0.14162320
v -0.38475311 0.04274374 0.15642092
v -0.38792810 0.06720719 0.15641414
v -0.39657515 0.03382237 0.12779555
v -0.39761877 0.05117914 0.12779565
v -0.38589531 0.01656524 0.15164989
v -0.38397536 0.01417918 0.15546592
v -0.38285860 0.01417819 0.15795088
v -0.38363317 0.01870091 0.15642759
v -0.37574974 0.00496286 0.17997530
v -0.37477970 0.02289640 0.17948613
v -0.39602107 0.06211363 0.13287118
v -0.37872308 0.03562232 0.17069009
v -0.37896132 0.05010274 0.17117932
v 0.38039964 0.01434340 0.16840211
v 0.38540190 0.01434278 0.16031906
v 0.39109892 0.02568302 0.14802879
v 0.39366761 0.01433937 0.14649390
v 0.39668506 0.01996236 0.13674998
v 0.38126564 0.02260759 0.16676070
v 0.37543714 0.00937322 0.17585725
v 0.37341696 0.02032602 0.17685601
v 0.38508481 0.04290570 0.15661187
v 0.37909523 0.05882338 0.16454300
v 0.37758762 0.04290760 0.16951767
v 0.39263514 0.04290646 0.14245877
v 0.38934359 0.06366720 0.14623022
v 0.39974493 0.03575456 0.12808672
v 0.39782488 0.04908871 0.12807496
v 0.39174575 0.06832257 0.13918358
v -0.38844299 0.07131276 0.15512720
v -0.39684933 0.08012258 0.13329023
v -0.38771859 0.07131175 0.15733726
v -0.38806236 0.07568845 0.15641166
v -0.39349046 0.09322107 0.14304453
v -0.39338249 0.10667108 0.14283332
v -0.38817361 0.09988328 0.15640600
v -0.39785421 0.09160548 0.12779711
v -0.39764333 0.10830512 0.12780443
v -0.38587525 0.06883887 0.16136810
v -0.38587394 0.07385589 0.16151448
v -0.37478706 0.06256375 0.17949259
v -0.37502384 0.08016333 0.17960766
v -0.39616644 0.11933605 0.13295811
v -0.38587251 0.12703750 0.15355662
v -0.38470706 0.12613294 0.15641326
v -0.38049930 0.09096023 0.17427412
v -0.37998378 0.10827459 0.17324525
v 0.35333848 0.11081743 0.17807660
v 0.37654367 0.07147250 0.16641819
v 0.38543561 0.07147186 0.15178655
v 0.38798070 0.07654481 0.14485480
v 0.38953835 0.07147249 0.14437038
v 0.39033821 0.07391415 0.13988185
v 0.37633365 0.08965243 0.16176143
v 0.36657941 0.06206177 0.18024257
v 0.36131191 0.08351032 0.18284644
v 0.37760568 0.12466633 0.13835222
v 0.37683398 0.10003709 0.15656991
v 0.37619179 0.11010240 0.15153185
v 0.37363267 0.10501237 0.15904754
v 0.36526364 0.10590519 0.16827744
v 0.37374127 0.10003800 0.16176216
v 0.38812768 0.10003568 0.13335437
v 0.39060706 0.09746577 0.12803137
v 0.38924083 0.10191995 0.12802669
v 0.38546628 0.10958605 0.13279240
v -0.39117524 0.14011259 0.13047631
v -0.38843530 0.14532141 0.13295555
v -0.37336954 0.15702322 0.15643807
v -0.39041632 0.14503427 0.12782717
v -0.38587275 0.13154007 0.15026160
v -0.38462773 0.12846264 0.15579042
v -0.38328645 0.12846109 0.15770940
v -0.37911162 0.14197505 0.15642495
v -0.38587680 0.15380377 0.12783644
v -0.37330419 0.12043485 0.17874593
v -0.37035406 0.13497084 0.17727706
v -0.37388968 0.15933046 0.15182589
v -0.37890598 0.16784157 0.12784880
v -0.36561278 0.18144815 0.13800153
v -0.37245351 0.15876268 0.15643951
v -0.36757314 0.16503707 0.16045932
v -0.37280148 0.15580252 0.15887840
v -0.37236553 0.15780385 0.15800563
v -0.35536772 0.18173344 0.16883694
v 0.34828979 0.11858514 0.18079308
v 0.32825387 0.12858091 0.19788770
v 0.32829612 0.15438600 0.18365480
v 0.34282589 0.13585058 0.17804566
v 0.32760805 0.18422946 0.17001672
v 0.32740280 0.15713301 0.18323369
v 0.35427177 0.15714581 0.15652317
v 0.33040768 0.18156089 0.16868816
v 0.34906608 0.16999352 0.15651540
v 0.33078218 0.15713549 0.18008037
v 0.34752852 0.15222333 0.16635060
v 0.34639388 0.16091716 0.16405500
v 0.36867005 0.12859407 0.15066236
v 0.36298689 0.12859482 0.15959410
v 0.36178559 0.13837783 0.15653856
v 0.35685956 0.12183342 0.17004967
v 0.35687491 0.13265882 0.16466039
v 0.37539420 0.13363108 0.13723586
v 0.36515069 0.15110511 0.14444280
v 0.37328637 0.15104546 0.12798613
v 0.36200947 0.16635868 0.13811016
v 0.36697954 0.16641620 0.12797843
v 0.35694844 0.17707226 0.13925926
v 0.35696727 0.18506801 0.12796648
v 0.36273655 0.17431590 0.13085818
v -0.36076969 0.18559951 0.14390413
v -0.36092836 0.18741690 0.14035064
v -0.35729504 0.18559277 0.15515625
v -0.35885996 0.18872511 0.14373243
v -0.35100722 0.19817811 0.14846833
v -0.35730150 0.19386181 0.13803676
v -0.35311636 0.18558481 0.16867606
v -0.35729504 0.16348484 0.18181786
v -0.35244390 0.18315890 0.17319320
v -0.34583962 0.19130488 0.17650120
v -0.34082019 0.20978673 0.15647587
v -0.34091228 0.21207091 0.15227240
v -0.33831564 0.21888021 0.14706528
v -0.33778888 0.21416804 0.15647712
v -0.33708686 0.20824146 0.16832574
v -0.35016373 0.21061683 0.12787119
v -0.34339735 0.22115311 0.12787682
v -0.33558491 0.23190255 0.13130543
v -0.32873821 0.23517765 0.14130166
v -0.32874927 0.24168254 0.12788497
v -0.32386547 0.23302601 0.15648508
v -0.32353526 0.22326767 0.17471704
v 0.29963151 0.19988514 0.18488796
v 0.27119011 0.24266605 0.17057076
v 0.31336826 0.21423680 0.15643983
v 0.27138221 0.24254146 0.17050886
v 0.29589438 0.23493859 0.15639703
v 0.29965752 0.20005086 0.18474814
v 0.29382658 0.22254035 0.17301232
v 0.32659703 0.18569142 0.16987406
v 0.31379187 0.21363418 0.15644075
v 0.29975927 0.19986457 0.18478326
v 0.31386402 0.21400687 0.15598091
v 0.32834417 0.18569209 0.16789797
v 0.31460091 0.21322381 0.15593588
v 0.33503914 0.19899499 0.14885779
v 0.34423462 0.18569237 0.15015097
v 0.34656066 0.19477135 0.13315353
v 0.32465500 0.18385155 0.17257938
v 0.31366327 0.21466818 0.15557766
v 0.29983455 0.23833916 0.14749108
v 0.29985622 0.25328931 0.12782842
v 0.31394207 0.23556554 0.13491552
v 0.31606877 0.21423791 0.15250343
v 0.33078399 0.21424486 0.13268377
v 0.33657998 0.21016088 0.12792845
v 0.33230168 0.21619299 0.12791955
v 0.32840401 0.21879423 0.13018355
v -0.31894243 0.24275720 0.15158641
v -0.31156921 0.24274746 0.16507319
v -0.31876892 0.25206983 0.13287875
v -0.30514163 0.26888290 0.12788215
v -0.30833530 0.25910470 0.15036692
v -0.30467477 0.25180203 0.16626060
v -0.31089857 0.23735911 0.17617518
v -0.30525041 0.24529804 0.17334917
v -0.30013028 0.24273585 0.18584782
v -0.30014035 0.25102141 0.17493665
v -0.30217993 0.27234748 0.12788138
v -0.29298735 0.27133307 0.15649334
v -0.30205920 0.27135387 0.13161513
v -0.28821161 0.27597505 0.15417095
v -0.28780869 0.27517560 0.15841797
v -0.28067124 0.28178975 0.15649287
v -0.28909969 0.27132753 0.16294181
v -0.27864826 0.27855247 0.17096382
v -0.30019972 0.27366608 0.12903799
v -0.28069162 0.29017222 0.13240966
v -0.27163619 0.29392260 0.14446558
v -0.27165800 0.29774439 0.12787426
v -0.26777312 0.29222134 0.15648970
v -0.26912796 0.28314987 0.18017377
v 0.24219777 0.25681698 0.18458785
v 0.21344778 0.29842037 0.16975985
v 0.25544149 0.27135918 0.15630594
v 0.21554367 0.29723737 0.16917123
v 0.23763376 0.28965947 0.15627480
v 0.24223419 0.25754014 0.18390003
v 0.23579107 0.27869552 0.17092599
v 0.27110350 0.24279591 0.17055964
v 0.25650015 0.27032995 0.15630871
v 0.24270330 0.25676498 0.18423197
v 0.25661013 0.27095363 0.15549764
v 0.27125525 0.24279593 0.17041743
v 0.25774473 0.26989782 0.15558068
v 0.27919480 0.25861460 0.14998600
v 0.29282367 0.24279569 0.15288438
v 0.29703668 0.25566515 0.12923123
v 0.27095687 0.24264680 0.17078426
v 0.27125424 0.24223812 0.17091437
v 0.25599411 0.27238372 0.15425849
v 0.24278173 0.29382825 0.14411616
v 0.24280608 0.30155426 0.12775177
v 0.25431073 0.29139391 0.13351506
v 0.25882059 0.27135801 0.15270612
v 0.27582863 0.27135223 0.13682364
v 0.29338044 0.26031473 0.12781301
v 0.27862570 0.27500284 0.12778357
v 0.27132195 0.27894121 0.13156739
v -0.26082194 0.29992700 0.15107276
v -0.24724160 0.29990837 0.16868117
v -0.25640383 0.30660388 0.13550803
v -0.24786946 0.30951750 0.14696907
v -0.23642223 0.31326085 0.14883129
v -0.24310035 0.31514114 0.13455680
v -0.24376112 0.30134344 0.17006221
v -0.24184617 0.30230734 0.16957812
v -0.24972543 0.29655609 0.17413267
v -0.24448600 0.30062887 0.17150505
v -0.24303660 0.29990235 0.17553681
v -0.24304152 0.30114716 0.17140169
v -0.23681559 0.30301997 0.17389238
v -0.22284093 0.31660426 0.15645429
v -0.22314808 0.32285631 0.14510684
v -0.20445216 0.32851297 0.15642819
v -0.23352222 0.32373822 0.12784076
v -0.21447283 0.31148249 0.17962244
v -0.21455464 0.33595929 0.12779884
v -0.21032813 0.31212637 0.18298185
v -0.18591788 0.32420686 0.18287888
v -0.20402770 0.33230481 0.14883313
v -0.20812583 0.33960420 0.12778762
v -0.20123389 0.33052111 0.15642293
v -0.19820379 0.33257496 0.15438689
v -0.19910212 0.33076712 0.15755074
v -0.20514552 0.32356986 0.16631165
v -0.20122220 0.32950726 0.15841869
v -0.19541803 0.32850689 0.16604012
v -0.17884448 0.34287712 0.14920822
v -0.17655495 0.33831453 0.16130534
v -0.16323347 0.34538066 0.15639117
v -0.18242919 0.32850009 0.17802073
v -0.16242608 0.33772913 0.17485426
v -0.18597034 0.34603935 0.13654184
v -0.17321236 0.35073978 0.13568673
v -0.15738337 0.35195175 0.14604141
v -0.15739295 0.35826001 0.12775673
v -0.15303251 0.34841943 0.15637925
v -0.13276599 0.34913546 0.16668913
v -0.15369387 0.33913094 0.17765024
v -0.12562414 0.35079265 0.16751343
v 0.09669363 0.35064244 0.16727933
v 0.10434451 0.34828958 0.16610584
v 0.12279138 0.34563714 0.15624614
v 0.12275909 0.33705395 0.17326733
v 0.16956894 0.32483804 0.15441422
v 0.16867620 0.32306054 0.15896876
v 0.15708704 0.31881517 0.17991987
v 0.17789766 0.31034461 0.18088911
v 0.12852609 0.34981900 0.14168522
v 0.12851557 0.35767746 0.12770160
v 0.13948245 0.34829068 0.13317044
v 0.15770185 0.32851860 0.15624714
v 0.13798612 0.33819997 0.15624660
v 0.14638221 0.33563089 0.15269575
v 0.14517483 0.33322218 0.15859221
v 0.13800362 0.33333743 0.16585478
v 0.14756857 0.32852006 0.16572684
v 0.16707450 0.32851663 0.14759210
v 0.17418841 0.32294095 0.15624847
v 0.17494246 0.32497931 0.14919621
v 0.17174479 0.33582586 0.12770942
v 0.15711999 0.34029484 0.13358910
v 0.21153010 0.29992712 0.16917636
v 0.19464432 0.31786156 0.15624675
v 0.18564805 0.31026661 0.17687352
v 0.18570516 0.33083338 0.12771265
v 0.19360898 0.32213247 0.14352837
v 0.20317695 0.32294679 0.12771970
v 0.21420509 0.29992625 0.16700695
v 0.20633338 0.31575370 0.14989173
v 0.21926668 0.30997479 0.14701720
v 0.21426041 0.31738910 0.13326795
v 0.23048770 0.29992101 0.15012853
v 0.23004821 0.30781874 0.13411400
v 0.21093570 0.29829443 0.17213982
v 0.21419489 0.29480577 0.17306837
v -0.13745186 0.35711980 0.14640270
v -0.13518953 0.36032203 0.13886535
v -0.12878966 0.35711738 0.15148683
v -0.13042364 0.36038420 0.14369921
v -0.12671660 0.36127505 0.14414582
v -0.12879600 0.36193925 0.13965881
v -0.11157621 0.35711801 0.16205893
v -0.12877575 0.34614223 0.17614853
v -0.11369417 0.34956372 0.17819640
v -0.10285822 0.36245108 0.15636404
v -0.10196234 0.37318775 0.13126342
v -0.10429004 0.37347692 0.12776047
v -0.09702286 0.36347419 0.15636256
v -0.10019337 0.36038381 0.16288400
v -0.10021485 0.37481391 0.12776226
v -0.09809531 0.37355590 0.13199751
v -0.09098950 0.37605649 0.12776250
v -0.07813387 0.37018710 0.14858651
v -0.06418958 0.37198654 0.14947805
v -0.07162060 0.37708032 0.13209406
v -0.07506979 0.36406383 0.16716880
v -0.06743355 0.36547267 0.16646281
v -0.07872140 0.36068413 0.17419678
v -0.07159450 0.35711348 0.18547654
v -0.07160071 0.36253548 0.17333579
v -0.05770558 0.36407155 0.17756075
v -0.05054593 0.37219709 0.15634097
v -0.04849509 0.37691641 0.13869838
v -0.05929770 0.37958562 0.12776411
v -0.03453499 0.37412345 0.15632519
v -0.04301129 0.36739880 0.17685349
v -0.04303335 0.38122314 0.12776470
v -0.03661466 0.37786603 0.14057897
v -0.02472448 0.38061568 0.12775253
v -0.02359209 0.37546319 0.15118068
v -0.00516214 0.37570953 0.15128264
v -0.01444659 0.37991837 0.13066067
v -0.02138429 0.37104738 0.16364068
v -0.00735287 0.37131676 0.16348927
v -0.03223615 0.36603600 0.17949164
v -0.01443755 0.35712487 0.19413738
v -0.01443459 0.36795539 0.17596915
v 0.00268611 0.36569732 0.17909445
v 0.00599736 0.37344944 0.15627638
v 0.00710662 0.37848830 0.14178956
v -0.00505808 0.38105935 0.12773754
v 0.02151056 0.37185931 0.15625320
v 0.01414747 0.36668971 0.17534336
v 0.01414315 0.38223979 0.12771854
v 0.02039503 0.37768942 0.14018647
v 0.02970020 0.37921914 0.12769914
v 0.03526597 0.37208563 0.14943214
v 0.04910478 0.36985546 0.14831185
v 0.04273669 0.37507987 0.13299882
v 0.03900052 0.36461622 0.16677521
v 0.04569218 0.36301905 0.16756643
v 0.03122635 0.36288390 0.17626879
v 0.04274165 0.35712087 0.18111494
v 0.04274485 0.36164826 0.17276824
v 0.04851367 0.36000675 0.17338717
v 0.06809919 0.36358792 0.15624344
v 0.07008587 0.37265718 0.13016519
v 0.06656134 0.37380019 0.12768289
v 0.08263396 0.35711882 0.16188152
v 0.07407074 0.36259824 0.15624413
v 0.07133194 0.36028522 0.16256329
v 0.07132773 0.37340963 0.12768269
v 0.07235347 0.37243849 0.12972945
v 0.07423884 0.37286898 0.12768295
v 0.09992571 0.35711578 0.15111130
v 0.09783615 0.36128929 0.14405483
v 0.10161806 0.36050361 0.14366284
v 0.09992129 0.36284992 0.13910811
v 0.10675593 0.35711512 0.14538088
v 0.10739165 0.36085024 0.13824338
v 0.08062872 0.34746581 0.18013878
v 0.09992948 0.34248874 0.17779915
v -0.15751040 -0.31721658 0.18522079
v -0.10034733 -0.32771331 0.18521723
v -0.04318526 -0.33825240 0.18521142
v -0.02733991 -0.33483797 0.19311582
v -0.01585068 -0.33093855 0.20069358
v 0.01161626 -0.34507334 0.18982850
v -0.01319429 -0.33132818 0.20088764
v 0.00546900 -0.34698397 0.18518339
v -0.01461918 -0.33401331 0.19669601
v 0.01394122 -0.34879899 0.18517843
v 0.01675423 -0.34556153 0.19080311
v 0.02991394 -0.35073340 0.18517920
v 0.01394066 -0.33412626 0.20242338
v 0.03803976 -0.33738911 0.20390162
v 0.06728480 -0.34652114 0.19272198
v 0.04735265 -0.33818373 0.20429805
v 0.07020987 -0.33015662 0.21369971
v 0.05332363 -0.35161483 0.18517333
v 0.04250248 -0.34849936 0.18943748
v 0.07106647 -0.35155651 0.18517047
v 0.07473463 -0.34641376 0.19250633
v 0.08318245 -0.34879518 0.18516922
v 0.07186016 -0.33009616 0.21369928
v 0.09611797 -0.33545649 0.20292677
v 0.10244790 -0.33411655 0.20225692
v 0.09962468 -0.34012216 0.19360442
v 0.11384520 -0.33556092 0.19232364
v 0.12818938 -0.33291304 0.18515481
v -0.18788004 -0.30091295 0.18520908
v -0.18606658 -0.30172849 0.18607132
v -0.16010487 -0.31557471 0.18651871
v -0.19868074 -0.29370165 0.18520340
v -0.21461123 -0.28246707 0.18519582
v -0.21134199 -0.28410304 0.18683428
v -0.18756837 -0.30000782 0.18821524
v -0.19369590 -0.28671938 0.20713422
v -0.18647298 -0.27230561 0.22765133
v -0.17789996 -0.30001390 0.20155507
v -0.16715120 -0.30464864 0.20451526
v -0.17108867 -0.29932064 0.21239501
v -0.16474323 -0.30001763 0.21379004
v -0.17280339 -0.29798526 0.21277349
v -0.18241106 -0.27875966 0.22442366
v -0.17087933 -0.29820603 0.21379209
v -0.15751036 -0.31591657 0.18849809
v -0.14550117 -0.30458087 0.21378450
v -0.15215540 -0.31695157 0.18789570
v -0.13959861 -0.30723524 0.21016848
v -0.11941867 -0.30955681 0.20899996
v -0.12893121 -0.31796610 0.19420555
v -0.11512466 -0.32164565 0.19260269
v -0.14124301 -0.30395085 0.21575236
v -0.11737751 -0.30548441 0.21651955
v -0.14550242 -0.30230287 0.21835957
v -0.14930961 -0.29392347 0.22598246
v -0.14004396 -0.30001390 0.22011235
v -0.11107261 -0.30711600 0.21377449
v -0.11887693 -0.30000696 0.22226465
v -0.11195423 -0.30267873 0.21912919
v -0.10559478 -0.29097649 0.23183438
v -0.10034721 -0.32017058 0.19703472
v -0.09060423 -0.30907521 0.21376771
v -0.08196616 -0.32342520 0.19439271
v -0.07828857 -0.31549156 0.20600659
v -0.06709120 -0.31917727 0.20415582
v -0.07176480 -0.32342398 0.19694066
v -0.06597117 -0.32561854 0.19659147
v -0.08264391 -0.30680606 0.21717699
v -0.06250914 -0.31001437 0.21877632
v -0.08955598 -0.30348855 0.22076286
v -0.09616320 -0.28990081 0.23397571
v -0.08047280 -0.29999131 0.22492515
v -0.05022857 -0.31446069 0.21375522
v -0.06499682 -0.29998785 0.22876701
v -0.05219202 -0.30526447 0.22433093
v -0.04319528 -0.32369837 0.20415311
v -0.02116435 -0.32848412 0.20273471
v -0.03705401 -0.31622237 0.21374592
v -0.01462092 -0.32848057 0.20363583
v -0.00133010 -0.32847750 0.20609808
v -0.02272926 -0.31231287 0.21991612
v -0.00742799 -0.31409267 0.22079772
v -0.03506717 -0.30610967 0.22602889
v -0.01955389 -0.29996538 0.23243544
v 0.01155570 -0.32371581 0.21372136
v -0.01048885 -0.29996169 0.23398422
v 0.00804062 -0.30833679 0.23048505
v 0.01393837 -0.32690972 0.21059062
v 0.02140514 -0.32847545 0.20998776
v 0.01630623 -0.32374257 0.21371920
v 0.04249396 -0.32847914 0.21411887
v 0.03753899 -0.31858784 0.22303519
v 0.04759614 -0.31826484 0.22286926
v 0.06779824 -0.32847747 0.21532425
v 0.01979333 -0.30835927 0.23052761
v 0.03962314 -0.29994625 0.23653796
v 0.04544040 -0.29994449 0.23630707
v 0.06506150 -0.30823949 0.23029986
v 0.07356645 -0.32847664 0.21495615
v 0.07104921 -0.32904151 0.21482693
v 0.07104807 -0.32718489 0.21628296
v 0.09961201 -0.32846385 0.20920983
v 0.11253142 -0.32845670 0.20588043
v 0.09341465 -0.31611013 0.22178373
v 0.10748018 -0.31270468 0.22009224
v 0.07710728 -0.30812806 0.23008218
v 0.09548640 -0.29991955 0.23403332
v 0.12192386 -0.31595993 0.21369603
v 0.10521244 -0.29990906 0.23099612
v 0.11916463 -0.30518034 0.22425917
v 0.12344384 -0.29032719 0.23282251
v 0.12817876 -0.32293704 0.20268048
v 0.13930282 -0.30618805 0.21369344
v 0.14203748 -0.32107413 0.19207022
v 0.14451121 -0.30397350 0.21164493
v 0.15676078 -0.31280053 0.19162185
v 0.14346603 -0.30189073 0.21470053
v 0.14882575 -0.29987079 0.21369296
v 0.14081824 -0.30151549 0.21696587
v 0.13803323 -0.29546565 0.22252153
v 0.14380574 -0.29987562 0.21638869
v 0.16513428 -0.29985332 0.20188709
v 0.17641197 -0.29448971 0.20297857
v 0.16763851 -0.29305840 0.21029614
v 0.16147493 -0.28076449 0.22324750
v 0.18103473 -0.27988225 0.21370360
v 0.17115995 -0.30704030 0.18515255
v 0.18534642 -0.30108905 0.18515480
v 0.19058050 -0.29080108 0.19562459
v 0.19985452 -0.29280984 0.18515806
v 0.18718906 -0.27501380 0.21370742
v 0.21188499 -0.27536023 0.20146790
v 0.21510725 -0.27365980 0.20061871
v 0.21392526 -0.27780735 0.19617705
v 0.21998958 -0.27431992 0.19640629
v 0.24251473 -0.27076316 0.18516278
v -0.27300733 -0.22995177 0.18782482
v -0.27473223 -0.23015162 0.18517271
v -0.27168459 -0.23325868 0.18517570
v -0.25358191 -0.24813055 0.18518928
v -0.23144045 -0.24805734 0.21118927
v -0.24314392 -0.25371051 0.19059750
v -0.22869810 -0.26423332 0.19225058
v -0.23041436 -0.24600706 0.21532081
v -0.26878166 -0.23152849 0.19098106
v -0.27677605 -0.22607817 0.18771708
v -0.27167681 -0.22324343 0.19593225
v -0.23501754 -0.24290261 0.21376473
v -0.24929786 -0.24290523 0.19752462
v -0.25192818 -0.23195148 0.20827533
v -0.22294059 -0.25476938 0.21376884
v -0.23859662 -0.22339505 0.22350812
v -0.23076747 -0.24290095 0.21758096
v -0.22593468 -0.24583350 0.21963122
v -0.22175069 -0.23578434 0.22798914
v -0.21460643 -0.26802391 0.20688102
v -0.20772597 -0.27146631 0.21033019
v -0.18823716 -0.27146935 0.22697650
v -0.21117400 -0.26460344 0.21377069
v -0.18654819 -0.27171636 0.22831665
v -0.18605457 -0.27211219 0.22839113
v -0.18385035 -0.27257159 0.22917119
v -0.18688788 -0.27105218 0.22848630
v -0.18605430 -0.27146971 0.22898051
v -0.20795308 -0.25053465 0.22904517
v -0.21195136 -0.23124929 0.23704748
v -0.15749051 -0.28264299 0.23613782
v -0.14936189 -0.28168538 0.23828757
v -0.12891598 -0.28545260 0.23506059
v -0.10615946 -0.28282347 0.23942511
v -0.12891075 -0.27145955 0.24610797
v -0.10034259 -0.28421548 0.23930153
v -0.09674807 -0.28393349 0.24053097
v -0.07177587 -0.28995642 0.23728812
v -0.07177831 -0.27145618 0.25252315
v -0.01463456 -0.29330990 0.23893699
v -0.01464271 -0.27144149 0.25557068
v 0.04247200 -0.29503548 0.23978280
v 0.04246053 -0.27139911 0.25468993
v 0.09958221 -0.29226208 0.23840317
v 0.12193837 -0.28251678 0.23913640
v 0.09957472 -0.27135983 0.24836759
v 0.12815289 -0.28301173 0.23703602
v 0.14427060 -0.27755100 0.23419777
v 0.15673734 -0.27567184 0.23015544
v 0.16012135 -0.27300134 0.22966832
v 0.15673402 -0.27131426 0.23297292
v 0.16372122 -0.26782113 0.23147111
v 0.18099876 -0.25271696 0.23364933
v 0.18905869 -0.27129862 0.21557240
v 0.18532726 -0.27279019 0.21668798
v 0.18532471 -0.26817137 0.21996872
v 0.21391943 -0.27129242 0.20351607
v 0.21783629 -0.27129179 0.20139137
v 0.20570287 -0.25490379 0.21980189
v 0.22685000 -0.24544267 0.21508165
v 0.19130266 -0.25104526 0.23031449
v 0.20630962 -0.24274191 0.22711520
v 0.22950205 -0.24532376 0.21372825
v 0.23298274 -0.24273300 0.21373177
v 0.22662044 -0.24273543 0.21689320
v 0.22893898 -0.24346787 0.21519651
v 0.22941995 -0.24151962 0.21616119
v 0.24250695 -0.26206338 0.19526814
v 0.25130045 -0.26139909 0.18955600
v 0.24999639 -0.24952123 0.20014772
v 0.27108356 -0.24856544 0.18809441
v 0.25297362 -0.23891173 0.20611626
v 0.26551497 -0.24272498 0.19630313
v 0.25027421 -0.22971378 0.21375068
v 0.26376760 -0.22877240 0.20677403
v 0.27392736 -0.24272248 0.19087023
v 0.27521682 -0.22244078 0.20361692
v 0.27791271 -0.24613610 0.18517809
v 0.28975648 -0.23338768 0.18518922
v 0.29267687 -0.22495452 0.18868223
v 0.29965031 -0.22226727 0.18519594
v -0.30738974 -0.18937626 0.18512927
v -0.28804269 -0.18995556 0.21161197
v -0.30022660 -0.19471163 0.18959360
v -0.28799632 -0.20822638 0.19331822
v -0.28709677 -0.18806168 0.21485087
v -0.31856763 -0.17662539 0.18512172
v -0.32878247 -0.16425255 0.18511488
v -0.32389945 -0.16907446 0.18755949
v -0.29037386 -0.18576975 0.21370254
v -0.30488944 -0.18578744 0.19445752
v -0.30832094 -0.17341170 0.20750386
v -0.30065838 -0.15807618 0.22752550
v -0.28133446 -0.19500315 0.21371287
v -0.28733689 -0.18576747 0.21647763
v -0.28427476 -0.18744403 0.21706033
v -0.28161278 -0.18142526 0.22237685
v -0.27166757 -0.21130820 0.20767334
v -0.26573426 -0.21433580 0.21076679
v -0.26821736 -0.20742808 0.21373156
v -0.24312219 -0.21432823 0.22593185
v -0.24437997 -0.21181110 0.22677553
v -0.24237205 -0.21282661 0.22728577
v -0.24117562 -0.21432717 0.22706291
v -0.24311928 -0.20179266 0.23429033
v -0.23829710 -0.21191332 0.23044854
v -0.26405260 -0.19241549 0.22704700
v -0.26796961 -0.17516378 0.23488091
v -0.21458569 -0.22665627 0.23840930
v -0.21055372 -0.22659394 0.24030586
v 0.21389693 -0.22518176 0.23352098
v 0.22300090 -0.21873152 0.23257935
v 0.21388775 -0.21418786 0.23953941
v 0.23059711 -0.20583628 0.23638460
v 0.23986110 -0.19729698 0.23711270
v 0.25548735 -0.21417046 0.22025667
v 0.24248573 -0.21926305 0.22393221
v 0.24247602 -0.20525464 0.23160899
v 0.27106857 -0.21416548 0.21154457
v 0.28158638 -0.21416421 0.20473585
v 0.26523313 -0.20252813 0.22222233
v 0.28073061 -0.19482219 0.21836866
v 0.24612887 -0.19624023 0.23500322
v 0.26581147 -0.18561614 0.23187420
v 0.28926688 -0.19346008 0.21376298
v 0.29726326 -0.18560980 0.21375984
v 0.28015196 -0.18561400 0.22410785
v 0.28775421 -0.18803221 0.21860366
v 0.28903309 -0.18190667 0.22117195
v 0.29963884 -0.20567468 0.19678015
v 0.30942458 -0.20477444 0.19009241
v 0.30767018 -0.19184190 0.20128620
v 0.32818982 -0.18917565 0.18698604
v 0.31027186 -0.18198392 0.20651008
v 0.32445025 -0.18560424 0.19266619
v 0.30734754 -0.17254135 0.21375099
v 0.32329330 -0.16678639 0.20434251
v 0.32980126 -0.18560344 0.18842867
v 0.33040610 -0.16153163 0.20171383
v 0.33174607 -0.18738055 0.18519984
v 0.33636898 -0.18151194 0.18520279
v 0.33873457 -0.16232052 0.19419681
v 0.35675284 -0.14398243 0.18521000
v -0.33860764 -0.14786527 0.19002573
v -0.33767298 -0.13404152 0.20290816
v -0.33968988 -0.12529351 0.20694754
v -0.33442897 -0.12864973 0.21367273
v -0.33808053 -0.11871966 0.21367320
v -0.34755051 -0.13356479 0.18510947
v -0.35134399 -0.12567694 0.18510835
v -0.32878149 -0.15088294 0.20099750
v -0.31948692 -0.15721321 0.20903368
v -0.30158830 -0.15719455 0.22728056
v -0.32358888 -0.14683223 0.21367788
v -0.30060756 -0.15738893 0.22816133
v -0.30021727 -0.15771811 0.22822845
v -0.29820567 -0.15819915 0.22897360
v -0.30083680 -0.15688387 0.22827590
v -0.30021712 -0.15719363 0.22853367
v -0.35246781 -0.10252634 0.19695185
v -0.32070398 -0.13485961 0.22610676
v -0.32317448 -0.11995257 0.23105717
v -0.27166253 -0.16886498 0.23706344
v -0.26631182 -0.16878726 0.23959385
v 0.27102154 -0.17146185 0.23523051
v 0.28203303 -0.16256779 0.23352915
v 0.27100092 -0.15706488 0.24106185
v 0.28597507 -0.14957735 0.23548929
v 0.29532737 -0.13855587 0.23381610
v 0.29673788 -0.11703673 0.23663324
v 0.31066984 -0.15705223 0.21928407
v 0.29958341 -0.16229475 0.22422355
v 0.29956907 -0.14985967 0.22812676
v 0.32815415 -0.15704378 0.20566329
v 0.33378011 -0.14579201 0.20508684
v 0.33293507 -0.15704100 0.20185651
v 0.31869113 -0.13816740 0.21856552
v 0.32944673 -0.12848413 0.21373001
v 0.32215327 -0.11188581 0.22200911
v 0.30740499 -0.13493662 0.22659463
v 0.30548382 -0.12014804 0.23040926
v 0.31783190 -0.12849224 0.22168104
v 0.33894563 -0.12847760 0.20675975
v 0.35607353 -0.14207654 0.18656251
v 0.35082608 -0.12010469 0.19700864
v 0.33738589 -0.11838090 0.20868415
v 0.35675228 -0.14296986 0.18564221
v 0.35708830 -0.14292122 0.18537766
v 0.35696247 -0.14254346 0.18562943
v 0.35740530 -0.14242747 0.18521009
v 0.35924828 -0.11668539 0.19018403
v 0.36387199 -0.11774489 0.18520162
v 0.35674736 -0.10975216 0.19406325
v 0.36274204 -0.11119787 0.18818773
v -0.36557528 -0.07566156 0.18508086
v -0.35065463 -0.08676364 0.20604876
v -0.35732716 -0.08968306 0.19416544
v -0.34984213 -0.10009503 0.20312241
v -0.35361350 -0.09824257 0.19752353
v -0.34638962 -0.07823469 0.21701801
v -0.34105992 -0.10009071 0.21982086
v -0.36783159 -0.06629263 0.18508044
v -0.36581504 -0.04721335 0.19513404
v -0.34968901 -0.07153267 0.21366611
v -0.36185056 -0.07153882 0.19412407
v -0.36092752 -0.05016041 0.20297441
v -0.34901410 -0.05959227 0.21964392
v -0.34594694 -0.07153211 0.21948673
v -0.33411294 -0.08045354 0.23151897
v -0.32875776 -0.10805244 0.22960567
v -0.32875448 -0.08860461 0.23664759
v -0.32032001 -0.11014252 0.23801488
v -0.32549709 -0.08743712 0.24060857
v -0.32722202 -0.08427804 0.23917300
v 0.29379383 -0.11135326 0.23937351
v 0.29896364 -0.08595851 0.24194227
v 0.29929432 -0.08542007 0.24173431
v 0.32124010 -0.09992391 0.22453395
v 0.29955041 -0.11081767 0.23544006
v 0.29954323 -0.08602652 0.24151635
v 0.32814240 -0.09991847 0.21881443
v 0.34045866 -0.07531281 0.21173231
v 0.34354997 -0.09991232 0.20713964
v 0.32366055 -0.09096791 0.22350174
v 0.33859554 -0.07135128 0.21370921
v 0.32665378 -0.04577053 0.22646639
v 0.30005223 -0.08515961 0.24121584
v 0.32123619 -0.07136339 0.22845289
v 0.34125262 -0.07134986 0.21133487
v 0.34583852 -0.07473800 0.20694137
v 0.34643242 -0.06736770 0.20576163
v 0.34056193 -0.06759148 0.21183135
v 0.35674751 -0.09100636 0.19594000
v 0.36424720 -0.08936728 0.18893456
v 0.36085477 -0.08152124 0.19338715
v 0.36700922 -0.08050244 0.18519747
v 0.36025780 -0.06056115 0.19218270
v 0.36563802 -0.06149212 0.18519613
v 0.35675365 -0.05133449 0.19662881
v 0.36403686 -0.05342484 0.18882400
v -0.36357757 -0.04297259 0.20249978
v -0.36698431 -0.03814910 0.19454581
v -0.37205923 -0.02176562 0.18507311
v -0.35733423 -0.04297302 0.21205014
v -0.36290115 -0.03184756 0.20494586
v -0.35126841 -0.03084048 0.22189285
v -0.34954992 -0.04297161 0.22407094
v -0.33432698 -0.05446225 0.23946084
v -0.34100878 -0.03480633 0.23612779
v -0.37327379 -0.00643305 0.18506604
v -0.37074357 0.00746140 0.19265541
v -0.35792476 -0.01440905 0.21366931
v -0.36549503 -0.01440741 0.20139700
v -0.36423111 0.00037590 0.20627137
v -0.35231793 0.00411152 0.22293530
v -0.34911689 -0.01440688 0.22579348
v 0.32620931 -0.04279629 0.22698502
v 0.32814357 -0.04279511 0.22504723
v 0.34195375 -0.01522976 0.21317077
v 0.34618521 -0.04278322 0.20843659
v 0.32678741 -0.04008597 0.22659393
v 0.31924102 -0.04724844 0.23238757
v 0.32236391 -0.03991470 0.23082371
v 0.34152269 -0.01422185 0.21367273
v 0.32752684 0.01304846 0.22724675
v 0.32336494 -0.01423403 0.23263422
v 0.34214211 -0.01422168 0.21304195
v 0.34340820 -0.01516930 0.21178229
v 0.34329408 -0.01338834 0.21200947
v 0.34198567 -0.01327522 0.21320003
v 0.35675561 -0.03517779 0.19852495
v 0.36560932 -0.03291287 0.18960173
v 0.36136743 -0.02390062 0.19435932
v 0.36971980 -0.02203084 0.18518421
v 0.36181611 -0.00497229 0.19521642
v 0.37070727 -0.00689223 0.18516907
v 0.35677958 0.00683807 0.19867751
v 0.36623991 0.00478543 0.18986908
v -0.36631936 0.01415924 0.20386699
v -0.36971790 0.02035717 0.19316247
v -0.37222207 0.03528494 0.18505380
v -0.35734218 0.01415983 0.21689439
v -0.36502621 0.02954859 0.20707491
v -0.35347345 0.02188700 0.22409996
v -0.35182300 0.01416024 0.22520378
v -0.34363565 0.00730953 0.23481655
v -0.34554145 0.02006145 0.23386422
v -0.37270448 0.05042917 0.18504933
v -0.36728835 0.06631128 0.19436160
v -0.36205143 0.04272800 0.21367325
v -0.36624396 0.04272878 0.20292786
v -0.36350459 0.05891934 0.20556498
v -0.35408017 0.06483824 0.22473118
v -0.35163745 0.04273070 0.23086533
v 0.32724854 0.01433990 0.22742827
v 0.32817450 0.01434009 0.22658597
v 0.34235281 0.04262128 0.21347316
v 0.34592080 0.01434248 0.20823294
v 0.32750440 0.01567970 0.22722040
v 0.32534978 0.01292841 0.22929575
v 0.32519653 0.01582452 0.22936952
v 0.34220418 0.04290374 0.21361378
v 0.32658520 0.06821976 0.22621436
v 0.32369554 0.04289703 0.23316082
v 0.34240144 0.04290375 0.21342862
v 0.34283492 0.04256373 0.21293554
v 0.34295821 0.04336645 0.21269050
v 0.34232542 0.04324168 0.21344496
v 0.35679197 0.02290080 0.19655642
v 0.36445719 0.02479979 0.18895173
v 0.36015999 0.03198074 0.19182488
v 0.36590853 0.03317283 0.18512544
v 0.35942829 0.05457569 0.19032443
v 0.36407661 0.05356285 0.18511170
v 0.35681111 0.06121764 0.19314399
v 0.36149240 0.05952563 0.18743889
v -0.36321950 0.07130142 0.20232400
v -0.36751890 0.07640804 0.19424137
v -0.37165335 0.09269045 0.18504429
v -0.35730892 0.07130153 0.21560684
v -0.36209336 0.08087975 0.20415902
v -0.35210714 0.08170101 0.22276345
v -0.35239524 0.07130139 0.22550680
v -0.34675187 0.06601842 0.23324478
v -0.34317809 0.07836369 0.23503415
v -0.37057906 0.10650626 0.18504301
v -0.35930657 0.12742658 0.19835076
v -0.35448214 0.09986795 0.21367194
v -0.36412495 0.09986645 0.19872504
v -0.35835019 0.12632073 0.20041789
v -0.34817019 0.11017926 0.21883667
v -0.34792417 0.09986733 0.22348942
v -0.33166784 0.11120708 0.23638815
v -0.32767776 0.11308442 0.24014810
v 0.29647714 0.11110593 0.23567741
v 0.32551011 0.07146094 0.22648256
v 0.32821062 0.07146239 0.22412190
v 0.33690614 0.08881759 0.20797233
v 0.34318012 0.07147130 0.20680255
v 0.32490781 0.07806476 0.22452652
v 0.31977427 0.06724520 0.23203020
v 0.30751324 0.08178712 0.23812307
v 0.32737085 0.12814043 0.19884774
v 0.32636100 0.10002543 0.21355119
v 0.32652140 0.12512736 0.20101160
v 0.31786540 0.10786417 0.21745229
v 0.30624163 0.10770225 0.22888090
v 0.31814057 0.10001766 0.22193787
v 0.33726948 0.10003175 0.20308381
v 0.35444930 0.08812056 0.18980381
v 0.34720087 0.10950254 0.18506166
v 0.32825196 0.12692745 0.19846325
v 0.35681832 0.08398419 0.18861003
v 0.35869873 0.08481398 0.18601833
v 0.35682547 0.09104313 0.18507656
v 0.35764784 0.08657862 0.18672884
v 0.35875779 0.08671865 0.18507975
v -0.35837185 0.12843286 0.19989964
v -0.35865593 0.12911440 0.19867770
v -0.35916594 0.15607494 0.18505464
v -0.35729355 0.12843268 0.20116372
v -0.35785592 0.12955816 0.19992399
v -0.35342973 0.13615610 0.20322949
v -0.34131673 0.12843253 0.21997643
v -0.35848710 0.15760583 0.18505581
v -0.35807019 0.15700950 0.18660778
v -0.35241601 0.15700713 0.19482450
v -0.34032786 0.15165217 0.21367350
v -0.34185186 0.15585151 0.21136835
v -0.34152201 0.15848126 0.21070969
v -0.33940208 0.15700103 0.21367210
v -0.35729516 0.15908439 0.18609568
v -0.32873231 0.11637402 0.23779097
v -0.32872286 0.13740939 0.23165330
v -0.32610381 0.11545403 0.24094525
v -0.32175216 0.13922283 0.23877519
v -0.34490824 0.17938477 0.19317599
v -0.32870436 0.18370013 0.20994107
v -0.32644972 0.18105619 0.21367654
v -0.32486767 0.14655876 0.23455314
v -0.32259184 0.16515858 0.23002085
v 0.28979504 0.11920375 0.23707913
v 0.27108076 0.12853998 0.24836046
v 0.27110755 0.15262559 0.23972389
v 0.28408605 0.13504440 0.23420705
v 0.26967669 0.18274178 0.22622199
v 0.26958829 0.15709738 0.23891197
v 0.29658681 0.15711381 0.21347424
v 0.27414286 0.17963600 0.22467735
v 0.29112452 0.16854425 0.21346055
v 0.27423951 0.15709919 0.23570958
v 0.29046917 0.15202986 0.22360370
v 0.28934073 0.16105308 0.22133468
v 0.32461718 0.12857863 0.20109467
v 0.30719006 0.12856534 0.21725859
v 0.30483344 0.13888273 0.21349663
v 0.29965860 0.12106938 0.22845301
v 0.29966408 0.13322338 0.22279942
v 0.32703087 0.12919091 0.19867650
v 0.30895209 0.15210363 0.20347548
v 0.32588556 0.15592870 0.18502234
v 0.30657434 0.16453061 0.19869101
v 0.32387084 0.15934260 0.18501674
v 0.29971308 0.17839062 0.19893417
v 0.29975864 0.19956805 0.18495211
v 0.30877674 0.17592137 0.18949258
v -0.33687174 0.19578032 0.18916100
v -0.33140981 0.20256150 0.19049069
v -0.33496368 0.20298880 0.18507974
v -0.32870513 0.19027475 0.20425352
v -0.32576934 0.18556485 0.21220669
v -0.32005256 0.18556207 0.21799916
v -0.32871035 0.21007311 0.18508446
v -0.32208562 0.20647323 0.19832733
v -0.31137252 0.20806789 0.21064052
v -0.30718166 0.19967899 0.22090542
v -0.31057507 0.18033504 0.23318714
v -0.30626187 0.18862464 0.23103118
v -0.30013055 0.18555081 0.24056210
v -0.30012417 0.19439787 0.23238650
v -0.31768975 0.22293441 0.18508513
v -0.30456442 0.21413893 0.21367687
v -0.31029585 0.21414247 0.20544498
v -0.29573083 0.23395403 0.20377830
v -0.29157478 0.22564399 0.21943906
v -0.29249144 0.21413065 0.22700265
v -0.27433953 0.22562139 0.23666126
v -0.30012226 0.23546228 0.19575532
v -0.29535380 0.24034657 0.19700854
v -0.27021742 0.22708644 0.23959292
v 0.21405388 0.21326962 0.24139330
v 0.23637539 0.19681382 0.23878893
v 0.20995191 0.23445702 0.22344270
v 0.21379626 0.21419308 0.24133527
v 0.25186673 0.21421154 0.21339363
v 0.22084710 0.22926700 0.22086629
v 0.23515294 0.22776398 0.21336830
v 0.21461031 0.21419336 0.24074696
v 0.23901226 0.20351854 0.23471168
v 0.23381837 0.21966536 0.22426711
v 0.26754826 0.18565604 0.22588156
v 0.25497204 0.21034494 0.21339872
v 0.24259508 0.19710973 0.23627415
v 0.25602639 0.21332805 0.21162969
v 0.27113867 0.18565646 0.22380129
v 0.25899553 0.21003476 0.21131623
v 0.27731648 0.19795114 0.20531169
v 0.28633142 0.18566236 0.20676748
v 0.29943529 0.19978712 0.18511289
v 0.25902209 0.17960195 0.23371181
v 0.25531650 0.21581374 0.21020125
v 0.24267434 0.23714912 0.20212573
v 0.24270207 0.25589019 0.18484184
v 0.25667322 0.23550409 0.19186810
v 0.25966147 0.21421443 0.20791768
v 0.27623188 0.21421781 0.19495949
v 0.29931188 0.20017254 0.18495119
v 0.28224501 0.21973658 0.18492226
v 0.27121848 0.22385855 0.18971436
v -0.28863400 0.24272349 0.20513815
v -0.29087815 0.24735492 0.19476828
v -0.28032997 0.24271040 0.21808791
v -0.27625555 0.25214696 0.21368825
v -0.27739754 0.26285827 0.19678882
v -0.25990129 0.27129108 0.21368073
v -0.28396910 0.26322657 0.18509510
v -0.27154458 0.23226707 0.23455404
v -0.27153903 0.24736658 0.22299784
v -0.27157539 0.27787906 0.18509199
v -0.26753882 0.23041782 0.24024603
v -0.25789285 0.25016671 0.23542050
v -0.24298735 0.24269605 0.24880813
v -0.24297330 0.26096171 0.23706348
v -0.26133019 0.27535015 0.20556974
v -0.26669535 0.28316048 0.18508917
v -0.25814307 0.27303350 0.21367879
v -0.25434414 0.27716067 0.21074116
v -0.25609300 0.27364767 0.21485648
v -0.25856367 0.26999509 0.21626692
v -0.25795355 0.27197218 0.21504371
v -0.25528809 0.27128837 0.21763897
v -0.23870441 0.29127914 0.20366725
v -0.23508582 0.28406394 0.22004476
v -0.23714493 0.27128151 0.23055279
v -0.21960746 0.28037533 0.23180801
v -0.24301058 0.29302335 0.19593859
v -0.23672286 0.29673868 0.19621834
v -0.21446463 0.30938673 0.18505973
v -0.21067485 0.28183818 0.23471390
v 0.12683558 0.28400034 0.23854393
v 0.15697165 0.24273780 0.25562012
v 0.15700991 0.26447576 0.23837401
v 0.17499530 0.25174776 0.23652703
v 0.15200937 0.28985667 0.22250396
v 0.13029775 0.28378177 0.23810779
v 0.15391721 0.27132285 0.23559871
v 0.18682224 0.27133498 0.21327651
v 0.16465889 0.28464526 0.21990438
v 0.17665049 0.28201097 0.21326207
v 0.16229077 0.27132347 0.23125583
v 0.17812414 0.26449499 0.22691089
v 0.17530553 0.27532986 0.22125271
v 0.20299609 0.24276599 0.22201948
v 0.19490749 0.26142061 0.21328980
v 0.18556288 0.25120789 0.23017074
v 0.19738252 0.26885033 0.20831555
v 0.21411893 0.24276906 0.21621916
v 0.20493853 0.26117858 0.20822869
v 0.21976346 0.25404251 0.20468570
v 0.22982651 0.24277437 0.20692886
v 0.24123526 0.25633523 0.18557185
v 0.18879850 0.23010336 0.24019325
v 0.19557935 0.27564144 0.20469430
v 0.18560630 0.29332170 0.20008735
v 0.18563713 0.30498272 0.18475685
v 0.19852796 0.29209852 0.19119594
v 0.20589325 0.27134231 0.20126455
v 0.21887040 0.27134901 0.19419806
v 0.24079840 0.25802299 0.18483624
v 0.22372569 0.27613318 0.18478087
v 0.21416308 0.28071827 0.18943864
v -0.21953818 0.29988149 0.21109693
v -0.21644427 0.29987958 0.21465203
v -0.21504188 0.30109292 0.21364638
v -0.21444346 0.30321401 0.20699087
v -0.21350043 0.30175614 0.21364526
v -0.21443233 0.29786929 0.21765913
v -0.21443513 0.30060855 0.21510120
v -0.20825306 0.31108847 0.18815896
v -0.19237223 0.31288117 0.20581803
v -0.17677598 0.31812483 0.20842391
v -0.18591115 0.32207942 0.18823035
v -0.18790229 0.30395940 0.22584853
v -0.18214968 0.30732349 0.22416440
v -0.19384067 0.29588065 0.23188019
v -0.18908678 0.30149218 0.22949831
v -0.18585911 0.29987660 0.23213850
v -0.18586038 0.30325347 0.22956857
v -0.17920047 0.30320996 0.23120283
v -0.16639069 0.31806892 0.21358666
v -0.16698138 0.32385665 0.20433076
v -0.18031499 0.32569328 0.18501657
v -0.14546011 0.32361349 0.21355325
v -0.15728790 0.30847713 0.23073936
v -0.15735067 0.33442664 0.18499024
v -0.14512730 0.32638988 0.20936641
v -0.14160001 0.32562122 0.21211733
v -0.14016056 0.32274884 0.21640745
v -0.14449310 0.30777732 0.23571476
v -0.12871197 0.29988080 0.24512890
v -0.12872204 0.31234130 0.23402405
v -0.10606632 0.31121850 0.23908818
v -0.14715368 0.33769464 0.18497774
v -0.12819742 0.32848501 0.21352780
v -0.14036210 0.32848632 0.20819898
v -0.11655258 0.33268043 0.21141821
v -0.11570948 0.33099791 0.21476386
v -0.11240783 0.33258533 0.21350637
v -0.11662700 0.32848531 0.21785331
v -0.10772164 0.32175085 0.22693790
v -0.11270709 0.33023483 0.21699825
v -0.12876481 0.34125584 0.19133672
v -0.10015136 0.31262064 0.23892248
v -0.09567554 0.31193984 0.23979145
v -0.07158858 0.29988521 0.25310820
v -0.07158297 0.31765616 0.23658851
v -0.04387328 0.31376675 0.24150817
v -0.10902914 0.34722954 0.18936832
v -0.10017725 0.34714723 0.19361596
v -0.10018203 0.35098234 0.18494041
v -0.08398870 0.35090256 0.19301003
v -0.08976389 0.33627596 0.21347789
v -0.07832924 0.34359887 0.20593137
v -0.08262621 0.33498955 0.21671367
v -0.09537548 0.31896594 0.23248023
v -0.08926734 0.33188531 0.22026023
v -0.08047846 0.32848626 0.22424161
v -0.06550107 0.34492075 0.20525318
v -0.06103492 0.33597797 0.21717025
v -0.05173218 0.33964020 0.21342260
v -0.06333123 0.32848924 0.22549057
v -0.04394336 0.31511682 0.24009165
v -0.05299064 0.33280849 0.22202897
v -0.07158701 0.35173604 0.19651230
v -0.04302149 0.31390727 0.24136074
v -0.04210352 0.31373459 0.24147235
v -0.01445401 0.29991803 0.25439525
v -0.01445099 0.31810373 0.23669830
v 0.01267846 0.31349105 0.24113268
v -0.06409021 0.35335559 0.19543578
v -0.04301321 0.35097563 0.20117140
v -0.04300928 0.36314335 0.18488558
v -0.01798527 0.35534623 0.19733512
v -0.03459062 0.34024948 0.21339516
v -0.01748272 0.35102481 0.20214364
v -0.02418957 0.33759713 0.21790779
v -0.04217138 0.31504506 0.24023375
v -0.03330507 0.33308688 0.22253156
v -0.02189287 0.32850608 0.22702615
v -0.01083647 0.34990963 0.20268998
v -0.00404494 0.33630183 0.21722654
v 0.00546329 0.33976585 0.21333055
v -0.00622448 0.32851166 0.22545469
v 0.01252226 0.31581366 0.23865904
v 0.00407464 0.33275378 0.22178665
v -0.01443802 0.35469559 0.19788994
v 0.01412047 0.31369931 0.24082641
v 0.01575429 0.31339511 0.24103461
v 0.04268588 0.29991463 0.25467771
v 0.04270019 0.31707376 0.23611841
v 0.06333435 0.31023100 0.23783615
v -0.01049840 0.35515195 0.19712929
v 0.01413366 0.35108113 0.20127203
v 0.01414428 0.36179093 0.18479998
v 0.03224126 0.35187638 0.19381425
v 0.02365856 0.33805451 0.21331587
v 0.03396331 0.33958828 0.20778787
v 0.03165730 0.33498937 0.21653406
v 0.01612796 0.31622082 0.23784430
v 0.02491445 0.33202428 0.22031324
v 0.03353053 0.32851562 0.22350803
v 0.07942058 0.32851109 0.21327735
v 0.05176807 0.33903098 0.20805395
v 0.05398323 0.33458102 0.21632183
v 0.06005842 0.33458453 0.21329030
v 0.05216296 0.32851067 0.22296625
v 0.06372746 0.32178777 0.22669098
v 0.05991356 0.33140793 0.21907073
v 0.04273804 0.34840265 0.19469894
v 0.08474844 0.32677811 0.21327479
v 0.07129323 0.31123200 0.23586254
v 0.08493637 0.32783183 0.21191947
v 0.08637747 0.32698649 0.21251403
v 0.11111132 0.32232702 0.21018822
v 0.08788973 0.32395470 0.21554665
v 0.10731064 0.31474340 0.22013807
v 0.11960343 0.29005221 0.23736489
v 0.08375515 0.30797860 0.23558243
v 0.09987545 0.29991469 0.24228731
v 0.09988329 0.30913657 0.23212993
v 0.10884917 0.30439740 0.23200116
v 0.08208831 0.33204427 0.20623557
v 0.06192472 0.34752324 0.18947236
v 0.07133219 0.34546423 0.19005863
v 0.07133427 0.34777415 0.18477520
v 0.07630926 0.34530431 0.18725476
v 0.08764590 0.32851174 0.20922814
v 0.10781300 0.32851195 0.20051169
v 0.12037925 0.31614089 0.21326990
v 0.11873531 0.32397979 0.20423034
v 0.11099513 0.33405280 0.18476138
v 0.09992706 0.33694202 0.18896461
v 0.14061335 0.29991630 0.21931939
v 0.13321158 0.30937749 0.21326905
v 0.12846322 0.28947443 0.23409788
v 0.12847404 0.30502588 0.22345965
v 0.12851474 0.32921505 0.18475956
v 0.13490123 0.32062483 0.19753245
v 0.14335343 0.32164842 0.18475768
v 0.15704587 0.29991847 0.21098825
v 0.15238936 0.30926293 0.20366740
v 0.16016461 0.30614251 0.20210871
v 0.15707171 0.31114239 0.19341971
v 0.16651814 0.29992318 0.20372748
v 0.17053011 0.30666178 0.19229302
v -0.15748259 -0.27190441 0.24235319
v -0.10034227 -0.28028736 0.24232838
v -0.04369689 -0.28621408 0.24327476
v -0.04553676 -0.28688622 0.24228765
v -0.04320198 -0.28700683 0.24228613
v -0.04271610 -0.28620511 0.24325688
v -0.04016542 -0.28723383 0.24228388
v -0.04964749 -0.28250274 0.24551043
v -0.04320288 -0.28456512 0.24459600
v -0.02866671 -0.27845305 0.24953711
v 0.01165744 -0.28795007 0.24676147
v 0.00327146 -0.29101396 0.24225253
v 0.01392001 -0.29302835 0.24224672
v 0.01619023 -0.28796375 0.24679151
v 0.02795157 -0.29269692 0.24224174
v -0.01002331 -0.27374649 0.25422212
v 0.01391188 -0.28134370 0.25094125
v 0.03525468 -0.27500668 0.25290316
v 0.07017414 -0.28650457 0.24392861
v 0.06368205 -0.28933015 0.24223401
v 0.07102352 -0.28885603 0.24223377
v 0.07188360 -0.28651744 0.24395522
v 0.07640576 -0.28834385 0.24223295
v 0.05632225 -0.27831835 0.24957669
v 0.07102141 -0.28433785 0.24486858
v 0.07604197 -0.28314257 0.24474314
v 0.12814894 -0.27412513 0.24224396
v -0.19219308 -0.24597605 0.24234825
v -0.18604153 -0.24950829 0.24565345
v -0.16591232 -0.26140231 0.24657317
v -0.20069982 -0.23556054 0.24233407
v -0.21458106 -0.21987218 0.24231689
v -0.19541645 -0.21903089 0.25190187
v -0.18830113 -0.24289837 0.24687712
v -0.18716484 -0.21663170 0.25775295
v -0.18242812 -0.24290077 0.24956490
v -0.16204527 -0.25261301 0.25149536
v -0.16510639 -0.23625490 0.25762841
v -0.18407798 -0.21821114 0.25854349
v -0.15747651 -0.26048216 0.24894607
v -0.14546721 -0.26318514 0.24835262
v -0.15184374 -0.25155920 0.25360143
v -0.12890674 -0.26136720 0.25157833
v -0.11893062 -0.26647156 0.25162870
v -0.14870009 -0.23738419 0.25986975
v -0.15745218 -0.21832272 0.26292011
v -0.13777749 -0.24290189 0.26008719
v -0.13578597 -0.22811230 0.26349831
v -0.12055562 -0.24289630 0.25901508
v -0.10874122 -0.24877542 0.25912860
v -0.11032650 -0.23860645 0.26229805
v -0.12255967 -0.22700466 0.26293868
v -0.10034563 -0.26391369 0.25579554
v -0.07787181 -0.26841021 0.25354025
v -0.09034161 -0.24718499 0.26229531
v -0.07177830 -0.26761961 0.25466332
v -0.06719724 -0.26916561 0.25429010
v -0.08903233 -0.23992330 0.26490828
v -0.10033665 -0.21463573 0.27026883
v -0.08324154 -0.24290097 0.26523107
v -0.08264384 -0.23607452 0.26744050
v -0.05863921 -0.24290489 0.26855752
v -0.05612325 -0.24428013 0.26808241
v -0.05664853 -0.24205248 0.26912919
v -0.04062193 -0.24290711 0.27081475
v -0.05892759 -0.24005243 0.26940793
v -0.05455559 -0.23700999 0.27082923
v -0.04321165 -0.26592660 0.25977844
v -0.03043680 -0.24589522 0.27080411
v -0.01609741 -0.27071482 0.25580794
v -0.02066416 -0.25942737 0.26254135
v -0.01107717 -0.26429662 0.26009950
v -0.01464322 -0.27043560 0.25603065
v -0.01339654 -0.27081794 0.25590941
v -0.02810823 -0.24457724 0.27163634
v -0.00209853 -0.24629976 0.27248260
v -0.02977647 -0.24374098 0.27246583
v -0.03037432 -0.24148037 0.27365670
v -0.02785140 -0.24290891 0.27298495
v 0.00249230 -0.24866582 0.27077898
v -0.00258422 -0.24290031 0.27514458
v 0.00119547 -0.24449094 0.27396297
v 0.00250071 -0.23999768 0.27657342
v 0.01390061 -0.26642644 0.26077533
v 0.02608218 -0.24703449 0.27076769
v 0.04034727 -0.27034482 0.25544751
v 0.03581344 -0.25814137 0.26313213
v 0.04245924 -0.26953211 0.25556934
v 0.04522134 -0.27001613 0.25512162
v 0.02928964 -0.24513148 0.27189493
v 0.04511698 -0.24285930 0.27076656
v 0.02704661 -0.24398945 0.27299049
v 0.02606467 -0.24078788 0.27494448
v 0.02940673 -0.24287498 0.27325907
v 0.05597149 -0.24284917 0.26927590
v 0.05782874 -0.24395756 0.26854643
v 0.05735755 -0.24220778 0.26948568
v 0.05594133 -0.24130057 0.26999208
v 0.04756301 -0.22459254 0.27989233
v 0.05869482 -0.23889016 0.27076617
v 0.07101113 -0.26385072 0.25571966
v 0.08965270 -0.26640478 0.25155103
v 0.08109797 -0.24700719 0.26240948
v 0.09957261 -0.26329377 0.25247794
v 0.11361508 -0.26432961 0.24949922
v 0.08260152 -0.24014328 0.26542199
v 0.08863421 -0.24281742 0.26407787
v 0.07896513 -0.23021565 0.27077436
v 0.08949949 -0.23438306 0.26656365
v 0.10852049 -0.24279764 0.26014915
v 0.12232949 -0.25125715 0.25385436
v 0.11918561 -0.23745254 0.26013371
v 0.10744280 -0.22999930 0.26439416
v 0.12814167 -0.26071659 0.24956311
v 0.13641554 -0.26118433 0.24638154
v 0.13271782 -0.25247672 0.25140256
v 0.15672475 -0.25000891 0.24588856
v 0.13578923 -0.23614456 0.25755751
v 0.12812734 -0.21695203 0.26535347
v 0.15268068 -0.24276063 0.25033557
v 0.15322784 -0.22115262 0.26002502
v 0.15978697 -0.24275576 0.24839437
v 0.18429336 -0.22948118 0.24430664
v 0.15930997 -0.21940538 0.25915727
v 0.16649336 -0.24763153 0.24227017
v 0.18530825 -0.23208158 0.24228409
v 0.18598214 -0.22914428 0.24363607
v 0.18771866 -0.22967255 0.24228626
v 0.18530434 -0.22710125 0.24502248
v 0.18788803 -0.22717911 0.24357776
v -0.24589895 -0.18714352 0.24229376
v -0.24311605 -0.18833748 0.24358702
v -0.22246704 -0.20399092 0.24626005
v -0.25057873 -0.18201567 0.24228726
v -0.27165994 -0.15980506 0.24225807
v -0.25138795 -0.16132993 0.25239864
v -0.24422234 -0.18575168 0.24450684
v -0.24436344 -0.15971659 0.25780457
v -0.24122520 -0.18575363 0.24606727
v -0.21983530 -0.19476698 0.25284368
v -0.22273701 -0.17966950 0.25864857
v -0.24096182 -0.16146623 0.25867814
v -0.21456802 -0.20421344 0.25064063
v -0.18834901 -0.21433173 0.25776786
v -0.20637463 -0.19186598 0.25864208
v -0.18601304 -0.21433280 0.25880328
v -0.18921830 -0.20791018 0.25979745
v -0.17764889 -0.19763201 0.26491779
v -0.17855871 -0.21433559 0.26032609
v -0.20376933 -0.18226713 0.26381946
v -0.21453993 -0.15801948 0.26915672
v -0.19687542 -0.18576808 0.26403627
v -0.19657890 -0.17839345 0.26712704
v -0.17257093 -0.18577126 0.26910198
v -0.17089607 -0.18658449 0.26920080
v -0.17106101 -0.18512335 0.26953024
v -0.16352540 -0.18577233 0.27082783
v -0.17266327 -0.18386041 0.26986757
v -0.16963676 -0.18163146 0.27081847
v -0.15744901 -0.21156938 0.26533255
v -0.14610073 -0.21433842 0.26520407
v -0.14864752 -0.19675730 0.27085099
v -0.12889053 -0.21434104 0.26879874
v -0.10198419 -0.21434198 0.27003285
v -0.13979527 -0.19249856 0.27419716
v -0.11896282 -0.19450003 0.27520210
v -0.13488011 -0.16923842 0.27906448
v -0.14486572 -0.18749106 0.27426240
v -0.14511070 -0.18381184 0.27475145
v -0.14103031 -0.18577605 0.27507022
v -0.10168146 -0.21164975 0.27085382
v -0.12404965 -0.16684841 0.28025621
v -0.11744806 -0.18577731 0.27652758
v -0.11137404 -0.18901013 0.27728936
v -0.11092006 -0.18209434 0.27818522
v -0.10033652 -0.21411105 0.27039275
v -0.09963965 -0.21434264 0.27050620
v -0.09949400 -0.21265666 0.27085349
v -0.07178570 -0.21434912 0.27871245
v -0.07777154 -0.20236817 0.27911144
v -0.06698105 -0.20472842 0.28028339
v -0.06027608 -0.21434948 0.27933708
v -0.07344186 -0.16054925 0.28337690
v -0.09071887 -0.19044477 0.28014341
v -0.09127602 -0.18055269 0.28124803
v -0.08050072 -0.18578005 0.28191692
v -0.07055698 -0.15964186 0.28382671
v -0.06429683 -0.18578152 0.28436399
v -0.04979030 -0.19351462 0.28622681
v -0.04920535 -0.17747217 0.28737745
v -0.04323438 -0.21980895 0.28170168
v -0.04323465 -0.20764267 0.28420031
v -0.01817305 -0.21609861 0.28678632
v -0.01469050 -0.21703582 0.28638387
v -0.01104740 -0.21617748 0.28686199
v -0.01943299 -0.21198387 0.28741407
v -0.01469210 -0.21435805 0.28820619
v -0.01469321 -0.20659974 0.28891221
v -0.00723716 -0.21062656 0.28876209
v -0.03776647 -0.19459477 0.28836787
v -0.03830936 -0.17642976 0.28944907
v -0.01825906 -0.18578991 0.29217535
v -0.01170173 -0.18579139 0.29329544
v 0.01072446 -0.19694740 0.29303336
v 0.01073653 -0.17461213 0.29306006
v 0.01386100 -0.22192305 0.28589341
v 0.01385248 -0.20390086 0.29163420
v 0.04064656 -0.21521275 0.28590721
v 0.04241598 -0.21534079 0.28553084
v 0.04348555 -0.21485998 0.28555885
v 0.03848390 -0.21236524 0.28698561
v 0.04241537 -0.21432665 0.28601098
v 0.04241452 -0.21132205 0.28652346
v 0.04407819 -0.21349359 0.28585464
v 0.01698300 -0.19693831 0.29301798
v 0.01696288 -0.17461739 0.29304478
v 0.03846264 -0.18577424 0.29139853
v 0.04677960 -0.18576872 0.29054755
v 0.06446209 -0.19351375 0.28627458
v 0.06533588 -0.17711222 0.28800979
v 0.08290340 -0.21427819 0.27673271
v 0.07098462 -0.21858713 0.27934432
v 0.07098067 -0.20850173 0.28234065
v 0.09955209 -0.21425724 0.27292272
v 0.12117730 -0.21423289 0.26732790
v 0.09215339 -0.19948548 0.27766138
v 0.10827333 -0.19681244 0.27633548
v 0.07854325 -0.19245189 0.28418344
v 0.07765129 -0.17812759 0.28595895
v 0.09116177 -0.18572152 0.28254968
v 0.12232804 -0.20265470 0.27079451
v 0.10919175 -0.18570533 0.28004050
v 0.11696075 -0.18882343 0.27703258
v 0.11813919 -0.18139340 0.27938208
v 0.12812574 -0.21230246 0.26695406
v 0.14123049 -0.21421513 0.26427001
v 0.13803121 -0.19441926 0.27080426
v 0.15670213 -0.21420303 0.26217443
v 0.16512513 -0.19736288 0.26498014
v 0.16346686 -0.21419823 0.25993800
v 0.14360386 -0.18807139 0.27200422
v 0.15239543 -0.18566734 0.27081665
v 0.14753707 -0.17540915 0.27592725
v 0.14129037 -0.18678936 0.27302617
v 0.14075802 -0.18403552 0.27408469
v 0.14344209 -0.18567568 0.27287811
v 0.16935924 -0.18565315 0.26759368
v 0.17394486 -0.18860745 0.26492870
v 0.17264807 -0.18398772 0.26750931
v 0.16898452 -0.18166569 0.26883927
v 0.17803746 -0.17153859 0.27082396
v 0.18528554 -0.20637423 0.25520909
v 0.19775893 -0.20614021 0.24853370
v 0.19311702 -0.19209012 0.25796360
v 0.21387470 -0.19598800 0.24748856
v 0.19536150 -0.18145558 0.26246133
v 0.20711328 -0.18564117 0.25578237
v 0.18875819 -0.16410017 0.27081901
v 0.20796600 -0.16883536 0.26243368
v 0.21804428 -0.18563363 0.25065497
v 0.23932929 -0.17445871 0.24851440
v 0.21733038 -0.16405477 0.26004428
v 0.22938636 -0.19337252 0.24231750
v 0.24245325 -0.18402153 0.24231243
v 0.24446926 -0.17337729 0.24635854
v 0.25167251 -0.17595583 0.24230960
v 0.24243292 -0.16765636 0.24968778
v 0.25051564 -0.16731137 0.24633712
v -0.30319551 -0.13012610 0.24223268
v -0.30021140 -0.13138647 0.24360907
v -0.27963766 -0.14689369 0.24623510
v -0.30565205 -0.12591335 0.24223268
v -0.30666098 -0.10331055 0.25327122
v -0.30138722 -0.12863323 0.24458423
v -0.30163115 -0.10294345 0.25793213
v -0.29796180 -0.12863319 0.24672841
v -0.27743319 -0.13712437 0.25379342
v -0.28085476 -0.12355368 0.26063257
v -0.29750863 -0.10546031 0.25918996
v -0.27432883 -0.10545283 0.27077165
v -0.27165583 -0.14749220 0.25141281
v -0.24646094 -0.15718715 0.25821811
v -0.26142061 -0.13268378 0.26267388
v -0.24309756 -0.15718895 0.25930110
v -0.24902391 -0.14532168 0.26245654
v -0.22357938 -0.15719840 0.26627713
v -0.23013090 -0.13129137 0.27209872
v -0.25920963 -0.12678143 0.26708275
v -0.24036454 -0.12863058 0.27077365
v -0.25572869 -0.12862861 0.26751909
v -0.26503015 -0.11328380 0.27077407
v -0.25554287 -0.12499798 0.26896307
v -0.21918972 -0.14788693 0.27078110
v -0.23814547 -0.10993196 0.28009695
v -0.23010403 -0.12863353 0.27337196
v -0.22748457 -0.12995060 0.27339733
v -0.22669058 -0.12652491 0.27497911
v -0.21453884 -0.15663224 0.26964673
v -0.21279623 -0.15720281 0.26991683
v -0.21266684 -0.15346223 0.27078232
v -0.18597540 -0.15720940 0.27565199
v -0.19356543 -0.14201185 0.27743262
v -0.17950591 -0.14428060 0.27857262
v -0.17064005 -0.15720767 0.27738279
v -0.20375328 -0.13215452 0.27776542
v -0.20534754 -0.12353799 0.28094622
v -0.19549625 -0.12864427 0.28022709
v -0.17748678 -0.12864202 0.28234482
v -0.16583993 -0.13448912 0.28243271
v -0.16448380 -0.12144727 0.28511578
v -0.13556953 -0.15720627 0.28169948
v -0.15741313 -0.16112116 0.27860567
v -0.15741171 -0.15248196 0.28020871
v -0.12886250 -0.15720603 0.28240627
v -0.13119921 -0.15252656 0.28270996
v -0.12683301 -0.15314810 0.28302088
v -0.12360561 -0.15720531 0.28242695
v -0.14936092 -0.13487545 0.28320777
v -0.15071110 -0.12104915 0.28590798
v -0.13470536 -0.12864348 0.28757107
v -0.12356411 -0.12864220 0.28871146
v -0.10633101 -0.13689545 0.28723985
v -0.10514534 -0.11921713 0.28955835
v -0.07430437 -0.15720837 0.28377494
v -0.10032077 -0.16348574 0.28333274
v -0.10031408 -0.15004881 0.28506958
v -0.07177126 -0.15720822 0.28397423
v -0.07277540 -0.15519580 0.28403273
v -0.07065681 -0.15498058 0.28392461
v -0.06974293 -0.15720816 0.28402498
v -0.09407361 -0.13668483 0.28682852
v -0.09524294 -0.11940648 0.28917804
v -0.07767551 -0.12863918 0.28743553
v -0.06545344 -0.12863711 0.28666717
v -0.05008370 -0.13604559 0.28553683
v -0.05090442 -0.12205364 0.28386116
v -0.04323199 -0.16619222 0.28869945
v -0.04322715 -0.14943859 0.28625894
v -0.02388034 -0.16181296 0.28960717
v -0.01469397 -0.16948983 0.29114249
v -0.00275619 -0.16318770 0.29097375
v -0.02183748 -0.15363187 0.28857839
v -0.01469320 -0.15721363 0.29026636
v -0.01468676 -0.15098101 0.28811336
v -0.00562715 -0.15267612 0.28953037
v -0.01922739 -0.10922165 0.28039393
v -0.03631393 -0.13601129 0.28545961
v -0.03547129 -0.12208932 0.28378356
v -0.02222148 -0.12863307 0.28416264
v -0.01009544 -0.10918146 0.28040996
v -0.00714549 -0.12863350 0.28420207
v 0.00814178 -0.13720091 0.28781608
v 0.00650972 -0.12172185 0.28451371
v 0.01384772 -0.16818890 0.29265964
v 0.01385419 -0.14746678 0.29018581
v 0.02849677 -0.16416779 0.29195184
v 0.04240878 -0.16891950 0.29085511
v 0.05153503 -0.16175964 0.28956240
v 0.03154008 -0.15176979 0.29042447
v 0.04240917 -0.15720314 0.29116327
v 0.04241374 -0.14692743 0.29012206
v 0.05307928 -0.15186352 0.29032734
v 0.04172578 -0.10150057 0.28424311
v 0.01912970 -0.13765422 0.28871772
v 0.02076725 -0.12124582 0.28546482
v 0.03685119 -0.12863664 0.28810725
v 0.04305129 -0.10127611 0.28435472
v 0.04740320 -0.12863342 0.28928539
v 0.06619013 -0.13811216 0.28968251
v 0.06567965 -0.11964668 0.28863478
v 0.07097839 -0.16604158 0.28843254
v 0.07098177 -0.14755407 0.28997603
v 0.09288362 -0.16050151 0.28834191
v 0.09954609 -0.16167292 0.28727257
v 0.10366262 -0.15921983 0.28707635
v 0.09158847 -0.15319221 0.28898486
v 0.09954599 -0.15716565 0.28829053
v 0.09954828 -0.14947100 0.28885505
v 0.10528284 -0.15429460 0.28788286
v 0.07565814 -0.13822629 0.28992558
v 0.07617524 -0.11951394 0.28888968
v 0.09473315 -0.12860414 0.28963587
v 0.10376772 -0.12860230 0.29084390
v 0.12267706 -0.13744029 0.28842092
v 0.12406263 -0.11836351 0.29116943
v 0.15043254 -0.15713118 0.28192726
v 0.12811290 -0.16361479 0.28369030
v 0.12811172 -0.14925781 0.28652769
v 0.15667841 -0.15712701 0.28121129
v 0.15414470 -0.15206499 0.28251457
v 0.15947753 -0.15152749 0.28224695
v 0.17049301 -0.15711746 0.27816385
v 0.13359311 -0.13738652 0.28832629
v 0.13220829 -0.11840218 0.29108742
v 0.15097596 -0.12857924 0.28790361
v 0.16279718 -0.12857617 0.28704923
v 0.17753619 -0.13514505 0.28391606
v 0.17970344 -0.11982177 0.28823346
v 0.18988769 -0.15710394 0.27312389
v 0.18525222 -0.15885362 0.27430093
v 0.18524930 -0.15450808 0.27599972
v 0.21383479 -0.15709329 0.26494423
v 0.22449625 -0.13576323 0.26718271
v 0.22208548 -0.15708794 0.26067221
v 0.20414689 -0.13777840 0.27539390
v 0.22158740 -0.12854564 0.27077779
v 0.21040370 -0.10679670 0.28161591
v 0.19445986 -0.13361952 0.28088623
v 0.19232124 -0.12136550 0.28514057
v 0.20383066 -0.12855437 0.27937502
v 0.22705661 -0.12854350 0.26868773
v 0.22981733 -0.13025261 0.26736429
v 0.22937229 -0.12727487 0.26824513
v 0.22658011 -0.12549978 0.26925522
v 0.24241246 -0.14997467 0.25660712
v 0.25762799 -0.15039694 0.24988085
v 0.25052938 -0.13467942 0.25850621
v 0.27097964 -0.13886015 0.24744517
v 0.25165343 -0.12351567 0.26075736
v 0.24237455 -0.10031992 0.27008644
v 0.26528692 -0.12852558 0.25360078
v 0.27034289 -0.10118758 0.25710613
v 0.27445281 -0.12851998 0.24922328
v 0.27125385 -0.10058010 0.25680250
v 0.28316385 -0.13460337 0.24226843
v 0.28699487 -0.12050559 0.24225715
v 0.27321279 -0.10110103 0.25537139
v -0.32958379 -0.05807554 0.24390475
v -0.33102152 -0.05837971 0.24224630
v -0.30322930 -0.10007813 0.25801459
v -0.31413090 -0.09311601 0.24954082
v -0.32875371 -0.06751825 0.24224344
v -0.32449472 -0.08367921 0.24223712
v -0.30019689 -0.10007886 0.26000249
v -0.30353665 -0.09339876 0.25983897
v -0.28815693 -0.07601883 0.27301481
v -0.27514073 -0.10007073 0.27252173
v -0.32657492 -0.05942442 0.24659818
v -0.33072484 -0.05626089 0.24323185
v -0.32875440 -0.05576720 0.24520391
v -0.29418260 -0.07152086 0.27077043
v -0.30942148 -0.07152507 0.26068664
v -0.30820134 -0.05898564 0.26451564
v -0.28929794 -0.06474422 0.27415264
v -0.28783029 -0.07152151 0.27460685
v -0.28310531 -0.07432249 0.27635658
v -0.28217527 -0.06779140 0.27821618
v -0.25146502 -0.10007775 0.28082469
v -0.27163351 -0.10155948 0.27373952
v -0.27163184 -0.09786858 0.27517086
v -0.24306840 -0.10007998 0.28359568
v -0.24411550 -0.09798582 0.28396437
v -0.24216461 -0.09827390 0.28410822
v -0.24039024 -0.10007943 0.28367323
v -0.26433703 -0.07851849 0.28472179
v -0.26565832 -0.06321145 0.28735188
v -0.24628209 -0.07152579 0.29282823
v -0.24022114 -0.07152460 0.29358456
v -0.21766223 -0.08264545 0.29294682
v -0.21451437 -0.10677562 0.28411430
v -0.21450773 -0.09013061 0.29060873
v -0.18993972 -0.10207444 0.28698891
v -0.18595077 -0.10370114 0.28680503
v -0.18088898 -0.10261022 0.28752217
v -0.19443366 -0.09583736 0.28923211
v -0.18594861 -0.10007928 0.28794733
v -0.18593900 -0.08363938 0.29320079
v -0.17678018 -0.09549775 0.28956807
v -0.21146397 -0.08276235 0.29318288
v -0.18704127 -0.07151891 0.29703358
v -0.18484811 -0.07151899 0.29708740
v -0.16009547 -0.08307929 0.29380870
v -0.15798663 -0.05787083 0.29797694
v -0.15739106 -0.10858153 0.28771910
v -0.15737832 -0.08917786 0.29250503
v -0.13490620 -0.10311563 0.28802782
v -0.12882982 -0.10736510 0.28863356
v -0.12080605 -0.10408793 0.28899682
v -0.13945726 -0.09475823 0.29029986
v -0.12882468 -0.10007584 0.28891325
v -0.12881653 -0.08938113 0.29032189
v -0.12116568 -0.09624479 0.28880680
v -0.15447141 -0.08289947 0.29345086
v -0.15667731 -0.05791984 0.29787809
v -0.13168444 -0.07151689 0.29347640
v -0.12549895 -0.07151329 0.29262990
v -0.10496558 -0.08108000 0.28982303
v -0.10375633 -0.06074027 0.29220062
v -0.10028055 -0.10942863 0.28941342
v -0.10026649 -0.09092429 0.28897735
v -0.07407989 -0.10124317 0.28615409
v -0.07172747 -0.10191840 0.28590301
v -0.07044999 -0.10070331 0.28561407
v -0.07394295 -0.09895533 0.28608432
v -0.07172542 -0.10006503 0.28589064
v -0.07172387 -0.09847142 0.28577030
v -0.07057157 -0.09948747 0.28555179
v -0.07191502 -0.04340516 0.28470001
v -0.09491668 -0.08044233 0.28855717
v -0.09619588 -0.06127761 0.29112130
v -0.07826936 -0.07149966 0.28608736
v -0.07137002 -0.04354768 0.28462857
v -0.06417404 -0.07149483 0.28417140
v -0.05186729 -0.07706280 0.28181136
v -0.05183066 -0.06589673 0.28184938
v -0.02464875 -0.10006040 0.27995980
v -0.04319025 -0.10613213 0.28282654
v -0.04317842 -0.09435824 0.28208667
v -0.01464408 -0.10006039 0.27970815
v -0.02073585 -0.08783983 0.27884334
v -0.00906750 -0.08891577 0.27937445
v -0.00465245 -0.10006215 0.27996045
v -0.01940766 -0.05254965 0.28009808
v -0.03352102 -0.07612610 0.27992412
v -0.03353130 -0.06683565 0.27995998
v -0.02423499 -0.07149237 0.27996400
v -0.01027158 -0.05158387 0.28057492
v -0.00550420 -0.07149544 0.28095427
v 0.00480465 -0.07666142 0.28097901
v 0.00493136 -0.06620724 0.28120750
v 0.04058779 -0.10006259 0.28403160
v 0.01388736 -0.10648675 0.28351453
v 0.01389949 -0.09431873 0.28215960
v 0.04244516 -0.10006248 0.28429341
v 0.04150183 -0.09817272 0.28401372
v 0.04320105 -0.09855160 0.28420359
v 0.04381309 -0.10006183 0.28427687
v 0.03752311 -0.05282222 0.27996063
v 0.02250147 -0.07718193 0.28201687
v 0.02238430 -0.06568635 0.28225294
v 0.03474354 -0.07149839 0.28377366
v 0.04668004 -0.05134442 0.28069818
v 0.04932248 -0.07149929 0.28546923
v 0.06420695 -0.07896816 0.28560948
v 0.06373371 -0.06449465 0.28463608
v 0.07099646 -0.10859969 0.28777996
v 0.07100787 -0.09220155 0.28636867
v 0.09483256 -0.10240311 0.28734776
v 0.09957021 -0.10522980 0.28758246
v 0.10500658 -0.10274786 0.28770229
v 0.09557714 -0.09803410 0.28697491
v 0.09957211 -0.10003112 0.28767493
v 0.09957476 -0.09616166 0.28691158
v 0.10564616 -0.09699111 0.28801650
v 0.09699158 -0.04810558 0.28233758
v 0.07765500 -0.07912467 0.28594387
v 0.07814118 -0.06432487 0.28497186
v 0.09279928 -0.07147603 0.28567719
v 0.10174511 -0.04721102 0.28278425
v 0.10556432 -0.07146783 0.28727257
v 0.12392589 -0.08153047 0.29083008
v 0.12329553 -0.06203004 0.28952128
v 0.12811883 -0.11019691 0.29104942
v 0.12813096 -0.08945665 0.29182202
v 0.14158979 -0.10756919 0.29253000
v 0.15667254 -0.11156152 0.29076913
v 0.16941458 -0.10638663 0.29136914
v 0.14061818 -0.09198852 0.29300970
v 0.15667138 -0.10002084 0.29463893
v 0.15667878 -0.07656101 0.29668382
v 0.17267448 -0.09201746 0.29297805
v 0.13206144 -0.08181126 0.29139310
v 0.13268875 -0.06171995 0.29013014
v 0.15531203 -0.07145560 0.29649007
v 0.15798253 -0.07145573 0.29662585
v 0.18144530 -0.08193788 0.29165760
v 0.18134953 -0.06106938 0.29141814
v 0.20916001 -0.10000146 0.28268543
v 0.18523610 -0.10887294 0.28845227
v 0.18523771 -0.08971302 0.29129723
v 0.21380250 -0.09999987 0.28180733
v 0.24156180 -0.09998659 0.27034637
v 0.21118478 -0.09476660 0.28238136
v 0.21745391 -0.09269688 0.28134686
v 0.18964973 -0.08132017 0.29042491
v 0.18977195 -0.06169333 0.29016805
v 0.20761521 -0.07145076 0.28685099
v 0.24131969 -0.09787870 0.27074865
v 0.25328651 -0.07142562 0.27071413
v 0.22150755 -0.07144425 0.28383291
v 0.23215804 -0.07550408 0.27883068
v 0.23300560 -0.06652450 0.28050083
v 0.24237426 -0.09966241 0.27010503
v 0.25662193 -0.09998007 0.26364553
v 0.25612247 -0.07196013 0.26964685
v 0.27094975 -0.09997366 0.25715807
v 0.26559597 -0.08927894 0.26182458
v 0.27156919 -0.09873565 0.25711542
v 0.27155447 -0.09997310 0.25680044
v 0.28557345 -0.09265754 0.24920198
v 0.25614247 -0.07090966 0.26968616
v 0.25748688 -0.07142401 0.26906231
v 0.25463781 -0.06738700 0.27070734
v 0.25823140 -0.06827845 0.26914203
v 0.27882802 -0.07140875 0.25792894
v 0.29622552 -0.06041978 0.24881737
v 0.27636802 -0.05368390 0.26185074
v 0.29857016 -0.08518341 0.24223062
v 0.29954273 -0.08208536 0.24222846
v 0.30136624 -0.05893017 0.24585474
v 0.30571660 -0.06018418 0.24221277
v 0.29953891 -0.05413144 0.24814542
v 0.30424517 -0.05475210 0.24455345
v -0.33409458 -0.03134635 0.24491711
v -0.33150005 -0.02594942 0.24771634
v -0.33164358 -0.00298677 0.24798462
v -0.33704594 -0.02454481 0.24225144
v -0.33741194 -0.00443674 0.24224846
v -0.32876337 -0.03244556 0.24977466
v -0.31306595 -0.04296254 0.26295286
v -0.32286850 -0.02278840 0.25403911
v -0.30019313 -0.04296634 0.27059054
v -0.30901498 -0.02533618 0.26533073
v -0.29020301 -0.02299296 0.27505925
v -0.28480670 -0.04296746 0.27734154
v -0.32266390 -0.00622883 0.25445643
v -0.33516982 0.00307855 0.24544412
v -0.32877597 0.00444056 0.25137004
v -0.29778099 -0.01441143 0.27078551
v -0.31055450 -0.01440632 0.26294327
v -0.30850378 -0.00244543 0.26481721
v -0.29046953 -0.00531411 0.27532816
v -0.28845158 -0.01441399 0.27584431
v -0.28166932 -0.01865616 0.27924132
v -0.28142995 -0.00993396 0.27972808
v -0.27162546 -0.05001469 0.28482431
v -0.27162480 -0.03644069 0.28379878
v -0.25238195 -0.04762752 0.28966853
v -0.24305898 -0.05851760 0.29276830
v -0.25149593 -0.03874815 0.28922892
v -0.24305770 -0.04296891 0.29420573
v -0.24305426 -0.02827795 0.29234955
v -0.22234192 -0.03261391 0.29533449
v -0.26430136 -0.02137396 0.28466201
v -0.26459008 -0.00716693 0.28523806
v -0.24724963 -0.01441250 0.29089433
v -0.23958243 -0.01441072 0.29234472
v -0.21611637 -0.02705726 0.29599422
v -0.21526146 -0.00091102 0.29769123
v -0.21448585 -0.02999858 0.29663008
v -0.18592870 -0.06777018 0.29737645
v -0.15959281 -0.05612256 0.29811758
v -0.20987841 -0.03098834 0.29694879
v -0.18591541 -0.04296199 0.30005366
v -0.18591353 -0.01745917 0.29769403
v -0.21318923 -0.02739252 0.29666251
v -0.21387419 -0.00074248 0.29802671
v -0.18674795 -0.01440805 0.29754996
v -0.18517074 -0.01440781 0.29773337
v -0.15735562 -0.05668733 0.29812798
v -0.15403248 -0.05557900 0.29757345
v -0.12879424 -0.06009735 0.29352129
v -0.11220109 -0.05124883 0.29323345
v -0.12878606 -0.04295666 0.29649383
v -0.12877083 -0.02202013 0.29539052
v -0.11312543 -0.03512141 0.29275429
v -0.13030954 -0.01439436 0.29611248
v -0.12681888 -0.01439299 0.29530025
v -0.10397767 -0.02490587 0.29167345
v -0.10388824 -0.00379246 0.29180169
v -0.07210986 -0.04293130 0.28472033
v -0.10024003 -0.05344159 0.29164457
v -0.10022321 -0.03283256 0.29086480
v -0.07167775 -0.04293110 0.28466463
v -0.07191944 -0.04244711 0.28469381
v -0.07140729 -0.04239057 0.28466529
v -0.07104971 -0.04293098 0.28462189
v -0.09570240 -0.02414491 0.29015800
v -0.09577071 -0.00453666 0.29030490
v -0.07720627 -0.01437701 0.28807071
v -0.06572054 -0.01437296 0.28729504
v -0.05047878 -0.02128144 0.28443855
v -0.04888564 -0.00587647 0.28758511
v -0.02258530 -0.04292189 0.28090301
v -0.04313318 -0.04845452 0.28169489
v -0.04312284 -0.03655954 0.28336322
v -0.01458868 -0.04292128 0.28063315
v -0.01897098 -0.03414103 0.28050369
v -0.00800326 -0.02975273 0.27830678
v -0.00303381 -0.04291848 0.27911150
v -0.02017446 0.00295624 0.27924502
v -0.03474674 -0.02027163 0.28242406
v -0.03632348 -0.00687341 0.28558171
v -0.02256171 -0.01436364 0.28316516
v -0.00662909 -0.00166332 0.27693242
v 0.01094008 0.00811391 0.27058330
v -0.00443532 -0.01435410 0.27887118
v 0.00276706 -0.01742377 0.27674404
v 0.00313147 -0.01091757 0.27745038
v 0.02844626 -0.04291669 0.27787328
v 0.01394029 -0.04681988 0.27841473
v 0.01394855 -0.03925502 0.27792415
v 0.04247646 -0.04292040 0.27948615
v 0.03131109 -0.02050685 0.27367878
v 0.05051110 -0.02687007 0.27686030
v 0.05141423 -0.04292157 0.28042942
v 0.01399523 0.01367203 0.26948476
v 0.02038072 0.00141700 0.27058423
v 0.03019066 -0.01043933 0.27253446
v 0.02703825 -0.01554084 0.27299070
v 0.02687488 -0.01297396 0.27331969
v 0.02940245 -0.01433965 0.27291897
v 0.05237272 -0.00549576 0.27499455
v 0.05391081 -0.01434217 0.27632946
v 0.05995348 -0.01751908 0.27693811
v 0.06027254 -0.01085029 0.27755532
v 0.09381177 -0.04291050 0.28203610
v 0.07102583 -0.04961514 0.28400713
v 0.07103507 -0.03655691 0.28333741
v 0.09959175 -0.04290646 0.28191221
v 0.09560440 -0.03492216 0.28092593
v 0.10377984 -0.03452716 0.28073132
v 0.10586238 -0.04290319 0.28179556
v 0.09412034 0.00325918 0.27935988
v 0.08040394 -0.01926560 0.28043911
v 0.08000329 -0.00901428 0.28122893
v 0.09032467 -0.01433997 0.28060505
v 0.10531391 0.00280593 0.27913499
v 0.10908338 -0.01433316 0.28017777
v 0.11857674 -0.01903377 0.28002191
v 0.11954789 -0.00864492 0.28195053
v 0.12814921 -0.05076128 0.28638229
v 0.12815465 -0.03688733 0.28263730
v 0.15439840 -0.04403723 0.28606740
v 0.15669595 -0.05084020 0.28890038
v 0.15936920 -0.04421864 0.28624994
v 0.15529487 -0.04218023 0.28561732
v 0.15670131 -0.04288435 0.28624657
v 0.15670229 -0.04121691 0.28574482
v 0.15912260 -0.04167340 0.28612193
v 0.15443704 0.00969944 0.28255340
v 0.13845804 -0.01829394 0.27855629
v 0.13755120 -0.00943955 0.28034037
v 0.14693625 -0.01431606 0.27960962
v 0.15839624 0.01087210 0.28313503
v 0.16535047 -0.01431398 0.28185406
v 0.17802492 -0.02136178 0.28468394
v 0.17960724 -0.00569170 0.28781527
v 0.18525404 -0.05175567 0.28838438
v 0.18525825 -0.03437315 0.28762802
v 0.21193773 -0.04382239 0.28583968
v 0.21381187 -0.04405212 0.28548577
v 0.21454060 -0.04324909 0.28526533
v 0.21211663 -0.04203699 0.28574729
v 0.21381181 -0.04288548 0.28588256
v 0.21381205 -0.03880555 0.28693157
v 0.21470007 -0.04244117 0.28534338
v 0.19097045 -0.02288202 0.28772029
v 0.18952093 -0.00430513 0.29058453
v 0.21093011 -0.01432311 0.29335979
v 0.21633589 -0.01432356 0.29407147
v 0.23484260 -0.02106229 0.28407860
v 0.23668922 -0.00573022 0.28773028
v 0.25131297 -0.04287103 0.27511829
v 0.24237373 -0.04714593 0.27917951
v 0.24237713 -0.03797751 0.28042537
v 0.27094939 -0.04285889 0.26717556
v 0.27908543 -0.02659914 0.26451379
v 0.28089100 -0.04284772 0.26139003
v 0.25958112 -0.02012049 0.27353340
v 0.26690170 -0.01429195 0.27062753
v 0.26085672 -0.00594339 0.27477804
v 0.25342631 -0.01754710 0.27709162
v 0.25194806 -0.00958118 0.28003910
v 0.25898868 -0.01430051 0.27524075
v 0.28166604 -0.01427893 0.26348662
v 0.29186201 -0.02087517 0.25747508
v 0.29171330 -0.00781617 0.25776532
v 0.27918944 -0.00215108 0.26457143
v 0.29954088 -0.03310978 0.25128826
v 0.30697864 -0.03225010 0.24588695
v 0.30357262 -0.02451355 0.25020504
v 0.31246051 -0.02207733 0.24217162
v 0.30371028 -0.00412447 0.25043035
v 0.31277838 -0.00656477 0.24214938
v 0.29955745 0.00628339 0.25461203
v 0.30838358 0.00444578 0.24653369
v -0.33660960 0.02453131 0.24616706
v -0.33310157 0.03276905 0.25089866
v -0.33292592 0.05284688 0.25056627
v -0.34142363 0.03477405 0.24225090
v -0.34102529 0.05088260 0.24225013
v -0.32877436 0.02300142 0.25312647
v -0.31351328 0.01414975 0.26317185
v -0.31887156 0.03833832 0.26204729
v -0.30020952 0.01414574 0.27014238
v -0.31110036 0.03591872 0.26740050
v -0.29111174 0.03234365 0.27596194
v -0.28338349 0.01414440 0.27664950
v -0.31903768 0.04726243 0.26170599
v -0.33689946 0.06108374 0.24631561
v -0.32876575 0.06393928 0.25611383
v -0.30497259 0.04270738 0.27078983
v -0.31249505 0.04271033 0.26679692
v -0.31137383 0.04894631 0.26767787
v -0.29343110 0.05768628 0.27827406
v -0.28982690 0.04270345 0.27855679
v -0.28036007 0.03713488 0.28190053
v -0.28011391 0.04852042 0.28240174
v -0.27163133 0.00834697 0.28235048
v -0.27163565 0.02041553 0.28330967
v -0.25206721 0.00963960 0.28951919
v -0.24305302 -0.00064841 0.29240143
v -0.21857208 0.00190892 0.29720676
v -0.25293908 0.01908083 0.28995588
v -0.24305426 0.01414182 0.29426733
v -0.24305966 0.03598958 0.29592186
v -0.26540864 0.03464425 0.28686041
v -0.26567465 0.05100948 0.28737146
v -0.24465312 0.04269315 0.29609281
v -0.24193187 0.04269271 0.29701340
v -0.21448340 0.00054543 0.29788604
v -0.21266448 0.00077503 0.29833212
v -0.18591328 -0.01193722 0.29797935
v -0.18592595 0.01413662 0.30698884
v -0.12876360 -0.00537857 0.29468459
v -0.11459164 0.00708595 0.29197818
v -0.12876333 0.01416028 0.29578096
v -0.12875529 0.03137623 0.29348195
v -0.11636309 0.02036235 0.29107922
v -0.13091500 0.04271641 0.29481450
v -0.12585510 0.04271981 0.29334360
v -0.10496430 0.03324016 0.28956980
v -0.10469033 0.05249877 0.29008296
v -0.10019635 0.00403439 0.29088694
v -0.10018130 0.02354326 0.28932306
v -0.07614251 0.01192756 0.28712189
v -0.07163247 0.01083653 0.28653944
v -0.06815206 0.01244392 0.28660285
v -0.07526547 0.01600223 0.28668144
v -0.07163095 0.01418264 0.28807533
v -0.07162756 0.01755932 0.28654566
v -0.06774210 0.01612869 0.28680083
v -0.07447214 0.06557769 0.28195021
v -0.09454444 0.03409106 0.28787553
v -0.09483133 0.05168169 0.28843290
v -0.07753421 0.04274458 0.28726536
v -0.06710838 0.06231938 0.28032199
v -0.06354748 0.04275295 0.28298441
v -0.05055375 0.03596327 0.28412908
v -0.05231067 0.04778086 0.28059179
v -0.02778341 0.01420104 0.27823758
v -0.04309060 0.00772113 0.28353029
v -0.04307904 0.02111768 0.28441301
v -0.01454509 0.01420394 0.27692926
v -0.00219578 0.03889465 0.26862416
v 0.01179488 0.01421895 0.26947919
v -0.02631722 0.03780936 0.27304220
v -0.01911054 0.04276983 0.27056140
v -0.02721804 0.04590749 0.27212676
v -0.03087471 0.04067858 0.27472892
v -0.03011321 0.04409190 0.27320984
v -0.02730199 0.04276548 0.27353400
v -0.00126511 0.04277560 0.26853758
v 0.00083857 0.04168142 0.26837137
v 0.00086826 0.04389863 0.26831201
v -0.00242104 0.04711571 0.26838267
v 0.01399548 0.01482253 0.26937220
v 0.01656217 0.01422026 0.26929322
v 0.02630585 0.04081352 0.26658621
v 0.04253480 0.01422775 0.27241713
v 0.03205433 0.03523228 0.26676217
v 0.05615900 0.04147978 0.27117512
v 0.06390335 0.01423175 0.27414334
v 0.02626109 0.04481278 0.26648605
v 0.01403216 0.06852776 0.26487014
v 0.05414373 0.04279752 0.27051637
v 0.03046439 0.04279143 0.26616642
v 0.03419830 0.05461678 0.26460284
v 0.05586046 0.04471745 0.27147031
v 0.05621596 0.04279746 0.27171901
v 0.05744850 0.04216624 0.27177608
v 0.05804312 0.04402164 0.27295730
v 0.08234687 0.01423391 0.27619222
v 0.07107358 0.01144554 0.27612209
v 0.07107811 0.01770221 0.27747989
v 0.09960795 0.01423593 0.27799290
v 0.09207425 0.02933546 0.27725694
v 0.10584906 0.02671435 0.27856684
v 0.11384530 0.01423947 0.27770871
v 0.08100670 0.03844285 0.27920723
v 0.07865198 0.04951400 0.28391802
v 0.09125861 0.04279622 0.28229830
v 0.10669355 0.04279509 0.28489554
v 0.12090290 0.03577905 0.28453112
v 0.12318717 0.05207802 0.28903073
v 0.15152936 0.01424563 0.28222910
v 0.12815434 0.00985843 0.27932560
v 0.12815887 0.02037618 0.28280169
v 0.15670979 0.01424672 0.28297478
v 0.15490943 0.01785125 0.28300932
v 0.15829796 0.01742016 0.28322539
v 0.15936086 0.01424611 0.28348985
v 0.13478504 0.03514083 0.28580973
v 0.13260694 0.05264584 0.29016003
v 0.15256855 0.04279342 0.29072112
v 0.16046962 0.04279387 0.29154569
v 0.18074712 0.03304172 0.29000616
v 0.18201248 0.05379642 0.29247636
v 0.18525717 0.00472432 0.28957206
v 0.18526661 0.02458242 0.29120356
v 0.19921643 0.00693909 0.29211915
v 0.21381445 -0.00398266 0.29393947
v 0.22420287 0.00905633 0.29000676
v 0.19727352 0.02251185 0.29306811
v 0.21382116 0.01423080 0.30249205
v 0.21383488 0.03671980 0.29601604
v 0.22717467 0.02091361 0.29147339
v 0.18852845 0.03177116 0.29254526
v 0.18756168 0.05479483 0.29447401
v 0.21242239 0.04279467 0.29621401
v 0.21527515 0.04279573 0.29617652
v 0.23783073 0.03310776 0.28992072
v 0.23778631 0.05245440 0.28979209
v 0.25722623 0.01426479 0.27797878
v 0.24239500 0.00620912 0.28664005
v 0.24240550 0.02373721 0.28950694
v 0.27097732 0.01427580 0.27062580
v 0.27978411 0.03186402 0.26510426
v 0.28427380 0.01429189 0.26298687
v 0.26141140 0.03342066 0.27526593
v 0.26925415 0.04283914 0.27057043
v 0.26180792 0.05300605 0.27562997
v 0.24992782 0.03604427 0.28408116
v 0.24999632 0.04952790 0.28394371
v 0.26033372 0.04282683 0.27779245
v 0.28147787 0.04285181 0.26296842
v 0.29136521 0.03678738 0.25846523
v 0.29253033 0.05008919 0.25616077
v 0.27767289 0.05811463 0.26293945
v 0.29956567 0.02254024 0.25417960
v 0.30803564 0.02437223 0.24633330
v 0.30396920 0.03298819 0.25086692
v 0.31332177 0.03547031 0.24210438
v 0.30306965 0.05368816 0.24901205
v 0.31105742 0.05144338 0.24209057
v 0.29960465 0.06136343 0.25046614
v 0.30554742 0.06013373 0.24504074
v -0.33425516 0.08282317 0.24500720
v -0.33151308 0.08833836 0.24778248
v -0.33543217 0.08892299 0.24225390
v -0.32875526 0.08040649 0.25257146
v -0.31769192 0.07127311 0.26526076
v -0.32873648 0.10538109 0.24225852
v -0.32168305 0.09262958 0.25638583
v -0.30021402 0.07126229 0.27547392
v -0.31065029 0.09217978 0.26698008
v -0.29347038 0.08473814 0.27832842
v -0.29097122 0.07125677 0.28043559
v -0.32592583 0.11273464 0.24226013
v -0.31901553 0.11899121 0.24711648
v -0.30326238 0.09982491 0.27080184
v -0.31160107 0.09983252 0.26506999
v -0.30670041 0.11535397 0.26305440
v -0.29108965 0.11016937 0.27596113
v -0.28969717 0.09981763 0.27833390
v -0.28047490 0.09436897 0.28166869
v -0.28088003 0.10485840 0.28084993
v -0.27165085 0.06318262 0.28690276
v -0.27165306 0.07889985 0.28603861
v -0.25684503 0.06437366 0.29189539
v -0.24306360 0.04720710 0.29701486
v -0.25598150 0.07770076 0.29145825
v -0.24307734 0.07125018 0.29903919
v -0.24308422 0.09686144 0.29778525
v -0.26616108 0.09102403 0.28832430
v -0.26573420 0.10818163 0.28747621
v -0.24388370 0.09981255 0.29766363
v -0.24250914 0.09981264 0.29810882
v -0.12875545 0.05373560 0.29361629
v -0.11541004 0.06462397 0.29149380
v -0.12876473 0.07128134 0.30097216
v -0.11094865 0.08019592 0.29369968
v -0.10259722 0.08799228 0.29424343
v -0.10134856 0.11300702 0.29673514
v -0.07729591 0.07131191 0.28196725
v -0.10017334 0.06232776 0.28848839
v -0.10018294 0.08217673 0.29226068
v -0.07160459 0.07131437 0.28133392
v -0.07465900 0.07742108 0.28175125
v -0.06820502 0.07811791 0.28140184
v -0.06003095 0.07131754 0.27902117
v -0.09654246 0.08922747 0.29178017
v -0.09835360 0.11232002 0.29535943
v -0.07465859 0.09987767 0.29295370
v -0.06822895 0.09987962 0.29226029
v -0.04952770 0.09208010 0.28609210
v -0.04837105 0.10885286 0.28838500
v -0.03430308 0.07132487 0.27489865
v -0.04305156 0.06749386 0.27817813
v -0.04305179 0.07640354 0.28067294
v -0.01450458 0.07133278 0.27260336
v -0.00396307 0.09241155 0.26674417
v 0.00430462 0.07134461 0.26564324
v -0.02570850 0.09377565 0.27356246
v -0.01838720 0.09990535 0.27049282
v -0.02415993 0.10911924 0.27508909
v -0.03240223 0.09626203 0.27775928
v -0.03338072 0.10451141 0.27970535
v -0.02545435 0.09989899 0.27711436
v -0.00212991 0.09991241 0.26664335
v 0.00198377 0.09771686 0.26609156
v 0.00203283 0.10215680 0.26599678
v -0.00332675 0.10614997 0.26736152
v 0.01403705 0.07433308 0.26453644
v 0.02867600 0.07135504 0.26317155
v 0.02535417 0.09693918 0.26450092
v 0.04257174 0.07135600 0.27037299
v 0.03563859 0.08527552 0.26315022
v 0.05578098 0.09774957 0.26934305
v 0.05886897 0.07135878 0.27657717
v 0.02530196 0.10296179 0.26438054
v 0.01407440 0.12652500 0.26651928
v 0.03164733 0.09992398 0.26383296
v 0.03614764 0.11554042 0.26264229
v 0.05654282 0.09993259 0.26976815
v 0.05826889 0.09713268 0.27043188
v 0.05717096 0.09963490 0.26983476
v 0.05718966 0.10024906 0.26979771
v 0.05896903 0.09993294 0.27042761
v 0.05564153 0.10240400 0.26919499
v 0.07110726 0.06429605 0.28456461
v 0.07112570 0.08170040 0.29109976
v 0.09672391 0.06989370 0.28617683
v 0.09964692 0.06898604 0.28590050
v 0.10369501 0.06933186 0.28673780
v 0.09294660 0.07471268 0.28805864
v 0.09965248 0.07134975 0.29401010
v 0.11519058 0.07912103 0.29245776
v 0.07116953 0.12768321 0.26874796
v 0.07369544 0.12344263 0.27040246
v 0.07423048 0.08873608 0.29275101
v 0.07410904 0.11124627 0.29300445
v 0.12743959 0.08640048 0.29740044
v 0.12689592 0.11284474 0.29619950
v 0.12818731 0.06157263 0.29000190
v 0.12821157 0.08477108 0.29724109
v 0.14603680 0.06599646 0.29007438
v 0.15674201 0.06003375 0.29039100
v 0.16929665 0.06507443 0.29100454
v 0.13356152 0.08295098 0.29628083
v 0.17609331 0.08101633 0.29435965
v 0.12898402 0.08639708 0.29740760
v 0.12958549 0.11284941 0.29621151
v 0.18394989 0.08698390 0.29623201
v 0.18529266 0.06032649 0.29250944
v 0.18530846 0.08420314 0.29612210
v 0.22764391 0.09885337 0.26992115
v 0.22427307 0.09212798 0.27437347
v 0.20169535 0.06527595 0.29082322
v 0.21385083 0.05534177 0.29276454
v 0.22041000 0.06809360 0.28802213
v 0.19487615 0.08084432 0.29419294
v 0.21386138 0.07135490 0.29549012
v 0.21387021 0.08627015 0.29215354
v 0.22019097 0.07452629 0.28790057
v 0.22340474 0.09994591 0.27046326
v 0.20690256 0.11448385 0.27768224
v 0.18834449 0.08865674 0.29290509
v 0.20919254 0.09991614 0.28957650
v 0.22776495 0.09994785 0.26961291
v 0.22975285 0.09682126 0.27047178
v 0.22867931 0.09946153 0.26949558
v 0.22880371 0.10055880 0.26924813
v 0.22631590 0.10370983 0.26858422
v 0.25280300 0.07138798 0.27569166
v 0.25149643 0.08944577 0.27049473
v 0.24243668 0.06456833 0.28411227
v 0.24244255 0.07802291 0.28377372
v 0.25471655 0.09791255 0.26640326
v 0.27103001 0.07140303 0.26715201
v 0.26174819 0.08998533 0.26552081
v 0.27539867 0.08012223 0.26061714
v 0.27879044 0.07141593 0.26015714
v 0.25427377 0.10244908 0.26550588
v 0.24249758 0.12498394 0.26338497
v 0.26322442 0.12461247 0.25229475
v 0.25949472 0.09995975 0.26503462
v 0.27818421 0.09997924 0.25622135
v 0.29859424 0.08675447 0.24410951
v 0.28907242 0.10898777 0.24200559
v 0.27107278 0.12003705 0.25197738
v 0.29963115 0.08482768 0.24382052
v 0.30077851 0.08514635 0.24261613
v 0.29963580 0.08908924 0.24203858
v 0.30008867 0.08617478 0.24295224
v 0.30093694 0.08637097 0.24204300
v -0.30539525 0.12840277 0.25914863
v -0.31097510 0.13381872 0.25113270
v -0.31719688 0.14846584 0.24225521
v -0.30017218 0.12839848 0.26326549
v -0.30331859 0.13471463 0.25968990
v -0.29192120 0.14488532 0.26476148
v -0.28225419 0.12838235 0.27609158
v -0.31218946 0.16300988 0.24225563
v -0.30597788 0.15697846 0.25389320
v -0.28918850 0.15696830 0.26417154
v -0.28194052 0.14906622 0.27078557
v -0.28454703 0.15563083 0.26812184
v -0.28436294 0.15848106 0.26775429
v -0.27782893 0.15696031 0.27077854
v -0.30014181 0.17125067 0.24938786
v -0.27163202 0.12320232 0.28111577
v -0.27162915 0.13336241 0.28071207
v -0.25229669 0.12376755 0.28960979
v -0.24308313 0.10408675 0.29712403
v -0.25191820 0.13280156 0.28941640
v -0.24307737 0.12838122 0.29317206
v -0.24307424 0.13887116 0.29022637
v -0.22504884 0.13740337 0.29395705
v -0.29205993 0.18150485 0.25248969
v -0.27158260 0.18307722 0.26586017
v -0.26577008 0.17388380 0.27077138
v -0.24888685 0.17384535 0.27917176
v -0.26222655 0.15206303 0.28051442
v -0.26099956 0.16062546 0.27808106
v -0.25159380 0.15695572 0.28221476
v -0.23964055 0.17871037 0.28158605
v -0.23732105 0.15695667 0.28776205
v -0.21716370 0.14533141 0.29390073
v -0.21950237 0.16624564 0.28921822
v -0.21451128 0.14068599 0.29522181
v -0.20820399 0.13952628 0.29603547
v -0.18595013 0.12840855 0.30663106
v -0.18593691 0.15516053 0.29823950
v -0.21217993 0.14500962 0.29453942
v -0.20999229 0.16675249 0.29020047
v -0.18657567 0.15698302 0.29787374
v -0.18532529 0.15698385 0.29792887
v -0.15787910 0.17075619 0.29805085
v -0.10400379 0.11606279 0.29713750
v -0.15679856 0.17074499 0.29802427
v -0.10019553 0.11548971 0.29638064
v -0.09030146 0.11911166 0.29409119
v -0.07161865 0.11394116 0.29200456
v -0.06159381 0.12344715 0.28975549
v -0.07162555 0.12845200 0.30205724
v -0.06089265 0.13382615 0.29010126
v -0.04686961 0.14657730 0.29135954
v -0.02692920 0.12847456 0.27852261
v -0.04305106 0.12039712 0.28659177
v -0.04304904 0.13690679 0.28732356
v -0.01448577 0.12847818 0.27756798
v 0.00856161 0.12848718 0.26769212
v -0.01987625 0.13926527 0.27933499
v -0.00621159 0.14503884 0.27643943
v -0.03801461 0.14779562 0.28892955
v -0.01785723 0.15705633 0.29221627
v 0.00699635 0.14265703 0.27043134
v -0.00859183 0.15706074 0.28718033
v 0.00609138 0.15076151 0.28298318
v 0.00863739 0.16591136 0.28804910
v 0.01407588 0.13014340 0.26713693
v 0.02593741 0.12849540 0.26450866
v 0.02444741 0.14924997 0.27040458
v 0.04263055 0.12850001 0.26928866
v 0.06532439 0.12851030 0.26748434
v 0.03101582 0.15175486 0.27304792
v 0.05557182 0.15438990 0.27171791
v 0.03463674 0.16963591 0.27663881
v 0.02512593 0.15383980 0.27684265
v 0.02299154 0.16244377 0.28110602
v 0.03302722 0.15707581 0.27970439
v 0.06149787 0.14790626 0.27038017
v 0.07614352 0.15708733 0.27035630
v 0.05316566 0.16459918 0.27411437
v 0.05433442 0.15708408 0.27553126
v 0.06379867 0.15018752 0.28411400
v 0.06212357 0.16228838 0.28074291
v 0.07117090 0.12937655 0.26867428
v 0.07429674 0.12851268 0.26883829
v 0.09049877 0.12850147 0.28002721
v 0.08526759 0.15687916 0.26993400
v 0.08586761 0.15630248 0.26995870
v 0.09010673 0.14778894 0.27498960
v 0.09164934 0.12445926 0.28865254
v 0.11232240 0.12217401 0.29092288
v 0.08590473 0.13541037 0.29151580
v 0.11048543 0.13387552 0.28998017
v 0.08531216 0.15725181 0.27002156
v 0.09258918 0.15708597 0.27034509
v 0.08566487 0.15708759 0.26997301
v 0.08245510 0.16313991 0.27034664
v 0.08589207 0.15791696 0.26993501
v 0.09003986 0.15707828 0.27944860
v 0.11046559 0.16423699 0.27389598
v 0.12070076 0.15037738 0.28367478
v 0.11908767 0.16212413 0.28040877
v 0.12824751 0.11637749 0.29452929
v 0.12827322 0.14003901 0.29340512
v 0.14664339 0.12339510 0.28969616
v 0.14833473 0.13272139 0.28884163
v 0.15681286 0.13598533 0.28834969
v 0.15153958 0.17495298 0.27925080
v 0.13770969 0.15219414 0.28004533
v 0.13910887 0.16053453 0.27726576
v 0.14690362 0.15705347 0.27898461
v 0.16013865 0.17905797 0.28129900
v 0.16445944 0.15704136 0.28361452
v 0.20081575 0.12848797 0.27810472
v 0.21392536 0.12849778 0.27267724
v 0.22233030 0.14527342 0.26452196
v 0.22742626 0.12851474 0.26290810
v 0.20332175 0.14972967 0.27402616
v 0.18966076 0.11634439 0.29672822
v 0.19139874 0.13972080 0.29583013
v 0.21389416 0.12847152 0.29486620
v 0.21390565 0.14302829 0.29187682
v 0.20715627 0.15705699 0.27037430
v 0.22484139 0.15707290 0.26361683
v 0.23228677 0.15302944 0.26232779
v 0.23487446 0.16370147 0.25718984
v 0.21965364 0.17427900 0.26178786
v 0.22101200 0.17150015 0.27756280
v 0.22103754 0.15705007 0.28467643
v 0.24250981 0.13403156 0.25943649
v 0.25909233 0.13453302 0.25021577
v 0.24847814 0.14876601 0.25381052
v 0.26364779 0.15336807 0.24194817
v 0.24606559 0.16785043 0.24894243
v 0.25866652 0.16331829 0.24193668
v 0.24255037 0.17547515 0.25009948
v 0.24257439 0.18402347 0.24190493
v 0.24726197 0.17372371 0.24426368
v -0.28796396 0.19163053 0.25044131
v -0.27610135 0.20437159 0.25130475
v -0.28394508 0.20602931 0.24224308
v -0.27157730 0.18956065 0.26274297
v -0.26607311 0.18553557 0.26801941
v -0.27154943 0.22220375 0.24224831
v -0.26463354 0.20676830 0.25609279
v -0.24304527 0.18553133 0.27946633
v -0.25169131 0.20289180 0.26516294
v -0.22999349 0.21158645 0.26948699
v -0.23469847 0.18553215 0.28081328
v -0.26753587 0.22640686 0.24224699
v -0.25180170 0.21411684 0.25980648
v -0.22994947 0.21411009 0.26830947
v -0.22669747 0.21003379 0.27073926
v -0.22796492 0.21334375 0.26921415
v -0.22775365 0.21508560 0.26879412
v -0.22226979 0.21411091 0.27073222
v -0.24299231 0.23499079 0.25264573
v -0.21449006 0.17718887 0.28735688
v -0.21447355 0.19154996 0.28269219
v -0.19442576 0.18129791 0.28916252
v -0.18593112 0.16250888 0.29639414
v -0.16227201 0.17375192 0.29666460
v -0.19103591 0.18812177 0.28747547
v -0.18591025 0.18555965 0.29055381
v -0.18590194 0.19196898 0.28810865
v -0.17430526 0.19136462 0.29067641
v -0.23657025 0.23948228 0.25327784
v -0.21442714 0.23917292 0.26369274
v -0.20635390 0.22652048 0.27070600
v -0.19511473 0.22420663 0.27571768
v -0.20434728 0.20994218 0.27902579
v -0.20292851 0.21688515 0.27621633
v -0.19512211 0.21412459 0.28074825
v -0.17965840 0.23029020 0.27872342
v -0.17967850 0.21413805 0.28677952
v -0.16082397 0.20336699 0.29213235
v -0.16280077 0.22293621 0.28817523
v -0.15734436 0.17191657 0.29786652
v -0.15732300 0.19638707 0.29218012
v -0.15445085 0.17273887 0.29766825
v -0.14470473 0.19356322 0.29280496
v -0.12875913 0.18559727 0.29803640
v -0.12874793 0.20407294 0.29405066
v -0.10675757 0.19660294 0.29576975
v -0.15399450 0.20319118 0.29247686
v -0.15204543 0.22317183 0.28861651
v -0.13121969 0.21415856 0.29415312
v -0.12615542 0.21416143 0.29391328
v -0.10172349 0.20144090 0.29596028
v -0.10274921 0.22588050 0.29391307
v -0.10017826 0.19841215 0.29608303
v -0.09392025 0.19676840 0.29591516
v -0.07161754 0.18561900 0.30239159
v -0.07161781 0.20733017 0.29559261
v -0.09868011 0.20139427 0.29605210
v -0.09767537 0.22595650 0.29405338
v -0.07328197 0.21418650 0.29569229
v -0.06990926 0.21418852 0.29559934
v -0.04538616 0.22613895 0.29429588
v -0.01448521 0.16549981 0.29473233
v 0.00640145 0.17519453 0.29507726
v -0.04049768 0.22592753 0.29386574
v 0.01288144 0.22729136 0.29647788
v 0.03836724 0.18565348 0.28247702
v 0.01407957 0.17402212 0.29357985
v 0.04264645 0.18565378 0.28195781
v 0.04074024 0.18946806 0.28270549
v 0.04524467 0.19084620 0.28201395
v 0.06002118 0.18565349 0.27592844
v 0.02776184 0.19309209 0.29204518
v 0.04264249 0.18565038 0.29155952
v 0.04264853 0.20539081 0.29444611
v 0.01548555 0.22709773 0.29608893
v 0.06894764 0.20218791 0.29430866
v 0.06828601 0.22555268 0.29296118
v 0.07955894 0.18565056 0.27448875
v 0.07120935 0.17838411 0.28483316
v 0.07121289 0.19181736 0.28264034
v 0.09978844 0.18564525 0.27850729
v 0.09445408 0.19631878 0.27923763
v 0.10664287 0.19932684 0.27772915
v 0.12014218 0.18563777 0.27441159
v 0.09975997 0.16251633 0.29609424
v 0.09977507 0.18563372 0.29458380
v 0.09977938 0.20190869 0.29266286
v 0.12098771 0.19622947 0.29512116
v 0.09453733 0.23222256 0.27928972
v 0.07470468 0.20341648 0.29185396
v 0.07562038 0.22409305 0.29004359
v 0.10659124 0.22921059 0.27778757
v 0.12310679 0.23218811 0.27029663
v 0.15047048 0.18560898 0.28135782
v 0.12833500 0.17994234 0.28165403
v 0.15687406 0.18560211 0.28366420
v 0.15550362 0.18835275 0.28318125
v 0.15928775 0.19041729 0.28215069
v 0.15843078 0.18560183 0.28377664
v 0.15862525 0.18472230 0.28542891
v 0.14966890 0.18920708 0.28814170
v 0.15687150 0.18560058 0.28552029
v 0.15687305 0.18757293 0.28553480
v 0.15806703 0.18619882 0.28514785
v 0.12839825 0.24157533 0.26795298
v 0.15648247 0.24249336 0.25580421
v 0.13364002 0.23223561 0.27029568
v 0.15551195 0.23982815 0.25750056
v 0.14669910 0.22227797 0.27434322
v 0.18052486 0.21417160 0.27030525
v 0.15949698 0.23766491 0.25857916
v 0.16873933 0.21908772 0.27275485
v 0.17270049 0.21717156 0.27030325
v 0.15697095 0.24220146 0.25578094
v 0.19445200 0.20361854 0.27031478
v 0.19702528 0.21145846 0.26488733
v 0.21296501 0.21364805 0.24185289
v 0.20845345 0.19673029 0.26163352
v 0.21610259 0.18983348 0.25820544
v 0.21404286 0.20821354 0.24483757
v 0.21933593 0.18562849 0.25878000
v 0.22292134 0.19008765 0.25167483
v 0.20705356 0.19947949 0.27764583
v 0.21687634 0.19143668 0.28166401
v 0.22122450 0.18561636 0.28095764
v 0.22334774 0.18090382 0.28927043
v 0.21395703 0.20236191 0.29290006
v 0.22059178 0.18893012 0.28787893
v 0.19015737 0.22381371 0.25109872
v 0.20667666 0.21788493 0.24184486
v 0.16206288 0.24019316 0.25351137
v 0.18552576 0.22996052 0.24480139
v 0.18553136 0.23151739 0.24182011
v 0.18755472 0.22948109 0.24283369
v 0.19533271 0.20977990 0.27905828
v 0.18920599 0.22467293 0.29125041
v -0.23165178 0.24836527 0.25081390
v -0.21819738 0.26077390 0.24974465
v -0.22863084 0.26410210 0.24219584
v -0.21442322 0.24878600 0.25856426
v -0.20443767 0.24269609 0.26572359
v -0.21440962 0.27255890 0.24218345
v -0.20955634 0.26184353 0.25187802
v -0.18585694 0.24270138 0.27265960
v -0.19178523 0.25457466 0.26235300
v -0.17754433 0.25930443 0.26469541
v -0.16857184 0.24270919 0.27627748
v -0.20107187 0.27890050 0.24216506
v -0.19055189 0.27127683 0.25155580
v -0.17885116 0.27127761 0.25610358
v -0.16308674 0.25431502 0.27064213
v -0.16730611 0.26702368 0.26215756
v -0.16293761 0.27991107 0.25343066
v -0.18584171 0.28100878 0.24700142
v -0.14676778 0.26374933 0.27061567
v -0.15729940 0.23635520 0.28331888
v -0.15728986 0.24663693 0.27846611
v -0.14434357 0.26993802 0.26792827
v -0.14154924 0.26837951 0.26915860
v -0.13367978 0.25262207 0.27990726
v -0.13251479 0.24082997 0.28673121
v -0.12873812 0.23420736 0.28908733
v -0.12017785 0.23844638 0.28909788
v -0.13065137 0.24367881 0.28580147
v -0.12873459 0.24272110 0.28725624
v -0.12873353 0.24482252 0.28589031
v -0.12403698 0.24506986 0.28717721
v -0.14687762 0.27516708 0.26286960
v -0.16473514 0.28931293 0.24584725
v -0.15727381 0.28865772 0.24825624
v -0.15727544 0.29644647 0.24211732
v -0.14487271 0.29178756 0.24829182
v -0.12895581 0.27128586 0.27058923
v -0.14147928 0.27128384 0.26757091
v -0.11769438 0.27781376 0.26732150
v -0.11563130 0.27367851 0.27176210
v -0.11200578 0.27615246 0.27056634
v -0.11635360 0.27128881 0.27439180
v -0.11048403 0.26733276 0.27846047
v -0.11282098 0.27290776 0.27379355
v -0.12870865 0.29147184 0.25214595
v -0.10017510 0.23102248 0.29392496
v -0.10016890 0.25240126 0.28985155
v -0.08698326 0.23505306 0.29244366
v -0.07161448 0.22411852 0.29405096
v -0.05545361 0.23467287 0.29278392
v -0.08157560 0.24772224 0.28973752
v -0.07160737 0.24274495 0.29336947
v -0.07160404 0.24957068 0.28815177
v -0.06083381 0.24813125 0.29010171
v -0.11840761 0.29472470 0.25118095
v -0.10014659 0.29346585 0.25775960
v -0.10014982 0.30888024 0.24203224
v -0.07533972 0.29800731 0.25437540
v -0.08974197 0.27903903 0.27052933
v -0.07635260 0.29035386 0.26100191
v -0.08314645 0.27676177 0.27323759
v -0.09173612 0.26544252 0.28221345
v -0.08856150 0.27398297 0.27588060
v -0.08174702 0.27130213 0.27875632
v -0.06679820 0.29029560 0.26101667
v -0.06002093 0.27673155 0.27317381
v -0.05260946 0.28073171 0.27045912
v -0.06141827 0.27131456 0.27866077
v -0.05107644 0.26507419 0.28291652
v -0.05363746 0.27499694 0.27779895
v -0.07158858 0.29728884 0.25494722
v -0.04304711 0.23174788 0.29242566
v -0.04303948 0.25146580 0.28783500
v -0.02641690 0.23679447 0.29063877
v 0.00373233 0.23367146 0.29372427
v -0.02162161 0.24634087 0.28823987
v -0.01447343 0.24276918 0.29919279
v -0.01446879 0.24973594 0.28813714
v 0.00165586 0.25083166 0.29268557
v -0.06792099 0.29805174 0.25440529
v -0.04302593 0.29458103 0.25982156
v -0.04302176 0.31318191 0.24193218
v -0.01637949 0.29895401 0.25518814
v -0.03273749 0.27931261 0.27042699
v -0.01786702 0.29309094 0.25955391
v -0.02580289 0.27721795 0.27335301
v -0.03418107 0.26589337 0.28126580
v -0.03181856 0.27439713 0.27655289
v -0.02343555 0.27132595 0.28101826
v -0.01102165 0.29304782 0.25956798
v -0.00309667 0.27718443 0.27330467
v 0.00445385 0.28059518 0.27037638
v -0.00546339 0.27133149 0.28093821
v 0.00984683 0.26130092 0.29039535
v 0.00455146 0.27606398 0.27981374
v -0.01445422 0.29846001 0.25541890
v 0.01408741 0.22976299 0.29635108
v 0.01409378 0.25538439 0.29555160
v 0.03093642 0.23691460 0.29046145
v 0.05112522 0.23854023 0.28881213
v 0.03297275 0.24761602 0.28944352
v 0.04265617 0.24277301 0.30042306
v 0.04266411 0.24744077 0.28692898
v 0.04911484 0.24599628 0.28781071
v -0.01249916 0.29894018 0.25516826
v 0.01411215 0.29525611 0.26105988
v 0.01411998 0.31260228 0.24185090
v 0.04130482 0.29922414 0.25538844
v 0.02227046 0.28359419 0.27036315
v 0.04093516 0.29641417 0.25782537
v 0.03374811 0.28205150 0.27569458
v 0.01713723 0.26009062 0.29280570
v 0.02215241 0.27757478 0.28281367
v 0.03673803 0.27133393 0.28700963
v 0.07519086 0.27133495 0.27031758
v 0.04673532 0.29181567 0.26011717
v 0.05447678 0.27632955 0.27282673
v 0.05970034 0.27678239 0.27033103
v 0.05222744 0.27133483 0.27979606
v 0.06304923 0.26525298 0.28246132
v 0.05982304 0.27418518 0.27601728
v 0.04268569 0.29884765 0.25554463
v 0.08956729 0.24276504 0.27943805
v 0.08261662 0.26545402 0.27031147
v 0.07122998 0.23274747 0.29031369
v 0.07124344 0.25161707 0.28797847
v 0.08477779 0.27054873 0.26874065
v 0.09982681 0.24276328 0.27756372
v 0.08742931 0.26760387 0.26844668
v 0.10761940 0.25830233 0.26379430
v 0.12342641 0.24275033 0.26781076
v 0.09979304 0.22661746 0.29258847
v 0.11794447 0.23366567 0.29358715
v 0.09979711 0.24275580 0.29597962
v 0.08423978 0.27265912 0.26766509
v 0.04458060 0.29896733 0.25513101
v 0.07127564 0.29373154 0.25798509
v 0.07129050 0.30429864 0.24180233
v 0.08871391 0.29433534 0.25048417
v 0.08695287 0.27133447 0.26753855
v 0.10878183 0.27133197 0.25959367
v 0.11958446 0.26588428 0.25942865
v 0.12145360 0.28212175 0.24178268
v 0.09986793 0.28840980 0.25030506
v 0.12840272 0.24466127 0.26647046
v 0.12836289 0.23514929 0.28542843
v 0.15613626 0.24315609 0.25563058
v 0.12845346 0.27848798 0.24178213
v 0.13492964 0.26353467 0.25475785
v 0.14604305 0.26583475 0.24178696
v 0.13316262 0.23086363 0.29636946
v 0.15689264 0.22451811 0.29361358
v 0.18162742 0.23034319 0.29686731
v 0.15688485 0.24272563 0.30265117
v 0.18543199 0.22958057 0.29649004
v 0.18738005 0.22941524 0.29779154
v -0.21495886 -0.05770595 0.30017132
v -0.21880428 -0.05939697 0.29924843
v -0.21449710 -0.06108246 0.29924768
v -0.21399081 -0.05774781 0.30025491
v -0.20499444 -0.06199148 0.29924780
v -0.21638270 -0.05629995 0.30018973
v -0.21449560 -0.05664938 0.30043179
v -0.21449295 -0.04920448 0.29924762
v -0.21226932 -0.05613027 0.30035651
v -0.15735072 -0.04852208 0.29922789
v -0.16243307 -0.03122831 0.30175880
v -0.21448423 0.00829393 0.29923731
v -0.15904763 -0.02697783 0.30261734
v -0.15813838 -0.00092654 0.30078086
v -0.17499046 -0.01986444 0.29921481
v -0.16914830 -0.00602973 0.29919979
v -0.15734053 -0.03008227 0.30200630
v -0.15250759 -0.03109952 0.30162409
v -0.15564544 -0.02698923 0.30259198
v -0.14444774 -0.02223611 0.29920387
v -0.15654871 -0.00092107 0.30076823
v -0.14980254 -0.00389179 0.29918957
v -0.16265087 0.00252131 0.30183625
v -0.15734215 0.00115246 0.30174530
v -0.15469709 0.00119253 0.30050352
v -0.21908057 0.02612237 0.30152315
v -0.21664876 0.03058030 0.30353794
v -0.21777470 0.05369188 0.30576554
v -0.23063454 0.03648586 0.29924941
v -0.23405653 0.04719409 0.29925293
v -0.21448612 0.02614071 0.30376711
v -0.20429285 0.02332026 0.30429807
v -0.21014561 0.03275989 0.30787668
v -0.18592714 0.02501549 0.30800238
v -0.17039946 0.02189743 0.30567640
v -0.20846644 0.05094045 0.31123120
v -0.22259778 0.06102100 0.30326772
v -0.21450233 0.06279924 0.31083217
v -0.19394749 0.04269024 0.31516629
v -0.18902530 0.06508430 0.31648028
v -0.17598656 0.04269068 0.31899413
v -0.16511720 0.03616794 0.31461227
v -0.16182812 0.05250762 0.30805558
v -0.18121479 0.06180436 0.31810603
v -0.15735205 0.02461153 0.30674961
v -0.14954621 0.02452501 0.30304137
v -0.15100431 0.03476493 0.31180009
v -0.14361501 0.03528669 0.29913989
v -0.12881882 0.03591669 0.35268593
v -0.10950196 0.02376306 0.35143960
v -0.15399423 0.05362573 0.30582294
v -0.14986134 0.05324813 0.29913154
v -0.15735659 0.06247781 0.31007916
v -0.15091214 0.06020166 0.30233049
v -0.13238539 0.06408387 0.33822116
v -0.13461289 0.04267941 0.34449470
v -0.12616682 0.06600176 0.33916822
v -0.12430771 0.04268052 0.34707826
v -0.10617043 0.03433713 0.34420925
v -0.10880861 0.04838419 0.33891523
v -0.10024026 0.02434043 0.34796131
v -0.08489186 0.02072523 0.34839371
v -0.07168005 0.01411459 0.35119289
v -0.07166883 0.02175382 0.34560281
v -0.06289874 0.01851088 0.34617263
v -0.07779294 0.05896850 0.33563888
v -0.09454557 0.03408791 0.34469992
v -0.09187932 0.04863971 0.33940065
v -0.08036114 0.04269497 0.33865893
v -0.06334316 0.05467622 0.33349830
v -0.06106334 0.04270537 0.33491039
v -0.05311769 0.03844891 0.33602995
v -0.05436853 0.04570540 0.33351436
v -0.04311393 0.02101515 0.34127706
v -0.02593215 0.01981526 0.34745556
v -0.01457222 0.01412539 0.35478389
v -0.01456049 0.02327027 0.34634054
v 0.00535369 0.02410358 0.35173193
v -0.02766366 0.04501782 0.32867581
v -0.02994070 0.04159111 0.32977575
v -0.02953861 0.04344213 0.32897699
v -0.02799669 0.04271764 0.32916391
v -0.00545451 0.05311374 0.33269063
v -0.00432614 0.04271683 0.33561456
v 0.00915317 0.03327283 0.34636623
v 0.00351380 0.04650162 0.33505279
v 0.01398536 0.02618152 0.35156092
v 0.01885883 0.02598592 0.35360575
v 0.04254609 0.03780761 0.35356221
v 0.03573404 0.05762307 0.33490434
v 0.01784361 0.03228534 0.34833708
v 0.02352780 0.04748856 0.33699208
v 0.03868065 0.04272149 0.34827021
v 0.04915792 0.05811620 0.33514339
v 0.06858719 0.06624581 0.32746831
v 0.04623405 0.04272391 0.34864873
v 0.06490780 0.05081391 0.34360397
v 0.07111976 0.06781115 0.32046175
v 0.07388230 0.06578625 0.32747108
v 0.09253301 0.05707329 0.33462995
v 0.07768089 0.05044015 0.34285778
v 0.10692863 0.05673219 0.33446103
v 0.12256198 0.06006698 0.32748473
v 0.11964709 0.04850826 0.33899331
v 0.15669093 0.03249001 0.35092863
v 0.12818806 0.06349256 0.31182849
v 0.15140253 0.06866129 0.31056082
v 0.13664404 0.05437126 0.32749814
v 0.15365016 0.06515460 0.31631237
v 0.14553759 0.04896817 0.33060855
v 0.13912970 0.04605890 0.33410406
v 0.14763536 0.04275476 0.33792198
v 0.16045162 0.06388760 0.31694913
v 0.16843361 0.04785997 0.33006650
v 0.17739122 0.05556281 0.32751143
v 0.16654816 0.04275490 0.33637130
v 0.17344162 0.04521988 0.33244255
v 0.15673935 0.06559130 0.31036836
v 0.21380305 0.03494205 0.35216609
v 0.16333972 0.06803200 0.30993855
v 0.18528360 0.06401639 0.31290174
v 0.19302888 0.05580155 0.32751715
v 0.20362949 0.05093367 0.33160740
v 0.19700739 0.04528997 0.33259013
v 0.20662688 0.04275440 0.34170321
v 0.22077632 0.05742092 0.33483809
v 0.21778199 0.04275348 0.34812501
v -0.22536641 0.08010580 0.30464756
v -0.21992159 0.09093766 0.30999428
v -0.21913235 0.10949354 0.30840230
v -0.23867789 0.09761029 0.29925159
v -0.23768952 0.10251153 0.29924768
v -0.21451253 0.07816054 0.31391740
v -0.19183356 0.07125664 0.31634423
v -0.20630385 0.09375940 0.31558070
v -0.18594351 0.07125795 0.32173535
v -0.18948904 0.07834493 0.31693348
v -0.17980066 0.08355999 0.31950861
v -0.17439455 0.07126053 0.31913137
v -0.16686682 0.08079807 0.35133475
v -0.20717126 0.10675362 0.31385264
v -0.22118069 0.11743267 0.30253464
v -0.21452326 0.11781667 0.30660379
v -0.21451676 0.13021460 0.29919839
v -0.19906595 0.12184297 0.30687779
v -0.19407392 0.09983106 0.31535751
v -0.17522565 0.09983835 0.32051852
v -0.16134436 0.08953977 0.30704978
v -0.16033210 0.11117162 0.30501306
v -0.16417906 0.09233011 0.34252691
v -0.16266260 0.10886158 0.34557033
v -0.18594936 0.11681046 0.30760944
v -0.15735774 0.08187912 0.30644342
v -0.14039207 0.07125986 0.33602130
v -0.15738431 0.07913750 0.34328571
v -0.15338509 0.08357715 0.30108544
v -0.15190773 0.09101284 0.30997038
v -0.12879333 0.07126088 0.33492801
v -0.12877659 0.09952557 0.29922801
v -0.13664310 0.08694080 0.33397168
v -0.11861730 0.09161996 0.33162734
v -0.12017808 0.07126206 0.33748674
v -0.14172530 0.06479234 0.34823906
v -0.15315148 0.10991939 0.30749515
v -0.16058314 0.11574630 0.30070952
v -0.15737095 0.11798083 0.30675703
v -0.12939262 0.09985628 0.30028817
v -0.13478869 0.11644940 0.31927121
v -0.14109699 0.10384135 0.32954115
v -0.14893728 0.09399341 0.33919287
v -0.15050536 0.10723214 0.34230140
v -0.14139301 0.09983853 0.33094159
v -0.12757972 0.09985601 0.30144963
v -0.10963389 0.09984680 0.32752395
v -0.12029433 0.11142415 0.32176358
v -0.11556460 0.10196070 0.32858118
v -0.11319537 0.10246649 0.32752571
v -0.11539752 0.09984410 0.32930133
v -0.11388911 0.09922784 0.32875419
v -0.11400617 0.10034461 0.32852155
v -0.12835772 0.09964779 0.29906246
v -0.12782621 0.10033263 0.29906160
v -0.08903235 0.07127319 0.33309543
v -0.09247599 0.08673564 0.32752362
v -0.10020789 0.06759158 0.33486193
v -0.10020787 0.07420620 0.33338356
v -0.09222236 0.09355019 0.31494510
v -0.07163504 0.07128118 0.33079630
v -0.08228564 0.09259155 0.32389647
v -0.06224802 0.09006493 0.32262152
v -0.04762482 0.07128698 0.32977876
v -0.09515235 0.10910320 0.30909884
v -0.11862650 0.12335473 0.30822617
v -0.10020351 0.11718155 0.30506498
v -0.10019693 0.12768982 0.29903263
v -0.07877044 0.09986438 0.31326547
v -0.07735403 0.11699602 0.31896216
v -0.06598323 0.09986882 0.31027108
v -0.04571799 0.07658084 0.32750607
v -0.05214357 0.09465996 0.31711194
v -0.05099211 0.10622792 0.31481045
v -0.06729329 0.11975975 0.31757751
v -0.04014517 0.07128889 0.32896817
v -0.03952255 0.07839369 0.32750019
v -0.04307469 0.07035576 0.32936749
v -0.04307357 0.07197735 0.32888111
v -0.03282264 0.09583177 0.31942886
v -0.01451975 0.07128760 0.32792085
v -0.02528656 0.09285497 0.32398212
v -0.00247913 0.09538304 0.32521075
v 0.01087861 0.07129658 0.32904658
v -0.03385610 0.10494632 0.31735781
v -0.04306146 0.12073638 0.31209213
v -0.02509328 0.09987080 0.32009923
v -0.01954114 0.11836679 0.31823486
v -0.00261416 0.09987348 0.32269561
v 0.00853480 0.08230108 0.32746089
v 0.00168376 0.09795133 0.32360694
v 0.00200197 0.10211227 0.32297269
v -0.00754270 0.11451669 0.32014251
v 0.01817409 0.07129886 0.32954088
v 0.01800614 0.07925548 0.32746056
v 0.01402677 0.07026405 0.32953703
v 0.01402812 0.07198376 0.32884079
v 0.02544076 0.09700242 0.32168853
v 0.04257439 0.07131353 0.32444751
v 0.03406940 0.08835533 0.32169068
v 0.04922671 0.08462354 0.31982911
v 0.06316505 0.07131817 0.32349116
v 0.02501545 0.10319127 0.32082295
v 0.01405192 0.12379052 0.31808910
v 0.03207421 0.09988550 0.31992680
v 0.03510214 0.11344707 0.32064837
v 0.05148248 0.09989405 0.31667194
v 0.06717423 0.08958369 0.30684304
v 0.06736244 0.11039894 0.30647719
v 0.04824565 0.11718272 0.31878224
v 0.07112798 0.07800490 0.31413516
v 0.08768110 0.07132471 0.31919676
v 0.07360405 0.08809667 0.30387381
v 0.08537212 0.09275258 0.29892910
v 0.09965931 0.07132801 0.31745434
v 0.09798847 0.07468052 0.31488222
v 0.10105832 0.07412568 0.31460643
v 0.09966879 0.08239517 0.30767941
v 0.10590672 0.07132901 0.31633663
v 0.09963298 0.04581374 0.35446587
v 0.07350647 0.11184202 0.30360168
v 0.08495934 0.10728709 0.29890901
v 0.07115895 0.11664655 0.30378899
v 0.07720412 0.11722065 0.30191433
v 0.12761137 0.08622576 0.30014610
v 0.12718572 0.11312962 0.30099925
v 0.12239478 0.08853821 0.29893944
v 0.11916808 0.10965210 0.29889423
v 0.12821068 0.08416492 0.30185738
v 0.13893275 0.08025306 0.30431056
v 0.12879005 0.08620144 0.30009782
v 0.13440070 0.08871716 0.29894120
v 0.16947554 0.07769801 0.30686134
v 0.12925920 0.11317093 0.30091694
v 0.13779274 0.10940841 0.29889804
v 0.12488491 0.11587085 0.30056149
v 0.12824528 0.11493972 0.30038399
v 0.13137378 0.11575267 0.30044425
v 0.18410614 0.08681871 0.30134711
v 0.17493650 0.09081098 0.29894069
v 0.18530074 0.08186492 0.30644137
v 0.19845949 0.07132488 0.32091957
v 0.18532225 0.10305132 0.29891124
v 0.18677044 0.08708058 0.30187050
v 0.21384090 0.07132541 0.32344624
v 0.20995596 0.07911693 0.31711310
v 0.22214913 0.08793357 0.32150033
v 0.22619757 0.07131950 0.33558357
v 0.23153390 0.06245647 0.35061204
v 0.19275348 0.11046561 0.29889691
v 0.21141437 0.09989938 0.30382460
v 0.22006606 0.09989573 0.31132042
v 0.23147221 0.09318854 0.32745811
v 0.23174115 0.09628236 0.32024783
v 0.23125118 0.10301030 0.32121408
v 0.23534365 0.09988701 0.32744449
v 0.21387067 0.10622823 0.30207151
v 0.24239299 0.07884769 0.34251595
v 0.25144073 0.08107156 0.35147631
v 0.22615805 0.12232097 0.30701333
v 0.24241883 0.12513410 0.32075888
v 0.24624842 0.12077731 0.32740599
v 0.24950241 0.09271038 0.34178150
v 0.25183946 0.10472976 0.33710337
v -0.16160658 0.14058821 0.30122164
v -0.16109802 0.11596387 0.35421348
v -0.15823722 0.14358801 0.30084777
v -0.17002219 0.14903581 0.29912150
v -0.15737152 0.13791585 0.30865866
v -0.13989313 0.12842828 0.31883654
v -0.15293208 0.12842548 0.32979095
v -0.15740374 0.12055880 0.34322691
v -0.15735278 0.15636683 0.29910773
v -0.15497193 0.14510775 0.30386984
v -0.13168117 0.13418937 0.31617662
v -0.13857317 0.14793599 0.33208615
v -0.15340720 0.14070436 0.35405347
v -0.14562985 0.16544020 0.29909652
v -0.12279506 0.15701781 0.32755834
v -0.13221648 0.15701954 0.30592102
v -0.13767867 0.15701446 0.33841410
v -0.11669586 0.16138443 0.32538077
v -0.11706778 0.16211121 0.33009669
v -0.11211330 0.16182400 0.32755262
v -0.12877098 0.16053049 0.30082154
v -0.07869697 0.12844241 0.31677705
v -0.08658297 0.13592884 0.30580837
v -0.07163431 0.12844393 0.31666550
v -0.07671338 0.13860354 0.31832135
v -0.06767133 0.13637143 0.31719860
v -0.07162347 0.14731996 0.30385539
v -0.06507320 0.12844507 0.31651574
v -0.10442403 0.17343728 0.30116338
v -0.10019051 0.17365247 0.30369699
v -0.10018396 0.18281904 0.29904538
v -0.09349335 0.17467111 0.30238000
v -0.09070475 0.16658050 0.32753131
v -0.07962348 0.16962808 0.32124090
v -0.05015120 0.14984074 0.31313822
v -0.06493205 0.17221498 0.31994119
v -0.06685193 0.15465449 0.29901204
v -0.07162031 0.16226597 0.30162606
v -0.04305892 0.13654412 0.31134206
v -0.02031751 0.12845430 0.31610501
v -0.04305588 0.16633320 0.29898944
v -0.03717818 0.14862911 0.31070212
v -0.01449886 0.12845519 0.31615549
v -0.01720129 0.13386770 0.31589666
v -0.01173484 0.13398549 0.31594718
v -0.00687560 0.12845647 0.31698680
v -0.03528510 0.16745320 0.29897803
v -0.04853335 0.17407586 0.30172977
v -0.01854941 0.15704869 0.30705139
v -0.01035056 0.15704894 0.30719429
v 0.00800866 0.14881729 0.31099492
v 0.01031188 0.16758215 0.30640903
v -0.01448582 0.17039186 0.30558994
v 0.01405871 0.13520874 0.31394386
v 0.03097359 0.12846734 0.31894994
v 0.01940408 0.14810295 0.30954826
v 0.04261512 0.12847246 0.31748199
v 0.03878114 0.13614939 0.31696635
v 0.04607734 0.13539824 0.31658775
v 0.05038524 0.12847345 0.31701711
v 0.01728355 0.16813782 0.30529857
v 0.00167847 0.17755301 0.30509865
v 0.01407634 0.17414266 0.30446166
v 0.01407908 0.18810394 0.29888999
v 0.02252889 0.17558198 0.30310100
v 0.03885766 0.15706381 0.30641115
v 0.04603881 0.15706569 0.30566475
v 0.07019702 0.14376634 0.30083916
v 0.06966171 0.16982064 0.30190724
v 0.04263813 0.16685763 0.30374905
v 0.07118288 0.14163600 0.30114752
v 0.07407376 0.14133060 0.30031219
v 0.07188481 0.14347950 0.30026606
v 0.08574257 0.15005587 0.29884291
v 0.12403063 0.14063463 0.30095965
v 0.07230417 0.17025372 0.30104011
v 0.08913227 0.16237956 0.29882425
v 0.06642255 0.17375074 0.30122268
v 0.07120025 0.17244123 0.30099219
v 0.07628329 0.17389870 0.30136338
v 0.12730436 0.14372928 0.30077529
v 0.12680781 0.16982703 0.30179378
v 0.11068252 0.15157928 0.29882503
v 0.10771783 0.16103855 0.29881269
v 0.12827428 0.14178972 0.30076906
v 0.13223013 0.14077474 0.30081597
v 0.12913057 0.14361331 0.30054426
v 0.15681967 0.15245025 0.30110016
v 0.12963146 0.16999887 0.30144948
v 0.12119883 0.17488673 0.30234599
v 0.12830663 0.17277931 0.30169830
v 0.12831740 0.18955725 0.29878503
v 0.13273881 0.17354251 0.30100954
v 0.15582108 0.15702593 0.30081227
v 0.15770392 0.15702567 0.30057108
v 0.17355099 0.14864969 0.29882735
v 0.16257975 0.15990621 0.29880866
v 0.15682490 0.16043666 0.30050775
v 0.22706431 0.13505669 0.30654439
v 0.23689717 0.14829125 0.30992281
v 0.23715967 0.16602051 0.30939555
v 0.25354615 0.15701742 0.32734317
v 0.22293079 0.15251857 0.29885352
v 0.22340427 0.16178572 0.29884022
v 0.24242231 0.13212386 0.32007563
v 0.24604735 0.12845807 0.32557842
v 0.25222325 0.12845501 0.33229673
v 0.25153244 0.14669846 0.32736051
v 0.26339248 0.12467077 0.34543708
v 0.26494309 0.13145605 0.34465414
v 0.27094600 0.12845185 0.35078779
v 0.27094483 0.14327243 0.34903800
v 0.23015203 0.17747226 0.30495733
v 0.24244140 0.18096723 0.31809038
v 0.25233173 0.16574663 0.32732743
v 0.25564539 0.15597150 0.32943240
v 0.25577432 0.15793283 0.32917139
v 0.26014298 0.15701559 0.33425534
v 0.27328837 0.15701324 0.35119647
v -0.12883899 0.17027545 0.34945327
v -0.11665648 0.17951030 0.34788734
v -0.12884676 0.18558636 0.35772449
v -0.10233779 0.19884185 0.35501277
v -0.10070856 0.20034145 0.35513893
v -0.08527095 0.18561098 0.33499107
v -0.10023206 0.17926815 0.34018707
v -0.10024978 0.19890882 0.35410306
v -0.07163429 0.18561536 0.32499766
v -0.06053099 0.18561903 0.31879371
v -0.04976575 0.19655493 0.30233938
v -0.07681856 0.19596124 0.33661723
v -0.06219099 0.20450786 0.33233988
v -0.09962636 0.20050897 0.35480464
v -0.07697351 0.21417929 0.34542084
v -0.05280674 0.20511402 0.32749933
v -0.04727169 0.20412759 0.30740079
v -0.04610074 0.21419474 0.32748759
v -0.06205800 0.21418607 0.33689359
v -0.05503545 0.21187724 0.33211544
v -0.05412356 0.21741481 0.33393353
v -0.05376770 0.20526668 0.29899365
v -0.04305337 0.20831461 0.29897466
v -0.03741695 0.22284071 0.31020868
v -0.02529714 0.21960849 0.29893994
v -0.03593841 0.22853279 0.32746789
v -0.01892122 0.23389313 0.31760937
v 0.01228523 0.22669677 0.30247104
v -0.01168515 0.23717426 0.31595990
v 0.00261112 0.22275846 0.29889897
v -0.01448306 0.22758657 0.30559972
v 0.01408261 0.21610257 0.29888257
v 0.06507077 0.19685577 0.30188692
v 0.01553156 0.22704668 0.30176875
v 0.03156249 0.21975702 0.29885867
v 0.01408341 0.23199774 0.30587286
v 0.04180377 0.24108253 0.31393316
v 0.06967530 0.20145097 0.30187243
v 0.06919423 0.22646244 0.30284771
v 0.04339996 0.24126792 0.31383851
v 0.05251198 0.20927808 0.29883581
v 0.05057411 0.21817142 0.29883552
v 0.04264987 0.22941837 0.30642843
v 0.07120466 0.19848819 0.30167827
v 0.07770573 0.19666626 0.30205595
v 0.07285877 0.20157477 0.30211803
v 0.08314791 0.20588705 0.29880512
v 0.07339405 0.22630242 0.30315864
v 0.08540467 0.22138482 0.29879883
v 0.07121565 0.23115085 0.30413651
v 0.08085982 0.23330116 0.30361357
v 0.12834084 0.23860928 0.29877305
v 0.20745325 0.21090537 0.29876685
v 0.21394789 0.20822127 0.30172974
v 0.22673127 0.19199914 0.30664301
v 0.19542906 0.22343272 0.29876444
v 0.18542819 0.23100241 0.29876426
v 0.18969718 0.23057619 0.30089498
v 0.21199238 0.21415606 0.30267692
v 0.20925850 0.23334432 0.31767383
v 0.22234187 0.21414794 0.31555986
v 0.23003247 0.21229522 0.32357299
v 0.22933684 0.21529350 0.32495931
v 0.23131137 0.21414115 0.32725790
v 0.22554684 0.21942993 0.32461739
v 0.22961855 0.21701598 0.32725543
v 0.24244276 0.18883187 0.32080191
v 0.24623430 0.18557815 0.32539567
v 0.25222534 0.18557505 0.33219099
v 0.24523400 0.19118573 0.32728472
v 0.26440239 0.18229495 0.34483272
v 0.27094576 0.16897014 0.34988102
v 0.26308781 0.18950698 0.34547985
v 0.27094471 0.18556874 0.35347617
v 0.25029269 0.20772904 0.34006339
v 0.24594229 0.22488716 0.34871194
v -0.07165620 0.22570345 0.35028005
v -0.05827905 0.23607418 0.34842205
v -0.07165332 0.24274889 0.35721725
v -0.04880180 0.25418121 0.35313678
v -0.04495353 0.25893366 0.35222557
v -0.03200940 0.24276617 0.33296907
v -0.04305854 0.23835635 0.33626932
v -0.04306421 0.25232261 0.34655440
v -0.01448217 0.24276818 0.31951222
v -0.00434803 0.24276853 0.31821305
v -0.02145928 0.25671750 0.33472949
v -0.00421523 0.26329786 0.33141953
v -0.03979068 0.26032266 0.34944376
v -0.02163523 0.27133560 0.34169024
v 0.00593477 0.25906950 0.32739449
v 0.02163383 0.27133137 0.32737160
v -0.00408437 0.27133489 0.33516189
v 0.00168746 0.26944792 0.33116311
v 0.00254121 0.27407390 0.33287019
v 0.01408742 0.25268021 0.30759662
v 0.03826764 0.24277177 0.31528041
v 0.02344274 0.26640588 0.31753826
v 0.04264820 0.24277149 0.31437179
v 0.03638663 0.25529307 0.31934610
v 0.04476219 0.24699727 0.31519654
v 0.04470122 0.24277109 0.31411123
v 0.02694630 0.27275071 0.32452980
v 0.03075064 0.27133071 0.32260174
v 0.02668774 0.27468768 0.32736588
v 0.02974774 0.27409860 0.32598063
v 0.05016800 0.27132690 0.31383389
v 0.06513156 0.26313791 0.31098181
v 0.06137913 0.27577037 0.31845930
v 0.05228043 0.28062093 0.32270619
v 0.06779853 0.29308844 0.32733220
v 0.07122719 0.25348756 0.30591512
v 0.08333510 0.25098422 0.30484405
v 0.07527051 0.26108548 0.30688006
v 0.09978350 0.25420237 0.30732173
v 0.11661017 0.25115794 0.30462936
v 0.07893440 0.27789119 0.31420547
v 0.09343629 0.27131805 0.31147531
v 0.07323170 0.29582772 0.32732877
v 0.09075831 0.28184879 0.32204896
v 0.10843682 0.27131259 0.31607360
v 0.12236190 0.26299831 0.31070033
v 0.11695234 0.27421814 0.32147565
v 0.11071579 0.27796188 0.32396847
v 0.11788492 0.27900425 0.32728222
v 0.12834136 0.25398958 0.30481863
v 0.13952053 0.25142050 0.30435008
v 0.13799672 0.26670158 0.31808478
v 0.16490245 0.25882131 0.32103258
v 0.15687269 0.24983704 0.30946660
v 0.16453156 0.24655677 0.30919164
v 0.16883263 0.26670256 0.32953662
v 0.14143789 0.27245405 0.32497492
v 0.15066953 0.27130097 0.32726148
v 0.14390184 0.27130377 0.32464176
v 0.14098492 0.27450433 0.32726875
v 0.14340937 0.27295569 0.32644293
v 0.14427994 0.27469951 0.32896066
v 0.17528184 0.26296598 0.32724497
v 0.16865405 0.27129138 0.33218223
v 0.17358518 0.26882291 0.33216491
v 0.18540633 0.24855496 0.31560865
v 0.20116301 0.24271500 0.31937531
v 0.19111297 0.25417557 0.32724681
v 0.21392205 0.24270923 0.32823324
v 0.20933259 0.25187322 0.33692223
v 0.21684408 0.24858762 0.33855516
v 0.22246930 0.24270479 0.33721489
v 0.21389395 0.26268315 0.35145482
v 0.22580697 0.24866705 0.34744284
v 0.19349836 0.26512355 0.33953288
v 0.24241883 0.23169753 0.34920460
v 0.24639893 0.23041269 0.35376155
v -0.01449623 0.28733775 0.34796458
v -0.00497521 0.29515007 0.34642777
v -0.01450044 0.29991156 0.35428226
v 0.01098937 0.31265670 0.35437837
v 0.01367105 0.31457871 0.35513446
v 0.03166524 0.29990193 0.33615190
v 0.01407672 0.29483759 0.33751053
v 0.01406051 0.31278253 0.35309380
v 0.04263218 0.29990065 0.33207718
v 0.04026536 0.30462664 0.33925936
v 0.04535333 0.30535448 0.33888680
v 0.06460485 0.29989508 0.33062661
v 0.04261836 0.32328895 0.35329157
v 0.01453780 0.31467178 0.35494754
v 0.06630738 0.31905290 0.34611785
v 0.08297418 0.29988590 0.33320194
v 0.07119737 0.29901284 0.32908967
v 0.07119636 0.30160880 0.33075768
v 0.09975734 0.29987526 0.33810592
v 0.09852324 0.30233881 0.34033716
v 0.10064869 0.30166179 0.34067202
v 0.10385866 0.29987323 0.33951285
v 0.09975132 0.30801514 0.34562936
v 0.10966784 0.30482966 0.34650689
v 0.07585317 0.31883457 0.34652811
v 0.12830780 0.29340383 0.34017849
v 0.14440727 0.29363397 0.34773010
v 0.15684456 0.28899541 0.34692124
v 0.15684272 0.29985183 0.35684800
v -0.10754105 -0.00043744 0.38451838
v -0.10517594 -0.00508971 0.40326977
v -0.05842136 -0.01641544 0.38356954
v -0.05877433 -0.01711881 0.38583937
v -0.07175967 -0.02686233 0.40685430
v -0.04747685 -0.03092164 0.41090205
v -0.10026672 0.00647028 0.36932725
v -0.10025092 0.01766735 0.35604936
v -0.08633366 0.00677959 0.36298311
v -0.07778979 -0.01449248 0.38452324
v -0.08676837 -0.01299023 0.38452065
v -0.08520183 -0.01286374 0.38370833
v -0.08567788 -0.01381405 0.38485986
v -0.08744240 -0.01307067 0.38735825
v -0.08528995 -0.01449432 0.38597521
v -0.05893024 -0.01448686 0.38158619
v -0.05650444 -0.01640186 0.38452831
v -0.05640240 -0.01554264 0.38242471
v -0.05386665 -0.01089742 0.37738025
v -0.03933448 -0.01448506 0.38453391
v -0.07170679 0.00166146 0.36407387
v -0.04320736 -0.03036600 0.40987790
v -0.03978506 -0.03049721 0.41132396
v -0.01464055 -0.02405675 0.40826190
v -0.05195365 0.00422879 0.36042610
v -0.04314400 0.00220166 0.36077973
v -0.04313656 0.00801792 0.35603413
v -0.03350860 0.00464590 0.36084720
v -0.02942643 -0.01342303 0.38453686
v -0.02761811 -0.01192660 0.38326436
v -0.02842224 -0.01353227 0.38501123
v -0.03246357 -0.01804662 0.39163774
v -0.02936272 -0.01401805 0.38546464
v -0.02772287 -0.01448287 0.38688487
v -0.00581888 -0.00347901 0.37906682
v -0.00290398 -0.00933866 0.38710439
v 0.00519887 -0.00339366 0.38454771
v -0.00554052 -0.01447514 0.39490497
v 0.00384037 -0.01028716 0.39289260
v -0.01459008 0.00323120 0.36487144
v -0.00273031 0.00818776 0.36438102
v 0.01395797 0.00823247 0.37280059
v 0.01397953 0.02256416 0.35604420
v 0.01992493 0.00215480 0.38455391
v 0.03734951 0.00379103 0.39366290
v 0.02141700 -0.00766251 0.39812809
v 0.04638258 0.00637193 0.39495403
v 0.06889810 -0.00232714 0.40878382
v 0.09484738 0.00461332 0.39409274
v 0.07329357 -0.00240253 0.40863225
v 0.10477267 0.00379582 0.39368427
v 0.12613024 0.01011797 0.38457912
v 0.12180857 -0.00647267 0.40048671
v 0.15664905 -0.02111652 0.40980536
v 0.12814635 0.01233023 0.38093337
v 0.13044970 0.00953467 0.38457969
v 0.14900827 -0.00118682 0.39119762
v 0.13501586 -0.00703501 0.39935717
v 0.15219784 -0.01441802 0.40422809
v 0.16501927 -0.00257088 0.39051121
v 0.18074489 0.00521401 0.38459438
v 0.16173990 -0.01441558 0.40297818
v 0.17763337 -0.00769959 0.39800870
v 0.18521990 0.00986088 0.37600118
v 0.18888709 0.00681417 0.38459384
v 0.20922473 0.00506733 0.39432091
v 0.19179738 -0.00671436 0.39996874
v 0.21716920 0.00738404 0.39547530
v -0.14639103 0.04266297 0.38452348
v -0.15965940 0.06673782 0.38452378
v -0.16082639 0.05353682 0.40621486
v -0.14452554 0.03986281 0.38452441
v -0.14549673 0.04029055 0.37979582
v -0.13763879 0.03826437 0.35605893
v -0.13854115 0.03349565 0.37995699
v -0.12629351 0.01918047 0.37282741
v -0.12882906 0.02797831 0.36337426
v -0.12190022 0.01408928 0.37374777
v -0.11799529 0.01951446 0.36489165
v -0.13888080 0.03416248 0.38875538
v -0.12606788 0.01964736 0.39598319
v -0.12131822 0.01408087 0.39500058
v -0.11696307 0.00812571 0.40468141
v -0.12885886 0.01407709 0.41267103
v -0.12885091 0.01965210 0.40153250
v -0.12448704 0.01626247 0.40093046
v -0.14924522 0.04879629 0.37231103
v -0.14674185 0.05163483 0.35605729
v -0.15740055 0.06379786 0.36970013
v -0.15739012 0.07137515 0.35605288
v -0.15343606 0.05893527 0.35802713
v -0.14589334 0.03989664 0.39003527
v 0.03676425 0.01413129 0.37317535
v 0.03090719 0.01994908 0.36450231
v 0.04251669 0.01413099 0.37723187
v 0.04140135 0.01636938 0.37141982
v 0.04410049 0.01729936 0.37188190
v 0.04253039 0.02571356 0.36451387
v 0.07003925 0.01413778 0.38509542
v 0.04250921 -0.00039707 0.40605327
v 0.07087138 0.01455053 0.38457754
v 0.06649484 0.03303139 0.36520186
v 0.05048527 0.03874583 0.35601172
v 0.07188727 0.01413865 0.38498330
v 0.07132427 0.01463326 0.38457751
v 0.07107559 0.01309508 0.38665855
v 0.07107692 0.01428490 0.38487038
v 0.07110019 0.04387461 0.35600328
v 0.07628086 0.03363094 0.36639580
v 0.09961456 0.01414780 0.38484725
v 0.09413221 0.02515077 0.37578809
v 0.10458261 0.02408905 0.37525851
v 0.12192641 0.01415377 0.38146573
v 0.09958110 -0.01212214 0.41196156
v 0.09611468 0.04449268 0.35600272
v 0.09871729 0.04273183 0.35783151
v 0.10041516 0.04273223 0.35757565
v 0.12548283 0.03112638 0.36137289
v 0.10186842 0.04385427 0.35600555
v 0.09963053 0.04385626 0.35656512
v 0.12814905 0.01976126 0.37338409
v 0.14139199 0.01415767 0.37795907
v 0.12815370 0.03565397 0.35602817
v 0.13036118 0.03066459 0.36044940
v 0.13932581 0.03404956 0.35603559
v 0.15667829 0.01416118 0.37491614
v 0.15496746 0.01759130 0.37202948
v 0.15831766 0.01744090 0.37195557
v 0.15668365 0.02342003 0.36569557
v 0.16732350 0.01416161 0.37564278
v 0.18453440 0.02916204 0.35746253
v 0.18064404 0.03075761 0.35605279
v 0.18523517 0.02570657 0.36154556
v 0.19855204 0.01416518 0.37793660
v 0.18523996 0.03078999 0.35605413
v 0.18615875 0.02937724 0.35789210
v 0.19350414 0.03259271 0.35605493
v 0.21378171 0.01417080 0.38340926
v 0.21024369 0.02126125 0.37386858
v 0.21890396 0.02440407 0.37543356
v 0.21379739 0.03306979 0.36089098
v 0.22454682 0.01417345 0.39348602
v 0.21376222 -0.00706111 0.40948880
v 0.23490396 0.00362004 0.40944278
v 0.23490968 0.02908064 0.38458398
v 0.23418546 0.03664727 0.37239432
v 0.23807698 0.05273068 0.36462671
v 0.25297955 0.04275751 0.38458705
v 0.21882218 0.04024015 0.35605657
v 0.22519988 0.04844389 0.35604614
v 0.24235079 0.02005402 0.39632809
v 0.25656679 0.02137118 0.40605348
v 0.27091393 0.03456943 0.40905342
v 0.23757938 0.05943149 0.35843015
v 0.24237989 0.05963010 0.36122304
v 0.24238248 0.06681867 0.35602036
v 0.25563684 0.04477640 0.38458663
v 0.25811687 0.04570653 0.38605869
v 0.25541484 0.04153001 0.38704738
v 0.25596192 0.04344219 0.38595372
v 0.25932890 0.04276211 0.38996047
v 0.27695286 0.05927320 0.39282137
v 0.27472180 0.04277415 0.40554401
v -0.17780319 0.08760014 0.37847102
v -0.16466543 0.07123212 0.38091397
v -0.16411494 0.08217198 0.35939971
v -0.17670117 0.08981124 0.38953328
v -0.16304275 0.07122923 0.38733122
v -0.16575377 0.06110634 0.40885863
v -0.18599406 0.08863284 0.40749419
v -0.17541888 0.07651688 0.40406179
v -0.18932259 0.09980474 0.38456988
v -0.19671230 0.10696244 0.38815016
v -0.19539011 0.09980551 0.39434677
v -0.18170154 0.09981699 0.36461523
v -0.18106836 0.11852390 0.37523210
v -0.17141563 0.09254257 0.35605991
v -0.16834265 0.10864839 0.35605776
v -0.16698354 0.11889867 0.36082351
v -0.15741682 0.12787880 0.35605162
v 0.26506025 0.07132239 0.37321725
v 0.26014969 0.07671606 0.36488199
v 0.26482052 0.09681943 0.35596699
v 0.27093190 0.07132781 0.37832171
v 0.26834083 0.07651527 0.37286693
v 0.27834255 0.08615110 0.37767312
v 0.28336358 0.07133933 0.39261711
v 0.28833979 0.06262904 0.40756142
v 0.26746601 0.10162276 0.35595822
v 0.26964691 0.09988315 0.35855216
v 0.27560183 0.09988771 0.36528796
v 0.28833520 0.09364066 0.38453412
v 0.28726742 0.09783835 0.38041234
v 0.28781661 0.10250562 0.37931007
v 0.29064363 0.09990108 0.38452941
v 0.29579335 0.12109543 0.38450873
v 0.27094287 0.10426679 0.35814607
v 0.29946655 0.08231086 0.40646893
v 0.30284008 0.08394831 0.41142556
v 0.28161627 0.12311356 0.36487585
v 0.30235916 0.08853361 0.40732080
v 0.30431664 0.10934342 0.40338105
v -0.21889701 0.14052223 0.41094434
v -0.21726345 0.14535247 0.40775400
v -0.21923786 0.16660915 0.40382442
v -0.20772554 0.12839034 0.38801160
v -0.21458583 0.13554284 0.39886075
v -0.18600588 0.12839384 0.37660757
v -0.18281101 0.13479404 0.37350774
v -0.18141992 0.12839533 0.37260064
v -0.19947962 0.15531394 0.38540116
v -0.20810699 0.11733560 0.40986565
v -0.19862467 0.15696648 0.38457641
v -0.19970082 0.15817750 0.38518223
v -0.20263378 0.15463695 0.38922489
v -0.20152339 0.15818340 0.38700676
v -0.19989161 0.15696605 0.38540348
v -0.17744330 0.15697855 0.37317264
v -0.15936136 0.14464125 0.35991654
v -0.16442084 0.16429465 0.36999202
v -0.17878455 0.17107537 0.37754518
v -0.15742591 0.14136535 0.35873568
v -0.15531290 0.14165416 0.35710865
v -0.15641724 0.14371938 0.35807115
v -0.15234920 0.14525181 0.35605663
v -0.15290968 0.16675438 0.36509392
v -0.14117727 0.16317245 0.35605592
v -0.15744156 0.17765436 0.36878735
v -0.14056846 0.17972258 0.36447448
v 0.29619074 0.12846600 0.38285723
v 0.28278497 0.13437970 0.36427778
v 0.29793507 0.12846741 0.38527167
v 0.29752868 0.13235691 0.38449523
v 0.29046816 0.15174899 0.37392414
v 0.28971201 0.16152939 0.37541109
v 0.29786438 0.15702069 0.38445807
v 0.29541847 0.17748807 0.38442200
v 0.27768296 0.15364163 0.35589051
v 0.27654874 0.15981761 0.35587746
v 0.29947260 0.12651211 0.38842046
v 0.29947186 0.13013238 0.38782832
v 0.30776569 0.11835570 0.40892559
v 0.30889612 0.13803159 0.40833038
v 0.28010562 0.18098189 0.36552903
v 0.30642810 0.14972715 0.39908576
v 0.30674964 0.16400635 0.39841920
v -0.22101691 0.17446619 0.40988955
v -0.21975911 0.19723928 0.41053119
v -0.21672890 0.20197718 0.40882975
v -0.20269948 0.18553656 0.39053196
v -0.21459416 0.17696333 0.40169990
v -0.21458650 0.19501287 0.40350854
v -0.18602248 0.18554562 0.38233817
v -0.17645387 0.20467341 0.37990135
v -0.17276856 0.18555433 0.37694544
v -0.19482858 0.20317769 0.39007401
v -0.18220155 0.21412373 0.38462967
v -0.18629615 0.24205622 0.39858031
v -0.20930785 0.20509934 0.40260804
v -0.19635801 0.21411796 0.39247179
v -0.17379737 0.21412764 0.38048485
v -0.16840157 0.21081182 0.37799785
v -0.16939498 0.21645418 0.37999439
v -0.17368004 0.21805383 0.38267577
v -0.15744190 0.19148687 0.37277552
v -0.13696001 0.18962768 0.36628038
v -0.15009180 0.20719993 0.37074795
v -0.12885359 0.19481650 0.36571476
v -0.14853275 0.21954238 0.37385428
v -0.15741050 0.24189131 0.38300127
v -0.13552049 0.21415350 0.36940682
v -0.13264793 0.23511477 0.37417024
v -0.12350586 0.21415737 0.36673900
v -0.10463357 0.22407424 0.36480248
v -0.12600075 0.23706201 0.37319547
v -0.10154787 0.20053113 0.35605186
v -0.10025238 0.20160592 0.35605100
v -0.09650867 0.22471091 0.36352760
v -0.08465210 0.22066410 0.35604328
v -0.10024931 0.23354715 0.36623746
v -0.08625791 0.23545009 0.36302805
v 0.26283026 0.21007565 0.35577855
v 0.27093309 0.20190495 0.36190200
v 0.29151684 0.18557021 0.38042909
v 0.27856374 0.18938388 0.36628255
v 0.29584518 0.18557234 0.38621721
v 0.25389007 0.22266522 0.35576349
v 0.24240848 0.23792204 0.35575047
v 0.25129724 0.23286852 0.36020476
v 0.26712480 0.21413015 0.36338091
v 0.26590967 0.23267345 0.37503374
v 0.28244299 0.21413015 0.37885481
v 0.28969064 0.20511059 0.38436958
v 0.28605464 0.21325962 0.38260931
v 0.28584531 0.21479255 0.38302329
v 0.28748217 0.21413137 0.38435227
v 0.28321359 0.21807118 0.38237071
v 0.28635111 0.21647042 0.38434693
v 0.29945320 0.18226950 0.39103526
v 0.29945278 0.18849656 0.39025623
v 0.31122729 0.17720591 0.40711534
v 0.31233513 0.19341779 0.40654200
v 0.30550480 0.20593202 0.40083361
v 0.30457520 0.22328968 0.40266436
v -0.18612529 0.24270225 0.39882672
v -0.18597254 0.24270231 0.39872292
v -0.15877901 0.24271679 0.38396811
v -0.18602335 0.24280399 0.39885229
v -0.18587747 0.24289235 0.39880821
v -0.18673454 0.24232124 0.39928180
v -0.18617450 0.24280323 0.39900345
v -0.18597226 0.24322748 0.39916462
v -0.15812823 0.24415517 0.38465095
v -0.16332591 0.26293266 0.40130383
v -0.15740950 0.24327138 0.38354522
v -0.15118983 0.24272093 0.38154307
v -0.15574339 0.24604960 0.38464969
v -0.12883291 0.24273205 0.37515345
v -0.12205669 0.24273416 0.37374520
v -0.13885018 0.26278386 0.38888621
v -0.11477488 0.27082890 0.38486367
v -0.14826426 0.26613814 0.39492905
v -0.13864326 0.27129990 0.39354020
v -0.11416439 0.27057391 0.38462207
v -0.11336107 0.27131212 0.38462108
v -0.11479122 0.27131149 0.38513729
v -0.11436686 0.27114537 0.38495445
v -0.11422966 0.27161548 0.38522834
v -0.10024109 0.24945584 0.37118804
v -0.08135053 0.24758831 0.36547357
v -0.09102160 0.26624644 0.37446773
v -0.07165583 0.25624165 0.36356127
v -0.08962481 0.27499157 0.37725013
v -0.07894920 0.27132189 0.37060627
v -0.09156626 0.28254265 0.38459027
v -0.07941396 0.28439140 0.37805095
v -0.06612483 0.27132505 0.36706379
v -0.04437164 0.28432772 0.35857615
v -0.06568796 0.28795144 0.37625039
v -0.04905815 0.26004022 0.35599717
v -0.04307336 0.27495539 0.35598782
v -0.04216867 0.28471640 0.35779783
v -0.03877640 0.28347534 0.35598189
v -0.04307924 0.28857642 0.36188734
v -0.03875769 0.28778386 0.35813844
v 0.12829833 0.30823898 0.35579285
v 0.18473831 0.28492987 0.35702154
v 0.18291321 0.28433481 0.35575277
v 0.18537317 0.28310961 0.35575140
v 0.21008806 0.26936671 0.35573831
v 0.21389028 0.26800728 0.35736737
v 0.23399706 0.25276828 0.35994932
v 0.18632348 0.28461301 0.35765222
v 0.18103428 0.28773886 0.35792187
v 0.18537265 0.28732643 0.35926676
v 0.21239790 0.27127022 0.35872027
v 0.20860821 0.28926402 0.37528387
v 0.21675642 0.27126944 0.36147499
v 0.23599230 0.26340303 0.36856416
v 0.23248741 0.27561799 0.37557262
v 0.24724811 0.27126536 0.38426900
v 0.22185308 0.28387225 0.37797636
v 0.23413554 0.28328848 0.38426498
v 0.24240330 0.25189230 0.36590672
v 0.26011798 0.24269415 0.37541896
v 0.25308767 0.26412442 0.38427493
v 0.27090743 0.24269372 0.38351095
v 0.26133898 0.26186872 0.38897642
v 0.27551511 0.25192806 0.39395899
v 0.28185397 0.24269676 0.39311439
v 0.29502106 0.25478059 0.41067323
v 0.25476909 0.26938036 0.38803768
v 0.25388536 0.27403507 0.38979977
v 0.26114088 0.27126595 0.39327088
v 0.27570662 0.27126601 0.40320498
v 0.29943970 0.23362061 0.40252155
v 0.30702642 0.23222294 0.40913531
v -0.12881848 0.28810287 0.40474322
v -0.11588477 0.29340395 0.40531412
v -0.12881784 0.29986089 0.41586724
v -0.07809485 0.29988587 0.39561474
v -0.10024306 0.29359788 0.39713269
v -0.07166641 0.29988956 0.39099136
v -0.05301960 0.29989898 0.37957755
v -0.07345691 0.30346429 0.39703098
v -0.06810091 0.30702338 0.39525366
v -0.08777642 0.30792731 0.40685615
v -0.07166756 0.31459433 0.40615523
v -0.04765218 0.30901814 0.38453010
v -0.04968438 0.32077622 0.39989829
v -0.04308956 0.30384415 0.37664551
v -0.03601146 0.31406504 0.38451499
v -0.02474195 0.30502504 0.36512092
v -0.02294304 0.31676388 0.37864923
v -0.01450994 0.31003568 0.36516345
v -0.02539029 0.32165125 0.38791311
v -0.00646658 0.32847852 0.38447362
v -0.03391425 0.32336640 0.39471462
v -0.02339256 0.32847708 0.39531362
v -0.00160508 0.32847872 0.38171920
v 0.00100179 0.32971182 0.38199818
v -0.00108875 0.33019289 0.38360909
v -0.00161015 0.33123398 0.38584182
v 0.00106875 0.33108023 0.38446113
v 0.01263975 0.31490111 0.35590923
v 0.01405749 0.31545743 0.35590717
v 0.02668251 0.32050318 0.35589367
v 0.04261621 0.32715857 0.35653222
v 0.02345700 0.33334923 0.37470239
v 0.04116513 0.32846966 0.35877621
v 0.02326345 0.33859998 0.38443255
v 0.03322571 0.33828193 0.37952083
v 0.03639817 0.34464282 0.39248961
v 0.04353825 0.32846865 0.35772091
v 0.06521172 0.33678442 0.36774349
v 0.05029631 0.34163511 0.37782699
v 0.04714650 0.34791777 0.39411694
v 0.06516594 0.34503961 0.38438153
v 0.04523208 0.32715973 0.35587612
v 0.07117732 0.32815126 0.35584837
v 0.09037655 0.32375821 0.35583144
v 0.09974305 0.32309586 0.35849136
v 0.12410174 0.31204501 0.35789475
v 0.07727562 0.33662897 0.36803758
v 0.09604312 0.32844171 0.36321265
v 0.07730482 0.34473282 0.38437438
v 0.09066278 0.33887577 0.37914872
v 0.09567668 0.34892505 0.39457786
v 0.10474227 0.32843804 0.36581060
v 0.12418699 0.31825700 0.36400491
v 0.11782795 0.33225101 0.37669379
v 0.11013135 0.33619034 0.38046062
v 0.10512468 0.34618941 0.39320195
v 0.11820417 0.33683407 0.38432169
v 0.12829787 0.31236941 0.35933480
v 0.13635121 0.31010994 0.35980678
v 0.13770360 0.32356337 0.37458816
v 0.16697037 0.32013991 0.38014507
v 0.15683655 0.30811653 0.36589164
v 0.16528255 0.30407330 0.36580181
v 0.16965456 0.32551646 0.38572159
v 0.14154729 0.32943404 0.38227081
v 0.15203926 0.32842118 0.38428313
v 0.14364685 0.32842326 0.38210985
v 0.14141421 0.33070764 0.38428873
v 0.14320633 0.32972378 0.38363737
v 0.14400646 0.33132851 0.38573590
v 0.17455605 0.32149476 0.38427311
v 0.16916960 0.32841623 0.38813341
v 0.17262033 0.32689264 0.38731125
v 0.17574282 0.33306769 0.39355761
v 0.18536866 0.30482900 0.37432101
v 0.19859147 0.29984421 0.37765771
v 0.19188792 0.31290901 0.38427380
v 0.21388428 0.29984272 0.38436455
v 0.20689471 0.31384280 0.39153934
v 0.21853843 0.30916896 0.39386448
v 0.22744019 0.29984137 0.39173687
v 0.19524911 0.32402849 0.39302427
v 0.19046564 0.33758563 0.40257573
v 0.20774579 0.32841441 0.40051159
v 0.21781677 0.32841229 0.40490746
v 0.23948151 0.31704301 0.40697032
v 0.24238881 0.29409534 0.39573917
v 0.24238576 0.30950415 0.40354556
v 0.25764436 0.29320005 0.40516815
v 0.27089757 0.28199857 0.40746164
v 0.25010002 0.31026503 0.40892851
v 0.27089542 0.29984248 0.41656005
v 0.24431895 0.31606886 0.40891731
v -0.01452461 0.33948165 0.40752131
v 0.00573172 0.34690809 0.40885022
v 0.01403315 0.34672394 0.40505823
v 0.02766538 0.34957403 0.40614933
v 0.04258450 0.35064477 0.40186572
v 0.05094689 0.35284710 0.40284315
v 0.04257415 0.35703284 0.41090021
v 0.07114845 0.35145348 0.39549774
v 0.09255733 0.35343254 0.40218660
v 0.09971210 0.35192463 0.40114543
v 0.10859298 0.35256210 0.40303165
v 0.09970699 0.35700655 0.40760857
v 0.12826380 0.34785628 0.40256357
v 0.14033324 0.34875196 0.40678364
v 0.15681273 0.34534556 0.40433988
v 0.17620787 0.34727681 0.40821594
v 0.15680721 0.35698977 0.41559237
v 0.18535477 0.34528461 0.40761828
v 0.19078536 0.34541661 0.41006744
v 0.21387899 0.33531028 0.40933269
v -0.04320948 -0.03180979 0.41303137
v -0.13366979 0.01167265 0.42485017
v -0.10706582 -0.00359560 0.41298652
v -0.12886736 0.00869980 0.42456296
v -0.10031188 -0.00917816 0.41298610
v -0.08559997 -0.02142864 0.41300228
v -0.07176785 -0.03204321 0.42175972
v -0.05086890 -0.03261895 0.41685009
v -0.03361156 -0.03358576 0.41782981
v -0.01464836 -0.03311453 0.42233706
v 0.00304367 -0.02332713 0.41304433
v 0.01392953 -0.01995355 0.41305035
v 0.03299627 -0.00971629 0.41306543
v 0.06161337 -0.00489705 0.41308957
v 0.04250327 -0.00786604 0.41636598
v 0.07105356 -0.00529154 0.41309783
v 0.09409720 -0.01169945 0.41311657
v 0.10127173 -0.01359510 0.41312161
v 0.09957905 -0.01358861 0.41354740
v 0.12811369 -0.02046154 0.41314211
v 0.14109270 -0.02221280 0.41314766
v 0.15664411 -0.02515389 0.41851720
v 0.17031048 -0.02124694 0.41315556
v 0.18519668 -0.01874078 0.41315559
v 0.20923415 -0.01213166 0.41315633
v 0.21375747 -0.01210500 0.41430119
v 0.24000996 0.00107103 0.41432726
v 0.24233784 0.00359924 0.41316396
v -0.16247466 0.05441512 0.41300756
v -0.13950463 0.01939885 0.42193955
v -0.15742390 0.04642606 0.41300601
v -0.14886987 0.03264523 0.41300416
v -0.17376776 0.06512420 0.42118496
v 0.26841024 0.01545616 0.42620584
v 0.27090472 0.01965095 0.42472953
v 0.27694160 0.03976069 0.41314900
v 0.28340262 0.04902586 0.41314155
v 0.29252356 0.06053897 0.41660178
v 0.29946345 0.07475679 0.41312134
v -0.19653125 0.09453932 0.41308373
v -0.18598960 0.08049794 0.42269427
v -0.18161346 0.07342843 0.42511785
v -0.20561241 0.10961549 0.41308993
v -0.21458250 0.12786564 0.41309464
v -0.21088552 0.11594535 0.41493571
v 0.30434993 0.08319300 0.41555938
v 0.30446914 0.08814415 0.41311193
v 0.30805373 0.10990052 0.41308948
v 0.31173262 0.12034358 0.41921628
v -0.21900736 0.14046730 0.41530108
v -0.21942241 0.14509557 0.41309261
v -0.22312589 0.16698888 0.41309312
v -0.22439674 0.17616326 0.41799003
v 0.31304228 0.13595699 0.41985255
v 0.31188548 0.14897686 0.41304380
v 0.31252483 0.16476649 0.41302854
v 0.32058984 0.18189806 0.42360002
v -0.22272500 0.19575891 0.41717565
v -0.21907115 0.20207544 0.41311473
v -0.21457142 0.21151906 0.41311818
v -0.20762864 0.22494020 0.41312400
v -0.20625116 0.23255998 0.41726431
v 0.32142329 0.18887445 0.42401022
v 0.31851774 0.20941888 0.41298169
v 0.31671864 0.21978670 0.41296512
v 0.29942879 0.25225183 0.41288969
v 0.31670225 0.23707108 0.42157659
v -0.19705990 0.24824411 0.42184865
v -0.18596011 0.26056862 0.41847515
v -0.17640001 0.26649541 0.41313893
v -0.15738940 0.28193060 0.41312897
v -0.15439038 0.28406793 0.41312718
v -0.15171383 0.28840429 0.41595277
v -0.10025021 0.30987203 0.41308922
v 0.29788789 0.25621790 0.41365167
v 0.29524821 0.25907990 0.41287434
v 0.28262576 0.27714464 0.41283137
v 0.28241974 0.29406989 0.42132488
v -0.13581134 0.30335066 0.42386839
v -0.12881741 0.30700818 0.42378789
v -0.10709921 0.31072605 0.41650784
v -0.09664800 0.31235483 0.41488063
v -0.07166740 0.32418782 0.41520298
v -0.06401118 0.32463032 0.41306567
v -0.04309338 0.33555266 0.41305301
v -0.03539078 0.33890107 0.41304624
v -0.01454056 0.35154274 0.42454118
v -0.00692287 0.35322058 0.42346823
v 0.01402760 0.35036770 0.41298154
v 0.07113136 0.36168465 0.41290653
v 0.12825668 0.35559919 0.41283041
v 0.18535024 0.34946874 0.41278136
v 0.20694001 0.35350889 0.42357942
v 0.22470140 0.33383390 0.41277757
v 0.21387134 0.35150507 0.42431128
v 0.24238572 0.32245225 0.41278344
v 0.24874716 0.31732082 0.41278568
v 0.27089453 0.30874023 0.42263335
v 0.27814898 0.30347806 0.42345423
v 0.03267356 0.36197984 0.42227486
v 0.04255832 0.36515301 0.42314672
v 0.05744348 0.36446679 0.41975245
v 0.08289455 0.36541608 0.41877112
v 0.09969684 0.36704093 0.42213112
v 0.11243133 0.36337227 0.42076141
v 0.14453368 0.36313188 0.42094511
v 0.15680203 0.36408234 0.42351755
v 0.16556548 0.36137155 0.42267689
f 43 31 33
f 43 48 31
f 38 22 21
f 23 21 27
f 44 21 23
f 38 21 44
f 22 27 21
f 45 34 39
f 40 39 34
f 1 52 56
f 2 41 35
f 53 2 35
f 3 52 1
f 2 53 4
f 5 4 3
f 32 54 36
f 31 48 51
f 54 32 55
f 55 32 61
f 57 54 55
f 57 55 62
f 56 57 58
f 61 62 55
f 33 37 34
f 36 37 33
f 35 37 36
f 54 52 53
f 56 60 1
f 6 72 76
f 60 7 1
f 1 7 3
f 9 8 7
f 10 72 6
f 9 73 11
f 12 11 10
f 58 66 71
f 56 58 59
f 74 59 75
f 75 59 81
f 77 74 75
f 77 75 82
f 76 77 78
f 81 82 75
f 73 60 74
f 74 72 73
f 76 80 6
f 80 13 6
f 6 13 10
f 15 14 13
f 93 98 16
f 15 93 16
f 78 87 92
f 76 78 79
f 94 79 95
f 95 79 105
f 96 94 95
f 96 95 106
f 100 94 96
f 105 106 95
f 93 80 94
f 98 100 102
f 98 102 99
f 102 100 101
f 18 17 99
f 118 19 103
f 118 120 20
f 19 118 20
f 120 124 20
f 97 111 117
f 116 101 97
f 116 97 117
f 128 119 121
f 128 136 119
f 99 104 103
f 101 104 102
f 118 103 125
f 102 104 99
f 120 118 125
f 125 129 130
f 119 136 141
f 140 121 119
f 140 119 141
f 143 127 123
f 121 123 122
f 143 123 146
f 147 142 144
f 145 144 142
f 142 147 152
f 155 142 152
f 155 145 142
f 24 209 211
f 26 201 199
f 210 26 199
f 28 209 24
f 26 210 29
f 30 29 28
f 211 209 216
f 218 224 212
f 203 200 206
f 210 199 217
f 219 200 203
f 202 206 200
f 217 219 220
f 220 216 217
f 218 216 220
f 213 47 25
f 47 213 230
f 47 46 25
f 49 47 230
f 47 49 46
f 49 50 48
f 23 24 25
f 27 30 28
f 43 45 46
f 45 44 46
f 214 213 211
f 211 212 214
f 215 214 212
f 231 230 232
f 234 231 232
f 233 234 232
f 63 64 51
f 63 65 64
f 64 61 51
f 67 69 66
f 68 69 67
f 66 62 67
f 83 84 71
f 83 85 84
f 84 81 71
f 88 90 87
f 89 90 88
f 87 82 88
f 107 108 92
f 168 265 172
f 265 168 262
f 107 109 108
f 108 105 92
f 112 114 111
f 113 114 112
f 111 106 112
f 262 266 265
f 265 266 267
f 172 265 268
f 181 281 185
f 281 181 278
f 265 267 268
f 278 282 281
f 281 282 283
f 185 281 284
f 281 283 284
f 132 133 117
f 132 134 133
f 133 137 131
f 137 139 136
f 138 139 137
f 131 129 116
f 128 130 131
f 130 129 131
f 149 150 141
f 151 150 338
f 150 151 148
f 151 339 153
f 339 151 338
f 148 151 153
f 148 146 140
f 154 152 153
f 147 146 148
f 338 331 340
f 331 341 340
f 339 344 343
f 343 344 346
f 344 345 346
f 341 342 340
f 343 349 154
f 349 156 154
f 157 155 156
f 158 157 156
f 355 361 159
f 158 355 159
f 361 366 159
f 346 345 348
f 343 346 347
f 356 347 357
f 348 347 346
f 359 356 357
f 359 357 369
f 362 356 359
f 355 349 356
f 361 362 364
f 364 362 363
f 360 375 381
f 380 363 360
f 380 360 381
f 382 368 365
f 363 365 364
f 382 365 383
f 382 383 392
f 254 407 258
f 407 254 404
f 404 408 407
f 407 408 409
f 258 407 410
f 270 423 274
f 423 270 420
f 407 409 410
f 420 424 423
f 423 424 425
f 274 423 426
f 285 438 289
f 438 285 435
f 423 425 426
f 435 439 438
f 438 439 440
f 289 438 441
f 302 453 306
f 453 302 450
f 438 440 441
f 450 454 453
f 453 454 455
f 306 453 456
f 317 469 321
f 469 317 466
f 453 455 456
f 466 470 469
f 469 470 471
f 321 469 472
f 469 471 472
f 411 516 415
f 516 411 513
f 513 517 516
f 516 517 518
f 415 516 519
f 427 531 431
f 531 427 528
f 516 518 519
f 528 532 531
f 531 532 533
f 431 531 534
f 442 546 446
f 546 442 543
f 531 533 534
f 543 548 546
f 547 550 555
f 446 546 549
f 457 566 461
f 566 457 561
f 204 560 570
f 557 547 555
f 547 557 556
f 555 558 557
f 562 565 567
f 567 568 566
f 565 578 580
f 567 565 580
f 576 560 207
f 207 560 204
f 569 473 462
f 473 474 462
f 569 588 473
f 475 591 479
f 589 474 473
f 588 589 473
f 566 568 569
f 583 590 588
f 583 568 582
f 582 584 583
f 591 589 592
f 599 592 600
f 590 597 600
f 592 590 600
f 570 560 577
f 595 606 571
f 479 591 594
f 491 614 495
f 614 491 611
f 577 560 576
f 591 593 594
f 611 615 614
f 614 615 616
f 610 596 587
f 576 586 587
f 595 577 596
f 572 222 205
f 222 221 205
f 495 614 617
f 222 226 221
f 226 228 224
f 227 228 226
f 614 616 617
f 203 204 205
f 206 208 207
f 218 220 221
f 220 219 221
f 574 572 570
f 570 571 574
f 573 572 574
f 575 574 571
f 573 574 575
f 225 224 228
f 520 654 524
f 654 520 651
f 651 655 654
f 654 655 656
f 524 654 657
f 535 669 539
f 669 535 666
f 654 656 657
f 666 670 669
f 669 670 671
f 539 669 672
f 550 559 555
f 684 551 681
f 669 671 672
f 681 686 684
f 684 686 687
f 559 558 555
f 685 559 684
f 579 578 558
f 685 698 579
f 585 581 701
f 578 581 580
f 698 699 579
f 701 581 699
f 693 705 700
f 698 685 692
f 701 699 702
f 702 703 701
f 700 705 706
f 702 700 706
f 585 584 582
f 704 585 701
f 598 597 584
f 704 715 598
f 597 601 600
f 715 716 598
f 600 601 599
f 718 601 716
f 711 712 710
f 701 703 704
f 710 703 709
f 709 711 710
f 715 717 716
f 718 719 720
f 602 718 721
f 618 733 622
f 733 618 730
f 718 720 721
f 730 734 733
f 733 734 735
f 622 733 736
f 733 735 736
f 376 370 377
f 369 370 376
f 376 378 375
f 377 378 376
f 375 369 376
f 385 386 381
f 385 387 386
f 386 389 384
f 389 751 391
f 384 389 391
f 751 752 391
f 384 383 380
f 393 384 391
f 391 752 393
f 392 393 394
f 757 751 753
f 757 753 758
f 757 758 759
f 760 752 762
f 760 762 764
f 760 764 761
f 764 762 763
f 419 395 761
f 766 419 761
f 658 783 662
f 783 658 780
f 780 784 783
f 783 784 785
f 772 763 759
f 772 759 773
f 662 783 786
f 673 798 677
f 798 673 795
f 783 785 786
f 795 799 798
f 798 799 800
f 763 765 764
f 779 765 787
f 764 765 761
f 677 798 801
f 688 815 694
f 815 688 812
f 779 787 802
f 798 800 801
f 812 816 815
f 815 816 817
f 694 815 818
f 707 705 693
f 713 708 831
f 707 708 705
f 705 708 706
f 815 817 818
f 828 832 831
f 831 832 833
f 713 711 709
f 711 713 714
f 712 711 714
f 722 846 726
f 846 722 843
f 831 833 834
f 843 847 846
f 846 847 848
f 726 846 849
f 846 848 849
f 804 880 808
f 880 804 877
f 877 881 880
f 880 881 882
f 808 880 883
f 820 892 824
f 892 820 889
f 880 882 883
f 889 893 892
f 892 893 894
f 824 892 895
f 835 905 839
f 905 835 902
f 892 894 895
f 902 906 905
f 905 906 907
f 839 905 908
f 850 918 854
f 918 850 915
f 905 907 908
f 915 919 918
f 918 919 920
f 854 918 921
f 918 920 921
f 933 608 931
f 606 595 609
f 609 932 931
f 626 932 609
f 626 610 627
f 627 939 937
f 596 610 626
f 933 931 934
f 935 933 934
f 941 934 938
f 938 932 937
f 947 942 940
f 937 939 940
f 941 938 942
f 607 606 608
f 935 943 944
f 768 793 773
f 971 973 774
f 972 971 793
f 772 773 774
f 973 803 774
f 974 803 973
f 974 980 819
f 980 983 819
f 802 787 803
f 973 971 975
f 972 977 976
f 979 975 976
f 979 976 985
f 981 975 979
f 981 979 986
f 979 985 986
f 974 973 975
f 980 981 982
f 995 982 992
f 995 984 982
f 1003 945 1000
f 943 941 946
f 946 1001 1000
f 948 999 998
f 1002 948 998
f 1002 1001 949
f 949 1001 946
f 942 947 949
f 1003 1000 1004
f 1005 1003 1004
f 1010 1004 1007
f 998 999 1009
f 1002 998 1008
f 998 1009 1008
f 1011 1007 1008
f 1010 1007 1011
f 944 943 945
f 1005 1012 1013
f 989 987 990
f 985 987 989
f 989 1023 993
f 986 993 992
f 994 992 993
f 1027 1023 1024
f 1027 1024 1028
f 1023 1027 1026
f 1053 1060 1052
f 1052 1060 1066
f 1053 1052 1067
f 1068 1052 1066
f 1052 1068 1067
f 1066 1069 1068
f 1071 1073 1074
f 1074 1076 1071
f 1073 1082 1087
f 1074 1073 1087
f 1077 1075 1089
f 1090 1075 1088
f 1075 1090 1089
f 1088 1091 1090
f 1093 1095 1096
f 1096 1098 1093
f 1095 1104 1109
f 1096 1095 1109
f 1113 1114 1112
f 1099 1097 1111
f 1112 1114 1111
f 1112 1097 1110
f 1097 1112 1111
f 1110 1113 1112
f 1036 1136 1029
f 1026 1030 994
f 1143 1148 1142
f 1142 1148 1152
f 1045 1162 1048
f 1162 1045 1157
f 1143 1142 1153
f 1154 1142 1152
f 1142 1154 1153
f 1152 1155 1154
f 1158 1161 1163
f 1163 1164 1162
f 1161 1167 1171
f 1163 1161 1171
f 1165 1057 1049
f 1057 1061 1049
f 1063 1062 1060
f 1070 1062 1059
f 1058 1059 1057
f 1062 1063 1061
f 1058 1166 160
f 1058 160 163
f 163 164 1058
f 1070 1059 165
f 1162 1164 1165
f 1164 1166 1165
f 1174 1173 1172
f 160 1166 1173
f 160 161 163
f 161 160 1173
f 161 169 163
f 169 170 171
f 169 164 163
f 165 164 166
f 171 173 166
f 1069 1083 1084
f 1084 1082 1069
f 1083 1085 1084
f 1086 1082 1084
f 1085 1086 1084
f 1092 1088 1087
f 165 1083 1070
f 1085 167 176
f 176 177 1085
f 1092 1086 178
f 165 166 167
f 173 175 174
f 167 174 176
f 174 182 176
f 182 183 184
f 182 177 176
f 178 177 179
f 184 186 179
f 1091 1105 1106
f 1106 1104 1091
f 1105 1107 1106
f 1108 1104 1106
f 1107 1108 1106
f 1115 1110 1109
f 178 1105 1092
f 1107 180 189
f 189 190 1107
f 1115 1108 191
f 178 179 180
f 186 188 187
f 180 187 189
f 187 193 189
f 193 194 195
f 193 190 189
f 191 190 192
f 195 196 192
f 1113 1120 1121
f 1123 1183 1127
f 1180 1122 1121
f 1179 1180 1121
f 191 1120 1115
f 191 1176 1120
f 1182 1177 1181
f 1177 1182 1179
f 1177 1176 1178
f 1179 1176 1177
f 1181 1177 1178
f 1183 1180 1184
f 1184 1185 1183
f 1184 1182 1188
f 192 196 1178
f 197 198 1181
f 1181 198 1187
f 1186 1131 1128
f 1131 1132 1128
f 1186 1193 1131
f 1133 1196 1135
f 1194 1132 1131
f 1193 1194 1131
f 1183 1185 1186
f 1190 1195 1193
f 1190 1185 1189
f 1189 1191 1190
f 1196 1194 1197
f 1207 1197 1208
f 1195 1202 1208
f 1197 1195 1208
f 1135 1196 1199
f 1196 1198 1199
f 1030 996 994
f 997 995 996
f 996 1030 1031
f 1148 1156 1152
f 1242 1149 1237
f 1231 1247 1241
f 1231 1241 1238
f 1238 1241 1243
f 1243 1244 1242
f 1241 1247 1250
f 1243 1241 1250
f 1156 1155 1152
f 1245 1156 1242
f 1168 1167 1155
f 1170 1167 1168
f 1169 1170 1168
f 1175 1172 1171
f 1169 1246 245
f 1169 245 248
f 248 250 1169
f 1175 1170 251
f 1242 1244 1245
f 1244 1246 1245
f 1253 1252 1251
f 245 1246 1252
f 245 246 248
f 246 245 1252
f 246 255 248
f 255 256 257
f 255 250 248
f 251 250 252
f 257 259 252
f 1174 1172 1175
f 170 162 263
f 249 162 1174
f 253 249 251
f 249 263 162
f 170 168 171
f 264 262 263
f 251 252 253
f 259 261 260
f 253 260 264
f 260 271 264
f 271 272 273
f 266 271 273
f 183 175 279
f 172 175 173
f 268 280 279
f 183 181 184
f 280 278 279
f 275 277 276
f 276 267 275
f 276 286 280
f 286 287 288
f 282 286 288
f 194 188 293
f 185 188 186
f 284 294 293
f 293 295 194
f 299 296 295
f 296 196 195
f 295 298 299
f 290 292 291
f 291 283 290
f 291 303 294
f 303 304 305
f 303 298 294
f 299 298 300
f 305 307 300
f 1188 1187 1192
f 1192 1189 1188
f 198 197 310
f 299 297 296
f 301 297 299
f 297 310 197
f 310 312 198
f 198 312 1187
f 312 313 314
f 299 300 301
f 307 309 308
f 301 308 311
f 308 318 311
f 318 319 320
f 318 313 311
f 314 313 315
f 320 322 315
f 1191 1203 1204
f 1204 1202 1191
f 1203 1205 1204
f 1207 1209 1210
f 1206 1202 1204
f 1205 1206 1204
f 314 1203 1192
f 1205 316 327
f 327 328 1205
f 1215 1206 329
f 314 315 316
f 322 324 323
f 316 323 327
f 323 333 327
f 333 334 335
f 333 328 327
f 329 328 330
f 335 336 330
f 1215 1218 1209
f 1210 1209 1211
f 1219 1220 1211
f 1221 1263 1224
f 1261 1220 1219
f 1260 1261 1219
f 329 1218 1215
f 329 1255 1218
f 1256 1262 1260
f 1256 1255 1258
f 1260 1255 1256
f 1263 1261 1264
f 1274 1264 1275
f 1262 1269 1275
f 1264 1262 1275
f 336 1259 1258
f 330 336 1258
f 1224 1263 1266
f 1263 1265 1266
f 1030 1026 1032
f 1038 1037 1028
f 1029 1032 1026
f 1229 1288 1232
f 1288 1229 1287
f 1287 1291 1288
f 1289 1294 1297
f 1290 1248 1233
f 1290 1301 1248
f 1249 1247 1248
f 1254 1251 1250
f 1254 1249 397
f 1302 397 1249
f 1288 1289 1290
f 1298 1303 1301
f 1298 1289 1297
f 1297 1299 1298
f 1301 1303 1302
f 1302 1303 1304
f 1306 400 1304
f 1304 400 398
f 400 401 398
f 1253 1251 1254
f 256 247 405
f 396 247 1253
f 399 396 397
f 396 405 247
f 256 254 257
f 406 404 405
f 397 398 399
f 401 403 402
f 399 402 406
f 402 412 406
f 412 413 414
f 408 412 414
f 272 261 421
f 258 261 259
f 410 422 421
f 272 270 273
f 422 420 421
f 416 418 417
f 417 409 416
f 417 428 422
f 428 429 430
f 424 428 430
f 287 277 436
f 274 277 275
f 426 437 436
f 287 285 288
f 437 435 436
f 432 434 433
f 433 425 432
f 433 443 437
f 443 444 445
f 439 443 445
f 304 292 451
f 289 292 290
f 441 452 451
f 304 302 305
f 452 450 451
f 447 449 448
f 448 440 447
f 448 458 452
f 458 459 460
f 454 458 460
f 319 309 467
f 306 309 307
f 456 468 467
f 319 317 320
f 468 466 467
f 463 465 464
f 464 455 463
f 464 476 468
f 476 477 478
f 470 476 478
f 334 324 483
f 321 324 322
f 472 484 483
f 483 485 334
f 488 486 485
f 486 336 335
f 485 487 488
f 480 482 481
f 481 471 480
f 481 492 484
f 492 493 494
f 492 487 484
f 488 487 489
f 494 496 489
f 1259 1270 1257
f 1257 1270 1271
f 1271 1269 1257
f 1270 1272 1271
f 1274 1276 1277
f 1273 1269 1271
f 1272 1273 1271
f 1259 336 486
f 1272 490 499
f 499 500 1272
f 1281 1273 501
f 1315 1316 1310
f 1314 1315 1309
f 1315 1310 1309
f 488 489 490
f 496 498 497
f 490 497 499
f 497 502 499
f 502 500 499
f 500 502 1309
f 1281 1284 1276
f 1276 1284 1311
f 1284 1312 1311
f 501 1284 1281
f 501 1312 1284
f 1319 1320 1318
f 1311 1317 1313
f 1318 1320 1317
f 1316 1319 1318
f 1310 1312 501
f 1031 1030 1032
f 1029 1033 1032
f 1032 1033 1031
f 1138 1035 1033
f 1294 1300 1297
f 1333 1295 1332
f 1332 1336 1333
f 1334 1339 1342
f 1300 1299 1297
f 1335 1300 1333
f 1307 1305 1299
f 1335 1346 1307
f 1308 1305 1307
f 1305 1308 1306
f 1306 504 400
f 504 401 400
f 1347 506 1308
f 1333 1334 1335
f 1343 1348 1346
f 1343 1334 1342
f 1342 1344 1343
f 1346 1348 1347
f 1347 1348 1349
f 1351 509 1349
f 1349 509 507
f 509 510 507
f 413 403 514
f 506 505 504
f 508 505 506
f 505 514 403
f 413 411 414
f 515 513 514
f 506 507 508
f 510 512 511
f 508 511 515
f 511 521 515
f 521 522 523
f 517 521 523
f 429 418 529
f 415 418 416
f 519 530 529
f 429 427 430
f 530 528 529
f 525 527 526
f 526 518 525
f 526 536 530
f 536 537 538
f 532 536 538
f 444 434 544
f 431 434 432
f 534 545 544
f 444 442 445
f 545 543 544
f 540 542 541
f 541 533 540
f 541 552 545
f 552 553 554
f 548 552 554
f 550 548 554
f 459 449 563
f 446 449 447
f 549 564 563
f 459 457 460
f 564 561 563
f 556 564 549
f 556 562 564
f 561 564 562
f 461 465 463
f 461 462 465
f 475 477 474
f 477 475 478
f 599 603 593
f 493 482 612
f 479 482 480
f 594 613 612
f 493 491 494
f 613 611 612
f 603 605 604
f 604 593 603
f 604 619 613
f 619 620 621
f 615 619 621
f 1315 1314 1321
f 1321 1316 1315
f 503 498 631
f 495 498 496
f 617 632 631
f 631 633 503
f 503 633 1314
f 633 634 635
f 1358 1359 1355
f 1357 1358 1354
f 1358 1355 1354
f 623 625 624
f 624 616 623
f 624 636 632
f 636 634 632
f 634 636 1354
f 1319 1327 1328
f 1366 1329 1328
f 1365 1366 1328
f 1367 1329 1366
f 635 1327 1321
f 635 1356 1327
f 1361 1362 1360
f 1365 1356 1360
f 1359 1361 1360
f 1365 1368 1366
f 1368 1367 1366
f 1355 1356 635
f 1339 1345 1342
f 1383 1340 1381
f 1381 1386 1383
f 1384 1388 1393
f 1345 1344 1342
f 1385 1345 1383
f 1352 1350 1344
f 1385 1397 1352
f 1353 1350 1352
f 1350 1353 1351
f 1351 645 509
f 645 510 509
f 1398 647 1353
f 1383 1384 1385
f 1394 1399 1397
f 1394 1384 1393
f 1393 1395 1394
f 1397 1399 1398
f 1404 1405 1400
f 1399 1401 1404
f 647 1398 1400
f 522 512 652
f 647 646 645
f 648 646 647
f 646 652 512
f 522 520 523
f 653 651 652
f 1400 1405 1406
f 1407 1406 1405
f 648 649 653
f 649 648 1406
f 649 659 653
f 659 660 661
f 655 659 661
f 537 527 667
f 524 527 525
f 657 668 667
f 537 535 538
f 668 666 667
f 663 665 664
f 664 656 663
f 664 674 668
f 674 675 676
f 670 674 676
f 553 542 682
f 539 542 540
f 672 683 682
f 553 551 554
f 683 681 682
f 554 551 550
f 678 680 679
f 679 671 678
f 679 689 683
f 689 690 691
f 686 689 691
f 695 697 696
f 692 687 696
f 696 687 695
f 697 693 696
f 696 693 692
f 602 603 599
f 723 712 724
f 717 712 723
f 723 724 725
f 719 717 723
f 719 723 725
f 620 605 731
f 602 605 603
f 721 732 731
f 620 618 621
f 732 730 731
f 727 729 728
f 728 720 727
f 728 737 732
f 737 738 739
f 734 737 739
f 1358 1357 1364
f 1364 1359 1358
f 637 625 743
f 622 625 623
f 736 744 743
f 743 745 637
f 637 745 1357
f 745 746 747
f 1417 1419 1410
f 1414 1417 1409
f 1417 1410 1409
f 740 742 741
f 741 735 740
f 741 748 744
f 748 746 744
f 746 748 1409
f 1411 1413 1363
f 1362 1361 1363
f 1373 1412 1411
f 747 1373 1364
f 747 1412 1373
f 1422 1423 1421
f 1411 1420 1413
f 1421 1423 1420
f 1419 1422 1421
f 1410 1412 747
f 1388 1396 1393
f 1437 1389 1435
f 1435 1439 1437
f 1437 1439 1440
f 1396 1395 1393
f 1438 1396 1437
f 1402 1401 1395
f 1438 1448 1402
f 1403 1401 1402
f 1408 1405 1404
f 1408 1403 776
f 1449 776 1403
f 1444 1452 1450
f 1448 1438 1443
f 1448 1450 1449
f 1453 1456 1451
f 1450 1452 1453
f 776 1449 1451
f 1407 1405 1408
f 660 650 781
f 775 650 1407
f 777 775 776
f 775 781 650
f 660 658 661
f 782 780 781
f 1457 1461 1460
f 1451 1456 1459
f 1460 1461 1462
f 1460 778 1459
f 777 778 782
f 778 777 1459
f 788 778 1460
f 778 788 782
f 784 788 789
f 675 665 796
f 662 665 663
f 786 797 796
f 675 673 676
f 797 795 796
f 790 792 791
f 791 785 790
f 791 805 797
f 805 806 807
f 799 805 807
f 690 680 813
f 677 680 678
f 801 814 813
f 690 688 691
f 814 812 813
f 809 811 810
f 810 800 809
f 810 821 814
f 821 822 823
f 816 821 823
f 694 697 695
f 818 830 829
f 828 707 829
f 830 828 829
f 825 827 826
f 826 817 825
f 826 836 830
f 836 837 838
f 832 836 838
f 714 834 844
f 834 845 844
f 724 722 725
f 845 843 844
f 840 842 841
f 841 833 840
f 841 851 845
f 851 852 853
f 847 851 853
f 738 729 858
f 726 729 727
f 849 859 858
f 858 860 738
f 864 861 860
f 861 740 739
f 860 863 864
f 855 857 856
f 856 848 855
f 856 866 859
f 866 867 868
f 866 863 859
f 864 863 865
f 868 869 865
f 1415 1465 1471
f 1424 1418 1474
f 1472 1418 1416
f 1474 1418 1472
f 749 742 870
f 864 862 861
f 862 870 742
f 862 1415 870
f 870 871 749
f 749 871 1414
f 1415 871 870
f 871 1416 1414
f 871 1415 1416
f 1467 1473 1471
f 1467 1465 1469
f 1471 1465 1467
f 1474 1472 1475
f 1481 1475 1482
f 1473 1478 1482
f 1475 1473 1482
f 869 1470 1469
f 865 869 1469
f 1424 1422 1419
f 1422 1424 1425
f 1423 1422 1425
f 1474 1476 1477
f 1454 1452 1444
f 1458 1455 1501
f 1454 1455 1452
f 1452 1455 1453
f 1498 1504 1501
f 1502 1505 1510
f 1458 1457 1456
f 1503 1458 1501
f 1463 1461 1457
f 1503 1514 1463
f 1464 1461 1463
f 1461 1464 1462
f 1462 872 789
f 872 790 789
f 1515 874 1464
f 1501 1502 1503
f 1511 1516 1514
f 1511 1502 1510
f 1510 1512 1511
f 1514 1516 1515
f 1520 1522 1517
f 1516 1518 1520
f 874 1515 1517
f 806 792 878
f 874 873 872
f 875 873 874
f 873 878 792
f 806 804 807
f 879 877 878
f 1523 1527 1526
f 1517 1522 1525
f 1526 1527 1528
f 1526 876 1525
f 875 876 879
f 876 875 1525
f 884 876 1526
f 876 884 879
f 881 884 885
f 822 811 890
f 808 811 809
f 883 891 890
f 822 820 823
f 891 889 890
f 886 888 887
f 887 882 886
f 887 896 891
f 896 897 898
f 893 896 898
f 837 827 903
f 824 827 825
f 895 904 903
f 837 835 838
f 904 902 903
f 899 901 900
f 900 894 899
f 900 909 904
f 909 910 911
f 906 909 911
f 852 842 916
f 839 842 840
f 908 917 916
f 852 850 853
f 917 915 916
f 912 914 913
f 913 907 912
f 913 923 917
f 923 924 925
f 919 923 925
f 1466 1533 1544
f 1544 1545 1466
f 867 857 927
f 854 857 855
f 922 1533 1466
f 927 928 867
f 1466 928 927
f 930 929 928
f 929 869 868
f 1537 1546 1544
f 1537 1533 1541
f 1544 1533 1537
f 1544 1546 1545
f 1552 1550 1547
f 1546 1551 1553
f 1541 1533 922
f 926 1542 1541
f 921 920 922
f 930 1545 1548
f 1470 1479 1468
f 1468 1479 1480
f 1480 1478 1468
f 1478 1483 1482
f 1561 1562 1480
f 1482 1483 1481
f 1564 1483 1562
f 1470 869 929
f 930 1549 1479
f 1557 1547 1550
f 1563 1561 1557
f 1547 1549 1548
f 1561 1563 1562
f 1564 1565 1566
f 1548 1549 930
f 1484 1564 1567
f 1564 1566 1567
f 1505 1513 1510
f 1576 1506 1574
f 1574 1578 1576
f 1576 1578 1579
f 1513 1512 1510
f 1577 1513 1576
f 1519 1518 1512
f 1577 1584 1519
f 1524 1521 1587
f 1518 1521 1520
f 1584 1585 1519
f 1587 1521 1585
f 1586 1584 1582
f 1584 1577 1582
f 1584 1586 1585
f 1587 1589 1590
f 1524 1523 1522
f 1588 1524 1587
f 1529 1527 1523
f 1588 1598 1529
f 1530 1527 1529
f 1527 1530 1528
f 1528 955 885
f 955 886 885
f 1599 957 1530
f 1594 1603 1600
f 1598 1588 1593
f 1598 1600 1599
f 1604 1608 1601
f 1600 1603 1604
f 957 1599 1601
f 1531 1602 1614
f 1614 1615 1531
f 897 888 958
f 957 956 955
f 956 958 888
f 956 1531 958
f 958 959 897
f 1531 959 958
f 962 960 959
f 960 899 898
f 1609 1616 1614
f 1614 1602 1609
f 1608 1610 1609
f 1614 1616 1615
f 1620 1623 1617
f 1616 1619 1620
f 1601 1602 957
f 962 1615 1617
f 1532 1618 1628
f 1628 1629 1532
f 910 901 963
f 962 961 960
f 961 963 901
f 961 1532 963
f 963 964 910
f 1532 964 963
f 967 965 964
f 965 912 911
f 1624 1630 1628
f 1628 1618 1624
f 1623 1625 1624
f 1628 1630 1629
f 1634 1638 1631
f 1630 1633 1634
f 1617 1618 962
f 967 1629 1631
f 1534 1632 1645
f 1539 1536 1648
f 1646 1536 1535
f 1535 1536 1543
f 1543 1536 1539
f 1648 1536 1646
f 924 914 968
f 967 966 965
f 966 968 914
f 966 1534 968
f 968 969 924
f 1534 969 968
f 970 926 925
f 969 1534 1535
f 1640 1641 1639
f 1645 1632 1639
f 1638 1640 1639
f 1645 1647 1646
f 1648 1649 1650
f 1631 1632 967
f 1538 1539 1540
f 1552 1555 1556
f 1554 1555 1551
f 1551 1555 1553
f 1553 1555 1552
f 1554 1556 1555
f 1542 926 970
f 1542 970 1543
f 1648 1650 1651
f 1605 1603 1594
f 1605 1606 1603
f 1603 1606 1604
f 1605 1607 1606
f 1611 1610 1608
f 1613 1611 1612
f 1610 1611 1613
f 1626 1622 1680
f 1621 1622 1619
f 1619 1622 1620
f 1677 1681 1680
f 1680 1681 1682
f 1626 1625 1623
f 1625 1626 1627
f 1635 1636 1633
f 1633 1636 1634
f 1635 1637 1636
f 1680 1682 1683
f 1642 1640 1638
f 1644 1642 1643
f 1640 1642 1644
f 1641 1640 1644
f 1701 1014 1698
f 1012 1010 1015
f 1015 1699 1698
f 1017 1697 1696
f 1700 1017 1696
f 1700 1699 1018
f 1018 1699 1015
f 1011 1016 1018
f 1701 1698 1702
f 1703 1701 1702
f 1708 1702 1705
f 1696 1697 1707
f 1700 1696 1706
f 1696 1707 1706
f 1709 1705 1706
f 1708 1705 1709
f 1013 1012 1014
f 1703 1710 1711
f 1742 1749 1741
f 1741 1749 1755
f 1742 1741 1756
f 1757 1741 1755
f 1741 1757 1756
f 1755 1758 1757
f 1760 1762 1763
f 1763 1764 1760
f 1772 1764 1763
f 1772 1763 1773
f 1762 1767 1773
f 1763 1762 1773
f 1811 1823 1820
f 1822 1810 1818
f 1820 1823 1825
f 1825 1829 1820
f 1826 1825 1827
f 1822 1824 1823
f 1818 1043 1822
f 1043 1046 1822
f 1824 1047 1044
f 1827 1824 1044
f 1047 1050 1044
f 1828 1725 1831
f 1828 1728 1725
f 1728 1730 1725
f 1828 1839 1728
f 1740 1731 1729
f 1735 1731 1740
f 1731 1732 1730
f 1740 1729 1054
f 1840 1054 1729
f 1842 1837 1841
f 1837 1842 1839
f 1841 1837 1838
f 1839 1842 1840
f 1841 1843 1842
f 1840 1842 1843
f 1838 1827 1044
f 1044 1050 1838
f 1051 1064 1841
f 1843 1065 1055
f 1740 1745 1735
f 1736 1735 1737
f 1746 1750 1737
f 1745 1747 1746
f 1752 1751 1749
f 1759 1751 1748
f 1747 1748 1746
f 1751 1752 1750
f 1054 1745 1740
f 1747 1056 1072
f 1072 1078 1747
f 1759 1748 1079
f 1054 1055 1056
f 1055 1053 1056
f 1067 1071 1072
f 1078 1076 1080
f 1079 1078 1080
f 1077 1080 1076
f 1758 1768 1769
f 1769 1767 1758
f 1768 1770 1769
f 1772 1774 1775
f 1771 1767 1769
f 1770 1771 1769
f 1079 1768 1759
f 1770 1081 1094
f 1094 1100 1770
f 1779 1771 1101
f 1079 1080 1081
f 1080 1077 1081
f 1089 1093 1094
f 1100 1098 1102
f 1101 1100 1102
f 1099 1102 1098
f 1779 1781 1774
f 1775 1774 1776
f 1782 1785 1776
f 1781 1783 1782
f 1795 1786 1784
f 1783 1784 1782
f 1790 1786 1795
f 1786 1787 1785
f 1101 1781 1779
f 1783 1103 1116
f 1116 1117 1783
f 1795 1784 1118
f 1101 1102 1103
f 1102 1099 1103
f 1124 1114 1125
f 1124 1125 1126
f 1124 1117 1116
f 1118 1117 1119
f 1126 1129 1119
f 1795 1796 1790
f 1791 1790 1792
f 1797 1798 1792
f 1799 1851 1801
f 1848 1798 1797
f 1847 1848 1797
f 1118 1796 1795
f 1118 1844 1796
f 1850 1845 1849
f 1845 1850 1847
f 1845 1844 1846
f 1847 1844 1845
f 1849 1845 1846
f 1851 1848 1852
f 1852 1853 1851
f 1852 1850 1858
f 1119 1129 1846
f 1130 1134 1849
f 1849 1134 1857
f 1801 1851 1854
f 1862 1863 1861
f 1861 1863 1860
f 1861 1853 1859
f 1853 1861 1860
f 1859 1862 1861
f 1880 1886 1879
f 1879 1886 1891
f 1805 1806 1896
f 1819 1806 1805
f 1896 1901 1805
f 1812 1806 1819
f 1819 1805 1145
f 1901 1145 1805
f 1903 1893 1902
f 1880 1879 1892
f 1893 1879 1891
f 1879 1893 1892
f 1897 1898 1896
f 1902 1904 1903
f 1901 1903 1904
f 1894 1141 1902
f 1141 1150 1902
f 1904 1151 1146
f 1813 1812 1814
f 1812 1810 1814
f 1810 1811 1814
f 1046 1043 1159
f 1144 1043 1818
f 1147 1144 1145
f 1144 1159 1043
f 1046 1045 1047
f 1160 1157 1159
f 1145 1146 1147
f 1146 1143 1147
f 1153 1158 1160
f 1157 1160 1158
f 1048 1051 1050
f 1048 1049 1051
f 1063 1064 1061
f 1064 1063 1065
f 1065 1063 1060
f 1125 1114 1122
f 1123 1125 1122
f 1125 1123 1126
f 1858 1857 1864
f 1864 1859 1858
f 1127 1130 1129
f 1127 1128 1130
f 1133 1134 1132
f 1864 1857 1200
f 1135 1200 1133
f 1207 1212 1198
f 1862 1868 1869
f 1868 1870 1869
f 1872 1908 1876
f 1905 1871 1869
f 1135 1201 1200
f 1870 1868 1201
f 1135 1199 1201
f 1216 1217 1870
f 1870 1217 1906
f 1906 1909 1905
f 1908 1905 1909
f 1909 1910 1908
f 1913 1914 1907
f 1212 1214 1213
f 1213 1198 1212
f 1213 1222 1216
f 1222 1217 1216
f 1217 1222 1907
f 1907 1906 1217
f 1876 1908 1911
f 1918 1919 1917
f 1917 1919 1916
f 1917 1910 1915
f 1910 1917 1916
f 1915 1918 1917
f 1888 1887 1886
f 1885 1887 1940
f 1895 1887 1885
f 1940 1945 1885
f 1895 1885 1226
f 1945 1226 1885
f 1936 1948 1946
f 1936 1946 1942
f 1941 1942 1940
f 1945 1946 1947
f 1949 1230 1947
f 1947 1230 1227
f 1230 1234 1227
f 1894 1891 1895
f 1150 1141 1239
f 1225 1141 1894
f 1228 1225 1226
f 1225 1239 1141
f 1150 1149 1151
f 1240 1237 1239
f 1151 1149 1148
f 1226 1227 1228
f 1234 1236 1235
f 1228 1235 1240
f 1236 1231 1235
f 1237 1240 1238
f 1210 1212 1207
f 1914 1913 1920
f 1920 1915 1914
f 1210 1214 1212
f 1210 1211 1214
f 1221 1223 1220
f 1920 1913 1267
f 1224 1267 1221
f 1274 1278 1265
f 1918 1924 1925
f 1924 1926 1925
f 1928 1955 1932
f 1952 1927 1925
f 1224 1268 1267
f 1926 1924 1268
f 1224 1266 1268
f 1282 1283 1926
f 1926 1283 1953
f 1953 1956 1952
f 1955 1952 1956
f 1962 1956 1963
f 1961 1963 1954
f 1278 1280 1279
f 1279 1265 1278
f 1279 1285 1282
f 1285 1283 1282
f 1283 1285 1954
f 1954 1953 1283
f 1932 1955 1958
f 1955 1957 1958
f 1973 1979 1971
f 1971 1979 1982
f 1972 1937 1974
f 1972 1950 1937
f 1972 1986 1950
f 1951 1948 1950
f 1948 1951 1949
f 1229 1292 1287
f 1292 1293 1287
f 1949 1951 1292
f 1983 1988 1986
f 1983 1971 1982
f 1982 1984 1983
f 1986 1988 1987
f 1987 1988 1989
f 1991 1296 1989
f 1287 1293 1291
f 1293 1987 1989
f 1294 1291 1296
f 1233 1231 1236
f 1232 1236 1234
f 1232 1233 1236
f 1277 1278 1274
f 1962 1964 1965
f 1963 1961 1968
f 1286 1280 1322
f 1277 1280 1278
f 1313 1323 1322
f 1322 1324 1286
f 1286 1324 1961
f 1324 1325 1326
f 2000 2001 1995
f 1999 2000 1994
f 2000 1995 1994
f 1317 1323 1313
f 1330 1320 1331
f 1330 1325 1323
f 1325 1330 1994
f 1968 1969 1964
f 1964 1969 1996
f 1969 1997 1996
f 1326 1969 1968
f 1326 1997 1969
f 2004 2005 2003
f 1996 2002 1998
f 2003 2005 2002
f 2001 2004 2003
f 1995 1997 1326
f 1979 1985 1982
f 2017 1980 2016
f 2016 2020 2017
f 2018 2023 2026
f 1985 1984 1982
f 2019 1985 2017
f 1992 1990 1984
f 2019 2030 1992
f 1993 1990 1992
f 1990 1993 1991
f 1295 1337 1332
f 1337 1338 1332
f 1991 1993 1337
f 1296 1295 1294
f 2017 2018 2019
f 2027 2032 2030
f 2027 2018 2026
f 2026 2028 2027
f 2030 2032 2031
f 2031 2032 2033
f 2035 1341 2033
f 1332 1338 1336
f 1338 2031 2033
f 1339 1336 1341
f 2000 1999 2006
f 2006 2001 2000
f 1331 1320 1329
f 1331 1369 1999
f 1367 1370 1369
f 1369 1370 1371
f 1374 1362 1375
f 1368 1362 1374
f 1374 1375 1376
f 1371 1370 1372
f 1376 1377 1372
f 2004 2011 2012
f 2047 2013 2012
f 2046 2047 2012
f 2048 2013 2047
f 1371 2011 2006
f 1371 2039 2011
f 2041 2042 2040
f 2040 2039 2044
f 2046 2039 2040
f 2046 2049 2047
f 2049 2048 2047
f 1377 2045 2044
f 1372 1377 2044
f 2023 2029 2026
f 2057 2024 2056
f 2056 2061 2057
f 2058 2064 2067
f 2029 2028 2026
f 2059 2029 2057
f 2036 2034 2028
f 2038 2034 2036
f 2034 2038 2035
f 2037 2038 2036
f 2037 2060 1378
f 2037 1378 1382
f 1340 1387 1381
f 2035 2038 1387
f 1341 1340 1339
f 1387 2038 2037
f 2057 2058 2059
f 2058 2060 2059
f 2070 2069 2067
f 1378 2060 2069
f 1378 1379 1382
f 1379 1378 2069
f 1379 1390 1382
f 1390 1391 1392
f 1386 1390 1392
f 1388 1386 1392
f 1363 1413 1426
f 1413 1427 1426
f 1426 1428 1375
f 1431 1429 1428
f 1429 1377 1376
f 1428 1430 1431
f 2080 2082 2074
f 2078 2080 2073
f 2080 2074 2073
f 1420 1427 1413
f 1432 1423 1433
f 1432 1430 1427
f 1430 1432 2073
f 2045 2053 2041
f 2075 2077 2043
f 2042 2041 2043
f 2053 2076 2075
f 2045 1377 1429
f 1431 2076 2053
f 2085 2086 2084
f 2075 2083 2077
f 2084 2086 2083
f 2082 2085 2084
f 2074 2076 1431
f 2064 2068 2067
f 2096 2065 2095
f 2095 2099 2096
f 2097 2102 2104
f 2098 2068 2096
f 2098 2071 2068
f 2109 2110 2072
f 1391 1380 1436
f 1434 1380 2070
f 2071 1434 2070
f 2071 2072 1434
f 1434 1436 1380
f 1434 2072 1436
f 1391 1389 1392
f 1392 1389 1388
f 2110 1441 2072
f 2096 2097 2098
f 2105 2111 2109
f 2105 2097 2104
f 2104 2106 2105
f 2109 2111 2110
f 2110 2111 2112
f 2114 1442 2112
f 1435 1441 1439
f 1441 2110 2112
f 1445 1447 1446
f 1443 1440 1446
f 1446 1440 1445
f 1447 1444 1446
f 1446 1444 1443
f 1481 1485 1476
f 2087 2081 2123
f 2119 2081 2079
f 2079 2120 2119
f 2123 2081 2119
f 1425 1477 1487
f 1477 1488 1487
f 1487 1489 1433
f 1433 1489 2078
f 1489 2079 2078
f 2117 2129 2121
f 2118 2117 2121
f 2120 2124 2119
f 2123 2119 2124
f 2132 2124 2133
f 1486 1476 1485
f 1491 1486 2121
f 1486 1491 1488
f 1491 2121 2122
f 1491 1490 1488
f 1490 1491 2122
f 2122 2120 1490
f 2087 2085 2082
f 2085 2087 2088
f 2086 2085 2088
f 2123 2125 2126
f 2107 2102 2108
f 2102 2107 2104
f 2107 2106 2104
f 2115 2113 2106
f 2137 2147 2115
f 2116 2113 2115
f 2113 2116 2114
f 2114 1492 1442
f 1492 1445 1442
f 2148 1494 2116
f 2144 2151 2149
f 2143 2137 2138
f 2147 2137 2143
f 2147 2149 2148
f 2152 2155 2150
f 2149 2151 2152
f 1494 2148 2150
f 1494 1493 1492
f 1495 1493 1494
f 1493 1499 1447
f 1498 1454 1499
f 1500 1498 1499
f 2150 2155 2157
f 2158 2157 2155
f 1495 1496 1500
f 1496 1495 2157
f 1496 1507 1500
f 1507 1508 1509
f 1504 1507 1509
f 1505 1504 1509
f 1552 1558 1550
f 1484 1485 1481
f 2167 2169 2162
f 2164 2167 2161
f 2167 2162 2161
f 1558 1560 1559
f 1557 1550 1559
f 1559 1550 1558
f 1565 1563 1571
f 2162 1569 2161
f 1569 1566 1565
f 2118 2130 2117
f 2117 2130 2131
f 2131 2129 2117
f 2132 2134 2135
f 2129 2134 2133
f 2175 2176 2131
f 2133 2134 2132
f 2118 1568 2130
f 1484 1567 1568
f 1567 1570 1568
f 2171 2172 2170
f 2175 2163 2170
f 2169 2171 2170
f 2175 2178 2176
f 2178 2177 2176
f 1567 1566 1570
f 1570 1566 1569
f 2153 2151 2144
f 2156 2154 2188
f 2153 2154 2151
f 2151 2154 2152
f 2186 2190 2188
f 2188 2190 2191
f 2189 2156 2188
f 2189 2159 2156
f 2198 2199 2160
f 1508 1497 1575
f 1573 1497 2158
f 2159 1573 2158
f 2159 2160 1573
f 1573 1575 1497
f 1573 2160 1575
f 1508 1506 1509
f 1509 1506 1505
f 2199 1580 2160
f 2195 2202 2200
f 2198 2189 2194
f 2198 2200 2199
f 2203 2207 2201
f 2200 2202 2203
f 1574 1580 1578
f 1578 1580 1581
f 1581 1579 1578
f 2208 2213 2212
f 2201 2207 2211
f 2212 2213 2214
f 2201 2211 1581
f 2212 1583 2211
f 1582 1579 1583
f 1591 1583 2212
f 1589 1586 1591
f 1589 1591 1592
f 1595 1597 1596
f 1593 1590 1596
f 1596 1590 1595
f 1597 1594 1596
f 1596 1594 1593
f 1652 1641 1653
f 1647 1641 1652
f 1652 1653 1654
f 1649 1647 1652
f 1649 1652 1654
f 1554 1540 1657
f 1540 1651 1657
f 1651 1658 1657
f 1556 1659 1660
f 1663 1660 1659
f 1659 1662 1663
f 2220 2226 2222
f 2221 2220 2222
f 2229 2232 2224
f 2229 2224 2223
f 1656 1650 1655
f 1664 1656 2222
f 1656 1664 1658
f 1664 2222 2223
f 1664 1662 1658
f 1662 1664 2223
f 2165 2225 2239
f 2173 2168 2242
f 2240 2168 2166
f 2242 2168 2240
f 1572 1560 1665
f 1663 1661 1660
f 1661 1665 1560
f 1661 2165 1665
f 1665 1666 1572
f 1572 1666 2164
f 2165 1666 1665
f 1666 2166 2164
f 1666 2165 2166
f 2234 2235 2233
f 2239 2225 2233
f 2232 2234 2233
f 2239 2241 2240
f 2242 2243 2244
f 2224 2225 1663
f 2173 2171 2169
f 2171 2173 2174
f 2172 2171 2174
f 2242 2244 2245
f 2204 2202 2195
f 2204 2205 2202
f 2202 2205 2203
f 2204 2206 2205
f 2209 2208 2207
f 2215 2213 2208
f 2254 2263 2215
f 2216 2213 2215
f 2213 2216 2214
f 2214 1667 1592
f 1667 1595 1592
f 2265 1669 2216
f 2261 2254 2255
f 2264 2263 2261
f 2263 2254 2261
f 2264 2270 2266
f 2268 2266 2267
f 2265 2266 2268
f 1669 2265 2268
f 2217 2269 2279
f 2279 2280 2217
f 1669 1668 1667
f 1668 1670 1597
f 1668 2217 1670
f 1607 1671 1672
f 2217 1671 1670
f 1674 1672 1671
f 1672 1612 1607
f 2275 2283 2281
f 2274 2267 2271
f 2267 2269 2268
f 2279 2281 2280
f 2284 2288 2282
f 2281 2283 2284
f 2268 2269 1669
f 1674 2280 2282
f 1621 1613 1678
f 1673 1612 1672
f 1674 1673 1672
f 1675 1673 1674
f 1677 1621 1678
f 1679 1677 1678
f 2289 2298 2294
f 2282 2288 2293
f 2299 2303 2296
f 2299 2296 2295
f 2294 1676 2293
f 1675 1676 1679
f 1676 1675 2293
f 1686 1676 2294
f 1676 1686 1679
f 1686 2294 2295
f 2296 1684 2295
f 1684 1682 1681
f 2218 2297 2309
f 2309 2310 2218
f 1635 1627 1687
f 1685 2297 2218
f 1627 1683 1687
f 1637 1688 1689
f 2218 1688 1687
f 1691 1689 1688
f 1689 1643 1637
f 2304 2311 2309
f 2309 2297 2304
f 2303 2305 2304
f 2309 2311 2310
f 2315 2319 2312
f 2311 2314 2315
f 1683 1682 1685
f 1685 1682 1684
f 1691 2310 2312
f 2219 2313 2326
f 2326 2328 2219
f 1690 1643 1689
f 1691 1690 1689
f 1690 2219 1692
f 1692 1693 1653
f 2219 1693 1692
f 1695 1694 1693
f 1694 1655 1654
f 2321 2322 2320
f 2326 2313 2320
f 2319 2321 2320
f 2327 2333 2329
f 2331 2329 2330
f 2328 2329 2331
f 2312 2313 1691
f 1695 2328 2331
f 2221 2227 2220
f 2220 2227 2228
f 2228 2226 2220
f 2226 2230 2229
f 2341 2342 2228
f 2221 1655 1694
f 1695 2332 2227
f 2338 2330 2334
f 2344 2341 2338
f 2330 2332 2331
f 2341 2344 2342
f 2344 2343 2342
f 2331 2332 1695
f 2236 2234 2232
f 2238 2236 2237
f 2234 2236 2238
f 2235 2234 2238
f 2285 2283 2275
f 2285 2286 2283
f 2283 2286 2284
f 2285 2287 2286
f 2290 2289 2288
f 2292 2290 2291
f 2289 2290 2292
f 2300 2301 2298
f 2298 2301 2299
f 2300 2302 2301
f 2306 2305 2303
f 2308 2306 2307
f 2305 2306 2308
f 2316 2317 2314
f 2314 2317 2315
f 2316 2318 2317
f 2323 2321 2319
f 2325 2323 2324
f 2321 2323 2325
f 2322 2321 2325
f 2375 1039 2377
f 1036 1037 1137
f 2375 2376 1137
f 1036 1137 1136
f 1139 2376 2382
f 2381 2375 2377
f 2383 2381 2387
f 2381 2386 2387
f 2378 2390 2386
f 2382 2376 2383
f 2388 2396 2385
f 2385 2384 2382
f 2388 2383 2387
f 1039 1037 1038
f 1139 1138 1136
f 1139 1140 1138
f 2411 2418 2410
f 2410 2418 2424
f 2399 2435 2400
f 2435 2399 2429
f 2433 2426 2432
f 2411 2410 2425
f 2426 2410 2424
f 2410 2426 2425
f 2430 2433 2436
f 2436 2437 2435
f 2437 2436 2438
f 2432 2434 2433
f 2427 1726 2432
f 1726 1733 2432
f 2434 1734 1727
f 2438 2434 1727
f 1734 1738 1727
f 2400 2435 2439
f 2401 2452 2402
f 2452 2401 2446
f 2450 2444 2449
f 2437 2444 2443
f 2449 2444 2445
f 2447 2450 2453
f 2453 2454 2452
f 2454 2453 2455
f 2449 2451 2450
f 2445 2438 1727
f 1727 1738 2445
f 1739 1753 2449
f 2451 1754 1743
f 2455 2451 1743
f 2402 2452 2457
f 2462 2456 2403
f 2404 2467 2405
f 2403 2466 2462
f 2467 2404 2463
f 2403 2456 1744
f 2403 1744 1761
f 1761 1765 2403
f 2403 1765 2466
f 2464 2461 2462
f 2455 2456 2454
f 2468 2469 2467
f 2469 2468 2470
f 2468 2466 2470
f 1743 1742 1744
f 1756 1760 1761
f 1765 1764 1766
f 2405 2467 2471
f 2481 2476 2480
f 2469 2476 2475
f 2480 2476 2477
f 2478 2481 2483
f 2483 2486 2478
f 2484 2483 2485
f 2480 2482 2481
f 2477 2470 1766
f 1766 1777 2477
f 1778 1788 2480
f 2482 1789 1780
f 2485 2482 1780
f 1789 1793 1780
f 2498 2493 2497
f 2487 2484 2492
f 2484 2493 2492
f 2497 2493 2494
f 2495 2498 2499
f 2499 2500 2495
f 2504 2500 2499
f 2504 2499 2505
f 2499 2498 2505
f 2494 2485 1780
f 1780 1793 2494
f 1794 1800 2497
f 2497 1800 2503
f 2520 2524 2519
f 2519 2524 2528
f 2406 2539 2407
f 2539 2406 2533
f 2537 2530 2536
f 2520 2519 2529
f 2530 2519 2528
f 2519 2530 2529
f 2534 2537 2540
f 2540 2541 2539
f 2541 2540 2542
f 2536 2538 2537
f 2531 1802 2536
f 1802 1808 2536
f 2538 1809 1803
f 2542 2538 1803
f 1809 1815 1803
f 2543 2415 2408
f 2415 2419 2408
f 2421 2420 2418
f 2428 2420 2417
f 2416 2417 2415
f 2420 2421 2419
f 2416 2544 1804
f 2416 1804 1821
f 1821 1833 2416
f 2428 2417 1834
f 2539 2541 2543
f 2542 2544 2541
f 2541 2544 2543
f 1815 1817 1816
f 1804 1816 1821
f 1817 1811 1816
f 1833 1829 1835
f 1834 1833 1835
f 1830 1835 1829
f 2427 2424 2428
f 1832 1726 2427
f 1836 1832 1834
f 1832 1836 1831
f 1732 1733 1730
f 1733 1732 1734
f 1834 1835 1836
f 1836 1830 1831
f 1835 1830 1836
f 1736 1739 1738
f 1736 1737 1739
f 1752 1753 1750
f 1753 1752 1754
f 1754 1752 1749
f 1775 1777 1772
f 1775 1778 1777
f 1775 1776 1778
f 1787 1788 1785
f 1788 1787 1789
f 2504 2506 2507
f 2505 2503 2511
f 1791 1794 1793
f 1791 1792 1794
f 1799 1800 1798
f 2511 2503 1855
f 1801 1855 1799
f 2511 2512 2506
f 2507 2506 2508
f 2513 2515 2508
f 2512 2514 2513
f 2516 2549 2518
f 2547 2515 2513
f 1801 1856 1855
f 2514 2512 1856
f 1801 1854 1856
f 1865 1866 2514
f 2514 1866 2548
f 2548 2550 2547
f 2549 2547 2550
f 2550 2551 2549
f 2551 2550 2552
f 2550 2548 2552
f 1860 1865 1854
f 1873 1863 1874
f 1873 1874 1875
f 1873 1866 1865
f 1875 1877 1867
f 2518 2549 2553
f 2558 2559 2557
f 2557 2559 2556
f 2551 2557 2556
f 2560 2552 1867
f 1877 2561 2560
f 1867 1877 2560
f 2526 2525 2524
f 2523 2525 2581
f 2532 2525 2523
f 2581 2585 2523
f 2532 2523 1882
f 2585 1882 2523
f 2575 2587 2583
f 2586 2574 2580
f 2582 2583 2581
f 2586 2588 2587
f 2585 2587 2588
f 2580 1878 2586
f 1878 1889 2586
f 2588 1890 1883
f 2531 2528 2532
f 1808 1802 1899
f 1881 1802 2531
f 1884 1881 1882
f 1881 1899 1802
f 1808 1807 1809
f 1900 1897 1899
f 1882 1883 1884
f 1883 1880 1884
f 1892 1898 1900
f 1897 1900 1898
f 1814 1811 1817
f 1813 1817 1815
f 1813 1814 1817
f 1874 1863 1871
f 1872 1874 1871
f 1874 1872 1875
f 2561 2564 2558
f 2558 2564 2565
f 2564 2566 2565
f 2568 2593 2571
f 2591 2567 2565
f 2561 1912 2564
f 2566 2564 1912
f 1876 1911 1912
f 1921 1922 2566
f 2566 1922 2592
f 2592 2594 2591
f 2593 2591 2594
f 2594 2595 2593
f 2595 2594 2596
f 2594 2592 2596
f 1916 1921 1911
f 1929 1919 1930
f 1929 1930 1931
f 1929 1922 1921
f 1931 1933 1923
f 2571 2593 2597
f 2602 2603 2601
f 2601 2603 2600
f 2595 2601 2600
f 2604 2596 1923
f 1933 2605 2604
f 1923 1933 2604
f 2573 2619 2576
f 2619 2573 2616
f 2613 2627 2618
f 2613 2618 2617
f 2617 2618 2620
f 2620 2621 2619
f 2618 2627 2630
f 2620 2618 2630
f 2574 2590 2580
f 2574 2575 2577
f 2622 2623 2590
f 1889 1878 1943
f 1934 1878 2580
f 2590 1934 2580
f 1934 1943 1878
f 1889 1888 1890
f 1944 1941 1943
f 1890 1888 1886
f 2619 2621 2622
f 2621 2623 2622
f 2634 2633 2632
f 1935 2623 2633
f 1935 1938 1944
f 1938 1935 2633
f 1939 1936 1938
f 1941 1944 1942
f 1930 1919 1927
f 1928 1930 1927
f 1930 1928 1931
f 1962 1966 1957
f 2605 2608 2602
f 2602 2608 2609
f 2640 2610 2609
f 2639 2640 2609
f 2641 2610 2640
f 2605 1959 2608
f 1932 1958 1959
f 1958 1960 1959
f 2643 2637 2642
f 2637 2643 2639
f 2637 2636 2638
f 2639 2636 2637
f 2642 2637 2638
f 2652 2645 2644
f 2652 2644 2653
f 2644 2643 2653
f 2638 2636 1960
f 1958 1957 1960
f 1967 1970 2642
f 2642 1970 2650
f 2657 2614 2658
f 2657 2628 2614
f 2657 2666 2628
f 2629 2627 2628
f 2635 2632 2630
f 2635 2629 1976
f 2667 1976 2629
f 2662 2670 2668
f 2661 2657 2658
f 2666 2657 2661
f 2666 2668 2667
f 2667 2668 2669
f 2671 1981 2669
f 2669 1981 1977
f 2634 2632 2635
f 1937 1936 1939
f 1975 1939 2634
f 1978 1975 1976
f 1975 1978 1974
f 1976 1977 1978
f 1978 1973 1974
f 1977 1973 1978
f 1965 1966 1962
f 2674 2654 2651
f 2651 2675 2674
f 2653 2654 2652
f 2677 2654 2674
f 1970 1967 2007
f 1965 1967 1966
f 1998 2008 2007
f 2007 2009 1970
f 1970 2009 2650
f 2009 2651 2650
f 2675 2678 2674
f 2677 2674 2678
f 2684 2678 2685
f 2683 2685 2676
f 2002 2008 1998
f 2014 2005 2015
f 2014 2010 2008
f 2010 2014 2676
f 2676 2675 2010
f 2655 2677 2680
f 2677 2679 2680
f 2691 2663 2692
f 2691 2672 2663
f 2691 2701 2672
f 2673 2670 2672
f 2670 2673 2671
f 1980 2021 2016
f 2021 2022 2016
f 2671 2673 2021
f 1981 1980 1979
f 2697 2705 2703
f 2696 2691 2692
f 2701 2691 2696
f 2701 2703 2702
f 2702 2703 2704
f 2706 2025 2704
f 2016 2022 2020
f 2022 2702 2704
f 2023 2020 2025
f 2684 2686 2687
f 2685 2683 2689
f 2015 2005 2013
f 2015 2050 2683
f 2048 2051 2050
f 2050 2051 2052
f 2720 2714 2710
f 2718 2721 2709
f 2721 2711 2709
f 2054 2042 2055
f 2049 2042 2054
f 2051 2054 2709
f 2689 2690 2686
f 2686 2690 2712
f 2690 2713 2712
f 2052 2690 2689
f 2052 2713 2690
f 2710 2713 2711
f 2712 2713 2710
f 2711 2713 2052
f 2727 2732 2725
f 2725 2732 2733
f 2726 2698 2728
f 2726 2707 2698
f 2726 2739 2707
f 2708 2705 2707
f 2705 2708 2706
f 2024 2062 2056
f 2062 2063 2056
f 2706 2708 2062
f 2025 2024 2023
f 2734 2741 2739
f 2734 2725 2733
f 2733 2735 2734
f 2739 2741 2740
f 2740 2741 2742
f 2744 2066 2742
f 2056 2063 2061
f 2063 2740 2742
f 2064 2061 2066
f 2749 2722 2719
f 2719 2750 2749
f 2721 2722 2720
f 2753 2722 2749
f 2043 2077 2090
f 2077 2091 2090
f 2090 2092 2055
f 2055 2092 2718
f 2092 2719 2718
f 2747 2759 2751
f 2748 2747 2751
f 2750 2754 2749
f 2753 2749 2754
f 2762 2754 2763
f 2751 2089 2748
f 2083 2091 2077
f 2094 2751 2752
f 2094 2093 2091
f 2093 2094 2752
f 2752 2750 2093
f 2723 2753 2756
f 2753 2755 2756
f 2736 2732 2737
f 2732 2736 2733
f 2736 2735 2733
f 2745 2743 2735
f 2767 2776 2745
f 2746 2743 2745
f 2743 2746 2744
f 2065 2100 2095
f 2100 2101 2095
f 2744 2746 2100
f 2066 2065 2064
f 2773 2780 2778
f 2772 2767 2768
f 2776 2767 2772
f 2776 2778 2777
f 2777 2778 2779
f 2781 2103 2779
f 2095 2101 2099
f 2101 2777 2779
f 2102 2099 2103
f 2132 2136 2125
f 2748 2760 2747
f 2747 2760 2761
f 2761 2759 2747
f 2762 2764 2765
f 2759 2764 2763
f 2790 2791 2761
f 2763 2764 2762
f 2089 2086 2088
f 2748 2089 2127
f 2748 2127 2760
f 2126 2128 2127
f 2786 2787 2785
f 2785 2784 2788
f 2790 2784 2785
f 2790 2793 2791
f 2793 2792 2791
f 2788 2784 2128
f 2136 2789 2788
f 2126 2125 2128
f 2783 2780 2773
f 2780 2782 2781
f 2806 2810 2782
f 2807 2806 2783
f 2781 2139 2103
f 2810 2141 2782
f 2811 2810 2806
f 2811 2813 2814
f 2810 2811 2812
f 2141 2810 2812
f 2140 2108 2139
f 2141 2140 2139
f 2142 2140 2141
f 2140 2138 2108
f 2140 2142 2138
f 2812 2818 2820
f 2821 2820 2818
f 2145 2142 2820
f 2146 2144 2145
f 2145 2144 2143
f 2177 2179 2135
f 2135 2179 2180
f 2177 2181 2179
f 2182 2180 2179
f 2179 2181 2182
f 2830 2832 2825
f 2827 2830 2824
f 2830 2825 2824
f 2183 2172 2184
f 2178 2172 2183
f 2181 2183 2824
f 2789 2798 2786
f 2786 2798 2799
f 2839 2800 2799
f 2838 2839 2799
f 2840 2800 2839
f 2789 2136 2180
f 2182 2826 2798
f 2834 2835 2833
f 2838 2826 2833
f 2832 2834 2833
f 2838 2841 2839
f 2841 2840 2839
f 2825 2826 2182
f 1713 1710 1712
f 1710 1708 1712
f 1712 1714 1713
f 2814 2819 2818
f 2856 2815 2855
f 2855 2858 2856
f 2856 2858 2859
f 2857 2819 2856
f 2857 2822 2819
f 2866 2867 2823
f 2185 2146 2821
f 2822 2185 2821
f 2822 2823 2185
f 2185 2187 2146
f 2185 2823 2187
f 2186 2153 2187
f 2867 2192 2823
f 2864 2870 2868
f 2866 2857 2863
f 2866 2868 2867
f 2871 2876 2869
f 2868 2870 2871
f 2186 2192 2190
f 2190 2192 2193
f 2193 2191 2190
f 2869 2876 2879
f 2880 2879 2876
f 2869 2879 2193
f 2194 2191 2196
f 2197 2195 2196
f 2196 2195 2194
f 2889 2891 2884
f 2886 2889 2883
f 2889 2884 2883
f 2248 2235 2249
f 2241 2235 2248
f 2243 2241 2248
f 2884 2246 2883
f 2246 2244 2243
f 2828 2885 2897
f 2836 2831 2900
f 2898 2831 2829
f 2900 2831 2898
f 2247 2885 2828
f 2174 2245 2250
f 2250 2251 2184
f 2184 2251 2827
f 2828 2251 2250
f 2251 2829 2827
f 2251 2828 2829
f 2893 2894 2892
f 2897 2885 2892
f 2891 2893 2892
f 2897 2899 2898
f 2900 2901 2902
f 2245 2244 2247
f 2247 2244 2246
f 2836 2834 2832
f 2834 2836 2837
f 2835 2834 2837
f 2900 2902 2903
f 1717 1716 1718
f 1716 1715 1718
f 1709 1715 1716
f 2872 2870 2864
f 2872 2873 2870
f 2870 2873 2871
f 2872 2874 2873
f 2914 2881 2877
f 2922 2924 2882
f 2252 2197 2880
f 2881 2252 2880
f 2881 2882 2252
f 2252 2253 2197
f 2252 2882 2253
f 2206 2256 2257
f 2882 2256 2253
f 2259 2257 2256
f 2257 2210 2206
f 2920 2914 2915
f 2923 2922 2920
f 2922 2914 2920
f 2923 2927 2925
f 2925 2927 2928
f 2924 2925 2926
f 2259 2924 2926
f 2258 2210 2257
f 2259 2258 2257
f 2260 2258 2259
f 2258 2255 2210
f 2258 2260 2255
f 2932 2938 2937
f 2926 2931 2936
f 2937 2938 2939
f 2937 2262 2936
f 2262 2260 2936
f 2272 2262 2937
f 2270 2264 2272
f 2270 2272 2273
f 2276 2278 2277
f 2274 2271 2277
f 2277 2271 2276
f 2278 2275 2277
f 2277 2275 2274
f 2335 2322 2336
f 2327 2322 2335
f 2335 2336 2337
f 2333 2327 2335
f 2333 2335 2337
f 2343 2345 2231
f 2231 2345 2346
f 2343 2348 2345
f 2349 2346 2345
f 2346 2237 2231
f 2345 2348 2349
f 2951 2962 2956
f 2954 2951 2956
f 2963 2961 2958
f 2964 2959 2957
f 2338 2334 2340
f 2340 2334 2339
f 2350 2340 2956
f 2350 2956 2957
f 2348 2350 2957
f 2887 2960 2971
f 2895 2890 2974
f 2972 2890 2888
f 2974 2890 2972
f 2347 2237 2346
f 2349 2347 2346
f 2347 2887 2351
f 2351 2352 2249
f 2249 2352 2886
f 2887 2352 2351
f 2352 2888 2886
f 2352 2887 2888
f 2968 2958 2961
f 2973 2971 2968
f 2958 2960 2959
f 2971 2973 2972
f 2974 2975 2976
f 2959 2960 2349
f 2895 2893 2891
f 2893 2895 2896
f 2894 2893 2896
f 2974 2976 2977
f 2933 2928 2934
f 2928 2933 2931
f 2933 2932 2931
f 2935 2933 2934
f 2932 2933 2935
f 2942 2941 2988
f 2940 2941 2938
f 2943 2941 2942
f 2939 2353 2273
f 2939 2943 2353
f 2353 2276 2273
f 2986 2990 2988
f 2988 2990 2991
f 2942 2944 2943
f 2989 2942 2988
f 2989 2944 2942
f 2996 2998 2945
f 2944 2945 2354
f 2354 2355 2278
f 2354 2945 2355
f 2287 2356 2357
f 2945 2356 2355
f 2359 2357 2356
f 2357 2291 2287
f 2997 2996 2994
f 2996 2989 2994
f 2997 3003 2999
f 3001 2999 3000
f 2998 2999 3001
f 2359 2998 3001
f 2946 3002 3010
f 3010 3012 2946
f 2300 2292 2360
f 2358 2291 2357
f 2359 2358 2357
f 2358 2946 2360
f 2302 2361 2362
f 2946 2361 2360
f 2364 2362 2361
f 2362 2307 2302
f 3007 3000 3004
f 3011 3010 3007
f 3000 3002 3001
f 3011 3017 3013
f 3015 3013 3014
f 3012 3013 3015
f 3001 3002 2359
f 2364 3012 3015
f 2947 3016 3024
f 3024 3026 2947
f 2316 2308 2365
f 2363 2307 2362
f 2364 2363 2362
f 2363 2947 2365
f 2318 2366 2367
f 2947 2366 2365
f 2369 2367 2366
f 2367 2324 2318
f 3021 3014 3018
f 3025 3024 3021
f 3014 3016 3015
f 3025 3031 3027
f 3029 3027 3028
f 3026 3027 3029
f 3015 3016 2364
f 2369 3026 3029
f 2948 3030 3038
f 2952 2950 3041
f 3039 2950 2949
f 2949 2950 2955
f 2955 2950 2952
f 3041 2950 3039
f 2368 2324 2367
f 2369 2368 2367
f 2368 2948 2370
f 2370 2371 2336
f 2948 2371 2370
f 2372 2339 2337
f 2371 2948 2949
f 3035 3028 3032
f 3040 3038 3035
f 3028 3030 3029
f 3038 3040 3039
f 3041 3042 3043
f 3029 3030 2369
f 2951 2952 2953
f 2963 2966 2967
f 2965 2966 2962
f 2962 2966 2964
f 2964 2966 2963
f 2965 2967 2966
f 2954 2339 2372
f 2954 2372 2955
f 3041 3043 3044
f 2849 2854 2911
f 2846 1720 1713
f 1720 2846 2847
f 1724 2850 1714
f 1717 1724 1714
f 2849 1724 1717
f 2849 2851 1724
f 2850 1724 2851
f 2848 2852 2912
f 2847 2846 2848
f 3059 2848 2912
f 3059 3061 3056
f 2849 2853 2851
f 2913 2853 3055
f 2852 2850 2851
f 2851 2853 2852
f 3159 3177 3166
f 3159 3166 3164
f 3164 3166 3167
f 3167 3170 3164
f 3166 3177 3181
f 3167 3166 3181
f 3169 3075 3172
f 3169 3076 3075
f 3076 3078 3075
f 3169 3186 3076
f 3085 3079 3077
f 3081 3079 3085
f 3079 3080 3078
f 3085 3077 2412
f 3188 2412 3077
f 3190 3183 3189
f 3183 3190 3186
f 3183 3168 3182
f 3186 3190 3188
f 3189 3191 3190
f 3188 3190 3191
f 3184 2409 3189
f 2409 2422 3189
f 3191 2423 2413
f 3085 3087 3081
f 3082 3081 3083
f 3088 3091 3083
f 3087 3089 3088
f 3101 3092 3090
f 3089 3090 3088
f 3096 3092 3101
f 3092 3093 3091
f 2412 3087 3085
f 3089 2414 2431
f 2399 2440 2429
f 2441 2440 2399
f 2400 2441 2399
f 2440 3090 3089
f 2412 2413 2414
f 2413 2411 2414
f 2425 2430 2431
f 2429 2431 2430
f 3101 3103 3096
f 3097 3096 3098
f 3104 3107 3098
f 3103 3105 3104
f 3117 3108 3106
f 3105 3106 3104
f 3112 3108 3117
f 3108 3109 3107
f 2400 2442 2441
f 3105 3103 2442
f 2400 2439 2442
f 2401 2458 2446
f 2459 2458 2401
f 2402 2459 2401
f 2458 3106 3105
f 2443 2448 2439
f 2443 2447 2448
f 2446 2448 2447
f 3117 3119 3112
f 3113 3112 3114
f 3120 3123 3114
f 3119 3121 3120
f 3133 3124 3122
f 3121 3122 3120
f 3128 3124 3133
f 3124 3125 3123
f 2402 2460 2459
f 3121 3119 2460
f 2402 2457 2460
f 2404 2472 2463
f 2473 2472 2404
f 2405 2473 2404
f 2472 3122 3121
f 2461 2465 2457
f 2461 2464 2465
f 2463 2465 2464
f 3133 3135 3128
f 3129 3128 3130
f 3136 3139 3130
f 3135 3137 3136
f 3149 3140 3138
f 3137 3138 3136
f 3144 3140 3149
f 3140 3141 3139
f 2405 2474 2473
f 3137 3135 2474
f 2405 2471 2474
f 2479 2488 3137
f 3149 3138 2489
f 2475 2479 2471
f 2475 2478 2479
f 2488 2486 2490
f 2489 2488 2490
f 2487 2490 2486
f 3149 3150 3144
f 3145 3144 3146
f 3151 3153 3146
f 3150 3152 3151
f 3154 3196 3156
f 3194 3153 3151
f 2489 3150 3149
f 3152 2491 2496
f 2496 2501 3152
f 3152 2501 3195
f 3195 3197 3194
f 3196 3194 3197
f 3197 3198 3196
f 3198 3197 3199
f 3197 3195 3199
f 2489 2490 2491
f 2490 2487 2491
f 2492 2495 2496
f 2501 2500 2502
f 3156 3196 3200
f 3209 3204 3208
f 3198 3204 3203
f 3208 3204 3205
f 3206 3209 3210
f 3210 3211 3206
f 3215 3211 3210
f 3215 3210 3216
f 3210 3209 3216
f 3205 3199 2502
f 2502 2509 3205
f 2510 2517 3208
f 3208 2517 3214
f 3158 3240 3160
f 3240 3158 3235
f 3231 3248 3238
f 3231 3238 3236
f 3236 3238 3241
f 3241 3242 3240
f 3242 3241 3243
f 3249 2527 3239
f 3239 2527 2521
f 3243 3239 2521
f 3244 3178 3161
f 3180 3177 3178
f 3179 3180 3178
f 3185 3182 3181
f 3179 3245 2522
f 3179 2522 2535
f 2406 2545 2533
f 2546 2545 2406
f 2407 2546 2406
f 2545 3180 3179
f 3240 3242 3244
f 3243 3245 3242
f 3242 3245 3244
f 2521 2520 2522
f 2529 2534 2535
f 2533 2535 2534
f 3184 3182 3185
f 3184 3185 2546
f 2407 2408 2409
f 2421 2422 2419
f 2422 2421 2423
f 2423 2421 2418
f 2507 2509 2504
f 3215 3217 3218
f 3216 3214 3222
f 2507 2510 2509
f 2507 2508 2510
f 2516 2517 2515
f 3222 3214 2554
f 2518 2554 2516
f 3222 3223 3217
f 3218 3217 3219
f 3224 3226 3219
f 3223 3225 3224
f 3253 3226 3224
f 3254 3226 3253
f 2518 2555 2554
f 3225 3223 2555
f 2518 2553 2555
f 2562 2563 3225
f 3225 2563 3255
f 3255 3257 3253
f 3264 3258 3257
f 3264 3257 3265
f 3263 3265 3256
f 2556 2562 2553
f 2569 2559 2570
f 2569 2563 2562
f 2563 2569 3256
f 3256 3255 2563
f 3294 3302 3291
f 3291 3302 3308
f 3292 3232 3295
f 3292 3250 3232
f 3252 3248 3250
f 3248 3252 3249
f 3251 3252 3250
f 3251 3293 2572
f 3251 2572 2584
f 2526 2589 2582
f 3249 3252 2589
f 2527 2526 2524
f 2589 3252 3251
f 3291 3293 3292
f 3310 3309 3308
f 2572 3293 3309
f 2572 2578 2584
f 2578 2572 3309
f 2579 2575 2578
f 2582 2584 2583
f 3264 3266 3267
f 3265 3263 3271
f 2570 2559 2567
f 2568 2570 2567
f 3271 3263 2598
f 2571 2598 2568
f 3271 3272 3266
f 3267 3266 3268
f 3273 3275 3268
f 3272 3274 3273
f 3312 3275 3273
f 3313 3275 3312
f 2571 2599 2598
f 3274 3272 2599
f 2571 2597 2599
f 2606 2607 3274
f 3274 2607 3314
f 3314 3316 3312
f 3323 3317 3316
f 3323 3316 3324
f 3322 3324 3315
f 2600 2606 2597
f 2611 2603 2612
f 2611 2607 2606
f 2607 2611 3315
f 3315 3314 2607
f 3277 3228 3332
f 3341 3347 3339
f 3339 3347 3350
f 3340 3289 3342
f 3340 3300 3289
f 3300 3303 3289
f 3340 3354 3300
f 3305 3304 3302
f 3311 3304 3301
f 3304 3305 3303
f 2573 2624 2616
f 2625 2624 2573
f 2624 2626 2616
f 2576 2625 2573
f 3357 3351 3356
f 3351 3357 3354
f 3351 3339 3350
f 3354 3357 3355
f 3356 3358 3357
f 3355 3357 3358
f 3353 2615 3356
f 2631 2613 2617
f 3356 2631 3358
f 3358 2631 2626
f 2626 3355 3358
f 3310 3308 3311
f 2577 2575 2579
f 3310 3311 2625
f 2576 2577 2579
f 3323 3325 3326
f 3324 3322 3328
f 2612 2603 2610
f 2612 2646 3322
f 2641 2647 2646
f 2646 2647 2648
f 2645 2647 2641
f 2647 2645 2649
f 2648 2647 2649
f 3328 3329 3325
f 3325 3329 3360
f 3329 3361 3360
f 2648 3329 3328
f 2648 3361 3329
f 3366 3367 3365
f 3360 3364 3362
f 3365 3367 3364
f 3365 3361 3368
f 2656 3369 3368
f 2649 2656 3368
f 3333 3284 3278
f 3228 3334 3332
f 3333 3377 3284
f 3279 3285 2374
f 2374 2391 3279
f 3347 3352 3350
f 3385 3348 3384
f 3384 3389 3385
f 3386 3393 3397
f 3387 3352 3385
f 3387 3359 3352
f 3387 3388 3359
f 2614 2613 2615
f 2659 2615 3353
f 3359 2659 3353
f 2659 2660 2658
f 3385 3386 3387
f 3386 3388 3387
f 3399 3398 3397
f 2660 3388 3398
f 2664 2660 3398
f 2665 2662 2664
f 2664 2662 2661
f 2655 2656 2652
f 2684 2688 2679
f 3369 3372 3366
f 3366 3372 3373
f 3408 3374 3373
f 3407 3408 3373
f 3409 3374 3408
f 3369 2681 3372
f 2655 2680 2681
f 2680 2682 2681
f 3403 3404 3402
f 3402 3401 3405
f 3407 3401 3402
f 3407 3410 3408
f 3410 3409 3408
f 3405 3401 2682
f 2688 3406 3405
f 2680 2679 2682
f 2389 2391 2374
f 2391 2390 2392
f 2387 2386 2389
f 3285 2397 2374
f 2389 2374 2397
f 3330 2398 3286
f 3395 3394 3393
f 3392 3394 3418
f 3400 3394 3392
f 3418 3420 3392
f 3400 3392 2694
f 3420 2694 3392
f 3421 3420 3418
f 3421 3423 3427
f 3420 3421 3422
f 2694 3420 3422
f 3399 3397 3400
f 2663 2662 2665
f 2693 2665 3399
f 2695 2693 2694
f 2693 2695 2692
f 3422 3431 3432
f 3433 3432 3431
f 2699 2695 3432
f 2700 2697 2699
f 2699 2697 2696
f 2687 2688 2684
f 2720 2724 2714
f 3406 3413 3403
f 3403 3413 3414
f 3442 3415 3414
f 3441 3442 3414
f 3443 3415 3442
f 3406 2716 3413
f 2687 2715 2716
f 2715 2717 2716
f 3437 3438 3436
f 3436 3435 3439
f 3441 3435 3436
f 3441 3444 3442
f 3444 3443 3442
f 3439 3435 2717
f 2724 3440 3439
f 2715 2714 2717
f 2389 2388 2387
f 2396 2397 2398
f 3277 3278 3282
f 3281 3279 3280
f 3278 3281 3282
f 3282 3281 3280
f 3429 3428 3427
f 3426 3428 3453
f 3434 3428 3426
f 3453 3455 3426
f 3434 3426 2730
f 3455 2730 3426
f 3456 3455 3453
f 3456 3458 3462
f 3455 3456 3457
f 2730 3455 3457
f 2727 2738 2732
f 3433 3431 3434
f 2698 2697 2700
f 2729 2700 3433
f 2731 2729 2730
f 2729 2731 2728
f 3457 3466 3467
f 3468 3467 3466
f 3468 2738 3467
f 2731 2727 2728
f 2723 2724 2720
f 2762 2766 2755
f 3440 3448 3437
f 3437 3448 3449
f 3478 3450 3449
f 3477 3478 3449
f 3479 3450 3478
f 3440 2757 3448
f 2723 2756 2757
f 2756 2758 2757
f 3472 3473 3471
f 3471 3470 3475
f 3477 3470 3471
f 3477 3480 3478
f 3480 3479 3478
f 3475 3470 2758
f 2766 3476 3475
f 2756 2755 2758
f 3286 3285 3287
f 3284 3288 3287
f 3287 3288 3286
f 3380 3331 3288
f 3464 3463 3462
f 3461 3463 3486
f 3469 3463 3461
f 3486 3488 3461
f 3469 3461 2770
f 2732 2738 2737
f 3488 2770 3461
f 3489 3488 3486
f 3489 3491 3494
f 3488 3489 3490
f 2770 3488 3490
f 3468 3466 3469
f 2771 2769 2770
f 2769 2768 2737
f 2769 2771 2768
f 3490 3496 3499
f 3500 3499 3496
f 2774 2771 3499
f 2775 2773 2774
f 2774 2773 2772
f 2792 2794 2765
f 2765 2794 2795
f 2792 2796 2794
f 2797 2795 2794
f 2794 2796 2797
f 3509 3511 3503
f 3507 3509 3502
f 3509 3503 3502
f 2801 2787 2802
f 2793 2787 2801
f 2796 2801 3502
f 3476 3483 3472
f 3504 3506 3474
f 3473 3472 3474
f 3483 3505 3504
f 3476 2766 2795
f 2797 3505 3483
f 3514 3515 3513
f 3504 3512 3506
f 3513 3515 3512
f 3511 3514 3513
f 3503 3505 2797
f 3497 3494 3498
f 3494 3497 3496
f 3524 3501 3497
f 3524 3525 3501
f 2803 2775 3500
f 3501 2803 3500
f 2803 2808 2775
f 2807 2783 2808
f 2809 2807 2808
f 3531 3524 3526
f 3533 3532 3531
f 3536 3525 3532
f 3532 3537 3536
f 3537 3538 3539
f 2804 3525 3536
f 3537 2805 3536
f 2804 2805 2809
f 2805 2804 3536
f 2816 2805 3537
f 2805 2816 2809
f 2813 2816 2817
f 2814 2813 2817
f 3516 3510 3545
f 3542 3510 3508
f 3508 3543 3542
f 3545 3510 3542
f 2802 2787 2800
f 2802 2842 3507
f 2840 2843 2842
f 2842 3508 3507
f 3543 3546 3542
f 3545 3542 3546
f 3554 3546 3555
f 3551 3555 3544
f 2844 2835 2845
f 2841 2835 2844
f 2843 2844 3544
f 3544 3543 2843
f 3516 3514 3511
f 3514 3516 3517
f 3515 3514 3517
f 3545 3547 3548
f 3541 3538 3533
f 3538 3540 3539
f 3562 3566 3540
f 3563 3562 3541
f 2815 2860 2855
f 2860 2861 2855
f 3539 3540 2860
f 2817 2815 2814
f 3567 3566 3562
f 3567 3569 3570
f 3566 3567 3568
f 2855 2861 2858
f 2858 2861 2862
f 2862 2859 2858
f 3574 3579 3578
f 3568 3573 3577
f 3578 3579 3580
f 3568 3577 2862
f 3578 2865 3577
f 2863 2859 2865
f 2865 2864 2863
f 3580 2875 3578
f 2905 2894 2906
f 2899 2894 2905
f 2905 2906 2907
f 2901 2899 2905
f 2901 2905 2907
f 3552 3583 3595
f 3554 3556 3557
f 3596 3556 3553
f 3555 3556 3554
f 2904 3583 3552
f 2837 2903 2909
f 2909 2910 2845
f 2845 2910 3551
f 3552 2910 2909
f 2910 3553 3551
f 2910 3552 3553
f 3588 3589 3587
f 3587 3583 3592
f 3595 3583 3587
f 3595 3598 3596
f 3598 3597 3596
f 3592 3583 2904
f 2908 3593 3592
f 2903 2902 2904
f 3575 3570 3576
f 3570 3575 3573
f 3575 3574 3573
f 3581 3579 3574
f 3605 3613 3581
f 3582 3579 3581
f 3579 3582 3580
f 2872 2864 2875
f 2875 2874 2872
f 2916 2878 2874
f 3615 2918 3582
f 3611 3605 3606
f 3614 3613 3611
f 3613 3605 3611
f 3614 3618 3616
f 3616 3618 3619
f 3615 3616 3617
f 2918 3615 3617
f 2917 2878 2916
f 2918 2917 2916
f 2919 2917 2918
f 2917 2915 2878
f 2917 2919 2915
f 3623 3629 3628
f 3617 3622 3627
f 3628 3629 3630
f 3628 2921 3627
f 2921 2919 3627
f 2929 2921 3628
f 2927 2923 2929
f 2927 2929 2930
f 2928 2927 2930
f 2963 2969 2961
f 3638 3645 3641
f 3640 3638 3641
f 3647 3651 3643
f 3647 3643 3642
f 2968 2961 2970
f 2970 2961 2969
f 2980 2970 3641
f 2980 3641 3642
f 2975 2973 2980
f 3643 2978 3642
f 2978 2976 2975
f 3584 3644 3659
f 3590 3586 3662
f 3660 3586 3585
f 3585 3586 3594
f 3594 3586 3590
f 3662 3586 3660
f 2979 3644 3584
f 2896 2977 2981
f 2981 2982 2906
f 3584 2982 2981
f 2983 2908 2907
f 2982 3584 3585
f 3653 3654 3652
f 3659 3644 3652
f 3651 3653 3652
f 3659 3661 3660
f 3662 3663 3664
f 2977 2976 2979
f 2979 2976 2978
f 3588 3590 3591
f 3589 3588 3591
f 3593 2908 2983
f 3593 2983 3594
f 3662 3664 3665
f 3624 3619 3625
f 3619 3624 3622
f 3624 3623 3622
f 3626 3624 3625
f 3623 3624 3626
f 3633 3632 3675
f 3631 3632 3629
f 3634 3632 3633
f 3630 2984 2930
f 3630 3634 2984
f 3673 3677 3675
f 3675 3677 3678
f 3633 3635 3634
f 3676 3633 3675
f 3676 3635 3633
f 3683 3685 3636
f 2940 2935 2987
f 2985 2934 2984
f 3635 3636 2985
f 2985 3636 2987
f 2986 2940 2987
f 3685 2992 3636
f 3684 3683 3681
f 3683 3676 3681
f 3684 3689 3686
f 3688 3686 3687
f 3685 3686 3688
f 2986 2992 2990
f 2990 2992 2993
f 2993 2991 2990
f 3693 3687 3690
f 3695 3694 3693
f 3694 3687 3693
f 3694 3700 3699
f 3700 3701 3702
f 3688 3699 2993
f 3700 2995 3699
f 2994 2991 2995
f 3005 2995 3700
f 3003 2997 3005
f 3003 3005 3006
f 3706 3713 3712
f 3710 3706 3712
f 3712 3713 3714
f 3007 3004 3009
f 3009 3004 3008
f 3019 3009 3712
f 3017 3011 3019
f 3017 3019 3020
f 3718 3725 3724
f 3722 3718 3724
f 3724 3725 3726
f 3021 3018 3023
f 3023 3018 3022
f 3033 3023 3724
f 3031 3025 3033
f 3031 3033 3034
f 3730 3742 3736
f 3734 3730 3736
f 3743 3741 3738
f 3744 3739 3737
f 3035 3032 3037
f 3037 3032 3036
f 3047 3037 3736
f 3047 3736 3737
f 3042 3040 3047
f 3739 3045 3737
f 3045 3043 3042
f 3637 3740 3751
f 3751 3753 3637
f 2965 2953 3048
f 3046 3740 3637
f 2953 3044 3048
f 2967 3049 3050
f 3637 3049 3048
f 3051 3050 3049
f 3748 3738 3741
f 3752 3751 3748
f 3738 3740 3739
f 3752 3759 3754
f 3756 3754 3755
f 3753 3754 3756
f 3044 3043 3046
f 3046 3043 3045
f 3051 3753 3756
f 3640 3646 3638
f 3757 3761 3639
f 3646 3758 3757
f 3648 3649 3645
f 3645 3649 3647
f 3648 3650 3649
f 3640 2969 3050
f 3051 3758 3646
f 3755 3758 3756
f 3757 3758 3755
f 3756 3758 3051
f 3655 3653 3651
f 3657 3655 3656
f 3653 3655 3657
f 3654 3653 3657
f 3703 3701 3695
f 3703 3704 3701
f 3711 3704 3707
f 3703 3705 3704
f 3702 3052 3006
f 3702 3711 3052
f 3052 3008 3006
f 3709 3707 3708
f 3706 3707 3709
f 3715 3716 3713
f 3723 3716 3719
f 3715 3717 3716
f 3710 3008 3052
f 3710 3052 3711
f 3714 3053 3020
f 3714 3723 3053
f 3053 3022 3020
f 3721 3719 3720
f 3718 3719 3721
f 3727 3728 3725
f 3735 3728 3731
f 3727 3729 3728
f 3722 3022 3053
f 3722 3053 3723
f 3726 3054 3034
f 3726 3735 3054
f 3054 3036 3034
f 3733 3731 3732
f 3730 3731 3733
f 3743 3746 3747
f 3745 3746 3742
f 3742 3746 3744
f 3744 3746 3743
f 3745 3747 3746
f 3734 3036 3054
f 3734 3054 3735
f 3060 3059 2912
f 3063 3061 3062
f 3788 3062 3067
f 3809 3815 3808
f 3808 3815 3821
f 3829 3823 3828
f 3809 3808 3822
f 3823 3808 3821
f 3808 3823 3822
f 3827 3829 3831
f 3831 3834 3827
f 3832 3831 3833
f 3828 3830 3829
f 3825 3084 3828
f 3084 3094 3828
f 3830 3095 3086
f 3833 3830 3086
f 3095 3099 3086
f 3845 3840 3844
f 3835 3832 3839
f 3832 3840 3839
f 3844 3840 3841
f 3842 3845 3847
f 3847 3850 3842
f 3848 3847 3849
f 3844 3846 3845
f 3841 3833 3086
f 3086 3099 3841
f 3100 3110 3844
f 3846 3111 3102
f 3849 3846 3102
f 3111 3115 3102
f 3862 3857 3861
f 3851 3848 3856
f 3848 3857 3856
f 3861 3857 3858
f 3859 3862 3864
f 3864 3867 3859
f 3865 3864 3866
f 3861 3863 3862
f 3858 3849 3102
f 3102 3115 3858
f 3116 3126 3861
f 3863 3127 3118
f 3866 3863 3118
f 3127 3131 3118
f 3879 3874 3878
f 3868 3865 3873
f 3865 3874 3873
f 3878 3874 3875
f 3876 3879 3881
f 3881 3884 3876
f 3882 3881 3883
f 3878 3880 3879
f 3875 3866 3118
f 3118 3131 3875
f 3132 3142 3878
f 3880 3143 3134
f 3883 3880 3134
f 3143 3147 3134
f 3895 3890 3894
f 3885 3882 3889
f 3882 3890 3889
f 3894 3890 3891
f 3892 3895 3896
f 3896 3897 3892
f 3901 3897 3896
f 3901 3896 3902
f 3896 3895 3902
f 3891 3883 3134
f 3134 3147 3891
f 3148 3155 3894
f 3894 3155 3900
f 3060 3067 3062
f 3067 3789 3788
f 3068 3070 2913
f 3055 3068 2913
f 3055 3069 3068
f 3068 3069 3071
f 3071 3070 3068
f 3060 3072 3067
f 3072 3789 3067
f 3073 3920 3916
f 3070 3072 3060
f 3927 3934 3924
f 3924 3934 3940
f 3925 3796 3928
f 3925 3797 3796
f 3797 3800 3796
f 3807 3801 3799
f 3798 3799 3797
f 3803 3801 3807
f 3801 3802 3800
f 3798 3926 3157
f 3798 3157 3165
f 3165 3173 3798
f 3807 3799 3174
f 3924 3926 3925
f 3942 3941 3940
f 3157 3926 3941
f 3157 3162 3165
f 3162 3157 3941
f 3163 3159 3162
f 3173 3170 3175
f 3174 3173 3175
f 3171 3175 3170
f 3807 3811 3803
f 3804 3803 3805
f 3812 3816 3805
f 3811 3813 3812
f 3818 3817 3815
f 3826 3817 3814
f 3813 3814 3812
f 3817 3818 3816
f 3075 3078 3187
f 3174 3811 3807
f 3187 3172 3075
f 3193 3192 3080
f 3813 3187 3192
f 3082 3193 3080
f 3192 3814 3813
f 3174 3175 3176
f 3176 3171 3172
f 3175 3171 3176
f 3825 3821 3826
f 3825 3826 3193
f 3082 3083 3084
f 3093 3094 3091
f 3094 3093 3095
f 3097 3100 3099
f 3097 3098 3100
f 3109 3110 3107
f 3110 3109 3111
f 3113 3116 3115
f 3113 3114 3116
f 3125 3126 3123
f 3126 3125 3127
f 3129 3132 3131
f 3129 3130 3132
f 3141 3142 3139
f 3142 3141 3143
f 3901 3903 3904
f 3902 3900 3908
f 3145 3148 3147
f 3145 3146 3148
f 3154 3155 3153
f 3908 3900 3201
f 3156 3201 3154
f 3908 3909 3903
f 3904 3903 3905
f 3910 3912 3905
f 3909 3911 3910
f 3913 3949 3915
f 3947 3912 3910
f 3156 3202 3201
f 3911 3909 3202
f 3156 3200 3202
f 3207 3212 3911
f 3911 3212 3948
f 3948 3950 3947
f 3949 3947 3950
f 3950 3951 3949
f 3951 3950 3952
f 3950 3948 3952
f 3203 3207 3200
f 3203 3206 3207
f 3212 3211 3213
f 3915 3949 3953
f 3962 3957 3961
f 3951 3957 3956
f 3961 3957 3958
f 3959 3962 3963
f 3963 3964 3959
f 3968 3964 3963
f 3968 3963 3969
f 3963 3962 3969
f 3958 3952 3213
f 3213 3220 3958
f 3221 3227 3961
f 3961 3227 3967
f 3790 3788 3791
f 3792 3790 3791
f 3792 3791 3793
f 3982 3988 3979
f 3979 3988 3993
f 3980 3922 3983
f 3980 3931 3922
f 3931 3935 3922
f 3937 3936 3934
f 3943 3936 3933
f 3932 3933 3931
f 3936 3937 3935
f 3932 3981 3230
f 3932 3230 3237
f 3158 3246 3235
f 3247 3246 3158
f 3160 3247 3158
f 3246 3933 3932
f 3979 3981 3980
f 3995 3994 3993
f 3230 3981 3994
f 3230 3233 3237
f 3233 3230 3994
f 3234 3231 3233
f 3235 3237 3236
f 3942 3940 3943
f 3161 3159 3163
f 3942 3943 3247
f 3160 3161 3163
f 3218 3220 3215
f 3968 3970 3971
f 3969 3967 3973
f 3218 3221 3220
f 3218 3219 3221
f 3227 3259 3967
f 3254 3260 3259
f 3259 3260 3261
f 3258 3260 3254
f 3260 3258 3262
f 3261 3260 3262
f 3973 3974 3970
f 3970 3974 3997
f 3974 3998 3997
f 3261 3974 3973
f 3261 3998 3974
f 4007 4002 4006
f 3997 4001 3999
f 4002 3998 4003
f 4006 4002 4003
f 4004 4007 4008
f 4008 4009 4004
f 4013 4009 4008
f 4013 4008 4014
f 4008 4007 4014
f 3262 3269 4003
f 3270 3276 4006
f 4006 3276 4012
f 3917 3789 3916
f 3919 3917 3916
f 3918 3917 3919
f 4025 4030 4024
f 4024 4030 4034
f 3990 3989 3988
f 3987 3989 4039
f 3996 3989 3987
f 4039 4044 3987
f 3996 3987 3297
f 4044 3297 3987
f 4046 4036 4045
f 4025 4024 4035
f 4036 4024 4034
f 4024 4036 4035
f 4040 4041 4039
f 4045 4047 4046
f 4044 4046 4047
f 4037 3290 4045
f 3290 3306 4045
f 4047 3307 3298
f 3995 3993 3996
f 3232 3231 3234
f 3296 3234 3995
f 3299 3296 3297
f 3296 3299 3295
f 3297 3298 3299
f 3299 3294 3295
f 3298 3294 3299
f 3267 3269 3264
f 4013 4015 4016
f 4014 4012 4018
f 3267 3270 3269
f 3267 3268 3270
f 3276 3318 4012
f 3313 3319 3318
f 3318 3319 3320
f 3317 3319 3313
f 3319 3317 3321
f 3320 3319 3321
f 4018 4019 4015
f 4015 4019 4048
f 4019 4049 4048
f 3320 4019 4018
f 3320 4049 4019
f 4054 4055 4053
f 4048 4052 4050
f 4053 4055 4052
f 4053 4049 4056
f 3327 4057 4056
f 3321 3327 4056
f 3792 3793 3794
f 3918 3975 3793
f 4032 4031 4030
f 4029 4031 4071
f 4038 4031 4029
f 4071 4074 4029
f 4038 4029 3344
f 4074 3344 4029
f 4069 4079 4075
f 4069 4075 4073
f 4072 4073 4071
f 4074 4075 4076
f 4080 3349 4076
f 4076 3349 3345
f 4037 4034 4038
f 3343 3290 4037
f 3346 3343 3344
f 3343 3346 3342
f 3305 3306 3303
f 3306 3305 3307
f 3307 3305 3302
f 3344 3345 3346
f 3346 3341 3342
f 3345 3341 3346
f 3326 3327 3323
f 4057 4060 4054
f 4054 4060 4061
f 4060 4062 4061
f 4084 4063 4061
f 4085 4063 4084
f 4057 3363 4060
f 4062 4060 3363
f 3326 3362 3363
f 3370 3371 4062
f 4062 3371 4086
f 4086 4088 4084
f 4095 4089 4088
f 4095 4088 4096
f 4093 4096 4087
f 3364 3370 3362
f 3375 3367 3376
f 3375 3371 3370
f 3371 3375 4087
f 4087 4086 3371
f 3794 4066 4021
f 4066 4067 4021
f 3976 3975 3918
f 3919 3921 4020
f 4082 4079 4069
f 4079 4081 4080
f 4116 4121 4081
f 4117 4116 4082
f 3348 3390 3384
f 3390 3391 3384
f 4080 4081 3390
f 3349 3348 3347
f 4112 4124 4122
f 4112 4122 4118
f 4117 4118 4116
f 4121 4122 4123
f 4125 3396 4123
f 3384 3391 3389
f 3391 4121 4123
f 3393 3389 3396
f 4128 4097 4094
f 4094 4129 4128
f 4096 4097 4095
f 4131 4097 4128
f 3376 3367 3374
f 3376 3411 4093
f 3409 3412 3411
f 3411 4094 4093
f 4129 4132 4128
f 4131 4128 4132
f 4138 4132 4139
f 4137 4139 4130
f 3416 3404 3417
f 3410 3404 3416
f 3412 3416 4130
f 4130 4129 3412
f 4098 4131 4134
f 4131 4133 4134
f 4146 4113 4147
f 4146 4126 4113
f 4146 4155 4126
f 4127 4124 4126
f 4124 4127 4125
f 3395 3424 3419
f 3424 3425 3419
f 4125 4127 3424
f 3396 3395 3393
f 4151 4159 4157
f 4150 4146 4147
f 4155 4146 4150
f 4155 4157 4156
f 4156 4157 4158
f 4160 3430 4158
f 3419 3425 3423
f 3425 4156 4158
f 3427 3423 3430
f 4138 4140 4141
f 4139 4137 4143
f 3417 3404 3415
f 3417 3445 4137
f 3443 3446 3445
f 3445 3446 3447
f 4174 4168 4164
f 4172 4175 4163
f 4175 4165 4163
f 3451 3438 3452
f 3444 3438 3451
f 3446 3451 4163
f 4143 4144 4140
f 4140 4144 4166
f 4144 4167 4166
f 3447 4144 4143
f 3447 4167 4144
f 4164 4167 4165
f 4166 4167 4164
f 4165 4167 3447
f 4184 4152 4185
f 4184 4161 4152
f 4184 4192 4161
f 4162 4159 4161
f 4159 4162 4160
f 3429 3459 3454
f 3459 3460 3454
f 4160 4162 3459
f 3430 3429 3427
f 4189 4196 4194
f 4188 4184 4185
f 4192 4184 4188
f 4192 4194 4193
f 4193 4194 4195
f 4197 3465 4195
f 3454 3460 3458
f 3460 4193 4195
f 3462 3458 3465
f 4200 4176 4173
f 4173 4201 4200
f 4175 4176 4174
f 4203 4176 4200
f 3452 3438 3450
f 3452 3481 4172
f 3479 3482 3481
f 3481 4173 4172
f 4201 4204 4200
f 4203 4200 4204
f 4211 4204 4212
f 4209 4212 4202
f 3484 3473 3485
f 3480 3473 3484
f 3482 3484 4202
f 4202 4201 3482
f 4177 4203 4206
f 4203 4205 4206
f 4199 4196 4189
f 4196 4198 4197
f 4225 4230 4198
f 4226 4225 4199
f 3464 3492 3487
f 3492 3493 3487
f 4197 4198 3492
f 3465 3464 3462
f 4223 4233 4231
f 4223 4231 4227
f 4226 4227 4225
f 4230 4231 4232
f 4234 3495 4232
f 3487 3493 3491
f 3493 4230 4232
f 3494 3491 3495
f 4211 4213 4214
f 4241 4213 4210
f 4210 4244 4241
f 4212 4213 4211
f 3474 3506 3519
f 3506 3520 3519
f 3519 3521 3485
f 3485 3521 4209
f 3521 4210 4209
f 4243 4246 4239
f 4240 4238 4245
f 4243 4242 4241
f 4245 4246 4247
f 4247 4246 4244
f 4245 3518 4240
f 3512 3520 3506
f 3523 4245 4247
f 3523 3522 3520
f 3522 3523 4247
f 4247 4244 3522
f 4236 4233 4223
f 4233 4235 4234
f 4256 4258 4235
f 4257 4256 4236
f 4234 3527 3495
f 4258 3529 4235
f 4259 4258 4256
f 4259 4261 4264
f 4258 4259 4260
f 3529 4258 4260
f 3528 3498 3527
f 3529 3528 3527
f 3530 3528 3529
f 3528 3526 3498
f 3528 3530 3526
f 4260 4266 4269
f 4270 4269 4266
f 3534 3530 4269
f 3535 3533 3534
f 3534 3533 3531
f 3554 3558 3547
f 4240 4251 4238
f 4238 4251 4252
f 4280 4253 4252
f 4279 4280 4252
f 4281 4253 4280
f 3518 3515 3517
f 4240 3518 3549
f 4240 3549 4251
f 3548 3550 3549
f 4274 4275 4273
f 4273 4272 4277
f 4279 4272 4273
f 4279 4282 4280
f 4282 4281 4280
f 4277 4272 3550
f 3558 4278 4277
f 3548 3547 3550
f 4267 4264 4268
f 4264 4267 4266
f 4292 4271 4267
f 4292 4293 4271
f 3559 3535 4270
f 4271 3559 4270
f 3559 3564 3535
f 3563 3541 3564
f 3565 3563 3564
f 4299 4292 4294
f 4301 4300 4299
f 4304 4293 4300
f 4300 4305 4304
f 4305 4306 4307
f 3560 4293 4304
f 4305 3561 4304
f 3560 3561 3565
f 3561 3560 4304
f 3571 3561 4305
f 3561 3571 3565
f 3569 3571 3572
f 3570 3569 3572
f 3597 3599 3557
f 3557 3599 3600
f 3597 3601 3599
f 3602 3600 3599
f 3599 3601 3602
f 4321 4315 4311
f 4318 4322 4310
f 4322 4312 4310
f 3603 3589 3604
f 3598 3589 3603
f 3601 3603 4310
f 4278 4285 4274
f 4313 4316 4276
f 4275 4274 4276
f 4285 4314 4313
f 4278 3558 3600
f 3602 4314 4285
f 4311 4314 4312
f 4313 4314 4311
f 4312 4314 3602
f 4309 4306 4301
f 4306 4308 4307
f 4335 4338 4308
f 4336 4335 4309
f 4307 3607 3572
f 4338 3609 4308
f 4339 4338 4335
f 4339 4341 4343
f 4338 4339 4340
f 3609 4338 4340
f 3608 3576 3607
f 3609 3608 3607
f 3610 3608 3609
f 3608 3606 3576
f 3608 3610 3606
f 4346 4352 4351
f 4340 4345 4350
f 4351 4352 4353
f 4351 3612 4350
f 3612 3610 4350
f 3620 3612 4351
f 3618 3614 3620
f 3618 3620 3621
f 3619 3618 3621
f 4361 4370 4364
f 4363 4361 4364
f 4372 4369 4366
f 4373 4367 4365
f 4364 3658 4363
f 3661 3654 3668
f 3668 4364 4365
f 3663 3661 3668
f 4367 3666 4365
f 3666 3664 3663
f 4319 4368 4380
f 4321 4323 4324
f 4381 4323 4320
f 4322 4323 4321
f 3667 4368 4319
f 3591 3665 3669
f 3669 3670 3604
f 3604 3670 4318
f 4319 3670 3669
f 3670 4320 4318
f 3670 4319 4320
f 4377 4366 4369
f 4383 4380 4377
f 4366 4368 4367
f 4380 4383 4381
f 4383 4382 4381
f 3665 3664 3667
f 3667 3664 3666
f 4347 4343 4348
f 4343 4347 4345
f 4347 4346 4345
f 4349 4347 4348
f 4346 4347 4349
f 4356 4355 4392
f 4354 4355 4352
f 4357 4355 4356
f 4353 3671 3621
f 4353 4357 3671
f 4390 4394 4392
f 4392 4394 4395
f 4356 4358 4357
f 4393 4356 4392
f 4393 4358 4356
f 4400 4402 4359
f 3631 3626 3674
f 3672 3625 3671
f 4358 4359 3672
f 3672 4359 3674
f 3673 3631 3674
f 4402 3679 4359
f 4401 4400 4398
f 4400 4393 4398
f 4401 4405 4403
f 4403 4405 4406
f 4402 4403 4404
f 3673 3679 3677
f 3677 3679 3680
f 3680 3678 3677
f 4410 4416 4415
f 4404 4409 4414
f 4415 4416 4417
f 4404 4414 3680
f 4415 3682 4414
f 3681 3678 3682
f 3691 3682 4415
f 3689 3684 3691
f 3689 3691 3692
f 3696 3698 3697
f 3693 3690 3697
f 3697 3690 3696
f 3698 3695 3697
f 3697 3695 3693
f 3743 3749 3741
f 4440 4452 4446
f 4444 4440 4446
f 4453 4451 4448
f 4454 4449 4447
f 3748 3741 3750
f 3750 3741 3749
f 3764 3750 4446
f 3764 4446 4447
f 3759 3752 3764
f 4449 3762 4447
f 3762 3760 3759
f 4360 4450 4461
f 4461 4463 4360
f 3648 3639 3765
f 3763 4450 4360
f 3639 3761 3765
f 3650 3766 3767
f 4360 3766 3765
f 3768 3767 3766
f 3767 3656 3650
f 4458 4448 4451
f 4462 4461 4458
f 4448 4450 4449
f 4462 4469 4464
f 4466 4464 4465
f 4463 4464 4466
f 3761 3760 3763
f 3763 3760 3762
f 3768 4463 4466
f 4363 4371 4361
f 4467 4471 4362
f 4371 4468 4467
f 4372 4375 4376
f 4374 4375 4370
f 4370 4375 4373
f 4373 4375 4372
f 4374 4376 4375
f 3658 3654 3657
f 3768 4468 4371
f 3657 3656 3658
f 4465 4468 4466
f 4467 4468 4465
f 4466 4468 3768
f 4411 4406 4412
f 4406 4411 4409
f 4411 4410 4409
f 4413 4411 4412
f 4410 4411 4413
f 4418 4419 4416
f 4424 4419 4421
f 4418 4420 4419
f 4417 3769 3692
f 4417 4424 3769
f 3769 3696 3692
f 4421 4425 4424
f 4423 4421 4422
f 4426 4423 4429
f 4427 4425 4426
f 4431 4430 4487
f 4428 4430 4432
f 4428 4427 4426
f 4432 4430 4431
f 4425 4427 3770
f 3770 3771 3698
f 3770 4427 3771
f 3705 3772 3773
f 4427 3772 3771
f 3773 3708 3705
f 3772 4427 4428
f 4485 4489 4487
f 4487 4489 4490
f 4431 4433 4432
f 4488 4431 4487
f 4488 4433 4431
f 4495 4497 4434
f 3715 3709 3775
f 3774 3708 3773
f 4433 4434 3774
f 3774 4434 3775
f 3717 3776 3777
f 4434 3776 3775
f 3779 3777 3776
f 3777 3720 3717
f 4496 4495 4493
f 4495 4488 4493
f 4496 4502 4498
f 4500 4498 4499
f 4497 4498 4500
f 3779 4497 4500
f 4435 4501 4508
f 4508 4510 4435
f 3727 3721 3780
f 3778 3720 3777
f 3779 3778 3777
f 3778 4435 3780
f 3729 3781 3782
f 4435 3781 3780
f 3784 3782 3781
f 3782 3732 3729
f 4506 4499 4503
f 4509 4508 4506
f 4499 4501 4500
f 4509 4515 4511
f 4513 4511 4512
f 4510 4511 4513
f 4500 4501 3779
f 3784 4510 4513
f 4436 4514 4521
f 4522 4438 4437
f 4437 4438 4445
f 4445 4438 4441
f 3745 3733 3785
f 3783 3732 3782
f 3784 3783 3782
f 3783 4436 3785
f 3747 3786 3787
f 4436 3786 3785
f 3786 4436 4437
f 4520 4512 4516
f 4524 4521 4520
f 4512 4514 4513
f 4521 4524 4522
f 4524 4523 4522
f 4513 4514 3784
f 4443 4441 4442
f 4440 4441 4443
f 4453 4456 4457
f 4455 4456 4452
f 4452 4456 4454
f 4454 4456 4453
f 4455 4457 4456
f 4444 3749 3787
f 4444 3787 4445
f 4558 4557 4569
f 4570 4563 4559
f 4557 4572 4569
f 4570 4580 4563
f 4560 4588 3335
f 3332 3334 3337
f 3337 4589 3378
f 4589 3337 4588
f 4589 4590 3378
f 4567 3379 4564
f 4591 4564 3379
f 3333 3378 3377
f 3379 3382 4591
f 3382 3383 3381
f 4561 4565 4592
f 4558 4559 4562
f 4559 4561 4562
f 4562 4561 4560
f 4592 4589 4588
f 4592 4590 4589
f 4563 4566 4565
f 4565 4566 4564
f 4583 4568 4566
f 4591 4590 4592
f 3381 3380 3377
f 3381 3383 3380
f 4629 4638 4636
f 4637 4628 4634
f 4636 4638 4640
f 4640 4643 4636
f 4641 4640 4642
f 4637 4639 4638
f 4634 3806 4637
f 3806 3819 4637
f 4639 3820 3810
f 4642 4639 3810
f 4595 4657 4596
f 4657 4595 4651
f 4655 4649 4654
f 4644 4641 4648
f 4641 4649 4648
f 4654 4649 4650
f 4652 4655 4658
f 4658 4659 4657
f 4659 4658 4660
f 4654 4656 4655
f 4650 4642 3810
f 4654 4650 3824
f 3824 3809 3822
f 3838 4654 3824
f 4654 3838 4656
f 3834 3838 3827
f 4660 4656 3836
f 3835 3836 3834
f 4661 4598 4597
f 4598 4601 4597
f 4607 4602 4600
f 4599 4600 4598
f 4604 4602 4607
f 4602 4603 4601
f 4599 4662 3837
f 4599 3837 3843
f 3843 3852 4599
f 4607 4600 3853
f 4657 4659 4661
f 4660 4662 4659
f 4659 4662 4661
f 3836 3835 3837
f 3839 3842 3843
f 3852 3850 3854
f 3853 3852 3854
f 3851 3854 3850
f 4607 4608 4604
f 4605 4604 4606
f 4609 4612 4606
f 4608 4610 4609
f 4617 4613 4611
f 4610 4611 4609
f 4615 4613 4617
f 4613 4614 4612
f 3853 4608 4607
f 4610 3855 3860
f 3860 3869 4610
f 4617 4611 3870
f 3853 3854 3855
f 3854 3851 3855
f 3856 3859 3860
f 3869 3867 3871
f 3870 3869 3871
f 3868 3871 3867
f 4617 4618 4615
f 4615 4618 4671
f 4619 4680 4677
f 3870 4618 4617
f 4619 3872 3877
f 3877 3886 4619
f 4619 3886 4680
f 4671 4676 4672
f 4678 4676 4677
f 4677 4676 4671
f 4681 4685 4678
f 4682 4681 4683
f 4681 4680 4683
f 3870 3871 3872
f 3871 3868 3872
f 3873 3876 3877
f 3886 3884 3887
f 3885 3887 3884
f 4692 4684 4620
f 4620 4695 4692
f 4620 4684 3888
f 4620 3888 3893
f 3893 3898 4620
f 4620 3898 4695
f 4686 4682 4691
f 4693 4691 4692
f 4683 4684 4682
f 4696 4699 4693
f 4697 4696 4698
f 4696 4695 4698
f 3887 3885 3888
f 3889 3892 3893
f 3898 3897 3899
f 4710 4705 4709
f 4700 4697 4704
f 4697 4705 4704
f 4709 4705 4706
f 4707 4710 4711
f 4711 4712 4707
f 4716 4712 4711
f 4716 4711 4717
f 4711 4710 4717
f 4706 4698 3899
f 3899 3906 4706
f 3907 3914 4709
f 4709 3914 4715
f 4731 4738 4736
f 4737 4730 4735
f 4736 4738 4740
f 4740 4745 4736
f 4741 4740 4742
f 4737 4739 4738
f 4735 3923 4737
f 3923 3938 4737
f 4739 3939 3929
f 4742 4739 3929
f 4743 4621 4747
f 4743 4622 4621
f 4622 4625 4621
f 4635 4626 4624
f 4623 4624 4622
f 4630 4626 4635
f 4626 4627 4625
f 3796 3800 3944
f 4623 4744 3930
f 3944 3928 3796
f 3946 3945 3802
f 4623 3944 3945
f 3804 3946 3802
f 3945 4624 4623
f 4742 4744 4741
f 4741 4744 4743
f 3930 3927 3928
f 3929 3927 3930
f 4631 4630 4632
f 4630 4628 4632
f 4628 4629 4632
f 4634 4635 3946
f 3804 3805 3806
f 3818 3819 3816
f 3819 3818 3820
f 3820 3818 3815
f 3904 3906 3901
f 4716 4718 4719
f 4717 4715 4723
f 3904 3907 3906
f 3904 3905 3907
f 3913 3914 3912
f 4723 4715 3954
f 3915 3954 3913
f 4723 4724 4718
f 4719 4718 4720
f 4725 4727 4720
f 4724 4726 4725
f 4755 4727 4725
f 4756 4727 4755
f 3915 3955 3954
f 4726 4724 3955
f 3915 3953 3955
f 3960 3965 4726
f 4726 3965 4757
f 4757 4758 4755
f 4759 4758 4760
f 4758 4757 4760
f 3956 3960 3953
f 3956 3959 3960
f 3965 3964 3966
f 4769 4770 4768
f 4762 4759 4767
f 4768 4770 4767
f 4759 4768 4767
f 4772 4760 3966
f 3972 4773 4772
f 3966 3972 4772
f 4729 4789 4732
f 4789 4729 4784
f 4780 4787 4785
f 4786 4779 4783
f 4785 4787 4790
f 4790 4791 4789
f 4791 4790 4792
f 4786 4788 4787
f 4783 3978 4786
f 3978 3991 4786
f 4788 3992 3985
f 4792 4788 3985
f 4730 4750 4735
f 4730 4731 4733
f 4793 4794 4750
f 3984 3923 4735
f 4750 3984 4735
f 3984 3986 3983
f 3937 3938 3935
f 3938 3937 3939
f 3939 3937 3934
f 4789 4791 4793
f 4792 4794 4791
f 4791 4794 4793
f 3986 3982 3983
f 3985 3982 3986
f 3971 3972 3968
f 4773 4774 4769
f 4769 4774 4775
f 4774 4776 4775
f 4800 4777 4775
f 4801 4777 4800
f 4773 4000 4774
f 4776 4774 4000
f 3971 3999 4000
f 4005 4010 4776
f 4776 4010 4802
f 4802 4803 4800
f 4804 4803 4805
f 4803 4802 4805
f 4001 4005 3999
f 4001 4004 4005
f 4010 4009 4011
f 4814 4815 4813
f 4807 4804 4812
f 4813 4815 4812
f 4804 4813 4812
f 4817 4805 4011
f 4017 4818 4817
f 4011 4017 4817
f 4824 4840 4826
f 4824 4826 4825
f 4825 4826 4828
f 4828 4833 4825
f 4829 4828 4830
f 4841 4033 4827
f 4827 4033 4027
f 4830 4827 4027
f 4779 4798 4783
f 4831 4781 4835
f 4779 4780 4781
f 4831 4832 4798
f 3991 3978 4042
f 4026 3978 4783
f 4798 4026 4783
f 4026 4042 3978
f 3991 3990 3992
f 4043 4040 4042
f 3992 3990 3988
f 4830 4832 4829
f 4829 4832 4831
f 4027 4025 4028
f 4035 4041 4043
f 4040 4043 4041
f 4016 4017 4013
f 4818 4819 4814
f 4814 4819 4820
f 4819 4821 4820
f 4846 4822 4820
f 4847 4822 4846
f 4818 4051 4819
f 4821 4819 4051
f 4016 4050 4051
f 4058 4059 4821
f 4821 4059 4848
f 4848 4850 4846
f 4856 4851 4850
f 4856 4850 4857
f 4854 4857 4849
f 4052 4058 4050
f 4064 4055 4065
f 4064 4059 4058
f 4059 4064 4849
f 4849 4848 4059
f 4843 4840 4824
f 4840 4842 4841
f 4868 4872 4842
f 4869 4868 4843
f 4032 4077 4072
f 4077 4078 4072
f 4841 4842 4077
f 4033 4032 4030
f 4863 4874 4870
f 4873 4862 4867
f 4869 4870 4868
f 4873 4875 4874
f 4872 4874 4875
f 4867 4070 4873
f 4083 4069 4073
f 4873 4083 4875
f 4875 4083 4078
f 4078 4872 4875
f 4878 4858 4855
f 4855 4879 4878
f 4857 4858 4856
f 4880 4858 4878
f 4065 4055 4063
f 4065 4090 4854
f 4085 4091 4090
f 4090 4855 4854
f 4879 4881 4878
f 4880 4878 4881
f 4881 4879 4882
f 4089 4091 4085
f 4091 4089 4092
f 4860 4880 4884
f 4880 4883 4884
f 4882 4893 4889
f 4894 4889 4893
f 4893 4882 4092
f 4099 4894 4893
f 4092 4099 4893
f 4862 4877 4867
f 4896 4864 4898
f 4862 4863 4864
f 4896 4897 4877
f 4110 4070 4867
f 4877 4110 4867
f 4110 4119 4070
f 4117 4082 4119
f 4120 4117 4119
f 4904 4903 4902
f 4901 4896 4898
f 4904 4902 4901
f 4908 4897 4902
f 4111 4897 4908
f 4111 4114 4120
f 4114 4111 4908
f 4115 4112 4114
f 4117 4120 4118
f 4888 4890 4891
f 4890 4888 4889
f 4098 4099 4095
f 4138 4142 4133
f 4890 4895 4911
f 4895 4912 4911
f 4894 4135 4895
f 4098 4134 4135
f 4134 4136 4135
f 4918 4919 4917
f 4911 4916 4913
f 4917 4919 4916
f 4917 4912 4922
f 4922 4912 4136
f 4142 4923 4922
f 4134 4133 4136
f 4929 4933 4926
f 4926 4933 4934
f 4903 4910 4909
f 4927 4905 4930
f 4903 4904 4905
f 4927 4928 4910
f 4113 4112 4115
f 4148 4115 4909
f 4910 4148 4909
f 4148 4149 4147
f 4926 4928 4927
f 4939 4938 4934
f 4149 4928 4938
f 4153 4149 4938
f 4154 4151 4153
f 4153 4151 4150
f 4141 4142 4138
f 4174 4178 4168
f 4923 4924 4918
f 4941 4943 4920
f 4919 4918 4920
f 4924 4942 4941
f 4923 4170 4924
f 4141 4169 4170
f 4169 4171 4170
f 4946 4947 4945
f 4941 4944 4943
f 4945 4947 4944
f 4945 4942 4949
f 4949 4942 4171
f 4178 4950 4949
f 4169 4168 4171
f 4935 4933 4936
f 4933 4935 4934
f 4961 4967 4958
f 4958 4967 4969
f 4959 4940 4935
f 4959 4960 4940
f 4152 4151 4154
f 4186 4154 4939
f 4940 4186 4939
f 4186 4187 4185
f 4958 4960 4959
f 4973 4972 4969
f 4187 4960 4972
f 4190 4187 4972
f 4191 4189 4190
f 4190 4189 4188
f 4177 4178 4174
f 4981 4978 4975
f 4981 4975 4983
f 4211 4215 4205
f 4950 4955 4946
f 4976 4979 4948
f 4947 4946 4948
f 4955 4977 4976
f 4950 4207 4955
f 4177 4206 4207
f 4206 4208 4207
f 4976 4977 4975
f 4988 4983 4987
f 4987 4977 4208
f 4215 4988 4987
f 4206 4205 4208
f 4970 4967 4971
f 4967 4970 4969
f 4995 4974 4970
f 4995 4996 4974
f 4221 4191 4973
f 4974 4221 4973
f 4221 4228 4191
f 4226 4199 4228
f 4229 4226 4228
f 5002 4995 4997
f 5004 5003 5002
f 5008 4996 5003
f 5003 5009 5008
f 5009 5010 5011
f 4222 4996 5008
f 5009 4224 5008
f 4222 4224 4229
f 4224 4222 5008
f 5011 4237 5009
f 4226 4229 4227
f 5014 4982 4980
f 4980 4982 4989
f 4980 5015 5014
f 5017 4982 5014
f 4242 4248 4214
f 4214 4248 4249
f 4242 4250 4248
f 5015 5018 5014
f 5017 5014 5018
f 5025 5018 5026
f 5023 5026 5016
f 4254 4239 4255
f 4243 4239 4254
f 4250 4254 5016
f 5016 5015 4250
f 4988 4989 4983
f 4984 5017 5020
f 4988 4215 4249
f 4988 4249 4989
f 5017 5019 5020
f 5030 5005 5031
f 5030 5012 5005
f 5030 5038 5012
f 5013 5010 5012
f 5010 5013 5011
f 4236 4223 4237
f 5011 4262 4237
f 4262 4263 4257
f 5011 5013 4262
f 5035 5042 5040
f 5034 5030 5031
f 5038 5030 5034
f 5038 5040 5039
f 5039 5040 5041
f 5043 4265 5041
f 4257 4263 4261
f 4263 5039 5041
f 4264 4261 4265
f 5025 5027 5028
f 5047 5027 5024
f 5024 5050 5047
f 5026 5027 5025
f 4255 4239 4253
f 4255 4283 5023
f 4281 4284 4283
f 4283 5024 5023
f 5051 5056 5046
f 5049 5051 5046
f 5049 5048 5047
f 5052 5051 5050
f 4286 4275 4287
f 4282 4275 4286
f 4284 4286 5052
f 5052 5050 4284
f 5045 5042 5035
f 5042 5044 5043
f 5064 5067 5044
f 5065 5064 5045
f 5043 4295 4265
f 5067 4297 5044
f 5068 5067 5064
f 5068 5070 5072
f 5067 5068 5069
f 4297 5067 5069
f 4296 4268 4295
f 4297 4296 4295
f 4298 4296 4297
f 4296 4294 4268
f 4296 4298 4294
f 5069 5074 5077
f 5078 5077 5074
f 4302 4298 5077
f 4303 4301 4302
f 4302 4301 4299
f 4321 4325 4315
f 5046 5056 5060
f 5058 5081 5093
f 5059 5056 5057
f 5095 5060 5094
f 4317 5081 5058
f 4276 4316 4326
f 4326 4327 4287
f 4287 4327 5057
f 5058 4327 4326
f 4327 5059 5057
f 4327 5058 5059
f 5085 5086 5084
f 5084 5081 5090
f 5093 5081 5084
f 5093 5096 5094
f 5096 5095 5094
f 5090 5081 4317
f 4325 5091 5090
f 4316 4315 4317
f 5075 5072 5076
f 5072 5075 5074
f 5100 5079 5075
f 5108 5109 5080
f 4334 4303 5078
f 5079 4334 5078
f 5079 5080 4334
f 4334 4337 4303
f 4334 5080 4337
f 4336 4309 4337
f 5109 4342 5080
f 5106 5112 5110
f 5105 5100 5101
f 5108 5100 5105
f 5108 5110 5109
f 5109 5110 5111
f 5113 4344 5111
f 4336 4342 4341
f 4342 5109 5111
f 4343 4341 4344
f 4372 4378 4369
f 5087 5083 5141
f 5135 5083 5082
f 5082 5083 5092
f 5082 5137 5135
f 5092 5083 5087
f 5141 5083 5135
f 4382 4384 4324
f 4324 4384 4385
f 4382 4386 4384
f 5136 5139 5128
f 5133 5127 5138
f 5141 5142 5143
f 5138 5139 5140
f 5140 5139 5137
f 4377 4369 4379
f 4379 4369 4378
f 4387 4379 5138
f 4387 5138 5140
f 4386 4387 5140
f 5140 5137 4386
f 5085 5087 5088
f 5086 5085 5088
f 5091 4325 4385
f 5091 4385 5092
f 5141 5143 5144
f 5114 5112 5106
f 5114 5115 5112
f 5120 5115 5118
f 5114 5116 5115
f 5113 4388 4344
f 5113 5120 4388
f 5118 5121 5120
f 5149 5121 5118
f 5156 5158 5122
f 4354 4349 4391
f 4389 4348 4388
f 5121 5122 4389
f 4389 5122 4391
f 4390 4354 4391
f 5158 4396 5122
f 5154 5149 5150
f 5157 5156 5154
f 5156 5149 5154
f 5157 5161 5159
f 5159 5161 5162
f 5158 5159 5160
f 4390 4396 4394
f 4394 4396 4397
f 4397 4395 4394
f 5166 5172 5171
f 5160 5165 5170
f 5171 5172 5173
f 5160 5170 4397
f 5171 4399 5170
f 4398 4395 4399
f 4407 4399 5171
f 4405 4401 4407
f 4405 4407 4408
f 4406 4405 4408
f 4453 4459 4451
f 5191 5203 5197
f 5195 5191 5197
f 5204 5202 5199
f 5205 5200 5198
f 4458 4451 4460
f 4460 4451 4459
f 4474 4460 5197
f 4474 5197 5198
f 4469 4462 4474
f 5200 4472 5198
f 4472 4470 4469
f 5123 5201 5212
f 5213 5125 5124
f 5124 5125 5134
f 5134 5125 5129
f 4374 4362 4475
f 4473 5201 5123
f 4362 4471 4475
f 4376 4476 4477
f 5123 4476 4475
f 4476 5123 5124
f 5209 5199 5202
f 5215 5212 5209
f 5199 5201 5200
f 5212 5215 5213
f 5215 5214 5213
f 4471 4470 4473
f 4473 4470 4472
f 5131 5129 5130
f 5127 5129 5131
f 5128 5127 5131
f 5133 4378 4477
f 5133 4477 5134
f 5167 5162 5168
f 5162 5167 5165
f 5167 5166 5165
f 5169 5167 5168
f 5166 5167 5169
f 5174 5175 5172
f 5179 5175 5177
f 5174 5176 5175
f 5173 4478 4408
f 5173 5179 4478
f 5177 5180 5179
f 5224 5180 5177
f 5231 5234 5181
f 4418 4413 4480
f 4479 4412 4478
f 5180 5181 4479
f 4479 5181 4480
f 4420 4481 4482
f 5181 4481 4480
f 4484 4482 4481
f 4482 4422 4420
f 5230 5224 5225
f 5232 5231 5230
f 5231 5224 5230
f 5232 5239 5235
f 5237 5235 5236
f 5234 5235 5237
f 4484 5234 5237
f 5182 5238 5245
f 5245 5247 5182
f 4429 4423 4486
f 4483 4422 4482
f 4484 4483 4482
f 4483 5182 4486
f 4485 4429 4486
f 5247 4491 5182
f 5243 5236 5240
f 5246 5245 5243
f 5236 5238 5237
f 5246 5251 5248
f 5250 5248 5249
f 5247 5248 5250
f 5237 5238 4484
f 4485 4491 4489
f 4489 4491 4492
f 4492 4490 4489
f 5262 5261 5256
f 5255 5249 5252
f 5256 5249 5255
f 5256 5261 5259
f 5264 5262 5260
f 5260 5267 5264
f 5266 5264 5265
f 5261 5262 5263
f 5250 5259 4492
f 5261 4494 5259
f 4493 4490 4494
f 4505 4494 5261
f 4505 5261 5263
f 4502 4496 4505
f 5266 4504 5263
f 4504 4503 4502
f 5278 5277 5272
f 5271 5265 5268
f 5272 5265 5271
f 5272 5277 5275
f 5280 5278 5276
f 5276 5284 5280
f 5282 5280 5281
f 5277 5278 5279
f 5266 5275 4504
f 5277 4507 5275
f 4506 4503 4507
f 4519 4507 5277
f 4519 5277 5279
f 4515 4509 4519
f 5282 4517 5279
f 4517 4516 4515
f 5183 5283 5290
f 5290 5292 5183
f 4518 5283 5183
f 4525 4518 5183
f 4523 4526 4439
f 4439 4526 4527
f 4529 4527 4526
f 4527 4442 4439
f 5288 5281 5285
f 5291 5290 5288
f 5281 5283 5282
f 5291 5298 5293
f 5295 5293 5294
f 5292 5293 5295
f 4518 4516 4517
f 4524 4520 4525
f 4525 4523 4524
f 4529 5292 5295
f 5296 5300 5184
f 5296 5184 5185
f 5185 5184 5188
f 5187 5189 5196
f 5187 5186 5185
f 5196 5189 5192
f 5188 5190 5189
f 4455 4443 4530
f 4528 4442 4527
f 4529 4528 4527
f 4528 5186 4530
f 4457 4531 4532
f 5186 4531 4530
f 4531 5186 5187
f 5294 5297 5295
f 5296 5297 5294
f 5295 5297 4529
f 5194 5192 5193
f 5191 5192 5194
f 5204 5207 5208
f 5206 5207 5203
f 5203 5207 5205
f 5205 5207 5204
f 5206 5208 5207
f 5195 4459 4532
f 5195 4532 5196
f 3977 5315 5314
f 5314 4068 3977
f 4068 5314 5316
f 4068 4067 4066
f 4106 4101 5317
f 5320 4106 5317
f 3975 3976 3977
f 4020 4107 3976
f 4020 4108 4107
f 4107 4108 4109
f 5318 4145 5322
f 4109 4145 5318
f 4145 5328 5322
f 5319 5314 5315
f 5316 5314 5319
f 5319 5317 5316
f 5320 5323 5324
f 5319 5315 5318
f 5325 5323 5322
f 5324 5323 5325
f 4101 4106 4179
f 5320 5321 4106
f 5321 4179 4106
f 4216 4180 5331
f 4220 4217 5332
f 5334 4220 5332
f 5324 5326 5320
f 5331 5321 5333
f 5333 5332 5331
f 5334 5336 5337
f 5330 5342 5327
f 5325 5327 5324
f 5333 5326 5341
f 5324 5327 5326
f 5336 5333 5341
f 5341 5342 5343
f 5343 5344 5338
f 5337 5336 5338
f 4217 4220 4288
f 5334 5335 4220
f 5335 4288 4220
f 4328 4289 5346
f 4333 4329 5347
f 5349 4333 5347
f 5337 5339 5334
f 5346 5335 5348
f 5348 5347 5346
f 5349 5351 5352
f 5345 5357 5340
f 5338 5340 5337
f 5348 5339 5356
f 5337 5340 5339
f 5351 5348 5356
f 5356 5357 5358
f 5358 5359 5353
f 5352 5351 5353
f 4329 4333 4533
f 5349 5350 4333
f 5350 4533 4333
f 4538 4534 5361
f 4543 4539 5362
f 5364 4543 5362
f 5352 5354 5349
f 5361 5350 5363
f 5363 5362 5361
f 5364 5366 5367
f 5360 5372 5355
f 5353 5355 5352
f 5363 5354 5371
f 5352 5355 5354
f 5366 5363 5371
f 5371 5372 5373
f 5373 5374 5368
f 5367 5366 5368
f 4539 4543 4544
f 5364 5365 4543
f 5365 4544 4543
f 4549 4545 5376
f 4549 5376 5378
f 5367 5369 5364
f 5376 5365 5377
f 5380 5378 5379
f 5377 5385 5379
f 5380 5379 5381
f 5375 5391 5370
f 5368 5370 5367
f 5377 5369 5390
f 5367 5370 5369
f 5385 5377 5390
f 5390 5391 5392
f 5392 5393 5387
f 5386 5385 5387
f 4555 4553 5448
f 5448 4553 5450
f 5460 5466 5459
f 5459 5466 5471
f 5395 5482 5396
f 5482 5395 5476
f 5480 5473 5479
f 5460 5459 5472
f 5473 5459 5471
f 5459 5473 5472
f 5477 5480 5483
f 5483 5484 5482
f 5484 5483 5485
f 5479 5481 5480
f 5474 4633 5479
f 4647 4629 4636
f 5479 4647 5481
f 4643 4647 4636
f 5485 5481 4645
f 4644 4645 4643
f 5486 5398 5397
f 5398 5401 5397
f 5408 5402 5400
f 5399 5400 5398
f 5404 5402 5408
f 5402 5403 5401
f 5399 5487 4646
f 5399 4646 4653
f 4595 4663 4651
f 4664 4663 4595
f 4596 4664 4595
f 4663 5400 5399
f 5482 5484 5486
f 5485 5487 5484
f 5484 5487 5486
f 4645 4644 4646
f 4648 4652 4653
f 4651 4653 4652
f 5408 5409 5404
f 5405 5404 5406
f 5410 5413 5406
f 5409 5411 5410
f 5420 5414 5412
f 5411 5412 5410
f 5417 5414 5420
f 5414 5415 5413
f 4597 4601 4666
f 4596 4665 4664
f 5411 5409 4665
f 4665 4666 5411
f 4668 4667 4603
f 5411 4666 4667
f 4605 4668 4603
f 4667 5412 5411
f 5420 5421 5417
f 5418 5417 5419
f 5422 5425 5419
f 5421 5423 5422
f 5431 5426 5424
f 5423 5424 5422
f 5428 5426 5431
f 5426 5427 5425
f 4606 4612 4670
f 4605 4669 4668
f 5423 5421 4669
f 4669 4670 5423
f 4674 4673 4614
f 5423 4670 4673
f 4616 4674 4614
f 4673 5424 5423
f 5431 5432 5428
f 5429 5428 5430
f 5433 5436 5430
f 5432 5434 5433
f 5442 5437 5435
f 5434 5435 5433
f 5439 5437 5442
f 5437 5438 5436
f 4616 4675 4674
f 5434 5432 4675
f 4616 4672 4675
f 4679 4687 5434
f 5442 5435 4688
f 4676 4679 4672
f 4676 4678 4679
f 4687 4685 4689
f 4688 4687 4689
f 4686 4689 4685
f 5442 5443 5439
f 5440 5439 5441
f 5444 5446 5441
f 5443 5445 5444
f 5504 5446 5444
f 5505 5446 5504
f 4688 5443 5442
f 5445 4690 4694
f 4694 4701 5445
f 5445 4701 5507
f 5507 5508 5504
f 5509 5508 5510
f 5508 5507 5510
f 4688 4689 4690
f 4689 4686 4690
f 4691 4693 4694
f 4701 4699 4702
f 4700 4702 4699
f 5518 5511 5447
f 5447 5521 5518
f 5447 5511 4703
f 5447 4703 4708
f 4708 4713 5447
f 5447 4713 5521
f 5513 5509 5517
f 5519 5517 5518
f 5510 5511 5509
f 5522 5525 5519
f 5523 5522 5524
f 5522 5521 5524
f 4702 4700 4703
f 4704 4707 4708
f 4713 4712 4714
f 5526 5523 5529
f 5530 5531 5529
f 5523 5530 5529
f 5534 5530 5533
f 5536 5535 5534
f 5533 5524 4714
f 4714 4721 5533
f 4722 4728 5534
f 5534 4728 5536
f 5457 4555 5448
f 5382 5388 5449
f 5562 5571 5569
f 5570 5561 5567
f 5569 5571 5573
f 5573 5578 5569
f 5574 5573 5575
f 5570 5572 5571
f 5567 4734 5570
f 4751 4731 4736
f 5570 4751 5572
f 4745 4751 4736
f 5575 5572 4748
f 4746 4748 4745
f 5576 5458 5580
f 5576 5463 5458
f 5463 5467 5458
f 5469 5468 5466
f 5475 5468 5465
f 5464 5465 5463
f 5468 5469 5467
f 4621 4625 4752
f 5464 5577 4749
f 4752 4747 4621
f 4754 4753 4627
f 5464 4752 4753
f 4631 4754 4627
f 4753 5465 5464
f 5575 5577 5574
f 5574 5577 5576
f 4749 4746 4747
f 4748 4746 4749
f 5474 5471 5475
f 4632 4629 4633
f 5474 5475 4754
f 4631 4632 4633
f 4719 4721 4716
f 5531 5535 5537
f 5535 5538 5537
f 5541 5538 5543
f 5538 5539 5537
f 4719 4722 4721
f 4719 4720 4722
f 4728 4763 5536
f 4756 4764 4763
f 4763 4764 4765
f 4761 4764 4756
f 4764 4761 4766
f 4765 4764 4766
f 4762 4766 4761
f 5543 5544 5541
f 5541 5544 5586
f 5544 5587 5586
f 4765 5544 5543
f 4765 5587 5544
f 5586 5592 5588
f 5593 5594 5592
f 5593 5587 5596
f 5597 5593 5596
f 5599 5598 5597
f 5597 5596 4771
f 4771 4762 4767
f 4767 4770 4771
f 5597 4778 5599
f 5380 5381 5383
f 5449 5451 5382
f 5381 5382 5383
f 5451 5450 5453
f 5457 5545 5546
f 5453 5452 5451
f 5394 5553 5389
f 5387 5389 5386
f 5449 5388 5552
f 5386 5389 5388
f 5558 5559 5619
f 5568 5559 5558
f 5619 5622 5558
f 5563 5559 5568
f 4729 4795 4784
f 4796 4795 4729
f 4795 4797 4784
f 4732 4796 4729
f 5612 5624 5621
f 5623 5611 5617
f 5620 5621 5619
f 5623 5625 5624
f 5622 5624 5625
f 5617 4782 5623
f 4799 4780 4785
f 5623 4799 5625
f 5625 4799 4797
f 4797 5622 5625
f 5564 5563 5565
f 5563 5561 5565
f 5561 5562 5565
f 4733 4731 4734
f 5567 5568 4796
f 4732 4733 4734
f 5594 5598 5600
f 5598 5601 5600
f 5604 5601 5606
f 5601 5602 5600
f 4778 4770 4777
f 4778 4808 5599
f 4801 4809 4808
f 4808 4809 4810
f 4806 4809 4801
f 4809 4806 4811
f 4810 4809 4811
f 4807 4811 4806
f 5606 5607 5604
f 5604 5607 5630
f 5607 5631 5630
f 4810 5607 5606
f 4810 5631 5607
f 5630 5637 5632
f 5638 5639 5637
f 5638 5631 5641
f 5642 5638 5641
f 5644 5643 5642
f 5642 5641 4816
f 4816 4807 4812
f 4812 4815 4816
f 5642 4823 5644
f 5545 5449 5552
f 5552 5553 5554
f 5554 5555 5547
f 5546 5545 5547
f 4553 4555 4573
f 4573 4574 4575
f 4571 4574 4556
f 4574 4572 4575
f 5608 5609 5649
f 5618 5609 5608
f 5649 5652 5608
f 5613 5609 5618
f 5618 5608 4837
f 5652 4837 5608
f 5648 5659 5653
f 5648 5653 5651
f 5650 5651 5649
f 5652 5653 5654
f 4845 4824 4844
f 4844 4824 4825
f 4833 4844 4825
f 4834 4838 4833
f 5614 5613 5615
f 5613 5611 5615
f 5611 5612 5615
f 4781 4780 4782
f 4836 4782 5617
f 4839 4836 4837
f 4836 4839 4835
f 4837 4838 4839
f 4839 4834 4835
f 4838 4834 4839
f 5639 5643 5646
f 5645 5643 5644
f 5645 5668 5666
f 5667 5646 5666
f 4823 4815 4822
f 4823 4852 5644
f 4847 4853 4852
f 4852 5645 5644
f 5668 5670 5666
f 5675 5671 5670
f 5675 5670 5676
f 5674 5676 5669
f 5674 5669 4859
f 4851 4853 4847
f 5669 5668 4853
f 4856 4859 4851
f 4570 4569 4571
f 5548 4581 4556
f 4571 4556 4581
f 5556 4582 5549
f 4585 4584 4586
f 4584 4585 4580
f 4586 4587 4585
f 4581 4584 4571
f 5663 5659 5648
f 5692 5682 5661
f 5659 5662 5660
f 5694 5693 5663
f 4843 4824 4845
f 5661 5682 4861
f 5661 4861 4871
f 5660 4876 4845
f 5660 5662 4876
f 4876 5662 5661
f 5686 5685 5684
f 5690 5682 5684
f 5684 5682 5692
f 5692 5693 5695
f 5694 5695 5693
f 4861 5682 5690
f 4861 4865 4871
f 4865 4861 5690
f 4866 4863 4865
f 4869 4871 4870
f 5675 5678 5679
f 5676 5674 5680
f 5674 4859 4885
f 5680 5674 4885
f 4888 4892 4883
f 5680 5681 5678
f 5678 5681 5699
f 5681 5700 5699
f 4860 4886 4885
f 4860 4884 4886
f 4884 4887 4886
f 5707 5708 5706
f 5699 5705 5701
f 5706 5708 5705
f 5706 5700 5712
f 5712 5700 4887
f 4892 5713 5712
f 4884 4883 4887
f 5548 5457 5550
f 5546 5550 5457
f 5547 5551 5546
f 5549 5548 5550
f 5546 5551 5550
f 5550 5551 5549
f 5718 5722 5715
f 5715 5722 5724
f 5685 5698 5691
f 5716 5687 5719
f 5685 5686 5687
f 5716 5717 5698
f 4864 4863 4866
f 4899 4866 5691
f 5698 4899 5691
f 4899 4900 4898
f 5715 5717 5716
f 5728 5727 5724
f 4900 5717 5727
f 4906 4900 5727
f 4907 4904 4906
f 4906 4904 4901
f 4891 4892 4888
f 5713 5714 5707
f 5730 5732 5709
f 5708 5707 5709
f 5714 5731 5730
f 5713 4914 5714
f 4891 4913 4914
f 4913 4915 4914
f 5730 5734 5732
f 5735 5736 5734
f 5735 5731 5737
f 5739 5735 5737
f 5742 5741 5739
f 5737 5731 4915
f 5739 5737 4921
f 4915 4921 5737
f 4916 4919 4921
f 5739 4925 5742
f 5722 5725 5724
f 5748 5723 5747
f 5747 5752 5748
f 5749 5757 5761
f 4929 4937 4933
f 5750 5725 5748
f 5750 5729 5725
f 5750 5751 5729
f 4905 4904 4907
f 4931 4907 5728
f 5729 4931 5728
f 4931 4932 4930
f 5748 5749 5750
f 5749 5751 5750
f 5763 5762 5761
f 4932 5751 5762
f 5763 4937 5762
f 4932 4929 4930
f 5736 5741 5744
f 5743 5741 5742
f 5743 5769 5766
f 5767 5744 5766
f 4920 4943 4951
f 4943 4952 4951
f 4951 4953 4925
f 4925 4953 5742
f 4953 5743 5742
f 5770 5774 5765
f 5768 5770 5765
f 5768 5767 5766
f 5771 5770 5769
f 4944 4952 4943
f 4956 4947 4957
f 4956 4954 4952
f 4954 4956 5771
f 5771 5769 4954
f 4585 4583 4580
f 4585 4587 4583
f 5759 5758 5757
f 5756 5758 5781
f 5764 5758 5756
f 5781 5784 5756
f 5764 5756 4964
f 4933 4937 4936
f 5784 4964 5756
f 5780 5789 5785
f 5780 5785 5783
f 5782 5783 5781
f 5784 5785 5786
f 5790 4968 5786
f 5786 4968 4965
f 5763 5761 5764
f 4966 4963 4964
f 4963 4962 4936
f 4963 4966 4962
f 4964 4965 4966
f 4966 4961 4962
f 4965 4961 4966
f 4981 4985 4978
f 5765 5774 5777
f 5776 5774 5775
f 5776 5802 5799
f 5800 5777 5799
f 4948 4979 4990
f 4979 4991 4990
f 4990 4992 4957
f 4957 4992 5775
f 4992 5776 5775
f 5801 5804 5796
f 5798 5795 5803
f 5801 5800 5799
f 5803 5804 5805
f 5805 5804 5802
f 4986 4978 4985
f 4994 4986 5803
f 4986 4994 4991
f 4994 5803 5805
f 4994 4993 4991
f 4993 4994 5805
f 5805 5802 4993
f 5792 5789 5780
f 5789 5791 5790
f 5811 5813 5791
f 5812 5811 5792
f 5790 4998 4968
f 5813 5000 5791
f 5814 5813 5811
f 5814 5816 5819
f 5813 5814 5815
f 5000 5813 5815
f 4999 4971 4998
f 5000 4999 4998
f 5001 4999 5000
f 4999 4997 4971
f 4999 5001 4997
f 5815 5821 5824
f 5825 5824 5821
f 5006 5001 5824
f 5007 5004 5006
f 5006 5004 5002
f 4984 4985 4981
f 5834 5830 5827
f 5834 5827 5836
f 5025 5029 5019
f 5798 5808 5795
f 5828 5831 5797
f 5796 5795 5797
f 5808 5829 5828
f 5798 5021 5808
f 4984 5020 5021
f 5020 5022 5021
f 5828 5829 5827
f 5840 5836 5839
f 5839 5829 5022
f 5029 5840 5839
f 5020 5019 5022
f 5822 5819 5823
f 5819 5822 5821
f 5844 5826 5822
f 5844 5845 5826
f 5005 5004 5007
f 5032 5007 5825
f 5826 5032 5825
f 5032 5033 5031
f 5853 5852 5851
f 5850 5844 5846
f 5853 5851 5850
f 5857 5845 5851
f 5033 5845 5857
f 5036 5033 5857
f 5037 5035 5036
f 5036 5035 5034
f 5861 5835 5833
f 5833 5835 5841
f 5833 5862 5861
f 5864 5835 5861
f 5048 5053 5028
f 5028 5053 5054
f 5048 5055 5053
f 5862 5865 5861
f 5864 5861 5865
f 5873 5865 5874
f 5871 5874 5863
f 5061 5046 5062
f 5049 5046 5061
f 5055 5061 5863
f 5863 5862 5055
f 5840 5841 5836
f 5837 5864 5867
f 5840 5029 5054
f 5840 5054 5841
f 5864 5866 5867
f 5852 5859 5858
f 5878 5854 5879
f 5852 5853 5854
f 5883 5885 5860
f 5063 5037 5858
f 5859 5063 5858
f 5859 5860 5063
f 5063 5066 5037
f 5063 5860 5066
f 5065 5045 5066
f 5885 5071 5860
f 5882 5889 5886
f 5881 5878 5879
f 5883 5878 5881
f 5883 5886 5885
f 5885 5886 5887
f 5890 5073 5887
f 5065 5071 5070
f 5071 5885 5887
f 5072 5070 5073
f 5873 5875 5876
f 5903 5875 5872
f 5872 5906 5903
f 5874 5875 5873
f 5062 5046 5060
f 5062 5097 5871
f 5095 5098 5097
f 5097 5872 5871
f 5905 5908 5899
f 5902 5898 5907
f 5905 5904 5903
f 5907 5908 5909
f 5909 5908 5906
f 5907 5089 5902
f 5096 5086 5099
f 5099 5907 5909
f 5098 5099 5909
f 5909 5906 5098
f 5891 5889 5882
f 5895 5892 5915
f 5891 5892 5889
f 5896 5892 5895
f 5890 5102 5073
f 5890 5896 5102
f 5914 5918 5915
f 5915 5918 5919
f 5895 5897 5896
f 5916 5895 5915
f 5916 5897 5895
f 5916 5917 5897
f 5103 5076 5102
f 5103 5101 5076
f 5103 5104 5101
f 5925 5924 5923
f 5927 5917 5924
f 5924 5928 5927
f 5928 5929 5930
f 5104 5917 5927
f 5928 5107 5927
f 5107 5104 5927
f 5107 5106 5105
f 5930 5117 5928
f 5937 5951 5940
f 5939 5937 5940
f 5953 5946 5942
f 5954 5943 5941
f 5940 5132 5939
f 5136 5128 5148
f 5148 5940 5941
f 5142 5136 5148
f 5943 5146 5941
f 5146 5143 5142
f 5902 5912 5898
f 5944 5947 5900
f 5899 5898 5900
f 5912 5945 5944
f 5089 5086 5088
f 5902 5089 5145
f 5902 5145 5912
f 5144 5147 5145
f 5942 5945 5943
f 5944 5945 5942
f 5144 5143 5147
f 5147 5143 5146
f 5931 5929 5925
f 5934 5932 5960
f 5931 5932 5929
f 5935 5932 5934
f 5114 5106 5117
f 5117 5116 5114
f 5930 5935 5151
f 5151 5119 5116
f 5959 5963 5960
f 5960 5963 5964
f 5934 5936 5935
f 5961 5934 5960
f 5961 5936 5934
f 5961 5962 5936
f 5152 5119 5151
f 5152 5150 5119
f 5152 5153 5150
f 5970 5969 5968
f 5972 5962 5969
f 5969 5973 5972
f 5973 5974 5975
f 5153 5962 5972
f 5973 5155 5972
f 5155 5153 5972
f 5163 5155 5973
f 5161 5157 5163
f 5161 5163 5164
f 5162 5161 5164
f 5204 5210 5202
f 5214 5216 5126
f 5126 5216 5217
f 5214 5218 5216
f 5219 5217 5216
f 5217 5130 5126
f 5216 5218 5219
f 6002 6004 5995
f 6000 5994 6003
f 6006 6004 6002
f 6002 6011 6006
f 6008 6006 6007
f 6003 6004 6005
f 5209 5202 5211
f 5211 5202 5210
f 5220 5211 6003
f 5220 6003 6005
f 5218 5220 6005
f 5939 5952 5937
f 6009 6013 5938
f 5952 6010 6009
f 5953 5956 5957
f 5955 5956 5951
f 5951 5956 5954
f 5954 5956 5953
f 5955 5957 5956
f 5132 5128 5131
f 5219 6010 5952
f 5131 5130 5132
f 6007 6010 6008
f 6009 6010 6007
f 6008 6010 5219
f 5976 5974 5970
f 5976 5977 5974
f 5983 5977 5980
f 5976 5978 5977
f 5975 5221 5164
f 5975 5983 5221
f 5980 5984 5983
f 5982 5980 5981
f 5985 5982 5987
f 5986 5984 5985
f 6021 5985 5987
f 6022 6021 5987
f 5174 5169 5223
f 5222 5168 5221
f 5984 5986 5222
f 5222 5986 5223
f 5176 5226 5227
f 5986 5226 5223
f 5229 5227 5226
f 5227 5178 5176
f 6025 6024 6021
f 6027 6025 6026
f 6024 6025 6027
f 5229 6024 6027
f 5988 6028 6035
f 6035 6037 5988
f 5228 5178 5227
f 5229 5228 5227
f 5228 5225 5178
f 5988 5241 5233
f 6037 5241 5988
f 6033 6026 6030
f 6036 6035 6033
f 6026 6028 6027
f 6036 6040 6038
f 6038 6040 6041
f 6037 6038 6039
f 6027 6028 5229
f 5230 5225 5233
f 5232 5230 5233
f 5239 5241 5242
f 5242 5240 5239
f 6045 6052 6051
f 6039 6044 6050
f 6051 6052 6053
f 6039 6050 5242
f 6051 5244 6050
f 5243 5240 5244
f 5253 5244 6051
f 5251 5246 5253
f 5251 5253 5254
f 6058 6066 6065
f 6063 6058 6065
f 6065 6066 6067
f 5255 5252 5258
f 5258 5252 5257
f 5269 5258 6065
f 5267 5260 5269
f 5267 5269 5270
f 6072 6084 6079
f 6077 6072 6079
f 6085 6083 6081
f 6086 6082 6080
f 5271 5268 5274
f 5274 5268 5273
f 5287 5274 6079
f 5287 6079 6080
f 5284 5276 5287
f 6082 5286 6080
f 5286 5285 5284
f 6098 6097 6092
f 6091 6081 6083
f 6092 6081 6091
f 6092 6097 6095
f 6100 6098 6096
f 6096 6104 6100
f 6102 6100 6101
f 6097 6098 6099
f 6082 6095 5286
f 6097 5289 6095
f 5288 5285 5289
f 5303 5289 6097
f 5303 6097 6099
f 5298 5291 5303
f 6102 5301 6099
f 5301 5299 5298
f 5989 6103 6110
f 6110 6112 5989
f 5188 5184 5304
f 5302 6103 5989
f 5184 5300 5304
f 5190 5305 5306
f 5989 5305 5304
f 5308 5306 5305
f 5306 5193 5190
f 6108 6101 6105
f 6111 6110 6108
f 6101 6103 6102
f 6111 6117 6113
f 6115 6113 6114
f 6112 6113 6115
f 5300 5299 5302
f 5302 5299 5301
f 5308 6112 6115
f 5990 6116 6123
f 6124 5992 5991
f 5991 5992 6001
f 6001 5992 5996
f 5206 5194 5309
f 5307 5193 5306
f 5308 5307 5306
f 5307 5990 5309
f 5208 5310 5311
f 5990 5310 5309
f 5310 5990 5991
f 6122 6114 6118
f 6126 6123 6122
f 6114 6116 6115
f 6123 6126 6124
f 6126 6125 6124
f 6115 6116 5308
f 5998 5996 5997
f 5994 5996 5998
f 5995 5994 5998
f 6000 5210 5311
f 6000 5311 6001
f 6046 6041 6047
f 6041 6046 6044
f 6046 6045 6044
f 6048 6046 6047
f 6045 6046 6048
f 6054 6055 6052
f 6064 6055 6059
f 6054 6056 6055
f 6053 5312 5254
f 6053 6064 5312
f 5312 5257 5254
f 6061 6059 6060
f 6058 6059 6061
f 6068 6069 6066
f 6078 6069 6073
f 6068 6070 6069
f 6063 5257 5312
f 6063 5312 6064
f 6067 5313 5270
f 6067 6078 5313
f 5313 5273 5270
f 6075 6073 6074
f 6072 6073 6075
f 6085 6088 6089
f 6087 6088 6084
f 6084 6088 6086
f 6086 6088 6085
f 6087 6089 6088
f 6077 5273 5313
f 6077 5313 6078
f 6156 6157 6149
f 6156 6149 6154
f 6158 6157 6156
f 6154 5407 6156
f 5407 5416 6156
f 6156 5416 6158
f 6202 6209 6199
f 6210 6205 6198
f 6210 6198 6200
f 6205 5470 6198
f 6198 5470 5461
f 6200 6198 5461
f 6217 6201 6134
f 6135 6136 6218
f 6141 6136 6135
f 6138 6136 6141
f 6134 6201 5462
f 6134 5462 5478
f 5395 5488 5476
f 5489 5488 5395
f 5396 5489 5395
f 5488 6135 6134
f 6202 6199 6216
f 6220 6216 6217
f 6200 6201 6199
f 6217 6218 6220
f 6219 6220 6218
f 5461 5460 5462
f 5472 5477 5478
f 5476 5478 5477
f 6141 6142 6138
f 6139 6138 6140
f 6143 6146 6140
f 6142 6144 6143
f 6155 6147 6145
f 6144 6145 6143
f 6150 6147 6155
f 6147 6148 6146
f 5397 5401 5491
f 5396 5490 5489
f 6144 6142 5490
f 5490 5491 6144
f 5493 5492 5403
f 6144 5491 5492
f 5405 5493 5403
f 5492 6145 6144
f 6151 6150 6152
f 6150 6149 6152
f 6157 6160 6159
f 6163 6160 6166
f 6160 6161 6159
f 6154 6155 5493
f 5405 5406 5407
f 5415 5416 5413
f 6166 6158 5494
f 5418 5494 5415
f 6166 6167 6163
f 6164 6163 6165
f 6168 6171 6165
f 6167 6169 6168
f 6177 6172 6170
f 6169 6170 6168
f 6174 6172 6177
f 6172 6173 6171
f 5419 5425 5496
f 5418 5495 5494
f 6169 6167 5495
f 5495 5496 6169
f 5498 5497 5427
f 6169 5496 5497
f 5429 5498 5427
f 5497 6170 6169
f 6177 6178 6174
f 6175 6174 6176
f 6179 6182 6176
f 6178 6180 6179
f 6188 6183 6181
f 6180 6181 6179
f 6185 6183 6188
f 6183 6184 6182
f 5430 5436 5500
f 5429 5499 5498
f 6180 6178 5499
f 5499 5500 6180
f 5502 5501 5438
f 6180 5500 5501
f 5440 5502 5438
f 5501 6181 6180
f 6188 6189 6185
f 6186 6185 6187
f 6190 6192 6187
f 6189 6191 6190
f 6193 6241 6194
f 6238 6192 6190
f 5441 5446 5506
f 5440 5503 5502
f 6191 6189 5503
f 5503 5506 6191
f 5505 5506 5446
f 6191 5514 6240
f 6240 6242 6238
f 6241 6238 6242
f 6242 6243 6241
f 6243 6242 6244
f 6242 6240 6244
f 5512 5514 5505
f 5514 5512 5515
f 5513 5515 5512
f 6194 6241 6246
f 6252 6245 6195
f 6195 6255 6252
f 6195 6245 5516
f 6195 5516 5520
f 5520 5527 6195
f 6195 5527 6255
f 6253 6251 6252
f 6244 6245 6243
f 6256 6259 6253
f 6257 6256 6258
f 6256 6255 6258
f 5515 5513 5516
f 5517 5519 5520
f 5527 5525 5528
f 5526 5528 5525
f 6260 6257 6263
f 6264 6265 6263
f 6257 6264 6263
f 6268 6264 6267
f 6270 6269 6268
f 6267 6258 5528
f 6268 6267 5532
f 5532 5526 5529
f 5529 5531 5532
f 6268 5540 6270
f 6281 6290 6288
f 6289 6280 6286
f 6288 6290 6292
f 6292 6297 6288
f 6293 6292 6294
f 6289 6291 6290
f 6286 5566 6289
f 5583 5562 5569
f 6289 5583 6291
f 5578 5583 5569
f 6294 6291 5581
f 5579 5581 5578
f 6295 6196 6299
f 6295 6206 6196
f 6206 6211 6196
f 6213 6212 6209
f 6207 6208 6206
f 6209 6212 6210
f 6212 6213 6211
f 5458 5467 5584
f 6207 6296 5582
f 5584 5580 5458
f 6207 5584 5585
f 6205 6208 5585
f 5470 5469 5466
f 5585 6208 6207
f 6294 6296 6293
f 6293 6296 6295
f 5582 5579 5580
f 5581 5579 5582
f 6265 6269 6271
f 6305 6272 6274
f 6269 6272 6271
f 6274 6272 6275
f 5540 5531 5537
f 5539 5540 5537
f 6275 6270 5589
f 5542 5589 5539
f 6305 6308 6304
f 6309 6308 6305
f 6275 6276 6274
f 6305 6274 6306
f 6274 6276 6306
f 6276 6307 6306
f 5542 5590 5589
f 5542 5588 5590
f 5588 5591 5590
f 6314 6315 6313
f 6314 6307 6317
f 6318 6314 6317
f 6320 6319 6318
f 6317 6307 5591
f 6318 6317 5595
f 5591 5595 6317
f 5592 5594 5595
f 6318 5603 6320
f 6277 6278 6329
f 6287 6278 6277
f 6329 6332 6277
f 6282 6278 6287
f 5560 5626 5620
f 5627 5626 5560
f 5626 5628 5620
f 5564 5627 5560
f 6325 6334 6331
f 6333 6324 6328
f 6330 6331 6329
f 6333 6335 6334
f 6332 6334 6335
f 6328 5616 6333
f 5629 5612 5621
f 6333 5629 6335
f 6335 5629 5628
f 5628 6332 6335
f 6283 6282 6284
f 6282 6280 6284
f 6280 6281 6284
f 5565 5562 5566
f 6286 6287 5627
f 5564 5565 5566
f 6315 6319 6322
f 6321 6319 6320
f 6321 6343 6341
f 6342 6322 6341
f 5603 5594 5600
f 5602 5603 5600
f 5605 5633 5602
f 5635 6343 6321
f 6343 6344 6341
f 6345 6344 6346
f 6344 6343 6346
f 6346 6343 5635
f 5605 5634 5633
f 5633 5634 5635
f 5636 5635 5634
f 5605 5632 5634
f 5632 5636 5634
f 6348 6345 6352
f 6353 6354 6352
f 6345 6353 6352
f 6358 6353 6357
f 6360 6359 6358
f 6358 6357 5640
f 5636 5640 6357
f 5637 5639 5640
f 6358 5647 6360
f 5610 5655 5650
f 5656 5655 5610
f 5655 5657 5650
f 5658 5655 5656
f 5614 5656 5610
f 5658 5657 5655
f 6363 6379 6366
f 6363 6366 6365
f 6365 6366 6368
f 6368 6373 6365
f 6369 6368 6370
f 5665 5648 5664
f 5664 5648 5651
f 6367 5664 5657
f 6324 6339 6328
f 6371 6326 6375
f 6324 6325 6326
f 6371 6372 6339
f 5615 5612 5616
f 6339 6372 5658
f 5614 5615 5616
f 6370 6372 6369
f 6369 6372 6371
f 5658 6372 6370
f 6354 6359 6362
f 6361 6359 6360
f 6361 6390 6387
f 6388 6362 6387
f 5647 5639 5646
f 5647 5672 6360
f 5667 5673 5672
f 5672 6361 6360
f 6390 6392 6387
f 6396 6393 6392
f 6396 6392 6397
f 6395 6397 6391
f 6395 6391 5677
f 5671 5673 5667
f 6391 6390 5673
f 5675 5677 5671
f 6403 6364 6405
f 6403 6381 6364
f 6383 6379 6381
f 6379 6383 6380
f 6382 6383 6381
f 5663 5648 5665
f 6382 6404 5683
f 6382 5683 5696
f 6380 5697 5665
f 6380 6383 5697
f 5697 6383 6382
f 6410 6409 6408
f 6407 6403 6405
f 6410 6408 6407
f 6414 6404 6408
f 5683 6404 6414
f 5683 5688 5696
f 5688 5683 6414
f 5689 5686 5688
f 5694 5696 5695
f 6396 6399 6400
f 6397 6395 6401
f 6395 5677 5702
f 6401 6395 5702
f 6401 6402 6399
f 6399 6402 6419
f 6402 6420 6419
f 5679 5703 5702
f 5679 5701 5703
f 5701 5704 5703
f 6427 6428 6426
f 6419 6425 6421
f 6426 6428 6425
f 6426 6420 6431
f 6431 6420 5704
f 5704 5710 6431
f 5710 5708 5711
f 5705 5708 5710
f 6440 6445 6437
f 6437 6445 6448
f 5718 5726 5722
f 6409 6418 6415
f 6438 6411 6441
f 6409 6410 6411
f 6438 6439 6418
f 5687 5686 5689
f 5720 5689 6415
f 6418 5720 6415
f 5720 5721 5719
f 6437 6439 6438
f 6451 6450 6448
f 5721 6439 6450
f 6451 5726 6450
f 5721 5718 5719
f 6432 6433 6427
f 6427 6433 6434
f 6433 6435 6434
f 6455 6436 6434
f 6456 6436 6455
f 5711 5708 5709
f 6432 5711 5733
f 6432 5733 6433
f 6435 6433 5733
f 5738 5740 6435
f 6435 5740 6459
f 6460 6463 6454
f 6457 6460 6454
f 6457 6456 6455
f 6461 6460 6459
f 5734 5738 5732
f 5745 5736 5746
f 5745 5740 5738
f 5740 5745 6461
f 6461 6459 5740
f 6447 6446 6445
f 6444 6446 6469
f 6452 6446 6444
f 6469 6471 6444
f 5723 5753 5747
f 5754 5753 5723
f 5753 5755 5747
f 6473 6471 6469
f 6473 6474 6480
f 6481 6473 6480
f 6481 6478 6472
f 6478 5760 6472
f 5747 5755 5752
f 5755 6471 6472
f 5757 5752 5760
f 6451 6448 6452
f 6451 5754 5726
f 6451 6452 5754
f 6454 6463 6466
f 6465 6463 6464
f 6465 6487 6485
f 6486 6466 6485
f 5746 5736 5744
f 5746 5772 6464
f 5767 5773 5772
f 5772 6465 6464
f 6487 6489 6485
f 6495 6490 6489
f 6495 6489 6496
f 6493 6496 6488
f 5778 5765 5779
f 5768 5765 5778
f 5773 5778 6488
f 6488 6487 5773
f 6483 6482 6480
f 6479 6482 6501
f 6501 6504 6479
f 6480 6482 6481
f 5759 5787 5782
f 5787 5788 5782
f 6478 6479 5787
f 5760 5759 5757
f 6500 6509 6505
f 6500 6505 6503
f 6502 6503 6501
f 6504 6505 6506
f 5794 5780 5793
f 5793 5780 5783
f 6506 5793 5788
f 5788 6504 6506
f 6495 6497 6498
f 6516 6497 6494
f 6494 6519 6516
f 6496 6497 6495
f 5779 5765 5777
f 5779 5806 6493
f 5800 5807 5806
f 5806 6494 6493
f 6520 6524 6515
f 6518 6520 6515
f 6518 6517 6516
f 6521 6520 6519
f 5809 5796 5810
f 5801 5796 5809
f 5807 5809 6521
f 6521 6519 5807
f 6512 6509 6500
f 6509 6511 6510
f 6531 6533 6511
f 6532 6531 6512
f 5792 5780 5794
f 6510 5817 5794
f 5817 5818 5812
f 6510 6511 5817
f 6535 6533 6531
f 6535 6536 6540
f 6541 6535 6540
f 6541 6539 6534
f 6539 5820 6534
f 5812 5818 5816
f 5818 6533 6534
f 5819 5816 5820
f 5834 5838 5830
f 6515 6524 6528
f 6526 6547 6557
f 6527 6524 6525
f 6559 6528 6558
f 5832 6547 6526
f 5797 5831 5842
f 5842 5843 5810
f 5810 5843 6525
f 6526 5843 5842
f 5843 6527 6525
f 5843 6526 6527
f 6550 6551 6549
f 6549 6547 6555
f 6557 6547 6549
f 6557 6560 6558
f 6560 6559 6558
f 6555 6547 5832
f 5838 6556 6555
f 5831 5830 5832
f 6543 6540 6544
f 6541 6545 6539
f 6539 5847 5820
f 6539 6545 5847
f 6543 6546 6545
f 6564 6546 6543
f 6564 6565 6546
f 5848 5823 5847
f 5848 5846 5823
f 5848 5849 5846
f 6573 6572 6571
f 6570 6564 6566
f 6573 6571 6570
f 6577 6565 6571
f 5849 6565 6577
f 5855 5849 6577
f 5856 5853 5855
f 5855 5853 5850
f 5837 5838 5834
f 6593 6586 6582
f 6591 6594 6581
f 6594 6583 6581
f 6591 6581 5877
f 6581 5869 5877
f 6583 5869 6581
f 6556 6563 6550
f 6584 6587 6552
f 6551 6550 6552
f 6563 6585 6584
f 6556 5868 6563
f 5837 5867 5868
f 5867 5870 5868
f 6582 6585 6583
f 6584 6585 6582
f 5867 5866 5870
f 5870 5866 5869
f 6572 6579 6578
f 6598 6574 6599
f 6572 6573 6574
f 6603 6605 6580
f 5854 5853 5856
f 5880 5856 6578
f 6579 5880 6578
f 6579 6580 5880
f 6580 5888 5884
f 6605 5888 6580
f 6602 6609 6606
f 6601 6598 6599
f 6603 6598 6601
f 6603 6606 6605
f 6605 6606 6607
f 5881 5879 5884
f 5894 5882 5893
f 5884 5888 5893
f 6607 5893 5888
f 5888 6605 6607
f 6593 6595 6596
f 6622 6595 6592
f 6592 6625 6622
f 6594 6595 6593
f 5904 5910 5876
f 5904 5911 5910
f 5910 6592 6591
f 5877 5873 5876
f 6624 6627 6618
f 6621 6617 6626
f 6624 6623 6622
f 6626 6627 6628
f 6628 6627 6625
f 6626 5901 6621
f 5905 5899 5913
f 5913 6626 6628
f 5911 5913 6628
f 6628 6625 5911
f 6612 6609 6602
f 6613 6616 6635
f 6609 6611 6610
f 6633 6634 6611
f 5891 5882 5894
f 6610 5920 5894
f 5920 5921 5914
f 6610 6611 5920
f 6636 6634 6633
f 6635 6636 6633
f 6636 6635 6637
f 6638 6636 6637
f 6634 6636 6638
f 5914 5921 5918
f 5918 5921 5922
f 5922 5919 5918
f 6635 6616 6639
f 6645 6644 6643
f 6644 6637 6643
f 6644 6648 6647
f 6648 6649 6650
f 6638 6647 5922
f 6648 5926 6647
f 5923 5919 5926
f 5926 5925 5923
f 6650 5933 6648
f 6669 6660 6656
f 6665 6670 6655
f 6670 6657 6655
f 6665 6655 5958
f 6655 5949 5958
f 6657 5949 6655
f 6621 6631 6617
f 6658 6661 6619
f 6618 6617 6619
f 6631 6659 6658
f 5901 5899 5900
f 6621 5901 5948
f 6621 5948 6631
f 5947 5950 5948
f 6656 6659 6657
f 6658 6659 6656
f 5947 5946 5950
f 5950 5946 5949
f 6652 6649 6645
f 6649 6651 6650
f 6675 6677 6651
f 6676 6675 6652
f 5931 5925 5933
f 6650 5965 5933
f 5965 5966 5959
f 6650 6651 5965
f 6678 6677 6675
f 6680 6678 6679
f 6677 6678 6680
f 5959 5966 5963
f 5963 5966 5967
f 5967 5964 5963
f 6686 6679 6682
f 6688 6687 6686
f 6687 6679 6686
f 6687 6691 6690
f 6691 6692 6693
f 6680 6690 5967
f 6691 5971 6690
f 5968 5964 5971
f 5971 5970 5968
f 6693 5979 6691
f 6706 6722 6712
f 6710 6706 6712
f 6723 6718 6714
f 6724 6715 6713
f 6712 5999 6710
f 6002 5995 6016
f 6016 6712 6713
f 6011 6002 6016
f 6715 6014 6713
f 6014 6012 6011
f 6716 6719 6654
f 6716 6654 6666
f 6666 6654 6671
f 6669 6672 6673
f 6668 6667 6666
f 6670 6672 6669
f 6671 6673 6672
f 5955 5938 6017
f 6015 6717 6667
f 5938 6013 6017
f 6667 6018 6017
f 6018 6668 6665
f 5958 5953 5957
f 6018 6667 6668
f 6714 6717 6715
f 6716 6717 6714
f 6013 6012 6015
f 6015 6012 6014
f 6694 6692 6688
f 6694 6695 6692
f 6700 6695 6698
f 6694 6696 6695
f 5976 5970 5979
f 5979 5978 5976
f 6693 6700 6019
f 6019 5981 5978
f 6698 6701 6700
f 6732 6701 6698
f 6737 6740 6702
f 5987 5982 6023
f 6020 5981 6019
f 6701 6702 6020
f 6020 6702 6023
f 6022 5987 6023
f 6740 6031 6702
f 6736 6732 6733
f 6738 6737 6736
f 6737 6732 6736
f 6738 6744 6741
f 6743 6741 6742
f 6740 6741 6743
f 6022 6031 6029
f 6029 6031 6032
f 6032 6030 6029
f 6748 6742 6745
f 6750 6749 6748
f 6749 6742 6748
f 6749 6753 6752
f 6753 6754 6755
f 6743 6752 6032
f 6753 6034 6752
f 6033 6030 6034
f 6042 6034 6753
f 6040 6036 6042
f 6040 6042 6043
f 6041 6040 6043
f 6760 6768 6767
f 6765 6760 6767
f 6767 6768 6769
f 6767 6049 6765
f 6057 6049 6767
f 6769 6057 6767
f 6774 6782 6781
f 6779 6774 6781
f 6781 6782 6783
f 6781 6062 6779
f 6071 6062 6781
f 6783 6071 6781
f 6788 6795 6794
f 6792 6788 6794
f 6794 6795 6796
f 6794 6076 6792
f 6090 6076 6794
f 6796 6090 6794
f 6085 6093 6083
f 6800 6812 6807
f 6805 6800 6807
f 6813 6811 6809
f 6814 6810 6808
f 6091 6083 6094
f 6094 6083 6093
f 6107 6094 6807
f 6107 6807 6808
f 6104 6096 6107
f 6810 6106 6808
f 6106 6105 6104
f 6826 6825 6820
f 6819 6809 6811
f 6820 6809 6819
f 6820 6825 6823
f 6828 6826 6824
f 6824 6832 6828
f 6830 6828 6829
f 6825 6826 6827
f 6810 6823 6106
f 6825 6109 6823
f 6108 6105 6109
f 6121 6109 6825
f 6121 6825 6827
f 6117 6111 6121
f 6830 6119 6827
f 6119 6118 6117
f 6703 6831 6838
f 6707 6705 6842
f 6839 6705 6704
f 6704 6705 6711
f 6711 6705 6707
f 6842 6705 6839
f 6120 6831 6703
f 6127 6120 6703
f 6125 6128 5993
f 5993 6128 6129
f 6129 5997 5993
f 6128 6703 6704
f 6837 6829 6833
f 6840 6838 6837
f 6829 6831 6830
f 6838 6840 6839
f 6842 6843 6844
f 6120 6118 6119
f 6126 6122 6127
f 6127 6125 6126
f 6706 6707 6708
f 6723 6726 6727
f 6725 6726 6722
f 6722 6726 6724
f 6724 6726 6723
f 6725 6727 6726
f 5999 5995 5998
f 6710 6129 6711
f 5998 5997 5999
f 6842 6844 6845
f 6756 6754 6750
f 6756 6757 6754
f 6766 6757 6761
f 6756 6758 6757
f 6755 6130 6043
f 6755 6766 6130
f 6763 6761 6762
f 6760 6761 6763
f 6770 6771 6768
f 6780 6771 6775
f 6770 6772 6771
f 6765 6130 6766
f 6048 6047 6049
f 6057 6056 6054
f 6769 6780 6131
f 6131 6060 6056
f 6777 6775 6776
f 6774 6775 6777
f 6784 6785 6782
f 6793 6785 6789
f 6784 6786 6785
f 6779 6131 6780
f 6061 6060 6062
f 6071 6070 6068
f 6783 6793 6132
f 6132 6074 6070
f 6791 6789 6790
f 6788 6789 6791
f 6797 6798 6795
f 6806 6798 6801
f 6797 6799 6798
f 6792 6132 6793
f 6075 6074 6076
f 6090 6089 6087
f 6796 6806 6133
f 6803 6801 6802
f 6800 6801 6803
f 6813 6816 6817
f 6815 6816 6812
f 6812 6816 6814
f 6814 6816 6813
f 6815 6817 6816
f 6805 6093 6133
f 6805 6133 6806
f 6877 6878 6871
f 6877 6871 6875
f 6879 6878 6877
f 6875 6153 6877
f 6153 6162 6877
f 6877 6162 6879
f 6912 6918 6909
f 6912 6909 6911
f 6917 6920 6914
f 6921 6913 6915
f 6911 6197 6912
f 6197 6214 6912
f 6913 6215 6203
f 6915 6913 6203
f 6928 6916 6858
f 6931 6860 6861
f 6859 6860 6929
f 6863 6860 6859
f 6861 6860 6863
f 6860 6931 6929
f 6858 6916 6204
f 6858 6204 6221
f 6137 6222 6219
f 6223 6222 6137
f 6139 6223 6137
f 6222 6859 6858
f 6917 6914 6925
f 6930 6925 6928
f 6915 6916 6914
f 6928 6929 6930
f 6933 6932 6931
f 6203 6202 6204
f 6216 6220 6221
f 6219 6221 6220
f 6863 6864 6861
f 6865 6868 6862
f 6864 6866 6865
f 6876 6869 6867
f 6866 6867 6865
f 6872 6869 6876
f 6869 6870 6868
f 6140 6146 6225
f 6139 6224 6223
f 6866 6864 6224
f 6224 6225 6866
f 6227 6226 6148
f 6866 6225 6226
f 6151 6227 6148
f 6226 6867 6866
f 6931 6934 6933
f 6873 6872 6874
f 6872 6871 6874
f 6878 6881 6880
f 6883 6881 6886
f 6881 6882 6880
f 6875 6876 6227
f 6151 6152 6153
f 6161 6162 6159
f 6886 6879 6228
f 6164 6228 6161
f 6886 6887 6883
f 6884 6883 6885
f 6888 6891 6885
f 6887 6889 6888
f 6897 6892 6890
f 6889 6890 6888
f 6894 6892 6897
f 6892 6893 6891
f 6165 6171 6230
f 6164 6229 6228
f 6889 6887 6229
f 6229 6230 6889
f 6232 6231 6173
f 6889 6230 6231
f 6175 6232 6173
f 6231 6890 6889
f 6897 6898 6894
f 6895 6894 6896
f 6899 6902 6896
f 6898 6900 6899
f 6955 6903 6904
f 6905 6903 6901
f 6900 6901 6899
f 6904 6903 6905
f 6176 6182 6234
f 6175 6233 6232
f 6900 6898 6233
f 6233 6234 6900
f 6236 6235 6184
f 6900 6234 6235
f 6186 6236 6184
f 6235 6901 6900
f 6955 6957 6953
f 6958 6957 6955
f 6905 6906 6904
f 6955 6904 6956
f 6904 6906 6956
f 6907 6966 6963
f 6187 6192 6239
f 6186 6237 6236
f 6907 6906 6237
f 6237 6239 6907
f 6248 6247 6193
f 6907 6239 6247
f 6250 6247 6248
f 6194 6248 6193
f 6964 6962 6963
f 6963 6962 6956
f 6967 6971 6964
f 6968 6967 6969
f 6967 6966 6969
f 6969 6966 6250
f 6977 6970 6908
f 6908 6979 6977
f 6194 6249 6248
f 6248 6249 6250
f 6194 6246 6249
f 6254 6261 6908
f 6908 6261 6979
f 6972 6968 6975
f 6978 6975 6977
f 6969 6970 6968
f 6980 6982 6978
f 6983 6982 6980
f 6980 6979 6981
f 6250 6970 6969
f 6251 6254 6246
f 6251 6253 6254
f 6261 6259 6262
f 6260 6262 6259
f 6992 6993 6987
f 6981 6991 6986
f 6994 6993 6992
f 6991 6981 6262
f 6992 6991 6266
f 6266 6260 6263
f 6263 6265 6266
f 6992 6273 6994
f 7000 7007 7005
f 7006 6999 7003
f 7005 7007 7009
f 7009 7014 7005
f 7010 7009 7011
f 7006 7008 7007
f 7003 6285 7006
f 6303 6281 6288
f 7006 6303 7008
f 6297 6303 6288
f 7011 7008 6301
f 6298 6301 6297
f 6909 6919 6911
f 7012 6910 7016
f 7012 7013 6919
f 6924 6923 6920
f 6918 6923 6922
f 6921 6923 6918
f 6920 6923 6921
f 6923 6924 6922
f 6300 6197 6911
f 6919 6300 6911
f 6300 6302 6299
f 6213 6214 6211
f 6214 6213 6215
f 6215 6213 6209
f 7011 7013 7010
f 7010 7013 7012
f 6302 6298 6299
f 6301 6298 6302
f 6983 6988 6989
f 6988 6983 6986
f 6987 6988 6986
f 6989 6988 6990
f 6988 6987 6990
f 6995 6993 6994
f 6995 7029 7026
f 7027 6996 7026
f 6273 6265 6271
f 6273 6310 6994
f 6304 6311 6310
f 6310 6995 6994
f 7029 7030 7026
f 7031 7030 7032
f 7030 7029 7032
f 6308 6311 6304
f 6311 6308 6312
f 6309 6312 6308
f 7034 7031 7037
f 7038 7039 7037
f 7031 7038 7037
f 7043 7038 7042
f 7045 7044 7043
f 7042 7032 6312
f 7043 7042 6316
f 6316 6309 6313
f 6313 6315 6316
f 7043 6323 7045
f 7058 6998 7001
f 6997 6998 7052
f 7004 6998 6997
f 7052 7054 6997
f 7001 6998 7004
f 6998 7058 7052
f 6279 6336 6330
f 6337 6336 6279
f 6336 6338 6330
f 6283 6337 6279
f 7049 7056 7053
f 7055 7048 7051
f 7060 7059 7058
f 7055 7057 7056
f 7054 7056 7057
f 7051 6327 7055
f 6340 6325 6331
f 7055 6340 7057
f 7057 6340 6338
f 6338 7054 7057
f 7001 6999 7002
f 6999 7000 7002
f 6284 6281 6285
f 7003 7004 6337
f 6283 6284 6285
f 7058 7061 7060
f 7039 7044 7047
f 7046 7044 7045
f 7046 7073 7070
f 7071 7047 7070
f 6323 6315 6322
f 6323 6349 7045
f 6342 6350 6349
f 6349 7046 7045
f 7073 7074 7070
f 7075 7074 7076
f 7074 7073 7076
f 6347 6350 6342
f 6350 6347 6351
f 6348 6351 6347
f 7083 7084 7082
f 7078 7075 7081
f 7082 7084 7081
f 7075 7082 7081
f 7087 7076 6351
f 6355 6348 6352
f 6355 6354 6356
f 6352 6354 6355
f 7098 7105 7094
f 7106 7102 7093
f 7106 7093 7095
f 6385 6363 6384
f 6384 6363 6365
f 6373 6384 6365
f 7095 7093 6377
f 6374 6377 6373
f 7048 7064 7051
f 7096 7050 7099
f 7048 7049 7050
f 7096 7097 7064
f 6326 6325 6327
f 6376 6327 7051
f 7064 6376 7051
f 6376 6378 6375
f 7095 7097 7094
f 7094 7097 7096
f 6378 6374 6375
f 6377 6374 6378
f 7088 7089 7083
f 7083 7089 7090
f 7089 7091 7090
f 7113 7092 7090
f 7114 7092 7113
f 7088 6356 6386
f 7088 6386 7089
f 7091 7089 6386
f 6386 6356 6389
f 6386 6389 7091
f 6388 6389 6362
f 7091 6394 7116
f 7116 7118 7113
f 7123 7119 7118
f 7123 7118 7124
f 7122 7124 7117
f 7122 7117 6398
f 6393 6394 6388
f 7117 7116 6394
f 6396 6398 6393
f 7140 7130 7103
f 7108 7107 7105
f 7104 7107 7141
f 7105 7107 7106
f 7103 7130 6406
f 6416 6405 6364
f 6385 6417 6416
f 7102 6417 6385
f 7103 6416 6417
f 7102 7104 6417
f 6417 7104 7103
f 7134 7133 7132
f 7138 7130 7132
f 7132 7130 7140
f 7140 7141 7143
f 7142 7143 7141
f 6406 7130 7138
f 6412 6406 7138
f 6413 6410 6412
f 6412 6410 6407
f 7123 7125 7126
f 7124 7122 7128
f 7122 6398 6422
f 7128 7122 6422
f 7128 7129 7125
f 7125 7129 7147
f 7129 7148 7147
f 6400 6423 6422
f 6400 6421 6423
f 6421 6424 6423
f 7154 7155 7153
f 7147 7152 7149
f 7153 7155 7152
f 7153 7148 7159
f 7159 7148 6424
f 6424 6429 7159
f 6429 6428 6430
f 6425 6428 6429
f 7166 7171 7163
f 7163 7171 7173
f 6440 6449 6445
f 7133 7146 7139
f 7164 7135 7167
f 7133 7134 7135
f 7164 7165 7146
f 6411 6410 6413
f 6442 6413 7139
f 7146 6442 7139
f 6442 6443 6441
f 7163 7165 7164
f 7177 7176 7173
f 6443 7165 7176
f 7177 6449 7176
f 6443 6440 6441
f 7160 7161 7154
f 7179 7180 7156
f 7155 7154 7156
f 7162 7187 7186
f 7160 6430 6453
f 7160 6453 7161
f 7162 7161 6453
f 6453 6430 6458
f 6453 6458 7162
f 6456 6458 6436
f 7162 6462 7187
f 7188 7190 7184
f 7179 7183 7180
f 7186 7183 7179
f 7187 7188 7186
f 7189 7188 7187
f 6467 6454 6468
f 6457 6454 6467
f 6462 6467 7189
f 7189 7187 6462
f 7170 7172 7195
f 7178 7172 7170
f 7195 7196 7170
f 7172 7198 7195
f 6447 6475 6470
f 6476 6475 6447
f 6475 6477 6470
f 7199 7196 7195
f 7198 7199 7195
f 7207 7199 7206
f 7207 7204 7197
f 7204 6484 7197
f 6470 6477 6474
f 6477 7196 7197
f 6480 6474 6484
f 7177 7173 7178
f 7198 7174 7201
f 7177 6476 6449
f 7177 7178 6476
f 7198 7201 7200
f 7184 7190 7193
f 7192 7190 7191
f 7192 7213 7211
f 7212 7193 7211
f 6468 6454 6466
f 6468 6491 7191
f 6486 6492 6491
f 6491 7192 7191
f 7213 7215 7211
f 7221 7216 7215
f 7221 7215 7222
f 7219 7222 7214
f 7219 7214 6499
f 6490 6492 6486
f 7214 7213 6492
f 6495 6499 6490
f 7209 7208 7206
f 7205 7208 7226
f 7226 7228 7205
f 7206 7208 7207
f 6483 6507 6502
f 6507 6508 6502
f 7204 7205 6507
f 6484 6483 6480
f 7230 7228 7226
f 7230 7231 7238
f 7239 7230 7238
f 7239 7236 7229
f 6514 6500 6513
f 6513 6500 6503
f 7229 6513 6508
f 6508 7228 7229
f 7221 7223 7224
f 7246 7223 7220
f 7220 7249 7246
f 7222 7223 7221
f 6517 6522 6498
f 6517 6523 6522
f 6522 7220 7219
f 6499 6495 6498
f 7250 7254 7243
f 7248 7250 7243
f 7248 7247 7246
f 7251 7250 7249
f 6529 6515 6530
f 6518 6515 6529
f 6523 6529 7251
f 7251 7249 6523
f 7241 7240 7238
f 7237 7240 7260
f 7260 7262 7237
f 7238 7240 7239
f 6512 6500 6514
f 7236 6537 6514
f 6537 6538 6532
f 7236 7237 6537
f 7264 7262 7260
f 7264 7265 7271
f 7272 7264 7271
f 7272 7270 7263
f 7270 6542 7263
f 6532 6538 6536
f 6538 7262 7263
f 6540 6536 6542
f 7278 7280 7244
f 7278 7244 7256
f 7254 7258 7256
f 7258 7254 7255
f 7258 7257 7256
f 6530 6515 6528
f 6548 7279 7257
f 6561 6548 7257
f 6530 6562 7255
f 6562 7258 7255
f 6562 7257 7258
f 7285 7286 7284
f 7278 7283 7280
f 7284 7286 7283
f 7284 7279 7290
f 7290 7279 6548
f 6553 6548 6561
f 6548 6553 7290
f 6553 6551 6554
f 6561 6559 6560
f 7273 7271 7274
f 7272 7276 7270
f 7270 6567 6542
f 7270 7276 6567
f 7273 7277 7276
f 7293 7277 7273
f 7293 7294 7277
f 6568 6544 6567
f 6568 6566 6544
f 6568 6569 6566
f 7301 7300 7299
f 7298 7293 7295
f 7301 7299 7298
f 7304 7294 7299
f 6569 7294 7304
f 6575 6569 7304
f 6576 6573 6575
f 6575 6573 6570
f 7322 7315 7311
f 7320 7323 7310
f 7323 7312 7310
f 7320 7310 6597
f 7310 6589 6597
f 7312 6589 7310
f 7291 7292 7285
f 7313 7316 7287
f 7286 7285 7287
f 7292 7314 7313
f 6554 6551 6552
f 7291 6554 6588
f 7291 6588 7292
f 6587 6590 6588
f 7311 7314 7312
f 7313 7314 7311
f 6587 6586 6590
f 6590 6586 6589
f 7300 7306 7305
f 7307 7306 7300
f 7308 7306 7307
f 7328 7307 7309
f 7329 7328 7309
f 6574 6573 6576
f 6600 6576 7305
f 7306 6600 7305
f 7306 7308 6600
f 7308 6608 6604
f 7331 6608 7308
f 7333 7331 7328
f 7333 7334 7337
f 7338 7333 7337
f 7338 7336 7332
f 6601 6599 6604
f 6615 6602 6614
f 6604 6608 6614
f 7332 6614 6608
f 6608 7331 7332
f 7322 7324 7325
f 7349 7324 7321
f 7321 7352 7349
f 7323 7324 7322
f 6623 6629 6596
f 6623 6630 6629
f 6629 7321 7320
f 6597 6593 6596
f 7351 7354 7345
f 7348 7344 7353
f 7351 7350 7349
f 7353 7354 7355
f 7355 7354 7352
f 7353 6620 7348
f 6624 6618 6632
f 6632 7353 7355
f 6630 6632 7355
f 7355 7352 6630
f 7340 7337 7341
f 7338 7342 7336
f 6612 6602 6615
f 6615 6613 6612
f 7336 7342 6640
f 6640 6616 6613
f 7340 7343 7342
f 7360 7343 7340
f 7360 7361 7343
f 6641 6616 6640
f 6641 6639 6616
f 6641 6642 6639
f 7366 7360 7362
f 7368 7367 7366
f 7370 7361 7367
f 7367 7371 7370
f 7371 7372 7373
f 6642 7361 7370
f 7371 6646 7370
f 6646 6642 7370
f 6646 6645 6643
f 7373 6653 7371
f 7385 7398 7380
f 7384 7385 7380
f 7387 7385 7384
f 7384 7392 7387
f 7389 7387 7388
f 7399 7386 6674
f 7386 6663 6674
f 7389 6663 7386
f 7348 7358 7344
f 7390 7394 7346
f 7345 7344 7346
f 7358 7391 7390
f 6620 6618 6619
f 7348 6620 6662
f 7348 6662 7358
f 6661 6664 6662
f 7388 7391 7389
f 7390 7391 7388
f 6661 6660 6664
f 6664 6660 6663
f 7375 7372 7368
f 7376 7378 7406
f 7372 7374 7373
f 7404 7405 7374
f 6652 6645 6653
f 7373 6683 6653
f 6683 6684 6676
f 7373 7374 6683
f 7407 7405 7404
f 7406 7407 7404
f 7407 7406 7408
f 7409 7407 7408
f 7405 7407 7409
f 6676 6684 6681
f 6681 6684 6685
f 6685 6682 6681
f 7406 7378 7410
f 7415 7414 7413
f 7414 7408 7413
f 7414 7418 7416
f 7418 7420 7421
f 7409 7416 6685
f 7418 6689 7416
f 6686 6682 6689
f 6689 6688 6686
f 7421 6697 7418
f 7379 7381 7445
f 7440 7379 7445
f 7441 7443 7435
f 7439 7434 7442
f 7446 7443 7441
f 7446 7445 7447
f 7448 7446 7447
f 7442 7443 7444
f 7442 6709 7439
f 6728 6709 7442
f 7444 6720 6729
f 7448 6720 7444
f 7449 7382 7400
f 7398 7402 7400
f 7402 7398 7399
f 7402 7401 7400
f 6671 6654 6730
f 6721 7450 7401
f 6654 6719 6730
f 7401 6731 6730
f 6731 7402 7399
f 6674 6669 6673
f 6731 7401 7402
f 7449 7447 7445
f 7447 7450 7448
f 7449 7450 7447
f 6719 6718 6721
f 6721 6718 6720
f 7422 7420 7415
f 7422 7423 7420
f 7429 7423 7427
f 7422 7424 7423
f 6694 6688 6697
f 6697 6696 6694
f 7421 7429 6734
f 6734 6699 6696
f 7427 7430 7429
f 7456 7430 7427
f 7461 7464 7431
f 6735 6699 6734
f 7430 7431 6735
f 6735 6733 6699
f 7431 6746 6739
f 7464 6746 7431
f 7460 7456 7457
f 7462 7461 7460
f 7461 7456 7460
f 7462 7468 7465
f 7467 7465 7466
f 7464 7465 7467
f 6736 6733 6739
f 6738 6736 6739
f 6744 6746 6747
f 6747 6745 6744
f 7478 7477 7473
f 7472 7466 7469
f 7473 7466 7472
f 7473 7477 7475
f 7479 7478 7476
f 7476 7480 7479
f 7479 7480 7483
f 7484 7479 7483
f 7484 7478 7479
f 7467 7475 6747
f 7477 6751 7475
f 6748 6745 6751
f 6751 6750 6748
f 7482 6759 7477
f 7486 7495 7494
f 7492 7486 7494
f 7494 7495 7496
f 7494 6764 7492
f 6773 6764 7494
f 7496 6773 7494
f 7501 7509 7508
f 7506 7501 7508
f 7508 7509 7510
f 7508 6778 7506
f 6787 6778 7508
f 7510 6787 7508
f 7528 7536 7535
f 7533 7528 7535
f 7535 7536 7537
f 7535 6804 7533
f 6818 6804 7535
f 7537 6818 7535
f 6813 6821 6811
f 7550 7552 7543
f 7548 7542 7551
f 7554 7552 7550
f 7550 7558 7554
f 7556 7554 7555
f 7551 7552 7553
f 6819 6811 6822
f 6822 6811 6821
f 6836 6822 7551
f 6836 7551 7553
f 6832 6824 6836
f 7556 6834 7553
f 6834 6833 6832
f 7432 7557 7564
f 7433 7436 7569
f 7564 7568 7432
f 7565 7433 7569
f 6835 7557 7432
f 6841 6835 7432
f 7432 6847 6841
f 7568 6847 7432
f 7563 7555 7559
f 7566 7564 7563
f 7555 7557 7556
f 7570 7569 7571
f 7572 7570 7571
f 7568 7570 7572
f 6835 6833 6834
f 6840 6837 6841
f 6843 6847 6848
f 6848 6844 6843
f 7439 7454 7434
f 7435 7434 7437
f 7454 7574 7573
f 7439 6709 6846
f 7439 6846 7454
f 6845 6849 6846
f 6728 6727 6725
f 6727 6728 6729
f 6729 6723 6727
f 7573 7571 7569
f 7571 7574 7572
f 7573 7574 7571
f 6845 6844 6849
f 6849 6844 6848
f 7487 7483 7488
f 7484 7493 7482
f 6756 6750 6759
f 6759 6758 6756
f 7482 7493 6850
f 6850 6762 6758
f 7489 7487 7488
f 7486 7487 7489
f 7497 7498 7495
f 7507 7498 7502
f 7497 7499 7498
f 7492 6850 7493
f 6763 6762 6764
f 6773 6772 6770
f 7496 7507 6851
f 6851 6776 6772
f 7504 7502 7503
f 7501 7502 7504
f 7511 7512 7509
f 7519 7512 7515
f 7511 7513 7512
f 7506 6851 7507
f 6777 6776 6778
f 6787 6786 6784
f 7510 7519 6852
f 6852 6790 6786
f 7515 7520 7519
f 7517 7515 7516
f 7521 7517 7524
f 7522 7520 7521
f 7523 7525 7534
f 7523 7522 7521
f 7534 7525 7529
f 7524 7526 7525
f 6797 6791 6854
f 6853 6790 6852
f 7520 7522 6853
f 6853 7522 6854
f 6799 6855 6856
f 7522 6855 6854
f 6856 6802 6799
f 6855 7522 7523
f 7531 7529 7530
f 7528 7529 7531
f 7538 7539 7536
f 7549 7539 7544
f 7538 7540 7539
f 7533 6856 7534
f 6803 6802 6804
f 6818 6817 6815
f 7537 7549 6857
f 7546 7544 7545
f 7542 7544 7546
f 7543 7542 7546
f 7548 6821 6857
f 7548 6857 7549
f 6917 6926 6920
f 7596 7602 7590
f 7596 7590 7594
f 7601 7603 7598
f 7604 7597 7599
f 6927 6917 6925
f 6926 6917 6927
f 6937 7596 6927
f 7596 6937 7597
f 6932 6937 6930
f 7599 7597 6935
f 6933 6935 6932
f 7611 7600 7581
f 7581 7613 7611
f 6862 6868 6938
f 7581 7600 6936
f 6938 6934 6862
f 6940 6939 6870
f 7581 6938 6939
f 6942 6939 6940
f 6873 6940 6870
f 7601 7598 7608
f 7612 7608 7611
f 7599 7600 7598
f 7614 7618 7612
f 7615 7614 7616
f 7614 7613 7616
f 6936 6933 6934
f 6935 6933 6936
f 7616 7613 6942
f 7625 7617 7582
f 7582 7627 7625
f 6874 6880 6943
f 6873 6941 6940
f 6940 6941 6942
f 6941 6943 7582
f 6945 6944 6882
f 7582 6943 6944
f 6947 6944 6945
f 6884 6945 6882
f 7619 7615 7622
f 7626 7622 7625
f 7616 7617 7615
f 7628 7632 7626
f 7629 7628 7630
f 7628 7627 7630
f 6942 7617 7616
f 7630 7627 6947
f 7638 7631 7583
f 7583 7641 7638
f 6885 6891 6948
f 6884 6946 6945
f 6945 6946 6947
f 6946 6948 7583
f 6950 6949 6893
f 7583 6948 6949
f 6952 6949 6950
f 6895 6950 6893
f 7633 7629 7637
f 7639 7637 7638
f 7630 7631 7629
f 7642 7646 7639
f 7643 7642 7644
f 7642 7641 7644
f 6947 7631 7630
f 7644 7641 6952
f 7652 7645 7584
f 7584 7655 7652
f 6896 6902 6954
f 6895 6951 6950
f 6950 6951 6952
f 6951 6954 7584
f 6953 6954 6902
f 7584 6959 7655
f 7647 7643 7651
f 7653 7651 7652
f 7644 7645 7643
f 7656 7660 7653
f 7657 7656 7658
f 7656 7655 7658
f 6952 7645 7644
f 6957 6959 6953
f 6959 6957 6960
f 6958 6960 6957
f 7666 7659 7585
f 7585 7668 7666
f 7585 7659 6961
f 7585 6961 6965
f 6965 6973 7585
f 7585 6973 7668
f 7661 7657 7664
f 7667 7664 7666
f 7658 7659 7657
f 7669 7671 7667
f 7672 7671 7669
f 7669 7668 7670
f 6960 6958 6961
f 6962 6964 6965
f 6973 6971 6974
f 6972 6974 6971
f 7681 7682 7676
f 7670 7680 7675
f 7683 7682 7681
f 7680 7670 6974
f 7681 7680 6976
f 6976 6972 6975
f 6984 7681 6976
f 6982 6984 6978
f 6985 6984 6982
f 6983 6985 6982
f 7695 7700 7692
f 7701 7696 7691
f 7701 7691 7693
f 7020 7000 7019
f 7019 7000 7005
f 7014 7019 7005
f 7693 7691 7017
f 7015 7017 7014
f 7708 7694 7586
f 7587 7588 7709
f 7595 7588 7587
f 7591 7588 7595
f 6910 6922 7021
f 7586 7694 7018
f 7021 7016 6910
f 7023 7022 6924
f 7586 7021 7022
f 7022 7587 7586
f 7695 7692 7705
f 7711 7705 7708
f 7693 7694 7692
f 7708 7709 7711
f 7710 7711 7709
f 7018 7015 7016
f 7017 7015 7018
f 7592 7591 7593
f 7591 7590 7593
f 7607 7606 7603
f 7602 7606 7605
f 7604 7606 7602
f 7603 7606 7604
f 7606 7607 7605
f 7594 7023 6926
f 7594 7595 7023
f 7672 7677 7678
f 7677 7672 7675
f 7676 7677 7675
f 7678 7677 7679
f 7677 7676 7679
f 7726 7685 7686
f 7682 7685 7684
f 7686 7685 7687
f 7683 6985 7024
f 7687 7683 7024
f 7726 7728 7724
f 7729 7728 7726
f 7687 7688 7686
f 7726 7686 7727
f 7686 7688 7727
f 7689 7736 7734
f 6990 6996 7028
f 6989 7025 7024
f 7689 7688 7025
f 7025 7028 7689
f 7027 7028 6996
f 7689 7035 7736
f 7735 7732 7734
f 7734 7732 7727
f 7737 7739 7735
f 7740 7739 7737
f 7737 7736 7738
f 7033 7035 7027
f 7035 7033 7036
f 7034 7036 7033
f 7738 7747 7743
f 7748 7743 7747
f 7747 7738 7036
f 7040 7034 7037
f 7040 7039 7041
f 7037 7039 7040
f 7759 7766 7755
f 7767 7762 7754
f 7767 7754 7756
f 7066 7049 7065
f 7065 7049 7053
f 7059 7065 7053
f 7756 7754 7062
f 7060 7062 7059
f 7757 7690 7760
f 7757 7697 7690
f 7697 7702 7690
f 7704 7703 7700
f 7698 7699 7697
f 7700 7703 7701
f 7703 7704 7702
f 7698 7758 7063
f 7067 7061 7002
f 7020 7068 7067
f 7696 7068 7020
f 7698 7067 7068
f 7696 7699 7068
f 7068 7699 7698
f 7756 7758 7755
f 7755 7758 7757
f 7063 7060 7061
f 7062 7060 7063
f 7740 7744 7745
f 7744 7740 7743
f 7745 7744 7746
f 7750 7752 7746
f 7749 7751 7750
f 7777 7752 7750
f 7778 7752 7777
f 7748 7041 7069
f 7748 7069 7749
f 7751 7749 7069
f 7069 7041 7072
f 7069 7072 7751
f 7071 7072 7047
f 7751 7079 7780
f 7780 7781 7777
f 7785 7783 7781
f 7781 7780 7782
f 7077 7079 7071
f 7079 7077 7080
f 7078 7080 7077
f 7782 7791 7787
f 7792 7787 7791
f 7791 7782 7080
f 7085 7078 7081
f 7085 7084 7086
f 7081 7084 7085
f 7802 7807 7798
f 7808 7804 7797
f 7808 7797 7799
f 7804 7109 7797
f 7797 7109 7100
f 7799 7797 7100
f 7800 7753 7803
f 7800 7763 7753
f 7763 7768 7753
f 7770 7769 7766
f 7764 7765 7763
f 7766 7769 7767
f 7769 7770 7768
f 7764 7801 7101
f 7110 7099 7050
f 7066 7111 7110
f 7762 7111 7066
f 7764 7110 7111
f 7762 7765 7111
f 7111 7765 7764
f 7799 7801 7798
f 7798 7801 7800
f 7101 7098 7099
f 7100 7098 7101
f 7785 7788 7789
f 7788 7785 7787
f 7789 7788 7790
f 7794 7796 7790
f 7793 7795 7794
f 7823 7796 7794
f 7824 7796 7823
f 7792 7086 7112
f 7792 7112 7793
f 7795 7793 7112
f 7112 7086 7115
f 7112 7115 7795
f 7114 7115 7092
f 7795 7120 7827
f 7827 7828 7823
f 7831 7830 7828
f 7828 7827 7829
f 7119 7120 7114
f 7120 7119 7121
f 7829 7837 7835
f 7838 7835 7837
f 7837 7829 7121
f 7127 7838 7837
f 7121 7127 7837
f 7847 7840 7805
f 7810 7809 7807
f 7806 7809 7848
f 7807 7809 7808
f 7805 7840 7131
f 7805 7131 7144
f 7108 7145 7142
f 7804 7806 7145
f 7109 7108 7105
f 7145 7806 7805
f 7843 7842 7841
f 7845 7840 7841
f 7841 7840 7847
f 7847 7848 7850
f 7849 7850 7848
f 7131 7840 7845
f 7131 7136 7144
f 7136 7131 7845
f 7137 7134 7136
f 7142 7144 7143
f 7836 7831 7835
f 7858 7832 7859
f 7126 7127 7123
f 7859 7863 7858
f 7866 7860 7868
f 7859 7836 7861
f 7836 7839 7861
f 7839 7862 7861
f 7838 7150 7839
f 7126 7149 7150
f 7149 7151 7150
f 7861 7860 7859
f 7861 7862 7860
f 7872 7868 7871
f 7871 7862 7151
f 7151 7157 7871
f 7157 7155 7158
f 7152 7155 7157
f 7877 7880 7874
f 7874 7880 7881
f 7166 7175 7171
f 7842 7855 7846
f 7875 7844 7878
f 7842 7843 7844
f 7875 7876 7855
f 7135 7134 7137
f 7168 7137 7846
f 7855 7168 7846
f 7168 7169 7167
f 7874 7876 7875
f 7886 7885 7881
f 7169 7876 7885
f 7886 7175 7885
f 7169 7166 7167
f 7866 7869 7870
f 7869 7866 7868
f 7869 7873 7890
f 7873 7891 7890
f 7158 7155 7156
f 7872 7158 7181
f 7872 7181 7873
f 7180 7182 7181
f 7890 7896 7892
f 7897 7898 7896
f 7897 7891 7902
f 7903 7897 7902
f 7905 7904 7903
f 7902 7891 7182
f 7903 7902 7185
f 7182 7185 7902
f 7183 7184 7185
f 7903 7194 7905
f 7882 7880 7883
f 7880 7882 7881
f 7171 7175 7174
f 7911 7915 7908
f 7908 7915 7916
f 7200 7210 7206
f 7909 7889 7882
f 7909 7910 7889
f 7889 7202 7886
f 7202 7201 7174
f 7202 7203 7201
f 7908 7910 7909
f 7921 7920 7916
f 7203 7910 7920
f 7921 7210 7920
f 7203 7200 7201
f 7923 7924 7899
f 7923 7899 7906
f 7923 7906 7932
f 7904 7907 7906
f 7907 7904 7905
f 7194 7184 7193
f 7194 7217 7905
f 7212 7218 7217
f 7217 7907 7905
f 7934 7936 7928
f 7923 7927 7924
f 7932 7927 7923
f 7933 7934 7932
f 7935 7934 7933
f 7937 7935 7225
f 7216 7218 7212
f 7935 7933 7218
f 7221 7225 7216
f 7917 7915 7918
f 7915 7917 7916
f 7209 7232 7227
f 7233 7232 7209
f 7232 7234 7227
f 7235 7232 7233
f 7235 7234 7232
f 7945 7950 7941
f 7951 7949 7940
f 7951 7940 7942
f 7949 7242 7940
f 7227 7234 7231
f 7238 7231 7242
f 7943 7922 7917
f 7943 7944 7922
f 7921 7233 7210
f 7922 7944 7235
f 7942 7944 7941
f 7941 7944 7943
f 7235 7944 7942
f 7957 7958 7929
f 7957 7929 7938
f 7957 7938 7968
f 7936 7939 7938
f 7939 7936 7937
f 7247 7252 7224
f 7247 7253 7252
f 7252 7939 7937
f 7225 7221 7224
f 7957 7961 7958
f 7968 7961 7957
f 7967 7962 7970
f 7969 7971 7968
f 7970 7971 7972
f 7972 7971 7969
f 7970 7245 7967
f 7248 7243 7259
f 7259 7970 7972
f 7253 7259 7972
f 7972 7969 7253
f 7952 7950 7953
f 7951 7955 7949
f 7241 7266 7261
f 7266 7267 7261
f 7242 7241 7238
f 7268 7267 7266
f 7977 7981 7974
f 7974 7981 7982
f 7261 7267 7265
f 7265 7267 7269
f 7267 7268 7269
f 7952 7956 7955
f 7975 7956 7952
f 7975 7976 7956
f 7956 7268 7955
f 7956 7976 7268
f 7974 7976 7975
f 7987 7986 7982
f 7987 7275 7986
f 7269 7986 7275
f 7996 7992 7989
f 7996 7989 7997
f 7967 7973 7962
f 7990 7993 7964
f 7963 7962 7964
f 7973 7991 7990
f 7245 7243 7244
f 7967 7245 7281
f 7967 7281 7973
f 7280 7282 7281
f 7990 7991 7989
f 8002 7997 8001
f 8001 7991 7282
f 7282 7288 8001
f 7288 7286 7289
f 7283 7286 7288
f 7983 7981 7984
f 7981 7983 7982
f 7271 7275 7274
f 8004 7988 7983
f 8004 8005 7988
f 7988 7296 7987
f 7296 7295 7274
f 7296 7297 7295
f 8012 8011 8010
f 8009 8004 8006
f 8012 8010 8009
f 8014 8005 8010
f 7297 8005 8014
f 7302 7297 8014
f 7303 7301 7302
f 7302 7301 7298
f 7996 7998 7999
f 7998 7996 7997
f 8034 8026 8022
f 8032 8035 8021
f 8035 8023 8021
f 8032 8021 7326
f 8021 7318 7326
f 8023 7318 8021
f 7998 8003 8024
f 8003 8025 8024
f 7289 7286 7287
f 8002 7289 7317
f 8002 7317 8003
f 7316 7319 7317
f 8022 8025 8023
f 8024 8025 8022
f 7316 7315 7319
f 7319 7315 7318
f 8011 8016 8015
f 8017 8016 8011
f 8018 8016 8017
f 8039 8017 8019
f 8040 8039 8019
f 7327 7303 8015
f 8016 7327 8015
f 8016 8018 7327
f 7327 7330 7303
f 7327 8018 7330
f 7329 7309 7330
f 8041 7335 8018
f 8043 8041 8039
f 8043 8044 8049
f 8050 8043 8049
f 8050 8048 8042
f 8048 7339 8042
f 7329 7335 7334
f 7335 8041 8042
f 7337 7334 7339
f 8059 8057 8056
f 8059 8056 8061
f 8034 8036 8037
f 8067 8036 8033
f 8033 8071 8067
f 8035 8036 8034
f 7350 7356 7325
f 7350 7357 7356
f 7356 8033 8032
f 7326 7322 7325
f 8073 8072 8063
f 8062 8056 8057
f 8056 8063 8061
f 8063 8056 8062
f 8069 8068 8067
f 8072 8073 8074
f 8074 8073 8071
f 8072 7347 8066
f 7351 7345 7359
f 7359 8072 8074
f 7357 7359 8074
f 8074 8071 7357
f 8051 8049 8052
f 8050 8054 8048
f 8048 7363 7339
f 8048 8054 7363
f 8051 8055 8054
f 8077 8055 8051
f 8077 8078 8055
f 7364 7341 7363
f 7364 7362 7341
f 7364 7365 7362
f 8087 8086 8082
f 8081 8077 8079
f 8083 8078 8082
f 8082 8086 8083
f 8088 8087 8084
f 8084 8089 8088
f 8088 8089 8092
f 8093 8088 8092
f 8093 8087 8088
f 7365 8078 8083
f 8086 7369 8083
f 7369 7365 8083
f 7369 7368 7366
f 8091 7377 8086
f 8064 8059 8061
f 8113 8060 8119
f 8114 8117 8105
f 8111 8104 8116
f 8120 8117 8114
f 8120 8119 8121
f 8122 8120 8121
f 8116 8117 8118
f 8116 7383 8111
f 7384 7380 7403
f 7403 8116 8118
f 7392 7384 7403
f 8122 7396 8118
f 7396 7393 7392
f 8119 8064 8123
f 8064 8076 8123
f 8076 8124 8123
f 7347 7345 7346
f 8066 7347 7395
f 8066 7395 8076
f 7394 7397 7395
f 8123 8121 8119
f 8121 8124 8122
f 8123 8124 8121
f 7394 7393 7397
f 7397 7393 7396
f 8095 8092 8096
f 8093 8097 8091
f 7375 7368 7377
f 7377 7376 7375
f 8091 8097 7411
f 7411 7378 7376
f 8095 8098 8097
f 8127 8098 8095
f 8132 8135 8099
f 7412 7378 7411
f 8098 8099 7412
f 7412 7410 7378
f 8099 7419 7417
f 8135 7419 8099
f 8131 8127 8128
f 8133 8132 8131
f 8132 8127 8131
f 8133 8138 8137
f 8137 8138 8142
f 8143 8137 8142
f 8143 8141 8136
f 7413 7410 7417
f 7426 7415 7425
f 7417 7419 7425
f 8136 7425 7419
f 7419 8135 8136
f 8168 8162 8161
f 8168 8161 8174
f 8179 8102 8101
f 8101 8102 8112
f 8101 8183 8179
f 8112 8102 8106
f 7440 7451 7379
f 7379 7451 7452
f 7440 7453 7451
f 7452 7381 7379
f 8185 8184 8176
f 8175 8161 8162
f 8161 8176 8174
f 8176 8161 8175
f 8181 8180 8179
f 8184 8185 8186
f 8186 8185 8183
f 8184 7438 8177
f 7441 7435 7455
f 7455 8184 8186
f 7453 7455 8186
f 8186 8183 7453
f 8108 8106 8107
f 8104 8106 8108
f 8105 8104 8108
f 7383 7380 7382
f 8111 7452 8112
f 7382 7381 7383
f 8144 8142 8145
f 8143 8149 8141
f 7422 7415 7426
f 7426 7424 7422
f 8141 8149 7458
f 7458 7428 7424
f 8144 8150 8149
f 8146 8144 8145
f 8151 8146 8153
f 8152 8150 8151
f 8154 8156 8191
f 8189 8151 8153
f 7459 7428 7458
f 8150 8152 7459
f 7459 7457 7428
f 8152 7470 7463
f 8190 7470 8152
f 8192 8190 8189
f 8191 8192 8189
f 8192 8191 8193
f 8194 8192 8193
f 8190 8192 8194
f 7460 7457 7463
f 7462 7460 7463
f 7468 7470 7471
f 7471 7469 7468
f 8191 8156 8195
f 8204 8203 8199
f 8199 8193 8198
f 8199 8203 8200
f 8206 8204 8201
f 8201 8209 8206
f 8208 8206 8207
f 8203 8204 8205
f 8194 8200 7471
f 8203 7474 8200
f 7472 7469 7474
f 7485 7474 8203
f 7485 8203 8205
f 7480 7476 7485
f 8208 7481 8205
f 8219 8218 8214
f 8213 8207 8210
f 8214 8207 8213
f 8214 8218 8216
f 8220 8219 8217
f 8217 8221 8220
f 8220 8221 8224
f 8225 8220 8224
f 8225 8219 8220
f 8208 8216 7481
f 7481 8216 7490
f 7500 7491 8218
f 8223 7500 8218
f 8227 8237 8235
f 8233 8227 8235
f 8235 8237 8238
f 8235 7505 8233
f 7514 7505 8235
f 8238 7514 8235
f 8244 8256 8252
f 8250 8244 8252
f 8258 8254 8253
f 8258 8253 8264
f 8252 8256 8257
f 8252 7518 8250
f 7527 7518 8252
f 8257 7527 8252
f 8272 8271 8266
f 8265 8253 8254
f 8253 8266 8264
f 8266 8253 8265
f 8273 8272 8270
f 8270 8275 8273
f 8280 8272 8273
f 8271 7532 8268
f 7541 7532 8271
f 8279 7541 8271
f 8157 8158 8293
f 8287 8157 8293
f 8291 8290 8284
f 8283 8274 8276
f 8274 8284 8282
f 8284 8274 8283
f 8294 8291 8288
f 8294 8293 8295
f 8296 8294 8295
f 8290 8291 8292
f 8290 7547 8285
f 7550 7543 7562
f 7562 8290 8292
f 7558 7550 7562
f 8296 7560 8292
f 7560 7559 7558
f 8297 8159 8165
f 8165 8159 8169
f 8168 8170 8171
f 8167 8170 8178
f 8167 8166 8165
f 8169 8171 8170
f 7561 8298 8166
f 7567 7561 8166
f 7565 7575 7433
f 7433 7575 7576
f 7576 7436 7433
f 7575 8166 8167
f 8297 8295 8293
f 8295 8298 8296
f 8297 8298 8295
f 7561 7559 7560
f 7566 7563 7567
f 7567 7565 7566
f 8177 8178 8174
f 7438 7435 7437
f 8177 7576 8178
f 7437 7436 7438
f 7483 7490 7488
f 8228 8224 8229
f 8225 8234 8223
f 7490 7491 7488
f 7489 7488 7491
f 7500 7499 7497
f 8223 8234 7577
f 7577 7503 7499
f 8230 8228 8229
f 8227 8228 8230
f 8239 8240 8237
f 8251 8240 8245
f 8239 8241 8240
f 8233 7577 8234
f 7504 7503 7505
f 7514 7513 7511
f 8238 8251 7578
f 7578 7516 7513
f 8247 8245 8246
f 8244 8245 8247
f 8258 8260 8261
f 8259 8260 8256
f 8259 8261 8260
f 8250 7578 8251
f 7517 7516 7518
f 7527 7526 7524
f 8257 8269 7579
f 7579 7530 7526
f 8268 8269 8264
f 8280 8286 8279
f 8286 8280 8282
f 8268 7579 8269
f 7531 7530 7532
f 7541 7540 7538
f 8279 8286 7580
f 7580 7545 7540
f 8285 8286 8282
f 7547 7543 7546
f 8285 7580 8286
f 7546 7545 7547
f 7601 7609 7603
f 8313 8314 8307
f 8313 8307 8311
f 8315 8314 8313
f 7610 7601 7608
f 7609 7601 7610
f 7620 8313 7610
f 7618 7620 7612
f 7621 7620 7618
f 8325 8331 8319
f 8325 8319 8323
f 8330 8332 8327
f 8333 8326 8328
f 7624 7619 7622
f 7623 7619 7624
f 7636 8325 7624
f 8325 7636 8326
f 7632 7636 7626
f 8328 8326 7634
f 7633 7634 7632
f 8340 8329 8301
f 8301 8342 8340
f 8301 8329 7635
f 8301 7635 7640
f 7640 7648 8301
f 8301 7648 8342
f 8330 8327 8337
f 8341 8337 8340
f 8328 8329 8327
f 8343 8347 8341
f 8344 8343 8345
f 8343 8342 8345
f 7634 7633 7635
f 7637 7639 7640
f 7648 7646 7649
f 7647 7649 7646
f 8354 8346 8302
f 8302 8356 8354
f 8302 8346 7650
f 8302 7650 7654
f 7654 7662 8302
f 8302 7662 8356
f 8348 8344 8351
f 8355 8351 8354
f 8345 8346 8344
f 8357 8359 8355
f 8360 8359 8357
f 8357 8356 8358
f 7649 7647 7650
f 7651 7653 7654
f 7662 7660 7663
f 7661 7663 7660
f 8369 8370 8364
f 8358 8368 8363
f 8371 8370 8369
f 8368 8358 7663
f 8369 8368 7665
f 7665 7661 7664
f 7673 8369 7665
f 7671 7673 7667
f 7674 7673 7671
f 7672 7674 7671
f 7695 7706 7700
f 7589 7712 7710
f 7713 7712 7589
f 7712 7715 7710
f 7716 7712 7713
f 7592 7713 7589
f 7716 7715 7712
f 8382 8389 8387
f 8388 8381 8385
f 8387 8389 8391
f 8391 8395 8387
f 8392 8391 8393
f 8388 8390 8389
f 7707 7695 7705
f 7706 7695 7707
f 7717 8388 7707
f 8388 7717 8390
f 8390 7717 7715
f 8402 8394 8303
f 8304 8305 8403
f 8312 8305 8304
f 8308 8305 8312
f 7593 7605 7718
f 7592 7714 7713
f 7713 7714 7716
f 7714 7718 8303
f 7720 7719 7607
f 8303 7718 7719
f 7719 8304 8303
f 8396 8392 8401
f 8405 8401 8402
f 8393 8394 8392
f 8402 8403 8405
f 8404 8405 8403
f 7716 8394 8393
f 8309 8308 8310
f 8308 8307 8310
f 8314 8317 8316
f 8320 8317 8324
f 8317 8318 8316
f 8311 7720 7609
f 8311 8312 7720
f 8315 7621 7721
f 8324 8315 7721
f 7621 7623 7721
f 8321 8320 8322
f 8320 8319 8322
f 8336 8335 8332
f 8331 8335 8334
f 8333 8335 8331
f 8332 8335 8333
f 8335 8336 8334
f 8323 7721 7623
f 8323 8324 7721
f 8360 8365 8366
f 8365 8360 8363
f 8364 8365 8363
f 8366 8365 8367
f 8365 8364 8367
f 8424 8373 8374
f 8370 8373 8372
f 8374 8373 8375
f 8371 7674 7722
f 8375 8371 7722
f 8424 8426 8422
f 8427 8426 8424
f 8375 8376 8374
f 8424 8374 8425
f 8374 8376 8425
f 8377 8434 8432
f 7679 7684 7725
f 7678 7723 7722
f 8377 8376 7723
f 7723 7725 8377
f 7724 7725 7684
f 8377 7730 8434
f 8433 8430 8432
f 8432 8430 8425
f 8435 8437 8433
f 8438 8437 8435
f 8435 8434 8436
f 7728 7730 7724
f 7730 7728 7731
f 7729 7731 7728
f 8447 8448 8442
f 8436 8446 8441
f 8449 8448 8447
f 8446 8436 7731
f 8447 8446 7733
f 7733 7729 7732
f 7741 8447 7733
f 7739 7741 7735
f 7742 7741 7739
f 7740 7742 7739
f 7759 7771 7766
f 8468 8456 8378
f 8471 8380 8383
f 8379 8380 8469
f 8386 8380 8379
f 8383 8380 8386
f 8380 8471 8469
f 7690 7702 7772
f 8378 8456 7761
f 7772 7760 7690
f 7774 7773 7704
f 8378 7772 7773
f 7773 8379 8378
f 8461 8460 8459
f 8465 8456 8459
f 8459 8456 8468
f 8468 8469 8470
f 8473 8472 8471
f 7761 8456 8465
f 8466 7771 8465
f 7761 7759 7760
f 8383 8381 8384
f 8381 8382 8384
f 8385 7774 7706
f 8385 8386 7774
f 8471 8474 8473
f 8438 8443 8444
f 8443 8438 8441
f 8442 8443 8441
f 8444 8443 8445
f 8443 8442 8445
f 8484 8451 8452
f 8448 8451 8450
f 8452 8451 8453
f 8449 7742 7775
f 8453 8449 7775
f 8484 8486 8482
f 8487 8486 8484
f 8453 8454 8452
f 8484 8452 8485
f 8452 8454 8485
f 8455 8495 8494
f 7746 7752 7779
f 7745 7776 7775
f 8455 8454 7776
f 7776 7779 8455
f 7778 7779 7752
f 8455 7784 8495
f 8496 8498 8491
f 8494 8490 8485
f 8495 8496 8494
f 8497 8496 8495
f 8499 8497 7786
f 7783 7784 7778
f 8497 8495 7784
f 7785 7786 7783
f 7802 7811 7807
f 8515 8458 8462
f 8457 8458 8509
f 8467 8458 8457
f 8509 8511 8457
f 8462 8458 8467
f 8458 8515 8509
f 7753 7768 7813
f 7813 7803 7753
f 7814 7803 7813
f 7816 7815 7770
f 8506 8513 8510
f 8512 8505 8508
f 8517 8516 8515
f 8512 8514 8513
f 8511 8513 8514
f 7811 7802 7812
f 7818 8512 7812
f 7812 7814 7818
f 8512 7818 8514
f 7814 7817 7818
f 8514 7818 7817
f 7817 8511 8514
f 8462 8460 8463
f 8460 8461 8463
f 8466 7816 7771
f 8466 8467 7816
f 8515 8518 8517
f 8491 8498 8500
f 8528 8501 8502
f 8498 8501 8500
f 8502 8501 8503
f 8499 7786 7819
f 8503 8499 7819
f 8528 8531 8526
f 8532 8531 8528
f 8503 8504 8502
f 8528 8502 8529
f 8502 8504 8529
f 8504 8530 8529
f 7790 7796 7825
f 7789 7820 7819
f 7824 7825 7796
f 7824 7826 7825
f 8536 8537 8535
f 8536 8530 8540
f 8541 8536 8540
f 8543 8542 8541
f 8540 8530 7821
f 8541 8540 7822
f 7822 7821 7826
f 7821 7822 8540
f 7833 8541 7822
f 7822 7826 7833
f 7834 7833 7830
f 7831 7834 7830
f 7810 7851 7849
f 7852 7851 7810
f 7851 7853 7849
f 7854 7851 7852
f 7854 7853 7851
f 8551 8557 8547
f 8558 8554 8546
f 8558 8546 8548
f 7857 7843 7856
f 7856 7843 7850
f 8546 7856 7853
f 8505 8522 8508
f 8549 8507 8552
f 8505 8506 8507
f 8549 8550 8522
f 8508 7852 7811
f 8522 8550 7854
f 8548 8550 8547
f 8547 8550 8549
f 7854 8550 8548
f 8537 8542 8545
f 8544 8542 8543
f 8544 8568 8565
f 8566 8545 8565
f 7858 7864 7832
f 7858 7865 7864
f 7864 8544 8543
f 7834 7831 7832
f 8568 8570 8565
f 8574 8571 8570
f 8574 8570 8575
f 8573 8575 8569
f 8573 8569 7867
f 7863 7865 7858
f 8569 8568 7865
f 7866 7867 7863
f 7877 7884 7880
f 8587 8581 8555
f 8560 8559 8557
f 8556 8559 8588
f 8557 8559 8558
f 8555 8581 7879
f 7887 7878 7844
f 7857 7888 7887
f 8554 7888 7857
f 8555 7887 7888
f 8554 8556 7888
f 7888 8556 8555
f 8584 8583 8582
f 8585 8581 8582
f 8582 8581 8587
f 8587 8588 8590
f 8589 8590 8588
f 7879 8581 8585
f 8586 7884 8585
f 7879 7877 7878
f 8575 8573 8579
f 8600 8576 8601
f 8573 7867 7893
f 8579 8573 7893
f 8601 8605 8600
f 8608 8602 8611
f 8579 8580 8578
f 8601 8578 8603
f 8578 8580 8603
f 8580 8604 8603
f 7870 7894 7893
f 7870 7892 7894
f 7892 7895 7894
f 8603 8602 8601
f 8603 8604 8602
f 8614 8611 8613
f 8613 8604 7895
f 7895 7900 8613
f 7900 7898 7901
f 7896 7898 7900
f 7880 7884 7883
f 7911 7919 7915
f 8583 8595 8586
f 8596 8595 8583
f 8623 8596 8597
f 8622 8596 8623
f 8624 8623 8597
f 8595 7913 8586
f 7913 7912 7883
f 7913 7914 7912
f 8619 8618 8617
f 8620 8616 8617
f 8617 8616 8622
f 8622 8623 8625
f 8624 8625 8623
f 7914 8616 8620
f 8621 7919 8620
f 7914 7911 7912
f 8612 8608 8611
f 8633 8609 8634
f 8634 8638 8633
f 8641 8635 8644
f 8634 8612 8636
f 8612 8615 8636
f 8615 8637 8636
f 7901 7898 7899
f 8614 7901 7925
f 8614 7925 8615
f 7924 7926 7925
f 8636 8635 8634
f 8636 8637 8635
f 8647 8644 8646
f 8646 8637 7926
f 7926 7930 8646
f 7930 7928 7931
f 7927 7928 7930
f 7915 7919 7918
f 7945 7954 7950
f 8618 8628 8621
f 8629 8628 8618
f 8657 8629 8630
f 8656 8629 8657
f 8658 8657 8630
f 8628 7947 8621
f 7947 7946 7918
f 7947 7948 7946
f 8652 8651 8650
f 8654 8649 8650
f 8650 8649 8656
f 8656 8657 8659
f 8658 8659 8657
f 7948 8649 8654
f 8655 7954 8654
f 7948 7945 7946
f 8645 8641 8644
f 8665 8642 8666
f 8666 8670 8665
f 8673 8667 8676
f 8666 8645 8668
f 8645 8648 8668
f 8648 8669 8668
f 7931 7928 7929
f 8647 7931 7959
f 8647 7959 8648
f 7958 7960 7959
f 8668 8667 8666
f 8668 8669 8667
f 8679 8676 8678
f 8678 8669 7960
f 7960 7965 8678
f 7965 7963 7966
f 7961 7963 7965
f 7950 7954 7953
f 7977 7985 7981
f 8651 8662 8655
f 8681 8653 8683
f 8651 8652 8653
f 8681 8682 8662
f 8662 7979 8655
f 7979 7978 7953
f 7979 7980 7978
f 8687 8686 8685
f 8684 8681 8683
f 8687 8685 8684
f 8688 8682 8685
f 7980 8682 8688
f 8689 7985 8688
f 7980 7977 7978
f 8677 8673 8676
f 8700 8674 8701
f 8701 8705 8700
f 8709 8702 8714
f 7996 8000 7992
f 8701 8677 8703
f 8677 8680 8703
f 8680 8704 8703
f 7966 7963 7964
f 8679 7966 7994
f 8679 7994 8680
f 7993 7995 7994
f 8703 8702 8701
f 8703 8704 8702
f 8716 8714 8715
f 8715 8704 7995
f 8000 8716 8715
f 7993 7992 7995
f 7981 7985 7984
f 8686 8694 8689
f 8695 8694 8686
f 8723 8695 8696
f 8722 8695 8723
f 8724 8723 8696
f 8694 8007 8689
f 8007 8006 7984
f 8007 8008 8006
f 8721 8718 8719
f 8719 8718 8722
f 8719 8726 8721
f 8722 8723 8725
f 8724 8725 8723
f 8726 8729 8730
f 8008 8718 8721
f 8726 8013 8721
f 8013 8008 8721
f 8013 8012 8009
f 8730 8020 8726
f 8709 8710 8711
f 8749 8710 8708
f 8708 8710 8717
f 8708 8754 8749
f 8029 8708 8717
f 7999 8000 7996
f 8029 8754 8708
f 8755 8757 8743
f 8751 8755 8743
f 8751 8750 8749
f 8756 8755 8754
f 8758 8756 8038
f 8756 8030 8038
f 8716 8717 8714
f 8031 8029 8028
f 7999 8027 8028
f 8027 8031 8028
f 8029 8031 8030
f 8027 8026 8031
f 8031 8026 8030
f 8732 8729 8720
f 8733 8736 8764
f 8729 8731 8730
f 8762 8763 8731
f 8019 8012 8020
f 8730 8045 8020
f 8045 8046 8040
f 8730 8731 8045
f 8765 8763 8762
f 8764 8765 8762
f 8765 8764 8766
f 8767 8765 8766
f 8763 8765 8767
f 8040 8046 8044
f 8044 8046 8047
f 8764 8736 8768
f 8775 8774 8773
f 8775 8773 8772
f 8773 8766 8772
f 8767 8777 8047
f 8778 8053 8777
f 8047 8777 8053
f 8741 8744 8795
f 8791 8741 8795
f 8794 8801 8786
f 8792 8794 8786
f 8796 8794 8792
f 8796 8795 8797
f 8805 8801 8794
f 8805 8794 8796
f 8059 8065 8057
f 8798 8745 8759
f 8757 8761 8759
f 8761 8757 8758
f 8761 8760 8759
f 8058 8799 8760
f 8070 8058 8760
f 8068 8075 8037
f 8075 8761 8758
f 8038 8034 8037
f 8075 8760 8761
f 8798 8797 8795
f 8798 8799 8797
f 8808 8806 8807
f 8807 8799 8058
f 8065 8808 8807
f 8069 8062 8070
f 8070 8068 8069
f 8049 8053 8052
f 8774 8779 8778
f 8780 8779 8774
f 8781 8779 8780
f 8810 8780 8782
f 8811 8810 8782
f 8779 8080 8778
f 8779 8781 8080
f 8080 8079 8052
f 8781 8090 8085
f 8812 8090 8781
f 8814 8812 8810
f 8814 8815 8821
f 8822 8814 8821
f 8822 8820 8813
f 8081 8079 8085
f 8084 8081 8085
f 8820 8094 8813
f 8090 8812 8813
f 8092 8089 8094
f 8785 8787 8845
f 8841 8785 8845
f 8844 8852 8836
f 8842 8844 8836
f 8846 8844 8842
f 8846 8845 8847
f 8856 8852 8844
f 8856 8844 8846
f 8848 8788 8802
f 8801 8804 8802
f 8804 8803 8802
f 8809 8805 8806
f 8100 8849 8803
f 8115 8100 8803
f 8113 8125 8060
f 8060 8125 8126
f 8125 8803 8804
f 8848 8847 8845
f 8848 8849 8847
f 8859 8857 8858
f 8858 8849 8100
f 8109 8100 8115
f 8100 8109 8858
f 8109 8105 8110
f 8115 8113 8114
f 8808 8809 8806
f 8808 8065 8126
f 8808 8126 8809
f 8823 8821 8824
f 8822 8828 8820
f 8820 8129 8094
f 8820 8828 8129
f 8823 8829 8828
f 8825 8823 8824
f 8830 8825 8832
f 8831 8829 8830
f 8861 8830 8832
f 8862 8861 8832
f 8130 8096 8129
f 8829 8831 8130
f 8130 8128 8096
f 8831 8139 8134
f 8863 8139 8831
f 8864 8863 8861
f 8866 8864 8865
f 8863 8864 8866
f 8131 8128 8134
f 8133 8131 8134
f 8138 8139 8140
f 8874 8865 8868
f 8876 8875 8874
f 8875 8865 8874
f 8875 8879 8877
f 8879 8882 8883
f 8866 8877 8140
f 8140 8877 8147
f 8155 8148 8879
f 8883 8155 8879
f 8914 8908 8907
f 8914 8907 8920
f 8835 8837 8931
f 8925 8835 8931
f 8929 8928 8922
f 8921 8907 8908
f 8907 8922 8920
f 8922 8907 8921
f 8932 8929 8926
f 8932 8931 8933
f 8934 8932 8933
f 8928 8929 8930
f 8928 8160 8923
f 8172 8160 8928
f 8930 8163 8173
f 8934 8163 8930
f 8935 8838 8853
f 8852 8855 8853
f 8855 8854 8853
f 8860 8856 8857
f 8164 8936 8854
f 8182 8164 8854
f 8180 8187 8103
f 8103 8187 8188
f 8188 8107 8103
f 8187 8854 8855
f 8935 8933 8931
f 8933 8936 8934
f 8935 8936 8933
f 8164 8162 8163
f 8181 8175 8182
f 8182 8180 8181
f 8859 8860 8857
f 8110 8105 8108
f 8859 8188 8860
f 8108 8107 8110
f 8142 8147 8145
f 8884 8882 8876
f 8884 8885 8882
f 8895 8885 8890
f 8884 8886 8885
f 8147 8148 8145
f 8146 8145 8148
f 8155 8154 8153
f 8883 8895 8196
f 8196 8156 8154
f 8890 8896 8895
f 8892 8890 8891
f 8897 8892 8899
f 8898 8896 8897
f 8900 8902 8941
f 8939 8897 8899
f 8197 8156 8196
f 8896 8898 8197
f 8197 8195 8156
f 8898 8211 8202
f 8940 8211 8898
f 8942 8940 8939
f 8941 8942 8939
f 8942 8941 8943
f 8944 8942 8943
f 8940 8942 8944
f 8198 8195 8202
f 8201 8198 8202
f 8209 8211 8212
f 8212 8210 8209
f 8941 8902 8945
f 8954 8953 8949
f 8949 8943 8948
f 8949 8953 8950
f 8956 8954 8951
f 8951 8959 8956
f 8958 8956 8957
f 8953 8954 8955
f 8944 8950 8212
f 8953 8215 8950
f 8213 8210 8215
f 8226 8215 8953
f 8226 8953 8955
f 8221 8217 8226
f 8958 8222 8955
f 8971 8970 8966
f 8965 8957 8960
f 8966 8957 8965
f 8966 8970 8967
f 8973 8971 8968
f 8968 8976 8973
f 8975 8973 8974
f 8970 8971 8972
f 8958 8967 8222
f 8222 8967 8231
f 8242 8232 8970
f 8972 8236 8243
f 8975 8236 8972
f 8236 8248 8243
f 8988 8987 8983
f 8982 8974 8977
f 8983 8974 8982
f 8983 8987 8984
f 8990 8988 8985
f 8985 8993 8990
f 8992 8990 8991
f 8987 8988 8989
f 8975 8984 8236
f 8236 8984 8248
f 8262 8249 8987
f 8989 8255 8263
f 8992 8255 8989
f 8903 8904 9008
f 9002 8903 9008
f 9006 9005 9000
f 8999 8991 8994
f 9000 8991 8999
f 9000 9005 9001
f 9009 9006 9003
f 9009 9008 9010
f 9011 9009 9010
f 9005 9006 9007
f 8992 9001 8255
f 9005 8267 9001
f 8265 8254 8267
f 8281 8267 9005
f 8281 9005 9007
f 8275 8270 8281
f 9011 8277 9007
f 8277 8276 8275
f 9012 8905 8911
f 8911 8905 8915
f 8914 8916 8917
f 8913 8916 8924
f 8913 8912 8911
f 8915 8917 8916
f 8278 9013 8912
f 8289 8278 8912
f 8287 8299 8157
f 8157 8299 8300
f 8300 8158 8157
f 8299 8912 8913
f 9012 9010 9008
f 9010 9013 9011
f 9012 9013 9010
f 8278 8276 8277
f 8288 8283 8289
f 8289 8287 8288
f 8923 8924 8920
f 8923 8300 8924
f 8159 8158 8160
f 8172 8171 8169
f 8171 8172 8173
f 8173 8168 8171
f 8224 8231 8229
f 8231 8232 8229
f 8230 8229 8232
f 8242 8241 8239
f 8241 8242 8243
f 8248 8249 8246
f 8247 8246 8249
f 8262 8261 8259
f 8261 8262 8263
f 8263 8258 8261
f 8330 8338 8332
f 9025 9026 9021
f 9025 9021 9023
f 9027 9026 9025
f 8339 8330 8337
f 8338 8330 8339
f 8349 9025 8339
f 8347 8349 8341
f 8350 8349 8347
f 9035 9036 9030
f 9035 9030 9033
f 9037 9036 9035
f 8353 8348 8351
f 8352 8348 8353
f 8361 9035 8353
f 8359 8361 8355
f 8362 8361 8359
f 8360 8362 8359
f 9050 9045 9053
f 9050 9047 9044
f 9050 9044 9045
f 8400 8382 8399
f 8399 8382 8387
f 8395 8399 8387
f 9045 9044 8397
f 8396 8397 8395
f 9060 9046 9016
f 9016 9062 9060
f 9016 9046 8398
f 9016 8398 8406
f 8306 8407 8404
f 8408 8407 8306
f 8410 8407 8408
f 8309 8408 8306
f 9056 9055 9054
f 9054 9046 9060
f 9054 9055 9053
f 9063 9067 9061
f 9064 9063 9065
f 9063 9062 9065
f 8397 8396 8398
f 8401 8405 8406
f 8404 8406 8405
f 9065 9062 8410
f 9076 9066 9017
f 9017 9078 9076
f 8310 8316 8411
f 8309 8409 8408
f 8408 8409 8410
f 8409 8411 9017
f 8413 8412 8318
f 9017 8411 8412
f 8415 8412 8413
f 8321 8413 8318
f 9068 9064 9072
f 9077 9072 9076
f 9065 9066 9064
f 9079 9083 9077
f 9080 9079 9081
f 9079 9078 9081
f 8410 9066 9065
f 9081 9078 8415
f 9091 9082 9018
f 9094 9020 9022
f 9019 9020 9092
f 9024 9020 9019
f 9022 9020 9024
f 9020 9094 9092
f 8322 8334 8416
f 8321 8414 8413
f 8413 8414 8415
f 8414 8416 9018
f 8418 8417 8336
f 9018 8416 8417
f 8417 9019 9018
f 9084 9080 9088
f 9093 9088 9091
f 9081 9082 9080
f 9091 9092 9093
f 9097 9096 9094
f 8415 9082 9081
f 9094 9022 9095
f 9021 9026 9028
f 9095 9028 9103
f 9106 9029 9031
f 9103 9028 9104
f 9031 9029 9034
f 9029 9106 9104
f 9023 8418 8338
f 9023 9024 8418
f 9027 8350 8419
f 9034 9027 8419
f 8350 8352 8419
f 9105 9100 9103
f 9103 9100 9095
f 9103 9104 9105
f 9108 9107 9106
f 9031 9030 9032
f 9117 9039 9040
f 9036 9039 9038
f 9040 9039 9041
f 9033 8419 8352
f 9033 9034 8419
f 9037 8362 8420
f 9041 9037 8420
f 9106 9109 9108
f 9117 9119 9114
f 9120 9119 9117
f 9041 9042 9040
f 9117 9040 9118
f 9040 9042 9118
f 9043 9129 9127
f 8367 8372 8423
f 8366 8421 8420
f 9043 9042 8421
f 8421 8423 9043
f 8422 8423 8372
f 9043 8428 9129
f 9128 9123 9127
f 9127 9123 9118
f 9130 9132 9128
f 9133 9132 9130
f 9130 9129 9131
f 8426 8428 8422
f 8428 8426 8429
f 8427 8429 8426
f 9143 9144 9138
f 9131 9142 9137
f 9145 9144 9143
f 9142 9131 8429
f 9143 9142 8431
f 8431 8427 8430
f 8439 9143 8431
f 8437 8439 8433
f 8440 8439 8437
f 8438 8440 8437
f 9154 9160 9152
f 9154 9152 9153
f 9159 9163 9156
f 9164 9155 9157
f 9153 8464 9154
f 8477 8461 8470
f 9154 8477 9155
f 8472 8477 8470
f 9157 9155 8475
f 8473 8475 8472
f 9171 9158 9048
f 9049 9051 9172
f 9048 9158 8476
f 8478 8474 8384
f 8400 8479 8478
f 9047 8479 8400
f 9048 8478 8479
f 9047 9049 8479
f 8479 9049 9048
f 9159 9156 9166
f 9174 9166 9171
f 9157 9158 9156
f 9171 9172 9174
f 9173 9174 9172
f 8476 8473 8474
f 8475 8473 8476
f 9055 9057 9053
f 9058 9057 9059
f 9057 9055 9059
f 9055 9056 9059
f 9133 9139 9140
f 9139 9133 9137
f 9138 9139 9137
f 9140 9139 9141
f 9139 9138 9141
f 9208 9147 9148
f 9144 9147 9146
f 9148 9147 9149
f 9145 8440 8480
f 9149 9145 8480
f 9208 9210 9205
f 9211 9210 9208
f 9149 9150 9148
f 9208 9148 9209
f 9148 9150 9209
f 9151 9220 9219
f 8445 8450 8483
f 8444 8481 8480
f 9151 9150 8481
f 8481 8483 9151
f 8482 8483 8450
f 9151 8488 9220
f 9221 9223 9215
f 9219 9214 9209
f 9220 9221 9219
f 9224 9222 9227
f 9224 9223 9221
f 8486 8488 8482
f 8488 8486 8489
f 8487 8489 8486
f 9222 9229 9227
f 9230 9227 9229
f 9229 9222 8489
f 8492 8487 8490
f 8492 8491 8493
f 8490 8491 8492
f 9237 9241 9234
f 9242 9238 9233
f 9242 9233 9235
f 8524 8506 8523
f 8523 8506 8510
f 8516 8523 8510
f 9235 9233 8520
f 8517 8520 8516
f 9152 9161 9153
f 9162 9161 9152
f 9152 9160 9162
f 9164 9165 9160
f 9249 9162 9250
f 9163 9165 9164
f 9165 9252 9250
f 8463 8461 8464
f 8519 8464 9153
f 9161 8519 9153
f 8519 8521 8518
f 9237 9234 9245
f 9251 9245 9249
f 9235 9236 9234
f 9249 9250 9251
f 9254 9253 9252
f 8521 8517 8518
f 8520 8517 8521
f 9252 9167 9255
f 9252 9255 9254
f 9215 9223 9225
f 9270 9226 9228
f 9223 9226 9225
f 9224 9226 9223
f 9270 9272 9267
f 9273 9272 9270
f 9270 9228 9271
f 9228 9231 9271
f 9232 9282 9281
f 9230 8493 8525
f 9230 8525 9231
f 9232 9231 8525
f 8525 8493 8527
f 8525 8527 9232
f 8526 8527 8500
f 9232 8533 9282
f 9283 9285 9277
f 9281 9276 9271
f 9282 9283 9281
f 9286 9284 9289
f 9286 9285 9283
f 8531 8533 8526
f 8533 8531 8534
f 8532 8534 8531
f 9284 9291 9289
f 9292 9289 9291
f 9291 9284 8534
f 8538 8532 8535
f 8538 8537 8539
f 8535 8537 8538
f 8551 8561 8557
f 9302 9295 9239
f 9244 9243 9241
f 9240 9243 9303
f 9241 9243 9242
f 9239 9295 8553
f 8562 8552 8507
f 8524 8563 8562
f 9238 8563 8524
f 9239 8562 8563
f 9238 9240 8563
f 8563 9240 9239
f 9298 9297 9296
f 9300 9295 9296
f 9296 9295 9302
f 9302 9303 9305
f 9304 9305 9303
f 8553 9295 9300
f 9301 8561 9300
f 8553 8551 8552
f 9277 9285 9287
f 9325 9288 9290
f 9285 9288 9287
f 9286 9288 9285
f 9325 9328 9322
f 9329 9326 9334
f 9325 9290 9327
f 9290 9293 9327
f 9294 9339 9338
f 9292 8539 8564
f 9292 8564 9293
f 9294 9293 8564
f 8564 8539 8567
f 8564 8567 9294
f 8566 8567 8545
f 9294 8572 9339
f 9327 9326 9325
f 9338 9340 9335
f 9326 9335 9334
f 9335 9336 9334
f 9339 9340 9338
f 9341 9340 9339
f 9343 9341 8577
f 8571 8572 8566
f 9341 9339 8572
f 8574 8577 8571
f 8560 8591 8589
f 8592 8591 8560
f 8591 8593 8589
f 8594 8591 8592
f 8594 8593 8591
f 9351 9355 9347
f 9356 9353 9346
f 9356 9346 9348
f 8599 8584 8598
f 8598 8584 8590
f 9346 8598 8593
f 9297 9311 9301
f 9349 9299 9352
f 9297 9298 9299
f 9349 9350 9311
f 9301 8592 8561
f 9311 9350 8594
f 9348 9350 9347
f 9347 9350 9349
f 8594 9350 9348
f 9337 9329 9334
f 9369 9330 9372
f 9372 9375 9369
f 9376 9373 9380
f 9336 9337 9334
f 9372 9337 9374
f 9336 9342 9344
f 9374 9344 9384
f 9342 9345 9344
f 9345 9342 9343
f 8600 8606 8576
f 8600 8607 8606
f 8606 9345 9343
f 8577 8574 8576
f 9374 9373 9372
f 9384 9386 9381
f 9373 9381 9380
f 9381 9382 9380
f 9385 9386 9384
f 9387 9386 9385
f 9389 9387 8610
f 8605 8607 8600
f 9387 9385 8607
f 8608 8610 8605
f 9354 9357 9392
f 9392 9393 9354
f 9355 9357 9356
f 9357 9395 9392
f 8597 8584 8599
f 9353 8626 8599
f 8626 8627 8624
f 9353 9354 8626
f 9396 9393 9392
f 9395 9396 9392
f 9404 9396 9403
f 9404 9401 9394
f 8632 8619 8631
f 8631 8619 8625
f 9394 8631 8627
f 8627 9393 9394
f 9395 9358 9398
f 9395 9398 9397
f 9383 9376 9380
f 9408 9377 9409
f 9409 9412 9408
f 9415 9410 9418
f 9382 9383 9380
f 9409 9383 9411
f 9382 9388 9390
f 9411 9390 9422
f 9388 9391 9390
f 9391 9388 9389
f 8633 8639 8609
f 8633 8640 8639
f 8639 9391 9389
f 8610 8608 8609
f 9411 9410 9409
f 9422 9424 9419
f 9410 9419 9418
f 9419 9420 9418
f 9423 9424 9422
f 9425 9424 9423
f 9427 9425 8643
f 8638 8640 8633
f 9425 9423 8640
f 8641 8643 8638
f 9402 9405 9430
f 9430 9431 9402
f 9403 9405 9404
f 9405 9433 9430
f 8630 8619 8632
f 9401 8660 8632
f 8660 8661 8658
f 9401 9402 8660
f 9434 9431 9430
f 9433 9434 9430
f 9442 9434 9441
f 9442 9439 9432
f 8664 8652 8663
f 8663 8652 8659
f 9432 8663 8661
f 8661 9431 9432
f 9433 9406 9436
f 9433 9436 9435
f 9421 9415 9418
f 9446 9416 9447
f 9447 9450 9446
f 9453 9448 9456
f 9420 9421 9418
f 9447 9421 9449
f 9420 9426 9428
f 9449 9428 9460
f 9426 9429 9428
f 9429 9426 9427
f 8665 8671 8642
f 8665 8672 8671
f 8671 9429 9427
f 8643 8641 8642
f 9449 9448 9447
f 9460 9462 9457
f 9448 9457 9456
f 9457 9458 9456
f 9461 9462 9460
f 9463 9462 9461
f 9465 9463 8675
f 8670 8672 8665
f 9463 9461 8672
f 8673 8675 8670
f 9440 9443 9468
f 9468 9469 9440
f 9441 9443 9442
f 9443 9471 9468
f 8690 8683 8653
f 8691 8683 8690
f 8664 8692 8690
f 9439 8692 8664
f 9439 9440 8692
f 9472 9469 9468
f 9471 9472 9468
f 9480 9472 9479
f 9480 9477 9470
f 8684 8683 8691
f 8698 8687 8697
f 8691 8693 8697
f 9470 8697 8693
f 8693 9469 9470
f 9471 9444 9474
f 9471 9474 9473
f 9459 9453 9456
f 9487 9454 9488
f 9488 9491 9487
f 9495 9489 9500
f 9458 9459 9456
f 9488 9459 9490
f 9458 9464 9466
f 9490 9466 9504
f 9464 9467 9466
f 9467 9464 9465
f 8700 8706 8674
f 8700 8707 8706
f 8706 9467 9465
f 8675 8673 8674
f 9507 9506 9501
f 9490 9489 9488
f 9504 9507 9501
f 9489 9501 9500
f 9505 9507 9504
f 9506 9507 9508
f 9508 9507 9505
f 9506 8699 9502
f 8712 8699 9506
f 8705 8707 8700
f 9508 9505 8707
f 8709 8713 8705
f 9478 9481 9509
f 9509 9510 9478
f 9479 9481 9480
f 9481 9512 9509
f 8696 8687 8698
f 9477 8727 8698
f 8727 8728 8724
f 9477 9478 8727
f 9513 9510 9509
f 9512 9513 9509
f 9513 9512 9514
f 9517 9516 9511
f 8735 8720 8734
f 8734 8720 8725
f 9511 8734 8728
f 8728 9510 9511
f 9512 9482 9515
f 9522 9521 9520
f 9522 9520 9519
f 9514 9520 9518
f 9520 9514 9519
f 9520 9521 9518
f 9495 9496 9497
f 9545 9496 9494
f 9494 9496 9503
f 9494 9550 9545
f 8738 9494 9503
f 8738 9550 9494
f 9551 9553 9539
f 9547 9551 9539
f 9547 9546 9545
f 9552 9551 9550
f 9554 9552 8742
f 9552 8739 8742
f 8739 8746 8742
f 9502 9503 9500
f 8712 8752 8699
f 9502 8699 8737
f 8740 8738 8737
f 8737 8699 8752
f 8711 8712 8713
f 8750 8753 8752
f 8713 8709 8711
f 8738 8740 8739
f 8747 8748 8746
f 8747 8740 8753
f 8747 8743 8748
f 8753 8750 8751
f 9517 9523 9516
f 9523 9517 9518
f 8732 8720 8735
f 8735 8733 8732
f 9516 9523 8769
f 8769 8736 8733
f 9529 9528 9521
f 9562 9529 9530
f 9561 9529 9562
f 9563 9562 9530
f 8770 8736 8769
f 8770 8768 8736
f 8770 8771 8768
f 9565 9564 9559
f 9561 9565 9559
f 9560 9558 9559
f 9559 9558 9561
f 9559 9564 9560
f 9566 9567 9573
f 9574 9566 9573
f 9574 9565 9566
f 8771 9558 9560
f 9564 8776 9560
f 8776 8771 9560
f 8776 8775 8772
f 9572 8783 9564
f 9537 9540 9596
f 9592 9537 9596
f 9595 9602 9586
f 9593 9595 9586
f 9597 9595 9593
f 9597 9596 9598
f 9606 9602 9595
f 9606 9595 9597
f 9599 9541 9555
f 9553 9557 9555
f 9557 9553 9554
f 9557 9556 9555
f 8784 9600 9556
f 8793 8784 9556
f 8791 8800 8741
f 8800 9557 9554
f 8800 9556 9557
f 9599 9598 9596
f 9599 9600 9598
f 9609 9607 9608
f 9608 9600 8784
f 8789 8784 8793
f 8784 8789 9608
f 8789 8786 8790
f 8793 8791 8792
f 8748 8743 8745
f 8746 8748 8744
f 8745 8744 8748
f 9575 9573 9576
f 9574 9579 9572
f 8782 8775 8783
f 9572 8816 8783
f 8816 8817 8811
f 8818 8817 8816
f 8811 8817 8815
f 8815 8817 8819
f 8817 8818 8819
f 9575 9580 9579
f 9611 9580 9575
f 9611 9612 9580
f 9580 8818 9579
f 9580 9612 8818
f 9614 9611 9613
f 9616 9615 9614
f 9617 9612 9615
f 9615 9620 9617
f 9620 9625 9626
f 8819 9617 8826
f 8833 8827 9620
f 9626 8833 9620
f 9584 9587 9658
f 9654 9584 9658
f 9657 9664 9648
f 9655 9657 9648
f 9659 9657 9655
f 9659 9658 9660
f 9668 9664 9657
f 9668 9657 9659
f 9661 9588 9603
f 9602 9605 9603
f 9605 9604 9603
f 9610 9606 9607
f 8834 9662 9604
f 8843 8834 9604
f 8841 8850 8785
f 8785 8850 8851
f 8851 8787 8785
f 8850 9604 9605
f 9661 9660 9658
f 9661 9662 9660
f 9671 9669 9670
f 9670 9662 8834
f 8839 8834 8843
f 8834 8839 9670
f 8839 8836 8840
f 8843 8841 8842
f 9609 9610 9607
f 8790 8786 8788
f 9609 8851 9610
f 8788 8787 8790
f 8821 8826 8824
f 9627 9625 9616
f 9627 9628 9625
f 9637 9628 9633
f 9627 9629 9628
f 8826 8827 8824
f 8825 8824 8827
f 9626 8869 8833
f 8869 8870 8862
f 8871 8870 8869
f 8862 8870 8867
f 8867 8870 8872
f 8870 8871 8872
f 8872 8868 8867
f 9633 9638 9637
f 9673 9638 9633
f 9676 9680 9639
f 9638 8871 9637
f 8878 8873 9639
f 9639 8880 8878
f 9680 8880 9639
f 9675 9673 9674
f 9677 9676 9675
f 9676 9673 9675
f 9677 9684 9681
f 9683 9681 9682
f 9680 9681 9683
f 8871 8873 8872
f 8873 8868 8872
f 8888 8876 8887
f 8889 8888 8887
f 8878 8880 8887
f 8881 8893 8889
f 9697 9696 9692
f 9691 9682 9685
f 9692 9682 9691
f 9692 9696 9693
f 9698 9697 9694
f 9694 9699 9698
f 9698 9699 9705
f 9706 9698 9705
f 9706 9697 9698
f 9683 9693 8881
f 8881 9693 8893
f 8901 8894 9696
f 9704 8901 9696
f 9783 9793 9773
f 9781 9783 9773
f 9784 9783 9781
f 9781 9786 9784
f 9798 9793 9783
f 9798 9783 9784
f 9645 9649 9811
f 9804 9645 9811
f 9809 9808 9801
f 9800 9785 9787
f 9785 9801 9799
f 9801 9785 9800
f 9812 9809 9805
f 9812 9811 9813
f 9814 9812 9813
f 9808 9809 9810
f 9808 8906 9802
f 8918 8906 9808
f 9810 8909 8919
f 9814 8909 9810
f 9815 9650 9665
f 9664 9667 9665
f 9667 9666 9665
f 9672 9668 9669
f 8910 9816 9666
f 8927 8910 9666
f 8925 8937 8835
f 8835 8937 8938
f 8938 8837 8835
f 8937 9666 9667
f 9815 9813 9811
f 9813 9816 9814
f 9815 9816 9813
f 8910 8908 8909
f 8926 8921 8927
f 8927 8925 8926
f 9671 9672 9669
f 8840 8836 8838
f 9671 8938 9672
f 8838 8837 8840
f 8884 8876 8888
f 8888 8886 8884
f 8886 8888 8889
f 9707 9705 9708
f 9706 9713 9704
f 8893 8894 8891
f 8892 8891 8894
f 8901 8900 8899
f 9704 9713 8946
f 8946 8902 8900
f 9707 9719 9713
f 9709 9707 9708
f 9720 9709 9723
f 9721 9719 9720
f 9722 9724 9735
f 9722 9721 9720
f 9735 9724 9729
f 9723 9725 9724
f 8947 8902 8946
f 9719 9721 8947
f 8947 8945 8902
f 9721 8961 8952
f 8962 9722 9735
f 8948 8945 8952
f 8951 8948 8952
f 8959 8961 8963
f 8961 8962 8963
f 8963 8960 8959
f 9729 9741 9735
f 9731 9729 9730
f 9742 9731 9745
f 9743 9741 9742
f 9744 9746 9757
f 9744 9743 9742
f 9757 9746 9751
f 9745 9747 9746
f 9741 8962 9735
f 8969 8964 9743
f 9743 8978 8969
f 8979 9744 9757
f 8962 8964 8963
f 8964 8960 8963
f 8968 8965 8969
f 8976 8978 8980
f 8978 8979 8980
f 8980 8977 8976
f 9751 9763 9757
f 9753 9751 9752
f 9764 9753 9767
f 9765 9763 9764
f 9766 9768 9780
f 9766 9765 9764
f 9780 9768 9774
f 9767 9769 9768
f 9763 8979 9757
f 8986 8981 9765
f 9765 8995 8986
f 8996 9766 9780
f 8979 8981 8980
f 8981 8977 8980
f 8985 8982 8986
f 8993 8995 8997
f 8995 8996 8997
f 8997 8994 8993
f 9774 9794 9780
f 9776 9774 9775
f 9796 9794 9795
f 9793 9797 9795
f 9797 9796 9795
f 9803 9798 9799
f 9794 8996 9780
f 9004 8998 9796
f 9002 9014 8903
f 8903 9014 9015
f 9015 8904 8903
f 9014 9796 9797
f 8996 8998 8997
f 8998 8994 8997
f 9003 8999 9004
f 9004 9002 9003
f 9802 9803 9799
f 9802 9015 9803
f 8905 8904 8906
f 8918 8917 8915
f 8917 8918 8919
f 8919 8914 8917
f 9070 9056 9069
f 9069 9056 9061
f 9071 9070 9069
f 9067 9069 9061
f 9071 9069 9067
f 9074 9075 9073
f 9074 9068 9072
f 9073 9068 9074
f 9087 9086 9085
f 9083 9085 9077
f 9087 9085 9083
f 9821 9822 9819
f 9821 9819 9820
f 9823 9822 9821
f 9090 9084 9088
f 9089 9084 9090
f 9098 9821 9090
f 9096 9098 9093
f 9099 9098 9096
f 9829 9830 9827
f 9829 9827 9828
f 9831 9830 9829
f 9102 9097 9100
f 9101 9097 9102
f 9110 9829 9102
f 9107 9110 9105
f 9111 9110 9107
f 9032 9038 9115
f 9115 9109 9032
f 9116 9109 9115
f 9114 9115 9038
f 9114 9116 9115
f 9837 9838 9835
f 9837 9835 9836
f 9839 9838 9837
f 9112 9108 9113
f 9121 9837 9113
f 9113 9116 9121
f 9122 9121 9119
f 9125 9126 9124
f 9125 9120 9123
f 9124 9120 9125
f 9136 9135 9134
f 9132 9134 9128
f 9136 9134 9132
f 9133 9136 9132
f 9159 9168 9163
f 9052 9175 9173
f 9176 9175 9052
f 9175 9178 9173
f 9179 9175 9176
f 9058 9176 9052
f 9179 9178 9175
f 9850 9845 9852
f 9850 9847 9844
f 9850 9844 9845
f 9169 9170 9168
f 9169 9159 9166
f 9168 9159 9169
f 9844 9180 9178
f 9856 9846 9817
f 9817 9857 9856
f 9058 9177 9176
f 9176 9177 9179
f 9177 9182 9817
f 9070 9183 9182
f 9817 9182 9183
f 9186 9183 9184
f 9071 9073 9184
f 9856 9858 9853
f 9853 9846 9856
f 9853 9854 9852
f 9857 9858 9856
f 9863 9859 9865
f 9863 9861 9858
f 9179 9846 9845
f 9859 9857 9186
f 9869 9860 9818
f 9818 9870 9869
f 9086 9187 9075
f 9184 9185 9186
f 9185 9075 9187
f 9185 9187 9818
f 9086 9188 9187
f 9818 9187 9188
f 9190 9188 9189
f 9087 9089 9189
f 9869 9871 9866
f 9866 9860 9869
f 9866 9867 9865
f 9870 9871 9869
f 9876 9872 9878
f 9876 9874 9871
f 9186 9860 9859
f 9872 9870 9190
f 9819 9824 9820
f 9825 9824 9819
f 9819 9822 9825
f 9822 9826 9825
f 9826 9822 9823
f 9820 9189 9089
f 9824 9873 9190
f 9823 9099 9191
f 9099 9101 9191
f 9192 9886 9826
f 9881 9880 9879
f 9879 9873 9884
f 9879 9880 9878
f 9887 9891 9885
f 9888 9887 9889
f 9887 9886 9889
f 9190 9873 9872
f 9889 9886 9192
f 9827 9832 9828
f 9833 9832 9827
f 9827 9830 9833
f 9830 9834 9833
f 9834 9830 9831
f 9828 9191 9101
f 9832 9890 9192
f 9831 9111 9193
f 9111 9112 9193
f 9194 9902 9834
f 9892 9888 9896
f 9901 9896 9900
f 9889 9890 9888
f 9903 9906 9901
f 9907 9906 9903
f 9903 9902 9904
f 9192 9890 9889
f 9904 9902 9194
f 9835 9840 9836
f 9841 9840 9835
f 9835 9838 9841
f 9838 9842 9841
f 9842 9838 9839
f 9836 9193 9112
f 9840 9905 9194
f 9839 9122 9195
f 9122 9124 9195
f 9197 9918 9842
f 9917 9919 9912
f 9912 9905 9917
f 9912 9913 9911
f 9918 9919 9917
f 9923 9920 9926
f 9923 9922 9919
f 9194 9905 9904
f 9920 9918 9197
f 9930 9921 9843
f 9843 9931 9930
f 9135 9198 9126
f 9195 9196 9197
f 9196 9126 9198
f 9196 9198 9843
f 9135 9199 9198
f 9843 9198 9199
f 9202 9199 9200
f 9930 9932 9927
f 9927 9921 9930
f 9927 9928 9926
f 9931 9932 9930
f 9936 9933 9938
f 9936 9934 9932
f 9197 9921 9920
f 9933 9931 9202
f 9141 9146 9206
f 9140 9201 9200
f 9200 9201 9202
f 9203 9202 9201
f 9205 9206 9146
f 9205 9207 9206
f 9942 9943 9939
f 9933 9941 9938
f 9944 9943 9942
f 9942 9941 9204
f 9204 9203 9207
f 9203 9204 9941
f 9212 9942 9204
f 9204 9207 9212
f 9213 9212 9210
f 9217 9218 9216
f 9217 9211 9214
f 9216 9211 9217
f 9217 9215 9218
f 9214 9215 9217
f 9237 9246 9241
f 9163 9168 9167
f 9953 9948 9955
f 9953 9950 9947
f 9953 9947 9948
f 9247 9248 9246
f 9247 9237 9245
f 9246 9237 9247
f 9253 9258 9251
f 9948 9947 9256
f 9254 9256 9253
f 9959 9949 9848
f 9962 9851 9855
f 9849 9851 9960
f 9851 9962 9960
f 9181 9260 9170
f 9168 9170 9167
f 9848 9949 9257
f 9181 9261 9260
f 9847 9261 9181
f 9848 9260 9261
f 9847 9849 9261
f 9261 9849 9848
f 9959 9961 9956
f 9956 9949 9959
f 9956 9957 9955
f 9962 9963 9960
f 9963 9962 9964
f 9968 9966 9961
f 9968 9961 9963
f 9257 9254 9255
f 9256 9254 9257
f 9854 9855 9852
f 9962 9855 9965
f 9854 9861 9862
f 9965 9862 9976
f 9979 9864 9868
f 9863 9864 9861
f 9976 9862 9977
f 9864 9979 9977
f 9973 9972 9971
f 9965 9964 9962
f 9964 9971 9970
f 9971 9972 9970
f 9976 9977 9978
f 9982 9981 9979
f 9867 9868 9865
f 9979 9868 9980
f 9867 9874 9875
f 9980 9875 9992
f 9995 9877 9882
f 9876 9877 9874
f 9992 9875 9993
f 9877 9995 9993
f 9994 9987 9992
f 9992 9987 9980
f 9992 9993 9994
f 9997 9996 9995
f 9880 9882 9878
f 9882 9880 9883
f 9880 9881 9883
f 9995 9998 9997
f 9907 9914 9915
f 9914 9907 9911
f 9913 9914 9911
f 9915 9914 9916
f 9914 9913 9916
f 10040 9925 9929
f 9922 9925 9924
f 9923 9925 9922
f 10040 10042 10037
f 10043 10042 10040
f 9928 9929 9926
f 10040 9929 10041
f 9928 9934 9935
f 10041 9935 10051
f 10054 9937 9940
f 9936 9937 9934
f 10051 9935 10052
f 9937 10054 10052
f 10053 10047 10051
f 10051 10047 10041
f 10051 10052 10053
f 10058 10055 10063
f 9939 9940 9938
f 10054 9940 10056
f 9939 9943 9945
f 10056 9945 10068
f 9943 9946 9945
f 9946 9943 9944
f 9944 9213 9262
f 9213 9216 9262
f 9264 10069 9946
f 10056 10055 10054
f 10068 10070 10064
f 10055 10064 10063
f 10064 10065 10063
f 10069 10070 10068
f 10073 10071 10076
f 10073 10072 10070
f 10071 10069 9264
f 9262 9263 9264
f 9265 9264 9263
f 9263 9218 9268
f 9267 9268 9225
f 9267 9269 9268
f 10080 10081 10077
f 10071 10079 10076
f 10082 10081 10080
f 10080 10079 9266
f 9266 9265 9269
f 9265 9266 10079
f 9274 10080 9266
f 9266 9269 9274
f 9275 9274 9272
f 9279 9280 9278
f 9279 9273 9276
f 9278 9273 9279
f 9279 9277 9280
f 9276 9277 9279
f 9244 9306 9304
f 9307 9306 9244
f 9306 9309 9304
f 9310 9306 9307
f 9310 9309 9306
f 10090 10086 10092
f 10090 10088 10085
f 10090 10085 10086
f 9313 9298 9312
f 9312 9298 9305
f 10085 9312 9309
f 10097 10087 9951
f 10100 9954 9958
f 9952 9954 10098
f 9954 10100 10098
f 9259 9314 9248
f 9307 9308 9310
f 9308 9248 9314
f 9308 9314 9951
f 9259 9315 9314
f 9950 9315 9259
f 9951 9314 9315
f 9950 9952 9315
f 9315 9952 9951
f 10097 10099 10093
f 10093 10087 10097
f 10093 10094 10092
f 10100 10101 10098
f 10106 10101 10105
f 10106 10104 10099
f 10106 10099 10101
f 9310 10087 10086
f 9957 9958 9955
f 10100 9958 10102
f 9957 9966 9967
f 10102 9967 10114
f 10117 9969 9974
f 9968 9969 9966
f 10114 9967 10115
f 9969 10117 10115
f 10116 10109 10114
f 10114 10109 10102
f 10114 10115 10116
f 10119 10118 10117
f 9972 9974 9970
f 9974 9972 9975
f 9972 9973 9975
f 9983 9988 10130
f 10127 9983 10130
f 10117 10120 10119
f 10130 10131 10127
f 10132 10131 10130
f 10130 9988 10133
f 9999 10003 10143
f 10140 9999 10143
f 10130 10133 10132
f 10143 10144 10140
f 10145 10144 10143
f 10143 10003 10146
f 10143 10146 10145
f 10066 10058 10063
f 10202 10059 10205
f 10205 10206 10202
f 10207 10206 10205
f 10065 10066 10063
f 10066 10065 10067
f 10218 10075 10078
f 10072 10075 10074
f 10073 10075 10072
f 10205 10208 10207
f 10218 10221 10215
f 10222 10219 10227
f 10077 10078 10076
f 10218 10078 10220
f 10077 10081 10083
f 10220 10083 10231
f 10081 10084 10083
f 10084 10081 10082
f 10082 9275 9316
f 9275 9278 9316
f 9318 10232 10084
f 10220 10219 10218
f 10231 10233 10228
f 10219 10228 10227
f 10228 10229 10227
f 10232 10233 10231
f 10237 10234 10239
f 10237 10235 10233
f 10234 10232 9318
f 9316 9317 9318
f 9319 9318 9317
f 9317 9280 9323
f 9322 9323 9287
f 9322 9324 9323
f 10234 10241 10239
f 10242 10239 10241
f 9320 9319 9324
f 9319 9320 10241
f 9320 9324 9331
f 9333 9332 9331
f 9333 9331 9328
f 9329 9333 9328
f 9351 9359 9355
f 10250 10091 10095
f 10089 10091 10246
f 10246 10247 10089
f 10091 10250 10246
f 9361 9352 9299
f 9362 9352 9361
f 9313 9363 9361
f 10088 9363 9313
f 10088 10089 9363
f 10248 10254 10244
f 10248 10244 10245
f 10251 10247 10246
f 10250 10251 10246
f 10258 10251 10257
f 9359 9351 9360
f 9365 10248 9360
f 9360 9362 9365
f 10248 9365 10249
f 9362 9364 9365
f 10249 9365 9364
f 9364 10247 10249
f 10094 10095 10092
f 10095 10094 10096
f 10104 10108 10107
f 10106 10108 10104
f 10105 10108 10106
f 10250 10253 10252
f 10267 10268 10264
f 10269 10268 10267
f 10267 10110 10270
f 10267 10270 10269
f 10162 10166 10325
f 10322 10162 10325
f 10325 10326 10322
f 10327 10326 10325
f 10325 10166 10328
f 10179 10183 10340
f 10337 10179 10340
f 10325 10328 10327
f 10340 10341 10337
f 10342 10341 10340
f 10340 10183 10343
f 10340 10343 10342
f 10230 10222 10227
f 10384 10223 10387
f 10387 10389 10384
f 10390 10389 10387
f 10229 10230 10227
f 10387 10230 10388
f 10229 10235 10236
f 10388 10236 10399
f 10402 10238 10240
f 10237 10238 10235
f 10399 10236 10400
f 10238 10402 10400
f 10401 10407 10395
f 10399 10394 10388
f 10402 10403 10400
f 10403 10402 10404
f 10408 10407 10401
f 10408 10401 10403
f 10402 10240 10405
f 10240 10243 10405
f 10243 10406 10405
f 9332 9370 9321
f 10242 9321 9366
f 10242 9366 10243
f 9366 9321 9370
f 9330 9332 9333
f 9369 9371 9370
f 9333 9329 9330
f 10415 10416 10412
f 10405 10404 10402
f 10405 10406 10404
f 10417 10416 10415
f 10414 10406 9367
f 10415 10414 9368
f 9368 9367 9371
f 9367 9368 10414
f 9378 10415 9368
f 9368 9371 9378
f 9379 9378 9375
f 9376 9379 9375
f 9355 9359 9358
f 9397 9407 9403
f 10244 10255 10245
f 10256 10255 10244
f 10244 10254 10256
f 10258 10259 10254
f 10425 10256 10426
f 10257 10259 10258
f 10259 10428 10426
f 10255 9399 10245
f 9399 9398 9358
f 9399 9400 9398
f 10425 10427 10421
f 10423 10420 10421
f 10421 10420 10425
f 10428 10429 10426
f 10436 10429 10435
f 10436 10432 10427
f 10436 10427 10429
f 9400 10420 10423
f 10424 9407 10423
f 9400 9397 9398
f 10428 10260 10431
f 10428 10431 10430
f 10314 10318 10480
f 10477 10314 10480
f 10480 10481 10477
f 10482 10481 10480
f 10480 10318 10483
f 10329 10333 10493
f 10490 10329 10493
f 10480 10483 10482
f 10493 10494 10490
f 10495 10494 10493
f 10493 10333 10496
f 10344 10348 10509
f 10506 10344 10509
f 10493 10496 10495
f 10509 10510 10506
f 10511 10510 10509
f 10509 10348 10512
f 10361 10365 10526
f 10523 10361 10526
f 10509 10512 10511
f 10526 10527 10523
f 10528 10527 10526
f 10526 10365 10529
f 10526 10529 10528
f 10395 10407 10409
f 10573 10410 10413
f 10407 10410 10409
f 10408 10410 10407
f 10573 10576 10570
f 10577 10574 10582
f 10412 10413 10411
f 10573 10413 10575
f 10412 10416 10418
f 10575 10418 10586
f 10416 10419 10418
f 10419 10416 10417
f 9408 9413 9377
f 9408 9414 9413
f 9413 10419 10417
f 9379 9376 9377
f 10575 10574 10573
f 10586 10588 10583
f 10574 10583 10582
f 10583 10584 10582
f 10587 10588 10586
f 10589 10588 10587
f 10591 10589 9417
f 9412 9414 9408
f 10589 10587 9414
f 9415 9417 9412
f 9403 9407 9406
f 9435 9445 9441
f 10422 10433 10424
f 10434 10433 10422
f 10422 10432 10434
f 10436 10437 10432
f 10599 10434 10600
f 10435 10437 10436
f 10437 10602 10600
f 10433 9437 10424
f 9437 9436 9406
f 9437 9438 9436
f 10599 10601 10595
f 10597 10594 10595
f 10595 10594 10599
f 10602 10603 10600
f 10610 10603 10609
f 10610 10606 10601
f 10610 10601 10603
f 9438 10594 10597
f 10598 9445 10597
f 9438 9435 9436
f 10602 10438 10605
f 10602 10605 10604
f 10497 10501 10661
f 10658 10497 10661
f 10661 10664 10658
f 10665 10662 10670
f 10663 10502 10513
f 10513 10502 10514
f 10663 10513 10674
f 10515 10519 10677
f 10675 10513 10514
f 10674 10513 10675
f 10663 10662 10661
f 10674 10676 10671
f 10662 10671 10670
f 10671 10672 10670
f 10677 10678 10675
f 10684 10678 10683
f 10684 10681 10676
f 10684 10676 10678
f 10677 10519 10680
f 10530 10534 10693
f 10690 10530 10693
f 10677 10680 10679
f 10693 10694 10690
f 10695 10694 10693
f 10693 10534 10696
f 10547 10551 10706
f 10703 10547 10706
f 10693 10696 10695
f 10706 10707 10703
f 10708 10707 10706
f 10706 10551 10709
f 10706 10709 10708
f 10585 10577 10582
f 10731 10578 10734
f 10734 10737 10731
f 10738 10735 10743
f 10584 10585 10582
f 10734 10585 10736
f 10584 10590 10592
f 10736 10592 10747
f 10590 10593 10592
f 10593 10590 10591
f 9446 9451 9416
f 9446 9452 9451
f 9451 10593 10591
f 9417 9415 9416
f 10736 10735 10734
f 10747 10749 10744
f 10735 10744 10743
f 10744 10745 10743
f 10748 10749 10747
f 10750 10749 10748
f 10752 10750 9455
f 9450 9452 9446
f 10750 10748 9452
f 9453 9455 9450
f 9441 9445 9444
f 9473 9483 9479
f 10596 10607 10598
f 10608 10607 10596
f 10596 10606 10608
f 10610 10611 10606
f 10758 10608 10759
f 10609 10611 10610
f 10611 10762 10759
f 10607 9475 10598
f 9475 9474 9444
f 9475 9476 9474
f 10761 10760 10756
f 10758 10761 10756
f 10757 10755 10756
f 10756 10755 10758
f 10756 10760 10757
f 10762 10763 10759
f 10769 10763 10768
f 10769 10761 10763
f 9476 10755 10757
f 9476 9473 9474
f 9485 9484 10760
f 10766 9485 10760
f 10762 10612 10765
f 10762 10765 10764
f 10650 10654 10795
f 10792 10650 10795
f 10795 10796 10792
f 10797 10796 10795
f 10795 10654 10798
f 10673 10665 10670
f 10805 10666 10808
f 10795 10798 10797
f 10808 10811 10805
f 10812 10809 10817
f 10672 10673 10670
f 10808 10673 10810
f 10672 10681 10682
f 10810 10682 10821
f 10684 10685 10681
f 10821 10682 10822
f 10683 10685 10684
f 10685 10824 10822
f 10810 10809 10808
f 10821 10823 10818
f 10809 10818 10817
f 10818 10819 10817
f 10824 10825 10822
f 10825 10824 10826
f 10830 10828 10823
f 10830 10823 10825
f 10824 10686 10827
f 10836 10835 10834
f 10836 10834 10833
f 10826 10834 10832
f 10834 10826 10833
f 10834 10835 10832
f 10873 10865 10864
f 10873 10864 10877
f 10746 10738 10743
f 10882 10739 10887
f 10878 10864 10865
f 10864 10879 10877
f 10879 10864 10878
f 10879 10880 10877
f 10888 10886 10883
f 10888 10887 10889
f 10894 10891 10886
f 10894 10886 10888
f 10745 10746 10743
f 10887 10746 10890
f 10745 10751 10753
f 10890 10753 10899
f 10751 10754 10753
f 10754 10751 10752
f 9487 9492 9454
f 9487 9493 9492
f 9492 10754 10752
f 9455 9453 9454
f 10902 10901 10896
f 10890 10889 10887
f 10899 10902 10896
f 10889 10896 10895
f 10900 10902 10899
f 10901 10902 10903
f 10903 10902 10900
f 10901 9486 10897
f 9498 9486 10901
f 9491 9493 9487
f 10903 10900 9493
f 9495 9499 9491
f 9479 9483 9482
f 10767 10770 10904
f 10904 10905 10767
f 10768 10770 10769
f 10770 10907 10904
f 9485 9524 9484
f 9483 9484 9482
f 9525 9515 9524
f 9485 9526 9524
f 10766 9526 9485
f 10766 10767 9526
f 10908 10905 10904
f 10907 10908 10904
f 10908 10907 10909
f 10912 10911 10906
f 9519 9515 9525
f 9532 9522 9531
f 9525 9527 9531
f 10906 9531 9527
f 9527 10905 10906
f 10907 10771 10910
f 10917 10916 10915
f 10917 10915 10914
f 10909 10915 10913
f 10915 10909 10914
f 10915 10916 10913
f 10820 10812 10817
f 10956 10813 10959
f 10959 10961 10956
f 10962 10961 10959
f 10819 10820 10817
f 10959 10820 10960
f 10819 10828 10829
f 10960 10829 10969
f 10972 10831 10837
f 10830 10831 10828
f 10969 10829 10970
f 10831 10972 10970
f 10971 10965 10969
f 10969 10965 10960
f 10969 10970 10971
f 10975 10974 10972
f 10835 10837 10832
f 10972 10837 10973
f 10973 10846 10986
f 10987 10846 10847
f 10986 10846 10987
f 10988 10987 10847
f 10989 10996 10981
f 10986 10980 10973
f 10990 10991 10997
f 10998 10990 10997
f 10998 10996 10989
f 10998 10989 10990
f 10881 10873 10877
f 11016 10874 11017
f 11017 11020 11016
f 11025 11018 11026
f 10880 10881 10877
f 11017 10881 11019
f 10880 10891 10892
f 11019 10892 11032
f 10891 10893 10892
f 10898 10894 10895
f 9534 10893 10898
f 9534 11033 10893
f 11019 11018 11017
f 11032 11034 11027
f 11018 11027 11026
f 11027 11028 11026
f 11033 11034 11032
f 11035 11034 11033
f 11037 11035 9538
f 11035 9535 9538
f 9535 9542 9538
f 10897 10898 10895
f 9498 9548 9486
f 10897 9486 9533
f 9536 9534 9533
f 9533 9486 9548
f 9497 9498 9499
f 9546 9549 9548
f 9499 9495 9497
f 9534 9536 9535
f 9543 9544 9542
f 9543 9536 9549
f 9543 9539 9544
f 9549 9546 9547
f 10912 10918 10911
f 10918 10912 10913
f 9530 9522 9532
f 10911 9568 9532
f 9568 9569 9563
f 9570 9569 9568
f 9563 9569 9567
f 9567 9569 9571
f 9569 9570 9571
f 10928 10927 10916
f 10930 10934 11048
f 11045 10928 10929
f 11044 10928 11045
f 10927 9570 10918
f 10927 11041 9570
f 11047 11046 11042
f 11044 11047 11042
f 11043 11041 11042
f 11042 11041 11044
f 11042 11046 11043
f 11048 11049 11045
f 11049 11048 11050
f 11053 11047 11049
f 9571 11043 9577
f 9581 9578 11046
f 11052 9581 11046
f 11048 10934 11051
f 11058 11057 11056
f 11058 11056 11055
f 11050 11056 11054
f 11056 11050 11055
f 11056 11057 11054
f 10976 10982 11108
f 11106 10976 11108
f 11108 11109 11106
f 11110 11109 11108
f 11108 10982 11111
f 10981 10996 10999
f 10996 11000 10999
f 10998 11000 10996
f 10997 11000 10998
f 11108 11111 11110
f 11121 11122 11118
f 11123 11122 11121
f 11121 11002 11124
f 11010 11014 11136
f 11134 11010 11136
f 11121 11124 11123
f 11136 11137 11134
f 11138 11137 11136
f 11136 11014 11139
f 11025 11029 11030
f 11029 11025 11026
f 11156 11169 11150
f 11136 11139 11138
f 11155 11156 11150
f 11158 11156 11155
f 11155 11163 11158
f 11160 11158 11159
f 11170 11157 9585
f 11157 9582 9585
f 11160 9582 11157
f 9582 9589 9585
f 11028 11029 11026
f 11028 11036 11038
f 11036 11040 11038
f 11040 11036 11037
f 11040 11039 11038
f 9583 11162 11039
f 9594 9583 11039
f 9592 9601 9537
f 9601 11040 11037
f 9601 11039 11040
f 11159 11162 11160
f 11161 11162 11159
f 9590 9591 9589
f 9590 9583 9594
f 9590 9586 9591
f 9594 9592 9593
f 9544 9539 9541
f 9542 9544 9540
f 9541 9540 9544
f 9573 9577 9576
f 11053 11059 11052
f 11059 11053 11054
f 9581 9618 9578
f 9577 9578 9576
f 9619 9613 9618
f 9581 9621 9618
f 11052 9621 9581
f 9623 9622 9621
f 9614 9613 9619
f 9631 9616 9630
f 9632 9631 9630
f 9619 9622 9630
f 9622 9623 9624
f 9624 9635 9632
f 11070 11069 11057
f 11072 11076 11184
f 11181 11070 11071
f 11180 11070 11181
f 11069 9623 11059
f 11069 11177 9623
f 11183 11182 11178
f 11180 11183 11178
f 11179 11177 11178
f 11178 11177 11180
f 11178 11182 11179
f 11184 11185 11181
f 11185 11184 11186
f 11189 11183 11185
f 9624 11179 9635
f 9640 9636 11182
f 11188 9640 11182
f 11184 11076 11187
f 11186 11192 11190
f 11192 11186 11191
f 11192 11193 11190
f 11199 11198 11195
f 11195 11200 11199
f 11199 11200 11213
f 11214 11199 11213
f 11214 11208 11198
f 11214 11198 11199
f 11129 11132 11304
f 11299 11129 11304
f 11303 11311 11291
f 11300 11303 11291
f 11305 11303 11300
f 11305 11304 11306
f 11316 11311 11303
f 11316 11303 11305
f 11307 11133 11145
f 11145 11133 11147
f 11307 11145 11321
f 11146 11148 11154
f 11154 11148 11151
f 11147 11149 11148
f 9642 11146 11154
f 9642 11323 11146
f 11325 11324 11318
f 11307 11306 11304
f 11321 11325 11318
f 11306 11318 11317
f 11323 11325 11321
f 11324 11325 11326
f 11326 11325 11323
f 11324 9641 11319
f 9646 9641 11324
f 11326 9643 9647
f 9643 9651 9647
f 11151 11171 11154
f 11153 11151 11152
f 11173 11171 11172
f 11169 11174 11172
f 11174 11169 11170
f 11174 11173 11172
f 11171 9642 11154
f 9656 9644 11173
f 9654 9663 9584
f 9663 11174 11170
f 9663 11173 11174
f 9642 9644 9643
f 9652 9653 9651
f 9652 9644 9656
f 9652 9648 9653
f 9656 9654 9655
f 9591 9586 9588
f 9589 9591 9587
f 9588 9587 9591
f 9627 9616 9631
f 9631 9629 9627
f 9629 9631 9632
f 11189 11194 11188
f 11194 11189 11190
f 9640 9678 9636
f 9635 9636 9634
f 9679 9674 9678
f 9640 9686 9678
f 11188 9686 9640
f 9688 9687 9686
f 9675 9674 9679
f 9677 9675 9679
f 9684 9687 9689
f 9687 9688 9689
f 9689 9685 9684
f 11210 11209 11193
f 11193 11208 11210
f 11211 11209 11210
f 11215 11213 11216
f 11208 11212 11210
f 11212 11211 11210
f 11209 9688 11194
f 9695 9690 11211
f 11211 9700 9695
f 9701 11212 11221
f 9688 9690 9689
f 9690 9685 9689
f 9694 9691 9695
f 9699 9700 9702
f 9700 9701 9702
f 11215 11231 11221
f 11217 11215 11216
f 11232 11217 11235
f 11233 11231 11232
f 11234 11236 11247
f 11234 11233 11232
f 11247 11236 11241
f 11235 11237 11236
f 11231 9701 11221
f 9714 9703 11233
f 11233 9715 9714
f 9716 11234 11247
f 9701 9703 9702
f 9711 9712 9710
f 9711 9703 9714
f 9711 9714 9726
f 9728 9727 9726
f 9714 9715 9726
f 9715 9716 9717
f 9717 9732 9728
f 11241 11256 11247
f 11243 11241 11242
f 11257 11243 11260
f 11258 11256 11257
f 11259 11261 11272
f 11259 11258 11257
f 11272 11261 11266
f 11260 11262 11261
f 11256 9716 11247
f 9736 9718 11258
f 11258 9737 9736
f 9738 11259 11272
f 9716 9718 9717
f 9733 9734 9732
f 9733 9718 9736
f 9733 9736 9748
f 9750 9749 9748
f 9736 9737 9748
f 9737 9738 9739
f 9739 9754 9750
f 11266 11281 11272
f 11268 11266 11267
f 11282 11268 11285
f 11283 11281 11282
f 11284 11286 11298
f 11284 11283 11282
f 11298 11286 11292
f 11285 11287 11286
f 11281 9738 11272
f 9758 9740 11283
f 11283 9759 9758
f 9760 11284 11298
f 9738 9740 9739
f 9755 9756 9754
f 9755 9740 9758
f 9755 9758 9770
f 9772 9771 9770
f 9758 9759 9770
f 9759 9760 9761
f 9761 9777 9772
f 11292 11312 11298
f 11294 11292 11293
f 11314 11312 11313
f 11311 11315 11313
f 11315 11314 11313
f 11320 11316 11317
f 11312 9760 11298
f 9782 9762 11314
f 11314 9789 9782
f 9790 11315 11320
f 9760 9762 9761
f 9778 9779 9777
f 9778 9762 9782
f 9778 9773 9779
f 9786 9789 9791
f 9789 9790 9791
f 9791 9787 9786
f 11319 11320 11317
f 9646 9806 9641
f 11319 9641 9788
f 9792 9790 9788
f 9788 9641 9806
f 9645 9646 9647
f 9804 9807 9806
f 9790 9792 9791
f 9792 9787 9791
f 9805 9800 9807
f 9807 9804 9805
f 9653 9648 9650
f 9651 9653 9649
f 9650 9649 9653
f 9705 9710 9708
f 9710 9712 9708
f 9709 9708 9712
f 9727 9725 9723
f 9725 9727 9728
f 9732 9734 9730
f 9731 9730 9734
f 9749 9747 9745
f 9747 9749 9750
f 9754 9756 9752
f 9753 9752 9756
f 9771 9769 9767
f 9769 9771 9772
f 9779 9773 9776
f 9777 9779 9775
f 9776 9775 9779
f 9894 9881 9893
f 9893 9881 9885
f 9895 9894 9893
f 9891 9893 9885
f 9895 9893 9891
f 9898 9899 9897
f 9898 9892 9896
f 9897 9892 9898
f 9910 9909 9908
f 9906 9908 9901
f 9910 9908 9906
f 9907 9910 9906
f 9985 9973 9984
f 9984 9973 9978
f 9986 9985 9984
f 9981 9984 9978
f 9986 9984 9981
f 9990 9991 9989
f 9990 9982 9987
f 9989 9982 9990
f 10002 10001 10000
f 9996 10000 9994
f 10002 10000 9996
f 10007 9998 9883
f 10008 9998 10007
f 9894 10009 10007
f 10013 10009 10010
f 9895 9897 10010
f 10013 10012 10009
f 10005 10006 10004
f 10004 9997 10005
f 10005 10008 10016
f 10018 10017 10016
f 10008 10012 10016
f 10012 10013 10014
f 10014 10019 10018
f 9909 10022 9899
f 10010 10011 10013
f 10015 10013 10011
f 10011 9899 10022
f 9909 10024 10022
f 10028 10024 10025
f 10028 10027 10024
f 10013 10015 10014
f 10020 10021 10019
f 10020 10015 10023
f 10020 10023 10031
f 10033 10032 10031
f 10023 10027 10031
f 10027 10028 10029
f 10029 10034 10033
f 9916 9924 10038
f 9915 10026 10025
f 10025 10026 10028
f 10030 10028 10026
f 10037 10038 9924
f 10037 10039 10038
f 10028 10030 10029
f 10035 10036 10034
f 10035 10030 10039
f 10035 10039 10044
f 10046 10045 10044
f 10046 10044 10042
f 10049 10050 10048
f 10049 10043 10047
f 10048 10043 10049
f 10062 10061 10060
f 10057 10060 10053
f 10062 10060 10057
f 10058 10062 10057
f 10103 10111 10105
f 10112 10113 10111
f 10112 10103 10109
f 10111 10103 10112
f 10123 10122 10121
f 10118 10121 10116
f 10123 10121 10118
f 10128 10120 9975
f 10129 10120 10128
f 9983 9985 9986
f 10127 10129 10128
f 10125 10126 10124
f 10124 10119 10125
f 10125 10129 10134
f 10136 10135 10134
f 10136 10134 10131
f 10001 10141 9991
f 9989 9991 9988
f 10142 10133 10141
f 9999 10001 10002
f 10140 10142 10141
f 10138 10139 10137
f 10137 10132 10138
f 10138 10142 10147
f 10149 10148 10147
f 10149 10147 10144
f 10017 10153 10006
f 10004 10006 10003
f 10154 10146 10153
f 10017 10155 10153
f 10159 10155 10156
f 10018 10019 10156
f 10159 10158 10155
f 10151 10152 10150
f 10150 10145 10151
f 10151 10154 10163
f 10165 10164 10163
f 10154 10158 10163
f 10158 10159 10160
f 10160 10167 10165
f 10032 10170 10021
f 10156 10157 10159
f 10161 10159 10157
f 10157 10021 10170
f 10032 10172 10170
f 10176 10172 10173
f 10033 10034 10173
f 10176 10175 10172
f 10159 10161 10160
f 10168 10169 10167
f 10168 10161 10171
f 10168 10171 10180
f 10182 10181 10180
f 10171 10175 10180
f 10175 10176 10177
f 10177 10184 10182
f 10045 10187 10036
f 10173 10174 10176
f 10178 10176 10174
f 10174 10036 10187
f 10045 10189 10187
f 10193 10189 10190
f 10046 10048 10190
f 10193 10192 10189
f 10176 10178 10177
f 10185 10186 10184
f 10185 10178 10188
f 10185 10188 10196
f 10198 10197 10196
f 10188 10192 10196
f 10192 10193 10194
f 10194 10199 10198
f 10061 10203 10050
f 10190 10191 10193
f 10195 10193 10191
f 10191 10050 10203
f 10059 10061 10062
f 10202 10204 10203
f 10062 10058 10059
f 10193 10195 10194
f 10200 10201 10199
f 10200 10195 10204
f 10200 10204 10209
f 10211 10210 10209
f 10211 10209 10206
f 10067 10074 10216
f 10216 10208 10067
f 10217 10208 10216
f 10215 10216 10074
f 10215 10217 10216
f 10213 10214 10212
f 10212 10207 10213
f 10213 10217 10224
f 10226 10225 10224
f 10226 10224 10221
f 10222 10226 10221
f 10252 10261 10257
f 10096 10107 10265
f 10265 10253 10096
f 10266 10253 10265
f 10264 10265 10107
f 10264 10266 10265
f 10105 10111 10110
f 10262 10263 10261
f 10261 10252 10262
f 10262 10266 10271
f 10273 10272 10271
f 10273 10271 10268
f 10122 10276 10113
f 10111 10113 10110
f 10277 10270 10276
f 10122 10278 10276
f 10282 10278 10279
f 10123 10124 10279
f 10282 10281 10278
f 11335 11336 11333
f 11335 11333 11334
f 11337 11336 11335
f 10274 10269 10275
f 10285 11335 10275
f 10275 10277 10285
f 10277 10281 10285
f 10281 10282 10283
f 10283 10287 10286
f 10135 10290 10126
f 10279 10280 10282
f 10284 10282 10280
f 10280 10126 10290
f 10135 10292 10290
f 10296 10292 10293
f 10136 10137 10293
f 10296 10295 10292
f 10282 10284 10283
f 10288 10289 10287
f 10288 10284 10291
f 10288 10291 10299
f 10301 10300 10299
f 10291 10295 10299
f 10295 10296 10297
f 10297 10302 10301
f 10148 10305 10139
f 10293 10294 10296
f 10298 10296 10294
f 10294 10139 10305
f 10148 10307 10305
f 10311 10307 10308
f 10149 10150 10308
f 10311 10310 10307
f 10296 10298 10297
f 10303 10304 10302
f 10303 10298 10306
f 10303 10306 10315
f 10317 10316 10315
f 10306 10310 10315
f 10310 10311 10312
f 10312 10319 10317
f 10164 10323 10152
f 10308 10309 10311
f 10313 10311 10309
f 10309 10152 10323
f 10162 10164 10165
f 10322 10324 10323
f 10311 10313 10312
f 10320 10321 10319
f 10320 10313 10324
f 10320 10324 10330
f 10332 10331 10330
f 10332 10330 10326
f 10181 10338 10169
f 10167 10169 10166
f 10339 10328 10338
f 10179 10181 10182
f 10337 10339 10338
f 10335 10336 10334
f 10334 10327 10335
f 10335 10339 10345
f 10347 10346 10345
f 10347 10345 10341
f 10197 10352 10186
f 10184 10186 10183
f 10353 10343 10352
f 10197 10354 10352
f 10358 10354 10355
f 10198 10199 10355
f 10358 10357 10354
f 10350 10351 10349
f 10349 10342 10350
f 10350 10353 10362
f 10364 10363 10362
f 10353 10357 10362
f 10357 10358 10359
f 10359 10366 10364
f 10210 10369 10201
f 10355 10356 10358
f 10360 10358 10356
f 10356 10201 10369
f 10210 10371 10369
f 10375 10371 10372
f 10211 10212 10372
f 10375 10374 10371
f 10358 10360 10359
f 10367 10368 10366
f 10367 10360 10370
f 10367 10370 10378
f 10380 10379 10378
f 10370 10374 10378
f 10374 10375 10376
f 10376 10381 10380
f 10225 10385 10214
f 10372 10373 10375
f 10377 10375 10373
f 10373 10214 10385
f 10223 10225 10226
f 10384 10386 10385
f 10226 10222 10223
f 10375 10377 10376
f 10382 10383 10381
f 10382 10377 10386
f 10382 10386 10391
f 10393 10392 10391
f 10393 10391 10389
f 10397 10398 10396
f 10397 10390 10394
f 10396 10390 10397
f 10397 10395 10398
f 10394 10395 10397
f 10257 10261 10260
f 10430 10439 10435
f 10272 10442 10263
f 10261 10263 10260
f 10443 10431 10442
f 10272 10444 10442
f 10447 10444 10445
f 10273 10274 10445
f 10447 10446 10444
f 10440 10441 10439
f 10439 10430 10440
f 10440 10443 10450
f 10452 10451 10450
f 10443 10446 10450
f 10446 10447 10448
f 10448 10453 10452
f 11333 11338 11334
f 11339 11338 11333
f 11333 11336 11339
f 11340 11338 11339
f 11336 11341 11339
f 11341 11336 11337
f 11341 11340 11339
f 11334 10445 10274
f 10456 10449 11340
f 11337 10286 10457
f 11340 10459 10456
f 10286 10287 10457
f 10447 10449 10448
f 10454 10455 10453
f 10454 10449 10456
f 10454 10456 10462
f 10464 10463 10462
f 10456 10459 10462
f 10459 10460 10461
f 10461 10465 10464
f 11349 11343 11342
f 11342 11350 11349
f 10300 10466 10289
f 10457 10458 10460
f 10458 10289 10466
f 10458 10466 11342
f 10300 10467 10466
f 11342 10466 10467
f 10470 10467 10468
f 10301 10302 10468
f 11349 11351 11345
f 11347 11343 11345
f 11345 11343 11349
f 11350 11351 11349
f 11352 11351 11350
f 11348 10465 11347
f 10461 11347 10465
f 11354 11352 10473
f 11352 10471 10473
f 10471 10474 10473
f 10316 10478 10304
f 10468 10469 10470
f 10472 10470 10469
f 10469 10304 10478
f 10314 10316 10317
f 10477 10479 10478
f 10470 10472 10471
f 10475 10476 10474
f 10475 10472 10479
f 10475 10479 10484
f 10486 10485 10484
f 10486 10484 10481
f 10331 10491 10321
f 10319 10321 10318
f 10492 10483 10491
f 10329 10331 10332
f 10490 10492 10491
f 10488 10489 10487
f 10487 10482 10488
f 10488 10492 10498
f 10500 10499 10498
f 10500 10498 10494
f 10346 10507 10336
f 10334 10336 10333
f 10508 10496 10507
f 10344 10346 10347
f 10506 10508 10507
f 10504 10505 10503
f 10503 10495 10504
f 10504 10508 10516
f 10518 10517 10516
f 10518 10516 10510
f 10363 10524 10351
f 10349 10351 10348
f 10525 10512 10524
f 10361 10363 10364
f 10523 10525 10524
f 10521 10522 10520
f 10520 10511 10521
f 10521 10525 10531
f 10533 10532 10531
f 10533 10531 10527
f 10379 10538 10368
f 10366 10368 10365
f 10539 10529 10538
f 10379 10540 10538
f 10544 10540 10541
f 10380 10381 10541
f 10544 10543 10540
f 10536 10537 10535
f 10535 10528 10536
f 10536 10539 10548
f 10550 10549 10548
f 10539 10543 10548
f 10543 10544 10545
f 10545 10552 10550
f 10392 10555 10383
f 10541 10542 10544
f 10546 10544 10542
f 10542 10383 10555
f 10392 10557 10555
f 10561 10557 10558
f 10393 10396 10558
f 10561 10560 10557
f 10544 10546 10545
f 10553 10554 10552
f 10553 10546 10556
f 10553 10556 10564
f 10566 10565 10564
f 10556 10560 10564
f 10560 10561 10562
f 10562 10567 10566
f 10558 10559 10561
f 10563 10561 10559
f 10559 10398 10571
f 10570 10571 10409
f 10570 10572 10571
f 10561 10563 10562
f 10568 10569 10567
f 10568 10563 10572
f 10568 10572 10579
f 10581 10580 10579
f 10581 10579 10576
f 10577 10581 10576
f 10435 10439 10438
f 10604 10613 10609
f 10451 10616 10441
f 10439 10441 10438
f 10617 10605 10616
f 10451 10618 10616
f 10622 10618 10619
f 10452 10453 10619
f 10622 10621 10618
f 10614 10615 10613
f 10613 10604 10614
f 10614 10617 10624
f 10626 10625 10624
f 10617 10621 10624
f 10621 10622 10623
f 10623 10627 10626
f 11363 11358 11344
f 11344 11364 11363
f 10463 10628 10455
f 10619 10620 10622
f 10620 10455 10628
f 10620 10628 11344
f 10463 10629 10628
f 11344 10628 10629
f 10631 10629 10630
f 10464 10465 10630
f 11363 11365 11359
f 11361 11358 11359
f 11359 11358 11363
f 11364 11365 11363
f 11371 11366 11373
f 11371 11368 11365
f 11362 10627 11361
f 10623 11361 10627
f 11366 11364 10631
f 11346 11355 11348
f 11356 11355 11346
f 11346 11353 11356
f 11353 11357 11356
f 11357 11353 11354
f 11348 10630 10465
f 11355 11367 10631
f 11354 10473 10632
f 10473 10474 10632
f 10634 11378 11357
f 11377 11379 11374
f 11374 11367 11377
f 11374 11375 11373
f 11378 11379 11377
f 11380 11379 11378
f 10631 11367 11366
f 11384 11380 10637
f 11380 10635 10637
f 10635 10638 10637
f 10485 10641 10476
f 10632 10633 10634
f 10636 10634 10633
f 10633 10476 10641
f 10485 10643 10641
f 10647 10643 10644
f 10486 10487 10644
f 10647 10646 10643
f 10634 10636 10635
f 10639 10640 10638
f 10639 10636 10642
f 10639 10642 10651
f 10653 10652 10651
f 10642 10646 10651
f 10646 10647 10648
f 10648 10655 10653
f 10499 10659 10489
f 10644 10645 10647
f 10649 10647 10645
f 10645 10489 10659
f 10497 10499 10500
f 10658 10660 10659
f 10647 10649 10648
f 10656 10657 10655
f 10656 10649 10660
f 10656 10660 10667
f 10669 10668 10667
f 10669 10667 10664
f 10665 10669 10664
f 10503 10505 10501
f 10502 10501 10505
f 10517 10515 10514
f 10515 10517 10518
f 10679 10687 10683
f 10532 10691 10522
f 10520 10522 10519
f 10692 10680 10691
f 10530 10532 10533
f 10690 10692 10691
f 10688 10689 10687
f 10687 10679 10688
f 10688 10692 10697
f 10699 10698 10697
f 10699 10697 10694
f 10549 10704 10537
f 10535 10537 10534
f 10705 10696 10704
f 10547 10549 10550
f 10703 10705 10704
f 10701 10702 10700
f 10700 10695 10701
f 10701 10705 10710
f 10712 10711 10710
f 10712 10710 10707
f 10565 10716 10554
f 10552 10554 10551
f 10717 10709 10716
f 10565 10718 10716
f 10722 10718 10719
f 10566 10567 10719
f 10722 10721 10718
f 10714 10715 10713
f 10713 10708 10714
f 10714 10717 10725
f 10727 10726 10725
f 10717 10721 10725
f 10721 10722 10723
f 10723 10728 10727
f 10580 10732 10569
f 10719 10720 10722
f 10724 10722 10720
f 10720 10569 10732
f 10578 10580 10581
f 10731 10733 10732
f 10581 10577 10578
f 10722 10724 10723
f 10729 10730 10728
f 10729 10724 10733
f 10729 10733 10740
f 10742 10741 10740
f 10742 10740 10737
f 10738 10742 10737
f 10609 10613 10612
f 10764 10772 10768
f 10625 10775 10615
f 10613 10615 10612
f 10776 10765 10775
f 10625 10777 10775
f 10780 10777 10778
f 10626 10627 10778
f 10780 10779 10777
f 10773 10774 10772
f 10772 10764 10773
f 10773 10776 10782
f 10784 10783 10782
f 10776 10779 10782
f 10779 10780 10781
f 10781 10785 10784
f 11360 11369 11362
f 11370 11369 11360
f 11360 11368 11370
f 11468 11372 11376
f 11371 11372 11368
f 11465 11370 11466
f 11372 11468 11466
f 11362 10778 10627
f 11369 11460 10780
f 11465 11467 11461
f 11463 11460 11461
f 11461 11460 11465
f 11468 11469 11466
f 11469 11468 11470
f 11478 11473 11467
f 11478 11467 11469
f 11464 10785 11463
f 10781 11463 10785
f 11375 11376 11373
f 11468 11376 11471
f 11375 11383 11385
f 11471 11385 11485
f 11387 11490 11389
f 11383 11386 11385
f 11386 11383 11384
f 11490 11387 11486
f 11384 10637 10786
f 10637 10638 10786
f 10788 11488 11386
f 11471 11470 11468
f 11485 11489 11480
f 11470 11480 11479
f 11480 11481 11479
f 11488 11489 11485
f 11486 11492 11490
f 11490 11492 11493
f 11499 11491 11505
f 11499 11496 11489
f 11491 11488 10788
f 11389 11490 11494
f 11398 11520 11402
f 11520 11398 11515
f 10652 10793 10640
f 10786 10787 10788
f 10789 10788 10787
f 10787 10640 10793
f 10650 10652 10653
f 10792 10794 10793
f 11506 11524 11519
f 11490 11493 11494
f 11506 11519 11516
f 11491 11513 11505
f 11514 11505 11513
f 11516 11519 11521
f 11521 11522 11520
f 11519 11524 11528
f 11521 11519 11528
f 10790 10789 10794
f 10789 10790 11513
f 10790 10794 10799
f 10801 10800 10799
f 10801 10799 10796
f 11402 11520 11523
f 11411 11540 11415
f 11540 11411 11535
f 10668 10806 10657
f 10655 10657 10654
f 10807 10798 10806
f 10666 10668 10669
f 10805 10807 10806
f 10669 10665 10666
f 11532 11522 11530
f 11522 11532 11531
f 11530 11533 11532
f 11536 11539 11541
f 11541 11542 11540
f 11539 11544 11546
f 11541 11539 11546
f 10803 10804 10802
f 10802 10797 10803
f 10803 10807 10814
f 10816 10815 10814
f 10816 10814 10811
f 10812 10816 10811
f 11415 11540 11543
f 11422 11558 11426
f 11558 11422 11553
f 10683 10687 10686
f 11550 11542 11548
f 11542 11550 11549
f 11548 11551 11550
f 11554 11557 11559
f 11559 11560 11558
f 11557 11562 11564
f 11559 11557 11564
f 11561 11430 11427
f 11430 11431 11427
f 11561 11570 11430
f 11432 11574 11434
f 11571 11431 11430
f 11570 11571 11430
f 10698 10838 10689
f 10687 10689 10686
f 10839 10827 10838
f 10698 10840 10838
f 10844 10840 10841
f 10699 10700 10841
f 10844 10843 10840
f 11558 11560 11561
f 11567 11572 11570
f 11567 11560 11566
f 11566 11568 11567
f 11574 11571 11575
f 11575 11576 11574
f 11576 11575 11577
f 10833 10827 10839
f 10849 10836 10848
f 10839 10843 10848
f 11573 10848 10843
f 11578 11438 11435
f 11438 11440 11435
f 11578 11588 11438
f 11450 11441 11439
f 11445 11441 11450
f 11441 11442 11440
f 10711 10852 10702
f 10841 10842 10844
f 10845 10844 10842
f 10842 10702 10852
f 10711 10854 10852
f 10712 10713 10855
f 11574 11576 11578
f 11584 11590 11588
f 11588 11590 11589
f 11589 11590 11591
f 10850 10845 10853
f 10845 10850 11586
f 10850 10853 10859
f 10853 10857 10859
f 11591 10859 10857
f 10857 11589 11591
f 11450 11452 11445
f 11446 11445 11447
f 11453 11454 11447
f 11455 11604 11458
f 11601 11454 11453
f 11600 11601 11453
f 10726 10862 10715
f 10856 10715 10862
f 10726 10866 10862
f 10870 10866 10867
f 10727 10728 10867
f 10870 10869 10866
f 11603 11598 11602
f 11598 11603 11600
f 11598 11592 11599
f 11600 11592 11598
f 11602 11598 11599
f 11604 11601 11605
f 11605 11606 11604
f 11605 11603 11610
f 11599 11592 10858
f 11602 11599 10861
f 10861 10858 10863
f 10858 10861 11599
f 10875 11602 10861
f 10861 10863 10875
f 10863 10869 10875
f 10869 10870 10871
f 11458 11604 11607
f 10741 10884 10730
f 10867 10868 10870
f 10872 10870 10868
f 10868 10730 10884
f 10739 10741 10742
f 10882 10885 10884
f 10742 10738 10739
f 11614 11615 11613
f 11613 11615 11612
f 11613 11606 11611
f 11606 11613 11612
f 11611 11614 11613
f 10870 10872 10871
f 10872 10865 10871
f 10883 10878 10885
f 10885 10882 10883
f 10768 10772 10771
f 10783 10919 10774
f 10772 10774 10771
f 10920 10910 10919
f 10783 10921 10919
f 10924 10921 10922
f 10784 10785 10922
f 10924 10923 10921
f 10914 10910 10920
f 10932 10917 10931
f 10933 10932 10931
f 10920 10923 10931
f 10923 10924 10925
f 10925 10935 10933
f 11462 11474 11464
f 11475 11474 11462
f 11462 11473 11475
f 11476 11474 11475
f 11473 11477 11475
f 11477 11476 11475
f 11484 11478 11479
f 11464 10922 10785
f 10938 10926 11476
f 11476 10939 10938
f 10940 11477 11484
f 10924 10926 10925
f 10936 10937 10935
f 10936 10926 10938
f 10936 10938 10942
f 10944 10943 10942
f 10938 10939 10942
f 10939 10940 10941
f 10941 10945 10944
f 11498 11497 11481
f 11481 11496 11498
f 11499 11500 11496
f 11628 11498 11629
f 11497 10940 11484
f 11497 11624 10940
f 11633 11632 11626
f 11628 11633 11626
f 11627 11624 11626
f 11626 11624 11628
f 11626 11632 11627
f 11634 11635 11638
f 11639 11634 11638
f 11639 11633 11634
f 10941 11627 10945
f 10948 10946 11632
f 11637 10948 11632
f 11508 11507 11509
f 11525 11527 11526
f 11534 11529 11647
f 11524 11529 11528
f 11647 11529 11645
f 10800 10949 10791
f 11514 10791 10947
f 11514 10947 11525
f 11527 11525 10947
f 10947 10791 10949
f 10947 10949 11527
f 10800 10950 10949
f 11527 10949 10950
f 10953 10950 10951
f 10801 10802 10951
f 11646 11648 11645
f 11647 11645 11648
f 11648 11649 11647
f 11649 11648 11650
f 11648 11646 11650
f 11650 11646 10953
f 11534 11533 11530
f 11651 11534 11647
f 11545 11544 11533
f 11651 11662 11545
f 11552 11547 11666
f 11544 11547 11546
f 11662 11663 11545
f 11666 11547 11663
f 10815 10957 10804
f 10951 10952 10953
f 10954 10953 10952
f 10952 10804 10957
f 10813 10815 10816
f 10956 10958 10957
f 10816 10812 10813
f 11665 11658 11664
f 11647 11649 11651
f 11658 11665 11662
f 11664 11658 11660
f 11666 11663 11667
f 11667 11668 11666
f 11667 11665 11672
f 11664 11660 10955
f 10955 10954 10958
f 10954 10955 11660
f 10963 11664 10955
f 10955 10958 10963
f 10964 10963 10961
f 11552 11551 11548
f 11669 11552 11666
f 11563 11562 11551
f 11669 11677 11563
f 11569 11565 11680
f 11562 11565 11564
f 11677 11678 11563
f 11680 11565 11678
f 11666 11668 11669
f 11674 11679 11677
f 11674 11668 11673
f 11673 11675 11674
f 11680 11678 11681
f 11681 11682 11680
f 11679 11684 11689
f 11681 11679 11689
f 10967 10968 10966
f 10967 10962 10965
f 10966 10962 10967
f 10979 10978 10977
f 10974 10977 10971
f 10979 10977 10974
f 11569 11568 11566
f 11683 11569 11680
f 11582 11580 11568
f 11683 11694 11582
f 11583 11580 11582
f 11580 11583 11581
f 10847 10836 10849
f 11581 10992 10849
f 10992 10994 10988
f 11581 11583 10992
f 11680 11682 11683
f 11691 11696 11694
f 11691 11682 11690
f 11690 11692 11691
f 11694 11696 11695
f 11695 11696 11697
f 10984 10985 10983
f 10984 10975 10980
f 10983 10975 10984
f 10984 10981 10985
f 10980 10981 10984
f 11700 11001 11697
f 10988 10994 10991
f 10994 11695 11697
f 10997 10991 11001
f 11587 11595 11585
f 11585 11595 11596
f 11596 11593 11585
f 11597 11593 11596
f 11593 11597 11594
f 10860 11005 10851
f 11587 10851 10993
f 11587 10993 11595
f 10993 10851 11005
f 10860 11007 11005
f 11594 11007 10860
f 11594 11597 11007
f 11704 11710 11708
f 11704 11698 11706
f 11708 11698 11704
f 11708 11710 11709
f 11717 11718 11711
f 11710 11712 11717
f 11706 11698 10995
f 11003 10995 11006
f 10995 11003 11706
f 11003 11006 11011
f 11013 11012 11011
f 11006 11008 11011
f 11009 11015 11013
f 11610 11609 11616
f 11616 11611 11610
f 11016 11021 10874
f 11016 11022 11021
f 10876 10873 10874
f 11021 11022 11023
f 11711 11718 11719
f 11720 11719 11718
f 11711 11719 11009
f 11720 11015 11719
f 11009 11719 11015
f 11020 11022 11016
f 11022 11020 11024
f 11023 11022 11024
f 11614 11619 11620
f 11729 11621 11620
f 11728 11729 11620
f 11730 11621 11729
f 11023 11619 11616
f 11023 11722 11619
f 11724 11725 11723
f 11723 11722 11726
f 11728 11722 11723
f 11728 11731 11729
f 11731 11730 11729
f 11031 11727 11726
f 11024 11031 11726
f 10929 10917 10932
f 10932 10930 10929
f 10930 10932 10933
f 10943 11060 10937
f 10935 10937 10934
f 11061 11051 11060
f 10943 11062 11060
f 11066 11062 11063
f 10944 10945 11063
f 11066 11065 11062
f 11055 11051 11061
f 11074 11058 11073
f 11075 11074 11073
f 11061 11065 11073
f 11065 11066 11067
f 11067 11077 11075
f 11641 11638 11642
f 11639 11644 11637
f 10948 11080 10946
f 11063 11064 11066
f 11068 11066 11064
f 11064 10946 11080
f 10948 11082 11080
f 11637 11082 10948
f 11084 11083 11082
f 11066 11068 11067
f 11078 11079 11077
f 11078 11068 11081
f 11078 11081 11087
f 11089 11088 11087
f 11081 11083 11087
f 11083 11084 11085
f 11085 11090 11089
f 11641 11652 11644
f 11643 11641 11642
f 11653 11643 11656
f 11654 11652 11653
f 11659 11657 11751
f 11655 11657 11661
f 11655 11654 11653
f 11661 11657 11659
f 11652 11084 11644
f 11093 11086 11654
f 11654 11094 11093
f 11095 11655 11661
f 11748 11754 11751
f 11751 11754 11755
f 11084 11086 11085
f 11091 11092 11090
f 11091 11086 11093
f 11091 11093 11097
f 11099 11098 11097
f 11093 11094 11097
f 11094 11095 11096
f 11096 11100 11099
f 11659 11671 11661
f 11752 11659 11751
f 11752 11671 11659
f 11752 11753 11671
f 11672 11670 11676
f 11676 11673 11672
f 11671 11095 11661
f 11671 11753 11095
f 11670 10964 11102
f 11676 11670 11102
f 10964 10966 11102
f 11760 11759 11758
f 11764 11753 11759
f 11759 11765 11764
f 11765 11766 11767
f 11096 11764 11100
f 11104 11101 11765
f 11767 11104 11765
f 11675 11685 11686
f 11686 11684 11675
f 11685 11687 11686
f 11688 11684 11686
f 11687 11688 11686
f 11693 11690 11689
f 10978 11107 10968
f 11687 11685 11103
f 11103 10968 11107
f 11103 11107 11687
f 10976 10978 10979
f 11693 11688 11113
f 11770 11776 11774
f 11772 11770 11774
f 11774 11776 11777
f 11774 11105 11772
f 11115 11105 11774
f 11777 11115 11774
f 11109 11112 11106
f 11112 11109 11114
f 11113 11112 11114
f 11110 11114 11109
f 11692 11701 11702
f 11702 11699 11692
f 11703 11699 11702
f 11699 11703 11700
f 10983 10985 10982
f 11113 11701 11693
f 11113 11775 11701
f 11120 11111 11119
f 11118 11119 10999
f 11700 11125 11001
f 11118 11120 11119
f 11787 11126 11703
f 11780 11788 11786
f 11780 11775 11783
f 11786 11775 11780
f 11786 11788 11787
f 11787 11788 11789
f 11116 11120 11130
f 11123 11127 11122
f 11707 11713 11705
f 11705 11713 11714
f 11714 11712 11705
f 11713 11715 11714
f 11716 11712 11714
f 11715 11716 11714
f 11721 11718 11717
f 11012 11135 11004
f 11010 11012 11013
f 11721 11716 11142
f 11126 11127 11128
f 11128 11123 11124
f 11127 11123 11128
f 11137 11141 11134
f 11141 11137 11143
f 11142 11141 11143
f 11138 11143 11137
f 11720 11718 11721
f 11144 11140 11142
f 11140 11139 11014
f 11140 11144 11139
f 11030 11031 11025
f 11801 11803 11796
f 11798 11801 11795
f 11801 11796 11795
f 11142 11143 11144
f 11144 11138 11139
f 11143 11138 11144
f 11175 11150 11176
f 11155 11150 11175
f 11163 11155 11175
f 11796 11167 11795
f 11167 11164 11163
f 11727 11736 11724
f 11724 11736 11737
f 11810 11738 11737
f 11809 11810 11737
f 11811 11738 11810
f 11727 11166 11736
f 11030 11165 11166
f 11165 11168 11166
f 11805 11806 11804
f 11809 11797 11804
f 11803 11805 11804
f 11809 11812 11810
f 11812 11811 11810
f 11165 11164 11168
f 11168 11164 11167
f 11071 11058 11074
f 11074 11072 11071
f 11072 11074 11075
f 11088 11196 11079
f 11077 11079 11076
f 11197 11187 11196
f 11088 11201 11196
f 11205 11201 11202
f 11089 11090 11202
f 11205 11204 11201
f 11191 11187 11197
f 11195 11191 11197
f 11200 11204 11206
f 11204 11205 11206
f 11098 11222 11092
f 11202 11203 11205
f 11207 11205 11203
f 11203 11092 11222
f 11098 11224 11222
f 11228 11224 11225
f 11099 11100 11225
f 11228 11227 11224
f 11205 11207 11206
f 11219 11220 11218
f 11219 11207 11223
f 11219 11223 11238
f 11240 11239 11238
f 11223 11227 11238
f 11227 11228 11229
f 11229 11244 11240
f 11768 11766 11760
f 11771 11769 11827
f 11768 11769 11766
f 11773 11769 11771
f 11104 11248 11101
f 11225 11226 11228
f 11230 11228 11226
f 11226 11101 11248
f 11104 11250 11248
f 11767 11250 11104
f 11253 11252 11250
f 11824 11829 11827
f 11827 11829 11830
f 11228 11230 11229
f 11245 11246 11244
f 11245 11230 11249
f 11245 11249 11263
f 11265 11264 11263
f 11249 11252 11263
f 11252 11253 11254
f 11254 11269 11265
f 11828 11771 11827
f 11778 11776 11770
f 11828 11838 11778
f 11782 11779 11841
f 11838 11839 11778
f 11785 11779 11782
f 11841 11779 11839
f 11115 11273 11105
f 11772 11105 11251
f 11255 11253 11251
f 11251 11105 11273
f 11115 11275 11273
f 11777 11275 11115
f 11278 11277 11275
f 11834 11845 11840
f 11838 11828 11833
f 11841 11839 11842
f 11842 11843 11841
f 11840 11845 11846
f 11842 11840 11846
f 11253 11255 11254
f 11270 11271 11269
f 11270 11255 11274
f 11270 11274 11288
f 11290 11289 11288
f 11274 11277 11288
f 11277 11278 11279
f 11279 11295 11290
f 11844 11782 11841
f 11792 11790 11781
f 11844 11854 11792
f 11793 11790 11792
f 11790 11793 11791
f 11131 11301 11117
f 11784 11117 11276
f 11280 11278 11276
f 11276 11117 11301
f 11299 11302 11301
f 11308 11132 11129
f 11855 11310 11793
f 11841 11843 11844
f 11850 11856 11854
f 11850 11843 11849
f 11849 11851 11850
f 11854 11856 11855
f 11860 11863 11857
f 11856 11859 11860
f 11278 11280 11279
f 11296 11297 11295
f 11296 11280 11302
f 11296 11291 11297
f 11302 11299 11300
f 11310 11855 11857
f 11794 11858 11868
f 11868 11869 11794
f 11147 11133 11322
f 11309 11132 11308
f 11310 11309 11308
f 11309 11794 11322
f 11149 11327 11328
f 11794 11327 11322
f 11330 11328 11327
f 11328 11152 11149
f 11864 11870 11868
f 11868 11858 11864
f 11863 11865 11864
f 11868 11870 11869
f 11876 11874 11871
f 11870 11875 11877
f 11857 11858 11310
f 11330 11869 11872
f 11799 11873 11884
f 11807 11802 11887
f 11885 11802 11800
f 11887 11802 11885
f 11329 11152 11328
f 11330 11329 11328
f 11329 11799 11331
f 11331 11332 11176
f 11176 11332 11798
f 11799 11332 11331
f 11332 11800 11798
f 11332 11799 11800
f 11881 11871 11874
f 11886 11884 11881
f 11871 11873 11872
f 11884 11886 11885
f 11887 11888 11889
f 11872 11873 11330
f 11807 11805 11803
f 11805 11807 11808
f 11806 11805 11808
f 11887 11889 11890
f 11213 11218 11216
f 11218 11220 11216
f 11217 11216 11220
f 11239 11237 11235
f 11237 11239 11240
f 11244 11246 11242
f 11243 11242 11246
f 11264 11262 11260
f 11262 11264 11265
f 11847 11845 11834
f 11852 11848 11904
f 11847 11848 11845
f 11845 11848 11846
f 11269 11271 11267
f 11268 11267 11271
f 11289 11287 11285
f 11287 11289 11290
f 11901 11905 11904
f 11904 11905 11906
f 11852 11851 11849
f 11851 11852 11853
f 11866 11862 11914
f 11861 11862 11859
f 11859 11862 11860
f 11297 11291 11294
f 11295 11297 11293
f 11294 11293 11297
f 11904 11906 11907
f 11911 11915 11914
f 11914 11915 11916
f 11866 11865 11863
f 11865 11866 11867
f 11876 11879 11880
f 11878 11879 11875
f 11875 11879 11877
f 11877 11879 11876
f 11878 11880 11879
f 11914 11916 11917
f 11928 11934 11927
f 11927 11934 11940
f 11943 11944 11942
f 11928 11927 11941
f 11942 11944 11941
f 11942 11927 11940
f 11927 11942 11941
f 11940 11943 11942
f 11993 12011 11997
f 11993 11997 11996
f 11996 11997 11999
f 11999 12004 11996
f 12000 11999 12001
f 12012 11388 11998
f 11998 11388 11381
f 12001 11998 11381
f 11388 11390 11381
f 12002 11925 12006
f 12002 11931 11925
f 11931 11935 11925
f 11937 11936 11934
f 11945 11936 11933
f 11932 11933 11931
f 11936 11937 11935
f 11932 12003 11382
f 11932 11382 11393
f 11393 11394 11932
f 11945 11933 11395
f 12001 12003 12000
f 12000 12003 12002
f 11390 11392 11391
f 11382 11391 11393
f 11391 11399 11393
f 11399 11400 11401
f 11399 11394 11393
f 11395 11394 11396
f 11401 11403 11396
f 11943 11949 11950
f 11949 11951 11950
f 11964 11954 11952
f 11951 11952 11950
f 11959 11954 11964
f 11954 11955 11953
f 11395 11949 11945
f 11951 11397 11406
f 11406 11407 11951
f 11964 11952 11408
f 11395 11396 11397
f 11403 11405 11404
f 11397 11404 11406
f 11404 11412 11406
f 11412 11413 11414
f 11412 11407 11406
f 11408 11407 11409
f 11414 11416 11409
f 11964 11965 11959
f 11960 11959 11961
f 11966 11968 11961
f 11965 11967 11966
f 11969 12019 11971
f 12017 11968 11966
f 11408 11965 11964
f 11967 11410 11419
f 11419 11420 11967
f 11967 11420 12018
f 12018 12020 12017
f 12019 12017 12020
f 12020 12021 12019
f 12021 12020 12022
f 12020 12018 12022
f 11408 11409 11410
f 11416 11418 11417
f 11410 11417 11419
f 11417 11423 11419
f 11423 11424 11425
f 11423 11420 11419
f 11425 11428 11421
f 11971 12019 12023
f 11973 12034 11975
f 12034 11973 12028
f 12033 12026 12032
f 12021 12026 12025
f 12032 12026 12027
f 12029 12033 12035
f 12035 12036 12034
f 12035 12033 12040
f 12027 12022 11421
f 11421 11428 12027
f 11429 11433 12032
f 12032 11433 12039
f 12037 11979 11976
f 11979 11980 11976
f 12037 12045 11979
f 11981 12050 11984
f 12046 11980 11979
f 12045 12046 11979
f 12048 12042 12047
f 12034 12036 12037
f 12042 12048 12045
f 12042 12036 12041
f 12050 12046 12051
f 12051 12052 12050
f 12052 12051 12053
f 12047 12049 12048
f 12043 11436 12047
f 11436 11443 12047
f 12049 11444 11437
f 12053 12049 11437
f 11444 11448 11437
f 12054 11988 11985
f 11988 11989 11985
f 12054 12057 11988
f 11990 12062 11992
f 12058 11989 11988
f 12057 12058 11988
f 12060 12055 12059
f 12050 12052 12054
f 12055 12060 12057
f 12059 12055 12056
f 12062 12058 12063
f 12063 12064 12062
f 12064 12063 12065
f 12059 12061 12060
f 12056 12053 11437
f 11437 11448 12056
f 11449 11456 12059
f 12061 11457 11451
f 12065 12061 11451
f 11457 11459 11451
f 11992 12062 12066
f 12071 12072 12070
f 12070 12072 12069
f 12064 12070 12069
f 12073 12065 11451
f 11459 12074 12073
f 11451 11459 12073
f 12091 12096 12088
f 12088 12096 12099
f 12089 11994 12092
f 12089 12013 11994
f 12015 12011 12013
f 12011 12015 12012
f 12014 12015 12013
f 12014 12090 11472
f 12014 11472 11487
f 11387 11495 11486
f 12012 12015 11495
f 11495 12015 12014
f 12088 12090 12089
f 12102 12101 12099
f 11472 12090 12101
f 11472 11482 11487
f 11482 11472 12101
f 11482 11502 11487
f 11502 11503 11504
f 11492 11502 11504
f 11400 11392 11517
f 11389 11392 11390
f 11494 11518 11517
f 11400 11398 11401
f 11518 11515 11517
f 11510 11512 11511
f 11511 11493 11510
f 11512 11506 11511
f 11515 11518 11516
f 11413 11405 11537
f 11402 11405 11403
f 11523 11538 11537
f 11413 11411 11414
f 11538 11535 11537
f 11531 11538 11523
f 11531 11536 11538
f 11535 11538 11536
f 11424 11418 11555
f 11415 11418 11416
f 11543 11556 11555
f 11424 11422 11425
f 11556 11553 11555
f 11549 11556 11543
f 11549 11554 11556
f 11553 11556 11554
f 12040 12039 12044
f 12044 12041 12040
f 11426 11429 11428
f 11426 11427 11429
f 11432 11433 11431
f 12044 12039 11579
f 11434 11579 11432
f 12043 12041 12044
f 12043 12044 11579
f 11434 11435 11436
f 11442 11443 11440
f 11443 11442 11444
f 11446 11449 11448
f 11446 11447 11449
f 11455 11456 11454
f 11456 11455 11457
f 12074 12078 12071
f 12071 12078 12079
f 12078 12080 12079
f 12082 12108 12086
f 12105 12081 12079
f 12074 11608 12078
f 12080 12078 11608
f 11458 11607 11608
f 11617 11618 12080
f 12080 11618 12106
f 12106 12109 12105
f 12108 12105 12109
f 12109 12110 12108
f 12113 12114 12107
f 11612 11617 11607
f 11622 11615 11623
f 11622 11618 11617
f 11618 11622 12107
f 12107 12106 11618
f 12086 12108 12111
f 12118 12119 12117
f 12117 12119 12116
f 12117 12110 12115
f 12110 12117 12116
f 12115 12118 12117
f 12096 12100 12099
f 12132 12097 12130
f 12130 12135 12132
f 12133 12137 12142
f 12134 12100 12132
f 12134 12103 12100
f 12146 12147 12104
f 11503 11483 11631
f 11625 11483 12102
f 12103 11625 12102
f 12103 12104 11625
f 11625 11631 11483
f 11625 12104 11631
f 11503 11501 11504
f 12147 11636 12104
f 12132 12133 12134
f 12143 12148 12146
f 12143 12133 12142
f 12142 12144 12143
f 12146 12148 12147
f 12147 12148 12149
f 12151 11640 12149
f 11630 11636 11635
f 11636 12147 12149
f 11638 11635 11640
f 11509 11506 11512
f 11508 11512 11510
f 11508 11509 11512
f 12114 12113 12121
f 12121 12115 12114
f 11623 11615 11621
f 11623 11732 12113
f 11730 11733 11732
f 11732 11733 11734
f 11739 11725 11740
f 11731 11725 11739
f 11739 11740 11741
f 11734 11733 11735
f 11741 11742 11735
f 12154 12156 12120
f 12119 12118 12120
f 12124 12155 12154
f 11734 12124 12121
f 11734 12155 12124
f 12159 12160 12158
f 12154 12157 12156
f 12158 12160 12157
f 12158 12155 12162
f 11742 12163 12162
f 11735 11742 12162
f 12137 12145 12142
f 12177 12138 12174
f 12174 12180 12177
f 12178 12181 12185
f 12145 12144 12142
f 12179 12145 12177
f 12152 12150 12144
f 12179 12189 12152
f 12153 12150 12152
f 12150 12153 12151
f 12151 11743 11640
f 12190 11745 12153
f 12177 12178 12179
f 12186 12191 12189
f 12186 12178 12185
f 12185 12187 12186
f 12189 12191 12190
f 12195 12197 12192
f 12191 12193 12195
f 11745 12190 12192
f 11656 11643 11749
f 11744 11642 11743
f 11745 11744 11743
f 11746 11744 11745
f 11748 11656 11749
f 11750 11748 11749
f 12198 12202 12201
f 12192 12197 12200
f 12201 12202 12203
f 12201 11747 12200
f 11746 11747 11750
f 11747 11746 12200
f 11756 11747 12201
f 11747 11756 11750
f 11754 11756 11757
f 11761 11763 11762
f 11758 11755 11762
f 11762 11755 11761
f 11763 11760 11762
f 11762 11760 11758
f 11740 11725 11738
f 11811 11815 11813
f 11816 11814 11813
f 11814 11742 11741
f 11813 11815 11816
f 12214 12216 12207
f 12211 12214 12206
f 12214 12207 12206
f 11817 11806 11818
f 11812 11806 11817
f 11815 11817 12206
f 12163 12168 12159
f 12208 12210 12161
f 12160 12159 12161
f 12168 12209 12208
f 12163 11742 11814
f 11816 12209 12168
f 12219 12220 12218
f 12208 12217 12210
f 12218 12220 12217
f 12216 12219 12218
f 12207 12209 11816
f 12181 12188 12185
f 12230 12182 12229
f 12229 12232 12230
f 12230 12232 12233
f 12188 12187 12185
f 12231 12188 12230
f 12194 12193 12187
f 12231 12239 12194
f 12199 12196 12242
f 12193 12196 12195
f 12239 12240 12194
f 12242 12196 12240
f 12241 12239 12237
f 12239 12231 12237
f 12239 12241 12240
f 12242 12244 12245
f 12199 12198 12197
f 12243 12199 12242
f 12204 12202 12198
f 12243 12253 12204
f 12205 12202 12204
f 12202 12205 12203
f 12203 11819 11757
f 11819 11761 11757
f 12254 11821 12205
f 12249 12257 12255
f 12253 12243 12248
f 12253 12255 12254
f 12258 12261 12256
f 12255 12257 12258
f 11821 12254 12256
f 11821 11820 11819
f 11822 11820 11821
f 11820 11825 11763
f 11824 11768 11825
f 11826 11824 11825
f 12262 12266 12265
f 12256 12261 12264
f 12265 12266 12267
f 12265 11823 12264
f 11822 11823 11826
f 11823 11822 12264
f 11831 11823 12265
f 11823 11831 11826
f 11829 11831 11832
f 11835 11837 11836
f 11833 11830 11836
f 11836 11830 11835
f 11837 11834 11836
f 11836 11834 11833
f 11876 11882 11874
f 12271 12277 12273
f 12272 12271 12273
f 12280 12282 12275
f 12280 12275 12274
f 11881 11874 11883
f 11883 11874 11882
f 11893 11883 12273
f 11893 12273 12274
f 11888 11886 11893
f 12275 11891 12274
f 11891 11889 11888
f 12212 12276 12288
f 12221 12215 12291
f 12289 12215 12213
f 12291 12215 12289
f 11892 12276 12212
f 11808 11890 11894
f 11894 11895 11818
f 11818 11895 12211
f 12212 11895 11894
f 11895 12213 12211
f 11895 12212 12213
f 12284 12285 12283
f 12288 12276 12283
f 12282 12284 12283
f 12288 12290 12289
f 12291 12292 12293
f 11890 11889 11892
f 11892 11889 11891
f 12221 12219 12216
f 12219 12221 12222
f 12220 12219 12222
f 12291 12293 12294
f 12259 12257 12249
f 12263 12260 12307
f 12259 12260 12257
f 12257 12260 12258
f 12305 12309 12307
f 12307 12309 12310
f 12263 12262 12261
f 12308 12263 12307
f 12268 12266 12262
f 12308 12315 12268
f 12269 12266 12268
f 12266 12269 12267
f 12267 11896 11832
f 11896 11835 11832
f 12317 11898 12269
f 12316 12315 12313
f 12315 12308 12313
f 12316 12320 12318
f 12318 12320 12321
f 12317 12318 12319
f 11898 12317 12319
f 11898 11897 11896
f 11899 11897 11898
f 11897 11902 11837
f 11901 11847 11902
f 11903 11901 11902
f 12325 12333 12330
f 12319 12324 12329
f 12334 12338 12332
f 12334 12332 12331
f 12330 11900 12329
f 11899 11900 11903
f 11900 11899 12329
f 11909 11900 12330
f 11900 11909 11903
f 11909 12330 12331
f 12332 11908 12331
f 11908 11906 11905
f 11861 11853 11912
f 11853 11907 11912
f 11907 11913 11912
f 11911 11861 11912
f 11913 11911 11912
f 12339 12348 12344
f 12332 12338 12343
f 12349 12353 12346
f 12349 12346 12345
f 12332 12343 11908
f 12344 11910 12343
f 11920 11910 12344
f 11910 11920 11913
f 11920 12344 12345
f 12346 11918 12345
f 11918 11916 11915
f 12270 12347 12359
f 12359 12360 12270
f 11878 11867 11921
f 11919 12347 12270
f 11867 11917 11921
f 11880 11922 11923
f 12270 11922 11921
f 11924 11923 11922
f 12354 12361 12359
f 12359 12347 12354
f 12353 12355 12354
f 12359 12361 12360
f 12367 12365 12362
f 12361 12366 12368
f 11917 11916 11919
f 11919 11916 11918
f 11924 12360 12363
f 12272 12278 12271
f 12271 12278 12279
f 12279 12277 12271
f 12286 12281 12379
f 12277 12281 12280
f 12376 12377 12279
f 12379 12281 12377
f 12272 11882 11923
f 11924 12364 12278
f 12372 12362 12365
f 12378 12376 12372
f 12362 12364 12363
f 12376 12378 12377
f 12379 12380 12381
f 12363 12364 11924
f 12286 12284 12282
f 12284 12286 12287
f 12285 12284 12287
f 12379 12381 12382
f 12326 12321 12327
f 12321 12326 12324
f 12326 12325 12324
f 12328 12326 12327
f 12325 12326 12328
f 12335 12336 12333
f 12333 12336 12334
f 12335 12337 12336
f 12340 12339 12338
f 12342 12340 12341
f 12339 12340 12342
f 12350 12351 12348
f 12348 12351 12349
f 12350 12352 12351
f 12356 12355 12353
f 12358 12356 12357
f 12355 12356 12358
f 12367 12370 12371
f 12369 12370 12366
f 12366 12370 12368
f 12368 12370 12367
f 12369 12371 12370
f 4572 4576 4575
f 12419 4578 12417
f 4575 4576 4577
f 4577 4573 4575
f 4554 4577 12421
f 12419 12420 4576
f 12417 11926 12419
f 11926 11938 12419
f 12420 11939 11929
f 12421 12420 11929
f 5455 5453 5450
f 5455 5454 5453
f 5454 5452 5453
f 5383 5384 5380
f 5456 5452 5454
f 12415 12422 11930
f 12415 11930 11946
f 11946 11947 12415
f 12415 11947 12423
f 12421 12422 4554
f 4554 12422 5455
f 12423 4552 5456
f 5384 5456 4552
f 4552 4550 5384
f 4550 4552 12424
f 4552 12423 12424
f 11929 11928 11930
f 11956 11944 11957
f 11956 11957 11958
f 11956 11947 11946
f 11958 11962 11948
f 5380 5384 5378
f 4546 4551 12426
f 4550 4551 4549
f 12426 4551 12425
f 4545 4546 4547
f 4547 4544 4545
f 4547 4546 4548
f 12425 12424 11948
f 11948 11962 12425
f 11963 11970 12426
f 12426 11970 12427
f 4535 4542 12430
f 4539 4540 4538
f 4542 4540 4541
f 4540 4542 4538
f 4534 4535 4536
f 4536 4533 4534
f 4536 4535 4537
f 12428 11972 12430
f 11972 11974 12430
f 12430 11974 12431
f 4290 4332 12434
f 4329 4330 4328
f 4332 4330 4331
f 4330 4332 4328
f 4289 4290 4291
f 4291 4288 4289
f 4218 4291 12436
f 12434 12435 4290
f 12432 11977 12434
f 11977 11982 12434
f 12435 11983 11978
f 12436 12435 11978
f 11983 11986 11978
f 4181 4219 12438
f 4217 4218 4216
f 4218 4219 4216
f 12438 4219 12437
f 4180 4181 4182
f 4182 4179 4180
f 4182 4181 4183
f 12437 12436 11978
f 11978 11986 12437
f 11987 11991 12438
f 12438 11991 12439
f 4105 4067 4104
f 4101 4102 4100
f 4104 4067 4100
f 4104 4102 4103
f 4102 4104 4100
f 4103 4105 4104
f 12416 4594 4593
f 12418 4594 12416
f 4593 12444 12416
f 4579 4594 12418
f 12418 12416 12008
f 12444 12008 12416
f 3334 3336 3335
f 12445 3338 12443
f 4560 3335 4593
f 12445 12446 3336
f 12444 3336 12446
f 12443 11995 12445
f 12016 11993 11996
f 12445 12016 12446
f 12004 12016 11996
f 12005 12009 12004
f 4558 4579 4557
f 4579 4578 4557
f 4578 4572 4557
f 12007 11926 12417
f 12010 12007 12008
f 12007 12010 12006
f 11937 11938 11935
f 11938 11937 11939
f 11939 11937 11934
f 12008 12009 12010
f 12010 12005 12006
f 12009 12005 12010
f 11957 11944 11953
f 11955 11957 11953
f 11957 11955 11958
f 4548 12427 12429
f 12429 4541 4548
f 11960 11963 11962
f 11960 11961 11963
f 11969 11970 11968
f 12429 12427 12024
f 11971 12024 11969
f 12428 4541 12429
f 4537 12431 12433
f 12433 4331 4537
f 11974 11972 12030
f 12428 12429 12024
f 12023 12031 12030
f 12031 12028 12030
f 12433 12431 12038
f 11975 12038 11973
f 12025 12031 12023
f 12025 12029 12031
f 12028 12031 12029
f 12432 4331 12433
f 12432 12433 12038
f 11975 11976 11977
f 11981 11982 11980
f 11982 11981 11983
f 4183 12439 12440
f 12440 4103 4183
f 11984 11987 11986
f 11984 11985 11987
f 11990 11991 11989
f 12440 12439 12067
f 11992 12067 11990
f 4105 12441 4022
f 12441 12442 4022
f 3794 3795 3792
f 4023 4021 4022
f 11992 12068 12067
f 12442 12441 12068
f 11992 12066 12068
f 12075 12076 12442
f 12442 12076 12448
f 12448 3074 4023
f 3795 4023 3074
f 3074 3064 3795
f 3064 3074 12449
f 3074 12448 12449
f 12069 12075 12066
f 12083 12072 12084
f 12083 12084 12085
f 12083 12076 12075
f 12085 12087 12077
f 3792 3795 3790
f 3066 3061 3065
f 3065 3061 3063
f 3064 3065 3063
f 12450 12449 12077
f 12087 12451 12450
f 12077 12087 12450
f 3282 3283 3277
f 3283 3282 3280
f 2390 2395 2393
f 2390 2393 2392
f 2392 2393 2394
f 2394 2373 3283
f 2373 2394 12455
f 12457 12098 12454
f 12454 12098 12094
f 12455 12454 12094
f 3338 12447 12443
f 3338 3334 3228
f 3229 12456 12447
f 11994 11993 11995
f 12093 11995 12443
f 12447 12093 12443
f 12093 12095 12092
f 3283 2373 3229
f 12455 12456 2373
f 2373 12456 3229
f 12095 12091 12092
f 12094 12091 12095
f 12084 12072 12081
f 12082 12084 12081
f 12084 12082 12085
f 12451 12452 3066
f 3066 12452 3057
f 12452 12453 3057
f 3058 3056 3057
f 2847 3056 3058
f 12451 12112 12452
f 12453 12452 12112
f 12086 12111 12112
f 12122 12123 12453
f 12453 12123 12460
f 12460 1721 3058
f 1711 1720 1721
f 1711 1721 1722
f 12462 1722 12461
f 12116 12122 12111
f 12125 12119 12126
f 12125 12123 12122
f 12123 12125 12461
f 12461 12460 12123
f 1039 1038 1040
f 1040 1038 1041
f 2380 2378 2377
f 2380 2379 2378
f 12459 2395 2379
f 2395 12459 12457
f 12458 12459 2379
f 12458 12464 12127
f 12458 12127 12131
f 12097 12136 12130
f 12457 12459 12136
f 12098 12097 12096
f 12136 12459 12458
f 1040 12464 2380
f 12466 12465 1041
f 12127 12464 12465
f 12127 12128 12131
f 12128 12127 12465
f 12128 12139 12131
f 12139 12140 12141
f 12135 12139 12141
f 12137 12135 12141
f 1719 1723 12463
f 12463 12468 1719
f 1722 1723 1711
f 1704 1723 1719
f 12120 12156 12164
f 12156 12165 12164
f 12164 12166 12126
f 12126 12166 12462
f 12166 12463 12462
f 12468 1020 1719
f 1704 1719 1020
f 1013 1020 1021
f 12470 1021 12469
f 12157 12165 12156
f 12169 12160 12170
f 12169 12167 12165
f 12167 12169 12469
f 12469 12468 12167
f 1703 1704 1701
f 1704 1014 1701
f 1042 1038 1028
f 1038 1042 1041
f 1025 12467 1042
f 1025 12472 12467
f 12140 12129 12175
f 12171 12129 12466
f 12467 12171 12466
f 12171 12175 12129
f 12140 12138 12141
f 12176 12174 12175
f 12141 12138 12137
f 990 1025 1024
f 987 991 990
f 12473 12472 991
f 991 12474 12473
f 12474 988 12475
f 12172 12472 12473
f 12474 12173 12473
f 12172 12173 12176
f 12173 12172 12473
f 12183 12173 12474
f 12173 12183 12176
f 12180 12183 12184
f 12181 12180 12184
f 1019 1022 12471
f 12471 12477 1019
f 1021 1022 1013
f 1006 1022 1019
f 12161 12210 12223
f 12210 12224 12223
f 12223 12225 12170
f 12170 12225 12470
f 12225 12471 12470
f 12477 952 1019
f 1006 1019 952
f 944 952 953
f 12479 953 12478
f 12217 12224 12210
f 12227 12220 12228
f 12227 12226 12224
f 12226 12227 12478
f 12478 12477 12226
f 1005 1006 1003
f 1006 945 1003
f 977 988 987
f 988 12476 12475
f 978 12482 12476
f 972 978 977
f 12182 12234 12229
f 12234 12235 12229
f 12475 12476 12234
f 12184 12182 12181
f 794 12482 978
f 794 793 768
f 12482 794 12483
f 12229 12235 12232
f 12232 12235 12236
f 12236 12233 12232
f 770 767 12485
f 12483 769 12484
f 12485 767 12486
f 12483 12484 12236
f 12485 12238 12484
f 12237 12233 12238
f 12246 12238 12485
f 12244 12241 12246
f 12244 12246 12247
f 12250 12252 12251
f 12248 12245 12251
f 12251 12245 12250
f 12252 12249 12251
f 12251 12249 12248
f 12296 12285 12297
f 12290 12285 12296
f 12296 12297 12298
f 12292 12290 12296
f 12292 12296 12298
f 12480 12489 950
f 951 954 12481
f 953 954 944
f 936 954 951
f 12295 12489 12480
f 12222 12294 12300
f 12300 12301 12228
f 12228 12301 12479
f 12480 12301 12300
f 12301 12481 12479
f 12301 12480 12481
f 643 638 950
f 643 12489 12490
f 950 12489 643
f 936 951 639
f 607 639 641
f 638 640 641
f 639 638 641
f 12490 12489 12295
f 12299 12491 12490
f 12294 12293 12295
f 935 936 933
f 936 608 933
f 771 768 758
f 768 771 769
f 771 770 769
f 754 767 770
f 755 756 754
f 12487 767 754
f 767 12487 12486
f 12486 12302 12247
f 12302 12250 12247
f 12493 12304 12487
f 390 755 753
f 387 756 390
f 756 755 390
f 387 385 388
f 12494 388 379
f 12493 388 12494
f 12304 12493 12494
f 12488 12495 750
f 750 12496 12488
f 12304 12303 12302
f 12303 12306 12252
f 12303 12488 12306
f 12305 12259 12306
f 12496 12311 12488
f 370 372 371
f 377 379 378
f 379 12495 12494
f 750 371 12496
f 373 352 12497
f 371 372 373
f 12494 12495 12304
f 12305 12311 12309
f 12309 12311 12312
f 12312 12310 12309
f 353 350 12499
f 12497 352 12498
f 12499 350 12500
f 12497 12498 12312
f 12499 12314 12498
f 12313 12310 12314
f 12322 12314 12499
f 12320 12316 12322
f 12320 12322 12323
f 12321 12320 12323
f 12367 12373 12365
f 12373 12375 12374
f 12372 12365 12374
f 12374 12365 12373
f 12383 12384 12385
f 12380 12378 12383
f 12380 12383 12385
f 12287 12382 12388
f 12382 12389 12388
f 12388 12390 12297
f 12393 12391 12390
f 12391 12299 12298
f 12390 12392 12393
f 239 236 12510
f 12508 239 12510
f 225 228 229
f 237 12512 12511
f 12387 12381 12386
f 12394 12387 12510
f 12387 12394 12389
f 12394 12510 12511
f 12394 12392 12389
f 12392 12394 12511
f 12491 12492 644
f 644 12492 628
f 628 640 644
f 607 642 575
f 640 642 641
f 629 630 628
f 641 642 607
f 12491 12299 12391
f 12393 12513 12492
f 227 229 228
f 223 629 227
f 229 12513 12512
f 629 223 630
f 223 573 630
f 12512 12513 12393
f 358 372 370
f 358 374 372
f 372 374 373
f 358 348 374
f 354 353 352
f 342 354 345
f 353 354 342
f 337 351 332
f 341 351 350
f 12501 351 337
f 12500 12395 12323
f 12500 12501 12395
f 331 149 332
f 332 149 139
f 337 12502 12501
f 325 337 332
f 325 12502 337
f 326 12514 12503
f 12335 12328 12397
f 12396 12327 12395
f 12502 12503 12396
f 12396 12503 12397
f 12337 12398 12399
f 12503 12398 12397
f 12401 12399 12398
f 12399 12341 12337
f 134 326 138
f 326 325 138
f 134 132 135
f 12515 135 115
f 12514 135 12515
f 12401 12514 12515
f 12504 12516 269
f 269 12517 12504
f 12350 12342 12402
f 12400 12341 12399
f 12401 12400 12399
f 12400 12504 12402
f 12352 12403 12404
f 12504 12403 12402
f 12406 12404 12403
f 12404 12357 12352
f 113 115 114
f 109 269 113
f 115 12516 12515
f 109 107 110
f 12518 110 91
f 12517 110 12518
f 12515 12516 12401
f 12406 12517 12518
f 12505 12519 244
f 244 12520 12505
f 12369 12358 12407
f 12405 12357 12404
f 12406 12405 12404
f 12405 12505 12407
f 12371 12408 12409
f 12505 12408 12407
f 12411 12409 12408
f 89 91 90
f 85 244 89
f 91 12519 12518
f 85 83 86
f 12521 86 70
f 12520 86 12521
f 12518 12519 12406
f 12411 12520 12521
f 12506 12522 241
f 240 243 235
f 242 243 12507
f 12507 243 12509
f 12509 243 240
f 235 243 242
f 12384 12375 12412
f 12411 12410 12409
f 12410 12412 12375
f 12410 12506 12412
f 12412 12413 12384
f 12506 12413 12412
f 12414 12386 12385
f 12413 12506 12507
f 68 70 69
f 65 241 68
f 70 12522 12521
f 241 65 242
f 235 63 50
f 12521 12522 12411
f 239 240 234
f 225 238 215
f 233 238 236
f 236 238 237
f 237 238 225
f 233 215 238
f 12508 12386 12414
f 12508 12414 12509
f 235 50 231
f 45 38 44
f 45 39 38
f 34 43 33
f 34 45 43
f 3 53 52
f 3 4 53
f 33 32 36
f 33 31 32
f 31 61 32
f 31 51 61
f 54 56 52
f 54 57 56
f 66 57 62
f 66 58 57
f 42 35 41
f 42 37 35
f 36 53 35
f 36 54 53
f 34 42 40
f 34 37 42
f 3 8 5
f 3 7 8
f 7 73 9
f 7 60 73
f 10 73 72
f 10 11 73
f 60 59 74
f 60 56 59
f 58 81 59
f 58 71 81
f 74 76 72
f 74 77 76
f 87 77 82
f 87 78 77
f 10 14 12
f 10 13 14
f 13 93 15
f 13 80 93
f 99 16 98
f 99 17 16
f 80 79 94
f 80 76 79
f 78 105 79
f 78 92 105
f 97 100 96
f 97 101 100
f 111 96 106
f 111 97 96
f 94 98 93
f 94 100 98
f 99 19 18
f 99 103 19
f 101 129 104
f 101 116 129
f 129 103 104
f 129 125 103
f 130 120 125
f 130 122 120
f 120 126 124
f 120 122 126
f 122 128 121
f 122 130 128
f 121 146 123
f 121 140 146
f 122 127 126
f 122 123 127
f 147 143 146
f 147 144 143
f 28 210 209
f 28 29 210
f 211 218 212
f 211 216 218
f 202 199 201
f 202 200 199
f 219 199 200
f 219 217 199
f 210 216 209
f 210 217 216
f 24 213 25
f 24 211 213
f 49 231 50
f 49 230 231
f 48 46 49
f 48 43 46
f 23 46 44
f 23 25 46
f 23 28 24
f 23 27 28
f 225 212 224
f 225 215 212
f 214 230 213
f 214 232 230
f 215 232 214
f 215 233 232
f 50 51 48
f 50 63 51
f 65 67 64
f 65 68 67
f 62 64 67
f 62 61 64
f 69 71 66
f 69 83 71
f 85 88 84
f 85 89 88
f 82 84 88
f 82 81 84
f 90 92 87
f 90 107 92
f 109 112 108
f 109 113 112
f 106 108 112
f 106 105 108
f 114 117 111
f 114 132 117
f 133 116 117
f 133 131 116
f 134 137 133
f 134 138 137
f 136 131 137
f 136 128 131
f 139 141 136
f 139 149 141
f 149 338 150
f 149 331 338
f 150 140 141
f 150 148 140
f 343 153 339
f 343 154 153
f 148 152 147
f 148 153 152
f 338 344 339
f 338 340 344
f 342 344 340
f 342 345 344
f 155 154 156
f 155 152 154
f 156 355 158
f 156 349 355
f 349 347 356
f 349 343 347
f 348 357 347
f 348 358 357
f 360 362 359
f 360 363 362
f 375 359 369
f 375 360 359
f 369 358 370
f 369 357 358
f 356 361 355
f 356 362 361
f 361 367 366
f 361 364 367
f 363 383 365
f 363 380 383
f 364 368 367
f 364 365 368
f 550 546 548
f 550 547 546
f 565 558 578
f 565 557 558
f 556 546 547
f 556 549 546
f 562 557 565
f 562 556 557
f 566 562 567
f 566 561 562
f 580 568 567
f 580 582 568
f 461 569 462
f 461 566 569
f 474 591 475
f 474 589 591
f 576 208 586
f 576 207 208
f 590 584 597
f 590 583 584
f 568 588 569
f 568 583 588
f 592 588 590
f 592 589 588
f 592 593 591
f 592 599 593
f 570 595 571
f 570 577 595
f 576 596 577
f 576 587 596
f 204 572 205
f 204 570 572
f 573 222 572
f 573 223 222
f 223 226 222
f 223 227 226
f 224 221 226
f 224 218 221
f 203 221 219
f 203 205 221
f 203 207 204
f 203 206 207
f 607 571 606
f 607 575 571
f 559 551 684
f 559 550 551
f 558 685 579
f 558 559 685
f 578 699 581
f 578 579 699
f 585 580 581
f 585 582 580
f 692 684 687
f 692 685 684
f 698 693 700
f 698 692 693
f 702 698 700
f 702 699 698
f 706 703 702
f 706 709 703
f 584 704 598
f 584 585 704
f 718 599 601
f 718 602 599
f 597 716 601
f 597 598 716
f 710 717 715
f 710 712 717
f 703 715 704
f 703 710 715
f 718 717 719
f 718 716 717
f 378 381 375
f 378 385 381
f 386 380 381
f 386 384 380
f 387 389 386
f 387 390 389
f 751 390 753
f 751 389 390
f 760 393 752
f 760 394 393
f 761 394 760
f 761 395 394
f 384 392 383
f 384 393 392
f 751 762 752
f 751 757 762
f 759 762 757
f 759 763 762
f 773 758 768
f 773 759 758
f 761 779 766
f 761 765 779
f 763 787 765
f 763 772 787
f 713 706 708
f 713 709 706
f 828 708 707
f 828 831 708
f 831 714 713
f 831 834 714
f 606 931 608
f 606 609 931
f 626 595 596
f 626 609 595
f 626 937 932
f 626 627 937
f 938 931 932
f 938 934 931
f 935 941 943
f 935 934 941
f 937 942 938
f 937 940 942
f 793 774 773
f 793 971 774
f 772 803 787
f 772 774 803
f 974 802 803
f 974 819 802
f 972 975 971
f 972 976 975
f 985 977 987
f 985 976 977
f 975 980 974
f 975 981 980
f 980 984 983
f 980 982 984
f 986 982 981
f 986 992 982
f 943 1000 945
f 943 946 1000
f 949 941 942
f 949 946 941
f 949 948 1002
f 949 947 948
f 1007 1000 1001
f 1007 1004 1000
f 1005 1010 1012
f 1005 1004 1010
f 1002 1007 1001
f 1002 1008 1007
f 1016 1008 1009
f 1016 1011 1008
f 1023 990 1024
f 1023 989 990
f 989 986 985
f 989 993 986
f 1026 993 1023
f 1026 994 993
f 1073 1069 1082
f 1073 1068 1069
f 1071 1068 1073
f 1071 1067 1068
f 1074 1077 1076
f 1074 1075 1077
f 1087 1075 1074
f 1087 1088 1075
f 1095 1091 1104
f 1095 1090 1091
f 1093 1090 1095
f 1093 1089 1090
f 1096 1099 1098
f 1096 1097 1099
f 1109 1097 1096
f 1109 1110 1097
f 1036 1026 1027
f 1036 1029 1026
f 1036 1028 1037
f 1036 1027 1028
f 1161 1155 1167
f 1161 1154 1155
f 1158 1154 1161
f 1158 1153 1154
f 1162 1158 1163
f 1162 1157 1158
f 1171 1164 1163
f 1171 1172 1164
f 1048 1165 1049
f 1048 1162 1165
f 1058 1165 1166
f 1058 1057 1165
f 1061 1059 1062
f 1061 1057 1059
f 1070 1060 1062
f 1070 1066 1060
f 165 1058 164
f 165 1059 1058
f 1164 1173 1166
f 1164 1172 1173
f 161 1174 162
f 161 1173 1174
f 162 169 161
f 162 170 169
f 171 164 169
f 171 166 164
f 1069 1070 1083
f 1069 1066 1070
f 1087 1086 1092
f 1087 1082 1086
f 167 1083 165
f 167 1085 1083
f 178 1085 177
f 178 1086 1085
f 174 166 173
f 174 167 166
f 175 182 174
f 175 183 182
f 184 177 182
f 184 179 177
f 1091 1092 1105
f 1091 1088 1092
f 1109 1108 1115
f 1109 1104 1108
f 180 1105 178
f 180 1107 1105
f 191 1107 190
f 191 1108 1107
f 187 179 186
f 187 180 179
f 188 193 187
f 188 194 193
f 195 190 193
f 195 192 190
f 1113 1115 1120
f 1113 1110 1115
f 1114 1121 1122
f 1114 1113 1121
f 1179 1120 1176
f 1179 1121 1120
f 1122 1183 1123
f 1122 1180 1183
f 1184 1179 1182
f 1184 1180 1179
f 1188 1185 1184
f 1188 1189 1185
f 1181 1188 1182
f 1181 1187 1188
f 191 1178 1176
f 191 192 1178
f 1181 196 197
f 1181 1178 196
f 1127 1186 1128
f 1127 1183 1186
f 1132 1196 1133
f 1132 1194 1196
f 1195 1191 1202
f 1195 1190 1191
f 1185 1193 1186
f 1185 1190 1193
f 1197 1193 1195
f 1197 1194 1193
f 1197 1198 1196
f 1197 1207 1198
f 995 994 996
f 995 992 994
f 996 1034 997
f 996 1031 1034
f 1156 1149 1242
f 1156 1148 1149
f 1242 1238 1243
f 1242 1237 1238
f 1250 1244 1243
f 1250 1251 1244
f 1155 1245 1168
f 1155 1156 1245
f 1169 1245 1246
f 1169 1168 1245
f 1171 1170 1175
f 1171 1167 1170
f 251 1169 250
f 251 1170 1169
f 1244 1252 1246
f 1244 1251 1252
f 246 1253 247
f 246 1252 1253
f 247 255 246
f 247 256 255
f 257 250 255
f 257 252 250
f 1174 251 249
f 1174 1175 251
f 264 249 253
f 264 263 249
f 262 170 263
f 262 168 170
f 171 172 173
f 171 168 172
f 260 252 259
f 260 253 252
f 261 271 260
f 261 272 271
f 266 264 271
f 266 262 264
f 267 273 275
f 267 266 273
f 279 172 268
f 279 175 172
f 278 183 279
f 278 181 183
f 184 185 186
f 184 181 185
f 276 268 267
f 276 280 268
f 277 286 276
f 277 287 286
f 282 280 286
f 282 278 280
f 283 288 290
f 283 282 288
f 293 185 284
f 293 188 185
f 296 194 295
f 296 195 194
f 295 294 298
f 295 293 294
f 291 284 283
f 291 294 284
f 292 303 291
f 292 304 303
f 305 298 303
f 305 300 298
f 196 297 197
f 196 296 297
f 311 297 301
f 311 310 297
f 312 311 313
f 312 310 311
f 314 1187 312
f 314 1192 1187
f 308 300 307
f 308 301 300
f 309 318 308
f 309 319 318
f 320 313 318
f 320 315 313
f 1191 1192 1203
f 1191 1189 1192
f 1208 1206 1215
f 1208 1202 1206
f 1215 1207 1208
f 1215 1209 1207
f 316 1203 314
f 316 1205 1203
f 329 1205 328
f 329 1206 1205
f 323 315 322
f 323 316 315
f 324 333 323
f 324 334 333
f 335 328 333
f 335 330 328
f 1219 1209 1218
f 1219 1211 1209
f 1260 1218 1255
f 1260 1219 1218
f 1220 1263 1221
f 1220 1261 1263
f 1262 1257 1269
f 1262 1256 1257
f 1256 1259 1257
f 1256 1258 1259
f 1264 1260 1262
f 1264 1261 1260
f 1264 1265 1263
f 1264 1274 1265
f 329 1258 1255
f 329 330 1258
f 1031 1035 1034
f 1031 1033 1035
f 1029 1138 1033
f 1029 1136 1138
f 1294 1288 1291
f 1294 1289 1288
f 1232 1290 1233
f 1232 1288 1290
f 1231 1248 1247
f 1231 1233 1248
f 1250 1249 1254
f 1250 1247 1249
f 1249 1301 1302
f 1249 1248 1301
f 1303 1299 1305
f 1303 1298 1299
f 1289 1301 1290
f 1289 1298 1301
f 1306 1303 1305
f 1306 1304 1303
f 1304 397 1302
f 1304 398 397
f 1253 397 396
f 1253 1254 397
f 406 396 399
f 406 405 396
f 404 256 405
f 404 254 256
f 257 258 259
f 257 254 258
f 402 398 401
f 402 399 398
f 403 412 402
f 403 413 412
f 408 406 412
f 408 404 406
f 409 414 416
f 409 408 414
f 421 258 410
f 421 261 258
f 420 272 421
f 420 270 272
f 273 274 275
f 273 270 274
f 417 410 409
f 417 422 410
f 418 428 417
f 418 429 428
f 424 422 428
f 424 420 422
f 425 430 432
f 425 424 430
f 436 274 426
f 436 277 274
f 435 287 436
f 435 285 287
f 288 289 290
f 288 285 289
f 433 426 425
f 433 437 426
f 434 443 433
f 434 444 443
f 439 437 443
f 439 435 437
f 440 445 447
f 440 439 445
f 451 289 441
f 451 292 289
f 450 304 451
f 450 302 304
f 305 306 307
f 305 302 306
f 448 441 440
f 448 452 441
f 449 458 448
f 449 459 458
f 454 452 458
f 454 450 452
f 455 460 463
f 455 454 460
f 467 306 456
f 467 309 306
f 466 319 467
f 466 317 319
f 320 321 322
f 320 317 321
f 464 456 455
f 464 468 456
f 465 476 464
f 465 477 476
f 470 468 476
f 470 466 468
f 471 478 480
f 471 470 478
f 483 321 472
f 483 324 321
f 486 334 485
f 486 335 334
f 485 484 487
f 485 483 484
f 481 472 471
f 481 484 472
f 482 492 481
f 482 493 492
f 494 487 492
f 494 489 487
f 1275 1273 1281
f 1275 1269 1273
f 1281 1274 1275
f 1281 1276 1274
f 488 1259 486
f 488 1270 1259
f 490 1270 488
f 490 1272 1270
f 501 1272 500
f 501 1273 1272
f 497 489 496
f 497 490 489
f 498 502 497
f 498 503 502
f 1314 502 503
f 1314 1309 502
f 1310 500 1309
f 1310 501 500
f 1311 1277 1276
f 1311 1313 1277
f 1310 1318 1312
f 1310 1316 1318
f 1318 1311 1312
f 1318 1317 1311
f 1300 1295 1333
f 1300 1294 1295
f 1339 1333 1336
f 1339 1334 1333
f 1299 1335 1307
f 1299 1300 1335
f 1308 1346 1347
f 1308 1307 1346
f 506 1306 1308
f 506 504 1306
f 1348 1344 1350
f 1348 1343 1344
f 1334 1346 1335
f 1334 1343 1346
f 1351 1348 1350
f 1351 1349 1348
f 1349 506 1347
f 1349 507 506
f 401 505 403
f 401 504 505
f 515 505 508
f 515 514 505
f 513 413 514
f 513 411 413
f 414 415 416
f 414 411 415
f 511 507 510
f 511 508 507
f 512 521 511
f 512 522 521
f 517 515 521
f 517 513 515
f 518 523 525
f 518 517 523
f 529 415 519
f 529 418 415
f 528 429 529
f 528 427 429
f 430 431 432
f 430 427 431
f 526 519 518
f 526 530 519
f 527 536 526
f 527 537 536
f 532 530 536
f 532 528 530
f 533 538 540
f 533 532 538
f 544 431 534
f 544 434 431
f 543 444 544
f 543 442 444
f 445 446 447
f 445 442 446
f 541 534 533
f 541 545 534
f 542 552 541
f 542 553 552
f 548 545 552
f 548 543 545
f 563 446 549
f 563 449 446
f 561 459 563
f 561 457 459
f 460 461 463
f 460 457 461
f 462 477 465
f 462 474 477
f 478 479 480
f 478 475 479
f 612 479 594
f 612 482 479
f 611 493 612
f 611 491 493
f 494 495 496
f 494 491 495
f 604 594 593
f 604 613 594
f 605 619 604
f 605 620 619
f 615 613 619
f 615 611 613
f 616 621 623
f 616 615 621
f 631 495 617
f 631 498 495
f 633 632 634
f 633 631 632
f 635 1314 633
f 635 1321 1314
f 624 617 616
f 624 632 617
f 625 636 624
f 625 637 636
f 1357 636 637
f 1357 1354 636
f 1355 634 1354
f 1355 635 634
f 1319 1321 1327
f 1319 1316 1321
f 1320 1328 1329
f 1320 1319 1328
f 1365 1327 1356
f 1365 1328 1327
f 1360 1368 1365
f 1360 1362 1368
f 1355 1360 1356
f 1355 1359 1360
f 1345 1340 1383
f 1345 1339 1340
f 1388 1383 1386
f 1388 1384 1383
f 1344 1385 1352
f 1344 1345 1385
f 1353 1397 1398
f 1353 1352 1397
f 647 1351 1353
f 647 645 1351
f 1399 1395 1401
f 1399 1394 1395
f 1384 1397 1385
f 1384 1394 1397
f 1404 1398 1399
f 1404 1400 1398
f 510 646 512
f 510 645 646
f 653 646 648
f 653 652 646
f 651 522 652
f 651 520 522
f 523 524 525
f 523 520 524
f 647 1406 648
f 647 1400 1406
f 649 1407 650
f 649 1406 1407
f 650 659 649
f 650 660 659
f 655 653 659
f 655 651 653
f 656 661 663
f 656 655 661
f 667 524 657
f 667 527 524
f 666 537 667
f 666 535 537
f 538 539 540
f 538 535 539
f 664 657 656
f 664 668 657
f 665 674 664
f 665 675 674
f 670 668 674
f 670 666 668
f 671 676 678
f 671 670 676
f 682 539 672
f 682 542 539
f 681 553 682
f 681 551 553
f 679 672 671
f 679 683 672
f 680 689 679
f 680 690 689
f 686 683 689
f 686 681 683
f 687 691 695
f 687 686 691
f 720 725 727
f 720 719 725
f 731 602 721
f 731 605 602
f 730 620 731
f 730 618 620
f 621 622 623
f 621 618 622
f 728 721 720
f 728 732 721
f 729 737 728
f 729 738 737
f 734 732 737
f 734 730 732
f 735 739 740
f 735 734 739
f 743 622 736
f 743 625 622
f 745 744 746
f 745 743 744
f 747 1357 745
f 747 1364 1357
f 741 736 735
f 741 744 736
f 742 748 741
f 742 749 748
f 1414 748 749
f 1414 1409 748
f 1410 746 1409
f 1410 747 746
f 1361 1364 1373
f 1361 1359 1364
f 1411 1361 1373
f 1411 1363 1361
f 1410 1421 1412
f 1410 1419 1421
f 1421 1411 1412
f 1421 1420 1411
f 1396 1389 1437
f 1396 1388 1389
f 1395 1438 1402
f 1395 1396 1438
f 1404 1403 1408
f 1404 1401 1403
f 1403 1448 1449
f 1403 1402 1448
f 1443 1437 1440
f 1443 1438 1437
f 1448 1444 1450
f 1448 1443 1444
f 1453 1449 1450
f 1453 1451 1449
f 1407 776 775
f 1407 1408 776
f 782 775 777
f 782 781 775
f 780 660 781
f 780 658 660
f 661 662 663
f 661 658 662
f 1460 1456 1457
f 1460 1459 1456
f 776 1459 777
f 776 1451 1459
f 788 1462 789
f 788 1460 1462
f 784 782 788
f 784 780 782
f 785 789 790
f 785 784 789
f 796 662 786
f 796 665 662
f 795 675 796
f 795 673 675
f 676 677 678
f 676 673 677
f 791 786 785
f 791 797 786
f 792 805 791
f 792 806 805
f 799 797 805
f 799 795 797
f 800 807 809
f 800 799 807
f 813 677 801
f 813 680 677
f 812 690 813
f 812 688 690
f 691 694 695
f 691 688 694
f 810 801 800
f 810 814 801
f 811 821 810
f 811 822 821
f 816 814 821
f 816 812 814
f 817 823 825
f 817 816 823
f 697 707 693
f 697 829 707
f 829 694 818
f 829 697 694
f 826 818 817
f 826 830 818
f 827 836 826
f 827 837 836
f 832 830 836
f 832 828 830
f 833 838 840
f 833 832 838
f 714 724 712
f 714 844 724
f 843 724 844
f 843 722 724
f 725 726 727
f 725 722 726
f 841 834 833
f 841 845 834
f 842 851 841
f 842 852 851
f 847 845 851
f 847 843 845
f 848 853 855
f 848 847 853
f 858 726 849
f 858 729 726
f 861 738 860
f 861 739 738
f 860 859 863
f 860 858 859
f 856 849 848
f 856 859 849
f 857 866 856
f 857 867 866
f 868 863 866
f 868 865 863
f 1417 1416 1418
f 1417 1414 1416
f 1416 1471 1472
f 1416 1415 1471
f 1424 1417 1418
f 1424 1419 1417
f 740 862 742
f 740 861 862
f 1415 864 1465
f 1415 862 864
f 1473 1468 1478
f 1473 1467 1468
f 1467 1470 1468
f 1467 1469 1470
f 1475 1471 1473
f 1475 1472 1471
f 1475 1476 1474
f 1475 1481 1476
f 864 1469 1465
f 864 865 1469
f 1474 1425 1424
f 1474 1477 1425
f 1458 1453 1455
f 1458 1456 1453
f 1498 1455 1454
f 1498 1501 1455
f 1505 1501 1504
f 1505 1502 1501
f 1457 1503 1463
f 1457 1458 1503
f 1464 1514 1515
f 1464 1463 1514
f 874 1462 1464
f 874 872 1462
f 1516 1512 1518
f 1516 1511 1512
f 1502 1514 1503
f 1502 1511 1514
f 1520 1515 1516
f 1520 1517 1515
f 790 873 792
f 790 872 873
f 879 873 875
f 879 878 873
f 877 806 878
f 877 804 806
f 807 808 809
f 807 804 808
f 1526 1522 1523
f 1526 1525 1522
f 874 1525 875
f 874 1517 1525
f 884 1528 885
f 884 1526 1528
f 881 879 884
f 881 877 879
f 882 885 886
f 882 881 885
f 890 808 883
f 890 811 808
f 889 822 890
f 889 820 822
f 823 824 825
f 823 820 824
f 887 883 882
f 887 891 883
f 888 896 887
f 888 897 896
f 893 891 896
f 893 889 891
f 894 898 899
f 894 893 898
f 903 824 895
f 903 827 824
f 902 837 903
f 902 835 837
f 838 839 840
f 838 835 839
f 900 895 894
f 900 904 895
f 901 909 900
f 901 910 909
f 906 904 909
f 906 902 904
f 907 911 912
f 907 906 911
f 916 839 908
f 916 842 839
f 915 852 916
f 915 850 852
f 853 854 855
f 853 850 854
f 913 908 907
f 913 917 908
f 914 923 913
f 914 924 923
f 919 917 923
f 919 915 917
f 920 925 926
f 920 919 925
f 927 854 921
f 927 857 854
f 1466 921 922
f 1466 927 921
f 929 867 928
f 929 868 867
f 1545 928 1466
f 1545 930 928
f 1546 1538 1551
f 1546 1537 1538
f 1537 1542 1538
f 1537 1541 1542
f 1553 1547 1548
f 1553 1552 1547
f 1553 1545 1546
f 1553 1548 1545
f 926 922 920
f 926 1541 922
f 1561 1479 1549
f 1561 1480 1479
f 1564 1481 1483
f 1564 1484 1481
f 1478 1562 1483
f 1478 1480 1562
f 930 1470 929
f 930 1479 1470
f 1547 1561 1549
f 1547 1557 1561
f 1564 1563 1565
f 1564 1562 1563
f 1513 1506 1576
f 1513 1505 1506
f 1512 1577 1519
f 1512 1513 1577
f 1518 1585 1521
f 1518 1519 1585
f 1524 1520 1521
f 1524 1522 1520
f 1582 1576 1579
f 1582 1577 1576
f 1587 1586 1589
f 1587 1585 1586
f 1523 1588 1529
f 1523 1524 1588
f 1530 1598 1599
f 1530 1529 1598
f 957 1528 1530
f 957 955 1528
f 1593 1587 1590
f 1593 1588 1587
f 1598 1594 1600
f 1598 1593 1594
f 1604 1599 1600
f 1604 1601 1599
f 886 956 888
f 886 955 956
f 1531 957 1602
f 1531 956 957
f 960 897 959
f 960 898 897
f 1615 959 1531
f 1615 962 959
f 1616 1610 1619
f 1616 1609 1610
f 1601 1609 1602
f 1601 1608 1609
f 1620 1615 1616
f 1620 1617 1615
f 899 961 901
f 899 960 961
f 1532 962 1618
f 1532 961 962
f 965 910 964
f 965 911 910
f 1629 964 1532
f 1629 967 964
f 1630 1625 1633
f 1630 1624 1625
f 1617 1624 1618
f 1617 1623 1624
f 1634 1629 1630
f 1634 1631 1629
f 1535 1645 1646
f 1535 1534 1645
f 912 966 914
f 912 965 966
f 1534 967 1632
f 1534 966 967
f 970 924 969
f 970 925 924
f 1543 969 1535
f 1543 970 969
f 1639 1647 1645
f 1639 1641 1647
f 1631 1639 1632
f 1631 1638 1639
f 1648 1647 1649
f 1648 1646 1647
f 1539 1542 1543
f 1539 1538 1542
f 1648 1540 1539
f 1648 1651 1540
f 1538 1554 1551
f 1538 1540 1554
f 1607 1611 1606
f 1607 1612 1611
f 1611 1604 1606
f 1611 1608 1604
f 1610 1621 1619
f 1610 1613 1621
f 1626 1620 1622
f 1626 1623 1620
f 1677 1622 1621
f 1677 1680 1622
f 1680 1627 1626
f 1680 1683 1627
f 1625 1635 1633
f 1625 1627 1635
f 1637 1642 1636
f 1637 1643 1642
f 1642 1634 1636
f 1642 1638 1634
f 1012 1698 1014
f 1012 1015 1698
f 1018 1010 1011
f 1018 1015 1010
f 1018 1017 1700
f 1018 1016 1017
f 1705 1698 1699
f 1705 1702 1698
f 1703 1708 1710
f 1703 1702 1708
f 1700 1705 1699
f 1700 1706 1705
f 1715 1706 1707
f 1715 1709 1706
f 1762 1758 1767
f 1762 1757 1758
f 1760 1757 1762
f 1760 1756 1757
f 1823 1810 1822
f 1823 1811 1810
f 1825 1830 1829
f 1825 1826 1830
f 1824 1825 1823
f 1824 1827 1825
f 1047 1822 1046
f 1047 1824 1822
f 1735 1732 1731
f 1735 1736 1732
f 1730 1729 1731
f 1730 1728 1729
f 1729 1839 1840
f 1729 1728 1839
f 1828 1830 1826
f 1828 1831 1830
f 1837 1827 1838
f 1837 1826 1827
f 1826 1839 1828
f 1826 1837 1839
f 1841 1050 1051
f 1841 1838 1050
f 1065 1841 1064
f 1065 1843 1841
f 1843 1054 1840
f 1843 1055 1054
f 1060 1055 1065
f 1060 1053 1055
f 1746 1735 1745
f 1746 1737 1735
f 1750 1748 1751
f 1750 1746 1748
f 1759 1749 1751
f 1759 1755 1749
f 1056 1745 1054
f 1056 1747 1745
f 1079 1747 1078
f 1079 1748 1747
f 1067 1056 1053
f 1067 1072 1056
f 1072 1076 1078
f 1072 1071 1076
f 1758 1759 1768
f 1758 1755 1759
f 1773 1771 1779
f 1773 1767 1771
f 1779 1772 1773
f 1779 1774 1772
f 1081 1768 1079
f 1081 1770 1768
f 1101 1770 1100
f 1101 1771 1770
f 1089 1081 1077
f 1089 1094 1081
f 1094 1098 1100
f 1094 1093 1098
f 1782 1774 1781
f 1782 1776 1774
f 1790 1787 1786
f 1790 1791 1787
f 1785 1784 1786
f 1785 1782 1784
f 1103 1781 1101
f 1103 1783 1781
f 1118 1783 1117
f 1118 1784 1783
f 1111 1103 1099
f 1111 1116 1103
f 1124 1111 1114
f 1124 1116 1111
f 1126 1117 1124
f 1126 1119 1117
f 1797 1790 1796
f 1797 1792 1790
f 1847 1796 1844
f 1847 1797 1796
f 1798 1851 1799
f 1798 1848 1851
f 1852 1847 1850
f 1852 1848 1847
f 1858 1853 1852
f 1858 1859 1853
f 1849 1858 1850
f 1849 1857 1858
f 1118 1846 1844
f 1118 1119 1846
f 1849 1129 1130
f 1849 1846 1129
f 1860 1851 1853
f 1860 1854 1851
f 1812 1807 1806
f 1812 1813 1807
f 1897 1806 1807
f 1897 1896 1806
f 1898 1893 1903
f 1898 1892 1893
f 1894 1893 1891
f 1894 1902 1893
f 1901 1898 1903
f 1901 1896 1898
f 1151 1902 1150
f 1151 1904 1902
f 1904 1145 1901
f 1904 1146 1145
f 1148 1146 1151
f 1148 1143 1146
f 1818 1812 1819
f 1818 1810 1812
f 1818 1145 1144
f 1818 1819 1145
f 1160 1144 1147
f 1160 1159 1144
f 1157 1046 1159
f 1157 1045 1046
f 1047 1048 1050
f 1047 1045 1048
f 1153 1147 1143
f 1153 1160 1147
f 1049 1064 1051
f 1049 1061 1064
f 1126 1127 1129
f 1126 1123 1127
f 1128 1134 1130
f 1128 1132 1134
f 1857 1133 1200
f 1857 1134 1133
f 1862 1864 1868
f 1862 1859 1864
f 1863 1869 1871
f 1863 1862 1869
f 1905 1870 1906
f 1905 1869 1870
f 1871 1908 1872
f 1871 1905 1908
f 1868 1200 1201
f 1868 1864 1200
f 1201 1216 1870
f 1201 1199 1216
f 1914 1910 1909
f 1914 1915 1910
f 1914 1906 1907
f 1914 1909 1906
f 1213 1199 1198
f 1213 1216 1199
f 1214 1222 1213
f 1214 1223 1222
f 1913 1222 1223
f 1913 1907 1222
f 1916 1908 1910
f 1916 1911 1908
f 1895 1886 1887
f 1895 1891 1886
f 1941 1887 1888
f 1941 1940 1887
f 1945 1942 1946
f 1945 1940 1942
f 1949 1946 1948
f 1949 1947 1946
f 1947 1226 1945
f 1947 1227 1226
f 1894 1226 1225
f 1894 1895 1226
f 1240 1225 1228
f 1240 1239 1225
f 1237 1150 1239
f 1237 1149 1150
f 1235 1227 1234
f 1235 1228 1227
f 1238 1235 1231
f 1238 1240 1235
f 1211 1223 1214
f 1211 1220 1223
f 1913 1221 1267
f 1913 1223 1221
f 1918 1920 1924
f 1918 1915 1920
f 1919 1925 1927
f 1919 1918 1925
f 1952 1926 1953
f 1952 1925 1926
f 1927 1955 1928
f 1927 1952 1955
f 1924 1267 1268
f 1924 1920 1267
f 1268 1282 1926
f 1268 1266 1282
f 1956 1957 1955
f 1956 1962 1957
f 1963 1953 1954
f 1963 1956 1953
f 1279 1266 1265
f 1279 1282 1266
f 1280 1285 1279
f 1280 1286 1285
f 1961 1285 1286
f 1961 1954 1285
f 1936 1950 1948
f 1936 1937 1950
f 1951 1986 1987
f 1951 1950 1986
f 1229 1949 1292
f 1229 1230 1949
f 1230 1232 1234
f 1230 1229 1232
f 1292 1987 1293
f 1292 1951 1987
f 1988 1984 1990
f 1988 1983 1984
f 1972 1973 1971
f 1972 1974 1973
f 1971 1986 1972
f 1971 1983 1986
f 1991 1988 1990
f 1991 1989 1988
f 1291 1989 1296
f 1291 1293 1989
f 1968 1962 1963
f 1968 1964 1962
f 1322 1277 1313
f 1322 1280 1277
f 1324 1323 1325
f 1324 1322 1323
f 1326 1961 1324
f 1326 1968 1961
f 1330 1317 1320
f 1330 1323 1317
f 1999 1330 1331
f 1999 1994 1330
f 1995 1325 1994
f 1995 1326 1325
f 1996 1965 1964
f 1996 1998 1965
f 1995 2003 1997
f 1995 2001 2003
f 2003 1996 1997
f 2003 2002 1996
f 1985 1980 2017
f 1985 1979 1980
f 2023 2017 2020
f 2023 2018 2017
f 1984 2019 1992
f 1984 1985 2019
f 1993 2030 2031
f 1993 1992 2030
f 1295 1991 1337
f 1295 1296 1991
f 1337 2031 1338
f 1337 1993 2031
f 2032 2028 2034
f 2032 2027 2028
f 2018 2030 2019
f 2018 2027 2030
f 2035 2032 2034
f 2035 2033 2032
f 1336 2033 1341
f 1336 1338 2033
f 1331 1367 1369
f 1331 1329 1367
f 1371 1999 1369
f 1371 2006 1999
f 1367 1374 1370
f 1367 1368 1374
f 1376 1370 1374
f 1376 1372 1370
f 2004 2006 2011
f 2004 2001 2006
f 2005 2012 2013
f 2005 2004 2012
f 2046 2011 2039
f 2046 2012 2011
f 2040 2049 2046
f 2040 2042 2049
f 2040 2045 2041
f 2040 2044 2045
f 1371 2044 2039
f 1371 1372 2044
f 2029 2024 2057
f 2029 2023 2024
f 2064 2057 2061
f 2064 2058 2057
f 2028 2059 2036
f 2028 2029 2059
f 2037 2059 2060
f 2037 2036 2059
f 1340 2035 1387
f 1340 1341 2035
f 2037 1381 1387
f 2037 1382 1381
f 2058 2069 2060
f 2058 2067 2069
f 1379 2070 1380
f 1379 2069 2070
f 1380 1390 1379
f 1380 1391 1390
f 1386 1382 1390
f 1386 1381 1382
f 1363 1375 1362
f 1363 1426 1375
f 1429 1375 1428
f 1429 1376 1375
f 1428 1427 1430
f 1428 1426 1427
f 1432 1420 1423
f 1432 1427 1420
f 2078 1432 1433
f 2078 2073 1432
f 2074 1430 2073
f 2074 1431 1430
f 2075 2041 2053
f 2075 2043 2041
f 1431 2045 1429
f 1431 2053 2045
f 2074 2084 2076
f 2074 2082 2084
f 2084 2075 2076
f 2084 2083 2075
f 2068 2065 2096
f 2068 2064 2065
f 2102 2096 2099
f 2102 2097 2096
f 2070 2068 2071
f 2070 2067 2068
f 2072 2098 2109
f 2072 2071 2098
f 1435 1391 1436
f 1435 1389 1391
f 1435 2072 1441
f 1435 1436 2072
f 2111 2106 2113
f 2111 2105 2106
f 2097 2109 2098
f 2097 2105 2109
f 2114 2111 2113
f 2114 2112 2111
f 1439 2112 1442
f 1439 1441 2112
f 1440 1442 1445
f 1440 1439 1442
f 2080 2079 2081
f 2080 2078 2079
f 2087 2080 2081
f 2087 2082 2080
f 1425 1433 1423
f 1425 1487 1433
f 1489 1488 1490
f 1489 1487 1488
f 2120 1489 1490
f 2120 2079 1489
f 2124 2125 2123
f 2124 2132 2125
f 2133 2121 2129
f 2133 2122 2121
f 2133 2120 2122
f 2133 2124 2120
f 1485 2121 1486
f 1485 2118 2121
f 1486 1477 1476
f 1486 1488 1477
f 2123 2088 2087
f 2123 2126 2088
f 2108 2137 2107
f 2108 2138 2137
f 2106 2137 2115
f 2106 2107 2137
f 2116 2147 2148
f 2116 2115 2147
f 1494 2114 2116
f 1494 1492 2114
f 2147 2144 2149
f 2147 2143 2144
f 2152 2148 2149
f 2152 2150 2148
f 1447 1454 1444
f 1447 1499 1454
f 1445 1493 1447
f 1445 1492 1493
f 1500 1493 1495
f 1500 1499 1493
f 1494 2157 1495
f 1494 2150 2157
f 1496 2158 1497
f 1496 2157 2158
f 1497 1507 1496
f 1497 1508 1507
f 1504 1500 1507
f 1504 1498 1500
f 1560 1571 1559
f 1560 1572 1571
f 1563 1559 1571
f 1563 1557 1559
f 2164 1571 1572
f 2164 2161 1571
f 2161 1565 1571
f 2161 1569 1565
f 2175 2130 2163
f 2175 2131 2130
f 2129 2176 2134
f 2129 2131 2176
f 2134 2177 2135
f 2134 2176 2177
f 1484 2118 1485
f 1484 1568 2118
f 2130 1570 2163
f 2130 1568 1570
f 2170 2178 2175
f 2170 2172 2178
f 2162 2170 2163
f 2162 2169 2170
f 1570 2162 2163
f 1570 1569 2162
f 2156 2152 2154
f 2156 2155 2152
f 2186 2154 2153
f 2186 2188 2154
f 2158 2156 2159
f 2158 2155 2156
f 2160 2189 2198
f 2160 2159 2189
f 1574 1508 1575
f 1574 1506 1508
f 1574 2160 1580
f 1574 1575 2160
f 2194 2188 2191
f 2194 2189 2188
f 2198 2195 2200
f 2198 2194 2195
f 2203 2199 2200
f 2203 2201 2199
f 2201 1580 2199
f 2201 1581 1580
f 2212 2207 2208
f 2212 2211 2207
f 1581 1583 1579
f 1581 2211 1583
f 1586 1583 1591
f 1586 1582 1583
f 1591 2214 1592
f 1591 2212 2214
f 1590 1592 1595
f 1590 1589 1592
f 1650 1654 1655
f 1650 1649 1654
f 1556 1657 1659
f 1556 1554 1657
f 1659 1658 1662
f 1659 1657 1658
f 1552 1660 1558
f 1552 1556 1660
f 2229 2222 2226
f 2229 2223 2222
f 1655 2222 1656
f 1655 2221 2222
f 1656 1651 1650
f 1656 1658 1651
f 2224 1662 2223
f 2224 1663 1662
f 2167 2166 2168
f 2167 2164 2166
f 2166 2239 2240
f 2166 2165 2239
f 2173 2167 2168
f 2173 2169 2167
f 1558 1661 1560
f 1558 1660 1661
f 2165 1663 2225
f 2165 1661 1663
f 2233 2241 2239
f 2233 2235 2241
f 2224 2233 2225
f 2224 2232 2233
f 2242 2241 2243
f 2242 2240 2241
f 2242 2174 2173
f 2242 2245 2174
f 2206 2209 2205
f 2206 2210 2209
f 2209 2203 2205
f 2209 2207 2203
f 2210 2254 2209
f 2210 2255 2254
f 2208 2254 2215
f 2208 2209 2254
f 2216 2263 2265
f 2216 2215 2263
f 1669 2214 2216
f 1669 1667 2214
f 2266 2263 2264
f 2266 2265 2263
f 2271 2266 2270
f 2271 2267 2266
f 1597 1605 1594
f 1597 1670 1605
f 1595 1668 1597
f 1595 1667 1668
f 2217 1669 2269
f 2217 1668 1669
f 1607 1670 1671
f 1607 1605 1670
f 2280 1671 2217
f 2280 1674 1671
f 2279 2275 2281
f 2279 2274 2275
f 2267 2279 2269
f 2267 2274 2279
f 2284 2280 2281
f 2284 2282 2280
f 1613 1673 1678
f 1613 1612 1673
f 1679 1673 1675
f 1679 1678 1673
f 2294 2288 2289
f 2294 2293 2288
f 2299 2294 2298
f 2299 2295 2294
f 1674 2293 1675
f 1674 2282 2293
f 1681 1679 1686
f 1681 1677 1679
f 2295 1681 1686
f 2295 1684 1681
f 2218 1683 1685
f 2218 1687 1683
f 1637 1687 1688
f 1637 1635 1687
f 2310 1688 2218
f 2310 1691 1688
f 2311 2305 2314
f 2311 2304 2305
f 2296 2304 2297
f 2296 2303 2304
f 2315 2310 2311
f 2315 2312 2310
f 1685 2296 2297
f 1685 1684 2296
f 1644 1653 1641
f 1644 1692 1653
f 2219 1691 2313
f 2219 1690 1691
f 1644 1690 1692
f 1644 1643 1690
f 1694 1653 1693
f 1694 1654 1653
f 2328 1693 2219
f 2328 1695 1693
f 2320 2327 2326
f 2320 2322 2327
f 2312 2320 2313
f 2312 2319 2320
f 2329 2326 2327
f 2329 2328 2326
f 2334 2329 2333
f 2334 2330 2329
f 2341 2227 2332
f 2341 2228 2227
f 2231 2236 2230
f 2231 2237 2236
f 2226 2342 2230
f 2226 2228 2342
f 2236 2229 2230
f 2236 2232 2229
f 2230 2343 2231
f 2230 2342 2343
f 1695 2221 1694
f 1695 2227 2221
f 2330 2341 2332
f 2330 2338 2341
f 2287 2290 2286
f 2287 2291 2290
f 2290 2284 2286
f 2290 2288 2284
f 2289 2300 2298
f 2289 2292 2300
f 2302 2306 2301
f 2302 2307 2306
f 2306 2299 2301
f 2306 2303 2299
f 2305 2316 2314
f 2305 2308 2316
f 2318 2323 2317
f 2318 2324 2323
f 2323 2315 2317
f 2323 2319 2315
f 2375 1037 1039
f 2375 1137 1037
f 1139 1137 2376
f 1139 1136 1137
f 1140 2382 2384
f 1140 1139 2382
f 2378 2381 2377
f 2378 2386 2381
f 2375 2383 2376
f 2375 2381 2383
f 2388 2382 2383
f 2388 2385 2382
f 2430 2426 2433
f 2430 2425 2426
f 2427 2426 2424
f 2427 2432 2426
f 2435 2430 2436
f 2435 2429 2430
f 2434 2436 2433
f 2434 2438 2436
f 1734 2432 1733
f 1734 2434 2432
f 2443 2435 2437
f 2443 2439 2435
f 2447 2444 2450
f 2447 2443 2444
f 2444 2438 2445
f 2444 2437 2438
f 2452 2447 2453
f 2452 2446 2447
f 2451 2453 2450
f 2451 2455 2453
f 2449 1738 1739
f 2449 2445 1738
f 1754 2449 1753
f 1754 2451 2449
f 1749 1743 1754
f 1749 1742 1743
f 2461 2452 2454
f 2461 2457 2452
f 2462 2454 2456
f 2462 2461 2454
f 2462 2468 2464
f 2462 2466 2468
f 2467 2464 2468
f 2467 2463 2464
f 2455 1744 2456
f 2455 1743 1744
f 1756 1744 1742
f 1756 1761 1744
f 1761 1764 1765
f 1761 1760 1764
f 1765 2470 2466
f 1765 1766 2470
f 1766 1772 1777
f 1766 1764 1772
f 2475 2467 2469
f 2475 2471 2467
f 2478 2476 2481
f 2478 2475 2476
f 2476 2470 2477
f 2476 2469 2470
f 2483 2487 2486
f 2483 2484 2487
f 2482 2483 2481
f 2482 2485 2483
f 2480 1777 1778
f 2480 2477 1777
f 1789 2480 1788
f 1789 2482 2480
f 2495 2493 2498
f 2495 2492 2493
f 2493 2485 2494
f 2493 2484 2485
f 2497 2505 2498
f 2497 2503 2505
f 2497 1793 1794
f 2497 2494 1793
f 2534 2530 2537
f 2534 2529 2530
f 2531 2530 2528
f 2531 2536 2530
f 2539 2534 2540
f 2539 2533 2534
f 2538 2540 2537
f 2538 2542 2540
f 1809 2536 1808
f 1809 2538 2536
f 2407 2543 2408
f 2407 2539 2543
f 2416 2543 2544
f 2416 2415 2543
f 2419 2417 2420
f 2419 2415 2417
f 2428 2418 2420
f 2428 2424 2418
f 1834 2416 1833
f 1834 2417 2416
f 2542 1804 2544
f 2542 1803 1804
f 1816 1803 1815
f 1816 1804 1803
f 1820 1816 1811
f 1820 1821 1816
f 1821 1829 1833
f 1821 1820 1829
f 1725 1733 1726
f 1725 1730 1733
f 2427 1834 1832
f 2427 2428 1834
f 1725 1832 1831
f 1725 1726 1832
f 1734 1736 1738
f 1734 1732 1736
f 1737 1753 1739
f 1737 1750 1753
f 1776 1788 1778
f 1776 1785 1788
f 1789 1791 1793
f 1789 1787 1791
f 2511 2504 2505
f 2511 2506 2504
f 1792 1800 1794
f 1792 1798 1800
f 2503 1799 1855
f 2503 1800 1799
f 2513 2506 2512
f 2513 2508 2506
f 2547 2514 2548
f 2547 2513 2514
f 2515 2549 2516
f 2515 2547 2549
f 2512 1855 1856
f 2512 2511 1855
f 1856 1865 2514
f 1856 1854 1865
f 1873 1860 1863
f 1873 1865 1860
f 1875 1866 1873
f 1875 1867 1866
f 1866 2552 2548
f 1866 1867 2552
f 2556 2549 2551
f 2556 2553 2549
f 2557 2552 2560
f 2557 2551 2552
f 2557 2561 2558
f 2557 2560 2561
f 2532 2524 2525
f 2532 2528 2524
f 2582 2525 2526
f 2582 2581 2525
f 2587 2574 2586
f 2587 2575 2574
f 2585 2583 2587
f 2585 2581 2583
f 1890 2586 1889
f 1890 2588 2586
f 2588 1882 2585
f 2588 1883 1882
f 1886 1883 1890
f 1886 1880 1883
f 2531 1882 1881
f 2531 2532 1882
f 1900 1881 1884
f 1900 1899 1881
f 1897 1808 1899
f 1897 1807 1808
f 1809 1813 1815
f 1809 1807 1813
f 1892 1884 1880
f 1892 1900 1884
f 1875 1876 1877
f 1875 1872 1876
f 2559 2565 2567
f 2559 2558 2565
f 2591 2566 2592
f 2591 2565 2566
f 2567 2593 2568
f 2567 2591 2593
f 1876 2561 1877
f 1876 1912 2561
f 1912 1921 2566
f 1912 1911 1921
f 1929 1916 1919
f 1929 1921 1916
f 1931 1922 1929
f 1931 1923 1922
f 1922 2596 2592
f 1922 1923 2596
f 2600 2593 2595
f 2600 2597 2593
f 2601 2596 2604
f 2601 2595 2596
f 2601 2605 2602
f 2601 2604 2605
f 2619 2617 2620
f 2619 2616 2617
f 2630 2621 2620
f 2630 2632 2621
f 2576 2622 2577
f 2576 2619 2622
f 2574 2622 2590
f 2574 2577 2622
f 1935 2590 2623
f 1935 1934 2590
f 1944 1934 1935
f 1944 1943 1934
f 1941 1889 1943
f 1941 1888 1889
f 2621 2633 2623
f 2621 2632 2633
f 1938 2634 1939
f 1938 2633 2634
f 1942 1938 1936
f 1942 1944 1938
f 1931 1932 1933
f 1931 1928 1932
f 2603 2609 2610
f 2603 2602 2609
f 2639 2608 2636
f 2639 2609 2608
f 1932 2605 1933
f 1932 1959 2605
f 2608 1960 2636
f 2608 1959 1960
f 2644 2639 2643
f 2644 2640 2639
f 2641 2644 2645
f 2641 2640 2644
f 2642 2653 2643
f 2642 2650 2653
f 2642 1966 1967
f 2642 2638 1966
f 1966 1960 1957
f 1966 2638 1960
f 2613 2628 2627
f 2613 2614 2628
f 2630 2629 2635
f 2630 2627 2629
f 2629 2666 2667
f 2629 2628 2666
f 2666 2662 2668
f 2666 2661 2662
f 2671 2668 2670
f 2671 2669 2668
f 2669 1976 2667
f 2669 1977 1976
f 1979 1977 1981
f 1979 1973 1977
f 2634 1976 1975
f 2634 2635 1976
f 1937 1975 1974
f 1937 1939 1975
f 2677 2652 2654
f 2677 2655 2652
f 2653 2651 2654
f 2653 2650 2651
f 2007 1965 1998
f 2007 1967 1965
f 2009 2008 2010
f 2009 2007 2008
f 2675 2009 2010
f 2675 2651 2009
f 2678 2679 2677
f 2678 2684 2679
f 2685 2675 2676
f 2685 2678 2675
f 2014 2002 2005
f 2014 2008 2002
f 2683 2014 2015
f 2683 2676 2014
f 2662 2672 2670
f 2662 2663 2672
f 2673 2701 2702
f 2673 2672 2701
f 1980 2671 2021
f 1980 1981 2671
f 2021 2702 2022
f 2021 2673 2702
f 2701 2697 2703
f 2701 2696 2697
f 2706 2703 2705
f 2706 2704 2703
f 2020 2704 2025
f 2020 2022 2704
f 2689 2684 2685
f 2689 2686 2684
f 2015 2048 2050
f 2015 2013 2048
f 2052 2683 2050
f 2052 2689 2683
f 2721 2710 2711
f 2721 2720 2710
f 2718 2054 2055
f 2718 2709 2054
f 2048 2054 2051
f 2048 2049 2054
f 2711 2051 2709
f 2711 2052 2051
f 2712 2687 2686
f 2712 2715 2687
f 2714 2712 2710
f 2714 2715 2712
f 2697 2707 2705
f 2697 2698 2707
f 2708 2739 2740
f 2708 2707 2739
f 2024 2706 2062
f 2024 2025 2706
f 2062 2740 2063
f 2062 2708 2740
f 2741 2735 2743
f 2741 2734 2735
f 2726 2727 2725
f 2726 2728 2727
f 2725 2739 2726
f 2725 2734 2739
f 2744 2741 2743
f 2744 2742 2741
f 2061 2742 2066
f 2061 2063 2742
f 2753 2720 2722
f 2753 2723 2720
f 2721 2719 2722
f 2721 2718 2719
f 2043 2055 2042
f 2043 2090 2055
f 2092 2091 2093
f 2092 2090 2091
f 2750 2092 2093
f 2750 2719 2092
f 2754 2755 2753
f 2754 2762 2755
f 2763 2751 2759
f 2763 2752 2751
f 2763 2750 2752
f 2763 2754 2750
f 2089 2094 2086
f 2089 2751 2094
f 2094 2083 2086
f 2094 2091 2083
f 2737 2767 2736
f 2737 2768 2767
f 2735 2767 2745
f 2735 2736 2767
f 2746 2776 2777
f 2746 2745 2776
f 2065 2744 2100
f 2065 2066 2744
f 2100 2777 2101
f 2100 2746 2777
f 2776 2773 2778
f 2776 2772 2773
f 2781 2778 2780
f 2781 2779 2778
f 2099 2779 2103
f 2099 2101 2779
f 2790 2760 2784
f 2790 2761 2760
f 2759 2791 2764
f 2759 2761 2791
f 2764 2792 2765
f 2764 2791 2792
f 2760 2128 2784
f 2760 2127 2128
f 2127 2088 2126
f 2127 2089 2088
f 2785 2793 2790
f 2785 2787 2793
f 2785 2789 2786
f 2785 2788 2789
f 2136 2128 2125
f 2136 2788 2128
f 2806 2780 2783
f 2806 2782 2780
f 2141 2781 2782
f 2141 2139 2781
f 2103 2108 2102
f 2103 2139 2108
f 2811 2807 2813
f 2811 2806 2807
f 2814 2812 2811
f 2814 2818 2812
f 2141 2820 2142
f 2141 2812 2820
f 2145 2821 2146
f 2145 2820 2821
f 2142 2143 2138
f 2142 2145 2143
f 2132 2180 2136
f 2132 2135 2180
f 2827 2183 2184
f 2827 2824 2183
f 2177 2183 2181
f 2177 2178 2183
f 2825 2181 2824
f 2825 2182 2181
f 2787 2799 2800
f 2787 2786 2799
f 2838 2798 2826
f 2838 2799 2798
f 2182 2789 2180
f 2182 2798 2789
f 2833 2841 2838
f 2833 2835 2841
f 2825 2833 2826
f 2825 2832 2833
f 1716 1708 1709
f 1716 1712 1708
f 2819 2815 2856
f 2819 2814 2815
f 2821 2819 2822
f 2821 2818 2819
f 2823 2857 2866
f 2823 2822 2857
f 2146 2153 2144
f 2146 2187 2153
f 2186 2823 2192
f 2186 2187 2823
f 2863 2856 2859
f 2863 2857 2856
f 2866 2864 2868
f 2866 2863 2864
f 2871 2867 2868
f 2871 2869 2867
f 2869 2192 2867
f 2869 2193 2192
f 2196 2880 2197
f 2196 2879 2880
f 2193 2196 2191
f 2193 2879 2196
f 2886 2248 2249
f 2886 2883 2248
f 2883 2243 2248
f 2883 2246 2243
f 2830 2829 2831
f 2830 2827 2829
f 2829 2897 2898
f 2829 2828 2897
f 2836 2830 2831
f 2836 2832 2830
f 2174 2184 2172
f 2174 2250 2184
f 2828 2245 2247
f 2828 2250 2245
f 2892 2899 2897
f 2892 2894 2899
f 2884 2892 2885
f 2884 2891 2892
f 2900 2899 2901
f 2900 2898 2899
f 2247 2884 2885
f 2247 2246 2884
f 2900 2837 2836
f 2900 2903 2837
f 1716 1714 1712
f 1716 1717 1714
f 2849 1718 2854
f 2849 1717 1718
f 2874 2877 2873
f 2874 2878 2877
f 2877 2871 2873
f 2877 2876 2871
f 2880 2877 2881
f 2880 2876 2877
f 2878 2914 2877
f 2878 2915 2914
f 2882 2914 2922
f 2882 2881 2914
f 2197 2204 2195
f 2197 2253 2204
f 2206 2253 2256
f 2206 2204 2253
f 2924 2256 2882
f 2924 2259 2256
f 2925 2922 2923
f 2925 2924 2922
f 2928 2926 2925
f 2928 2931 2926
f 2937 2931 2932
f 2937 2936 2931
f 2259 2936 2260
f 2259 2926 2936
f 2260 2261 2255
f 2260 2262 2261
f 2264 2262 2272
f 2264 2261 2262
f 2272 2939 2273
f 2272 2937 2939
f 2271 2273 2276
f 2271 2270 2273
f 2334 2337 2339
f 2334 2333 2337
f 2964 2958 2959
f 2964 2963 2958
f 2964 2956 2962
f 2964 2957 2956
f 2339 2956 2340
f 2339 2954 2956
f 2344 2340 2350
f 2344 2338 2340
f 2343 2350 2348
f 2343 2344 2350
f 2959 2348 2957
f 2959 2349 2348
f 2889 2888 2890
f 2889 2886 2888
f 2888 2971 2972
f 2888 2887 2971
f 2895 2889 2890
f 2895 2891 2889
f 2238 2249 2235
f 2238 2351 2249
f 2887 2349 2960
f 2887 2347 2349
f 2238 2347 2351
f 2238 2237 2347
f 2958 2971 2960
f 2958 2968 2971
f 2974 2973 2975
f 2974 2972 2973
f 2974 2896 2895
f 2974 2977 2896
f 2932 2940 2938
f 2932 2935 2940
f 2943 2938 2941
f 2943 2939 2938
f 2986 2941 2940
f 2986 2988 2941
f 2945 2989 2996
f 2945 2944 2989
f 2278 2285 2275
f 2278 2355 2285
f 2276 2354 2278
f 2276 2353 2354
f 2353 2944 2354
f 2353 2943 2944
f 2287 2355 2356
f 2287 2285 2355
f 2998 2356 2945
f 2998 2359 2356
f 2994 2988 2991
f 2994 2989 2988
f 2999 2996 2997
f 2999 2998 2996
f 3004 2999 3003
f 3004 3000 2999
f 2946 2359 3002
f 2946 2358 2359
f 2292 2358 2360
f 2292 2291 2358
f 2302 2360 2361
f 2302 2300 2360
f 3012 2361 2946
f 3012 2364 2361
f 3000 3010 3002
f 3000 3007 3010
f 3013 3010 3011
f 3013 3012 3010
f 3018 3013 3017
f 3018 3014 3013
f 2947 2364 3016
f 2947 2363 2364
f 2308 2363 2365
f 2308 2307 2363
f 2318 2365 2366
f 2318 2316 2365
f 3026 2366 2947
f 3026 2369 2366
f 3014 3024 3016
f 3014 3021 3024
f 3027 3024 3025
f 3027 3026 3024
f 3032 3027 3031
f 3032 3028 3027
f 2949 3038 3039
f 2949 2948 3038
f 2325 2336 2322
f 2325 2370 2336
f 2948 2369 3030
f 2948 2368 2369
f 2325 2368 2370
f 2325 2324 2368
f 2372 2336 2371
f 2372 2337 2336
f 2955 2371 2949
f 2955 2372 2371
f 3028 3038 3030
f 3028 3035 3038
f 3041 3040 3042
f 3041 3039 3040
f 2952 2954 2955
f 2952 2951 2954
f 3041 2953 2952
f 3041 3044 2953
f 2951 2965 2962
f 2951 2953 2965
f 1713 1711 1710
f 1713 1720 1711
f 2846 1714 2850
f 2846 1713 1714
f 2850 2848 2846
f 2850 2852 2848
f 3059 2847 2848
f 3059 3056 2847
f 2913 2852 2853
f 2913 2912 2852
f 3055 2849 2911
f 3055 2853 2849
f 3167 3171 3170
f 3167 3168 3171
f 3181 3168 3167
f 3181 3182 3168
f 3081 3080 3079
f 3081 3082 3080
f 3078 3077 3079
f 3078 3076 3077
f 3077 3186 3188
f 3077 3076 3186
f 3169 3171 3168
f 3169 3172 3171
f 3168 3186 3169
f 3168 3183 3186
f 3184 3183 3182
f 3184 3189 3183
f 2423 3189 2422
f 2423 3191 3189
f 3191 2412 3188
f 3191 2413 2412
f 2418 2413 2423
f 2418 2411 2413
f 3088 3081 3087
f 3088 3083 3081
f 3096 3093 3092
f 3096 3097 3093
f 3091 3090 3092
f 3091 3088 3090
f 2414 3087 2412
f 2414 3089 3087
f 3089 2429 2440
f 3089 2431 2429
f 2440 3101 3090
f 2440 2441 3101
f 2425 2414 2411
f 2425 2431 2414
f 3104 3096 3103
f 3104 3098 3096
f 3112 3109 3108
f 3112 3113 3109
f 3107 3106 3108
f 3107 3104 3106
f 3103 2441 2442
f 3103 3101 2441
f 2442 2448 3105
f 2442 2439 2448
f 3105 2446 2458
f 3105 2448 2446
f 2458 3117 3106
f 2458 2459 3117
f 3120 3112 3119
f 3120 3114 3112
f 3128 3125 3124
f 3128 3129 3125
f 3123 3122 3124
f 3123 3120 3122
f 3119 2459 2460
f 3119 3117 2459
f 2460 2465 3121
f 2460 2457 2465
f 3121 2463 2472
f 3121 2465 2463
f 2472 3133 3122
f 2472 2473 3133
f 3136 3128 3135
f 3136 3130 3128
f 3144 3141 3140
f 3144 3145 3141
f 3139 3138 3140
f 3139 3136 3138
f 3135 2473 2474
f 3135 3133 2473
f 2474 2479 3137
f 2474 2471 2479
f 2489 3137 2488
f 2489 3138 3137
f 2479 2486 2488
f 2479 2478 2486
f 3151 3144 3150
f 3151 3146 3144
f 3194 3152 3195
f 3194 3151 3152
f 3153 3196 3154
f 3153 3194 3196
f 2491 3150 2489
f 2491 3152 3150
f 2492 2491 2487
f 2492 2496 2491
f 2496 2500 2501
f 2496 2495 2500
f 2501 3199 3195
f 2501 2502 3199
f 2502 2504 2509
f 2502 2500 2504
f 3203 3196 3198
f 3203 3200 3196
f 3206 3204 3209
f 3206 3203 3204
f 3204 3199 3205
f 3204 3198 3199
f 3208 3216 3209
f 3208 3214 3216
f 3208 2509 2510
f 3208 3205 2509
f 3240 3236 3241
f 3240 3235 3236
f 3249 3238 3248
f 3249 3239 3238
f 3239 3241 3238
f 3239 3243 3241
f 2524 2521 2527
f 2524 2520 2521
f 3160 3244 3161
f 3160 3240 3244
f 3159 3178 3177
f 3159 3161 3178
f 3179 3244 3245
f 3179 3178 3244
f 3181 3180 3185
f 3181 3177 3180
f 3179 2533 2545
f 3179 2535 2533
f 2545 3185 3180
f 2545 2546 3185
f 3243 2522 3245
f 3243 2521 2522
f 2529 2522 2520
f 2529 2535 2522
f 2408 2422 2409
f 2408 2419 2422
f 3184 2407 2409
f 3184 2546 2407
f 3222 3215 3216
f 3222 3217 3215
f 2508 2517 2510
f 2508 2515 2517
f 3214 2516 2554
f 3214 2517 2516
f 3224 3217 3223
f 3224 3219 3217
f 3253 3225 3255
f 3253 3224 3225
f 3223 2554 2555
f 3223 3222 2554
f 2555 2562 3225
f 2555 2553 2562
f 3254 3257 3258
f 3254 3253 3257
f 3265 3255 3256
f 3265 3257 3255
f 2569 2556 2559
f 2569 2562 2556
f 3263 2569 2570
f 3263 3256 2569
f 3231 3250 3248
f 3231 3232 3250
f 3251 3292 3293
f 3251 3250 3292
f 2526 3249 2589
f 2526 2527 3249
f 3251 2582 2589
f 3251 2584 2582
f 3292 3294 3291
f 3292 3295 3294
f 3291 3309 3293
f 3291 3308 3309
f 2578 3310 2579
f 2578 3309 3310
f 2583 2578 2575
f 2583 2584 2578
f 3271 3264 3265
f 3271 3266 3264
f 3263 2568 2598
f 3263 2570 2568
f 3273 3266 3272
f 3273 3268 3266
f 3312 3274 3314
f 3312 3273 3274
f 3272 2598 2599
f 3272 3271 2598
f 2599 2606 3274
f 2599 2597 2606
f 3313 3316 3317
f 3313 3312 3316
f 3324 3314 3315
f 3324 3316 3314
f 2611 2600 2603
f 2611 2606 2600
f 3322 2611 2612
f 3322 3315 2611
f 3303 3301 3304
f 3303 3300 3301
f 3301 3354 3355
f 3301 3300 3354
f 3311 3302 3304
f 3311 3308 3302
f 2624 3311 3301
f 2624 2625 3311
f 2624 3355 2626
f 2624 3301 3355
f 3340 3341 3339
f 3340 3342 3341
f 3339 3354 3340
f 3339 3351 3354
f 3353 3351 3350
f 3353 3356 3351
f 2631 2615 2613
f 2631 3356 2615
f 2631 2616 2626
f 2631 2617 2616
f 3310 2576 2579
f 3310 2625 2576
f 3328 3323 3324
f 3328 3325 3323
f 2612 2641 2646
f 2612 2610 2641
f 2648 3322 2646
f 2648 3328 3322
f 2649 2652 2656
f 2649 2645 2652
f 3360 3326 3325
f 3360 3362 3326
f 3365 3360 3361
f 3365 3364 3360
f 3365 3369 3366
f 3365 3368 3369
f 2648 3368 3361
f 2648 2649 3368
f 3333 3277 3332
f 3333 3278 3277
f 3352 3348 3385
f 3352 3347 3348
f 3393 3385 3389
f 3393 3386 3385
f 3353 3352 3359
f 3353 3350 3352
f 2660 3359 3388
f 2660 2659 3359
f 2614 2659 2658
f 2614 2615 2659
f 3386 3398 3388
f 3386 3397 3398
f 2664 3399 2665
f 2664 3398 3399
f 2660 2661 2658
f 2660 2664 2661
f 3367 3373 3374
f 3367 3366 3373
f 3407 3372 3401
f 3407 3373 3372
f 2655 3369 2656
f 2655 2681 3369
f 3372 2682 3401
f 3372 2681 2682
f 3402 3410 3407
f 3402 3404 3410
f 3402 3406 3403
f 3402 3405 3406
f 2688 2682 2679
f 2688 3405 2682
f 2391 3280 3279
f 2391 2392 3280
f 2391 2386 2390
f 2391 2389 2386
f 3285 2398 2397
f 3285 3286 2398
f 3400 3393 3394
f 3400 3397 3393
f 3419 3394 3395
f 3419 3418 3394
f 3421 3419 3423
f 3421 3418 3419
f 3427 3422 3421
f 3427 3431 3422
f 3399 2694 2693
f 3399 3400 2694
f 2663 2693 2692
f 2663 2665 2693
f 2694 3432 2695
f 2694 3422 3432
f 2699 3433 2700
f 2699 3432 3433
f 2695 2696 2692
f 2695 2699 2696
f 3404 3414 3415
f 3404 3403 3414
f 3441 3413 3435
f 3441 3414 3413
f 2687 3406 2688
f 2687 2716 3406
f 3413 2717 3435
f 3413 2716 2717
f 3436 3444 3441
f 3436 3438 3444
f 3436 3440 3437
f 3436 3439 3440
f 2724 2717 2714
f 2724 3439 2717
f 2397 2388 2389
f 2397 2396 2388
f 3281 3285 3279
f 3281 3287 3285
f 3281 3284 3287
f 3281 3278 3284
f 3434 3427 3428
f 3434 3431 3427
f 3454 3428 3429
f 3454 3453 3428
f 3456 3454 3458
f 3456 3453 3454
f 3462 3457 3456
f 3462 3466 3457
f 3433 2730 2729
f 3433 3434 2730
f 2698 2729 2728
f 2698 2700 2729
f 2730 3467 2731
f 2730 3457 3467
f 2731 2738 2727
f 2731 3467 2738
f 3438 3449 3450
f 3438 3437 3449
f 3477 3448 3470
f 3477 3449 3448
f 2723 3440 2724
f 2723 2757 3440
f 3448 2758 3470
f 3448 2757 2758
f 3471 3480 3477
f 3471 3473 3480
f 3471 3476 3472
f 3471 3475 3476
f 2766 2758 2755
f 2766 3475 2758
f 3286 3331 3330
f 3286 3288 3331
f 3284 3380 3288
f 3284 3377 3380
f 3469 3462 3463
f 3469 3466 3462
f 3487 3463 3464
f 3487 3486 3463
f 3489 3487 3491
f 3489 3486 3487
f 3494 3490 3489
f 3494 3496 3490
f 3468 2737 2738
f 3468 2769 2737
f 3468 2770 2769
f 3468 3469 2770
f 2770 3499 2771
f 2770 3490 3499
f 2774 3500 2775
f 2774 3499 3500
f 2771 2772 2768
f 2771 2774 2772
f 2762 2795 2766
f 2762 2765 2795
f 3507 2801 2802
f 3507 3502 2801
f 2792 2801 2796
f 2792 2793 2801
f 3503 2796 3502
f 3503 2797 2796
f 3504 3472 3483
f 3504 3474 3472
f 2797 3476 2795
f 2797 3483 3476
f 3503 3513 3505
f 3503 3511 3513
f 3513 3504 3505
f 3513 3512 3504
f 3500 3497 3501
f 3500 3496 3497
f 3498 3524 3497
f 3498 3526 3524
f 2775 2783 2773
f 2775 2808 2783
f 2804 3501 3525
f 2804 2803 3501
f 2809 2803 2804
f 2809 2808 2803
f 3537 3533 3538
f 3537 3532 3533
f 3524 3532 3525
f 3524 3531 3532
f 2816 3539 2817
f 2816 3537 3539
f 2813 2809 2816
f 2813 2807 2809
f 3509 3508 3510
f 3509 3507 3508
f 3516 3509 3510
f 3516 3511 3509
f 2802 2840 2842
f 2802 2800 2840
f 3543 2842 2843
f 3543 3508 2842
f 3546 3547 3545
f 3546 3554 3547
f 3555 3543 3544
f 3555 3546 3543
f 3551 2844 2845
f 3551 3544 2844
f 2840 2844 2843
f 2840 2841 2844
f 3545 3517 3516
f 3545 3548 3517
f 3562 3538 3541
f 3562 3540 3538
f 2815 3539 2860
f 2815 2817 3539
f 2860 3566 2861
f 2860 3540 3566
f 3567 3563 3569
f 3567 3562 3563
f 3570 3568 3567
f 3570 3573 3568
f 3568 2861 3566
f 3568 2862 2861
f 3578 3573 3574
f 3578 3577 3573
f 2862 2865 2859
f 2862 3577 2865
f 2865 2875 2864
f 2865 3578 2875
f 2902 2907 2908
f 2902 2901 2907
f 3555 3553 3556
f 3555 3551 3553
f 3553 3595 3596
f 3553 3552 3595
f 3556 3597 3557
f 3556 3596 3597
f 2837 2845 2835
f 2837 2909 2845
f 3552 2903 2904
f 3552 2909 2903
f 3587 3598 3595
f 3587 3589 3598
f 3587 3593 3588
f 3587 3592 3593
f 2908 2904 2902
f 2908 3592 2904
f 3576 3605 3575
f 3576 3606 3605
f 3574 3605 3581
f 3574 3575 3605
f 3582 3613 3615
f 3582 3581 3613
f 2874 3580 2916
f 2874 2875 3580
f 2918 3580 3582
f 2918 2916 3580
f 3616 3613 3614
f 3616 3615 3613
f 3619 3617 3616
f 3619 3622 3617
f 3628 3622 3623
f 3628 3627 3622
f 2918 3627 2919
f 2918 3617 3627
f 2919 2920 2915
f 2919 2921 2920
f 2923 2921 2929
f 2923 2920 2921
f 2929 3630 2930
f 2929 3628 3630
f 3647 3641 3645
f 3647 3642 3641
f 2969 3641 2970
f 2969 3640 3641
f 2973 2970 2980
f 2973 2968 2970
f 3642 2975 2980
f 3642 2978 2975
f 3585 3659 3660
f 3585 3584 3659
f 2896 2906 2894
f 2896 2981 2906
f 3584 2977 2979
f 3584 2981 2977
f 2983 2906 2982
f 2983 2907 2906
f 3594 2982 3585
f 3594 2983 2982
f 3652 3661 3659
f 3652 3654 3661
f 3643 3652 3644
f 3643 3651 3652
f 3662 3661 3663
f 3662 3660 3661
f 2979 3643 3644
f 2979 2978 3643
f 3590 3593 3594
f 3590 3588 3593
f 3662 3591 3590
f 3662 3665 3591
f 3623 3631 3629
f 3623 3626 3631
f 3634 3629 3632
f 3634 3630 3629
f 3673 3632 3631
f 3673 3675 3632
f 2930 2934 2928
f 2930 2984 2934
f 3636 3676 3683
f 3636 3635 3676
f 2984 3635 2985
f 2984 3634 3635
f 2935 2985 2987
f 2935 2934 2985
f 2986 3636 2992
f 2986 2987 3636
f 3681 3675 3678
f 3681 3676 3675
f 3686 3683 3684
f 3686 3685 3683
f 3690 3686 3689
f 3690 3687 3686
f 3688 2992 3685
f 3688 2993 2992
f 3700 3695 3701
f 3700 3694 3695
f 3688 3694 3699
f 3688 3687 3694
f 2993 2995 2991
f 2993 3699 2995
f 2997 2995 3005
f 2997 2994 2995
f 3005 3702 3006
f 3005 3700 3702
f 3004 3006 3008
f 3004 3003 3006
f 3008 3712 3009
f 3008 3710 3712
f 3011 3009 3019
f 3011 3007 3009
f 3019 3714 3020
f 3019 3712 3714
f 3018 3020 3022
f 3018 3017 3020
f 3022 3724 3023
f 3022 3722 3724
f 3025 3023 3033
f 3025 3021 3023
f 3033 3726 3034
f 3033 3724 3726
f 3032 3034 3036
f 3032 3031 3034
f 3744 3738 3739
f 3744 3743 3738
f 3744 3736 3742
f 3744 3737 3736
f 3036 3736 3037
f 3036 3734 3736
f 3040 3037 3047
f 3040 3035 3037
f 3737 3042 3047
f 3737 3045 3042
f 3637 3044 3046
f 3637 3048 3044
f 2967 3048 3049
f 2967 2965 3048
f 2963 3050 2969
f 2963 2967 3050
f 3753 3049 3637
f 3753 3051 3049
f 3738 3751 3740
f 3738 3748 3751
f 3754 3751 3752
f 3754 3753 3751
f 3760 3754 3759
f 3760 3755 3754
f 3046 3739 3740
f 3046 3045 3739
f 3757 3638 3646
f 3757 3639 3638
f 3638 3648 3645
f 3638 3639 3648
f 3650 3655 3649
f 3650 3656 3655
f 3655 3647 3649
f 3655 3651 3647
f 3051 3640 3050
f 3051 3646 3640
f 3760 3757 3755
f 3760 3761 3757
f 3705 3707 3704
f 3705 3708 3707
f 3711 3701 3704
f 3711 3702 3701
f 3707 3710 3711
f 3707 3706 3710
f 3706 3715 3713
f 3706 3709 3715
f 3717 3719 3716
f 3717 3720 3719
f 3723 3713 3716
f 3723 3714 3713
f 3719 3722 3723
f 3719 3718 3722
f 3718 3727 3725
f 3718 3721 3727
f 3729 3731 3728
f 3729 3732 3731
f 3735 3725 3728
f 3735 3726 3725
f 3731 3734 3735
f 3731 3730 3734
f 3730 3745 3742
f 3730 3733 3745
f 3059 3062 3061
f 3059 3060 3062
f 3063 3788 3790
f 3063 3062 3788
f 3827 3823 3829
f 3827 3822 3823
f 3825 3823 3821
f 3825 3828 3823
f 3831 3835 3834
f 3831 3832 3835
f 3830 3831 3829
f 3830 3833 3831
f 3095 3828 3094
f 3095 3830 3828
f 3842 3840 3845
f 3842 3839 3840
f 3840 3833 3841
f 3840 3832 3833
f 3847 3851 3850
f 3847 3848 3851
f 3846 3847 3845
f 3846 3849 3847
f 3844 3099 3100
f 3844 3841 3099
f 3111 3844 3110
f 3111 3846 3844
f 3859 3857 3862
f 3859 3856 3857
f 3857 3849 3858
f 3857 3848 3849
f 3864 3868 3867
f 3864 3865 3868
f 3863 3864 3862
f 3863 3866 3864
f 3861 3115 3116
f 3861 3858 3115
f 3127 3861 3126
f 3127 3863 3861
f 3876 3874 3879
f 3876 3873 3874
f 3874 3866 3875
f 3874 3865 3866
f 3881 3885 3884
f 3881 3882 3885
f 3880 3881 3879
f 3880 3883 3881
f 3878 3131 3132
f 3878 3875 3131
f 3143 3878 3142
f 3143 3880 3878
f 3892 3890 3895
f 3892 3889 3890
f 3890 3883 3891
f 3890 3882 3883
f 3894 3902 3895
f 3894 3900 3902
f 3894 3147 3148
f 3894 3891 3147
f 3060 2913 3070
f 3060 2912 2913
f 3072 3916 3789
f 3072 3073 3916
f 3071 3072 3070
f 3071 3073 3072
f 3798 3925 3926
f 3798 3797 3925
f 3803 3802 3801
f 3803 3804 3802
f 3800 3799 3801
f 3800 3797 3799
f 3174 3798 3173
f 3174 3799 3798
f 3925 3927 3924
f 3925 3928 3927
f 3924 3941 3926
f 3924 3940 3941
f 3162 3942 3163
f 3162 3941 3942
f 3164 3162 3159
f 3164 3165 3162
f 3165 3170 3173
f 3165 3164 3170
f 3812 3803 3811
f 3812 3805 3803
f 3816 3814 3817
f 3816 3812 3814
f 3826 3815 3817
f 3826 3821 3815
f 3176 3811 3174
f 3176 3813 3811
f 3172 3813 3176
f 3172 3187 3813
f 3187 3080 3192
f 3187 3078 3080
f 3192 3826 3814
f 3192 3193 3826
f 3083 3094 3084
f 3083 3091 3094
f 3825 3082 3084
f 3825 3193 3082
f 3095 3097 3099
f 3095 3093 3097
f 3098 3110 3100
f 3098 3107 3110
f 3111 3113 3115
f 3111 3109 3113
f 3114 3126 3116
f 3114 3123 3126
f 3127 3129 3131
f 3127 3125 3129
f 3130 3142 3132
f 3130 3139 3142
f 3143 3145 3147
f 3143 3141 3145
f 3908 3901 3902
f 3908 3903 3901
f 3146 3155 3148
f 3146 3153 3155
f 3900 3154 3201
f 3900 3155 3154
f 3910 3903 3909
f 3910 3905 3903
f 3947 3911 3948
f 3947 3910 3911
f 3912 3949 3913
f 3912 3947 3949
f 3909 3201 3202
f 3909 3908 3201
f 3202 3207 3911
f 3202 3200 3207
f 3207 3211 3212
f 3207 3206 3211
f 3212 3952 3948
f 3212 3213 3952
f 3213 3215 3220
f 3213 3211 3215
f 3956 3949 3951
f 3956 3953 3949
f 3959 3957 3962
f 3959 3956 3957
f 3957 3952 3958
f 3957 3951 3952
f 3961 3969 3962
f 3961 3967 3969
f 3961 3220 3221
f 3961 3958 3220
f 3917 3788 3789
f 3917 3791 3788
f 3917 3793 3791
f 3917 3918 3793
f 3932 3980 3981
f 3932 3931 3980
f 3935 3933 3936
f 3935 3931 3933
f 3943 3934 3936
f 3943 3940 3934
f 3932 3235 3246
f 3932 3237 3235
f 3246 3943 3933
f 3246 3247 3943
f 3980 3982 3979
f 3980 3983 3982
f 3979 3994 3981
f 3979 3993 3994
f 3233 3995 3234
f 3233 3994 3995
f 3236 3233 3231
f 3236 3237 3233
f 3942 3160 3163
f 3942 3247 3160
f 3973 3968 3969
f 3973 3970 3968
f 3219 3227 3221
f 3219 3226 3227
f 3227 3254 3259
f 3227 3226 3254
f 3261 3967 3259
f 3261 3973 3967
f 3262 3264 3269
f 3262 3258 3264
f 3997 3971 3970
f 3997 3999 3971
f 4004 4002 4007
f 4004 4001 4002
f 4002 3997 3998
f 4002 4001 3997
f 4006 4014 4007
f 4006 4012 4014
f 3261 4003 3998
f 3261 3262 4003
f 4006 3269 3270
f 4006 4003 3269
f 3921 3916 3920
f 3921 3919 3916
f 3996 3988 3989
f 3996 3993 3988
f 4040 3989 3990
f 4040 4039 3989
f 4041 4036 4046
f 4041 4035 4036
f 4037 4036 4034
f 4037 4045 4036
f 4044 4041 4046
f 4044 4039 4041
f 3307 4045 3306
f 3307 4047 4045
f 4047 3297 4044
f 4047 3298 3297
f 3302 3298 3307
f 3302 3294 3298
f 3995 3297 3296
f 3995 3996 3297
f 3232 3296 3295
f 3232 3234 3296
f 4018 4013 4014
f 4018 4015 4013
f 3268 3276 3270
f 3268 3275 3276
f 3276 3313 3318
f 3276 3275 3313
f 3320 4012 3318
f 3320 4018 4012
f 3321 3323 3327
f 3321 3317 3323
f 4048 4016 4015
f 4048 4050 4016
f 4053 4048 4049
f 4053 4052 4048
f 4053 4057 4054
f 4053 4056 4057
f 3320 4056 4049
f 3320 3321 4056
f 4038 4030 4031
f 4038 4034 4030
f 4072 4031 4032
f 4072 4071 4031
f 4074 4073 4075
f 4074 4071 4073
f 4080 4075 4079
f 4080 4076 4075
f 4076 3344 4074
f 4076 3345 3344
f 3347 3345 3349
f 3347 3341 3345
f 3289 3306 3290
f 3289 3303 3306
f 4037 3344 3343
f 4037 4038 3344
f 3289 3343 3342
f 3289 3290 3343
f 4055 4061 4063
f 4055 4054 4061
f 4084 4062 4086
f 4084 4061 4062
f 3326 4057 3327
f 3326 3363 4057
f 3363 3370 4062
f 3363 3362 3370
f 4085 4088 4089
f 4085 4084 4088
f 4096 4086 4087
f 4096 4088 4086
f 3375 3364 3367
f 3375 3370 3364
f 4093 3375 3376
f 4093 4087 3375
f 3975 3794 3793
f 3975 4066 3794
f 3918 4020 3976
f 3918 3919 4020
f 4116 4079 4082
f 4116 4081 4079
f 3348 4080 3390
f 3348 3349 4080
f 3390 4121 3391
f 3390 4081 4121
f 4121 4118 4122
f 4121 4116 4118
f 4125 4122 4124
f 4125 4123 4122
f 3389 4123 3396
f 3389 3391 4123
f 4131 4095 4097
f 4131 4098 4095
f 4096 4094 4097
f 4096 4093 4094
f 3376 3409 3411
f 3376 3374 3409
f 4129 3411 3412
f 4129 4094 3411
f 4132 4133 4131
f 4132 4138 4133
f 4139 4129 4130
f 4139 4132 4129
f 4137 3416 3417
f 4137 4130 3416
f 3409 3416 3412
f 3409 3410 3416
f 4112 4126 4124
f 4112 4113 4126
f 4127 4155 4156
f 4127 4126 4155
f 3395 4125 3424
f 3395 3396 4125
f 3424 4156 3425
f 3424 4127 4156
f 4155 4151 4157
f 4155 4150 4151
f 4160 4157 4159
f 4160 4158 4157
f 3423 4158 3430
f 3423 3425 4158
f 4143 4138 4139
f 4143 4140 4138
f 3417 3443 3445
f 3417 3415 3443
f 3447 4137 3445
f 3447 4143 4137
f 4175 4164 4165
f 4175 4174 4164
f 4172 3451 3452
f 4172 4163 3451
f 3443 3451 3446
f 3443 3444 3451
f 4165 3446 4163
f 4165 3447 3446
f 4166 4141 4140
f 4166 4169 4141
f 4168 4166 4164
f 4168 4169 4166
f 4151 4161 4159
f 4151 4152 4161
f 4162 4192 4193
f 4162 4161 4192
f 3429 4160 3459
f 3429 3430 4160
f 3459 4193 3460
f 3459 4162 4193
f 4192 4189 4194
f 4192 4188 4189
f 4197 4194 4196
f 4197 4195 4194
f 3458 4195 3465
f 3458 3460 4195
f 4203 4174 4176
f 4203 4177 4174
f 4175 4173 4176
f 4175 4172 4173
f 3452 3479 3481
f 3452 3450 3479
f 4201 3481 3482
f 4201 4173 3481
f 4204 4205 4203
f 4204 4211 4205
f 4212 4201 4202
f 4212 4204 4201
f 4209 3484 3485
f 4209 4202 3484
f 3479 3484 3482
f 3479 3480 3484
f 4225 4196 4199
f 4225 4198 4196
f 3464 4197 3492
f 3464 3465 4197
f 3492 4230 3493
f 3492 4198 4230
f 4230 4227 4231
f 4230 4225 4227
f 4234 4231 4233
f 4234 4232 4231
f 3491 4232 3495
f 3491 3493 4232
f 4212 4210 4213
f 4212 4209 4210
f 4213 4242 4214
f 4213 4241 4242
f 3474 3485 3473
f 3474 3519 3485
f 3521 3520 3522
f 3521 3519 3520
f 4244 3521 3522
f 4244 4210 3521
f 4238 4246 4245
f 4238 4239 4246
f 4243 4244 4246
f 4243 4241 4244
f 3518 3523 3515
f 3518 4245 3523
f 3523 3512 3515
f 3523 3520 3512
f 4256 4233 4236
f 4256 4235 4233
f 3529 4234 4235
f 3529 3527 4234
f 3495 3498 3494
f 3495 3527 3498
f 4259 4257 4261
f 4259 4256 4257
f 4264 4260 4259
f 4264 4266 4260
f 3529 4269 3530
f 3529 4260 4269
f 3534 4270 3535
f 3534 4269 4270
f 3530 3531 3526
f 3530 3534 3531
f 4239 4252 4253
f 4239 4238 4252
f 4279 4251 4272
f 4279 4252 4251
f 4251 3550 4272
f 4251 3549 3550
f 3549 3517 3548
f 3549 3518 3517
f 4273 4282 4279
f 4273 4275 4282
f 4273 4278 4274
f 4273 4277 4278
f 3558 3550 3547
f 3558 4277 3550
f 4270 4267 4271
f 4270 4266 4267
f 4268 4292 4267
f 4268 4294 4292
f 3535 3541 3533
f 3535 3564 3541
f 3560 4271 4293
f 3560 3559 4271
f 3565 3559 3560
f 3565 3564 3559
f 4305 4301 4306
f 4305 4300 4301
f 4292 4300 4293
f 4292 4299 4300
f 3571 4307 3572
f 3571 4305 4307
f 3569 3565 3571
f 3569 3563 3565
f 3554 3600 3558
f 3554 3557 3600
f 4322 4311 4312
f 4322 4321 4311
f 4318 3603 3604
f 4318 4310 3603
f 3597 3603 3601
f 3597 3598 3603
f 4312 3601 4310
f 4312 3602 3601
f 4313 4274 4285
f 4313 4276 4274
f 3602 4278 3600
f 3602 4285 4278
f 4315 4313 4311
f 4315 4316 4313
f 4335 4306 4309
f 4335 4308 4306
f 3609 4307 4308
f 3609 3607 4307
f 3572 3576 3570
f 3572 3607 3576
f 4339 4336 4341
f 4339 4335 4336
f 4343 4340 4339
f 4343 4345 4340
f 4351 4345 4346
f 4351 4350 4345
f 3609 4350 3610
f 3609 4340 4350
f 3610 3611 3606
f 3610 3612 3611
f 3614 3612 3620
f 3614 3611 3612
f 3620 4353 3621
f 3620 4351 4353
f 4373 4366 4367
f 4373 4372 4366
f 4373 4364 4370
f 4373 4365 4364
f 3658 3668 3654
f 3658 4364 3668
f 4365 3663 3668
f 4365 3666 3663
f 4322 4320 4323
f 4322 4318 4320
f 4320 4380 4381
f 4320 4319 4380
f 4323 4382 4324
f 4323 4381 4382
f 3591 3604 3589
f 3591 3669 3604
f 4319 3665 3667
f 4319 3669 3665
f 4366 4380 4368
f 4366 4377 4380
f 3667 4367 4368
f 3667 3666 4367
f 4346 4354 4352
f 4346 4349 4354
f 4357 4352 4355
f 4357 4353 4352
f 4390 4355 4354
f 4390 4392 4355
f 3621 3625 3619
f 3621 3671 3625
f 4359 4393 4400
f 4359 4358 4393
f 3671 4358 3672
f 3671 4357 4358
f 3626 3672 3674
f 3626 3625 3672
f 3673 4359 3679
f 3673 3674 4359
f 4398 4392 4395
f 4398 4393 4392
f 4403 4400 4401
f 4403 4402 4400
f 4406 4404 4403
f 4406 4409 4404
f 4404 3679 4402
f 4404 3680 3679
f 4415 4409 4410
f 4415 4414 4409
f 3680 3682 3678
f 3680 4414 3682
f 3684 3682 3691
f 3684 3681 3682
f 3691 4417 3692
f 3691 4415 4417
f 3690 3692 3696
f 3690 3689 3692
f 4454 4448 4449
f 4454 4453 4448
f 4454 4446 4452
f 4454 4447 4446
f 3749 4446 3750
f 3749 4444 4446
f 3752 3750 3764
f 3752 3748 3750
f 4447 3759 3764
f 4447 3762 3759
f 4360 3761 3763
f 4360 3765 3761
f 3650 3765 3766
f 3650 3648 3765
f 4463 3766 4360
f 4463 3768 3766
f 4448 4461 4450
f 4448 4458 4461
f 4464 4461 4462
f 4464 4463 4461
f 4470 4464 4469
f 4470 4465 4464
f 3763 4449 4450
f 3763 3762 4449
f 4467 4361 4371
f 4467 4362 4361
f 4361 4374 4370
f 4361 4362 4374
f 3656 4363 3658
f 3656 3767 4363
f 3768 4363 3767
f 3768 4371 4363
f 4470 4467 4465
f 4470 4471 4467
f 4410 4418 4416
f 4410 4413 4418
f 4420 4421 4419
f 4420 4422 4421
f 4424 4416 4419
f 4424 4417 4416
f 4421 4426 4425
f 4421 4423 4426
f 4428 4429 4430
f 4428 4426 4429
f 4485 4430 4429
f 4485 4487 4430
f 3698 3703 3695
f 3698 3771 3703
f 3696 3770 3698
f 3696 3769 3770
f 3769 4425 3770
f 3769 4424 4425
f 3705 3771 3772
f 3705 3703 3771
f 4432 3772 4428
f 4432 3773 3772
f 4434 4488 4495
f 4434 4433 4488
f 3773 4433 3774
f 3773 4432 4433
f 3709 3774 3775
f 3709 3708 3774
f 3717 3775 3776
f 3717 3715 3775
f 4497 3776 4434
f 4497 3779 3776
f 4493 4487 4490
f 4493 4488 4487
f 4498 4495 4496
f 4498 4497 4495
f 4503 4498 4502
f 4503 4499 4498
f 4435 3779 4501
f 4435 3778 3779
f 3721 3778 3780
f 3721 3720 3778
f 3729 3780 3781
f 3729 3727 3780
f 4510 3781 4435
f 4510 3784 3781
f 4499 4508 4501
f 4499 4506 4508
f 4511 4508 4509
f 4511 4510 4508
f 4516 4511 4515
f 4516 4512 4511
f 4439 4441 4438
f 4439 4442 4441
f 4437 4521 4522
f 4437 4436 4521
f 4438 4523 4439
f 4438 4522 4523
f 4436 3784 4514
f 4436 3783 3784
f 3733 3783 3785
f 3733 3732 3783
f 3747 3785 3786
f 3747 3745 3785
f 4445 3786 4437
f 4445 3787 3786
f 3743 3787 3749
f 3743 3747 3787
f 4512 4521 4514
f 4512 4520 4521
f 4441 4444 4445
f 4441 4440 4444
f 4440 4455 4452
f 4440 4443 4455
f 4570 4558 4569
f 4570 4559 4558
f 3335 3337 3334
f 3335 4588 3337
f 3337 3333 3332
f 3337 3378 3333
f 4591 3381 4590
f 4591 3382 3381
f 3381 3378 4590
f 3381 3377 3378
f 4561 4563 4565
f 4561 4559 4563
f 4592 4560 4561
f 4592 4588 4560
f 4564 4568 4567
f 4564 4566 4568
f 4563 4583 4566
f 4563 4580 4583
f 4591 4565 4564
f 4591 4592 4565
f 4638 4628 4637
f 4638 4629 4628
f 4640 4644 4643
f 4640 4641 4644
f 4639 4640 4638
f 4639 4642 4640
f 3820 4637 3819
f 3820 4639 4637
f 3815 3810 3820
f 3815 3809 3810
f 4652 4649 4655
f 4652 4648 4649
f 4649 4642 4650
f 4649 4641 4642
f 4657 4652 4658
f 4657 4651 4652
f 4656 4658 4655
f 4656 4660 4658
f 3824 3810 3809
f 3824 4650 3810
f 3824 3827 3838
f 3824 3822 3827
f 3834 4656 3838
f 3834 3836 4656
f 4596 4661 4597
f 4596 4657 4661
f 4599 4661 4662
f 4599 4598 4661
f 4604 4603 4602
f 4604 4605 4603
f 4601 4600 4602
f 4601 4598 4600
f 3853 4599 3852
f 3853 4600 4599
f 4660 3837 4662
f 4660 3836 3837
f 3839 3837 3835
f 3839 3843 3837
f 3843 3850 3852
f 3843 3842 3850
f 4609 4604 4608
f 4609 4606 4604
f 4615 4614 4613
f 4615 4616 4614
f 4612 4611 4613
f 4612 4609 4611
f 3855 4608 3853
f 3855 4610 4608
f 3870 4610 3869
f 3870 4611 4610
f 3856 3855 3851
f 3856 3860 3855
f 3860 3867 3869
f 3860 3859 3867
f 4671 4616 4615
f 4671 4672 4616
f 4671 4619 4677
f 4671 4618 4619
f 3872 4618 3870
f 3872 4619 4618
f 4677 4681 4678
f 4677 4680 4681
f 4681 4686 4685
f 4681 4682 4686
f 3873 3872 3868
f 3873 3877 3872
f 3877 3884 3886
f 3877 3876 3884
f 3886 4683 4680
f 3886 3887 4683
f 4692 4682 4684
f 4692 4691 4682
f 4692 4696 4693
f 4692 4695 4696
f 4696 4700 4699
f 4696 4697 4700
f 4683 3888 4684
f 4683 3887 3888
f 3889 3888 3885
f 3889 3893 3888
f 3893 3897 3898
f 3893 3892 3897
f 3898 4698 4695
f 3898 3899 4698
f 3899 3901 3906
f 3899 3897 3901
f 4707 4705 4710
f 4707 4704 4705
f 4705 4698 4706
f 4705 4697 4698
f 4709 4717 4710
f 4709 4715 4717
f 4709 3906 3907
f 4709 4706 3906
f 4738 4730 4737
f 4738 4731 4730
f 4740 4746 4745
f 4740 4741 4746
f 4739 4740 4738
f 4739 4742 4740
f 3939 4737 3938
f 3939 4739 4737
f 3934 3929 3939
f 3934 3927 3929
f 4623 4743 4744
f 4623 4622 4743
f 4630 4627 4626
f 4630 4631 4627
f 4625 4624 4626
f 4625 4622 4624
f 3928 4623 3930
f 3928 3944 4623
f 3944 3802 3945
f 3944 3800 3802
f 3945 4635 4624
f 3945 3946 4635
f 4743 4746 4741
f 4743 4747 4746
f 4742 3930 4744
f 4742 3929 3930
f 4634 4630 4635
f 4634 4628 4630
f 3805 3819 3806
f 3805 3816 3819
f 4634 3804 3806
f 4634 3946 3804
f 4723 4716 4717
f 4723 4718 4716
f 3905 3914 3907
f 3905 3912 3914
f 4715 3913 3954
f 4715 3914 3913
f 4725 4718 4724
f 4725 4720 4718
f 4755 4726 4757
f 4755 4725 4726
f 4724 3954 3955
f 4724 4723 3954
f 3955 3960 4726
f 3955 3953 3960
f 4756 4758 4761
f 4756 4755 4758
f 4758 4762 4761
f 4758 4759 4762
f 3960 3964 3965
f 3960 3959 3964
f 3965 4760 4757
f 3965 3966 4760
f 3966 3968 3972
f 3966 3964 3968
f 4768 4760 4772
f 4768 4759 4760
f 4768 4773 4769
f 4768 4772 4773
f 4787 4779 4786
f 4787 4780 4779
f 4789 4785 4790
f 4789 4784 4785
f 4788 4790 4787
f 4788 4792 4790
f 3992 4786 3991
f 3992 4788 4786
f 3988 3985 3992
f 3988 3982 3985
f 4732 4793 4733
f 4732 4789 4793
f 4730 4793 4750
f 4730 4733 4793
f 3922 3938 3923
f 3922 3935 3938
f 3986 4750 4794
f 3986 3984 4750
f 3922 3984 3983
f 3922 3923 3984
f 4792 3986 4794
f 4792 3985 3986
f 4770 4775 4777
f 4770 4769 4775
f 4800 4776 4802
f 4800 4775 4776
f 3971 4773 3972
f 3971 4000 4773
f 4000 4005 4776
f 4000 3999 4005
f 4801 4803 4806
f 4801 4800 4803
f 4803 4807 4806
f 4803 4804 4807
f 4005 4009 4010
f 4005 4004 4009
f 4010 4805 4802
f 4010 4011 4805
f 4011 4013 4017
f 4011 4009 4013
f 4813 4805 4817
f 4813 4804 4805
f 4813 4818 4814
f 4813 4817 4818
f 4828 4834 4833
f 4828 4829 4834
f 4841 4826 4840
f 4841 4827 4826
f 4827 4828 4826
f 4827 4830 4828
f 4030 4027 4033
f 4030 4025 4027
f 4779 4831 4798
f 4779 4781 4831
f 4028 4798 4832
f 4028 4026 4798
f 4043 4026 4028
f 4043 4042 4026
f 4040 3991 4042
f 4040 3990 3991
f 4831 4834 4829
f 4831 4835 4834
f 4830 4028 4832
f 4830 4027 4028
f 4035 4028 4025
f 4035 4043 4028
f 4815 4820 4822
f 4815 4814 4820
f 4846 4821 4848
f 4846 4820 4821
f 4016 4818 4017
f 4016 4051 4818
f 4051 4058 4821
f 4051 4050 4058
f 4847 4850 4851
f 4847 4846 4850
f 4857 4848 4849
f 4857 4850 4848
f 4064 4052 4055
f 4064 4058 4052
f 4854 4064 4065
f 4854 4849 4064
f 4868 4840 4843
f 4868 4842 4840
f 4032 4841 4077
f 4032 4033 4841
f 4077 4872 4078
f 4077 4842 4872
f 4874 4862 4873
f 4874 4863 4862
f 4872 4870 4874
f 4872 4868 4870
f 4083 4070 4069
f 4083 4873 4070
f 4083 4072 4078
f 4083 4073 4072
f 4880 4856 4858
f 4880 4860 4856
f 4857 4855 4858
f 4857 4854 4855
f 4065 4085 4090
f 4065 4063 4085
f 4879 4090 4091
f 4879 4855 4090
f 4881 4883 4880
f 4881 4888 4883
f 4882 4888 4881
f 4882 4889 4888
f 4091 4882 4879
f 4091 4092 4882
f 4092 4095 4099
f 4092 4089 4095
f 4862 4896 4877
f 4862 4864 4896
f 4070 4082 4069
f 4070 4119 4082
f 4111 4877 4897
f 4111 4110 4877
f 4120 4110 4111
f 4120 4119 4110
f 4896 4902 4897
f 4896 4901 4902
f 4909 4902 4903
f 4909 4908 4902
f 4114 4909 4115
f 4114 4908 4909
f 4118 4114 4112
f 4118 4120 4114
f 4890 4894 4895
f 4890 4889 4894
f 4911 4891 4890
f 4911 4913 4891
f 4098 4894 4099
f 4098 4135 4894
f 4895 4136 4912
f 4895 4135 4136
f 4917 4911 4912
f 4917 4916 4911
f 4917 4923 4918
f 4917 4922 4923
f 4142 4136 4133
f 4142 4922 4136
f 4903 4927 4910
f 4903 4905 4927
f 4149 4910 4928
f 4149 4148 4910
f 4113 4148 4147
f 4113 4115 4148
f 4927 4929 4926
f 4927 4930 4929
f 4926 4938 4928
f 4926 4934 4938
f 4153 4939 4154
f 4153 4938 4939
f 4149 4150 4147
f 4149 4153 4150
f 4941 4918 4924
f 4941 4920 4918
f 4141 4923 4142
f 4141 4170 4923
f 4924 4171 4942
f 4924 4170 4171
f 4945 4941 4942
f 4945 4944 4941
f 4945 4950 4946
f 4945 4949 4950
f 4178 4171 4168
f 4178 4949 4171
f 4939 4935 4940
f 4939 4934 4935
f 4936 4959 4935
f 4936 4962 4959
f 4187 4940 4960
f 4187 4186 4940
f 4152 4186 4185
f 4152 4154 4186
f 4959 4961 4958
f 4959 4962 4961
f 4958 4972 4960
f 4958 4969 4972
f 4190 4973 4191
f 4190 4972 4973
f 4187 4188 4185
f 4187 4190 4188
f 4976 4946 4955
f 4976 4948 4946
f 4177 4950 4178
f 4177 4207 4950
f 4955 4208 4977
f 4955 4207 4208
f 4978 4976 4975
f 4978 4979 4976
f 4987 4975 4977
f 4987 4983 4975
f 4215 4208 4205
f 4215 4987 4208
f 4973 4970 4974
f 4973 4969 4970
f 4971 4995 4970
f 4971 4997 4995
f 4191 4199 4189
f 4191 4228 4199
f 4222 4974 4996
f 4222 4221 4974
f 4229 4221 4222
f 4229 4228 4221
f 5009 5004 5010
f 5009 5003 5004
f 4995 5003 4996
f 4995 5002 5003
f 4224 4237 4223
f 4224 5009 4237
f 4227 4224 4223
f 4227 4229 4224
f 5017 4981 4982
f 5017 4984 4981
f 4981 4989 4982
f 4981 4983 4989
f 4989 4248 4980
f 4989 4249 4248
f 4211 4249 4215
f 4211 4214 4249
f 5015 4248 4250
f 5015 4980 4248
f 5018 5019 5017
f 5018 5025 5019
f 5026 5015 5016
f 5026 5018 5015
f 5023 4254 4255
f 5023 5016 4254
f 4242 4254 4250
f 4242 4243 4254
f 5004 5012 5010
f 5004 5005 5012
f 5013 5038 5039
f 5013 5012 5038
f 4257 4237 4262
f 4257 4236 4237
f 4262 5039 4263
f 4262 5013 5039
f 5038 5035 5040
f 5038 5034 5035
f 5043 5040 5042
f 5043 5041 5040
f 4261 5041 4265
f 4261 4263 5041
f 5026 5024 5027
f 5026 5023 5024
f 5027 5048 5028
f 5027 5047 5048
f 4255 4281 4283
f 4255 4253 4281
f 5050 4283 4284
f 5050 5024 4283
f 5049 5050 5051
f 5049 5047 5050
f 5051 5057 5056
f 5051 5052 5057
f 5057 4286 4287
f 5057 5052 4286
f 4281 4286 4284
f 4281 4282 4286
f 5064 5042 5045
f 5064 5044 5042
f 4297 5043 5044
f 4297 4295 5043
f 4265 4268 4264
f 4265 4295 4268
f 5068 5065 5070
f 5068 5064 5065
f 5072 5069 5068
f 5072 5074 5069
f 4297 5077 4298
f 4297 5069 5077
f 4302 5078 4303
f 4302 5077 5078
f 4298 4299 4294
f 4298 4302 4299
f 5056 5094 5060
f 5056 5059 5094
f 5059 5093 5094
f 5059 5058 5093
f 4276 4287 4275
f 4276 4326 4287
f 5058 4316 4317
f 5058 4326 4316
f 5084 5096 5093
f 5084 5086 5096
f 5084 5091 5085
f 5084 5090 5091
f 4325 4317 4315
f 4325 5090 4317
f 5078 5075 5079
f 5078 5074 5075
f 5076 5100 5075
f 5076 5101 5100
f 5080 5100 5108
f 5080 5079 5100
f 4303 4309 4301
f 4303 4337 4309
f 4336 5080 4342
f 4336 4337 5080
f 5108 5106 5110
f 5108 5105 5106
f 5113 5110 5112
f 5113 5111 5110
f 4341 5111 4344
f 4341 4342 5111
f 5092 4384 5082
f 5092 4385 4384
f 4321 4385 4325
f 4321 4324 4385
f 5137 4384 4386
f 5137 5082 4384
f 5127 5139 5138
f 5127 5128 5139
f 5136 5137 5139
f 5136 5135 5137
f 5141 5136 5142
f 5141 5135 5136
f 4378 5138 4379
f 4378 5133 5138
f 4383 4379 4387
f 4383 4377 4379
f 4382 4387 4386
f 4382 4383 4387
f 5087 5091 5092
f 5087 5085 5091
f 5141 5088 5087
f 5141 5144 5088
f 5116 5118 5115
f 5116 5119 5118
f 5120 5112 5115
f 5120 5113 5112
f 4344 4348 4343
f 4344 4388 4348
f 5119 5149 5118
f 5119 5150 5149
f 5122 5149 5156
f 5122 5121 5149
f 4388 5121 4389
f 4388 5120 5121
f 4349 4389 4391
f 4349 4348 4389
f 4390 5122 4396
f 4390 4391 5122
f 5159 5156 5157
f 5159 5158 5156
f 5162 5160 5159
f 5162 5165 5160
f 5160 4396 5158
f 5160 4397 4396
f 5171 5165 5166
f 5171 5170 5165
f 4397 4399 4395
f 4397 5170 4399
f 4401 4399 4407
f 4401 4398 4399
f 4407 5173 4408
f 4407 5171 5173
f 5205 5199 5200
f 5205 5204 5199
f 5205 5197 5203
f 5205 5198 5197
f 4459 5197 4460
f 4459 5195 5197
f 4462 4460 4474
f 4462 4458 4460
f 5198 4469 4474
f 5198 4472 4469
f 5126 5129 5125
f 5126 5130 5129
f 5124 5212 5213
f 5124 5123 5212
f 5125 5214 5126
f 5125 5213 5214
f 5123 4471 4473
f 5123 4475 4471
f 4376 4475 4476
f 4376 4374 4475
f 5134 4476 5124
f 5134 4477 4476
f 4372 4477 4378
f 4372 4376 4477
f 5199 5212 5201
f 5199 5209 5212
f 4473 5200 5201
f 4473 4472 5200
f 5129 5133 5134
f 5129 5127 5133
f 5166 5174 5172
f 5166 5169 5174
f 5176 5177 5175
f 5176 5178 5177
f 5179 5172 5175
f 5179 5173 5172
f 4408 4412 4406
f 4408 4478 4412
f 5178 5224 5177
f 5178 5225 5224
f 5181 5224 5231
f 5181 5180 5224
f 4478 5180 4479
f 4478 5179 5180
f 4413 4479 4480
f 4413 4412 4479
f 4420 4480 4481
f 4420 4418 4480
f 5234 4481 5181
f 5234 4484 4481
f 5235 5231 5232
f 5235 5234 5231
f 5240 5235 5239
f 5240 5236 5235
f 5182 4484 5238
f 5182 4483 4484
f 4423 4483 4486
f 4423 4422 4483
f 4485 5182 4491
f 4485 4486 5182
f 5236 5245 5238
f 5236 5243 5245
f 5248 5245 5246
f 5248 5247 5245
f 5252 5248 5251
f 5252 5249 5248
f 5250 4491 5247
f 5250 4492 4491
f 5256 5260 5262
f 5256 5255 5260
f 5250 5256 5259
f 5250 5249 5256
f 5268 5264 5267
f 5268 5265 5264
f 5264 5263 5262
f 5264 5266 5263
f 4492 4494 4490
f 4492 5259 4494
f 4496 4494 4505
f 4496 4493 4494
f 5263 4502 4505
f 5263 4504 4502
f 5272 5276 5278
f 5272 5271 5276
f 5266 5272 5275
f 5266 5265 5272
f 5285 5280 5284
f 5285 5281 5280
f 5280 5279 5278
f 5280 5282 5279
f 4504 4507 4503
f 4504 5275 4507
f 4509 4507 4519
f 4509 4506 4507
f 5279 4515 4519
f 5279 4517 4515
f 4523 5183 4526
f 4523 4525 5183
f 5292 4526 5183
f 5292 4529 4526
f 5281 5290 5283
f 5281 5288 5290
f 5293 5290 5291
f 5293 5292 5290
f 5299 5293 5298
f 5299 5294 5293
f 4518 5282 5283
f 4518 4517 5282
f 4518 4520 4516
f 4518 4525 4520
f 5296 5186 5297
f 5296 5185 5186
f 5190 5192 5189
f 5190 5193 5192
f 5187 5188 5189
f 5187 5185 5188
f 5186 4529 5297
f 5186 4528 4529
f 4443 4528 4530
f 4443 4442 4528
f 4457 4530 4531
f 4457 4455 4530
f 5196 4531 5187
f 5196 4532 4531
f 4453 4532 4459
f 4453 4457 4532
f 5299 5296 5294
f 5299 5300 5296
f 5192 5195 5196
f 5192 5191 5195
f 5191 5206 5203
f 5191 5194 5206
f 3975 4068 4066
f 3975 3977 4068
f 4068 4100 4067
f 4068 5316 4100
f 4100 5317 4101
f 4100 5316 5317
f 3976 5315 3977
f 3976 4107 5315
f 5318 4107 4109
f 5318 5315 4107
f 5317 5323 5320
f 5317 5319 5323
f 5322 5319 5318
f 5322 5323 5319
f 5329 5322 5328
f 5329 5325 5322
f 5331 4179 5321
f 5331 4180 4179
f 4216 5332 4217
f 4216 5331 5332
f 5320 5333 5321
f 5320 5326 5333
f 5332 5336 5334
f 5332 5333 5336
f 5342 5326 5327
f 5342 5341 5326
f 5330 5325 5329
f 5330 5327 5325
f 5341 5338 5336
f 5341 5343 5338
f 5346 4288 5335
f 5346 4289 4288
f 4328 5347 4329
f 4328 5346 5347
f 5334 5348 5335
f 5334 5339 5348
f 5347 5351 5349
f 5347 5348 5351
f 5357 5339 5340
f 5357 5356 5339
f 5345 5338 5344
f 5345 5340 5338
f 5356 5353 5351
f 5356 5358 5353
f 5361 4533 5350
f 5361 4534 4533
f 4538 5362 4539
f 4538 5361 5362
f 5349 5363 5350
f 5349 5354 5363
f 5362 5366 5364
f 5362 5363 5366
f 5372 5354 5355
f 5372 5371 5354
f 5360 5353 5359
f 5360 5355 5353
f 5371 5368 5366
f 5371 5373 5368
f 5376 4544 5365
f 5376 4545 4544
f 5364 5377 5365
f 5364 5369 5377
f 5379 5376 5377
f 5379 5378 5376
f 5385 5381 5379
f 5385 5386 5381
f 5391 5369 5370
f 5391 5390 5369
f 5375 5368 5374
f 5375 5370 5368
f 5390 5387 5385
f 5390 5392 5387
f 5477 5473 5480
f 5477 5472 5473
f 5474 5473 5471
f 5474 5479 5473
f 5482 5477 5483
f 5482 5476 5477
f 5481 5483 5480
f 5481 5485 5483
f 4647 4633 4629
f 4647 5479 4633
f 4643 5481 4647
f 4643 4645 5481
f 5396 5486 5397
f 5396 5482 5486
f 5399 5486 5487
f 5399 5398 5486
f 5404 5403 5402
f 5404 5405 5403
f 5401 5400 5402
f 5401 5398 5400
f 5399 4651 4663
f 5399 4653 4651
f 4663 5408 5400
f 4663 4664 5408
f 5485 4646 5487
f 5485 4645 4646
f 4648 4646 4644
f 4648 4653 4646
f 5410 5404 5409
f 5410 5406 5404
f 5417 5415 5414
f 5417 5418 5415
f 5413 5412 5414
f 5413 5410 5412
f 5409 4664 4665
f 5409 5408 4664
f 4665 4597 4666
f 4665 4596 4597
f 4666 4603 4667
f 4666 4601 4603
f 4667 5420 5412
f 4667 4668 5420
f 5422 5417 5421
f 5422 5419 5417
f 5428 5427 5426
f 5428 5429 5427
f 5425 5424 5426
f 5425 5422 5424
f 5421 4668 4669
f 5421 5420 4668
f 4669 4606 4670
f 4669 4605 4606
f 4670 4614 4673
f 4670 4612 4614
f 4673 5431 5424
f 4673 4674 5431
f 5433 5428 5432
f 5433 5430 5428
f 5439 5438 5437
f 5439 5440 5438
f 5436 5435 5437
f 5436 5433 5435
f 5432 4674 4675
f 5432 5431 4674
f 4675 4679 5434
f 4675 4672 4679
f 4688 5434 4687
f 4688 5435 5434
f 4679 4685 4687
f 4679 4678 4685
f 5444 5439 5443
f 5444 5441 5439
f 5504 5445 5507
f 5504 5444 5445
f 4690 5443 4688
f 4690 5445 5443
f 5505 5508 5512
f 5505 5504 5508
f 5508 5513 5512
f 5508 5509 5513
f 4691 4690 4686
f 4691 4694 4690
f 4694 4699 4701
f 4694 4693 4699
f 4701 5510 5507
f 4701 4702 5510
f 5518 5509 5511
f 5518 5517 5509
f 5518 5522 5519
f 5518 5521 5522
f 5522 5526 5525
f 5522 5523 5526
f 5510 4703 5511
f 5510 4702 4703
f 4704 4703 4700
f 4704 4708 4703
f 4708 4712 4713
f 4708 4707 4712
f 4713 5524 5521
f 4713 4714 5524
f 4714 4716 4721
f 4714 4712 4716
f 5531 5534 5535
f 5531 5530 5534
f 5530 5524 5533
f 5530 5523 5524
f 5534 4721 4722
f 5534 5533 4721
f 5571 5561 5570
f 5571 5562 5561
f 5573 5579 5578
f 5573 5574 5579
f 5572 5573 5571
f 5572 5575 5573
f 4751 4734 4731
f 4751 5570 4734
f 4745 5572 4751
f 4745 4748 5572
f 5464 5576 5577
f 5464 5463 5576
f 5467 5465 5468
f 5467 5463 5465
f 5475 5466 5468
f 5475 5471 5466
f 4747 5464 4749
f 4747 4752 5464
f 4752 4627 4753
f 4752 4625 4627
f 4753 5475 5465
f 4753 4754 5475
f 5576 5579 5574
f 5576 5580 5579
f 5575 4749 5577
f 5575 4748 4749
f 5474 4631 4633
f 5474 4754 4631
f 5541 5539 5538
f 5541 5542 5539
f 5535 5543 5538
f 5535 5536 5543
f 4720 4728 4722
f 4720 4727 4728
f 4728 4756 4763
f 4728 4727 4756
f 4765 5536 4763
f 4765 5543 5536
f 5586 5542 5541
f 5586 5588 5542
f 5594 5597 5598
f 5594 5593 5597
f 5593 5586 5587
f 5593 5592 5586
f 4765 5596 5587
f 4765 4766 5596
f 4771 4766 4762
f 4771 5596 4766
f 4778 4771 4770
f 4778 5597 4771
f 5382 5386 5388
f 5382 5381 5386
f 5451 5383 5382
f 5451 5452 5383
f 5450 5449 5448
f 5450 5451 5449
f 5448 5545 5457
f 5448 5449 5545
f 5553 5388 5389
f 5553 5552 5388
f 5394 5387 5393
f 5394 5389 5387
f 5563 5560 5559
f 5563 5564 5560
f 5620 5559 5560
f 5620 5619 5559
f 4795 5568 5558
f 4795 4796 5568
f 4795 5622 4797
f 4795 5558 5622
f 5624 5611 5623
f 5624 5612 5611
f 5622 5621 5624
f 5622 5619 5621
f 4799 4782 4780
f 4799 5623 4782
f 4799 4784 4797
f 4799 4785 4784
f 5567 5563 5568
f 5567 5561 5563
f 5567 4732 4734
f 5567 4796 4732
f 5604 5602 5601
f 5604 5605 5602
f 5598 5606 5601
f 5598 5599 5606
f 4778 4801 4808
f 4778 4777 4801
f 4810 5599 4808
f 4810 5606 5599
f 5630 5605 5604
f 5630 5632 5605
f 5639 5642 5643
f 5639 5638 5642
f 5638 5630 5631
f 5638 5637 5630
f 4810 5641 5631
f 4810 4811 5641
f 4816 4811 4807
f 4816 5641 4811
f 4823 4816 4815
f 4823 5642 4816
f 5552 5547 5545
f 5552 5554 5547
f 4556 5457 5548
f 4556 4555 5457
f 4573 4556 4574
f 4573 4555 4556
f 4574 4569 4572
f 4574 4571 4569
f 5613 5610 5609
f 5613 5614 5610
f 5650 5609 5610
f 5650 5649 5609
f 5652 5651 5653
f 5652 5649 5651
f 5660 5653 5659
f 5660 5654 5653
f 4844 5660 4845
f 4844 5654 5660
f 4833 5654 4844
f 4833 4838 5654
f 5654 4837 5652
f 5654 4838 4837
f 5617 5613 5618
f 5617 5611 5613
f 5617 4837 4836
f 5617 5618 4837
f 4781 4836 4835
f 4781 4782 4836
f 5643 5666 5646
f 5643 5645 5666
f 4823 4847 4852
f 4823 4822 4847
f 5668 4852 4853
f 5668 5645 4852
f 5667 5670 5671
f 5667 5666 5670
f 5676 5668 5669
f 5676 5670 5668
f 5669 4851 4859
f 5669 4853 4851
f 5548 4582 4581
f 5548 5549 4582
f 4570 4584 4580
f 4570 4571 4584
f 4582 4584 4581
f 4582 4586 4584
f 5693 5659 5663
f 5693 5662 5659
f 5692 5662 5693
f 5692 5661 5662
f 4869 4845 4876
f 4869 4843 4845
f 5661 4869 4876
f 5661 4871 4869
f 5695 5684 5692
f 5695 5686 5684
f 5691 5684 5685
f 5691 5690 5684
f 4865 5691 4866
f 4865 5690 5691
f 4870 4865 4863
f 4870 4871 4865
f 5680 5675 5676
f 5680 5678 5675
f 4860 4859 4856
f 4860 4885 4859
f 5699 5679 5678
f 5699 5701 5679
f 5681 4885 4886
f 5681 5680 4885
f 5681 4887 5700
f 5681 4886 4887
f 5706 5699 5700
f 5706 5705 5699
f 5706 5713 5707
f 5706 5712 5713
f 4892 4887 4883
f 4892 5712 4887
f 5549 5557 5556
f 5549 5551 5557
f 5685 5716 5698
f 5685 5687 5716
f 4900 5698 5717
f 4900 4899 5698
f 4864 4899 4898
f 4864 4866 4899
f 5716 5718 5715
f 5716 5719 5718
f 5715 5727 5717
f 5715 5724 5727
f 4906 5728 4907
f 4906 5727 5728
f 4900 4901 4898
f 4900 4906 4901
f 5730 5707 5714
f 5730 5709 5707
f 4891 5713 4892
f 4891 4914 5713
f 5714 4915 5731
f 5714 4914 4915
f 5736 5739 5741
f 5736 5735 5739
f 5735 5730 5731
f 5735 5734 5730
f 4916 4915 4913
f 4916 4921 4915
f 4925 4921 4919
f 4925 5739 4921
f 5557 5547 5555
f 5557 5551 5547
f 5725 5723 5748
f 5725 5722 5723
f 5757 5748 5752
f 5757 5749 5748
f 5728 5725 5729
f 5728 5724 5725
f 4932 5729 5751
f 4932 4931 5729
f 4905 4931 4930
f 4905 4907 4931
f 5749 5762 5751
f 5749 5761 5762
f 4932 4937 4929
f 4932 5762 4937
f 5741 5766 5744
f 5741 5743 5766
f 4920 4925 4919
f 4920 4951 4925
f 4953 4952 4954
f 4953 4951 4952
f 5769 4953 4954
f 5769 5743 4953
f 5768 5769 5770
f 5768 5766 5769
f 5770 5775 5774
f 5770 5771 5775
f 4956 4944 4947
f 4956 4952 4944
f 5775 4956 4957
f 5775 5771 4956
f 5764 5757 5758
f 5764 5761 5757
f 5782 5758 5759
f 5782 5781 5758
f 5784 5783 5785
f 5784 5781 5783
f 5790 5785 5789
f 5790 5786 5785
f 5786 4964 5784
f 5786 4965 4964
f 4967 4965 4968
f 4967 4961 4965
f 5763 4936 4937
f 5763 4963 4936
f 5763 4964 4963
f 5763 5764 4964
f 5774 5799 5777
f 5774 5776 5799
f 4948 4957 4947
f 4948 4990 4957
f 4992 4991 4993
f 4992 4990 4991
f 5802 4992 4993
f 5802 5776 4992
f 5795 5804 5803
f 5795 5796 5804
f 5801 5802 5804
f 5801 5799 5802
f 4985 5803 4986
f 4985 5798 5803
f 4986 4979 4978
f 4986 4991 4979
f 5811 5789 5792
f 5811 5791 5789
f 5000 5790 5791
f 5000 4998 5790
f 4968 4971 4967
f 4968 4998 4971
f 5814 5812 5816
f 5814 5811 5812
f 5819 5815 5814
f 5819 5821 5815
f 5000 5824 5001
f 5000 5815 5824
f 5006 5825 5007
f 5006 5824 5825
f 5001 5002 4997
f 5001 5006 5002
f 5828 5795 5808
f 5828 5797 5795
f 4984 5798 4985
f 4984 5021 5798
f 5808 5022 5829
f 5808 5021 5022
f 5830 5828 5827
f 5830 5831 5828
f 5839 5827 5829
f 5839 5836 5827
f 5029 5022 5019
f 5029 5839 5022
f 5825 5822 5826
f 5825 5821 5822
f 5823 5844 5822
f 5823 5846 5844
f 5033 5826 5845
f 5033 5032 5826
f 5005 5032 5031
f 5005 5007 5032
f 5844 5851 5845
f 5844 5850 5851
f 5858 5851 5852
f 5858 5857 5851
f 5036 5858 5037
f 5036 5857 5858
f 5033 5034 5031
f 5033 5036 5034
f 5864 5834 5835
f 5864 5837 5834
f 5834 5841 5835
f 5834 5836 5841
f 5841 5053 5833
f 5841 5054 5053
f 5025 5054 5029
f 5025 5028 5054
f 5862 5053 5055
f 5862 5833 5053
f 5865 5866 5864
f 5865 5873 5866
f 5874 5862 5863
f 5874 5865 5862
f 5871 5061 5062
f 5871 5863 5061
f 5048 5061 5055
f 5048 5049 5061
f 5852 5878 5859
f 5852 5854 5878
f 5860 5878 5883
f 5860 5859 5878
f 5037 5045 5035
f 5037 5066 5045
f 5065 5860 5071
f 5065 5066 5860
f 5883 5882 5886
f 5883 5881 5882
f 5890 5886 5889
f 5890 5887 5886
f 5070 5887 5073
f 5070 5071 5887
f 5874 5872 5875
f 5874 5871 5872
f 5875 5904 5876
f 5875 5903 5904
f 5062 5095 5097
f 5062 5060 5095
f 5906 5097 5098
f 5906 5872 5097
f 5898 5908 5907
f 5898 5899 5908
f 5905 5906 5908
f 5905 5903 5906
f 5089 5099 5086
f 5089 5907 5099
f 5095 5099 5098
f 5095 5096 5099
f 5896 5889 5892
f 5896 5890 5889
f 5914 5892 5891
f 5914 5915 5892
f 5073 5076 5072
f 5073 5102 5076
f 5102 5897 5103
f 5102 5896 5897
f 5104 5897 5917
f 5104 5103 5897
f 5928 5925 5929
f 5928 5924 5925
f 5923 5915 5919
f 5923 5916 5915
f 5916 5924 5917
f 5916 5923 5924
f 5104 5105 5101
f 5104 5107 5105
f 5107 5117 5106
f 5107 5928 5117
f 5954 5942 5943
f 5954 5953 5942
f 5954 5940 5951
f 5954 5941 5940
f 5132 5148 5128
f 5132 5940 5148
f 5941 5142 5148
f 5941 5146 5142
f 5944 5898 5912
f 5944 5900 5898
f 5912 5147 5945
f 5912 5145 5147
f 5145 5088 5144
f 5145 5089 5088
f 5946 5944 5942
f 5946 5947 5944
f 5147 5943 5945
f 5147 5146 5943
f 5935 5929 5932
f 5935 5930 5929
f 5959 5932 5931
f 5959 5960 5932
f 5116 5930 5151
f 5116 5117 5930
f 5151 5936 5152
f 5151 5935 5936
f 5153 5936 5962
f 5153 5152 5936
f 5973 5970 5974
f 5973 5969 5970
f 5968 5960 5964
f 5968 5961 5960
f 5961 5969 5962
f 5961 5968 5969
f 5153 5154 5150
f 5153 5155 5154
f 5157 5155 5163
f 5157 5154 5155
f 5163 5975 5164
f 5163 5973 5975
f 5994 6004 6003
f 5994 5995 6004
f 6012 6006 6011
f 6012 6007 6006
f 6006 6005 6004
f 6006 6008 6005
f 5210 6003 5211
f 5210 6000 6003
f 5215 5211 5220
f 5215 5209 5211
f 5214 5220 5218
f 5214 5215 5220
f 6008 5218 6005
f 6008 5219 5218
f 6009 5937 5952
f 6009 5938 5937
f 5937 5955 5951
f 5937 5938 5955
f 5130 5939 5132
f 5130 5217 5939
f 5219 5939 5217
f 5219 5952 5939
f 6012 6009 6007
f 6012 6013 6009
f 5978 5980 5977
f 5978 5981 5980
f 5983 5974 5977
f 5983 5975 5974
f 5164 5168 5162
f 5164 5221 5168
f 5980 5985 5984
f 5980 5982 5985
f 5986 6021 6024
f 5986 5985 6021
f 5221 5984 5222
f 5221 5983 5984
f 5169 5222 5223
f 5169 5168 5222
f 5176 5223 5226
f 5176 5174 5223
f 6024 5226 5986
f 6024 5229 5226
f 6025 6022 6029
f 6025 6021 6022
f 6030 6025 6029
f 6030 6026 6025
f 5988 5229 6028
f 5988 5228 5229
f 5233 5228 5988
f 5233 5225 5228
f 6026 6035 6028
f 6026 6033 6035
f 6038 6035 6036
f 6038 6037 6035
f 6041 6039 6038
f 6041 6044 6039
f 5239 5233 5241
f 5239 5232 5233
f 6039 5241 6037
f 6039 5242 5241
f 6051 6044 6045
f 6051 6050 6044
f 5242 5244 5240
f 5242 6050 5244
f 5246 5244 5253
f 5246 5243 5244
f 5253 6053 5254
f 5253 6051 6053
f 5252 5254 5257
f 5252 5251 5254
f 5257 6065 5258
f 5257 6063 6065
f 5260 5258 5269
f 5260 5255 5258
f 5269 6067 5270
f 5269 6065 6067
f 5268 5270 5273
f 5268 5267 5270
f 6086 6081 6082
f 6086 6085 6081
f 6086 6079 6084
f 6086 6080 6079
f 5273 6079 5274
f 5273 6077 6079
f 5276 5274 5287
f 5276 5271 5274
f 6080 5284 5287
f 6080 5286 5284
f 6092 6096 6098
f 6092 6091 6096
f 6082 6092 6095
f 6082 6081 6092
f 6105 6100 6104
f 6105 6101 6100
f 6100 6099 6098
f 6100 6102 6099
f 5286 5289 5285
f 5286 6095 5289
f 5291 5289 5303
f 5291 5288 5289
f 6099 5298 5303
f 6099 5301 5298
f 5989 5300 5302
f 5989 5304 5300
f 5190 5304 5305
f 5190 5188 5304
f 6112 5305 5989
f 6112 5308 5305
f 6101 6110 6103
f 6101 6108 6110
f 6113 6110 6111
f 6113 6112 6110
f 6118 6113 6117
f 6118 6114 6113
f 5302 6102 6103
f 5302 5301 6102
f 5993 5996 5992
f 5993 5997 5996
f 5991 6123 6124
f 5991 5990 6123
f 5992 6125 5993
f 5992 6124 6125
f 5990 5308 6116
f 5990 5307 5308
f 5194 5307 5309
f 5194 5193 5307
f 5208 5309 5310
f 5208 5206 5309
f 6001 5310 5991
f 6001 5311 5310
f 5204 5311 5210
f 5204 5208 5311
f 6114 6123 6116
f 6114 6122 6123
f 5996 6000 6001
f 5996 5994 6000
f 6045 6054 6052
f 6045 6048 6054
f 6056 6059 6055
f 6056 6060 6059
f 6064 6052 6055
f 6064 6053 6052
f 6059 6063 6064
f 6059 6058 6063
f 6058 6068 6066
f 6058 6061 6068
f 6070 6073 6069
f 6070 6074 6073
f 6078 6066 6069
f 6078 6067 6066
f 6073 6077 6078
f 6073 6072 6077
f 6072 6087 6084
f 6072 6075 6087
f 6199 6210 6200
f 6199 6209 6210
f 5466 5461 5470
f 5466 5460 5461
f 6138 6137 6136
f 6138 6139 6137
f 6217 6135 6218
f 6217 6134 6135
f 6219 6136 6137
f 6219 6218 6136
f 6134 5476 5488
f 6134 5478 5476
f 5488 6141 6135
f 5488 5489 6141
f 6217 6199 6201
f 6217 6216 6199
f 6200 5462 6201
f 6200 5461 5462
f 5472 5462 5460
f 5472 5478 5462
f 6143 6138 6142
f 6143 6140 6138
f 6150 6148 6147
f 6150 6151 6148
f 6146 6145 6147
f 6146 6143 6145
f 6142 5489 5490
f 6142 6141 5489
f 5490 5397 5491
f 5490 5396 5397
f 5491 5403 5492
f 5491 5401 5403
f 5492 6155 6145
f 5492 5493 6155
f 6154 6150 6155
f 6154 6149 6150
f 6159 6149 6157
f 6159 6152 6149
f 6163 6161 6160
f 6163 6164 6161
f 6157 6166 6160
f 6157 6158 6166
f 5406 5416 5407
f 5406 5413 5416
f 6154 5405 5407
f 6154 5493 5405
f 6158 5415 5494
f 6158 5416 5415
f 6168 6163 6167
f 6168 6165 6163
f 6174 6173 6172
f 6174 6175 6173
f 6171 6170 6172
f 6171 6168 6170
f 6167 5494 5495
f 6167 6166 5494
f 5495 5419 5496
f 5495 5418 5419
f 5496 5427 5497
f 5496 5425 5427
f 5497 6177 6170
f 5497 5498 6177
f 6179 6174 6178
f 6179 6176 6174
f 6185 6184 6183
f 6185 6186 6184
f 6182 6181 6183
f 6182 6179 6181
f 6178 5498 5499
f 6178 6177 5498
f 5499 5430 5500
f 5499 5429 5430
f 5500 5438 5501
f 5500 5436 5438
f 5501 6188 6181
f 5501 5502 6188
f 6190 6185 6189
f 6190 6187 6185
f 6238 6191 6240
f 6238 6190 6191
f 6192 6241 6193
f 6192 6238 6241
f 6189 5502 5503
f 6189 6188 5502
f 5503 5441 5506
f 5503 5440 5441
f 6191 5505 5514
f 6191 5506 5505
f 5514 6244 6240
f 5514 5515 6244
f 6251 6241 6243
f 6251 6246 6241
f 6252 6243 6245
f 6252 6251 6243
f 6252 6256 6253
f 6252 6255 6256
f 6256 6260 6259
f 6256 6257 6260
f 6244 5516 6245
f 6244 5515 5516
f 5517 5516 5513
f 5517 5520 5516
f 5520 5525 5527
f 5520 5519 5525
f 5527 6258 6255
f 5527 5528 6258
f 6265 6268 6269
f 6265 6264 6268
f 6264 6258 6267
f 6264 6257 6258
f 5532 5528 5526
f 5532 6267 5528
f 5540 5532 5531
f 5540 6268 5532
f 6290 6280 6289
f 6290 6281 6280
f 6292 6298 6297
f 6292 6293 6298
f 6291 6292 6290
f 6291 6294 6292
f 5583 5566 5562
f 5583 6289 5566
f 5578 6291 5583
f 5578 5581 6291
f 6207 6295 6296
f 6207 6206 6295
f 6211 6208 6212
f 6211 6206 6208
f 6208 6210 6212
f 6208 6205 6210
f 5580 6207 5582
f 5580 5584 6207
f 5584 5469 5585
f 5584 5467 5469
f 5469 6205 5585
f 5469 5470 6205
f 6295 6298 6293
f 6295 6299 6298
f 6294 5582 6296
f 6294 5581 5582
f 6269 6275 6272
f 6269 6270 6275
f 6272 6304 6271
f 6272 6305 6304
f 6270 5539 5589
f 6270 5540 5539
f 6276 5589 5590
f 6276 6275 5589
f 6276 5591 6307
f 6276 5590 5591
f 6315 6318 6319
f 6315 6314 6318
f 6305 6313 6309
f 6305 6306 6313
f 6314 6306 6307
f 6314 6313 6306
f 5592 5591 5588
f 5592 5595 5591
f 5603 5595 5594
f 5603 6318 5595
f 6282 6279 6278
f 6282 6283 6279
f 6330 6278 6279
f 6330 6329 6278
f 5626 6287 6277
f 5626 5627 6287
f 5626 6332 5628
f 5626 6277 6332
f 6334 6324 6333
f 6334 6325 6324
f 6332 6331 6334
f 6332 6329 6331
f 5629 5616 5612
f 5629 6333 5616
f 5629 5620 5628
f 5629 5621 5620
f 6286 6282 6287
f 6286 6280 6282
f 6286 5564 5566
f 6286 5627 5564
f 6319 6341 6322
f 6319 6321 6341
f 6320 5602 5633
f 6320 5603 5602
f 6320 5635 6321
f 6320 5633 5635
f 6342 6344 6347
f 6342 6341 6344
f 6344 6348 6347
f 6344 6345 6348
f 6354 6358 6359
f 6354 6353 6358
f 6353 6346 6357
f 6353 6345 6346
f 6357 5635 5636
f 6357 6346 5635
f 5637 5636 5632
f 5637 5640 5636
f 5647 5640 5639
f 5647 6358 5640
f 6368 6374 6373
f 6368 6369 6374
f 6380 6366 6379
f 6380 6367 6366
f 6367 6368 6366
f 6367 6370 6368
f 5664 6380 5665
f 5664 6367 6380
f 5664 5650 5657
f 5664 5651 5650
f 5657 6370 6367
f 5657 5658 6370
f 6324 6371 6339
f 6324 6326 6371
f 6328 5614 5616
f 6328 5656 5614
f 6328 5658 5656
f 6328 6339 5658
f 6371 6374 6369
f 6371 6375 6374
f 6359 6387 6362
f 6359 6361 6387
f 5647 5667 5672
f 5647 5646 5667
f 6390 5672 5673
f 6390 6361 5672
f 6388 6392 6393
f 6388 6387 6392
f 6397 6390 6391
f 6397 6392 6390
f 6391 5671 5677
f 6391 5673 5671
f 6363 6381 6379
f 6363 6364 6381
f 6382 6403 6404
f 6382 6381 6403
f 5694 5665 5697
f 5694 5663 5665
f 6382 5694 5697
f 6382 5696 5694
f 6403 6408 6404
f 6403 6407 6408
f 6415 6408 6409
f 6415 6414 6408
f 5688 6415 5689
f 5688 6414 6415
f 5695 5688 5686
f 5695 5696 5688
f 6401 6396 6397
f 6401 6399 6396
f 5679 5677 5675
f 5679 5702 5677
f 6419 6400 6399
f 6419 6421 6400
f 6402 5702 5703
f 6402 6401 5702
f 6402 5704 6420
f 6402 5703 5704
f 6426 6419 6420
f 6426 6425 6419
f 6426 6432 6427
f 6426 6431 6432
f 6432 5710 5711
f 6432 6431 5710
f 5705 5704 5701
f 5705 5710 5704
f 6409 6438 6418
f 6409 6411 6438
f 5721 6418 6439
f 5721 5720 6418
f 5687 5720 5719
f 5687 5689 5720
f 6438 6440 6437
f 6438 6441 6440
f 6437 6450 6439
f 6437 6448 6450
f 5721 5726 5718
f 5721 6450 5726
f 6428 6434 6436
f 6428 6427 6434
f 6455 6435 6459
f 6455 6434 6435
f 5733 5709 5732
f 5733 5711 5709
f 5733 5738 6435
f 5733 5732 5738
f 6457 6459 6460
f 6457 6455 6459
f 6460 6464 6463
f 6460 6461 6464
f 5745 5734 5736
f 5745 5738 5734
f 6464 5745 5746
f 6464 6461 5745
f 6452 6445 6446
f 6452 6448 6445
f 6470 6446 6447
f 6470 6469 6446
f 5753 6452 6444
f 5753 5754 6452
f 5754 5722 5726
f 5754 5723 5722
f 5753 6471 5755
f 5753 6444 6471
f 6473 6470 6474
f 6473 6469 6470
f 6471 6481 6472
f 6471 6473 6481
f 5752 6472 5760
f 5752 5755 6472
f 6463 6485 6466
f 6463 6465 6485
f 5746 5767 5772
f 5746 5744 5767
f 6487 5772 5773
f 6487 6465 5772
f 6486 6489 6490
f 6486 6485 6489
f 6496 6487 6488
f 6496 6489 6487
f 6493 5778 5779
f 6493 6488 5778
f 5767 5778 5773
f 5767 5768 5778
f 6479 6481 6482
f 6479 6478 6481
f 6502 6482 6483
f 6502 6501 6482
f 5759 6478 5787
f 5759 5760 6478
f 5787 6504 5788
f 5787 6479 6504
f 6504 6503 6505
f 6504 6501 6503
f 6510 6505 6509
f 6510 6506 6505
f 5793 6510 5794
f 5793 6506 6510
f 5793 5782 5788
f 5793 5783 5782
f 6496 6494 6497
f 6496 6493 6494
f 6497 6517 6498
f 6497 6516 6517
f 5779 5800 5806
f 5779 5777 5800
f 6519 5806 5807
f 6519 6494 5806
f 6518 6519 6520
f 6518 6516 6519
f 6520 6525 6524
f 6520 6521 6525
f 6525 5809 5810
f 6525 6521 5809
f 5800 5809 5807
f 5800 5801 5809
f 6531 6509 6512
f 6531 6511 6509
f 5812 5794 5817
f 5812 5792 5794
f 5817 6533 5818
f 5817 6511 6533
f 6535 6532 6536
f 6535 6531 6532
f 6533 6541 6534
f 6533 6535 6541
f 5816 6534 5820
f 5816 5818 6534
f 6524 6558 6528
f 6524 6527 6558
f 6527 6557 6558
f 6527 6526 6557
f 5797 5810 5796
f 5797 5842 5810
f 6526 5831 5832
f 6526 5842 5831
f 6549 6560 6557
f 6549 6551 6560
f 6549 6556 6550
f 6549 6555 6556
f 5838 5832 5830
f 5838 6555 5832
f 6540 6545 6541
f 6540 6543 6545
f 5820 5823 5819
f 5820 5847 5823
f 6544 6564 6543
f 6544 6566 6564
f 5847 6546 5848
f 5847 6545 6546
f 5849 6546 6565
f 5849 5848 6546
f 6564 6571 6565
f 6564 6570 6571
f 6578 6571 6572
f 6578 6577 6571
f 5855 6578 5856
f 5855 6577 6578
f 5849 5850 5846
f 5849 5855 5850
f 6594 6582 6583
f 6594 6593 6582
f 5869 5873 5877
f 5869 5866 5873
f 6584 6550 6563
f 6584 6552 6550
f 5837 6556 5838
f 5837 5868 6556
f 6563 5870 6585
f 6563 5868 5870
f 6586 6584 6582
f 6586 6587 6584
f 5870 6583 6585
f 5870 5869 6583
f 6572 6598 6579
f 6572 6574 6598
f 6580 6598 6603
f 6580 6579 6598
f 5854 5880 5879
f 5854 5856 5880
f 5884 5880 6580
f 5884 5879 5880
f 6603 6602 6606
f 6603 6601 6602
f 6610 6606 6609
f 6610 6607 6606
f 5881 5893 5882
f 5881 5884 5893
f 5893 6610 5894
f 5893 6607 6610
f 6594 6592 6595
f 6594 6591 6592
f 6595 6623 6596
f 6595 6622 6623
f 6591 5876 5910
f 6591 5877 5876
f 6625 5910 5911
f 6625 6592 5910
f 6617 6627 6626
f 6617 6618 6627
f 6624 6625 6627
f 6624 6622 6625
f 5901 5913 5899
f 5901 6626 5913
f 5904 5913 5911
f 5904 5905 5913
f 6633 6609 6612
f 6633 6611 6609
f 6635 6612 6613
f 6635 6633 6612
f 5914 5894 5920
f 5914 5891 5894
f 5920 6634 5921
f 5920 6611 6634
f 6638 5921 6634
f 6638 5922 5921
f 6648 6645 6649
f 6648 6644 6645
f 6635 6643 6637
f 6635 6639 6643
f 6638 6644 6647
f 6638 6637 6644
f 5922 5926 5919
f 5922 6647 5926
f 5926 5933 5925
f 5926 6648 5933
f 6670 6656 6657
f 6670 6669 6656
f 5949 5953 5958
f 5949 5946 5953
f 6658 6617 6631
f 6658 6619 6617
f 6631 5950 6659
f 6631 5948 5950
f 5948 5900 5947
f 5948 5901 5900
f 6660 6658 6656
f 6660 6661 6658
f 5950 6657 6659
f 5950 5949 6657
f 6675 6649 6652
f 6675 6651 6649
f 5959 5933 5965
f 5959 5931 5933
f 5965 6677 5966
f 5965 6651 6677
f 6678 6676 6681
f 6678 6675 6676
f 6682 6678 6681
f 6682 6679 6678
f 6680 5966 6677
f 6680 5967 5966
f 6691 6688 6692
f 6691 6687 6688
f 6680 6687 6690
f 6680 6679 6687
f 5967 5971 5964
f 5967 6690 5971
f 5971 5979 5970
f 5971 6691 5979
f 6724 6714 6715
f 6724 6723 6714
f 6724 6712 6722
f 6724 6713 6712
f 5999 6016 5995
f 5999 6712 6016
f 6713 6011 6016
f 6713 6014 6011
f 6716 6667 6717
f 6716 6666 6667
f 6668 6671 6672
f 6668 6666 6671
f 6670 6668 6672
f 6670 6665 6668
f 6667 6013 6015
f 6667 6017 6013
f 5957 6017 6018
f 5957 5955 6017
f 6665 5957 6018
f 6665 5958 5957
f 6718 6716 6714
f 6718 6719 6716
f 6015 6715 6717
f 6015 6014 6715
f 6696 6698 6695
f 6696 6699 6698
f 6700 6692 6695
f 6700 6693 6692
f 5978 6693 6019
f 5978 5979 6693
f 6699 6732 6698
f 6699 6733 6732
f 6702 6732 6737
f 6702 6701 6732
f 6019 6701 6020
f 6019 6700 6701
f 5982 6020 6023
f 5982 5981 6020
f 6022 6702 6031
f 6022 6023 6702
f 6741 6737 6738
f 6741 6740 6737
f 6745 6741 6744
f 6745 6742 6741
f 6743 6031 6740
f 6743 6032 6031
f 6753 6750 6754
f 6753 6749 6750
f 6743 6749 6752
f 6743 6742 6749
f 6032 6034 6030
f 6032 6752 6034
f 6036 6034 6042
f 6036 6033 6034
f 6042 6755 6043
f 6042 6753 6755
f 6814 6809 6810
f 6814 6813 6809
f 6814 6807 6812
f 6814 6808 6807
f 6093 6807 6094
f 6093 6805 6807
f 6096 6094 6107
f 6096 6091 6094
f 6808 6104 6107
f 6808 6106 6104
f 6820 6824 6826
f 6820 6819 6824
f 6810 6820 6823
f 6810 6809 6820
f 6833 6828 6832
f 6833 6829 6828
f 6828 6827 6826
f 6828 6830 6827
f 6106 6109 6105
f 6106 6823 6109
f 6111 6109 6121
f 6111 6108 6109
f 6827 6117 6121
f 6827 6119 6117
f 6704 6838 6839
f 6704 6703 6838
f 6125 6703 6128
f 6125 6127 6703
f 6711 6128 6704
f 6711 6129 6128
f 6829 6838 6831
f 6829 6837 6838
f 6842 6840 6843
f 6842 6839 6840
f 6120 6830 6831
f 6120 6119 6830
f 6120 6122 6118
f 6120 6127 6122
f 6707 6710 6711
f 6707 6706 6710
f 6842 6708 6707
f 6842 6845 6708
f 6706 6725 6722
f 6706 6708 6725
f 5997 6710 5999
f 5997 6129 6710
f 6758 6761 6757
f 6758 6762 6761
f 6766 6754 6757
f 6766 6755 6754
f 6043 6047 6041
f 6043 6130 6047
f 6761 6765 6766
f 6761 6760 6765
f 6760 6770 6768
f 6760 6763 6770
f 6772 6775 6771
f 6772 6776 6775
f 6780 6768 6771
f 6780 6769 6768
f 6057 6048 6049
f 6057 6054 6048
f 6047 6765 6049
f 6047 6130 6765
f 6056 6769 6131
f 6056 6057 6769
f 6775 6779 6780
f 6775 6774 6779
f 6774 6784 6782
f 6774 6777 6784
f 6786 6789 6785
f 6786 6790 6789
f 6793 6782 6785
f 6793 6783 6782
f 6071 6061 6062
f 6071 6068 6061
f 6060 6779 6062
f 6060 6131 6779
f 6070 6783 6132
f 6070 6071 6783
f 6789 6792 6793
f 6789 6788 6792
f 6788 6797 6795
f 6788 6791 6797
f 6799 6801 6798
f 6799 6802 6801
f 6806 6795 6798
f 6806 6796 6795
f 6090 6075 6076
f 6090 6087 6075
f 6074 6792 6076
f 6074 6132 6792
f 6089 6796 6133
f 6089 6090 6796
f 6085 6133 6093
f 6085 6089 6133
f 6801 6805 6806
f 6801 6800 6805
f 6800 6815 6812
f 6800 6803 6815
f 6914 6921 6915
f 6914 6920 6921
f 6912 6921 6918
f 6912 6913 6921
f 6215 6912 6214
f 6215 6913 6912
f 6209 6203 6215
f 6209 6202 6203
f 6928 6859 6929
f 6928 6858 6859
f 6858 6219 6222
f 6858 6221 6219
f 6222 6863 6859
f 6222 6223 6863
f 6928 6914 6916
f 6928 6925 6914
f 6930 6931 6932
f 6930 6929 6931
f 6915 6204 6916
f 6915 6203 6204
f 6216 6204 6202
f 6216 6221 6204
f 6862 6931 6861
f 6862 6934 6931
f 6865 6861 6864
f 6865 6862 6861
f 6872 6870 6869
f 6872 6873 6870
f 6868 6867 6869
f 6868 6865 6867
f 6864 6223 6224
f 6864 6863 6223
f 6224 6140 6225
f 6224 6139 6140
f 6225 6148 6226
f 6225 6146 6148
f 6226 6876 6867
f 6226 6227 6876
f 6875 6872 6876
f 6875 6871 6872
f 6880 6871 6878
f 6880 6874 6871
f 6883 6882 6881
f 6883 6884 6882
f 6878 6886 6881
f 6878 6879 6886
f 6152 6162 6153
f 6152 6159 6162
f 6875 6151 6153
f 6875 6227 6151
f 6879 6161 6228
f 6879 6162 6161
f 6888 6883 6887
f 6888 6885 6883
f 6894 6893 6892
f 6894 6895 6893
f 6891 6890 6892
f 6891 6888 6890
f 6887 6228 6229
f 6887 6886 6228
f 6229 6165 6230
f 6229 6164 6165
f 6230 6173 6231
f 6230 6171 6173
f 6231 6897 6890
f 6231 6232 6897
f 6899 6894 6898
f 6899 6896 6894
f 6902 6901 6903
f 6902 6899 6901
f 6903 6953 6902
f 6903 6955 6953
f 6898 6232 6233
f 6898 6897 6232
f 6233 6176 6234
f 6233 6175 6176
f 6234 6184 6235
f 6234 6182 6184
f 6235 6905 6901
f 6235 6236 6905
f 6956 6907 6963
f 6956 6906 6907
f 6906 6236 6237
f 6906 6905 6236
f 6237 6187 6239
f 6237 6186 6187
f 6239 6193 6247
f 6239 6192 6193
f 6247 6966 6907
f 6247 6250 6966
f 6955 6962 6958
f 6955 6956 6962
f 6963 6967 6964
f 6963 6966 6967
f 6967 6972 6971
f 6967 6968 6972
f 6250 6908 6970
f 6250 6249 6908
f 6249 6254 6908
f 6249 6246 6254
f 6977 6968 6970
f 6977 6975 6968
f 6977 6980 6978
f 6977 6979 6980
f 6981 6983 6980
f 6981 6986 6983
f 6254 6259 6261
f 6254 6253 6259
f 6261 6981 6979
f 6261 6262 6981
f 6986 6992 6987
f 6986 6991 6992
f 6266 6262 6260
f 6266 6991 6262
f 6273 6266 6265
f 6273 6992 6266
f 7007 6999 7006
f 7007 7000 6999
f 7009 7015 7014
f 7009 7010 7015
f 7008 7009 7007
f 7008 7011 7009
f 6303 6285 6281
f 6303 7006 6285
f 6297 7008 6303
f 6297 6301 7008
f 6909 7012 6919
f 6909 6910 7012
f 6922 6909 6918
f 6922 6910 6909
f 6196 6214 6197
f 6196 6211 6214
f 6302 6919 7013
f 6302 6300 6919
f 6196 6300 6299
f 6196 6197 6300
f 7012 7015 7010
f 7012 7016 7015
f 7011 6302 7013
f 7011 6301 6302
f 6996 6987 6993
f 6996 6990 6987
f 6993 7026 6996
f 6993 6995 7026
f 6273 6304 6310
f 6273 6271 6304
f 7029 6310 6311
f 7029 6995 6310
f 7027 7030 7033
f 7027 7026 7030
f 7030 7034 7033
f 7030 7031 7034
f 6311 7032 7029
f 6311 6312 7032
f 7039 7043 7044
f 7039 7038 7043
f 7038 7032 7042
f 7038 7031 7032
f 6316 6312 6309
f 6316 7042 6312
f 6323 6316 6315
f 6323 7043 6316
f 6336 7004 6997
f 6336 6337 7004
f 6336 7054 6338
f 6336 6997 7054
f 7056 7048 7055
f 7056 7049 7048
f 7054 7053 7056
f 7054 7052 7053
f 7053 7058 7059
f 7053 7052 7058
f 6340 6327 6325
f 6340 7055 6327
f 6340 6330 6338
f 6340 6331 6330
f 7003 7001 7004
f 7003 6999 7001
f 7002 7058 7001
f 7002 7061 7058
f 7003 6283 6285
f 7003 6337 6283
f 7044 7070 7047
f 7044 7046 7070
f 6323 6342 6349
f 6323 6322 6342
f 7073 6349 6350
f 7073 7046 6349
f 7071 7074 7077
f 7071 7070 7074
f 7074 7078 7077
f 7074 7075 7078
f 6350 7076 7073
f 6350 6351 7076
f 7082 7076 7087
f 7082 7075 7076
f 7082 7088 7083
f 7082 7087 7088
f 7088 6355 6356
f 7088 7087 6355
f 6355 6351 6348
f 6355 7087 6351
f 7094 7106 7095
f 7094 7105 7106
f 6384 7102 6385
f 6384 7093 7102
f 6373 7093 6384
f 6373 6377 7093
f 7048 7096 7064
f 7048 7050 7096
f 6378 7064 7097
f 6378 6376 7064
f 6326 6376 6375
f 6326 6327 6376
f 7096 7098 7094
f 7096 7099 7098
f 7095 6378 7097
f 7095 6377 6378
f 7084 7090 7092
f 7084 7083 7090
f 7113 7091 7116
f 7113 7090 7091
f 6362 6356 6354
f 6362 6389 6356
f 7091 6388 6394
f 7091 6389 6388
f 7114 7118 7119
f 7114 7113 7118
f 7124 7116 7117
f 7124 7118 7116
f 7117 6393 6398
f 7117 6394 6393
f 7104 7106 7107
f 7104 7102 7106
f 7140 7104 7141
f 7140 7103 7104
f 7142 7107 7108
f 7142 7141 7107
f 6385 6364 6363
f 6385 6416 6364
f 6405 7103 6406
f 6405 6416 7103
f 7143 7132 7140
f 7143 7134 7132
f 7139 7132 7133
f 7139 7138 7132
f 6412 7139 6413
f 6412 7138 7139
f 6406 6407 6405
f 6406 6412 6407
f 7128 7123 7124
f 7128 7125 7123
f 6400 6398 6396
f 6400 6422 6398
f 7147 7126 7125
f 7147 7149 7126
f 7129 6422 6423
f 7129 7128 6422
f 7129 6424 7148
f 7129 6423 6424
f 7153 7147 7148
f 7153 7152 7147
f 7153 7160 7154
f 7153 7159 7160
f 7160 6429 6430
f 7160 7159 6429
f 6425 6424 6421
f 6425 6429 6424
f 7133 7164 7146
f 7133 7135 7164
f 6443 7146 7165
f 6443 6442 7146
f 6411 6442 6441
f 6411 6413 6442
f 7164 7166 7163
f 7164 7167 7166
f 7163 7176 7165
f 7163 7173 7176
f 6443 6449 6440
f 6443 7176 6449
f 7179 7154 7161
f 7179 7156 7154
f 7179 7162 7186
f 7179 7161 7162
f 6436 6430 6428
f 6436 6458 6430
f 7162 6456 6462
f 7162 6458 6456
f 7184 7186 7188
f 7184 7183 7186
f 7188 7191 7190
f 7188 7189 7191
f 7191 6467 6468
f 7191 7189 6467
f 6456 6467 6462
f 6456 6457 6467
f 7171 7198 7172
f 7171 7174 7198
f 7178 7171 7172
f 7178 7173 7171
f 6475 7178 7170
f 6475 6476 7178
f 6476 6445 6449
f 6476 6447 6445
f 6475 7196 6477
f 6475 7170 7196
f 7200 7199 7198
f 7200 7206 7199
f 7196 7207 7197
f 7196 7199 7207
f 6474 7197 6484
f 6474 6477 7197
f 7190 7211 7193
f 7190 7192 7211
f 6468 6486 6491
f 6468 6466 6486
f 7213 6491 6492
f 7213 7192 6491
f 7212 7215 7216
f 7212 7211 7215
f 7222 7213 7214
f 7222 7215 7213
f 7214 6490 6499
f 7214 6492 6490
f 7205 7207 7208
f 7205 7204 7207
f 7227 7208 7209
f 7227 7226 7208
f 6483 7204 6507
f 6483 6484 7204
f 6507 7228 6508
f 6507 7205 7228
f 7230 7227 7231
f 7230 7226 7227
f 7228 7239 7229
f 7228 7230 7239
f 6513 7236 6514
f 6513 7229 7236
f 6513 6502 6508
f 6513 6503 6502
f 7222 7220 7223
f 7222 7219 7220
f 7223 7247 7224
f 7223 7246 7247
f 7219 6498 6522
f 7219 6499 6498
f 7249 6522 6523
f 7249 7220 6522
f 7248 7249 7250
f 7248 7246 7249
f 7250 7255 7254
f 7250 7251 7255
f 7255 6529 6530
f 7255 7251 6529
f 6517 6529 6523
f 6517 6518 6529
f 7237 7239 7240
f 7237 7236 7239
f 7261 7240 7241
f 7261 7260 7240
f 6532 6514 6537
f 6532 6512 6514
f 6537 7262 6538
f 6537 7237 7262
f 7264 7261 7265
f 7264 7260 7261
f 7262 7272 7263
f 7262 7264 7272
f 6536 7263 6542
f 6536 6538 7263
f 7256 7243 7254
f 7256 7244 7243
f 7278 7257 7279
f 7278 7256 7257
f 6530 6559 6562
f 6530 6528 6559
f 6559 7257 6562
f 6559 6561 7257
f 7284 7278 7279
f 7284 7283 7278
f 7284 7291 7285
f 7284 7290 7291
f 7291 6553 6554
f 7291 7290 6553
f 6553 6560 6551
f 6553 6561 6560
f 7271 7276 7272
f 7271 7273 7276
f 6542 6544 6540
f 6542 6567 6544
f 7274 7293 7273
f 7274 7295 7293
f 6567 7277 6568
f 6567 7276 7277
f 6569 7277 7294
f 6569 6568 7277
f 7293 7299 7294
f 7293 7298 7299
f 7305 7299 7300
f 7305 7304 7299
f 6575 7305 6576
f 6575 7304 7305
f 6569 6570 6566
f 6569 6575 6570
f 7323 7311 7312
f 7323 7322 7311
f 6589 6593 6597
f 6589 6586 6593
f 7313 7285 7292
f 7313 7287 7285
f 7292 6590 7314
f 7292 6588 6590
f 6588 6552 6587
f 6588 6554 6552
f 7315 7313 7311
f 7315 7316 7313
f 6590 7312 7314
f 6590 6589 7312
f 7307 7301 7309
f 7307 7300 7301
f 7308 7328 7331
f 7308 7307 7328
f 6574 6600 6599
f 6574 6576 6600
f 6604 6600 7308
f 6604 6599 6600
f 7333 7329 7334
f 7333 7328 7329
f 7331 7338 7332
f 7331 7333 7338
f 6601 6614 6602
f 6601 6604 6614
f 6614 7336 6615
f 6614 7332 7336
f 7323 7321 7324
f 7323 7320 7321
f 7324 7350 7325
f 7324 7349 7350
f 7320 6596 6629
f 7320 6597 6596
f 7352 6629 6630
f 7352 7321 6629
f 7344 7354 7353
f 7344 7345 7354
f 7351 7352 7354
f 7351 7349 7352
f 6620 6632 6618
f 6620 7353 6632
f 6623 6632 6630
f 6623 6624 6632
f 7337 7342 7338
f 7337 7340 7342
f 6613 7336 6640
f 6613 6615 7336
f 7341 7360 7340
f 7341 7362 7360
f 6640 7343 6641
f 6640 7342 7343
f 6642 7343 7361
f 6642 6641 7343
f 7371 7368 7372
f 7371 7367 7368
f 7360 7367 7361
f 7360 7366 7367
f 6642 6643 6639
f 6642 6646 6643
f 6646 6653 6645
f 6646 7371 6653
f 7393 7387 7392
f 7393 7388 7387
f 7385 7399 7398
f 7385 7386 7399
f 7387 7386 7385
f 7387 7389 7386
f 6663 6669 6674
f 6663 6660 6669
f 7390 7344 7358
f 7390 7346 7344
f 7358 6664 7391
f 7358 6662 6664
f 6662 6619 6661
f 6662 6620 6619
f 7393 7390 7388
f 7393 7394 7390
f 6664 7389 7391
f 6664 6663 7389
f 7404 7372 7375
f 7404 7374 7372
f 7406 7375 7376
f 7406 7404 7375
f 6676 6653 6683
f 6676 6652 6653
f 6683 7405 6684
f 6683 7374 7405
f 7409 6684 7405
f 7409 6685 6684
f 7418 7415 7420
f 7418 7414 7415
f 7406 7413 7408
f 7406 7410 7413
f 7409 7414 7416
f 7409 7408 7414
f 6685 6689 6682
f 6685 7416 6689
f 6689 6697 6688
f 6689 7418 6697
f 7434 7443 7442
f 7434 7435 7443
f 7441 7445 7446
f 7441 7440 7445
f 7446 7444 7443
f 7446 7448 7444
f 7442 6729 6728
f 7442 7444 6729
f 6720 6723 6729
f 6720 6718 6723
f 7449 7381 7382
f 7449 7445 7381
f 7400 7380 7398
f 7400 7382 7380
f 7449 7401 7450
f 7449 7400 7401
f 7401 6719 6721
f 7401 6730 6719
f 6673 6730 6731
f 6673 6671 6730
f 7399 6673 6731
f 7399 6674 6673
f 6721 7448 7450
f 6721 6720 7448
f 7424 7427 7423
f 7424 7428 7427
f 7429 7420 7423
f 7429 7421 7420
f 6696 7421 6734
f 6696 6697 7421
f 7428 7456 7427
f 7428 7457 7456
f 7431 7456 7461
f 7431 7430 7456
f 6734 7430 6735
f 6734 7429 7430
f 6739 6735 7431
f 6739 6733 6735
f 7465 7461 7462
f 7465 7464 7461
f 7469 7465 7468
f 7469 7466 7465
f 6744 6739 6746
f 6744 6738 6739
f 7467 6746 7464
f 7467 6747 6746
f 7473 7476 7478
f 7473 7472 7476
f 7467 7473 7475
f 7467 7466 7473
f 7484 7477 7478
f 7484 7482 7477
f 6747 6751 6745
f 6747 7475 6751
f 6751 6759 6750
f 6751 7477 6759
f 7542 7552 7551
f 7542 7543 7552
f 7559 7554 7558
f 7559 7555 7554
f 7554 7553 7552
f 7554 7556 7553
f 6821 7551 6822
f 6821 7548 7551
f 6824 6822 6836
f 6824 6819 6822
f 7553 6832 6836
f 7553 6834 6832
f 7555 7564 7557
f 7555 7563 7564
f 7570 7564 7566
f 7570 7568 7564
f 7566 7569 7570
f 7566 7565 7569
f 6835 7556 7557
f 6835 6834 7556
f 6835 6837 6833
f 6835 6841 6837
f 6843 6841 6847
f 6843 6840 6841
f 7572 6847 7568
f 7572 6848 6847
f 7573 7436 7437
f 7573 7569 7436
f 7573 7434 7454
f 7573 7437 7434
f 6728 6708 6709
f 6728 6725 6708
f 7454 6849 7574
f 7454 6846 6849
f 6846 6708 6845
f 6846 6709 6708
f 6849 7572 7574
f 6849 6848 7572
f 7483 7493 7484
f 7483 7487 7493
f 6758 7482 6850
f 6758 6759 7482
f 7487 7492 7493
f 7487 7486 7492
f 7486 7497 7495
f 7486 7489 7497
f 7499 7502 7498
f 7499 7503 7502
f 7507 7495 7498
f 7507 7496 7495
f 6773 6763 6764
f 6773 6770 6763
f 6762 7492 6764
f 6762 6850 7492
f 6772 7496 6851
f 6772 6773 7496
f 7502 7506 7507
f 7502 7501 7506
f 7501 7511 7509
f 7501 7504 7511
f 7513 7515 7512
f 7513 7516 7515
f 7519 7509 7512
f 7519 7510 7509
f 6787 6777 6778
f 6787 6784 6777
f 6776 7506 6778
f 6776 6851 7506
f 6786 7510 6852
f 6786 6787 7510
f 7515 7521 7520
f 7515 7517 7521
f 7526 7529 7525
f 7526 7530 7529
f 7523 7524 7525
f 7523 7521 7524
f 6852 7520 6853
f 6852 7519 7520
f 6791 6853 6854
f 6791 6790 6853
f 6799 6854 6855
f 6799 6797 6854
f 7534 6855 7523
f 7534 6856 6855
f 7529 7533 7534
f 7529 7528 7533
f 7528 7538 7536
f 7528 7531 7538
f 7540 7544 7539
f 7540 7545 7544
f 7549 7536 7539
f 7549 7537 7536
f 6818 6803 6804
f 6818 6815 6803
f 6802 7533 6804
f 6802 6856 7533
f 6817 7537 6857
f 6817 6818 7537
f 6813 6857 6821
f 6813 6817 6857
f 7544 7548 7549
f 7544 7542 7548
f 7598 7604 7599
f 7598 7603 7604
f 7596 7604 7602
f 7596 7597 7604
f 7596 6926 6927
f 7596 7594 6926
f 6927 6930 6937
f 6927 6925 6930
f 6932 7597 6937
f 6932 6935 7597
f 6934 7581 6936
f 6934 6938 7581
f 6938 6870 6939
f 6938 6868 6870
f 6939 7613 7581
f 6939 6942 7613
f 7611 7598 7600
f 7611 7608 7598
f 7611 7614 7612
f 7611 7613 7614
f 7614 7619 7618
f 7614 7615 7619
f 7599 6936 7600
f 7599 6935 6936
f 6942 7582 7617
f 6942 6941 7582
f 6941 6874 6943
f 6941 6873 6874
f 6943 6882 6944
f 6943 6880 6882
f 6944 7627 7582
f 6944 6947 7627
f 7625 7615 7617
f 7625 7622 7615
f 7625 7628 7626
f 7625 7627 7628
f 7628 7633 7632
f 7628 7629 7633
f 6947 7583 7631
f 6947 6946 7583
f 6946 6885 6948
f 6946 6884 6885
f 6948 6893 6949
f 6948 6891 6893
f 6949 7641 7583
f 6949 6952 7641
f 7638 7629 7631
f 7638 7637 7629
f 7638 7642 7639
f 7638 7641 7642
f 7642 7647 7646
f 7642 7643 7647
f 6952 7584 7645
f 6952 6951 7584
f 6951 6896 6954
f 6951 6895 6896
f 7584 6953 6959
f 7584 6954 6953
f 7652 7643 7645
f 7652 7651 7643
f 7652 7656 7653
f 7652 7655 7656
f 7656 7661 7660
f 7656 7657 7661
f 6959 7658 7655
f 6959 6960 7658
f 7666 7657 7659
f 7666 7664 7657
f 7666 7669 7667
f 7666 7668 7669
f 7670 7672 7669
f 7670 7675 7672
f 7658 6961 7659
f 7658 6960 6961
f 6962 6961 6958
f 6962 6965 6961
f 6965 6971 6973
f 6965 6964 6971
f 6973 7670 7668
f 6973 6974 7670
f 7675 7681 7676
f 7675 7680 7681
f 6976 6974 6972
f 6976 7680 6974
f 6976 6978 6984
f 6976 6975 6978
f 7683 6984 6985
f 7683 7681 6984
f 7692 7701 7693
f 7692 7700 7701
f 7019 7696 7020
f 7019 7691 7696
f 7014 7691 7019
f 7014 7017 7691
f 7591 7589 7588
f 7591 7592 7589
f 7708 7587 7709
f 7708 7586 7587
f 7710 7588 7589
f 7710 7709 7588
f 7016 7586 7018
f 7016 7021 7586
f 7021 6924 7022
f 7021 6922 6924
f 7022 7595 7587
f 7022 7023 7595
f 7023 6920 6926
f 7023 6924 6920
f 7708 7692 7694
f 7708 7705 7692
f 7693 7018 7694
f 7693 7017 7018
f 7594 7591 7595
f 7594 7590 7591
f 7605 7590 7602
f 7605 7593 7590
f 7684 7676 7682
f 7684 7679 7676
f 7682 7687 7685
f 7682 7683 7687
f 7685 7724 7684
f 7685 7726 7724
f 6989 6985 6983
f 6989 7024 6985
f 7727 7689 7734
f 7727 7688 7689
f 7688 7024 7025
f 7688 7687 7024
f 7025 6990 7028
f 7025 6989 6990
f 7689 7027 7035
f 7689 7028 7027
f 7726 7732 7729
f 7726 7727 7732
f 7734 7737 7735
f 7734 7736 7737
f 7738 7740 7737
f 7738 7743 7740
f 7035 7738 7736
f 7035 7036 7738
f 7748 7040 7041
f 7748 7747 7040
f 7040 7036 7034
f 7040 7747 7036
f 7755 7767 7756
f 7755 7766 7767
f 7065 7762 7066
f 7065 7754 7762
f 7059 7754 7065
f 7059 7062 7754
f 7698 7757 7758
f 7698 7697 7757
f 7702 7699 7703
f 7702 7697 7699
f 7699 7701 7703
f 7699 7696 7701
f 7020 7002 7000
f 7020 7067 7002
f 7061 7698 7063
f 7061 7067 7698
f 7757 7759 7755
f 7757 7760 7759
f 7756 7063 7758
f 7756 7062 7063
f 7744 7748 7749
f 7744 7743 7748
f 7750 7744 7749
f 7750 7746 7744
f 7777 7751 7780
f 7777 7750 7751
f 7047 7041 7039
f 7047 7072 7041
f 7751 7071 7079
f 7751 7072 7071
f 7778 7781 7783
f 7778 7777 7781
f 7782 7785 7781
f 7782 7787 7785
f 7079 7782 7780
f 7079 7080 7782
f 7792 7085 7086
f 7792 7791 7085
f 7085 7080 7078
f 7085 7791 7080
f 7798 7808 7799
f 7798 7807 7808
f 7105 7100 7109
f 7105 7098 7100
f 7764 7800 7801
f 7764 7763 7800
f 7768 7765 7769
f 7768 7763 7765
f 7765 7767 7769
f 7765 7762 7767
f 7066 7050 7049
f 7066 7110 7050
f 7099 7764 7101
f 7099 7110 7764
f 7800 7802 7798
f 7800 7803 7802
f 7799 7101 7801
f 7799 7100 7101
f 7788 7792 7793
f 7788 7787 7792
f 7794 7788 7793
f 7794 7790 7788
f 7823 7795 7827
f 7823 7794 7795
f 7092 7086 7084
f 7092 7115 7086
f 7795 7114 7120
f 7795 7115 7114
f 7824 7828 7830
f 7824 7823 7828
f 7829 7831 7828
f 7829 7835 7831
f 7120 7829 7827
f 7120 7121 7829
f 7121 7123 7127
f 7121 7119 7123
f 7806 7808 7809
f 7806 7804 7808
f 7847 7806 7848
f 7847 7805 7806
f 7849 7809 7810
f 7849 7848 7809
f 7108 7804 7145
f 7108 7109 7804
f 7805 7142 7145
f 7805 7144 7142
f 7850 7841 7847
f 7850 7843 7841
f 7846 7841 7842
f 7846 7845 7841
f 7136 7846 7137
f 7136 7845 7846
f 7143 7136 7134
f 7143 7144 7136
f 7832 7836 7859
f 7832 7831 7836
f 7859 7866 7863
f 7859 7860 7866
f 7836 7838 7839
f 7836 7835 7838
f 7126 7838 7127
f 7126 7150 7838
f 7839 7151 7862
f 7839 7150 7151
f 7871 7860 7862
f 7871 7868 7860
f 7872 7157 7158
f 7872 7871 7157
f 7152 7151 7149
f 7152 7157 7151
f 7842 7875 7855
f 7842 7844 7875
f 7169 7855 7876
f 7169 7168 7855
f 7135 7168 7167
f 7135 7137 7168
f 7875 7877 7874
f 7875 7878 7877
f 7874 7885 7876
f 7874 7881 7885
f 7169 7175 7166
f 7169 7885 7175
f 7869 7872 7873
f 7869 7868 7872
f 7890 7870 7869
f 7890 7892 7870
f 7873 7182 7891
f 7873 7181 7182
f 7181 7156 7180
f 7181 7158 7156
f 7898 7903 7904
f 7898 7897 7903
f 7897 7890 7891
f 7897 7896 7890
f 7183 7182 7180
f 7183 7185 7182
f 7194 7185 7184
f 7194 7903 7185
f 7886 7882 7889
f 7886 7881 7882
f 7883 7909 7882
f 7883 7912 7909
f 7886 7174 7175
f 7886 7202 7174
f 7203 7889 7910
f 7203 7202 7889
f 7909 7911 7908
f 7909 7912 7911
f 7908 7920 7910
f 7908 7916 7920
f 7203 7210 7200
f 7203 7920 7210
f 7906 7898 7904
f 7906 7899 7898
f 7932 7907 7933
f 7932 7906 7907
f 7194 7212 7217
f 7194 7193 7212
f 7933 7217 7218
f 7933 7907 7217
f 7928 7932 7934
f 7928 7927 7932
f 7934 7937 7936
f 7934 7935 7937
f 7935 7216 7225
f 7935 7218 7216
f 7233 7206 7210
f 7233 7209 7206
f 7941 7951 7942
f 7941 7950 7951
f 7231 7940 7242
f 7231 7234 7940
f 7234 7942 7940
f 7234 7235 7942
f 7921 7917 7922
f 7921 7916 7917
f 7918 7943 7917
f 7918 7946 7943
f 7921 7235 7233
f 7921 7922 7235
f 7943 7945 7941
f 7943 7946 7945
f 7938 7928 7936
f 7938 7929 7928
f 7968 7939 7969
f 7968 7938 7939
f 7937 7224 7252
f 7937 7225 7224
f 7969 7252 7253
f 7969 7939 7252
f 7962 7971 7970
f 7962 7963 7971
f 7963 7968 7971
f 7963 7961 7968
f 7245 7259 7243
f 7245 7970 7259
f 7247 7259 7253
f 7247 7248 7259
f 7950 7955 7951
f 7950 7952 7955
f 7241 7949 7266
f 7241 7242 7949
f 7949 7268 7266
f 7949 7955 7268
f 7271 7269 7275
f 7271 7265 7269
f 7953 7975 7952
f 7953 7978 7975
f 7975 7977 7974
f 7975 7978 7977
f 7974 7986 7976
f 7974 7982 7986
f 7986 7268 7976
f 7986 7269 7268
f 7990 7962 7973
f 7990 7964 7962
f 7973 7282 7991
f 7973 7281 7282
f 7281 7244 7280
f 7281 7245 7244
f 7992 7990 7989
f 7992 7993 7990
f 8001 7989 7991
f 8001 7997 7989
f 8002 7288 7289
f 8002 8001 7288
f 7283 7282 7280
f 7283 7288 7282
f 7987 7983 7988
f 7987 7982 7983
f 7984 8004 7983
f 7984 8006 8004
f 7987 7274 7275
f 7987 7296 7274
f 7297 7988 8005
f 7297 7296 7988
f 8004 8010 8005
f 8004 8009 8010
f 8015 8010 8011
f 8015 8014 8010
f 7302 8015 7303
f 7302 8014 8015
f 7297 7298 7295
f 7297 7302 7298
f 8035 8022 8023
f 8035 8034 8022
f 7318 7322 7326
f 7318 7315 7322
f 7998 8002 8003
f 7998 7997 8002
f 8024 7999 7998
f 8024 8027 7999
f 8003 7319 8025
f 8003 7317 7319
f 7317 7287 7316
f 7317 7289 7287
f 8026 8024 8022
f 8026 8027 8024
f 7319 8023 8025
f 7319 7318 8023
f 8017 8012 8019
f 8017 8011 8012
f 8018 8039 8041
f 8018 8017 8039
f 7303 7309 7301
f 7303 7330 7309
f 7329 8018 7335
f 7329 7330 8018
f 8043 8040 8044
f 8043 8039 8040
f 8041 8050 8042
f 8041 8043 8050
f 7334 8042 7339
f 7334 7335 8042
f 8035 8033 8036
f 8035 8032 8033
f 8036 8068 8037
f 8036 8067 8068
f 8032 7325 7356
f 8032 7326 7325
f 8071 7356 7357
f 8071 8033 7356
f 8063 8069 8073
f 8063 8062 8069
f 8063 8066 8061
f 8063 8072 8066
f 8069 8071 8073
f 8069 8067 8071
f 7347 7359 7345
f 7347 8072 7359
f 7350 7359 7357
f 7350 7351 7359
f 8049 8054 8050
f 8049 8051 8054
f 7339 7341 7337
f 7339 7363 7341
f 8052 8077 8051
f 8052 8079 8077
f 7363 8055 7364
f 7363 8054 8055
f 7365 8055 8078
f 7365 7364 8055
f 8082 8084 8087
f 8082 8081 8084
f 8077 8082 8078
f 8077 8081 8082
f 8093 8086 8087
f 8093 8091 8086
f 7365 7366 7362
f 7365 7369 7366
f 7369 7377 7368
f 7369 8086 7377
f 8060 8064 8119
f 8060 8059 8064
f 8104 8117 8116
f 8104 8105 8117
f 8114 8119 8120
f 8114 8113 8119
f 8120 8118 8117
f 8120 8122 8118
f 7383 7403 7380
f 7383 8116 7403
f 8118 7392 7403
f 8118 7396 7392
f 8064 8066 8076
f 8064 8061 8066
f 8076 7397 8124
f 8076 7395 7397
f 7395 7346 7394
f 7395 7347 7346
f 7397 8122 8124
f 7397 7396 8122
f 8092 8097 8093
f 8092 8095 8097
f 7376 8091 7411
f 7376 7377 8091
f 8096 8127 8095
f 8096 8128 8127
f 8099 8127 8132
f 8099 8098 8127
f 7411 8098 7412
f 7411 8097 8098
f 7417 7412 8099
f 7417 7410 7412
f 8137 8132 8133
f 8137 8135 8132
f 8135 8143 8136
f 8135 8137 8143
f 7413 7425 7415
f 7413 7417 7425
f 7425 8141 7426
f 7425 8136 8141
f 8103 8106 8102
f 8103 8107 8106
f 8102 8180 8103
f 8102 8179 8180
f 8112 7451 8101
f 8112 7452 7451
f 8183 7451 7453
f 8183 8101 7451
f 8176 8181 8185
f 8176 8175 8181
f 8176 8177 8174
f 8176 8184 8177
f 8181 8183 8185
f 8181 8179 8183
f 7438 7455 7435
f 7438 8184 7455
f 7440 7455 7453
f 7440 7441 7455
f 8106 8111 8112
f 8106 8104 8111
f 7381 8111 7383
f 7381 7452 8111
f 8142 8149 8143
f 8142 8144 8149
f 7424 8141 7458
f 7424 7426 8141
f 8144 8151 8150
f 8144 8146 8151
f 8152 8189 8190
f 8152 8151 8189
f 8191 8153 8154
f 8191 8189 8153
f 7458 8150 7459
f 7458 8149 8150
f 7463 7459 8152
f 7463 7457 7459
f 7468 7463 7470
f 7468 7462 7463
f 8194 7470 8190
f 8194 7471 7470
f 8191 8198 8193
f 8191 8195 8198
f 8199 8201 8204
f 8199 8198 8201
f 8194 8199 8200
f 8194 8193 8199
f 8210 8206 8209
f 8210 8207 8206
f 8206 8205 8204
f 8206 8208 8205
f 7471 7474 7469
f 7471 8200 7474
f 7476 7474 7485
f 7476 7472 7474
f 8205 7480 7485
f 8205 7481 7480
f 7483 7481 7490
f 7483 7480 7481
f 8214 8217 8219
f 8214 8213 8217
f 8208 8214 8216
f 8208 8207 8214
f 8225 8218 8219
f 8225 8223 8218
f 7490 8218 7491
f 7490 8216 8218
f 8266 8270 8272
f 8266 8265 8270
f 8266 8268 8264
f 8266 8271 8268
f 8276 8273 8275
f 8276 8274 8273
f 8274 8280 8273
f 8274 8282 8280
f 8280 8271 8272
f 8280 8279 8271
f 8284 8288 8291
f 8284 8283 8288
f 8284 8285 8282
f 8284 8290 8285
f 8288 8293 8294
f 8288 8287 8293
f 8294 8292 8291
f 8294 8296 8292
f 7547 7562 7543
f 7547 8290 7562
f 8292 7558 7562
f 8292 7560 7558
f 8297 8158 8159
f 8297 8293 8158
f 8297 8166 8298
f 8297 8165 8166
f 8167 8169 8170
f 8167 8165 8169
f 8168 8178 8170
f 8168 8174 8178
f 7565 8166 7575
f 7565 7567 8166
f 8178 7575 8167
f 8178 7576 7575
f 7561 8296 8298
f 7561 7560 8296
f 7561 7563 7559
f 7561 7567 7563
f 7436 8177 7438
f 7436 7576 8177
f 8224 8234 8225
f 8224 8228 8234
f 7500 7489 7491
f 7500 7497 7489
f 7499 8223 7577
f 7499 7500 8223
f 8228 8233 8234
f 8228 8227 8233
f 8227 8239 8237
f 8227 8230 8239
f 8241 8245 8240
f 8241 8246 8245
f 8251 8237 8240
f 8251 8238 8237
f 7514 7504 7505
f 7514 7511 7504
f 7503 8233 7505
f 7503 7577 8233
f 7513 8238 7578
f 7513 7514 8238
f 8245 8250 8251
f 8245 8244 8250
f 8244 8259 8256
f 8244 8247 8259
f 8269 8256 8260
f 8269 8257 8256
f 8258 8269 8260
f 8258 8264 8269
f 7527 7517 7518
f 7527 7524 7517
f 7516 8250 7518
f 7516 7578 8250
f 7526 8257 7579
f 7526 7527 8257
f 7541 7531 7532
f 7541 7538 7531
f 7530 8268 7532
f 7530 7579 8268
f 7540 8279 7580
f 7540 7541 8279
f 7545 8285 7547
f 7545 7580 8285
f 8313 7609 7610
f 8313 8311 7609
f 7610 7612 7620
f 7610 7608 7612
f 8315 7620 7621
f 8315 8313 7620
f 7621 7619 7623
f 7621 7618 7619
f 8327 8333 8328
f 8327 8332 8333
f 8325 8333 8331
f 8325 8326 8333
f 8325 7623 7624
f 8325 8323 7623
f 7624 7626 7636
f 7624 7622 7626
f 7632 8326 7636
f 7632 7634 8326
f 8340 8327 8329
f 8340 8337 8327
f 8340 8343 8341
f 8340 8342 8343
f 8343 8348 8347
f 8343 8344 8348
f 8328 7635 8329
f 8328 7634 7635
f 7637 7635 7633
f 7637 7640 7635
f 7640 7646 7648
f 7640 7639 7646
f 7648 8345 8342
f 7648 7649 8345
f 8354 8344 8346
f 8354 8351 8344
f 8354 8357 8355
f 8354 8356 8357
f 8358 8360 8357
f 8358 8363 8360
f 8345 7650 8346
f 8345 7649 7650
f 7651 7650 7647
f 7651 7654 7650
f 7654 7660 7662
f 7654 7653 7660
f 7662 8358 8356
f 7662 7663 8358
f 8363 8369 8364
f 8363 8368 8369
f 7665 7663 7661
f 7665 8368 7663
f 7665 7667 7673
f 7665 7664 7667
f 8371 7673 7674
f 8371 8369 7673
f 8389 8381 8388
f 8389 8382 8381
f 8391 8396 8395
f 8391 8392 8396
f 8390 8391 8389
f 8390 8393 8391
f 8388 7706 7707
f 8388 8385 7706
f 7707 7711 7717
f 7707 7705 7711
f 7717 7710 7715
f 7717 7711 7710
f 7715 8393 8390
f 7715 7716 8393
f 8308 8306 8305
f 8308 8309 8306
f 8402 8304 8403
f 8402 8303 8304
f 8404 8305 8306
f 8404 8403 8305
f 7716 8303 8394
f 7716 7714 8303
f 7714 7593 7718
f 7714 7592 7593
f 7718 7607 7719
f 7718 7605 7607
f 7719 8312 8304
f 7719 7720 8312
f 7720 7603 7609
f 7720 7607 7603
f 8402 8392 8394
f 8402 8401 8392
f 8311 8308 8312
f 8311 8307 8308
f 8316 8307 8314
f 8316 8310 8307
f 8320 8318 8317
f 8320 8321 8318
f 8314 8324 8317
f 8314 8315 8324
f 8323 8320 8324
f 8323 8319 8320
f 8334 8319 8331
f 8334 8322 8319
f 8372 8364 8370
f 8372 8367 8364
f 8370 8375 8373
f 8370 8371 8375
f 8373 8422 8372
f 8373 8424 8422
f 7678 7674 7672
f 7678 7722 7674
f 8425 8377 8432
f 8425 8376 8377
f 8376 7722 7723
f 8376 8375 7722
f 7723 7679 7725
f 7723 7678 7679
f 8377 7724 7730
f 8377 7725 7724
f 8424 8430 8427
f 8424 8425 8430
f 8432 8435 8433
f 8432 8434 8435
f 8436 8438 8435
f 8436 8441 8438
f 7730 8436 8434
f 7730 7731 8436
f 8441 8447 8442
f 8441 8446 8447
f 7733 7731 7729
f 7733 8446 7731
f 7733 7735 7741
f 7733 7732 7735
f 8449 7741 7742
f 8449 8447 7741
f 8468 8379 8469
f 8468 8378 8379
f 7760 8378 7761
f 7760 7772 8378
f 7772 7704 7773
f 7772 7702 7704
f 7773 8386 8379
f 7773 7774 8386
f 7774 7700 7706
f 7774 7704 7700
f 8470 8459 8468
f 8470 8461 8459
f 8466 8459 8460
f 8466 8465 8459
f 8470 8471 8472
f 8470 8469 8471
f 7761 7771 7759
f 7761 8465 7771
f 8385 8383 8386
f 8385 8381 8383
f 8384 8471 8383
f 8384 8474 8471
f 8450 8442 8448
f 8450 8445 8442
f 8448 8453 8451
f 8448 8449 8453
f 8451 8482 8450
f 8451 8484 8482
f 7745 7742 7740
f 7745 7775 7742
f 8485 8455 8494
f 8485 8454 8455
f 8454 7775 7776
f 8454 8453 7775
f 7776 7746 7779
f 7776 7745 7746
f 8455 7778 7784
f 8455 7779 7778
f 8484 8490 8487
f 8484 8485 8490
f 8491 8494 8496
f 8491 8490 8494
f 8496 8499 8498
f 8496 8497 8499
f 8497 7783 7786
f 8497 7784 7783
f 7813 7770 7815
f 7813 7768 7770
f 7814 7815 7817
f 7814 7813 7815
f 7815 8467 8457
f 7815 7816 8467
f 7816 7766 7771
f 7816 7770 7766
f 7815 8511 7817
f 7815 8457 8511
f 8513 8505 8512
f 8513 8506 8505
f 8511 8510 8513
f 8511 8509 8510
f 8510 8515 8516
f 8510 8509 8515
f 8512 7811 7812
f 8512 8508 7811
f 7803 7812 7802
f 7803 7814 7812
f 8466 8462 8467
f 8466 8460 8462
f 8463 8515 8462
f 8463 8518 8515
f 8498 8503 8501
f 8498 8499 8503
f 8501 8526 8500
f 8501 8528 8526
f 7789 7786 7785
f 7789 7819 7786
f 8504 7819 7820
f 8504 8503 7819
f 8504 7821 8530
f 8504 7820 7821
f 7820 7790 7825
f 7820 7789 7790
f 7820 7826 7821
f 7820 7825 7826
f 8537 8541 8542
f 8537 8536 8541
f 8528 8535 8532
f 8528 8529 8535
f 8536 8529 8530
f 8536 8535 8529
f 8543 7833 7834
f 8543 8541 7833
f 7826 7830 7833
f 7826 7824 7830
f 7852 7807 7811
f 7852 7810 7807
f 8547 8558 8548
f 8547 8557 8558
f 7856 8554 7857
f 7856 8546 8554
f 7856 7849 7853
f 7856 7850 7849
f 7853 8548 8546
f 7853 7854 8548
f 8505 8549 8522
f 8505 8507 8549
f 8508 7854 7852
f 8508 8522 7854
f 8549 8551 8547
f 8549 8552 8551
f 8542 8565 8545
f 8542 8544 8565
f 8543 7832 7864
f 8543 7834 7832
f 8568 7864 7865
f 8568 8544 7864
f 8566 8570 8571
f 8566 8565 8570
f 8575 8568 8569
f 8575 8570 8568
f 8569 7863 7867
f 8569 7865 7863
f 8556 8558 8559
f 8556 8554 8558
f 8587 8556 8588
f 8587 8555 8556
f 8589 8559 8560
f 8589 8588 8559
f 7857 7844 7843
f 7857 7887 7844
f 7878 8555 7879
f 7878 7887 8555
f 8590 8582 8587
f 8590 8584 8582
f 8586 8582 8583
f 8586 8585 8582
f 7879 7884 7877
f 7879 8585 7884
f 8576 8578 8601
f 8576 8574 8578
f 8579 8574 8575
f 8579 8578 8574
f 7870 7867 7866
f 7870 7893 7867
f 8601 8608 8605
f 8601 8602 8608
f 8580 7893 7894
f 8580 8579 7893
f 8580 7895 8604
f 8580 7894 7895
f 8613 8602 8604
f 8613 8611 8602
f 8614 7900 7901
f 8614 8613 7900
f 7896 7895 7892
f 7896 7900 7895
f 8596 8584 8597
f 8596 8583 8584
f 8595 8622 8616
f 8595 8596 8622
f 8586 7883 7884
f 8586 7913 7883
f 7914 8595 8616
f 7914 7913 8595
f 8625 8617 8622
f 8625 8619 8617
f 8621 8617 8618
f 8621 8620 8617
f 7914 7919 7911
f 7914 8620 7919
f 8609 8612 8634
f 8609 8608 8612
f 8634 8641 8638
f 8634 8635 8641
f 8612 8614 8615
f 8612 8611 8614
f 8615 7926 8637
f 8615 7925 7926
f 7925 7899 7924
f 7925 7901 7899
f 8646 8635 8637
f 8646 8644 8635
f 8647 7930 7931
f 8647 8646 7930
f 7927 7926 7924
f 7927 7930 7926
f 8629 8619 8630
f 8629 8618 8619
f 8628 8656 8649
f 8628 8629 8656
f 8621 7918 7919
f 8621 7947 7918
f 7948 8628 8649
f 7948 7947 8628
f 8659 8650 8656
f 8659 8652 8650
f 8655 8650 8651
f 8655 8654 8650
f 7948 7954 7945
f 7948 8654 7954
f 8642 8645 8666
f 8642 8641 8645
f 8666 8673 8670
f 8666 8667 8673
f 8645 8647 8648
f 8645 8644 8647
f 8648 7960 8669
f 8648 7959 7960
f 7959 7929 7958
f 7959 7931 7929
f 8678 8667 8669
f 8678 8676 8667
f 8679 7965 7966
f 8679 8678 7965
f 7961 7960 7958
f 7961 7965 7960
f 8651 8681 8662
f 8651 8653 8681
f 8655 7953 7954
f 8655 7979 7953
f 7980 8662 8682
f 7980 7979 8662
f 8681 8685 8682
f 8681 8684 8685
f 8689 8685 8686
f 8689 8688 8685
f 7980 7985 7977
f 7980 8688 7985
f 8674 8677 8701
f 8674 8673 8677
f 8701 8709 8705
f 8701 8702 8709
f 8677 8679 8680
f 8677 8676 8679
f 8680 7995 8704
f 8680 7994 7995
f 7994 7964 7993
f 7994 7966 7964
f 8715 8702 8704
f 8715 8714 8702
f 8000 7995 7992
f 8000 8715 7995
f 8695 8687 8696
f 8695 8686 8687
f 8694 8722 8718
f 8694 8695 8722
f 8689 7984 7985
f 8689 8007 7984
f 8008 8694 8718
f 8008 8007 8694
f 8726 8720 8729
f 8726 8719 8720
f 8725 8719 8722
f 8725 8720 8719
f 8008 8009 8006
f 8008 8013 8009
f 8013 8020 8012
f 8013 8726 8020
f 8709 8717 8710
f 8709 8714 8717
f 8710 8750 8711
f 8710 8749 8750
f 8751 8754 8755
f 8751 8749 8754
f 8755 8758 8757
f 8755 8756 8758
f 8029 8756 8754
f 8029 8030 8756
f 8030 8034 8038
f 8030 8026 8034
f 7999 8716 8000
f 7999 8028 8716
f 8029 8716 8028
f 8029 8717 8716
f 8762 8729 8732
f 8762 8731 8729
f 8764 8732 8733
f 8764 8762 8732
f 8040 8020 8045
f 8040 8019 8020
f 8045 8763 8046
f 8045 8731 8763
f 8767 8046 8763
f 8767 8047 8046
f 8049 8047 8053
f 8049 8044 8047
f 8764 8772 8766
f 8764 8768 8772
f 8767 8773 8777
f 8767 8766 8773
f 8778 8773 8774
f 8778 8777 8773
f 8792 8795 8796
f 8792 8791 8795
f 8797 8805 8796
f 8797 8806 8805
f 8798 8744 8745
f 8798 8795 8744
f 8759 8743 8757
f 8759 8745 8743
f 8798 8760 8799
f 8798 8759 8760
f 8758 8037 8075
f 8758 8038 8037
f 8068 8760 8075
f 8068 8070 8760
f 8807 8797 8799
f 8807 8806 8797
f 8058 8062 8057
f 8058 8070 8062
f 8065 8058 8057
f 8065 8807 8058
f 8780 8775 8782
f 8780 8774 8775
f 8781 8810 8812
f 8781 8780 8810
f 8778 8052 8053
f 8778 8080 8052
f 8085 8080 8781
f 8085 8079 8080
f 8814 8811 8815
f 8814 8810 8811
f 8812 8822 8813
f 8812 8814 8822
f 8089 8085 8090
f 8089 8084 8085
f 8089 8813 8094
f 8089 8090 8813
f 8842 8845 8846
f 8842 8841 8845
f 8847 8856 8846
f 8847 8857 8856
f 8848 8787 8788
f 8848 8845 8787
f 8802 8786 8801
f 8802 8788 8786
f 8848 8803 8849
f 8848 8802 8803
f 8804 8805 8809
f 8804 8801 8805
f 8113 8803 8125
f 8113 8115 8803
f 8809 8125 8804
f 8809 8126 8125
f 8059 8126 8065
f 8059 8060 8126
f 8858 8847 8849
f 8858 8857 8847
f 8859 8109 8110
f 8859 8858 8109
f 8109 8114 8105
f 8109 8115 8114
f 8821 8828 8822
f 8821 8823 8828
f 8094 8096 8092
f 8094 8129 8096
f 8823 8830 8829
f 8823 8825 8830
f 8831 8861 8863
f 8831 8830 8861
f 8129 8829 8130
f 8129 8828 8829
f 8134 8130 8831
f 8134 8128 8130
f 8864 8862 8867
f 8864 8861 8862
f 8868 8864 8867
f 8868 8865 8864
f 8138 8134 8139
f 8138 8133 8134
f 8866 8139 8863
f 8866 8140 8139
f 8142 8140 8147
f 8142 8138 8140
f 8879 8876 8882
f 8879 8875 8876
f 8866 8875 8877
f 8866 8865 8875
f 8147 8879 8148
f 8147 8877 8879
f 8922 8926 8929
f 8922 8921 8926
f 8922 8923 8920
f 8922 8928 8923
f 8926 8931 8932
f 8926 8925 8931
f 8932 8930 8929
f 8932 8934 8930
f 8928 8173 8172
f 8928 8930 8173
f 8163 8168 8173
f 8163 8162 8168
f 8935 8837 8838
f 8935 8931 8837
f 8853 8836 8852
f 8853 8838 8836
f 8935 8854 8936
f 8935 8853 8854
f 8855 8856 8860
f 8855 8852 8856
f 8180 8854 8187
f 8180 8182 8854
f 8860 8187 8855
f 8860 8188 8187
f 8164 8934 8936
f 8164 8163 8934
f 8164 8175 8162
f 8164 8182 8175
f 8107 8859 8110
f 8107 8188 8859
f 8886 8890 8885
f 8886 8891 8890
f 8895 8882 8885
f 8895 8883 8882
f 8155 8146 8148
f 8155 8153 8146
f 8154 8883 8196
f 8154 8155 8883
f 8890 8897 8896
f 8890 8892 8897
f 8898 8939 8940
f 8898 8897 8939
f 8941 8899 8900
f 8941 8939 8899
f 8196 8896 8197
f 8196 8895 8896
f 8202 8197 8898
f 8202 8195 8197
f 8209 8202 8211
f 8209 8201 8202
f 8944 8211 8940
f 8944 8212 8211
f 8941 8948 8943
f 8941 8945 8948
f 8949 8951 8954
f 8949 8948 8951
f 8944 8949 8950
f 8944 8943 8949
f 8960 8956 8959
f 8960 8957 8956
f 8956 8955 8954
f 8956 8958 8955
f 8212 8215 8210
f 8212 8950 8215
f 8217 8215 8226
f 8217 8213 8215
f 8955 8221 8226
f 8955 8222 8221
f 8224 8222 8231
f 8224 8221 8222
f 8966 8968 8971
f 8966 8965 8968
f 8958 8966 8967
f 8958 8957 8966
f 8977 8973 8976
f 8977 8974 8973
f 8973 8972 8971
f 8973 8975 8972
f 8231 8970 8232
f 8231 8967 8970
f 8970 8243 8242
f 8970 8972 8243
f 8983 8985 8988
f 8983 8982 8985
f 8975 8983 8984
f 8975 8974 8983
f 8994 8990 8993
f 8994 8991 8990
f 8990 8989 8988
f 8990 8992 8989
f 8248 8987 8249
f 8248 8984 8987
f 8987 8263 8262
f 8987 8989 8263
f 8255 8258 8263
f 8255 8254 8258
f 9000 9003 9006
f 9000 8999 9003
f 8992 9000 9001
f 8992 8991 9000
f 9003 9008 9009
f 9003 9002 9008
f 9009 9007 9006
f 9009 9011 9007
f 8255 8267 8254
f 8255 9001 8267
f 8270 8267 8281
f 8270 8265 8267
f 9007 8275 8281
f 9007 8277 8275
f 9012 8904 8905
f 9012 9008 8904
f 9012 8912 9013
f 9012 8911 8912
f 8913 8915 8916
f 8913 8911 8915
f 8914 8924 8916
f 8914 8920 8924
f 8287 8912 8299
f 8287 8289 8912
f 8924 8299 8913
f 8924 8300 8299
f 8278 9011 9013
f 8278 8277 9011
f 8278 8283 8276
f 8278 8289 8283
f 8172 8159 8160
f 8172 8169 8159
f 8158 8923 8160
f 8158 8300 8923
f 8242 8230 8232
f 8242 8239 8230
f 8246 8243 8248
f 8246 8241 8243
f 8262 8247 8249
f 8262 8259 8247
f 9025 8338 8339
f 9025 9023 8338
f 8339 8341 8349
f 8339 8337 8341
f 9027 8349 8350
f 9027 9025 8349
f 8350 8348 8352
f 8350 8347 8348
f 9035 8352 8353
f 9035 9033 8352
f 8353 8355 8361
f 8353 8351 8355
f 9037 8361 8362
f 9037 9035 8361
f 8399 9047 8400
f 8399 9044 9047
f 8395 9044 8399
f 8395 8397 9044
f 9016 8404 8407
f 9016 8406 8404
f 8407 9062 9016
f 8407 8410 9062
f 9061 9054 9060
f 9061 9056 9054
f 9054 9045 9046
f 9054 9053 9045
f 9060 9063 9061
f 9060 9062 9063
f 9063 9068 9067
f 9063 9064 9068
f 9045 8398 9046
f 9045 8397 8398
f 8401 8398 8396
f 8401 8406 8398
f 8410 9017 9066
f 8410 8409 9017
f 8409 8310 8411
f 8409 8309 8310
f 8411 8318 8412
f 8411 8316 8318
f 8412 9078 9017
f 8412 8415 9078
f 9076 9064 9066
f 9076 9072 9064
f 9076 9079 9077
f 9076 9078 9079
f 9079 9084 9083
f 9079 9080 9084
f 9091 9019 9092
f 9091 9018 9019
f 8415 9018 9082
f 8415 8414 9018
f 8414 8322 8416
f 8414 8321 8322
f 8416 8336 8417
f 8416 8334 8336
f 8417 9024 9019
f 8417 8418 9024
f 8418 8332 8338
f 8418 8336 8332
f 9091 9080 9082
f 9091 9088 9080
f 9093 9094 9096
f 9093 9092 9094
f 9023 9022 9024
f 9023 9021 9022
f 9095 9021 9028
f 9095 9022 9021
f 9104 9026 9029
f 9104 9028 9026
f 9026 9034 9029
f 9026 9027 9034
f 9094 9100 9097
f 9094 9095 9100
f 9105 9106 9107
f 9105 9104 9106
f 9033 9031 9034
f 9033 9030 9031
f 9032 9106 9031
f 9032 9109 9106
f 9038 9030 9036
f 9038 9032 9030
f 9036 9041 9039
f 9036 9037 9041
f 9039 9114 9038
f 9039 9117 9114
f 8366 8362 8360
f 8366 8420 8362
f 9118 9043 9127
f 9118 9042 9043
f 9042 8420 8421
f 9042 9041 8420
f 8421 8367 8423
f 8421 8366 8367
f 9043 8422 8428
f 9043 8423 8422
f 9117 9123 9120
f 9117 9118 9123
f 9127 9130 9128
f 9127 9129 9130
f 9131 9133 9130
f 9131 9137 9133
f 8428 9131 9129
f 8428 8429 9131
f 9137 9143 9138
f 9137 9142 9143
f 8431 8429 8427
f 8431 9142 8429
f 8431 8433 8439
f 8431 8430 8433
f 9145 8439 8440
f 9145 9143 8439
f 9156 9164 9157
f 9156 9163 9164
f 9154 9164 9160
f 9154 9155 9164
f 8477 8464 8461
f 8477 9154 8464
f 8472 9155 8477
f 8472 8475 9155
f 9057 9052 9051
f 9057 9058 9052
f 9049 9050 9051
f 9049 9047 9050
f 9171 9049 9172
f 9171 9048 9049
f 9050 9057 9051
f 9050 9053 9057
f 9173 9051 9052
f 9173 9172 9051
f 8400 8384 8382
f 8400 8478 8384
f 8474 9048 8476
f 8474 8478 9048
f 9171 9156 9158
f 9171 9166 9156
f 9157 8476 9158
f 9157 8475 8476
f 9146 9138 9144
f 9146 9141 9138
f 9144 9149 9147
f 9144 9145 9149
f 9147 9205 9146
f 9147 9208 9205
f 8444 8440 8438
f 8444 8480 8440
f 9209 9151 9219
f 9209 9150 9151
f 9150 8480 8481
f 9150 9149 8480
f 8481 8445 8483
f 8481 8444 8445
f 9151 8482 8488
f 9151 8483 8482
f 9208 9214 9211
f 9208 9209 9214
f 9215 9219 9221
f 9215 9214 9219
f 9220 9224 9221
f 9220 9222 9224
f 8488 9222 9220
f 8488 8489 9222
f 9230 8492 8493
f 9230 9229 8492
f 8492 8489 8487
f 8492 9229 8489
f 9234 9242 9235
f 9234 9241 9242
f 8523 9238 8524
f 8523 9233 9238
f 8516 9233 8523
f 8516 8520 9233
f 9161 9249 9236
f 9161 9162 9249
f 9163 9252 9165
f 9163 9167 9252
f 9250 9160 9165
f 9250 9162 9160
f 8521 9161 9236
f 8521 8519 9161
f 8463 8519 8518
f 8463 8464 8519
f 9249 9234 9236
f 9249 9245 9234
f 9251 9252 9253
f 9251 9250 9252
f 9235 8521 9236
f 9235 8520 8521
f 9224 9228 9226
f 9224 9227 9228
f 9226 9267 9225
f 9226 9270 9267
f 9228 9230 9231
f 9228 9227 9230
f 9271 9232 9281
f 9271 9231 9232
f 8500 8493 8491
f 8500 8527 8493
f 9232 8526 8533
f 9232 8527 8526
f 9270 9276 9273
f 9270 9271 9276
f 9277 9281 9283
f 9277 9276 9281
f 9282 9286 9283
f 9282 9284 9286
f 8533 9284 9282
f 8533 8534 9284
f 9292 8538 8539
f 9292 9291 8538
f 8538 8534 8532
f 8538 9291 8534
f 9240 9242 9243
f 9240 9238 9242
f 9302 9240 9303
f 9302 9239 9240
f 9304 9243 9244
f 9304 9303 9243
f 8524 8507 8506
f 8524 8562 8507
f 8552 9239 8553
f 8552 8562 9239
f 9305 9296 9302
f 9305 9298 9296
f 9301 9296 9297
f 9301 9300 9296
f 8553 8561 8551
f 8553 9300 8561
f 9286 9290 9288
f 9286 9289 9290
f 9288 9322 9287
f 9288 9325 9322
f 9325 9329 9328
f 9325 9326 9329
f 9290 9292 9293
f 9290 9289 9292
f 9327 9294 9338
f 9327 9293 9294
f 8545 8539 8537
f 8545 8567 8539
f 9294 8566 8572
f 9294 8567 8566
f 9336 9340 9342
f 9336 9335 9340
f 9338 9326 9327
f 9338 9335 9326
f 9340 9343 9342
f 9340 9341 9343
f 9341 8571 8577
f 9341 8572 8571
f 8592 8557 8561
f 8592 8560 8557
f 9347 9356 9348
f 9347 9355 9356
f 8598 9353 8599
f 8598 9346 9353
f 8598 8589 8593
f 8598 8590 8589
f 8593 9348 9346
f 8593 8594 9348
f 9297 9349 9311
f 9297 9299 9349
f 9301 8594 8592
f 9301 9311 8594
f 9349 9351 9347
f 9349 9352 9351
f 9330 9337 9372
f 9330 9329 9337
f 9372 9376 9375
f 9372 9373 9376
f 9374 9336 9344
f 9374 9337 9336
f 9384 9345 9385
f 9384 9344 9345
f 9343 8576 8606
f 9343 8577 8576
f 9385 8606 8607
f 9385 9345 8606
f 9382 9386 9388
f 9382 9381 9386
f 9384 9373 9374
f 9384 9381 9373
f 9386 9389 9388
f 9386 9387 9389
f 9387 8605 8610
f 9387 8607 8605
f 9355 9395 9357
f 9355 9358 9395
f 9354 9356 9357
f 9354 9353 9356
f 8624 8599 8626
f 8624 8597 8599
f 8626 9393 8627
f 8626 9354 9393
f 9397 9396 9395
f 9397 9403 9396
f 9393 9404 9394
f 9393 9396 9404
f 8631 9401 8632
f 8631 9394 9401
f 8631 8624 8627
f 8631 8625 8624
f 9377 9383 9409
f 9377 9376 9383
f 9409 9415 9412
f 9409 9410 9415
f 9411 9382 9390
f 9411 9383 9382
f 9422 9391 9423
f 9422 9390 9391
f 9389 8609 8639
f 9389 8610 8609
f 9423 8639 8640
f 9423 9391 8639
f 9420 9424 9426
f 9420 9419 9424
f 9422 9410 9411
f 9422 9419 9410
f 9424 9427 9426
f 9424 9425 9427
f 9425 8638 8643
f 9425 8640 8638
f 9403 9433 9405
f 9403 9406 9433
f 9402 9404 9405
f 9402 9401 9404
f 8658 8632 8660
f 8658 8630 8632
f 8660 9431 8661
f 8660 9402 9431
f 9435 9434 9433
f 9435 9441 9434
f 9431 9442 9432
f 9431 9434 9442
f 8663 9439 8664
f 8663 9432 9439
f 8663 8658 8661
f 8663 8659 8658
f 9416 9421 9447
f 9416 9415 9421
f 9447 9453 9450
f 9447 9448 9453
f 9449 9420 9428
f 9449 9421 9420
f 9460 9429 9461
f 9460 9428 9429
f 9427 8642 8671
f 9427 8643 8642
f 9461 8671 8672
f 9461 9429 8671
f 9458 9462 9464
f 9458 9457 9462
f 9460 9448 9449
f 9460 9457 9448
f 9462 9465 9464
f 9462 9463 9465
f 9463 8670 8675
f 9463 8672 8670
f 9441 9471 9443
f 9441 9444 9471
f 9440 9442 9443
f 9440 9439 9442
f 8664 8653 8652
f 8664 8690 8653
f 8691 8692 8693
f 8691 8690 8692
f 8692 9469 8693
f 8692 9440 9469
f 9473 9472 9471
f 9473 9479 9472
f 9469 9480 9470
f 9469 9472 9480
f 8684 8697 8687
f 8684 8691 8697
f 8697 9477 8698
f 8697 9470 9477
f 9454 9459 9488
f 9454 9453 9459
f 9488 9495 9491
f 9488 9489 9495
f 9490 9458 9466
f 9490 9459 9458
f 9504 9467 9505
f 9504 9466 9467
f 9465 8674 8706
f 9465 8675 8674
f 9505 8706 8707
f 9505 9467 8706
f 9504 9489 9490
f 9504 9501 9489
f 9501 9502 9500
f 9501 9506 9502
f 9506 8713 8712
f 9506 9508 8713
f 9508 8705 8713
f 9508 8707 8705
f 9479 9512 9481
f 9479 9482 9512
f 9478 9480 9481
f 9478 9477 9480
f 8724 8698 8727
f 8724 8696 8698
f 8727 9510 8728
f 8727 9478 9510
f 9514 9517 9513
f 9514 9518 9517
f 9510 9517 9511
f 9510 9513 9517
f 8734 9516 8735
f 8734 9511 9516
f 8734 8724 8728
f 8734 8725 8724
f 9512 9519 9514
f 9512 9515 9519
f 9495 9503 9496
f 9495 9500 9503
f 9496 9546 9497
f 9496 9545 9546
f 9547 9550 9551
f 9547 9545 9550
f 9551 9554 9553
f 9551 9552 9554
f 8738 9552 9550
f 8738 8739 9552
f 8738 9502 8737
f 8738 9503 9502
f 8737 8753 8740
f 8737 8752 8753
f 8712 8750 8752
f 8712 8711 8750
f 8739 8747 8746
f 8739 8740 8747
f 8747 8751 8743
f 8747 8753 8751
f 8733 9516 8769
f 8733 8735 9516
f 9523 9521 9528
f 9523 9518 9521
f 9529 9522 9530
f 9529 9521 9522
f 9528 9561 9558
f 9528 9529 9561
f 8769 9528 8770
f 8769 9523 9528
f 8771 9528 9558
f 8771 8770 9528
f 9561 9566 9565
f 9561 9562 9566
f 9566 9563 9567
f 9566 9562 9563
f 9574 9564 9565
f 9574 9572 9564
f 8771 8772 8768
f 8771 8776 8772
f 8776 8783 8775
f 8776 9564 8783
f 9593 9596 9597
f 9593 9592 9596
f 9598 9606 9597
f 9598 9607 9606
f 9599 9540 9541
f 9599 9596 9540
f 9555 9539 9553
f 9555 9541 9539
f 9599 9556 9600
f 9599 9555 9556
f 9554 8741 8800
f 9554 8742 8741
f 8791 9556 8800
f 8791 8793 9556
f 8744 8742 8746
f 8744 8741 8742
f 9608 9598 9600
f 9608 9607 9598
f 9609 8789 8790
f 9609 9608 8789
f 8789 8792 8786
f 8789 8793 8792
f 9573 9579 9574
f 9573 9575 9579
f 8811 8783 8816
f 8811 8782 8783
f 9572 8818 8816
f 9572 9579 8818
f 8821 8819 8826
f 8821 8815 8819
f 9576 9611 9575
f 9576 9613 9611
f 9620 9616 9625
f 9620 9615 9616
f 9611 9615 9612
f 9611 9614 9615
f 9617 8818 9612
f 9617 8819 8818
f 8826 9620 8827
f 8826 9617 9620
f 9655 9658 9659
f 9655 9654 9658
f 9660 9668 9659
f 9660 9669 9668
f 9661 9587 9588
f 9661 9658 9587
f 9603 9586 9602
f 9603 9588 9586
f 9661 9604 9662
f 9661 9603 9604
f 9605 9606 9610
f 9605 9602 9606
f 8841 9604 8850
f 8841 8843 9604
f 9610 8850 9605
f 9610 8851 8850
f 9670 9660 9662
f 9670 9669 9660
f 9671 8839 8840
f 9671 9670 8839
f 8839 8842 8836
f 8839 8843 8842
f 8787 9609 8790
f 8787 8851 9609
f 9629 9633 9628
f 9629 9634 9633
f 9637 9625 9628
f 9637 9626 9625
f 8833 8825 8827
f 8833 8832 8825
f 8862 8833 8869
f 8862 8832 8833
f 9626 8871 8869
f 9626 9637 8871
f 9634 9673 9633
f 9634 9674 9673
f 9639 9673 9676
f 9639 9638 9673
f 9638 8873 8871
f 9638 9639 8873
f 9681 9676 9677
f 9681 9680 9676
f 9685 9681 9684
f 9685 9682 9681
f 8873 8874 8868
f 8873 8878 8874
f 8874 8887 8876
f 8874 8878 8887
f 8880 8889 8887
f 8880 8881 8889
f 9683 8880 9680
f 9683 8881 8880
f 9692 9694 9697
f 9692 9691 9694
f 9683 9692 9693
f 9683 9682 9692
f 9706 9696 9697
f 9706 9704 9696
f 8893 9696 8894
f 8893 9693 9696
f 9787 9784 9786
f 9787 9785 9784
f 9785 9798 9784
f 9785 9799 9798
f 9801 9805 9809
f 9801 9800 9805
f 9801 9802 9799
f 9801 9808 9802
f 9805 9811 9812
f 9805 9804 9811
f 9812 9810 9809
f 9812 9814 9810
f 9808 8919 8918
f 9808 9810 8919
f 8909 8914 8919
f 8909 8908 8914
f 9815 9649 9650
f 9815 9811 9649
f 9665 9648 9664
f 9665 9650 9648
f 9815 9666 9816
f 9815 9665 9666
f 9667 9668 9672
f 9667 9664 9668
f 8925 9666 8937
f 8925 8927 9666
f 9672 8937 9667
f 9672 8938 8937
f 8910 9814 9816
f 8910 8909 9814
f 8910 8921 8908
f 8910 8927 8921
f 8837 9671 8840
f 8837 8938 9671
f 8891 8889 8893
f 8891 8886 8889
f 9705 9713 9706
f 9705 9707 9713
f 8901 8892 8894
f 8901 8899 8892
f 8900 9704 8946
f 8900 8901 9704
f 9707 9720 9719
f 9707 9709 9720
f 9725 9729 9724
f 9725 9730 9729
f 9722 9723 9724
f 9722 9720 9723
f 8946 9719 8947
f 8946 9713 9719
f 8952 8947 9721
f 8952 8945 8947
f 9721 8962 8961
f 9721 9722 8962
f 8959 8952 8961
f 8959 8951 8952
f 9729 9742 9741
f 9729 9731 9742
f 9747 9751 9746
f 9747 9752 9751
f 9744 9745 9746
f 9744 9742 9745
f 9741 8964 8962
f 9741 9743 8964
f 9743 8979 8978
f 9743 9744 8979
f 8964 8965 8960
f 8964 8969 8965
f 8976 8969 8978
f 8976 8968 8969
f 9751 9764 9763
f 9751 9753 9764
f 9769 9774 9768
f 9769 9775 9774
f 9766 9767 9768
f 9766 9764 9767
f 9763 8981 8979
f 9763 9765 8981
f 9765 8996 8995
f 9765 9766 8996
f 8981 8982 8977
f 8981 8986 8982
f 8993 8986 8995
f 8993 8985 8986
f 9774 9795 9794
f 9774 9776 9795
f 9795 9773 9793
f 9795 9776 9773
f 9797 9798 9803
f 9797 9793 9798
f 9794 8998 8996
f 9794 9796 8998
f 9002 9796 9014
f 9002 9004 9796
f 9803 9014 9797
f 9803 9015 9014
f 8998 8999 8994
f 8998 9004 8999
f 8918 8905 8906
f 8918 8915 8905
f 8904 9802 8906
f 8904 9015 9802
f 9071 9068 9073
f 9071 9067 9068
f 9085 9075 9074
f 9085 9086 9075
f 9074 9077 9085
f 9074 9072 9077
f 9087 9084 9089
f 9087 9083 9084
f 9821 9089 9090
f 9821 9820 9089
f 9090 9093 9098
f 9090 9088 9093
f 9823 9098 9099
f 9823 9821 9098
f 9099 9097 9101
f 9099 9096 9097
f 9829 9101 9102
f 9829 9828 9101
f 9102 9105 9110
f 9102 9100 9105
f 9831 9110 9111
f 9831 9829 9110
f 9111 9108 9112
f 9111 9107 9108
f 9837 9112 9113
f 9837 9836 9112
f 9109 9113 9108
f 9109 9116 9113
f 9839 9121 9122
f 9839 9837 9121
f 9116 9119 9121
f 9116 9114 9119
f 9122 9120 9124
f 9122 9119 9120
f 9134 9126 9125
f 9134 9135 9126
f 9125 9128 9134
f 9125 9123 9128
f 9180 9170 9169
f 9180 9181 9170
f 9169 9174 9180
f 9169 9166 9174
f 9180 9847 9181
f 9180 9844 9847
f 9180 9173 9178
f 9180 9174 9173
f 9178 9845 9844
f 9178 9179 9845
f 9070 9059 9056
f 9070 9182 9059
f 9179 9817 9846
f 9179 9177 9817
f 9177 9059 9182
f 9177 9058 9059
f 9070 9184 9183
f 9070 9071 9184
f 9183 9857 9817
f 9183 9186 9857
f 9854 9858 9861
f 9854 9853 9858
f 9853 9845 9846
f 9853 9852 9845
f 9857 9863 9858
f 9857 9859 9863
f 9185 9073 9075
f 9185 9184 9073
f 9186 9818 9860
f 9186 9185 9818
f 9086 9189 9188
f 9086 9087 9189
f 9188 9870 9818
f 9188 9190 9870
f 9867 9871 9874
f 9867 9866 9871
f 9866 9859 9860
f 9866 9865 9859
f 9870 9876 9871
f 9870 9872 9876
f 9824 9884 9873
f 9824 9825 9884
f 9884 9826 9886
f 9884 9825 9826
f 9820 9190 9189
f 9820 9824 9190
f 9823 9192 9826
f 9823 9191 9192
f 9885 9879 9884
f 9885 9881 9879
f 9879 9872 9873
f 9879 9878 9872
f 9884 9887 9885
f 9884 9886 9887
f 9887 9892 9891
f 9887 9888 9892
f 9832 9900 9890
f 9832 9833 9900
f 9900 9834 9902
f 9900 9833 9834
f 9828 9192 9191
f 9828 9832 9192
f 9831 9194 9834
f 9831 9193 9194
f 9900 9888 9890
f 9900 9896 9888
f 9900 9903 9901
f 9900 9902 9903
f 9904 9907 9903
f 9904 9911 9907
f 9840 9917 9905
f 9840 9841 9917
f 9917 9842 9918
f 9917 9841 9842
f 9836 9194 9193
f 9836 9840 9194
f 9839 9197 9842
f 9839 9195 9197
f 9913 9919 9922
f 9913 9912 9919
f 9912 9904 9905
f 9912 9911 9904
f 9918 9923 9919
f 9918 9920 9923
f 9196 9124 9126
f 9196 9195 9124
f 9197 9843 9921
f 9197 9196 9843
f 9135 9200 9199
f 9135 9136 9200
f 9140 9136 9133
f 9140 9200 9136
f 9199 9931 9843
f 9199 9202 9931
f 9928 9932 9934
f 9928 9927 9932
f 9927 9920 9921
f 9927 9926 9920
f 9931 9936 9932
f 9931 9933 9936
f 9201 9141 9206
f 9201 9140 9141
f 9201 9207 9203
f 9201 9206 9207
f 9938 9942 9939
f 9938 9941 9942
f 9941 9202 9203
f 9941 9933 9202
f 9944 9212 9213
f 9944 9942 9212
f 9207 9210 9212
f 9207 9205 9210
f 9213 9211 9216
f 9213 9210 9211
f 9258 9248 9247
f 9258 9259 9248
f 9247 9251 9258
f 9247 9245 9251
f 9258 9950 9259
f 9258 9947 9950
f 9253 9947 9258
f 9253 9256 9947
f 9849 9850 9851
f 9849 9847 9850
f 9959 9849 9960
f 9959 9848 9849
f 9850 9855 9851
f 9850 9852 9855
f 9167 9260 9255
f 9167 9170 9260
f 9255 9848 9257
f 9255 9260 9848
f 9957 9961 9966
f 9957 9956 9961
f 9956 9948 9949
f 9956 9955 9948
f 9959 9963 9961
f 9959 9960 9963
f 9964 9968 9963
f 9964 9970 9968
f 9948 9257 9949
f 9948 9256 9257
f 9965 9854 9862
f 9965 9855 9854
f 9977 9861 9864
f 9977 9862 9861
f 9863 9868 9864
f 9863 9865 9868
f 9978 9971 9976
f 9978 9973 9971
f 9976 9964 9965
f 9976 9971 9964
f 9978 9979 9981
f 9978 9977 9979
f 9980 9867 9875
f 9980 9868 9867
f 9993 9874 9877
f 9993 9875 9874
f 9876 9882 9877
f 9876 9878 9882
f 9979 9987 9982
f 9979 9980 9987
f 9994 9995 9996
f 9994 9993 9995
f 9883 9995 9882
f 9883 9998 9995
f 9924 9913 9922
f 9924 9916 9913
f 9923 9929 9925
f 9923 9926 9929
f 9925 10037 9924
f 9925 10040 10037
f 10041 9928 9935
f 10041 9929 9928
f 10052 9934 9937
f 10052 9935 9934
f 9936 9940 9937
f 9936 9938 9940
f 10040 10047 10043
f 10040 10041 10047
f 10053 10054 10057
f 10053 10052 10054
f 10054 10058 10057
f 10054 10055 10058
f 10056 9939 9945
f 10056 9940 9939
f 10068 9946 10069
f 10068 9945 9946
f 9944 9264 9946
f 9944 9262 9264
f 10065 10070 10072
f 10065 10064 10070
f 10068 10055 10056
f 10068 10064 10055
f 10069 10073 10070
f 10069 10071 10073
f 9225 9218 9215
f 9225 9268 9218
f 9263 9216 9218
f 9263 9262 9216
f 9263 9269 9265
f 9263 9268 9269
f 10076 10080 10077
f 10076 10079 10080
f 10079 9264 9265
f 10079 10071 9264
f 10082 9274 9275
f 10082 10080 9274
f 9269 9272 9274
f 9269 9267 9272
f 9275 9273 9278
f 9275 9272 9273
f 9307 9241 9246
f 9307 9244 9241
f 9312 10088 9313
f 9312 10085 10088
f 9312 9304 9309
f 9312 9305 9304
f 9309 10086 10085
f 9309 9310 10086
f 9952 9953 9954
f 9952 9950 9953
f 10097 9952 10098
f 10097 9951 9952
f 9953 9958 9954
f 9953 9955 9958
f 9308 9246 9248
f 9308 9307 9246
f 9310 9951 10087
f 9310 9308 9951
f 10094 10099 10104
f 10094 10093 10099
f 10093 10086 10087
f 10093 10092 10086
f 10097 10101 10099
f 10097 10098 10101
f 10103 10101 10100
f 10103 10105 10101
f 10102 9957 9967
f 10102 9958 9957
f 10115 9966 9969
f 10115 9967 9966
f 9968 9974 9969
f 9968 9970 9974
f 10100 10109 10103
f 10100 10102 10109
f 10116 10117 10118
f 10116 10115 10117
f 9975 10117 9974
f 9975 10120 10117
f 10059 10066 10205
f 10059 10058 10066
f 10067 10205 10066
f 10067 10208 10205
f 10074 10065 10072
f 10074 10067 10065
f 10073 10078 10075
f 10073 10076 10078
f 10075 10215 10074
f 10075 10218 10215
f 10218 10222 10221
f 10218 10219 10222
f 10220 10077 10083
f 10220 10078 10077
f 10231 10084 10232
f 10231 10083 10084
f 10082 9318 10084
f 10082 9316 9318
f 10229 10233 10235
f 10229 10228 10233
f 10231 10219 10220
f 10231 10228 10219
f 10232 10237 10233
f 10232 10234 10237
f 9287 9280 9277
f 9287 9323 9280
f 9317 9278 9280
f 9317 9316 9278
f 9317 9324 9319
f 9317 9323 9324
f 10241 9318 9319
f 10241 10234 9318
f 10242 9320 9321
f 10242 10241 9320
f 9331 9321 9320
f 9331 9332 9321
f 9324 9328 9331
f 9324 9322 9328
f 10089 10090 10091
f 10089 10088 10090
f 10090 10095 10091
f 10090 10092 10095
f 9313 9299 9298
f 9313 9361 9299
f 9362 9363 9364
f 9362 9361 9363
f 9363 10247 9364
f 9363 10089 10247
f 10252 10251 10250
f 10252 10257 10251
f 10248 10258 10254
f 10248 10249 10258
f 10247 10258 10249
f 10247 10251 10258
f 10248 9359 9360
f 10248 10245 9359
f 9352 9360 9351
f 9352 9362 9360
f 10096 10250 10095
f 10096 10253 10250
f 10107 10094 10104
f 10107 10096 10094
f 10105 10267 10108
f 10105 10110 10267
f 10108 10264 10107
f 10108 10267 10264
f 10223 10230 10387
f 10223 10222 10230
f 10388 10229 10236
f 10388 10230 10229
f 10400 10235 10238
f 10400 10236 10235
f 10237 10240 10238
f 10237 10239 10240
f 10387 10394 10390
f 10387 10388 10394
f 10395 10399 10401
f 10395 10394 10399
f 10399 10403 10401
f 10399 10400 10403
f 10404 10408 10403
f 10404 10411 10408
f 10240 10242 10243
f 10240 10239 10242
f 10243 9367 10406
f 10243 9366 9367
f 9366 9371 9367
f 9366 9370 9371
f 9332 9369 9370
f 9332 9330 9369
f 10414 10404 10406
f 10414 10411 10404
f 10411 10415 10412
f 10411 10414 10415
f 10417 9378 9379
f 10417 10415 9378
f 9371 9375 9378
f 9371 9369 9375
f 10255 10425 10420
f 10255 10256 10425
f 10257 10428 10259
f 10257 10260 10428
f 10426 10254 10259
f 10426 10256 10254
f 10245 9358 9359
f 10245 9399 9358
f 9400 10255 10420
f 9400 9399 10255
f 10422 10427 10432
f 10422 10421 10427
f 10424 10421 10422
f 10424 10423 10421
f 10425 10429 10427
f 10425 10426 10429
f 10430 10429 10428
f 10430 10435 10429
f 9400 9407 9397
f 9400 10423 9407
f 10408 10413 10410
f 10408 10411 10413
f 10410 10570 10409
f 10410 10573 10570
f 10573 10577 10576
f 10573 10574 10577
f 10575 10412 10418
f 10575 10413 10412
f 10586 10419 10587
f 10586 10418 10419
f 10417 9377 9413
f 10417 9379 9377
f 10587 9413 9414
f 10587 10419 9413
f 10584 10588 10590
f 10584 10583 10588
f 10586 10574 10575
f 10586 10583 10574
f 10588 10591 10590
f 10588 10589 10591
f 10589 9412 9417
f 10589 9414 9412
f 10433 10599 10594
f 10433 10434 10599
f 10435 10602 10437
f 10435 10438 10602
f 10600 10432 10437
f 10600 10434 10432
f 10424 9406 9407
f 10424 9437 9406
f 9438 10433 10594
f 9438 9437 10433
f 10596 10601 10606
f 10596 10595 10601
f 10598 10595 10596
f 10598 10597 10595
f 10599 10603 10601
f 10599 10600 10603
f 10604 10603 10602
f 10604 10609 10603
f 9438 9445 9435
f 9438 10597 9445
f 10661 10665 10664
f 10661 10662 10665
f 10663 10501 10502
f 10663 10661 10501
f 10677 10514 10515
f 10677 10675 10514
f 10672 10676 10681
f 10672 10671 10676
f 10674 10662 10663
f 10674 10671 10662
f 10674 10678 10676
f 10674 10675 10678
f 10679 10678 10677
f 10679 10683 10678
f 10578 10585 10734
f 10578 10577 10585
f 10734 10738 10737
f 10734 10735 10738
f 10736 10584 10592
f 10736 10585 10584
f 10747 10593 10748
f 10747 10592 10593
f 10591 9416 9451
f 10591 9417 9416
f 10748 9451 9452
f 10748 10593 9451
f 10745 10749 10751
f 10745 10744 10749
f 10747 10735 10736
f 10747 10744 10735
f 10749 10752 10751
f 10749 10750 10752
f 10750 9450 9455
f 10750 9452 9450
f 10607 10758 10755
f 10607 10608 10758
f 10609 10762 10611
f 10609 10612 10762
f 10759 10606 10611
f 10759 10608 10606
f 10598 9444 9445
f 10598 9475 9444
f 9476 10607 10755
f 9476 9475 10607
f 10758 10763 10761
f 10758 10759 10763
f 10764 10763 10762
f 10764 10768 10763
f 10769 10760 10761
f 10769 10766 10760
f 9483 10760 9484
f 9483 10757 10760
f 9476 9483 9473
f 9476 10757 9483
f 10666 10673 10808
f 10666 10665 10673
f 10808 10812 10811
f 10808 10809 10812
f 10810 10672 10682
f 10810 10673 10672
f 10683 10824 10685
f 10683 10686 10824
f 10822 10681 10685
f 10822 10682 10681
f 10819 10823 10828
f 10819 10818 10823
f 10821 10809 10810
f 10821 10818 10809
f 10821 10825 10823
f 10821 10822 10825
f 10826 10830 10825
f 10826 10832 10830
f 10824 10833 10826
f 10824 10827 10833
f 10739 10746 10887
f 10739 10738 10746
f 10880 10886 10891
f 10880 10879 10886
f 10879 10883 10886
f 10879 10878 10883
f 10883 10887 10888
f 10883 10882 10887
f 10889 10894 10888
f 10889 10895 10894
f 10890 10745 10753
f 10890 10746 10745
f 10899 10754 10900
f 10899 10753 10754
f 10752 9454 9492
f 10752 9455 9454
f 10900 9492 9493
f 10900 10754 9492
f 10899 10889 10890
f 10899 10896 10889
f 10896 10897 10895
f 10896 10901 10897
f 10901 9499 9498
f 10901 10903 9499
f 10903 9491 9499
f 10903 9493 9491
f 10768 10907 10770
f 10768 10771 10907
f 10767 10769 10770
f 10767 10766 10769
f 9482 9524 9515
f 9482 9484 9524
f 9525 9526 9527
f 9525 9524 9526
f 9526 10905 9527
f 9526 10767 10905
f 10909 10912 10908
f 10909 10913 10912
f 10905 10912 10906
f 10905 10908 10912
f 9519 9531 9522
f 9519 9525 9531
f 9531 10911 9532
f 9531 10906 10911
f 10907 10914 10909
f 10907 10910 10914
f 10813 10820 10959
f 10813 10812 10820
f 10960 10819 10829
f 10960 10820 10819
f 10970 10828 10831
f 10970 10829 10828
f 10830 10837 10831
f 10830 10832 10837
f 10959 10965 10962
f 10959 10960 10965
f 10971 10972 10974
f 10971 10970 10972
f 10973 10835 10846
f 10973 10837 10835
f 10846 10836 10847
f 10846 10835 10836
f 10972 10980 10975
f 10972 10973 10980
f 10981 10986 10989
f 10981 10980 10986
f 10986 10990 10989
f 10986 10987 10990
f 10990 10988 10991
f 10990 10987 10988
f 10874 10881 11017
f 10874 10873 10881
f 11017 11025 11020
f 11017 11018 11025
f 11019 10880 10892
f 11019 10881 10880
f 10893 10894 10898
f 10893 10891 10894
f 11032 10893 11033
f 11032 10892 10893
f 11028 11034 11036
f 11028 11027 11034
f 11032 11018 11019
f 11032 11027 11018
f 11034 11037 11036
f 11034 11035 11037
f 9534 11035 11033
f 9534 9535 11035
f 9534 10897 9533
f 9534 10898 10897
f 9533 9549 9536
f 9533 9548 9549
f 9498 9546 9548
f 9498 9497 9546
f 9535 9543 9542
f 9535 9536 9543
f 9543 9547 9539
f 9543 9549 9547
f 9563 9532 9568
f 9563 9530 9532
f 10911 9570 9568
f 10911 10918 9570
f 9573 9571 9577
f 9573 9567 9571
f 10918 10916 10927
f 10918 10913 10916
f 10928 10917 10929
f 10928 10916 10917
f 10927 11044 11041
f 10927 10928 11044
f 11048 10929 10930
f 11048 11045 10929
f 11044 11049 11047
f 11044 11045 11049
f 11050 11053 11049
f 11050 11054 11053
f 11053 11046 11047
f 11053 11052 11046
f 11043 9570 11041
f 11043 9571 9570
f 9577 11046 9578
f 9577 11043 11046
f 11048 11055 11050
f 11048 11051 11055
f 10997 11121 11000
f 10997 11002 11121
f 11000 11118 10999
f 11000 11121 11118
f 11164 11158 11163
f 11164 11159 11158
f 11156 11170 11169
f 11156 11157 11170
f 11158 11157 11156
f 11158 11160 11157
f 11161 11030 11029
f 11161 11165 11030
f 11161 11028 11038
f 11161 11029 11028
f 11161 11039 11162
f 11161 11038 11039
f 11037 9537 9601
f 11037 9538 9537
f 9592 11039 9601
f 9592 9594 11039
f 9540 9538 9542
f 9540 9537 9538
f 11164 11161 11159
f 11164 11165 11161
f 9583 11160 11162
f 9583 9582 11160
f 9582 9590 9589
f 9582 9583 9590
f 9590 9593 9586
f 9590 9594 9593
f 9576 9618 9613
f 9576 9578 9618
f 9619 9621 9622
f 9619 9618 9621
f 11052 9623 9621
f 11052 11059 9623
f 9614 9630 9616
f 9614 9619 9630
f 9622 9632 9630
f 9622 9624 9632
f 11059 11057 11069
f 11059 11054 11057
f 11070 11058 11071
f 11070 11057 11058
f 11069 11180 11177
f 11069 11070 11180
f 11184 11071 11072
f 11184 11181 11071
f 11180 11185 11183
f 11180 11181 11185
f 11186 11189 11185
f 11186 11190 11189
f 11189 11182 11183
f 11189 11188 11182
f 11179 9623 11177
f 11179 9624 9623
f 9635 11182 9636
f 9635 11179 11182
f 11193 11198 11208
f 11193 11192 11198
f 11184 11191 11186
f 11184 11187 11191
f 11192 11195 11198
f 11192 11191 11195
f 11300 11304 11305
f 11300 11299 11304
f 11306 11316 11305
f 11306 11317 11316
f 11307 11132 11133
f 11307 11304 11132
f 11149 11151 11148
f 11149 11152 11151
f 11146 11147 11148
f 11146 11145 11147
f 11321 11146 11323
f 11321 11145 11146
f 11321 11306 11307
f 11321 11318 11306
f 11318 11319 11317
f 11318 11324 11319
f 11324 9647 9646
f 11324 11326 9647
f 9642 11326 11323
f 9642 9643 11326
f 11151 11172 11171
f 11151 11153 11172
f 11172 11150 11169
f 11172 11153 11150
f 11171 9644 9642
f 11171 11173 9644
f 11170 9584 9663
f 11170 9585 9584
f 9654 11173 9663
f 9654 9656 11173
f 9587 9585 9589
f 9587 9584 9585
f 9643 9652 9651
f 9643 9644 9652
f 9652 9655 9648
f 9652 9656 9655
f 9634 9632 9635
f 9634 9629 9632
f 9634 9678 9674
f 9634 9636 9678
f 9679 9686 9687
f 9679 9678 9686
f 11188 9688 9686
f 11188 11194 9688
f 9684 9679 9687
f 9684 9677 9679
f 11194 11193 11209
f 11194 11190 11193
f 11212 11214 11221
f 11212 11208 11214
f 11213 11221 11214
f 11213 11215 11221
f 11209 9690 9688
f 11209 11211 9690
f 11211 9701 9700
f 11211 11212 9701
f 9690 9691 9685
f 9690 9695 9691
f 9699 9695 9700
f 9699 9694 9695
f 9705 9702 9710
f 9705 9699 9702
f 11215 11232 11231
f 11215 11217 11232
f 11237 11241 11236
f 11237 11242 11241
f 11234 11235 11236
f 11234 11232 11235
f 11231 9703 9701
f 11231 11233 9703
f 11233 9716 9715
f 11233 11234 9716
f 9702 9711 9710
f 9702 9703 9711
f 9726 9712 9711
f 9726 9727 9712
f 9715 9728 9726
f 9715 9717 9728
f 11241 11257 11256
f 11241 11243 11257
f 11262 11266 11261
f 11262 11267 11266
f 11259 11260 11261
f 11259 11257 11260
f 11256 9718 9716
f 11256 11258 9718
f 11258 9738 9737
f 11258 11259 9738
f 9717 9733 9732
f 9717 9718 9733
f 9748 9734 9733
f 9748 9749 9734
f 9737 9750 9748
f 9737 9739 9750
f 11266 11282 11281
f 11266 11268 11282
f 11287 11292 11286
f 11287 11293 11292
f 11284 11285 11286
f 11284 11282 11285
f 11281 9740 9738
f 11281 11283 9740
f 11283 9760 9759
f 11283 11284 9760
f 9739 9755 9754
f 9739 9740 9755
f 9770 9756 9755
f 9770 9771 9756
f 9759 9772 9770
f 9759 9761 9772
f 11292 11313 11312
f 11292 11294 11313
f 11313 11291 11311
f 11313 11294 11291
f 11315 11316 11320
f 11315 11311 11316
f 11312 9762 9760
f 11312 11314 9762
f 11314 9790 9789
f 11314 11315 9790
f 9761 9778 9777
f 9761 9762 9778
f 9778 9781 9773
f 9778 9782 9781
f 9786 9782 9789
f 9786 9781 9782
f 9790 11319 9788
f 9790 11320 11319
f 9788 9807 9792
f 9788 9806 9807
f 9646 9804 9806
f 9646 9645 9804
f 9649 9647 9651
f 9649 9645 9647
f 9792 9800 9787
f 9792 9807 9800
f 9727 9709 9712
f 9727 9723 9709
f 9730 9728 9732
f 9730 9725 9728
f 9749 9731 9734
f 9749 9745 9731
f 9752 9750 9754
f 9752 9747 9750
f 9771 9753 9756
f 9771 9767 9753
f 9775 9772 9777
f 9775 9769 9772
f 9895 9892 9897
f 9895 9891 9892
f 9908 9899 9898
f 9908 9909 9899
f 9898 9901 9908
f 9898 9896 9901
f 9986 9982 9989
f 9986 9981 9982
f 10000 9991 9990
f 10000 10001 9991
f 9990 9994 10000
f 9990 9987 9994
f 10002 9997 10004
f 10002 9996 9997
f 9894 9883 9881
f 9894 10007 9883
f 9894 10010 10009
f 9894 9895 10010
f 10008 10009 10012
f 10008 10007 10009
f 9998 10005 9997
f 9998 10008 10005
f 10016 10006 10005
f 10016 10017 10006
f 10012 10018 10016
f 10012 10014 10018
f 10011 9897 9899
f 10011 10010 9897
f 10011 10023 10015
f 10011 10022 10023
f 9909 10025 10024
f 9909 9910 10025
f 10023 10024 10027
f 10023 10022 10024
f 9915 9910 9907
f 9915 10025 9910
f 10014 10020 10019
f 10014 10015 10020
f 10031 10021 10020
f 10031 10032 10021
f 10027 10033 10031
f 10027 10029 10033
f 10026 9916 10038
f 10026 9915 9916
f 10026 10039 10030
f 10026 10038 10039
f 10029 10035 10034
f 10029 10030 10035
f 10044 10036 10035
f 10044 10045 10036
f 10039 10042 10044
f 10039 10037 10042
f 10046 10043 10048
f 10046 10042 10043
f 10060 10050 10049
f 10060 10061 10050
f 10049 10053 10060
f 10049 10047 10053
f 10121 10113 10112
f 10121 10122 10113
f 10112 10116 10121
f 10112 10109 10116
f 10123 10119 10124
f 10123 10118 10119
f 9985 9975 9973
f 9985 10128 9975
f 9985 10127 10128
f 9985 9983 10127
f 9988 9986 9989
f 9988 9983 9986
f 10120 10125 10119
f 10120 10129 10125
f 10134 10126 10125
f 10134 10135 10126
f 10129 10131 10134
f 10129 10127 10131
f 10136 10132 10137
f 10136 10131 10132
f 9988 10141 10133
f 9988 9991 10141
f 10001 10140 10141
f 10001 9999 10140
f 10003 10002 10004
f 10003 9999 10002
f 10133 10138 10132
f 10133 10142 10138
f 10147 10139 10138
f 10147 10148 10139
f 10142 10144 10147
f 10142 10140 10144
f 10149 10145 10150
f 10149 10144 10145
f 10003 10153 10146
f 10003 10006 10153
f 10017 10156 10155
f 10017 10018 10156
f 10154 10155 10158
f 10154 10153 10155
f 10146 10151 10145
f 10146 10154 10151
f 10163 10152 10151
f 10163 10164 10152
f 10158 10165 10163
f 10158 10160 10165
f 10157 10019 10021
f 10157 10156 10019
f 10157 10171 10161
f 10157 10170 10171
f 10032 10173 10172
f 10032 10033 10173
f 10171 10172 10175
f 10171 10170 10172
f 10160 10168 10167
f 10160 10161 10168
f 10180 10169 10168
f 10180 10181 10169
f 10175 10182 10180
f 10175 10177 10182
f 10174 10034 10036
f 10174 10173 10034
f 10174 10188 10178
f 10174 10187 10188
f 10045 10190 10189
f 10045 10046 10190
f 10188 10189 10192
f 10188 10187 10189
f 10177 10185 10184
f 10177 10178 10185
f 10196 10186 10185
f 10196 10197 10186
f 10192 10198 10196
f 10192 10194 10198
f 10191 10048 10050
f 10191 10190 10048
f 10191 10204 10195
f 10191 10203 10204
f 10061 10202 10203
f 10061 10059 10202
f 10194 10200 10199
f 10194 10195 10200
f 10209 10201 10200
f 10209 10210 10201
f 10204 10206 10209
f 10204 10202 10206
f 10211 10207 10212
f 10211 10206 10207
f 10208 10213 10207
f 10208 10217 10213
f 10224 10214 10213
f 10224 10225 10214
f 10217 10221 10224
f 10217 10215 10221
f 10253 10262 10252
f 10253 10266 10262
f 10271 10263 10262
f 10271 10272 10263
f 10266 10268 10271
f 10266 10264 10268
f 10273 10269 10274
f 10273 10268 10269
f 10110 10276 10270
f 10110 10113 10276
f 10122 10279 10278
f 10122 10123 10279
f 10277 10278 10281
f 10277 10276 10278
f 11335 10274 10275
f 11335 11334 10274
f 10270 10275 10269
f 10270 10277 10275
f 11337 10285 10286
f 11337 11335 10285
f 10281 10286 10285
f 10281 10283 10286
f 10280 10124 10126
f 10280 10279 10124
f 10280 10291 10284
f 10280 10290 10291
f 10135 10293 10292
f 10135 10136 10293
f 10291 10292 10295
f 10291 10290 10292
f 10283 10288 10287
f 10283 10284 10288
f 10299 10289 10288
f 10299 10300 10289
f 10295 10301 10299
f 10295 10297 10301
f 10294 10137 10139
f 10294 10293 10137
f 10294 10306 10298
f 10294 10305 10306
f 10148 10308 10307
f 10148 10149 10308
f 10306 10307 10310
f 10306 10305 10307
f 10297 10303 10302
f 10297 10298 10303
f 10315 10304 10303
f 10315 10316 10304
f 10310 10317 10315
f 10310 10312 10317
f 10309 10150 10152
f 10309 10308 10150
f 10309 10324 10313
f 10309 10323 10324
f 10164 10322 10323
f 10164 10162 10322
f 10166 10165 10167
f 10166 10162 10165
f 10312 10320 10319
f 10312 10313 10320
f 10330 10321 10320
f 10330 10331 10321
f 10324 10326 10330
f 10324 10322 10326
f 10332 10327 10334
f 10332 10326 10327
f 10166 10338 10328
f 10166 10169 10338
f 10181 10337 10338
f 10181 10179 10337
f 10183 10182 10184
f 10183 10179 10182
f 10328 10335 10327
f 10328 10339 10335
f 10345 10336 10335
f 10345 10346 10336
f 10339 10341 10345
f 10339 10337 10341
f 10347 10342 10349
f 10347 10341 10342
f 10183 10352 10343
f 10183 10186 10352
f 10197 10355 10354
f 10197 10198 10355
f 10353 10354 10357
f 10353 10352 10354
f 10343 10350 10342
f 10343 10353 10350
f 10362 10351 10350
f 10362 10363 10351
f 10357 10364 10362
f 10357 10359 10364
f 10356 10199 10201
f 10356 10355 10199
f 10356 10370 10360
f 10356 10369 10370
f 10210 10372 10371
f 10210 10211 10372
f 10370 10371 10374
f 10370 10369 10371
f 10359 10367 10366
f 10359 10360 10367
f 10378 10368 10367
f 10378 10379 10368
f 10374 10380 10378
f 10374 10376 10380
f 10373 10212 10214
f 10373 10372 10212
f 10373 10386 10377
f 10373 10385 10386
f 10225 10384 10385
f 10225 10223 10384
f 10376 10382 10381
f 10376 10377 10382
f 10391 10383 10382
f 10391 10392 10383
f 10386 10389 10391
f 10386 10384 10389
f 10393 10390 10396
f 10393 10389 10390
f 10260 10442 10431
f 10260 10263 10442
f 10272 10445 10444
f 10272 10273 10445
f 10443 10444 10446
f 10443 10442 10444
f 10431 10440 10430
f 10431 10443 10440
f 10450 10441 10440
f 10450 10451 10441
f 10446 10452 10450
f 10446 10448 10452
f 11334 10447 10445
f 11334 11338 10447
f 11338 10449 10447
f 11338 11340 10449
f 11337 10460 11341
f 11337 10457 10460
f 11340 10460 10459
f 11340 11341 10460
f 10448 10454 10453
f 10448 10449 10454
f 10462 10455 10454
f 10462 10463 10455
f 10459 10464 10462
f 10459 10461 10464
f 10458 10287 10289
f 10458 10457 10287
f 10460 11342 11343
f 10460 10458 11342
f 10300 10468 10467
f 10300 10301 10468
f 10467 11350 11342
f 10467 10470 11350
f 11346 11351 11353
f 11346 11345 11351
f 11348 11345 11346
f 11348 11347 11345
f 11351 11354 11353
f 11351 11352 11354
f 11347 10460 11343
f 11347 10461 10460
f 10470 11352 11350
f 10470 10471 11352
f 10469 10302 10304
f 10469 10468 10302
f 10469 10479 10472
f 10469 10478 10479
f 10316 10477 10478
f 10316 10314 10477
f 10318 10317 10319
f 10318 10314 10317
f 10471 10475 10474
f 10471 10472 10475
f 10484 10476 10475
f 10484 10485 10476
f 10479 10481 10484
f 10479 10477 10481
f 10486 10482 10487
f 10486 10481 10482
f 10318 10491 10483
f 10318 10321 10491
f 10331 10490 10491
f 10331 10329 10490
f 10333 10332 10334
f 10333 10329 10332
f 10483 10488 10482
f 10483 10492 10488
f 10498 10489 10488
f 10498 10499 10489
f 10492 10494 10498
f 10492 10490 10494
f 10500 10495 10503
f 10500 10494 10495
f 10333 10507 10496
f 10333 10336 10507
f 10346 10506 10507
f 10346 10344 10506
f 10348 10347 10349
f 10348 10344 10347
f 10496 10504 10495
f 10496 10508 10504
f 10516 10505 10504
f 10516 10517 10505
f 10508 10510 10516
f 10508 10506 10510
f 10518 10511 10520
f 10518 10510 10511
f 10348 10524 10512
f 10348 10351 10524
f 10363 10523 10524
f 10363 10361 10523
f 10365 10364 10366
f 10365 10361 10364
f 10512 10521 10511
f 10512 10525 10521
f 10531 10522 10521
f 10531 10532 10522
f 10525 10527 10531
f 10525 10523 10527
f 10533 10528 10535
f 10533 10527 10528
f 10365 10538 10529
f 10365 10368 10538
f 10379 10541 10540
f 10379 10380 10541
f 10539 10540 10543
f 10539 10538 10540
f 10529 10536 10528
f 10529 10539 10536
f 10548 10537 10536
f 10548 10549 10537
f 10543 10550 10548
f 10543 10545 10550
f 10542 10381 10383
f 10542 10541 10381
f 10542 10556 10546
f 10542 10555 10556
f 10392 10558 10557
f 10392 10393 10558
f 10556 10557 10560
f 10556 10555 10557
f 10545 10553 10552
f 10545 10546 10553
f 10564 10554 10553
f 10564 10565 10554
f 10560 10566 10564
f 10560 10562 10566
f 10409 10398 10395
f 10409 10571 10398
f 10559 10396 10398
f 10559 10558 10396
f 10559 10572 10563
f 10559 10571 10572
f 10562 10568 10567
f 10562 10563 10568
f 10579 10569 10568
f 10579 10580 10569
f 10572 10576 10579
f 10572 10570 10576
f 10438 10616 10605
f 10438 10441 10616
f 10451 10619 10618
f 10451 10452 10619
f 10617 10618 10621
f 10617 10616 10618
f 10605 10614 10604
f 10605 10617 10614
f 10624 10615 10614
f 10624 10625 10615
f 10621 10626 10624
f 10621 10623 10626
f 10620 10453 10455
f 10620 10619 10453
f 10622 11344 11358
f 10622 10620 11344
f 10463 10630 10629
f 10463 10464 10630
f 10629 11364 11344
f 10629 10631 11364
f 11360 11365 11368
f 11360 11359 11365
f 11362 11359 11360
f 11362 11361 11359
f 11364 11371 11365
f 11364 11366 11371
f 11361 10622 11358
f 11361 10623 10622
f 11355 11377 11367
f 11355 11356 11377
f 11377 11357 11378
f 11377 11356 11357
f 11348 10631 10630
f 11348 11355 10631
f 11354 10634 11357
f 11354 10632 10634
f 11375 11379 11383
f 11375 11374 11379
f 11374 11366 11367
f 11374 11373 11366
f 11379 11384 11383
f 11379 11380 11384
f 10634 11380 11378
f 10634 10635 11380
f 10633 10474 10476
f 10633 10632 10474
f 10633 10642 10636
f 10633 10641 10642
f 10485 10644 10643
f 10485 10486 10644
f 10642 10643 10646
f 10642 10641 10643
f 10635 10639 10638
f 10635 10636 10639
f 10651 10640 10639
f 10651 10652 10640
f 10646 10653 10651
f 10646 10648 10653
f 10645 10487 10489
f 10645 10644 10487
f 10645 10660 10649
f 10645 10659 10660
f 10499 10658 10659
f 10499 10497 10658
f 10501 10500 10503
f 10501 10497 10500
f 10648 10656 10655
f 10648 10649 10656
f 10667 10657 10656
f 10667 10668 10657
f 10660 10664 10667
f 10660 10658 10664
f 10517 10502 10505
f 10517 10514 10502
f 10519 10518 10520
f 10519 10515 10518
f 10519 10691 10680
f 10519 10522 10691
f 10532 10690 10691
f 10532 10530 10690
f 10534 10533 10535
f 10534 10530 10533
f 10680 10688 10679
f 10680 10692 10688
f 10697 10689 10688
f 10697 10698 10689
f 10692 10694 10697
f 10692 10690 10694
f 10699 10695 10700
f 10699 10694 10695
f 10534 10704 10696
f 10534 10537 10704
f 10549 10703 10704
f 10549 10547 10703
f 10551 10550 10552
f 10551 10547 10550
f 10696 10701 10695
f 10696 10705 10701
f 10710 10702 10701
f 10710 10711 10702
f 10705 10707 10710
f 10705 10703 10707
f 10712 10708 10713
f 10712 10707 10708
f 10551 10716 10709
f 10551 10554 10716
f 10565 10719 10718
f 10565 10566 10719
f 10717 10718 10721
f 10717 10716 10718
f 10709 10714 10708
f 10709 10717 10714
f 10725 10715 10714
f 10725 10726 10715
f 10721 10727 10725
f 10721 10723 10727
f 10720 10567 10569
f 10720 10719 10567
f 10720 10733 10724
f 10720 10732 10733
f 10580 10731 10732
f 10580 10578 10731
f 10723 10729 10728
f 10723 10724 10729
f 10740 10730 10729
f 10740 10741 10730
f 10733 10737 10740
f 10733 10731 10737
f 10612 10775 10765
f 10612 10615 10775
f 10625 10778 10777
f 10625 10626 10778
f 10776 10777 10779
f 10776 10775 10777
f 10765 10773 10764
f 10765 10776 10773
f 10782 10774 10773
f 10782 10783 10774
f 10779 10784 10782
f 10779 10781 10784
f 11369 11465 11460
f 11369 11370 11465
f 11466 11368 11372
f 11466 11370 11368
f 11371 11376 11372
f 11371 11373 11376
f 11362 10780 10778
f 11362 11369 10780
f 11462 11467 11473
f 11462 11461 11467
f 11464 11461 11462
f 11464 11463 11461
f 11465 11469 11467
f 11465 11466 11469
f 11470 11478 11469
f 11470 11479 11478
f 11463 10780 11460
f 11463 10781 10780
f 11471 11375 11385
f 11471 11376 11375
f 11485 11386 11488
f 11485 11385 11386
f 11384 10788 11386
f 11384 10786 10788
f 11481 11489 11496
f 11481 11480 11489
f 11485 11470 11471
f 11485 11480 11470
f 11488 11499 11489
f 11488 11491 11499
f 10787 10638 10640
f 10787 10786 10638
f 10787 10794 10789
f 10787 10793 10794
f 10652 10792 10793
f 10652 10650 10792
f 10654 10653 10655
f 10654 10650 10653
f 11520 11516 11521
f 11520 11515 11516
f 11528 11522 11521
f 11528 11530 11522
f 11513 10788 10789
f 11513 11491 10788
f 11514 10790 10791
f 11514 11513 10790
f 10799 10791 10790
f 10799 10800 10791
f 10794 10796 10799
f 10794 10792 10796
f 10801 10797 10802
f 10801 10796 10797
f 10654 10806 10798
f 10654 10657 10806
f 10668 10805 10806
f 10668 10666 10805
f 11539 11533 11544
f 11539 11532 11533
f 11531 11520 11522
f 11531 11523 11520
f 11536 11532 11539
f 11536 11531 11532
f 11540 11536 11541
f 11540 11535 11536
f 11546 11542 11541
f 11546 11548 11542
f 10798 10803 10797
f 10798 10807 10803
f 10814 10804 10803
f 10814 10815 10804
f 10807 10811 10814
f 10807 10805 10811
f 11557 11551 11562
f 11557 11550 11551
f 11549 11540 11542
f 11549 11543 11540
f 11554 11550 11557
f 11554 11549 11550
f 11558 11554 11559
f 11558 11553 11554
f 11564 11560 11559
f 11564 11566 11560
f 11426 11561 11427
f 11426 11558 11561
f 11431 11574 11432
f 11431 11571 11574
f 10686 10838 10827
f 10686 10689 10838
f 10698 10841 10840
f 10698 10699 10841
f 10839 10840 10843
f 10839 10838 10840
f 11572 11568 11580
f 11572 11567 11568
f 11560 11570 11561
f 11560 11567 11570
f 11575 11570 11572
f 11575 11571 11570
f 11581 11572 11580
f 11581 11573 11572
f 11573 11575 11572
f 11573 11577 11575
f 10833 10848 10836
f 10833 10839 10848
f 10848 11581 10849
f 10848 11573 11581
f 10843 11577 11573
f 10843 10844 11577
f 11434 11578 11435
f 11434 11574 11578
f 11445 11442 11441
f 11445 11446 11442
f 11440 11439 11441
f 11440 11438 11439
f 11439 11588 11589
f 11439 11438 11588
f 10842 10700 10702
f 10842 10841 10700
f 10842 10853 10845
f 10842 10852 10853
f 10711 10855 10854
f 10711 10712 10855
f 10853 10854 10857
f 10853 10852 10854
f 10854 11450 11439
f 10854 10855 11450
f 10854 11589 10857
f 10854 11439 11589
f 11590 11585 11593
f 11590 11584 11585
f 11584 11577 11586
f 11584 11576 11577
f 11576 11588 11578
f 11576 11584 11588
f 11584 11587 11585
f 11584 11586 11587
f 11594 11590 11593
f 11594 11591 11590
f 11586 10844 10845
f 11586 11577 10844
f 11587 10850 10851
f 11587 11586 10850
f 10859 10851 10850
f 10859 10860 10851
f 10859 11594 10860
f 10859 11591 11594
f 11453 11445 11452
f 11453 11447 11445
f 11600 11452 11592
f 11600 11453 11452
f 11454 11604 11455
f 11454 11601 11604
f 10856 10713 10715
f 10856 10855 10713
f 11452 10855 10856
f 11452 11450 10855
f 11452 10858 11592
f 11452 10856 10858
f 10856 10863 10858
f 10856 10862 10863
f 10726 10867 10866
f 10726 10727 10867
f 10863 10866 10869
f 10863 10862 10866
f 11605 11600 11603
f 11605 11601 11600
f 11610 11606 11605
f 11610 11611 11606
f 11602 11610 11603
f 11602 11609 11610
f 11609 10875 10876
f 11609 11602 10875
f 10869 10876 10875
f 10869 10871 10876
f 10871 10873 10876
f 10871 10865 10873
f 10868 10728 10730
f 10868 10867 10728
f 10868 10885 10872
f 10868 10884 10885
f 10741 10882 10884
f 10741 10739 10882
f 11612 11604 11606
f 11612 11607 11604
f 10872 10878 10865
f 10872 10885 10878
f 10771 10919 10910
f 10771 10774 10919
f 10783 10922 10921
f 10783 10784 10922
f 10920 10921 10923
f 10920 10919 10921
f 10914 10931 10917
f 10914 10920 10931
f 10923 10933 10931
f 10923 10925 10933
f 11477 11478 11484
f 11477 11473 11478
f 11464 10924 10922
f 11464 11474 10924
f 11474 10926 10924
f 11474 11476 10926
f 11476 10940 10939
f 11476 11477 10940
f 10925 10936 10935
f 10925 10926 10936
f 10942 10937 10936
f 10942 10943 10937
f 10939 10944 10942
f 10939 10941 10944
f 11484 11481 11497
f 11484 11479 11481
f 11497 11628 11624
f 11497 11498 11628
f 11507 11501 11500
f 11507 11508 11501
f 11629 11496 11500
f 11629 11498 11496
f 11499 11507 11500
f 11499 11505 11507
f 11630 11500 11501
f 11630 11629 11500
f 11628 11634 11633
f 11628 11629 11634
f 11634 11630 11635
f 11634 11629 11630
f 11639 11632 11633
f 11639 11637 11632
f 11627 10940 11624
f 11627 10941 10940
f 10945 11632 10946
f 10945 11627 11632
f 11507 11514 11525
f 11507 11505 11514
f 11526 11507 11525
f 11526 11509 11507
f 11506 11526 11524
f 11506 11509 11526
f 11524 11645 11529
f 11524 11526 11645
f 11645 11527 11646
f 11645 11526 11527
f 11534 11528 11529
f 11534 11530 11528
f 10800 10951 10950
f 10800 10801 10951
f 10950 11646 11527
f 10950 10953 11646
f 11533 11651 11545
f 11533 11534 11651
f 11544 11663 11547
f 11544 11545 11663
f 11552 11546 11547
f 11552 11548 11546
f 10952 10802 10804
f 10952 10951 10802
f 10952 10958 10954
f 10952 10957 10958
f 10815 10956 10957
f 10815 10813 10956
f 11658 11650 11660
f 11658 11649 11650
f 11649 11662 11651
f 11649 11658 11662
f 11667 11662 11665
f 11667 11663 11662
f 11672 11668 11667
f 11672 11673 11668
f 11664 11672 11665
f 11664 11670 11672
f 11660 10953 10954
f 11660 11650 10953
f 11670 10963 10964
f 11670 11664 10963
f 10958 10961 10963
f 10958 10956 10961
f 10964 10962 10966
f 10964 10961 10962
f 11551 11669 11563
f 11551 11552 11669
f 11562 11678 11565
f 11562 11563 11678
f 11569 11564 11565
f 11569 11566 11564
f 11679 11675 11684
f 11679 11674 11675
f 11668 11677 11669
f 11668 11674 11677
f 11681 11677 11679
f 11681 11678 11677
f 11689 11682 11681
f 11689 11690 11682
f 10977 10968 10967
f 10977 10978 10968
f 10967 10971 10977
f 10967 10965 10971
f 10979 10975 10983
f 10979 10974 10975
f 11568 11683 11582
f 11568 11569 11683
f 11583 11694 11695
f 11583 11582 11694
f 10988 10849 10992
f 10988 10847 10849
f 10992 11695 10994
f 10992 11583 11695
f 11696 11692 11699
f 11696 11691 11692
f 11682 11694 11683
f 11682 11691 11694
f 11700 11696 11699
f 11700 11697 11696
f 10991 11697 11001
f 10991 10994 11697
f 11708 11595 11698
f 11708 11596 11595
f 11597 11708 11709
f 11597 11596 11708
f 11595 10995 11698
f 11595 10993 10995
f 10993 11006 10995
f 10993 11005 11006
f 11006 11007 11008
f 11006 11005 11007
f 11007 11709 11008
f 11007 11597 11709
f 11710 11705 11712
f 11710 11704 11705
f 11704 11707 11705
f 11704 11706 11707
f 11717 11709 11710
f 11717 11711 11709
f 11707 11003 11004
f 11707 11706 11003
f 11011 11004 11003
f 11011 11012 11004
f 11008 11013 11011
f 11008 11009 11013
f 11711 11008 11709
f 11711 11009 11008
f 11609 10874 11021
f 11609 10876 10874
f 11023 11609 11021
f 11023 11616 11609
f 11024 11025 11031
f 11024 11020 11025
f 11614 11616 11619
f 11614 11611 11616
f 11615 11620 11621
f 11615 11614 11620
f 11728 11619 11722
f 11728 11620 11619
f 11723 11731 11728
f 11723 11725 11731
f 11723 11727 11724
f 11723 11726 11727
f 11023 11726 11722
f 11023 11024 11726
f 10934 10933 10935
f 10934 10930 10933
f 10934 11060 11051
f 10934 10937 11060
f 10943 11063 11062
f 10943 10944 11063
f 11061 11062 11065
f 11061 11060 11062
f 11055 11073 11058
f 11055 11061 11073
f 11065 11075 11073
f 11065 11067 11075
f 11638 11644 11639
f 11638 11641 11644
f 11064 10945 10946
f 11064 11063 10945
f 11064 11081 11068
f 11064 11080 11081
f 11081 11082 11083
f 11081 11080 11082
f 11637 11084 11082
f 11637 11644 11084
f 11067 11078 11077
f 11067 11068 11078
f 11087 11079 11078
f 11087 11088 11079
f 11083 11089 11087
f 11083 11085 11089
f 11641 11653 11652
f 11641 11643 11653
f 11655 11656 11657
f 11655 11653 11656
f 11748 11657 11656
f 11748 11751 11657
f 11652 11086 11084
f 11652 11654 11086
f 11654 11095 11094
f 11654 11655 11095
f 11085 11091 11090
f 11085 11086 11091
f 11097 11092 11091
f 11097 11098 11092
f 11094 11099 11097
f 11094 11096 11099
f 11765 11760 11766
f 11765 11759 11760
f 11758 11751 11755
f 11758 11752 11751
f 11752 11759 11753
f 11752 11758 11759
f 11764 11095 11753
f 11764 11096 11095
f 11100 11765 11101
f 11100 11764 11765
f 11675 11676 11685
f 11675 11673 11676
f 11689 11688 11693
f 11689 11684 11688
f 11103 10966 10968
f 11103 11102 10966
f 11685 11102 11103
f 11685 11676 11102
f 10978 11106 11107
f 10978 10976 11106
f 11687 11106 11112
f 11687 11107 11106
f 10982 10979 10983
f 10982 10976 10979
f 11113 11687 11112
f 11113 11688 11687
f 11692 11693 11701
f 11692 11690 11693
f 11786 11701 11775
f 11786 11702 11701
f 11703 11786 11787
f 11703 11702 11786
f 10999 10985 10981
f 10999 11119 10985
f 10982 11119 11111
f 10982 10985 11119
f 11126 11700 11703
f 11126 11125 11700
f 11001 11002 10997
f 11001 11125 11002
f 11788 11781 11790
f 11788 11780 11781
f 11780 11784 11781
f 11780 11783 11784
f 11791 11788 11790
f 11791 11789 11788
f 11113 11783 11775
f 11113 11114 11783
f 11784 11116 11117
f 11784 11783 11116
f 11111 11116 11110
f 11111 11120 11116
f 11116 11114 11110
f 11116 11783 11114
f 11130 11117 11116
f 11130 11131 11117
f 11130 11791 11131
f 11130 11789 11791
f 11120 11122 11130
f 11120 11118 11122
f 11122 11789 11130
f 11122 11127 11789
f 11789 11126 11787
f 11789 11127 11126
f 11717 11716 11721
f 11717 11712 11716
f 11002 11707 11004
f 11002 11125 11707
f 11126 11707 11125
f 11126 11713 11707
f 11128 11713 11126
f 11128 11715 11713
f 11002 11135 11124
f 11002 11004 11135
f 11124 11715 11128
f 11124 11135 11715
f 11012 11134 11135
f 11012 11010 11134
f 11715 11134 11141
f 11715 11135 11134
f 11014 11013 11015
f 11014 11010 11013
f 11142 11715 11141
f 11142 11716 11715
f 11720 11014 11015
f 11720 11140 11014
f 11720 11142 11140
f 11720 11721 11142
f 11798 11175 11176
f 11798 11795 11175
f 11795 11163 11175
f 11795 11167 11163
f 11725 11737 11738
f 11725 11724 11737
f 11809 11736 11797
f 11809 11737 11736
f 11030 11727 11031
f 11030 11166 11727
f 11736 11168 11797
f 11736 11166 11168
f 11804 11812 11809
f 11804 11806 11812
f 11796 11804 11797
f 11796 11803 11804
f 11168 11796 11797
f 11168 11167 11796
f 11076 11075 11077
f 11076 11072 11075
f 11076 11196 11187
f 11076 11079 11196
f 11088 11202 11201
f 11088 11089 11202
f 11197 11201 11204
f 11197 11196 11201
f 11200 11197 11204
f 11200 11195 11197
f 11213 11206 11218
f 11213 11200 11206
f 11203 11090 11092
f 11203 11202 11090
f 11203 11223 11207
f 11203 11222 11223
f 11098 11225 11224
f 11098 11099 11225
f 11223 11224 11227
f 11223 11222 11224
f 11206 11219 11218
f 11206 11207 11219
f 11238 11220 11219
f 11238 11239 11220
f 11227 11240 11238
f 11227 11229 11240
f 11773 11766 11769
f 11773 11767 11766
f 11824 11769 11768
f 11824 11827 11769
f 11226 11100 11101
f 11226 11225 11100
f 11226 11249 11230
f 11226 11248 11249
f 11249 11250 11252
f 11249 11248 11250
f 11767 11253 11250
f 11767 11773 11253
f 11229 11245 11244
f 11229 11230 11245
f 11263 11246 11245
f 11263 11264 11246
f 11252 11265 11263
f 11252 11254 11265
f 11771 11772 11773
f 11771 11770 11772
f 11770 11828 11778
f 11770 11771 11828
f 11776 11839 11779
f 11776 11778 11839
f 11785 11776 11779
f 11785 11777 11776
f 11253 11772 11251
f 11253 11773 11772
f 11251 11274 11255
f 11251 11273 11274
f 11274 11275 11277
f 11274 11273 11275
f 11777 11278 11275
f 11777 11785 11278
f 11833 11827 11830
f 11833 11828 11827
f 11838 11834 11840
f 11838 11833 11834
f 11842 11838 11840
f 11842 11839 11838
f 11846 11843 11842
f 11846 11849 11843
f 11254 11270 11269
f 11254 11255 11270
f 11288 11271 11270
f 11288 11289 11271
f 11277 11290 11288
f 11277 11279 11290
f 11782 11784 11785
f 11782 11781 11784
f 11781 11844 11792
f 11781 11782 11844
f 11793 11854 11855
f 11793 11792 11854
f 11278 11784 11276
f 11278 11785 11784
f 11276 11302 11280
f 11276 11301 11302
f 11131 11299 11301
f 11131 11129 11299
f 11129 11791 11308
f 11129 11131 11791
f 11310 11791 11793
f 11310 11308 11791
f 11856 11851 11859
f 11856 11850 11851
f 11843 11854 11844
f 11843 11850 11854
f 11860 11855 11856
f 11860 11857 11855
f 11279 11296 11295
f 11279 11280 11296
f 11296 11300 11291
f 11296 11302 11300
f 11794 11310 11858
f 11794 11309 11310
f 11133 11309 11322
f 11133 11132 11309
f 11149 11322 11327
f 11149 11147 11322
f 11869 11327 11794
f 11869 11330 11327
f 11870 11865 11875
f 11870 11864 11865
f 11857 11864 11858
f 11857 11863 11864
f 11877 11871 11872
f 11877 11876 11871
f 11877 11869 11870
f 11877 11872 11869
f 11801 11800 11802
f 11801 11798 11800
f 11800 11884 11885
f 11800 11799 11884
f 11807 11801 11802
f 11807 11803 11801
f 11153 11176 11150
f 11153 11331 11176
f 11799 11330 11873
f 11799 11329 11330
f 11153 11329 11331
f 11153 11152 11329
f 11871 11884 11873
f 11871 11881 11884
f 11887 11886 11888
f 11887 11885 11886
f 11887 11808 11807
f 11887 11890 11808
f 11239 11217 11220
f 11239 11235 11217
f 11242 11240 11244
f 11242 11237 11240
f 11264 11243 11246
f 11264 11260 11243
f 11267 11265 11269
f 11267 11262 11265
f 11852 11846 11848
f 11852 11849 11846
f 11901 11848 11847
f 11901 11904 11848
f 11289 11268 11271
f 11289 11285 11268
f 11293 11290 11295
f 11293 11287 11290
f 11904 11853 11852
f 11904 11907 11853
f 11851 11861 11859
f 11851 11853 11861
f 11866 11860 11862
f 11866 11863 11860
f 11911 11862 11861
f 11911 11914 11862
f 11914 11867 11866
f 11914 11917 11867
f 11865 11878 11875
f 11865 11867 11878
f 11999 12005 12004
f 11999 12000 12005
f 12012 11997 12011
f 12012 11998 11997
f 11998 11999 11997
f 11998 12001 11999
f 11932 12002 12003
f 11932 11931 12002
f 11935 11933 11936
f 11935 11931 11933
f 11945 11934 11936
f 11945 11940 11934
f 11395 11932 11394
f 11395 11933 11932
f 12002 12005 12000
f 12002 12006 12005
f 12001 11382 12003
f 12001 11381 11382
f 11391 11381 11390
f 11391 11382 11381
f 11392 11399 11391
f 11392 11400 11399
f 11401 11394 11399
f 11401 11396 11394
f 11943 11945 11949
f 11943 11940 11945
f 11944 11950 11953
f 11944 11943 11950
f 11959 11955 11954
f 11959 11960 11955
f 11953 11952 11954
f 11953 11950 11952
f 11397 11949 11395
f 11397 11951 11949
f 11408 11951 11407
f 11408 11952 11951
f 11404 11396 11403
f 11404 11397 11396
f 11405 11412 11404
f 11405 11413 11412
f 11414 11407 11412
f 11414 11409 11407
f 11966 11959 11965
f 11966 11961 11959
f 12017 11967 12018
f 12017 11966 11967
f 11968 12019 11969
f 11968 12017 12019
f 11410 11965 11408
f 11410 11967 11965
f 11417 11409 11416
f 11417 11410 11409
f 11418 11423 11417
f 11418 11424 11423
f 11425 11420 11423
f 11425 11421 11420
f 11420 12022 12018
f 11420 11421 12022
f 12025 12019 12021
f 12025 12023 12019
f 12029 12026 12033
f 12029 12025 12026
f 12026 12022 12027
f 12026 12021 12022
f 12034 12029 12035
f 12034 12028 12029
f 12040 12036 12035
f 12040 12041 12036
f 12032 12040 12033
f 12032 12039 12040
f 12032 11428 11429
f 12032 12027 11428
f 11975 12037 11976
f 11975 12034 12037
f 11980 12050 11981
f 11980 12046 12050
f 12036 12045 12037
f 12036 12042 12045
f 12043 12042 12041
f 12043 12047 12042
f 12051 12045 12048
f 12051 12046 12045
f 12049 12051 12048
f 12049 12053 12051
f 11444 12047 11443
f 11444 12049 12047
f 11984 12054 11985
f 11984 12050 12054
f 11989 12062 11990
f 11989 12058 12062
f 12055 12053 12056
f 12055 12052 12053
f 12052 12057 12054
f 12052 12055 12057
f 12063 12057 12060
f 12063 12058 12057
f 12061 12063 12060
f 12061 12065 12063
f 12059 11448 11449
f 12059 12056 11448
f 11457 12059 11456
f 11457 12061 12059
f 12069 12062 12064
f 12069 12066 12062
f 12070 12065 12073
f 12070 12064 12065
f 12070 12074 12071
f 12070 12073 12074
f 11993 12013 12011
f 11993 11994 12013
f 12014 12089 12090
f 12014 12013 12089
f 11387 12012 11495
f 11387 11388 12012
f 12014 11486 11495
f 12014 11487 11486
f 11388 11389 11390
f 11388 11387 11389
f 12089 12091 12088
f 12089 12092 12091
f 12088 12101 12090
f 12088 12099 12101
f 11482 12102 11483
f 11482 12101 12102
f 11483 11502 11482
f 11483 11503 11502
f 11492 11487 11502
f 11492 11486 11487
f 11493 11504 11510
f 11493 11492 11504
f 11517 11389 11494
f 11517 11392 11389
f 11515 11400 11517
f 11515 11398 11400
f 11401 11402 11403
f 11401 11398 11402
f 11511 11494 11493
f 11511 11518 11494
f 11516 11511 11506
f 11516 11518 11511
f 11537 11402 11523
f 11537 11405 11402
f 11535 11413 11537
f 11535 11411 11413
f 11414 11415 11416
f 11414 11411 11415
f 11555 11415 11543
f 11555 11418 11415
f 11553 11424 11555
f 11553 11422 11424
f 11425 11426 11428
f 11425 11422 11426
f 11427 11433 11429
f 11427 11431 11433
f 12039 11432 11579
f 12039 11433 11432
f 11435 11443 11436
f 11435 11440 11443
f 12043 11434 11436
f 12043 11579 11434
f 11444 11446 11448
f 11444 11442 11446
f 11447 11456 11449
f 11447 11454 11456
f 11457 11458 11459
f 11457 11455 11458
f 12072 12079 12081
f 12072 12071 12079
f 12105 12080 12106
f 12105 12079 12080
f 12081 12108 12082
f 12081 12105 12108
f 11458 12074 11459
f 11458 11608 12074
f 11608 11617 12080
f 11608 11607 11617
f 12114 12110 12109
f 12114 12115 12110
f 12114 12106 12107
f 12114 12109 12106
f 11622 11612 11615
f 11622 11617 11612
f 12113 11622 11623
f 12113 12107 11622
f 12116 12108 12110
f 12116 12111 12108
f 12100 12097 12132
f 12100 12096 12097
f 12137 12132 12135
f 12137 12133 12132
f 12102 12100 12103
f 12102 12099 12100
f 12104 12134 12146
f 12104 12103 12134
f 11630 11503 11631
f 11630 11501 11503
f 11630 12104 11636
f 11630 11631 12104
f 11504 11508 11510
f 11504 11501 11508
f 12148 12144 12150
f 12148 12143 12144
f 12133 12146 12134
f 12133 12143 12146
f 12151 12148 12150
f 12151 12149 12148
f 11635 12149 11640
f 11635 11636 12149
f 11623 11730 11732
f 11623 11621 11730
f 11734 12113 11732
f 11734 12121 12113
f 11730 11739 11733
f 11730 11731 11739
f 11741 11733 11739
f 11741 11735 11733
f 12118 12121 12124
f 12118 12115 12121
f 12154 12118 12124
f 12154 12120 12118
f 12158 12154 12155
f 12158 12157 12154
f 12158 12163 12159
f 12158 12162 12163
f 11734 12162 12155
f 11734 11735 12162
f 12145 12138 12177
f 12145 12137 12138
f 12181 12177 12180
f 12181 12178 12177
f 12144 12179 12152
f 12144 12145 12179
f 12153 12189 12190
f 12153 12152 12189
f 11745 12151 12153
f 11745 11743 12151
f 11640 11642 11638
f 11640 11743 11642
f 12191 12187 12193
f 12191 12186 12187
f 12178 12189 12179
f 12178 12186 12189
f 12195 12190 12191
f 12195 12192 12190
f 11643 11744 11749
f 11643 11642 11744
f 11750 11744 11746
f 11750 11749 11744
f 12201 12197 12198
f 12201 12200 12197
f 11745 12200 11746
f 11745 12192 12200
f 11756 12203 11757
f 11756 12201 12203
f 11754 11750 11756
f 11754 11748 11750
f 11755 11757 11761
f 11755 11754 11757
f 11740 11811 11813
f 11740 11738 11811
f 11814 11740 11813
f 11814 11741 11740
f 12211 11817 11818
f 12211 12206 11817
f 11811 11817 11815
f 11811 11812 11817
f 12207 11815 12206
f 12207 11816 11815
f 12208 12159 12168
f 12208 12161 12159
f 11816 12163 11814
f 11816 12168 12163
f 12207 12218 12209
f 12207 12216 12218
f 12218 12208 12209
f 12218 12217 12208
f 12188 12182 12230
f 12188 12181 12182
f 12187 12231 12194
f 12187 12188 12231
f 12193 12240 12196
f 12193 12194 12240
f 12199 12195 12196
f 12199 12197 12195
f 12237 12230 12233
f 12237 12231 12230
f 12242 12241 12244
f 12242 12240 12241
f 12198 12243 12204
f 12198 12199 12243
f 12205 12253 12254
f 12205 12204 12253
f 11821 12203 12205
f 11821 11819 12203
f 12248 12242 12245
f 12248 12243 12242
f 12253 12249 12255
f 12253 12248 12249
f 12258 12254 12255
f 12258 12256 12254
f 11763 11768 11760
f 11763 11825 11768
f 11761 11820 11763
f 11761 11819 11820
f 11826 11820 11822
f 11826 11825 11820
f 12265 12261 12262
f 12265 12264 12261
f 11821 12264 11822
f 11821 12256 12264
f 11831 12267 11832
f 11831 12265 12267
f 11829 11826 11831
f 11829 11824 11826
f 11830 11832 11835
f 11830 11829 11832
f 12280 12273 12277
f 12280 12274 12273
f 11882 12273 11883
f 11882 12272 12273
f 11886 11883 11893
f 11886 11881 11883
f 12274 11888 11893
f 12274 11891 11888
f 12214 12213 12215
f 12214 12211 12213
f 12213 12288 12289
f 12213 12212 12288
f 12221 12214 12215
f 12221 12216 12214
f 11808 11818 11806
f 11808 11894 11818
f 12212 11890 11892
f 12212 11894 11890
f 12283 12290 12288
f 12283 12285 12290
f 12275 12283 12276
f 12275 12282 12283
f 12291 12290 12292
f 12291 12289 12290
f 11892 12275 12276
f 11892 11891 12275
f 12291 12222 12221
f 12291 12294 12222
f 12263 12258 12260
f 12263 12261 12258
f 12305 12260 12259
f 12305 12307 12260
f 12262 12308 12268
f 12262 12263 12308
f 12269 12315 12317
f 12269 12268 12315
f 11898 12267 12269
f 11898 11896 12267
f 12313 12307 12310
f 12313 12308 12307
f 12318 12315 12316
f 12318 12317 12315
f 12321 12319 12318
f 12321 12324 12319
f 11837 11847 11834
f 11837 11902 11847
f 11835 11897 11837
f 11835 11896 11897
f 11903 11897 11899
f 11903 11902 11897
f 12330 12324 12325
f 12330 12329 12324
f 12334 12330 12333
f 12334 12331 12330
f 11898 12329 11899
f 11898 12319 12329
f 11905 11903 11909
f 11905 11901 11903
f 12331 11905 11909
f 12331 11908 11905
f 12344 12338 12339
f 12344 12343 12338
f 12349 12344 12348
f 12349 12345 12344
f 11910 11907 11906
f 11910 11913 11907
f 11908 11910 11906
f 11908 12343 11910
f 11915 11913 11920
f 11915 11911 11913
f 12345 11915 11920
f 12345 11918 11915
f 12270 11917 11919
f 12270 11921 11917
f 11880 11921 11922
f 11880 11878 11921
f 11876 11923 11882
f 11876 11880 11923
f 12360 11922 12270
f 12360 11924 11922
f 12361 12355 12366
f 12361 12354 12355
f 12346 12354 12347
f 12346 12353 12354
f 12368 12362 12363
f 12368 12367 12362
f 12368 12360 12361
f 12368 12363 12360
f 11919 12346 12347
f 11919 11918 12346
f 12376 12278 12364
f 12376 12279 12278
f 12277 12377 12281
f 12277 12279 12377
f 12286 12280 12281
f 12286 12282 12280
f 11924 12272 11923
f 11924 12278 12272
f 12362 12376 12364
f 12362 12372 12376
f 12379 12378 12380
f 12379 12377 12378
f 12379 12287 12286
f 12379 12382 12287
f 12325 12335 12333
f 12325 12328 12335
f 12337 12340 12336
f 12337 12341 12340
f 12340 12334 12336
f 12340 12338 12334
f 12339 12350 12348
f 12339 12342 12350
f 12352 12356 12351
f 12352 12357 12356
f 12356 12349 12351
f 12356 12353 12349
f 12355 12369 12366
f 12355 12358 12369
f 4576 4578 12419
f 4576 4572 4578
f 4577 4553 4573
f 4577 4554 4553
f 12420 4577 4576
f 12420 12421 4577
f 11939 12419 11938
f 11939 12420 12419
f 11934 11929 11939
f 11934 11928 11929
f 12415 5455 12422
f 12415 5454 5455
f 5456 12415 12423
f 5456 5454 12415
f 5452 5384 5383
f 5452 5456 5384
f 5455 4553 4554
f 5455 5450 4553
f 12421 11930 12422
f 12421 11929 11930
f 11941 11930 11928
f 11941 11946 11930
f 11956 11941 11944
f 11956 11946 11941
f 11958 11947 11956
f 11958 11948 11947
f 11947 12424 12423
f 11947 11948 12424
f 4549 5384 4550
f 4549 5378 5384
f 4545 4551 4546
f 4545 4549 4551
f 4551 12424 12425
f 4551 4550 12424
f 4547 4539 4544
f 4547 4540 4539
f 4548 4540 4547
f 4548 4541 4540
f 12426 4548 4546
f 12426 12427 4548
f 12426 11962 11963
f 12426 12425 11962
f 4534 4542 4535
f 4534 4538 4542
f 12428 4542 4541
f 12428 12430 4542
f 4536 4329 4533
f 4536 4330 4329
f 4537 4330 4536
f 4537 4331 4330
f 12430 4537 4535
f 12430 12431 4537
f 4289 4332 4290
f 4289 4328 4332
f 12432 4332 4331
f 12432 12434 4332
f 4291 4217 4288
f 4291 4218 4217
f 12435 4291 4290
f 12435 12436 4291
f 11983 12434 11982
f 11983 12435 12434
f 4180 4219 4181
f 4180 4216 4219
f 4219 12436 12437
f 4219 4218 12436
f 4182 4101 4179
f 4182 4102 4101
f 4183 4102 4182
f 4183 4103 4102
f 12438 4183 4181
f 12438 12439 4183
f 12438 11986 11987
f 12438 12437 11986
f 4579 4562 4594
f 4579 4558 4562
f 4560 4594 4562
f 4560 4593 4594
f 3336 3338 12445
f 3336 3334 3338
f 12444 3335 3336
f 12444 4593 3335
f 12016 11995 11993
f 12016 12445 11995
f 12004 12446 12016
f 12004 12009 12446
f 12446 12008 12444
f 12446 12009 12008
f 12417 4579 12418
f 12417 4578 4579
f 11925 11938 11926
f 11925 11935 11938
f 12417 12008 12007
f 12417 12418 12008
f 11925 12007 12006
f 11925 11926 12007
f 11958 11960 11962
f 11958 11955 11960
f 11961 11970 11963
f 11961 11968 11970
f 12427 11969 12024
f 12427 11970 11969
f 12428 11971 11972
f 12428 12024 11971
f 12030 11971 12023
f 12030 11972 11971
f 12028 11974 12030
f 12028 11973 11974
f 12431 11973 12038
f 12431 11974 11973
f 11976 11982 11977
f 11976 11980 11982
f 12432 11975 11977
f 12432 12038 11975
f 11983 11984 11986
f 11983 11981 11984
f 11985 11991 11987
f 11985 11989 11991
f 12439 11990 12067
f 12439 11991 11990
f 4105 12440 12441
f 4105 4103 12440
f 4067 4022 4021
f 4067 4105 4022
f 4023 12442 12448
f 4023 4022 12442
f 4021 3795 3794
f 4021 4023 3795
f 12441 12067 12068
f 12441 12440 12067
f 12068 12075 12442
f 12068 12066 12075
f 12083 12069 12072
f 12083 12075 12069
f 12085 12076 12083
f 12085 12077 12076
f 12076 12449 12448
f 12076 12077 12449
f 3063 3795 3064
f 3063 3790 3795
f 3065 12449 12450
f 3065 3064 12449
f 3065 12451 3066
f 3065 12450 12451
f 3283 2392 2394
f 3283 3280 2392
f 12457 2393 2395
f 12457 12454 2393
f 12454 2394 2393
f 12454 12455 2394
f 12096 12094 12098
f 12096 12091 12094
f 3277 3229 3228
f 3277 3283 3229
f 3338 3229 12447
f 3338 3228 3229
f 12095 12447 12456
f 12095 12093 12447
f 11994 12093 12092
f 11994 11995 12093
f 12455 12095 12456
f 12455 12094 12095
f 12085 12086 12087
f 12085 12082 12086
f 3061 3057 3056
f 3061 3066 3057
f 3058 12453 12460
f 3058 3057 12453
f 12086 12451 12087
f 12086 12112 12451
f 12112 12122 12453
f 12112 12111 12122
f 2847 1721 1720
f 2847 3058 1721
f 1722 12460 12461
f 1722 1721 12460
f 12125 12116 12119
f 12125 12122 12116
f 12462 12125 12126
f 12462 12461 12125
f 2390 2379 2395
f 2390 2378 2379
f 12458 2380 12464
f 12458 2379 2380
f 12097 12457 12136
f 12097 12098 12457
f 12458 12130 12136
f 12458 12131 12130
f 2380 1039 1040
f 2380 2377 1039
f 1040 12465 12464
f 1040 1041 12465
f 12128 12466 12129
f 12128 12465 12466
f 12129 12139 12128
f 12129 12140 12139
f 12135 12131 12139
f 12135 12130 12131
f 1704 1711 1723
f 1704 1703 1711
f 1722 12463 1723
f 1722 12462 12463
f 12120 12126 12119
f 12120 12164 12126
f 12166 12165 12167
f 12166 12164 12165
f 12468 12166 12167
f 12468 12463 12166
f 1020 1014 1704
f 1020 1013 1014
f 1021 12468 12469
f 1021 1020 12468
f 12169 12157 12160
f 12169 12165 12157
f 12470 12169 12170
f 12470 12469 12169
f 12466 1042 12467
f 12466 1041 1042
f 1028 1025 1042
f 1028 1024 1025
f 12172 12467 12472
f 12172 12171 12467
f 12176 12171 12172
f 12176 12175 12171
f 12174 12140 12175
f 12174 12138 12140
f 12474 987 988
f 12474 991 987
f 1025 991 12472
f 1025 990 991
f 12183 12475 12184
f 12183 12474 12475
f 12180 12176 12183
f 12180 12174 12176
f 1006 1013 1022
f 1006 1005 1013
f 1021 12471 1022
f 1021 12470 12471
f 12161 12170 12160
f 12161 12223 12170
f 12225 12224 12226
f 12225 12223 12224
f 12477 12225 12226
f 12477 12471 12225
f 952 945 1006
f 952 944 945
f 953 12477 12478
f 953 952 12477
f 12227 12217 12220
f 12227 12224 12217
f 12479 12227 12228
f 12479 12478 12227
f 978 988 977
f 978 12476 988
f 12182 12475 12234
f 12182 12184 12475
f 12234 12482 12235
f 12234 12476 12482
f 794 972 793
f 794 978 972
f 768 12483 794
f 768 769 12483
f 12483 12235 12482
f 12483 12236 12235
f 12485 769 770
f 12485 12484 769
f 12236 12238 12233
f 12236 12484 12238
f 12241 12238 12246
f 12241 12237 12238
f 12246 12486 12247
f 12246 12485 12486
f 12245 12247 12250
f 12245 12244 12247
f 12293 12298 12299
f 12293 12292 12298
f 936 944 954
f 936 935 944
f 953 12481 954
f 953 12479 12481
f 12481 950 951
f 12481 12480 950
f 12222 12228 12220
f 12222 12300 12228
f 12480 12294 12295
f 12480 12300 12294
f 638 644 640
f 638 643 644
f 643 12491 644
f 643 12490 12491
f 639 950 638
f 639 951 950
f 639 608 936
f 639 607 608
f 12299 12295 12293
f 12299 12490 12295
f 758 755 771
f 758 753 755
f 770 755 754
f 770 771 755
f 12487 756 12493
f 12487 754 756
f 12304 12486 12487
f 12304 12302 12486
f 388 756 387
f 388 12493 756
f 378 388 385
f 378 379 388
f 12252 12259 12249
f 12252 12306 12259
f 12250 12303 12252
f 12250 12302 12303
f 12488 12304 12495
f 12488 12303 12304
f 12305 12488 12311
f 12305 12306 12488
f 750 370 371
f 750 377 370
f 379 750 12495
f 379 377 750
f 373 12496 371
f 373 12497 12496
f 12497 12311 12496
f 12497 12312 12311
f 12499 352 353
f 12499 12498 352
f 12312 12314 12310
f 12312 12498 12314
f 12316 12314 12322
f 12316 12313 12314
f 12322 12500 12323
f 12322 12499 12500
f 12375 12383 12374
f 12375 12384 12383
f 12378 12374 12383
f 12378 12372 12374
f 12381 12385 12386
f 12381 12380 12385
f 12287 12297 12285
f 12287 12388 12297
f 12391 12297 12390
f 12391 12298 12297
f 12390 12389 12392
f 12390 12388 12389
f 237 229 12512
f 237 225 229
f 237 12510 236
f 237 12511 12510
f 12386 12510 12387
f 12386 12508 12510
f 12387 12382 12381
f 12387 12389 12382
f 12512 12392 12511
f 12512 12393 12392
f 629 12492 12513
f 629 628 12492
f 640 630 642
f 640 628 630
f 642 573 575
f 642 630 573
f 12393 12491 12391
f 12393 12492 12491
f 229 629 12513
f 229 227 629
f 348 354 374
f 348 345 354
f 354 373 374
f 354 352 373
f 353 341 350
f 353 342 341
f 12501 350 351
f 12501 12500 350
f 331 351 341
f 331 332 351
f 12323 12327 12321
f 12323 12395 12327
f 12503 325 326
f 12503 12502 325
f 12395 12502 12396
f 12395 12501 12502
f 12328 12396 12397
f 12328 12327 12396
f 12337 12397 12398
f 12337 12335 12397
f 12514 12398 12503
f 12514 12401 12398
f 138 332 139
f 138 325 332
f 135 326 134
f 135 12514 326
f 114 135 132
f 114 115 135
f 12504 12401 12516
f 12504 12400 12401
f 12342 12400 12402
f 12342 12341 12400
f 12352 12402 12403
f 12352 12350 12402
f 12517 12403 12504
f 12517 12406 12403
f 115 269 12516
f 115 113 269
f 110 269 109
f 110 12517 269
f 90 110 107
f 90 91 110
f 12505 12406 12519
f 12505 12405 12406
f 12358 12405 12407
f 12358 12357 12405
f 12371 12407 12408
f 12371 12369 12407
f 12367 12409 12373
f 12367 12371 12409
f 12520 12408 12505
f 12520 12411 12408
f 91 244 12519
f 91 89 244
f 86 244 85
f 86 12520 244
f 69 86 83
f 69 70 86
f 12507 241 242
f 12507 12506 241
f 12373 12410 12375
f 12373 12409 12410
f 12506 12411 12522
f 12506 12410 12411
f 12414 12384 12413
f 12414 12385 12384
f 12509 12413 12507
f 12509 12414 12413
f 70 241 12522
f 70 68 241
f 235 65 63
f 235 242 65
f 240 12508 12509
f 240 239 12508
f 235 234 240
f 235 231 234
f 239 233 236
f 239 234 233

