# https://github.com/mikedh/trimesh
v 0.21427351 0.36174470 0.48431405
v 0.24483129 0.36154047 0.50074673
v 0.21859533 0.36613002 0.49078983
v 0.23979127 0.36346412 0.50074136
v 0.22172129 0.37241238 0.50072229
v 0.17128120 0.38637686 0.50051397
v 0.14423037 0.38862199 0.49937558
v 0.17167565 0.38647494 0.50068706
v 0.17119953 0.38654023 0.50068665
v 0.14477108 0.38970792 0.50067025
v 0.17162181 0.38619852 0.50035173
v 0.17114079 0.38603070 0.50005895
v 0.14514419 0.38602880 0.49625424
v 0.15721053 0.37051281 0.47988158
v 0.17316595 0.38603091 0.50068796
v 0.20793675 0.37013489 0.49278182
v 0.20473884 0.37653539 0.50071156
v 0.19657986 0.37918171 0.50070488
v 0.17204255 0.38544214 0.49951124
v 0.14115894 0.38958091 0.50066787
v 0.14156692 0.38739789 0.49793246
v 0.10009605 0.36750957 0.48136726
v 0.11871594 0.38602683 0.50065607
v 0.13841301 0.38149881 0.49161696
v 0.11360097 0.38450924 0.49989623
v 0.11467933 0.38538444 0.50065386
v 0.11397532 0.38525975 0.50065362
v 0.04293837 0.36302096 0.48360133
v 0.08946671 0.37869954 0.49699563
v 0.08787216 0.38188237 0.50065166
v 0.08313966 0.38070089 0.50065053
v 0.04990532 0.37139788 0.49335217
v 0.06115318 0.37812263 0.50064695
v 0.05307866 0.37776142 0.50064719
v 0.03694225 0.36942840 0.49237305
v 0.03363470 0.37603322 0.50064903
v 0.02234261 0.37339389 0.50065333
v 0.00751714 0.37107724 0.50065696
v -0.00908384 0.36771533 0.50066030
v -0.01874347 0.36646688 0.50066519
v -0.04106635 0.36087483 0.50067186
v -0.04412498 0.36006200 0.50067329
v -0.12879306 -0.21385233 -0.42998403
v -0.12877783 -0.18901238 -0.44320378
v -0.10542856 -0.20217347 -0.44391972
v -0.13020696 -0.18529183 -0.44421157
v -0.12695546 -0.18529001 -0.44498381
v -0.10275222 -0.19699910 -0.44642776
v -0.10590194 -0.17671490 -0.45277584
v -0.10019433 -0.20160289 -0.44539505
v -0.09056068 -0.20436490 -0.44610059
v -0.07161576 -0.21382418 -0.44488627
v -0.07160564 -0.20254216 -0.44991335
v -0.05847417 -0.20725816 -0.44897434
v -0.07492660 -0.16338240 -0.45895168
v -0.09711890 -0.19648507 -0.44744408
v -0.09366511 -0.17749800 -0.45434475
v -0.07805476 -0.18526289 -0.45421624
v -0.06778429 -0.16427708 -0.45939219
v -0.06453403 -0.18525600 -0.45539701
v -0.04913431 -0.19341670 -0.45350128
v -0.05118148 -0.17913970 -0.45763290
v -0.04302064 -0.20411098 -0.45040172
v -0.02748147 -0.20728755 -0.44898939
v -0.01443966 -0.21379597 -0.44588870
v -0.01443090 -0.20294583 -0.45007414
v 0.00179256 -0.20567144 -0.44737050
v -0.01869986 -0.16524379 -0.45984277
v -0.03704645 -0.19356593 -0.45317286
v -0.03497693 -0.17897055 -0.45729822
v -0.02149577 -0.18523204 -0.45539615
v -0.01028438 -0.16488227 -0.45965886
v -0.00754848 -0.18522049 -0.45495808
v 0.00985380 -0.19518159 -0.44981027
v 0.00702594 -0.17806777 -0.45552129
v 0.01415468 -0.20216186 -0.44654664
v 0.02196524 -0.20337608 -0.44508213
v 0.04272089 -0.21373473 -0.43740815
v 0.04274087 -0.19253108 -0.44485831
v 0.04208370 -0.15796664 -0.45619982
v 0.01779426 -0.19584531 -0.44845945
v 0.02048835 -0.17722054 -0.45384246
v 0.03932558 -0.18517418 -0.44803244
v 0.04334921 -0.15776478 -0.45609897
v 0.04575573 -0.18516688 -0.44720083
v 0.06794699 -0.17425331 -0.44796908
v 0.09989434 -0.21369986 -0.42730647
v 0.07450094 -0.17402267 -0.44751900
v 0.24732324 0.35745925 0.49848562
v 0.26274911 0.34028119 0.49509159
v 0.24976465 0.35746217 0.50075150
v 0.26464283 0.34409106 0.50077057
v 0.26445130 0.32889915 0.48600334
v 0.27132380 0.30965057 0.48187262
v 0.25635636 0.32139045 0.47223258
v 0.27631882 0.32891211 0.50078523
v 0.27822077 0.31417543 0.49344051
v 0.28084472 0.31944248 0.50079411
v 0.21937066 0.36000347 0.48391455
v 0.24279624 0.35913056 0.49740252
v 0.21427721 0.35745043 0.47965354
v 0.21429180 0.34361973 0.46480963
v 0.19925311 0.34991747 0.46540856
v 0.20046128 0.32970986 0.44402358
v 0.23009208 0.34953523 0.47856155
v 0.20430115 0.36244521 0.48145854
v 0.24280210 0.35129133 0.48843214
v 0.23737118 0.34043998 0.47220469
v 0.24670684 0.33927330 0.48000899
v 0.24070452 0.34105968 0.47642481
v 0.24281248 0.33436474 0.47221544
v 0.24699208 0.31878793 0.46385485
v 0.22347116 0.32887226 0.45383197
v 0.20143700 0.32886383 0.44360217
v 0.23585823 0.32156655 0.45827526
v 0.22406754 0.31985968 0.44814330
v 0.17480762 0.36626473 0.47761521
v 0.18574074 0.36718267 0.48125222
v 0.18574566 0.36049291 0.47214839
v 0.18575695 0.34921938 0.46003091
v 0.19968998 0.32956198 0.44359979
v 0.17514014 0.33614850 0.44357210
v 0.15721962 0.35744819 0.46501926
v 0.16462493 0.35373941 0.46155310
v 0.16336399 0.34515333 0.45170188
v 0.15722188 0.35287926 0.46012291
v 0.14994848 0.35380718 0.46147692
v 0.15149158 0.34596053 0.45209771
v 0.13777079 0.36718348 0.47667527
v 0.19915681 0.32797730 0.44183019
v 0.20770791 0.31350225 0.43593764
v 0.19979817 0.32910493 0.44311717
v 0.20028040 0.32886332 0.44311848
v 0.20021661 0.32921830 0.44342315
v 0.16609348 0.32885933 0.43272734
v 0.17828579 0.32208148 0.43003681
v 0.17422558 0.33157969 0.43814152
v 0.16857903 0.33471715 0.44064319
v 0.11719145 0.36600161 0.47785065
v 0.12866575 0.36865520 0.47827476
v 0.12867199 0.36250967 0.47211492
v 0.12867692 0.35018575 0.45807353
v 0.13824864 0.33829367 0.44355428
v 0.11769924 0.33546060 0.44355422
v 0.10010411 0.35745329 0.47044992
v 0.11038981 0.35231024 0.46297535
v 0.10932633 0.33902794 0.44863015
v 0.10011096 0.34965879 0.46173069
v 0.08609053 0.35044307 0.46483827
v 0.09058163 0.33837137 0.44830254
v 0.08660166 0.36420184 0.47964644
v -0.18591988 -0.15675533 -0.43132055
v -0.16299891 -0.14529720 -0.44424430
v 0.13042353 0.31629339 0.41844839
v 0.13908325 0.33274662 0.43579584
v 0.14878595 0.32886136 0.43192726
v 0.14616564 0.33527887 0.44035164
v -0.15970358 -0.14007913 -0.44616991
v -0.16149735 -0.11808340 -0.44979882
v 0.11017627 0.32886946 0.43508726
v 0.12607263 0.31719866 0.42025453
v 0.11705261 0.33151358 0.43826801
v 0.11207058 0.33354580 0.44121936
v -0.15732640 -0.14496207 -0.44640800
v -0.12876219 -0.16907437 -0.44947225
v -0.12467590 -0.15876441 -0.45361483
v -0.13732940 -0.15244651 -0.45137972
v -0.12875251 -0.15672967 -0.45312035
v -0.12874950 -0.15334269 -0.45396605
v -0.12573449 -0.15522094 -0.45414910
v -0.13054951 -0.10327539 -0.45752668
v -0.15415198 -0.13928983 -0.44774219
v -0.15199327 -0.11920024 -0.45203164
v -0.13553348 -0.12816471 -0.45499814
v -0.12639365 -0.10422061 -0.45799667
v -0.12097004 -0.12815836 -0.45689574
v -0.10837219 -0.13421708 -0.45780694
v -0.10884354 -0.12256671 -0.45877597
v 0.05235325 0.36215135 0.48168322
v 0.07151245 0.36565089 0.48426217
v 0.07152496 0.35527226 0.47210845
v -0.07925501 -0.15669861 -0.45945495
v -0.10016939 -0.16383192 -0.45567203
v -0.10016020 -0.15080792 -0.45811421
v -0.07157489 -0.15669319 -0.46009442
v -0.07621840 -0.14740553 -0.46026748
v -0.06554628 -0.14465261 -0.46163267
v -0.06041897 -0.15668352 -0.46117407
v 0.07153091 0.34786651 0.46271783
v 0.08311673 0.33431280 0.44355804
v 0.05860195 0.33155519 0.44356352
v 0.04294357 0.35744536 0.47691646
v 0.05934904 0.34925634 0.46602648
v 0.05532695 0.33274788 0.44549677
v 0.04295497 0.34627765 0.46341896
v 0.01822185 0.34507713 0.47020182
v 0.03569185 0.36106545 0.48277122
v -0.07789266 -0.11225136 -0.46199548
v -0.09084879 -0.13313064 -0.45994711
v -0.09039856 -0.12359162 -0.46083805
v -0.08125506 -0.12813407 -0.46073896
v -0.06373183 -0.11517088 -0.46344823
v -0.06067727 -0.12811477 -0.46308440
v -0.05388052 -0.13149339 -0.46313190
v -0.05415045 -0.12500203 -0.46368831
v -0.02706865 -0.15666050 -0.46189752
v -0.04299072 -0.16091034 -0.46138173
v -0.04298718 -0.15294431 -0.46241552
v -0.01439904 -0.15665196 -0.46174407
v -0.02284778 -0.13975544 -0.46403241
v -0.00574409 -0.13936538 -0.46420926
v -0.00241045 -0.15664440 -0.46154010
v -0.02524987 -0.12124698 -0.46646583
v -0.03100217 -0.13041376 -0.46524248
v -0.03079423 -0.12597965 -0.46565711
v -0.02659040 -0.12809138 -0.46570659
v -0.00336933 -0.12151691 -0.46659026
v -0.00208367 -0.12807621 -0.46588072
v 0.00209086 -0.13025545 -0.46549392
v 0.00173917 -0.12624550 -0.46620587
v 0.07517065 0.31819344 0.42221880
v 0.08343565 0.33127850 0.43875545
v 0.08978159 0.32887232 0.43568525
v 0.08798277 0.33316281 0.44141448
v 0.03986067 -0.15660413 -0.45697391
v 0.01418441 -0.16176046 -0.45956275
v 0.01419018 -0.15268394 -0.46192998
v 0.04276737 -0.15660110 -0.45651141
v 0.04030684 -0.15167937 -0.45798889
v 0.04432848 -0.15348345 -0.45707878
v 0.04453954 -0.15659928 -0.45640346
v 0.03763564 0.32887858 0.44356769
v 0.05526419 0.32887900 0.43956584
v 0.06535769 0.32079238 0.42741102
v 0.05843259 0.33004498 0.44123101
v 0.05624641 0.33091316 0.44254777
v 0.03212871 -0.12080315 -0.46622401
v 0.02603696 -0.13051394 -0.46493110
v 0.02643035 -0.12599090 -0.46571708
v 0.03099799 -0.12805235 -0.46484241
v 0.05184916 -0.11756074 -0.46459767
v 0.05328743 -0.12802751 -0.46224421
v 0.06223092 -0.13317446 -0.45950332
v 0.06086544 -0.12424117 -0.46225491
v 0.02931045 0.32887846 0.44482103
v 0.07134080 -0.16620800 -0.45051587
v 0.07135361 -0.14927810 -0.45518970
v 0.08816385 -0.16244951 -0.44960412
v 0.09246992 -0.15283307 -0.45176074
v 0.09993786 -0.15656242 -0.44951403
v 0.09994350 -0.14937389 -0.45189747
v 0.11205102 -0.15050660 -0.44943660
v 0.09325834 -0.11284676 -0.46222216
v 0.07971434 -0.13394588 -0.45791787
v 0.08120217 -0.12354748 -0.46088183
v 0.09142907 -0.12800220 -0.45826656
v 0.10600358 -0.11148909 -0.46153831
v 0.10781344 -0.12799656 -0.45691603
v 0.12341498 -0.13715458 -0.45144111
v 0.12094510 -0.12130617 -0.45640928
v 0.01435748 0.36276120 0.49001467
v 0.01437549 0.34590158 0.47212443
v 0.01437714 0.34425622 0.46992213
v 0.12852897 -0.14560853 -0.44787964
v 0.13671647 -0.14635840 -0.44529265
v 0.15709707 -0.15654355 -0.43488383
v 0.15711677 -0.13418609 -0.44430786
v 0.01166293 0.34450945 0.47076955
v -0.01420575 0.33700401 0.46806079
v -0.01029314 0.35742801 0.48836291
v -0.01421621 0.35742807 0.48933667
v -0.00075271 0.35070702 0.47968161
v -0.01421313 0.35200614 0.48369560
v -0.01335141 0.35570115 0.48726845
v -0.02750236 0.35742059 0.49303818
v -0.01526809 0.35532218 0.48745772
v 0.13251796 -0.13828754 -0.44916770
v 0.13484055 -0.11999512 -0.45379031
v 0.15410863 -0.12798259 -0.44723040
v 0.15927595 -0.12798150 -0.44551796
v 0.02418061 0.33337224 0.45255828
v 0.01089826 0.33967516 0.46516806
v 0.02910173 0.32804498 0.44398594
v 0.02813928 0.32833377 0.44465783
v 0.02785351 0.32721624 0.44356948
v 0.02964769 0.32695571 0.44260880
v -0.00633361 0.32887170 0.45641598
v 0.00311601 0.32585901 0.44960415
v 0.00431077 0.32046366 0.44357309
v -0.00380168 0.32108060 0.44746935
v -0.01151859 0.30564085 0.43196553
v -0.03097548 0.33723992 0.47213385
v -0.02074659 0.32886600 0.45905095
v -0.04279747 0.35857058 0.49835902
v -0.07135969 0.33117449 0.47099131
v -0.04731483 0.35741180 0.49842030
v -0.07136145 0.33355528 0.47450268
v -0.06634845 0.34737307 0.49143940
v -0.07656506 0.34700903 0.49162507
v -0.06022618 0.35741335 0.50068164
v -0.04279582 0.35346135 0.49277365
v -0.07049868 0.35566860 0.50068718
v -0.07229006 0.35557556 0.50068802
v -0.06316960 0.33294833 0.47214806
v -0.04003051 0.34038392 0.47764921
v -0.04579509 0.34014052 0.47813654
v -0.04279109 0.33479118 0.47213697
v -0.02345779 0.31881493 0.44860458
v -0.03434258 0.32301629 0.45527530
v -0.03719936 0.31144840 0.44358125
v -0.01614686 0.30421603 0.43125579
v -0.06903283 0.32885236 0.46750385
v -0.05049145 0.32227951 0.45674175
v -0.04766714 0.31006622 0.44358641
v -0.06320643 0.31658253 0.44972861
v -0.07644935 0.33139405 0.47215185
v -0.07327715 0.32885098 0.46832144
v -0.12091175 0.34220213 0.49401855
v -0.13896979 0.33649033 0.49686396
v -0.09697869 0.35148677 0.50069135
v -0.10319075 0.35090637 0.50069177
v -0.12340249 0.34718478 0.50068474
v -0.13668735 0.34105453 0.50068170
v -0.09503461 0.33823580 0.48193479
v -0.10522402 0.33784258 0.48271558
v -0.09993118 0.32992232 0.47215670
v -0.07870678 0.31497157 0.45053524
v -0.09343920 0.32104939 0.45919377
v -0.09614088 0.30786338 0.44361073
v -0.10493956 0.31956935 0.46215191
v -0.10265512 0.30570430 0.44361171
v -0.12409295 0.30909529 0.45347339
v -0.12525684 0.32884312 0.47865015
v -0.13442886 0.32884219 0.48398006
v -0.11989424 0.32453790 0.47215372
v -0.12850802 0.31905377 0.46726340
v -0.12850754 0.32396775 0.47458896
v -0.14655705 0.33636349 0.50067806
v -0.14570452 0.33175120 0.49486589
v -0.13193411 0.30711401 0.45446035
v -0.18566622 0.30173004 0.48566934
v -0.15707707 0.32883644 0.50067592
v -0.15290931 0.31871748 0.48047489
v -0.18300194 0.30557698 0.48907506
v -0.16751316 0.32107764 0.50067449
v -0.17888737 0.31382960 0.50067419
v -0.16902310 -0.10803151 -0.44728461
v -0.18587703 -0.09961022 -0.43990457
v -0.16945085 -0.09139848 -0.44751030
v -0.16144218 -0.08114620 -0.44975942
v -0.16079140 -0.06027055 -0.44850212
v -0.13189927 -0.09959350 -0.45728466
v -0.15729696 -0.10910466 -0.45098370
v -0.15728223 -0.09030122 -0.45139700
v -0.12870477 -0.09959236 -0.45785582
v -0.13043149 -0.09613486 -0.45741823
v -0.12634157 -0.09487579 -0.45804647
v -0.12305992 -0.09959027 -0.45850495
v -0.15198869 -0.08002722 -0.45199269
v -0.15270430 -0.06129380 -0.45054698
v -0.13563827 -0.07102092 -0.45532885
v -0.12044288 -0.07101916 -0.45788872
v -0.10898058 -0.07642686 -0.45915639
v -0.10908958 -0.06572106 -0.45939457
v -0.18665333 0.30221456 0.48739851
v -0.18890861 0.30671686 0.50067461
v -0.08369204 -0.09956900 -0.46173877
v -0.10012572 -0.10436880 -0.46037543
v -0.10011905 -0.09488393 -0.46056801
v -0.07153606 -0.09955924 -0.46291429
v -0.07839413 -0.08583246 -0.46253788
v -0.06227375 -0.08107942 -0.46490556
v -0.05122589 -0.09954529 -0.46579328
v -0.07973793 -0.05889050 -0.46392065
v -0.08982823 -0.07502425 -0.46193174
v -0.08972383 -0.06708547 -0.46213490
v -0.08204055 -0.07100209 -0.46244529
v -0.06108592 -0.06324094 -0.46609080
v -0.05940403 -0.07098657 -0.46558449
v -0.05519143 -0.07300826 -0.46590519
v -0.05526660 -0.06903753 -0.46606407
v -0.03727172 -0.09953566 -0.46708137
v -0.04295217 -0.10125773 -0.46648446
v -0.04294930 -0.09797344 -0.46679154
v -0.01436488 -0.09952138 -0.46858174
v -0.00108083 -0.07301170 -0.47094920
v -0.02770742 -0.07281739 -0.46901447
v 0.01211887 -0.09950316 -0.46883079
v -0.01648522 -0.07095991 -0.46993211
v -0.02791947 -0.06954714 -0.46923187
v -0.02910710 -0.07144379 -0.46899173
v -0.02908586 -0.07051417 -0.46903339
v -0.02821040 -0.07096808 -0.46910015
v -0.00060653 -0.07094876 -0.47103742
v 0.00767406 -0.08639625 -0.46989840
v 0.00054650 -0.07154135 -0.47110441
v 0.00061955 -0.07028250 -0.47124866
v -0.00130886 -0.06842286 -0.47118381
v 0.01631011 -0.09950002 -0.46883717
v 0.01794112 -0.09208307 -0.46988326
v 0.01422379 -0.10003974 -0.46880472
v 0.01422468 -0.09902427 -0.46892661
v 0.02718360 -0.07228155 -0.47260118
v 0.04281026 -0.09947771 -0.46899828
v 0.03091118 -0.07566559 -0.47225454
v 0.05453552 -0.07606950 -0.47244039
v 0.06623238 -0.09945340 -0.46725062
v 0.02703235 -0.06941567 -0.47291067
v 0.01426708 -0.04491064 -0.47500458
v 0.03007877 -0.07092296 -0.47295842
v 0.03292462 -0.06217473 -0.47425917
v 0.05544067 -0.07089843 -0.47322676
v 0.06469794 -0.08605082 -0.46983838
v 0.05865300 -0.07242258 -0.47290733
v 0.05891244 -0.06911173 -0.47342092
v 0.05243800 -0.06151091 -0.47455931
v 0.07866610 -0.09944598 -0.46618384
v 0.08111251 -0.08004922 -0.46982938
v 0.07139007 -0.10117126 -0.46637776
v 0.07139235 -0.09808837 -0.46710229
v 0.08502693 -0.07155828 -0.47119376
v 0.09997857 -0.09943653 -0.46445176
v 0.08668472 -0.07283013 -0.47080693
v 0.11066573 -0.07811803 -0.46618223
v 0.11382639 -0.09943375 -0.46243125
v 0.08490528 -0.07007374 -0.47144073
v 0.07143856 -0.04558812 -0.47640210
v 0.09491012 -0.07087389 -0.46982440
v 0.08637601 -0.07087683 -0.47116494
v 0.08715335 -0.06799531 -0.47127339
v 0.11244038 -0.06714576 -0.46795100
v 0.11292497 -0.07086827 -0.46706167
v 0.11620153 -0.07276864 -0.46600214
v 0.11585921 -0.06931053 -0.46669388
v 0.12856032 -0.10522945 -0.45818192
v 0.12857261 -0.09479149 -0.46051341
v 0.15128180 -0.10235504 -0.45256495
v 0.15713888 -0.11176124 -0.44932336
v 0.15276361 -0.09722919 -0.45330334
v 0.15715270 -0.09942247 -0.45170593
v 0.15716022 -0.09369738 -0.45263422
v 0.17022654 -0.09289220 -0.44896805
v 0.15370555 -0.04929743 -0.45901057
v 0.13811566 -0.07563162 -0.46025312
v 0.13881907 -0.06678881 -0.46164417
v 0.14873995 -0.07086075 -0.45810366
v 0.15957405 -0.04702641 -0.45787507
v 0.16388726 -0.07085853 -0.45461571
v 0.18278013 -0.08216397 -0.44716328
v 0.18099150 -0.06136445 -0.45079562
v 0.18574952 -0.08721321 -0.44536731
v 0.19040477 -0.08746395 -0.44354412
v 0.21429233 -0.09942213 -0.43012804
v 0.18792100 -0.08297276 -0.44554487
v 0.18943104 -0.06022055 -0.44850847
v -0.16687638 -0.05193136 -0.44626123
v -0.18582967 -0.04245967 -0.43929136
v -0.16520506 -0.03214761 -0.44544727
v -0.15982325 -0.02557907 -0.44664088
v -0.15921375 -0.00158563 -0.44547138
v -0.15725498 -0.05299008 -0.44894296
v -0.15724050 -0.03120882 -0.44755089
v -0.13071199 -0.04346966 -0.45469806
v -0.12866363 -0.04349419 -0.45519629
v -0.12781568 -0.04286877 -0.45529702
v -0.13129415 -0.04113048 -0.45440862
v -0.12866300 -0.04244526 -0.45512635
v -0.12866230 -0.04125138 -0.45512500
v -0.12784953 -0.04203868 -0.45531446
v -0.12882315 0.01432410 -0.45594108
v -0.15378904 -0.02471681 -0.44835854
v -0.15451209 -0.00229345 -0.44688722
v -0.13472362 -0.01386964 -0.45360470
v -0.12830697 0.01405731 -0.45607412
v -0.12065745 -0.01386424 -0.45741907
v -0.10940830 -0.01881072 -0.46011353
v -0.10948116 -0.00899067 -0.46027139
v -0.08665037 -0.04243161 -0.46328086
v -0.10007801 -0.04690699 -0.46105587
v -0.10007361 -0.03809829 -0.46131802
v -0.07149169 -0.04242136 -0.46584731
v -0.08163973 -0.02211466 -0.46586043
v -0.05815785 -0.01577990 -0.46900356
v -0.04424118 -0.04240397 -0.46929669
v -0.08212125 -0.00656062 -0.46634799
v -0.08815801 -0.01623863 -0.46522486
v -0.08810900 -0.01151357 -0.46532083
v -0.08368180 -0.01385039 -0.46581841
v -0.05163823 -0.01382929 -0.46997279
v -0.05801069 -0.01217724 -0.46914864
v -0.05317348 -0.00581810 -0.46997175
v -0.05760980 -0.01383276 -0.46912411
v -0.05678673 -0.01422911 -0.46918243
v -0.05680910 -0.01345823 -0.46922776
v -0.04198075 -0.04240257 -0.46950591
v -0.04090573 -0.03841706 -0.46996501
v -0.04290039 -0.04269524 -0.46938172
v -0.04290018 -0.04213355 -0.46942690
v -0.02999144 -0.01521060 -0.47274530
v -0.01431749 -0.04238781 -0.47217155
v -0.02546534 -0.02008237 -0.47308773
v -0.00507248 -0.02391773 -0.47499496
v 0.00566481 -0.04237228 -0.47422278
v -0.03011230 -0.01230166 -0.47299045
v -0.04288056 0.01377852 -0.47191226
v -0.02693606 -0.01381582 -0.47327566
v -0.02466211 -0.00595253 -0.47388512
v -0.00292348 -0.01380394 -0.47576749
v 0.00332237 -0.01712827 -0.47659194
v 0.00353903 -0.01025494 -0.47701833
v -0.00608240 -0.00165190 -0.47601694
v 0.01427125 -0.03961054 -0.47542444
v 0.02705582 -0.04235318 -0.47628936
v 0.02437152 -0.01798887 -0.47833043
v 0.04285928 -0.04233954 -0.47722143
v 0.03694823 -0.03050891 -0.47826362
v 0.04845535 -0.03116406 -0.47858506
v 0.05701129 -0.04232744 -0.47708437
v 0.02412956 -0.00932395 -0.47882411
v 0.01429808 0.01015999 -0.47918355
v 0.03333952 -0.01377097 -0.47940767
v 0.03815792 0.00534373 -0.47945380
v 0.05210792 -0.01375697 -0.48001343
v 0.06199440 -0.01857213 -0.47952288
v 0.06188777 -0.00904143 -0.47929728
v 0.04732859 0.00595192 -0.47974634
v 0.07144473 -0.03874213 -0.47700706
v 0.08169214 -0.04231139 -0.47497416
v 0.08200054 -0.01749946 -0.47737780
v 0.10003038 -0.04230477 -0.47304007
v 0.09110296 -0.02443067 -0.47520006
v 0.11210531 -0.01822823 -0.47208670
v 0.12564810 -0.04230284 -0.46833140
v 0.08210573 -0.01008426 -0.47718239
v 0.07148852 0.01095286 -0.47762078
v 0.08905285 -0.01374090 -0.47643697
v 0.09125069 -0.00279472 -0.47533599
v 0.11313723 -0.01373806 -0.47227949
v 0.12155287 -0.02814525 -0.46982870
v 0.11538993 -0.01477146 -0.47190842
v 0.11542390 -0.01267243 -0.47197342
v 0.12320970 -0.01373779 -0.46983641
v 0.11204033 -0.00910209 -0.47216320
v 0.12311363 0.00373115 -0.46984267
v 0.14070903 -0.04230131 -0.46376950
v 0.12862267 -0.04353922 -0.46733975
v 0.12862480 -0.04122370 -0.46765786
v 0.15721297 -0.04229951 -0.45896161
v 0.15185133 -0.03156589 -0.46089053
v 0.15981087 -0.03711991 -0.45810616
v 0.16146924 -0.04229943 -0.45763892
v 0.15024544 0.00082869 -0.46254149
v 0.14070681 -0.01596961 -0.46535581
v 0.14083461 -0.01162795 -0.46560666
v 0.14598787 -0.01373699 -0.46373418
v 0.16098994 0.00736277 -0.45927164
v 0.16547373 -0.01373908 -0.45770219
v 0.18056855 -0.02277361 -0.45173234
v 0.18038237 -0.00490821 -0.45214623
v 0.27704296 0.30319881 0.48367348
v 0.18579367 -0.05218268 -0.45001513
v 0.18581234 -0.03250962 -0.45021072
v 0.19579691 -0.05158241 -0.44622317
v 0.19601628 -0.03311839 -0.44633010
v 0.21438649 -0.04230151 -0.43808579
v 0.27131912 0.30032712 0.47481018
v 0.27131310 0.28247046 0.46690732
v 0.25892755 0.30652574 0.46416438
v 0.26302278 0.29616308 0.46211818
v 0.18966492 -0.02418021 -0.44891649
v 0.18985535 -0.00347109 -0.44927180
v 0.28274322 0.30033734 0.49225461
v 0.27883136 0.29657358 0.48278344
v 0.28812557 0.30034357 0.50080806
v 0.29253298 0.28570959 0.50082242
v 0.27803051 0.27512774 0.47227439
v 0.29038936 0.27659839 0.49119592
v 0.27428821 0.27175820 0.46630943
v 0.27341697 0.24739380 0.45589852
v 0.26075774 0.27174398 0.45110726
v 0.27955556 0.26763800 0.47228241
v 0.29458705 0.27178460 0.50083834
v 0.29130906 0.26603848 0.48936775
v 0.29837734 0.24614438 0.50086606
v 0.24281403 0.30281469 0.44867146
v 0.24037807 0.30030686 0.44487867
v 0.24281393 0.29885212 0.44657412
v 0.24111515 0.29690033 0.44366008
v 0.21430455 0.30028853 0.42991793
v 0.25592512 0.27287376 0.44595474
v 0.25439855 0.27173692 0.44368359
v 0.26202583 0.26178670 0.44867665
v 0.25623396 0.27091330 0.44533628
v 0.25550514 0.26862586 0.44368652
v 0.23853362 0.26172403 0.42367238
v 0.23529199 0.27847216 0.43016773
v 0.21471395 0.29946786 0.42975730
v 0.18579723 0.31108850 0.42198551
v 0.21379288 0.30028823 0.42960194
v 0.21408509 0.29984820 0.42956612
v 0.12870193 0.31403396 0.41606814
v -0.16253352 0.00306947 -0.44414270
v -0.18578288 0.01468954 -0.43581933
v -0.16167752 0.02675081 -0.44372654
v -0.15875261 0.03054398 -0.44459343
v -0.15784171 0.05691725 -0.44278836
v -0.12894662 0.01470670 -0.45590749
v -0.15721442 0.00271178 -0.44607940
v -0.15720022 0.02706392 -0.44533792
v -0.12863156 0.01470685 -0.45600960
v -0.12881696 0.01507785 -0.45593539
v -0.12833072 0.01530833 -0.45604998
v -0.12749805 0.01470738 -0.45631525
v 0.07156877 0.31374171 0.41670322
v -0.15497932 0.03121166 -0.44592226
v -0.15623333 0.05661012 -0.44340280
v -0.13407557 0.04328339 -0.45237434
v -0.12144595 0.04328976 -0.45580313
v -0.10897021 0.03792927 -0.45928633
v -0.10873751 0.04888725 -0.45883068
v -0.09040143 0.01472519 -0.46517467
v -0.10005458 0.01149507 -0.46356052
v -0.10005169 0.01812502 -0.46319881
v -0.07146457 0.01473596 -0.46884117
v -0.04627032 0.01475247 -0.47165728
v -0.08246404 0.03673549 -0.46670321
v -0.05751060 0.04262318 -0.46960849
v -0.08148224 0.05183769 -0.46572220
v -0.08796465 0.04109077 -0.46556750
v -0.08809274 0.04564778 -0.46530917
v -0.08386673 0.04330629 -0.46622592
v -0.05519287 0.03939220 -0.46995941
v -0.05097193 0.04333048 -0.46995243
v -0.05765418 0.04431628 -0.46946454
v -0.05733969 0.04332593 -0.46959823
v -0.05699846 0.04316564 -0.46963826
v -0.05698417 0.04350089 -0.46960974
v -0.04287972 0.01574636 -0.47194198
v -0.03745168 0.01475799 -0.47267058
v -0.02916459 0.04275540 -0.47110903
v -0.01429480 0.01477028 -0.47560257
v -0.02686966 0.03993643 -0.47163463
v -0.00507915 0.03318543 -0.47500837
v -0.00052294 0.01478152 -0.47734064
v -0.02913200 0.04390419 -0.47104344
v -0.02793350 0.04334681 -0.47120693
v -0.03302411 0.05224861 -0.46992791
v -0.02738630 0.04572013 -0.47111082
v -0.00228161 0.04336459 -0.47449833
v 0.00279361 0.04058988 -0.47546244
v 0.00251912 0.04586948 -0.47490379
v -0.00383868 0.05107386 -0.47375816
v 0.01430085 0.01936179 -0.47904953
v 0.03378233 0.01480902 -0.47963512
v 0.02473181 0.03950398 -0.47764555
v 0.04289859 0.01481483 -0.47977933
v 0.03759480 0.02542465 -0.47887450
v 0.04833504 0.02566526 -0.47874931
v 0.05356021 0.01481905 -0.47884807
v 0.02508832 0.04690400 -0.47693259
v 0.01432642 0.07083742 -0.47209847
v 0.03253365 0.04338463 -0.47772098
v 0.03491529 0.05596343 -0.47616118
v 0.05339171 0.04339112 -0.47750881
v 0.06085943 0.03975068 -0.47715908
v 0.06068773 0.04686273 -0.47680390
v 0.05105047 0.05571965 -0.47602743
v 0.01440443 0.30930525 0.42559543
v 0.07149498 0.01854958 -0.47732019
v 0.08297667 0.01482575 -0.47560674
v 0.08379774 0.04138888 -0.47387058
v 0.10008310 0.01482652 -0.47327954
v 0.08920117 0.03660915 -0.47324628
v 0.11341327 0.04142322 -0.46885666
v 0.12666862 0.01482730 -0.46884111
v 0.08391055 0.04529612 -0.47364652
v 0.07152660 0.07045410 -0.47286460
v 0.10642162 0.04339319 -0.46984270
v 0.08752763 0.04339771 -0.47328249
v 0.08869762 0.04916138 -0.47272825
v 0.11296724 0.04625751 -0.46840599
v 0.11377826 0.04339150 -0.46859854
v 0.11510694 0.04268423 -0.46842504
v 0.11523983 0.04423022 -0.46816149
v 0.13521349 0.01482695 -0.46657264
v 0.12867486 0.01415564 -0.46849859
v 0.12867594 0.01554824 -0.46840087
v 0.15726204 0.01482533 -0.46084765
v 0.15136318 0.02663173 -0.46145156
v 0.16097799 0.02223693 -0.45925394
v 0.16342977 0.01482419 -0.45862588
v 0.14008892 0.04049235 -0.46404299
v 0.13965422 0.04672394 -0.46316391
v 0.14715721 0.04338890 -0.46151096
v 0.16510969 0.04338624 -0.45690888
v 0.18064404 0.03432581 -0.45171431
v 0.18237704 0.05416172 -0.44829130
v 0.18584567 0.00517241 -0.45051581
v 0.18586250 0.02465612 -0.45016396
v 0.19595870 0.00558915 -0.44630545
v 0.19559059 0.02424121 -0.44612831
v 0.21444201 0.01481407 -0.43542290
v 0.18946218 0.03269001 -0.44844988
v 0.18815716 0.05538902 -0.44583422
v -0.04276554 0.28752077 0.41805714
v -0.06588273 0.30028531 0.43205982
v -0.04277417 0.30410090 0.43597811
v -0.07135688 0.30028307 0.43175343
v -0.04233245 0.28558019 0.41590527
v -0.04313234 0.28564379 0.41577834
v -0.07063650 0.29884374 0.43004870
v -0.09994159 0.29044342 0.42398155
v -0.11044133 0.30026707 0.43836778
v -0.09993926 0.30259389 0.43897241
v -0.07745834 0.30028042 0.43237931
v -0.15043229 0.31121916 0.46882266
v -0.14464599 0.30025244 0.44981691
v -0.12851140 0.30026150 0.44289011
v -0.15402524 0.31301606 0.47367114
v -0.09880631 0.28484994 0.41734344
v -0.07205806 0.29887924 0.43003169
v -0.10119302 0.28473428 0.41757360
v -0.12470541 0.29264063 0.43315166
v -0.17543264 0.30536073 0.48130465
v -0.15708354 0.31264415 0.47593504
v -0.15708216 0.31043071 0.47214273
v -0.15708223 0.29597232 0.45214552
v -0.15263866 0.29135281 0.44360507
v -0.16380900 0.28679091 0.44360226
v -0.18566482 0.30023870 0.48228729
v -0.17545867 0.29513890 0.46295384
v -0.17799982 0.28491372 0.45021152
v -0.18565853 0.28917965 0.46337920
v -0.18704575 0.30092895 0.48572397
v -0.18992445 0.30023837 0.48853567
v -0.19075002 0.29769608 0.48387107
v -0.19734935 0.30023801 0.50067055
v -0.14947507 0.27835006 0.43028593
v -0.13346368 0.29036111 0.43428618
v -0.19207492 0.27165031 0.44359350
v -0.17592712 0.27165911 0.43450516
v -0.16696927 0.27606907 0.43481350
v -0.17427120 0.27745745 0.44070664
v -0.20481592 0.28122714 0.47212511
v -0.19749166 0.27164888 0.44849840
v -0.15878290 0.05836354 -0.44228441
v -0.18575753 0.07183208 -0.43159571
v -0.22947472 0.27348980 0.49975124
v -0.20928723 0.29029968 0.50066811
v -0.22587696 0.27702767 0.50066322
v -0.15719098 0.05825693 -0.44286415
v -0.15123683 0.06054829 -0.44445807
v -0.12861821 0.06310280 -0.45136398
v -0.12224339 0.06868200 -0.45255321
v -0.12861653 0.07186569 -0.45043269
v -0.12861221 0.08643249 -0.44845670
v -0.12091702 0.07571835 -0.45188856
v -0.22973150 0.27400383 0.50066203
v -0.20994325 0.28163928 0.48071957
v -0.22538051 0.27483743 0.49431908
v -0.21424875 0.27319619 0.47212684
v -0.13089706 0.10043879 -0.44602853
v -0.12567340 0.10044210 -0.44730958
v -0.10605417 0.09218487 -0.45347157
v -0.10464381 0.11012065 -0.45064500
v -0.19829951 0.26835072 0.44524068
v -0.20357092 0.26802877 0.45082358
v -0.20434055 0.26286843 0.44359407
v -0.19667849 0.26510632 0.44032818
v -0.21861623 0.26173207 0.46340609
v -0.21784537 0.25027680 0.44359532
v -0.23007324 0.27166405 0.49764195
v -0.22396320 0.26222068 0.47212845
v -0.24283820 0.24907441 0.48341489
v -0.08357368 0.07188907 -0.46175459
v -0.10003738 0.06637472 -0.45899978
v -0.10003546 0.07824824 -0.45726293
v -0.07145195 0.07189703 -0.46433079
v -0.07743885 0.08386840 -0.46166945
v -0.06366554 0.08746450 -0.46344340
v -0.04923508 0.07191164 -0.46675086
v -0.09218594 0.09401609 -0.45710009
v -0.09368733 0.10840483 -0.45408106
v -0.07978588 0.10046576 -0.45806387
v -0.06145681 0.10047981 -0.46134043
v -0.05357048 0.09690323 -0.46276748
v -0.05279474 0.10483892 -0.46121731
v -0.03779503 0.07191838 -0.46739388
v -0.04285735 0.07062845 -0.46735576
v -0.04285667 0.07338768 -0.46698406
v -0.01427027 0.07193407 -0.46937588
v 0.01065837 0.07194915 -0.47170684
v -0.02447626 0.09233205 -0.46581548
v -0.00261407 0.09522212 -0.46722865
v -0.23276429 0.27166507 0.50066119
v -0.02029088 0.11701480 -0.46162277
v -0.03108125 0.09798125 -0.46487236
v -0.03169097 0.10362261 -0.46365023
v -0.02590558 0.10049953 -0.46459126
v 0.00845861 0.08367854 -0.46987003
v -0.00621567 0.11300483 -0.46361855
v -0.00160339 0.10051236 -0.46659553
v 0.00141533 0.09913452 -0.46710959
v 0.00175580 0.10223150 -0.46642959
v 0.01432716 0.07299738 -0.47196329
v 0.01915580 0.07195287 -0.47227910
v 0.02627292 0.09579935 -0.46985099
v 0.04293002 0.07195905 -0.47399527
v 0.05668618 0.09941869 -0.47038633
v 0.06526899 0.07196443 -0.47296864
v 0.02894832 0.09990371 -0.46953779
v 0.04290499 0.10052557 -0.46983880
v 0.02961507 0.10247143 -0.46887082
v 0.02843106 0.10031479 -0.46943215
v 0.02837425 0.10078670 -0.46931809
v 0.02885859 0.10052241 -0.46940780
v 0.05702104 0.10052863 -0.47027239
v 0.05746271 0.10030842 -0.47027114
v 0.05743142 0.10071757 -0.47020829
v 0.06205126 0.10052864 -0.46982899
v 0.05694983 0.10111284 -0.47012249
v 0.05808550 0.10221238 -0.46982977
v 0.07152796 0.07336380 -0.47263682
v 0.07619818 0.07196489 -0.47217155
v 0.07987939 0.08863116 -0.46982935
v 0.10012060 0.07196120 -0.46889848
v 0.08779841 0.09661298 -0.46786529
v 0.10883886 0.08935049 -0.46423626
v 0.11835067 0.07195514 -0.46465299
v 0.09342062 0.11565366 -0.46225023
v 0.08486001 0.09954830 -0.46786195
v 0.08463344 0.10173532 -0.46740672
v 0.08714217 0.10052788 -0.46722141
v 0.10272402 0.12394030 -0.45810002
v 0.11031736 0.10051847 -0.46158421
v 0.11891766 0.09603578 -0.46085954
v 0.12099490 0.10706201 -0.45671651
v 0.12870988 0.06850545 -0.46293566
v 0.12871566 0.07606371 -0.46160093
v 0.15630566 0.07144561 -0.45505407
v 0.15730342 0.07061429 -0.45488787
v 0.16170134 0.06974692 -0.45335877
v 0.15604736 0.07257231 -0.45492426
v 0.15730429 0.07194424 -0.45464906
v 0.15730619 0.07556497 -0.45374349
v 0.13643906 0.09392758 -0.45666149
v 0.13426879 0.10926203 -0.45230860
v 0.15345429 0.10050343 -0.44900197
v 0.16022669 0.10050069 -0.44708705
v 0.18588682 0.06010169 -0.44617233
v 0.19026540 0.05984809 -0.44348210
v -0.24682108 0.25105208 0.49038053
v -0.24952850 0.25646353 0.50066274
v -0.12860522 0.10858148 -0.44550824
v -0.11213940 0.12079246 -0.44746745
v -0.12859298 0.12901713 -0.44214574
v -0.10690884 0.13986544 -0.44482946
v -0.10205095 0.14534770 -0.44544476
v -0.10002521 0.11975010 -0.45142221
v -0.10001593 0.14061068 -0.44678181
v -0.07371012 0.12790519 -0.45452303
v -0.07144567 0.12770353 -0.45498529
v -0.07008696 0.12835991 -0.45497149
v -0.07619154 0.13140954 -0.45327970
v -0.07144542 0.12903799 -0.45465937
v -0.07144424 0.13409580 -0.45311558
v -0.06940757 0.13005711 -0.45462966
v -0.09751739 0.14581139 -0.44636288
v -0.07378240 0.15760870 -0.44601461
v -0.06873889 0.15761133 -0.44671926
v -0.04849674 0.14897636 -0.45259592
v -0.04533204 0.16941792 -0.44626087
v -0.02166672 0.12906615 -0.45929137
v -0.04285945 0.12378536 -0.45936313
v -0.04285572 0.13581906 -0.45636466
v -0.01425539 0.12906975 -0.45997414
v -0.01702780 0.13460878 -0.45834970
v -0.01115425 0.13525973 -0.45866922
v -0.00493459 0.12907469 -0.46022728
v -0.03665363 0.14953142 -0.45368543
v -0.04000880 0.16907677 -0.44694340
v -0.01997447 0.15762728 -0.45272875
v -0.00802718 0.15763137 -0.45368734
v 0.00669286 0.15100804 -0.45656818
v 0.00982348 0.16737896 -0.45033246
v 0.03108792 0.12908775 -0.46146777
v 0.01434366 0.12527466 -0.46222126
v 0.01434806 0.13381720 -0.46036512
v 0.04294699 0.12908989 -0.46185222
v 0.03865857 0.13765797 -0.45982391
v 0.04702247 0.13722572 -0.45960504
v 0.05609879 0.12909034 -0.46210432
v 0.02221556 0.15121269 -0.45695835
v 0.01908974 0.16720727 -0.45067900
v 0.03674185 0.15764675 -0.45367491
v 0.04892500 0.15764804 -0.45315945
v 0.06462045 0.15029165 -0.45509255
v 0.06935705 0.16972378 -0.44564912
v 0.09397821 0.12908667 -0.45861077
v 0.07154676 0.12581274 -0.46326041
v 0.07154972 0.13383473 -0.46032545
v 0.10015111 0.12908527 -0.45755726
v 0.09870636 0.13197029 -0.45696941
v 0.10119420 0.13116847 -0.45656881
v 0.10261335 0.12908433 -0.45675689
v 0.12337443 0.14067371 -0.44393158
v 0.07799685 0.14980687 -0.45412022
v 0.07353009 0.16996694 -0.44516271
v 0.09699402 0.15764979 -0.44754696
v 0.10252070 0.15764821 -0.44597024
v 0.12874094 0.11959049 -0.45085329
v 0.13957880 0.12019939 -0.44667476
v 0.15732251 0.10804101 -0.44504970
v 0.15732734 0.12906264 -0.43362349
v 0.27731580 0.24619180 0.46101487
v 0.28792498 0.25151718 0.47826993
v 0.27502656 0.24318236 0.45615089
v 0.27844608 0.23961595 0.46158651
v 0.27477327 0.23625419 0.45455205
v 0.27131525 0.24317852 0.45203805
v 0.29835054 0.24320497 0.50012124
v 0.28944612 0.23412150 0.47752392
v 0.29872772 0.24320555 0.50086904
v 0.29885530 0.24122511 0.50087130
v 0.28679013 0.22237140 0.47232589
v 0.29362226 0.22269212 0.48478299
v 0.27891055 0.21461235 0.45711911
v 0.27048707 0.21459952 0.44374311
v 0.27296317 0.18934056 0.45640725
v 0.28508815 0.20772856 0.47233805
v 0.30145672 0.21464925 0.50090063
v 0.30057055 0.18755524 0.50092071
v 0.29277235 0.20742887 0.48649001
v 0.24280855 0.25261796 0.42474860
v 0.25808907 0.24316278 0.43604529
v -0.07143714 0.16406693 -0.44454730
v -0.04882056 0.17489143 -0.44427043
v -0.07142837 0.18617457 -0.43768990
v -0.04283980 0.17385288 -0.44516858
v -0.03563971 0.17550418 -0.44486585
v -0.01423433 0.17123973 -0.44806552
v 0.00420772 0.17699456 -0.44632298
v -0.01422648 0.18619710 -0.44164631
v 0.26421639 0.20025916 0.43657899
v 0.26226068 0.21459174 0.43332386
v 0.26309589 0.22668567 0.43767923
v 0.01437394 0.17511621 -0.44763982
v 0.02497332 0.17721424 -0.44653529
v 0.04296770 0.17133099 -0.44808376
v 0.06612875 0.17464380 -0.44395220
v 0.04297602 0.18620679 -0.44149134
v 0.07156708 0.17320064 -0.44378120
v 0.07489448 0.17359015 -0.44289839
v 0.10015287 0.16306916 -0.44394872
v 0.10016433 0.18620656 -0.42822134
v -0.23207606 0.24845642 0.46323073
v -0.23022667 0.24307799 0.45156807
v -0.21425048 0.23327944 0.42404872
v -0.22306477 0.24307397 0.43919224
v -0.21424097 0.24702573 0.43570727
v -0.24283646 0.24308243 0.47325826
v -0.23755409 0.24044043 0.46049777
v -0.23753883 0.23248467 0.45257390
v -0.24283391 0.23456165 0.46211916
v -0.24782699 0.24557744 0.48391485
v -0.25773382 0.24307904 0.49384406
v -0.25274131 0.23813015 0.48146197
v -0.26320124 0.24307728 0.50067085
v -0.21251063 0.22703880 0.41854829
v -0.24544965 0.21449968 0.44359940
v -0.23468998 0.21449646 0.43133783
v -0.21790446 0.22513160 0.42235747
v -0.23388997 0.22518757 0.43826300
v -0.25980452 0.22299007 0.47214165
v -0.25237444 0.21450129 0.45309150
v -0.28686437 0.21685082 0.49952847
v -0.26851743 0.23729134 0.50067699
v -0.28148335 0.22292982 0.50069195
v -0.28725654 0.21763627 0.50069731
v -0.26651037 0.22389883 0.48191935
v -0.28327596 0.21692590 0.49586764
v -0.27139997 0.20618328 0.47215492
v -0.25278965 0.20583065 0.44793487
v -0.26760489 0.20401511 0.46456790
v -0.24487917 0.18998393 0.43136683
v -0.27295753 0.20177607 0.46904430
v -0.28734776 0.21450880 0.49739110
v -0.27554530 0.20229249 0.47215706
v -0.29995599 0.18667945 0.48608908
v -0.29109985 0.21451041 0.50069904
v -0.30060336 0.18723391 0.48710614
v -0.30493674 0.19590621 0.50071716
v 0.30039951 0.18609416 0.50064176
v 0.30058753 0.18609430 0.50092167
v 0.27407464 0.18742587 0.45944095
v 0.28719896 0.19401690 0.47868425
v 0.29984000 0.18669225 0.49972287
v 0.27282602 0.18604293 0.45730305
v 0.27367026 0.18486564 0.45923969
v 0.27222937 0.18421279 0.45714498
v 0.25903705 0.16143283 0.44576338
v 0.27131680 0.18604034 0.45437846
v 0.28596398 0.17872959 0.47931063
v 0.29983997 0.18558642 0.49990809
v 0.30036512 0.18504329 0.50092226
v 0.27838111 0.16103035 0.47236758
v 0.28999448 0.16194226 0.49207246
v 0.27416939 0.15748625 0.46664023
v 0.25765720 0.15746287 0.44498569
v 0.27662969 0.15482788 0.47237173
v 0.27130848 0.14856187 0.46791011
v 0.29465440 0.15751851 0.50094092
v 0.28896573 0.15410729 0.49413157
v 0.29031584 0.14800327 0.50094801
v 0.25686473 0.15784444 0.44377896
v 0.26097310 0.18602350 0.43465400
v 0.25695834 0.15755942 0.44397449
v 0.25677961 0.15746166 0.44377920
v 0.25693589 0.15734188 0.44401965
v 0.25629333 0.15593559 0.44378051
v 0.24375463 0.17077021 0.41709024
v 0.23847735 0.14748445 0.42384237
v -0.26323169 0.18592162 0.44770101
v -0.01545565 -0.27283412 -0.39921927
v -0.01353316 -0.27281818 -0.39921042
v -0.24229990 0.15733877 0.41619480
v -0.18628637 -0.21448658 -0.39882225
v -0.18549992 -0.21484680 -0.39900097
v -0.15972474 -0.21854134 -0.41276303
v -0.16215806 -0.23290977 -0.39368510
v -0.12881038 -0.25027144 -0.38802889
v -0.10668644 -0.25990796 -0.38728970
v -0.15738314 -0.21580420 -0.41663793
v -0.13135435 -0.21513353 -0.42830271
v -0.15341625 -0.22179770 -0.41274932
v -0.13157316 -0.21940517 -0.42423913
v -0.13849853 -0.23323491 -0.40811896
v -0.15031464 -0.23522100 -0.39830333
v -0.13523442 -0.24241948 -0.39697254
v -0.10554288 -0.24240199 -0.41265577
v -0.12136570 -0.22870490 -0.41955349
v -0.11587705 -0.23968172 -0.41130704
v -0.11306044 -0.23950514 -0.41266811
v -0.11757179 -0.24240878 -0.40655446
v -0.11077794 -0.24613971 -0.40518421
v -0.11344310 -0.24133745 -0.41052601
v -0.12879419 -0.21644850 -0.42831630
v -0.08870613 -0.24793454 -0.41263193
v -0.10023118 -0.26006740 -0.39083305
v -0.08811523 -0.24457459 -0.41700435
v -0.08339544 -0.24745736 -0.41516155
v -0.06178775 -0.25125366 -0.41704202
v -0.07863487 -0.25698102 -0.40531006
v -0.06715862 -0.26197064 -0.40279517
v -0.08381518 -0.26487285 -0.39223933
v -0.07165274 -0.27094287 -0.38849542
v -0.07165061 -0.26636502 -0.39601541
v -0.06613917 -0.26818699 -0.39554423
v -0.09099510 -0.23732841 -0.42278820
v -0.12267360 -0.21690634 -0.43006998
v -0.10021079 -0.22368586 -0.43240011
v -0.10019957 -0.20942394 -0.44128734
v -0.08980182 -0.22291213 -0.43605646
v -0.08176293 -0.24238825 -0.42096350
v -0.06394882 -0.24237975 -0.42583016
v -0.04954026 -0.25798029 -0.41258121
v -0.05224494 -0.24746919 -0.42279688
v -0.04382314 -0.22887892 -0.43963447
v -0.07162783 -0.23000517 -0.43503401
v -0.02094747 -0.27090973 -0.40148756
v -0.03724061 -0.25928542 -0.41256905
v -0.04306599 -0.26661116 -0.40393466
v -0.03449304 -0.24808815 -0.42404270
v -0.01448964 -0.27090546 -0.40158486
v -0.02310055 -0.25367719 -0.41823277
v -0.00598488 -0.25392777 -0.41835243
v -0.00893754 -0.27090150 -0.40102810
v -0.02510945 -0.27621543 -0.39295271
v -0.01449145 -0.27480176 -0.39630282
v 0.00533863 -0.28079724 -0.38832715
v -0.04238225 -0.22875006 -0.43988967
v -0.04408929 -0.22756994 -0.44068018
v -0.04303790 -0.22780642 -0.44062725
v -0.04303694 -0.22661623 -0.44120622
v -0.04212711 -0.22763944 -0.44074869
v -0.02017033 -0.24235569 -0.42975169
v -0.00889184 -0.24234752 -0.43000582
v 0.00774520 -0.25818694 -0.41254342
v 0.00503807 -0.24754670 -0.42299372
v 0.01061676 -0.23155233 -0.43413648
v -0.01445605 -0.23343554 -0.43670660
v 0.02090364 -0.25728595 -0.41253924
v 0.01409615 -0.26663390 -0.40402675
v 0.02358936 -0.24712473 -0.42216903
v 0.03313330 -0.25177884 -0.41727811
v 0.05300733 -0.25024208 -0.41651312
v 0.04260833 -0.27073765 -0.39830962
v 0.04276304 -0.27069893 -0.39832890
v 0.04261259 -0.27084127 -0.39821023
v 0.04267594 -0.27087289 -0.39816743
v 0.04267596 -0.27082720 -0.39821902
v 0.04276089 -0.27083039 -0.39819941
v 0.01797385 -0.23188996 -0.43344688
v 0.00876756 -0.22537084 -0.43847898
v 0.01412882 -0.22617294 -0.43740782
v 0.01413786 -0.21733987 -0.44116449
v 0.02208302 -0.22406393 -0.43717533
v 0.03442847 -0.24230778 -0.42459226
v 0.05182469 -0.24229723 -0.42287388
v 0.06212656 -0.25258228 -0.41253799
v 0.06030349 -0.24560617 -0.41917235
v 0.06267623 -0.23661290 -0.42390579
v 0.04270985 -0.22546476 -0.43271634
v 0.08511160 -0.24319150 -0.41253713
v 0.07126285 -0.26423454 -0.39928126
v 0.08532039 -0.24252625 -0.41303542
v 0.08576401 -0.24266654 -0.41273201
v 0.08610618 -0.24335158 -0.41199937
v 0.08777551 -0.26481462 -0.39220521
v 0.09983808 -0.27084035 -0.38101670
v 0.09984548 -0.25938746 -0.39251259
v 0.08503757 -0.24174497 -0.41360337
v 0.05552495 -0.22012666 -0.43325359
v 0.07130125 -0.22223710 -0.42960343
v 0.09896917 -0.21416262 -0.42731017
v 0.08719089 -0.24227653 -0.41253784
v 0.08581662 -0.24227697 -0.41303113
v 0.10059794 -0.21511000 -0.42614201
v 0.11037767 -0.23470950 -0.40876764
v 0.12507889 -0.22045791 -0.41256556
v 0.10981924 -0.24226901 -0.40388086
v 0.11890686 -0.23751375 -0.40304109
v 0.09989391 -0.21412705 -0.42706138
v 0.10031858 -0.21391189 -0.42706040
v 0.12846901 -0.21487162 -0.41493350
v 0.13008972 -0.21693969 -0.41257128
v 0.15527552 -0.21718864 -0.40005371
v 0.13491428 -0.23445307 -0.39694110
v 0.15814884 -0.21593383 -0.39942950
v -0.27140257 0.19618453 0.46410429
v -0.27641213 0.19771132 0.46965545
v -0.21551704 -0.20007950 -0.38476190
v -0.21577549 -0.15927081 -0.41288671
v -0.21533330 -0.19883883 -0.38582137
v -0.22081563 -0.17730889 -0.39684492
v -0.18678266 -0.21388097 -0.39892054
v -0.21456775 -0.20021684 -0.38551036
v -0.18598245 -0.21388100 -0.39962071
v -0.17768866 -0.19735229 -0.41883457
v -0.16261141 -0.21387066 -0.41538703
v -0.19152832 -0.20278096 -0.40409037
v -0.18716285 -0.21447016 -0.39793140
v -0.18598427 -0.21530120 -0.39780730
v -0.21451822 -0.15768239 -0.41472432
v -0.18954818 -0.15856910 -0.42895561
v -0.19797294 -0.18532163 -0.41284952
v -0.20557895 -0.17465724 -0.41286522
v -0.19709802 -0.17903790 -0.41599575
v -0.19969320 -0.18421046 -0.41229615
v -0.20745048 -0.19250500 -0.39848712
v -0.20122787 -0.18434630 -0.41090092
v -0.19961795 -0.18532220 -0.41158628
v -0.17776766 -0.18531477 -0.42504463
v -0.16432020 -0.19264431 -0.42748061
v -0.15849566 -0.17217058 -0.43910187
v -0.18592517 -0.16208462 -0.42980167
v -0.15737985 -0.21036753 -0.41977471
v -0.13362873 -0.21143831 -0.42944828
v -0.15241167 -0.19463158 -0.43145245
v -0.13474478 -0.18827549 -0.44135010
v -0.15668373 -0.17169067 -0.44005924
v -0.14996059 -0.17471418 -0.44138002
v -0.16366744 -0.16787007 -0.43824035
v -0.15734857 -0.17048059 -0.44030172
v -0.15734495 -0.16633439 -0.44139406
v -0.15612623 -0.17041440 -0.44078040
v 0.06886307 -0.20065732 -0.43993297
v 0.07087442 -0.19899075 -0.44027773
v 0.06741762 -0.19748527 -0.44116223
v 0.07131462 -0.20013054 -0.43975845
v 0.09117512 -0.20934671 -0.43121421
v 0.07131758 -0.19602174 -0.44116294
v 0.07182663 -0.19892016 -0.44013736
v 0.09990031 -0.20657767 -0.43041959
v 0.10074060 -0.21327683 -0.42727169
v 0.09557594 -0.18296209 -0.44117716
v 0.09925026 -0.18513045 -0.43983835
v 0.10078730 -0.18512970 -0.43943632
v 0.12258609 -0.19349912 -0.42934638
v 0.12653184 -0.17281075 -0.43722671
v 0.09991926 -0.18331882 -0.44027001
v 0.12847324 -0.21148910 -0.41697896
v 0.13177721 -0.21369010 -0.41422933
v 0.13665566 -0.19124019 -0.42484486
v 0.15703002 -0.21368763 -0.40187120
v 0.14777295 -0.19512127 -0.41760570
v 0.16858977 -0.19060253 -0.40987295
v 0.16038363 -0.21368705 -0.39998791
v 0.15701565 -0.22436076 -0.39296091
v 0.16339271 -0.21686938 -0.39512229
v 0.13183825 -0.17416123 -0.43452489
v 0.12440082 -0.16877791 -0.43913257
v 0.12851247 -0.16927610 -0.43807697
v 0.12851816 -0.16173562 -0.44119096
v 0.13784704 -0.16616434 -0.43652582
v 0.16965032 -0.18511087 -0.41262314
v 0.14826080 -0.18511440 -0.42356437
v 0.17004102 -0.18250544 -0.41392726
v 0.17101161 -0.18445274 -0.41229534
v 0.17271942 -0.18235603 -0.41262588
v 0.17097510 -0.18511066 -0.41189444
v 0.17256242 -0.18633516 -0.41017413
v 0.17181835 -0.18463212 -0.41166785
v 0.15708920 -0.16455269 -0.43091702
v 0.18559456 -0.20299959 -0.39125773
v 0.19203438 -0.20261414 -0.38726902
v 0.16416349 -0.16007856 -0.43045309
v 0.18564752 -0.15991725 -0.41939119
v 0.19045083 -0.16617294 -0.41264114
v 0.21146066 -0.16201235 -0.40110895
v 0.19083881 -0.19415718 -0.39452982
v 0.19433270 -0.17954332 -0.40150717
v 0.21572012 -0.15958185 -0.39989686
v -0.27140436 0.18024799 0.45496735
v -0.26484105 0.17277718 0.44362110
v -0.24720751 0.18591800 0.43151680
v -0.29995602 0.18593770 0.48553717
v -0.28427678 0.17808402 0.46574086
v -0.29995519 0.17926779 0.48313296
v -0.30043206 0.18617620 0.48622209
v -0.30123258 0.18593872 0.48709860
v -0.30060971 0.18561073 0.48613369
v -0.30280983 0.18022040 0.48932266
v -0.22904275 -0.12872116 -0.41316035
v -0.21620092 -0.15676375 -0.41372949
v -0.22982244 -0.13027534 -0.41186357
v -0.22049013 -0.15676452 -0.40990901
v -0.23402448 -0.16130751 -0.39407557
v -0.24311069 -0.15676950 -0.38836983
v -0.24309808 -0.14680591 -0.39364696
v -0.23725136 -0.15384281 -0.39569810
v -0.22952835 -0.12820068 -0.41290051
v -0.24656838 -0.10667393 -0.40215349
v -0.24864748 -0.12820733 -0.39548862
v -0.22899932 -0.12820062 -0.41333506
v -0.22841436 -0.12856796 -0.41363463
v -0.22832856 -0.12774777 -0.41380453
v -0.22919345 -0.12737539 -0.41331291
v -0.21451612 -0.15559539 -0.41522270
v -0.19044471 -0.15449479 -0.42940766
v -0.20669280 -0.13468453 -0.42586213
v -0.18590832 -0.14074792 -0.43515056
v -0.20744388 -0.12093784 -0.42738885
v -0.21446562 -0.10570507 -0.42505211
v -0.19867688 -0.10601176 -0.43355352
v -0.18805194 -0.12818848 -0.43713504
v -0.18457438 -0.12818713 -0.43878633
v -0.17584252 -0.13321064 -0.44142473
v -0.17996997 -0.12522408 -0.44143072
v -0.18589547 -0.12292678 -0.43880498
v 0.16872254 -0.15073314 -0.43273389
v 0.18155348 -0.13814132 -0.43296808
v 0.18520445 -0.11420496 -0.44020936
v 0.16653833 -0.13269152 -0.44120944
v 0.18129404 -0.11590722 -0.44121325
v 0.18565816 -0.15094383 -0.42384598
v 0.19343972 -0.15654206 -0.41654426
v 0.19226709 -0.13567272 -0.42803401
v 0.21420336 -0.15653966 -0.40262693
v 0.20572250 -0.13952848 -0.41843003
v 0.22387536 -0.13724607 -0.40803248
v 0.21779306 -0.15653953 -0.40017411
v 0.21417367 -0.18250878 -0.38537651
v 0.22282724 -0.16085438 -0.39406228
v 0.18672690 -0.11472356 -0.43917233
v 0.18469647 -0.11319673 -0.44070816
v 0.18570822 -0.11324499 -0.44029883
v 0.18571556 -0.10889977 -0.44121426
v 0.19253166 -0.11029354 -0.43780732
v 0.22537778 -0.12798081 -0.41266748
v 0.20569086 -0.12798305 -0.42411178
v 0.22375518 -0.11841549 -0.41744992
v 0.22772643 -0.12638682 -0.41187164
v 0.22771090 -0.12798072 -0.41104931
v 0.23184884 -0.13131359 -0.40600324
v 0.22990729 -0.12659605 -0.40990141
v 0.21428612 -0.10345463 -0.42895946
v 0.24277638 -0.14489783 -0.38939121
v 0.24727495 -0.14450900 -0.38636488
v 0.21689388 -0.10072439 -0.42824718
v 0.24565904 -0.13938279 -0.38986886
v 0.24876963 -0.11965506 -0.39603531
v -0.30981919 0.18594673 0.50072932
v -0.31048259 0.16485208 0.50075042
v -0.28109846 0.16194057 0.45280945
v -0.29658723 0.15904227 0.47220090
v -0.27485114 0.15734358 0.44363034
v -0.26542079 0.14905211 0.42707217
v -0.26194122 0.16215362 0.43401146
v -0.24433044 0.15733904 0.41800293
v -0.28229034 0.15394527 0.45043516
v -0.28082436 0.14759916 0.44363678
v -0.29859868 0.15735987 0.47491381
v -0.29764000 0.15620077 0.47220340
v -0.29995003 0.14937995 0.47619891
v -0.24857150 -0.09963603 -0.40140039
v -0.24303670 -0.09963568 -0.40623432
v -0.23073044 -0.07506834 -0.41492084
v -0.22596522 -0.09962780 -0.41865093
v -0.24713174 -0.09143227 -0.40273553
v -0.25809580 -0.10716235 -0.39112204
v -0.26181492 -0.09025058 -0.38925558
v -0.23311162 -0.07105064 -0.41291428
v -0.24703245 -0.05055987 -0.40268862
v -0.25084180 -0.07106084 -0.40001988
v -0.22985528 -0.07105002 -0.41518712
v -0.22645567 -0.07331390 -0.41743886
v -0.22665860 -0.06899014 -0.41702700
v -0.23048334 -0.06751402 -0.41468227
v -0.21445386 -0.09337689 -0.42537856
v -0.19899100 -0.09305689 -0.43372068
v -0.20830113 -0.07919325 -0.42918897
v -0.18585536 -0.07288140 -0.44052392
v -0.20788884 -0.06328768 -0.42839903
v -0.21441129 -0.04823721 -0.42444921
v -0.19857903 -0.04883601 -0.43355727
v -0.18645878 -0.07103270 -0.44024003
v -0.18549132 -0.07103234 -0.44072428
v -0.18385395 -0.07203180 -0.44144717
v -0.18338795 -0.06980009 -0.44144839
v -0.18585229 -0.06928522 -0.44057673
v 0.20053422 -0.07775705 -0.44122469
v 0.21431464 -0.08776477 -0.43277615
v 0.23101519 -0.09942192 -0.41859186
v 0.21771003 -0.09771517 -0.42865387
v 0.24066010 -0.09942161 -0.41158456
v 0.20499103 -0.06618074 -0.44122922
v 0.21241498 -0.07086053 -0.43737081
v 0.21792033 -0.07086133 -0.43408650
v 0.24085751 -0.09542029 -0.41268042
v 0.23391238 -0.07616148 -0.42327738
v 0.23490551 -0.06459355 -0.42522746
v 0.24807943 -0.07086955 -0.41269204
v 0.21435860 -0.06254386 -0.43707615
v 0.24284697 -0.10129341 -0.40893734
v 0.24285246 -0.09815996 -0.41015881
v 0.25810501 -0.10607187 -0.39176443
v 0.26117432 -0.09430990 -0.39329207
v 0.27139759 -0.09943475 -0.38185319
v 0.27143839 -0.07606557 -0.38673261
v 0.22548455 -0.04785716 -0.43251669
v 0.24294509 -0.04677469 -0.42161754
v 0.25082934 -0.05812884 -0.41269746
v 0.25406367 -0.07397690 -0.40648323
v 0.25458917 -0.06828085 -0.40751624
v 0.26704782 -0.07088105 -0.39294475
v 0.27288520 -0.07088615 -0.38701957
v -0.31098509 0.15737489 0.50075769
v -0.24815708 -0.04248071 -0.40123880
v -0.24298458 -0.04247863 -0.40535355
v -0.23058219 -0.01772610 -0.41485763
v -0.22476259 -0.04247141 -0.41809738
v -0.24671862 -0.03500434 -0.40239686
v -0.25968042 -0.05082843 -0.39031506
v -0.26087195 -0.03354265 -0.38972592
v -0.23299862 -0.01390546 -0.41295066
v -0.24720183 0.00612960 -0.40294898
v -0.25036457 -0.01391506 -0.39919972
v -0.22983737 -0.01390382 -0.41528752
v -0.22654928 -0.01602211 -0.41718650
v -0.22666593 -0.01190188 -0.41694993
v -0.23044054 -0.01035483 -0.41472653
v -0.21440253 -0.03688290 -0.42408544
v -0.19818583 -0.03628281 -0.43337530
v -0.20766270 -0.02145655 -0.42805469
v -0.18581009 -0.02122808 -0.43781656
v -0.20740819 -0.00657351 -0.42758095
v -0.21436337 0.00931679 -0.42366612
v -0.19552910 0.00981415 -0.43209687
v -0.18851523 -0.01388702 -0.43607137
v -0.18398562 -0.01388558 -0.43785712
v -0.17446476 -0.01955345 -0.44148177
v -0.17229497 -0.00712982 -0.44148597
v -0.18579617 -0.00466955 -0.43689078
v 0.20608437 -0.01790641 -0.44124353
v 0.21440893 -0.02126790 -0.43748507
v 0.22543040 -0.03678996 -0.43248266
v 0.20644335 -0.00975980 -0.44124824
v 0.21283224 -0.01374648 -0.43807980
v 0.21740577 -0.01374849 -0.43527797
v 0.23526667 -0.02032258 -0.42583084
v 0.23464370 -0.00782665 -0.42456537
v 0.24995476 -0.01377399 -0.41270807
v 0.21442623 -0.00415715 -0.43646032
v 0.24295801 -0.03788653 -0.42155504
v 0.25020397 -0.04232156 -0.41632551
v 0.26411942 -0.04233639 -0.40212315
v 0.25162041 -0.02504693 -0.41270566
v 0.26900077 -0.04359146 -0.39718252
v 0.27147552 -0.05640935 -0.39139140
v 0.26906738 -0.04112203 -0.39721382
v 0.27150312 -0.04234280 -0.39433330
v 0.27151689 -0.03471179 -0.39462018
v 0.22218055 0.01094061 -0.43085733
v 0.24302348 0.01394173 -0.41441977
v 0.24595374 0.00891935 -0.41271803
v 0.25514844 -0.01590081 -0.40846536
v 0.25495577 -0.01145631 -0.40806738
v 0.26306435 -0.01378609 -0.40113568
v 0.27510563 -0.01379764 -0.39127469
v -0.27203342 0.02864866 -0.38469836
v -0.27174765 0.02917089 -0.38493550
v -0.27152050 0.05744452 -0.38451880
v -0.24881570 0.01464810 -0.40163648
v -0.27149507 0.02857018 -0.38512495
v -0.24293315 0.01465185 -0.40590304
v -0.22971444 0.04105470 -0.41406995
v -0.22416309 0.01466447 -0.41786677
v -0.24712557 0.02304561 -0.40289843
v -0.26631305 0.00296088 -0.38701543
v -0.23125732 0.04322381 -0.41298693
v -0.24597687 0.06565284 -0.40177837
v -0.27094385 0.02946878 -0.38553035
v -0.27138725 0.05739421 -0.38461956
v -0.25064760 0.04321278 -0.39989123
v -0.22924703 0.04322510 -0.41422442
v -0.22752866 0.04212650 -0.41518411
v -0.22767749 0.04417631 -0.41488475
v -0.22952732 0.04502617 -0.41388649
v -0.21435742 0.01961682 -0.42286044
v -0.19474746 0.01916702 -0.43171442
v -0.20638102 0.03692404 -0.42560524
v -0.18577623 0.02898460 -0.43437099
v -0.20582487 0.04901562 -0.42450637
v -0.21433513 0.06855325 -0.41949320
v -0.19054219 0.06943710 -0.42963225
v -0.19099115 0.04325829 -0.43108070
v -0.18210401 0.04326601 -0.43417978
v -0.16581897 0.03329835 -0.44149321
v -0.16131990 0.05550214 -0.44149095
v -0.18576153 0.06211595 -0.43209273
v -0.15718800 0.07399519 -0.44148564
v 0.19996950 0.03614036 -0.44127959
v 0.21445137 0.02742389 -0.43330270
v 0.22103299 0.01810148 -0.43028504
v 0.19600624 0.05260064 -0.44129139
v 0.18589576 0.07794644 -0.44129938
v 0.20309456 0.06625171 -0.43271208
v 0.21055013 0.04337458 -0.43347439
v 0.21275586 0.06849986 -0.42531776
v 0.22404428 0.04336886 -0.42214501
v 0.23099130 0.04112457 -0.41722125
v 0.23060115 0.04521368 -0.41643894
v 0.23610727 0.04336009 -0.41274452
v 0.22053951 0.05979898 -0.42096516
v 0.23292753 0.05170557 -0.41275135
v 0.24302505 0.01548539 -0.41410732
v 0.24426159 0.01479066 -0.41333842
v 0.24705668 0.01478714 -0.41070616
v 0.24426690 0.01726975 -0.41272256
v 0.26490286 0.01142249 -0.39510244
v 0.27157307 -0.00002790 -0.39105308
v 0.26350576 0.01881427 -0.39440575
v 0.27159321 0.01476026 -0.38639587
v 0.25152937 0.03754902 -0.40115312
v 0.24990383 0.05077183 -0.39791003
v -0.30964032 0.14821771 0.49619174
v -0.31096002 0.15086298 0.50076193
v -0.27156508 0.05752898 -0.38447902
v -0.24683577 0.07178975 -0.40067491
v -0.27147901 0.05753968 -0.38454327
v -0.24290679 0.07179248 -0.40309787
v -0.22056636 0.07180727 -0.41609722
v -0.24508752 0.07615790 -0.40088922
v -0.23655033 0.08450545 -0.40504950
v -0.25964904 0.08015393 -0.39034033
v -0.24749726 0.10037109 -0.39361268
v -0.22220907 0.08757602 -0.41297346
v -0.21885112 0.10039067 -0.41296417
v -0.23320365 0.10038292 -0.40378529
v -0.22645551 0.09823422 -0.40866402
v -0.22604825 0.10294760 -0.40785015
v -0.21433266 0.07479210 -0.41893530
v -0.19010220 0.07400287 -0.42941213
v -0.20421115 0.09621986 -0.42130917
v -0.18575580 0.07902273 -0.43082598
v -0.16275729 0.08334970 -0.43870622
v -0.20378427 0.10415006 -0.42045379
v -0.19380179 0.10040286 -0.42541042
v -0.21035393 0.12107493 -0.41293609
v -0.18918848 0.12208304 -0.42374763
v -0.18035418 0.10041013 -0.43070826
v -0.15785784 0.08681181 -0.44013953
v -0.15980911 0.11207831 -0.43620551
v -0.18387529 0.12527135 -0.42532939
v -0.15718554 0.08562312 -0.44045201
v -0.15596938 0.08553189 -0.44087571
v -0.15669560 0.08662926 -0.44050461
v -0.15237568 0.08854666 -0.44147840
v -0.15518242 0.11271916 -0.43747669
v -0.14344798 0.10785469 -0.44145703
v -0.15717331 0.11742306 -0.43604365
v -0.15004119 0.11828267 -0.43788671
v 0.18394716 0.08524263 -0.44032571
v 0.12874530 0.14217545 -0.44124994
v 0.18481271 0.08730399 -0.43913081
v 0.18131292 0.11018486 -0.43212703
v 0.17887972 0.08972608 -0.44129759
v 0.16726866 0.10546760 -0.44129062
v 0.18589926 0.08523492 -0.43933737
v 0.21141496 0.07193351 -0.42550898
v 0.18851395 0.08882852 -0.43608662
v 0.21447474 0.07193267 -0.42277822
v 0.21067174 0.07953908 -0.42324141
v 0.22407287 0.09110974 -0.40810144
v 0.23260811 0.07192271 -0.40755612
v 0.19395152 0.10673598 -0.42524844
v 0.16617779 0.12463869 -0.43143827
v 0.18590845 0.12552094 -0.41983747
v 0.21439478 0.10048987 -0.41279218
v 0.20416842 0.10049361 -0.42072266
v 0.20439211 0.10888350 -0.41698128
v 0.21274748 0.12557939 -0.40027267
v 0.22450420 0.10048614 -0.40428686
v 0.23809351 0.09115098 -0.39415821
v 0.24304813 0.06511135 -0.39916486
v 0.24305010 0.08174936 -0.39312193
v 0.25278151 0.06248717 -0.38908115
v 0.24805336 0.08368466 -0.38674623
v 0.24511822 0.08825346 -0.38838124
v -0.24288498 0.11650380 -0.39244908
v -0.23538449 0.12521926 -0.39491433
v -0.24287249 0.12895821 -0.38897783
v -0.23342440 0.13369112 -0.39392596
v -0.22096080 0.14994906 -0.39769250
v -0.21785340 0.16827796 -0.39145201
v -0.21054505 0.12898481 -0.41104767
v -0.21430284 0.12700254 -0.40897220
v -0.21429852 0.13159353 -0.40770656
v -0.18573226 0.12899135 -0.42398810
v -0.18214552 0.13615879 -0.42359227
v -0.18189858 0.12899283 -0.42526516
v -0.19866094 0.15489981 -0.41154373
v -0.19385329 0.15757290 -0.41287199
v -0.19590443 0.16575545 -0.40877253
v -0.20188446 0.15568116 -0.40910476
v -0.20408651 0.16166070 -0.40469512
v -0.19874112 0.15757202 -0.41036841
v -0.17564254 0.15757604 -0.42128840
v -0.16401741 0.15016207 -0.42769158
v -0.16588256 0.16312422 -0.42393190
v -0.17685923 0.16844824 -0.41828170
v -0.15715787 0.13900663 -0.43285945
v -0.14633730 0.13788721 -0.43601379
v -0.15219304 0.14825642 -0.43149847
v -0.12858014 0.15135416 -0.43826908
v -0.15035328 0.16508229 -0.42781866
v -0.15713431 0.18378752 -0.41753492
v -0.13137490 0.15759088 -0.43578613
v -0.13010579 0.18307810 -0.42552066
v -0.12630959 0.15759233 -0.43684044
v -0.10141652 0.17047465 -0.43851370
v -0.12734263 0.18371342 -0.42583364
v -0.11448979 0.15054917 -0.44137704
v -0.10001032 0.16157496 -0.44134584
v -0.09887168 0.17074899 -0.43905938
v -0.08918858 0.16647859 -0.44132829
v -0.10000592 0.17405742 -0.43697792
v -0.09344655 0.17516415 -0.43804106
v -0.04283617 0.18449011 -0.44126675
v 0.01437994 0.18794316 -0.44123170
v 0.12826352 0.14311329 -0.44100875
v 0.07156849 0.17730053 -0.44123375
v 0.12846719 0.14363225 -0.44069314
v 0.12401430 0.16719000 -0.43178773
v 0.12634405 0.14455467 -0.44124883
v 0.10885987 0.16199423 -0.44124067
v 0.12874560 0.14314055 -0.44082341
v 0.13103716 0.14220817 -0.44010824
v 0.12930310 0.14391072 -0.44013682
v 0.16639379 0.14718142 -0.41797179
v 0.15732738 0.13547969 -0.43021852
v 0.16247490 0.13163370 -0.42958808
v 0.17031564 0.15501803 -0.41146478
v 0.13593084 0.16473308 -0.42690334
v 0.10245080 0.18506382 -0.42809492
v 0.12875383 0.18359138 -0.41789606
v 0.16557200 0.15761845 -0.41275525
v 0.14851992 0.15762433 -0.42367548
v 0.14810437 0.16774875 -0.41778073
v 0.15676634 0.18506259 -0.39901942
v 0.17790332 0.14505094 -0.41277060
v 0.17013495 0.15761662 -0.40980345
v 0.17369506 0.15553720 -0.40861416
v 0.18067929 0.16666798 -0.39467502
v 0.18590760 0.13103591 -0.41673616
v 0.19018850 0.12905362 -0.41491979
v 0.20745564 0.12904614 -0.40204459
v 0.18843591 0.13410774 -0.41278207
v 0.21344301 0.12852520 -0.39802551
v 0.21448067 0.12747826 -0.39776161
v 0.21259415 0.12998654 -0.39760104
v 0.21448041 0.12904321 -0.39678621
v 0.19301899 0.15043807 -0.39846382
v 0.18717548 0.17062078 -0.38677663
v -0.22038887 0.17490295 -0.38735956
v -0.19356924 0.18614724 -0.40248239
v -0.21428190 0.17578377 -0.39215985
v -0.18570991 0.18614973 -0.40698311
v -0.16174005 0.18615283 -0.41510665
v -0.18889461 0.19251940 -0.40172479
v -0.18069986 0.19616747 -0.40353519
v -0.19909415 0.19283924 -0.39185148
v -0.18571237 0.20697603 -0.38809946
v -0.15996797 0.19182426 -0.41279387
v -0.16484776 0.20815375 -0.39962792
v -0.15713315 0.18778104 -0.41605213
v -0.14004941 0.18615654 -0.42132357
v -0.15193662 0.19654569 -0.41277999
v -0.12856515 0.18615875 -0.42436326
v -0.11552670 0.21223362 -0.41397083
v -0.12476188 0.18615913 -0.42514914
v -0.13980460 0.20864224 -0.40970951
v -0.11529209 0.21472996 -0.41271922
v -0.14670205 0.21087509 -0.40504944
v -0.13879037 0.21473105 -0.40462559
v -0.11440471 0.21473011 -0.41297084
v -0.11404187 0.21449353 -0.41319162
v -0.11415164 0.21485700 -0.41297165
v -0.11439503 0.21496323 -0.41283455
v -0.11455277 0.21527866 -0.41244331
v -0.11403522 0.21521661 -0.41271725
v -0.09999773 0.19379202 -0.42798889
v -0.08309545 0.19200343 -0.43284261
v -0.08964363 0.21079776 -0.42057478
v -0.07142277 0.19708690 -0.43244886
v -0.05312230 0.19532609 -0.43612260
v -0.08810934 0.21713813 -0.41749954
v -0.08207468 0.21473655 -0.41994882
v -0.08972120 0.22276758 -0.41268450
v -0.08250701 0.22112873 -0.41587809
v -0.06271736 0.21474400 -0.42386705
v -0.04783982 0.20547691 -0.43122980
v -0.05214923 0.21971400 -0.42259508
v -0.06215696 0.22481927 -0.41770253
v -0.04768157 0.23359975 -0.41264901
v -0.04282947 0.19807500 -0.43646103
v -0.03460022 0.19636495 -0.43714002
v -0.03860148 0.20469227 -0.43280274
v -0.01422146 0.20218964 -0.43494248
v 0.00609306 0.19634330 -0.43708855
v -0.03433803 0.22056766 -0.42427975
v -0.02064547 0.21476001 -0.42838144
v -0.03872573 0.23515362 -0.41264313
v -0.02174780 0.22828513 -0.41940278
v -0.00765271 0.21476395 -0.42810398
v 0.01001437 0.20484909 -0.43248576
v 0.00580276 0.22047487 -0.42405513
v -0.00654738 0.22801706 -0.41925973
v 0.00932532 0.23321766 -0.41262028
v 0.01438377 0.19804356 -0.43634328
v 0.02318128 0.19609201 -0.43682832
v 0.02001881 0.20611140 -0.42996156
v 0.04297938 0.19909802 -0.43338031
v 0.05744403 0.19342995 -0.43416461
v 0.02424351 0.21921003 -0.42151260
v 0.03383284 0.21477045 -0.42292011
v 0.02078771 0.23055777 -0.41261989
v 0.03252312 0.22243053 -0.41645786
v 0.03869824 0.23475201 -0.40262228
v 0.05398530 0.21477163 -0.41923684
v 0.06117371 0.21088873 -0.42041290
v 0.05923786 0.21672001 -0.41653797
v 0.07842648 0.21477127 -0.41264477
v 0.05495043 0.21944374 -0.41497299
v 0.04937620 0.23059510 -0.40470904
v 0.06001414 0.22021115 -0.41263664
v 0.07157698 0.19483726 -0.42991945
v 0.08474936 0.21250206 -0.41264647
v 0.09800197 0.18728669 -0.42803112
v 0.09469454 0.19714877 -0.42147142
v 0.10160945 0.18909019 -0.42550877
v 0.10016467 0.18724859 -0.42747235
v 0.10121010 0.18672828 -0.42747402
v 0.08681787 0.21290673 -0.41171521
v 0.11049355 0.20681189 -0.40868631
v 0.08518349 0.21406907 -0.41124186
v 0.08381996 0.21683744 -0.40850919
v 0.08739749 0.21477081 -0.40962619
v 0.12556119 0.19258252 -0.41268423
v 0.10882819 0.21476774 -0.40136617
v 0.12009249 0.20914492 -0.40144157
v 0.12875523 0.18746027 -0.41522244
v 0.13190337 0.18619207 -0.41426685
v 0.15294382 0.18618485 -0.40064311
v 0.13040434 0.18948631 -0.41269141
v 0.15692268 0.18598111 -0.39825714
v 0.15732719 0.18568887 -0.39821294
v 0.16329721 0.18319732 -0.39548963
v 0.15639265 0.18665090 -0.39799097
v 0.15732726 0.18618330 -0.39777455
v 0.13464099 0.20634288 -0.39587522
v 0.18590689 0.17282102 -0.38610375
v 0.18738857 0.17262836 -0.38498265
v -0.12857027 0.23110370 -0.39231390
v -0.11571381 0.23688543 -0.39197242
v -0.12857224 0.24331318 -0.37824282
v -0.07437482 0.24331875 -0.39984924
v -0.09999239 0.23645264 -0.39895231
v -0.07140788 0.24331976 -0.40061140
v -0.07212231 0.24474856 -0.39907682
v -0.07059424 0.24494515 -0.39917397
v -0.06474423 0.24332099 -0.40169048
v -0.07797632 0.24660221 -0.39507914
v -0.07140693 0.24772051 -0.39615697
v -0.04552322 0.26031652 -0.38945952
v -0.03020545 0.24332762 -0.40633047
v -0.04281519 0.24093214 -0.40785661
v -0.04281383 0.24988046 -0.39951420
v -0.01421581 0.24333228 -0.40729067
v -0.01725926 0.24941666 -0.40136820
v -0.01122416 0.24930550 -0.40130982
v -0.00018569 0.24333459 -0.40533328
v -0.01421436 0.26332244 -0.38830647
v -0.03993791 0.26048109 -0.38978165
v 0.01304108 0.25897089 -0.38672066
v 0.01439052 0.24013555 -0.40620837
v 0.01439393 0.25367880 -0.39190274
v 0.03919527 0.24144162 -0.39642060
v 0.04300087 0.23999567 -0.39664847
v 0.05096911 0.23936284 -0.39434415
v 0.02634250 0.25165570 -0.38998920
v 0.04300182 0.24334130 -0.39323437
v 0.01552051 0.25874218 -0.38626271
v 0.07160401 0.23375738 -0.39345366
v 0.08220506 0.23434818 -0.38934749
v 0.10019167 0.22783276 -0.39060211
v 0.10020147 0.24333176 -0.37380949
v 0.27490240 0.13073647 0.48489058
v 0.27130967 0.12893414 0.48034060
v 0.26282740 0.13316785 0.46234545
v 0.25025436 0.12890506 0.44754544
v 0.25875032 0.12263110 0.46440011
v 0.27663845 0.12893921 0.48935711
v 0.27386972 0.12765679 0.48540968
v 0.27130958 0.12473294 0.48459148
v 0.27348045 0.12459300 0.48886913
v 0.28395307 0.12894619 0.50096548
v 0.27678069 0.11799863 0.50097859
v 0.25517917 0.10844162 0.47241199
v 0.26141492 0.10037638 0.49227023
v 0.26600811 0.10038245 0.50099260
v 0.24522883 0.12400510 0.44380668
v 0.23041002 0.10412207 0.44382685
v 0.24278362 0.12619440 0.43839192
v 0.24278657 0.13297240 0.43563640
v 0.24708179 0.12890047 0.44165030
v 0.22824253 0.10089087 0.44410738
v 0.24885619 0.10855715 0.46024281
v 0.22910313 0.10092154 0.44499969
v 0.24278808 0.09070666 0.47243762
v 0.22819895 0.10033661 0.44447285
v 0.22714770 0.10033597 0.44383010
v 0.22776566 0.10184458 0.44307309
v 0.24009664 0.08742541 0.47244143
v 0.21424140 0.07326093 0.45890540
v 0.26008072 0.09433677 0.49797860
v 0.26065615 0.09318585 0.50099957
v 0.24639389 0.08969121 0.47965378
v 0.24171045 0.08715879 0.47459909
v 0.21271113 0.07484212 0.45662737
v 0.19096786 0.09131534 0.42580312
v 0.20582265 0.08861417 0.43797922
v 0.20739308 0.10032350 0.42896658
v 0.18256706 0.08916725 0.42150742
v -0.13074568 -0.27478278 -0.34313998
v -0.12631643 -0.27598625 -0.34373641
v -0.10372061 -0.27790636 -0.35547733
v -0.10325457 -0.28822795 -0.33290714
v -0.07166868 -0.30050531 -0.32737386
v -0.10024046 -0.27506039 -0.36369142
v -0.10023438 -0.26405823 -0.38405168
v -0.08110860 -0.27566814 -0.37445974
v -0.09539140 -0.28064314 -0.35546643
v -0.07717687 -0.28196946 -0.36420965
v -0.08046596 -0.28853083 -0.34995875
v -0.09599643 -0.28948101 -0.33540961
v -0.07281322 -0.29949498 -0.32915708
v -0.06396195 -0.28631586 -0.36201698
v -0.06096811 -0.29230607 -0.35183001
v -0.05364764 -0.29204607 -0.35541618
v -0.06968079 -0.29949340 -0.33083886
v -0.05368437 -0.29579979 -0.34804100
v -0.07165556 -0.27883041 -0.37366858
v -0.01448259 -0.30807480 -0.33111903
v -0.05217996 -0.28065777 -0.37943977
v -0.04307663 -0.28289837 -0.37937593
v -0.04307536 -0.28017172 -0.38398376
v -0.03784643 -0.28258455 -0.38136512
v -0.03062379 -0.29579416 -0.35539156
v -0.02668524 -0.29527393 -0.35748714
v -0.02753726 -0.29697692 -0.35414234
v -0.03060563 -0.29765195 -0.35175300
v -0.02557826 -0.29946706 -0.34898150
v -0.00087679 -0.29809439 -0.35604948
v -0.00058303 -0.29868108 -0.35498565
v 0.00024616 -0.29856229 -0.35536987
v -0.00130149 -0.29945087 -0.35316414
v 0.00023358 -0.29901886 -0.35450727
v -0.01449252 -0.28644300 -0.37744811
v 0.04268163 -0.30828208 -0.33121550
v 0.01251298 -0.28437594 -0.38315859
v 0.01409048 -0.28464580 -0.38291091
v 0.01409062 -0.28393018 -0.38394678
v 0.01552928 -0.28444347 -0.38322634
v 0.02833560 -0.29933637 -0.35535869
v 0.02845252 -0.29929668 -0.35542706
v 0.02842111 -0.29935947 -0.35532171
v 0.02833706 -0.29938629 -0.35526451
v 0.02849512 -0.29943332 -0.35513690
v 0.05488764 -0.29528114 -0.35743138
v 0.05576227 -0.29702926 -0.35416031
v 0.05866001 -0.29602432 -0.35535806
v 0.05387094 -0.29942381 -0.34917736
v 0.05868816 -0.29769537 -0.35190415
v 0.04267306 -0.28601080 -0.37722224
v 0.09982079 -0.30128875 -0.32775208
v 0.06349184 -0.28126052 -0.38005793
v 0.07125347 -0.28186682 -0.37739813
v 0.07125750 -0.27660611 -0.38394240
v 0.08465824 -0.27843189 -0.37724125
v 0.08166533 -0.29167092 -0.35536182
v 0.09304678 -0.28440464 -0.36287147
v 0.08935993 -0.29176724 -0.35154301
v 0.08161490 -0.29548842 -0.34751600
v 0.09670047 -0.29940644 -0.33304763
v 0.10429907 -0.27977195 -0.36519378
v 0.10810442 -0.28739154 -0.34936965
v 0.12505743 -0.27751410 -0.35539216
v 0.10158342 -0.29940474 -0.33033428
v 0.12365432 -0.28985283 -0.33629915
v 0.09983429 -0.27674502 -0.37261114
v 0.10665886 -0.27424774 -0.37307465
v 0.12840189 -0.27331331 -0.36036521
v 0.13067603 -0.27538121 -0.35539684
v 0.15627784 -0.27219746 -0.34182307
v 0.13175873 -0.28847587 -0.33355752
v 0.15750051 -0.27187973 -0.34166542
v -0.24333760 -0.21423894 -0.34160984
v -0.24288321 -0.21445857 -0.34171906
v -0.21795389 -0.22060761 -0.35569081
v -0.22028616 -0.23384574 -0.33846945
v -0.17385060 -0.24669257 -0.35772741
v -0.17504181 -0.24906057 -0.35227427
v -0.18603289 -0.25525832 -0.33345264
v -0.16991314 -0.26292813 -0.33323780
v -0.21458745 -0.21751478 -0.36295468
v -0.21456924 -0.20139588 -0.38428497
v -0.19869410 -0.22022781 -0.37630028
v -0.18361127 -0.24243358 -0.35561591
v -0.20830499 -0.22645243 -0.35567182
v -0.19527753 -0.23239648 -0.36067083
v -0.19725114 -0.23632695 -0.35258743
v -0.20563477 -0.23712468 -0.34502029
v -0.19542274 -0.24243611 -0.34585705
v -0.17561674 -0.24243218 -0.36340708
v -0.16774626 -0.25035632 -0.35558110
v -0.16795915 -0.24617583 -0.36308482
v -0.16962272 -0.23425826 -0.38418007
v -0.18600059 -0.22795936 -0.37696826
v -0.13664666 -0.27096438 -0.34514314
v -0.15102628 -0.25819999 -0.35555184
v -0.15743101 -0.26377413 -0.34115583
v -0.15740103 -0.23997730 -0.38415039
v -0.15073773 -0.25004131 -0.37080231
v -0.13940671 -0.24771172 -0.38411498
v -0.12882824 -0.27096292 -0.35109133
v -0.13405307 -0.26051682 -0.36458549
v -0.12507387 -0.26347819 -0.36605507
v -0.12881453 -0.25587606 -0.37735724
v -0.11289214 -0.27095851 -0.36181793
v -0.11186259 -0.26249060 -0.37825495
v -0.13718273 -0.27513117 -0.33706731
v -0.12883641 -0.27833992 -0.33753341
v 0.12459131 -0.25845912 -0.38205284
v 0.12790400 -0.25602785 -0.38293692
v 0.12659442 -0.25563183 -0.38396946
v 0.12841707 -0.25921947 -0.37861830
v 0.13562404 -0.27082571 -0.35901153
v 0.12842160 -0.25447017 -0.38397107
v 0.12923409 -0.25573000 -0.38234320
v 0.15696937 -0.27081588 -0.34350750
v 0.15074117 -0.25834695 -0.36346352
v 0.16691227 -0.25095057 -0.35978267
v 0.15890002 -0.27081507 -0.34209993
v 0.15696806 -0.27303487 -0.34002355
v 0.15959243 -0.27212626 -0.33982420
v 0.15070865 -0.23911075 -0.38399577
v 0.15443927 -0.24225263 -0.37888655
v 0.16257197 -0.24224678 -0.37284136
v 0.17497531 -0.24965516 -0.35543454
v 0.17413093 -0.24509805 -0.36115491
v 0.17740414 -0.23611356 -0.36769253
v 0.18618485 -0.24223539 -0.35544792
v 0.15699762 -0.23737562 -0.38156167
v 0.18554673 -0.26018590 -0.33421713
v 0.19155572 -0.25951794 -0.32989091
v 0.21412544 -0.24449918 -0.32805753
v 0.17701338 -0.22367787 -0.37973905
v 0.18557395 -0.22294423 -0.37400675
v 0.18558560 -0.21142611 -0.38403651
v 0.19598004 -0.23449816 -0.35546067
v 0.20503578 -0.23185620 -0.35028711
v 0.19296086 -0.24911000 -0.34169710
v 0.19701809 -0.23940447 -0.34980604
v 0.21042576 -0.24222556 -0.33431715
v 0.21928400 -0.22396258 -0.34636486
v 0.21557142 -0.24222383 -0.32981035
v -0.27252695 -0.20002054 -0.32759449
v -0.26024836 -0.18533355 -0.35576493
v -0.27439111 -0.16217893 -0.35578576
v -0.27252510 -0.19881135 -0.32880378
v -0.27774164 -0.17709509 -0.33928949
v -0.24368446 -0.21389438 -0.34169799
v -0.25863919 -0.18774459 -0.35576236
v -0.27172038 -0.20030224 -0.32856113
v -0.25821200 -0.18611242 -0.35732284
v -0.24316508 -0.21389428 -0.34218553
v -0.25574911 -0.18870245 -0.35744521
v -0.23639351 -0.20037508 -0.36326143
v -0.22289780 -0.21388750 -0.35986188
v -0.21669832 -0.20066987 -0.38322383
v -0.24380788 -0.21421576 -0.34111655
v -0.24316569 -0.21483023 -0.34096867
v -0.25851619 -0.18424805 -0.35793579
v -0.27168795 -0.15890743 -0.36004788
v -0.25347051 -0.16194561 -0.37523317
v -0.25498778 -0.18533240 -0.36065036
v -0.23788524 -0.18532802 -0.37380990
v -0.21772483 -0.19802783 -0.38429183
v -0.23259944 -0.18006289 -0.38432252
v -0.24313191 -0.17355581 -0.37844437
v 0.20733452 -0.21366814 -0.36636358
v 0.20149027 -0.20734052 -0.37610215
v 0.21304846 -0.18566337 -0.38407725
v 0.21414506 -0.21366492 -0.36050344
v 0.21148564 -0.20833927 -0.36711311
v 0.21906179 -0.20384014 -0.36487076
v 0.22887373 -0.21366188 -0.34859154
v 0.23786132 -0.22551817 -0.32937324
v 0.21374592 -0.18488948 -0.38407832
v 0.21400465 -0.18510191 -0.38374597
v 0.21454492 -0.18510172 -0.38332972
v 0.23548841 -0.19921081 -0.35551465
v 0.23346014 -0.19012013 -0.36556247
v 0.23725604 -0.17629534 -0.37313449
v 0.25231308 -0.18509871 -0.35553208
v 0.21417120 -0.18471810 -0.38388667
v 0.24270983 -0.20725200 -0.34270561
v 0.25526315 -0.20565298 -0.33324230
v 0.27130085 -0.19231427 -0.33058834
v 0.23590586 -0.16739760 -0.38067728
v 0.24274567 -0.16672039 -0.37590623
v 0.24276346 -0.15384817 -0.38410717
v 0.25540134 -0.18187779 -0.35553473
v 0.25925487 -0.18062140 -0.35329881
v 0.25507727 -0.18702866 -0.35167274
v 0.25602332 -0.18411195 -0.35356095
v 0.26081523 -0.18510133 -0.34793562
v 0.27659550 -0.16709264 -0.34655070
v 0.27460331 -0.18510909 -0.33358377
v -0.28651601 -0.12937546 -0.35638064
v -0.27510580 -0.15677826 -0.35749918
v -0.28741235 -0.13116546 -0.35433123
v -0.27942070 -0.15677875 -0.35192040
v -0.28706974 -0.16336687 -0.33491242
v -0.30023485 -0.15677992 -0.32126182
v -0.30022156 -0.13946116 -0.33285588
v -0.29141426 -0.15236908 -0.33709806
v -0.28727189 -0.12822208 -0.35580415
v -0.30107713 -0.10142205 -0.34241557
v -0.30330509 -0.12821873 -0.33342957
v -0.28643638 -0.12822212 -0.35680056
v -0.28474420 -0.12941676 -0.35819402
v -0.28357014 -0.12585597 -0.36053365
v -0.28677726 -0.12654023 -0.35664523
v -0.27168161 -0.15352206 -0.36230183
v -0.25707754 -0.14979044 -0.37704968
v -0.26650077 -0.13733672 -0.37403357
v -0.25737748 -0.13535455 -0.38435367
v -0.26868829 -0.11688503 -0.37845987
v -0.26263928 -0.11842986 -0.38435957
v -0.27163440 -0.10988960 -0.37627926
v -0.26678544 -0.11150790 -0.38193953
v 0.26316023 -0.15654059 -0.36575469
v 0.25440031 -0.14807475 -0.37830180
v 0.25479984 -0.13625534 -0.38412249
v 0.27132577 -0.15654241 -0.35929716
v 0.26770073 -0.14928235 -0.36621314
v 0.28320065 -0.13285625 -0.35800526
v 0.28301018 -0.15655255 -0.34712207
v 0.28775567 -0.16476549 -0.33307403
v 0.26203004 -0.12331838 -0.38413060
v 0.26787412 -0.12798491 -0.37717226
v 0.28309178 -0.12799183 -0.36066934
v 0.28673348 -0.13018459 -0.35557494
v 0.28633246 -0.12868685 -0.35696217
v 0.28654703 -0.12708844 -0.35738689
v 0.28788054 -0.12799491 -0.35557538
v 0.29745677 -0.10444368 -0.35558480
v 0.27137184 -0.11555983 -0.37792337
v 0.29991975 -0.14389038 -0.33021870
v 0.30169955 -0.14317712 -0.32790178
v 0.27961960 -0.10355543 -0.37397760
v 0.30156150 -0.14065214 -0.33028731
v 0.30569196 -0.11947685 -0.33850491
v -0.30151543 -0.09965241 -0.34219348
v -0.30019107 -0.09965253 -0.34375218
v -0.28947657 -0.07825935 -0.35940391
v -0.28430578 -0.09965345 -0.36214477
v -0.30141231 -0.09720550 -0.34275541
v -0.30304188 -0.10107824 -0.34010503
v -0.30394661 -0.09777226 -0.33965203
v -0.29364061 -0.07107945 -0.35581762
v -0.30368698 -0.04959695 -0.34509522
v -0.30675322 -0.07108200 -0.34043449
v -0.28857002 -0.07107767 -0.36119613
v -0.27663577 -0.08032429 -0.37430310
v -0.27760530 -0.06280602 -0.37233710
v -0.28989685 -0.06303002 -0.35984427
v -0.27160805 -0.08802092 -0.37904513
v -0.26857871 -0.08687086 -0.38285145
v -0.27015042 -0.08390652 -0.38146356
v -0.26738742 -0.08324983 -0.38436499
v -0.26969981 -0.05865907 -0.38061661
v -0.26620686 -0.05946437 -0.38437045
v -0.27157375 -0.05408507 -0.37898791
v -0.26789615 -0.05493958 -0.38253453
v 0.29898226 -0.09945404 -0.35607561
v 0.28145242 -0.09442219 -0.37488729
v 0.29965928 -0.09945440 -0.35543641
v 0.29961556 -0.09876362 -0.35558715
v 0.29195046 -0.07713635 -0.36806935
v 0.29263705 -0.06400364 -0.36940551
v 0.30491430 -0.07091016 -0.35560051
v 0.27551371 -0.07292260 -0.38414279
v 0.27622035 -0.06850632 -0.38414532
v 0.29996011 -0.09982707 -0.35484150
v 0.29996064 -0.09922387 -0.35512540
v 0.31245452 -0.10749651 -0.33326274
v 0.31594670 -0.09316406 -0.33500814
v 0.28683168 -0.05002425 -0.37755167
v 0.30005503 -0.04574915 -0.36238426
v 0.30582282 -0.05391787 -0.35560897
v 0.31079757 -0.07440467 -0.34861389
v 0.31095636 -0.06757046 -0.34891582
v -0.30527386 -0.04251027 -0.34412482
v -0.30013689 -0.04250745 -0.34891245
v -0.29125643 -0.02477428 -0.36126113
v -0.28731859 -0.04250275 -0.36370271
v -0.30396357 -0.03484254 -0.34539205
v -0.31416196 -0.04952585 -0.33454102
v -0.31613916 -0.03450220 -0.33355215
v -0.29704455 -0.01393755 -0.35584727
v -0.30617720 0.00244865 -0.34766069
v -0.30797279 -0.01394320 -0.34302723
v -0.28949264 -0.01393456 -0.36318162
v -0.27557030 -0.02418840 -0.37636048
v -0.27365425 -0.00177342 -0.38015532
v -0.29239237 -0.00078242 -0.36243069
v -0.27155587 -0.03053645 -0.37973440
v -0.26840666 -0.02977908 -0.38281754
v -0.27008787 -0.02674063 -0.38146576
v -0.26685390 -0.02585565 -0.38439339
v -0.27082849 -0.00033767 -0.38302401
v -0.26921231 -0.00079757 -0.38441151
v -0.27152115 0.00125147 -0.38262370
v -0.27150318 0.02030015 -0.38442460
v -0.27016851 0.00103329 -0.38373655
v 0.28746316 -0.03438478 -0.37785926
v 0.29318696 -0.02118197 -0.37036160
v 0.29265320 -0.00699578 -0.36925820
v 0.30211341 -0.01381853 -0.35562858
v 0.29657352 0.00760533 -0.35564208
v 0.28204316 -0.01905202 -0.38416600
v 0.28104830 -0.00905930 -0.38417026
v 0.30006790 -0.03875400 -0.36283690
v 0.30420530 -0.04236668 -0.35768563
v 0.30822363 -0.04236752 -0.35153782
v 0.30430633 -0.03391340 -0.35561982
v 0.31885022 -0.04725064 -0.33645630
v 0.31813565 -0.03712255 -0.33609724
v 0.28364509 0.00871860 -0.37593395
v 0.30929890 -0.01890129 -0.34546840
v 0.30793664 -0.00736263 -0.34272331
v -0.32880545 0.02880384 -0.32740667
v -0.32870853 0.02898795 -0.32749406
v -0.32918853 0.05686505 -0.32850543
v -0.30903494 0.01462257 -0.34605604
v -0.32861844 0.02877063 -0.32756686
v -0.30007920 0.01462545 -0.35572153
v -0.29368898 0.02739030 -0.36376631
v -0.29125488 0.01462848 -0.36572862
v -0.27323005 0.02805051 -0.38356254
v -0.30768818 0.02986545 -0.34920910
v -0.32262647 0.00334434 -0.33030415
v -0.30265704 0.04318733 -0.35587263
v -0.30807224 0.05570109 -0.34961879
v -0.32830438 0.02921144 -0.32794085
v -0.32671633 0.05557228 -0.33109248
v -0.31006616 0.04318342 -0.34732997
v -0.29119009 0.04319493 -0.36670959
v -0.29380834 0.05929062 -0.36392695
v -0.27237794 0.02935906 -0.38442978
v -0.27162546 0.05741274 -0.38443595
v -0.27178636 0.05763947 -0.38428238
v -0.27147871 0.05841221 -0.38443577
v 0.26498947 0.04001406 -0.38419640
v 0.28360721 0.03873134 -0.35794422
v 0.27160874 0.03308393 -0.37907922
v 0.29176208 0.01474163 -0.35983568
v 0.28040412 0.01915317 -0.37431091
v 0.28491417 0.04134052 -0.35467958
v 0.29618874 0.01473813 -0.35366571
v 0.26236722 0.04795400 -0.38420475
v 0.26277941 0.06747040 -0.37437612
v 0.28365678 0.04330579 -0.35566214
v 0.26876646 0.04332232 -0.37850326
v 0.26891989 0.06647665 -0.36725742
v 0.28351942 0.04806653 -0.35328966
v 0.28491110 0.04330474 -0.35369071
v 0.29037675 0.03881769 -0.34670070
v 0.30014384 0.01091975 -0.34801614
v 0.30015594 0.02186996 -0.34139597
v 0.31012207 0.00544692 -0.33209431
v 0.30485028 0.02666939 -0.32946301
v 0.30209824 0.03094811 -0.33098713
v -0.32972035 0.05801763 -0.32788739
v -0.31011221 0.07174393 -0.34664163
v -0.32859680 0.05832297 -0.32906038
v -0.30003393 0.07175203 -0.35685128
v -0.29254705 0.08671495 -0.36268389
v -0.29095849 0.07175750 -0.36562148
v -0.30663109 0.08496641 -0.34821302
v -0.32379752 0.08362813 -0.32972071
v -0.29733592 0.10031515 -0.35588220
v -0.30759707 0.10030654 -0.34249634
v -0.28934729 0.10032476 -0.36310545
v -0.27522117 0.08981148 -0.37692097
v -0.27849334 0.10758141 -0.37034458
v -0.29017976 0.10923552 -0.36033049
v -0.29989505 0.12868837 -0.34167951
v -0.27146849 0.08418167 -0.38067934
v -0.26867539 0.08466302 -0.38303384
v -0.26995760 0.08756894 -0.38141194
v -0.26543197 0.08908248 -0.38442689
v -0.26797152 0.11115839 -0.37745935
v -0.25940135 0.10861775 -0.38441300
v -0.27144116 0.12092975 -0.37182555
v -0.26211745 0.11930967 -0.37974253
v 0.24125160 0.11294703 -0.38068846
v 0.23806867 0.11225870 -0.38428226
v 0.26724863 0.07188499 -0.36778036
v 0.25671440 0.07934798 -0.37742019
v 0.24305266 0.10094519 -0.38426894
v 0.24789682 0.08860669 -0.38425374
v 0.27162522 0.07188071 -0.35985756
v 0.26571774 0.08369227 -0.36408526
v 0.27619958 0.08102149 -0.34600663
v 0.27975848 0.07186852 -0.34548703
v 0.28975892 0.06279407 -0.33235884
v 0.28375405 0.07792906 -0.33537471
v 0.24843089 0.10936297 -0.37353829
v 0.23753360 0.11750636 -0.38153180
v 0.24304782 0.11966138 -0.37446824
v 0.26500192 0.10044342 -0.35573623
v 0.26076701 0.10044859 -0.36259669
v 0.26061940 0.10702033 -0.35903037
v 0.26402622 0.11383623 -0.34906220
v 0.27563006 0.10043481 -0.33520615
v -0.28167608 0.12890235 -0.36098081
v -0.29983595 0.12887797 -0.34166148
v -0.29998973 0.12876309 -0.34152740
v -0.29993516 0.12885056 -0.34155741
v -0.29998967 0.12887780 -0.34146416
v -0.29990909 0.12891814 -0.34154430
v -0.27829453 0.14266860 -0.35583568
v -0.26714012 0.15749688 -0.35580516
v -0.28055048 0.15233287 -0.34553665
v -0.27610549 0.16708203 -0.33662295
v -0.27142388 0.13460532 -0.36720765
v -0.25765479 0.13633731 -0.37750241
v -0.26109412 0.15354052 -0.36373293
v -0.24284996 0.15244208 -0.38181162
v -0.25976318 0.16014746 -0.36107281
v -0.24823862 0.15752630 -0.37357008
v -0.26077068 0.16480400 -0.35578886
v -0.25104916 0.16968395 -0.36185127
v -0.24069241 0.15753713 -0.38003859
v -0.23879853 0.17801940 -0.36598501
v -0.23791337 0.15507248 -0.38434887
v -0.23271278 0.16261485 -0.38433352
v -0.22712669 0.17826729 -0.37788081
v -0.21428232 0.18524072 -0.38428152
v 0.20612681 0.15342630 -0.38427189
v 0.21447378 0.14967808 -0.38032621
v 0.22980383 0.13669047 -0.37768734
v 0.19139911 0.16914067 -0.38424909
v 0.18590641 0.17456965 -0.38423884
v 0.18896024 0.17341405 -0.38271907
v 0.21087629 0.15759708 -0.37709060
v 0.20874071 0.17470972 -0.36427861
v 0.22392197 0.15758932 -0.36540082
v 0.23138601 0.15494666 -0.36104023
v 0.23022896 0.15906978 -0.35873383
v 0.23388490 0.15758350 -0.35576946
v 0.22582711 0.16342200 -0.35867324
v 0.23076652 0.16163157 -0.35576633
v 0.24304043 0.13395232 -0.36562920
v 0.25034517 0.12901607 -0.35942179
v 0.25742829 0.12901115 -0.34858167
v 0.24786404 0.13867562 -0.35577619
v 0.26563293 0.12601890 -0.33851069
v 0.27161169 0.11427759 -0.33412361
v 0.26308444 0.13326342 -0.33724517
v 0.27160698 0.12900090 -0.32771340
v 0.25077233 0.15103644 -0.34271854
v 0.24653521 0.16833848 -0.33425879
v -0.27634043 0.17424585 -0.32969227
v -0.24901226 0.18610372 -0.34454262
v -0.27141160 0.17517400 -0.33399451
v -0.24285194 0.18611324 -0.35210413
v -0.23177798 0.18612617 -0.36447656
v -0.24502063 0.19044855 -0.34361929
v -0.23869756 0.19443162 -0.34559277
v -0.25103039 0.19019435 -0.33736974
v -0.24285415 0.19781613 -0.33558777
v -0.22173744 0.20104927 -0.35569039
v -0.20553508 0.21472281 -0.35565683
v -0.22250968 0.20865270 -0.34356260
v -0.21428534 0.19514696 -0.37370208
v -0.20673499 0.19665943 -0.38048261
v -0.20389959 0.21082756 -0.36345416
v -0.18571334 0.21171623 -0.38271296
v -0.20137553 0.21609679 -0.35839447
v -0.19238117 0.21472572 -0.37088984
v -0.20151600 0.21775252 -0.35564768
v -0.19810377 0.21852565 -0.35754383
v -0.19424897 0.22622983 -0.34987620
v -0.20965809 0.22438177 -0.33633313
v -0.18373019 0.21472645 -0.38024130
v -0.15903762 0.22712462 -0.38038075
v -0.17791277 0.22769874 -0.36209056
v -0.18263881 0.23715970 -0.34438187
v -0.15726188 0.24306512 -0.35556126
v -0.18153571 0.21263734 -0.38421139
v -0.15714175 0.22503021 -0.38416976
v -0.15596861 0.22784561 -0.38181651
v -0.15290134 0.22689946 -0.38416258
v -0.14688820 0.23414961 -0.37901947
v -0.15706986 0.24316484 -0.35556087
v -0.09999147 0.25005952 -0.38407987
v 0.07160984 0.24203566 -0.38403508
v 0.12626269 0.22653192 -0.37909067
v 0.12005641 0.22468945 -0.38410029
v 0.12876931 0.22037965 -0.38411459
v 0.14520471 0.20868482 -0.38415188
v 0.15733536 0.20477051 -0.37918901
v 0.17237321 0.19369578 -0.37744474
v 0.13269408 0.22511876 -0.37628207
v 0.10899873 0.23893212 -0.37418786
v 0.12877849 0.24028137 -0.36161172
v 0.15175930 0.21474800 -0.37299865
v 0.14893162 0.22647855 -0.36145508
v 0.15474817 0.23809882 -0.34391028
v 0.17133193 0.21473868 -0.35622850
v 0.17180219 0.21456179 -0.35599560
v 0.17170894 0.21482182 -0.35580879
v 0.17199880 0.21473838 -0.35564271
v 0.17149277 0.21500419 -0.35577440
v 0.17081119 0.21636763 -0.35482454
v 0.17172886 0.21494512 -0.35564208
v 0.18590145 0.19214956 -0.36763054
v 0.19887671 0.18616399 -0.36218989
v 0.19207510 0.19851449 -0.35568565
v 0.21445872 0.18615633 -0.35031590
v 0.21029501 0.19448473 -0.34560740
v 0.21688105 0.19100592 -0.34388658
v 0.22086498 0.18615054 -0.34467310
v 0.21445496 0.20469972 -0.33218122
v 0.22500077 0.19141871 -0.33620578
v 0.19457886 0.20912498 -0.34448099
v 0.18732987 0.22757562 -0.32996377
v 0.24302055 0.17466486 -0.33285835
v 0.24676922 0.17372255 -0.32911026
v -0.18570869 0.23860110 -0.33896303
v -0.18165265 0.24127476 -0.33927721
v -0.18570980 0.24330211 -0.33312514
v -0.17296758 0.24967471 -0.33491838
v -0.15956423 0.26001954 -0.33183023
v -0.15627491 0.24330714 -0.35599318
v -0.15697424 0.24330698 -0.35547739
v -0.15714093 0.24323370 -0.35541442
v -0.15714090 0.24365659 -0.35486141
v -0.13285650 0.24545494 -0.37197062
v -0.13179898 0.24976738 -0.36659214
v -0.11996110 0.26052704 -0.36119050
v -0.12857218 0.24751928 -0.37192363
v -0.11463843 0.25028130 -0.37677157
v -0.13726319 0.26069829 -0.34993088
v -0.11585449 0.26873434 -0.35392511
v -0.15333129 0.26140347 -0.33458996
v -0.13327038 0.27187896 -0.33634531
v -0.11269949 0.26872197 -0.35549623
v -0.10537400 0.27188176 -0.35548866
v -0.11830711 0.27188092 -0.34744745
v -0.11304495 0.27064610 -0.35302496
v -0.10902878 0.27712926 -0.34498832
v -0.09999077 0.25524133 -0.37934905
v -0.09457926 0.25490007 -0.38136721
v -0.09400226 0.26358777 -0.37208921
v -0.07140242 0.26398423 -0.38009399
v -0.08852990 0.27471107 -0.36113256
v -0.07914793 0.27188662 -0.36856684
v -0.08885399 0.27818885 -0.35547042
v -0.08255568 0.27816844 -0.35860872
v -0.07913901 0.28499618 -0.34889546
v -0.06560674 0.27188852 -0.37244588
v -0.05040141 0.27859321 -0.36885300
v -0.06180353 0.28126281 -0.36013347
v -0.06561756 0.28888640 -0.34693354
v -0.04915725 0.28778011 -0.35542792
v -0.05464785 0.26351970 -0.38404095
v -0.04281282 0.26614413 -0.38403183
v -0.02324647 0.26738620 -0.38401747
v -0.01421414 0.26925728 -0.38268781
v -0.03617044 0.27953970 -0.37073156
v -0.01629946 0.27189881 -0.37983993
v -0.03738702 0.28961104 -0.35541710
v -0.02093284 0.28703493 -0.36298412
v -0.01210913 0.27189851 -0.37979960
v 0.00699191 0.27878451 -0.36919320
v -0.00745003 0.28695726 -0.36293995
v 0.00981444 0.29130283 -0.35539600
v 0.00066875 0.26447022 -0.38401082
v 0.01439602 0.26130587 -0.38401043
v 0.01886869 0.25985107 -0.38401151
v 0.04300741 0.25888306 -0.37749434
v 0.06010707 0.25187522 -0.37827277
v 0.02341097 0.27718011 -0.36598444
v 0.03475839 0.27189672 -0.36751390
v 0.02051894 0.28823355 -0.35539877
v 0.03293149 0.28033200 -0.35962948
v 0.03972869 0.29389650 -0.34438941
v 0.05364779 0.27189639 -0.36274356
v 0.06160550 0.26761082 -0.36400402
v 0.05929724 0.27387455 -0.35938242
v 0.07532536 0.27189338 -0.35543826
v 0.05496193 0.27659196 -0.35776594
v 0.04856233 0.28936574 -0.34666225
v 0.06020217 0.27765617 -0.35541680
v 0.07161195 0.25262195 -0.37403244
v 0.08420502 0.26848263 -0.35545000
v 0.09480820 0.24602765 -0.37246180
v 0.09334490 0.25703734 -0.36289948
v 0.10241493 0.24774981 -0.36756283
v 0.10020272 0.24580626 -0.37100995
v 0.10271499 0.24458525 -0.37103233
v 0.08746151 0.26879406 -0.35390472
v 0.10906407 0.26102325 -0.35006678
v 0.08473454 0.27071649 -0.35309905
v 0.08275441 0.27504298 -0.34913597
v 0.08898696 0.27188697 -0.34930637
v 0.12735066 0.24617226 -0.35553345
v 0.10620142 0.27186793 -0.33891243
v 0.12307300 0.26328787 -0.33836091
v 0.12878019 0.24410450 -0.35711572
v 0.13067901 0.24331495 -0.35649061
v 0.13776422 0.24330986 -0.35106406
v 0.12954879 0.24485049 -0.35553798
v 0.15452750 0.24188747 -0.33989549
v 0.15734814 0.24023093 -0.33977926
v 0.17627092 0.23382539 -0.33189106
v 0.14972104 0.24711128 -0.33747989
v 0.15734929 0.24329585 -0.33661976
v 0.13240819 0.26120266 -0.33421636
v 0.18589824 0.22983147 -0.32874763
v 0.18726966 0.22969137 -0.32778698
v -0.12856916 0.27848640 -0.33023560
v -0.10481340 0.28857830 -0.32931280
v -0.09998792 0.28874922 -0.33206183
v -0.08861063 0.29185244 -0.33256695
v -0.07140552 0.29372486 -0.33778390
v -0.06265879 0.29608074 -0.33676678
v -0.07140304 0.30045253 -0.32504204
v -0.01927520 0.30045137 -0.34363735
v -0.04281438 0.29558563 -0.34568104
v -0.01421285 0.30045256 -0.34479821
v -0.01500808 0.30203998 -0.34189945
v -0.01330618 0.30226171 -0.34200948
v -0.00791823 0.30045205 -0.34424782
v -0.01985406 0.30326912 -0.33828783
v -0.01421248 0.30345079 -0.33960378
v 0.00001295 0.30754867 -0.33399487
v 0.01439699 0.29685456 -0.34819359
v 0.03962862 0.29875910 -0.33941948
v 0.04301040 0.29763803 -0.33970556
v 0.04970855 0.29710147 -0.33777070
v 0.04300985 0.30044556 -0.33598047
v 0.07161614 0.29107484 -0.33667755
v 0.08120304 0.29094535 -0.33165234
v 0.10020367 0.28165451 -0.33179027
v -0.29833126 0.12959015 0.45875263
v -0.29736286 0.12877533 0.45664084
v -0.28656435 0.12876712 0.43607697
v -0.27142268 0.13762085 0.42593235
v -0.29995435 0.12878075 0.46393442
v -0.29846188 0.12802798 0.45868775
v -0.29595786 0.12076934 0.45394295
v -0.29994512 0.10183379 0.47304183
v -0.30522028 0.13143611 0.48386586
v -0.30663455 0.12879723 0.48985195
v -0.30531436 0.12610786 0.48382163
v -0.30657202 0.11551599 0.49314308
v -0.30931732 0.12880221 0.50077498
v -0.30822891 0.11219824 0.50077569
v -0.29959264 0.10038964 0.47223237
v -0.26857084 0.08874562 0.42080122
v -0.29879054 0.10021219 0.46992049
v -0.29076627 0.10019826 0.44367582
v -0.29043975 0.09067014 0.44844431
v -0.28808546 0.09538772 0.44127539
v -0.28823742 0.10019751 0.43857288
v -0.28005078 0.09455884 0.43241093
v -0.28889737 0.10662355 0.44045824
v -0.29965651 0.10021367 0.47280985
v -0.29950786 0.09999447 0.47223261
v -0.29994395 0.09761155 0.47353417
v -0.30611813 0.10023512 0.50077695
v -0.30481946 0.08144648 0.49140549
v -0.30740443 0.08663757 0.50077736
v -0.01453895 -0.32816702 -0.28404734
v -0.01440445 -0.32815659 -0.28404206
v -0.19159845 -0.28208870 -0.28972197
v -0.17895073 -0.28516483 -0.29124454
v -0.16482511 -0.28569984 -0.29841408
v -0.16565946 -0.29345211 -0.28623536
v -0.12886421 -0.31198445 -0.27603778
v -0.10913793 -0.31821033 -0.27420980
v -0.15744939 -0.27915007 -0.31476963
v -0.15744102 -0.27150750 -0.32698065
v -0.14642665 -0.27974352 -0.32145756
v -0.14799426 -0.28986564 -0.29839468
v -0.13885808 -0.29093963 -0.30267692
v -0.14044043 -0.29409072 -0.29566905
v -0.14727493 -0.29541761 -0.29016992
v -0.13826856 -0.29952097 -0.28860554
v -0.11397545 -0.29891881 -0.29952782
v -0.11378240 -0.29950354 -0.29835680
v -0.11475530 -0.29911706 -0.29855168
v -0.11466830 -0.29929104 -0.29825157
v -0.11445534 -0.29929131 -0.29835775
v -0.11479571 -0.29950398 -0.29789075
v -0.11416349 -0.29990134 -0.29756141
v -0.11446338 -0.29940543 -0.29816106
v -0.10890307 -0.28954983 -0.32691488
v -0.12884951 -0.28735805 -0.32085526
v -0.09033595 -0.30823109 -0.29832253
v -0.10026451 -0.31807390 -0.27836806
v -0.10025565 -0.29145432 -0.32690489
v -0.09022843 -0.30375808 -0.30684656
v -0.07321598 -0.30026746 -0.32686970
v -0.08148339 -0.30843484 -0.30278495
v -0.06378400 -0.31230056 -0.30470327
v -0.07166824 -0.30114403 -0.32604244
v -0.07659980 -0.31818217 -0.28895891
v -0.06839885 -0.32153013 -0.28727323
v -0.08168899 -0.32304183 -0.27902174
v -0.07165692 -0.32804620 -0.27422306
v -0.07165965 -0.32382041 -0.28190577
v -0.06600848 -0.32522249 -0.28119081
v -0.04776695 -0.31864434 -0.29827970
v -0.04738931 -0.30944562 -0.31821430
v -0.06742784 -0.30160928 -0.32686281
v -0.01507753 -0.32802767 -0.28428170
v -0.03916175 -0.32023811 -0.29827154
v -0.04306193 -0.32389563 -0.28999197
v -0.04307447 -0.30678675 -0.32683429
v -0.03951497 -0.31019944 -0.31972218
v -0.03192313 -0.30818060 -0.32682395
v -0.01446916 -0.32802743 -0.28434607
v -0.01996932 -0.31704983 -0.30704999
v -0.00958012 -0.31823850 -0.30763963
v -0.01447803 -0.31241828 -0.32033497
v -0.01378598 -0.32802707 -0.28431833
v -0.01509687 -0.32834154 -0.28366426
v -0.01446902 -0.32823020 -0.28387624
v -0.01391884 -0.32830212 -0.28370258
v 0.01100024 -0.32179546 -0.29824129
v 0.01261592 -0.31224111 -0.32382113
v 0.00804682 -0.31070483 -0.32679945
v 0.01716279 -0.32191074 -0.29823738
v 0.01411342 -0.32465184 -0.29151878
v 0.01410489 -0.31113189 -0.32679573
v 0.01556178 -0.31227192 -0.32388413
v 0.01957053 -0.31099340 -0.32679403
v 0.03742084 -0.31746966 -0.30725065
v 0.04839087 -0.31658942 -0.30681187
v 0.04268376 -0.31231767 -0.32034731
v 0.04078000 -0.32416767 -0.28586835
v 0.04483268 -0.32371590 -0.28609231
v 0.03843315 -0.32586548 -0.28182670
v 0.04269729 -0.32799506 -0.27712992
v 0.04269452 -0.32524118 -0.28258014
v 0.04837868 -0.32514939 -0.28111610
v 0.06588794 -0.31722811 -0.29823631
v 0.06738232 -0.30982518 -0.31904805
v 0.05967544 -0.30791467 -0.32679293
v 0.07754526 -0.31541950 -0.29824007
v 0.07126914 -0.32141113 -0.28510445
v 0.07125431 -0.30645925 -0.32679430
v 0.07591343 -0.30904004 -0.31748807
v 0.09303125 -0.30280256 -0.32680684
v 0.09127713 -0.31086519 -0.30397469
v 0.10994615 -0.30773100 -0.30242068
v 0.09982131 -0.30202574 -0.32550105
v 0.09354318 -0.31538695 -0.29026109
v 0.10785364 -0.31192356 -0.29199699
v 0.08667369 -0.32139164 -0.27738929
v 0.09984114 -0.32797039 -0.26099953
v 0.09983625 -0.31842059 -0.27920344
v 0.12242007 -0.31666493 -0.27270117
v 0.11813553 -0.30744484 -0.29826012
v 0.11850986 -0.30379707 -0.30705935
v 0.10263317 -0.30081075 -0.32681248
v 0.14172831 -0.30128500 -0.29827368
v 0.12839945 -0.31534952 -0.27306789
v 0.12839061 -0.29305947 -0.32682693
v 0.14160930 -0.30045456 -0.30040893
v 0.14331834 -0.30066699 -0.29891473
v 0.14359167 -0.30121255 -0.29736167
v 0.13163595 -0.31528756 -0.27133414
v 0.15696827 -0.30683529 -0.27346647
v 0.13805361 -0.28993762 -0.32683203
v 0.14794624 -0.29938370 -0.29827988
v 0.14405999 -0.29938552 -0.30103838
v 0.16674712 -0.29037169 -0.30279887
v 0.16826358 -0.29340339 -0.29531714
v 0.17745611 -0.28696072 -0.29831284
v 0.16466859 -0.29937267 -0.28514013
v 0.17731741 -0.29330492 -0.28619480
v 0.15696445 -0.28530443 -0.31980640
v 0.17276289 -0.27870095 -0.32047510
v 0.18554091 -0.27687553 -0.31047511
v 0.18554465 -0.26581141 -0.32687977
v 0.19009534 -0.27990392 -0.29832876
v 0.21202384 -0.27498206 -0.28617671
v 0.19022655 -0.28975728 -0.27913401
v 0.21561930 -0.27378231 -0.28558198
v -0.27305597 -0.21654671 -0.29860866
v -0.27462679 -0.23107259 -0.27580643
v -0.23361482 -0.25186887 -0.30324531
v -0.23664480 -0.25793430 -0.29079175
v -0.24318022 -0.27103335 -0.26312083
v -0.24318467 -0.26102537 -0.27925053
v -0.23433596 -0.26659554 -0.27981180
v -0.27173200 -0.21564938 -0.30210856
v -0.27172095 -0.20130064 -0.32718915
v -0.25647855 -0.22055253 -0.31952977
v -0.25217655 -0.24246053 -0.29856658
v -0.26523545 -0.22690886 -0.29859239
v -0.25517231 -0.23787495 -0.30086660
v -0.25625345 -0.24003550 -0.29735851
v -0.26210827 -0.23782028 -0.28929192
v -0.25566009 -0.24246265 -0.29495490
v -0.23631725 -0.24245512 -0.31338984
v -0.21950972 -0.26123893 -0.29851171
v -0.22131941 -0.25002885 -0.31369483
v -0.22963181 -0.23568188 -0.32711807
v -0.24317572 -0.22995341 -0.32088333
v -0.20636892 -0.27100006 -0.29435799
v -0.21174186 -0.26523727 -0.29849762
v -0.21462610 -0.26791626 -0.29232070
v -0.21461457 -0.24351487 -0.32708937
v -0.21032447 -0.25242883 -0.31848857
v -0.20232086 -0.25057393 -0.32706296
v -0.18604755 -0.27098584 -0.30885738
v -0.18732063 -0.26844037 -0.31146982
v -0.18519282 -0.26927817 -0.31188497
v -0.18604487 -0.26679668 -0.31483638
v -0.18241023 -0.27098393 -0.31091654
v -0.18165758 -0.26879257 -0.31492558
v -0.21367286 -0.28483105 -0.27039239
v -0.18603703 -0.29616264 -0.27158189
v 0.19935483 -0.27079150 -0.30524048
v 0.19636163 -0.26191750 -0.32149029
v 0.21412259 -0.27078801 -0.29138768
v 0.20945165 -0.26144940 -0.30796254
v 0.22171235 -0.25561893 -0.30506331
v 0.21412547 -0.24694237 -0.32456130
v 0.21961904 -0.27078760 -0.28683731
v 0.21412098 -0.27720872 -0.28087538
v 0.22007044 -0.27376002 -0.28112081
v 0.23383540 -0.25306600 -0.29838479
v 0.23310199 -0.24691078 -0.30775440
v 0.24003854 -0.23060125 -0.32162711
v 0.24629611 -0.24222180 -0.29839656
v 0.21694522 -0.24363276 -0.32692426
v 0.22825338 -0.23516098 -0.32693857
v 0.24270457 -0.26042289 -0.27767453
v 0.24783225 -0.25906420 -0.27240467
v 0.24040270 -0.22678803 -0.32580501
v 0.24270271 -0.22634889 -0.32378000
v 0.24270298 -0.22364643 -0.32695681
v 0.25347635 -0.23518664 -0.29840553
v 0.26389891 -0.22843450 -0.29152229
v 0.24996856 -0.24924548 -0.28435478
v 0.25408778 -0.23931313 -0.29259169
v 0.27421719 -0.21949822 -0.28706554
v -0.28870621 -0.19077021 -0.30135557
v -0.27410424 -0.21389988 -0.29979914
v -0.27283603 -0.20017506 -0.32663304
v -0.28962445 -0.19260526 -0.29500648
v -0.27505365 -0.21390043 -0.29695192
v -0.27876860 -0.22466883 -0.27355883
v -0.30026424 -0.19049519 -0.27266335
v -0.28651053 -0.20701659 -0.27745944
v -0.30347052 -0.15839890 -0.31456751
v -0.29420477 -0.18533969 -0.29864806
v -0.30354711 -0.16339929 -0.30963764
v -0.30769384 -0.17168683 -0.29183722
v -0.30321106 -0.18534374 -0.27600133
v -0.29017603 -0.18533869 -0.30702955
v -0.27363503 -0.19865908 -0.32719272
v -0.28507841 -0.17774728 -0.32721329
v -0.30024007 -0.16353777 -0.31632456
v 0.26707867 -0.21366350 -0.31059450
v 0.26568106 -0.21085855 -0.31550318
v 0.27129567 -0.21366267 -0.30326042
v 0.26973939 -0.21055539 -0.31114867
v 0.27543300 -0.20540226 -0.30857578
v 0.27129728 -0.20333096 -0.31787202
v 0.27911615 -0.21366268 -0.28805679
v 0.27129489 -0.23099811 -0.27547514
v 0.27976543 -0.21789189 -0.27992231
v 0.29007682 -0.19406442 -0.29844266
v 0.28942654 -0.18893737 -0.30609182
v 0.29262656 -0.17810237 -0.31247497
v 0.29656628 -0.18511671 -0.29844651
v 0.27724954 -0.18808106 -0.32699305
v 0.28301376 -0.17926820 -0.32699725
v 0.29989338 -0.20010987 -0.27132925
v 0.30068305 -0.19978602 -0.27028629
v 0.29299241 -0.16738808 -0.32355225
v 0.29990786 -0.16412142 -0.31356639
v 0.29991788 -0.14794962 -0.32701188
v 0.30591202 -0.16856454 -0.29845065
v 0.30085719 -0.19843002 -0.27181599
v 0.30768651 -0.17861849 -0.28545263
v -0.33309102 -0.14467177 -0.27229744
v -0.32690048 -0.12821367 -0.29868245
v -0.33203331 -0.10626608 -0.29868495
v -0.33262300 -0.13861787 -0.27788496
v -0.33598870 -0.12119089 -0.28464454
v -0.30788231 -0.15678056 -0.30912486
v -0.31649661 -0.15677959 -0.29253379
v -0.32140511 -0.14205444 -0.29868257
v -0.32875594 -0.14696445 -0.27905250
v -0.30485305 -0.15446728 -0.31526211
v -0.31921530 -0.13294971 -0.30814916
v -0.30689180 -0.13156061 -0.32723737
v -0.31902450 -0.16618209 -0.27499515
v -0.32061440 -0.12207305 -0.31096420
v -0.30926448 -0.12368622 -0.32723838
v -0.32872689 -0.10290241 -0.30519480
v -0.31615841 -0.10763718 -0.32094797
v 0.30912119 -0.15656695 -0.30305055
v 0.31656358 -0.15657210 -0.29013872
v 0.30262494 -0.14363976 -0.32566231
v 0.30322516 -0.14064111 -0.32701331
v 0.31786686 -0.13529715 -0.30209681
v 0.32138115 -0.14232907 -0.29130185
v 0.31984255 -0.16089685 -0.27985513
v 0.32270724 -0.15368071 -0.28128469
v 0.32850546 -0.15658544 -0.26758844
v 0.32851049 -0.14318751 -0.27748957
v 0.31150123 -0.11950981 -0.32701728
v 0.32371271 -0.10188432 -0.31516278
v 0.32270464 -0.12802206 -0.29845941
v 0.31851149 -0.12801811 -0.30701196
v 0.32505411 -0.10644059 -0.30925965
v 0.33331931 -0.10903914 -0.28897899
v 0.33312285 -0.12803382 -0.27911043
v -0.33263397 -0.09964477 -0.30064228
v -0.33631292 -0.09964208 -0.29488403
v -0.34453455 -0.10600510 -0.27803415
v -0.35723945 -0.09963712 -0.26092076
v -0.34701240 -0.09451187 -0.27927971
v -0.33817300 -0.08068351 -0.29869056
v -0.34011942 -0.07107510 -0.29869351
v -0.34086725 -0.06688964 -0.29869542
v -0.34163362 -0.07240535 -0.29603189
v -0.34181929 -0.06993233 -0.29640993
v -0.32872242 -0.09553993 -0.30689755
v -0.31828684 -0.09058961 -0.32202423
v -0.32370406 -0.08034650 -0.31722394
v -0.31675214 -0.07937623 -0.32725453
v -0.32541028 -0.06009039 -0.32068497
v -0.32055536 -0.06087711 -0.32726672
v -0.32868806 -0.05226709 -0.31820932
v -0.32325953 -0.05407913 -0.32455236
v 0.32640749 -0.09947125 -0.31167871
v 0.32537952 -0.09788561 -0.31433463
v 0.32204816 -0.07417878 -0.32704282
v 0.32854855 -0.09947297 -0.30667174
v 0.32703632 -0.09643976 -0.31123564
v 0.33659154 -0.08343425 -0.29223543
v 0.33633593 -0.09948164 -0.28809914
v 0.33947641 -0.10495093 -0.27874440
v 0.34164113 -0.09294794 -0.27767745
v 0.32234126 -0.06779464 -0.32704693
v 0.32825556 -0.04255306 -0.31297120
v 0.33557895 -0.07092334 -0.29849619
v 0.32544273 -0.07091743 -0.32076621
v 0.32843700 -0.04273870 -0.31260401
v 0.33796528 -0.06110544 -0.29359862
v 0.33907816 -0.07092615 -0.29093266
v -0.34486815 -0.01784747 -0.30068532
v -0.34075248 -0.04251131 -0.30475631
v -0.34818822 -0.02448769 -0.29345036
v -0.34951618 -0.04250092 -0.28827015
v -0.35271329 -0.04474276 -0.28217956
v -0.35718751 -0.04249635 -0.26677698
v -0.35242298 -0.04010976 -0.28203920
v -0.34622291 -0.01394043 -0.29873517
v -0.34426048 -0.01394151 -0.30142981
v -0.33748886 -0.01938234 -0.30960518
v -0.33618981 -0.00721551 -0.31219161
v -0.34516475 -0.00942829 -0.30099452
v -0.35014763 0.00056903 -0.29149431
v -0.35433841 -0.01393507 -0.27584282
v -0.32866582 -0.03194283 -0.31986299
v -0.32436228 -0.03038708 -0.32513118
v -0.32631153 -0.02588105 -0.32258466
v -0.32324851 -0.02552374 -0.32728660
v -0.32693368 -0.00137531 -0.32387617
v -0.32467440 -0.00165029 -0.32729518
v -0.32863915 0.00264219 -0.32268634
v -0.32861987 0.02693994 -0.32731199
v -0.32603747 0.00163773 -0.32599413
v 0.32839775 -0.04237026 -0.31267652
v 0.32821351 -0.04216602 -0.31299281
v 0.32002133 -0.01814374 -0.32708728
v 0.32862175 -0.04237029 -0.31222853
v 0.32840857 -0.04194287 -0.31257519
v 0.33738354 -0.02490553 -0.29299921
v 0.34047738 -0.04237257 -0.29017955
v 0.34803522 -0.05209248 -0.27454978
v 0.34977454 -0.03180799 -0.27371395
v 0.31743804 -0.00820157 -0.32709485
v 0.32042223 0.01059208 -0.31698129
v 0.33365488 -0.01382180 -0.29854813
v 0.32420903 -0.01382339 -0.31816918
v 0.32552233 0.00838050 -0.30967051
v 0.33622104 -0.00035218 -0.29183376
v 0.33872151 -0.01382125 -0.29011372
v -0.34636539 0.03620997 -0.30225191
v -0.34353179 0.01462085 -0.30620980
v -0.32905391 0.02867958 -0.32709509
v -0.35201418 0.02491649 -0.28962579
v -0.35309017 0.01462964 -0.28651151
v -0.35411853 0.01310845 -0.28295419
v -0.35715538 0.01462815 -0.27235866
v -0.35714871 0.03121324 -0.27620286
v -0.35436219 0.01602888 -0.28307843
v -0.34813040 0.04318384 -0.29877079
v -0.35833997 0.04318439 -0.27262849
v -0.34532785 0.04318230 -0.30367646
v -0.34602445 0.04949338 -0.30192918
v -0.34983289 0.05711703 -0.29181474
v -0.32889935 0.02903830 -0.32731318
v -0.33039936 0.05655444 -0.32732448
v -0.33100352 0.05865998 -0.32612178
v -0.32859007 0.06804788 -0.32732755
v 0.29789734 0.05528960 -0.32257864
v 0.29516047 0.05506472 -0.32714117
v 0.32407084 0.01472963 -0.31053364
v 0.31364548 0.02226718 -0.32038027
v 0.30017138 0.04134701 -0.32713139
v 0.30447426 0.03116886 -0.32712406
v 0.32870260 0.01472970 -0.30296826
v 0.32209086 0.02797448 -0.30624616
v 0.33365133 0.02462503 -0.28926921
v 0.33730817 0.01473036 -0.28861579
v 0.34711462 0.00551295 -0.27510029
v 0.34387815 0.02232294 -0.27674097
v 0.30737966 0.05036344 -0.31274426
v 0.29517683 0.06007814 -0.32464713
v 0.30017918 0.06347549 -0.31535789
v 0.32144219 0.04328787 -0.29861188
v 0.31711033 0.04328679 -0.30393708
v 0.31710291 0.04860236 -0.30127200
v 0.32155013 0.05750569 -0.29152814
v 0.33388710 0.04329032 -0.28041339
v -0.34210759 0.07174048 -0.30554160
v -0.35004008 0.07174355 -0.28805739
v -0.35713929 0.05115639 -0.27421710
v -0.35239547 0.06936998 -0.28213853
v -0.35713717 0.07173864 -0.26949412
v -0.35229588 0.07416234 -0.28208944
v -0.33971092 0.09401439 -0.29877913
v -0.33813137 0.10029954 -0.29877731
v -0.34073406 0.09817965 -0.29454443
v -0.33982000 0.10333055 -0.29271713
v -0.32857928 0.08390661 -0.32310784
v -0.32623154 0.08484461 -0.32615680
v -0.32702750 0.08756854 -0.32423034
v -0.32478896 0.08791356 -0.32732934
v -0.32381666 0.10983708 -0.31783307
v -0.31757545 0.10909230 -0.32732323
v -0.31723195 0.12025282 -0.32165277
v -0.32793257 0.12761536 -0.29876453
v 0.29065159 0.08137242 -0.32240891
v 0.29322988 0.09308857 -0.31330100
v 0.29179043 0.10631962 -0.31044853
v 0.30298215 0.10041316 -0.29867172
v 0.29713351 0.12290493 -0.29869205
v 0.28245971 0.09500827 -0.32718569
v 0.27989000 0.10456703 -0.32719606
v 0.30017716 0.07721913 -0.30935910
v 0.30727077 0.07184858 -0.30217996
v 0.31698814 0.07184918 -0.29023951
v 0.30673429 0.08497776 -0.29865214
v 0.32415551 0.06956565 -0.28209713
v 0.32871699 0.06140242 -0.27915037
v 0.32289398 0.07476205 -0.28147316
v 0.32871559 0.07184872 -0.27392885
v 0.28066778 0.12446505 -0.31747580
v 0.31013778 0.09610289 -0.29006401
v 0.30942440 0.10542955 -0.28865081
v -0.34107244 0.12083657 -0.27647084
v -0.33506823 0.13989738 -0.27346158
v -0.33143073 0.14602691 -0.27594620
v -0.32692659 0.12887004 -0.29957917
v -0.32763818 0.12886977 -0.29830348
v -0.32855982 0.12802893 -0.29708508
v -0.32855967 0.13089326 -0.29471797
v -0.31251287 0.13514212 -0.31928647
v -0.31382969 0.15658173 -0.29917246
v -0.29997903 0.15001616 -0.32356292
v -0.31402209 0.15696697 -0.29849529
v -0.31360719 0.15745214 -0.29873684
v -0.30434573 0.17731905 -0.28878725
v -0.31539115 0.15632495 -0.29648900
v -0.31397575 0.15745184 -0.29815963
v -0.29699287 0.15746091 -0.32130924
v -0.29412287 0.17434067 -0.30712008
v -0.29453874 0.15474379 -0.32727420
v -0.28682229 0.16405581 -0.32725409
v -0.28021643 0.17618203 -0.32282981
v -0.27141365 0.18070316 -0.32721335
v 0.26102442 0.15227857 -0.32724345
v 0.28495786 0.15568823 -0.29964969
v 0.27160314 0.14145997 -0.31919420
v 0.29187614 0.12898441 -0.30284083
v 0.27869022 0.13253485 -0.31649923
v 0.28558347 0.15693882 -0.29841596
v 0.29692566 0.12898107 -0.29707682
v 0.25213909 0.16728984 -0.32724059
v 0.24301818 0.18132642 -0.32723296
v 0.25091299 0.17579117 -0.32330167
v 0.28499317 0.15754956 -0.29872087
v 0.26624593 0.15755834 -0.31654710
v 0.26554015 0.17400756 -0.30693138
v 0.28475258 0.15982270 -0.29758623
v 0.28558654 0.15754950 -0.29811716
v 0.28656468 0.15687323 -0.29737106
v 0.28747714 0.15913682 -0.29555058
v 0.30016881 0.12642021 -0.29358408
v 0.30017197 0.13220410 -0.29226133
v 0.31455356 0.12188794 -0.27735490
v 0.31250858 0.13708290 -0.27634406
v 0.30540138 0.14849265 -0.28064018
v 0.30284032 0.16915822 -0.27552724
v -0.30024305 0.18604511 -0.28454396
v -0.29998893 0.18604530 -0.28483590
v -0.28450114 0.18606636 -0.30520800
v -0.30008230 0.18623163 -0.28450969
v -0.29981747 0.18638925 -0.28458765
v -0.30126894 0.18540403 -0.28377926
v -0.30032891 0.18621495 -0.28424713
v -0.29998955 0.18660390 -0.28413704
v -0.27725872 0.19775191 -0.29864109
v -0.27821428 0.20715258 -0.28363389
v -0.27141881 0.19268927 -0.31184602
v -0.25755244 0.21388109 -0.29859218
v -0.25939232 0.19437131 -0.32116812
v -0.25689676 0.21417792 -0.29884467
v -0.24285501 0.20623451 -0.32291257
v -0.25701010 0.21440443 -0.29845002
v -0.25655341 0.21468644 -0.29858974
v -0.25746006 0.21437615 -0.29797366
v -0.25694227 0.21468604 -0.29817292
v -0.23811990 0.21470124 -0.31765196
v -0.21554224 0.22775069 -0.32456565
v -0.23506770 0.22768813 -0.30503139
v -0.23864615 0.23480621 -0.28849977
v -0.23418111 0.21036559 -0.32712427
v -0.21428436 0.22677574 -0.32707858
v -0.21362206 0.22834700 -0.32575193
v -0.21257597 0.22815551 -0.32707477
v -0.21428801 0.23329617 -0.31850198
v -0.21100461 0.23065007 -0.32543123
v 0.21087343 0.21292225 -0.32716525
v 0.21445411 0.21138126 -0.32550797
v 0.23459898 0.19620842 -0.32301033
v 0.19543436 0.22423279 -0.32712328
v 0.18589756 0.23128229 -0.32709691
v 0.18891802 0.23051409 -0.32559496
v 0.21282001 0.21471207 -0.32389867
v 0.20939536 0.23315792 -0.30781633
v 0.21834219 0.21470830 -0.31940848
v 0.23527718 0.20815335 -0.31174102
v 0.23206271 0.21802410 -0.30530778
v 0.24404471 0.21468982 -0.29868299
v 0.22321042 0.22574881 -0.30415264
v 0.23329957 0.22382209 -0.29865834
v 0.24302092 0.19459066 -0.31559721
v 0.25810683 0.18612117 -0.30623692
v 0.25252643 0.20511907 -0.29870081
v 0.27160448 0.18611646 -0.29407388
v 0.26482290 0.19967344 -0.29121929
v 0.27485436 0.19261017 -0.28770417
v 0.27901047 0.18611395 -0.28815678
v 0.28581238 0.19321388 -0.27737015
v 0.25413981 0.21151212 -0.29236087
v 0.25184882 0.22014685 -0.28777227
v 0.26761392 0.21467960 -0.27816498
v 0.27321780 0.21467751 -0.27339515
v 0.30017275 0.17460753 -0.27575761
v 0.30419737 0.17383720 -0.27221233
v -0.21880411 0.24329308 -0.30076197
v -0.22424962 0.24328920 -0.29354659
v -0.24288687 0.23680335 -0.28103802
v -0.23768911 0.24068016 -0.28166386
v -0.24289685 0.24327238 -0.27233112
v -0.22978717 0.24983576 -0.27769458
v -0.21596596 0.24662918 -0.29850087
v -0.21755017 0.26080525 -0.27639237
v -0.21429463 0.24527025 -0.30244711
v -0.21089876 0.25009307 -0.29849041
v -0.19561170 0.24825212 -0.31769967
v -0.19297498 0.25781250 -0.30548602
v -0.18571267 0.25407767 -0.31811690
v -0.19586322 0.26357725 -0.29431108
v -0.17815018 0.27187547 -0.29842904
v -0.20848067 0.26341254 -0.28157973
v -0.19283588 0.27187154 -0.28407824
v -0.17361411 0.27187660 -0.30278403
v -0.16919942 0.27411318 -0.30288768
v -0.17275478 0.27451584 -0.29973975
v -0.17349292 0.27598044 -0.29637069
v -0.16882044 0.27711222 -0.29841572
v -0.16376488 0.26090637 -0.32698160
v -0.15714116 0.26437107 -0.32697350
v -0.14953361 0.27855206 -0.31173658
v -0.13701212 0.27610135 -0.32694352
v -0.15021816 0.28657928 -0.29839146
v -0.13441822 0.28877139 -0.30681184
v -0.12439787 0.29210681 -0.30846399
v -0.12857047 0.28356552 -0.32108915
v -0.10909182 0.29071754 -0.32235432
v -0.09998723 0.29164371 -0.32689285
v -0.04280928 0.30584204 -0.32682875
v 0.01439794 0.31222254 -0.32680672
v 0.07161596 0.29919767 -0.32684529
v 0.09251183 0.29657844 -0.31643069
v 0.09875553 0.29751295 -0.31114039
v 0.12348986 0.28083950 -0.31635687
v 0.10224968 0.29633534 -0.31055748
v 0.12443202 0.29170957 -0.29836014
v 0.11285984 0.27818215 -0.32692093
v 0.10020792 0.29291287 -0.31635270
v 0.12878293 0.26962945 -0.32695264
v 0.13948029 0.26292047 -0.32697949
v 0.16890088 0.26639250 -0.30119383
v 0.15734714 0.25831205 -0.32024509
v 0.17060049 0.24991465 -0.31939787
v 0.17018092 0.26895416 -0.29703188
v 0.13698509 0.27792358 -0.31055638
v 0.16302966 0.27183676 -0.29845586
v 0.14846410 0.27184147 -0.30922055
v 0.13593689 0.28609508 -0.29838526
v 0.14646719 0.27864227 -0.30181611
v 0.14876977 0.28324768 -0.29270974
v 0.17489472 0.26528674 -0.29848602
v 0.16911313 0.27183488 -0.29345188
v 0.17409280 0.26936176 -0.29353830
v 0.18589370 0.24909019 -0.31014529
v 0.19970833 0.24327196 -0.30547035
v 0.19164146 0.25476509 -0.29853728
v 0.21444979 0.24326210 -0.29263812
v 0.21119870 0.24976656 -0.28756922
v 0.21655926 0.24747959 -0.28644529
v 0.22113580 0.24325582 -0.28769082
v 0.21445450 0.25563648 -0.27813295
v 0.22652747 0.24928123 -0.27832335
v 0.19287524 0.26453221 -0.28394234
v 0.24302897 0.23462208 -0.28144309
v 0.25313500 0.23400313 -0.27518988
v 0.27161381 0.21799834 -0.27184543
v -0.18575610 0.28187883 -0.27488208
v -0.16715582 0.29114553 -0.27484167
v -0.13153228 0.30045080 -0.28555641
v -0.15717164 0.29212922 -0.28176948
v -0.12858406 0.30045170 -0.28795236
v -0.10947721 0.30045426 -0.30307454
v -0.12927303 0.30182582 -0.28476745
v -0.12763391 0.30235317 -0.28502822
v -0.13145301 0.30188242 -0.28265339
v -0.12858778 0.30302927 -0.28279161
v -0.10262160 0.30571944 -0.29832226
v -0.10225856 0.31699809 -0.27426684
v -0.09998812 0.30333075 -0.30407307
v -0.09659570 0.30723312 -0.29831481
v -0.07761527 0.30355886 -0.31568241
v -0.07504763 0.30774540 -0.30892745
v -0.06639149 0.31046459 -0.30756077
v -0.07140019 0.30554387 -0.31511587
v -0.05909896 0.30659860 -0.31870472
v -0.07885597 0.31535730 -0.29146099
v -0.06236846 0.31850678 -0.29302150
v -0.07140815 0.32852608 -0.26997712
v -0.09707136 0.31767294 -0.27561119
v -0.05185769 0.31853974 -0.29826665
v -0.05150729 0.32343024 -0.28708458
v -0.04280796 0.31055337 -0.31846219
v -0.03189744 0.32225382 -0.29825437
v -0.03334087 0.31000376 -0.32209247
v -0.02463790 0.32128695 -0.30211678
v -0.00230871 0.32422534 -0.30064142
v -0.01420818 0.31447408 -0.31953949
v 0.01126550 0.31316128 -0.32524201
v -0.02602661 0.32406142 -0.29577297
v -0.00137535 0.32609168 -0.29678556
v -0.03217757 0.32536152 -0.29093224
v -0.02201455 0.32902303 -0.28527501
v 0.00187049 0.32545790 -0.29824710
v -0.00436472 0.32901829 -0.28935769
v 0.00209674 0.32700974 -0.29423720
v 0.01439785 0.31358391 -0.32452443
v 0.02679114 0.32520488 -0.29825038
v 0.01827480 0.31278905 -0.32487249
v 0.03180082 0.32280633 -0.30135226
v 0.05226470 0.31893271 -0.30329287
v 0.04300838 0.31285655 -0.31874466
v 0.05845885 0.30815023 -0.32025933
v 0.03045554 0.32548764 -0.29649341
v 0.05421019 0.32282215 -0.29517606
v 0.02654977 0.32686639 -0.29396969
v 0.03537745 0.32900041 -0.28490067
v 0.06252142 0.31856811 -0.29827112
v 0.04824156 0.32899344 -0.28018716
v 0.06261452 0.32367444 -0.28765014
v 0.07161297 0.30794832 -0.31331599
v 0.09398226 0.30041754 -0.30947623
v 0.07806985 0.31332928 -0.29828513
v 0.10020569 0.30041298 -0.30487603
v 0.09472216 0.31134301 -0.28948867
v 0.10412095 0.30824390 -0.28795406
v 0.11469360 0.30040169 -0.29129988
v 0.10019397 0.31518802 -0.27662927
v 0.11655162 0.30856463 -0.27588093
v 0.07795471 0.32104066 -0.28242376
v 0.12877925 0.29535094 -0.28827211
v 0.14448473 0.29396302 -0.27769485
v 0.15733965 0.28820708 -0.27805835
v 0.15734135 0.30038160 -0.25760341
v -0.01421410 0.33529395 -0.27282715
v 0.04298723 0.33278984 -0.27159935
v 0.24502923 0.07180595 0.49990448
v 0.24554515 0.07180679 0.50102484
v 0.23921843 0.08429384 0.47423357
v 0.24278912 0.07871987 0.48718023
v 0.21424116 0.07178120 0.46016240
v 0.21305077 0.07237545 0.45876116
v 0.20488928 0.07177605 0.45348325
v 0.21169865 0.07050850 0.45944005
v 0.22776428 0.06503169 0.47999144
v 0.21422882 0.05168750 0.47672182
v 0.22593145 0.04837883 0.49849075
v 0.24278843 0.07026356 0.49794534
v 0.24395368 0.06947574 0.50102794
v 0.23736034 0.06095706 0.50103998
v 0.22648288 0.04727554 0.50105858
v 0.20412141 0.04827850 0.47248930
v 0.20936678 0.04322913 0.48222831
v 0.22244291 0.04324192 0.50106251
v 0.18782055 0.06748835 0.44387439
v 0.18206784 0.06453543 0.44387624
v 0.18568212 0.06994968 0.44023186
v 0.18568648 0.07599808 0.43538386
v 0.18986428 0.07176779 0.44177404
v 0.16752681 0.05096890 0.44777596
v 0.14485298 0.04718777 0.44586933
v 0.19235027 0.05081905 0.45912135
v 0.17671332 0.04852020 0.45452833
v 0.18567102 0.03200589 0.47250986
v 0.16636117 0.04320739 0.45399415
v 0.15897271 0.06809412 0.43139026
v 0.14559466 0.04319771 0.44936535
v 0.18281877 0.03036369 0.47251070
v 0.15710825 0.02635558 0.46406990
v 0.20662194 0.02988773 0.49440968
v 0.20841056 0.02630797 0.50108016
v 0.18712625 0.03039515 0.47542316
v 0.18491127 0.02969698 0.47402892
v 0.14046758 0.04797829 0.44386566
v 0.12859607 0.06327137 0.42687893
v 0.14132920 0.04472314 0.44693068
v 0.12245189 0.04318300 0.44385225
v 0.13845372 0.03879437 0.45268783
v 0.15353531 0.06454085 0.43316793
v 0.11555098 0.04070248 0.44384852
v 0.11232419 0.03919379 0.44583714
v 0.11342147 0.04138816 0.44294891
v 0.11318855 0.04317659 0.44158190
v 0.11515783 0.04233519 0.44215879
v 0.11581191 0.04467351 0.44084987
v 0.10003279 0.02371945 0.46269348
v 0.07150818 0.05880615 0.41795710
v 0.09018764 0.03432141 0.44823670
v 0.08262534 0.03684770 0.44380054
v 0.08341232 0.04078390 0.43906426
v 0.08799997 0.03870112 0.44158024
v 0.07779571 0.05113547 0.42779338
v 0.08851622 0.04315405 0.43832216
v 0.06279422 0.03197741 0.44377708
v 0.05199751 0.03268066 0.43853837
v 0.04831406 0.04312218 0.42592239
v 0.06164983 0.03870194 0.43490922
v 0.06782144 0.05373257 0.42256284
v 0.01792205 0.03238169 0.42228764
v 0.03624526 0.02791534 0.43614998
v 0.03960144 0.04311613 0.42185760
v 0.01190554 0.03127124 0.42007160
v -0.13345076 -0.33730337 -0.23159149
v -0.12321480 -0.33931190 -0.23258643
v -0.10565844 -0.33887479 -0.24122611
v -0.10431509 -0.34643143 -0.22083592
v -0.10025200 -0.33386248 -0.25281516
v -0.10026218 -0.32345730 -0.26977211
v -0.08156823 -0.33300239 -0.26041850
v -0.09414063 -0.34025854 -0.24121344
v -0.07688844 -0.33851445 -0.25023854
v -0.07987510 -0.34450096 -0.23514386
v -0.09553394 -0.34704104 -0.22205427
v -0.06534988 -0.34063148 -0.24916965
v -0.06236203 -0.34658608 -0.23617521
v -0.05188025 -0.34568959 -0.24117574
v -0.05150957 -0.35078499 -0.22953790
v -0.07165223 -0.33580390 -0.25933561
v -0.01444251 -0.36040181 -0.21453004
v -0.05609049 -0.33581680 -0.26321468
v -0.04305018 -0.33818439 -0.26143619
v -0.04305385 -0.33423176 -0.26971555
v -0.03285495 -0.33722943 -0.26461807
v -0.03365408 -0.34679738 -0.24116322
v -0.02281544 -0.34474456 -0.24708229
v -0.02510398 -0.34932494 -0.23752479
v -0.03399955 -0.35135081 -0.23066926
v -0.01939618 -0.35659856 -0.22251225
v -0.00631360 -0.34429291 -0.24730025
v -0.00397105 -0.34896597 -0.23734120
v 0.00433215 -0.34762618 -0.24114877
v -0.00969587 -0.35659599 -0.22209874
v 0.00469625 -0.35175008 -0.23147722
v -0.01446011 -0.33845055 -0.26063389
v 0.04272480 -0.35817787 -0.21342741
v 0.00303042 -0.33676267 -0.26415139
v 0.01412834 -0.33834246 -0.26177132
v 0.01412451 -0.33437496 -0.26968616
v 0.02577915 -0.33647233 -0.26386547
v 0.02382121 -0.34737676 -0.24114859
v 0.03500242 -0.34342390 -0.24771604
v 0.03239945 -0.34863883 -0.23718536
v 0.02345997 -0.35161632 -0.23122784
v 0.04027078 -0.35657457 -0.21752292
v 0.04993297 -0.34244433 -0.24820299
v 0.05262447 -0.34782189 -0.23678887
v 0.06303805 -0.34447300 -0.24115752
v 0.04491217 -0.35657132 -0.21699646
v 0.06318299 -0.35038030 -0.22881660
v 0.04270466 -0.33714509 -0.25998056
v 0.05522191 -0.33425206 -0.26166582
v 0.07127358 -0.33526570 -0.25569847
v 0.07127309 -0.32788715 -0.26968631
v 0.09499512 -0.33039662 -0.25785166
v 0.07870798 -0.34284729 -0.24116293
v 0.09733232 -0.33299354 -0.25292563
v 0.09196474 -0.34373921 -0.23477450
v 0.07857835 -0.34956038 -0.22720215
v 0.10167877 -0.33164096 -0.25360104
v 0.10641698 -0.34110385 -0.23346747
v 0.12632847 -0.33212963 -0.24117638
v 0.12750605 -0.34316170 -0.21449463
v 0.09984193 -0.33038729 -0.25663993
v 0.10297700 -0.32953644 -0.25700033
v 0.12841362 -0.32974222 -0.24474692
v 0.12840104 -0.31706330 -0.26971567
v 0.13007712 -0.33127618 -0.24117675
v 0.15660603 -0.32871726 -0.22730851
v 0.12915520 -0.34295779 -0.21408972
v 0.15730910 -0.32856917 -0.22723506
v -0.24314860 -0.30333433 -0.21468353
v -0.22080612 -0.31700206 -0.21591708
v -0.24634400 -0.27262208 -0.25726956
v -0.24540648 -0.27550387 -0.25345358
v -0.24988540 -0.28450471 -0.23384818
v -0.24545428 -0.29963103 -0.21744256
v -0.22067848 -0.29960489 -0.24136838
v -0.23696925 -0.28344515 -0.24947074
v -0.23192877 -0.29351753 -0.23833504
v -0.22679359 -0.29543141 -0.24137536
v -0.23681980 -0.29962242 -0.22549431
v -0.22313958 -0.30534622 -0.22989826
v -0.22710089 -0.29783171 -0.23781718
v -0.24317689 -0.27440530 -0.25736597
v -0.20529446 -0.30954105 -0.24135272
v -0.21459039 -0.31735411 -0.21973884
v -0.20468320 -0.30394936 -0.25007030
v -0.19509028 -0.31003708 -0.24656820
v -0.17932539 -0.31473011 -0.24889898
v -0.18892983 -0.32233343 -0.22995788
v -0.18437776 -0.32484579 -0.22869290
v -0.19454473 -0.32388604 -0.22280073
v -0.18601879 -0.32813838 -0.22008201
v -0.18602206 -0.32573766 -0.22585069
v -0.18324910 -0.32675001 -0.22566204
v -0.21399558 -0.28592309 -0.26868257
v -0.21826769 -0.28347909 -0.26810154
v -0.21461548 -0.28503343 -0.26938212
v -0.21461570 -0.28465614 -0.26992261
v -0.21419492 -0.28509295 -0.26971146
v -0.18821006 -0.29956675 -0.26553902
v -0.18483666 -0.29956248 -0.26748410
v -0.15862104 -0.32574856 -0.24129145
v -0.16061349 -0.31066784 -0.26353395
v -0.18346170 -0.29827467 -0.26987791
v -0.18603602 -0.29796827 -0.26908436
v -0.15366933 -0.32810226 -0.23940286
v -0.15657030 -0.32636487 -0.24128853
v -0.15743937 -0.32711869 -0.23931630
v -0.15745625 -0.30711609 -0.26984233
v -0.15502720 -0.31139424 -0.26498878
v -0.14936453 -0.30977181 -0.26983115
v -0.12885106 -0.32807949 -0.25166833
v -0.12974821 -0.32629237 -0.25463563
v -0.12812845 -0.32662922 -0.25480291
v -0.12885500 -0.32481864 -0.25715798
v -0.12477294 -0.32807633 -0.25348613
v -0.12365955 -0.32547987 -0.25811619
v -0.15036854 -0.33886117 -0.21625505
v -0.12882823 -0.34275901 -0.21965162
v -0.07163262 -0.35312524 -0.21440244
v 0.09985955 -0.35063893 -0.21558979
v 0.13471745 -0.32795143 -0.24432734
v 0.13441803 -0.31667551 -0.26671347
v 0.15699358 -0.32794023 -0.22853954
v 0.15251213 -0.31901184 -0.25099665
v 0.16300976 -0.31587407 -0.24944292
v 0.15697312 -0.31150621 -0.26367304
v 0.15848929 -0.32793987 -0.22766893
v 0.15699548 -0.32916600 -0.22630851
v 0.15869589 -0.32878962 -0.22607300
v 0.17922518 -0.31527099 -0.24121642
v 0.17854178 -0.30664167 -0.25576335
v 0.16723682 -0.30449963 -0.26974925
v 0.19532788 -0.30838922 -0.24123619
v 0.18556902 -0.32015592 -0.22568798
v 0.18554594 -0.29632980 -0.26977098
v 0.19588777 -0.30330834 -0.24913189
v 0.20238055 -0.30443215 -0.24378014
v 0.20370613 -0.30707154 -0.23739222
v 0.19704215 -0.31937575 -0.21841937
v 0.21415292 -0.31199607 -0.21902491
v 0.19843295 -0.29151517 -0.26978800
v 0.21561334 -0.29935515 -0.24126196
v 0.20449254 -0.29935619 -0.25054786
v 0.22535409 -0.29322323 -0.24433602
v 0.22643793 -0.29538393 -0.23929016
v 0.23302928 -0.29014319 -0.24127984
v 0.22450417 -0.29935440 -0.23343076
v 0.23272333 -0.29506424 -0.23270246
v 0.21411806 -0.28762919 -0.26394635
v 0.23028669 -0.27886498 -0.26362523
v 0.24270725 -0.27689540 -0.25350344
v 0.24270561 -0.26491487 -0.26983941
v 0.24760911 -0.28057083 -0.24129322
v 0.24796131 -0.29030132 -0.22319204
v -0.27871814 -0.26029167 -0.21640052
v -0.30234674 -0.21808493 -0.22931020
v -0.27967185 -0.23613785 -0.25415841
v -0.28069368 -0.24249083 -0.24146983
v -0.29302645 -0.22845399 -0.23447593
v -0.28379250 -0.23805670 -0.24147677
v -0.28124273 -0.24726418 -0.23194051
v -0.28396490 -0.24045028 -0.23738800
v -0.27678385 -0.23071004 -0.27003479
v -0.25040951 -0.27104244 -0.25207603
v -0.26086488 -0.27105775 -0.23599397
v -0.26677051 -0.26113147 -0.24143876
v -0.27172649 -0.26338023 -0.22607902
v -0.25065970 -0.26729685 -0.25943479
v -0.27174121 -0.23847273 -0.27002031
v -0.26692456 -0.25194296 -0.26037264
v -0.26179650 -0.25177830 -0.26999652
v -0.26198339 -0.28048784 -0.21773368
v -0.28417379 -0.22197284 -0.26383236
v 0.25464109 -0.27078336 -0.24725634
v 0.26676160 -0.27079070 -0.22930303
v 0.25087222 -0.26058194 -0.26576930
v 0.25981230 -0.24795485 -0.26985511
v 0.26514021 -0.25848502 -0.24943489
v 0.26997697 -0.26814005 -0.22836253
v 0.26714373 -0.27287254 -0.22495563
v 0.26967639 -0.26997834 -0.22622381
v 0.27130723 -0.27079365 -0.22325103
v 0.27130499 -0.26844501 -0.22586572
v 0.26698986 -0.24006714 -0.26986247
v 0.28227022 -0.24222000 -0.24131872
v 0.26888320 -0.24221712 -0.26504606
v 0.28368303 -0.23840541 -0.24322706
v 0.28444508 -0.23992665 -0.24017441
v 0.29233259 -0.22876418 -0.24132605
v 0.28411928 -0.24222085 -0.23837404
v 0.28946045 -0.23836888 -0.23361020
v 0.27129313 -0.23672901 -0.26712301
v 0.28655589 -0.22128415 -0.26322383
v 0.29989153 -0.21602988 -0.24605028
v 0.29989317 -0.20098898 -0.26989147
v 0.30152056 -0.21692549 -0.24133295
v 0.30328104 -0.23134303 -0.21953361
v -0.32050338 -0.18536757 -0.24155058
v -0.33390495 -0.16710448 -0.24156204
v -0.33433485 -0.17668000 -0.22417197
v -0.30508363 -0.21394758 -0.22965376
v -0.31678444 -0.18988989 -0.24154764
v -0.31663349 -0.18747558 -0.24576780
v -0.30403492 -0.18723372 -0.27009389
v -0.30027905 -0.21393904 -0.23835883
v -0.30922884 -0.19598246 -0.24684492
v -0.29706547 -0.20749775 -0.25258744
v -0.30026776 -0.19511998 -0.26520300
v -0.29372704 -0.21392396 -0.25251406
v -0.29220733 -0.20987996 -0.25983164
v -0.30599922 -0.21681681 -0.22438499
v -0.30027682 -0.22655857 -0.22093165
v -0.31560278 -0.20627728 -0.21959002
v -0.31942201 -0.18045235 -0.25136572
v -0.30924642 -0.18084507 -0.27010068
v -0.32876647 -0.16431244 -0.25660634
v -0.32876247 -0.15386669 -0.27012336
v -0.32180387 -0.16757475 -0.26662683
v -0.32192576 -0.19279626 -0.22673212
v 0.30344045 -0.21367493 -0.24310498
v 0.30696586 -0.21368213 -0.23780629
v 0.30105704 -0.19997343 -0.26931122
v 0.30180860 -0.19843724 -0.26989266
v 0.31856978 -0.19387132 -0.24571353
v 0.32142600 -0.19957966 -0.23413295
v 0.31253317 -0.22167382 -0.21909618
v 0.32024533 -0.20958728 -0.22295167
v 0.32850522 -0.21373194 -0.20290732
v 0.32850051 -0.20038632 -0.22041407
v 0.31542966 -0.17860346 -0.26990169
v 0.32675642 -0.18514943 -0.24135232
v 0.32030755 -0.18513592 -0.25354230
v 0.33251870 -0.16461459 -0.25162807
v 0.33715409 -0.17388424 -0.23572281
v 0.33517456 -0.18516839 -0.22612640
v 0.32850361 -0.16432866 -0.25950351
v 0.33256024 -0.15861842 -0.25766230
v -0.34821790 -0.13867709 -0.24679232
v -0.33849829 -0.15679099 -0.24644215
v -0.33547011 -0.14586523 -0.26676112
v -0.35101283 -0.14429861 -0.23353910
v -0.34403092 -0.15680268 -0.23391373
v -0.34493572 -0.16298765 -0.22112003
v -0.35726136 -0.15682647 -0.20917639
v -0.35724962 -0.14291523 -0.22035201
v -0.35015047 -0.15325104 -0.22373664
v -0.35931456 -0.10067672 -0.25688025
v -0.35550153 -0.12821856 -0.24156748
v -0.35962927 -0.10442819 -0.25344965
v -0.36365759 -0.11251287 -0.23372257
v -0.36282074 -0.12823245 -0.22418997
v -0.34951267 -0.12821355 -0.25462234
v -0.33759272 -0.13806611 -0.27012300
v -0.34456134 -0.12185124 -0.27011961
v -0.35724136 -0.10473162 -0.25838685
v 0.33621153 -0.15659955 -0.25179353
v 0.33411074 -0.15379685 -0.25843674
v 0.34541741 -0.15661527 -0.23553783
v 0.34778306 -0.16625306 -0.21747251
v 0.34873742 -0.13989833 -0.24137807
v 0.34737048 -0.13260758 -0.25047761
v 0.34877831 -0.12210749 -0.25328282
v 0.35394061 -0.12806623 -0.24138537
v 0.33643338 -0.13199237 -0.26991978
v 0.33907422 -0.12277236 -0.26992574
v 0.35710844 -0.14525825 -0.21863399
v 0.36003062 -0.14382064 -0.21429187
v 0.34581554 -0.10812616 -0.26429313
v 0.35712522 -0.10258843 -0.24756168
v 0.35993782 -0.10513446 -0.24140438
v 0.35977840 -0.13969491 -0.21816368
v 0.36368930 -0.12036572 -0.22597493
v -0.36037982 -0.09963781 -0.25426945
v -0.36678421 -0.09964620 -0.23207664
v -0.35969687 -0.09840542 -0.25707287
v -0.36221325 -0.08964873 -0.25085473
v -0.35721484 -0.07276651 -0.26927465
v -0.36700040 -0.08003666 -0.23709473
v -0.36994818 -0.10602520 -0.22093356
v -0.37046403 -0.09302062 -0.22067422
v -0.35999197 -0.04390052 -0.25726828
v -0.36633199 -0.07106476 -0.24157587
v -0.36257160 -0.05327097 -0.25047511
v -0.36763051 -0.06339184 -0.23774654
v -0.36851007 -0.07106784 -0.23565489
v -0.35710746 -0.07106455 -0.26991346
v -0.35699666 -0.07117321 -0.27012545
v -0.35702962 -0.07097256 -0.27012554
v -0.35721177 -0.06954397 -0.26936638
v 0.34786689 -0.08984707 -0.26532272
v 0.35214019 -0.08022582 -0.25997537
v 0.35371277 -0.06010982 -0.26309451
v 0.36394554 -0.07095374 -0.24143645
v 0.34703416 -0.08016622 -0.26995689
v 0.35017747 -0.06015079 -0.26998019
v 0.35713083 -0.09561411 -0.24919373
v 0.36046910 -0.09951228 -0.24307649
v 0.36310804 -0.09951514 -0.23842168
v 0.36231244 -0.08916451 -0.24141949
v 0.37081042 -0.10696816 -0.21969664
v 0.37381390 -0.09358520 -0.22120595
v 0.35191426 -0.05403643 -0.26736307
v 0.35716838 -0.05123348 -0.25913960
v 0.36563408 -0.05934075 -0.24145305
v 0.36787099 -0.07451732 -0.23432317
v 0.36831725 -0.06784298 -0.23521489
v -0.36112797 -0.04249618 -0.25389060
v -0.36913577 -0.04250210 -0.23330286
v -0.36014897 -0.04101067 -0.25735030
v -0.36145568 -0.03392622 -0.25158793
v -0.35717201 -0.01936258 -0.26745069
v -0.36655590 -0.02369677 -0.23673192
v -0.37266976 -0.05026355 -0.21956864
v -0.37307918 -0.03454790 -0.21936843
v -0.36081901 0.01278997 -0.25775439
v -0.36381742 -0.01393958 -0.24161454
v -0.36211756 0.00468505 -0.25094342
v -0.36606979 -0.00323204 -0.23626900
v -0.36724341 -0.01394351 -0.23325135
v -0.35666594 -0.01393388 -0.26916224
v -0.35636219 -0.01433800 -0.27016944
v -0.35632500 -0.01351109 -0.27017033
v -0.35716671 -0.00940354 -0.26790991
v 0.35308325 -0.03015702 -0.26795724
v 0.35483775 -0.02574061 -0.26529849
v 0.35464776 -0.00212663 -0.26488701
v 0.36896566 -0.01383488 -0.24149719
v 0.35182205 -0.02541183 -0.27001554
v 0.35136923 -0.00247590 -0.27003646
v 0.35719079 -0.03259143 -0.26104629
v 0.36597198 -0.04239256 -0.24586587
v 0.37222454 -0.04239973 -0.23395020
v 0.36886889 -0.01905327 -0.24149272
v 0.37808540 -0.04623044 -0.22337139
v 0.37807748 -0.03857651 -0.22337061
v 0.38572729 -0.04241883 -0.20504044
v 0.35235980 0.00288776 -0.26760831
v 0.35722834 0.00616126 -0.25863737
v 0.36825752 -0.00737311 -0.24150324
v 0.37028733 -0.01503069 -0.23910788
v 0.37019473 -0.01254730 -0.23892091
v -0.24013694 0.01983850 0.43211979
v -0.24250416 0.04304239 0.41580141
v -0.36212125 0.01462333 -0.25343281
v -0.36847889 0.01461089 -0.23302913
v -0.36085159 0.01647730 -0.25777537
v -0.35923916 0.04213435 -0.27022779
v -0.36506784 0.03047859 -0.24800557
v -0.36849648 0.03734146 -0.23874712
v -0.37280428 0.00676855 -0.21952429
v -0.37504297 0.02355464 -0.21840926
v -0.35901955 0.04412424 -0.27023003
v -0.36115819 0.06972368 -0.25797442
v -0.36783290 0.04317230 -0.24166733
v -0.36283779 0.04317949 -0.25882408
v -0.36580402 0.05438914 -0.24728164
v -0.36883676 0.04831577 -0.23909746
v -0.36915809 0.04316989 -0.23716375
v 0.35016620 0.02546749 -0.26652414
v 0.35230976 0.03395155 -0.26019785
v 0.35040316 0.05071039 -0.25639120
v 0.36047989 0.04328135 -0.24154760
v 0.35377672 0.06489646 -0.24156426
v 0.34437364 0.03545431 -0.27007294
v 0.34044015 0.04915430 -0.27008566
v 0.35724032 0.02163118 -0.25532025
v 0.36434242 0.01472676 -0.24507889
v 0.36957812 0.01472109 -0.23534340
v 0.36351335 0.02729134 -0.24153459
v 0.37697649 0.01031664 -0.22284427
v 0.37570924 0.01974405 -0.22221877
v 0.34042147 0.06599029 -0.26169154
v 0.36657414 0.03834084 -0.23167506
v 0.36455566 0.05023046 -0.22765236
v -0.36335316 0.07173179 -0.25285548
v -0.36998945 0.07172121 -0.23383647
v -0.36074448 0.07353909 -0.25776863
v -0.36235267 0.08216414 -0.25075191
v -0.35713530 0.08454979 -0.26237005
v -0.36611241 0.08967992 -0.23639223
v -0.37752098 0.06151596 -0.21719572
v -0.37482607 0.08055966 -0.21855465
v -0.36232620 0.10028405 -0.24169146
v -0.36072850 0.12166349 -0.23099755
v -0.36605489 0.10027871 -0.23097417
v -0.35359043 0.10029277 -0.26315156
v -0.35207659 0.11874539 -0.25089949
v -0.35187113 0.09766173 -0.27023536
v -0.34973523 0.10399477 -0.27023292
v -0.34664124 0.12361653 -0.26119131
v 0.32479843 0.09845242 -0.27014071
v 0.33954689 0.09355164 -0.24501796
v 0.32870767 0.09287966 -0.26637554
v 0.34773037 0.07184305 -0.24633047
v 0.33729401 0.07614020 -0.26013702
v 0.34139058 0.09724320 -0.24001627
v 0.35254583 0.07184004 -0.23921998
v 0.32396534 0.10278064 -0.27014685
v 0.32329261 0.12626578 -0.25860563
v 0.33929226 0.10040598 -0.24159920
v 0.32665727 0.10040727 -0.26604748
v 0.32635477 0.12427567 -0.25355297
v 0.33903334 0.10828419 -0.23767111
v 0.34120309 0.10040455 -0.23806603
v 0.35209984 0.09125900 -0.22332868
v 0.35724309 0.06717780 -0.23225439
v 0.35724261 0.08236732 -0.22052190
v 0.36609173 0.06198124 -0.21744943
v 0.35929212 0.08508226 -0.21406582
v 0.35811105 0.08697940 -0.21478036
v -0.29249680 0.07535480 0.46169543
v -0.28413495 0.07162763 0.45006812
v -0.27653033 0.06132833 0.44369534
v -0.27138662 0.06666446 0.43378159
v -0.27841252 0.07162571 0.44018200
v -0.27139801 0.07894175 0.42906019
v -0.29993558 0.07164425 0.47780162
v -0.28920659 0.06626572 0.46333921
v -0.35966575 0.12884867 -0.22866620
v -0.35713637 0.12885134 -0.23375413
v -0.34345052 0.15624149 -0.24225077
v -0.34847695 0.12886222 -0.25162214
v -0.33984125 0.13751024 -0.26457873
v -0.35867286 0.13192141 -0.22893488
v -0.36204952 0.12639058 -0.22494702
v -0.36037129 0.13046476 -0.22578539
v -0.35714516 0.15005000 -0.21679497
v -0.34336862 0.15743807 -0.24165209
v -0.34309027 0.15743817 -0.24212752
v -0.34174955 0.15854119 -0.24385355
v -0.34307131 0.15787624 -0.24187040
v -0.34319222 0.15811689 -0.24131212
v -0.33636811 0.17042673 -0.24163641
v -0.34721375 0.15743452 -0.23294270
v -0.33432537 0.14603496 -0.27020606
v -0.32855988 0.15901902 -0.27019334
v -0.32615215 0.16932274 -0.26536843
v -0.32392955 0.16941784 -0.27018186
v -0.32135522 0.17534219 -0.26657209
v -0.32829612 0.18545330 -0.24161807
v 0.32496279 0.12897208 -0.25403520
v 0.32191288 0.13237217 -0.25930345
v 0.31319243 0.14977071 -0.27018771
v 0.32870096 0.12897009 -0.24630411
v 0.32455435 0.13727862 -0.25176209
v 0.33320323 0.13797539 -0.23186609
v 0.33593690 0.12896638 -0.23097301
v 0.34506142 0.12077510 -0.21916646
v 0.33926487 0.13424493 -0.22207955
v 0.30730662 0.16825493 -0.27019855
v 0.30017269 0.18342523 -0.27020383
v 0.30753785 0.17550698 -0.26652396
v 0.32479340 0.15753686 -0.24165562
v 0.32000262 0.15753722 -0.25278139
v 0.32014969 0.16896337 -0.24737260
v 0.32583007 0.18031509 -0.23029195
v 0.33319476 0.15752992 -0.22207712
v -0.29993179 0.06333548 0.48236886
v -0.30370045 0.07353456 0.48463723
v -0.30520126 0.07165133 0.48915297
v -0.30348188 0.06987396 0.48474723
v -0.30499285 0.06152046 0.49157757
v -0.30916265 0.07166038 0.50077909
v -0.30759504 0.05631350 0.50077713
v -0.27904472 0.04967114 0.45691210
v -0.28872997 0.04867218 0.47224921
v -0.34262931 0.17874873 -0.22009155
v -0.33127126 0.19897097 -0.21438184
v -0.32951406 0.20121758 -0.21486448
v -0.32764500 0.18602435 -0.24208483
v -0.32809758 0.18602395 -0.24137564
v -0.32858160 0.18560444 -0.24078059
v -0.32858658 0.18917933 -0.23530516
v -0.31234276 0.19221079 -0.26203436
v -0.30989283 0.20579074 -0.24598704
v -0.30000842 0.20198092 -0.26380002
v -0.31166476 0.20932311 -0.23893124
v -0.30436033 0.21462625 -0.24156152
v -0.32559001 0.20332490 -0.21906219
v -0.31028289 0.21461682 -0.23350707
v -0.29306123 0.21463883 -0.25619113
v -0.27596578 0.22443894 -0.26105082
v -0.29069337 0.22453505 -0.24647596
v -0.29449904 0.23212259 -0.23279250
v -0.28848886 0.20888381 -0.27009222
v -0.27145225 0.22189456 -0.27005425
v -0.26937264 0.22687179 -0.26588172
v -0.26630121 0.22638406 -0.27004164
v -0.27147380 0.24019089 -0.24757816
v -0.26144177 0.23397675 -0.26502407
v 0.29392120 0.19726562 -0.26707876
v 0.24303567 0.24641117 -0.27011630
v 0.26476374 0.23980220 -0.25930983
v 0.26990035 0.23978138 -0.25417006
v 0.29428664 0.20628178 -0.25842449
v 0.29036367 0.21912831 -0.25057018
v 0.30091515 0.21466337 -0.24166158
v 0.27564377 0.23518723 -0.25188401
v 0.29171950 0.22628935 -0.24164997
v 0.28013590 0.21041495 -0.27019331
v 0.27502757 0.21638252 -0.27018952
v 0.27161855 0.22702786 -0.26400369
v 0.30017287 0.19553931 -0.26051486
v 0.31436980 0.18610090 -0.24876329
v 0.32455143 0.18609558 -0.22949086
v 0.30877560 0.20329937 -0.24166994
v 0.32648078 0.18497418 -0.22628585
v 0.32871842 0.17924583 -0.22398004
v 0.32558474 0.18766476 -0.22583666
v 0.32872313 0.18609156 -0.21915072
v 0.30984744 0.21004856 -0.23245320
v 0.30534959 0.22377497 -0.22342777
v -0.26325777 0.04305558 0.44370627
v -0.25926715 0.03871010 0.44370931
v -0.25903922 0.04111066 0.43982142
v -0.25183132 0.03252470 0.43845189
v -0.26004055 0.04599944 0.43781999
v -0.24491668 0.04304428 0.41933820
v -0.27325085 0.24323368 -0.24237789
v -0.27618128 0.24323037 -0.23914543
v -0.30004966 0.23410583 -0.22271627
v -0.29416260 0.24026582 -0.22430287
v -0.30005711 0.24320164 -0.21355097
v -0.28747422 0.24950671 -0.22094566
v -0.27221575 0.24470779 -0.24148913
v -0.27520293 0.26121911 -0.22034791
v -0.27147812 0.24398968 -0.24299629
v -0.27007717 0.24604262 -0.24148604
v -0.25078392 0.24720086 -0.25966811
v -0.24901058 0.25544786 -0.24963599
v -0.24291021 0.25199625 -0.26007572
v -0.25259864 0.26259589 -0.23684619
v -0.23287512 0.27183667 -0.24141949
v -0.26560277 0.26341361 -0.22470436
v -0.24957317 0.27181828 -0.22617097
v -0.22997722 0.27184013 -0.24407175
v -0.22706458 0.27342489 -0.24457242
v -0.22942708 0.27339503 -0.24219026
v -0.22990312 0.27434435 -0.24016337
v -0.22700346 0.27513710 -0.24140961
v -0.22209281 0.26145416 -0.26994583
v -0.21433157 0.26648420 -0.26993129
v -0.20729594 0.27909112 -0.25581878
v -0.19699898 0.27748567 -0.26989865
v -0.20747310 0.28664219 -0.24137506
v -0.19065413 0.29070985 -0.25076205
v -0.18265328 0.29417086 -0.25247931
v -0.18577498 0.28760239 -0.26202571
v -0.17289686 0.29400522 -0.26202708
v -0.15718952 0.29787362 -0.26984552
v 0.12877497 0.30621433 -0.26979566
v 0.18334611 0.28354442 -0.26482725
v 0.18428859 0.29711339 -0.24136551
v 0.17877427 0.28253967 -0.26993024
v 0.18590009 0.27906772 -0.26995146
v 0.20625652 0.26771477 -0.27001563
v 0.21446407 0.26547357 -0.26686767
v 0.23647256 0.25423479 -0.26681799
v 0.18972749 0.28227603 -0.26231468
v 0.16149171 0.29830602 -0.25767303
v 0.21003182 0.27180982 -0.26115078
v 0.18844922 0.29530352 -0.24137726
v 0.20612067 0.28364873 -0.24735537
v 0.21055906 0.29248729 -0.23108716
v 0.22234130 0.27179977 -0.25432396
v 0.23502478 0.26553029 -0.25404423
v 0.23119438 0.27421418 -0.24635428
v 0.24356988 0.27178085 -0.24153773
v 0.22581853 0.27769575 -0.24443898
v 0.22175422 0.28583199 -0.23444730
v 0.23178333 0.27780476 -0.24150307
v 0.24304089 0.25365284 -0.26239705
v 0.26718867 0.24322666 -0.25366977
v 0.25432250 0.26571846 -0.24156818
v 0.27162763 0.24322519 -0.24902651
v 0.26188177 0.26272583 -0.23705956
v 0.27678412 0.25350460 -0.23248047
v 0.28475204 0.24321947 -0.23391294
v 0.28812343 0.25144982 -0.21911807
v 0.25479341 0.26921168 -0.23644212
v 0.25008622 0.27904686 -0.22699767
v 0.26973408 0.27176666 -0.21686624
v 0.27220649 0.27176592 -0.21415047
v 0.30019304 0.23264006 -0.22051427
v 0.30491635 0.23129058 -0.21546839
v -0.27310139 0.03052345 0.46878496
v -0.29361176 0.04307939 0.48487294
v -0.27581793 0.03101631 0.47225407
v -0.24294209 0.28109872 -0.21752584
v -0.22395030 0.29091495 -0.21764682
v -0.19236986 0.30043584 -0.23036404
v -0.21437770 0.29193699 -0.22443785
v -0.18580404 0.30043879 -0.23706695
v -0.17220233 0.30044383 -0.24881120
v -0.18753497 0.30388719 -0.22880276
v -0.18330085 0.30545953 -0.22958142
v -0.19287650 0.30396676 -0.22356071
v -0.18581192 0.30693501 -0.22383310
v -0.16156608 0.30912739 -0.24131459
v -0.16106002 0.31855410 -0.22041214
v -0.15721565 0.30596089 -0.25231960
v -0.15096813 0.31296390 -0.24130060
v -0.14194897 0.30711502 -0.26221183
v -0.13606469 0.31531996 -0.24812113
v -0.11691517 0.32386202 -0.24382207
v -0.12861042 0.31296280 -0.26177990
v -0.13807775 0.31931698 -0.23643285
v -0.11590292 0.32589456 -0.23967379
v -0.15159811 0.32037482 -0.22402790
v -0.13146138 0.32902586 -0.21834818
v -0.11286726 0.32610503 -0.24123465
v -0.10863647 0.32335055 -0.25257695
v -0.10495190 0.32903123 -0.24122322
v -0.12141038 0.32902834 -0.22714347
v -0.11271375 0.32741117 -0.23799971
v -0.10591690 0.31769660 -0.26976812
v -0.10000566 0.31998661 -0.26975906
v -0.07343405 0.32802024 -0.26972663
v -0.07140827 0.32870013 -0.26955828
v -0.08905271 0.33236232 -0.24785411
v -0.07217199 0.32903230 -0.26820228
v -0.08852830 0.33463550 -0.24119937
v -0.08248399 0.33549809 -0.24442330
v -0.08129194 0.33788148 -0.23676705
v -0.09547056 0.33875573 -0.22177772
v -0.07101846 0.32903230 -0.26894528
v -0.04933751 0.33679634 -0.25668219
v -0.06240630 0.33960995 -0.24645406
v -0.06389786 0.34257984 -0.23439655
v -0.04998706 0.34325802 -0.24115700
v -0.07084959 0.32875305 -0.26972368
v -0.04281057 0.33263701 -0.26970616
v -0.03726359 0.33777034 -0.25862616
v -0.02593204 0.33487710 -0.26969823
v -0.03663030 0.34524804 -0.24114732
v -0.02087345 0.34427848 -0.24876252
v -0.01750953 0.35098886 -0.23015919
v 0.01115703 0.34007052 -0.26324624
v -0.00783139 0.34483856 -0.24904290
v -0.01110954 0.35138190 -0.22996068
v 0.00896086 0.34673154 -0.24114062
v 0.00243700 0.33733106 -0.26969051
v -0.01421352 0.33859748 -0.26490331
v 0.01438523 0.33741069 -0.26968923
v 0.01819449 0.33948177 -0.26208442
v 0.03050409 0.33523288 -0.26969635
v 0.02056931 0.34520662 -0.24114498
v 0.03481302 0.34123152 -0.24726957
v 0.03667629 0.34494931 -0.23317510
v 0.06268671 0.33436430 -0.25194618
v 0.05287194 0.33778644 -0.24556071
v 0.05113908 0.34124857 -0.23502417
v 0.06163565 0.33766270 -0.24116136
v 0.04936669 0.33217239 -0.26970595
v 0.04298595 0.33396780 -0.26721454
v 0.07159096 0.32769203 -0.26972246
v 0.08820865 0.32297340 -0.26973283
v 0.11254487 0.32506791 -0.24313913
v 0.10019166 0.32090586 -0.26572037
v 0.12193028 0.31124640 -0.26636159
v 0.11306827 0.32611349 -0.23979157
v 0.08345260 0.33138537 -0.24602681
v 0.09903115 0.32894534 -0.24118407
v 0.08951836 0.32895109 -0.24842027
v 0.08404326 0.33263314 -0.24116607
v 0.08719002 0.33155584 -0.24247034
v 0.08760642 0.33238804 -0.23945120
v 0.11682674 0.32425535 -0.24121062
v 0.10993919 0.32894248 -0.23212288
v 0.11743854 0.32598799 -0.23531017
v 0.12877534 0.31062910 -0.26172462
v 0.13720688 0.31723124 -0.24125108
v 0.15365946 0.30222210 -0.25741675
v 0.15623674 0.30259058 -0.25447741
v 0.15796483 0.30162609 -0.25496423
v 0.15734148 0.30134919 -0.25606987
v 0.16373543 0.30037791 -0.25240472
v 0.15831421 0.30086690 -0.25607452
v 0.15007719 0.31491697 -0.23426852
v 0.16250224 0.31067139 -0.23217943
v 0.17966045 0.30036861 -0.23822448
v 0.15735595 0.31672746 -0.21883969
v 0.18037401 0.31186584 -0.21556054
v 0.13621061 0.32208723 -0.22754613
v 0.18591920 0.29853934 -0.23771280
v 0.20862356 0.29741538 -0.22420801
v 0.21449991 0.29500380 -0.22448839
v 0.22980222 0.29269594 -0.21955569
v 0.21450599 0.30034748 -0.21544003
v 0.24308102 0.28881413 -0.21847612
v 0.24805826 0.28853846 -0.21545629
v 0.27165166 0.27270237 -0.21350668
v -0.12864806 0.33170438 -0.21406494
v -0.07142341 0.34538972 -0.22080214
v -0.05428701 0.34903571 -0.21833336
v -0.04281336 0.34936416 -0.22470909
v -0.02418298 0.35260078 -0.22189215
v -0.01421028 0.35317284 -0.22466554
v -0.00511190 0.35302731 -0.22232732
v -0.01420943 0.35757390 -0.21051630
v 0.01438723 0.35031492 -0.22666025
v 0.02822328 0.35018080 -0.21950954
v 0.04298646 0.34672406 -0.22147222
v 0.07087398 0.34360835 -0.21296534
v 0.07159200 0.34345984 -0.21302778
v 0.07198217 0.34344405 -0.21280222
v 0.10018845 0.33627722 -0.21629922
v -0.30357769 0.04309184 0.50077629
v -0.29110360 0.03217469 0.49533418
v -0.29307860 0.02822129 0.50077915
v -0.21670681 -0.33245072 -0.18423958
v -0.21457581 -0.33119020 -0.19026789
v -0.21458669 -0.32103682 -0.21280348
v -0.19473353 -0.33251312 -0.20286220
v -0.21170992 -0.33389387 -0.18423602
v -0.19016519 -0.33647531 -0.19433317
v -0.19236994 -0.34091970 -0.17631906
v -0.18019804 -0.33973128 -0.19269401
v -0.17779855 -0.34450275 -0.17811036
v -0.16649677 -0.34630296 -0.18419620
v -0.16402027 -0.34903389 -0.16888627
v -0.18600601 -0.33558851 -0.20221509
v -0.12878919 -0.35922611 -0.15690531
v -0.16670869 -0.33776149 -0.20811328
v -0.15741779 -0.34013355 -0.20822480
v -0.15742165 -0.33844954 -0.21274143
v -0.15300559 -0.34018371 -0.21053390
v -0.14602320 -0.35083508 -0.18418024
v -0.14025065 -0.35096252 -0.18702567
v -0.14092246 -0.35231385 -0.18200150
v -0.14798386 -0.35179257 -0.17442256
v -0.13366608 -0.35666543 -0.16535576
v -0.11328977 -0.35543004 -0.18658981
v -0.11084476 -0.35664660 -0.18415487
v -0.11495157 -0.35576251 -0.18460086
v -0.11482993 -0.35600469 -0.18383533
v -0.11418860 -0.35601231 -0.18415697
v -0.11734959 -0.35665223 -0.17847827
v -0.11410275 -0.35624552 -0.18335037
v -0.11150853 -0.34799278 -0.21269478
v -0.12881905 -0.34678721 -0.20778346
v -0.08816709 -0.36113259 -0.18414071
v -0.10022784 -0.34961703 -0.21268494
v -0.08845966 -0.35917109 -0.18921876
v -0.08360212 -0.36124486 -0.18644512
v -0.06179216 -0.36554426 -0.18858860
v -0.08209578 -0.36424839 -0.18033354
v -0.06392445 -0.36981034 -0.17754051
v -0.07160725 -0.37301257 -0.16380095
v -0.05529733 -0.37702164 -0.16174382
v -0.07959951 -0.35264286 -0.21266551
v -0.07703495 -0.35662228 -0.20186669
v -0.09400189 -0.36472124 -0.16799220
v -0.06869605 -0.35661590 -0.20680688
v -0.05093758 -0.36936021 -0.18413135
v -0.05021672 -0.36370707 -0.19830027
v -0.06732435 -0.35446489 -0.21265443
v -0.07163067 -0.35423163 -0.21146563
v -0.03634911 -0.37181568 -0.18413046
v -0.04301832 -0.37679735 -0.16743460
v -0.04303759 -0.35917091 -0.21263888
v -0.03706514 -0.36492622 -0.20073961
v -0.02322471 -0.36098653 -0.21263218
v -0.02214785 -0.36975193 -0.19069201
v -0.00714563 -0.37057585 -0.19110534
v -0.01444333 -0.36268690 -0.20959178
v -0.01857830 -0.37687168 -0.17400908
v -0.01062498 -0.37753624 -0.17367625
v -0.02577471 -0.37948591 -0.16421974
v -0.01443073 -0.38515061 -0.15095571
v -0.01443272 -0.37979668 -0.16720563
v -0.00507265 -0.38047042 -0.16520840
v 0.00801393 -0.37288395 -0.18412130
v 0.00834676 -0.36507103 -0.20105529
v -0.00608028 -0.36077085 -0.21262936
v 0.02064032 -0.37217009 -0.18411806
v 0.01415277 -0.37797382 -0.16981173
v 0.01414333 -0.35997009 -0.21263072
v 0.02030097 -0.36471653 -0.20035407
v 0.03838201 -0.35874552 -0.21262643
v 0.03434277 -0.36836666 -0.19000116
v 0.05165828 -0.36729071 -0.18946926
v 0.04272547 -0.35905650 -0.21138677
v 0.03736824 -0.37440258 -0.17521498
v 0.04863938 -0.37332946 -0.17574871
v 0.03068876 -0.37911293 -0.16385391
v 0.04274133 -0.38512570 -0.14587331
v 0.04273999 -0.37759617 -0.16609997
v 0.05924797 -0.37687117 -0.16162390
v 0.06297633 -0.36844963 -0.18411724
v 0.06357133 -0.36310875 -0.19719213
v 0.04610473 -0.35826027 -0.21262701
v 0.08096009 -0.36582580 -0.18411949
v 0.07132736 -0.37466621 -0.16325930
v 0.07129560 -0.35635501 -0.21263793
v 0.08040121 -0.36174250 -0.19448358
v 0.08917975 -0.36370480 -0.18769288
v 0.11254707 -0.35977495 -0.18573767
v 0.09058206 -0.36649358 -0.17914723
v 0.11174193 -0.36138797 -0.18168762
v 0.07961719 -0.37496349 -0.15973085
v 0.09990327 -0.37103903 -0.16283445
v 0.12730214 -0.37137580 -0.15617433
v 0.09314997 -0.35318583 -0.21264312
v 0.09496518 -0.35654092 -0.20284981
v 0.10811689 -0.35653046 -0.19618773
v 0.11592180 -0.36002100 -0.18411526
v 0.11596068 -0.35831442 -0.18769071
v 0.13633335 -0.35650963 -0.18411535
v 0.12162557 -0.34564298 -0.21264572
v 0.09986258 -0.35265625 -0.21070708
v 0.12848268 -0.37119165 -0.15639715
v 0.12843326 -0.34388024 -0.21264568
v 0.12942506 -0.37125504 -0.15605481
v 0.15705341 -0.36472803 -0.15970097
v 0.13695970 -0.35073379 -0.19565442
v 0.13068423 -0.34335905 -0.21264628
v 0.14225575 -0.35551810 -0.18411566
v 0.14368777 -0.35462794 -0.18505345
v 0.14326674 -0.35547292 -0.18360031
v 0.13448203 -0.36478078 -0.16758062
v 0.14223732 -0.35599214 -0.18308973
v 0.14423695 -0.35650384 -0.18115126
v 0.16651790 -0.34690037 -0.18891588
v 0.16829039 -0.35042945 -0.18109332
v 0.17708132 -0.34497726 -0.18413204
v 0.16483614 -0.35649341 -0.17114627
v 0.17714664 -0.35067818 -0.17251086
v 0.15701638 -0.34085506 -0.20483854
v 0.17238963 -0.33561876 -0.20607480
v 0.18559445 -0.33458456 -0.19743656
v 0.18558082 -0.32763377 -0.21267852
v 0.19066770 -0.33805060 -0.18414256
v 0.21125945 -0.33378381 -0.17281090
v 0.19062844 -0.34721613 -0.16560787
v 0.21608312 -0.33171493 -0.17178087
v -0.26275507 -0.29966435 -0.18429834
v -0.27726185 -0.28223199 -0.18433172
v -0.27694577 -0.29066893 -0.16628483
v -0.25941980 -0.30367598 -0.18429230
v -0.25959212 -0.30183455 -0.18864441
v -0.24698758 -0.30155548 -0.21283655
v -0.25342649 -0.30763373 -0.18827435
v -0.23863319 -0.31919152 -0.19403772
v -0.24314550 -0.30680290 -0.20924705
v -0.22411741 -0.32818639 -0.18901795
v -0.22557893 -0.31940019 -0.20731394
v -0.25193352 -0.31060264 -0.17880633
v -0.23993096 -0.32183039 -0.17316657
v -0.22729710 -0.32819223 -0.17788073
v -0.24311611 -0.32102814 -0.16638777
v -0.23694448 -0.32512212 -0.16688794
v -0.26207823 -0.29499915 -0.19361237
v -0.25157160 -0.29542577 -0.21284613
v -0.27171534 -0.27927220 -0.20068491
v -0.27171981 -0.27120990 -0.21288693
v -0.26535988 -0.28218442 -0.20969304
v -0.26122350 -0.30348355 -0.17665952
v -0.21455665 -0.33563745 -0.16932289
v -0.20823175 -0.33930171 -0.15882377
v -0.18597075 -0.34545809 -0.16128364
v 0.20349014 -0.32792580 -0.19309425
v 0.20410952 -0.32290038 -0.20344847
v 0.21417993 -0.32792658 -0.18246193
v 0.21164882 -0.32288548 -0.19591731
v 0.21772298 -0.32082364 -0.19489126
v 0.21416336 -0.31894422 -0.20292446
v 0.22174677 -0.32793063 -0.17367019
v 0.21419317 -0.33616489 -0.16577183
v 0.22187933 -0.33177322 -0.16605358
v 0.23676038 -0.31593522 -0.18418011
v 0.23699871 -0.30789644 -0.20123890
v 0.22894073 -0.30674648 -0.21272585
v 0.25336611 -0.30674291 -0.18419600
v 0.24277383 -0.32013837 -0.16859318
v 0.24274057 -0.29895416 -0.21273586
v 0.25316063 -0.30325523 -0.19196564
v 0.25876278 -0.30278820 -0.18590857
v 0.25960958 -0.30447859 -0.18165193
v 0.25255328 -0.31854901 -0.16052744
v 0.27136087 -0.30798328 -0.15995611
v 0.25505492 -0.29123458 -0.21274745
v 0.26507396 -0.29937783 -0.18420833
v 0.26034468 -0.29937038 -0.19078574
v 0.27881593 -0.28576827 -0.19102570
v 0.28095043 -0.29001784 -0.17953993
v 0.27757576 -0.29939848 -0.16809320
v 0.29858255 -0.28650638 -0.15841711
v 0.27132246 -0.28387743 -0.20502160
v 0.28128567 -0.27578789 -0.20347247
v 0.30050403 -0.28570828 -0.15681678
v -0.32922924 -0.21489646 -0.18444854
v -0.33055341 -0.23009549 -0.15945350
v -0.29299092 -0.25654784 -0.19136976
v -0.28332984 -0.27110535 -0.19015756
v -0.28150114 -0.26169541 -0.20801435
v -0.29533285 -0.26128572 -0.17500910
v -0.28813559 -0.27112365 -0.17613497
v -0.28750190 -0.27750385 -0.16369367
v -0.30024216 -0.26032031 -0.16469021
v -0.29381004 -0.26791725 -0.16686487
v -0.32878155 -0.21457262 -0.18560047
v -0.31397319 -0.22083293 -0.20555577
v -0.30622947 -0.24255371 -0.18439749
v -0.32731539 -0.21693282 -0.18444462
v -0.31047234 -0.23443267 -0.18846510
v -0.31167328 -0.23685083 -0.18155569
v -0.32399690 -0.23308498 -0.16544098
v -0.30992204 -0.24256635 -0.17519784
v -0.29653543 -0.24252972 -0.20545991
v -0.28897515 -0.24817191 -0.21292436
v -0.29515576 -0.23995969 -0.21293753
v -0.30027223 -0.23522264 -0.20929527
v 0.29807889 -0.27084115 -0.18516512
v 0.28936362 -0.26179615 -0.20751514
v 0.29890344 -0.27084291 -0.18373816
v 0.29944438 -0.26989049 -0.18424717
v 0.29667041 -0.25330156 -0.20632190
v 0.29261714 -0.25288910 -0.21278122
v 0.30267617 -0.26534224 -0.18425004
v 0.29993117 -0.27682313 -0.17231536
v 0.29992181 -0.27025574 -0.18307085
v 0.29990360 -0.24156998 -0.21278585
v 0.30948657 -0.24700104 -0.19368966
v 0.31577599 -0.24540758 -0.18581511
v 0.31677824 -0.24741150 -0.18170659
v 0.30187565 -0.28418601 -0.15666525
v 0.31558678 -0.26441529 -0.16352811
v 0.32852414 -0.24990101 -0.15950848
v 0.30741712 -0.23173025 -0.21279055
v 0.31920394 -0.24229996 -0.18426217
v 0.31653455 -0.24229304 -0.18889003
v 0.32967475 -0.21607012 -0.19736888
v 0.33447719 -0.22567764 -0.17595343
v 0.33222336 -0.24233258 -0.16311799
v 0.32850578 -0.21588713 -0.19960980
v 0.32992023 -0.21444222 -0.19923972
v -0.34675711 -0.19289806 -0.18820229
v -0.32977253 -0.21399759 -0.18494622
v -0.34998745 -0.19938013 -0.17750919
v -0.33130080 -0.21400058 -0.18318959
v -0.33729732 -0.22404417 -0.16016330
v -0.35729170 -0.19917697 -0.16278014
v -0.34896234 -0.20985612 -0.16602264
v -0.36201033 -0.15921150 -0.20112447
v -0.35593045 -0.18543130 -0.18447724
v -0.36198547 -0.16628700 -0.19403517
v -0.36535025 -0.17302522 -0.17828608
v -0.36363035 -0.18544757 -0.16863325
v -0.34811985 -0.18541901 -0.19467574
v -0.33367074 -0.19478896 -0.20321465
v -0.34105670 -0.17726994 -0.21301429
v -0.35726848 -0.16396032 -0.20230885
v -0.32878098 -0.21166237 -0.18910646
v -0.32338598 -0.20238511 -0.21029672
v -0.32877511 -0.19176303 -0.21300749
v -0.32693803 -0.19783679 -0.20931652
v -0.32512110 -0.19784498 -0.21300355
v 0.33145699 -0.21373954 -0.19706261
v 0.33070141 -0.21264119 -0.19962953
v 0.34225720 -0.21377179 -0.17686111
v 0.34522915 -0.22213149 -0.16166052
v 0.34810156 -0.19577922 -0.18427530
v 0.34707147 -0.18945883 -0.19278122
v 0.34979770 -0.17822386 -0.19822446
v 0.35352987 -0.18521599 -0.18427718
v 0.33834434 -0.19009194 -0.21280882
v 0.34399030 -0.17745396 -0.21281451
v 0.35710812 -0.20194775 -0.16059457
v 0.35975853 -0.20084773 -0.15706277
v 0.35046253 -0.16759697 -0.20950297
v 0.35711062 -0.16303027 -0.19702926
v 0.35710853 -0.14998791 -0.21283048
v 0.36191773 -0.16626717 -0.18428260
v 0.35958153 -0.19705310 -0.16067676
v 0.36417824 -0.17802036 -0.16985136
v 0.19346075 0.01466240 0.49719349
v 0.19662642 0.01466510 0.50109029
v -0.37924910 -0.12826067 -0.18448931
v -0.38817188 -0.11639963 -0.16076501
v -0.36570379 -0.15683913 -0.19453055
v -0.37226945 -0.15685034 -0.17771836
v -0.37683168 -0.13890028 -0.18448788
v -0.36346614 -0.15372434 -0.20185484
v -0.37553650 -0.13228166 -0.19252774
v -0.36688101 -0.13306867 -0.21302235
v -0.37422323 -0.16536036 -0.16173430
v -0.38212147 -0.14441687 -0.15778029
v -0.37617105 -0.12358500 -0.19381267
v -0.36827487 -0.12271170 -0.21302277
v -0.37433338 -0.10823275 -0.20731014
v -0.38048792 -0.11024967 -0.18448968
v -0.38270107 -0.13948578 -0.16211921
v 0.36480674 -0.15666577 -0.18812571
v 0.36955816 -0.15667677 -0.17807356
v 0.36118487 -0.14440024 -0.21079952
v 0.36224875 -0.13979778 -0.21283698
v 0.37429252 -0.13386993 -0.18717769
v 0.37635338 -0.13799800 -0.17936265
v 0.37421343 -0.16242784 -0.16428234
v 0.37751594 -0.15260395 -0.16593373
v 0.38570014 -0.13059162 -0.15697871
v 0.36993480 -0.12021378 -0.21285129
v 0.37782204 -0.10348048 -0.20253043
v 0.37793297 -0.12811592 -0.18430291
v 0.37498099 -0.12810987 -0.19143145
v 0.37881839 -0.11331271 -0.19171157
v 0.38690618 -0.10196996 -0.17124228
v 0.38641381 -0.12813777 -0.15717816
v -0.38923919 -0.11225011 -0.15769161
v -0.39125314 -0.08817306 -0.15871626
v -0.38465941 -0.07110339 -0.18449500
v -0.38986412 -0.08125909 -0.16423829
v -0.39048529 -0.06162346 -0.16553007
v -0.38119301 -0.09967809 -0.18677017
v -0.38233835 -0.09968030 -0.18278176
v -0.38249421 -0.09316391 -0.18449116
v -0.38575882 -0.10709825 -0.16969919
v -0.38574418 -0.09420490 -0.17354237
v -0.37482542 -0.09084349 -0.20756751
v -0.37873590 -0.07837143 -0.19903539
v -0.37438804 -0.07968429 -0.21303253
v -0.37906384 -0.06347126 -0.19972631
v -0.37502116 -0.06215411 -0.21304068
v -0.37663957 -0.05225781 -0.20850787
v -0.38375080 -0.04643952 -0.18450813
v 0.38118395 -0.09954840 -0.19634160
v 0.38000038 -0.09669419 -0.20144841
v 0.38031679 -0.07367197 -0.21289018
v 0.38570353 -0.09956138 -0.17719990
v 0.38240859 -0.09295870 -0.19530894
v 0.38781935 -0.09533447 -0.17215826
v 0.38750619 -0.09956514 -0.17094243
v 0.38778275 -0.10060584 -0.16900142
v 0.38830692 -0.09826481 -0.16874048
v 0.38103715 -0.06863699 -0.21289553
v 0.38953710 -0.07099086 -0.18433446
v 0.38258880 -0.07097947 -0.20664579
v 0.38868192 -0.04834727 -0.19567464
v 0.39289281 -0.05678983 -0.17724195
v 0.39296150 -0.07099953 -0.17028011
v 0.38572037 -0.05242497 -0.20363477
v 0.38801119 -0.04356520 -0.19978386
v 0.17978878 0.02599793 0.47545579
v 0.18566860 0.02594817 0.47849810
v 0.15710084 0.01465200 0.47590947
v 0.14095977 0.02272098 0.46628496
v 0.16492507 0.01074163 0.48289853
v 0.15709716 0.00757790 0.48327047
v 0.16340128 0.00203869 0.49311942
v 0.14586528 0.00902549 0.48117179
v 0.15005919 0.00055711 0.49384409
v -0.39304298 -0.05316041 -0.15963691
v -0.39334220 -0.03210676 -0.15979607
v -0.38355035 -0.01397795 -0.18451700
v -0.39079326 -0.02316251 -0.16618349
v -0.39012492 -0.00414904 -0.16483979
v -0.38347691 -0.04253585 -0.18562010
v -0.38396078 -0.04253723 -0.18364167
v -0.38338923 -0.03792031 -0.18451139
v -0.38569579 -0.04557988 -0.17843637
v -0.38569406 -0.03963317 -0.17869799
v -0.37699014 -0.03259739 -0.20870300
v -0.37854612 -0.02109246 -0.19876289
v -0.37462708 -0.02269709 -0.21306331
v -0.37892941 -0.00645453 -0.19954751
v -0.37534970 -0.00485308 -0.21307233
v -0.37640280 0.00496096 -0.20843393
v -0.38361880 0.01042701 -0.18452530
v 0.38403726 -0.01471041 -0.21294262
v 0.38896653 -0.03594132 -0.19540474
v 0.38574085 -0.02459859 -0.20756495
v 0.38894132 -0.04242254 -0.19703192
v 0.38797170 -0.04129786 -0.19976571
v 0.39331633 -0.02725162 -0.17767328
v 0.39512020 -0.04243147 -0.17477271
v 0.39881867 -0.04898881 -0.16351615
v 0.39963856 -0.03547939 -0.16311443
v 0.38389942 -0.01292783 -0.21294403
v 0.38571128 0.01467798 -0.19870779
v 0.39198479 -0.01386346 -0.18437593
v 0.38482606 -0.01385528 -0.21109402
v 0.38573307 0.01465623 -0.19866422
v 0.39139980 0.00337416 -0.17576715
v 0.39421561 -0.01387037 -0.17277047
v 0.18566039 0.01080652 0.49339080
v 0.18911874 0.00774887 0.50109547
v 0.17942168 0.00219373 0.50109327
v 0.16616604 -0.00349765 0.50108981
v 0.14736250 -0.00483945 0.50107414
v -0.39257413 0.00372233 -0.15941235
v -0.39221957 0.02558017 -0.15923300
v -0.38625491 0.04313448 -0.18453276
v -0.39074787 0.03389198 -0.16607207
v -0.39040819 0.05269387 -0.16539752
v -0.38330984 0.01457903 -0.18571840
v -0.38399851 0.01457765 -0.18367882
v -0.38381645 0.01833298 -0.18452698
v -0.38569295 0.01145982 -0.17829935
v -0.38569534 0.01786388 -0.17794864
v -0.37830991 0.02518380 -0.20939682
v -0.38045278 0.03410482 -0.20261669
v -0.37704641 0.03319754 -0.21309122
v -0.38122225 0.05295713 -0.20416805
v -0.37842411 0.05379714 -0.21310535
v -0.37984043 0.06035142 -0.21018282
v -0.38454887 0.06940277 -0.18454558
v 0.38572323 0.01469975 -0.19867019
v 0.38570160 0.01472643 -0.19871269
v 0.37544233 0.03810191 -0.21299228
v 0.38575482 0.01469968 -0.19851726
v 0.38571480 0.01477992 -0.19864601
v 0.38904426 0.02128304 -0.17341994
v 0.39087409 0.01468916 -0.17268059
v 0.39453220 0.01029042 -0.16571319
v 0.39216655 0.01789837 -0.16690359
v 0.37136519 0.05047381 -0.21300818
v 0.36958146 0.06372567 -0.20684522
v 0.38255680 0.04325221 -0.18443230
v 0.37919527 0.04325860 -0.19984859
v 0.37829980 0.05686958 -0.19126335
v 0.38028923 0.06085140 -0.17564869
v 0.38737136 0.04324012 -0.15910114
v -0.39180225 0.06045015 -0.15903449
v -0.38964087 0.08399485 -0.15796182
v -0.38094184 0.10026096 -0.18455659
v -0.38814747 0.08841754 -0.16089237
v -0.38673794 0.11350924 -0.15806320
v -0.38435173 0.07169367 -0.18521801
v -0.38463098 0.07169291 -0.18401475
v -0.38400087 0.07508063 -0.18454792
v -0.38569528 0.06939313 -0.17995203
v -0.38569504 0.07519535 -0.17753974
v -0.37760770 0.08194543 -0.20907661
v -0.37828815 0.09338676 -0.19831261
v -0.37470877 0.09148161 -0.21312207
v -0.37675402 0.10560478 -0.19523823
v -0.37161973 0.10751560 -0.21312472
v -0.37102896 0.12189234 -0.20578775
v -0.37867174 0.11477110 -0.18455924
v 0.35395569 0.11137597 -0.20647842
v 0.36899483 0.10037158 -0.18450512
v 0.35106814 0.11158329 -0.21306378
v 0.37322447 0.07181621 -0.19247904
v 0.37698019 0.07180618 -0.17458040
v 0.37003753 0.09740806 -0.18450183
v 0.36055204 0.08444985 -0.21138263
v 0.35724235 0.09249564 -0.21304627
v 0.36396432 0.09282476 -0.19960341
v 0.35915494 0.08706583 -0.21304141
v 0.38004270 0.06893931 -0.16731302
v 0.38575402 0.05024364 -0.15936962
v 0.37831792 0.07552844 -0.16645761
v 0.35070229 0.11794949 -0.20979646
v 0.35725164 0.12448537 -0.19343889
v 0.36558014 0.11226328 -0.18451722
v 0.37031770 0.09916717 -0.18209760
v 0.36989880 0.10199258 -0.18126014
v 0.12856457 0.02393893 0.46251941
v 0.11495440 0.02209010 0.46563321
v 0.12856115 0.01614781 0.47247952
v 0.10002583 0.01460915 0.47366148
v 0.08843277 0.02040076 0.46392459
v 0.11221021 0.00851868 0.48064604
v 0.10001583 0.00600556 0.48242766
v 0.10871796 -0.00282560 0.49546868
v 0.08559162 0.00737830 0.47948220
v 0.08788563 -0.00965799 0.49884149
v -0.38687542 0.11512577 -0.15658338
v -0.37486899 0.12883705 -0.18997991
v -0.37776077 0.12883411 -0.18058720
v -0.38570666 0.11651864 -0.15995096
v -0.36764726 0.13409457 -0.20409122
v -0.36781400 0.15016700 -0.18817735
v -0.35714719 0.15539908 -0.21209319
v -0.36891800 0.15237027 -0.18203633
v -0.38273269 0.14162828 -0.15749393
v -0.36622906 0.15741387 -0.18455300
v -0.35858238 0.18316875 -0.17166467
v -0.36840561 0.15741096 -0.17848757
v -0.35646638 0.15742606 -0.21174116
v -0.35234815 0.17636342 -0.19399118
v -0.35621265 0.15695882 -0.21310447
v -0.35559946 0.15820149 -0.21310309
v -0.34665659 0.18075052 -0.20405024
v 0.34569740 0.13745357 -0.20730734
v 0.34824324 0.15225318 -0.19506025
v 0.34722939 0.16175038 -0.19304040
v 0.35380742 0.15750089 -0.18455891
v 0.34982371 0.17116728 -0.18456984
v 0.33923614 0.15225884 -0.21310207
v 0.33720529 0.16177329 -0.21311232
v 0.35725451 0.13130364 -0.18926176
v 0.36019105 0.12893659 -0.18600281
v 0.36166334 0.12893522 -0.18232778
v 0.35971105 0.13384844 -0.18453877
v 0.37164578 0.12184016 -0.16316158
v 0.36917841 0.13723919 -0.16195007
v 0.33578187 0.18255308 -0.20237666
v 0.36367422 0.14961936 -0.16882534
v 0.36023471 0.16880237 -0.16193849
v 0.12855259 0.00577276 0.48333526
v 0.13869163 -0.00564805 0.50106621
v 0.11748507 -0.00749927 0.50104177
v 0.11118449 -0.00777404 0.50103295
v 0.08674861 -0.01193061 0.50099331
v -0.35765842 0.18599245 -0.17049441
v -0.35717258 0.18599290 -0.17156082
v -0.34728283 0.18600377 -0.19385345
v -0.33302647 0.19809182 -0.21084067
v -0.35740814 0.18646310 -0.17048614
v -0.35588452 0.18857317 -0.17153648
v -0.35816669 0.18549496 -0.16975546
v -0.35770866 0.18626031 -0.16998379
v -0.35717371 0.18797565 -0.16925880
v -0.33998382 0.20874891 -0.18449204
v -0.33252677 0.20422217 -0.20521152
v -0.33717763 0.21458429 -0.18448536
v -0.34039402 0.21207394 -0.17947827
v -0.33876002 0.21872720 -0.17620397
v -0.33037457 0.20119023 -0.21304539
v -0.32860622 0.20380408 -0.21304089
v -0.32283941 0.22310731 -0.20146501
v -0.31633151 0.22274950 -0.21301158
v -0.31152821 0.23745140 -0.20444822
v -0.32431471 0.23454803 -0.18445589
v 0.31982353 0.21019134 -0.21312881
v 0.33507591 0.19876695 -0.19251232
v 0.32873029 0.19753334 -0.20457622
v 0.34060884 0.18607497 -0.19291171
v 0.33467746 0.18906035 -0.20182920
v 0.33832508 0.20524742 -0.17989138
v 0.34716517 0.18606433 -0.17951897
v 0.35133111 0.19735008 -0.15900241
v 0.31083778 0.22360590 -0.21311525
v 0.30019975 0.23921478 -0.21309948
v 0.30720335 0.23243055 -0.20960812
v 0.33196193 0.21463239 -0.18458015
v 0.32259762 0.21464339 -0.20084268
v 0.32046738 0.22663073 -0.19057074
v 0.32395568 0.23358989 -0.17509733
v 0.33739394 0.21462500 -0.17333680
v 0.35727495 0.17580074 -0.16408500
v 0.36062101 0.17343672 -0.15769213
v -0.33772290 0.23342529 -0.16046673
v -0.31472492 0.24318269 -0.19138798
v -0.32042521 0.24317624 -0.18034691
v -0.32862416 0.23726401 -0.17265818
v -0.30661795 0.24647105 -0.20197822
v -0.30501944 0.25309557 -0.19375134
v -0.30006731 0.25225252 -0.20321624
v -0.30800307 0.25905544 -0.17807417
v -0.32187110 0.25408670 -0.15927844
v -0.29304358 0.27177936 -0.18440138
v -0.30383438 0.27177483 -0.16337794
v -0.28906733 0.27178252 -0.19094309
v -0.28164095 0.27594364 -0.19269203
v -0.28779450 0.27578470 -0.18639416
v -0.28859091 0.27737629 -0.18160602
v -0.28051025 0.28237101 -0.18439233
v -0.28156117 0.26253542 -0.21294020
v -0.27150315 0.26975191 -0.21293165
v -0.26633626 0.28091466 -0.20258167
v -0.25667936 0.27868193 -0.21290939
v -0.26746526 0.29227215 -0.18438178
v -0.24596526 0.29436302 -0.19561571
v -0.24085641 0.29621020 -0.19652949
v -0.24294734 0.29076624 -0.20343363
v -0.23361926 0.29574019 -0.20327076
v -0.21438301 0.29841134 -0.21285018
v 0.18592975 0.31143802 -0.21279678
v 0.29270810 0.25373691 -0.20933545
v 0.24308452 0.29189226 -0.21295279
v 0.25029963 0.28965414 -0.20936623
v 0.26528746 0.28758398 -0.19235523
v 0.26721859 0.29141900 -0.17460498
v 0.28800288 0.26968774 -0.18864202
v 0.28674540 0.27255726 -0.18612143
v 0.28818992 0.27174991 -0.18451186
v 0.28471610 0.27419826 -0.18572630
v 0.28389883 0.27583405 -0.18245594
v 0.28670460 0.27327955 -0.18450810
v 0.28759420 0.27340195 -0.18120018
v 0.27420065 0.27049080 -0.21304417
v 0.27260926 0.27224398 -0.21304066
v 0.27165216 0.27323669 -0.21230166
v 0.30020615 0.25045675 -0.19905353
v 0.31087518 0.24319565 -0.18989772
v 0.31789643 0.24318503 -0.17572385
v 0.30510998 0.25299633 -0.18455043
v 0.32353792 0.24057102 -0.16769345
v 0.32875037 0.23340407 -0.16541965
v 0.31730700 0.24890617 -0.16456327
v 0.32875594 0.24316484 -0.15234751
v 0.30483729 0.26208603 -0.16524202
v 0.07148719 0.02200559 0.45865804
v 0.07147494 0.01059958 0.47238579
v -0.30008146 0.27759030 -0.15877058
v -0.28245789 0.29155555 -0.16131927
v -0.25824073 0.30039096 -0.17773911
v -0.27151886 0.29466265 -0.17297146
v -0.24295308 0.30040005 -0.18807247
v -0.23485771 0.30040395 -0.19457167
v -0.24656862 0.30762449 -0.17369753
v -0.23820019 0.30992767 -0.17483585
v -0.25780347 0.30782256 -0.16268694
v -0.24295855 0.31515104 -0.16272318
v -0.22047591 0.31258315 -0.18432720
v -0.22043306 0.32073909 -0.16785078
v -0.21439002 0.30727994 -0.19802241
v -0.20566830 0.31787610 -0.18430710
v -0.20150226 0.30826998 -0.20639968
v -0.19545081 0.31968704 -0.18894489
v -0.18581754 0.31533971 -0.20598629
v -0.19694436 0.32266870 -0.18113323
v -0.17580456 0.32901108 -0.18426020
v -0.20571807 0.32339007 -0.17311105
v -0.19278312 0.32900301 -0.16964674
v -0.17274623 0.32901239 -0.18667512
v -0.17051053 0.33003712 -0.18629672
v -0.17212868 0.33020028 -0.18484677
v -0.17241944 0.33078134 -0.18337089
v -0.17058580 0.33091000 -0.18425120
v -0.16681708 0.31951833 -0.21278748
v -0.15724000 0.32318413 -0.21277380
v -0.14774516 0.33381370 -0.19379324
v -0.13254651 0.33097205 -0.21273272
v -0.14748700 0.33809099 -0.18421416
v -0.13811961 0.33866745 -0.18901840
v -0.13547137 0.34396049 -0.17673025
v -0.10221529 0.34114262 -0.20834342
v -0.12085819 0.34202397 -0.19066656
v -0.12353878 0.34737179 -0.17500605
v -0.10441722 0.34886304 -0.18414292
v -0.11389723 0.33639348 -0.21270046
v -0.12864828 0.33295119 -0.21076515
v -0.10004038 0.34018847 -0.21267523
v -0.09842547 0.34169918 -0.20944807
v -0.09615812 0.34137553 -0.21266861
v -0.09664017 0.35078412 -0.18412828
v -0.07444469 0.35158375 -0.19536379
v -0.06898113 0.35268140 -0.19590506
v -0.07143483 0.35053453 -0.20188069
v -0.06009479 0.35192633 -0.20400041
v -0.04281558 0.35299534 -0.21259928
v 0.01438968 0.35469320 -0.21259910
v 0.03554530 0.35383490 -0.20204920
v 0.04132691 0.35421529 -0.19666305
v 0.04502064 0.35351449 -0.19631474
v 0.06861547 0.35157877 -0.18407249
v 0.04299707 0.35276446 -0.20072447
v 0.06952354 0.34428430 -0.21157432
v 0.07159250 0.34391272 -0.21128282
v 0.07159209 0.34358400 -0.21260712
v 0.07209811 0.34350193 -0.21235518
v 0.07528795 0.35017213 -0.18407683
v 0.09327118 0.34369242 -0.19145101
v 0.09504305 0.34721845 -0.17497429
v 0.12027607 0.33472514 -0.19566497
v 0.10921464 0.33951056 -0.18938278
v 0.10744777 0.34305614 -0.17706436
v 0.11906128 0.33806738 -0.18412095
v 0.12710874 0.34153169 -0.15899295
v 0.10997483 0.33383623 -0.21265113
v 0.10019104 0.33780670 -0.20821464
v 0.12878141 0.32843274 -0.21268076
v 0.14545256 0.32298696 -0.21271423
v 0.16980307 0.32521167 -0.18606441
v 0.15736371 0.32043090 -0.20848456
v 0.18248770 0.31291968 -0.21106680
v 0.17033152 0.32626337 -0.18287696
v 0.14146870 0.33056012 -0.18739167
v 0.15317087 0.32893553 -0.18417692
v 0.14539264 0.32893932 -0.18876788
v 0.14193080 0.33125821 -0.18415628
v 0.14387880 0.33051658 -0.18494737
v 0.14412117 0.33099815 -0.18313116
v 0.13477936 0.33726025 -0.16753137
v 0.17360097 0.32504985 -0.18421568
v 0.16782190 0.32892835 -0.17651355
v 0.17391551 0.32667628 -0.17972274
v 0.18593277 0.31284299 -0.20920393
v 0.19631985 0.32107341 -0.18426183
v 0.19317161 0.31101853 -0.20919710
v 0.20696840 0.31544533 -0.19101840
v 0.21932226 0.30994120 -0.19379768
v 0.21451402 0.30810225 -0.20246768
v 0.22304678 0.30460486 -0.20287538
v 0.20441295 0.32056785 -0.18011340
v 0.22199759 0.31526250 -0.17751136
v 0.21454284 0.32373136 -0.15832956
v 0.24094078 0.31351277 -0.15689386
v 0.19581503 0.32447630 -0.17540300
v 0.24139288 0.30373210 -0.18437687
v 0.24309582 0.30178541 -0.18730056
v 0.24681383 0.30032420 -0.18625028
v 0.24910770 0.30032045 -0.18139148
v 0.24413541 0.30240059 -0.18438382
v 0.24310282 0.30890283 -0.16720918
v 0.26369482 0.29632133 -0.16616039
v 0.27166644 0.29102841 -0.16553174
v 0.04664736 0.01456002 0.45619538
v 0.04930673 0.01136794 0.46126223
v 0.04407084 0.01225242 0.45690444
v 0.04291205 0.00701561 0.46183285
v 0.04130974 0.01134030 0.45644721
v 0.04292101 0.01455666 0.45465714
v 0.06373501 0.00416265 0.47625077
v 0.04289512 -0.00744311 0.47564563
v -0.18582717 0.33651462 -0.15948963
v -0.16031976 0.34483305 -0.15723035
v -0.15724465 0.34493959 -0.15897118
v -0.15054300 0.34664601 -0.15902331
v -0.12865196 0.34961796 -0.16593146
v -0.11851120 0.35252208 -0.16483809
v -0.12865342 0.35758317 -0.14672726
v -0.08188154 0.35758477 -0.17505005
v -0.10004837 0.35326594 -0.17549889
v -0.07143848 0.35758397 -0.18133172
v -0.05576585 0.35758278 -0.19053024
v -0.07316960 0.36103928 -0.17155698
v -0.06938813 0.36167675 -0.17187200
v -0.08096384 0.36233890 -0.16509190
v -0.07144017 0.36391884 -0.16666530
v -0.04372550 0.37141657 -0.15599351
v -0.04525047 0.36243150 -0.18406752
v -0.04281846 0.36069176 -0.19028160
v -0.04008321 0.36304271 -0.18406464
v -0.04282649 0.37149608 -0.15628175
v -0.01907538 0.36000371 -0.20075133
v -0.01632996 0.36180812 -0.19620751
v -0.01175484 0.36247241 -0.19587556
v -0.01420880 0.36081660 -0.19994339
v -0.00882953 0.36025599 -0.20100722
v -0.01892983 0.36701125 -0.17450145
v -0.00891767 0.36813653 -0.17506364
v -0.04246707 0.37168571 -0.15572372
v -0.01420788 0.37134051 -0.16292055
v 0.01351519 0.37142006 -0.15596673
v 0.01143993 0.36348456 -0.18405852
v 0.01439954 0.36079627 -0.19050987
v 0.03026354 0.35756129 -0.19197541
v 0.01696124 0.36268103 -0.18405892
v 0.01440348 0.37090373 -0.15744008
v 0.04300182 0.35755807 -0.18553771
v 0.04047130 0.36262453 -0.17232223
v 0.04507090 0.36168820 -0.17185576
v 0.05542682 0.35755336 -0.17599718
v 0.01634623 0.37089235 -0.15649301
v 0.04300600 0.36387402 -0.16664270
v 0.05156531 0.36183244 -0.16552812
v 0.07160487 0.35342202 -0.17583989
v 0.08884695 0.35186177 -0.16414982
v 0.10021212 0.34861484 -0.16537586
v 0.15740116 0.33689323 -0.15961373
v 0.07146777 0.00394041 0.47967595
v 0.08489635 -0.01229841 0.50099051
v 0.06302758 -0.00812681 0.48922950
v 0.05053299 -0.01399946 0.48768035
v 0.03391587 -0.00952537 0.47235656
v 0.03930992 -0.01401073 0.47952324
v 0.07982066 -0.01397236 0.50098324
v 0.06008675 -0.01692517 0.49508667
v 0.05295731 -0.02238199 0.49676108
v 0.06106288 -0.02182669 0.50095695
v 0.04922209 -0.02984367 0.50095111
v 0.01745390 0.00831042 0.44375047
v 0.00714277 0.00015140 0.44374943
v 0.01434341 0.01186795 0.43841588
v 0.01435192 0.02081794 0.43117368
v 0.02088031 0.01453742 0.44048241
v -0.00195920 -0.01007345 0.44574273
v 0.02055224 -0.00596324 0.45989764
v 0.00379005 -0.01029060 0.45126879
v 0.01430911 -0.02396113 0.47235316
v -0.00259914 -0.01405337 0.44901013
v -0.00903225 -0.01406023 0.44375134
v -0.00524166 -0.00350040 0.43846738
v 0.01138743 -0.02686408 0.47235379
v -0.01428586 -0.03832328 0.46021438
v 0.03699965 -0.03084427 0.49253508
v 0.04016010 -0.03718626 0.50094867
v 0.01596559 -0.02665951 0.47567332
v 0.01330929 -0.02732601 0.47434419
v -0.01811391 -0.03498184 0.45422232
v -0.03613225 -0.02164606 0.42861500
v -0.02372768 -0.02374122 0.43891770
v -0.02293304 -0.01407009 0.43250906
v -0.07139241 -0.04256434 0.42951223
v -0.04679117 -0.02443476 0.42305052
v -0.07148084 -0.04258667 0.42950112
v -0.15645128 -0.02768920 0.41655463
v -0.18172981 -0.03470424 0.43344009
v -0.18463117 -0.01408260 0.41730770
v -0.15812205 -0.02737844 0.41717356
v -0.22643492 -0.00987802 0.44373205
v -0.21424638 0.00332964 0.42143697
v -0.23720908 0.01448277 0.43224669
v -0.23238748 -0.00636699 0.44758308
v -0.24280381 -0.01117317 0.47082978
v -0.25337729 0.01449255 0.45271069
v -0.25722879 0.00728971 0.46519434
v -0.24719915 0.00571204 0.45360917
v -0.24281314 0.01448651 0.43925652
v -0.24280284 -0.01261262 0.47299153
v -0.26230782 0.00475580 0.47678784
v -0.22664769 -0.01218981 0.44750410
v -0.24154167 -0.01342423 0.47227111
v -0.22214150 -0.01407940 0.44373310
v -0.20706624 -0.02826057 0.44374022
v -0.20610362 -0.02021259 0.43148208
v -0.19207583 -0.02988439 0.43584681
v -0.20968606 -0.00436564 0.42430598
v -0.18774682 -0.01408226 0.41929817
v -0.22319418 -0.01941254 0.45440882
v -0.24184285 -0.01405388 0.47419077
v -0.25147781 -0.01404839 0.48962343
v -0.23841940 -0.01624882 0.47227255
v -0.23634925 -0.02969946 0.49299541
v -0.23773387 -0.03246595 0.50081086
v -0.27136523 0.02760653 0.46989366
v -0.27311388 0.02791489 0.47138053
v -0.27373779 0.02760412 0.47344109
v -0.27136490 0.02492018 0.47225580
v -0.28127518 0.01451258 0.49583519
v -0.28515050 0.01451661 0.50078231
v -0.27136213 0.00766602 0.48712087
v -0.27758697 0.00206470 0.50078624
v -0.25804749 -0.01306436 0.49884006
v -0.25873291 -0.01404418 0.50079924
v -0.25630456 -0.01556757 0.50004035
v -0.25595501 -0.01626726 0.50080103
v -0.25749585 -0.01447474 0.49994054
v -0.25757730 -0.01506819 0.50080007
v -0.07418488 -0.39035431 -0.11542094
v -0.06873539 -0.39092824 -0.11571109
v -0.04573074 -0.39059383 -0.12711352
v -0.04341700 -0.39986494 -0.09939550
v -0.04301666 -0.38848454 -0.13373569
v -0.04301431 -0.38109058 -0.15562163
v -0.01890314 -0.38738650 -0.14360198
v -0.04010398 -0.39098725 -0.12711397
v -0.01636926 -0.38902527 -0.13943781
v -0.01963722 -0.39555860 -0.11804944
v -0.04257608 -0.39990017 -0.09946731
v -0.01238014 -0.38924599 -0.13932657
v -0.00900905 -0.39598638 -0.11826570
v 0.01005655 -0.39332092 -0.12711120
v -0.01442995 -0.38804001 -0.14281473
v -0.00924221 -0.38774019 -0.14395843
v 0.01415242 -0.39009514 -0.13700657
v 0.01415343 -0.38438058 -0.15561995
v 0.03959638 -0.38669762 -0.14291972
v 0.01802811 -0.39288449 -0.12711103
v 0.04160184 -0.38740107 -0.14021486
v 0.03970861 -0.39118937 -0.11586402
v 0.04363846 -0.38691697 -0.14045383
v 0.04521360 -0.39004925 -0.11529198
v 0.04274082 -0.38672069 -0.14214613
v 0.04494508 -0.38622418 -0.14244726
v 0.07132855 -0.37781677 -0.15559664
v 0.12848289 -0.37152135 -0.15558483
v -0.21902969 -0.33721769 -0.12712839
v -0.21453485 -0.33794507 -0.14663237
v -0.21454319 -0.33764952 -0.15567437
v -0.20916256 -0.33977252 -0.15298331
v -0.20701680 -0.34318185 -0.12712023
v -0.19578469 -0.34783643 -0.13155848
v -0.19611095 -0.34850368 -0.12299921
v -0.16970491 -0.35475349 -0.13101111
v -0.16582817 -0.35670608 -0.12710479
v -0.17276163 -0.35450894 -0.12820791
v -0.17265305 -0.35472435 -0.12611435
v -0.17090343 -0.35520077 -0.12710635
v -0.17064498 -0.35569879 -0.12508494
v -0.17160755 -0.34953153 -0.15564682
v -0.18596232 -0.34680369 -0.15070112
v -0.14606854 -0.36268225 -0.12709886
v -0.15738156 -0.35324669 -0.15564045
v -0.14699903 -0.36060923 -0.13493302
v -0.13282076 -0.35868245 -0.15562701
v -0.13952588 -0.36377352 -0.13063854
v -0.12082513 -0.36932707 -0.13341856
v -0.12878793 -0.36024481 -0.15383771
v -0.13742840 -0.36795658 -0.12147068
v -0.12321667 -0.37413025 -0.11838269
v -0.12876968 -0.37549487 -0.10796851
v -0.11777276 -0.37974340 -0.10735114
v -0.15266795 -0.36629826 -0.10793283
v -0.10386370 -0.37789288 -0.12710387
v -0.10290214 -0.36822489 -0.15022443
v -0.11633696 -0.36287376 -0.15562323
v -0.08634590 -0.38520688 -0.12019693
v -0.09751222 -0.37984443 -0.12710387
v -0.10019613 -0.38160244 -0.11988518
v -0.10019899 -0.36716005 -0.15561932
v -0.09826327 -0.36898887 -0.15175930
v -0.09529530 -0.36846894 -0.15561773
v -0.07160529 -0.38518757 -0.13176762
v -0.07319299 -0.38201272 -0.13978079
v -0.07028847 -0.38254976 -0.14004983
v -0.07160603 -0.38113320 -0.14338334
v -0.06153707 -0.38517782 -0.13634516
v -0.06508396 -0.38191929 -0.14461522
v -0.08355770 -0.39118552 -0.10687737
v -0.07160100 -0.39306960 -0.10891680
v -0.01443147 -0.39872524 -0.10608168
v 0.01065556 -0.39767128 -0.10034157
v 0.01415475 -0.39691544 -0.10359140
v 0.06059498 -0.38510776 -0.13243470
v 0.06670798 -0.38510114 -0.12476703
v 0.02063858 -0.39617556 -0.10182296
v 0.04274581 -0.39121133 -0.10978980
v 0.05129863 -0.38938174 -0.10855725
v 0.07087473 -0.38417876 -0.12707236
v 0.07133395 -0.38318190 -0.13090113
v 0.07186735 -0.38403291 -0.12707183
v 0.07133499 -0.38427606 -0.12543148
v 0.08501916 -0.37765154 -0.14876178
v 0.09686138 -0.37897921 -0.13827890
v 0.10318169 -0.37854332 -0.13806388
v 0.09990972 -0.37648690 -0.14561768
v 0.12595735 -0.37204820 -0.15432432
v 0.09894988 -0.38314325 -0.11376332
v 0.10095763 -0.38297832 -0.11384516
v 0.09699015 -0.38360888 -0.11134453
v 0.09990636 -0.38506395 -0.09871244
v 0.09991265 -0.38343075 -0.11198549
v 0.10340039 -0.38332063 -0.11106072
v 0.12595905 -0.37999725 -0.12705810
v 0.12848356 -0.37246692 -0.15222049
v 0.13146649 -0.37909621 -0.12705848
v 0.12848552 -0.38112271 -0.11921605
v 0.13006850 -0.37157553 -0.15479313
v 0.15170628 -0.37434047 -0.13597400
v 0.16374919 -0.37166756 -0.13464309
v 0.15705541 -0.36822870 -0.14972241
v 0.15323809 -0.37739006 -0.11661395
v 0.16205716 -0.37505442 -0.11778096
v 0.14720400 -0.38011268 -0.10787357
v 0.15706354 -0.37851703 -0.10953584
v 0.17523250 -0.37596428 -0.10372242
v 0.17779702 -0.36936122 -0.12705982
v 0.17894295 -0.36407560 -0.14223459
v 0.16880447 -0.36235875 -0.15559071
v 0.19660652 -0.36312729 -0.12706217
v 0.18564919 -0.37364689 -0.10428578
v 0.18562406 -0.35531211 -0.15559801
v 0.19570538 -0.36070114 -0.13549027
v 0.20196795 -0.36055660 -0.12909617
v 0.20248871 -0.36159426 -0.12450983
v 0.19004901 -0.37296242 -0.10071620
v 0.21423364 -0.36413133 -0.10233546
v 0.19874394 -0.34876296 -0.15560618
v 0.21225452 -0.35648856 -0.12706617
v 0.20414826 -0.35648504 -0.13549869
v 0.22445545 -0.34839767 -0.13111702
v 0.22580482 -0.35108942 -0.12436877
v 0.23394758 -0.34563005 -0.12707578
v 0.22222203 -0.35649478 -0.11449455
v 0.23602384 -0.34900954 -0.11208726
v 0.21420459 -0.34458148 -0.14966279
v 0.23018906 -0.33592653 -0.14933428
v 0.24278834 -0.33436877 -0.13992280
v 0.24277987 -0.32678553 -0.15563264
v 0.24741006 -0.33716810 -0.12708631
v 0.24580929 -0.34522957 -0.10450864
v -0.30171010 -0.27417159 -0.11447810
v -0.27929562 -0.29304338 -0.14050567
v -0.27413315 -0.29969293 -0.12718561
v -0.29610270 -0.27937165 -0.11706863
v -0.28201047 -0.29184556 -0.12720904
v -0.28093088 -0.29470214 -0.11720088
v -0.28059477 -0.28987193 -0.15576437
v -0.26286885 -0.31067163 -0.12716080
v -0.27167237 -0.29913384 -0.15574634
v -0.26500583 -0.30730715 -0.14241683
v -0.26127186 -0.30875644 -0.15572381
v -0.24684080 -0.32072991 -0.13767757
v -0.24124697 -0.32452452 -0.13957132
v -0.24309854 -0.32281452 -0.14412208
v -0.23440197 -0.32821128 -0.13707051
v -0.23851009 -0.32592097 -0.14370801
v -0.24645443 -0.32148355 -0.11624348
v -0.24144885 -0.32495755 -0.11450057
v -0.23521779 -0.32821515 -0.11679362
v -0.24307956 -0.32399645 -0.11075828
v -0.23928370 -0.32632402 -0.11097218
v -0.29754764 -0.27249318 -0.14286374
v -0.26701927 -0.30933666 -0.10787529
v -0.21450597 -0.34087402 -0.10179637
v -0.21296991 -0.34171277 -0.09935119
v -0.18593636 -0.35622722 -0.09882734
v 0.25727192 -0.32796115 -0.13433059
v 0.26846465 -0.32798505 -0.11429720
v 0.25754702 -0.32104912 -0.14828163
v 0.26748127 -0.32018250 -0.13749509
v 0.27866483 -0.31343198 -0.13412830
v 0.27137014 -0.31279555 -0.14897425
v 0.27079898 -0.32678327 -0.11343553
v 0.27295554 -0.32488370 -0.11438891
v 0.26652217 -0.33042246 -0.11039129
v 0.27032688 -0.32745093 -0.11229539
v 0.27140993 -0.32799160 -0.10417522
v 0.27140313 -0.32679185 -0.11223507
v 0.28948683 -0.30703440 -0.12713081
v 0.29017317 -0.30393007 -0.13612109
v 0.29818469 -0.29945099 -0.12713669
v 0.29345590 -0.30719912 -0.11163795
v 0.27983621 -0.30364218 -0.15567333
v 0.29994565 -0.28670421 -0.15569912
v 0.30121714 -0.28641993 -0.15316570
v 0.30100381 -0.28567937 -0.15569958
v 0.30419946 -0.28303117 -0.15357763
v 0.30917817 -0.28928688 -0.12714389
v 0.32692468 -0.27420917 -0.11451316
v 0.30832738 -0.29351681 -0.11523724
v 0.32918882 -0.27216384 -0.11348980
v -0.35789233 -0.21532072 -0.11370846
v -0.33402446 -0.23359457 -0.14534900
v -0.33399203 -0.24262546 -0.12731962
v -0.35515004 -0.21831566 -0.11520164
v -0.33962548 -0.23583932 -0.12733185
v -0.33885008 -0.23846710 -0.11900274
v -0.33292082 -0.23039517 -0.15588641
v -0.30520260 -0.27116734 -0.11547896
v -0.32038400 -0.25443196 -0.12728986
v -0.32876703 -0.23345566 -0.15587838
v -0.32088175 -0.24900970 -0.14009246
v -0.31387591 -0.24941981 -0.15584546
v -0.30021924 -0.27115917 -0.13504587
v -0.30138010 -0.26884076 -0.14037518
v -0.29974237 -0.27019602 -0.14105055
v -0.30022404 -0.26908216 -0.14256977
v -0.29899290 -0.27115694 -0.14091370
v -0.29919541 -0.27064210 -0.14204410
v -0.30374077 -0.27293512 -0.11120839
v -0.30020487 -0.27611417 -0.11049615
v -0.31453732 -0.26400205 -0.10582327
v -0.35256913 -0.21641530 -0.14399815
v -0.32546052 -0.25362855 -0.10529219
v 0.32180554 -0.27090544 -0.13806961
v 0.32124189 -0.26725444 -0.14507784
v 0.32856339 -0.27092230 -0.11827646
v 0.32575753 -0.26534694 -0.13865772
v 0.33616552 -0.25568745 -0.13382486
v 0.32853287 -0.25562677 -0.14908007
v 0.33027816 -0.27092668 -0.11372533
v 0.32857120 -0.27315244 -0.11175732
v 0.32994151 -0.27161202 -0.11218578
v 0.33198890 -0.26921967 -0.11116405
v 0.34559351 -0.24787204 -0.12716199
v 0.34565520 -0.24518353 -0.13279496
v 0.34866947 -0.23653391 -0.13883166
v 0.35006705 -0.24237448 -0.12716442
v 0.34767026 -0.24719521 -0.11752369
v 0.33413917 -0.24514320 -0.15572484
v 0.34016168 -0.23653510 -0.15572876
v 0.34979105 -0.22441916 -0.15207189
v 0.35711586 -0.22081041 -0.14117557
v 0.35711092 -0.20630276 -0.15573899
v 0.36169976 -0.22297162 -0.12717648
v 0.36095035 -0.23191550 -0.10623045
v -0.37586877 -0.18548821 -0.12738802
v -0.35870588 -0.21407162 -0.11380540
v -0.37374175 -0.18991214 -0.12738526
v -0.37414235 -0.18809611 -0.13260302
v -0.36640316 -0.19002995 -0.15593359
v -0.35727951 -0.21406293 -0.13024703
v -0.35958511 -0.20944843 -0.13934202
v -0.35687643 -0.21323550 -0.14123158
v -0.35728654 -0.21165916 -0.14283992
v -0.35629225 -0.21405689 -0.14114347
v -0.35632527 -0.21357432 -0.14212292
v -0.35833645 -0.21460700 -0.11255053
v -0.35726780 -0.21623120 -0.11200341
v -0.35904011 -0.21318446 -0.11219957
v -0.37581295 -0.18119313 -0.13595228
v -0.37079561 -0.17868719 -0.15593839
v -0.37726843 -0.16689688 -0.15167558
v -0.38158500 -0.16532812 -0.12739669
v -0.37418538 -0.18815055 -0.12207141
v -0.37744808 -0.17956159 -0.11553496
v 0.36638063 -0.21382365 -0.13180676
v 0.36858326 -0.21382684 -0.12145460
v 0.36095172 -0.20144577 -0.15382190
v 0.36243558 -0.19686747 -0.15574126
v 0.37579501 -0.19404374 -0.13157691
v 0.37687302 -0.19619562 -0.12172845
v 0.36687535 -0.22324215 -0.10348159
v 0.37473527 -0.20835014 -0.10742053
v 0.37189370 -0.17835951 -0.15573999
v 0.38395745 -0.15758003 -0.14233924
v 0.38099051 -0.18527448 -0.12719223
v 0.37705415 -0.18526800 -0.13848475
v 0.38432613 -0.15945260 -0.14010054
v 0.38468286 -0.18527648 -0.10067374
v 0.39003599 -0.16538796 -0.11724874
v -0.38876364 -0.14412709 -0.10035889
v -0.39089817 -0.11914226 -0.14568967
v -0.39208943 -0.12831208 -0.12740979
v -0.39441141 -0.11704765 -0.12741394
v -0.39045477 -0.13793215 -0.10823127
v -0.39452592 -0.12279956 -0.11638434
v -0.38971847 -0.11597432 -0.15595166
v -0.38376254 -0.15689881 -0.12841403
v -0.38409343 -0.15690087 -0.12655330
v -0.38459620 -0.15451510 -0.12740168
v -0.38578251 -0.15225750 -0.11811569
v -0.38338074 -0.14378892 -0.15474243
v -0.38577938 -0.13297917 -0.15594870
v -0.38437492 -0.14117171 -0.15312478
v -0.38378686 -0.14158078 -0.15594682
v -0.38077667 -0.16870935 -0.10134938
v -0.39052066 -0.11161196 -0.15357286
v 0.38486075 -0.15671182 -0.14105225
v 0.38463262 -0.15617874 -0.14200231
v 0.38569796 -0.15671274 -0.13834503
v 0.38514817 -0.15561341 -0.14092137
v 0.38569927 -0.14223270 -0.14870788
v 0.39490730 -0.13830635 -0.12212093
v 0.39332637 -0.15671954 -0.11672636
v 0.38570461 -0.18293954 -0.09980135
v 0.39316216 -0.16044971 -0.10918780
v 0.39646745 -0.15134178 -0.10753726
v 0.39563724 -0.12815222 -0.12719503
v 0.38824752 -0.12814108 -0.15066113
v 0.39558780 -0.11935843 -0.13159156
v 0.39720803 -0.12259998 -0.12441954
v 0.39701527 -0.12815422 -0.12125750
v 0.38671681 -0.12864666 -0.15575270
v 0.38692728 -0.12752528 -0.15575305
v 0.39476663 -0.10411067 -0.14601138
v -0.39585561 -0.09971847 -0.13247092
v -0.39306945 -0.08908685 -0.15228772
v -0.39710498 -0.09972610 -0.12174458
v -0.39733347 -0.10824073 -0.10466211
v -0.40022507 -0.09269474 -0.10612108
v -0.39788935 -0.07536356 -0.12742585
v -0.39691979 -0.07421722 -0.13357314
v -0.39739060 -0.06854013 -0.13261989
v -0.39825141 -0.07114322 -0.12742670
v -0.39859810 -0.06835725 -0.12742780
v -0.39856663 -0.07257499 -0.12457129
v -0.39877784 -0.06992907 -0.12499939
v -0.39234003 -0.08210094 -0.15595692
v -0.39344352 -0.06071707 -0.15595999
v -0.39535671 -0.05201165 -0.15113387
v 0.39838248 -0.09958383 -0.13514081
v 0.39634517 -0.09425473 -0.14680324
v 0.40270835 -0.09959017 -0.12141971
v 0.40484494 -0.10916273 -0.10335325
v 0.40930328 -0.08780871 -0.10112926
v 0.40338460 -0.07780558 -0.12720194
v 0.40268007 -0.07370649 -0.13257428
v 0.40359306 -0.06742343 -0.13439843
v 0.40526906 -0.07102402 -0.12720366
v 0.40772319 -0.05558351 -0.12721102
v 0.40714955 -0.07817990 -0.11290508
v 0.41282481 -0.05822286 -0.10158329
v 0.39636612 -0.07633740 -0.15576829
v 0.39896098 -0.06438287 -0.15577425
v 0.40333128 -0.05125493 -0.15030611
v -0.40441227 -0.02291853 -0.13188335
v -0.40033728 -0.04257462 -0.13475540
v -0.39570731 -0.03329574 -0.15096173
v -0.40577310 -0.02563083 -0.12163895
v -0.40324253 -0.04258370 -0.11867136
v -0.40424705 -0.04759963 -0.10816494
v -0.40556550 -0.03824294 -0.10882783
v -0.40715489 -0.01402109 -0.12743741
v -0.40421432 -0.01401299 -0.13593909
v -0.40525049 -0.00344852 -0.13271680
v -0.41125602 0.00854313 -0.11615862
v -0.41159588 -0.01403330 -0.10420971
v -0.39528763 -0.02347591 -0.15597044
v -0.39399046 -0.00387036 -0.15597282
v -0.39603177 0.00544507 -0.15080683
v 0.40997675 -0.04245984 -0.12937517
v 0.40409932 -0.03325844 -0.15069647
v 0.41095966 -0.04246172 -0.12555256
v 0.41379625 -0.05650460 -0.09889483
v 0.41041541 -0.03471065 -0.12722370
v 0.40661755 -0.02049995 -0.14045224
v 0.40587348 -0.00802831 -0.13897148
v 0.41179162 -0.01390076 -0.12723847
v 0.40882349 0.00372697 -0.12725262
v 0.40145484 -0.02174190 -0.15579839
v 0.39994541 -0.00677331 -0.15581006
v 0.41429454 -0.03373475 -0.10975166
v 0.41683790 -0.02946387 -0.09993123
v 0.39977658 0.00765570 -0.14856100
v 0.41632944 -0.02615887 -0.10273085
v 0.41726393 -0.00260220 -0.10462272
v -0.40228260 0.03850128 -0.12972918
v -0.40226743 0.01454535 -0.13571425
v -0.39557672 0.02389700 -0.15103924
v -0.40786022 0.02733151 -0.11955547
v -0.41135937 0.01453250 -0.11461139
v -0.41221228 0.01351063 -0.11214543
v -0.41425470 0.01452930 -0.10679021
v -0.41425550 0.02388827 -0.10848545
v -0.41214368 0.01558621 -0.11211012
v -0.40316427 0.04310314 -0.12742932
v -0.41672677 0.04309691 -0.10381271
v -0.40167323 0.04310400 -0.13080987
v -0.40211046 0.04735971 -0.12955627
v -0.40602958 0.05519714 -0.12138309
v -0.39340943 0.03269260 -0.15597627
v -0.39282826 0.05383334 -0.15598282
v -0.39433795 0.06171458 -0.15166700
v 0.39875713 0.04071000 -0.12854129
v 0.40547311 0.01466634 -0.13167322
v 0.39678818 0.02019914 -0.14707361
v 0.39923355 0.04166246 -0.12650387
v 0.40826306 0.01466230 -0.12424615
v 0.41323623 0.02839824 -0.09924069
v 0.38330963 0.07056756 -0.14281917
v 0.39872974 0.04322385 -0.12728584
v 0.38433698 0.06895861 -0.14018017
v 0.39530993 0.04322886 -0.13670754
v 0.39797416 0.04730450 -0.12524846
v 0.39907154 0.04322302 -0.12540054
v 0.38889447 0.04166570 -0.15585458
v 0.38831395 0.04452056 -0.15585747
v 0.38575029 0.05652818 -0.14921951
v 0.41429409 0.00574123 -0.10943062
v 0.41813377 0.00228430 -0.10060437
v -0.40004632 0.07167203 -0.13459855
v -0.39151174 0.08305766 -0.15308443
v -0.40880448 0.07166814 -0.11587948
v -0.41426206 0.05881640 -0.10673117
v -0.41085336 0.06996176 -0.11144444
v -0.41426647 0.07166716 -0.10324226
v -0.41023079 0.07368611 -0.11113101
v -0.39863798 0.09754579 -0.12742727
v -0.39581805 0.09607950 -0.13576242
v -0.39252234 0.10771939 -0.14236346
v -0.39829040 0.10024679 -0.12742713
v -0.39723665 0.10575592 -0.12742874
v -0.39902088 0.09927891 -0.12549265
v -0.39870709 0.10152847 -0.12486413
v -0.38973182 0.08798327 -0.15599126
v -0.38737020 0.11370928 -0.15599872
v -0.38731304 0.11534454 -0.15519629
v -0.38571006 0.12444957 -0.15600082
v 0.38350660 0.07178768 -0.14047462
v 0.38242984 0.07345191 -0.14326543
v 0.37799037 0.09645946 -0.15592815
v 0.38574952 0.07178353 -0.13359432
v 0.38291043 0.07747750 -0.13875970
v 0.39114732 0.08256174 -0.11843774
v 0.39447990 0.07177532 -0.11739744
v 0.40210682 0.06358931 -0.10483962
v 0.39733273 0.07756568 -0.10724528
v 0.37597772 0.10526610 -0.15594010
v 0.37602296 0.12402329 -0.14657326
v 0.38539952 0.10034116 -0.12735091
v 0.37985742 0.10035037 -0.14407559
v 0.37988687 0.11709191 -0.13575564
v 0.38414788 0.12561607 -0.11474451
v 0.39013851 0.10033312 -0.10752799
v -0.39184487 0.12882712 -0.13049984
v -0.39359319 0.12882626 -0.12349471
v -0.39942187 0.12139065 -0.10571411
v -0.39559582 0.13817453 -0.10380242
v -0.39026412 0.13791940 -0.12743784
v -0.38544685 0.15740611 -0.12743820
v -0.39133853 0.14873157 -0.11009757
v -0.38697836 0.17045268 -0.10135963
v -0.38571590 0.13895833 -0.14768516
v -0.38344505 0.14198397 -0.15486677
v -0.38334343 0.14549470 -0.15125516
v -0.38205957 0.14495036 -0.15600142
v -0.37820238 0.16416714 -0.14095223
v -0.37285745 0.16525809 -0.15599337
v -0.36860564 0.18026572 -0.14742225
v -0.37871447 0.17194232 -0.12743500
v 0.37760872 0.12891027 -0.13758522
v 0.38382140 0.12890126 -0.11409286
v 0.37367576 0.13498306 -0.14776386
v 0.36883974 0.14899418 -0.15599814
v 0.37261221 0.15532596 -0.12850310
v 0.37589741 0.14873689 -0.12305555
v 0.38437861 0.12819377 -0.11239851
v 0.38578641 0.12265879 -0.10997649
v 0.38398626 0.12980354 -0.11220414
v 0.38578930 0.12889621 -0.10252321
v 0.36240268 0.16919661 -0.15601510
v 0.35728121 0.18462104 -0.15602176
v 0.36131513 0.17378202 -0.15399820
v 0.37232643 0.15746693 -0.12743439
v 0.37210318 0.15746753 -0.12855591
v 0.37196916 0.15831888 -0.12786143
v 0.37200999 0.15839952 -0.12696865
v 0.37260023 0.15746564 -0.12531693
v -0.38678274 0.17221729 -0.09939862
v -0.36959484 0.18598726 -0.13549523
v -0.37379760 0.18598881 -0.12145963
v -0.38573766 0.17302337 -0.10153151
v -0.36463940 0.18972251 -0.14542924
v -0.36372280 0.19908249 -0.13514945
v -0.35717863 0.20256640 -0.14996095
v -0.36581838 0.20327273 -0.12176760
v -0.37515229 0.19498108 -0.10416209
v -0.35889497 0.21457334 -0.12740025
v -0.36293247 0.21457635 -0.11034272
v -0.35254192 0.21457402 -0.14666696
v -0.34958893 0.22794831 -0.13405916
v -0.35184336 0.23245078 -0.11845549
v -0.35087961 0.21142027 -0.15594643
v -0.34712750 0.21960932 -0.15593816
v -0.34113377 0.23512876 -0.14967155
v -0.32863140 0.24741197 -0.15590706
v 0.35305923 0.19820993 -0.15390934
v 0.35256475 0.20505057 -0.14656779
v 0.34821790 0.21978891 -0.13786396
v 0.35319251 0.21458670 -0.12747604
v 0.34884346 0.22621834 -0.12747961
v 0.35166246 0.22321004 -0.11020668
v 0.34988222 0.20403478 -0.15602666
v 0.34150642 0.22099504 -0.15603268
v 0.35728800 0.19286084 -0.14111573
v 0.36173043 0.18602544 -0.12968205
v 0.36209589 0.18602186 -0.12505114
v 0.36015248 0.19175319 -0.12746210
v 0.36782801 0.17700183 -0.10416345
v 0.35918975 0.19933742 -0.09985058
v 0.33442867 0.24032146 -0.14459349
v 0.35845080 0.20144260 -0.10121696
v -0.34025496 0.24316818 -0.13317846
v -0.34479302 0.24316631 -0.11930020
v -0.35719153 0.22798774 -0.10553671
v -0.34998426 0.23955429 -0.10950094
v -0.34292841 0.25031078 -0.10596578
v -0.33397609 0.25385362 -0.12736169
v -0.31898236 0.27176666 -0.12734431
v -0.33313078 0.26196358 -0.10779000
v -0.32863453 0.25202051 -0.14502466
v -0.32334280 0.25482345 -0.15325545
v -0.31927580 0.26684448 -0.13717777
v -0.31377104 0.26491749 -0.15588644
v -0.31594095 0.27335036 -0.13050100
v -0.30519754 0.27433541 -0.15587415
v -0.31585059 0.27475032 -0.12734100
v -0.31130126 0.27789626 -0.13039511
v -0.30908298 0.28232756 -0.12206584
v -0.31774554 0.27515486 -0.12057632
v -0.29524612 0.29069629 -0.13676380
v -0.29732266 0.29486457 -0.11579864
v -0.30008179 0.28102544 -0.15125300
v -0.28687686 0.29376444 -0.14818396
v -0.27151835 0.30281708 -0.15584888
v 0.24310662 0.31276405 -0.15581657
v 0.26917633 0.29904985 -0.14284137
v 0.27073017 0.29842263 -0.14066619
v 0.29345822 0.27925038 -0.14243358
v 0.30991599 0.27171287 -0.12743543
v 0.27378002 0.29606020 -0.13949457
v 0.29192466 0.28370118 -0.12738758
v 0.29733700 0.28311169 -0.10460233
v 0.28936899 0.28058922 -0.15594031
v 0.27166489 0.29726586 -0.14311831
v 0.31308538 0.26891285 -0.12744400
v 0.30021492 0.26954162 -0.15597352
v 0.31128636 0.26851532 -0.13384001
v 0.30932641 0.26201156 -0.15599725
v 0.32051194 0.25965002 -0.13348803
v 0.33118510 0.24800946 -0.13932723
v 0.32875696 0.24762093 -0.14398415
v 0.33531442 0.24315281 -0.13847846
v 0.33207574 0.24481732 -0.14341734
v 0.31774536 0.26518247 -0.12418988
v 0.33355850 0.25273228 -0.11799621
v 0.34086829 0.24313831 -0.11925840
v 0.34649235 0.23425919 -0.10433200
v 0.32876471 0.25901976 -0.10524948
v 0.33875147 0.24812673 -0.10820609
v 0.31262726 0.26985076 -0.12372736
v -0.28576434 0.30037510 -0.13443783
v -0.29096788 0.30036810 -0.11759809
v -0.30006909 0.29389042 -0.10982455
v -0.29543480 0.29804665 -0.11073761
v -0.28577119 0.30751932 -0.10590888
v -0.27646416 0.31029782 -0.12731430
v -0.27433354 0.31751096 -0.10444772
v -0.27151304 0.30820262 -0.14292513
v -0.26071352 0.32199919 -0.12730555
v -0.26284766 0.31034315 -0.15151040
v -0.25515664 0.32482564 -0.12937298
v -0.24295777 0.32021460 -0.15144232
v -0.25566301 0.32584244 -0.12573710
v -0.24872953 0.32897794 -0.12729323
v -0.26305586 0.32313043 -0.11564595
v -0.25325310 0.32897520 -0.11936164
v -0.23546337 0.32898182 -0.14084220
v -0.22331539 0.33434403 -0.13796350
v -0.23188035 0.33540577 -0.13047931
v -0.23319334 0.33803537 -0.12275036
v -0.22321460 0.33989257 -0.12725864
v -0.23180720 0.32340702 -0.15580666
v -0.21439719 0.32922846 -0.15578480
v -0.20776343 0.33664727 -0.14252785
v -0.19690922 0.33454162 -0.15575662
v -0.20785639 0.34450126 -0.12723839
v -0.19232985 0.34455186 -0.13498333
v -0.18685795 0.35548219 -0.11397704
v -0.18043324 0.34679914 -0.13608354
v -0.18504450 0.35602883 -0.11370108
v -0.15777916 0.35649788 -0.12715714
v -0.18582502 0.34032282 -0.15008621
v -0.16243367 0.34588876 -0.15310788
v -0.15724166 0.35435179 -0.13359632
v -0.15724456 0.34637454 -0.15568963
v -0.15684053 0.35677475 -0.12715547
v -0.10005122 0.36234862 -0.15560281
v -0.04282665 0.37171489 -0.15554476
v 0.01440356 0.37146780 -0.15552373
v 0.07161514 0.35978299 -0.15553612
v 0.09521602 0.35503623 -0.14378983
v 0.09884837 0.35478529 -0.13992293
v 0.12807666 0.34249580 -0.15412350
v 0.10190454 0.35418123 -0.13962565
v 0.12673107 0.35330868 -0.12705578
v 0.12720039 0.34242776 -0.15559451
v 0.10022403 0.35389391 -0.14311482
v 0.12881356 0.34199473 -0.15559645
v 0.12964647 0.34240073 -0.15393728
v 0.13241848 0.34142935 -0.15560168
v 0.13117936 0.35282955 -0.12706026
v 0.15188250 0.34643281 -0.13582823
v 0.15553722 0.35372034 -0.11470333
v 0.18079782 0.33800960 -0.14531288
v 0.16379629 0.34474385 -0.13500389
v 0.15974520 0.35285088 -0.11514200
v 0.17937276 0.34423536 -0.12712917
v 0.17137793 0.33590555 -0.15566236
v 0.15740991 0.34046465 -0.14987256
v 0.18597662 0.33330500 -0.15569103
v 0.20900519 0.32612264 -0.15573923
v 0.22795747 0.32710740 -0.12811702
v 0.21454540 0.32490748 -0.15376146
v 0.24148339 0.31378272 -0.15500160
v 0.22814567 0.32748109 -0.12654305
v 0.19364482 0.33552665 -0.14040130
v 0.22381851 0.32887316 -0.12722656
v 0.20963252 0.32888997 -0.14590988
v 0.19508606 0.33927929 -0.12716220
v 0.20366417 0.33566833 -0.13056824
v 0.20447180 0.33727521 -0.12299268
v 0.23013549 0.32627568 -0.12724099
v 0.22679909 0.32886958 -0.12315179
v 0.23116757 0.32653803 -0.12259251
v 0.24310717 0.31339616 -0.15342361
v 0.26843429 0.30029392 -0.13998042
v 0.25077072 0.31561077 -0.12728566
v 0.27166671 0.30028531 -0.12684475
v 0.26993942 0.30373874 -0.11478459
v 0.27259460 0.30213156 -0.11398849
v 0.27466702 0.30027765 -0.11456662
v 0.28285778 0.29467261 -0.10749419
v 0.27166861 0.30312258 -0.11163825
v 0.27387518 0.30137950 -0.11196209
v 0.24843630 0.31988245 -0.10936564
v -0.24293584 0.33862737 -0.10356755
v -0.22370337 0.34793305 -0.10338025
v -0.21437514 0.34887576 -0.10990295
v -0.18942729 0.35575908 -0.11113323
v -0.18581383 0.35631135 -0.11230575
v -0.18427303 0.35679847 -0.11216186
v -0.18581106 0.35756636 -0.10816665
v -0.14927264 0.35757661 -0.13111880
v -0.15543303 0.35757485 -0.12625165
v -0.15724024 0.35703582 -0.12608120
v -0.13103981 0.35877490 -0.14256796
v -0.13004047 0.36035487 -0.13999054
v -0.12659496 0.36169815 -0.13931575
v -0.12865359 0.35956478 -0.14236268
v -0.12286606 0.36047405 -0.14425261
v -0.13409579 0.36846596 -0.11828708
v -0.12163799 0.37160435 -0.11983645
v -0.15470049 0.37059575 -0.09988421
v -0.12865046 0.37678581 -0.10325946
v -0.10812664 0.37371475 -0.12708226
v -0.10715741 0.37896991 -0.11272123
v -0.10005222 0.36703676 -0.14594427
v -0.08982555 0.37802735 -0.12706266
v -0.09012389 0.36691493 -0.15064065
v -0.08157028 0.37780672 -0.13122223
v -0.06025542 0.37994361 -0.13013779
v -0.07144406 0.37238497 -0.14869423
v -0.04307071 0.37174347 -0.15542340
v -0.08271524 0.38009423 -0.12402514
v -0.05934108 0.38177198 -0.12484619
v -0.09066440 0.38125753 -0.11727114
v -0.07670824 0.38616589 -0.10900615
v -0.05464831 0.38117340 -0.12702997
v -0.06482179 0.38616341 -0.11173410
v -0.05386411 0.38288385 -0.12048746
v -0.04282669 0.37177247 -0.15535945
v -0.03073999 0.38174152 -0.12700884
v -0.04258166 0.37174299 -0.15542249
v -0.02574200 0.38060066 -0.12978026
v -0.00304764 0.37989318 -0.13012357
v -0.01421004 0.37409478 -0.14950843
v 0.01379453 0.37155977 -0.15522018
v -0.02643245 0.38197702 -0.12491726
v -0.00229130 0.38140920 -0.12462068
v -0.03145851 0.38323557 -0.12116631
v -0.01774747 0.38616559 -0.10550004
v 0.00282374 0.38070393 -0.12699282
v -0.01108193 0.38616645 -0.10472503
v 0.00419551 0.38206512 -0.11880592
v 0.01440358 0.37160751 -0.15501168
v 0.02482078 0.37839890 -0.12698650
v 0.01524937 0.37144119 -0.15510203
v 0.03418776 0.37520161 -0.13245490
v 0.04938608 0.37029919 -0.13490017
v 0.04301012 0.36911583 -0.14702326
v 0.05746347 0.36477858 -0.14847116
v 0.03297836 0.37762180 -0.12272730
v 0.05073480 0.37299287 -0.12042481
v 0.04301691 0.37981993 -0.10161629
v 0.02314984 0.38061139 -0.11590402
v 0.06664816 0.36749443 -0.12700117
v 0.07090816 0.37256035 -0.09990502
v 0.07162017 0.36332223 -0.13853073
v 0.09163491 0.35754019 -0.13700543
v 0.07541555 0.36512780 -0.12700799
v 0.10023024 0.35753411 -0.12735590
v 0.09823946 0.36152053 -0.11475396
v 0.10179041 0.36063972 -0.11431888
v 0.11299761 0.35752445 -0.11914311
v 0.10023470 0.36227947 -0.11039486
v 0.10855697 0.36168280 -0.10862041
v 0.07212058 0.37233561 -0.09945890
v 0.12883636 0.35466719 -0.12137417
v 0.15279947 0.35518256 -0.11050776
v 0.15742455 0.35446289 -0.11130909
v 0.16624814 0.35307264 -0.10843152
v 0.15742216 0.35748917 -0.10004416
v 0.18599875 0.34795895 -0.10814678
v 0.19364983 0.34699947 -0.10244156
v 0.21456827 0.33878478 -0.10361800
v -0.07145324 0.39005938 -0.10046205
v -0.01422208 0.38755333 -0.09915794
v 0.02662873 -0.04260045 0.49477786
v 0.03414085 -0.04259027 0.50094950
v 0.01011860 -0.03041498 0.47444832
v 0.01429999 -0.03115607 0.47802615
v -0.01429012 -0.04263581 0.46410406
v -0.01779224 -0.04088832 0.45980927
v -0.03493020 -0.04265079 0.44772798
v -0.02273142 -0.04685925 0.46227920
v -0.00112039 -0.04920786 0.48007154
v -0.01429925 -0.05782311 0.47905761
v -0.00132010 -0.06861425 0.49966401
v 0.01428000 -0.04792987 0.49031037
v 0.02043766 -0.05493322 0.50095099
v 0.00175046 -0.06761591 0.50094908
v -0.00084581 -0.06956362 0.50094914
v -0.03085149 -0.06293710 0.47235918
v -0.02134219 -0.07119665 0.48645192
v -0.13214365 -0.39205736 -0.05918721
v -0.12374121 -0.39526266 -0.06079194
v -0.10697503 -0.39885706 -0.07005560
v -0.10427143 -0.40364823 -0.04975157
v -0.10017516 -0.39398387 -0.08753474
v -0.10018182 -0.38996923 -0.09858005
v -0.08989640 -0.39436740 -0.09345067
v -0.09150918 -0.40252897 -0.07005493
v -0.08063295 -0.40331131 -0.07528590
v -0.08169220 -0.40544257 -0.06588580
v -0.09435581 -0.40531719 -0.05310407
v -0.04431973 -0.40077022 -0.09598245
v -0.06181334 -0.40472436 -0.07457041
v -0.06083292 -0.40667534 -0.06651661
v -0.05377278 -0.40672746 -0.07005859
v -0.05191251 -0.40838820 -0.05933114
v -0.04421537 -0.40006402 -0.09859206
v -0.07159211 -0.39905789 -0.09123912
v -0.04301414 -0.40017331 -0.09859223
v -0.04186101 -0.40061373 -0.09629159
v -0.04165324 -0.40014166 -0.09859267
v -0.03260805 -0.40595493 -0.07006374
v -0.02435833 -0.40502283 -0.07441419
v -0.02467248 -0.40565825 -0.06603070
v -0.03454804 -0.40790528 -0.05839919
v -0.00581333 -0.40236890 -0.07573582
v -0.00544871 -0.40309381 -0.06475788
v 0.00619024 -0.40107882 -0.07006639
v 0.01127752 -0.40232122 -0.04729595
v -0.01443082 -0.40130040 -0.09239597
v 0.01162394 -0.39815509 -0.09733254
v 0.01415651 -0.39792415 -0.09561048
v 0.01415588 -0.39783260 -0.09859499
v 0.01845346 -0.39726925 -0.09644881
v 0.02089041 -0.39858457 -0.07006472
v 0.03745835 -0.39569896 -0.07903533
v 0.03638710 -0.39783043 -0.06213459
v 0.01633618 -0.40159625 -0.04585346
v 0.04716090 -0.39393049 -0.07990520
v 0.04814743 -0.39591879 -0.06117631
v 0.06772339 -0.39228904 -0.07003012
v 0.04274970 -0.39397839 -0.08873741
v 0.05459727 -0.39102569 -0.09021123
v 0.07132705 -0.39006057 -0.07995297
v 0.07133423 -0.38722017 -0.09854817
v 0.09601114 -0.38700873 -0.08622491
v 0.07442248 -0.39128074 -0.07002483
v 0.09882018 -0.38722003 -0.08320495
v 0.09718250 -0.39050108 -0.05845314
v 0.10086480 -0.38698924 -0.08331832
v 0.10235792 -0.38998562 -0.05819332
v 0.12780848 -0.38639587 -0.06999538
v 0.09990005 -0.38685685 -0.08517968
v 0.10278146 -0.38649884 -0.08571943
v 0.12848140 -0.38606507 -0.07202345
v 0.12848137 -0.38334382 -0.09853308
v 0.12907709 -0.38624042 -0.06999458
v 0.18565147 -0.37469757 -0.09852016
v -0.00284687 -0.07118448 0.50094926
v -0.04203333 -0.04432992 0.44375482
v -0.04429137 -0.04549510 0.44375432
v -0.04287039 -0.04345404 0.44215727
v -0.06987751 -0.04266343 0.43024516
v -0.04286856 -0.04069808 0.43984020
v -0.04094957 -0.04265485 0.44279420
v -0.06270917 -0.06014188 0.44930196
v -0.08309499 -0.06595892 0.44639128
v -0.07144225 -0.04266389 0.42957795
v -0.22012147 -0.33946979 -0.07005754
v -0.17663743 -0.36673963 -0.07504746
v -0.17770708 -0.36889830 -0.06397633
v -0.18589689 -0.36589929 -0.04609404
v -0.16943870 -0.37707210 -0.04757393
v -0.21450318 -0.34110609 -0.09583612
v -0.21450448 -0.34109238 -0.09858581
v -0.21311763 -0.34178758 -0.09789266
v -0.19171210 -0.35674664 -0.07004957
v -0.20427640 -0.34862381 -0.07005301
v -0.19792300 -0.35218295 -0.07233153
v -0.19810922 -0.35256147 -0.06795743
v -0.19448718 -0.35675356 -0.05865087
v -0.18543996 -0.35673237 -0.09758535
v -0.16218483 -0.37559256 -0.07005347
v -0.16051368 -0.36783141 -0.09226322
v -0.18542092 -0.35647464 -0.09857472
v -0.18593611 -0.35627791 -0.09834786
v -0.14494433 -0.38527372 -0.06387632
v -0.15443105 -0.37947518 -0.07005367
v -0.15733045 -0.38041386 -0.06032771
v -0.15735200 -0.36736616 -0.09857823
v -0.15558267 -0.36922175 -0.09505007
v -0.15330508 -0.36896393 -0.09857874
v -0.12875715 -0.38525334 -0.08209620
v -0.12914939 -0.38447073 -0.08392637
v -0.12847649 -0.38468966 -0.08403597
v -0.12875825 -0.38434288 -0.08477095
v -0.12739684 -0.38525182 -0.08363792
v -0.12766767 -0.38470647 -0.08486124
v -0.14113688 -0.39147112 -0.04960936
v -0.12874076 -0.39710039 -0.04988896
v -0.07156301 -0.41258609 -0.04212009
v -0.01441032 -0.40663475 -0.04506758
v 0.04274667 -0.39906478 -0.04881759
v 0.06355299 -0.39550817 -0.04537104
v 0.07132415 -0.39362741 -0.05298080
v 0.08398719 -0.39304227 -0.04780052
v 0.09989973 -0.39121047 -0.05267105
v 0.10904329 -0.38963866 -0.05116446
v 0.13747437 -0.38504797 -0.07448126
v 0.14624527 -0.38505411 -0.06111752
v 0.12848237 -0.38648814 -0.06712414
v 0.15207395 -0.38254696 -0.08675098
v 0.15584312 -0.38259432 -0.08303291
v 0.15847321 -0.38223740 -0.08285366
v 0.15706879 -0.38200584 -0.08577328
v 0.16885018 -0.37915623 -0.09013623
v 0.15670742 -0.38432601 -0.05607129
v 0.15749562 -0.38421145 -0.05612828
v 0.15589152 -0.38446659 -0.05511671
v 0.15707350 -0.38506517 -0.04424794
v 0.15707293 -0.38433746 -0.05534685
v 0.15902613 -0.38408193 -0.05473062
v 0.18291205 -0.37956360 -0.06997393
v 0.18565521 -0.37640673 -0.08724854
v 0.18929036 -0.37780714 -0.06997322
v 0.18566373 -0.37986207 -0.05957611
v 0.19139810 -0.37363836 -0.09565255
v 0.20754442 -0.37167662 -0.07755794
v 0.22505380 -0.36349908 -0.07346506
v 0.21423659 -0.36608067 -0.09373377
v 0.20799457 -0.37256867 -0.06195305
v 0.22471927 -0.36418128 -0.06614801
v 0.19803551 -0.37697709 -0.04760066
v 0.21426639 -0.37032917 -0.04832327
v 0.23079412 -0.36100161 -0.06997452
v 0.23178805 -0.35975724 -0.07644434
v 0.23766452 -0.35653049 -0.06997696
v 0.23264933 -0.36061683 -0.06180692
v 0.22320634 -0.36098441 -0.09852237
v 0.24282357 -0.34925473 -0.09853073
v 0.24772148 -0.34713262 -0.08876924
v 0.24838775 -0.34502566 -0.09853414
v 0.25231650 -0.34689784 -0.06998095
v 0.26860800 -0.33363396 -0.08145284
v 0.26716071 -0.33655816 -0.05999003
v 0.24981900 -0.34921992 -0.05532480
v 0.27257738 -0.33029479 -0.08312649
v 0.27333024 -0.33177674 -0.05759836
v 0.27142611 -0.33092862 -0.08573859
v 0.27358502 -0.32907820 -0.08535181
v -0.03889475 -0.06091207 0.46438733
v -0.04868302 -0.06274083 0.46073276
v -0.04287883 -0.07043448 0.47235626
v -0.30542254 -0.27378845 -0.08703831
v -0.30291322 -0.27661067 -0.08170476
v -0.30264312 -0.27609703 -0.05833292
v -0.28338823 -0.29719096 -0.07515886
v -0.28059059 -0.29971540 -0.07010538
v -0.29139599 -0.28876099 -0.07560626
v -0.29180637 -0.28792953 -0.06423160
v -0.28422958 -0.29635349 -0.07011179
v -0.28285420 -0.29666308 -0.06400346
v -0.28565663 -0.29243934 -0.09865762
v -0.30019867 -0.27829286 -0.08797801
v -0.26421016 -0.31340992 -0.07008670
v -0.27164668 -0.30630302 -0.09862983
v -0.26762593 -0.30995679 -0.09059438
v -0.26557633 -0.31093454 -0.09861859
v -0.24506396 -0.32424733 -0.08234504
v -0.24197936 -0.32605481 -0.08324706
v -0.24307008 -0.32535842 -0.08577181
v -0.23819169 -0.32822931 -0.08189759
v -0.24050404 -0.32694831 -0.08561490
v -0.24503849 -0.32429051 -0.05778056
v -0.24198286 -0.32608306 -0.05688142
v -0.23822889 -0.32823518 -0.05821455
v -0.24306040 -0.32502213 -0.05419743
v -0.24024454 -0.32683122 -0.05439745
v -0.26751462 -0.30987495 -0.04977246
v -0.21447262 -0.34212661 -0.04226777
v -0.21414711 -0.34233463 -0.04168939
v 0.27525279 -0.32800391 -0.08236527
v 0.27855986 -0.32444203 -0.08783994
v 0.27749524 -0.32801494 -0.05873986
v 0.27144977 -0.33372274 -0.05285821
v 0.27572432 -0.33015135 -0.05358007
v 0.28642291 -0.32054758 -0.04823906
v 0.29321545 -0.31443161 -0.07000814
v 0.29576957 -0.30950624 -0.09008726
v 0.30871832 -0.29948959 -0.07001409
v 0.29743192 -0.31117368 -0.04663384
v 0.29337111 -0.31042418 -0.09856386
v 0.30000743 -0.30463976 -0.09857017
v 0.31127238 -0.29645580 -0.07608336
v 0.31362498 -0.29200637 -0.09857791
v 0.31236818 -0.29561049 -0.07001708
v 0.32227916 -0.28355667 -0.07799241
v 0.32275221 -0.28262475 -0.06158466
v 0.31120265 -0.29638663 -0.06380500
v 0.33025953 -0.27427468 -0.08264057
v 0.33007857 -0.27390608 -0.05722703
v 0.32858914 -0.27558368 -0.08663172
v 0.33155659 -0.27242035 -0.08579195
v -0.06545855 -0.07122616 0.46034527
v -0.08101378 -0.07123424 0.45320499
v -0.05755441 -0.07816748 0.47235215
v -0.07145838 -0.08109195 0.46740729
v -0.07145946 -0.09429399 0.48389828
v -0.02349810 -0.08137360 0.49585548
v -0.02155722 -0.08526157 0.50094426
v -0.03658037 -0.07919234 0.48495537
v -0.04138652 -0.09676270 0.50094104
v -0.35745594 -0.21418731 -0.08463090
v -0.35735226 -0.21429627 -0.08441805
v -0.33863524 -0.23828596 -0.07891026
v -0.33407903 -0.24263597 -0.07020290
v -0.35681161 -0.21494956 -0.08409036
v -0.33957750 -0.23583823 -0.07021113
v -0.33698079 -0.23664710 -0.05822355
v -0.34391856 -0.23595949 -0.09877360
v -0.35724542 -0.21452144 -0.08474475
v -0.30806100 -0.27117881 -0.08049677
v -0.30737555 -0.27118021 -0.05947712
v -0.32108259 -0.25589448 -0.07018122
v -0.31775638 -0.26239538 -0.09323335
v -0.32872930 -0.25092655 -0.09874517
v -0.32565838 -0.25383559 -0.09259710
v -0.32505947 -0.25506940 -0.09873848
v -0.30472580 -0.27345365 -0.05360391
v -0.30018052 -0.27807832 -0.05242176
v -0.31034714 -0.26609617 -0.05080041
v -0.32282829 -0.25102782 -0.05340551
v 0.33280310 -0.27093899 -0.08220392
v 0.33538920 -0.26753810 -0.08771200
v 0.33235019 -0.27094579 -0.05762399
v 0.32859737 -0.27553570 -0.05345109
v 0.33123991 -0.27226755 -0.05442636
v 0.33449492 -0.26799849 -0.05280042
v 0.34775352 -0.25215244 -0.07003850
v 0.34978080 -0.24929760 -0.08386666
v 0.35540596 -0.24239025 -0.07004356
v 0.34961024 -0.24913171 -0.05656125
v 0.34751791 -0.25184813 -0.09860226
v 0.35714409 -0.23821303 -0.09860881
v 0.36162293 -0.23258528 -0.08965918
v 0.36280376 -0.23093672 -0.09861103
v 0.36789870 -0.22273320 -0.09323844
v 0.36437064 -0.22827125 -0.07005210
v 0.36089075 -0.23185489 -0.04896436
v -0.04719851 -0.08117805 0.48099136
v -0.07019076 -0.09724236 0.48791698
v -0.04374722 -0.09803031 0.50094086
v -0.08935180 -0.06400439 0.44374743
v -0.11125249 -0.06515171 0.44374567
v -0.10000665 -0.04925817 0.43057713
v -0.07161456 -0.04266394 0.42954862
v -0.11682083 -0.06619328 0.44626960
v -0.13832000 -0.06214697 0.44829348
v -0.37198505 -0.18552710 -0.07027131
v -0.35748154 -0.21408194 -0.08440723
v -0.37174869 -0.18603341 -0.07027095
v -0.35760212 -0.21390313 -0.08470440
v -0.37187609 -0.18590696 -0.07103146
v -0.37052649 -0.19215547 -0.09883033
v -0.35724115 -0.21408394 -0.07995468
v -0.36733502 -0.19385335 -0.06610108
v -0.35660252 -0.21285769 -0.05658223
v -0.35582566 -0.21409416 -0.05666076
v -0.35418713 -0.21561156 -0.05444214
v -0.35721901 -0.21188730 -0.05486021
v -0.35609600 -0.21353242 -0.05540079
v -0.37261364 -0.18440703 -0.07250811
v -0.37807176 -0.17507727 -0.09884270
v -0.38577417 -0.15352345 -0.09885724
v -0.38066107 -0.16865848 -0.09628879
v -0.37347871 -0.18155336 -0.07027490
v -0.37180823 -0.18584068 -0.06964493
v -0.37234148 -0.18468036 -0.06857703
v 0.37356773 -0.21383311 -0.07826722
v 0.37335801 -0.21383674 -0.06195753
v 0.37576991 -0.20886678 -0.08930745
v 0.38488078 -0.18568857 -0.09863176
v 0.37914160 -0.20070153 -0.07777545
v 0.37903628 -0.20048940 -0.06246024
v 0.36608437 -0.22365190 -0.04595834
v 0.37500697 -0.20848802 -0.05043087
v 0.38514030 -0.18499461 -0.09863192
v 0.38633466 -0.18528162 -0.07006977
v 0.38505861 -0.18527678 -0.09733864
v 0.38413450 -0.18528499 -0.04467814
v 0.39196545 -0.16923147 -0.07810283
v 0.39185494 -0.16899896 -0.06192967
v 0.38570508 -0.18349884 -0.09774329
v 0.39490011 -0.16131781 -0.08894923
v -0.38863721 -0.14406572 -0.09742943
v -0.38698795 -0.14328380 -0.04236566
v -0.39029506 -0.13810073 -0.08980855
v -0.39434850 -0.12265244 -0.08169216
v -0.39220807 -0.12835363 -0.07032058
v -0.39528453 -0.11884980 -0.07032566
v -0.38800725 -0.14039703 -0.04626868
v -0.39379653 -0.12212159 -0.05785942
v -0.38991165 -0.14055642 -0.09886435
v -0.39591414 -0.11912301 -0.09887179
v -0.38576552 -0.15034904 -0.08345886
v -0.38282076 -0.15694275 -0.07176803
v -0.38270879 -0.15694503 -0.06877081
v -0.38389978 -0.15321891 -0.07030064
v -0.38575035 -0.14725399 -0.05092428
v -0.37905875 -0.16790317 -0.04506865
v -0.39875102 -0.10754284 -0.09238420
v 0.39736789 -0.15672600 -0.07853159
v 0.39850682 -0.15032628 -0.09075339
v 0.39714566 -0.15672654 -0.06150434
v 0.38571912 -0.18091752 -0.04369535
v 0.39499986 -0.16136774 -0.05115194
v 0.39849892 -0.15034258 -0.04940916
v 0.40371984 -0.13559392 -0.07008060
v 0.40418366 -0.13234469 -0.07844105
v 0.40540197 -0.12276310 -0.08088127
v 0.40587527 -0.12816572 -0.07008128
v 0.40928268 -0.10961495 -0.07008430
v 0.40427828 -0.13243884 -0.06154042
v 0.40726918 -0.12091209 -0.05557576
v 0.40169078 -0.13615070 -0.09863545
v 0.40430635 -0.11886428 -0.09863885
v 0.40626812 -0.10987556 -0.09463483
v -0.08838779 -0.06858470 0.44905651
v -0.11209808 -0.06903827 0.44815058
v -0.09399355 -0.07948376 0.46026629
v -0.11943966 -0.07123162 0.45403388
v -0.10684669 -0.07869171 0.45867646
v -0.12385753 -0.05210554 0.43418169
v -0.13500991 -0.07122136 0.45946860
v -0.12858410 -0.07966863 0.46810478
v -0.12858453 -0.09489848 0.48418993
v -0.14491558 -0.07937747 0.47233200
v -0.07268621 -0.09732644 0.48787388
v -0.40457463 -0.08028728 -0.07489607
v -0.40077281 -0.09976230 -0.07784453
v -0.40166694 -0.09342553 -0.09092835
v -0.40442288 -0.07998879 -0.06595236
v -0.40042064 -0.09977229 -0.06300606
v -0.39729804 -0.10829332 -0.04754983
v -0.40164211 -0.09344020 -0.04973446
v -0.40594479 -0.07118265 -0.07035230
v -0.40504199 -0.07117669 -0.08039756
v -0.40694934 -0.05728903 -0.07729436
v -0.40973660 -0.05172815 -0.06063586
v -0.40605575 -0.07118770 -0.05829327
v -0.40269548 -0.07696600 -0.09889230
v -0.40389216 -0.06596436 -0.09889723
v -0.40721479 -0.04612964 -0.08815669
v 0.41104975 -0.09960348 -0.07170378
v 0.41019836 -0.08736388 -0.09659597
v 0.41126275 -0.09960388 -0.06857199
v 0.40929148 -0.11138313 -0.04403226
v 0.41204208 -0.09510683 -0.07008500
v 0.41148728 -0.08251939 -0.09303885
v 0.41390657 -0.05714436 -0.09786553
v 0.41700485 -0.07104082 -0.07008610
v 0.41036475 -0.08335877 -0.09863935
v 0.41378284 -0.05701113 -0.09864464
v 0.41429952 -0.08957636 -0.05003826
v 0.41563278 -0.08598720 -0.04219803
v 0.41390428 -0.05655872 -0.09844892
v 0.41429654 -0.05542634 -0.09598860
v 0.41429639 -0.05174821 -0.09864773
v 0.41838986 -0.05065872 -0.07009226
v 0.41579169 -0.08383415 -0.04451030
v 0.41863403 -0.06109093 -0.05020001
v -0.12771665 -0.09803443 0.48749870
v -0.15059949 -0.05574808 0.44375199
v -0.16254762 -0.05345197 0.44375375
v -0.15714277 -0.04732122 0.43441996
v -0.17197427 -0.04264775 0.43633732
v -0.15713376 -0.03053884 0.41953251
v -0.18120579 -0.05165468 0.45352456
v -0.18571460 -0.06216216 0.46779311
v -0.19697568 -0.04264209 0.45238921
v -0.19865176 -0.04911047 0.46449098
v -0.18893166 -0.04908428 0.45480561
v -0.18570584 -0.04264208 0.44517225
v -0.41032141 -0.03470691 -0.08068360
v -0.40852094 -0.04260403 -0.08175623
v -0.40827087 -0.03960077 -0.08762746
v -0.41221556 -0.03847863 -0.05815065
v -0.41141504 -0.04261529 -0.05751898
v -0.41127920 -0.04412170 -0.05458078
v -0.41428250 -0.03423336 -0.05189365
v -0.41184101 -0.04139381 -0.05486229
v -0.42039442 0.01145667 -0.08768234
v -0.41641939 -0.01404187 -0.07035245
v -0.41926169 0.00452090 -0.07962174
v -0.42188722 -0.00073231 -0.06369318
v -0.41935205 -0.01404743 -0.05196468
v -0.41297609 -0.01403710 -0.09634212
v -0.41242474 -0.01495118 -0.09890012
v -0.41247949 -0.01314853 -0.09889965
v -0.41425601 -0.00836801 -0.09606509
v 0.42087889 -0.01391890 -0.07011299
v 0.41977367 -0.04247728 -0.07283045
v 0.42017448 -0.04247747 -0.06715740
v 0.41960984 -0.03185822 -0.07010055
v 0.41722995 -0.02966087 -0.09719448
v 0.41747081 -0.02502237 -0.09231825
v 0.41729790 -0.02669367 -0.09866230
v 0.42056730 -0.05362290 -0.04466729
v 0.42269909 -0.03239364 -0.04573986
v 0.41874045 -0.00407986 -0.08979501
v 0.41876769 -0.00187033 -0.09868258
v 0.41429731 0.02341237 -0.09870555
v 0.41842750 0.00242963 -0.09662068
v 0.41962925 0.00398096 -0.07012874
v 0.42126560 -0.02123080 -0.05547751
v 0.42179167 -0.00712698 -0.05653868
v -0.18571237 -0.06577647 0.47502798
v -0.20343363 -0.05149747 0.47771305
v -0.19893341 -0.06911375 0.49982733
v -0.43053168 0.04308657 -0.07031743
v -0.19916673 -0.06958097 0.50086170
v -0.14985704 -0.06422435 0.45774180
v -0.16326629 -0.06304419 0.46008849
v -0.17938179 -0.06803757 0.47231856
v -0.15714882 -0.07491118 0.47232860
v -0.13121635 -0.04795078 0.43210751
v -0.42298463 0.01452243 -0.08025564
v -0.42806315 0.01451791 -0.06295984
v -0.43006340 0.04005441 -0.07031959
v -0.42208174 0.01843566 -0.08852208
v -0.42986730 0.04176670 -0.07295695
v -0.41945976 0.04049550 -0.09887943
v -0.42729214 0.00800615 -0.04955600
v -0.43154562 0.02316758 -0.04741320
v -0.42979994 0.04433956 -0.07282095
v -0.41921890 0.04557606 -0.09887806
v -0.42124873 0.06817803 -0.08807604
v -0.43026298 0.04651742 -0.07031587
v -0.43087399 0.04075894 -0.06566463
v -0.43071640 0.04525853 -0.06597551
v 0.41349804 0.02852866 -0.09831019
v 0.41343921 0.02978675 -0.09699378
v 0.41002041 0.05320345 -0.09016610
v 0.41465926 0.04320000 -0.07016478
v 0.41043118 0.06399595 -0.07018280
v 0.41301081 0.02957229 -0.09871121
v 0.40744597 0.05406216 -0.09873192
v 0.41429794 0.02673274 -0.09431995
v 0.41950560 0.01463966 -0.07273977
v 0.41974813 0.01463858 -0.06741507
v 0.41816077 0.02235879 -0.07014536
v 0.42298433 0.00470330 -0.04590898
v 0.42084476 0.02565028 -0.04485972
v 0.40640521 0.06143802 -0.09478972
v 0.41884953 0.03346274 -0.05068370
v 0.41652504 0.05527198 -0.04602820
v -0.42325783 0.07166659 -0.08009215
v -0.42837942 0.07166357 -0.06307545
v -0.42027092 0.07466933 -0.08758456
v -0.42024234 0.08360606 -0.07861543
v -0.41427350 0.08729564 -0.09239181
v -0.42290354 0.08892943 -0.06464565
v -0.43030810 0.06364019 -0.04799742
v -0.42804864 0.07856059 -0.04912369
v -0.41672516 0.10024139 -0.07029638
v -0.42073706 0.10023943 -0.05465490
v -0.41004685 0.10024361 -0.09039959
v -0.40843791 0.11712256 -0.07873420
v -0.41108808 0.12242643 -0.05921193
v -0.40844214 0.09732653 -0.09885915
v -0.40689862 0.10393541 -0.09885924
v -0.40387335 0.12361337 -0.08978584
v 0.40717632 0.07176204 -0.07376093
v 0.40205765 0.07992180 -0.09263058
v 0.40933031 0.07176016 -0.06769675
v 0.41097313 0.08435543 -0.04331982
v 0.40219563 0.09603957 -0.07021559
v 0.40109113 0.09928928 -0.07229086
v 0.40067407 0.10094239 -0.07145565
v 0.40111962 0.10032453 -0.07021991
v 0.40058213 0.10137486 -0.07022089
v 0.40317595 0.09720531 -0.06397893
v 0.40100095 0.10126689 -0.06833445
v 0.39523274 0.09559716 -0.09877661
v 0.39213040 0.10351261 -0.09878606
v 0.41432011 0.06201521 -0.05069514
v 0.41656804 0.05860010 -0.04274112
v 0.38920715 0.12717786 -0.08624330
v -0.18235385 -0.07120074 0.47903895
v -0.12979017 -0.09735595 0.48783633
v -0.15355037 -0.08189372 0.47951818
v -0.15543604 -0.09634361 0.50089216
v -0.40458319 0.12882012 -0.07973016
v -0.39999628 0.13597208 -0.09172861
v -0.40925050 0.12881851 -0.05853524
v -0.41427958 0.11938366 -0.05130193
v -0.41054305 0.12694784 -0.05414874
v -0.40938947 0.13126683 -0.05357314
v -0.39839184 0.15415704 -0.07030476
v -0.39716440 0.15455113 -0.07599798
v -0.39103854 0.16638568 -0.08826643
v -0.39767712 0.15739822 -0.07030527
v -0.39139512 0.17465359 -0.07030918
v -0.39843962 0.15582609 -0.06716310
v -0.39742255 0.15998821 -0.06512818
v -0.39436233 0.14743572 -0.09886754
v -0.38744861 0.17083840 -0.09887585
v -0.38701010 0.17233098 -0.09823973
v -0.38573876 0.17486915 -0.09887543
v 0.37807807 0.15358150 -0.09885648
v 0.38754380 0.13240005 -0.08277897
v 0.38579160 0.13563228 -0.08791599
v 0.38873217 0.12888794 -0.08305860
v 0.38820457 0.13009799 -0.08574446
v 0.38909429 0.13547027 -0.05927152
v 0.39143848 0.12887381 -0.05878893
v 0.39474344 0.12439981 -0.05148315
v 0.38580513 0.15301433 -0.04391083
v 0.39123547 0.13159104 -0.05324476
v 0.37386331 0.16342625 -0.09886906
v 0.36914113 0.17765456 -0.09294624
v 0.38126725 0.15743303 -0.07028139
v 0.37914056 0.15744120 -0.08550739
v 0.37680507 0.16796118 -0.07555947
v 0.37784272 0.17003980 -0.06398704
v 0.38443795 0.15742651 -0.04444968
v -0.19731268 -0.07118404 0.50086319
v -0.16269597 -0.07993484 0.48342246
v -0.17709015 -0.08252083 0.49522120
v -0.16005227 -0.09392936 0.50088882
v -0.17861143 -0.08556758 0.50087929
v -0.38714486 0.18598221 -0.07101513
v -0.38753581 0.18598211 -0.06941180
v -0.39475775 0.17620368 -0.04625912
v -0.38653854 0.18758473 -0.07031129
v -0.37252295 0.21457756 -0.07030205
v -0.38573885 0.18772563 -0.07379340
v -0.38573474 0.19322044 -0.05584148
v -0.37696627 0.19588806 -0.09447714
v -0.37264344 0.21339914 -0.07265737
v -0.36939654 0.20846677 -0.09885913
v -0.38437319 0.19959131 -0.04242522
v -0.37202474 0.21513665 -0.07141825
v -0.36440676 0.21818987 -0.09885010
v -0.37205771 0.21576139 -0.07030117
v -0.36579683 0.22593719 -0.07596771
v -0.37716061 0.20886695 -0.05890293
v -0.37242535 0.21553767 -0.06838238
v -0.35639447 0.24155541 -0.08375743
v -0.35719705 0.23875315 -0.08676609
v -0.35572296 0.24242657 -0.08529890
v 0.35280702 0.22434059 -0.08991785
v 0.35804269 0.21455383 -0.07034343
v 0.35069364 0.22988015 -0.07036016
v 0.35129654 0.22584099 -0.09892187
v 0.36794579 0.18599251 -0.07565166
v 0.37003106 0.18598861 -0.06393126
v 0.36388952 0.19919567 -0.07032790
v 0.35956144 0.19915026 -0.09776633
v 0.35729688 0.20588209 -0.09890717
v 0.35887516 0.20186406 -0.09574090
v 0.35875401 0.20101476 -0.09890340
v 0.37518591 0.18066463 -0.05069578
v 0.37063357 0.19358495 -0.04843039
v 0.34638205 0.23430987 -0.09345764
v 0.36419386 0.20717010 -0.05557785
v 0.35843575 0.22768217 -0.04406684
v -0.36068448 0.24316360 -0.05775714
v -0.35719889 0.24316490 -0.07541743
v -0.35557505 0.24316534 -0.08374888
v -0.35323766 0.24514911 -0.08653840
v -0.35883749 0.24644358 -0.05764882
v -0.35021365 0.25715193 -0.06298365
v -0.36257106 0.24047276 -0.05332798
v -0.36022925 0.24468108 -0.05449824
v -0.35719812 0.24950674 -0.05284294
v -0.34123650 0.26838931 -0.07026326
v -0.33916387 0.26800001 -0.07777172
v -0.33807355 0.27175924 -0.07026043
v -0.34088320 0.26972073 -0.06619306
v -0.33742103 0.26186076 -0.09881415
v -0.32863939 0.26961151 -0.09880621
v -0.32239920 0.27981603 -0.08632816
v -0.31848523 0.28097907 -0.09879340
v -0.32104260 0.28515589 -0.07024777
v -0.30037728 0.29972488 -0.08419197
v -0.32804424 0.28546813 -0.04286974
v -0.29991984 0.30008537 -0.08437157
v -0.30005872 0.29990619 -0.08473819
v -0.29975513 0.30021113 -0.08466160
v 0.29771072 0.28347373 -0.09385485
v 0.31235540 0.27167720 -0.07034281
v 0.29369032 0.28716871 -0.07031199
v 0.29682720 0.28428924 -0.09885528
v 0.31380627 0.27029267 -0.07034541
v 0.30021027 0.28126299 -0.09886377
v 0.31349456 0.27067569 -0.07234996
v 0.32056683 0.26759017 -0.09890445
v 0.31638062 0.26790857 -0.07223193
v 0.33373031 0.25304410 -0.07967953
v 0.32876730 0.25889540 -0.09252345
v 0.34196216 0.24311501 -0.07804425
v 0.33864704 0.24806312 -0.08958848
v 0.31632143 0.26802725 -0.06852341
v 0.33385700 0.25327826 -0.06116793
v 0.34223160 0.24310759 -0.06281985
v 0.32877964 0.25938475 -0.04793818
v 0.33961111 0.24852505 -0.05066398
v 0.28819525 0.29199195 -0.09282482
v 0.31363186 0.27080831 -0.06861100
v 0.30585814 0.28031367 -0.05303827
v 0.35729960 0.23000258 -0.04416187
v 0.35812220 0.22923064 -0.04220575
v -0.21425141 -0.03295675 0.46307740
v -0.22073787 -0.03158996 0.46904022
v -0.22353786 -0.03298591 0.47692245
v -0.21425410 -0.03912146 0.47228906
v -0.30713350 0.30035266 -0.05950156
v -0.30005831 0.30036232 -0.08286655
v -0.29964074 0.30036297 -0.08430134
v -0.29855564 0.30111536 -0.08526039
v -0.30241463 0.30507243 -0.05832300
v -0.29467052 0.31112766 -0.06134132
v -0.32570079 0.28751743 -0.04316374
v -0.30585980 0.30325443 -0.05306831
v -0.30005264 0.30858460 -0.05185612
v -0.28167093 0.32075989 -0.07023088
v -0.27719265 0.32037169 -0.08737112
v -0.27134854 0.32895359 -0.07022081
v -0.28019154 0.32337490 -0.05910329
v -0.27672297 0.31728300 -0.09877360
v -0.27149162 0.32143936 -0.09877057
v -0.26168722 0.33345214 -0.07918227
v -0.25314671 0.33407819 -0.09875603
v -0.26105016 0.33667266 -0.07021281
v -0.25120905 0.34095356 -0.07619275
v -0.25008717 0.34317824 -0.06310470
v -0.26427776 0.33604324 -0.05605109
v -0.23805815 0.34780389 -0.07960400
v -0.23899984 0.34970671 -0.05983789
v -0.21440771 0.35743606 -0.07017221
v -0.24293220 0.34233010 -0.09207476
v -0.22736439 0.34976289 -0.09223290
v -0.21435396 0.35741967 -0.07042050
v -0.21437058 0.35255823 -0.09870611
v -0.21431766 0.35747156 -0.07017211
v -0.15723036 0.37033534 -0.09862526
v 0.12883313 0.36242008 -0.09852043
v 0.18599939 0.35105544 -0.09860453
v 0.19604114 0.34819084 -0.09361195
v 0.20878744 0.34588006 -0.07861899
v 0.21041960 0.34914312 -0.06000230
v 0.23300655 0.33300322 -0.07847352
v 0.24015941 0.32883894 -0.07019240
v 0.22426865 0.33803108 -0.07473953
v 0.22256631 0.34143072 -0.06387541
v 0.23183250 0.33480290 -0.07017551
v 0.23467866 0.33466315 -0.05855051
v 0.22615379 0.33465403 -0.09869261
v 0.21456996 0.34145400 -0.09238406
v 0.25314432 0.32028672 -0.07021790
v 0.24312586 0.32510531 -0.09873143
v 0.25002652 0.32145068 -0.08496155
v 0.25233483 0.31916383 -0.09875067
v 0.26716125 0.30929798 -0.07999852
v 0.27385819 0.30462012 -0.08234798
v 0.27167577 0.30571157 -0.08724676
v 0.27902001 0.30025110 -0.08087023
v 0.27600214 0.30242020 -0.08669521
v 0.26548964 0.31264132 -0.06216851
v 0.27496719 0.30680522 -0.05927950
v 0.28208730 0.30023295 -0.06121569
v 0.27168581 0.31052279 -0.05084912
v 0.27959687 0.30418575 -0.05205064
v 0.25167269 0.32307604 -0.05874305
v 0.30023450 0.28677666 -0.04345666
v 0.30106464 0.28634921 -0.04219065
v -0.24290451 0.34803444 -0.05118536
v -0.23328167 0.35271916 -0.05111513
v -0.21401082 0.35754406 -0.07034305
v -0.21416239 0.35754395 -0.07007641
v -0.21435370 0.35747135 -0.07002731
v -0.19317134 0.36124355 -0.08809320
v -0.18925610 0.36447844 -0.08094863
v -0.18013333 0.36888206 -0.07874109
v -0.18579710 0.36395782 -0.08759467
v -0.16195773 0.36949229 -0.09627128
v -0.19100499 0.36799639 -0.06109702
v -0.17804286 0.37304112 -0.06359452
v -0.20208940 0.36569932 -0.04774693
v -0.18577357 0.37273693 -0.04829150
v -0.16676520 0.37665927 -0.07011382
v -0.16478199 0.37942022 -0.05670582
v -0.15722944 0.37099180 -0.09689432
v -0.14395230 0.38409841 -0.07008391
v -0.15572409 0.37110734 -0.09787176
v -0.14203717 0.38436738 -0.07096978
v -0.12864773 0.37991574 -0.09546647
v -0.14221695 0.38472784 -0.06937265
v -0.13561895 0.38614994 -0.07007203
v -0.14465798 0.38441372 -0.06662672
v -0.14018230 0.38614801 -0.06460428
v -0.12019739 0.38615608 -0.08171877
v -0.11052901 0.38997251 -0.07765312
v -0.11644206 0.39034995 -0.07213714
v -0.11714268 0.39175397 -0.06725155
v -0.11126933 0.39230293 -0.07003790
v -0.10368278 0.39679685 -0.04878657
v -0.11942030 0.38154814 -0.09856992
v -0.10005568 0.38686901 -0.09854629
v -0.09101767 0.39143398 -0.08052345
v -0.07863390 0.38975489 -0.09852348
v -0.09010572 0.39488775 -0.07000607
v -0.08169553 0.39425957 -0.07403907
v -0.08075760 0.39612228 -0.06502626
v -0.09750407 0.39793089 -0.04651831
v -0.05101513 0.39229175 -0.08218900
v -0.06130070 0.39448252 -0.07412627
v -0.06223859 0.39637011 -0.06488453
v -0.05273358 0.39497161 -0.06996875
v -0.06307109 0.39035469 -0.09851155
v -0.07145279 0.39145118 -0.09588166
v -0.04284037 0.38951829 -0.09849089
v -0.03452744 0.39216128 -0.08191881
v -0.01764406 0.38787609 -0.09846932
v -0.03281856 0.39474660 -0.06995204
v -0.02488007 0.39344642 -0.07357859
v -0.02408693 0.39502436 -0.06552505
v 0.00403081 0.39009416 -0.07777452
v -0.00261099 0.39157149 -0.07262955
v -0.00326107 0.39287183 -0.06658372
v 0.00276482 0.39149171 -0.06992804
v 0.00935074 0.39539176 -0.05149459
v -0.01151407 0.38751855 -0.09846451
v -0.01422154 0.38789266 -0.09760468
v 0.01440048 0.38560045 -0.09845167
v 0.03448970 0.38189811 -0.09845320
v 0.05578113 0.38304695 -0.07147284
v 0.04301909 0.38107377 -0.09591968
v 0.05601727 0.38351637 -0.06862196
v 0.02675187 0.38811728 -0.07383312
v 0.04070561 0.38614917 -0.06992567
v 0.03283588 0.38615671 -0.07814473
v 0.02746096 0.38866001 -0.06992295
v 0.02960623 0.38794073 -0.07081300
v 0.02976824 0.38826299 -0.06887148
v 0.02251792 0.39234838 -0.05756420
v 0.05901644 0.38276359 -0.06993242
v 0.06847940 0.37498862 -0.09219019
v 0.05230044 0.38613802 -0.05989913
v 0.05994356 0.38352311 -0.06472141
v 0.06771495 0.37379897 -0.09847035
v 0.08129709 0.37684941 -0.06994949
v 0.07162648 0.37271690 -0.09847269
v 0.07266983 0.37288284 -0.09639338
v 0.07283141 0.37244320 -0.09847360
v 0.09263258 0.37273034 -0.07663703
v 0.10687959 0.37080336 -0.07760407
v 0.10023446 0.36862940 -0.08977082
v 0.11644489 0.36561495 -0.09233049
v 0.09078617 0.37642199 -0.06511784
v 0.10879235 0.37462133 -0.06423875
v 0.10024053 0.37923813 -0.04485838
v 0.07957406 0.37975723 -0.05724904
v 0.12165801 0.37184316 -0.06997830
v 0.12400666 0.37661123 -0.05106738
v 0.12883113 0.36611575 -0.08718251
v 0.13524528 0.37033385 -0.06999549
v 0.14805083 0.36217496 -0.08895329
v 0.15444940 0.36342075 -0.08132491
v 0.15988310 0.36241844 -0.08183197
v 0.15741761 0.36146817 -0.08627827
v 0.16236904 0.35995811 -0.08677050
v 0.15147349 0.36936313 -0.06168177
v 0.16257754 0.36781293 -0.06092976
v 0.15740886 0.37272599 -0.04815481
v 0.17608289 0.36679986 -0.04647475
v 0.13299069 0.37595713 -0.04978538
v 0.18525641 0.35893583 -0.07007641
v 0.18599397 0.35820127 -0.07155494
v 0.18805577 0.35745955 -0.07111111
v 0.18926440 0.35745779 -0.06845104
v 0.18651529 0.35850370 -0.07007863
v 0.18599306 0.35964984 -0.06570541
v 0.20551191 0.35291162 -0.05132950
v 0.21456641 0.34803066 -0.05117563
v -0.12862277 0.39359748 -0.04525302
v -0.07142438 0.39915591 -0.04793686
v -0.04336602 0.40074125 -0.04170342
v -0.04280996 0.40068707 -0.04187224
v -0.04234113 0.40069738 -0.04165904
v -0.01420193 0.39815131 -0.04739384
v 0.04302775 0.39096978 -0.04381271
v -0.22490008 -0.04261908 0.49550313
v -0.22770694 -0.04261509 0.50082105
v -0.21425331 -0.04873565 0.48862636
v -0.20205405 -0.06700926 0.50085801
v -0.21893263 -0.05198521 0.50083387
v -0.15867808 -0.38803986 -0.01299815
v -0.15731208 -0.38805604 -0.01850090
v -0.15732098 -0.38617539 -0.04152999
v -0.14469209 -0.39326072 -0.03523048
v -0.15492959 -0.39005905 -0.01299825
v -0.13607040 -0.39996547 -0.01993253
v -0.13604695 -0.39993730 -0.00603999
v -0.10762326 -0.40701997 -0.02658734
v -0.11861565 -0.40547097 -0.01717098
v -0.11862475 -0.40544662 -0.00879723
v -0.11137130 -0.40772614 -0.01298898
v -0.10739862 -0.40682149 0.00102957
v -0.11006629 -0.40449503 -0.04153141
v -0.12873319 -0.40065989 -0.03495223
v -0.10014957 -0.40659085 -0.04153040
v -0.05746374 -0.41421941 -0.01318627
v -0.05744668 -0.41418633 -0.01277064
v -0.08767381 -0.41197556 -0.01664915
v -0.07540452 -0.41186824 -0.04152323
v -0.06655832 -0.41379446 -0.01297347
v -0.08643795 -0.41260570 -0.01298095
v -0.08534967 -0.41284025 -0.01346516
v -0.08528518 -0.41271245 -0.01243190
v -0.08776286 -0.41188344 -0.00912351
v -0.06174888 -0.41378576 -0.02194892
v -0.05703379 -0.41421264 -0.01296997
v -0.05685027 -0.41418317 -0.01376422
v -0.05198641 -0.41378167 -0.01296873
v -0.05829784 -0.41378859 -0.01086725
v -0.05692206 -0.41411090 -0.01232197
v -0.06944903 -0.41272545 -0.04152209
v -0.07156236 -0.41276488 -0.04101316
v -0.04298655 -0.41200030 -0.04151930
v -0.03066864 -0.41176355 -0.01695306
v -0.02489608 -0.40849835 -0.04152156
v -0.02968432 -0.41173080 -0.01296329
v -0.02754099 -0.41150126 -0.01409141
v -0.02743711 -0.41129580 -0.01173121
v -0.03159709 -0.41083318 -0.00709963
v 0.01029236 -0.40332246 -0.03375734
v -0.00397669 -0.40598440 -0.01683917
v -0.00425028 -0.40543786 -0.00881019
v 0.00420749 -0.40512383 -0.01296314
v 0.01082033 -0.40284050 0.00886468
v 0.00524198 -0.40389991 -0.04152284
v -0.01440729 -0.40703639 -0.03817453
v 0.01417135 -0.40256554 -0.04152321
v 0.01713046 -0.40238857 -0.03561197
v 0.01918472 -0.40193456 -0.04152123
v 0.02301285 -0.40281430 -0.01295684
v 0.03447421 -0.40170452 -0.01895433
v 0.03458858 -0.40148765 -0.00683248
v 0.01673396 -0.40200138 0.01054049
v 0.05026140 -0.40015501 -0.01971454
v 0.05014986 -0.39993435 -0.00605193
v 0.06471072 -0.39835304 -0.01292684
v 0.04274475 -0.40025315 -0.03478987
v 0.06445257 -0.39596114 -0.03805704
v 0.07132216 -0.39526039 -0.03322108
v 0.07132225 -0.39485437 -0.04148291
v 0.08258237 -0.39375320 -0.03584643
v 0.07693255 -0.39633185 -0.01291559
v 0.09578783 -0.39332294 -0.02306564
v 0.09585127 -0.39321968 -0.00266693
v 0.10310281 -0.39148197 -0.02397731
v 0.10305820 -0.39139813 -0.00175073
v 0.12604252 -0.38997734 -0.01287569
v 0.09990271 -0.39225441 -0.03076019
v 0.11034763 -0.39029935 -0.03238676
v 0.12848705 -0.38925177 -0.02121283
v 0.12848562 -0.38828105 -0.04143815
v 0.15443584 -0.38639563 -0.02846504
v 0.13068984 -0.38948950 -0.01287332
v 0.15646042 -0.38630676 -0.02653228
v 0.15641235 -0.38644630 0.00074870
v 0.15763785 -0.38620490 -0.02658298
v 0.15770550 -0.38633496 0.00080506
v 0.15707409 -0.38620019 -0.02770685
v 0.15877114 -0.38592640 -0.02799330
v 0.18566641 -0.38124228 -0.04142196
v -0.20283914 -0.35677618 -0.01300360
v -0.22048379 -0.34029788 -0.01300481
v -0.20102914 -0.35851181 -0.01300357
v -0.20118441 -0.35779640 -0.01504609
v -0.19324127 -0.36043146 -0.04152577
v -0.19839352 -0.36030656 -0.01476878
v -0.18007842 -0.37370768 -0.02146807
v -0.18589166 -0.36783594 -0.03599268
v -0.16224986 -0.38530689 -0.01546453
v -0.17153294 -0.37812901 -0.03443280
v -0.19834764 -0.36039543 -0.01119266
v -0.18016502 -0.37390608 -0.00443279
v -0.16236252 -0.38530868 -0.01047379
v -0.18586117 -0.36513937 0.01136297
v -0.16967933 -0.37722725 0.00936194
v -0.21208777 -0.34487578 -0.03677537
v -0.21325345 -0.34310535 -0.04152708
v -0.21447138 -0.34210509 -0.04074291
v -0.21447212 -0.34209466 -0.04152729
v -0.21416388 -0.34234330 -0.04137352
v -0.20136045 -0.35797760 -0.01060027
v -0.20952713 -0.34740949 0.00574813
v -0.15730600 -0.38820264 -0.00720754
v -0.14507911 -0.39348075 0.00945349
v -0.12870575 -0.40154693 0.00940806
v -0.07151961 -0.40822983 0.01278992
v -0.01436915 -0.40579158 0.01161822
v 0.04276156 -0.40000528 0.00876772
v 0.06526351 -0.39639422 0.01261266
v 0.07132913 -0.39582953 0.00847097
v 0.08143793 -0.39436123 0.01060995
v 0.09991271 -0.39188519 0.00478050
v 0.10962042 -0.38996136 0.00625071
v 0.12849118 -0.38899666 -0.00507160
v 0.16377956 -0.38508406 -0.02379741
v 0.16430482 -0.38509947 -0.00218278
v 0.15443650 -0.38642442 0.00274647
v 0.15708743 -0.38635924 0.00205305
v 0.15882990 -0.38597101 0.00229357
v 0.15708938 -0.38510525 0.00942040
v 0.18394992 -0.38164619 -0.01286139
v 0.18567656 -0.38133463 -0.02038042
v 0.18809715 -0.38027138 -0.01286129
v 0.18568185 -0.37984574 -0.00233975
v 0.19922683 -0.37757915 -0.03465369
v 0.20873854 -0.37404445 -0.02161466
v 0.22370130 -0.36629909 -0.01773122
v 0.21427384 -0.37153357 -0.03392317
v 0.20867461 -0.37392467 -0.00417624
v 0.22376756 -0.36618018 -0.00804735
v 0.19572920 -0.37585542 0.01068839
v 0.21428418 -0.36843956 0.00977129
v 0.23156583 -0.36251861 -0.01285502
v 0.23321360 -0.36118349 -0.02210664
v 0.23933043 -0.35657158 -0.01285436
v 0.23256484 -0.36054176 -0.00490672
v 0.22873403 -0.36376375 -0.04141788
v 0.24287042 -0.35507587 -0.04142146
v 0.25010076 -0.34950367 -0.02699530
v 0.25306803 -0.34737569 -0.04142525
v 0.25249359 -0.34721562 -0.01285567
v 0.26712626 -0.33670300 -0.02280897
v 0.24744827 -0.34686065 0.00659936
v 0.27340254 -0.33189702 -0.02521742
v 0.27146456 -0.33349651 -0.02988860
v 0.27555040 -0.33006999 -0.02919629
v -0.30196717 -0.27208886 -0.02822896
v -0.30102620 -0.27292454 -0.02645256
v -0.27959594 -0.29343122 -0.02560506
v -0.26976514 -0.29971802 -0.01302466
v -0.29802349 -0.27544567 -0.02518879
v -0.28070220 -0.28938502 -0.01302925
v -0.27410337 -0.28798026 0.01045566
v -0.28452015 -0.29189470 -0.04157392
v -0.30015779 -0.27410299 -0.02878213
v -0.26154462 -0.30815506 -0.01302228
v -0.27162281 -0.30472049 -0.04156354
v -0.26531118 -0.30768690 -0.02896497
v -0.26470071 -0.31052500 -0.04155631
v -0.24811357 -0.31811154 -0.02221255
v -0.24056619 -0.32330069 -0.02480352
v -0.24304461 -0.32304108 -0.02987601
v -0.23518091 -0.32824260 -0.02334977
v -0.23844402 -0.32594484 -0.02956754
v -0.24963102 -0.31505504 -0.00534397
v -0.23949771 -0.32121348 -0.00225589
v -0.23238975 -0.32824677 -0.00404247
v -0.24300905 -0.31580257 0.00748708
v -0.23491746 -0.32420787 0.00530658
v -0.26186198 -0.30426139 -0.00392781
v -0.21442294 -0.34153378 0.01358034
v -0.21353316 -0.34207216 0.01510101
v 0.27068049 -0.32803649 0.00102110
v 0.27147225 -0.32803574 -0.00195677
v 0.27738836 -0.32803223 -0.02419468
v 0.28605270 -0.32074437 -0.03445405
v 0.27123204 -0.32755589 0.00117608
v 0.27204761 -0.32688659 0.00084058
v 0.26830295 -0.32961944 0.00300232
v 0.27085742 -0.32772928 0.00172445
v 0.27147245 -0.32711384 0.00187816
v 0.29224008 -0.31247377 -0.01288486
v 0.29672533 -0.31046847 -0.03485224
v 0.30463696 -0.29949212 -0.01289556
v 0.29433298 -0.30807820 0.00429228
v 0.29650778 -0.31200844 -0.04144838
v 0.30002487 -0.30799568 -0.04145102
v 0.30999905 -0.29519153 -0.02150781
v 0.31427383 -0.29234171 -0.04146115
v 0.31093279 -0.29275924 -0.01290028
v 0.32643273 -0.27525780 -0.02503344
v 0.30796194 -0.29315871 -0.00022256
v 0.32918417 -0.27213916 -0.02659543
v 0.32858953 -0.27297372 -0.02820278
v 0.32970458 -0.27150643 -0.02774823
v -0.33447415 -0.23416699 -0.03005254
v -0.32645452 -0.24264887 -0.01307948
v -0.33620101 -0.22918412 -0.01309449
v -0.33005103 -0.22979255 0.01265240
v -0.33703238 -0.23253833 -0.04165484
v -0.30275941 -0.27118483 -0.02602170
v -0.31906396 -0.25197244 -0.01306877
v -0.30487368 -0.26882553 -0.02968760
v -0.32869533 -0.24184006 -0.04164297
v -0.32139173 -0.24961995 -0.02702900
v -0.32026646 -0.25269428 -0.04162914
v -0.30014041 -0.27118650 -0.01299414
v -0.30255961 -0.26632175 -0.00120721
v -0.29925844 -0.26945624 0.00036516
v -0.29755479 -0.27118859 -0.00005159
v -0.28736299 -0.27755940 0.00761831
v -0.30012107 -0.26780269 0.00292592
v -0.29774928 -0.27000192 0.00242060
v -0.34752619 -0.21894205 -0.03223644
v -0.31992689 -0.24818851 -0.00199260
v 0.32750535 -0.27094704 0.00083124
v 0.32857966 -0.27094796 -0.01046825
v 0.33007184 -0.27094904 -0.02644953
v 0.33127373 -0.26960710 -0.02853356
v 0.32818046 -0.27016246 0.00097182
v 0.33022603 -0.26764482 -0.00028804
v 0.32596755 -0.27224940 0.00266906
v 0.32775331 -0.27053779 0.00177432
v 0.32857302 -0.26950774 0.00208441
v 0.34612554 -0.24892618 -0.01291982
v 0.34799820 -0.24753070 -0.02318491
v 0.35117060 -0.24239981 -0.01292244
v 0.34740493 -0.24694777 -0.00382607
v 0.34686923 -0.25153455 -0.04147866
v 0.35715115 -0.23635457 -0.04148490
v 0.36041293 -0.23138374 -0.03495661
v 0.36164087 -0.23036322 -0.04148680
v 0.36495030 -0.22421974 -0.03759126
v 0.36183137 -0.22322163 -0.01292776
v 0.35795522 -0.22894654 0.01398863
v -0.36845276 -0.19117260 -0.04170023
v -0.35465509 -0.20901157 -0.02485383
v -0.35720313 -0.20651460 -0.03119845
v -0.35038891 -0.21410021 -0.02398558
v -0.35291141 -0.21195376 -0.02954619
v -0.35269180 -0.20510995 -0.00333740
v -0.34579653 -0.21410212 -0.00453013
v -0.33230504 -0.22654667 0.01364024
v -0.35718602 -0.19577751 0.01032321
v -0.34703571 -0.20902878 0.00625130
v -0.37566325 -0.17630491 -0.04171092
v -0.38574672 -0.14712858 -0.04174023
v -0.37976417 -0.16826068 -0.03872404
v -0.36887333 -0.18555310 -0.01314014
v -0.36942941 -0.18555236 -0.01721691
v -0.37039793 -0.18341643 -0.01421093
v -0.37033948 -0.18330194 -0.01201663
v -0.36746490 -0.18555343 -0.00513936
v 0.36807302 -0.21384475 -0.01839572
v 0.36797488 -0.21384583 -0.00751673
v 0.37369376 -0.20783603 -0.03323024
v 0.38347605 -0.18640688 -0.04151031
v 0.37640715 -0.19523355 -0.01791355
v 0.37635827 -0.19514436 -0.00801219
v 0.35915542 -0.22711754 0.01461720
v 0.37167102 -0.20683506 0.00835625
v 0.38417006 -0.18451121 -0.04151046
v 0.38116482 -0.18529022 -0.01294276
v 0.38314787 -0.18528627 -0.03636671
v 0.38217458 -0.18529212 0.00853830
v 0.38975894 -0.16479912 -0.02319875
v 0.38901189 -0.16330637 -0.00196104
v 0.38572133 -0.17889923 -0.03831813
v 0.39234638 -0.16003972 -0.03054196
v -0.38696361 -0.14327225 -0.04113527
v -0.38659695 -0.14311519 0.01494794
v -0.38755220 -0.14085414 -0.03813067
v -0.39286357 -0.12120829 -0.02751784
v -0.39114255 -0.12837848 -0.01319475
v -0.39434567 -0.11702142 -0.01320409
v -0.38705134 -0.14136554 0.01274544
v -0.39339682 -0.12175597 0.00003802
v -0.38737705 -0.14184582 -0.04174581
v -0.39413527 -0.11827341 -0.04176749
v -0.38574433 -0.14810503 -0.03087674
v -0.38362724 -0.15697177 -0.01422870
v -0.38351226 -0.15697247 -0.01205457
v -0.38436806 -0.15422058 -0.01317278
v -0.38573727 -0.14697985 0.00679523
v -0.37713274 -0.16696721 0.01109841
v -0.39568579 -0.10910296 -0.03680430
v 0.39306626 -0.15673025 -0.02356508
v 0.39534092 -0.15192568 -0.03204151
v 0.39166766 -0.15673141 -0.00164536
v 0.38571626 -0.17493778 0.01043116
v 0.39110178 -0.15942045 0.00401508
v 0.39324257 -0.15297268 0.00508256
v 0.40054825 -0.12923697 -0.01296288
v 0.40078425 -0.12893887 -0.01450190
v 0.40174574 -0.12643924 -0.01642325
v 0.40107277 -0.12816916 -0.01296284
v 0.41247353 -0.10326184 -0.01297314
v 0.40073055 -0.12888545 -0.01153037
v 0.40176409 -0.12641992 -0.00946679
v 0.40249640 -0.13655321 -0.04152025
v 0.40786785 -0.11710361 -0.04152573
v 0.40905690 -0.11126474 -0.03890605
v 0.41430366 -0.09078472 -0.04153299
v -0.40346062 -0.07809384 -0.01668074
v -0.39855939 -0.09978849 -0.01962952
v -0.39992839 -0.09258978 -0.03469824
v -0.40339705 -0.07797372 -0.00985758
v -0.39838928 -0.09979018 -0.00689150
v -0.39651871 -0.10868953 0.00995975
v -0.39967534 -0.09248192 0.00836841
v -0.40507215 -0.07120620 -0.01324396
v -0.40571713 -0.07120184 -0.02463535
v -0.41010940 -0.05099505 -0.02334870
v -0.40971631 -0.05177854 -0.00353405
v -0.40455365 -0.07120916 -0.00416090
v -0.40497816 -0.07586423 -0.04179928
v -0.40699783 -0.06753983 -0.04180275
v -0.41182411 -0.04385867 -0.02876393
v 0.41417265 -0.09960617 -0.01303931
v 0.41417256 -0.09960617 -0.01290986
v 0.40910226 -0.11128670 0.01298726
v 0.41422537 -0.09945276 -0.01297470
v 0.42382926 -0.07103931 -0.01298777
v 0.41430223 -0.09848031 -0.01522577
v 0.41430208 -0.09926966 -0.01230203
v 0.41585585 -0.08609863 -0.04075787
v 0.41773263 -0.08189308 -0.03468021
v 0.41609958 -0.08442438 -0.04153407
v 0.41959065 -0.08796659 0.01293062
v 0.42204210 -0.06449608 -0.02606296
v 0.42003626 -0.05962256 -0.04153378
v 0.42164534 -0.05308325 -0.03786468
v 0.42458776 -0.06304432 -0.01298924
v 0.42184865 -0.07777487 0.00048127
v 0.42492297 -0.06737612 -0.00566640
v -0.42002985 -0.01692756 -0.04180209
v -0.41283333 -0.03971965 -0.02607850
v -0.41428420 -0.03548468 -0.03109865
v -0.41199598 -0.04262665 -0.02638596
v -0.41229236 -0.04162798 -0.02852923
v -0.41265100 -0.03937496 -0.00059241
v -0.41170466 -0.04263421 -0.00025250
v -0.41148934 -0.04403166 0.00243299
v -0.41427019 -0.03173616 0.00648779
v -0.41207239 -0.04153004 0.00214080
v -0.42249781 -0.00993346 -0.04180055
v -0.42857921 0.00736290 -0.03466585
v -0.42055494 -0.01405586 -0.01324215
v -0.42093310 -0.01405241 -0.02847649
v -0.42404398 -0.00504982 -0.01773630
v -0.42315832 -0.00329257 -0.00785318
v -0.41924888 -0.01405751 0.00534351
v 0.42656949 -0.04247360 -0.01912075
v 0.43018562 -0.04247312 -0.00505078
v 0.42398474 -0.03303390 -0.03670240
v 0.42331421 -0.02368956 -0.04154607
v 0.42972204 -0.01617855 -0.01413371
v 0.43037942 -0.01749281 -0.01121211
v 0.43102199 -0.04839816 0.00721053
v 0.43252385 -0.03729826 0.00645803
v 0.42424721 -0.00460718 -0.04156119
v 0.42416662 0.00529171 -0.03664140
v 0.43015486 -0.01391487 -0.01300278
v 0.42961580 -0.01391482 -0.01505391
v 0.42960417 -0.01188810 -0.01401788
v 0.42982000 -0.01145674 -0.01177570
v 0.43033347 -0.01391439 -0.00951661
v -0.43618143 0.04310093 -0.01319112
v -0.43044996 0.01452133 -0.01940562
v -0.42850870 0.01452153 -0.00607232
v -0.43387014 0.03240346 -0.01320347
v -0.43275234 0.02377263 -0.03674198
v -0.43504435 0.03657976 -0.02622835
v -0.43335253 0.03354190 -0.04176614
v -0.42527395 0.00899952 0.00657905
v -0.42768604 0.02125048 0.00779573
v -0.43475032 0.04932110 -0.02562799
v -0.43281838 0.05237736 -0.04174723
v -0.43189490 0.06284539 -0.03627697
v -0.43490678 0.05587176 -0.01318124
v -0.43348768 0.03812658 -0.00325709
v -0.43470514 0.04929253 -0.00081041
v 0.42186922 0.04320082 -0.01305092
v 0.42703295 0.01464172 -0.01938317
v 0.42852190 0.01464315 -0.00592185
v 0.42354816 0.03309307 -0.01304244
v 0.42184532 0.02515082 -0.03782386
v 0.42072815 0.03533093 -0.02877991
v 0.42043841 0.03198224 -0.04159565
v 0.43023282 0.00832307 0.00757938
v 0.42854118 0.02181285 0.00841245
v 0.41777745 0.05402396 -0.03470811
v 0.41708162 0.05609725 -0.04161631
v 0.41433078 0.06959601 -0.04162590
v 0.41658464 0.05860783 -0.04048841
v 0.41551158 0.06943103 -0.01306657
v 0.42355728 0.03815714 -0.00295727
v 0.41879070 0.05301857 0.00657065
v -0.43219534 0.07167329 -0.01847896
v -0.43164477 0.07167631 -0.00759072
v -0.42968732 0.07938345 -0.03516535
v -0.42385066 0.09544802 -0.04173084
v -0.42647791 0.09612242 -0.01522896
v -0.42632890 0.09582963 -0.01096140
v -0.43125719 0.06316183 0.00961256
v -0.43141517 0.08026949 0.00969725
v -0.42206472 0.10413901 -0.04173170
v -0.42499393 0.10024653 -0.01316756
v -0.42451885 0.10024442 -0.02121549
v -0.42473018 0.10024658 -0.00555945
v -0.41350463 0.12729259 -0.02669224
v -0.41398847 0.12828943 0.00083429
v -0.41427180 0.12494711 -0.02939590
v -0.41296387 0.12817189 -0.02811321
v 0.41146392 0.08459978 -0.04019691
v 0.41094556 0.08432874 0.01377884
v 0.41064125 0.08974438 -0.03422368
v 0.40606967 0.10629887 -0.02506125
v 0.40866297 0.10031082 -0.01308499
v 0.40536815 0.11086309 -0.01309307
v 0.40953147 0.09085535 0.00582750
v 0.40610683 0.10632215 -0.00105744
v 0.41009250 0.08816348 -0.04163976
v 0.40268445 0.10876110 -0.04165801
v 0.41434962 0.07418232 -0.01792179
v 0.41501692 0.07175552 -0.01340075
v 0.41494766 0.07175539 -0.01276958
v 0.41477832 0.07260888 -0.01306836
v 0.41435120 0.07351555 -0.00954791
v 0.41714790 0.05889002 0.01408105
v 0.39897832 0.12228450 -0.03397518
v -0.40449283 0.14839466 -0.01768381
v -0.41285679 0.12882645 -0.02675181
v -0.41250715 0.12970933 -0.02834212
v -0.40819931 0.14096448 -0.00496211
v -0.41376156 0.12882993 0.00085566
v -0.41425779 0.12748450 0.00177674
v -0.41383436 0.12861773 0.00131626
v -0.41352925 0.12919463 0.00146860
v -0.40072936 0.15740666 -0.01318177
v -0.40077752 0.15740602 -0.01475637
v -0.40036634 0.15816028 -0.01355827
v -0.40035424 0.15813726 -0.01281672
v -0.40064487 0.15740681 -0.01186954
v -0.40451393 0.15251115 -0.04173949
v -0.40051538 0.16428702 -0.04174140
v -0.39522868 0.17644252 -0.03698961
v -0.38573125 0.19672522 -0.04174595
v 0.38484615 0.15694495 -0.04170793
v 0.39253932 0.14231509 -0.02068043
v 0.38580737 0.15489182 -0.04043832
v 0.39752778 0.12886587 -0.02153323
v 0.39455521 0.13324083 -0.03177126
v 0.39351553 0.14425093 -0.00654302
v 0.39944953 0.12886311 -0.00564469
v 0.40099430 0.12127088 0.00876464
v 0.39697266 0.13443476 0.00673846
v 0.38445336 0.15810317 -0.04170910
v 0.37672183 0.18142875 -0.03200109
v 0.38677257 0.15741912 -0.01314357
v 0.38480145 0.15742540 -0.03969384
v 0.37988168 0.17409405 -0.02149751
v 0.37954140 0.17340076 -0.00516463
v 0.38702184 0.15741369 0.01301981
v -0.38845962 0.18598443 -0.01455431
v -0.38837907 0.18598555 -0.01185071
v -0.38903624 0.17336689 0.01370165
v -0.38699046 0.18853647 -0.01318266
v -0.37309560 0.21456856 -0.01318501
v -0.38572514 0.19456826 -0.03034443
v -0.38571197 0.18889119 -0.00737671
v -0.38435569 0.19958274 -0.04105811
v -0.37837642 0.20763154 -0.02704307
v -0.38337785 0.20145051 -0.04174586
v -0.37797982 0.19641083 0.01150678
v -0.37276977 0.21589375 -0.01583286
v -0.37280005 0.22238533 -0.04174038
v -0.36385226 0.23982695 -0.03079015
v -0.37228426 0.21624938 -0.01318514
v -0.36496997 0.22753105 -0.00670890
v -0.37340882 0.21259892 -0.00925011
v -0.37236005 0.21548611 -0.01135127
v -0.35625571 0.24133289 0.00018651
v 0.36428320 0.21453397 -0.01320086
v 0.35225520 0.23298636 -0.01321914
v 0.35496062 0.22646388 0.01066642
v 0.37524289 0.18597949 -0.02216069
v 0.37458470 0.18597123 -0.00451613
v 0.36735210 0.20611565 -0.01319171
v 0.37233084 0.19273293 -0.03421501
v 0.36600995 0.20898323 -0.02430415
v 0.36692390 0.20508268 -0.04175933
v 0.37605688 0.18108422 0.00599883
v 0.38582534 0.16005298 0.01409194
v 0.37146848 0.19315204 0.00828491
v 0.35910791 0.22700681 -0.03816662
v 0.35858274 0.22817640 -0.04179198
v 0.35729977 0.23000689 -0.03941463
v 0.35729983 0.23048472 -0.04179456
v 0.35806894 0.22920375 -0.04140789
v 0.36593115 0.20889847 -0.00192928
v -0.36166844 0.24316129 -0.02521855
v -0.36104193 0.24509014 -0.02938242
v -0.35717332 0.24315828 -0.00713093
v -0.35927743 0.24734285 -0.02536850
v -0.35719240 0.25094825 -0.03134080
v -0.34446263 0.26860768 -0.01159736
v -0.35532847 0.24315672 0.00017931
v -0.35716271 0.23765752 0.00384168
v -0.35515204 0.24214877 0.00210404
v -0.35343817 0.24502084 0.00296230
v -0.34313798 0.27174678 -0.01316326
v -0.34315804 0.27174699 -0.01368686
v -0.33959708 0.27505428 -0.01976135
v -0.34298897 0.27193332 -0.01325620
v -0.34298790 0.27193144 -0.01307087
v -0.34257951 0.27237940 -0.01316295
v -0.34306443 0.27174667 -0.01282537
v -0.34224504 0.27239612 -0.01186455
v -0.34696180 0.26663309 -0.04171849
v -0.32862806 0.28509390 -0.04170275
v -0.32815036 0.28557467 -0.04074871
v -0.32798222 0.28572926 -0.04170228
v -0.32665113 0.28704074 -0.04071472
v -0.32411301 0.29133666 -0.01315393
v -0.32603031 0.28346971 0.01028505
v 0.29778105 0.29526049 -0.01321427
v 0.32165575 0.26808983 -0.04179730
v 0.33483553 0.25519657 -0.02146029
v 0.32878208 0.26122582 -0.03658528
v 0.34419793 0.24309275 -0.01979218
v 0.34148261 0.24945050 -0.03387953
v 0.33503607 0.25559285 -0.00520058
v 0.34460205 0.24308991 -0.00686036
v 0.35092485 0.23200198 0.01215906
v 0.32879204 0.25876907 0.00890726
v 0.33802870 0.24771248 0.00568846
v 0.30343994 0.28433150 -0.04177823
v 0.30023754 0.28800663 -0.03762518
v 0.30023536 0.28708121 -0.04177478
v 0.30113629 0.28638446 -0.04132557
v 0.32191145 0.27163747 -0.01322748
v 0.32097071 0.27164406 -0.02614312
v 0.30701607 0.28665644 -0.01321945
v 0.31702486 0.27664328 -0.01572932
v 0.31709179 0.27677116 -0.01065762
v 0.31956825 0.27163589 -0.00313276
v -0.31441656 0.30033660 -0.02024343
v -0.31357738 0.30033141 -0.00564454
v -0.30808762 0.30436599 -0.03144068
v -0.30426249 0.30878904 -0.02320430
v -0.29128629 0.31785104 -0.01867777
v -0.30004412 0.31130135 -0.03289327
v -0.30391160 0.30810681 -0.00275364
v -0.29167747 0.31704876 -0.00721574
v -0.31872869 0.29096323 0.01047369
v -0.30727047 0.30395448 0.00474965
v -0.30002248 0.30930883 0.00561232
v -0.28300402 0.32344010 -0.01314290
v -0.28184944 0.32503030 -0.02093294
v -0.27509868 0.32892889 -0.01313931
v -0.28028101 0.32346088 -0.00223260
v -0.28608894 0.32195586 -0.04168870
v -0.27146742 0.33211538 -0.04168025
v -0.26429367 0.33605710 -0.02735241
v -0.26193780 0.33846879 -0.04167242
v -0.26114106 0.33687383 -0.01312964
v -0.24927710 0.34473878 -0.02101031
v -0.24960515 0.34406304 -0.00556778
v -0.26265368 0.33441585 -0.00217028
v -0.23947757 0.35069466 -0.02397564
v -0.23921797 0.35018349 -0.00250454
v -0.24289221 0.34933221 -0.03147558
v -0.23458657 0.35336801 -0.03153198
v -0.21433571 0.36146846 -0.04163978
v 0.18598911 0.36463228 -0.04154664
v 0.21087046 0.35557893 -0.02917013
v 0.21326342 0.35481742 -0.02602710
v 0.21418560 0.35664457 0.00081267
v 0.23709378 0.33706278 -0.02957825
v 0.25496906 0.32879019 -0.01315306
v 0.21700424 0.35254347 -0.02490351
v 0.21533500 0.35588035 0.00042922
v 0.23503891 0.34118545 -0.01311354
v 0.23998603 0.33993372 0.00911494
v 0.23288381 0.33799058 -0.04164246
v 0.21456750 0.35354531 -0.02926866
v 0.25686759 0.32768032 -0.01315657
v 0.24313700 0.33195710 -0.04166280
v 0.25633973 0.32770771 -0.01531644
v 0.25804448 0.32197499 -0.04169359
v 0.25874513 0.32613713 -0.01448321
v 0.27716291 0.31115723 -0.02199143
v 0.27168939 0.31355491 -0.03411173
v 0.29190457 0.30020097 -0.01737632
v 0.28234997 0.30554700 -0.03279887
v 0.25853503 0.32655770 -0.01204560
v 0.27781931 0.31245151 -0.00503602
v 0.29298037 0.30019584 -0.00957278
v 0.27170062 0.31695861 0.00946873
v 0.28448114 0.30658466 0.00747044
v 0.25653955 0.32790536 -0.01139286
v 0.30025563 0.29222876 0.00270570
v 0.30413306 0.28784075 0.01340889
v -0.22628780 0.35752124 -0.01908419
v -0.22563291 0.35751629 -0.00745288
v -0.24287643 0.34675884 0.00651896
v -0.23354773 0.35284388 0.00581730
v -0.21687308 0.36263552 -0.01309948
v -0.21432236 0.36241740 -0.02286999
v -0.21035996 0.36543944 -0.01309436
v -0.21430887 0.36357188 -0.00100070
v -0.20302737 0.36616784 -0.03598420
v -0.19331256 0.37265310 -0.01980218
v -0.17402585 0.38100308 -0.01561977
v -0.18576474 0.37369955 -0.03540910
v -0.19340912 0.37286866 -0.00647130
v -0.17395630 0.38113019 -0.01057192
v -0.20544243 0.36737186 0.01102550
v -0.18572778 0.37610945 0.01046841
v -0.16988344 0.38295993 -0.01305978
v -0.16850036 0.38315523 -0.01898928
v -0.16133165 0.38612956 -0.01304854
v -0.16883403 0.38349834 -0.00781372
v -0.17204592 0.37926400 -0.04159363
v -0.15720131 0.38594002 -0.04157641
v -0.14743006 0.39067307 -0.02208311
v -0.13894346 0.39130527 -0.04154943
v -0.14579219 0.39194438 -0.01302944
v -0.13900375 0.39391807 -0.01690048
v -0.13872400 0.39445859 -0.00886725
v -0.14791963 0.39117646 -0.00296636
v -0.10180781 0.39866194 -0.03792465
v -0.12044825 0.39844561 -0.01912669
v -0.12076423 0.39910388 -0.00652734
v -0.10686421 0.40099803 -0.01297181
v -0.10550731 0.39770699 -0.04149914
v -0.12861744 0.39508128 -0.03707674
v -0.10002281 0.39860499 -0.04149056
v -0.09856647 0.39899939 -0.03859032
v -0.09656718 0.39872462 -0.04148579
v -0.09394102 0.40266350 -0.01295220
v -0.07763737 0.40227365 -0.02096925
v -0.07647817 0.40454847 -0.00375502
v -0.06574824 0.40346670 -0.02155053
v -0.06682114 0.40564629 -0.00319701
v -0.04739588 0.40552157 -0.01290411
v -0.07140942 0.40088949 -0.03410535
v -0.04351466 0.40081584 -0.04107437
v -0.04280845 0.40094119 -0.04047145
v -0.04280951 0.40080702 -0.04142556
v -0.04210002 0.40081736 -0.04107181
v -0.03832399 0.40585029 -0.01289786
v -0.01962821 0.40385607 -0.02172036
v -0.01842001 0.40623301 -0.00288121
v 0.01232376 0.39835146 -0.03722644
v -0.00843785 0.40327829 -0.02142968
v -0.00964263 0.40571731 -0.00313477
v 0.00871872 0.40331191 -0.01289093
v 0.00901920 0.39775068 -0.04140547
v -0.01418828 0.40114993 -0.03393431
v 0.01441653 0.39726132 -0.04140394
v 0.01682861 0.39803633 -0.03660383
v 0.02409999 0.39560223 -0.04140410
v 0.02072920 0.40215701 -0.01289097
v 0.03432202 0.39729530 -0.01845264
v 0.03585165 0.40033078 -0.00580915
v 0.06113804 0.38990450 -0.02044280
v 0.05390792 0.39300629 -0.01632537
v 0.05266075 0.39550757 -0.00821230
v 0.06048691 0.39237812 -0.01289509
v 0.06775714 0.39648950 0.00782050
v 0.04941860 0.38932610 -0.04140575
v 0.04302990 0.39191374 -0.03852254
v 0.07164304 0.38357306 -0.04141689
v 0.09078066 0.38138074 -0.04142758
v 0.11395457 0.38491231 -0.01351964
v 0.10024260 0.38035315 -0.03856456
v 0.11401516 0.38503245 -0.01240814
v 0.08525774 0.38680398 -0.01431023
v 0.09934492 0.38609400 -0.01292107
v 0.08782282 0.38610101 -0.01662742
v 0.08540772 0.38720706 -0.01290897
v 0.08640938 0.38699666 -0.01335682
v 0.08663294 0.38744292 -0.01224000
v 0.08201450 0.39004740 -0.00503120
v 0.11512607 0.38491720 -0.01293477
v 0.11648756 0.38413846 -0.01682110
v 0.11255324 0.38608557 -0.00896293
v 0.11548001 0.38514701 -0.01106351
v 0.11398824 0.37921840 -0.04144595
v 0.14195055 0.38373166 -0.01295884
v 0.12882225 0.37863293 -0.04146214
v 0.13957626 0.38252985 -0.02002196
v 0.14020748 0.37747499 -0.04147618
v 0.14468323 0.38293761 -0.01452340
v 0.16761555 0.37786829 -0.01706618
v 0.15740719 0.37575710 -0.03636007
v 0.17870772 0.36810911 -0.03790110
v 0.14445806 0.38338810 -0.01162596
v 0.16810325 0.37883857 -0.00939200
v 0.14129126 0.38423914 -0.00931059
v 0.15203638 0.38605067 0.00482411
v 0.17694420 0.37554866 -0.01299915
v 0.15964592 0.38604051 0.01109484
v 0.18179677 0.37592962 0.00714446
v 0.18598844 0.36701322 -0.03210706
v 0.20937991 0.35742745 -0.02473215
v 0.21292597 0.35741410 0.00037805
v 0.19199684 0.36945039 -0.01302269
v 0.21364318 0.35694966 0.00165950
v 0.21456979 0.35636115 0.00172019
v 0.20879340 0.36030582 0.00409004
v 0.18811768 0.37385061 0.01127100
v -0.12856452 0.39683628 0.01019422
v -0.10151390 0.40122664 0.01479512
v -0.09995905 0.40144664 0.01358297
v -0.09738198 0.40173718 0.01429140
v -0.07136568 0.40559375 0.00590615
v -0.05395124 0.40604794 0.01003075
v -0.04276066 0.40597993 0.00459453
v -0.03126021 0.40619576 0.00989043
v -0.01415182 0.40674317 0.00535435
v 0.00334926 0.40599561 0.01008677
v 0.01445612 0.40480855 0.00690856
v 0.02173468 0.40406969 0.01199959
v 0.04306364 0.40084988 0.00828077
v 0.10025565 0.39343160 0.01192733
v 0.15741552 0.38744453 0.01485020
v -0.09545922 -0.08779572 0.47005156
v -0.07145946 -0.09977999 0.49018517
v -0.08280759 -0.09411335 0.48096347
v -0.07833894 -0.09977682 0.49008250
v -0.04797748 -0.09975751 0.50093919
v -0.06698731 -0.10872114 0.50093073
v -0.07734763 -0.11156334 0.50092435
v -0.10002691 -0.08750423 0.46835113
v -0.10510139 -0.08804836 0.46979800
v -0.12042595 -0.09569724 0.48254699
v -0.10002801 -0.09079868 0.47233778
v -0.12397479 -0.09976996 0.48893648
v -0.12858476 -0.09976960 0.48972985
v -0.10002783 -0.10435142 0.49175185
v -0.09400033 -0.11181689 0.50091583
v -0.10574988 -0.11120339 0.50091159
v -0.12406659 -0.10881244 0.50090528
v -0.14888521 -0.09975264 0.50089562
v -0.13225818 -0.10711304 0.50090367
v -0.15729123 -0.38460484 0.01554966
v -0.14203760 -0.39196572 0.02317029
v -0.13290484 -0.39372367 0.03404845
v -0.12901965 -0.38600463 0.05803595
v -0.10401451 -0.40345985 0.02338449
v -0.12349780 -0.39565659 0.03502224
v -0.12818275 -0.38625267 0.05791194
v -0.10519605 -0.39547753 0.04412695
v -0.11048897 -0.40474284 0.01556846
v -0.12869520 -0.39851820 0.02322655
v -0.10011005 -0.40613082 0.01557036
v -0.09609745 -0.40354902 0.02357619
v -0.08543734 -0.40686616 0.01557551
v -0.09487362 -0.39568800 0.04413118
v -0.07876968 -0.39976698 0.03711646
v -0.07501048 -0.39228037 0.05491675
v -0.04760156 -0.40418351 0.02493490
v -0.06437915 -0.39949390 0.03699518
v -0.06807892 -0.39208204 0.05501904
v -0.04865106 -0.39667749 0.04416509
v -0.05942675 -0.40776139 0.01558719
v -0.07151508 -0.40628490 0.01934387
v -0.04293269 -0.40764475 0.01559598
v -0.03861593 -0.40382200 0.02422847
v -0.02906617 -0.40642953 0.01560315
v -0.03759981 -0.39588746 0.04417245
v -0.02094138 -0.39837345 0.03646927
v -0.01793126 -0.39236477 0.05489582
v 0.01232145 -0.40135068 0.01937296
v -0.00776199 -0.39841944 0.03650414
v -0.01077136 -0.39240134 0.05487925
v 0.00884821 -0.39591157 0.04418992
v 0.00715472 -0.40299657 0.01561506
v -0.01436598 -0.40378475 0.02060448
v 0.01419864 -0.40216058 0.01561749
v 0.01603605 -0.40130746 0.01929554
v 0.01845529 -0.40159422 0.01561970
v 0.01947122 -0.39573747 0.04419623
v 0.03718762 -0.39633727 0.03549930
v 0.03896577 -0.39278978 0.05469106
v 0.04777880 -0.39519322 0.03493677
v 0.04611443 -0.39187172 0.05515003
v 0.06832067 -0.39118308 0.04421987
v 0.04276543 -0.39750528 0.02374729
v 0.06341083 -0.39547175 0.01960641
v 0.07133184 -0.39319015 0.02813053
v 0.07133056 -0.39525998 0.01565086
v 0.08489901 -0.39263648 0.02244377
v 0.07379454 -0.39007235 0.04422206
v 0.09774543 -0.38945854 0.03211946
v 0.10169791 -0.38870674 0.03174671
v 0.09990942 -0.38965040 0.02769645
v 0.10669456 -0.38851565 0.02657187
v 0.12849602 -0.38722539 0.01569442
v 0.18568528 -0.37791666 0.01570550
v -0.21622780 -0.33193150 0.04409609
v -0.19179416 -0.35974154 0.01554596
v -0.17544417 -0.36456180 0.04020764
v -0.18585303 -0.36388105 0.01910296
v -0.16812785 -0.37645909 0.02096837
v -0.17460020 -0.36289412 0.04716547
v -0.21000202 -0.34472179 0.01554531
v -0.21441421 -0.33952296 0.02153797
v -0.21442102 -0.34117526 0.01554470
v -0.21325603 -0.34193400 0.01612690
v -0.18308255 -0.35677558 0.04410377
v -0.19119349 -0.35677680 0.02624395
v -0.21021591 -0.33658904 0.04409717
v -0.19611882 -0.34880805 0.04011314
v -0.19489305 -0.34638262 0.04930265
v -0.16396250 -0.37191114 0.04410417
v -0.17796528 -0.35677737 0.05698115
v -0.16204600 -0.36623123 0.06303061
v -0.15726849 -0.38028809 0.03405415
v -0.14697637 -0.38530749 0.03897065
v -0.13146490 -0.38529471 0.05699194
v -0.15431216 -0.37942919 0.04410410
v -0.12940012 -0.38566169 0.05876026
v -0.12866281 -0.38586664 0.05867903
v -0.12759174 -0.38582668 0.05892759
v -0.13320331 -0.38302705 0.06066002
v -0.12866208 -0.38529280 0.05982947
v -0.15536870 -0.36918956 0.06895070
v -0.10008166 -0.39074486 0.05507831
v -0.07894678 -0.38898480 0.06215100
v -0.07149338 -0.38965440 0.06063094
v -0.06436453 -0.38881516 0.06200057
v -0.07149249 -0.38525671 0.06831560
v -0.04292721 -0.39115137 0.05599836
v -0.02246052 -0.38927969 0.06251264
v -0.01436132 -0.39030308 0.06100696
v -0.00403156 -0.39038587 0.06363977
v -0.01435568 -0.38523066 0.07745434
v 0.01420126 -0.39239013 0.05856036
v 0.03175567 -0.39070266 0.06399772
v 0.04276843 -0.39096421 0.06138740
v 0.05141421 -0.38950199 0.06282447
v 0.09267712 -0.38514820 0.05490620
v 0.07133578 -0.38908598 0.05207802
v 0.09991097 -0.38514137 0.05043747
v 0.11555427 -0.38513124 0.03778860
v 0.09918926 -0.38370174 0.05780535
v 0.10069751 -0.38357472 0.05774374
v 0.09674905 -0.38356709 0.06010838
v 0.09991206 -0.38318050 0.05951202
v 0.10826690 -0.38097280 0.06270911
v 0.12694506 -0.38203037 0.04426578
v 0.12849681 -0.38283753 0.03968346
v 0.13029121 -0.38154933 0.04426781
v 0.12850198 -0.37851679 0.05751294
v 0.15242489 -0.38278836 0.02765708
v 0.15526903 -0.38147438 0.03181460
v 0.15952899 -0.38026118 0.03242204
v 0.15709338 -0.38197312 0.02841707
v 0.16670707 -0.38031775 0.02518868
v 0.15227607 -0.37549514 0.05373465
v 0.16306093 -0.37323800 0.05260913
v 0.13552855 -0.37437034 0.06933089
v 0.15711142 -0.37037104 0.06595189
v 0.17948358 -0.37272704 0.04427617
v 0.18033430 -0.36550200 0.06212382
v 0.18568826 -0.37577230 0.02557156
v 0.19479635 -0.36694407 0.04427628
v 0.19347534 -0.37473336 0.01959714
v 0.20410788 -0.36480427 0.04016111
v 0.21428749 -0.36598915 0.02042244
v 0.20303321 -0.36265585 0.04731682
v 0.21598434 -0.35658121 0.04428043
v 0.19396991 -0.36259782 0.05631912
v 0.20577955 -0.35657799 0.05584016
v 0.22296524 -0.35657921 0.03304628
v 0.23628899 -0.34889525 0.02889571
v 0.22631621 -0.35204679 0.04201125
v 0.22539759 -0.35020936 0.04746972
v 0.23434013 -0.34510130 0.04427917
v 0.22431873 -0.36158255 0.01571704
v 0.24288669 -0.34889650 0.01571400
v 0.24549973 -0.34491739 0.02093252
v 0.24782749 -0.34477600 0.01571194
v 0.25607201 -0.33572841 0.02229500
v 0.24688530 -0.33601454 0.04427487
v -0.27284664 -0.28673238 0.01809801
v -0.27418819 -0.27649373 0.04407684
v -0.27393919 -0.28663456 0.01552361
v -0.27156365 -0.28874382 0.01552425
v -0.25277457 -0.30459309 0.01553237
v -0.23688745 -0.31609932 0.03589451
v -0.24299154 -0.31291348 0.02213844
v -0.22119829 -0.32825670 0.04069398
v -0.23234296 -0.32293737 0.02449946
v -0.23545700 -0.31328213 0.05088086
v -0.21934676 -0.32825720 0.04657592
v -0.24292246 -0.30046526 0.07228234
v -0.22287004 -0.31823766 0.06840318
v -0.26640567 -0.29058677 0.02581516
v -0.27803785 -0.28221011 0.01876219
v -0.25091505 -0.29971367 0.04408825
v -0.25285417 -0.29971260 0.03527846
v -0.26345098 -0.28731769 0.04408175
v -0.25528789 -0.29578906 0.04212306
v -0.25488567 -0.29499435 0.04644670
v -0.24427545 -0.29971668 0.06995790
v -0.21438083 -0.33140707 0.05039801
v -0.20135885 -0.33602786 0.06615756
v -0.18579154 -0.34761679 0.06806832
v 0.21429431 -0.34661016 0.06786065
v 0.23145315 -0.33659244 0.06713217
v 0.25997260 -0.32803825 0.03573569
v 0.25389966 -0.32803375 0.04977474
v 0.24288934 -0.33360580 0.05543426
v 0.26658767 -0.32560134 0.02754351
v 0.26848412 -0.32207429 0.03296743
v 0.28125140 -0.30847439 0.03975771
v 0.27146879 -0.32123700 0.02657733
v 0.26596102 -0.31704211 0.05304661
v 0.28342411 -0.30412298 0.04656550
v 0.25362349 -0.31911728 0.06747289
v 0.27145356 -0.30257413 0.07127336
v 0.28705940 -0.30212775 0.04424462
v 0.28879821 -0.30254763 0.03813320
v 0.29001808 -0.29949331 0.04424177
v 0.28719467 -0.30094659 0.04715407
v 0.29202428 -0.29320818 0.05681625
v 0.29016131 -0.30883998 0.01568441
v 0.30002409 -0.29925406 0.01567306
v 0.30551296 -0.29071587 0.02665674
v 0.30911112 -0.28976938 0.01566123
v 0.32138476 -0.27454227 0.02633641
v 0.30704588 -0.28500700 0.04422265
v -0.32943377 -0.22917974 0.01707674
v -0.32968166 -0.21624918 0.04403462
v -0.33003265 -0.22907910 0.01547834
v -0.32863688 -0.23086159 0.01547990
v -0.31413656 -0.24967298 0.01549636
v -0.29519457 -0.26141101 0.03468107
v -0.30009344 -0.26085243 0.02461485
v -0.28307721 -0.27118033 0.03829947
v -0.29219836 -0.26723728 0.02584315
v -0.29320517 -0.25747028 0.05148969
v -0.27941859 -0.27117813 0.04802432
v -0.30004337 -0.24349287 0.07220095
v -0.28338009 -0.26284784 0.06669445
v -0.32402989 -0.23297939 0.02468651
v -0.33117363 -0.22711168 0.01674597
v -0.30978665 -0.24265136 0.04405880
v -0.31189844 -0.24265260 0.03916220
v -0.32299471 -0.22534595 0.04404315
v -0.31288555 -0.23974305 0.04259941
v -0.31235430 -0.23868729 0.04603893
v -0.30189201 -0.24264941 0.06892819
v -0.27151573 -0.27619177 0.05412175
v -0.26229498 -0.28084150 0.06804232
v 0.29706049 -0.28375113 0.07131631
v 0.32347828 -0.27095324 0.03247118
v 0.31884968 -0.27095586 0.05362916
v 0.30000937 -0.28254735 0.06743106
v 0.32599711 -0.26966819 0.02863904
v 0.32696196 -0.26774275 0.03152947
v 0.33521634 -0.25766611 0.03656349
v 0.32856879 -0.26664290 0.02776682
v 0.32526141 -0.26434460 0.05517571
v 0.33820075 -0.25170362 0.04884107
v 0.31982252 -0.26658535 0.06286020
v 0.32856876 -0.25803947 0.06494202
v 0.34465742 -0.24602848 0.04418658
v 0.34556639 -0.24512586 0.03875223
v 0.34809887 -0.24241093 0.04418428
v 0.34515530 -0.24471885 0.04880080
v 0.34385282 -0.25004241 0.01563445
v 0.35713488 -0.22997886 0.01562793
v 0.35802460 -0.22901762 0.01740670
v 0.35819873 -0.22865912 0.01562733
v 0.35963336 -0.22687912 0.01687471
v 0.36201152 -0.22361347 0.04417567
v 0.35750443 -0.22851460 0.07198296
v -0.36228645 -0.18810688 0.01542670
v -0.34914193 -0.19805828 0.03775614
v -0.35718021 -0.19325498 0.01928494
v -0.33197123 -0.21411115 0.04235249
v -0.34419775 -0.20761663 0.02324274
v -0.34796768 -0.19572438 0.04908683
v -0.33107892 -0.21411219 0.04526588
v -0.33405781 -0.20257378 0.06984470
v -0.36682659 -0.18072903 0.01541880
v -0.38573501 -0.14491054 0.01538064
v -0.37615764 -0.16648155 0.02019235
v -0.35869056 -0.18556236 0.04398786
v -0.36246151 -0.18555814 0.02599057
v -0.36710069 -0.17686020 0.03962292
v -0.36615556 -0.17497943 0.04926784
v -0.35315776 -0.18556917 0.06455258
v -0.32861000 -0.21595743 0.04772786
v -0.31678760 -0.22248106 0.06669448
v 0.36936301 -0.21385497 0.03805750
v 0.37027505 -0.21385583 0.05074022
v 0.37330395 -0.20765799 0.02369583
v 0.38161078 -0.18734288 0.01561222
v 0.37804523 -0.19854285 0.03754364
v 0.37850481 -0.19946782 0.05125177
v 0.35834613 -0.22752775 0.07212788
v 0.37385869 -0.20793876 0.06436367
v 0.38316238 -0.18401916 0.01561113
v 0.38561156 -0.18529247 0.04416674
v 0.38283029 -0.18529341 0.02136978
v 0.38559690 -0.18528144 0.07253236
v 0.39084482 -0.16699739 0.03501683
v 0.39072442 -0.16676259 0.05342517
v 0.38571328 -0.17650567 0.02000201
v 0.39225638 -0.16000155 0.02661649
v -0.38659531 -0.14311492 0.01580923
v -0.38743463 -0.14098305 0.01877876
v -0.39439046 -0.12277056 0.03268990
v -0.39244223 -0.12839994 0.04393228
v -0.39513120 -0.11864306 0.04392418
v -0.39340615 -0.12180240 0.05712191
v -0.38690221 -0.14209948 0.01537819
v -0.39507174 -0.11876559 0.01536144
v -0.38573432 -0.14443171 0.01886951
v -0.37903535 -0.15698904 0.04061074
v -0.37740150 -0.15699187 0.04812434
v -0.38202602 -0.14957775 0.04395264
v -0.37158889 -0.16422118 0.06546644
v -0.35715684 -0.17925645 0.06939066
v -0.38209987 -0.14452520 0.07070411
v -0.39726654 -0.10831620 0.02112194
v -0.38415235 -0.14113933 0.06937058
v 0.39401543 -0.15673034 0.03403467
v 0.39468133 -0.15225162 0.02540388
v 0.39380449 -0.15672357 0.05439621
v 0.38569269 -0.18493451 0.07255033
v 0.39299977 -0.16036871 0.06209245
v 0.39457947 -0.15228462 0.06287882
v 0.40133667 -0.13082734 0.04415498
v 0.40147710 -0.12963349 0.04121299
v 0.40333390 -0.12483798 0.03750341
v 0.40229833 -0.12816176 0.04415429
v 0.40647599 -0.11522961 0.04415084
v 0.40150231 -0.12965851 0.04715067
v 0.40304410 -0.12512147 0.05023026
v 0.40010053 -0.13535425 0.01559746
v 0.40652958 -0.11777034 0.01558912
v 0.40890473 -0.11118788 0.01828284
v 0.41429973 -0.09843649 0.01557886
v -0.40392160 -0.07908001 0.03997103
v -0.39883310 -0.09980193 0.03735252
v -0.40045983 -0.09288078 0.02270932
v -0.40444189 -0.08012922 0.04835048
v -0.40008733 -0.09981030 0.05109702
v -0.39654827 -0.10869518 0.06706552
v -0.40116233 -0.09325683 0.06474394
v -0.40598729 -0.07121980 0.04389529
v -0.40482146 -0.07121795 0.03424110
v -0.40951920 -0.05213968 0.03435769
v -0.40803787 -0.05508801 0.05195200
v -0.40619597 -0.07122441 0.05631866
v -0.40255249 -0.07708579 0.01533163
v -0.40484256 -0.06649138 0.01532535
v -0.41108117 -0.04423030 0.02801325
v 0.41204906 -0.09959774 0.04302246
v 0.41147423 -0.09959675 0.04555766
v 0.40711099 -0.11028069 0.06912721
v 0.41318661 -0.08585642 0.07215882
v 0.41265377 -0.09631175 0.04414465
v 0.42280811 -0.07103724 0.04413734
v 0.41364083 -0.08465531 0.07141072
v 0.41429755 -0.09528996 0.03552435
v 0.42011425 -0.08822908 0.01848253
v 0.42205286 -0.07756665 0.03108297
v 0.42305639 -0.08094329 0.01557348
v 0.42507482 -0.06753281 0.03712396
v 0.42954284 -0.06437478 0.01556818
v 0.43215686 -0.04782663 0.02449325
v 0.42467511 -0.06322864 0.04413385
v 0.42012674 -0.06258339 0.06102762
v -0.41805795 -0.01596129 0.01532994
v -0.41177821 -0.03766688 0.03209036
v -0.41425994 -0.03072705 0.02365709
v -0.41135359 -0.04263611 0.03106229
v -0.41173804 -0.04137152 0.02834237
v -0.41073549 -0.03560596 0.05465867
v -0.40997910 -0.04263531 0.05603403
v -0.40907815 -0.04522555 0.06075668
v -0.40946239 -0.04024182 0.06056280
v -0.41909775 -0.01163282 0.01533147
v -0.42029890 0.01148492 0.02659035
v -0.41466987 -0.01405317 0.04389547
v -0.41765201 -0.01405688 0.02213977
v -0.41840494 0.00617102 0.03379526
v -0.41554007 0.01188672 0.05686331
v -0.41150218 -0.01405965 0.06698446
v 0.42781299 -0.01391153 0.04410968
v 0.43116513 -0.04247084 0.03569618
v 0.42642558 -0.04247045 0.05018974
v 0.42766118 -0.01575838 0.04411062
v 0.43359405 -0.03783340 0.02521049
v 0.42793214 -0.01456404 0.04280487
v 0.43232730 -0.01918244 0.01555831
v 0.41888601 -0.05444391 0.07039680
v 0.42210951 -0.03209393 0.06877451
v 0.42798263 -0.01330936 0.04290475
v 0.43288100 -0.00891762 0.01555196
v 0.42910588 0.00776243 0.02293547
v 0.42767724 -0.01209594 0.04410766
v 0.42688066 -0.01561282 0.04751576
v 0.42608094 -0.01140632 0.04911608
v -0.42040238 0.01452006 0.03271088
v -0.41603532 0.01451409 0.05727242
v -0.42211464 0.01846435 0.02568639
v -0.42792821 0.03624514 0.01536269
v -0.42086458 0.02780425 0.03626934
v -0.41673395 0.01953524 0.05567047
v -0.41587427 0.01368898 0.05900057
v -0.41422814 0.00630797 0.06227464
v -0.41599563 0.01539832 0.05906142
v -0.41422266 0.01450976 0.06811967
v -0.43048292 0.05123266 0.01537441
v -0.42878658 0.06439243 0.02238299
v -0.42087281 0.04309049 0.04391671
v -0.42389619 0.04309338 0.03470833
v -0.42312041 0.05386084 0.03854530
v -0.41939521 0.06128739 0.05302002
v -0.41621250 0.04307662 0.06846339
v 0.41914326 0.04320905 0.04406112
v 0.41145277 0.06601967 0.04404060
v 0.41068637 0.05385527 0.06533892
v 0.42604217 0.01464869 0.03822060
v 0.42416734 0.01464934 0.04901307
v 0.42176795 0.02955947 0.04407080
v 0.42741042 0.02237820 0.02207158
v 0.42245924 0.03707050 0.03179434
v 0.42547071 0.03450129 0.01551080
v 0.41842100 0.00243041 0.07060096
v 0.41499484 0.02859717 0.07229537
v 0.41786557 0.05394200 0.02257509
v 0.41824868 0.05552071 0.01549294
v 0.41432735 0.06309562 0.02671463
v 0.41433823 0.06944649 0.01548606
v 0.41703671 0.05883489 0.01684420
v 0.41500196 0.02961723 0.07126734
v -0.42626262 0.07167128 0.03567885
v -0.41994238 0.07165813 0.05534184
v -0.42895007 0.07903826 0.02231020
v -0.42656910 0.09408355 0.01539250
v -0.42432213 0.09187855 0.03976398
v -0.42070058 0.08464031 0.05172943
v -0.41834491 0.06958390 0.06027273
v -0.41852862 0.07381650 0.06036615
v -0.41419762 0.07164152 0.07390051
v -0.41420108 0.09463079 0.06969110
v -0.42423111 0.10524817 0.01539279
v -0.42180973 0.10024364 0.04394572
v -0.42327005 0.10024579 0.03346913
v -0.41393271 0.12820859 0.02997510
v -0.41208905 0.12455337 0.05608976
v -0.41336715 0.10022359 0.07082024
v -0.41424209 0.12767842 0.02909242
v -0.41388190 0.12864685 0.02948605
v 0.41032761 0.07176028 0.04203748
v 0.41070575 0.08420960 0.01730275
v 0.40918556 0.07176157 0.04660798
v 0.40776941 0.06076953 0.06932738
v 0.40262324 0.08018358 0.06673287
v 0.40481913 0.09079558 0.04402244
v 0.40517476 0.09520362 0.03381443
v 0.40251997 0.10275264 0.03912303
v 0.40237787 0.10030665 0.04401528
v 0.40152901 0.10322289 0.04401278
v 0.40201345 0.09836125 0.04791043
v 0.40136060 0.10159778 0.04659762
v 0.40957698 0.08841823 0.01547742
v 0.40435076 0.10957178 0.01546266
v 0.40023226 0.12165152 0.02251797
v -0.41368383 0.12882693 0.02994514
v -0.41362181 0.12913753 0.02935572
v -0.41032454 0.12881435 0.05627142
v -0.41063985 0.12702289 0.06000461
v -0.40823221 0.13180509 0.06120710
v -0.39771882 0.15291864 0.04393258
v -0.39751017 0.15494688 0.03903158
v -0.39230943 0.16506684 0.02861152
v -0.39537033 0.15739687 0.04393021
v -0.39655632 0.15399531 0.05072010
v -0.39107394 0.16626087 0.06166053
v -0.40213692 0.15134521 0.01537697
v -0.39127949 0.16890484 0.01537032
v -0.38870102 0.17319961 0.01687096
v -0.38569248 0.17602356 0.02402224
v -0.38569850 0.17875874 0.01536916
v -0.38174373 0.17809868 0.04392301
v 0.39178333 0.14079186 0.03567377
v 0.39607328 0.12885839 0.03484564
v 0.39625379 0.13407916 0.02449154
v 0.39036626 0.13797620 0.05369844
v 0.39346021 0.12886253 0.05443382
v 0.39272711 0.12539861 0.06172886
v 0.38581753 0.14491485 0.06628619
v 0.39122716 0.13157299 0.06097242
v 0.37387913 0.17998910 0.02369644
v 0.38355699 0.15741304 0.04396734
v 0.37813041 0.17056972 0.03737956
v 0.37757826 0.16946527 0.04999033
v 0.38104957 0.15741509 0.06297581
v 0.38666508 0.15741275 0.01709529
v 0.38718915 0.15673104 0.01541486
v 0.38670713 0.15785418 0.01541423
v 0.38582551 0.15937051 0.01639219
v -0.38780773 0.17274407 0.07139938
v -0.37751326 0.18597375 0.03983573
v -0.37648609 0.18596950 0.04851245
v -0.38566151 0.17502542 0.06577026
v -0.37579286 0.19531688 0.02031724
v -0.36991888 0.20817506 0.01536586
v -0.36618650 0.20410798 0.03870070
v -0.36560655 0.20295855 0.04970774
v -0.37220669 0.19351712 0.06574692
v -0.35710147 0.21116596 0.07078957
v -0.36451250 0.21825017 0.01536591
v -0.35906971 0.21455270 0.04391909
v -0.36323822 0.21456118 0.02756103
v -0.35172251 0.23230273 0.03505771
v -0.34985828 0.22859523 0.05093994
v -0.35525364 0.21453522 0.06877127
v -0.35714489 0.22832562 0.02224116
v -0.34985107 0.23949659 0.02600062
v 0.35421848 0.22572139 0.02153140
v 0.35643318 0.21452670 0.04393404
v 0.34883264 0.22613876 0.04392436
v 0.35034406 0.22185238 0.05858099
v 0.35408419 0.22719769 0.01535707
v 0.37082344 0.18596709 0.03717709
v 0.36971217 0.18597028 0.05016590
v 0.36374980 0.19888502 0.04394142
v 0.36917505 0.19429600 0.02132904
v 0.35729980 0.22103834 0.01536073
v 0.36293298 0.20588970 0.02666171
v 0.36554748 0.20437846 0.01537357
v 0.37088203 0.17849404 0.06572327
v 0.35943016 0.19918692 0.07144419
v 0.34934840 0.23278914 0.01933877
v 0.35843372 0.20139338 0.07023387
v -0.34481716 0.24314356 0.03580719
v -0.34560040 0.24892563 0.02388327
v -0.34105861 0.24313720 0.05017627
v -0.34290054 0.23601404 0.06530704
v -0.33505297 0.25612894 0.04393590
v -0.33546060 0.26432943 0.02915482
v -0.32494909 0.27172610 0.04394736
v -0.33981031 0.26306027 0.01538804
v -0.32854038 0.25519288 0.06804655
v -0.32858479 0.27803096 0.01539679
v -0.32697275 0.25663492 0.07171665
v -0.32318306 0.28062895 0.02617916
v -0.32397535 0.28372240 0.01539971
v -0.30693233 0.29685789 0.02622036
v -0.31793946 0.27905437 0.04395402
v -0.30737138 0.28554025 0.05085418
v -0.32561341 0.26035103 0.06664649
v -0.31856370 0.27601933 0.05253659
v -0.29676402 0.29386169 0.05501286
v 0.27067038 0.29810387 0.05717270
v 0.31010392 0.27162892 0.04391202
v 0.27372906 0.29616147 0.05619890
v 0.29305273 0.28576639 0.04391598
v 0.29364526 0.27929720 0.05925033
v 0.31313017 0.26883671 0.04391180
v 0.31281197 0.26991302 0.04047650
v 0.31996828 0.26721743 0.01534518
v 0.31811190 0.26444978 0.04032007
v 0.33228433 0.25009215 0.03313762
v 0.32878804 0.25667053 0.02283239
v 0.33814076 0.24308334 0.03432061
v 0.33628702 0.24683955 0.02587528
v 0.31959686 0.26146573 0.04900073
v 0.33112293 0.24779908 0.05584555
v 0.33529586 0.24308631 0.05493622
v 0.33769858 0.23861627 0.06268150
v 0.32875639 0.24308935 0.07771804
v 0.32876551 0.24884810 0.06108334
v 0.33287326 0.24514197 0.06026065
v 0.30827537 0.27788562 0.03139130
v 0.30828378 0.28189230 0.01534717
v 0.30026221 0.28857809 0.02069983
v 0.30025947 0.29104960 0.01534790
v 0.30331075 0.28742820 0.01687267
v 0.31110823 0.26821548 0.05074537
v -0.30179718 0.30032083 0.03057614
v -0.30155605 0.30109614 0.02890792
v -0.30000407 0.30032018 0.03406536
v -0.30053952 0.30138728 0.03021394
v -0.29892746 0.30248165 0.03076011
v -0.30000842 0.30236995 0.02865930
v -0.28985986 0.30031314 0.05317314
v -0.29997885 0.28681695 0.06496958
v -0.29151446 0.29606974 0.06246666
v -0.27786291 0.31320295 0.04395819
v -0.27654994 0.31973416 0.02562207
v -0.25780490 0.32890794 0.04396493
v -0.28129408 0.31954938 0.01540765
v -0.27141115 0.31062347 0.06456342
v -0.27144665 0.32532877 0.01540862
v -0.26722708 0.31250983 0.07042965
v -0.25749880 0.32926306 0.04325632
v -0.25655705 0.33576569 0.01541616
v -0.25731096 0.32924256 0.04396511
v -0.25671437 0.32976788 0.04353607
v -0.25681815 0.32955900 0.04429043
v -0.25813657 0.32791200 0.04595263
v -0.25735360 0.32911801 0.04438510
v -0.23717159 0.34611318 0.03538498
v -0.23616254 0.34410626 0.05156443
v -0.24286833 0.34401762 0.02296348
v -0.23092362 0.35152960 0.02373883
v -0.21429789 0.36317101 0.01544471
v 0.24271603 0.31427491 0.07230640
v 0.21185052 0.35604239 0.02838219
v 0.21309476 0.35443744 0.03122300
v 0.21009773 0.34840438 0.05380741
v 0.23813641 0.33807391 0.02544006
v 0.24121694 0.32878774 0.04397046
v 0.21819754 0.35015562 0.03335005
v 0.22278863 0.34098685 0.05008694
v 0.23223041 0.33551651 0.04398604
v 0.24220324 0.31546012 0.07061066
v 0.23207816 0.33199972 0.05038614
v 0.23855662 0.34079644 0.01542349
v 0.21457522 0.35433877 0.02820905
v 0.26857150 0.30019474 0.05664723
v 0.25331283 0.32053843 0.04395164
v 0.24316373 0.31418785 0.07190867
v 0.24314183 0.33834693 0.01541558
v 0.25277597 0.32412460 0.03465101
v 0.26158848 0.32371634 0.01538348
v 0.27171415 0.30019253 0.05176336
v 0.26440418 0.31480819 0.03696158
v 0.27515566 0.30709210 0.03309429
v 0.27170378 0.31390172 0.02279756
v 0.28186899 0.30018747 0.03472255
v 0.28155431 0.30511421 0.02471272
v 0.26859909 0.29863697 0.05977754
v 0.27171290 0.29603252 0.06029668
v -0.22048900 0.35749763 0.04088207
v -0.21921107 0.35749495 0.04644614
v -0.24283853 0.33337212 0.07029005
v -0.22694261 0.34953111 0.06619866
v -0.21576099 0.36045632 0.04398371
v -0.21428621 0.36200890 0.03498157
v -0.21172699 0.36260718 0.04398552
v -0.21427721 0.36029938 0.04958709
v -0.20586573 0.36758566 0.01966201
v -0.19328317 0.37266535 0.03729414
v -0.17497505 0.37895933 0.04044805
v -0.18571860 0.37656748 0.02022236
v -0.19266078 0.37143937 0.05131389
v -0.17544548 0.37800169 0.04805683
v -0.20044115 0.36487186 0.06563835
v -0.18567888 0.37100929 0.06502374
v -0.16863564 0.38057443 0.04401902
v -0.16746998 0.38216719 0.03614961
v -0.14914902 0.38611796 0.04404417
v -0.16418421 0.37890238 0.05840429
v -0.17532396 0.38091019 0.01547037
v -0.15714693 0.38815236 0.01549268
v -0.12848338 0.38447633 0.07178924
v -0.14461945 0.38792488 0.04045188
v -0.14120838 0.39245987 0.01551214
v -0.14359835 0.38769355 0.04405114
v -0.14166249 0.38842589 0.04290503
v -0.14192875 0.38788682 0.04493455
v -0.14379039 0.38710082 0.04600808
v -0.13631102 0.38611931 0.05700730
v -0.11903989 0.39575946 0.03928191
v -0.11816116 0.39402097 0.04802034
v -0.10858864 0.39740092 0.04409942
v -0.12602714 0.38611999 0.06769778
v -0.10590407 0.39442563 0.06065617
v -0.12855278 0.39543658 0.02017060
v -0.10122439 0.40108252 0.01620434
v -0.09995522 0.40125072 0.01717506
v -0.09995706 0.40138927 0.01557372
v -0.09752061 0.40166602 0.01679091
v -0.09310128 0.40109414 0.04411774
v -0.07659987 0.40421167 0.03511923
v -0.07761992 0.40213412 0.05210723
v -0.09560414 0.39613688 0.06407931
v -0.06681530 0.40569997 0.03438268
v -0.06581849 0.40373665 0.05291303
v -0.04726750 0.40566379 0.04414411
v -0.04417299 0.39897755 0.06974682
v -0.07134622 0.40520060 0.02510739
v -0.05352223 0.40583652 0.02098871
v -0.04274265 0.40581691 0.02632946
v -0.04275109 0.40663576 0.01561974
v -0.03100524 0.40631577 0.02147438
v -0.03808375 0.40545541 0.04414530
v -0.01832625 0.40634915 0.03406855
v -0.01969498 0.40358496 0.05284577
v -0.04119868 0.39893314 0.06965783
v -0.00974594 0.40597236 0.03425801
v -0.00832473 0.40315497 0.05263493
v 0.00949864 0.40477332 0.04414744
v 0.01413125 0.40007517 0.07196999
v -0.01413610 0.40694201 0.02599593
v 0.00311439 0.40611446 0.02128643
v 0.01447013 0.40547639 0.02568118
v 0.01446398 0.40613627 0.01562479
v 0.02373248 0.40506291 0.02024356
v 0.01961087 0.40446389 0.04414809
v 0.03751481 0.40359953 0.03542656
v 0.03707870 0.40271991 0.05242414
v 0.01485785 0.40005830 0.07193715
v 0.06944832 0.39817053 0.02005027
v 0.04902077 0.40281194 0.03581277
v 0.04947174 0.40191513 0.05202599
v 0.06488213 0.40111870 0.04413952
v 0.07043583 0.39916211 0.07019831
v 0.06745110 0.39828542 0.01561691
v 0.04307178 0.40324247 0.02416402
v 0.07167090 0.39765865 0.01561500
v 0.07440123 0.39765799 0.02106382
v 0.07944052 0.39650109 0.01560934
v 0.07934289 0.39932889 0.04413272
v 0.09225793 0.39867666 0.03784265
v 0.09186137 0.39788944 0.05001548
v 0.07321116 0.39884886 0.06957589
v 0.12183995 0.39336365 0.02953338
v 0.10955400 0.39605257 0.03913250
v 0.10991268 0.39533326 0.04873399
v 0.11870517 0.39438438 0.04410689
v 0.11988430 0.39140677 0.05476494
v 0.11432218 0.39310616 0.01558223
v 0.10025672 0.39558631 0.02033900
v 0.12883201 0.39151037 0.01556986
v 0.16961287 0.38183936 0.04198546
v 0.16929299 0.38119692 0.04648716
v 0.15743297 0.37807894 0.06865086
v 0.17798212 0.36770967 0.06860107
v 0.13786653 0.39131081 0.03359490
v 0.15270156 0.38840067 0.01555381
v 0.15751654 0.38603574 0.04408272
v 0.14046556 0.39137435 0.04409251
v 0.14525065 0.39028665 0.04197187
v 0.14493209 0.38965002 0.04588943
v 0.13956138 0.38961875 0.05121536
v 0.14811091 0.38604343 0.05402853
v 0.16107222 0.38603669 0.02284990
v 0.17557886 0.37827721 0.04406888
v 0.17976548 0.37795937 0.02796457
v 0.15910852 0.38688585 0.01554919
v 0.15741609 0.38763541 0.01634693
v 0.20925415 0.35740721 0.03240485
v 0.20098731 0.35741287 0.05151661
v 0.19122422 0.36787534 0.04404882
v 0.18601158 0.36576408 0.06070692
v 0.20190069 0.36375439 0.02343136
v 0.18599473 0.37526906 0.01551617
v 0.18802375 0.37375352 0.01956579
v 0.18918979 0.37332255 0.01550989
v 0.20168343 0.35095054 0.06476642
v 0.21460834 0.33769929 0.06813641
v -0.07130368 0.40025330 0.06562226
v -0.01411124 0.39958203 0.06597222
v 0.04307828 0.40024349 0.06562173
v 0.10025294 0.39370632 0.06883980
v -0.10007113 -0.38056993 0.07269153
v -0.04292412 -0.38535541 0.07273936
v 0.01420487 -0.38896680 0.07276793
v 0.04239359 -0.38538679 0.08688039
v 0.04271805 -0.38531473 0.08713317
v 0.04283502 -0.38530770 0.08712977
v 0.04277825 -0.38535088 0.08699461
v 0.04304535 -0.38532755 0.08693954
v 0.07134247 -0.38539711 0.07280022
v 0.12850659 -0.37480652 0.07283631
v -0.21435626 -0.32436737 0.07265648
v -0.19796105 -0.33434063 0.08085056
v -0.19076860 -0.33823192 0.09193371
v -0.18712223 -0.33096376 0.11414905
v -0.16735031 -0.35264730 0.09295523
v -0.14477077 -0.35676375 0.10123673
v -0.17736056 -0.34505153 0.09535205
v -0.18264402 -0.33448672 0.11238522
v -0.16753949 -0.34890115 0.10122878
v -0.17698720 -0.35238808 0.07265691
v -0.18578246 -0.34444445 0.07883251
v -0.14322335 -0.35737145 0.10123713
v -0.15721656 -0.36656952 0.07265569
v -0.14480594 -0.35864738 0.09746463
v -0.15257841 -0.36872238 0.07265712
v -0.14233513 -0.35792857 0.10065354
v -0.11868009 -0.36539286 0.09692342
v -0.12864484 -0.37362289 0.08111385
v -0.11170414 -0.37681836 0.07850119
v -0.14265737 -0.35728407 0.10149877
v -0.11662906 -0.36129877 0.10353862
v -0.14319913 -0.35704276 0.10179824
v -0.14709428 -0.35259467 0.10959034
v -0.14209694 -0.35676169 0.10288066
v -0.11132523 -0.36277366 0.10125911
v -0.11982288 -0.35674298 0.11221772
v -0.11134221 -0.35973474 0.10726622
v -0.10006952 -0.37524435 0.08119740
v -0.09088545 -0.36692685 0.10127950
v -0.08776533 -0.37713549 0.07885404
v -0.07865606 -0.37093815 0.09416718
v -0.06594224 -0.37416261 0.09255953
v -0.07149377 -0.37726894 0.08300792
v -0.06057245 -0.37979451 0.08155274
v -0.08140131 -0.36545312 0.10565852
v -0.06308489 -0.36845109 0.10717630
v -0.07148144 -0.35735241 0.12953749
v -0.09085396 -0.36179608 0.11144584
v -0.04890651 -0.37328067 0.10130540
v -0.04755834 -0.36633587 0.12058316
v -0.04292168 -0.37935233 0.08951610
v -0.03803262 -0.37547693 0.10130982
v -0.01904625 -0.38288864 0.08468765
v -0.01616479 -0.38160846 0.08884875
v -0.01279090 -0.38211170 0.08859783
v -0.01435314 -0.38281119 0.08582491
v -0.01026818 -0.38318795 0.08499455
v -0.01933221 -0.37527207 0.11061411
v -0.00990015 -0.37634045 0.11115552
v -0.01434267 -0.37163004 0.12240107
v 0.01313804 -0.37148893 0.12935235
v -0.03923988 -0.36729524 0.12251168
v 0.01203213 -0.38085213 0.10133804
v 0.01421310 -0.38240182 0.09570421
v 0.04188092 -0.38519502 0.08752112
v 0.01628355 -0.38108358 0.10133933
v 0.01422813 -0.37223431 0.12731531
v 0.04277848 -0.38519445 0.08755109
v 0.04324707 -0.38519415 0.08730758
v 0.03930634 -0.37824348 0.11215585
v 0.04642262 -0.37793940 0.11200699
v 0.01564598 -0.37165052 0.12919156
v 0.04279435 -0.37486398 0.12081329
v 0.06766233 -0.37781414 0.10136936
v 0.06941926 -0.36898839 0.12604918
v 0.07134999 -0.38012603 0.09125664
v 0.07583545 -0.37622517 0.10137360
v 0.08829916 -0.37935984 0.08128627
v 0.09472438 -0.37478161 0.09229604
v 0.10645480 -0.37211990 0.09363419
v 0.09991986 -0.37690222 0.08297223
v 0.11977326 -0.37523437 0.07719593
v 0.09220742 -0.36975107 0.10794575
v 0.10898915 -0.36707923 0.10662812
v 0.09994216 -0.35897577 0.12878172
v 0.07380415 -0.36848202 0.12504464
v 0.11907928 -0.36631447 0.10140023
v 0.11930503 -0.36168897 0.11154887
v 0.12850882 -0.37315384 0.07740666
v 0.14085798 -0.36051932 0.10141492
v 0.13275969 -0.37299109 0.07496207
v 0.14463894 -0.36023483 0.09959809
v 0.15711357 -0.36612275 0.07761935
v 0.14406480 -0.35909006 0.10266092
v 0.15210858 -0.35659918 0.10141862
v 0.14074139 -0.35868061 0.10557111
v 0.14512284 -0.35660160 0.10601802
v 0.16602287 -0.35659361 0.09065395
v 0.17598854 -0.35201931 0.09227565
v 0.16885175 -0.35148183 0.09886389
v 0.16728708 -0.34835166 0.10554399
v 0.17665201 -0.34612834 0.10142155
v 0.17214742 -0.36409691 0.07285238
v 0.18570575 -0.35908484 0.07285118
v 0.19217910 -0.34877321 0.08578546
v 0.20202243 -0.35045207 0.07285097
v 0.19146533 -0.33952731 0.10141866
v 0.21075618 -0.33509347 0.09066512
v 0.21679132 -0.33301049 0.08962104
v 0.21429539 -0.33789724 0.08218965
v 0.22283104 -0.33228362 0.08286391
v 0.24288568 -0.32462943 0.07284106
v -0.24335979 -0.29993561 0.07265677
v -0.23036230 -0.30320346 0.09948489
v -0.24292168 -0.30028495 0.07294102
v -0.22127666 -0.31744552 0.07611869
v -0.23010480 -0.30269212 0.10271959
v -0.24411164 -0.29912266 0.07265639
v -0.27149397 -0.27125144 0.07264243
v -0.26120538 -0.28030446 0.07779437
v -0.23381950 -0.29971498 0.10123074
v -0.24337061 -0.29971680 0.07355591
v -0.25105542 -0.28745905 0.09509559
v -0.24959846 -0.28457558 0.10880512
v -0.22490041 -0.30714372 0.10122914
v -0.23215413 -0.29971483 0.10831551
v -0.22248647 -0.30583835 0.11348196
v -0.21434803 -0.32036760 0.08542575
v -0.20041412 -0.32825667 0.09426044
v -0.19063093 -0.32825375 0.11307362
v -0.20974427 -0.31908214 0.10122442
v -0.18773307 -0.32923499 0.11648981
v -0.18576573 -0.33056375 0.11666325
v -0.16791734 -0.33715829 0.12444548
v -0.19447273 -0.32390314 0.11985889
v -0.18576582 -0.32825100 0.12206709
v -0.21173772 -0.31139439 0.12460050
v -0.15720305 -0.34164611 0.12809284
v -0.15573384 -0.34176990 0.12907867
v -0.12862298 -0.34908566 0.12599236
v 0.15712062 -0.34220377 0.12277497
v 0.17282760 -0.33589026 0.12353682
v 0.20293166 -0.32803184 0.11001089
v 0.18571022 -0.33462095 0.11458619
v 0.21429615 -0.32802540 0.09926930
v 0.22274797 -0.32802248 0.09134775
v 0.21136408 -0.32217714 0.11275139
v 0.21925643 -0.31811771 0.11071685
v 0.20136449 -0.32157773 0.12214105
v 0.21429193 -0.31476134 0.12231065
v 0.23596215 -0.31421500 0.10139143
v 0.23591012 -0.30680600 0.11602798
v 0.24288234 -0.31914502 0.08363089
v 0.25670615 -0.30038676 0.10138124
v 0.25055081 -0.31758273 0.07666904
v 0.25743544 -0.30003545 0.10110442
v 0.27145207 -0.30144954 0.07380234
v 0.25735867 -0.29988277 0.10158085
v 0.25800970 -0.29948291 0.10138029
v 0.25671163 -0.29992923 0.10227369
v 0.25751027 -0.29948255 0.10208377
v 0.27292424 -0.29948416 0.07576318
v 0.27968729 -0.28742939 0.09532562
v 0.27732322 -0.28270948 0.10975417
v 0.27334830 -0.30043161 0.07281722
v 0.28088605 -0.29477257 0.07280877
v 0.29584402 -0.28314269 0.07487299
v 0.30000901 -0.28051591 0.07278731
v -0.30050036 -0.24287771 0.07262287
v -0.28873563 -0.24862266 0.09821025
v -0.30004251 -0.24325933 0.07292888
v -0.28114504 -0.26173627 0.07746986
v -0.28833711 -0.24783650 0.10380577
v -0.30098128 -0.24217999 0.07262219
v -0.32859132 -0.20757601 0.07258388
v -0.31422788 -0.22120297 0.07978320
v -0.29341060 -0.24264224 0.10119658
v -0.30046153 -0.24264896 0.07346212
v -0.30670840 -0.22747004 0.09357490
v -0.30539417 -0.22486420 0.11006986
v -0.27781135 -0.25848252 0.10121237
v -0.29080284 -0.24264041 0.11134364
v -0.27272281 -0.25561979 0.12721328
v -0.27146974 -0.26698470 0.09282798
v -0.26600283 -0.27117345 0.09849001
v -0.26397732 -0.27117252 0.10496331
v -0.26920721 -0.26666811 0.10121807
v -0.25481161 -0.27713072 0.12147705
v -0.24288219 -0.28736404 0.12361667
v -0.27023736 -0.25750226 0.12918682
v -0.27111313 -0.25658071 0.12913935
v 0.29835796 -0.27095497 0.10051899
v 0.29696068 -0.27095428 0.10286483
v 0.27143487 -0.28137907 0.12085836
v 0.28068119 -0.27556521 0.12025286
v 0.27142766 -0.27093408 0.14303373
v 0.29944140 -0.26982868 0.10134166
v 0.30000535 -0.27001131 0.09945223
v 0.30139717 -0.26817158 0.10134016
v 0.29999965 -0.26419008 0.11487046
v 0.31548411 -0.26441899 0.08050551
v 0.32051989 -0.25487763 0.09508698
v 0.32856712 -0.25346464 0.07828626
v 0.31927350 -0.25239211 0.10631744
v 0.30172476 -0.25754306 0.12902780
v 0.33357662 -0.24241170 0.10131746
v 0.32409918 -0.24240485 0.12096606
v 0.33754909 -0.24241304 0.09072326
v 0.35604939 -0.22921434 0.07489387
v 0.34017053 -0.23706917 0.09864097
v 0.33925971 -0.23524871 0.10489734
v 0.35201374 -0.22407137 0.10130280
v 0.33786869 -0.24706349 0.07275058
v 0.35712689 -0.22878560 0.07273822
v 0.35742620 -0.22843678 0.07333679
v 0.35760748 -0.22837763 0.07273797
v 0.35815701 -0.22762200 0.07325282
v 0.35894275 -0.21749827 0.10129602
v -0.33315516 -0.20212570 0.07486021
v -0.36604083 -0.16145177 0.08237347
v -0.36119029 -0.16509798 0.09086728
v -0.35857624 -0.15989183 0.11394697
v -0.33916807 -0.18926169 0.09374499
v -0.34185180 -0.18456878 0.09911428
v -0.34018123 -0.18557271 0.10112509
v -0.34567833 -0.17993256 0.09829906
v -0.34948751 -0.17230979 0.10774717
v -0.34185892 -0.18358068 0.10112312
v -0.34065452 -0.18337408 0.10552184
v -0.34355617 -0.19236529 0.07256435
v -0.35244882 -0.18321908 0.07255284
v -0.35715330 -0.17441013 0.07812703
v -0.32858357 -0.20519078 0.08328867
v -0.31757110 -0.21410860 0.09565143
v -0.31494400 -0.21410640 0.10797387
v -0.32385105 -0.20466846 0.10114664
v -0.30828217 -0.21823902 0.11958610
v -0.30000329 -0.22767779 0.12225431
v -0.31700784 -0.20560887 0.12393177
v -0.32472506 -0.19599472 0.12201040
v 0.32855570 -0.23554069 0.12644652
v 0.34475669 -0.22194964 0.12369114
v 0.36293316 -0.21385407 0.09838964
v 0.36155409 -0.21385355 0.10351311
v 0.35711986 -0.21665908 0.10690891
v 0.37262541 -0.20732163 0.08047986
v 0.38555887 -0.18534826 0.07272381
v 0.37612849 -0.19473392 0.09657077
v 0.37514687 -0.19277792 0.10504456
v 0.35869288 -0.20035255 0.12908001
v 0.38561019 -0.18524019 0.07272378
v 0.38063890 -0.18527791 0.10129657
v 0.38553309 -0.18528135 0.07304254
v 0.38446346 -0.15915324 0.11436060
v 0.37683469 -0.18527690 0.11217865
v 0.38971847 -0.16476746 0.09103800
v 0.38569254 -0.18489453 0.07291713
v 0.39240789 -0.16006708 0.08364990
v -0.39248657 -0.12090735 0.08604719
v -0.38678107 -0.12842536 0.10106644
v -0.39154676 -0.11154480 0.10105208
v -0.39489949 -0.11871296 0.07248817
v -0.36775982 -0.15700501 0.09212308
v -0.36124146 -0.15701035 0.11333182
v -0.37797910 -0.14155355 0.10108148
v -0.37866095 -0.14624526 0.07604887
v -0.38572162 -0.13620809 0.07250721
v -0.38306189 -0.14005540 0.07782689
v -0.38339475 -0.14154878 0.07251316
v -0.35956970 -0.15822862 0.11660314
v -0.35713488 -0.16058618 0.11717515
v -0.36239251 -0.15438072 0.11801194
v -0.35712597 -0.15701197 0.13213822
v -0.39731923 -0.10831057 0.07828595
v -0.37902501 -0.13605088 0.11630727
v -0.38402563 -0.11580270 0.12631720
v 0.38502097 -0.15670373 0.11525172
v 0.38568863 -0.15670401 0.11265966
v 0.39582860 -0.13645786 0.09713458
v 0.39255089 -0.15670635 0.09043767
v 0.39391088 -0.15260386 0.08290135
v 0.38522246 -0.15577155 0.11511879
v 0.38451502 -0.15728998 0.11617203
v 0.38486397 -0.15629178 0.11599746
v 0.38568977 -0.15208739 0.11789370
v 0.39689672 -0.12813905 0.10129411
v 0.39748308 -0.12814119 0.09627210
v 0.39803082 -0.12421516 0.09933005
v 0.39777297 -0.12370051 0.10351402
v 0.39413539 -0.12813734 0.11300401
v 0.39820737 -0.13439772 0.07272057
v 0.40405774 -0.11898403 0.07271941
v 0.40588552 -0.10966595 0.07691951
v -0.39554137 -0.09983336 0.09612095
v -0.40195876 -0.09366585 0.08059943
v -0.39369833 -0.09983598 0.10504662
v -0.38890502 -0.08717193 0.12800342
v -0.39625302 -0.07868933 0.10102913
v -0.39821604 -0.07300020 0.09751324
v -0.39861789 -0.06989007 0.09831934
v -0.39730135 -0.07124534 0.10102426
v -0.39780271 -0.06691158 0.10102204
v -0.39255732 -0.07867216 0.11585750
v -0.39392260 -0.06520712 0.11311341
v -0.40475404 -0.07599037 0.07246137
v -0.40650976 -0.06735280 0.07245746
v -0.38568220 -0.11156544 0.12447344
v -0.38419598 -0.11340405 0.12888721
v -0.40598696 -0.04677565 0.08260514
v 0.40605372 -0.09957901 0.09716906
v 0.41293243 -0.08598288 0.07338976
v 0.40518185 -0.09957744 0.10584013
v 0.39853454 -0.10598684 0.12199721
v 0.39994895 -0.09245920 0.12270009
v 0.40780160 -0.08661270 0.10128213
v 0.41296220 -0.08397639 0.07536627
v 0.40899855 -0.07101943 0.10127863
v 0.40832394 -0.05437933 0.10126927
v 0.40511996 -0.07613750 0.11152573
v 0.40524542 -0.06577601 0.11176930
v 0.41334373 -0.08483119 0.07271038
v 0.41428947 -0.07918956 0.07270755
v 0.41639200 -0.05884687 0.07691001
v 0.41789573 -0.05854630 0.07269825
v 0.41428548 -0.05182377 0.08253344
v 0.41731399 -0.05522871 0.07421035
v -0.40416551 -0.02250580 0.09679573
v -0.40252832 -0.04265267 0.09258898
v -0.40652391 -0.03878230 0.08287547
v -0.40278465 -0.01975052 0.10384242
v -0.39880961 -0.04266236 0.10757983
v -0.39058369 -0.05451631 0.12714027
v -0.39166439 -0.03138757 0.12658370
v -0.40450698 -0.01407709 0.10100761
v -0.40730202 -0.01406938 0.08630577
v -0.40828872 0.00262821 0.09266141
v -0.40447775 -0.00500641 0.10554311
v -0.40294954 -0.01408108 0.10701083
v -0.41059470 -0.01588152 0.07244817
v -0.41063970 -0.01226353 0.07244862
v -0.41142175 0.01310566 0.08533284
v 0.40889475 -0.04245985 0.09856750
v 0.40664065 -0.04245836 0.10508513
v 0.40091762 -0.05005755 0.12316408
v 0.40045083 -0.03508810 0.12291948
v 0.40590441 -0.02569841 0.10125062
v 0.40500286 -0.01389684 0.10124296
v 0.40400028 -0.00591783 0.10123692
v 0.40307507 -0.01696792 0.10739221
v 0.40293407 -0.01096587 0.10710125
v 0.41428530 -0.03543389 0.08719727
v 0.41968399 -0.03088097 0.07538307
v 0.41767448 -0.02479657 0.07945511
v 0.42038617 -0.02513562 0.07268088
v 0.41666165 -0.00198307 0.07737915
v 0.41851091 -0.00172844 0.07266070
v 0.41430593 0.00416854 0.08024443
v 0.41737986 0.00191073 0.07419529
v -0.41558385 0.04238719 0.07246382
v -0.41016951 0.02258224 0.09077242
v -0.41421190 0.03478801 0.07660152
v -0.41056475 0.01450168 0.08855511
v -0.41158092 0.01582102 0.08541406
v -0.40643290 0.03002676 0.10752455
v -0.40543991 0.01448795 0.11090626
v -0.39938724 0.00706304 0.12270267
v -0.40135619 0.02090233 0.12171271
v -0.41552973 0.04373463 0.07246424
v -0.40804720 0.04305511 0.10101552
v -0.41507018 0.04307310 0.07418644
v -0.40968269 0.06260961 0.09125160
v -0.40570092 0.05464137 0.10680930
v -0.40533507 0.04304687 0.11185951
v -0.41420451 0.05046907 0.07616287
v -0.41131321 0.07019266 0.08530996
v 0.40574905 0.01466137 0.09694358
v 0.40118611 0.01466741 0.10777928
v 0.39828062 0.00839603 0.12178725
v 0.39638343 0.01999817 0.12082598
v 0.40113515 0.04103071 0.10119439
v 0.40152675 0.04471390 0.09821440
v 0.40090352 0.04322711 0.10119232
v 0.40060019 0.04434999 0.10119123
v 0.40061343 0.04265155 0.10234550
v 0.40047672 0.04366641 0.10206949
v 0.40818697 0.05442472 0.07261357
v 0.41431883 0.02822877 0.07404710
v 0.41480660 0.02869131 0.07287667
v 0.41432005 0.03086987 0.07263115
v 0.41459310 0.02920846 0.07317957
v 0.41477606 0.02916312 0.07263251
v 0.40562373 0.06184871 0.07695730
v -0.40911031 0.08178319 0.09182435
v -0.41016766 0.07162844 0.08875799
v -0.41114563 0.07315467 0.08522777
v -0.40509000 0.08980096 0.10621750
v -0.40440613 0.07161024 0.11041345
v -0.40051281 0.06476814 0.12212890
v -0.40160042 0.07789147 0.12158622
v -0.40679875 0.10019688 0.10102800
v -0.41218537 0.10021871 0.07650646
v -0.40610871 0.11261687 0.09483315
v -0.40493894 0.11027926 0.10606785
v -0.40454060 0.10018750 0.11031541
v -0.41322091 0.09973287 0.07248616
v -0.41282320 0.10091114 0.07248625
v -0.40600479 0.12469694 0.08266793
v 0.39479339 0.08980006 0.09586769
v 0.39849097 0.07178010 0.09323531
v 0.39989686 0.07883263 0.07980816
v 0.39117450 0.08259517 0.11003002
v 0.39210975 0.07179680 0.11227478
v 0.39093462 0.06921500 0.11803546
v 0.38575375 0.07180917 0.12973081
v 0.38576573 0.08730714 0.12318684
v 0.38994852 0.07389227 0.11753592
v 0.39180079 0.10033752 0.10112679
v 0.38276544 0.12283532 0.11236063
v 0.38330540 0.10035539 0.12477121
v 0.39430165 0.10032798 0.08959718
v 0.38864481 0.12318845 0.08966953
v 0.39885980 0.09378052 0.07257278
v 0.39570975 0.10527491 0.07256081
v 0.38815221 0.12769699 0.08564751
v -0.40254265 0.12878546 0.09258093
v -0.40200981 0.13489717 0.08066693
v -0.40012145 0.12877072 0.10827632
v -0.40065950 0.12199452 0.12206218
v -0.39321238 0.13924226 0.12578167
v -0.39430368 0.14613873 0.10102992
v -0.39404583 0.15148939 0.08928841
v -0.38870642 0.16860446 0.07858559
v -0.38931525 0.15735506 0.10102603
v -0.39065111 0.14808218 0.11952201
v -0.39791259 0.14922544 0.07248503
v -0.38923055 0.16987887 0.07247555
v -0.38768017 0.17267968 0.07348689
v -0.38565195 0.17461455 0.07837465
v -0.38565618 0.17568062 0.07247436
v -0.38018784 0.17503190 0.10102435
v -0.37958980 0.16559254 0.11752979
v 0.38049948 0.12889370 0.11273804
v 0.38062689 0.15481645 0.07253670
v 0.38580340 0.12887816 0.09462343
v 0.38685149 0.13096122 0.08786505
v 0.38581163 0.13641521 0.08304546
v 0.38746256 0.12887162 0.08764988
v 0.38756308 0.12974967 0.08594127
v 0.37570474 0.14910568 0.10526644
v 0.37935939 0.12568343 0.11861256
v 0.37578183 0.13390985 0.12040053
v 0.37761652 0.16152388 0.07253382
v 0.36930194 0.17770594 0.07853957
v 0.37382102 0.15743183 0.10109643
v 0.37558168 0.15742782 0.09302698
v 0.37302738 0.16038984 0.09961626
v 0.37280864 0.15995568 0.10235625
v 0.37298739 0.15743421 0.10398085
v -0.37471098 0.18593553 0.09556349
v -0.37141851 0.18592295 0.10812701
v -0.37145674 0.19313683 0.07956854
v -0.36378396 0.19936159 0.09345800
v -0.35709864 0.21084303 0.07431416
v -0.36215472 0.19611672 0.11020799
v -0.37019646 0.17933217 0.12187514
v -0.36410350 0.18943830 0.11882940
v -0.35703838 0.18588966 0.14058350
v -0.35704926 0.19714622 0.12091883
v -0.35053009 0.21451095 0.10103031
v -0.35336694 0.21452707 0.07992262
v -0.34599000 0.22091702 0.09783438
v -0.34524223 0.21942821 0.10349067
v -0.34710351 0.21450391 0.10967849
v -0.35526755 0.21361551 0.07247241
v -0.35354030 0.21631491 0.07247359
v -0.34044355 0.23478276 0.07844198
v -0.32853597 0.25385857 0.07249707
v 0.34817061 0.19571540 0.12508108
v 0.32649449 0.24196099 0.08564483
v 0.32695889 0.23950388 0.08857010
v 0.32415205 0.23390514 0.11073810
v 0.34358367 0.21509977 0.09995279
v 0.34379119 0.21454091 0.10107195
v 0.34071943 0.21915239 0.09876240
v 0.34223863 0.21611367 0.10185698
v 0.34332564 0.21514288 0.10107140
v 0.34377983 0.21378604 0.10258386
v 0.34334204 0.21485889 0.10170680
v 0.34552711 0.22292495 0.07249959
v 0.32875177 0.23940048 0.08492982
v 0.36004096 0.18598345 0.09971337
v 0.35963219 0.18598478 0.10226186
v 0.35876277 0.18893261 0.10108832
v 0.35728908 0.18868744 0.10648726
v 0.35902771 0.19938876 0.07337966
v 0.35729569 0.20292151 0.07251032
v 0.35822567 0.20118669 0.07437265
v 0.35842335 0.20081976 0.07251182
v 0.35911494 0.17264993 0.12873557
v -0.32947788 0.24310079 0.10056341
v -0.32921270 0.24310030 0.10139883
v -0.33033884 0.22971345 0.12866351
v -0.32885122 0.24378403 0.10104787
v -0.32851657 0.24677041 0.09372917
v -0.32742423 0.24527313 0.10104907
v -0.32850853 0.24367487 0.10219734
v -0.32666194 0.25647843 0.07343502
v -0.32347584 0.25994870 0.07250017
v -0.31098422 0.26518956 0.09782145
v -0.31020689 0.26364204 0.10507757
v -0.31608385 0.25116605 0.12341169
v -0.29992059 0.26887220 0.12823112
v -0.30967820 0.27656400 0.07250999
v -0.30381319 0.27168435 0.10106702
v -0.30746579 0.27169567 0.08752319
v -0.29201859 0.28439096 0.09472589
v -0.29116505 0.28269041 0.10657081
v -0.27172124 0.29960826 0.10107683
v -0.29797021 0.27166110 0.12571874
v -0.29996869 0.28134155 0.07732716
v -0.28622159 0.29341212 0.07992363
v -0.27138767 0.30002782 0.10057879
v -0.27140582 0.30806872 0.07251652
v -0.27125463 0.30001116 0.10107708
v 0.24274825 0.29942232 0.10108925
v 0.28556725 0.27088544 0.10065752
v 0.28543302 0.27061942 0.10155424
v 0.27165759 0.26959211 0.12856871
v 0.29305455 0.25382578 0.12603772
v 0.24315068 0.29961225 0.09986387
v 0.24316366 0.31388351 0.07252964
v 0.26051930 0.29461291 0.08119057
v 0.28426927 0.27164862 0.10103989
v 0.24403875 0.29844457 0.10108780
v 0.26471674 0.28625509 0.09375635
v 0.26333594 0.28352267 0.10699141
v 0.26999983 0.27167571 0.12628868
v 0.28515890 0.27164766 0.09945567
v 0.28711510 0.26931125 0.10103938
v 0.28721151 0.27038535 0.09851403
v 0.28676754 0.27916873 0.07248159
v 0.27170280 0.28669590 0.08002157
v 0.32317755 0.24309129 0.08956152
v 0.31604207 0.24309893 0.10897364
v 0.30512327 0.25293428 0.10104162
v 0.30019552 0.25106460 0.11696061
v 0.32279772 0.24607037 0.08378944
v 0.30024010 0.26888007 0.07247714
v 0.30487907 0.26201653 0.08178262
v 0.30901587 0.26175487 0.07247657
v 0.31600255 0.23673770 0.12170666
v 0.32874191 0.22156546 0.12611811
v -0.27716750 0.28885773 0.12673482
v -0.27101198 0.30027699 0.10088951
v -0.27083001 0.30027670 0.10135590
v -0.27138621 0.29948020 0.10266534
v -0.26621246 0.31200039 0.07511459
v -0.25350547 0.32355624 0.07252303
v -0.25198889 0.31862476 0.09596345
v -0.25060481 0.31585947 0.10758205
v -0.25718358 0.30745339 0.12255155
v -0.24281149 0.31782666 0.12414277
v -0.24587341 0.33041304 0.07252549
v -0.23676395 0.32887471 0.10109045
v -0.24556975 0.32888913 0.07799454
v -0.23137741 0.33456621 0.09825014
v -0.23069461 0.33320123 0.10325354
v -0.22286183 0.34022063 0.10109000
v -0.23352638 0.32886672 0.11108214
v -0.22233346 0.33506447 0.11347383
v -0.24283566 0.33252183 0.07433856
v -0.22524217 0.34867644 0.07802136
v -0.21425033 0.35208076 0.09033013
v -0.21426114 0.35699069 0.07253435
v -0.21059468 0.35015529 0.10108796
v -0.18723750 0.35429609 0.11378697
v -0.21098456 0.33989537 0.12314133
v -0.18463616 0.35542616 0.11435109
v 0.15365483 0.34984329 0.11164933
v 0.16265522 0.34709346 0.11027779
v 0.17945515 0.34424961 0.10117155
v 0.17833191 0.33543456 0.11429011
v 0.22285008 0.31672135 0.09507664
v 0.24184924 0.30022636 0.10043999
v 0.24250960 0.31417188 0.07285790
v 0.22031310 0.31168121 0.10968414
v 0.24060977 0.30022857 0.10236217
v 0.21458088 0.30027768 0.14151318
v 0.21459636 0.30909878 0.11981399
v 0.22270250 0.30431634 0.11944547
v 0.18604451 0.34981841 0.08594572
v 0.18602508 0.36046690 0.07260909
v 0.19581619 0.34801871 0.07748144
v 0.20417343 0.32883495 0.10114468
v 0.19807571 0.33336443 0.10115267
v 0.20176964 0.33170494 0.09971544
v 0.20120227 0.33057028 0.10201360
v 0.19861548 0.33056432 0.10459298
v 0.20168343 0.32883921 0.10384144
v 0.21764596 0.32881320 0.07862940
v 0.24013580 0.31601685 0.07253446
v 0.21887727 0.33094200 0.07256914
v 0.21461511 0.33345029 0.07489190
v 0.24314225 0.29470053 0.11214986
v 0.24511386 0.28695601 0.12864366
v -0.19987637 0.35746962 0.09391155
v -0.19590831 0.36260268 0.08170037
v -0.18565661 0.35746723 0.10770311
v -0.18880138 0.36375651 0.08994901
v -0.18167058 0.36546406 0.09080397
v -0.18566719 0.36660686 0.08226601
v -0.17992665 0.35746783 0.11250976
v -0.18565305 0.35378256 0.11720335
v -0.18115699 0.35521489 0.11761320
v -0.16223879 0.36783662 0.10110346
v -0.16027254 0.37500203 0.07896084
v -0.16447233 0.37550077 0.07257001
v -0.15062729 0.37036058 0.10111417
v -0.15706089 0.36409730 0.11432195
v -0.15707573 0.37761092 0.07257742
v -0.15286899 0.37600416 0.08096313
v -0.13586581 0.38242137 0.07260036
v -0.13746470 0.37550601 0.09584091
v -0.11761860 0.37919214 0.09769728
v -0.12848143 0.38387051 0.07372768
v -0.13530436 0.37118971 0.10856481
v -0.11946315 0.37549013 0.10644169
v -0.14252284 0.36451358 0.12241368
v -0.12845437 0.36920872 0.12125659
v -0.11108126 0.37995753 0.10115279
v -0.11057797 0.38252977 0.09400182
v -0.10171191 0.37366116 0.12598835
v -0.12613608 0.38494462 0.07261048
v -0.08583201 0.38559192 0.10117190
v -0.09988687 0.39364126 0.07264278
v -0.08588987 0.38580105 0.10052637
v -0.08537997 0.38575274 0.10098676
v -0.08528257 0.38555807 0.10145469
v -0.07126428 0.37919629 0.12625855
v -0.08963967 0.39530391 0.07265021
v -0.08106096 0.38612604 0.10117491
v -0.08499576 0.38612509 0.10003371
v -0.09009162 0.38158831 0.11020669
v -0.04922997 0.39390153 0.08570572
v -0.05866199 0.38949767 0.09951058
v -0.05823519 0.38864833 0.10244475
v -0.05544337 0.38920450 0.10119013
v -0.06058972 0.38612899 0.10840133
v -0.05520620 0.38790354 0.10472510
v -0.04721436 0.39818579 0.07266825
v -0.07129131 0.39685363 0.07800767
v -0.04270577 0.39826730 0.07266915
v -0.01410088 0.38273898 0.12803009
v -0.03701558 0.39475524 0.08401152
v -0.03777994 0.39797908 0.07267024
v -0.03029490 0.38994303 0.10119827
v -0.02602938 0.39086556 0.09884164
v -0.02664573 0.38963008 0.10294151
v -0.03057498 0.38832131 0.10555904
v -0.02158657 0.38613707 0.11478224
v 0.01336832 0.39931235 0.07490903
v -0.00321032 0.39294422 0.09780654
v -0.00237863 0.39128315 0.10376550
v 0.00325994 0.39227667 0.10119984
v -0.00822623 0.38613805 0.11800027
v 0.00390876 0.38985509 0.10861415
v 0.01332914 0.39985174 0.07267826
v -0.01410549 0.39717340 0.07817912
v 0.01448646 0.39994463 0.07267824
v 0.04309189 0.38063809 0.12698232
v 0.01535109 0.39956510 0.07440289
v 0.01552805 0.39990857 0.07267801
v 0.02499773 0.39370364 0.10119556
v 0.03311644 0.39479586 0.09686784
v 0.03199619 0.39255357 0.10440023
v 0.02426256 0.39065537 0.11022237
v 0.03679471 0.38612336 0.11716327
v 0.06776045 0.39648837 0.08045716
v 0.05465663 0.39155424 0.09846995
v 0.05544301 0.38998348 0.10311639
v 0.05950788 0.39037114 0.10118424
v 0.05156016 0.38611400 0.11280473
v 0.05971578 0.38844758 0.10585050
v 0.06861877 0.39887136 0.07265764
v 0.04307878 0.39828706 0.07873717
v 0.07166828 0.39863151 0.07265596
v 0.11160977 0.38019541 0.09824990
v 0.10990232 0.37676817 0.10583737
v 0.10028894 0.35749918 0.14067772
v 0.10027489 0.37008217 0.12174718
v 0.11334804 0.36402649 0.12198772
v 0.07838388 0.39367592 0.08605948
v 0.07709034 0.39767879 0.07265382
v 0.09202865 0.38609162 0.10118593
v 0.08497305 0.38807452 0.10118562
v 0.08688756 0.38794458 0.10026196
v 0.08665701 0.38748264 0.10187902
v 0.08486733 0.38719100 0.10337341
v 0.08729079 0.38609448 0.10383564
v 0.10747077 0.38608104 0.08705283
v 0.11965074 0.37588847 0.10118741
v 0.11951920 0.38110459 0.09126268
v 0.10915975 0.39053121 0.07264009
v 0.10025210 0.39201722 0.07560618
v 0.14378035 0.35747850 0.10862698
v 0.13449454 0.36874843 0.10118575
v 0.12886909 0.36354053 0.11327480
v 0.12884246 0.38476360 0.07263342
v 0.13461708 0.37753427 0.08415031
v 0.14520904 0.37993670 0.07262930
v 0.15745947 0.35746592 0.10032754
v 0.15249681 0.36736587 0.09184943
v 0.16048697 0.36353725 0.08993696
v 0.15744039 0.37209067 0.07959466
v 0.16805211 0.35745433 0.09219006
v 0.17197827 0.36471391 0.07963406
v 0.14019421 0.34884295 0.12408581
v 0.15747628 0.33771086 0.12532519
v 0.01422922 -0.37137979 0.12989858
v -0.15720281 -0.34090170 0.12981234
v -0.15449978 -0.34115332 0.13116509
v -0.13374481 -0.33845446 0.14923602
v -0.12920997 -0.32939699 0.17208886
v -0.10560866 -0.34802234 0.14097176
v -0.12250909 -0.34040940 0.15022323
v -0.12784581 -0.32976845 0.17190294
v -0.10650741 -0.34112269 0.15840751
v -0.11567793 -0.35027683 0.12983862
v -0.12862089 -0.34492588 0.13574880
v -0.10004792 -0.35217732 0.12984650
v -0.07228390 -0.35710928 0.12985983
v -0.07148125 -0.35714254 0.13007745
v -0.09363377 -0.34885782 0.14266612
v -0.07210322 -0.35670847 0.13110441
v -0.09270214 -0.34284490 0.15841123
v -0.08093952 -0.34709692 0.15360311
v -0.07868692 -0.34260219 0.16547824
v -0.07066136 -0.35670763 0.13149819
v -0.05284786 -0.35236496 0.14974032
v -0.06112568 -0.34883675 0.15447867
v -0.06322632 -0.34464055 0.16445312
v -0.05335804 -0.34905544 0.15841824
v -0.06964584 -0.35762435 0.12986003
v -0.04291285 -0.36300784 0.12986082
v -0.03232681 -0.36567807 0.12986590
v -0.00052662 -0.35764599 0.15795636
v -0.01434098 -0.36681718 0.13494186
v 0.01367246 -0.37122184 0.13017626
v -0.00035594 -0.35730529 0.15875138
v -0.03048199 -0.35483736 0.15470210
v -0.00627725 -0.35668439 0.15843570
v -0.02596992 -0.35669482 0.15312420
v -0.03021366 -0.35351229 0.15842263
v -0.02748995 -0.35443729 0.15729411
v -0.02659714 -0.35265523 0.16044568
v 0.00037825 -0.35752362 0.15843950
v -0.00071584 -0.35668075 0.15978397
v 0.00038840 -0.35711193 0.15930237
v 0.00252237 -0.35411659 0.16356662
v 0.01422941 -0.37118596 0.13038366
v 0.02736475 -0.35899997 0.15845944
v 0.01487091 -0.37126386 0.13021967
v 0.03003260 -0.35968328 0.15695755
v 0.04279748 -0.36913157 0.13614747
v 0.02949391 -0.35860527 0.15942661
v 0.04641061 -0.35667235 0.15847273
v 0.02733964 -0.35786313 0.16083622
v 0.02296977 -0.35111606 0.16957247
v 0.03042280 -0.35667440 0.16224582
v 0.05590664 -0.35667053 0.15609977
v 0.05786566 -0.35590169 0.15694237
v 0.05655240 -0.35558066 0.15793380
v 0.05603965 -0.35455391 0.15953711
v 0.05797829 -0.35491073 0.15847912
v 0.06543652 -0.36796924 0.12992765
v 0.07136206 -0.36690882 0.12992965
v 0.09029389 -0.36145824 0.12994611
v 0.09994287 -0.35824400 0.13075997
v 0.08229710 -0.35329312 0.15176396
v 0.09690043 -0.35663763 0.13603708
v 0.08191910 -0.34916353 0.15849186
v 0.08923195 -0.34952861 0.15493388
v 0.09396888 -0.34007084 0.16678251
v 0.10150371 -0.35663298 0.13307010
v 0.12388880 -0.34699115 0.13925242
v 0.10819194 -0.34454107 0.15245530
v 0.10347928 -0.33512059 0.16925688
v 0.12571269 -0.33372551 0.15850483
v 0.10218820 -0.35775259 0.12995537
v 0.12853369 -0.34951419 0.12996905
v 0.13147052 -0.34527647 0.13583580
v 0.13638042 -0.34625703 0.12997049
v 0.13021041 -0.33141091 0.15850426
v 0.15660794 -0.32908124 0.14475392
v 0.15749575 -0.32879829 0.14461251
v 0.15712267 -0.32953203 0.14350016
v 0.15893807 -0.32895806 0.14333342
v 0.18570891 -0.32536227 0.12996282
v -0.24960028 -0.27453291 0.14071186
v -0.24567509 -0.27677760 0.14688338
v -0.22362088 -0.29474109 0.14841008
v -0.21072514 -0.29971114 0.15837051
v -0.23718101 -0.28254050 0.14976841
v -0.22380327 -0.29014540 0.15836562
v -0.21592110 -0.28705421 0.18372388
v -0.23186351 -0.29420719 0.12979485
v -0.24287251 -0.28145850 0.13892972
v -0.20273799 -0.30510488 0.15837389
v -0.21432739 -0.30781779 0.12978774
v -0.20771241 -0.30737746 0.14302114
v -0.20899048 -0.31131759 0.12978768
v -0.19374613 -0.31229052 0.15207627
v -0.18151695 -0.31975636 0.14833990
v -0.18576586 -0.32103458 0.14047417
v -0.17863573 -0.32468176 0.14052416
v -0.19603249 -0.30771905 0.16238703
v -0.17918108 -0.31508389 0.16608541
v -0.18576114 -0.30532739 0.18414859
v -0.16148120 -0.31610504 0.18482269
v -0.20336926 -0.30303794 0.16503990
v -0.15804517 -0.32655311 0.15838982
v -0.15720329 -0.32756603 0.15704902
v -0.15492955 -0.32823423 0.15725443
v -0.14207137 -0.32822812 0.16595417
v -0.15663865 -0.32710814 0.15839052
v -0.15720358 -0.32404402 0.16678411
v -0.13004175 -0.32893103 0.17338672
v -0.12862161 -0.32920709 0.17317024
v -0.12619795 -0.32942930 0.17388821
v -0.12862182 -0.32822239 0.17562039
v -0.10003904 -0.33636126 0.17474043
v -0.08758035 -0.33623916 0.18073890
v -0.07146811 -0.33911699 0.17816454
v -0.05255498 -0.33760548 0.18214671
v -0.07146565 -0.32817930 0.19455296
v -0.04289205 -0.33952233 0.18117239
v -0.03572233 -0.33883825 0.18340072
v -0.01432105 -0.34292191 0.18010926
v 0.00928691 -0.33991894 0.18452147
v -0.01431704 -0.32812646 0.19926004
v 0.01424910 -0.34072143 0.18365210
v 0.01921256 -0.33991668 0.18452528
v 0.04282206 -0.34333041 0.18034759
v 0.06523000 -0.33931422 0.18394722
v 0.07139012 -0.33976415 0.18177396
v 0.08474468 -0.33571014 0.18036142
v 0.09996107 -0.33341533 0.17542328
v 0.10549919 -0.33086094 0.17553188
v 0.09995606 -0.32809791 0.18445945
v 0.12386090 -0.31613654 0.18469922
v 0.12807913 -0.31334496 0.18612520
v 0.13412718 -0.32807127 0.16129354
v 0.12853836 -0.33026981 0.16289081
v 0.12853467 -0.31673241 0.18116853
v 0.15712200 -0.32805285 0.14607176
v 0.15860343 -0.32805216 0.14497855
v 0.15134767 -0.31654847 0.16701278
v 0.16512561 -0.31205153 0.16477031
v 0.12911624 -0.31321576 0.18586852
v 0.15652949 -0.29950094 0.18587917
v 0.17690177 -0.31047314 0.15849903
v 0.15815905 -0.29950029 0.18493208
v 0.17626691 -0.30434960 0.16819865
v 0.18570445 -0.31884187 0.14010088
v 0.19973971 -0.29999363 0.15848754
v 0.19502981 -0.31842381 0.13461174
v 0.20020886 -0.29993376 0.15826817
v 0.21428454 -0.30849022 0.13444087
v 0.20011471 -0.29974601 0.15861270
v 0.20083123 -0.29949498 0.15848710
v 0.19978265 -0.29970133 0.15889969
v 0.20019546 -0.29949489 0.15889926
v 0.22103342 -0.29949003 0.14342038
v 0.23662621 -0.29144502 0.14238837
v 0.22458145 -0.29151797 0.15449391
v 0.22195858 -0.28627786 0.16508746
v 0.23633543 -0.28397271 0.15847737
v 0.22548857 -0.30508476 0.12993816
v 0.24286801 -0.29543537 0.12992829
v 0.24642971 -0.28877354 0.13704674
v 0.25154567 -0.28954747 0.12992415
v 0.26992327 -0.27168575 0.14343546
v 0.24664418 -0.27850270 0.15847349
v 0.29999357 -0.25837898 0.12989438
v -0.30017763 -0.21418521 0.14391531
v -0.30007130 -0.21425211 0.14408872
v -0.28092170 -0.23784292 0.14875032
v -0.27306747 -0.24263039 0.15834032
v -0.29972768 -0.21461846 0.14427269
v -0.28080466 -0.23282893 0.15832682
v -0.27579868 -0.23272328 0.17814651
v -0.28875193 -0.23701771 0.12976256
v -0.29999125 -0.21450298 0.14380333
v -0.25081715 -0.27117139 0.14805239
v -0.26305544 -0.25445116 0.15835258
v -0.26879311 -0.25822321 0.13110775
v -0.27143562 -0.25592816 0.12978518
v -0.27068222 -0.25615150 0.13129087
v -0.27081889 -0.25659537 0.12978585
v -0.24286273 -0.27116951 0.16383728
v -0.24565595 -0.26558197 0.16985163
v -0.24145705 -0.26836312 0.17124739
v -0.23915897 -0.27116948 0.17080034
v -0.22290939 -0.28114232 0.18264484
v -0.24285892 -0.26512083 0.17567751
v -0.23867950 -0.26907906 0.17474489
v -0.26383165 -0.24931383 0.17173573
v 0.15710650 -0.29869741 0.18663085
v 0.21427774 -0.28118622 0.17788249
v 0.22453991 -0.27605730 0.17788169
v 0.21427456 -0.27093354 0.19150940
v 0.27003413 -0.27093393 0.14488354
v 0.25366685 -0.27093381 0.16387609
v 0.24285592 -0.27505076 0.16670865
v 0.27103120 -0.27073577 0.14398871
v 0.27114630 -0.27037179 0.14446779
v 0.27217928 -0.26943055 0.14493828
v 0.27142733 -0.27048230 0.14396068
v 0.27831402 -0.26749671 0.14074093
v 0.26583320 -0.25975132 0.16716021
v 0.28057116 -0.25264782 0.16359872
v 0.24644004 -0.25844350 0.18525040
v 0.26977164 -0.24237347 0.18374255
v 0.28941917 -0.24981186 0.15845938
v 0.29960561 -0.24238887 0.15845466
v 0.27521583 -0.24237610 0.17945167
v 0.28893512 -0.24561441 0.16492391
v 0.29241252 -0.23566940 0.17188936
v 0.29999253 -0.25750318 0.13154864
v 0.30122328 -0.25729194 0.13050832
v 0.30202389 -0.25464368 0.13395803
v 0.30596644 -0.25369233 0.12989065
v 0.31029534 -0.23842651 0.15051407
v 0.32300004 -0.23962662 0.12988117
v 0.30954659 -0.23296613 0.15844987
v 0.32280129 -0.22531113 0.14990225
v 0.33109567 -0.21894965 0.14671701
v 0.32854789 -0.22860643 0.13677716
v 0.33732590 -0.21823171 0.13976507
v 0.35710776 -0.20163107 0.12987316
v -0.33533180 -0.17805383 0.14322025
v -0.32132864 -0.18555073 0.15825023
v -0.33518195 -0.17026639 0.15823850
v -0.32888976 -0.17161553 0.18612102
v -0.34013945 -0.17707649 0.12967876
v -0.30020204 -0.21409193 0.14411375
v -0.31640941 -0.18982388 0.15825561
v -0.30065221 -0.21376212 0.14367744
v -0.32856464 -0.18860331 0.12969071
v -0.31940699 -0.19068351 0.14799297
v -0.32133740 -0.19622259 0.12969998
v -0.29999086 -0.21409112 0.14564033
v -0.30585277 -0.20236115 0.16669324
v -0.29834160 -0.21079308 0.17093082
v -0.29600000 -0.21407770 0.17058618
v -0.28820014 -0.21996540 0.17848533
v -0.29998478 -0.20715572 0.17603198
v -0.29618478 -0.21217734 0.17447841
v -0.35343730 -0.15885299 0.14210716
v -0.31749246 -0.18876943 0.16470464
v 0.27142146 -0.23919910 0.18545625
v 0.29196632 -0.22409099 0.18302840
v 0.32047009 -0.21382526 0.16870135
v 0.29997528 -0.22317243 0.17717235
v 0.32853380 -0.21383092 0.15721682
v 0.33578900 -0.21383613 0.14778548
v 0.32547414 -0.20772296 0.16967690
v 0.33571202 -0.19945878 0.16554317
v 0.31623960 -0.20768173 0.17888157
v 0.32851928 -0.19473481 0.18228193
v 0.34688485 -0.19342199 0.15844323
v 0.35297936 -0.18526942 0.15844840
v 0.34631035 -0.18877307 0.16545521
v 0.35136676 -0.17670584 0.17557588
v 0.35710660 -0.20036623 0.13148837
v 0.35812697 -0.20006923 0.13038360
v 0.35820046 -0.19846475 0.13206239
v 0.35974094 -0.19824174 0.12987366
v 0.36458376 -0.17846903 0.14484648
v 0.37349978 -0.17918836 0.12987570
v 0.37723711 -0.16092466 0.13994417
v 0.36336976 -0.16924086 0.15845093
v -0.37380469 -0.13678604 0.12965029
v -0.35577893 -0.15433449 0.14528582
v -0.35711873 -0.15410636 0.14249253
v -0.35330766 -0.15701176 0.14585261
v -0.35540801 -0.15615684 0.14309171
v -0.35349244 -0.14976530 0.16889435
v -0.34752542 -0.15700495 0.16772331
v -0.33008119 -0.17049931 0.18604589
v -0.34764066 -0.15226513 0.17725527
v -0.38292658 -0.11552435 0.12963142
v -0.38568044 -0.10263798 0.12962404
v -0.38323587 -0.11292572 0.13085170
v -0.36793759 -0.12844135 0.15821864
v -0.36952239 -0.12844144 0.15448089
v -0.36972433 -0.12511142 0.15655088
v -0.36853915 -0.12274345 0.16106485
v -0.35680518 -0.12843300 0.18619177
v 0.35260278 -0.16874620 0.18477604
v 0.37507927 -0.15670294 0.14946340
v 0.36973959 -0.15669942 0.16477075
v 0.35708931 -0.16640620 0.17785844
v 0.37924090 -0.15348394 0.14094329
v 0.37938324 -0.14410658 0.15045807
v 0.38569218 -0.13802455 0.13481937
v 0.37671131 -0.13876869 0.16376469
v 0.36622471 -0.14698187 0.18244317
v 0.38224077 -0.12812994 0.15844335
v 0.38333881 -0.10422316 0.17038655
v 0.37751579 -0.12812631 0.17070234
v 0.38860109 -0.12813352 0.13568521
v 0.38994455 -0.10806917 0.14840813
v 0.38994396 -0.13025700 0.12987208
v 0.39077345 -0.12559828 0.12987229
v 0.39323568 -0.10333758 0.14038706
v -0.38820639 -0.08682419 0.13087822
v -0.38753229 -0.08370867 0.13331945
v -0.38824189 -0.05954437 0.13473156
v -0.37614772 -0.07128471 0.15818550
v -0.38878360 -0.08400775 0.12961344
v -0.39001596 -0.05914389 0.12959613
v -0.38567883 -0.08879462 0.13607720
v -0.37647003 -0.09986541 0.15359811
v -0.37215954 -0.09986694 0.16495696
v -0.37540925 -0.07933859 0.15818974
v -0.36767846 -0.10515675 0.17777547
v -0.35710487 -0.12736382 0.18625650
v -0.36859667 -0.09411673 0.17823170
v -0.38951278 -0.05505528 0.13151336
v -0.38567373 -0.05192209 0.13971141
v -0.37615019 -0.06174942 0.15818018
v -0.37412062 -0.07402541 0.16366118
v -0.37455150 -0.06811731 0.16452363
v 0.38383174 -0.09955430 0.17179900
v 0.38567701 -0.09955721 0.16643661
v 0.39096630 -0.08902811 0.14942217
v 0.39223546 -0.09956886 0.14742520
v 0.39438832 -0.09522942 0.13981029
v 0.38422379 -0.09665760 0.17126916
v 0.38225293 -0.10126251 0.17442586
v 0.38232538 -0.09788290 0.17438780
v 0.38836375 -0.07099868 0.15842628
v 0.38426811 -0.04522938 0.17128579
v 0.38100624 -0.07098456 0.17767087
v 0.39345747 -0.07100670 0.14537394
v 0.39148122 -0.05401438 0.14991838
v 0.39914745 -0.07773204 0.12986133
v 0.39941680 -0.06416543 0.12985592
v 0.39557862 -0.04738601 0.13918884
v -0.39040264 -0.03076155 0.13195121
v -0.38911429 -0.02494389 0.13648364
v -0.39095908 -0.00512754 0.14018738
v -0.37893569 -0.01412147 0.15815820
v -0.39201033 -0.02521618 0.12958091
v -0.39554840 -0.00475947 0.12957269
v -0.38566637 -0.03429548 0.14137369
v -0.37876585 -0.04270054 0.15471682
v -0.37408146 -0.04270759 0.16396761
v -0.37769821 -0.02676644 0.15816373
v -0.37009192 -0.04921550 0.17896487
v -0.37006456 -0.03623017 0.17894739
v -0.39528084 0.00500066 0.13438803
v -0.38564616 0.01193470 0.15311176
v -0.38193369 0.00701804 0.15815376
v -0.37580866 -0.01856259 0.16702990
v -0.37583017 -0.00967254 0.16707233
v 0.38398609 -0.04242504 0.17184435
v 0.38567385 -0.04242844 0.16727962
v 0.39110994 -0.03161173 0.14952987
v 0.39253175 -0.04244439 0.14754161
v 0.39515945 -0.03772064 0.13939095
v 0.38407940 -0.03924607 0.17109287
v 0.38245755 -0.04402788 0.17428944
v 0.38244236 -0.04081261 0.17429514
v 0.38660774 -0.01387393 0.15837979
v 0.38146263 0.00626144 0.16841978
v 0.38063180 -0.01385896 0.17687118
v 0.39180332 -0.01388167 0.14202712
v 0.38852999 0.00904651 0.14689521
v 0.39647490 -0.01927168 0.12982160
v 0.39607704 -0.00870555 0.12981091
v 0.39023092 0.01242715 0.14181279
v -0.39711362 0.02301189 0.13530788
v -0.39290893 0.03602171 0.14413151
v -0.39322203 0.04970292 0.14477664
v -0.38461840 0.04301473 0.15815137
v -0.38871029 0.06538588 0.15814424
v -0.39910746 0.03549105 0.12957132
v -0.39974052 0.05025452 0.12957686
v -0.38564354 0.01644578 0.15416229
v -0.38368821 0.01445020 0.15717317
v -0.38177833 0.01444818 0.16008927
v -0.38331959 0.01909517 0.15815270
v -0.37149501 0.00722990 0.17966184
v -0.37131745 0.02155569 0.17957702
v -0.39788499 0.06344131 0.13571066
v -0.37770391 0.03665532 0.17087047
v -0.37815082 0.04982039 0.17178276
v 0.37991434 0.01470105 0.16974527
v 0.38570356 0.01469216 0.15378632
v 0.38756779 0.01839269 0.14591765
v 0.38860139 0.01468753 0.14551309
v 0.38927680 0.01646526 0.14228764
v 0.37971401 0.02666659 0.16663706
v 0.37655097 0.01014051 0.17719513
v 0.37370199 0.02069218 0.17861186
v 0.38103551 0.06946342 0.14166753
v 0.37960938 0.04326289 0.15832537
v 0.37953663 0.05943187 0.15022448
v 0.37602967 0.05245677 0.16291299
v 0.37590036 0.04326890 0.16727515
v 0.38813940 0.04325005 0.13455658
v 0.39036006 0.04093840 0.12976320
v 0.38937077 0.04505868 0.12975930
v 0.38574457 0.05457705 0.13541453
v -0.39003479 0.07157994 0.15593246
v -0.39896804 0.07919572 0.13625509
v -0.38847822 0.07157827 0.15957756
v -0.39047742 0.08131938 0.15814337
v -0.39578283 0.09604532 0.14992900
v -0.39552489 0.10452087 0.14941292
v -0.39279929 0.10014905 0.15814137
v -0.38948488 0.12096649 0.15814105
v -0.40039179 0.09327486 0.12957972
v -0.39977321 0.10737465 0.12958038
v -0.38561252 0.06836076 0.16458127
v -0.38560835 0.07527709 0.16554962
v -0.37457371 0.06281042 0.18121405
v -0.37578675 0.08094872 0.18182372
v -0.39825961 0.12078244 0.13590468
v -0.38091812 0.09054321 0.17735077
v -0.38144714 0.11027045 0.17841452
v 0.35442278 0.08475089 0.18549797
v 0.36897996 0.10037904 0.15827712
v 0.35541922 0.08784541 0.18338948
v 0.35224408 0.10973394 0.17697954
v 0.37838328 0.07181998 0.14769913
v 0.37177345 0.07182940 0.16561194
v 0.36987248 0.09720992 0.15828019
v 0.35715076 0.08391996 0.18247385
v 0.38070232 0.07433707 0.14149471
v 0.37043685 0.09935533 0.15623066
v 0.38139904 0.09817716 0.12970620
v 0.36228085 0.06012256 0.18430127
v 0.37020805 0.10163167 0.15576594
v 0.38052067 0.10298239 0.12970106
v 0.37168685 0.12187190 0.13692079
v 0.35938859 0.12456588 0.15825796
v -0.38890204 0.12872753 0.15649457
v -0.39148542 0.14009841 0.13251469
v -0.38782454 0.12872486 0.15925020
v -0.38700259 0.13151610 0.15814236
v -0.38813871 0.14556043 0.13463147
v -0.37253219 0.15729806 0.15814552
v -0.39002681 0.14524548 0.12957969
v -0.38560551 0.12542278 0.16473836
v -0.38560730 0.13097632 0.16265213
v -0.38561377 0.15175629 0.12958145
v -0.37702286 0.11870934 0.18243319
v -0.37396917 0.13717586 0.18090641
v -0.37250689 0.15848599 0.15577489
v -0.37590784 0.16675791 0.12958255
v -0.37182015 0.15829755 0.15814586
v -0.36489296 0.17016241 0.15171906
v -0.36981592 0.16030431 0.15965009
v -0.37233791 0.15627843 0.16018102
v -0.37183693 0.15781362 0.15917896
v -0.35634771 0.18450789 0.14455305
v -0.35330722 0.17841770 0.16871510
v -0.35703713 0.18434809 0.14309470
v -0.35614783 0.18544246 0.14341974
v 0.34455377 0.12097180 0.18052331
v 0.32861221 0.12894520 0.19524552
v 0.32864565 0.14839539 0.18226451
v 0.33950102 0.13436745 0.17797649
v 0.32696742 0.18257914 0.17077684
v 0.32576823 0.15748394 0.18102774
v 0.34701633 0.15747505 0.15823670
v 0.33567634 0.17205824 0.16552147
v 0.34544435 0.16242388 0.15823418
v 0.33779275 0.15748025 0.16855904
v 0.34495118 0.15548421 0.16222918
v 0.34441471 0.15892869 0.16114214
v 0.35771123 0.12893029 0.15800393
v 0.35750294 0.12893060 0.15840097
v 0.35743755 0.12938368 0.15825413
v 0.35720903 0.12848113 0.15915537
v 0.35721013 0.12915330 0.15869971
v 0.36740243 0.13810489 0.13475694
v 0.36200300 0.14794485 0.13918366
v 0.36682999 0.14796999 0.12966567
v 0.35831913 0.17068906 0.13174559
v 0.35938466 0.17067793 0.12965526
v 0.35727674 0.17303252 0.13225353
v 0.35728022 0.17607057 0.12965265
v 0.35853076 0.17235932 0.13028152
v -0.35528260 0.18588620 0.14474072
v -0.35547292 0.18667002 0.14308232
v -0.34809709 0.18586586 0.16796947
v -0.35702550 0.16143756 0.18464598
v -0.34773493 0.18121356 0.17708357
v -0.33166143 0.19853763 0.18511736
v -0.33750281 0.20396745 0.15814993
v -0.33790246 0.20961821 0.14845964
v -0.33080781 0.22644581 0.13425198
v -0.33025214 0.21446085 0.15814917
v -0.32973972 0.20143786 0.18414140
v -0.34538940 0.20865718 0.12958708
v -0.33210477 0.22696933 0.12959146
v -0.33006513 0.22957577 0.13038489
v -0.32847762 0.23048623 0.13300164
v -0.32847992 0.23174432 0.12959436
v -0.32091874 0.22796288 0.15815166
v -0.32126495 0.22155382 0.17235097
v 0.29955229 0.20000920 0.18649141
v 0.27030450 0.24049094 0.17117332
v 0.27404964 0.23830269 0.17007846
v 0.29515204 0.23308264 0.15820208
v 0.29963961 0.20079780 0.18578812
v 0.29322559 0.22192064 0.17289624
v 0.32469115 0.18602617 0.17049694
v 0.30013591 0.19989309 0.18596748
v 0.32870007 0.18602511 0.16626471
v 0.33466685 0.19790432 0.14987235
v 0.34066659 0.18601672 0.14991152
v 0.34480667 0.19404545 0.13588867
v 0.31695914 0.20952749 0.16072674
v 0.32075179 0.18206334 0.17646933
v 0.30018318 0.23669536 0.14531881
v 0.30018938 0.24471954 0.12961118
v 0.31100988 0.23425648 0.13502905
v 0.31560993 0.21457523 0.15819816
v 0.31339353 0.21666962 0.15819803
v 0.31498414 0.21566337 0.15765283
v 0.31477046 0.21523821 0.15852948
v 0.30666161 0.20681351 0.17374092
v 0.31381780 0.21519665 0.15944132
v 0.31487513 0.21457539 0.15907256
v 0.33083865 0.21456364 0.13383323
v 0.33552769 0.21116535 0.12962964
v 0.33195624 0.21616933 0.12962593
v 0.32873961 0.21850158 0.13159432
v -0.31396291 0.24305752 0.15091053
v -0.30623448 0.24304463 0.16926757
v -0.31283787 0.24953780 0.13742448
v -0.30636615 0.25599739 0.15035531
v -0.29991740 0.26749799 0.13169873
v -0.30268291 0.24864903 0.16964707
v -0.30673492 0.23960716 0.17587264
v -0.30310705 0.24465631 0.17405927
v -0.29986978 0.24303220 0.18681711
v -0.29987645 0.24877000 0.17531076
v -0.29043731 0.27163163 0.15818250
v -0.29406229 0.27164689 0.14132005
v -0.28726834 0.27493459 0.15653531
v -0.28703800 0.27447698 0.15960653
v -0.28161532 0.27964658 0.15818752
v -0.28807738 0.27162796 0.16311464
v -0.27960399 0.27762753 0.17018577
v -0.29780111 0.27059779 0.12962449
v -0.29191202 0.27566701 0.12962712
v -0.27674955 0.28864592 0.13232625
v -0.27135724 0.29179502 0.14132836
v -0.27136886 0.29324126 0.12963583
v -0.26693785 0.29141027 0.15819636
v -0.26855043 0.28314582 0.18123080
v 0.23918137 0.25548530 0.18482718
v 0.21376576 0.29987240 0.14353988
v 0.21408927 0.29929984 0.14443606
v 0.20960635 0.29038510 0.16754562
v 0.24464932 0.27171028 0.15820205
v 0.21582358 0.29778767 0.14519048
v 0.22296178 0.28348070 0.16409153
v 0.23302989 0.28009444 0.15820703
v 0.23828661 0.26225227 0.17715119
v 0.23267129 0.27555966 0.16588630
v 0.21457934 0.29947484 0.14354399
v 0.26826575 0.24314646 0.17081499
v 0.25382179 0.26457942 0.15820341
v 0.24309267 0.25496092 0.18182875
v 0.25427526 0.26859134 0.15197630
v 0.26982608 0.27076235 0.12961197
v 0.27163437 0.24314404 0.16688398
v 0.26277360 0.26090598 0.15280108
v 0.27663857 0.25312144 0.14890505
v 0.27165693 0.26796126 0.13147397
v 0.28893194 0.24313599 0.15256631
v 0.28912202 0.25186515 0.13515522
v 0.26594549 0.24030361 0.17534685
v 0.27162308 0.23429328 0.17693087
v 0.24547181 0.28362173 0.13433094
v 0.25579196 0.27962407 0.12962574
v 0.22532347 0.29489255 0.13856182
v 0.24312909 0.28684795 0.13140030
v 0.24313021 0.28761426 0.12963872
v 0.24441637 0.28660941 0.13028042
v -0.25944185 0.30023032 0.15224931
v -0.25190806 0.30021688 0.16791487
v -0.25446498 0.30608374 0.13809609
v -0.24750425 0.30966774 0.14863792
v -0.23549512 0.31484115 0.15122171
v -0.24280348 0.31513229 0.13649717
v -0.24479355 0.30427888 0.17045954
v -0.23905306 0.30765322 0.16877475
v -0.25608474 0.29353434 0.17914550
v -0.24681935 0.30224472 0.17451863
v -0.24274448 0.30020142 0.18657705
v -0.24275824 0.30407670 0.17441933
v -0.22542171 0.30888128 0.18115270
v -0.22350681 0.31883717 0.15820709
v -0.22346710 0.32378778 0.14813106
v -0.20598540 0.32882652 0.15820482
v -0.23297840 0.32393122 0.12965067
v -0.21417454 0.31294870 0.18365972
v -0.21423595 0.33544832 0.12964413
v -0.21156943 0.31320554 0.18547368
v -0.18560135 0.32513222 0.18493621
v -0.20400061 0.33290887 0.15006325
v -0.20683211 0.33944446 0.12964259
v -0.20118557 0.33135897 0.15820432
v -0.19721711 0.33424464 0.15550181
v -0.19839941 0.33186674 0.15972352
v -0.20763847 0.32107010 0.17367843
v -0.20119476 0.33010361 0.16075984
v -0.19354761 0.32881814 0.17091933
v -0.17894039 0.34404242 0.15061474
v -0.17656775 0.33930454 0.16343811
v -0.16327548 0.34496182 0.15820931
v -0.18268877 0.32881218 0.18093996
v -0.16229308 0.33785278 0.17625435
v -0.18564481 0.34675843 0.13858992
v -0.17335051 0.35130620 0.13778943
v -0.15704772 0.35175270 0.14683631
v -0.15705460 0.35850874 0.12965539
v -0.15218383 0.34772015 0.15821098
v -0.13328494 0.34775072 0.16766484
v -0.15303391 0.33912283 0.17878978
v -0.12416887 0.34889609 0.16823749
v 0.07139327 0.35692087 0.15825944
v 0.07064775 0.34218213 0.18472013
v 0.07168740 0.35718194 0.15760612
v 0.09856288 0.35663706 0.14314307
v 0.07211418 0.35665631 0.15825967
v 0.09917770 0.35527635 0.14511558
v 0.09409993 0.34513080 0.16635969
v 0.07315253 0.34175065 0.18386112
v 0.13547558 0.32890528 0.15827248
v 0.10229407 0.35349387 0.14600538
v 0.10881241 0.34046692 0.16403690
v 0.11922671 0.33817354 0.15827674
v 0.11907583 0.33340091 0.16722928
v 0.10028943 0.35604259 0.14327841
v 0.14173399 0.32599238 0.15827245
v 0.14170174 0.32741410 0.15530054
v 0.14486775 0.32554266 0.15659435
v 0.16647564 0.31832790 0.15298939
v 0.14582759 0.32361454 0.16090851
v 0.16460434 0.31460875 0.16539173
v 0.15743951 0.31336296 0.17903358
v 0.16997461 0.30659032 0.17877845
v 0.13799220 0.33409756 0.14789870
v 0.10604237 0.35462224 0.14113455
v 0.12888829 0.34658134 0.13648993
v 0.12888326 0.35194555 0.12973669
v 0.13436350 0.34593055 0.13246554
v 0.14970203 0.32889706 0.14526483
v 0.13814668 0.32387507 0.16831416
v 0.16052607 0.32889095 0.13581759
v 0.18076907 0.31082115 0.15825185
v 0.18295668 0.31767374 0.13588396
v 0.16255593 0.33142632 0.12972648
v 0.15747973 0.33286595 0.13171472
v 0.21155789 0.30028188 0.14545894
v 0.19632271 0.30030185 0.16339064
v 0.18937838 0.30702093 0.15824546
v 0.18600839 0.30477643 0.16716686
v 0.20887874 0.30313671 0.14110173
v 0.18604776 0.31972766 0.12971136
v 0.18786068 0.31639740 0.13333891
v 0.19013298 0.31662187 0.12970614
v 0.19394915 0.29001173 0.18280178
v 0.21454896 0.27486876 0.18521515
v -0.13563716 0.35746068 0.14753634
v -0.13430291 0.36039412 0.14102641
v -0.12844734 0.35745996 0.15115701
v -0.12986878 0.36030516 0.14536887
v -0.12683970 0.36068583 0.14556028
v -0.12844996 0.36192647 0.14172843
v -0.10325857 0.35747200 0.15994743
v -0.12843628 0.34301648 0.17969623
v -0.10625123 0.34634930 0.18358536
v -0.10053815 0.35886225 0.15824488
v -0.10043075 0.37237802 0.13084644
v -0.10150295 0.37262598 0.12969446
v -0.09900902 0.35914990 0.15824553
v -0.09984505 0.35829046 0.15987311
v -0.09985431 0.37303448 0.12969570
v -0.09915709 0.37249908 0.13108762
v -0.09641960 0.37352246 0.12969746
v -0.07641156 0.36780524 0.14912391
v -0.06532902 0.36937013 0.14990525
v -0.07126236 0.37467834 0.13541564
v -0.07189126 0.35875860 0.17189124
v -0.07046419 0.35907018 0.17173676
v -0.07249480 0.35810459 0.17314519
v -0.07125492 0.35748416 0.17475274
v -0.07125531 0.35841632 0.17299084
v -0.06897593 0.35862699 0.17366430
v -0.04862072 0.36940604 0.15825851
v -0.04713922 0.37628117 0.13863136
v -0.05668593 0.37882757 0.12971801
v -0.03582054 0.37122971 0.15825841
v -0.04267421 0.36483645 0.17290118
v -0.04267949 0.38001710 0.12972403
v -0.03739346 0.37711081 0.14027718
v -0.02355471 0.38140172 0.12972423
v -0.02268546 0.37471431 0.15256679
v -0.00553471 0.37465209 0.15253170
v -0.01409969 0.38151798 0.13202655
v -0.01924356 0.36782789 0.16737421
v -0.00897294 0.36776707 0.16740385
v -0.02529306 0.36311305 0.17810777
v -0.01409603 0.35751694 0.18549240
v -0.01409407 0.36470866 0.17610016
v -0.00421559 0.36246306 0.17744102
v 0.00750338 0.37151757 0.15825032
v 0.00870622 0.37762088 0.14127421
v -0.00561124 0.38189018 0.12972206
v 0.02041895 0.36936021 0.15824734
v 0.01449577 0.36432192 0.17181131
v 0.01449506 0.38233697 0.12971947
v 0.01927473 0.37660637 0.13925000
v 0.03207287 0.38061392 0.12971628
v 0.03704523 0.36962086 0.15002173
v 0.04824159 0.36781225 0.14912131
v 0.04309253 0.37753579 0.13399744
v 0.07042308 0.35750970 0.15762809
v 0.04303722 0.35762900 0.17246912
v 0.04313022 0.35760447 0.17248134
v 0.04589713 0.35752231 0.17112160
v 0.04390272 0.35711706 0.17292723
v 0.04295487 0.35759118 0.17258893
v 0.04308975 0.35752368 0.17265314
v 0.04308981 0.35758242 0.17255093
v 0.04316439 0.35756099 0.17255884
v 0.07096279 0.37252787 0.13116896
v 0.06649809 0.37439990 0.12971964
v 0.07168786 0.36218783 0.14891709
v 0.08393681 0.36567718 0.13583791
v 0.07168747 0.37349826 0.12972070
v 0.07230406 0.37241727 0.13094954
v 0.07374985 0.37283227 0.12972187
v 0.10028234 0.32983345 0.18633355
v -0.15720448 -0.31750283 0.18696178
v -0.10003945 -0.32921752 0.18696070
v -0.04289057 -0.33541918 0.18698120
v 0.01425004 -0.33781892 0.18700358
v 0.03575588 -0.33165339 0.19775760
v 0.04225677 -0.32925504 0.20185819
v 0.04338375 -0.32924363 0.20185305
v 0.04282352 -0.33020708 0.20025025
v 0.04855902 -0.33098763 0.19842882
v 0.07139072 -0.33603746 0.18702613
v -0.21508250 -0.28621575 0.18850210
v -0.21570778 -0.28614143 0.18695305
v -0.21430871 -0.28717744 0.18695346
v -0.19034293 -0.30199802 0.18696150
v -0.17269692 -0.30212039 0.21433040
v -0.18576273 -0.30437624 0.18930012
v -0.16072348 -0.31572574 0.18872254
v -0.17243655 -0.30159986 0.21647917
v -0.21233991 -0.28741291 0.19089882
v -0.21722025 -0.28398585 0.18840991
v -0.21431267 -0.27547473 0.20690820
v -0.17669417 -0.29971418 0.21553539
v -0.19034746 -0.29971147 0.19613487
v -0.19541200 -0.29045311 0.21089776
v -0.19173935 -0.28311348 0.22383681
v -0.16992921 -0.30283514 0.21553424
v -0.17337939 -0.29971471 0.21930707
v -0.16989061 -0.30131388 0.21873787
v -0.16183001 -0.29005745 0.23484847
v -0.15720540 -0.31621969 0.19146824
v -0.14601138 -0.30588710 0.21553387
v -0.15042828 -0.31734926 0.19034620
v -0.13841309 -0.30867922 0.21103427
v -0.11914364 -0.30929923 0.21071666
v -0.12862207 -0.31836307 0.19630152
v -0.11685915 -0.32235104 0.19536087
v -0.14028698 -0.30494043 0.21815552
v -0.11717892 -0.30537191 0.21837616
v -0.14608082 -0.30286270 0.22186375
v -0.15470028 -0.28793362 0.23909074
v -0.13825147 -0.29969448 0.22484761
v -0.11091582 -0.30649394 0.21552782
v -0.11931184 -0.29968345 0.22548896
v -0.11149400 -0.30250883 0.22119756
v -0.10397696 -0.28932938 0.23623258
v -0.10004304 -0.32063228 0.20034888
v -0.09002621 -0.30819336 0.21552986
v -0.07876952 -0.32453898 0.19759333
v -0.07740384 -0.31632489 0.20718560
v -0.06722794 -0.31971389 0.20548633
v -0.07146487 -0.32461423 0.19946299
v -0.06680568 -0.32584861 0.19892070
v -0.08275428 -0.30565178 0.21853286
v -0.06160793 -0.30847824 0.21995881
v -0.08935228 -0.30325332 0.22272116
v -0.09692341 -0.28851417 0.23785535
v -0.08022295 -0.29965508 0.22659992
v -0.05106252 -0.31184769 0.21553829
v -0.06455926 -0.29964304 0.23028076
v -0.05225915 -0.30455011 0.22538280
v -0.04289453 -0.32270947 0.20463900
v -0.03545969 -0.31329602 0.21554123
v -0.01627536 -0.32714945 0.20029272
v -0.01595436 -0.32485688 0.20290853
v -0.01293281 -0.32536063 0.20265600
v -0.01431673 -0.32703540 0.20072669
v -0.01247667 -0.32720602 0.20035318
v -0.02384122 -0.30912510 0.22031271
v -0.00542030 -0.31033975 0.22092980
v -0.03422691 -0.30521911 0.22676273
v -0.02018376 -0.29960883 0.23238945
v 0.00820990 -0.31605023 0.21555774
v -0.00910521 -0.29960245 0.23366341
v 0.00647465 -0.30609947 0.22857553
v 0.01425161 -0.32355332 0.20642389
v 0.03946113 -0.32812250 0.20297103
v 0.02021092 -0.31620961 0.21555911
v 0.04282211 -0.32812324 0.20364961
v 0.04714853 -0.32812268 0.20345446
v 0.03545384 -0.31342945 0.22248752
v 0.05066523 -0.31241477 0.22198382
v 0.02192636 -0.30618024 0.22874039
v 0.03817668 -0.29958433 0.23487505
v 0.06592377 -0.31722900 0.21556529
v 0.04786683 -0.29958063 0.23396727
v 0.06338178 -0.30587485 0.22815841
v 0.07043083 -0.28620329 0.24227703
v 0.07137743 -0.32401979 0.20736900
v 0.07876900 -0.31332308 0.21556163
v 0.09082244 -0.32354346 0.19673355
v 0.09199527 -0.31222486 0.20922843
v 0.09994864 -0.31986034 0.19717710
v 0.08870807 -0.30567333 0.21861628
v 0.10357863 -0.29953969 0.21556072
v 0.08118619 -0.30401564 0.22446230
v 0.07286244 -0.28680691 0.24106656
v 0.09012999 -0.29955563 0.22452429
v 0.11192451 -0.29953161 0.21096151
v 0.11627682 -0.29748070 0.21146849
v 0.11259400 -0.29626927 0.21393198
v 0.10929699 -0.28969663 0.22048022
v 0.11854380 -0.29089808 0.21556267
v 0.12704107 -0.31305417 0.18703213
v 0.12853287 -0.31249070 0.18703230
v 0.13739514 -0.29410863 0.20475090
v 0.15580963 -0.29885381 0.18703187
v 0.13406214 -0.28204429 0.21556190
v 0.14993247 -0.28527188 0.20845047
v 0.18488251 -0.28602460 0.18866007
v 0.16214541 -0.28103125 0.20634010
v 0.16889632 -0.29360837 0.18703447
v 0.15710592 -0.29744688 0.18805872
v 0.18569605 -0.28678578 0.18703759
v 0.18626183 -0.28577784 0.18816845
v 0.18726969 -0.28599781 0.18703735
v 0.18569316 -0.28280824 0.19184715
v 0.19043770 -0.28284299 0.18940596
v 0.24285507 -0.25914180 0.18704200
v -0.27381617 -0.23073694 0.19168407
v -0.27575541 -0.23051150 0.18689537
v -0.27142227 -0.23508692 0.18690152
v -0.25553519 -0.24895945 0.18692544
v -0.23304507 -0.25154671 0.21104136
v -0.24285758 -0.25675035 0.19400932
v -0.23160073 -0.26553720 0.19560117
v -0.23155759 -0.24857208 0.21849173
v -0.26525655 -0.23450761 0.19924122
v -0.28132975 -0.22339180 0.19183588
v -0.27141762 -0.21620521 0.21115266
v -0.24219963 -0.24261415 0.21550073
v -0.25231689 -0.24261925 0.20585115
v -0.25385424 -0.23604988 0.21220364
v -0.21570060 -0.26839790 0.21551831
v -0.24275124 -0.21425204 0.22964948
v -0.23178568 -0.24260992 0.22192636
v -0.22308141 -0.24811341 0.22651270
v -0.22069767 -0.23472749 0.23125438
v -0.21431445 -0.27073178 0.21463598
v -0.21339707 -0.27117315 0.21506067
v -0.21181193 -0.27117297 0.21677178
v -0.21380918 -0.27016300 0.21551925
v -0.19338119 -0.27497947 0.23361856
v -0.18576881 -0.28057715 0.23451604
v -0.16089109 -0.28359327 0.24224998
v -0.19753863 -0.26527950 0.23569219
v -0.18576476 -0.27117020 0.24245843
v -0.20928037 -0.25186041 0.23401682
v -0.21119805 -0.23141547 0.23786610
v -0.15720363 -0.28472757 0.24268010
v -0.15534264 -0.28450367 0.24316505
v -0.12861998 -0.28815633 0.23832731
v -0.10350461 -0.28367126 0.24236660
v -0.12861939 -0.27113587 0.25269502
v -0.10004555 -0.28440589 0.24211004
v -0.09719673 -0.28397354 0.24267215
v -0.07147330 -0.28865609 0.23859850
v -0.07147498 -0.27111128 0.25468460
v -0.01432880 -0.29203248 0.24030504
v 0.04278943 -0.29267097 0.24065048
v 0.07025433 -0.28474745 0.24355748
v 0.07134216 -0.28484878 0.24321824
v 0.07406398 -0.28392830 0.24274170
v 0.09991768 -0.28073126 0.23469920
v 0.10906911 -0.27555975 0.23440778
v 0.09991080 -0.27099341 0.24170808
v 0.11900438 -0.26144248 0.23937790
v 0.12705915 -0.25525808 0.24125110
v 0.14177302 -0.27095830 0.22219355
v 0.12850727 -0.27616411 0.22595078
v 0.12850119 -0.26084030 0.23582420
v 0.15709323 -0.27095246 0.21781686
v 0.17559566 -0.27094531 0.21054652
v 0.15319709 -0.26317620 0.22596401
v 0.16199246 -0.26116103 0.22496326
v 0.13017249 -0.25501943 0.24077766
v 0.15516216 -0.24240175 0.24029928
v 0.18166611 -0.26292765 0.21558860
v 0.15964158 -0.24240056 0.23905528
v 0.17784069 -0.24885094 0.22850680
v 0.18218884 -0.23159738 0.23721457
v 0.18568033 -0.26788837 0.20948038
v 0.19288859 -0.25653797 0.21559799
v 0.20807102 -0.26783642 0.19821477
v 0.20699361 -0.25640246 0.20858963
v 0.21427268 -0.26463807 0.19816828
v 0.23582384 -0.26016533 0.19055289
v 0.20273046 -0.24790059 0.21836403
v 0.21507978 -0.24238220 0.21561085
v 0.19653264 -0.24582084 0.22247110
v 0.19219828 -0.23463231 0.23113659
v 0.20307143 -0.24238667 0.22181568
v 0.22576106 -0.24237858 0.21002220
v 0.23892418 -0.25272828 0.19489679
v 0.23186922 -0.23906744 0.20899348
v 0.22617365 -0.23761484 0.21323328
v 0.21977398 -0.22483817 0.22440526
v 0.23646556 -0.22656411 0.21562631
v 0.24285451 -0.25763401 0.18900594
v 0.24453641 -0.25749201 0.18788324
v 0.24430880 -0.25519812 0.18995263
v 0.25468194 -0.25074077 0.18704376
v 0.24996012 -0.23519844 0.20127428
v 0.26744148 -0.24038315 0.18704632
v 0.24561898 -0.21935943 0.21563497
v 0.26908773 -0.21845551 0.20366001
v 0.27285168 -0.21669362 0.20277962
v 0.27141649 -0.22945106 0.19351116
v 0.27939832 -0.21780661 0.19733763
v 0.29997021 -0.21373792 0.18703063
v -0.32875416 -0.17147954 0.18724091
v -0.32896861 -0.17148107 0.18681628
v -0.32854179 -0.17188686 0.18681657
v -0.31107378 -0.19107461 0.18682879
v -0.29149225 -0.19708717 0.20961329
v -0.29998010 -0.20088986 0.19452843
v -0.29165578 -0.20990604 0.19697721
v -0.28875726 -0.19161217 0.21846320
v -0.32790223 -0.17190562 0.18809615
v -0.32918182 -0.17094760 0.18713605
v -0.32854268 -0.16918460 0.19097534
v -0.29827374 -0.18550152 0.21539600
v -0.30816826 -0.18551454 0.20320164
v -0.31005305 -0.17709365 0.21117693
v -0.30565375 -0.16828391 0.22399682
v -0.27314544 -0.21060102 0.21543847
v -0.28923529 -0.18549332 0.22247279
v -0.28152999 -0.18966275 0.22375040
v -0.27679557 -0.17657812 0.23322123
v -0.27141675 -0.21352659 0.21438046
v -0.27031463 -0.21405734 0.21489380
v -0.27078757 -0.21279830 0.21544352
v -0.24285477 -0.21404493 0.22969605
v -0.24288735 -0.21397980 0.22972013
v -0.24283205 -0.21399944 0.22973004
v -0.24280031 -0.21404488 0.22972560
v -0.24230370 -0.21376902 0.23002842
v -0.26501995 -0.19336453 0.23120113
v -0.26902014 -0.17359686 0.23917966
v -0.24293759 -0.18547411 0.24385081
v -0.24280153 -0.18547401 0.24389918
v -0.21429306 -0.22581440 0.23904833
v -0.20850508 -0.22542253 0.24116692
v -0.18571569 -0.21401934 0.25139970
v 0.15709001 -0.23830582 0.24210797
v 0.17998749 -0.22527929 0.24133819
v 0.15708049 -0.21384330 0.25672296
v 0.18567024 -0.22577126 0.23948766
v 0.20282072 -0.21954292 0.23562881
v 0.21425654 -0.21766642 0.23184451
v 0.21737137 -0.21537876 0.23148312
v 0.21425539 -0.21382488 0.23411429
v 0.22078468 -0.21055986 0.23319438
v 0.23845857 -0.19516909 0.23548684
v 0.24813086 -0.21381107 0.21828496
v 0.24284048 -0.21575025 0.21951553
v 0.24283791 -0.20987917 0.22351435
v 0.27140805 -0.21381077 0.20576137
v 0.27577108 -0.21381201 0.20352042
v 0.26351440 -0.19804987 0.22204235
v 0.28307062 -0.19045565 0.21822557
v 0.24888262 -0.19348155 0.23210545
v 0.26430255 -0.18525708 0.23004512
v 0.28823462 -0.19039349 0.21562348
v 0.29566780 -0.18526384 0.21561873
v 0.28255582 -0.18526137 0.22184962
v 0.28727287 -0.18686965 0.21884243
v 0.28821668 -0.18270700 0.22073831
v 0.29996288 -0.20403345 0.19602650
v 0.30811602 -0.20362048 0.19110657
v 0.30752769 -0.19196871 0.20219065
v 0.32851601 -0.18898468 0.18887684
v 0.31088156 -0.18192439 0.20892015
v 0.32426715 -0.18526849 0.19551516
v 0.30843824 -0.17371297 0.21560597
v 0.32137927 -0.17094469 0.20843162
v 0.33045810 -0.18526909 0.19091062
v 0.33235818 -0.16443038 0.20516431
v 0.33252376 -0.18727377 0.18701676
v 0.34077296 -0.17914139 0.18701771
v 0.34675068 -0.16582547 0.19217852
v 0.35708389 -0.15831855 0.18701273
v -0.34283170 -0.12843856 0.21534599
v -0.34133768 -0.14910114 0.19320464
v -0.34282669 -0.12842852 0.21536666
v -0.35764685 -0.10014233 0.20077866
v -0.34283930 -0.12841286 0.21535881
v -0.35733810 -0.10035627 0.20130163
v -0.34330723 -0.12841354 0.21438231
v -0.34272397 -0.12860265 0.21535896
v -0.34284297 -0.12836464 0.21538292
v -0.34282812 -0.12841286 0.21537735
v -0.34279791 -0.12843376 0.21540074
v -0.35623705 -0.12886667 0.18679218
v -0.35656676 -0.12816364 0.18679182
v -0.35709831 -0.11311725 0.19443908
v -0.32854700 -0.15493515 0.21131703
v -0.32560146 -0.15696116 0.21390657
v -0.32013306 -0.15695316 0.21958867
v -0.32700554 -0.15387917 0.21537919
v -0.30523536 -0.15955949 0.23229519
v -0.29998073 -0.16310433 0.23275831
v -0.28337964 -0.16522370 0.23798595
v -0.30981982 -0.15201741 0.23458552
v -0.29998076 -0.15693124 0.23652712
v -0.32346401 -0.13759714 0.23378882
v -0.27142099 -0.16934101 0.24026395
v -0.26732326 -0.16914484 0.24193275
v -0.24285750 -0.18534116 0.24394454
v -0.24284787 -0.15691011 0.25469753
v 0.27137223 -0.16765568 0.23540512
v 0.28072754 -0.16138007 0.23459870
v 0.27135998 -0.15669735 0.24078861
v 0.28618836 -0.14928162 0.23732580
v 0.29600555 -0.13852139 0.23637791
v 0.29861578 -0.11513325 0.24159992
v 0.31445560 -0.15670295 0.22287050
v 0.29992175 -0.16203317 0.22627336
v 0.29991129 -0.14858039 0.23185813
v 0.32848662 -0.15670390 0.21306759
v 0.33857280 -0.15670258 0.20633784
v 0.32143575 -0.14262231 0.22283155
v 0.34204927 -0.12956072 0.21629439
v 0.32727328 -0.10194558 0.22865078
v 0.30609000 -0.13623533 0.23179546
v 0.30227688 -0.11623526 0.23939319
v 0.32032067 -0.12813376 0.22784907
v 0.34333408 -0.12925529 0.21557522
v 0.34383202 -0.12812331 0.21557488
v 0.33761260 -0.11782420 0.22071911
v 0.34417945 -0.12530035 0.21557331
v 0.34223479 -0.12812379 0.21664055
v 0.34304690 -0.12840265 0.21613351
v 0.34309578 -0.12779535 0.21623102
v 0.35707641 -0.14640157 0.19498727
v 0.36274099 -0.14524275 0.18983798
v 0.36088410 -0.13860376 0.19461924
v 0.36775053 -0.13707808 0.18700624
v 0.36275065 -0.11951245 0.19834858
v 0.37192753 -0.12126155 0.18699768
v 0.35706413 -0.10452722 0.20560241
v 0.36951011 -0.10762139 0.19320908
v -0.35748976 -0.09986518 0.20125428
v -0.35772574 -0.09954853 0.20073892
v -0.36661345 -0.07605477 0.18676069
v -0.35709232 -0.09986521 0.20219044
v -0.35750708 -0.09903631 0.20147032
v -0.34956965 -0.08482653 0.22210461
v -0.34702143 -0.09986119 0.22459100
v -0.33026525 -0.11325423 0.24305749
v -0.33835837 -0.09049636 0.23899108
v -0.36781728 -0.06593176 0.18675829
v -0.36418229 -0.04626809 0.19750246
v -0.35406089 -0.07130295 0.21534285
v -0.36276907 -0.07129887 0.19811039
v -0.36089143 -0.05031537 0.20484282
v -0.35033244 -0.05626630 0.22286558
v -0.34791330 -0.07130525 0.22555426
v 0.29718825 -0.11250083 0.24280305
v 0.32701501 -0.09955517 0.22911789
v 0.29989430 -0.11235327 0.24115288
v 0.32846853 -0.09955452 0.22814824
v 0.35005617 -0.09954834 0.21205711
v 0.32750443 -0.09762838 0.22887927
v 0.33704090 -0.08240929 0.22126120
v 0.31141865 -0.09104083 0.23836568
v 0.32734770 -0.04462724 0.22870055
v 0.32334298 -0.07098588 0.23388559
v 0.34439558 -0.07425939 0.21554275
v 0.34432897 -0.07098208 0.21554106
v 0.33754611 -0.06057468 0.22073758
v 0.34429920 -0.06789406 0.21553911
v 0.34161681 -0.07098231 0.21781427
v 0.34320903 -0.07143653 0.21645015
v 0.34322610 -0.07051043 0.21648383
v 0.35706061 -0.09464921 0.20575801
v 0.36967814 -0.09156962 0.19328961
v 0.36367497 -0.07865466 0.20020097
v 0.37529945 -0.07615820 0.18698576
v 0.36370832 -0.06334426 0.20026587
v 0.37536520 -0.06584020 0.18698020
v 0.35705206 -0.04749277 0.20536110
v 0.37098336 -0.04973998 0.19392176
v -0.36248997 -0.04272801 0.20374200
v -0.36416134 -0.03919208 0.19751190
v -0.36866829 -0.01993026 0.18674913
v -0.35709929 -0.04273298 0.21197262
v -0.36211124 -0.03270204 0.20605779
v -0.35118183 -0.03090174 0.22370988
v -0.34863853 -0.04273803 0.22539982
v -0.34126908 -0.05065269 0.23754266
v -0.34083152 -0.03460419 0.23776555
v -0.36871743 -0.00833008 0.18674628
v -0.36544025 0.01025072 0.19686100
v -0.35860354 -0.01415746 0.21533082
v -0.36464632 -0.01415158 0.20185053
v -0.36284864 0.00290732 0.20679587
v -0.35422865 0.00867762 0.22675057
v -0.34958702 -0.01416400 0.22887108
v 0.32677111 -0.04241052 0.22896518
v 0.32845643 -0.04241040 0.22757307
v 0.34211805 -0.01513440 0.21485698
v 0.34886283 -0.04240949 0.21143392
v 0.32715985 -0.03981582 0.22850825
v 0.31705347 -0.04811602 0.23551434
v 0.31840521 -0.03738602 0.23482847
v 0.34125280 -0.01383795 0.21550386
v 0.32755151 0.01286817 0.22882549
v 0.32252213 -0.01383940 0.23217753
v 0.34232908 -0.01383803 0.21462832
v 0.34365001 -0.01472041 0.21374072
v 0.34373540 -0.01287245 0.21357048
v 0.34209043 -0.01248318 0.21482566
v 0.35705483 -0.03730842 0.20531692
v 0.37094712 -0.03506391 0.19389114
v 0.36340937 -0.02179145 0.19961688
v 0.37548566 -0.01893834 0.18694259
v 0.36307496 -0.00556029 0.19891903
v 0.37484211 -0.00844632 0.18693359
v 0.35707954 0.00826533 0.20257506
v 0.36798850 0.00587774 0.19236755
v -0.36326170 0.01442235 0.20412451
v -0.36529630 0.01853197 0.19693020
v -0.36788249 0.03759627 0.18674892
v -0.35709250 0.01441266 0.22061756
v -0.36219472 0.02464123 0.20615049
v -0.35478300 0.01902368 0.22730947
v -0.35413322 0.01440901 0.22813673
v -0.34885791 0.01028707 0.23374003
v -0.35014316 0.01788111 0.23309435
v -0.36875188 0.04885130 0.18674684
v -0.36536539 0.06741124 0.19687784
v -0.35909078 0.04299393 0.21533294
v -0.36359513 0.04299966 0.19980820
v -0.36180794 0.06206224 0.20579734
v -0.35403737 0.06552433 0.22660163
v -0.35197869 0.04298490 0.23371723
v 0.32726061 0.01473411 0.22914433
v 0.32848603 0.01473348 0.22808495
v 0.34238243 0.04244407 0.21503089
v 0.34675631 0.01472380 0.21031766
v 0.32767916 0.01634873 0.22894776
v 0.32219931 0.01159178 0.23289979
v 0.32268518 0.01763450 0.23265386
v 0.34199139 0.04328638 0.21545096
v 0.32682249 0.06843048 0.22799478
v 0.32358980 0.04329982 0.23418669
v 0.34252262 0.04328597 0.21488824
v 0.34371591 0.04237445 0.21363002
v 0.34463722 0.04511182 0.21179366
v 0.34231541 0.04426473 0.21496080
v 0.35709229 0.02270185 0.19949591
v 0.36527830 0.02490660 0.19098735
v 0.36058486 0.03247428 0.19385591
v 0.36605549 0.03346150 0.18689252
v 0.35898182 0.05569439 0.19059408
v 0.36211425 0.05505810 0.18687791
v 0.35712421 0.06005003 0.19187047
v 0.35713965 0.07286564 0.18686725
v 0.36017501 0.05907421 0.18839893
v -0.36264417 0.07156873 0.20384204
v -0.36649120 0.07629588 0.19631003
v -0.37332135 0.09199224 0.18673566
v -0.35704917 0.07156545 0.21771510
v -0.36181846 0.08112691 0.20582336
v -0.35240462 0.08084685 0.22497746
v -0.35272214 0.07156240 0.22745603
v -0.34893483 0.06749919 0.23368543
v -0.34277183 0.07869943 0.23676610
v -0.37452510 0.10888378 0.18673134
v -0.36517251 0.12462467 0.19694726
v -0.35495305 0.10012972 0.21533129
v -0.36523306 0.10013139 0.20316026
v -0.36065567 0.12143642 0.20465896
v -0.34833592 0.11131409 0.22092807
v -0.34762412 0.10013057 0.22507958
v -0.33282536 0.11005336 0.23518717
v -0.32671240 0.11266336 0.24040785
v 0.29909208 0.08568469 0.24351381
v 0.29955593 0.08655289 0.24310781
v 0.29538992 0.11006583 0.23471203
v 0.32574645 0.07185137 0.22830762
v 0.29997998 0.08574945 0.24319924
v 0.32853842 0.07185041 0.22565715
v 0.33618134 0.08708236 0.20875531
v 0.34189254 0.07184295 0.20781904
v 0.35220394 0.08364514 0.18933018
v 0.32510126 0.07873102 0.22625665
v 0.31796506 0.06657340 0.23498842
v 0.32538724 0.12733880 0.19950253
v 0.32493576 0.10040161 0.21540405
v 0.32382879 0.11942313 0.20587945
v 0.31798467 0.10778879 0.21909127
v 0.30103973 0.08718599 0.24184152
v 0.30792928 0.10675696 0.22810286
v 0.31840456 0.10040239 0.22365348
v 0.33635449 0.10039808 0.20240042
v 0.35238764 0.08849404 0.18685782
v 0.34479642 0.10848519 0.18684593
v 0.32860559 0.12325382 0.19826677
v -0.36112398 0.12869550 0.20307533
v -0.36272365 0.13154674 0.19817472
v -0.35988137 0.15584962 0.18672496
v -0.35702270 0.12869537 0.20752022
v -0.35888559 0.13241863 0.20288801
v -0.35051370 0.14170645 0.20753284
v -0.34288633 0.12869579 0.22254640
v -0.35849759 0.15801375 0.18672515
v -0.35791945 0.15727615 0.18851484
v -0.35314268 0.15727265 0.19448893
v -0.33907604 0.14994889 0.21531558
v -0.34097260 0.15550323 0.21179132
v -0.34015432 0.15984137 0.21015227
v -0.33655027 0.15726306 0.21530950
v -0.35702437 0.15939784 0.18778628
v -0.32846165 0.11751197 0.23771210
v -0.32845050 0.13710432 0.23214085
v -0.32383615 0.11672829 0.24159770
v -0.31908441 0.13830134 0.23921591
v -0.34256655 0.17862086 0.19378659
v -0.32843599 0.18159966 0.20682356
v -0.32348895 0.17595328 0.21530761
v -0.32331204 0.14811368 0.23362395
v -0.32091123 0.16402625 0.22882999
v 0.28657842 0.12139134 0.23721349
v 0.27146509 0.12895316 0.24655333
v 0.27150774 0.15306917 0.24170505
v 0.28261971 0.13452257 0.23522058
v 0.27125672 0.18546298 0.22933048
v 0.27046716 0.15750034 0.24182457
v 0.29176769 0.15749349 0.21536689
v 0.27302110 0.18310228 0.22815217
v 0.28952238 0.16493896 0.21536458
v 0.27583250 0.15749815 0.23528203
v 0.28882697 0.15444955 0.22145876
v 0.28799909 0.15970388 0.21978624
v 0.31395155 0.12894917 0.20842808
v 0.30409449 0.12895070 0.21741295
v 0.30253452 0.13394500 0.21537718
v 0.30002239 0.12500812 0.22326681
v 0.30003136 0.13149747 0.22047029
v 0.32393390 0.13128340 0.19876982
v 0.30767423 0.15082529 0.20202377
v 0.32117817 0.15375538 0.18680650
v 0.30526340 0.16658720 0.19715172
v 0.31679952 0.16340831 0.18679973
v 0.30010167 0.17791374 0.19910654
v 0.30013338 0.19845062 0.18678366
v 0.30806139 0.17573509 0.19077060
v -0.33005548 0.19933853 0.18752858
v -0.32895130 0.20064801 0.18773440
v -0.32950404 0.20067239 0.18672439
v -0.32844502 0.19833514 0.19033659
v -0.32138517 0.18583816 0.21177988
v -0.31068558 0.18583834 0.22416991
v -0.32844692 0.20217022 0.18672441
v -0.32695502 0.20163213 0.18970388
v -0.31000662 0.20615786 0.21117115
v -0.30455384 0.19525786 0.22488014
v -0.30628082 0.18262185 0.23279999
v -0.30385363 0.18784137 0.23158771
v -0.29984766 0.18583745 0.23773095
v -0.29984432 0.19225135 0.23279089
v -0.31481728 0.22191757 0.18672124
v -0.30102348 0.21442418 0.21529707
v -0.30879837 0.21442851 0.20461160
v -0.29574925 0.23480213 0.20511805
v -0.29097098 0.22525576 0.22070983
v -0.29141203 0.21441925 0.22700153
v -0.27268681 0.22728945 0.24102552
v -0.29986250 0.23669460 0.19784866
v -0.29620504 0.24119473 0.19918638
v -0.27073804 0.22818285 0.24281260
v 0.21035051 0.23484051 0.22544503
v 0.25420964 0.21459770 0.21534419
v 0.22152856 0.22911319 0.22258794
v 0.23498772 0.22700755 0.21534327
v 0.23486784 0.22069135 0.22752002
v 0.27084747 0.18605055 0.22927210
v 0.25643787 0.21284969 0.21534435
v 0.25678822 0.21407206 0.21429288
v 0.27155137 0.18605018 0.22861719
v 0.25854045 0.21213688 0.21411423
v 0.27841362 0.19972453 0.20791288
v 0.28658405 0.18603754 0.20859081
v 0.29884645 0.19965711 0.18742745
v 0.27012640 0.18533871 0.23033603
v 0.25755948 0.19305289 0.23661980
v 0.25616568 0.21574906 0.21304135
v 0.24307454 0.23625611 0.20154077
v 0.24308786 0.24942407 0.18678513
v 0.25475982 0.23472005 0.19263095
v 0.25926742 0.21459603 0.21143959
v 0.24712795 0.20442328 0.23569208
v 0.27664995 0.21458772 0.19690005
v 0.29803729 0.20135120 0.18678367
v 0.28087389 0.21922043 0.18678825
v 0.27160558 0.22250745 0.19074930
v -0.29228219 0.24302012 0.20480072
v -0.29274815 0.24658364 0.19745941
v -0.28286362 0.24300638 0.22109400
v -0.27782625 0.25611258 0.21529979
v -0.27813733 0.26416489 0.20043024
v -0.26475376 0.27159485 0.21530625
v -0.28351438 0.26343250 0.18673933
v -0.27126655 0.22999534 0.24129945
v -0.27127427 0.24996647 0.22921342
v -0.27130425 0.27794850 0.18674716
v -0.26986438 0.22941077 0.24316733
v -0.26113820 0.25222117 0.23879710
v -0.24269928 0.24299863 0.25726676
v -0.24269611 0.26538858 0.24076268
v -0.26432616 0.27892357 0.20067783
v -0.26606819 0.28328547 0.18675025
v -0.25950873 0.27661973 0.21530832
v -0.24930736 0.28700155 0.20761985
v -0.25381535 0.27795327 0.21848676
v -0.26120928 0.26736775 0.22373566
v -0.25911683 0.27371186 0.21954787
v -0.25050160 0.27158645 0.22827101
v -0.24011549 0.29496822 0.20364675
v -0.23589388 0.28654423 0.22278190
v -0.23928630 0.27158374 0.23703755
v -0.21763845 0.28237057 0.23683506
v -0.24272829 0.29539290 0.19864359
v -0.23850615 0.29807922 0.19893205
v -0.21416987 0.31168160 0.18677354
v -0.21143498 0.28320560 0.23849842
v 0.15739393 0.26912123 0.24253070
v 0.17713413 0.25303394 0.23944038
v 0.15239610 0.29030788 0.22457048
v 0.15600416 0.27173674 0.24105690
v 0.18419601 0.27174905 0.21531278
v 0.16577533 0.28357092 0.22120850
v 0.17552936 0.27943683 0.21530968
v 0.16054957 0.27173853 0.23753679
v 0.17800802 0.26541239 0.22795141
v 0.17500398 0.27506739 0.22193855
v 0.20371997 0.24316695 0.22420099
v 0.19497462 0.26119405 0.21532151
v 0.18595625 0.25224254 0.23345180
v 0.19673766 0.26823044 0.20829046
v 0.21452056 0.24316579 0.21636438
v 0.20673865 0.25875986 0.20884073
v 0.21886700 0.25184953 0.20539810
v 0.22772355 0.24316636 0.20766358
v 0.23376293 0.25277925 0.19144759
v 0.19769740 0.23475578 0.23798624
v 0.21449156 0.22344404 0.23945367
v 0.19151090 0.28050041 0.19783777
v 0.18597785 0.28932467 0.19334471
v 0.18598573 0.29281685 0.18678144
v 0.19065316 0.28837174 0.18911372
v 0.21215037 0.27174202 0.19156232
v 0.21551971 0.27174073 0.18872604
v 0.22188240 0.26806599 0.18677969
v 0.21628132 0.27260756 0.18677802
v 0.21454632 0.27341503 0.18761466
v -0.22626832 0.30019093 0.20926857
v -0.21851075 0.30018935 0.21751000
v -0.21540959 0.30272621 0.21532951
v -0.21415815 0.30789638 0.19995968
v -0.21224801 0.30398703 0.21532980
v -0.21413489 0.29539976 0.22489010
v -0.21414101 0.30163461 0.21821061
v -0.21017551 0.31250843 0.18876871
v -0.19195765 0.31298506 0.20743397
v -0.17751235 0.31633323 0.20910272
v -0.18559599 0.32328668 0.18952948
v -0.18673766 0.30257580 0.22841437
v -0.18374225 0.30382234 0.22779182
v -0.19211496 0.29691190 0.23287728
v -0.18732990 0.30109116 0.23048931
v -0.18554825 0.30020073 0.23188196
v -0.18554880 0.30184323 0.23041967
v -0.18280813 0.30157220 0.23096751
v -0.16421250 0.31467760 0.21532391
v -0.16560343 0.32311398 0.20396335
v -0.18074641 0.32638079 0.18677232
v -0.14770699 0.31876808 0.21532242
v -0.15696718 0.30633315 0.22754931
v -0.15701929 0.33404031 0.18677112
v -0.14653426 0.32497394 0.20766933
v -0.13959494 0.32260165 0.21222250
v -0.11470320 0.32764766 0.21473700
v -0.13496952 0.31336993 0.22302663
v -0.11630571 0.32443246 0.21751308
v -0.13572079 0.30388409 0.23325658
v -0.12838155 0.30021739 0.23701078
v -0.12838615 0.30601636 0.23248875
v -0.11812977 0.30535269 0.23471302
v -0.14459032 0.33689913 0.18677102
v -0.13731250 0.32881245 0.20454228
v -0.11534321 0.32882226 0.21287727
v -0.11342970 0.32744938 0.21532321
v -0.11362034 0.32832575 0.21433124
v -0.11066271 0.33228767 0.20841874
v -0.10228253 0.32883024 0.21532215
v -0.12843102 0.33825651 0.19148332
v -0.09981629 0.30978242 0.23438272
v -0.05722149 0.32834086 0.21505032
v -0.05776065 0.32726106 0.21611127
v -0.08512515 0.30718470 0.23651242
v -0.07125200 0.30025259 0.24354234
v -0.07124897 0.30965659 0.23427057
v -0.05744465 0.30717218 0.23646379
v -0.10345020 0.34494784 0.18858765
v -0.09984019 0.34485379 0.19019927
v -0.09984130 0.34641123 0.18678722
v -0.09429635 0.34592229 0.18955433
v -0.06498568 0.32885844 0.21531421
v -0.08636329 0.33049423 0.21532066
v -0.08413665 0.33164710 0.21392252
v -0.08490736 0.33010334 0.21594936
v -0.08733056 0.32704410 0.21890396
v -0.08621071 0.32951498 0.21666574
v -0.08454630 0.32884198 0.21729927
v -0.05734982 0.32886496 0.21453348
v -0.05651811 0.32798120 0.21531142
v -0.05669644 0.32860172 0.21478574
v -0.05630101 0.32952568 0.21399602
v -0.07125086 0.34608373 0.19537741
v -0.02926689 0.32713485 0.21530490
v -0.04268078 0.30935913 0.23341852
v -0.02891758 0.32836732 0.21424186
v -0.02775313 0.32763717 0.21467452
v -0.00183483 0.32485965 0.21327494
v -0.02650157 0.32513073 0.21718435
v -0.00483995 0.31884468 0.22032204
v -0.02638487 0.30643743 0.23569167
v -0.01409970 0.30030286 0.24218175
v -0.01410178 0.30802163 0.23340729
v -0.00200985 0.30635580 0.23559016
v -0.02968033 0.33019620 0.21272007
v -0.05603080 0.34986216 0.19345611
v -0.04267523 0.34839046 0.19715914
v -0.04267339 0.35672981 0.18678786
v -0.02730141 0.35089642 0.19445415
v -0.02756908 0.32890177 0.21367654
v -0.00235060 0.32892239 0.21021983
v 0.00348042 0.32234454 0.21529938
v 0.00231964 0.32679865 0.21106160
v 0.00561102 0.33434552 0.20449489
v -0.01409534 0.34770948 0.19615072
v 0.02571302 0.32279965 0.21529606
v 0.01448086 0.30848712 0.23159893
v 0.02681102 0.32696077 0.21137905
v 0.03070329 0.32506356 0.21337231
v 0.05515767 0.32450032 0.21309192
v 0.03378768 0.31888664 0.22030172
v 0.05182123 0.31782979 0.22082672
v 0.03156967 0.30606347 0.23529416
v 0.04305890 0.30031252 0.24620284
v 0.04306095 0.30822140 0.23350078
v 0.05631980 0.30694461 0.23617360
v 0.02366576 0.33404040 0.20510191
v 0.00290933 0.34901690 0.19255967
v 0.01448670 0.34677675 0.19386062
v 0.01449095 0.35183889 0.18678200
v 0.02295362 0.34746370 0.19100636
v 0.03168181 0.32892495 0.20950328
v 0.05408068 0.32892221 0.20873681
v 0.06053069 0.32259262 0.21529709
v 0.05964640 0.32664371 0.21075900
v 0.06747778 0.34111705 0.18678823
v 0.04308094 0.34261149 0.19361229
v 0.08067621 0.31834143 0.21529776
v 0.07165527 0.30972800 0.23407952
v 0.07168461 0.34040236 0.18678859
v 0.08195078 0.32489899 0.20728146
v 0.09036310 0.32013083 0.21091661
v 0.10898931 0.31778046 0.20974982
v 0.09553082 0.30977267 0.22485237
v 0.10390279 0.30763081 0.22592258
v 0.09000462 0.30544335 0.23467267
v 0.10024411 0.30032554 0.23982409
v 0.10024660 0.30531293 0.23205036
v 0.10613203 0.30327040 0.23249957
v 0.09512603 0.33149913 0.18678828
v 0.09945356 0.32892132 0.18843798
v 0.10086672 0.32892126 0.18795647
v 0.12388133 0.31025437 0.21530864
v 0.12350933 0.31997031 0.19745667
v 0.10090421 0.32923234 0.18678848
v 0.10028187 0.32943767 0.18704583
v 0.13879710 0.30032992 0.22027948
v 0.13199624 0.30664414 0.21530980
v 0.12883480 0.30442709 0.22348174
v 0.12886529 0.32140768 0.18679330
v 0.13230933 0.31807548 0.19368179
v 0.13628235 0.31833097 0.18678984
v 0.15741095 0.30032557 0.20744012
v 0.15551558 0.30412385 0.20293531
v 0.15864208 0.30278230 0.20226540
v 0.15741822 0.30444956 0.19898289
v 0.16115734 0.30032712 0.20290917
v 0.16129524 0.30226555 0.19910353
v 0.13010103 0.28667024 0.24318877
v -0.15720269 -0.28274542 0.24409449
v -0.10004549 -0.28174075 0.24409583
v -0.04343274 -0.28589484 0.24515444
v -0.04556438 -0.28669566 0.24409436
v -0.04290190 -0.28674039 0.24409388
v -0.04239615 -0.28586981 0.24510500
v -0.04000888 -0.28680682 0.24409416
v -0.05154315 -0.28105432 0.24841329
v -0.04290258 -0.28382352 0.24717957
v -0.01522491 -0.27285919 0.25925702
v 0.01258846 -0.28697461 0.24737181
v -0.01340940 -0.27293843 0.25929710
v 0.00637177 -0.28926274 0.24409479
v -0.01433520 -0.27590522 0.25595781
v 0.01423074 -0.28975540 0.24409604
v 0.01591107 -0.28701681 0.24746162
v 0.02305333 -0.28973705 0.24409865
v 0.01422262 -0.28118482 0.25239703
v 0.04160269 -0.27337870 0.25953662
v 0.04385778 -0.27320990 0.25945356
v 0.04277603 -0.27759740 0.25509179
v 0.06295456 -0.28110698 0.24828936
v 0.07134157 -0.28353798 0.24410072
v -0.19537421 -0.24741998 0.24407741
v -0.18575209 -0.25304359 0.24930185
v -0.17237350 -0.26447031 0.25168008
v -0.20000559 -0.23546611 0.24406730
v -0.21428882 -0.20870319 0.24404666
v -0.18862349 -0.24260214 0.24984007
v -0.18154341 -0.24260122 0.25247759
v -0.16361611 -0.25044149 0.25695652
v -0.16424274 -0.23538037 0.25823221
v -0.18572968 -0.22999677 0.25037014
v -0.15719047 -0.26286763 0.25608119
v -0.13634603 -0.26727811 0.25451455
v -0.14884236 -0.24853376 0.26076168
v -0.12861714 -0.26576838 0.25569549
v -0.12263536 -0.26814243 0.25538808
v -0.14821967 -0.23724833 0.26198548
v -0.17572591 -0.21901295 0.25335845
v -0.15715310 -0.22090724 0.25886515
v -0.13848764 -0.24257968 0.26385748
v -0.13624574 -0.22930527 0.26602012
v -0.11865909 -0.24256781 0.26398844
v -0.10956539 -0.24732292 0.26314944
v -0.11115320 -0.23939772 0.26633194
v -0.12087742 -0.22944227 0.26609793
v -0.10004701 -0.26422971 0.25887656
v -0.07617640 -0.26876390 0.25602692
v -0.08869350 -0.24549219 0.26680022
v -0.06219628 -0.25255901 0.26765674
v -0.07147525 -0.26809019 0.25686589
v -0.06827839 -0.26951247 0.25677815
v -0.05817925 -0.24452692 0.27364421
v -0.08759324 -0.24072240 0.26899782
v -0.10003120 -0.21434659 0.27196226
v -0.06551014 -0.24255806 0.27266216
v -0.08383885 -0.24255674 0.26882878
v -0.08348084 -0.23800071 0.27039009
v -0.05532404 -0.24629501 0.27265790
v -0.06116667 -0.23461717 0.27662936
v -0.05841129 -0.24255961 0.27509218
v -0.05609270 -0.24366078 0.27486253
v -0.05456927 -0.23993406 0.27790877
v -0.04290744 -0.26666364 0.26377454
v -0.01946415 -0.27108821 0.26093230
v -0.03448686 -0.25426036 0.27265039
v -0.01433878 -0.27108574 0.26100016
v -0.00919383 -0.27108204 0.26094007
v -0.02514929 -0.24951410 0.27613068
v -0.00340332 -0.24918784 0.27596349
v -0.03261369 -0.24653184 0.28060347
v -0.03591870 -0.23528096 0.28720689
v -0.02348688 -0.24255264 0.28294384
v 0.00559097 -0.25385499 0.27263644
v -0.00503554 -0.24254158 0.28254041
v 0.00319412 -0.24580395 0.27917540
v 0.00741957 -0.23502970 0.28763270
v 0.01421040 -0.26720363 0.26490635
v 0.03663446 -0.27104670 0.26143286
v 0.02232473 -0.25482178 0.27263433
v 0.04277064 -0.27104086 0.26148802
v 0.04683354 -0.27103686 0.26039800
v 0.03210212 -0.24974868 0.27625537
v 0.05468466 -0.24718691 0.27498946
v 0.02483258 -0.24615556 0.27991527
v 0.02046025 -0.23451561 0.28863519
v 0.03270281 -0.24250655 0.28108284
v 0.06004502 -0.24848419 0.27263916
v 0.06903908 -0.24246912 0.27264142
v 0.05423497 -0.24248397 0.27823597
v 0.05884495 -0.24428682 0.27625337
v 0.06000797 -0.23950613 0.27858227
v 0.07133076 -0.26406360 0.25874361
v 0.08659647 -0.26435405 0.25172833
v 0.08191231 -0.24615106 0.26525804
v 0.09990301 -0.25768673 0.25172842
v 0.08358378 -0.24043645 0.26860398
v 0.08930673 -0.24245059 0.26525515
v 0.08160296 -0.23446743 0.27264386
v 0.08905400 -0.23556000 0.26920354
v 0.10678840 -0.24243352 0.25788355
v 0.12206911 -0.23455366 0.25694689
v 0.10711895 -0.22832087 0.26561224
v 0.12174575 -0.25332686 0.24412011
v 0.12849760 -0.24923639 0.24412653
v 0.13317473 -0.23281127 0.25349101
v 0.14870596 -0.23821634 0.24414822
v 0.12847963 -0.21907517 0.26226711
v 0.15314411 -0.21581110 0.25648031
v 0.18567008 -0.21657902 0.24418879
v -0.21674870 -0.20097467 0.24527262
v -0.27142039 -0.16430223 0.24397537
v -0.21556769 -0.19846104 0.24660438
v -0.21889326 -0.17579412 0.25324795
v -0.24153513 -0.18613441 0.24401249
v -0.24257365 -0.18533200 0.24401115
v -0.21428634 -0.20093316 0.24642222
v -0.20670880 -0.20352921 0.24783587
v -0.21272843 -0.19818684 0.24715161
v -0.18571222 -0.20441788 0.25354493
v -0.17726964 -0.20979318 0.25413004
v -0.20896870 -0.17648402 0.25463840
v -0.23613012 -0.16026416 0.25492397
v -0.21427193 -0.16480172 0.25676879
v -0.19142963 -0.18544848 0.25549650
v -0.18894733 -0.16339199 0.26156521
v -0.17864737 -0.18544510 0.25815079
v -0.16484977 -0.19200730 0.25949678
v -0.16589320 -0.17992452 0.26158321
v -0.18139863 -0.16546866 0.26260936
v -0.15714470 -0.20800382 0.26061806
v -0.14070904 -0.21401079 0.26442584
v -0.14643002 -0.18902676 0.26546407
v -0.12858666 -0.21401128 0.26953992
v -0.13735935 -0.19643050 0.26714340
v -0.10202460 -0.21399681 0.27166542
v -0.11581244 -0.18846694 0.27415892
v -0.14568093 -0.18260519 0.26695353
v -0.15711249 -0.15960710 0.26713696
v -0.12080209 -0.18543977 0.27264190
v -0.14029908 -0.18544133 0.26753962
v -0.13906130 -0.17787769 0.26884753
v -0.10415709 -0.20573814 0.27265811
v -0.11592884 -0.18217087 0.27427632
v -0.11513887 -0.18543959 0.27432725
v -0.11317505 -0.18656357 0.27489334
v -0.11317315 -0.18431385 0.27489403
v -0.10003086 -0.21368974 0.27205035
v -0.09913583 -0.21399595 0.27221525
v -0.09834064 -0.21061443 0.27266216
v -0.07148008 -0.21399558 0.28213176
v -0.07799104 -0.20095904 0.28042090
v -0.06764157 -0.20631334 0.28309911
v -0.06475983 -0.21399553 0.28357777
v -0.07553454 -0.16500789 0.28284979
v -0.08868134 -0.18836546 0.27852556
v -0.08868114 -0.18248758 0.27852666
v -0.08183228 -0.18542646 0.28048337
v -0.06933376 -0.16110784 0.28479686
v -0.06380618 -0.18542328 0.28587577
v -0.04726355 -0.19537185 0.29253250
v -0.04654227 -0.17476434 0.29395968
v -0.04292210 -0.22336261 0.29136330
v -0.04292662 -0.20353518 0.29356778
v -0.02968111 -0.22165880 0.29457664
v -0.01437403 -0.22499956 0.29241773
v 0.00180906 -0.22207662 0.29499352
v -0.03221115 -0.20507583 0.29584345
v -0.01437836 -0.21399787 0.30013323
v -0.03984938 -0.19663259 0.29504955
v -0.04040252 -0.17366116 0.29616654
v 0.01418359 -0.22507054 0.29480335
v 0.02668717 -0.22199199 0.29492283
v 0.04274344 -0.22243232 0.29114842
v 0.05167920 -0.21840850 0.29137796
v 0.04273856 -0.21395093 0.29646713
v 0.05893606 -0.20583826 0.29500744
v 0.06868014 -0.19702834 0.29594946
v 0.06901510 -0.17339027 0.29661030
v 0.08850774 -0.21390793 0.28125250
v 0.07130639 -0.22081742 0.28642166
v 0.07130232 -0.20352203 0.29344040
v 0.09987832 -0.21389383 0.27692193
v 0.11949116 -0.21387094 0.26820225
v 0.09471422 -0.20358640 0.28178513
v 0.10709105 -0.19947879 0.27975482
v 0.07475682 -0.19619238 0.29429209
v 0.07436712 -0.17414132 0.29510313
v 0.09354167 -0.18534851 0.28856683
v 0.12184632 -0.20064017 0.27270067
v 0.10830218 -0.18533483 0.28441745
v 0.11788501 -0.18903446 0.28012389
v 0.11926959 -0.18023080 0.28289887
v 0.12847315 -0.21120258 0.26737487
v 0.14091460 -0.18900387 0.27273920
v 0.15537009 -0.21299003 0.25759658
v 0.14776233 -0.19526328 0.26775727
v 0.15708014 -0.21215241 0.25760785
v 0.16135815 -0.21170533 0.25631955
v 0.14327878 -0.18632551 0.27325642
v 0.14649811 -0.18530087 0.27274978
v 0.14677930 -0.17727773 0.27676487
v 0.14214893 -0.18592027 0.27397662
v 0.14181417 -0.18435395 0.27464455
v 0.14331575 -0.18530305 0.27384350
v 0.16873446 -0.18528685 0.26753184
v 0.17687875 -0.19079371 0.26174909
v 0.17404850 -0.18259381 0.26739544
v 0.16864516 -0.17987485 0.27006823
v 0.17955315 -0.16888434 0.27277994
v 0.18566486 -0.20353970 0.25216767
v 0.19353792 -0.20348471 0.24813804
v 0.19115326 -0.19406584 0.25519264
v 0.21424535 -0.19104190 0.24711269
v 0.19462657 -0.17997035 0.26216885
v 0.21003282 -0.18526714 0.25263056
v 0.18885437 -0.16316260 0.27278274
v 0.21063080 -0.16387849 0.26208556
v 0.21691981 -0.18526186 0.24958010
v 0.24183622 -0.17194822 0.24616435
v 0.21645191 -0.16117199 0.26073518
v 0.22294265 -0.18960401 0.24422693
v 0.24281043 -0.17444500 0.24422388
v 0.24346456 -0.17163417 0.24553755
v 0.24548520 -0.17231490 0.24422356
v 0.24280562 -0.16976617 0.24664612
v 0.24544883 -0.16965622 0.24554402
v -0.32878357 -0.11437685 0.24443902
v -0.32922062 -0.11446797 0.24392773
v -0.32852849 -0.11564111 0.24392869
v -0.31395215 -0.13537166 0.24394155
v -0.29997852 -0.13881451 0.24916551
v -0.28332740 -0.14859745 0.24991718
v -0.32813260 -0.11451647 0.24471901
v -0.32923925 -0.11376620 0.24428278
v -0.32852769 -0.11359084 0.24498840
v -0.30464116 -0.12838252 0.25327057
v -0.30402863 -0.10795489 0.26227170
v -0.29300284 -0.12837909 0.25788033
v -0.27915248 -0.13490748 0.25943556
v -0.28144792 -0.12413573 0.26402968
v -0.29370290 -0.11234961 0.26447594
v -0.27296367 -0.10296461 0.27250507
v -0.27141374 -0.14764421 0.25397027
v -0.24895741 -0.15385948 0.25521383
v -0.26286668 -0.13410506 0.26103500
v -0.24284522 -0.15329355 0.25646400
v -0.23848286 -0.15472761 0.25609589
v -0.26070842 -0.12476888 0.26533377
v -0.25334120 -0.12835562 0.26498801
v -0.26946580 -0.10365738 0.27250785
v -0.25260127 -0.11934779 0.26802287
v -0.23180854 -0.12834284 0.26601100
v -0.22469509 -0.13218296 0.26486021
v -0.22588207 -0.12568489 0.26724109
v -0.23247653 -0.12046728 0.26860219
v -0.21775693 -0.10681131 0.27255017
v -0.21426333 -0.15089075 0.26054668
v -0.19389138 -0.15688750 0.26240325
v -0.20222199 -0.13059193 0.26803380
v -0.18568687 -0.15688416 0.26374695
v -0.19436899 -0.13951010 0.26697898
v -0.17044523 -0.15687969 0.26593098
v -0.17207201 -0.12970731 0.27327228
v -0.20144671 -0.12683827 0.26957539
v -0.17857781 -0.12832268 0.27257431
v -0.19842027 -0.12832741 0.26949170
v -0.20865968 -0.11091678 0.27255392
v -0.19808526 -0.12459380 0.27069372
v -0.16854465 -0.13399228 0.27258301
v -0.17310947 -0.12485719 0.27430931
v -0.17194256 -0.12832093 0.27370748
v -0.17078047 -0.12891892 0.27377540
v -0.17064425 -0.12758692 0.27404609
v -0.15711008 -0.15486333 0.26857311
v -0.14980580 -0.15687352 0.26895216
v -0.14660639 -0.13589039 0.27260488
v -0.12855250 -0.15687005 0.27401337
v -0.14094126 -0.13205525 0.27448222
v -0.11854063 -0.13686010 0.27690187
v -0.11051351 -0.15686409 0.27788603
v -0.13812882 -0.11895342 0.27727926
v -0.14366719 -0.12916438 0.27431661
v -0.14385554 -0.12726371 0.27469456
v -0.14174350 -0.12830798 0.27474380
v -0.12252069 -0.11173786 0.28088692
v -0.11691833 -0.12829757 0.27794498
v -0.11122821 -0.13133167 0.27869084
v -0.11103027 -0.12507093 0.27907279
v -0.07749841 -0.15685707 0.28389832
v -0.10000942 -0.16083740 0.28058124
v -0.10000502 -0.15302588 0.28030264
v -0.07145704 -0.15685573 0.28505489
v -0.07351694 -0.15272696 0.28485617
v -0.06978917 -0.15352374 0.28525582
v -0.06827354 -0.15685441 0.28532970
v -0.07429374 -0.10550796 0.28401145
v -0.09096767 -0.13355270 0.28315276
v -0.09122096 -0.12276661 0.28367636
v -0.07963921 -0.12829030 0.28477392
v -0.06903815 -0.10445157 0.28453958
v -0.06409734 -0.12828718 0.28652251
v -0.04779981 -0.13766351 0.29138541
v -0.05014563 -0.12127373 0.28665406
v -0.04291889 -0.16833957 0.29560372
v -0.04290469 -0.14731258 0.29171133
v -0.03525347 -0.16730466 0.29736912
v -0.03068337 -0.14868346 0.29508570
v -0.01436928 -0.15685266 0.30073437
v -0.01435567 -0.13986476 0.29541117
v 0.01379194 -0.14275780 0.30100313
v -0.03864924 -0.13831596 0.29269573
v -0.03636181 -0.12051773 0.28815672
v -0.01832438 -0.12827760 0.29324377
v -0.01082400 -0.12827557 0.29415378
v 0.01409780 -0.14245844 0.30100965
v 0.01153734 -0.11666869 0.29584002
v 0.01419521 -0.14263144 0.30105406
v 0.06444157 -0.16765994 0.29777104
v 0.01445152 -0.14268416 0.30107659
v 0.04274826 -0.15682971 0.30338207
v 0.04276643 -0.12979802 0.30044106
v 0.06701236 -0.14468795 0.29906073
v 0.01426984 -0.14248149 0.30105582
v 0.01635996 -0.11612748 0.29692352
v 0.04231265 -0.12826261 0.30029944
v 0.04318383 -0.12826230 0.30037677
v 0.07010003 -0.14130265 0.29876554
v 0.06961475 -0.11568997 0.29777911
v 0.07131505 -0.16884179 0.29671043
v 0.07132627 -0.14388569 0.29850629
v 0.08709260 -0.16319259 0.29334897
v 0.09988694 -0.16297713 0.29006866
v 0.10504946 -0.15935925 0.28956133
v 0.08300898 -0.14835995 0.29539332
v 0.09988905 -0.15678546 0.29122284
v 0.09989381 -0.14463291 0.29305279
v 0.10698292 -0.15323472 0.29053065
v 0.07264168 -0.14121403 0.29859364
v 0.07318840 -0.11580541 0.29754698
v 0.09754010 -0.12822649 0.29654244
v 0.10227408 -0.12822427 0.29651105
v 0.12405048 -0.13807267 0.29246140
v 0.12573898 -0.11665983 0.29582560
v 0.15293965 -0.15674864 0.28499222
v 0.12846170 -0.16420248 0.28760555
v 0.12846446 -0.14791630 0.29042813
v 0.15704493 -0.15674573 0.28469357
v 0.15539464 -0.15344794 0.28539687
v 0.15879801 -0.15323815 0.28529489
v 0.16679904 -0.15673965 0.28217912
v 0.13308451 -0.13786398 0.29206103
v 0.13135441 -0.11680544 0.29553244
v 0.15237114 -0.12819116 0.29198015
v 0.16192839 -0.12818602 0.29154480
v 0.17831013 -0.13515016 0.28673413
v 0.18024355 -0.11925702 0.29060507
v 0.19074437 -0.15672384 0.27533978
v 0.18562903 -0.15872917 0.27678692
v 0.18562603 -0.15379649 0.27864301
v 0.21421239 -0.15670820 0.26423368
v 0.22221398 -0.14069042 0.26650435
v 0.21966480 -0.15670487 0.26122510
v 0.20387273 -0.13608578 0.27674279
v 0.21880636 -0.12815294 0.27277255
v 0.21122447 -0.10550116 0.28409138
v 0.19543403 -0.13262919 0.28170830
v 0.19358715 -0.12185690 0.28539082
v 0.20363925 -0.12815870 0.28025010
v 0.22680651 -0.12814876 0.26942611
v 0.23135471 -0.13102090 0.26702294
v 0.23052077 -0.12610602 0.26868016
v 0.22613993 -0.12347697 0.27043006
v 0.24278450 -0.14845760 0.25628716
v 0.25553477 -0.14878984 0.25058094
v 0.25040415 -0.13479140 0.25945947
v 0.27134180 -0.13640285 0.24832666
v 0.25181943 -0.12291013 0.26229280
v 0.24275094 -0.10010539 0.27169353
v 0.26609129 -0.12813768 0.25467259
v 0.27046734 -0.10128677 0.25930560
v 0.27460825 -0.12813447 0.25073388
v 0.27177656 -0.10047835 0.25890046
v 0.28326651 -0.13410023 0.24418351
v 0.29225242 -0.11767575 0.24416491
v 0.27793735 -0.10287897 0.25513932
v 0.29988617 -0.09202152 0.24413723
v -0.33342299 -0.08802612 0.24636048
v -0.33131444 -0.08278532 0.24949168
v -0.33183247 -0.06032299 0.25051963
v -0.33552659 -0.08207855 0.24391134
v -0.33672661 -0.06112102 0.24391180
v -0.32852155 -0.08897564 0.25071901
v -0.30996147 -0.09983417 0.26320082
v -0.32165754 -0.07870974 0.25763240
v -0.29995841 -0.09983261 0.26727754
v -0.30873051 -0.08229640 0.26696551
v -0.28791130 -0.07576463 0.27473330
v -0.27335188 -0.09981697 0.27348584
v -0.32089376 -0.06463899 0.25916412
v -0.33524528 -0.05366369 0.24726844
v -0.32852855 -0.05213666 0.25367376
v -0.29679859 -0.07127582 0.27247941
v -0.31147754 -0.07128450 0.26695347
v -0.30968475 -0.06218311 0.26792037
v -0.28858256 -0.06543572 0.27540207
v -0.28740638 -0.07127088 0.27597108
v -0.28360254 -0.07332655 0.27660418
v -0.28323683 -0.06884409 0.27733478
v -0.26838663 -0.09981358 0.27400577
v -0.27138636 -0.10043757 0.27374837
v -0.27138558 -0.09892363 0.27428818
v -0.24280691 -0.09979305 0.27597320
v -0.25059593 -0.08421541 0.27900118
v -0.23534054 -0.08488776 0.27936012
v -0.21906875 -0.09977453 0.27496478
v -0.24662811 -0.05036633 0.28294989
v -0.26166865 -0.07583474 0.28167173
v -0.26229316 -0.06604198 0.28291574
v -0.25129294 -0.07124293 0.28407568
v -0.23920207 -0.04983178 0.28322229
v -0.23462415 -0.07122985 0.28476208
v -0.22352408 -0.07619940 0.28248969
v -0.22113252 -0.06385831 0.28726098
v -0.20829229 -0.09976986 0.27552062
v -0.21423131 -0.10084565 0.27469781
v -0.21423008 -0.09825303 0.27558613
v -0.18565136 -0.09976105 0.27917805
v -0.19144982 -0.08816160 0.28103861
v -0.18038839 -0.08925173 0.28159046
v -0.17258662 -0.09975712 0.28032333
v -0.20562102 -0.07690041 0.28393438
v -0.20805092 -0.06309029 0.28878793
v -0.19279835 -0.07120381 0.28680703
v -0.17905854 -0.07119851 0.28796396
v -0.16369575 -0.07885198 0.28788143
v -0.16144893 -0.06130285 0.29235658
v -0.13588671 -0.09974124 0.28318477
v -0.15707830 -0.10428803 0.28165573
v -0.15707508 -0.09341092 0.28526074
v -0.12851015 -0.09973768 0.28345111
v -0.13083805 -0.09507698 0.28454161
v -0.12590937 -0.09454644 0.28427976
v -0.12126328 -0.09973485 0.28325903
v -0.15117696 -0.07958369 0.28935888
v -0.15328725 -0.06068955 0.29357943
v -0.13365901 -0.07118648 0.29080662
v -0.12288676 -0.07117997 0.28994292
v -0.10697043 -0.07841252 0.28707680
v -0.10590567 -0.06287485 0.28917924
v -0.07724281 -0.09972495 0.28397566
v -0.09995625 -0.10520640 0.28357139
v -0.09994589 -0.09398818 0.28409082
v -0.07139604 -0.09972300 0.28409308
v -0.07396380 -0.09457554 0.28432307
v -0.06805272 -0.09304794 0.28356165
v -0.06629573 -0.09972147 0.28435147
v -0.07432573 -0.04854494 0.28388855
v -0.09193933 -0.07745236 0.28518033
v -0.09299310 -0.06381379 0.28729504
v -0.07993469 -0.07115743 0.28401828
v -0.06753221 -0.05022656 0.28304935
v -0.06171953 -0.07114855 0.28187412
v -0.05224367 -0.07600138 0.28231642
v -0.05268895 -0.06675098 0.28139156
v -0.04286183 -0.10639784 0.28599477
v -0.04284460 -0.09373040 0.28459468
v -0.01620474 -0.10065689 0.28785771
v -0.01431875 -0.10352845 0.28882167
v -0.00919530 -0.10227191 0.28947571
v -0.01588126 -0.09892596 0.28769648
v -0.01431430 -0.09971090 0.28809807
v -0.01431163 -0.09804656 0.28774333
v -0.01188829 -0.09849703 0.28812572
v -0.01949809 -0.05307167 0.28162780
v -0.03390875 -0.07650870 0.28333956
v -0.03341416 -0.06625943 0.28236729
v -0.02297727 -0.07114217 0.28375477
v -0.01013437 -0.05080041 0.28276426
v -0.00683438 -0.07113840 0.28629291
v 0.00825162 -0.07941419 0.28918201
v 0.00732335 -0.06380284 0.28728339
v 0.01422260 -0.11133628 0.29590380
v 0.01424122 -0.09040590 0.29122886
v 0.02387382 -0.10915846 0.29638514
v 0.04276970 -0.12577930 0.29996890
v 0.06267104 -0.10962680 0.29689384
v 0.02982743 -0.09321024 0.29341868
v 0.04279350 -0.09969452 0.29746187
v 0.04280852 -0.08395121 0.29480484
v 0.05867188 -0.09174967 0.29488766
v 0.01949445 -0.08017176 0.29071316
v 0.02042756 -0.06300697 0.28887671
v 0.03878578 -0.07112999 0.29314351
v 0.04673973 -0.07112722 0.29337221
v 0.06750199 -0.08152799 0.29349974
v 0.06665277 -0.06155954 0.29176936
v 0.07134508 -0.11199434 0.29730472
v 0.07136700 -0.08863046 0.29477638
v 0.07996500 -0.10964738 0.29693851
v 0.09990728 -0.11779027 0.29604644
v 0.11688752 -0.10813585 0.29549128
v 0.08398862 -0.09169944 0.29494411
v 0.09991999 -0.09965888 0.29711789
v 0.09993693 -0.08526047 0.29418653
v 0.11664590 -0.09128928 0.29536408
v 0.07518604 -0.08158021 0.29362160
v 0.07605413 -0.06148911 0.29190689
v 0.09549522 -0.07109120 0.29236537
v 0.10413520 -0.07108635 0.29289949
v 0.12521663 -0.08207256 0.29472619
v 0.12420306 -0.06110093 0.29265136
v 0.12847464 -0.11115035 0.29574624
v 0.12849765 -0.08821565 0.29558015
v 0.14049982 -0.10790621 0.29529303
v 0.15704328 -0.11154377 0.29299897
v 0.16797248 -0.10508013 0.29251003
v 0.14077744 -0.09149350 0.29516488
v 0.15704726 -0.09962501 0.29477572
v 0.15705574 -0.08454677 0.29456711
v 0.17007506 -0.09310445 0.29355291
v 0.13148433 -0.08237080 0.29532647
v 0.13247153 -0.06073621 0.29337156
v 0.15365697 -0.07105936 0.29448685
v 0.16041437 -0.07105640 0.29458904
v 0.18146628 -0.08118332 0.29301614
v 0.18087551 -0.06151056 0.29178673
v 0.21079485 -0.09959599 0.28535083
v 0.18560798 -0.10825934 0.29006842
v 0.18560997 -0.08996545 0.29204342
v 0.21417660 -0.09959437 0.28445107
v 0.24152683 -0.09958017 0.27213290
v 0.21251945 -0.09628362 0.28538111
v 0.21688837 -0.09416793 0.28432062
v 0.21373302 -0.04335705 0.28652063
v 0.19017288 -0.08076185 0.29217762
v 0.19081655 -0.06195231 0.29088956
v 0.20808339 -0.07103183 0.28910521
v 0.24138874 -0.09685863 0.27274236
v 0.25280744 -0.07101428 0.27270919
v 0.21496993 -0.04402807 0.28618559
v 0.22232817 -0.07102656 0.28498161
v 0.23235199 -0.07491128 0.28050825
v 0.23267701 -0.06680362 0.28114387
v 0.24275070 -0.09910659 0.27179685
v 0.25728923 -0.09957659 0.26546955
v 0.25626951 -0.07177703 0.27118039
v 0.27132332 -0.09957326 0.25937980
v 0.26604411 -0.08902277 0.26371497
v 0.27203676 -0.09814639 0.25915888
v 0.27222466 -0.09957305 0.25889763
v 0.25630566 -0.07028700 0.27125278
v 0.25826904 -0.07101300 0.27023330
v 0.25342876 -0.06381079 0.27269927
v 0.26108956 -0.06289937 0.26863879
v 0.27826878 -0.07100487 0.25802359
v 0.29915342 -0.08455086 0.24559157
v 0.29813692 -0.05845758 0.24760653
v 0.27395734 -0.04770713 0.26102152
v 0.29988357 -0.08574248 0.24505499
v 0.30078763 -0.08573261 0.24458317
v 0.30032742 -0.08483686 0.24501866
v 0.30218828 -0.08412752 0.24412985
v 0.30098021 -0.05780298 0.24629816
v 0.30517370 -0.05935026 0.24410826
v 0.29988611 -0.05526952 0.24698217
v 0.30265665 -0.05532087 0.24549064
v -0.33493352 -0.03165309 0.24711296
v -0.33189341 -0.02509667 0.25062409
v -0.33228433 -0.00363183 0.25141504
v -0.33781976 -0.02381233 0.24390963
v -0.33876434 -0.00500042 0.24391328
v -0.32853320 -0.03313394 0.25327709
v -0.31401393 -0.04272908 0.26522046
v -0.32233861 -0.02225568 0.25631028
v -0.29995131 -0.04272257 0.27139992
v -0.30858147 -0.02549444 0.26682046
v -0.28724289 -0.01731797 0.27407974
v -0.27990639 -0.04270643 0.27675465
v -0.32181531 -0.00660071 0.25735685
v -0.33612433 0.00391125 0.24771142
v -0.32853413 0.00506464 0.25382173
v -0.29082382 -0.01415586 0.27249864
v -0.31014940 -0.01416424 0.26429969
v -0.30802524 -0.00172756 0.26627806
v -0.28722081 -0.01103852 0.27405843
v -0.28652304 -0.01415328 0.27422273
v -0.28448585 -0.01532577 0.27484614
v -0.28428379 -0.01277580 0.27525192
v -0.25375307 -0.04268829 0.28130493
v -0.27136636 -0.04631767 0.27972645
v -0.27136654 -0.03935365 0.27918687
v -0.24277923 -0.04267963 0.28354394
v -0.24744013 -0.03336588 0.28213376
v -0.23989585 -0.03691946 0.28391683
v -0.23778296 -0.04267668 0.28430316
v -0.26110697 -0.01816984 0.28057390
v -0.26163661 -0.00957185 0.28162506
v -0.25142640 -0.01412791 0.28378102
v -0.23642656 -0.01411815 0.28838140
v -0.21890497 -0.02369132 0.29168350
v -0.21420670 -0.05161402 0.29043877
v -0.21420677 -0.03254568 0.29276282
v -0.19529533 -0.04747944 0.29165214
v -0.18563300 -0.05059532 0.29080582
v -0.17344254 -0.04873565 0.29292607
v -0.19777992 -0.03658294 0.29288697
v -0.18563318 -0.04264580 0.29318124
v -0.18563575 -0.02644856 0.29491568
v -0.16997831 -0.03481903 0.29465163
v -0.21071899 -0.02490168 0.29411641
v -0.18783623 -0.01409100 0.29668924
v -0.18357256 -0.01408875 0.29696602
v -0.15925732 -0.02615369 0.29670066
v -0.15789545 -0.00063792 0.29940909
v -0.15705800 -0.05347737 0.29424101
v -0.15705371 -0.03068574 0.29645282
v -0.14222652 -0.04950146 0.29371643
v -0.12847930 -0.05319175 0.29213822
v -0.11863670 -0.04754012 0.29177415
v -0.14566401 -0.03404259 0.29542783
v -0.12847686 -0.04262563 0.29401869
v -0.12847362 -0.02736101 0.29447573
v -0.11756851 -0.03716977 0.29229942
v -0.15487830 -0.02618315 0.29676837
v -0.15622440 -0.00062266 0.29943770
v -0.13119608 -0.01406596 0.29566804
v -0.12564048 -0.01406308 0.29546192
v -0.10439336 -0.02384192 0.29213545
v -0.10399427 -0.00387572 0.29289725
v -0.07573301 -0.04259328 0.28466552
v -0.09991400 -0.05126533 0.28989148
v -0.09990568 -0.03341698 0.29095778
v -0.07134540 -0.04259044 0.28371912
v -0.07353920 -0.03819732 0.28465819
v -0.06822963 -0.03636856 0.28374332
v -0.06244619 -0.04258532 0.28241190
v -0.07184717 0.01343883 0.28625894
v -0.09480521 -0.02323702 0.29093635
v -0.09520709 -0.00444249 0.29175270
v -0.07758760 -0.01403583 0.28857768
v -0.07047413 0.01288999 0.28598452
v -0.06353713 -0.01402621 0.28554782
v -0.05162247 -0.01944139 0.28339928
v -0.05125337 -0.00823210 0.28411880
v -0.02729291 -0.04256888 0.28033769
v -0.04278781 -0.04634399 0.28012183
v -0.04278167 -0.03866854 0.28039128
v -0.01423866 -0.04256382 0.28121430
v -0.02060726 -0.02980444 0.28047580
v -0.00686958 -0.02782344 0.27949965
v -0.00425648 -0.04255930 0.28188595
v -0.02262239 -0.00226763 0.27841404
v -0.03252034 -0.01803507 0.28061485
v -0.03283449 -0.00966271 0.28124124
v -0.02486282 -0.01400410 0.27982426
v -0.00487895 -0.00411261 0.27750224
v -0.00288489 -0.01398917 0.27844593
v 0.00313034 -0.01707333 0.27875817
v 0.00275271 -0.01127983 0.27798584
v 0.01428880 -0.04887997 0.28526184
v 0.01430418 -0.03750510 0.28270060
v 0.04267039 -0.04263277 0.28699768
v 0.04284240 -0.04287703 0.28707689
v 0.04309549 -0.04267297 0.28703845
v 0.04272411 -0.04248715 0.28697082
v 0.04284266 -0.04254651 0.28701362
v 0.04284281 -0.04242270 0.28697336
v 0.04299448 -0.04247048 0.28698760
v 0.03301298 -0.00513868 0.27700591
v 0.02547302 -0.01709294 0.27884328
v 0.02586462 -0.01123308 0.27806497
v 0.03181756 -0.01396653 0.27904952
v 0.05175707 -0.00314404 0.27800781
v 0.05309296 -0.01395846 0.28073317
v 0.06182617 -0.01863945 0.28199190
v 0.06097851 -0.01012521 0.28027064
v 0.07139216 -0.05115387 0.28989807
v 0.07140484 -0.03572517 0.28625920
v 0.09635883 -0.04432088 0.28877440
v 0.09996061 -0.04634550 0.28889200
v 0.10364959 -0.04435758 0.28882331
v 0.09769501 -0.04138203 0.28810737
v 0.09996273 -0.04251553 0.28844374
v 0.09996396 -0.04054960 0.28795627
v 0.10255370 -0.04121796 0.28827062
v 0.09190911 -0.00152822 0.27883020
v 0.08095922 -0.01868648 0.28211957
v 0.08182784 -0.01006552 0.28038740
v 0.08995850 -0.01393962 0.28116438
v 0.10684805 0.00091045 0.28004408
v 0.10890850 -0.01392954 0.28333974
v 0.12062995 -0.02030862 0.28542352
v 0.11924732 -0.00892737 0.28262925
v 0.12852079 -0.05210427 0.29191816
v 0.12852463 -0.03420488 0.28925532
v 0.14992696 -0.04606316 0.29055819
v 0.15707596 -0.05077153 0.29113176
v 0.16282259 -0.04535158 0.28985387
v 0.15183866 -0.03985939 0.28959411
v 0.15708172 -0.04248025 0.29008394
v 0.15708247 -0.03772429 0.28934529
v 0.16170381 -0.04016577 0.28928480
v 0.15411773 0.00871255 0.28391165
v 0.13540193 -0.02132019 0.28746164
v 0.13684814 -0.00794880 0.28455395
v 0.14977932 -0.01390771 0.28659952
v 0.15981086 0.00922698 0.28416616
v 0.16397920 -0.01390335 0.28740010
v 0.17861408 -0.02115747 0.28717637
v 0.17950568 -0.00574627 0.28893003
v 0.21316603 -0.04245566 0.28646117
v 0.18562731 -0.05113360 0.29002950
v 0.18563500 -0.03472655 0.28815365
v 0.21418375 -0.04245547 0.28632006
v 0.21341646 -0.04091884 0.28619972
v 0.21534550 -0.04013143 0.28580496
v 0.21708757 -0.04245479 0.28551659
v 0.21410666 0.01449378 0.28679129
v 0.19370869 -0.02009821 0.28507018
v 0.19281650 -0.00679023 0.28683066
v 0.20647994 -0.01388347 0.28578115
v 0.25010097 -0.01386705 0.27263367
v 0.21435148 0.01438799 0.28673849
v 0.22342426 -0.01387729 0.28273895
v 0.23181467 -0.01721909 0.27933285
v 0.23211506 -0.01023235 0.27991608
v 0.24840993 -0.04244586 0.27550822
v 0.25287953 -0.02217835 0.27264428
v 0.24274111 -0.04498161 0.27774394
v 0.24274319 -0.03969230 0.27818328
v 0.25603965 -0.01486367 0.27063784
v 0.27132088 -0.04243641 0.26334620
v 0.26168543 -0.02316192 0.26799372
v 0.27495950 -0.03516199 0.26200694
v 0.27571422 -0.04243411 0.26057515
v 0.25578338 -0.01260979 0.27011895
v 0.25863498 -0.01386449 0.26943821
v 0.24976638 0.00070483 0.27261537
v 0.26309109 -0.00177502 0.26657671
v 0.27942634 -0.01385566 0.26025879
v 0.29696748 -0.02520850 0.24992414
v 0.29622611 -0.00323529 0.25140679
v 0.27396688 0.00947840 0.26094291
v 0.29989108 -0.02985358 0.24752152
v 0.30320886 -0.02979000 0.24573807
v 0.30137780 -0.02664559 0.24704807
v 0.30575365 -0.02519817 0.24407491
v 0.30183613 -0.00148585 0.24791287
v 0.30727220 -0.00323752 0.24405238
v 0.29990676 0.00321821 0.24959116
v 0.30429313 0.00264034 0.24624018
v -0.33747160 0.02421320 0.24839225
v -0.33296555 0.03314029 0.25282192
v -0.33332491 0.05244285 0.25356287
v -0.34335032 0.03611419 0.24391447
v -0.34418476 0.04942394 0.24391305
v -0.32852265 0.02296213 0.25537157
v -0.31243083 0.01439990 0.26445013
v -0.31919923 0.03800678 0.26256594
v -0.29995656 0.01440309 0.27018189
v -0.30973893 0.03397094 0.26799965
v -0.28788969 0.03851899 0.27472833
v -0.28041103 0.01441147 0.27702302
v -0.31881675 0.04756101 0.26331919
v -0.33850321 0.06227329 0.24892126
v -0.32849845 0.06423189 0.25785309
v -0.29588664 0.04296967 0.27250063
v -0.31168610 0.04297036 0.26740089
v -0.30983949 0.05174867 0.26810798
v -0.28860873 0.04886287 0.27544546
v -0.28729108 0.04297061 0.27575403
v -0.28307956 0.04039061 0.27766699
v -0.28205341 0.04658413 0.27971998
v -0.27137148 0.01031793 0.28070468
v -0.27137646 0.01950476 0.28267539
v -0.24783285 0.01191432 0.28930798
v -0.24278237 0.00788051 0.29006737
v -0.24929205 0.01768564 0.29003501
v -0.24278554 0.01443995 0.29297400
v -0.24279639 0.04130721 0.30020279
v -0.26449424 0.03558182 0.28730601
v -0.26598915 0.05187486 0.29027590
v -0.24303974 0.04300369 0.30056503
v -0.24267045 0.04300401 0.30079713
v -0.18563519 -0.00843054 0.29825479
v -0.15945476 0.00140368 0.29989064
v -0.18564336 0.01446897 0.31014886
v -0.15705262 0.00095290 0.29959533
v -0.15334284 0.00205929 0.29923993
v -0.12846512 -0.00368310 0.29591846
v -0.11367898 0.00711958 0.29420653
v -0.12846395 0.01449816 0.30021241
v -0.11212051 0.02267095 0.29496354
v -0.10331424 0.03224817 0.29418030
v -0.10292880 0.05430979 0.29490972
v -0.07224508 0.01453737 0.28633344
v -0.09988150 0.00444493 0.29268268
v -0.09986898 0.02521156 0.29389846
v -0.07129691 0.01453815 0.28613698
v -0.07187986 0.01570467 0.28622293
v -0.07034349 0.01644429 0.28585285
v -0.06903024 0.01453937 0.28567338
v -0.09566196 0.03300938 0.29267073
v -0.09608783 0.05361458 0.29350984
v -0.07728225 0.04310482 0.28907311
v -0.06345890 0.04311411 0.28540042
v -0.05179058 0.03789730 0.28293860
v -0.05214774 0.04797886 0.28220710
v -0.03031109 0.01455981 0.27874702
v -0.04274753 0.00989337 0.28184208
v -0.04274119 0.01916944 0.28174579
v -0.01419990 0.01456949 0.27649388
v -0.00104479 0.04090036 0.27139705
v -0.02486705 0.03594210 0.27610320
v 0.01179980 0.01458975 0.27382874
v -0.00875602 0.04314357 0.27251297
v -0.02527719 0.04949324 0.27567619
v -0.03091616 0.04066866 0.27742136
v -0.03069673 0.04537383 0.27698207
v -0.02649323 0.04313196 0.27642623
v -0.00054283 0.04314891 0.27127481
v 0.00873499 0.02581424 0.27254406
v 0.00077537 0.04245254 0.27112582
v 0.00077416 0.04384515 0.27112827
v -0.00109185 0.04549373 0.27134404
v 0.01648927 0.01459319 0.27363729
v 0.01783658 0.02158781 0.27255338
v 0.01433882 0.01400078 0.27374244
v 0.01433961 0.01514773 0.27367124
v 0.02729726 0.04183877 0.26987809
v 0.04289079 0.01461192 0.27324051
v 0.03128308 0.03784517 0.26988015
v 0.05666823 0.04215345 0.27203593
v 0.06601910 0.01462172 0.27530929
v 0.02730291 0.04449072 0.26988241
v 0.01436810 0.07017931 0.26939785
v 0.03011513 0.04316857 0.26955444
v 0.03150515 0.04892127 0.26965135
v 0.05691720 0.04318318 0.27201656
v 0.05930439 0.03893695 0.27255648
v 0.05741202 0.04295478 0.27209249
v 0.05742631 0.04342617 0.27206373
v 0.06236264 0.04318602 0.27255115
v 0.05662012 0.04431213 0.27198324
v 0.05995325 0.04871653 0.27254242
v 0.07787805 0.01462805 0.27581781
v 0.07144514 0.01285793 0.27613208
v 0.07144888 0.01627697 0.27589875
v 0.09999536 0.01464241 0.27680689
v 0.08839600 0.03787352 0.27523211
v 0.10866556 0.03198099 0.27819484
v 0.11672381 0.01465040 0.27851725
v 0.08955336 0.05082370 0.27635929
v 0.08440305 0.04186299 0.27523053
v 0.08426830 0.04467113 0.27550116
v 0.08722960 0.04319950 0.27554387
v 0.10705875 0.05769458 0.27978039
v 0.11074515 0.04321173 0.27964342
v 0.11778264 0.03971152 0.27957273
v 0.11832817 0.04725624 0.28063631
v 0.14713255 0.01466309 0.28189626
v 0.12854376 0.01093901 0.28003985
v 0.12854938 0.01839508 0.28007168
v 0.15709545 0.01466719 0.28282541
v 0.15282485 0.02322138 0.28258738
v 0.16179752 0.02406616 0.28216186
v 0.16527714 0.01466938 0.28278396
v 0.15478198 0.06709620 0.28443703
v 0.13844171 0.03883111 0.28134856
v 0.13783780 0.04823327 0.28255627
v 0.14802615 0.04322895 0.28292724
v 0.15975934 0.06653621 0.28415528
v 0.16664642 0.04323588 0.28203470
v 0.17678340 0.03783822 0.28335464
v 0.17686778 0.04871497 0.28348681
v 0.21395934 0.01468573 0.28676528
v 0.18564066 0.00842199 0.28510767
v 0.18564953 0.02075707 0.28475159
v 0.21420275 0.01468580 0.28676522
v 0.21401738 0.01505711 0.28670064
v 0.21441275 0.01510520 0.28667668
v 0.21514782 0.01468634 0.28641453
v 0.21037708 0.06407811 0.28293136
v 0.19528565 0.03858481 0.28187409
v 0.19521868 0.04797484 0.28199947
v 0.20531487 0.04324742 0.28329596
v 0.24783781 0.04327400 0.27256104
v 0.21847191 0.06336799 0.28257716
v 0.22354330 0.04325524 0.28248751
v 0.23169780 0.04007621 0.27893341
v 0.23211102 0.04685705 0.27974144
v 0.24554019 0.01470379 0.27397981
v 0.24959680 0.02831389 0.27258274
v 0.24278001 0.01334062 0.27532509
v 0.24278142 0.01628951 0.27577293
v 0.25560588 0.04179512 0.26959676
v 0.27134997 0.01471930 0.26208216
v 0.26331362 0.03081678 0.26634634
v 0.27395636 0.01992662 0.26091355
v 0.27520648 0.01472106 0.26024580
v 0.25537425 0.04499805 0.26912501
v 0.25919935 0.04328093 0.26834932
v 0.24852803 0.06042773 0.27254084
v 0.26625949 0.06157988 0.26339418
v 0.27850276 0.04329021 0.25826284
v 0.29598993 0.03295092 0.25189137
v 0.29604727 0.05368015 0.25179368
v 0.27266052 0.06932677 0.25951362
v 0.29992110 0.02600901 0.25003868
v 0.30469730 0.02662904 0.24641497
v 0.30224290 0.03133408 0.24865949
v 0.30876926 0.03343768 0.24402115
v 0.30223870 0.05528650 0.24858314
v 0.30870506 0.05320100 0.24400125
v 0.29995197 0.06046585 0.24976748
v 0.29997650 0.08245001 0.24396200
v 0.30448398 0.05984548 0.24626051
v -0.33352417 0.08332075 0.24643792
v -0.33069688 0.08805914 0.24835072
v -0.33418024 0.08869616 0.24391572
v -0.32848513 0.08191749 0.25176138
v -0.31432295 0.07154648 0.26540476
v -0.32847014 0.10078703 0.24391514
v -0.32468677 0.08963284 0.25150001
v -0.29993454 0.07154283 0.27285057
v -0.30694956 0.08561572 0.26523647
v -0.28930506 0.09278211 0.27614394
v -0.28604364 0.07153938 0.27981961
v -0.32306930 0.11171705 0.24391393
v -0.30661476 0.12532803 0.25482252
v -0.29252896 0.10011540 0.27247706
v -0.30827963 0.10012174 0.26065677
v -0.30119997 0.12605657 0.25950423
v -0.28822249 0.10530201 0.27506626
v -0.28786859 0.10011405 0.27694079
v -0.28070152 0.09517224 0.28235483
v -0.28138638 0.10436417 0.28096879
v -0.27138048 0.06327674 0.28901815
v -0.27137476 0.08036777 0.29012549
v -0.26077157 0.06256988 0.29574269
v -0.24279711 0.04347691 0.30081329
v -0.26182568 0.08105540 0.29626378
v -0.24280326 0.07156334 0.30890903
v -0.26755494 0.08964375 0.29340130
v -0.26688948 0.10992845 0.29208827
v -0.10848510 0.06169011 0.29672819
v -0.12846082 0.07165539 0.31077203
v -0.10306858 0.08436045 0.29940560
v -0.10081024 0.08690413 0.29911959
v -0.09985712 0.06083487 0.29414216
v -0.09986734 0.08474808 0.29857674
v -0.07181626 0.07141900 0.28701922
v -0.07128025 0.07141888 0.28688550
v -0.07111182 0.07160310 0.28683537
v -0.07303825 0.07256521 0.28762752
v -0.07128023 0.07168728 0.28692701
v -0.07128038 0.07213145 0.28697231
v -0.07109446 0.07178023 0.28684387
v -0.09861054 0.08722212 0.29848719
v -0.07538120 0.10026362 0.29281771
v -0.06631194 0.10026698 0.29102522
v -0.05077937 0.09403716 0.28490198
v -0.04895740 0.10833031 0.28852734
v -0.03302087 0.07170000 0.27733570
v -0.04272737 0.06810977 0.27964675
v -0.04272588 0.07555367 0.28018066
v -0.01418174 0.07171097 0.27504444
v -0.00053855 0.09900788 0.27181953
v 0.00936322 0.07172564 0.26998842
v -0.02335837 0.09007873 0.27755928
v -0.00299833 0.10029266 0.27245936
v -0.02027263 0.11664451 0.28060091
v -0.03252262 0.09620543 0.28058794
v -0.03416657 0.10599379 0.28385293
v -0.02495613 0.10028148 0.27944043
v -0.00019855 0.10029411 0.27185458
v 0.00048148 0.09991734 0.27170783
v 0.00045009 0.10063943 0.27177131
v -0.00034377 0.10119218 0.27201086
v 0.00658589 0.11323555 0.27244762
v 0.01437051 0.07328568 0.26937997
v 0.02096196 0.07173220 0.26919952
v 0.02613661 0.09777115 0.26740518
v 0.04292761 0.07174481 0.27177832
v 0.03360856 0.09041814 0.26753965
v 0.05655568 0.09896307 0.27179542
v 0.06765676 0.07175573 0.27442592
v 0.02632738 0.10265775 0.26776978
v 0.03124812 0.10030934 0.26732212
v 0.01629918 0.12511116 0.27243668
v 0.03280139 0.10854995 0.26834279
v 0.05694549 0.10032050 0.27189252
v 0.06044805 0.09388133 0.27248153
v 0.05751189 0.10004363 0.27191845
v 0.05749905 0.10058455 0.27194437
v 0.06039640 0.10032176 0.27247289
v 0.05671152 0.10137080 0.27194577
v 0.05913480 0.10411488 0.27246651
v 0.07866356 0.07176102 0.27610502
v 0.07148636 0.07038803 0.27525407
v 0.07148899 0.07331350 0.27561989
v 0.10003117 0.07177280 0.27970687
v 0.09204662 0.08777343 0.27877530
v 0.10628180 0.08425836 0.28054029
v 0.11109676 0.07177801 0.28126270
v 0.09405144 0.11684051 0.28069305
v 0.08260727 0.09715682 0.27882245
v 0.08246229 0.10365705 0.27911419
v 0.08950979 0.10033271 0.27993047
v 0.10448289 0.12010981 0.28231645
v 0.10909678 0.10034364 0.28295606
v 0.11933694 0.09533677 0.28249899
v 0.12001002 0.10601379 0.28379688
v 0.15287372 0.07179409 0.28465050
v 0.12857671 0.06639352 0.28330308
v 0.12858847 0.07747645 0.28388703
v 0.15713367 0.07179587 0.28458521
v 0.15530157 0.07546750 0.28493893
v 0.15894367 0.07540889 0.28496730
v 0.16270936 0.07179775 0.28399003
v 0.13659503 0.09405997 0.28506160
v 0.13591227 0.10734203 0.28643793
v 0.15057324 0.10035305 0.28784212
v 0.16368940 0.10035522 0.28796953
v 0.17933783 0.09244668 0.28829372
v 0.18199676 0.11091080 0.29355145
v 0.20736277 0.07181476 0.28334278
v 0.18568639 0.06656699 0.28298002
v 0.18569332 0.07788535 0.28465021
v 0.21425417 0.07181727 0.28270826
v 0.21068266 0.07897021 0.28320336
v 0.22243652 0.08813070 0.27862111
v 0.23051077 0.07182502 0.27867481
v 0.19408464 0.09445666 0.28428644
v 0.19119856 0.10916547 0.29006004
v 0.20725420 0.10036820 0.28698659
v 0.23532048 0.10038641 0.27248925
v 0.23577264 0.11472580 0.27247635
v 0.22563422 0.10037950 0.27836621
v 0.23023413 0.09872850 0.27579874
v 0.23058614 0.10238567 0.27648979
v 0.24541058 0.07183243 0.27381495
v 0.24623331 0.07861646 0.27251825
v 0.24283053 0.07044957 0.27529082
v 0.24283320 0.07349890 0.27585918
v 0.25373805 0.09699103 0.26568702
v 0.27140239 0.07184602 0.26045546
v 0.26843670 0.07778783 0.26121417
v 0.27245590 0.07394741 0.25929844
v 0.27315536 0.07184681 0.25912660
v 0.28956303 0.08092225 0.24916741
v 0.25387913 0.10366806 0.26594949
v 0.24290124 0.12775938 0.27008525
v 0.26143134 0.12394077 0.25318998
v 0.26302710 0.10040016 0.26074016
v 0.27573779 0.10040395 0.25255561
v 0.29725644 0.08749063 0.24395563
v 0.28224462 0.10580499 0.24393946
v 0.27144831 0.11296017 0.25021166
v -0.30127093 0.12869218 0.25888115
v -0.30298844 0.13024773 0.25663078
v -0.30989745 0.15225552 0.24388424
v -0.29988080 0.12869188 0.26007417
v -0.30070820 0.13035202 0.25901434
v -0.29759476 0.13325785 0.26046437
v -0.27794433 0.12868477 0.27576745
v -0.30598354 0.16032462 0.24387954
v -0.30293226 0.15726751 0.25000361
v -0.29334003 0.15726602 0.25693414
v -0.27770388 0.14147241 0.27245262
v -0.28288531 0.15456574 0.26704738
v -0.28254500 0.16030110 0.26636705
v -0.27057785 0.15726367 0.27243993
v -0.29986382 0.16504475 0.24776715
v -0.27133736 0.12346596 0.28289375
v -0.27132887 0.13299070 0.28105995
v -0.25820640 0.12097535 0.29444221
v -0.25613782 0.13536943 0.29340351
v -0.24279237 0.12869772 0.30345327
v -0.24278012 0.14937051 0.29704615
v -0.28905463 0.18043812 0.25275743
v -0.27128118 0.18224245 0.26523995
v -0.26301134 0.16926719 0.27243754
v -0.24747619 0.17636031 0.28197160
v -0.26167443 0.15262343 0.28171420
v -0.26007119 0.16031219 0.27852434
v -0.24863371 0.15726781 0.28925461
v -0.24081832 0.18200216 0.28478718
v -0.24021775 0.15726982 0.29587328
v -0.21617353 0.16959858 0.29703107
v -0.21267915 0.17005414 0.29793373
v -0.10009363 0.17148013 0.30048311
v -0.07129911 0.11350024 0.29435790
v -0.05857071 0.12248008 0.29304141
v -0.07130417 0.12884647 0.30112320
v -0.07130224 0.15534590 0.29988998
v -0.05369641 0.13765524 0.29546124
v -0.09963778 0.17146894 0.30046016
v -0.07173336 0.15742728 0.30006546
v -0.07085813 0.15742773 0.30004111
v -0.04562152 0.14604038 0.29514542
v -0.04453184 0.16991584 0.29730785
v -0.02142644 0.12886347 0.28305787
v -0.04273277 0.12037120 0.28935346
v -0.04272816 0.13949524 0.29364866
v -0.01416103 0.12886709 0.28195611
v -0.01715495 0.13486230 0.28368989
v -0.01002981 0.13711651 0.28256530
v 0.00971111 0.12887609 0.27478087
v -0.03971357 0.14615858 0.29491818
v -0.04082745 0.16983905 0.29715145
v -0.01757587 0.15745345 0.29407603
v -0.00948702 0.15745562 0.29163820
v 0.00644794 0.15116021 0.28497928
v 0.01002572 0.16733660 0.29210046
v 0.01645125 0.12887916 0.27344567
v 0.01441933 0.12832275 0.27354100
v 0.01442065 0.12972623 0.27412325
v 0.04299127 0.12889105 0.27397546
v 0.03443033 0.14605090 0.27810982
v 0.05040859 0.14371227 0.27927673
v 0.06478646 0.12889625 0.27580601
v 0.02367012 0.15240225 0.28250542
v 0.02004131 0.16615948 0.28975073
v 0.03481654 0.15746720 0.28453970
v 0.05003509 0.15746966 0.28689536
v 0.06433999 0.15042065 0.28646988
v 0.06696838 0.16713151 0.29167107
v 0.08658327 0.12890220 0.27994463
v 0.07154097 0.12606853 0.27808216
v 0.07155030 0.13240476 0.27942440
v 0.10009727 0.12890692 0.28282309
v 0.09733035 0.13445657 0.28391504
v 0.10252381 0.13374417 0.28427231
v 0.10721383 0.12890989 0.28314129
v 0.07803129 0.14964443 0.28802150
v 0.07556074 0.16778873 0.29297763
v 0.09661348 0.15746954 0.29384321
v 0.10326102 0.15747170 0.29469845
v 0.12610130 0.14576842 0.29577020
v 0.12864783 0.12221572 0.28582370
v 0.12867345 0.13941199 0.29339725
v 0.14781956 0.12421685 0.29139632
v 0.15719111 0.11825399 0.29204074
v 0.17393470 0.12053651 0.29508463
v 0.13990003 0.13757110 0.29533470
v 0.15720561 0.12890758 0.29886609
v 0.13110287 0.14560598 0.29609796
v 0.18573305 0.11821394 0.29384029
v 0.24000017 0.12894908 0.27101436
v 0.23132008 0.12894230 0.27824271
v 0.20373137 0.12363741 0.29200533
v 0.21430418 0.12109911 0.29064411
v 0.21979633 0.12619178 0.28946769
v 0.21430141 0.12892225 0.30647764
v 0.22203264 0.13278893 0.29057541
v 0.24050626 0.13375048 0.27245969
v 0.24389431 0.15750635 0.27244052
v 0.23807535 0.17628506 0.27242103
v 0.23655194 0.14957747 0.28827927
v 0.23720090 0.16605484 0.28952566
v 0.24290483 0.13033329 0.26969770
v 0.26034811 0.13451543 0.25263271
v 0.25268841 0.15298058 0.26340109
v 0.26735759 0.15542394 0.24391897
v 0.25222808 0.16250522 0.26244578
v 0.26680350 0.15985739 0.24391639
v 0.24297595 0.18258439 0.26548782
v 0.25502145 0.17779380 0.24991247
v -0.28367734 0.19392312 0.25006467
v -0.27553394 0.20439035 0.25238520
v -0.28148335 0.20523490 0.24386448
v -0.27127689 0.19183269 0.26044819
v -0.26450562 0.18584065 0.26904315
v -0.27126577 0.22524780 0.24386716
v -0.26349059 0.20791322 0.25942591
v -0.24273445 0.18584192 0.28383118
v -0.25321475 0.20686047 0.26865196
v -0.23845957 0.19439030 0.28243291
v -0.23904201 0.18584327 0.28485581
v -0.26973620 0.22794540 0.24386744
v -0.24047300 0.21442094 0.27242741
v -0.25334311 0.21441810 0.26513574
v -0.24096453 0.23952341 0.25987741
v -0.23092639 0.21940991 0.27491823
v -0.21851662 0.23425277 0.27242425
v -0.23101209 0.21442536 0.27757040
v -0.22351101 0.20949470 0.28228772
v -0.22565646 0.21721022 0.27798477
v -0.24269934 0.24204333 0.25766242
v -0.21419802 0.17347524 0.29717538
v -0.21417350 0.19447283 0.28962532
v -0.20658903 0.17538571 0.29716855
v -0.19676876 0.19146121 0.29226464
v -0.18561110 0.18589455 0.29755971
v -0.18559739 0.19759470 0.29252988
v -0.16367117 0.19687866 0.29762629
v -0.24197415 0.24263629 0.25777742
v -0.21413614 0.24191190 0.27023366
v -0.21146904 0.23766761 0.27242148
v -0.19228764 0.22958781 0.27997482
v -0.20707029 0.20725113 0.28678843
v -0.20439646 0.21897432 0.28146943
v -0.19239831 0.21445942 0.28734344
v -0.17993560 0.23178837 0.28106186
v -0.17986114 0.21447404 0.28953046
v -0.15877436 0.20196816 0.29743180
v -0.16246751 0.22330531 0.29001760
v -0.15701728 0.19865566 0.29783720
v -0.10262762 0.17307790 0.29955018
v -0.14598081 0.19470671 0.29542893
v -0.12844342 0.18595913 0.29442489
v -0.12843648 0.19772440 0.29253751
v -0.11825067 0.19105700 0.29174373
v -0.12979038 0.24032781 0.28528535
v -0.15521859 0.20200935 0.29735446
v -0.15144320 0.22323173 0.28984839
v -0.13194706 0.21451640 0.29390472
v -0.12709434 0.24042928 0.28533387
v -0.12502517 0.21452151 0.29411516
v -0.10391304 0.20431289 0.29281977
v -0.10393511 0.22473696 0.29276276
v -0.09987120 0.17199580 0.30034035
v -0.09986036 0.19652514 0.29345146
v -0.09804630 0.17261542 0.30001527
v -0.07130004 0.16066448 0.29930985
v -0.05319410 0.17696287 0.29569158
v -0.08455749 0.19262582 0.29327971
v -0.07128526 0.18599978 0.29511255
v -0.07128379 0.19887252 0.29307902
v -0.05774136 0.19277680 0.29341084
v -0.07187887 0.24189994 0.28603196
v -0.09609556 0.20402862 0.29339960
v -0.09606315 0.22503537 0.29334506
v -0.07520317 0.21456112 0.29308152
v -0.07065158 0.24188156 0.28602204
v -0.06731492 0.21456766 0.29298577
v -0.04640949 0.20400417 0.29351050
v -0.04788357 0.22367242 0.29054630
v -0.04271781 0.17358904 0.29721349
v -0.04270415 0.19711918 0.29455826
v -0.03399953 0.17609209 0.29657531
v -0.01413386 0.17106287 0.29413134
v 0.00138341 0.17828697 0.29439557
v -0.02964450 0.19378445 0.29440153
v -0.01412706 0.18603912 0.30145666
v -0.01411563 0.20600516 0.29662055
v 0.01396866 0.20008263 0.30066469
v -0.03897725 0.20402488 0.29347798
v -0.03748661 0.22365645 0.29050761
v -0.01629729 0.21459967 0.29654929
v -0.01221606 0.21460153 0.29712456
v 0.01437724 0.20042104 0.30073440
v 0.01444920 0.17506550 0.29431349
v 0.01446672 0.20024163 0.30073339
v 0.02797882 0.17852114 0.29416332
v 0.04303091 0.17613672 0.29159468
v 0.05781641 0.17865300 0.29402110
v 0.01499724 0.20006636 0.30064824
v 0.04303185 0.18604675 0.30400044
v 0.01455236 0.20041715 0.30074221
v 0.07160154 0.17514354 0.29414010
v 0.08104985 0.17648172 0.29618144
v 0.10016283 0.16595778 0.29666492
v 0.15640770 0.24125189 0.28567743
v 0.15875144 0.24034329 0.28522459
v 0.17931604 0.22995788 0.27237514
v 0.22459359 0.20633538 0.26826850
v 0.23652977 0.18605115 0.26919088
v 0.22306743 0.20331830 0.27802998
v 0.23386714 0.18605033 0.27695408
v 0.23220317 0.17713618 0.29558969
v 0.21441901 0.21056567 0.29890284
v 0.22763132 0.19266072 0.29327714
v 0.18592623 0.23593515 0.25796479
v 0.18594012 0.24104010 0.24385193
v 0.19581071 0.23381141 0.24878904
v 0.21011695 0.21459441 0.27238768
v 0.19678506 0.22138235 0.27238089
v 0.20223898 0.21870846 0.27032930
v 0.20251551 0.21926817 0.27471942
v 0.20986767 0.21458746 0.29178908
v 0.22186555 0.21459693 0.25865299
v 0.24147493 0.20187466 0.24697974
v 0.22146004 0.21808556 0.24387626
v 0.21448508 0.22182655 0.24748322
v 0.24301858 0.19825241 0.24803053
v 0.24411583 0.19978085 0.24443188
v 0.24302703 0.20133370 0.24388589
v 0.24348480 0.20078510 0.24480328
v 0.24382724 0.20072643 0.24388620
v -0.24127379 0.24371195 0.25742728
v -0.21909755 0.26227823 0.25380749
v -0.23368579 0.26707879 0.24385509
v -0.21413481 0.24505648 0.26832676
v -0.21028291 0.24300899 0.27049637
v -0.21411839 0.27662796 0.24386135
v -0.20798066 0.26344478 0.25613242
v -0.18555525 0.24302986 0.27595922
v -0.19193701 0.25580594 0.26452622
v -0.17757988 0.25895697 0.26609215
v -0.16877252 0.24304415 0.27829453
v -0.20142984 0.27954742 0.24386103
v -0.18999189 0.27160361 0.25275230
v -0.17964254 0.27160907 0.25564811
v -0.16193609 0.25297338 0.27240378
v -0.16587971 0.26624411 0.26167679
v -0.15821506 0.28465968 0.24636799
v -0.18554047 0.27924791 0.24767673
v -0.13370813 0.24307005 0.28401503
v -0.15057564 0.25584590 0.27240023
v -0.15698791 0.23700428 0.28449774
v -0.15697835 0.24670127 0.27969110
v -0.14672622 0.26757872 0.26430890
v -0.12841646 0.24307403 0.28475600
v -0.13869315 0.26366323 0.26841441
v -0.11663879 0.26659173 0.26986384
v -0.12516661 0.24307555 0.28503188
v -0.15513495 0.28409004 0.24750888
v -0.15831894 0.28659436 0.24454050
v -0.15696009 0.28643146 0.24489297
v -0.15696032 0.28755641 0.24386188
v -0.15529299 0.28674945 0.24469402
v -0.13751094 0.27163419 0.26208392
v -0.11752395 0.27164569 0.26556456
v -0.11012839 0.26367933 0.27238703
v -0.11194991 0.26949048 0.26807463
v -0.10933420 0.27642494 0.26285309
v -0.12837724 0.28385627 0.24995975
v -0.07293767 0.24311577 0.28580707
v -0.08889075 0.26497379 0.27237883
v -0.09984946 0.23359761 0.29136536
v -0.09984179 0.25043547 0.28705174
v -0.08730475 0.26990303 0.26885867
v -0.07126941 0.24311738 0.28571737
v -0.08352347 0.26762754 0.27036041
v -0.05818516 0.26926780 0.27115372
v -0.06926253 0.24311846 0.28563684
v -0.08959571 0.27571973 0.26427832
v -0.10891818 0.29049340 0.24840212
v -0.09981485 0.28964049 0.25123408
v -0.09981482 0.29815501 0.24385270
v -0.08750406 0.29211110 0.24999370
v -0.08320242 0.27166840 0.26770151
v -0.05839207 0.27168968 0.26953039
v -0.05450032 0.26674432 0.27236202
v -0.05605914 0.27077645 0.27053493
v -0.05460217 0.27406454 0.26762480
v -0.07125412 0.28896981 0.25247234
v -0.03065887 0.26717570 0.27235037
v -0.04269167 0.23581693 0.28698838
v -0.04268704 0.24909380 0.28427407
v -0.02922117 0.27087688 0.27069524
v -0.02737976 0.26967993 0.27133805
v -0.02074683 0.25642291 0.27999330
v -0.01830093 0.24104938 0.28872919
v -0.01410744 0.23305458 0.29168156
v -0.01710505 0.24464424 0.28813189
v -0.01410383 0.24314761 0.29052353
v -0.01410387 0.24590641 0.28801146
v -0.00231110 0.24904269 0.29251894
v -0.03056291 0.27387410 0.26801768
v -0.05579857 0.29253614 0.25038150
v -0.04268358 0.29040402 0.25263953
v -0.04268347 0.29892915 0.24382940
v -0.02937290 0.29265213 0.25046554
v -0.01699149 0.27170962 0.27234927
v -0.02729402 0.27170596 0.27015463
v -0.00253055 0.27715626 0.26963535
v -0.00116374 0.27442119 0.27370030
v 0.00243952 0.27621958 0.27234998
v -0.00204735 0.27171594 0.27681524
v 0.00803823 0.26387644 0.28802717
v 0.00214286 0.27367169 0.27625176
v -0.01409902 0.29034820 0.25311852
v 0.01448272 0.25570080 0.29742736
v 0.02085537 0.25425401 0.29772004
v 0.04305922 0.25853297 0.29431117
v 0.07092328 0.25708488 0.30053335
v 0.00026792 0.29311812 0.25091225
v 0.01447899 0.29230776 0.25638044
v 0.01448089 0.29966462 0.24381918
v 0.03321216 0.29538515 0.25316805
v 0.02425430 0.28075075 0.27235526
v 0.03630545 0.28680301 0.26482758
v 0.03249150 0.27917722 0.27607310
v 0.01804762 0.26100373 0.29377687
v 0.02474914 0.27574146 0.28037798
v 0.03593645 0.27172375 0.28666717
v 0.05036966 0.28569442 0.26538479
v 0.05404032 0.27835503 0.27566683
v 0.06242993 0.28186983 0.27235880
v 0.05074254 0.27172506 0.28556371
v 0.07116000 0.25792477 0.29993016
v 0.06197928 0.27634683 0.28158751
v 0.04305807 0.29480127 0.25533643
v 0.07164103 0.25723979 0.30048406
v 0.07220341 0.25716239 0.30061024
v 0.10021270 0.26358929 0.29681796
v 0.12564984 0.25586900 0.29931366
v 0.05190415 0.29588908 0.25367454
v 0.07165040 0.29405645 0.25986916
v 0.07165394 0.30258593 0.24382865
v 0.08826191 0.29432952 0.25211608
v 0.08243420 0.27874222 0.27236003
v 0.08965389 0.27915561 0.26865709
v 0.08805902 0.27597082 0.27447677
v 0.07243769 0.25823963 0.29930186
v 0.08279212 0.27487719 0.27864465
v 0.09251871 0.27172908 0.28550386
v 0.11780125 0.27173156 0.27235860
v 0.11290731 0.27495727 0.27074870
v 0.11366948 0.27342898 0.27320528
v 0.11527842 0.27325067 0.27235806
v 0.11113411 0.27173010 0.27910632
v 0.12166043 0.26457101 0.28663915
v 0.11538831 0.27260175 0.27409551
v 0.10023807 0.29042149 0.25315353
v 0.15412535 0.24314240 0.28500780
v 0.13630784 0.25817025 0.27235907
v 0.12878051 0.25593925 0.29789296
v 0.13879043 0.26742604 0.26375955
v 0.15381423 0.26994616 0.24383512
v 0.15735643 0.24314253 0.28268787
v 0.15067753 0.25655130 0.26478308
v 0.16114357 0.25068855 0.26185936
v 0.15738812 0.26392680 0.24773017
v 0.16999137 0.24314734 0.26440284
v 0.16808718 0.24850857 0.25275359
v 0.15395699 0.24144536 0.28831410
v 0.15734936 0.24011959 0.28813133
v 0.17491661 0.23435023 0.29541197
v 0.15733385 0.24314141 0.30483937
v 0.12985139 0.28499830 0.24588646
v 0.13424750 0.28331560 0.24382877
v 0.12679610 0.28704250 0.24483784
v 0.12882079 0.28649530 0.24475564
v 0.12882122 0.28700209 0.24382719
v 0.12944862 0.28634405 0.24414079
v 0.18588394 0.22990839 0.29881054
v 0.18723245 0.22953717 0.30022663
v 0.01417550 -0.20786212 0.30117592
v -0.02113631 -0.18880981 0.30120191
v -0.01438026 -0.18938446 0.30317372
v 0.00820961 -0.20268606 0.30416042
v -0.02250437 -0.18136241 0.30120102
v -0.01550703 -0.18543038 0.30345273
v -0.01317756 -0.18542899 0.30360404
v 0.01229768 -0.19782622 0.30492753
v 0.01240538 -0.17290731 0.30473971
v -0.01437909 -0.18199003 0.30291858
v 0.01417276 -0.20120117 0.30417931
v 0.01804881 -0.20163360 0.30311620
v 0.01564194 -0.19822815 0.30411762
v 0.04274325 -0.18716189 0.30207095
v 0.01556668 -0.17251830 0.30396917
v 0.00920704 -0.16864574 0.30368313
v 0.01417967 -0.16960883 0.30423951
v 0.01419432 -0.14426519 0.30120423
v 0.01881684 -0.16880962 0.30351374
v 0.04208636 -0.18539430 0.30250087
v 0.04325635 -0.18539304 0.30221325
v 0.04692742 -0.18748182 0.30118850
v 0.04753108 -0.18299696 0.30119115
v 0.04274404 -0.18311240 0.30232888
v -0.21427092 0.00011504 0.30118090
v -0.21437784 0.00009026 0.30106586
v -0.21421328 -0.00009476 0.30106601
v -0.21415280 0.00011205 0.30118698
v -0.21374276 -0.00006230 0.30106622
v -0.21436614 0.00024890 0.30114216
v -0.21421346 0.00028874 0.30129781
v -0.21369024 0.00043439 0.30132708
v -0.15705341 0.00515496 0.30108637
v -0.22345959 0.02411032 0.30567783
v -0.22197840 0.03649064 0.31654859
v -0.22411612 0.04740799 0.32080784
v -0.21599765 0.06805446 0.32956934
v -0.21854626 0.05302054 0.34951878
v -0.24179021 0.04250148 0.30105022
v -0.24225675 0.04327423 0.30104986
v -0.21421696 0.02271445 0.31309563
v -0.19638406 0.01983127 0.30996472
v -0.20381311 0.03915191 0.32183266
v -0.18564479 0.02099627 0.31206349
v -0.17603065 0.01927763 0.31052920
v -0.18567912 0.04189369 0.35750383
v -0.20228434 0.04537599 0.32488522
v -0.23570110 0.06802142 0.31176472
v -0.19772451 0.04303315 0.32515407
v -0.21077226 0.06468263 0.32956848
v -0.19684830 0.04921354 0.32648233
v -0.20720722 0.05028214 0.34404063
v -0.18758376 0.04304311 0.35427058
v -0.17361586 0.04304822 0.32506722
v -0.16790234 0.03959044 0.32265306
v -0.16933505 0.04508185 0.32549936
v -0.17450614 0.04932272 0.32642233
v -0.18380098 0.04304549 0.35433251
v -0.16190550 0.05252519 0.34844923
v -0.15706645 0.02234562 0.31388497
v -0.14601403 0.02325604 0.30657890
v -0.14951202 0.03632338 0.31611973
v -0.12845747 0.04081928 0.30218345
v -0.14729667 0.04758226 0.32053334
v -0.15707639 0.07094076 0.32814169
v -0.13331212 0.06922821 0.31286129
v -0.13034998 0.04307077 0.30482513
v -0.15489367 0.05514143 0.35366169
v -0.12746233 0.04307209 0.30304265
v -0.12519185 0.04144223 0.30105895
v -0.12472944 0.04493641 0.30105472
v -0.12845798 0.05040585 0.30470613
v -0.25547045 0.09378438 0.30102894
v -0.24280381 0.08354686 0.30931604
v -0.21878770 0.07158777 0.32729265
v -0.23698163 0.07447879 0.31239974
v -0.21706744 0.07159153 0.33098418
v -0.22143213 0.06090277 0.35450828
v -0.22161710 0.08220517 0.35439563
v -0.25392273 0.10568108 0.30102375
v -0.24656370 0.10012566 0.30853304
v -0.23337168 0.10014305 0.31986913
v -0.21723989 0.07760768 0.32956514
v -0.22632092 0.09795336 0.32516524
v -0.22575958 0.10291401 0.32403865
v -0.22077191 0.09240124 0.34504727
v -0.24280179 0.11254700 0.30722249
v -0.19975302 0.07160550 0.33678085
v -0.20081824 0.09843187 0.32954210
v -0.19998960 0.10013524 0.32945058
v -0.18566357 0.07161823 0.34154993
v -0.19986299 0.10001740 0.32945910
v -0.15936421 0.07163545 0.32839110
v -0.17975548 0.08343668 0.33789682
v -0.19259648 0.06815300 0.34726340
v -0.18567471 0.05252149 0.35334224
v -0.17495726 0.06626625 0.34914047
v -0.19241738 0.07498849 0.34716776
v -0.18566751 0.07161868 0.34627631
v -0.18566948 0.07794456 0.34695068
v -0.18135363 0.07377758 0.34594685
v -0.20000380 0.10023950 0.32942212
v -0.23201832 0.12331850 0.30989498
v -0.21423084 0.12416144 0.32039928
v -0.19865738 0.10018163 0.32953945
v -0.19990261 0.10018038 0.32945669
v -0.19957443 0.10092048 0.32917035
v -0.20023482 0.09989065 0.33011863
v -0.19967829 0.10018069 0.33007249
v -0.16303697 0.08355118 0.32952565
v -0.16476481 0.10021397 0.32951397
v -0.17386201 0.10519041 0.33200330
v -0.16845541 0.10603680 0.32951283
v -0.15707646 0.07234494 0.32811773
v -0.15708505 0.06622787 0.34031916
v -0.15708084 0.07382094 0.33388546
v -0.13338153 0.07410933 0.31282249
v -0.14556651 0.09743902 0.32393640
v -0.12846485 0.07849373 0.31185752
v -0.15294166 0.05941754 0.35597435
v -0.14667478 0.08072224 0.35283166
v -0.12850785 0.07164453 0.35538492
v -0.12851299 0.09511519 0.35544875
v -0.14633153 0.10378312 0.32240394
v -0.15706816 0.12480244 0.32151157
v -0.13893624 0.10023399 0.32183990
v -0.13196623 0.12184723 0.31870270
v -0.14931570 0.09370133 0.34251809
v -0.15113355 0.10855900 0.34612170
v -0.13296388 0.10023206 0.34911060
v -0.12086435 0.10024372 0.31616008
v -0.10306828 0.11136176 0.30732140
v -0.12677546 0.12542774 0.31691456
v -0.12623595 0.10023455 0.35345647
v -0.10032823 0.11413740 0.35718665
v -0.10485876 0.08845342 0.30099729
v -0.09987453 0.09900688 0.30098462
v -0.07133584 0.07166411 0.37008134
v -0.09773631 0.11240218 0.30524784
v -0.09350570 0.11136144 0.30096826
v -0.09988495 0.11826685 0.30838504
v -0.09409258 0.11744303 0.30384821
v -0.09967881 0.11428847 0.35748744
v 0.18573891 0.12564866 0.30097726
v -0.22598086 0.13712232 0.30686685
v -0.21830842 0.14709252 0.30914047
v -0.23033285 0.15105198 0.30098662
v -0.21422824 0.13625149 0.31450370
v -0.19278617 0.12875932 0.31881264
v -0.21421009 0.16122425 0.30098015
v -0.20990852 0.14733072 0.30960190
v -0.18565358 0.12876883 0.32302275
v -0.18762052 0.13270582 0.31721455
v -0.18389697 0.13226812 0.31699169
v -0.17672297 0.12877801 0.31969637
v -0.18567857 0.11001877 0.35313028
v -0.16665268 0.11927937 0.35323960
v -0.18569240 0.12877700 0.36102986
v -0.20247014 0.16572277 0.30096960
v -0.18936640 0.15732574 0.30840474
v -0.18227609 0.15733361 0.30767322
v -0.16132897 0.14735004 0.30949494
v -0.15747921 0.17120567 0.30181798
v -0.18563338 0.16426380 0.30442554
v -0.15706329 0.13477810 0.31754953
v -0.13464549 0.12882155 0.31829676
v -0.15709108 0.11991850 0.34720999
v -0.15161659 0.14852300 0.31180346
v -0.12847726 0.12882501 0.31943899
v -0.13002473 0.13192265 0.31676173
v -0.12614793 0.13348208 0.31753618
v -0.12441149 0.12882705 0.31724218
v -0.14915408 0.11848351 0.35403398
v -0.12851256 0.10583632 0.35519689
v -0.10095104 0.11504866 0.35747445
v -0.12851612 0.12881488 0.35745299
v -0.15641755 0.17102340 0.30218440
v -0.15795328 0.17210060 0.30139780
v -0.15703970 0.17195600 0.30156210
v -0.15703636 0.17593727 0.30094182
v -0.15589817 0.17221664 0.30151024
v -0.13260673 0.15739512 0.30919564
v -0.12282947 0.15740255 0.31219268
v -0.10632657 0.14956108 0.31377995
v -0.10264327 0.17031565 0.30092764
v -0.12846318 0.16514176 0.30480117
v -0.09988859 0.13725516 0.31266129
v -0.09992777 0.11502616 0.35700986
v -0.09031294 0.13834608 0.30571324
v -0.09987248 0.16945283 0.30092788
v -0.09461448 0.14840271 0.31145707
v -0.07524651 0.15545428 0.30092907
v -0.09885516 0.11507449 0.35744894
v -0.07133604 0.12883671 0.35383260
v -0.07133243 0.15153515 0.35503247
v -0.04621410 0.14140634 0.35625392
v -0.07368346 0.15741891 0.35327092
v -0.06881407 0.15741965 0.35294268
v -0.04421446 0.14458883 0.35507229
v -0.04615291 0.16831727 0.35116902
v -0.04276061 0.14213943 0.35599285
v -0.04110437 0.14230558 0.35715088
v -0.01418837 0.12884329 0.36865184
v -0.04126268 0.14463244 0.35498834
v -0.03926140 0.16823815 0.35100317
v 0.01400516 0.17133713 0.35715756
v 0.04297725 0.18596423 0.34365374
v 0.01468529 0.17145239 0.35738713
v 0.04305583 0.18595372 0.34364846
v 0.06865945 0.16883206 0.35214075
v 0.10010278 0.12887362 0.37140292
v 0.10012370 0.15394236 0.35622364
v 0.12489828 0.14127639 0.35612220
v 0.07160661 0.18631545 0.30089587
v 0.09808360 0.18499233 0.31411675
v 0.09957910 0.18485352 0.31574842
v 0.09558699 0.17689849 0.33913162
v 0.07498370 0.16832231 0.35112375
v 0.09800586 0.15744685 0.35372582
v 0.12335367 0.16638428 0.31160232
v 0.13874067 0.15744916 0.32944342
v 0.10095032 0.18447132 0.31593949
v 0.10566023 0.17498249 0.33818144
v 0.12214533 0.17289171 0.32942778
v 0.10283820 0.15744519 0.35255390
v 0.12577371 0.14606166 0.35220394
v 0.12032612 0.16336186 0.34125304
v 0.11476059 0.16477144 0.30090049
v 0.10016937 0.18362597 0.31395632
v 0.14145523 0.15443930 0.32944950
v 0.12866512 0.14105651 0.35380191
v 0.12869601 0.15614334 0.30091584
v 0.13927385 0.15376501 0.32208183
v 0.13744038 0.14756434 0.30092651
v 0.14500852 0.15334596 0.32740140
v 0.16430181 0.14308630 0.32229277
v 0.15722327 0.14256963 0.30837756
v 0.17277047 0.13669129 0.30744624
v 0.14566836 0.15201466 0.33216915
v 0.16310343 0.14070147 0.33784491
v 0.13597873 0.13949998 0.35435328
v 0.15718174 0.12888223 0.36192554
v 0.15719262 0.13754666 0.34807944
v 0.17072581 0.13565636 0.35052860
v 0.18100058 0.13839495 0.32948637
v 0.18574652 0.13428657 0.31875056
v 0.18967907 0.13677926 0.32949489
v 0.18573403 0.13445163 0.34060243
v 0.21027534 0.13092974 0.31324029
v 0.21295860 0.13159187 0.31658655
v 0.21429965 0.13220495 0.31360939
v 0.21039474 0.13668956 0.33988845
v 0.20327538 0.13439767 0.34928066
v 0.21428449 0.13982147 0.34924209
v 0.22641377 0.15746820 0.32950157
v 0.22725321 0.15747039 0.32681033
v 0.22719459 0.16028529 0.32809332
v 0.22690937 0.16084665 0.33118847
v 0.22687586 0.15746552 0.33293843
v 0.23028208 0.14952153 0.30097491
v 0.23156111 0.16609576 0.30095965
v 0.23123366 0.17761239 0.30679107
v -0.07132953 0.16182709 0.35576883
v -0.04876497 0.17473117 0.35496366
v -0.07132753 0.18599749 0.36169884
v -0.04274477 0.17453450 0.35235748
v -0.03024120 0.17798224 0.35172564
v 0.01138581 0.17324515 0.35644534
v -0.01415628 0.18602754 0.35110447
v -0.01414128 0.20090634 0.35112715
v -0.00472386 0.19074392 0.34840366
v -0.01812083 0.21460161 0.35000178
v 0.00746229 0.22188297 0.31490576
v 0.01898014 0.21461111 0.32943845
v -0.00538694 0.21460746 0.34052607
v 0.00335950 0.21141388 0.33581972
v 0.00345388 0.21789232 0.33599880
v 0.00492687 0.22411183 0.30091453
v 0.04280062 0.18603759 0.34358394
v 0.02686663 0.21084607 0.32943681
v 0.01440470 0.17253163 0.35636288
v 0.01443608 0.19312924 0.34359741
v 0.01446757 0.20249777 0.30091333
v 0.01635220 0.20221637 0.30467752
v 0.01502056 0.20060834 0.30091304
v 0.04301409 0.18603764 0.34341961
v 0.03106632 0.20998332 0.32712343
v 0.05168648 0.20334509 0.32380548
v 0.04303601 0.19752800 0.30943528
v 0.05496266 0.19200954 0.30920741
v 0.04420035 0.18603753 0.34309807
v 0.04301360 0.18579753 0.34380996
v 0.01086445 0.23068680 0.30271882
v 0.01447722 0.23340273 0.30994105
v 0.01448011 0.24006946 0.30090982
v 0.02589782 0.22032224 0.32943606
v 0.06797904 0.19328409 0.32942328
v 0.07160138 0.18799391 0.32551557
v 0.09044314 0.18603614 0.32001433
v 0.07591636 0.18603459 0.33157793
v 0.07337134 0.18957764 0.32942048
v 0.07159207 0.18303335 0.33541250
v 0.07159852 0.18700734 0.33135858
v 0.07164060 0.25669727 0.30089134
v 0.12877655 0.25429174 0.30087620
v 0.21129096 0.21302027 0.30090967
v 0.22253305 0.20233873 0.32333809
v 0.21441507 0.21005073 0.30317953
v 0.22733045 0.18603325 0.32169187
v 0.22662210 0.19215640 0.30908874
v 0.22179125 0.20087942 0.33630073
v 0.22587952 0.18601879 0.33797920
v 0.22614071 0.18009843 0.34965950
v 0.22598001 0.19184150 0.34956461
v 0.19587801 0.22386155 0.30090374
v 0.18588202 0.23033622 0.30090022
v 0.18761021 0.22972646 0.30176437
v 0.21567927 0.21457803 0.32944423
v 0.21194260 0.21458338 0.30585617
v 0.20531467 0.22494631 0.32425743
v 0.20700675 0.22835855 0.33632123
v 0.22010575 0.21457422 0.34650284
v -0.01412753 0.22146483 0.35454226
v 0.00296323 0.23463589 0.35223007
v -0.01412976 0.24317309 0.36668813
v 0.04018134 0.24316707 0.31660256
v 0.02887046 0.24316739 0.33661970
v 0.01446625 0.23770210 0.34035897
v 0.03920908 0.24508841 0.31324670
v 0.04253193 0.24421389 0.31568998
v 0.04375389 0.24456266 0.31586388
v 0.04305597 0.24457985 0.31446117
v 0.06118341 0.25222069 0.30611402
v 0.03946254 0.25033590 0.34011230
v 0.04750092 0.25206453 0.33924684
v 0.02573745 0.25182182 0.35233873
v 0.04304545 0.25624740 0.35022354
v 0.06660717 0.25320157 0.32942212
v 0.06449564 0.26456419 0.34371579
v 0.07164035 0.25670305 0.30237085
v 0.07841226 0.25672501 0.32941723
v 0.07282072 0.25685331 0.30148011
v 0.09256202 0.25842088 0.32276681
v 0.10603619 0.25484058 0.32097751
v 0.10020319 0.25855967 0.30745319
v 0.12280710 0.25445038 0.30385649
v 0.09143350 0.26066306 0.33493227
v 0.10716110 0.25710803 0.33670419
v 0.10018115 0.26870152 0.35643837
v 0.08054253 0.26635319 0.34013325
v 0.12135933 0.25793850 0.32940450
v 0.12162990 0.26454681 0.34371814
v 0.12877448 0.25535390 0.30502760
v 0.13450867 0.25466141 0.32940686
v 0.14642872 0.24859589 0.30969909
v 0.15637648 0.24503496 0.31609043
v 0.15790915 0.24431476 0.31573135
v 0.15732385 0.24431489 0.31455979
v 0.15866567 0.24381259 0.31447557
v 0.15106022 0.25563702 0.33743644
v 0.16186030 0.25226182 0.33912209
v 0.15729865 0.26426327 0.35422641
v 0.18518941 0.25709733 0.35762703
v 0.13423547 0.26291981 0.34696776
v 0.18533354 0.24419728 0.32941931
v 0.18586262 0.24374546 0.32821164
v 0.18728302 0.24314041 0.32871011
v 0.18811268 0.24314040 0.33054614
v 0.18623662 0.24389099 0.32941979
v 0.18584265 0.25426540 0.35164550
v 0.20352650 0.23770204 0.34912336
v 0.21436445 0.22438712 0.35307449
v -0.18677281 0.01229911 0.39981282
v -0.18456800 0.01224653 0.39978698
v -0.16434090 -0.00702508 0.40075696
v -0.12857091 -0.04266643 0.42597404
v -0.12855664 -0.02546152 0.40950692
v -0.10359628 -0.03018738 0.41337729
v -0.13694562 -0.00233396 0.39250788
v -0.14971042 -0.00721184 0.40038225
v -0.13508680 -0.01409587 0.40211844
v -0.11834657 -0.00592297 0.39071059
v -0.10683793 0.00073968 0.38661909
v -0.12004371 -0.01409904 0.39817530
v -0.10346738 -0.02491137 0.40822867
v -0.11085838 -0.01069692 0.39342913
v -0.09999626 -0.02964043 0.41267091
v -0.09721739 -0.02977697 0.41378453
v -0.07141999 -0.02187660 0.41128749
v -0.09995897 0.01152023 0.38069540
v -0.09446578 0.00347055 0.38661295
v -0.07901785 -0.00075575 0.39327344
v -0.09744090 -0.02583324 0.41006956
v -0.09020884 -0.00958354 0.39564186
v -0.07756070 -0.01409495 0.40288317
v -0.06612492 0.00395045 0.39561981
v -0.06743065 -0.01409178 0.40721565
v -0.04550144 -0.00246164 0.40983063
v -0.04097774 -0.00164031 0.41146767
v -0.22081868 0.02547161 0.41188049
v -0.24628840 0.06471823 0.39742211
v -0.22576572 0.04581647 0.38106638
v -0.22371778 0.04303793 0.38661736
v -0.23023511 0.04641156 0.38830093
v -0.22762610 0.04487766 0.38661730
v -0.22650024 0.04099413 0.39070171
v -0.22795992 0.04362230 0.38778809
v -0.22016111 0.05436823 0.35808989
v -0.18920755 0.01447743 0.39913929
v -0.20372222 0.03554168 0.38661757
v -0.21424773 0.02443727 0.40653080
v -0.21425876 0.04732494 0.35809457
v -0.20554355 0.03746886 0.37549090
v -0.18792863 0.04191981 0.35807961
v -0.18568352 0.01447683 0.39632976
v -0.19532037 0.03374383 0.38197431
v -0.17903414 0.02776948 0.37899023
v -0.18567958 0.04131441 0.35894296
v -0.16685569 0.01447520 0.39149666
v -0.19139189 0.01162305 0.40375316
v -0.18568629 0.00274005 0.40677172
v -0.22470510 0.06253942 0.36329272
v -0.15823960 0.01673419 0.38662747
v -0.16451848 0.03617377 0.37288162
v -0.18426663 0.04233868 0.35807753
v -0.15621571 0.01447415 0.38707575
v -0.15662995 0.01543357 0.38662854
v -0.15711039 0.01388716 0.38780326
v -0.15710992 0.01478403 0.38724822
v -0.15709703 0.05308638 0.35805285
v -0.15276153 0.03310020 0.36674252
v -0.12853345 0.01447642 0.37948364
v -0.13230142 0.02201574 0.37610996
v -0.12496053 0.02161990 0.37590882
v -0.11501683 0.01447901 0.37909532
v -0.15188932 0.05473633 0.35804969
v -0.13216574 0.04305369 0.36533505
v -0.12507126 0.04305609 0.36494362
v -0.10679106 0.03562108 0.37173203
v -0.10418098 0.05310712 0.36652339
v -0.12851989 0.05288561 0.36294967
v -0.09995499 0.01858913 0.37840402
v -0.09126556 0.01448586 0.38226122
v -0.09209364 0.03662355 0.37371629
v -0.07138202 0.01449285 0.38820872
v -0.07892362 0.02960589 0.37986267
v -0.06138611 0.03445436 0.38227415
v -0.05543686 0.01449761 0.39291173
v -0.09480510 0.05223390 0.36827523
v -0.11166728 0.06322174 0.36388803
v -0.09992765 0.06108736 0.36547977
v -0.07601561 0.06932200 0.36995524
v -0.07882835 0.04307550 0.37296659
v -0.06144909 0.04308179 0.37782249
v -0.05127106 0.03146751 0.38658822
v -0.05425397 0.04026739 0.38095409
v -0.05314182 0.04701001 0.37873420
v -0.03534165 0.04308952 0.38657999
v -0.07133737 0.06906819 0.37099451
v -0.04282159 0.00495625 0.40568513
v -0.04280402 0.01883668 0.39526039
v -0.03489033 0.00418313 0.41120246
v -0.02452137 0.01965686 0.40602213
v -0.01423440 0.01451507 0.41682532
v -0.01421852 0.02748637 0.40735710
v -0.06908759 0.07053898 0.37116522
v -0.04276926 0.06650723 0.37625837
v -0.03098278 0.04807297 0.38657811
v -0.02687565 0.04632448 0.38819447
v -0.02972323 0.04186399 0.38903338
v -0.02929398 0.04389067 0.38817847
v -0.02675391 0.04309197 0.39005956
v -0.00604494 0.05537413 0.39271489
v -0.00634855 0.04309857 0.39944518
v 0.00733260 0.05034630 0.40106642
v 0.04116539 0.06810524 0.39907137
v 0.01939193 0.05238323 0.40512991
v 0.04422845 0.06915972 0.39959881
v -0.27226350 0.11363621 0.41343582
v -0.24933526 0.07160780 0.39761895
v -0.24284580 0.07160586 0.38632444
v -0.23769394 0.08191578 0.37747049
v -0.23338434 0.07160674 0.37705398
v -0.22493288 0.08055535 0.36338997
v -0.24920616 0.08430284 0.39450830
v -0.25224337 0.06690760 0.40556031
v -0.24282898 0.04541993 0.41396621
v -0.25690538 0.07864385 0.40788093
v -0.24506330 0.10017355 0.38656947
v -0.25077069 0.11294943 0.39293677
v -0.26899257 0.11203391 0.41023904
v -0.25345245 0.10017513 0.39396316
v -0.23506573 0.10017124 0.37359524
v -0.21608162 0.11265095 0.36166832
v -0.23588528 0.11480048 0.37925518
v -0.22052896 0.08902134 0.35806060
v -0.21426249 0.10583991 0.35804990
v -0.21323866 0.11344031 0.36009330
v -0.20613271 0.11040673 0.35804155
v -0.21426705 0.11600351 0.36110994
v -0.20734721 0.11793235 0.36149141
v -0.10701568 0.08240294 0.36154515
v -0.15710023 0.12400778 0.35799608
v -0.10181705 0.08783782 0.36177221
v -0.11958282 0.09576993 0.35799778
v -0.09992675 0.08390407 0.36209205
v -0.07970057 0.07584384 0.36810872
v -0.09992855 0.11268840 0.35798606
v -0.09792741 0.08794985 0.36199409
v -0.07133672 0.08318031 0.36653268
v -0.06753077 0.07356814 0.37038663
v -0.09703026 0.11308946 0.35798648
v -0.09992890 0.12349593 0.35798067
v -0.07263398 0.10025154 0.36058784
v -0.06976800 0.10025220 0.36113727
v -0.04778761 0.09098281 0.36804026
v -0.04432524 0.11298297 0.36112291
v -0.07133946 0.10481578 0.36027676
v -0.04276660 0.07887272 0.37217230
v -0.02921205 0.07167150 0.37978816
v -0.03643189 0.09229612 0.37066305
v -0.01418995 0.07167523 0.38373268
v -0.02094866 0.08518547 0.37902582
v -0.00417763 0.09168282 0.38226140
v 0.01071955 0.07168400 0.38840258
v -0.04057557 0.11236034 0.36236638
v -0.04730896 0.11682042 0.36026633
v -0.04276222 0.11601113 0.36092103
v -0.04276145 0.13497590 0.35798424
v -0.02799330 0.12193605 0.36536270
v -0.02227221 0.10025512 0.37414527
v -0.00314400 0.10025707 0.38003463
v 0.00954328 0.08138607 0.38655800
v 0.00243480 0.09793442 0.38189647
v 0.00318847 0.10333803 0.38038269
v -0.01418898 0.12556186 0.37061086
v 0.02670459 0.07168990 0.39272872
v 0.01911595 0.08113365 0.38655776
v 0.01438957 0.06929141 0.39135602
v 0.01439107 0.07276350 0.38872248
v 0.02628227 0.09786827 0.38173547
v 0.04296167 0.07169592 0.39703435
v 0.03142457 0.09478940 0.38380441
v 0.05618219 0.09814633 0.38547871
v 0.04764652 0.07169763 0.39852238
v 0.04295748 0.06265128 0.40539190
v 0.05566419 0.06534388 0.40723628
v 0.02550727 0.10344992 0.38018346
v -0.01111278 0.12730493 0.37070912
v 0.01438890 0.12309824 0.37501603
v 0.03164372 0.10027433 0.38062093
v 0.03847625 0.11987852 0.37672231
v 0.05608362 0.10028168 0.38421229
v 0.05857461 0.09762795 0.38654792
v 0.05807762 0.09945316 0.38488898
v 0.05881337 0.10184584 0.38341895
v 0.06778057 0.10028602 0.38655180
v 0.05116330 0.11245637 0.38044393
v 0.07151499 0.07846954 0.40010846
v 0.08807059 0.07771987 0.40689576
v 0.10005638 0.07172693 0.41456538
v 0.10005696 0.08231086 0.40619475
v 0.12014613 0.08178706 0.41098019
v 0.07153655 0.12306783 0.37493724
v 0.09905712 0.12835059 0.37175471
v 0.08244528 0.10701193 0.38655800
v 0.09791273 0.12449834 0.37446535
v 0.08736009 0.10341770 0.38812816
v 0.08385870 0.09835153 0.39045236
v 0.08467449 0.10141908 0.38881600
v 0.08741540 0.10029489 0.38980836
v 0.10142992 0.12620971 0.37361380
v 0.11181062 0.10537238 0.38913411
v 0.11832675 0.10826917 0.38660270
v 0.11172134 0.10030243 0.39184690
v 0.12112494 0.09351020 0.40021557
v 0.11655572 0.10252129 0.39104310
v 0.10010187 0.12815855 0.37192133
v 0.12860064 0.08344755 0.41007233
v 0.13541766 0.08261302 0.41181687
v 0.15714349 0.07175457 0.42723632
v 0.15714517 0.08955010 0.40985215
v 0.10143960 0.12820426 0.37161043
v 0.12863663 0.12097804 0.37080163
v 0.12865992 0.13769692 0.35801345
v 0.14913602 0.12485553 0.36829507
v 0.13791500 0.11026952 0.38662082
v 0.15185912 0.11825100 0.37764668
v 0.14648557 0.10751609 0.39023381
v 0.13493203 0.09235509 0.40254885
v 0.13998640 0.10320695 0.39242685
v 0.14851297 0.10031185 0.39791420
v 0.16096449 0.12129115 0.37612838
v 0.16635279 0.11047849 0.39172122
v 0.18190333 0.12125260 0.38663110
v 0.16405727 0.10031514 0.40139928
v 0.18027428 0.10916208 0.40434176
v 0.15717378 0.12378557 0.36978033
v 0.16451761 0.12520753 0.36865383
v 0.18571578 0.12518725 0.37924239
v 0.18572244 0.13169210 0.35805032
v 0.18850863 0.12328377 0.38663077
v 0.18985941 0.11043838 0.40689510
v -0.27311382 0.11531602 0.41426247
v -0.25395125 0.12874943 0.39527917
v -0.27142811 0.11583266 0.41238520
v -0.24286468 0.12874940 0.38690227
v -0.23025385 0.12875041 0.37857419
v -0.24721448 0.13744710 0.39646530
v -0.23593180 0.14262754 0.39387518
v -0.25688925 0.13576823 0.40781182
v -0.24286583 0.15331012 0.41305783
v -0.22224376 0.14466542 0.38653105
v -0.20710191 0.15733674 0.38652334
v -0.22498757 0.15374315 0.39369792
v -0.22349924 0.16241343 0.39666879
v -0.21427804 0.13566443 0.37275505
v -0.19315439 0.13249734 0.36855677
v -0.20282213 0.15451379 0.38089135
v -0.18570232 0.13415636 0.36958665
v -0.17448661 0.13439153 0.36667141
v -0.20136009 0.15869629 0.38381019
v -0.19800867 0.15733998 0.38254905
v -0.20231703 0.16196923 0.38652450
v -0.19806363 0.16121423 0.38458988
v -0.17578107 0.15735452 0.37781543
v -0.16355348 0.14951281 0.37083024
v -0.16716936 0.16161452 0.37802291
v -0.17568891 0.16588061 0.38226116
v -0.15711142 0.13906279 0.36602515
v -0.14517051 0.13712633 0.36394238
v -0.15305330 0.14714797 0.36608851
v -0.12852395 0.14793736 0.36269355
v -0.10193618 0.14211191 0.35897285
v -0.14949907 0.16403995 0.37319815
v -0.15712991 0.18167779 0.37799180
v -0.13159528 0.15739170 0.36409956
v -0.13236165 0.17832819 0.37604612
v -0.12572023 0.15739493 0.36356694
v -0.10044330 0.14362776 0.35899553
v -0.10237449 0.16925232 0.36284778
v -0.12503505 0.17895365 0.37573445
v -0.09992981 0.14271395 0.35877341
v -0.09864769 0.14247502 0.35861188
v -0.09950187 0.14354342 0.35882625
v -0.09284230 0.14666034 0.35797065
v -0.09784083 0.16961147 0.36213779
v -0.08145216 0.16247284 0.35796821
v -0.09993021 0.17426769 0.36310479
v -0.08956888 0.17687811 0.36313915
v -0.03216462 0.14843762 0.35797080
v -0.01418814 0.14542013 0.36396194
v -0.00799200 0.13194457 0.36914557
v -0.02506329 0.16287583 0.35796100
v -0.04273287 0.18962024 0.35796705
v -0.01534858 0.15743364 0.36027691
v -0.01302480 0.15743406 0.36028069
v 0.01000754 0.14751823 0.36669219
v 0.00873686 0.16890088 0.35795256
v -0.01418583 0.16153744 0.36000618
v 0.01438639 0.13753413 0.36916059
v 0.03831246 0.12886013 0.37455007
v 0.01440150 0.17038333 0.35795122
v 0.01928224 0.14804421 0.36773556
v 0.04296144 0.12886178 0.37491861
v 0.04102369 0.13273665 0.37416086
v 0.04453619 0.13201180 0.37379923
v 0.04852940 0.12886322 0.37501302
v 0.01618111 0.17084518 0.35795018
v 0.03896138 0.15744440 0.36594427
v 0.04633234 0.15744686 0.36465654
v 0.06795946 0.14675024 0.36512774
v 0.05944837 0.16568242 0.35794172
v 0.04297604 0.16665334 0.36253697
v 0.07154536 0.13750027 0.36927187
v 0.09787281 0.12998939 0.37115920
v 0.07155916 0.16022928 0.35795033
v 0.07434867 0.14596167 0.36355388
v 0.09233891 0.15355285 0.35796660
v 0.19565970 0.12887944 0.38165069
v 0.19961369 0.12887770 0.39358068
v 0.20020092 0.13592173 0.36529291
v 0.20979941 0.13782027 0.37680942
v 0.21427837 0.14287508 0.36533773
v 0.21134998 0.13471083 0.39799345
v 0.20327973 0.12338428 0.40641314
v 0.21013395 0.13094246 0.40297902
v 0.21425909 0.12887856 0.40804878
v 0.21426302 0.13431551 0.40363365
v 0.22544552 0.15743847 0.38661018
v 0.22563340 0.15743980 0.38076892
v 0.22681861 0.16090457 0.38487381
v 0.22737759 0.15978073 0.38778019
v 0.22711241 0.15743841 0.38948268
v 0.24267082 0.17159058 0.41491589
v 0.22371688 0.15273389 0.35804823
v 0.22598502 0.16329239 0.35803622
v 0.23038252 0.17796208 0.36426073
v 0.24281359 0.17171176 0.41515818
v -0.22609556 0.17753157 0.40916711
v -0.24284795 0.18591732 0.42721179
v -0.21963450 0.19752368 0.41239536
v -0.21599418 0.20192499 0.41163459
v -0.19965944 0.18591678 0.39383352
v -0.21428107 0.17898221 0.40037411
v -0.21427453 0.19651580 0.40770879
v -0.18571015 0.18592328 0.38835472
v -0.16569282 0.18593767 0.38224608
v -0.19137362 0.19725752 0.39514366
v -0.17698044 0.20338218 0.39209110
v -0.21150629 0.20296820 0.40955529
v -0.19250417 0.21449651 0.40146405
v -0.16376755 0.19921392 0.38652682
v -0.17590582 0.21450841 0.39552420
v -0.16862157 0.21172291 0.39210865
v -0.16734524 0.21857524 0.39465106
v -0.15713108 0.18871850 0.38097993
v -0.14077958 0.18595634 0.37834656
v -0.14416860 0.21186793 0.38652697
v -0.12854390 0.18596356 0.37650910
v -0.12121838 0.20060286 0.37955084
v -0.12119431 0.18596718 0.37590271
v -0.14249848 0.21385679 0.38686466
v -0.13923234 0.21453385 0.38652712
v -0.14159940 0.21700117 0.38776207
v -0.14313839 0.21422921 0.38713223
v -0.14332412 0.21502014 0.38750431
v -0.14256707 0.21453200 0.38706467
v -0.11628510 0.21454729 0.38243496
v -0.11078884 0.21110815 0.37964529
v -0.11197499 0.21680857 0.38201135
v -0.11632328 0.21871857 0.38444149
v -0.10545732 0.23208341 0.38653165
v -0.09993140 0.19298840 0.37251258
v -0.07908516 0.18986630 0.36837348
v -0.09003361 0.21016002 0.37772679
v -0.07133002 0.19457436 0.36796069
v -0.04883815 0.19724728 0.36101824
v -0.08861160 0.21754292 0.38057178
v -0.08077621 0.21456738 0.37683922
v -0.09549338 0.23427966 0.38653272
v -0.08100460 0.22380474 0.38190910
v -0.06429189 0.21457368 0.37200707
v -0.04417262 0.20175172 0.36086002
v -0.04866137 0.22293627 0.36983055
v -0.06403249 0.22858429 0.37951905
v -0.04272570 0.19906729 0.36043838
v -0.03872638 0.19830564 0.35996366
v -0.04129178 0.20173660 0.36082619
v -0.03314135 0.20509782 0.35796794
v -0.03682629 0.22298592 0.36973885
v -0.02097395 0.21802244 0.35797000
v -0.04272432 0.23767115 0.37553543
v -0.01967167 0.24040480 0.36947298
v 0.01446312 0.24932766 0.35796636
v 0.23559922 0.18600553 0.38296625
v 0.23022190 0.19396715 0.36433360
v 0.23768872 0.18600580 0.38915670
v 0.18583713 0.25700155 0.35795128
v 0.20918991 0.24055254 0.36965781
v 0.21267636 0.23978946 0.37391487
v 0.23595759 0.19977047 0.38656986
v 0.23307216 0.21007988 0.37756920
v 0.23184922 0.21784198 0.38001299
v 0.23461947 0.21457373 0.38655496
v 0.21990189 0.23198995 0.37782457
v 0.23187870 0.22119001 0.38654730
v 0.22289021 0.21029615 0.35799247
v 0.22052631 0.21766531 0.35798395
v 0.21435031 0.23150146 0.36643362
v 0.24280272 0.17177676 0.41507187
v 0.24281743 0.19249165 0.39955527
v 0.24282488 0.17173383 0.41516897
v 0.24845947 0.19746557 0.41233119
v 0.24611427 0.20359570 0.40854344
v 0.24407895 0.22759596 0.41258928
v -0.18567628 0.23128828 0.40670234
v -0.17487651 0.23768662 0.40620333
v -0.18566677 0.24308062 0.41338295
v -0.15888092 0.25648794 0.41418725
v -0.15731834 0.25760552 0.41463265
v -0.13652727 0.24311127 0.39681670
v -0.15710449 0.23609212 0.40053755
v -0.15709519 0.25680536 0.41392675
v -0.12851925 0.24311575 0.39491236
v -0.13082127 0.24771503 0.39851862
v -0.12546179 0.24923122 0.39776158
v -0.10828561 0.24312906 0.39071268
v -0.15680444 0.25767276 0.41449913
v -0.12967543 0.27168351 0.41277295
v -0.12693267 0.27168494 0.41191331
v -0.10666956 0.26414984 0.40161836
v -0.09550710 0.24313602 0.38873813
v -0.09992293 0.24209876 0.38860574
v -0.09992289 0.24473278 0.38973150
v -0.07132448 0.24314648 0.38537347
v -0.05128429 0.24315751 0.38223821
v -0.07867058 0.25780404 0.39347076
v -0.06278699 0.26023337 0.39225292
v -0.09128694 0.26605502 0.39782327
v -0.07770663 0.27171335 0.40235993
v -0.04775073 0.25318450 0.38650662
v -0.06375052 0.27172089 0.39990458
v -0.05180109 0.26648447 0.39697823
v -0.04272681 0.24612933 0.38057470
v -0.03692019 0.25478327 0.38650185
v -0.01675374 0.24448313 0.37092891
v -0.01712108 0.24913709 0.37521434
v -0.00937812 0.25269189 0.37698540
v -0.01413282 0.24624458 0.37070265
v -0.00057385 0.24994570 0.36547005
v -0.02335536 0.26155674 0.39158279
v -0.00309279 0.26527885 0.38971946
v -0.03293411 0.26725188 0.39544994
v -0.02115497 0.27173233 0.40107828
v 0.00326424 0.26549876 0.38649327
v 0.01388135 0.27174270 0.38649035
v -0.00495153 0.27173758 0.39663935
v 0.00238903 0.26948941 0.39098892
v 0.00580330 0.27741033 0.39781660
v 0.01446107 0.25553945 0.36179397
v 0.01867477 0.25535053 0.36006802
v 0.01930003 0.26229912 0.36763507
v 0.04303707 0.26489902 0.36136279
v 0.02581867 0.27465019 0.38067698
v 0.03613390 0.27173364 0.37171772
v 0.02567920 0.27782747 0.38648748
v 0.03186917 0.27802908 0.38334516
v 0.04692562 0.27172595 0.36571920
v 0.06463424 0.27904049 0.37186348
v 0.05140480 0.28352413 0.38059074
v 0.06762181 0.29234684 0.38648117
v 0.05303673 0.26672739 0.35795024
v 0.07161716 0.26949725 0.35794929
v 0.09730507 0.27026698 0.35793984
v 0.10018109 0.27059180 0.35849440
v 0.07747631 0.28013003 0.36966974
v 0.09940984 0.27170449 0.35947978
v 0.07473829 0.29399937 0.38648108
v 0.09260540 0.28513911 0.37976980
v 0.10108420 0.27170449 0.35974300
v 0.12089007 0.27813882 0.37361413
v 0.10832724 0.28395098 0.38035291
v 0.12218741 0.28718886 0.38646549
v 0.10308172 0.27025428 0.35793811
v 0.12874004 0.26681563 0.35793716
v 0.14859508 0.26735285 0.35794073
v 0.15729734 0.26807371 0.35975647
v 0.18556584 0.25728568 0.35808671
v 0.13645531 0.27826172 0.37336245
v 0.15441683 0.27170330 0.36369684
v 0.13513827 0.28743896 0.38646659
v 0.14859709 0.28287137 0.38089216
v 0.15638305 0.29847777 0.39985028
v 0.16143236 0.27170232 0.36621797
v 0.18546285 0.25779584 0.35869917
v 0.17518061 0.27532214 0.37924534
v 0.18725902 0.27169961 0.38649452
v 0.16749623 0.27982327 0.38242409
v 0.15866993 0.29748207 0.39935434
v 0.17527923 0.27915499 0.38648760
v 0.18583709 0.25726759 0.35825855
v 0.21038942 0.24313644 0.37421983
v 0.19654092 0.26460958 0.38650268
v 0.21434104 0.24313678 0.37916327
v 0.20571548 0.26039201 0.39216393
v 0.21873227 0.25197738 0.39638281
v 0.22504038 0.24313967 0.39543599
v 0.22983646 0.25092402 0.40859151
v 0.19724767 0.26886672 0.39216647
v 0.19493428 0.27685013 0.39678773
v 0.20956667 0.27170521 0.40554881
v 0.21613789 0.27170748 0.41141579
v 0.24281377 0.23026991 0.41230994
v 0.24442600 0.22967319 0.41431594
v -0.12852038 0.27359200 0.41412818
v -0.07134984 0.28079724 0.41052732
v -0.01417512 0.28151760 0.41014311
v 0.00572025 0.29036584 0.41068986
v -0.01418577 0.30030280 0.42611548
v 0.04283776 0.30030859 0.40067285
v 0.01441052 0.28996170 0.40715605
v 0.04299324 0.30030856 0.40058860
v 0.04294757 0.30039969 0.40070501
v 0.04304574 0.30041367 0.40069795
v 0.04358329 0.30030811 0.40045601
v 0.04276199 0.30042413 0.40086597
v 0.04299309 0.30047235 0.40083230
v 0.04425272 0.30093792 0.40137920
v 0.09503018 0.30028257 0.39817691
v 0.07159223 0.29803562 0.39098015
v 0.10015877 0.30028093 0.39925423
v 0.09971587 0.30116561 0.40029469
v 0.10052381 0.30101308 0.40037057
v 0.10243046 0.30028066 0.39960092
v 0.09090072 0.30491361 0.40535945
v 0.10015698 0.30193862 0.40156344
v 0.11137602 0.30589575 0.40634254
v 0.12872231 0.29572278 0.39555240
v 0.15622340 0.29974169 0.40127164
v 0.15727736 0.29947138 0.40114361
v 0.15925719 0.29927737 0.40173733
v 0.15727705 0.30026916 0.40163749
v 0.18580705 0.29082042 0.40537474
v 0.19413370 0.29015923 0.41087541
v 0.21431127 0.27468187 0.41358340
v -0.13186541 -0.04431156 0.42781988
v -0.12857249 -0.04495484 0.42832118
v -0.12564231 -0.04413204 0.42799884
v -0.09999794 -0.03141041 0.41517437
v -0.21424618 0.01633149 0.41517094
v -0.20832530 0.00315823 0.41813791
v -0.18265854 -0.01256744 0.41518745
v -0.18568996 -0.01163721 0.41640970
v -0.14569922 -0.03409247 0.42090654
v -0.15713051 -0.02553128 0.41519308
v -0.15360422 -0.02660792 0.41519210
v -0.07264224 -0.04206395 0.42886198
v -0.07144193 -0.04230746 0.42928419
v -0.05938516 -0.02010729 0.41517687
v -0.04283896 -0.00842820 0.41517264
v -0.03712896 -0.00263815 0.41516948
v -0.01424598 0.00481529 0.42460328
v -0.00627043 0.01053362 0.42546761
v -0.22766089 0.02205392 0.42186821
v -0.26100186 0.06252766 0.42033404
v -0.23992185 0.04158992 0.41515690
v -0.24202274 0.04344417 0.41515616
v -0.24282745 0.04375200 0.41551068
v 0.00205360 0.02266279 0.42130995
v 0.00487625 0.03355752 0.41515782
v 0.01436901 0.03979729 0.41515821
v 0.03253072 0.04832236 0.41516489
v 0.04294856 0.04878696 0.41800627
v 0.06793760 0.05920627 0.41697028
v 0.07151002 0.06257012 0.41518182
v 0.07771108 0.06052957 0.41829556
v 0.10005321 0.06022920 0.42375851
v 0.11371064 0.06489924 0.42268127
v 0.12860046 0.07856721 0.41522720
v 0.15456906 0.07046513 0.42826030
v 0.15714286 0.07019178 0.42877090
v 0.15884146 0.07090575 0.42870212
v -0.27361962 0.11337611 0.41510761
v -0.26499468 0.08269686 0.41833478
v -0.27142385 0.10877521 0.41511065
v -0.26501799 0.08910145 0.41512406
v -0.27427724 0.11589987 0.41652989
v -0.27142721 0.11841954 0.41510192
v 0.16155601 0.07396216 0.42733997
v 0.17303345 0.09237061 0.41523558
v 0.18570188 0.10170836 0.41522723
v 0.19548652 0.10970595 0.41521734
v 0.21424931 0.11475113 0.42243955
v 0.22538207 0.12331507 0.42392632
v -0.26321694 0.13893908 0.41918322
v -0.24286437 0.15562467 0.41592443
v -0.24491286 0.18488511 0.42830700
v -0.24145423 0.15663271 0.41506717
v -0.24061842 0.15846181 0.41506699
v -0.24285761 0.16955742 0.42116868
v 0.22916809 0.13634604 0.42202586
v 0.23159954 0.14876534 0.41519815
v 0.24280265 0.17167665 0.41518015
v 0.24282409 0.17171198 0.41518012
v 0.24285126 0.17174706 0.41520444
v -0.24430530 0.18664640 0.42860946
v -0.24284670 0.18818951 0.42820317
v -0.21994512 0.20304014 0.41507086
v -0.21426371 0.21418568 0.41507101
v -0.20810413 0.22570464 0.41506928
v -0.20752926 0.23214257 0.41842359
v 0.25281247 0.19528693 0.42017645
v 0.24952015 0.20365374 0.41515562
v 0.24539463 0.22757104 0.41512772
v 0.24281190 0.23395139 0.41512033
v 0.24603528 0.23048118 0.41674188
v -0.19605292 0.24826884 0.42415088
v -0.18566272 0.25379401 0.42399547
v -0.15796703 0.25781766 0.41507891
v -0.15709488 0.25821325 0.41507909
v -0.13174130 0.27329305 0.41508082
v -0.11396637 0.27896678 0.41507828
v -0.12851951 0.27782217 0.41814476
v -0.09994181 0.28259116 0.41507560
v -0.09410515 0.28307086 0.41507313
v -0.04479567 0.28499582 0.41504434
v -0.07135568 0.29648104 0.42743176
v -0.04276386 0.28464669 0.41504288
v -0.03982078 0.28454143 0.41504151
v -0.03354539 0.29062197 0.41964173
v 0.01440727 0.29636717 0.41502595
v 0.07157003 0.31233495 0.41501483
v 0.12870301 0.31288964 0.41500196
v 0.23648767 0.25426364 0.41826749
v 0.18580055 0.30124700 0.41503635
v 0.21295828 0.29961261 0.42867029
v 0.22233532 0.26768824 0.41507986
v 0.21803680 0.27357686 0.41507378
v 0.21430533 0.29601139 0.42721003
v -0.01654887 0.30148160 0.42812103
v -0.01418741 0.30214208 0.42838019
v -0.01017830 0.30230665 0.42729717
v 0.02604759 0.30877870 0.42083666
v 0.04298717 0.31480145 0.42205554
v 0.06847414 0.31303990 0.41656053
v 0.07381269 0.31346422 0.41613439
v 0.10014044 0.31747204 0.42069614
v 0.12700878 0.31372064 0.41584823
v 0.13012636 0.31385437 0.41571432
v 0.15725663 0.31863916 0.42011678
v 0.17798214 0.31064841 0.41894054
f 15 11 8
f 11 6 8
f 9 8 6
f 6 11 12
f 20 10 7
f 21 7 13
f 20 7 21
f 20 21 23
f 1 99 101
f 2 91 89
f 100 2 89
f 3 99 1
f 2 100 4
f 5 4 3
f 101 99 105
f 108 113 102
f 93 90 96
f 100 89 107
f 109 90 93
f 92 96 90
f 107 109 110
f 110 105 107
f 108 105 110
f 101 106 1
f 14 117 123
f 106 16 1
f 1 16 3
f 18 17 16
f 12 11 19
f 118 117 19
f 11 15 19
f 101 102 103
f 119 103 120
f 104 103 102
f 124 119 120
f 123 124 126
f 124 125 126
f 121 122 120
f 118 106 119
f 119 117 118
f 123 129 14
f 22 139 145
f 24 21 13
f 13 12 14
f 140 24 129
f 25 139 22
f 27 26 25
f 23 21 24
f 126 125 128
f 123 126 127
f 141 127 142
f 128 127 126
f 146 141 142
f 145 146 148
f 146 147 148
f 143 144 142
f 140 129 141
f 141 139 140
f 145 151 22
f 55 185 59
f 185 55 182
f 28 179 192
f 182 186 185
f 185 186 187
f 151 29 22
f 22 29 25
f 59 185 188
f 68 209 72
f 209 68 206
f 31 30 29
f 32 179 28
f 31 180 33
f 34 33 32
f 185 187 188
f 206 210 209
f 209 210 211
f 148 147 150
f 72 209 212
f 80 228 84
f 228 80 225
f 145 148 149
f 181 149 189
f 150 149 148
f 193 181 189
f 209 211 212
f 225 229 228
f 228 229 230
f 192 193 195
f 193 194 195
f 190 191 189
f 84 228 231
f 180 151 181
f 181 179 180
f 228 230 231
f 192 197 28
f 197 35 28
f 28 35 32
f 37 36 35
f 261 270 38
f 37 261 38
f 192 195 196
f 262 196 263
f 263 196 281
f 268 262 263
f 268 263 282
f 272 262 268
f 281 282 263
f 261 197 262
f 270 272 274
f 270 274 271
f 274 272 273
f 40 39 271
f 294 41 275
f 294 296 42
f 41 294 42
f 296 300 42
f 269 287 293
f 292 273 269
f 292 269 293
f 304 295 297
f 304 312 295
f 271 276 275
f 273 276 274
f 294 275 301
f 274 276 271
f 296 294 301
f 301 305 306
f 295 312 317
f 316 297 295
f 316 295 317
f 320 303 299
f 297 299 298
f 320 299 324
f 325 318 321
f 322 321 318
f 318 325 333
f 338 323 319
f 339 319 334
f 338 319 339
f 338 339 342
f 171 355 175
f 355 171 352
f 352 356 355
f 355 356 357
f 175 355 358
f 198 370 202
f 370 198 367
f 355 357 358
f 367 371 370
f 370 371 372
f 202 370 373
f 213 385 217
f 385 213 382
f 370 372 373
f 382 387 385
f 386 389 394
f 217 385 388
f 237 404 241
f 404 237 399
f 396 386 394
f 386 396 395
f 394 397 396
f 400 403 405
f 405 406 404
f 403 408 410
f 405 403 410
f 241 404 407
f 253 422 257
f 422 253 417
f 414 406 412
f 406 414 413
f 412 415 414
f 418 421 423
f 428 423 429
f 421 426 429
f 423 421 429
f 257 422 425
f 422 424 425
f 374 481 378
f 481 374 478
f 478 482 481
f 481 482 483
f 378 481 484
f 389 398 394
f 500 390 495
f 489 504 499
f 481 483 484
f 489 499 496
f 496 499 501
f 501 502 500
f 499 504 506
f 501 499 506
f 398 397 394
f 503 398 500
f 409 408 397
f 503 512 409
f 416 411 515
f 408 411 410
f 512 513 409
f 515 411 513
f 500 502 503
f 509 514 512
f 509 502 508
f 508 510 509
f 515 513 516
f 516 517 515
f 514 519 521
f 516 514 521
f 416 415 412
f 518 416 515
f 427 426 415
f 518 527 427
f 426 430 429
f 527 528 427
f 429 430 428
f 530 430 528
f 515 517 518
f 524 529 527
f 524 517 523
f 523 525 524
f 530 528 531
f 531 532 530
f 529 534 536
f 531 529 536
f 431 530 533
f 443 548 447
f 548 443 545
f 541 542 540
f 540 542 539
f 540 532 538
f 532 540 539
f 538 541 540
f 545 549 548
f 548 549 550
f 447 548 551
f 548 550 551
f 94 560 566
f 572 560 97
f 97 560 94
f 566 560 573
f 576 578 567
f 573 560 572
f 582 577 575
f 572 574 575
f 576 573 577
f 568 112 95
f 112 568 585
f 112 111 95
f 115 112 585
f 112 115 111
f 115 116 113
f 93 94 95
f 96 98 97
f 108 110 111
f 110 109 111
f 569 568 566
f 567 578 580
f 566 567 569
f 587 569 590
f 586 585 587
f 588 586 587
f 114 113 116
f 470 610 474
f 610 470 607
f 607 611 610
f 610 611 612
f 474 610 613
f 485 624 490
f 624 485 621
f 610 612 613
f 621 626 624
f 624 626 627
f 625 505 491
f 625 638 505
f 511 507 641
f 504 507 506
f 638 639 505
f 641 507 639
f 633 645 640
f 638 625 632
f 641 639 642
f 642 643 641
f 640 645 646
f 642 640 646
f 511 510 508
f 644 511 641
f 520 519 510
f 644 653 520
f 526 522 656
f 519 522 521
f 653 654 520
f 656 522 654
f 232 283 245
f 641 643 644
f 650 655 653
f 650 643 649
f 649 651 650
f 656 654 657
f 657 658 656
f 655 660 662
f 657 655 662
f 283 284 245
f 283 285 284
f 526 525 523
f 659 526 656
f 535 534 525
f 659 669 535
f 543 537 672
f 534 537 536
f 669 670 535
f 672 537 670
f 284 281 245
f 656 658 659
f 665 671 669
f 665 658 664
f 664 666 665
f 672 670 673
f 678 673 679
f 671 676 679
f 673 671 679
f 288 290 287
f 289 290 288
f 287 282 288
f 543 541 538
f 541 543 544
f 542 541 544
f 552 688 556
f 688 552 685
f 672 674 675
f 685 689 688
f 688 689 690
f 556 688 691
f 688 690 691
f 308 309 293
f 308 310 309
f 309 313 307
f 313 315 312
f 314 315 313
f 307 305 292
f 304 306 307
f 306 305 307
f 327 328 317
f 327 329 328
f 328 330 326
f 331 332 330
f 326 330 335
f 337 335 336
f 326 324 316
f 337 333 335
f 325 324 326
f 336 332 340
f 340 716 336
f 717 716 340
f 341 724 730
f 343 339 334
f 334 333 337
f 725 343 719
f 344 724 341
f 346 345 344
f 342 339 343
f 719 716 726
f 717 728 727
f 731 726 727
f 730 731 733
f 731 732 733
f 728 729 727
f 725 719 726
f 726 724 725
f 730 734 341
f 734 365 341
f 341 365 344
f 365 734 735
f 734 730 736
f 744 733 745
f 628 778 634
f 778 628 775
f 749 737 735
f 775 779 778
f 778 779 780
f 735 734 736
f 759 736 744
f 634 778 781
f 647 645 633
f 652 648 791
f 647 648 645
f 645 648 646
f 760 748 750
f 778 780 781
f 788 793 791
f 791 793 794
f 758 750 748
f 748 760 772
f 652 651 649
f 792 652 791
f 661 660 651
f 792 805 661
f 667 663 808
f 660 663 662
f 805 806 661
f 808 663 806
f 807 805 800
f 805 792 800
f 805 807 806
f 809 812 817
f 667 666 664
f 810 667 808
f 677 676 666
f 810 823 677
f 676 680 679
f 823 824 677
f 679 680 678
f 826 680 824
f 819 820 818
f 808 809 810
f 818 809 817
f 817 819 818
f 823 825 824
f 826 827 828
f 681 826 829
f 826 828 829
f 795 748 772
f 795 758 748
f 796 876 801
f 876 796 873
f 873 877 876
f 876 877 878
f 801 876 879
f 812 821 817
f 889 813 886
f 876 878 879
f 886 890 889
f 889 890 891
f 821 819 817
f 819 821 822
f 820 819 822
f 830 902 834
f 902 830 899
f 889 891 892
f 899 903 902
f 902 903 904
f 834 902 905
f 902 904 905
f 917 579 915
f 578 576 581
f 581 916 915
f 583 916 581
f 583 582 584
f 584 923 921
f 577 582 583
f 917 915 918
f 919 917 918
f 925 918 922
f 922 916 921
f 931 926 924
f 921 923 924
f 925 922 926
f 592 593 580
f 592 594 593
f 593 590 580
f 594 591 593
f 593 591 590
f 919 927 928
f 740 766 745
f 766 767 745
f 766 768 767
f 767 770 761
f 770 956 773
f 761 770 773
f 761 759 744
f 774 772 773
f 760 759 761
f 962 956 957
f 962 957 963
f 956 962 961
f 961 962 964
f 962 963 964
f 961 965 774
f 965 852 774
f 853 795 852
f 852 965 966
f 965 961 967
f 974 964 975
f 977 968 966
f 966 965 967
f 980 967 974
f 981 976 978
f 979 978 976
f 976 981 987
f 990 976 987
f 990 979 976
f 998 929 995
f 927 925 930
f 930 996 995
f 932 994 993
f 997 932 993
f 997 996 933
f 933 996 930
f 926 931 933
f 998 995 999
f 1000 998 999
f 1006 999 1003
f 993 994 1005
f 997 993 1004
f 993 1005 1004
f 1007 1003 1004
f 1006 1003 1007
f 928 927 929
f 1017 1001 1009
f 1001 1017 1015
f 1017 1018 1015
f 1040 1059 1050
f 1040 1050 1048
f 1048 1050 1051
f 1051 1053 1048
f 1050 1059 1064
f 1051 1050 1064
f 1024 1074 1025
f 1074 1024 1070
f 1054 1052 1066
f 1067 1052 1065
f 1052 1067 1066
f 1065 1068 1067
f 1071 1073 1075
f 1075 1076 1074
f 1073 1081 1086
f 1075 1073 1086
f 1025 1074 1077
f 1089 1076 1087
f 1076 1089 1088
f 1087 1090 1089
f 1092 1094 1095
f 1095 1097 1092
f 1094 1103 1108
f 1095 1094 1108
f 1098 1096 1110
f 1111 1096 1109
f 1096 1111 1110
f 1109 1112 1111
f 1114 1116 1117
f 1117 1118 1114
f 1126 1118 1117
f 1126 1117 1127
f 1116 1122 1127
f 1117 1116 1127
f 970 983 975
f 983 984 975
f 1027 1148 1028
f 1148 1027 1146
f 1146 1151 1148
f 1149 1156 1163
f 1150 1033 1029
f 1033 1035 1029
f 1150 1167 1033
f 1047 1036 1034
f 1041 1036 1047
f 1036 1037 1035
f 1047 1034 43
f 1168 43 1034
f 1148 1149 1150
f 1164 1169 1167
f 1164 1149 1163
f 1163 1165 1164
f 1167 1169 1168
f 1168 1169 1170
f 1172 46 1170
f 1170 46 44
f 46 47 44
f 1047 1060 1041
f 1042 1041 1043
f 1060 1062 1061
f 1063 1059 1061
f 1062 1063 1061
f 1069 1065 1064
f 43 1060 1047
f 1062 45 50
f 50 51 1062
f 1069 1063 52
f 43 44 45
f 47 49 48
f 45 48 50
f 48 56 50
f 56 57 58
f 56 51 50
f 52 51 53
f 58 60 53
f 1068 1082 1083
f 1083 1081 1068
f 1082 1084 1083
f 1085 1081 1083
f 1084 1085 1083
f 1091 1087 1086
f 52 1082 1069
f 1084 54 63
f 63 64 1084
f 1091 1085 65
f 52 53 54
f 60 62 61
f 54 61 63
f 61 69 63
f 69 70 71
f 69 64 63
f 65 64 66
f 71 73 66
f 1090 1104 1105
f 1105 1103 1090
f 1104 1106 1105
f 1107 1103 1105
f 1106 1107 1105
f 1113 1109 1108
f 65 1104 1091
f 1106 67 76
f 76 77 1106
f 1113 1107 78
f 65 66 67
f 73 75 74
f 67 74 76
f 74 81 76
f 81 82 83
f 81 77 76
f 78 77 79
f 83 85 79
f 1112 1123 1124
f 1124 1122 1112
f 1126 1128 1129
f 1125 1122 1124
f 78 1123 1113
f 78 1177 1123
f 1133 1125 87
f 1181 87 1125
f 1183 1178 1182
f 1178 1183 1180
f 1178 1177 1179
f 1180 1177 1178
f 1182 1178 1179
f 1180 1183 1181
f 1187 1188 1184
f 79 85 1179
f 86 88 1182
f 1182 88 1186
f 87 1181 1184
f 1133 1134 1128
f 1129 1128 1130
f 1135 1136 1130
f 1137 1195 1139
f 1193 1136 1135
f 1192 1193 1135
f 87 1134 1133
f 87 1185 1134
f 1189 1194 1192
f 1192 1185 1189
f 1188 1190 1189
f 1195 1193 1196
f 1206 1196 1207
f 1194 1201 1207
f 1196 1194 1207
f 1184 1185 87
f 1139 1195 1198
f 1195 1197 1198
f 986 984 1140
f 984 986 982
f 986 1141 988
f 1141 986 1140
f 982 986 988
f 982 980 974
f 989 987 988
f 1236 1242 1234
f 1234 1242 1245
f 1235 1143 1237
f 1235 1154 1143
f 1154 1157 1143
f 1235 1249 1154
f 1159 1158 1156
f 1166 1158 1155
f 1158 1159 1157
f 1166 1155 152
f 1250 152 1155
f 1246 1251 1249
f 1246 1234 1245
f 1245 1247 1246
f 1249 1251 1250
f 1256 1257 1252
f 1251 1253 1256
f 152 1250 1252
f 1165 1173 1174
f 1174 1171 1165
f 1173 1175 1174
f 1176 1171 1174
f 1171 1176 1172
f 1175 1176 1174
f 152 1173 1166
f 1175 153 164
f 1172 165 46
f 164 167 1175
f 165 47 46
f 1252 1257 1258
f 1259 1258 1257
f 153 158 164
f 158 153 1258
f 158 172 164
f 172 173 174
f 172 167 164
f 168 167 169
f 174 176 169
f 57 49 183
f 168 166 165
f 170 166 168
f 166 183 49
f 57 55 58
f 184 182 183
f 168 169 170
f 176 178 177
f 170 177 184
f 177 199 184
f 199 200 201
f 186 199 201
f 70 62 207
f 59 62 60
f 188 208 207
f 70 68 71
f 208 206 207
f 203 205 204
f 204 187 203
f 204 214 208
f 214 215 216
f 210 214 216
f 82 75 226
f 72 75 73
f 212 227 226
f 82 80 83
f 227 225 226
f 218 220 219
f 219 211 218
f 219 238 227
f 238 239 240
f 229 238 240
f 1187 1186 1191
f 1191 1188 1187
f 88 86 246
f 84 86 85
f 231 247 246
f 246 248 88
f 88 248 1186
f 248 249 250
f 242 244 243
f 243 230 242
f 243 254 247
f 254 255 256
f 254 249 247
f 250 249 251
f 256 258 251
f 1190 1202 1203
f 1203 1201 1190
f 1202 1204 1203
f 1206 1208 1209
f 1205 1201 1203
f 1204 1205 1203
f 250 1202 1191
f 1204 252 264
f 264 265 1204
f 1214 1205 266
f 250 251 252
f 258 260 259
f 252 259 264
f 259 277 264
f 277 278 279
f 277 265 264
f 266 265 267
f 279 280 267
f 1214 1217 1208
f 1209 1208 1210
f 1218 1219 1210
f 1220 1269 1223
f 1267 1219 1218
f 1266 1267 1218
f 266 1217 1214
f 266 1261 1217
f 1262 1268 1266
f 1262 1261 1264
f 1266 1261 1262
f 1269 1267 1270
f 1280 1270 1281
f 1268 1275 1281
f 1270 1268 1281
f 280 1265 1264
f 267 280 1264
f 1223 1269 1272
f 1269 1271 1272
f 981 980 982
f 1140 1023 1224
f 1023 1225 1224
f 1228 1224 1295
f 1141 1228 1227
f 1228 1295 1296
f 1242 1248 1245
f 1307 1243 1306
f 1306 1310 1307
f 1308 1313 1316
f 1248 1247 1245
f 1309 1248 1307
f 1254 1253 1247
f 1309 1320 1254
f 1255 1253 1254
f 1260 1257 1256
f 1260 1255 348
f 1321 348 1255
f 1307 1308 1309
f 1317 1322 1320
f 1317 1308 1316
f 1316 1318 1317
f 1320 1322 1321
f 1327 1328 1323
f 1322 1324 1327
f 348 1321 1323
f 1259 1257 1260
f 173 159 353
f 347 159 1259
f 349 347 348
f 347 353 159
f 173 171 174
f 354 352 353
f 1323 1328 1329
f 1330 1329 1328
f 349 350 354
f 350 349 1329
f 350 359 354
f 359 360 361
f 356 359 361
f 200 178 368
f 175 178 176
f 358 369 368
f 200 198 201
f 369 367 368
f 362 364 363
f 363 357 362
f 363 375 369
f 375 376 377
f 371 375 377
f 215 205 383
f 202 205 203
f 373 384 383
f 215 213 216
f 384 382 383
f 379 381 380
f 380 372 379
f 380 391 384
f 391 392 393
f 387 391 393
f 389 387 393
f 239 220 401
f 217 220 218
f 388 402 401
f 239 237 240
f 402 399 401
f 395 402 388
f 395 400 402
f 399 402 400
f 255 244 419
f 241 244 242
f 407 420 419
f 255 253 256
f 420 417 419
f 413 420 407
f 413 418 420
f 417 420 418
f 428 432 424
f 278 260 435
f 257 260 258
f 425 436 435
f 435 437 278
f 440 438 437
f 438 280 279
f 437 439 440
f 432 434 433
f 433 424 432
f 433 444 436
f 444 445 446
f 444 439 436
f 440 439 441
f 446 448 441
f 1265 1276 1263
f 1263 1276 1277
f 1277 1275 1263
f 1276 1278 1277
f 1280 1282 1283
f 1279 1275 1277
f 1278 1279 1277
f 1265 280 438
f 1278 442 451
f 451 452 1278
f 1287 1279 453
f 1338 1339 1333
f 1337 1338 1332
f 1338 1333 1332
f 440 441 442
f 448 450 449
f 442 449 451
f 449 454 451
f 454 452 451
f 452 454 1332
f 1287 1290 1282
f 1282 1290 1334
f 1290 1335 1334
f 453 1290 1287
f 453 1335 1290
f 1342 1343 1341
f 1334 1340 1336
f 1341 1343 1340
f 1339 1342 1341
f 1333 1335 453
f 1296 1303 1229
f 1227 1230 989
f 1313 1319 1316
f 1360 1314 1359
f 1359 1363 1360
f 1361 1366 1369
f 1319 1318 1316
f 1362 1319 1360
f 1325 1324 1318
f 1362 1373 1325
f 1326 1324 1325
f 1331 1328 1327
f 1331 1326 457
f 1374 457 1326
f 1360 1361 1362
f 1370 1375 1373
f 1370 1361 1369
f 1369 1371 1370
f 1373 1375 1374
f 1380 1381 1376
f 1375 1377 1380
f 457 1374 1376
f 1330 1328 1331
f 360 351 461
f 456 351 1330
f 458 456 457
f 456 461 351
f 461 463 360
f 467 464 463
f 464 362 361
f 463 466 467
f 1376 1381 1382
f 1383 1382 1381
f 458 459 462
f 459 458 1382
f 459 471 462
f 471 472 473
f 471 466 462
f 467 466 468
f 473 475 468
f 376 364 479
f 467 465 464
f 469 465 467
f 465 479 364
f 376 374 377
f 480 478 479
f 467 468 469
f 475 477 476
f 469 476 480
f 476 486 480
f 486 487 488
f 482 486 488
f 392 381 497
f 378 381 379
f 484 498 497
f 392 390 393
f 498 495 497
f 393 390 389
f 492 494 493
f 493 483 492
f 494 489 493
f 495 498 496
f 431 432 428
f 445 434 546
f 431 434 432
f 533 547 546
f 445 443 446
f 547 545 546
f 539 547 533
f 553 542 554
f 553 554 555
f 549 553 555
f 1338 1337 1344
f 1344 1339 1338
f 455 450 561
f 447 450 448
f 551 562 561
f 561 563 455
f 455 563 1337
f 563 564 565
f 1389 1390 1386
f 1388 1389 1385
f 1389 1386 1385
f 557 559 558
f 558 550 557
f 558 570 562
f 570 564 562
f 564 570 1385
f 1342 1351 1352
f 1396 1353 1352
f 1395 1396 1352
f 1397 1353 1396
f 565 1351 1344
f 565 1387 1351
f 1392 1393 1391
f 1395 1387 1391
f 1390 1392 1391
f 1395 1398 1396
f 1398 1397 1396
f 1386 1387 565
f 1230 991 989
f 992 990 991
f 991 1230 1231
f 1230 1227 1232
f 1366 1372 1369
f 1416 1367 1414
f 1414 1419 1416
f 1417 1421 1426
f 1372 1371 1369
f 1418 1372 1416
f 1378 1377 1371
f 1418 1430 1378
f 1379 1377 1378
f 1384 1381 1380
f 1384 1379 603
f 1431 603 1379
f 1416 1417 1418
f 1427 1432 1430
f 1427 1417 1426
f 1426 1428 1427
f 1430 1432 1431
f 1437 1438 1433
f 1432 1434 1437
f 603 1431 1433
f 1383 1381 1384
f 472 460 608
f 602 460 1383
f 604 602 603
f 602 608 460
f 472 470 473
f 609 607 608
f 1433 1438 1439
f 1440 1439 1438
f 604 605 609
f 605 604 1439
f 605 615 609
f 615 616 617
f 611 615 617
f 487 477 622
f 474 477 475
f 613 623 622
f 487 485 488
f 623 621 622
f 618 620 619
f 619 612 618
f 619 629 623
f 629 630 631
f 626 629 631
f 491 489 494
f 490 494 492
f 490 491 494
f 635 637 636
f 632 627 636
f 636 627 635
f 637 633 636
f 636 633 632
f 678 682 674
f 544 675 686
f 675 687 686
f 554 552 555
f 687 685 686
f 682 684 683
f 683 674 682
f 683 692 687
f 692 693 694
f 689 692 694
f 1389 1388 1394
f 1394 1390 1389
f 571 559 698
f 556 559 557
f 691 699 698
f 698 700 571
f 571 700 1388
f 700 701 702
f 1449 1451 1444
f 1446 1449 1443
f 1449 1444 1443
f 695 697 696
f 696 690 695
f 696 703 699
f 703 701 699
f 701 703 1443
f 1392 1404 1405
f 1458 1406 1405
f 1457 1458 1405
f 1459 1406 1458
f 702 1404 1394
f 702 1445 1404
f 1453 1454 1452
f 1457 1445 1452
f 1451 1453 1452
f 1457 1460 1458
f 1460 1459 1458
f 1444 1445 702
f 1229 1232 1227
f 1231 1230 1232
f 1229 1233 1232
f 1232 1233 1231
f 1358 1294 1233
f 1421 1429 1426
f 1472 1422 1470
f 1470 1474 1472
f 1472 1474 1475
f 1429 1428 1426
f 1473 1429 1472
f 1435 1434 1428
f 1473 1483 1435
f 1436 1434 1435
f 1441 1438 1437
f 1441 1436 747
f 1484 747 1436
f 1479 1488 1485
f 1483 1473 1478
f 1483 1485 1484
f 1489 1492 1486
f 1485 1488 1489
f 747 1484 1486
f 1440 1438 1441
f 1442 1487 1496
f 1496 1497 1442
f 616 606 751
f 746 606 1440
f 746 751 606
f 746 1442 751
f 751 752 616
f 1442 752 751
f 755 753 752
f 753 618 617
f 1493 1498 1496
f 1496 1487 1493
f 1492 1494 1493
f 1496 1498 1497
f 1497 1498 1499
f 1486 1487 747
f 1501 762 1499
f 1499 762 756
f 762 763 756
f 630 620 776
f 755 754 753
f 757 754 755
f 754 776 620
f 630 628 631
f 777 775 776
f 755 756 757
f 763 765 764
f 757 764 777
f 764 782 777
f 782 783 784
f 779 782 784
f 634 637 635
f 781 790 789
f 788 647 789
f 790 788 789
f 785 787 786
f 786 780 785
f 786 797 790
f 797 798 799
f 793 797 799
f 802 804 803
f 800 794 803
f 803 794 802
f 814 815 816
f 811 807 814
f 811 814 816
f 812 811 816
f 681 682 678
f 831 820 832
f 825 820 831
f 831 832 833
f 827 825 831
f 827 831 833
f 693 684 838
f 681 684 682
f 829 839 838
f 838 840 693
f 844 841 840
f 841 695 694
f 840 843 844
f 835 837 836
f 836 828 835
f 836 846 839
f 846 847 848
f 846 843 839
f 844 843 845
f 848 849 845
f 1447 1504 1510
f 1455 1450 1513
f 1511 1450 1448
f 1513 1450 1511
f 704 697 850
f 844 842 841
f 842 850 697
f 842 1447 850
f 850 851 704
f 704 851 1446
f 1447 851 850
f 851 1448 1446
f 851 1447 1448
f 1506 1512 1510
f 1506 1504 1508
f 1510 1504 1506
f 1513 1511 1514
f 1520 1514 1521
f 1512 1517 1521
f 1514 1512 1521
f 849 1509 1508
f 845 849 1508
f 1455 1453 1451
f 1453 1455 1456
f 1454 1453 1456
f 1513 1515 1516
f 1490 1488 1479
f 1495 1491 1540
f 1490 1491 1488
f 1488 1491 1489
f 1537 1543 1540
f 1541 1544 1549
f 1495 1494 1492
f 1542 1495 1540
f 1502 1500 1494
f 1542 1553 1502
f 1503 1500 1502
f 1500 1503 1501
f 1501 854 762
f 854 763 762
f 1554 856 1503
f 1540 1541 1542
f 1550 1555 1553
f 1550 1541 1549
f 1549 1551 1550
f 1553 1555 1554
f 1559 1561 1556
f 1555 1557 1559
f 856 1554 1556
f 783 765 859
f 856 855 854
f 857 855 856
f 855 859 765
f 859 861 783
f 865 862 861
f 862 785 784
f 861 864 865
f 1562 1566 1565
f 1556 1561 1564
f 1565 1566 1567
f 1565 858 1564
f 857 858 860
f 858 857 1564
f 868 858 1565
f 858 868 860
f 868 864 860
f 865 864 866
f 869 870 866
f 798 787 874
f 865 863 862
f 867 863 865
f 863 874 787
f 798 796 799
f 875 873 874
f 865 866 867
f 870 872 871
f 867 871 875
f 871 880 875
f 880 881 882
f 877 880 882
f 815 804 887
f 801 804 802
f 879 888 887
f 815 813 816
f 888 886 887
f 816 813 812
f 883 885 884
f 884 878 883
f 884 893 888
f 893 894 895
f 890 893 895
f 822 892 900
f 892 901 900
f 832 830 833
f 901 899 900
f 896 898 897
f 897 891 896
f 897 907 901
f 907 908 909
f 903 907 909
f 1505 1572 1578
f 1578 1579 1505
f 847 837 911
f 834 837 835
f 906 1572 1505
f 911 912 847
f 1505 912 911
f 914 913 912
f 913 849 848
f 1574 1580 1578
f 1574 1572 1576
f 1578 1572 1574
f 1578 1580 1579
f 1588 1584 1581
f 1580 1585 1589
f 1576 1572 906
f 910 1577 1576
f 905 904 906
f 914 1579 1582
f 1509 1518 1507
f 1507 1518 1519
f 1519 1517 1507
f 1520 1522 1523
f 1517 1522 1521
f 1596 1597 1519
f 1521 1522 1520
f 1509 849 913
f 914 1583 1518
f 1592 1581 1584
f 1599 1596 1592
f 1581 1583 1582
f 1596 1599 1597
f 1599 1598 1597
f 1582 1583 914
f 1544 1552 1549
f 1609 1545 1607
f 1607 1611 1609
f 1609 1611 1612
f 1552 1551 1549
f 1610 1552 1609
f 1558 1557 1551
f 1610 1617 1558
f 1563 1560 1620
f 1557 1560 1559
f 1617 1618 1558
f 1620 1560 1618
f 1619 1617 1615
f 1617 1610 1615
f 1617 1619 1618
f 1621 1624 1627
f 1563 1562 1561
f 1622 1563 1620
f 1568 1566 1562
f 1622 1633 1568
f 1569 1566 1568
f 1566 1569 1567
f 1567 936 869
f 936 870 869
f 1634 938 1569
f 1620 1621 1622
f 1628 1635 1633
f 1628 1621 1627
f 1627 1629 1628
f 1633 1635 1634
f 1639 1642 1636
f 1635 1638 1639
f 938 1634 1636
f 1570 1637 1647
f 1647 1648 1570
f 881 872 939
f 938 937 936
f 937 939 872
f 937 1570 939
f 939 940 881
f 1570 940 939
f 943 941 940
f 941 883 882
f 1643 1649 1647
f 1647 1637 1643
f 1642 1644 1643
f 1647 1649 1648
f 1653 1656 1650
f 1649 1652 1653
f 1636 1637 938
f 943 1648 1650
f 1571 1651 1661
f 1661 1662 1571
f 894 885 947
f 943 942 941
f 942 947 885
f 942 1571 947
f 947 948 894
f 1571 948 947
f 951 949 948
f 949 896 895
f 1657 1663 1661
f 1661 1651 1657
f 1656 1658 1657
f 1661 1663 1662
f 1667 1671 1664
f 1663 1666 1667
f 1650 1651 943
f 951 1662 1664
f 1573 1665 1678
f 1678 1680 1573
f 908 898 952
f 951 950 949
f 950 952 898
f 950 1573 952
f 952 953 908
f 1573 953 952
f 955 954 953
f 954 910 909
f 1673 1674 1672
f 1678 1665 1672
f 1671 1673 1672
f 1679 1685 1681
f 1683 1681 1682
f 1680 1681 1683
f 1664 1665 951
f 955 1680 1683
f 1577 1586 1575
f 1575 1586 1587
f 1587 1585 1575
f 1588 1590 1591
f 1585 1590 1589
f 1693 1694 1587
f 1589 1590 1588
f 1577 910 954
f 955 1684 1586
f 1690 1682 1686
f 1696 1693 1690
f 1682 1684 1683
f 1693 1696 1694
f 1696 1695 1694
f 1683 1684 955
f 1630 1624 1631
f 1624 1630 1627
f 1630 1629 1627
f 1632 1630 1631
f 1629 1630 1632
f 1645 1641 1710
f 1640 1641 1638
f 1638 1641 1639
f 1708 1711 1710
f 1710 1711 1712
f 1645 1644 1642
f 1644 1645 1646
f 1659 1655 1720
f 1654 1655 1652
f 1652 1655 1653
f 1710 1712 1713
f 1717 1721 1720
f 1720 1721 1722
f 1659 1658 1656
f 1658 1659 1660
f 1668 1669 1666
f 1666 1669 1667
f 1668 1670 1669
f 1720 1722 1723
f 1675 1673 1671
f 1677 1675 1676
f 1673 1675 1677
f 1674 1673 1677
f 1011 1008 1010
f 1008 1006 1010
f 1013 1739 1010
f 1013 1012 1014
f 1014 1748 1744
f 1007 1012 1013
f 1740 1739 1745
f 1740 1745 1746
f 1745 1739 1744
f 1747 1745 1744
f 1746 1745 1747
f 1009 1008 1011
f 1740 1741 1011
f 1019 1017 1009
f 1020 1018 1019
f 1019 1018 1017
f 1743 1741 1740
f 1742 1741 1743
f 1759 1743 1750
f 1758 1754 1760
f 1758 1760 1762
f 1751 1750 1746
f 1747 1749 1752
f 1758 1762 1763
f 1854 1860 1853
f 1853 1860 1866
f 1776 1877 1777
f 1877 1776 1871
f 1875 1868 1874
f 1854 1853 1867
f 1868 1853 1866
f 1853 1868 1867
f 1872 1875 1878
f 1878 1879 1877
f 1879 1878 1880
f 1874 1876 1875
f 1869 1030 1874
f 1030 1038 1874
f 1876 1039 1031
f 1880 1876 1031
f 1039 1044 1031
f 1881 1781 1778
f 1781 1784 1778
f 1794 1785 1783
f 1782 1783 1781
f 1789 1785 1794
f 1785 1786 1784
f 1782 1882 1032
f 1782 1032 1049
f 1049 1055 1782
f 1794 1783 1056
f 1877 1879 1881
f 1880 1882 1879
f 1879 1882 1881
f 1044 1046 1045
f 1032 1045 1049
f 1046 1040 1045
f 1055 1053 1057
f 1056 1055 1057
f 1054 1057 1053
f 1794 1796 1789
f 1790 1789 1791
f 1797 1800 1791
f 1796 1798 1797
f 1810 1801 1799
f 1798 1799 1797
f 1805 1801 1810
f 1801 1802 1800
f 1056 1796 1794
f 1798 1058 1072
f 1024 1078 1070
f 1079 1078 1024
f 1025 1079 1024
f 1078 1799 1798
f 1056 1057 1058
f 1057 1054 1058
f 1066 1071 1072
f 1070 1072 1071
f 1810 1812 1805
f 1806 1805 1807
f 1813 1816 1807
f 1812 1814 1813
f 1826 1817 1815
f 1814 1815 1813
f 1821 1817 1826
f 1817 1818 1816
f 1025 1080 1079
f 1814 1812 1080
f 1025 1077 1080
f 1093 1099 1814
f 1826 1815 1100
f 1088 1093 1077
f 1088 1092 1093
f 1099 1097 1101
f 1100 1099 1101
f 1098 1101 1097
f 1826 1828 1821
f 1822 1821 1823
f 1829 1832 1823
f 1828 1830 1829
f 1842 1833 1831
f 1830 1831 1829
f 1837 1833 1842
f 1833 1834 1832
f 1100 1828 1826
f 1830 1102 1115
f 1115 1119 1830
f 1842 1831 1120
f 1100 1101 1102
f 1101 1098 1102
f 1110 1114 1115
f 1119 1118 1121
f 1120 1119 1121
f 1842 1843 1837
f 1838 1837 1839
f 1844 1845 1839
f 1846 1892 1848
f 1889 1845 1844
f 1888 1889 1844
f 1120 1843 1842
f 1120 1885 1843
f 1891 1886 1890
f 1886 1891 1888
f 1886 1885 1887
f 1888 1885 1886
f 1890 1886 1887
f 1892 1889 1893
f 1893 1894 1892
f 1893 1891 1899
f 1121 1131 1887
f 1132 1138 1890
f 1890 1138 1898
f 1848 1892 1895
f 1903 1904 1902
f 1902 1904 1901
f 1902 1894 1900
f 1894 1902 1901
f 1900 1903 1902
f 1849 1928 1850
f 1928 1849 1924
f 1920 1935 1927
f 1920 1927 1925
f 1925 1927 1929
f 1929 1930 1928
f 1927 1935 1938
f 1929 1927 1938
f 1931 1857 1851
f 1857 1861 1851
f 1863 1862 1860
f 1870 1862 1859
f 1858 1859 1857
f 1862 1863 1861
f 1858 1932 1142
f 1858 1142 1147
f 1027 1152 1146
f 1153 1152 1027
f 1028 1153 1027
f 1152 1859 1858
f 1928 1930 1931
f 1930 1932 1931
f 1941 1940 1939
f 1142 1932 1940
f 1142 1144 1147
f 1144 1142 1940
f 1144 1160 1147
f 1160 1161 1162
f 1151 1160 1162
f 1156 1151 1162
f 1869 1866 1870
f 1869 1870 1153
f 1028 1029 1030
f 1037 1038 1035
f 1038 1037 1039
f 1043 1040 1046
f 1042 1046 1044
f 1042 1043 1046
f 1129 1131 1126
f 1899 1898 1905
f 1905 1900 1899
f 1129 1132 1131
f 1129 1130 1132
f 1137 1138 1136
f 1905 1898 1199
f 1139 1199 1137
f 1206 1211 1197
f 1903 1909 1910
f 1909 1911 1910
f 1913 1946 1917
f 1943 1912 1910
f 1139 1200 1199
f 1911 1909 1200
f 1139 1198 1200
f 1215 1216 1911
f 1911 1216 1944
f 1944 1947 1943
f 1946 1943 1947
f 1947 1948 1946
f 1951 1952 1945
f 1211 1213 1212
f 1212 1197 1211
f 1212 1221 1215
f 1221 1216 1215
f 1216 1221 1945
f 1945 1944 1216
f 1917 1946 1949
f 1956 1957 1955
f 1955 1957 1954
f 1955 1948 1953
f 1948 1955 1954
f 1953 1956 1955
f 1974 1980 1972
f 1972 1980 1983
f 1973 1921 1975
f 1973 1936 1921
f 1973 1987 1936
f 1937 1935 1936
f 1942 1939 1938
f 1942 1937 1239
f 1988 1239 1937
f 1984 1989 1987
f 1984 1972 1983
f 1983 1985 1984
f 1987 1989 1988
f 1988 1989 1990
f 1992 1244 1990
f 1990 1244 1240
f 1941 1939 1942
f 1238 1145 1941
f 1241 1238 1239
f 1238 1241 1237
f 1159 1161 1157
f 1161 1159 1162
f 1162 1159 1156
f 1239 1240 1241
f 1241 1236 1237
f 1240 1236 1241
f 1209 1211 1206
f 1952 1951 1958
f 1958 1953 1952
f 1209 1213 1211
f 1209 1210 1213
f 1220 1222 1219
f 1958 1951 1273
f 1223 1273 1220
f 1280 1284 1271
f 1956 1962 1963
f 1962 1964 1963
f 1966 1998 1970
f 1995 1965 1963
f 1223 1274 1273
f 1964 1962 1274
f 1223 1272 1274
f 1288 1289 1964
f 1964 1289 1996
f 1996 1999 1995
f 1998 1995 1999
f 1999 2000 1998
f 2003 2004 1997
f 1284 1286 1285
f 1285 1271 1284
f 1285 1291 1288
f 1291 1289 1288
f 1289 1291 1997
f 1997 1996 1289
f 1970 1998 2001
f 2008 2009 2007
f 2007 2009 2006
f 2007 2000 2005
f 2000 2007 2006
f 2005 2008 2007
f 1980 1986 1983
f 2018 1981 2017
f 2017 2021 2018
f 2019 2024 2027
f 1986 1985 1983
f 2020 1986 2018
f 1993 1991 1985
f 2020 2031 1993
f 1994 1991 1993
f 1991 1994 1992
f 1243 1311 1306
f 1311 1312 1306
f 1992 1994 1311
f 1244 1243 1242
f 2018 2019 2020
f 2028 2033 2031
f 2028 2019 2027
f 2027 2029 2028
f 2031 2033 2032
f 2032 2033 2034
f 2036 1315 2034
f 1306 1312 1310
f 1312 2032 2034
f 1313 1310 1315
f 1283 1284 1280
f 2004 2003 2011
f 2011 2005 2004
f 1292 1286 1345
f 1283 1286 1284
f 1336 1346 1345
f 1345 1347 1292
f 1292 1347 2003
f 1347 1348 1349
f 1340 1346 1336
f 1354 1343 1355
f 1354 1355 1356
f 1354 1348 1346
f 1349 1348 1350
f 1356 1357 1350
f 2039 2041 2010
f 2009 2008 2010
f 2014 2040 2039
f 1349 2014 2011
f 1349 2040 2014
f 2044 2045 2043
f 2039 2042 2041
f 2043 2045 2042
f 2043 2040 2046
f 1357 2047 2046
f 1350 1357 2046
f 2024 2030 2027
f 2058 2025 2057
f 2057 2061 2058
f 2059 2064 2067
f 2030 2029 2027
f 2060 2030 2058
f 2037 2035 2029
f 2060 2071 2037
f 2038 2035 2037
f 2035 2038 2036
f 1314 1364 1359
f 1364 1365 1359
f 2036 2038 1364
f 1315 1314 1313
f 2058 2059 2060
f 2068 2073 2071
f 2068 2059 2067
f 2067 2069 2068
f 2071 2073 2072
f 2072 2073 2074
f 2076 1368 2074
f 1359 1365 1363
f 1365 2072 2074
f 1366 1363 1368
f 1355 1343 1353
f 1397 1401 1399
f 1402 1400 1399
f 1400 1357 1356
f 1399 1401 1402
f 1407 1393 1408
f 1398 1393 1407
f 1407 1408 1409
f 1402 1401 1403
f 1409 1410 1403
f 2047 2052 2044
f 2044 2052 2053
f 2088 2054 2053
f 2087 2088 2053
f 2089 2054 2088
f 2047 1357 1400
f 1402 2080 2052
f 2082 2083 2081
f 2081 2080 2085
f 2087 2080 2081
f 2087 2090 2088
f 2090 2089 2088
f 1410 2086 2085
f 1403 1410 2085
f 2064 2070 2067
f 2101 2065 2099
f 2099 2105 2101
f 2102 2107 2112
f 2070 2069 2067
f 2103 2070 2101
f 2077 2075 2069
f 2079 2075 2077
f 2075 2079 2076
f 2078 2079 2077
f 2078 2104 1411
f 2078 1411 1415
f 1367 1420 1414
f 2076 2079 1420
f 1368 1367 1366
f 1420 2079 2078
f 2101 2102 2103
f 2102 2104 2103
f 2115 2114 2112
f 1411 2104 2114
f 1411 1412 1415
f 1412 1411 2114
f 1412 1423 1415
f 1423 1424 1425
f 1419 1423 1425
f 1421 1419 1425
f 1408 1393 1406
f 1459 1463 1461
f 1464 1462 1461
f 1462 1410 1409
f 1461 1463 1464
f 2127 2123 2119
f 2125 2128 2118
f 2128 2120 2118
f 1465 1454 1466
f 1460 1454 1465
f 1463 1465 2118
f 2086 2093 2082
f 2121 2124 2084
f 2083 2082 2084
f 2093 2122 2121
f 2086 1410 1462
f 1464 2122 2093
f 2119 2122 2120
f 2121 2122 2119
f 2120 2122 1464
f 2107 2113 2112
f 2141 2108 2139
f 2139 2144 2141
f 2142 2146 2148
f 2143 2113 2141
f 2143 2116 2113
f 2153 2154 2117
f 1424 1413 1471
f 1469 1413 2115
f 2116 1469 2115
f 2116 2117 1469
f 1469 1471 1413
f 1469 2117 1471
f 1424 1422 1425
f 1425 1422 1421
f 2154 1476 2117
f 2141 2142 2143
f 2149 2155 2153
f 2149 2142 2148
f 2148 2150 2149
f 2153 2155 2154
f 2154 2155 2156
f 2158 1477 2156
f 1470 1476 1474
f 1476 2154 2156
f 1480 1482 1481
f 1478 1475 1481
f 1481 1475 1480
f 1482 1479 1481
f 1481 1479 1478
f 1520 1524 1515
f 2163 2129 2126
f 2126 2164 2163
f 2128 2129 2127
f 2167 2129 2163
f 1456 1516 1526
f 1516 1527 1526
f 1526 1528 1466
f 1466 1528 2125
f 1528 2126 2125
f 2161 2173 2165
f 2162 2161 2165
f 2164 2168 2163
f 2167 2163 2168
f 2176 2168 2177
f 1525 1515 1524
f 1530 1525 2165
f 1525 1530 1527
f 1530 2165 2166
f 1530 1529 1527
f 1529 1530 2166
f 2166 2164 1529
f 2130 2167 2170
f 2167 2169 2170
f 2151 2146 2152
f 2146 2151 2148
f 2151 2150 2148
f 2159 2157 2150
f 2181 2191 2159
f 2160 2157 2159
f 2157 2160 2158
f 2158 1531 1477
f 1531 1480 1477
f 2192 1533 2160
f 2188 2195 2193
f 2187 2181 2182
f 2191 2181 2187
f 2191 2193 2192
f 2196 2199 2194
f 2193 2195 2196
f 1533 2192 2194
f 1533 1532 1531
f 1534 1532 1533
f 1532 1538 1482
f 1537 1490 1538
f 1539 1537 1538
f 2194 2199 2201
f 2202 2201 2199
f 1534 1535 1539
f 1535 1534 2201
f 1535 1546 1539
f 1546 1547 1548
f 1543 1546 1548
f 1544 1543 1548
f 1588 1593 1584
f 1598 1600 1523
f 1523 1600 1601
f 1598 1602 1600
f 1603 1601 1600
f 1600 1602 1603
f 2211 2213 2206
f 2208 2211 2205
f 2211 2206 2205
f 1593 1595 1594
f 1592 1584 1594
f 1594 1584 1593
f 1602 1604 2205
f 2162 2174 2161
f 2161 2174 2175
f 2175 2173 2161
f 2176 2178 2179
f 2173 2178 2177
f 2219 2220 2175
f 2177 2178 2176
f 2162 1524 1601
f 1603 2207 2174
f 2215 2216 2214
f 2219 2207 2214
f 2213 2215 2214
f 2219 2222 2220
f 2222 2221 2220
f 2206 2207 1603
f 2197 2195 2188
f 2200 2198 2232
f 2197 2198 2195
f 2195 2198 2196
f 2230 2234 2232
f 2232 2234 2235
f 2233 2200 2232
f 2233 2203 2200
f 2241 2242 2204
f 1547 1536 1608
f 1606 1536 2202
f 2203 1606 2202
f 2203 2204 1606
f 1606 1608 1536
f 1606 2204 1608
f 1547 1545 1548
f 1548 1545 1544
f 2242 1613 2204
f 2239 2245 2243
f 2241 2233 2238
f 2241 2243 2242
f 2246 2251 2244
f 2243 2245 2246
f 1607 1613 1611
f 1611 1613 1614
f 1614 1612 1611
f 2252 2258 2257
f 2244 2251 2256
f 2257 2258 2259
f 2244 2256 1614
f 2257 1616 2256
f 1615 1612 1616
f 1625 1616 2257
f 1623 1619 1625
f 1623 1625 1626
f 1624 1623 1626
f 1687 1674 1688
f 1679 1674 1687
f 1687 1688 1689
f 1685 1679 1687
f 1685 1687 1689
f 1695 1697 1591
f 1591 1697 1698
f 1695 1700 1697
f 1701 1698 1697
f 1697 1700 1701
f 2264 2270 2266
f 2265 2264 2266
f 2273 2276 2268
f 2273 2268 2267
f 1690 1686 1692
f 1692 1686 1691
f 1702 1692 2266
f 1702 2266 2267
f 1700 1702 2267
f 2209 2269 2283
f 2217 2212 2286
f 2284 2212 2210
f 2286 2212 2284
f 1605 1595 1703
f 1701 1699 1698
f 1699 1703 1595
f 1699 2209 1703
f 1703 1704 1605
f 1605 1704 2208
f 2209 1704 1703
f 1704 2210 2208
f 1704 2209 2210
f 2278 2279 2277
f 2283 2269 2277
f 2276 2278 2277
f 2283 2285 2284
f 2286 2287 2288
f 2268 2269 1701
f 2217 2215 2213
f 2215 2217 2218
f 2216 2215 2218
f 2286 2288 2289
f 2247 2245 2239
f 2247 2248 2245
f 2245 2248 2246
f 2247 2249 2248
f 2253 2252 2251
f 2255 2253 2254
f 2252 2253 2255
f 2258 2260 2259
f 2301 2305 2260
f 2302 2301 2261
f 2259 1705 1626
f 2305 1707 2260
f 2306 2305 2301
f 2308 2306 2307
f 2305 2306 2308
f 1707 2305 2308
f 2262 2309 2319
f 2319 2320 2262
f 1640 1632 1709
f 1706 1631 1705
f 1707 1706 1705
f 1706 2262 1709
f 1708 1640 1709
f 2320 1714 2262
f 2315 2323 2321
f 2314 2307 2311
f 2307 2309 2308
f 2319 2321 2320
f 2324 2328 2322
f 2321 2323 2324
f 2308 2309 1707
f 1708 1714 1711
f 1711 1714 1715
f 1715 1712 1711
f 1654 1646 1718
f 1646 1713 1718
f 1713 1719 1718
f 1717 1654 1718
f 1719 1717 1718
f 2329 2337 2334
f 2322 2328 2333
f 2338 2341 2336
f 2338 2336 2335
f 2322 2333 1715
f 2334 1716 2333
f 1725 1716 2334
f 1716 1725 1719
f 1725 2334 2335
f 2336 1724 2335
f 1724 1722 1721
f 1668 1660 1727
f 1660 1723 1727
f 1723 1728 1727
f 1670 1729 1730
f 1733 1730 1729
f 1730 1676 1670
f 1729 1732 1733
f 2342 2350 2346
f 2336 2341 2345
f 2351 2355 2348
f 2351 2348 2347
f 2336 2345 1724
f 2346 1726 2345
f 1734 1726 2346
f 1726 1734 1728
f 1734 2346 2347
f 1734 1732 1728
f 1732 1734 2347
f 2263 2349 2362
f 2362 2364 2263
f 1731 1676 1730
f 1733 1731 1730
f 1731 2263 1735
f 1735 1736 1688
f 2263 1736 1735
f 1738 1737 1736
f 1737 1691 1689
f 2357 2358 2356
f 2362 2349 2356
f 2355 2357 2356
f 2363 2369 2365
f 2367 2365 2366
f 2364 2365 2367
f 2348 2349 1733
f 1738 2364 2367
f 2265 2271 2264
f 2264 2271 2272
f 2272 2270 2264
f 2270 2274 2273
f 2377 2378 2272
f 2265 1691 1737
f 1738 2368 2271
f 2374 2366 2370
f 2380 2377 2374
f 2366 2368 2367
f 2377 2380 2378
f 2380 2379 2378
f 2367 2368 1738
f 2280 2278 2276
f 2282 2280 2281
f 2278 2280 2282
f 2279 2278 2282
f 2325 2323 2315
f 2325 2326 2323
f 2323 2326 2324
f 2325 2327 2326
f 2330 2329 2328
f 2332 2330 2331
f 2329 2330 2332
f 2343 2340 2398
f 2339 2340 2337
f 2337 2340 2338
f 2396 2399 2398
f 2398 2399 2400
f 2343 2342 2341
f 2342 2343 2344
f 2352 2353 2350
f 2350 2353 2351
f 2352 2354 2353
f 2398 2400 2401
f 2359 2357 2355
f 2361 2359 2360
f 2357 2359 2361
f 2358 2357 2361
f 1301 1297 1302
f 1295 1297 1301
f 1301 2413 1304
f 1296 1304 1303
f 1305 1303 1304
f 2418 2413 2414
f 2418 2414 2419
f 2413 2418 2417
f 2427 2436 2420
f 2417 2421 1305
f 2421 1467 1305
f 1468 1358 1467
f 1467 2421 2422
f 2421 2417 2423
f 2430 2429 2419
f 2420 2423 2417
f 2422 2421 2423
f 2420 2424 2423
f 2423 2424 2422
f 2439 2426 2424
f 2459 2471 2468
f 2470 2458 2466
f 2468 2471 2473
f 2473 2476 2468
f 2474 2473 2475
f 2470 2472 2471
f 2466 1779 2470
f 1779 1787 2470
f 2472 1788 1780
f 2475 2472 1780
f 1788 1792 1780
f 2442 2491 2443
f 2491 2442 2485
f 2489 2483 2488
f 2477 2474 2482
f 2474 2483 2482
f 2488 2483 2484
f 2486 2489 2492
f 2492 2493 2491
f 2493 2492 2494
f 2488 2490 2489
f 2484 2475 1780
f 1780 1792 2484
f 1793 1803 2488
f 2490 1804 1795
f 2494 2490 1795
f 1804 1808 1795
f 2443 2491 2495
f 2505 2500 2504
f 2493 2500 2499
f 2504 2500 2501
f 2502 2505 2507
f 2507 2510 2502
f 2508 2507 2509
f 2504 2506 2505
f 2501 2494 1795
f 1795 1808 2501
f 1809 1819 2504
f 2506 1820 1811
f 2509 2506 1811
f 1820 1824 1811
f 2522 2517 2521
f 2511 2508 2516
f 2508 2517 2516
f 2521 2517 2518
f 2519 2522 2524
f 2524 2527 2519
f 2525 2524 2526
f 2521 2523 2522
f 2518 2509 1811
f 1811 1824 2518
f 1825 1835 2521
f 2523 1836 1827
f 2526 2523 1827
f 1836 1840 1827
f 2539 2534 2538
f 2528 2525 2533
f 2525 2534 2533
f 2538 2534 2535
f 2536 2539 2540
f 2540 2541 2536
f 2545 2541 2540
f 2545 2540 2546
f 2540 2539 2546
f 2535 2526 1827
f 1827 1840 2535
f 1841 1847 2538
f 2538 1847 2544
f 2563 2570 2562
f 2562 2570 2576
f 2444 2587 2445
f 2587 2444 2581
f 2585 2578 2584
f 2563 2562 2577
f 2578 2562 2576
f 2562 2578 2577
f 2582 2585 2588
f 2588 2589 2587
f 2589 2588 2590
f 2584 2586 2585
f 2579 1852 2584
f 1852 1864 2584
f 2586 1865 1855
f 2590 2586 1855
f 2591 2450 2446
f 2450 2453 2446
f 2467 2454 2452
f 2451 2452 2450
f 2460 2454 2467
f 2454 2455 2453
f 2451 2592 1856
f 2451 1856 1873
f 1776 1883 1871
f 1884 1883 1776
f 1777 1884 1776
f 1883 2452 2451
f 2587 2589 2591
f 2590 2592 2589
f 2589 2592 2591
f 1855 1854 1856
f 1867 1872 1873
f 1871 1873 1872
f 2461 2460 2462
f 2460 2458 2462
f 2458 2459 2462
f 2466 2467 1884
f 1777 1778 1779
f 1786 1787 1784
f 1787 1786 1788
f 1790 1793 1792
f 1790 1791 1793
f 1802 1803 1800
f 1803 1802 1804
f 1806 1809 1808
f 1806 1807 1809
f 1818 1819 1816
f 1819 1818 1820
f 1822 1825 1824
f 1822 1823 1825
f 1834 1835 1832
f 1835 1834 1836
f 2545 2547 2548
f 2546 2544 2552
f 1838 1841 1840
f 1838 1839 1841
f 1846 1847 1845
f 2552 2544 1896
f 1848 1896 1846
f 2552 2553 2547
f 2548 2547 2549
f 2554 2556 2549
f 2553 2555 2554
f 2557 2597 2559
f 2595 2556 2554
f 1848 1897 1896
f 2555 2553 1897
f 1848 1895 1897
f 1906 1907 2555
f 2555 1907 2596
f 2596 2598 2595
f 2597 2595 2598
f 2598 2599 2597
f 2599 2598 2600
f 2598 2596 2600
f 1901 1906 1895
f 1914 1904 1915
f 1914 1915 1916
f 1914 1907 1906
f 1916 1918 1908
f 2559 2597 2601
f 2606 2607 2605
f 2605 2607 2604
f 2599 2605 2604
f 2608 2600 1908
f 1918 2609 2608
f 1908 1918 2608
f 2623 2629 2620
f 2620 2629 2633
f 2621 2560 2624
f 2621 2567 2560
f 2567 2571 2560
f 2573 2572 2570
f 2580 2572 2569
f 2568 2569 2567
f 2572 2573 2571
f 2568 2622 1919
f 2568 1919 1926
f 1849 1933 1924
f 1934 1933 1849
f 1850 1934 1849
f 1933 2569 2568
f 2620 2622 2621
f 2635 2634 2633
f 1919 2622 2634
f 1919 1922 1926
f 1922 1919 2634
f 1923 1920 1922
f 1924 1926 1925
f 2579 2576 2580
f 2579 2580 1934
f 1850 1851 1852
f 1863 1864 1861
f 1864 1863 1865
f 1865 1863 1860
f 1915 1904 1912
f 1913 1915 1912
f 1915 1913 1916
f 2609 2612 2606
f 2606 2612 2613
f 2612 2614 2613
f 2616 2639 2619
f 2637 2615 2613
f 2609 1950 2612
f 2614 2612 1950
f 1917 1949 1950
f 1959 1960 2614
f 2614 1960 2638
f 2638 2640 2637
f 2639 2637 2640
f 2640 2641 2639
f 2641 2640 2642
f 2640 2638 2642
f 1954 1959 1949
f 1967 1957 1968
f 1967 1968 1969
f 1967 1960 1959
f 1969 1971 1961
f 2619 2639 2643
f 2648 2649 2647
f 2647 2649 2646
f 2641 2647 2646
f 2650 2642 1961
f 1971 2651 2650
f 1961 1971 2650
f 2631 2630 2629
f 2628 2630 2665
f 2636 2630 2628
f 2665 2669 2628
f 2636 2628 1977
f 2669 1977 2628
f 2661 2673 2670
f 2661 2670 2667
f 2666 2667 2665
f 2669 2670 2671
f 2674 1982 2671
f 2671 1982 1978
f 2635 2633 2636
f 1921 1920 1923
f 1976 1923 2635
f 1979 1976 1977
f 1976 1979 1975
f 1977 1978 1979
f 1979 1974 1975
f 1978 1974 1979
f 1968 1957 1965
f 1966 1968 1965
f 1968 1966 1969
f 2651 2654 2648
f 2648 2654 2655
f 2654 2656 2655
f 2677 2657 2655
f 2678 2657 2677
f 2651 2002 2654
f 2656 2654 2002
f 1970 2001 2002
f 2012 2013 2656
f 2656 2013 2679
f 2679 2681 2677
f 2689 2682 2681
f 2689 2681 2690
f 2687 2690 2680
f 2006 2012 2001
f 2015 2009 2016
f 2015 2013 2012
f 2013 2015 2680
f 2680 2679 2013
f 2694 2662 2695
f 2694 2675 2662
f 2694 2704 2675
f 2676 2673 2675
f 2673 2676 2674
f 1981 2022 2017
f 2022 2023 2017
f 2674 2676 2022
f 1982 1981 1980
f 2700 2708 2706
f 2699 2694 2695
f 2704 2694 2699
f 2704 2706 2705
f 2705 2706 2707
f 2709 2026 2707
f 2017 2023 2021
f 2023 2705 2707
f 2024 2021 2026
f 2712 2691 2688
f 2688 2713 2712
f 2690 2691 2689
f 2715 2691 2712
f 2010 2041 2048
f 2041 2049 2048
f 2048 2050 2016
f 2016 2050 2687
f 2050 2688 2687
f 2713 2716 2712
f 2715 2712 2716
f 2723 2716 2724
f 2721 2724 2714
f 2042 2049 2041
f 2055 2045 2056
f 2055 2051 2049
f 2051 2055 2714
f 2714 2713 2051
f 2692 2715 2718
f 2715 2717 2718
f 2730 2735 2728
f 2728 2735 2736
f 2729 2701 2731
f 2729 2710 2701
f 2729 2742 2710
f 2711 2708 2710
f 2708 2711 2709
f 2025 2062 2057
f 2062 2063 2057
f 2709 2711 2062
f 2026 2025 2024
f 2737 2744 2742
f 2737 2728 2736
f 2736 2738 2737
f 2742 2744 2743
f 2743 2744 2745
f 2747 2066 2745
f 2057 2063 2061
f 2063 2743 2745
f 2064 2061 2066
f 2751 2725 2722
f 2722 2752 2751
f 2724 2725 2723
f 2754 2725 2751
f 2056 2045 2054
f 2056 2091 2721
f 2089 2092 2091
f 2091 2722 2721
f 2752 2755 2751
f 2754 2751 2755
f 2762 2755 2763
f 2760 2763 2753
f 2094 2083 2095
f 2090 2083 2094
f 2092 2094 2753
f 2753 2752 2092
f 2726 2754 2757
f 2754 2756 2757
f 2739 2735 2740
f 2735 2739 2736
f 2770 2776 2767
f 2767 2776 2778
f 2739 2738 2736
f 2748 2746 2738
f 2750 2746 2748
f 2746 2750 2747
f 2749 2750 2748
f 2749 2769 2096
f 2749 2096 2100
f 2065 2106 2099
f 2747 2750 2106
f 2066 2065 2064
f 2106 2750 2749
f 2767 2769 2768
f 2782 2781 2778
f 2096 2769 2781
f 2096 2097 2100
f 2097 2096 2781
f 2097 2109 2100
f 2109 2110 2111
f 2105 2109 2111
f 2107 2105 2111
f 2127 2131 2123
f 2787 2764 2761
f 2761 2788 2787
f 2763 2764 2762
f 2791 2764 2787
f 2084 2124 2133
f 2124 2134 2133
f 2133 2135 2095
f 2095 2135 2760
f 2135 2761 2760
f 2785 2797 2789
f 2786 2785 2789
f 2788 2792 2787
f 2791 2787 2792
f 2800 2792 2801
f 2132 2123 2131
f 2137 2132 2789
f 2132 2137 2134
f 2137 2789 2790
f 2137 2136 2134
f 2136 2137 2790
f 2790 2788 2136
f 2765 2791 2794
f 2791 2793 2794
f 2779 2776 2780
f 2776 2779 2778
f 2805 2783 2779
f 2815 2816 2784
f 2110 2098 2140
f 2138 2098 2782
f 2783 2138 2782
f 2783 2784 2138
f 2138 2140 2098
f 2138 2784 2140
f 2110 2108 2111
f 2111 2108 2107
f 2816 2145 2784
f 2812 2819 2817
f 2811 2805 2806
f 2815 2805 2811
f 2815 2817 2816
f 2816 2817 2818
f 2820 2147 2818
f 2139 2145 2144
f 2145 2816 2818
f 2146 2144 2147
f 2130 2131 2127
f 2176 2180 2169
f 2786 2798 2785
f 2785 2798 2799
f 2799 2797 2785
f 2800 2802 2803
f 2797 2802 2801
f 2830 2831 2799
f 2801 2802 2800
f 2786 2171 2798
f 2130 2170 2171
f 2170 2172 2171
f 2825 2826 2824
f 2824 2823 2828
f 2830 2823 2824
f 2830 2833 2831
f 2833 2832 2831
f 2828 2823 2172
f 2180 2829 2828
f 2170 2169 2172
f 2822 2819 2812
f 2819 2821 2820
f 2844 2848 2821
f 2845 2844 2822
f 2820 2183 2147
f 2848 2185 2821
f 2849 2848 2844
f 2849 2851 2852
f 2848 2849 2850
f 2185 2848 2850
f 2184 2152 2183
f 2185 2184 2183
f 2186 2184 2185
f 2184 2182 2152
f 2184 2186 2182
f 2850 2856 2858
f 2859 2858 2856
f 2189 2186 2858
f 2190 2188 2189
f 2189 2188 2187
f 2221 2223 2179
f 2179 2223 2224
f 2221 2225 2223
f 2226 2224 2223
f 2223 2225 2226
f 2872 2867 2863
f 2869 2873 2862
f 2873 2864 2862
f 2227 2216 2228
f 2222 2216 2227
f 2225 2227 2862
f 2829 2838 2825
f 2865 2868 2827
f 2826 2825 2827
f 2838 2866 2865
f 2829 2180 2224
f 2226 2866 2838
f 2863 2866 2864
f 2865 2866 2863
f 2864 2866 2226
f 2852 2857 2856
f 2886 2853 2885
f 2885 2888 2886
f 2886 2888 2889
f 2887 2857 2886
f 2887 2860 2857
f 2895 2897 2861
f 2229 2190 2859
f 2860 2229 2859
f 2860 2861 2229
f 2229 2231 2190
f 2229 2861 2231
f 2230 2197 2231
f 2897 2236 2861
f 2896 2895 2893
f 2895 2887 2893
f 2896 2900 2898
f 2898 2900 2901
f 2897 2898 2899
f 2230 2236 2234
f 2234 2236 2237
f 2237 2235 2234
f 2905 2910 2909
f 2899 2904 2908
f 2909 2910 2911
f 2899 2908 2237
f 2909 2240 2908
f 2238 2235 2240
f 2240 2239 2238
f 2911 2250 2909
f 2920 2922 2915
f 2917 2920 2914
f 2920 2915 2914
f 2292 2279 2293
f 2285 2279 2292
f 2287 2285 2292
f 2915 2290 2914
f 2290 2288 2287
f 2870 2916 2928
f 2929 2874 2871
f 2873 2874 2872
f 2931 2874 2929
f 2291 2916 2870
f 2218 2289 2294
f 2294 2295 2228
f 2228 2295 2869
f 2870 2295 2294
f 2295 2871 2869
f 2295 2870 2871
f 2924 2925 2923
f 2928 2916 2923
f 2922 2924 2923
f 2928 2930 2929
f 2931 2932 2933
f 2289 2288 2291
f 2291 2288 2290
f 2875 2931 2934
f 2931 2933 2934
f 2906 2901 2907
f 2901 2906 2904
f 2906 2905 2904
f 2912 2910 2905
f 2942 2950 2912
f 2913 2910 2912
f 2910 2913 2911
f 2247 2239 2250
f 2250 2249 2247
f 2296 2254 2249
f 2952 2298 2913
f 2948 2942 2943
f 2951 2950 2948
f 2950 2942 2948
f 2951 2955 2953
f 2953 2955 2956
f 2952 2953 2954
f 2298 2952 2954
f 2261 2255 2303
f 2297 2254 2296
f 2298 2297 2296
f 2299 2297 2298
f 2302 2261 2303
f 2304 2302 2303
f 2960 2966 2965
f 2954 2959 2964
f 2965 2966 2967
f 2965 2300 2964
f 2299 2300 2304
f 2300 2299 2964
f 2312 2300 2965
f 2300 2312 2304
f 2310 2312 2313
f 2316 2318 2317
f 2314 2311 2317
f 2317 2311 2316
f 2318 2315 2317
f 2317 2315 2314
f 2371 2358 2372
f 2363 2358 2371
f 2371 2372 2373
f 2369 2363 2371
f 2369 2371 2373
f 2379 2381 2275
f 2275 2381 2382
f 2379 2384 2381
f 2385 2382 2381
f 2382 2281 2275
f 2381 2384 2385
f 2979 2990 2984
f 2982 2979 2984
f 2991 2989 2986
f 2992 2987 2985
f 2374 2370 2376
f 2376 2370 2375
f 2386 2376 2984
f 2386 2984 2985
f 2384 2386 2985
f 2918 2988 2999
f 2926 2921 3002
f 3000 2921 2919
f 3002 2921 3000
f 2383 2281 2382
f 2385 2383 2382
f 2383 2918 2387
f 2387 2388 2293
f 2293 2388 2917
f 2918 2388 2387
f 2388 2919 2917
f 2388 2918 2919
f 2996 2986 2989
f 3001 2999 2996
f 2986 2988 2987
f 2999 3001 3000
f 3002 3003 3004
f 2987 2988 2385
f 2926 2924 2922
f 2924 2926 2927
f 2925 2924 2927
f 3002 3004 3005
f 2961 2956 2962
f 2956 2961 2959
f 2961 2960 2959
f 2963 2961 2962
f 2960 2961 2963
f 2970 2969 3016
f 2968 2969 2966
f 2971 2969 2970
f 2967 2389 2313
f 2967 2971 2389
f 2389 2316 2313
f 3014 3018 3016
f 3016 3018 3019
f 2970 2972 2971
f 3017 2970 3016
f 3017 2972 2970
f 3024 3026 2973
f 2972 2973 2390
f 2390 2391 2318
f 2390 2973 2391
f 2327 2392 2393
f 2973 2392 2391
f 2395 2393 2392
f 2393 2331 2327
f 3025 3024 3022
f 3024 3017 3022
f 3025 3031 3027
f 3029 3027 3028
f 3026 3027 3029
f 2395 3026 3029
f 2974 3030 3037
f 3037 3039 2974
f 2339 2332 2397
f 2394 2331 2393
f 2395 2394 2393
f 2394 2974 2397
f 2396 2339 2397
f 3039 2402 2974
f 3035 3028 3032
f 3038 3037 3035
f 3028 3030 3029
f 3038 3044 3040
f 3042 3040 3041
f 3039 3040 3042
f 3029 3030 2395
f 2396 2402 2399
f 2399 2402 2403
f 2403 2400 2399
f 2975 3043 3051
f 3051 3053 2975
f 2352 2344 2405
f 2404 3043 2975
f 2344 2401 2405
f 2354 2406 2407
f 2975 2406 2405
f 2409 2407 2406
f 2407 2360 2354
f 3048 3041 3045
f 3052 3051 3048
f 3041 3043 3042
f 3052 3058 3054
f 3056 3054 3055
f 3053 3054 3056
f 2401 2400 2404
f 2404 2400 2403
f 2409 3053 3056
f 2976 3057 3065
f 2980 2978 3068
f 3066 2978 2977
f 2977 2978 2983
f 2983 2978 2980
f 3068 2978 3066
f 2408 2360 2407
f 2409 2408 2407
f 2408 2976 2410
f 2410 2411 2372
f 2976 2411 2410
f 2412 2375 2373
f 2411 2976 2977
f 3062 3055 3059
f 3067 3065 3062
f 3055 3057 3056
f 3065 3067 3066
f 3068 3069 3070
f 3056 3057 2409
f 2979 2980 2981
f 2991 2994 2995
f 2993 2994 2990
f 2990 2994 2992
f 2992 2994 2991
f 2993 2995 2994
f 2982 2375 2412
f 2982 2412 2983
f 3068 3070 3071
f 1761 1759 1750
f 1760 1759 1761
f 1766 1762 1765
f 1767 1769 1751
f 1752 1767 1751
f 1752 1768 1767
f 1761 1770 1765
f 3084 3083 1770
f 1770 3083 1765
f 1770 1769 3084
f 1769 1770 1761
f 3085 3083 3089
f 3085 3089 3090
f 3081 3082 3093
f 3084 3081 3092
f 3081 3093 3092
f 3092 3093 3094
f 3094 3095 3091
f 3090 3089 3091
f 3085 3086 1766
f 3086 1771 1766
f 1771 3086 3087
f 3088 3086 3085
f 3087 3086 3088
f 3106 3088 3096
f 3104 3100 3107
f 3104 3107 3109
f 3097 3096 3090
f 3091 3095 3098
f 3120 3105 3111
f 3105 3120 3118
f 3120 3121 3118
f 3221 3240 3231
f 3221 3231 3229
f 3229 3231 3232
f 3232 3234 3229
f 3231 3240 3245
f 3232 3231 3245
f 3147 3257 3148
f 3257 3147 3251
f 3255 3248 3254
f 3235 3233 3247
f 3248 3233 3246
f 3233 3248 3247
f 3252 3255 3258
f 3258 3259 3257
f 3259 3258 3260
f 3254 3256 3255
f 3249 2447 3254
f 2447 2456 3254
f 3256 2457 2448
f 3260 3256 2448
f 2457 2463 2448
f 3261 3151 3149
f 3151 3154 3149
f 3162 3155 3153
f 3152 3153 3151
f 3158 3155 3162
f 3155 3156 3154
f 3152 3262 2449
f 3152 2449 2469
f 2469 2478 3152
f 3162 3153 2479
f 3257 3259 3261
f 3260 3262 3259
f 3259 3262 3261
f 2463 2465 2464
f 2449 2464 2469
f 2465 2459 2464
f 2478 2476 2480
f 2479 2478 2480
f 2477 2480 2476
f 3162 3164 3158
f 3159 3158 3160
f 3165 3168 3160
f 3164 3166 3165
f 3178 3169 3167
f 3166 3167 3165
f 3173 3169 3178
f 3169 3170 3168
f 2479 3164 3162
f 3166 2481 2487
f 2442 2496 2485
f 2497 2496 2442
f 2443 2497 2442
f 2496 3167 3166
f 2479 2480 2481
f 2480 2477 2481
f 2482 2486 2487
f 2485 2487 2486
f 3178 3180 3173
f 3174 3173 3175
f 3181 3184 3175
f 3180 3182 3181
f 3194 3185 3183
f 3182 3183 3181
f 3189 3185 3194
f 3185 3186 3184
f 2443 2498 2497
f 3182 3180 2498
f 2443 2495 2498
f 2503 2512 3182
f 3194 3183 2513
f 2499 2503 2495
f 2499 2502 2503
f 2512 2510 2514
f 2513 2512 2514
f 2511 2514 2510
f 3194 3195 3189
f 3190 3189 3191
f 3196 3199 3191
f 3195 3197 3196
f 3207 3200 3198
f 3197 3198 3196
f 3203 3200 3207
f 3200 3201 3199
f 2513 3195 3194
f 3197 2515 2520
f 2520 2529 3197
f 3207 3198 2530
f 2513 2514 2515
f 2514 2511 2515
f 2516 2519 2520
f 2529 2527 2531
f 2530 2529 2531
f 2528 2531 2527
f 3207 3208 3203
f 3204 3203 3205
f 3209 3211 3205
f 3208 3210 3209
f 3212 3269 3214
f 3267 3211 3209
f 2530 3208 3207
f 3210 2532 2537
f 2537 2542 3210
f 3210 2542 3268
f 3268 3270 3267
f 3269 3267 3270
f 3270 3271 3269
f 3271 3270 3272
f 3270 3268 3272
f 2530 2531 2532
f 2531 2528 2532
f 2533 2536 2537
f 2542 2541 2543
f 3214 3269 3273
f 3282 3277 3281
f 3271 3277 3276
f 3281 3277 3278
f 3279 3282 3283
f 3283 3284 3279
f 3288 3284 3283
f 3288 3283 3289
f 3283 3282 3289
f 3278 3272 2543
f 2543 2550 3278
f 2551 2558 3281
f 3281 2558 3287
f 3217 3218 3310
f 3228 3218 3217
f 3310 3314 3217
f 3222 3218 3228
f 3228 3217 2564
f 3314 2564 3217
f 3304 3316 3312
f 3315 3303 3309
f 3311 3312 3310
f 3315 3317 3316
f 3314 3316 3317
f 3309 2561 3315
f 2561 2574 3315
f 3317 2575 2565
f 3228 3241 3222
f 3223 3222 3224
f 3241 3243 3242
f 3244 3240 3242
f 3243 3244 3242
f 3250 3246 3245
f 2564 3241 3228
f 3243 2566 2583
f 2444 2593 2581
f 2594 2593 2444
f 2445 2594 2444
f 2593 3244 3243
f 2564 2565 2566
f 2565 2563 2566
f 2577 2582 2583
f 2581 2583 2582
f 3249 3246 3250
f 3249 3250 2594
f 2445 2446 2447
f 2455 2456 2453
f 2456 2455 2457
f 2462 2459 2465
f 2461 2465 2463
f 2461 2462 2465
f 2548 2550 2545
f 3288 3290 3291
f 3289 3287 3295
f 2548 2551 2550
f 2548 2549 2551
f 2557 2558 2556
f 3295 3287 2602
f 2559 2602 2557
f 3295 3296 3290
f 3291 3290 3292
f 3297 3299 3292
f 3296 3298 3297
f 3320 3299 3297
f 3321 3299 3320
f 2559 2603 2602
f 3298 3296 2603
f 2559 2601 2603
f 2610 2611 3298
f 3298 2611 3322
f 3322 3324 3320
f 3331 3325 3324
f 3331 3324 3332
f 3330 3332 3323
f 2604 2610 2601
f 2617 2607 2618
f 2617 2611 2610
f 2611 2617 3323
f 3323 3322 2611
f 3302 3351 3305
f 3351 3302 3347
f 3344 3360 3349
f 3344 3349 3348
f 3348 3349 3352
f 3352 3353 3351
f 3353 3352 3354
f 3361 2632 3350
f 3350 2632 2626
f 3354 3350 2626
f 3303 3319 3309
f 3303 3304 3306
f 3355 3356 3319
f 2625 2561 3309
f 3319 2625 3309
f 2625 2627 2624
f 2573 2574 2571
f 2574 2573 2575
f 2575 2573 2570
f 3351 3353 3355
f 3354 3356 3353
f 3353 3356 3355
f 2627 2623 2624
f 2626 2623 2627
f 3331 3333 3334
f 3332 3330 3338
f 2618 2607 2615
f 2616 2618 2615
f 3338 3330 2644
f 2619 2644 2616
f 3338 3339 3333
f 3334 3333 3335
f 3340 3342 3335
f 3339 3341 3340
f 3366 3342 3340
f 3367 3342 3366
f 2619 2645 2644
f 3341 3339 2645
f 2619 2643 2645
f 2652 2653 3341
f 3341 2653 3368
f 3368 3370 3366
f 3377 3371 3370
f 3377 3370 3378
f 3376 3378 3369
f 2646 2652 2643
f 2658 2649 2659
f 2658 2653 2652
f 2653 2658 3369
f 3369 3368 2653
f 3387 3394 3384
f 3384 3394 3398
f 3385 3345 3388
f 3385 3362 3345
f 3364 3360 3362
f 3360 3364 3361
f 3363 3364 3362
f 3363 3386 2660
f 3363 2660 2668
f 2631 2672 2666
f 3361 3364 2672
f 2632 2631 2629
f 2672 3364 3363
f 3384 3386 3385
f 3400 3399 3398
f 2660 3386 3399
f 2660 2663 2668
f 2663 2660 3399
f 2664 2661 2663
f 2666 2668 2667
f 3377 3379 3380
f 3378 3376 3382
f 2659 2649 2657
f 2659 2683 3376
f 2678 2684 2683
f 2683 2684 2685
f 2682 2684 2678
f 2684 2682 2686
f 2685 2684 2686
f 3382 3383 3379
f 3379 3383 3402
f 3383 3403 3402
f 2685 3383 3382
f 2685 3403 3383
f 3408 3409 3407
f 3402 3406 3404
f 3407 3409 3406
f 3407 3403 3410
f 2693 3411 3410
f 2686 2693 3410
f 3396 3395 3394
f 3393 3395 3419
f 3401 3395 3393
f 3419 3421 3393
f 3401 3393 2697
f 3421 2697 3393
f 3422 3421 3419
f 3422 3424 3428
f 3421 3422 3423
f 2697 3421 3423
f 3400 3398 3401
f 2662 2661 2664
f 2696 2664 3400
f 2698 2696 2697
f 2696 2698 2695
f 3423 3432 3433
f 3434 3433 3432
f 2702 2698 3433
f 2703 2700 2702
f 2702 2700 2699
f 2692 2693 2689
f 2723 2727 2717
f 3411 3414 3408
f 3408 3414 3415
f 3443 3416 3415
f 3442 3443 3415
f 3444 3416 3443
f 3411 2719 3414
f 2692 2718 2719
f 2718 2720 2719
f 3438 3439 3437
f 3437 3436 3440
f 3442 3436 3437
f 3442 3445 3443
f 3445 3444 3443
f 3440 3436 2720
f 2727 3441 3440
f 2718 2717 2720
f 3430 3429 3428
f 3427 3429 3453
f 3435 3429 3427
f 3453 3455 3427
f 3435 3427 2733
f 3455 2733 3427
f 3456 3455 3453
f 3456 3458 3462
f 3455 3456 3457
f 2733 3455 3457
f 2730 2741 2735
f 3434 3432 3435
f 2701 2700 2703
f 2732 2703 3434
f 2734 2732 2733
f 2732 2734 2731
f 3457 3466 3467
f 3468 3467 3466
f 3468 2741 3467
f 2734 2730 2731
f 2726 2727 2723
f 2762 2766 2756
f 3441 3448 3438
f 3438 3448 3449
f 3477 3450 3449
f 3476 3477 3449
f 3478 3450 3477
f 3441 2758 3448
f 2726 2757 2758
f 2757 2759 2758
f 3472 3473 3471
f 3471 3470 3474
f 3476 3470 3471
f 3476 3479 3477
f 3479 3478 3477
f 3474 3470 2759
f 2766 3475 3474
f 2757 2756 2759
f 3464 3463 3462
f 3461 3463 3490
f 3469 3463 3461
f 3490 3492 3461
f 3469 3461 2773
f 2735 2741 2740
f 3492 2773 3461
f 3494 3492 3490
f 3494 3495 3500
f 3501 3494 3500
f 3501 3498 3493
f 3498 2777 3493
f 3493 2777 2774
f 3468 3466 3469
f 2775 2772 2773
f 2772 2771 2740
f 2772 2775 2771
f 2773 2774 2775
f 2775 2770 2771
f 2774 2770 2775
f 2765 2766 2762
f 2800 2804 2793
f 3475 3483 3472
f 3472 3483 3484
f 3513 3485 3484
f 3512 3513 3484
f 3514 3485 3513
f 3475 2795 3483
f 2765 2794 2795
f 2794 2796 2795
f 3507 3508 3506
f 3506 3505 3510
f 3512 3505 3506
f 3512 3515 3513
f 3515 3514 3513
f 3510 3505 2796
f 2804 3511 3510
f 2794 2793 2796
f 3503 3502 3500
f 3499 3502 3521
f 3521 3523 3499
f 3500 3502 3501
f 3498 2807 2777
f 3523 2809 3499
f 3524 3523 3521
f 3524 3526 3529
f 3523 3524 3525
f 2809 3523 3525
f 2808 2780 2807
f 2809 2808 2807
f 2810 2808 2809
f 2808 2806 2780
f 2808 2810 2806
f 3525 3532 3534
f 3535 3534 3532
f 2813 2810 3534
f 2814 2812 2813
f 2813 2812 2811
f 2832 2834 2803
f 2803 2834 2835
f 2832 2836 2834
f 2837 2835 2834
f 2834 2836 2837
f 3546 3542 3538
f 3544 3547 3537
f 3547 3539 3537
f 2839 2826 2840
f 2833 2826 2839
f 2836 2839 3537
f 3511 3518 3507
f 3540 3543 3509
f 3508 3507 3509
f 3518 3541 3540
f 3511 2804 2835
f 2837 3541 3518
f 3538 3541 3539
f 3540 3541 3538
f 3539 3541 2837
f 3557 2431 3558
f 2427 2429 2437
f 3529 3533 3532
f 3566 3530 3565
f 3565 3570 3566
f 3567 3574 3575
f 3568 3533 3566
f 3568 3536 3533
f 3568 3569 3536
f 2841 2814 3535
f 3536 2841 3535
f 2841 2846 2814
f 2845 2822 2846
f 2847 2845 2846
f 3576 3583 3582
f 3566 3567 3568
f 3567 3569 3568
f 3582 3583 3584
f 2842 3569 3581
f 3582 2843 3581
f 2842 2843 2847
f 2843 2842 3581
f 2854 2843 3582
f 2843 2854 2847
f 2851 2854 2855
f 2852 2851 2855
f 2872 2876 2867
f 3587 3548 3545
f 3545 3588 3587
f 3547 3548 3546
f 3590 3548 3587
f 2827 2868 2879
f 2868 2880 2879
f 2879 2881 2840
f 2840 2881 3544
f 2881 3545 3544
f 3588 3591 3587
f 3590 3587 3591
f 3599 3591 3600
f 3596 3600 3589
f 2876 2878 2877
f 2877 2867 2876
f 2877 2883 2880
f 2883 2882 2880
f 2882 2883 3589
f 3589 3588 2882
f 3549 3590 3593
f 3590 3592 3593
f 2427 2437 2436
f 2438 2436 2437
f 3577 3574 3578
f 3574 3577 3575
f 3577 3576 3575
f 3579 3577 3578
f 3576 3577 3579
f 3583 3585 3584
f 3616 3620 3585
f 3617 3616 3586
f 2853 2890 2885
f 2890 2891 2885
f 3584 3585 2890
f 2855 2853 2852
f 3621 3620 3616
f 3621 3623 3624
f 3620 3621 3622
f 2885 2891 2888
f 2888 2891 2892
f 2892 2889 2888
f 3628 3633 3632
f 3622 3627 3631
f 3632 3633 3634
f 3622 3631 2892
f 3632 2894 3631
f 2893 2889 2894
f 2902 2894 3632
f 2900 2896 2902
f 2900 2902 2903
f 2901 2900 2903
f 2875 2876 2872
f 2936 2925 2937
f 2930 2925 2936
f 2936 2937 2938
f 2932 2930 2936
f 2932 2936 2938
f 3597 3637 3649
f 3599 3601 3602
f 3650 3601 3598
f 3600 3601 3599
f 2884 2878 2940
f 2875 2878 2876
f 2935 3637 3597
f 2940 2941 2884
f 2884 2941 3596
f 3597 2941 2940
f 2941 3598 3596
f 2941 3597 3598
f 3642 3643 3641
f 3641 3637 3646
f 3649 3637 3641
f 3649 3652 3650
f 3652 3651 3650
f 3646 3637 2935
f 2939 3647 3646
f 2934 2933 2935
f 3629 3624 3630
f 3624 3629 3627
f 3629 3628 3627
f 3635 3633 3628
f 3665 3673 3635
f 3636 3633 3635
f 3633 3636 3634
f 3634 2944 2903
f 3675 2946 3636
f 3671 3665 3666
f 3674 3673 3671
f 3673 3665 3671
f 3674 3678 3676
f 3676 3678 3679
f 3675 3676 3677
f 2946 3675 3677
f 2945 2907 2944
f 2946 2945 2944
f 2947 2945 2946
f 2945 2943 2907
f 2945 2947 2943
f 3683 3689 3688
f 3677 3682 3687
f 3688 3689 3690
f 3688 2949 3687
f 2949 2947 3687
f 2957 2949 3688
f 2955 2951 2957
f 2955 2957 2958
f 2956 2955 2958
f 2991 2997 2989
f 3698 3705 3701
f 3700 3698 3701
f 3707 3711 3703
f 3707 3703 3702
f 2996 2989 2998
f 2998 2989 2997
f 3008 2998 3701
f 3008 3701 3702
f 3003 3001 3008
f 3703 3006 3702
f 3006 3004 3003
f 3638 3704 3718
f 3644 3640 3721
f 3719 3640 3639
f 3639 3640 3648
f 3648 3640 3644
f 3721 3640 3719
f 3007 3704 3638
f 2927 3005 3009
f 3009 3010 2937
f 3638 3010 3009
f 3011 2939 2938
f 3010 3638 3639
f 3713 3714 3712
f 3718 3704 3712
f 3711 3713 3712
f 3718 3720 3719
f 3721 3722 3723
f 3005 3004 3007
f 3007 3004 3006
f 3642 3644 3645
f 3643 3642 3645
f 3647 2939 3011
f 3647 3011 3648
f 3721 3723 3724
f 3564 3557 3558
f 3557 3564 3563
f 3564 3611 3612
f 3559 3659 3611
f 3684 3679 3685
f 3679 3684 3682
f 3684 3683 3682
f 3686 3684 3685
f 3683 3684 3686
f 3693 3692 3739
f 3691 3692 3689
f 3694 3692 3693
f 3690 3012 2958
f 3690 3694 3012
f 3737 3741 3739
f 3739 3741 3742
f 3693 3695 3694
f 3740 3693 3739
f 3740 3695 3693
f 3747 3749 3696
f 2968 2963 3015
f 3013 2962 3012
f 3695 3696 3013
f 3013 3696 3015
f 3014 2968 3015
f 3749 3020 3696
f 3748 3747 3745
f 3747 3740 3745
f 3748 3753 3750
f 3752 3750 3751
f 3749 3750 3752
f 3014 3020 3018
f 3018 3020 3021
f 3021 3019 3018
f 3757 3751 3754
f 3759 3758 3757
f 3758 3751 3757
f 3758 3763 3762
f 3767 3772 3765
f 3767 3765 3764
f 3752 3762 3021
f 3763 3023 3762
f 3022 3019 3023
f 3034 3023 3763
f 3034 3763 3764
f 3031 3025 3034
f 3765 3033 3764
f 3033 3032 3031
f 3773 3779 3778
f 3765 3772 3777
f 3778 3779 3780
f 3765 3777 3033
f 3778 3036 3777
f 3035 3032 3036
f 3046 3036 3778
f 3044 3038 3046
f 3044 3046 3047
f 3784 3791 3790
f 3788 3784 3790
f 3790 3791 3792
f 3048 3045 3050
f 3050 3045 3049
f 3060 3050 3790
f 3058 3052 3060
f 3058 3060 3061
f 3796 3808 3802
f 3800 3796 3802
f 3809 3807 3804
f 3810 3805 3803
f 3062 3059 3064
f 3064 3059 3063
f 3074 3064 3802
f 3074 3802 3803
f 3069 3067 3074
f 3805 3072 3803
f 3072 3070 3069
f 3697 3806 3817
f 3817 3819 3697
f 2993 2981 3075
f 3073 3806 3697
f 2981 3071 3075
f 2995 3076 3077
f 3697 3076 3075
f 3078 3077 3076
f 3814 3804 3807
f 3818 3817 3814
f 3804 3806 3805
f 3818 3825 3820
f 3822 3820 3821
f 3819 3820 3822
f 3071 3070 3073
f 3073 3070 3072
f 3078 3819 3822
f 3700 3706 3698
f 3823 3827 3699
f 3706 3824 3823
f 3708 3709 3705
f 3705 3709 3707
f 3708 3710 3709
f 3700 2997 3077
f 3078 3824 3706
f 3821 3824 3822
f 3823 3824 3821
f 3822 3824 3078
f 3715 3713 3711
f 3717 3715 3716
f 3713 3715 3717
f 3714 3713 3717
f 3768 3766 3759
f 3768 3769 3766
f 3766 3769 3767
f 3768 3770 3769
f 3774 3773 3772
f 3776 3774 3775
f 3773 3774 3776
f 3781 3782 3779
f 3789 3782 3785
f 3781 3783 3782
f 3780 3079 3047
f 3780 3789 3079
f 3079 3049 3047
f 3787 3785 3786
f 3784 3785 3787
f 3793 3794 3791
f 3801 3794 3797
f 3793 3795 3794
f 3788 3049 3079
f 3788 3079 3789
f 3792 3080 3061
f 3792 3801 3080
f 3080 3063 3061
f 3799 3797 3798
f 3796 3797 3799
f 3809 3812 3813
f 3811 3812 3808
f 3808 3812 3810
f 3810 3812 3809
f 3811 3813 3812
f 3800 3063 3080
f 3800 3080 3801
f 3612 3733 3604
f 2431 2429 2430
f 3563 3605 2438
f 3605 2440 2438
f 2441 2439 2440
f 2440 3605 3606
f 3605 3563 3607
f 3604 3607 3563
f 3606 3605 3607
f 3604 3608 3607
f 3607 3608 3606
f 3854 3610 3608
f 3880 3890 3888
f 3889 3879 3886
f 3888 3890 3891
f 3891 3893 3888
f 3891 3890 3898
f 3886 3150 3889
f 3150 3157 3889
f 3889 3157 3897
f 3908 3902 3907
f 3894 3892 3901
f 3902 3892 3900
f 3892 3902 3901
f 3905 3908 3910
f 3910 3913 3905
f 3911 3910 3912
f 3907 3909 3908
f 3903 3161 3907
f 3161 3171 3907
f 3909 3172 3163
f 3912 3909 3163
f 3172 3176 3163
f 3925 3920 3924
f 3914 3911 3919
f 3911 3920 3919
f 3924 3920 3921
f 3922 3925 3927
f 3927 3930 3922
f 3928 3927 3929
f 3924 3926 3925
f 3921 3912 3163
f 3163 3176 3921
f 3177 3187 3924
f 3926 3188 3179
f 3929 3926 3179
f 3188 3192 3179
f 3942 3937 3941
f 3931 3928 3936
f 3928 3937 3936
f 3941 3937 3938
f 3939 3942 3943
f 3943 3945 3939
f 3943 3942 3951
f 3938 3929 3179
f 3179 3192 3938
f 3193 3202 3941
f 3941 3202 3950
f 3946 3944 3953
f 3954 3955 3953
f 3954 3944 3952
f 3944 3954 3953
f 3963 3962 3959
f 3956 3206 3959
f 3206 3213 3959
f 3959 3213 3963
f 3983 3999 3987
f 3983 3987 3986
f 3986 3987 3989
f 3989 3994 3986
f 3990 3989 3991
f 4000 3220 3988
f 3988 3220 3215
f 3991 3988 3215
f 3220 3225 3215
f 3992 3857 3996
f 3992 3858 3857
f 3858 3861 3857
f 3868 3862 3860
f 3859 3860 3858
f 3864 3862 3868
f 3862 3863 3861
f 3859 3993 3216
f 3859 3216 3230
f 3230 3236 3859
f 3868 3860 3237
f 3991 3993 3990
f 3990 3993 3992
f 3225 3227 3226
f 3216 3226 3230
f 3227 3221 3226
f 3236 3234 3238
f 3237 3236 3238
f 3235 3238 3234
f 3868 3870 3864
f 3865 3864 3866
f 3871 3874 3866
f 3870 3872 3871
f 3887 3875 3873
f 3872 3873 3871
f 3881 3875 3887
f 3875 3876 3874
f 3237 3870 3868
f 3872 3239 3253
f 3147 3263 3251
f 3264 3263 3147
f 3148 3264 3147
f 3263 3873 3872
f 3237 3238 3239
f 3238 3235 3239
f 3247 3252 3253
f 3251 3253 3252
f 3882 3881 3883
f 3881 3879 3883
f 3879 3880 3883
f 3898 3897 3904
f 3904 3900 3898
f 3886 3887 3264
f 3148 3149 3150
f 3156 3157 3154
f 3904 3897 3265
f 3159 3265 3156
f 3903 3900 3904
f 3903 3904 3265
f 3159 3160 3161
f 3170 3171 3168
f 3171 3170 3172
f 3174 3177 3176
f 3174 3175 3177
f 3186 3187 3184
f 3187 3186 3188
f 3951 3950 3957
f 3957 3952 3951
f 3190 3193 3192
f 3190 3191 3193
f 3201 3202 3199
f 3957 3950 3266
f 3204 3266 3201
f 3956 3952 3957
f 3955 3962 3964
f 3962 3965 3964
f 3970 3965 3975
f 3965 3966 3964
f 3956 3957 3266
f 3204 3205 3206
f 3212 3213 3211
f 3975 3963 3274
f 3214 3274 3212
f 3975 3976 3970
f 3971 3970 3972
f 3977 3979 3972
f 3976 3978 3977
f 3980 4010 3982
f 4008 3979 3977
f 3214 3275 3274
f 3978 3976 3275
f 3214 3273 3275
f 3280 3285 3978
f 3978 3285 4009
f 4009 4011 4008
f 4010 4008 4011
f 4011 4012 4010
f 4012 4011 4013
f 4011 4009 4013
f 3276 3280 3273
f 3276 3279 3280
f 3285 3284 3286
f 3982 4010 4014
f 4023 4018 4022
f 4012 4018 4017
f 4022 4018 4019
f 4020 4023 4024
f 4024 4025 4020
f 4029 4025 4024
f 4029 4024 4030
f 4024 4023 4030
f 4019 4013 3286
f 3286 3293 4019
f 3294 3300 4022
f 4022 3300 4028
f 4043 4050 4040
f 4040 4050 4056
f 4041 3984 4044
f 4041 4001 3984
f 4003 3999 4001
f 3999 4003 4000
f 4002 4003 4001
f 4002 4042 3301
f 4002 3301 3313
f 3219 3318 3311
f 4000 4003 3318
f 3318 4003 4002
f 4040 4042 4041
f 4058 4057 4056
f 3301 4042 4057
f 3301 3307 3313
f 3307 3301 4057
f 3308 3304 3307
f 3311 3313 3312
f 3224 3221 3227
f 3223 3227 3225
f 3223 3224 3227
f 3291 3293 3288
f 4029 4031 4032
f 4030 4028 4035
f 3291 3294 3293
f 3291 3292 3294
f 3300 3326 4028
f 3321 3327 3326
f 3326 3327 3328
f 3325 3327 3321
f 3327 3325 3329
f 3328 3327 3329
f 4035 4036 4031
f 4031 4036 4060
f 4036 4061 4060
f 3328 4036 4035
f 3328 4061 4036
f 4070 4064 4069
f 4060 4063 4062
f 4064 4061 4065
f 4069 4064 4065
f 4066 4070 4071
f 4071 4072 4066
f 4077 4072 4071
f 4077 4071 4078
f 4071 4070 4078
f 3329 3336 4065
f 3337 3343 4069
f 4069 3343 4076
f 4086 4092 4084
f 4084 4092 4096
f 4085 4038 4087
f 4085 4048 4038
f 4048 4051 4038
f 4085 4100 4048
f 4053 4052 4050
f 4059 4052 4049
f 4052 4053 4051
f 3302 3357 3347
f 3358 3357 3302
f 3357 3359 3347
f 3305 3358 3302
f 4103 4097 4102
f 4097 4103 4100
f 4097 4084 4096
f 4100 4103 4101
f 4102 4104 4103
f 4101 4103 4104
f 4098 3346 4102
f 3365 3344 3348
f 4102 3365 4104
f 4104 3365 3359
f 3359 4101 4104
f 4058 4056 4059
f 3306 3304 3308
f 4058 4059 3358
f 3305 3306 3308
f 3334 3336 3331
f 4077 4079 4080
f 4078 4076 4082
f 3334 3337 3336
f 3334 3335 3337
f 3343 3372 4076
f 3367 3373 3372
f 3372 3373 3374
f 3371 3373 3367
f 3373 3371 3375
f 3374 3373 3375
f 4082 4083 4079
f 4079 4083 4105
f 4083 4106 4105
f 3374 4083 4082
f 3374 4106 4083
f 4111 4112 4110
f 4105 4109 4107
f 4110 4112 4109
f 4110 4106 4113
f 3381 4114 4113
f 3375 3381 4113
f 4094 4093 4092
f 4091 4093 4127
f 4099 4093 4091
f 4127 4130 4091
f 4099 4091 3390
f 4130 3390 4091
f 4125 4135 4131
f 4125 4131 4129
f 4128 4129 4127
f 4130 4131 4132
f 4136 3397 4132
f 4132 3397 3391
f 4098 4096 4099
f 3345 3344 3346
f 3389 3346 4098
f 3392 3389 3390
f 3389 3392 3388
f 3390 3391 3392
f 3392 3387 3388
f 3391 3387 3392
f 3380 3381 3377
f 4114 4117 4111
f 4111 4117 4118
f 4117 4119 4118
f 4140 4120 4118
f 4141 4120 4140
f 4114 3405 4117
f 4119 4117 3405
f 3380 3404 3405
f 3412 3413 4119
f 4119 3413 4142
f 4142 4144 4140
f 4151 4145 4144
f 4151 4144 4152
f 4149 4152 4143
f 3406 3412 3404
f 3417 3409 3418
f 3417 3413 3412
f 3413 3417 4143
f 4143 4142 3413
f 4138 4135 4125
f 4135 4137 4136
f 4161 4166 4137
f 4162 4161 4138
f 3396 3425 3420
f 3425 3426 3420
f 4136 4137 3425
f 3397 3396 3394
f 4158 4169 4167
f 4158 4167 4163
f 4162 4163 4161
f 4166 4167 4168
f 4170 3431 4168
f 3420 3426 3424
f 3426 4166 4168
f 3428 3424 3431
f 4173 4153 4150
f 4150 4174 4173
f 4152 4153 4151
f 4176 4153 4173
f 3418 3409 3416
f 3418 3446 4149
f 3444 3447 3446
f 3446 4150 4149
f 4174 4177 4173
f 4176 4173 4177
f 4183 4177 4184
f 4182 4184 4175
f 3451 3439 3452
f 3445 3439 3451
f 3447 3451 4175
f 4175 4174 3447
f 4154 4176 4179
f 4176 4178 4179
f 3108 3106 3096
f 3107 3106 3108
f 3113 3109 3112
f 3114 3116 3097
f 4172 4169 4158
f 4169 4171 4170
f 4204 4209 4171
f 4205 4204 4172
f 3430 3459 3454
f 3459 3460 3454
f 4170 4171 3459
f 3431 3430 3428
f 4201 4212 4210
f 4201 4210 4206
f 4205 4206 4204
f 4209 4210 4211
f 4213 3465 4211
f 3454 3460 3458
f 3460 4209 4211
f 3462 3458 3465
f 4183 4185 4186
f 4184 4182 4188
f 3452 3439 3450
f 3452 3480 4182
f 3478 3481 3480
f 3480 3481 3482
f 4227 4221 4217
f 4225 4228 4216
f 4228 4218 4216
f 3486 3473 3487
f 3479 3473 3486
f 3481 3486 4216
f 4188 4189 4185
f 4185 4189 4219
f 4189 4220 4219
f 3482 4189 4188
f 3482 4220 4189
f 4217 4220 4218
f 4219 4220 4217
f 4218 4220 3482
f 3098 3114 3097
f 3098 3115 3114
f 3108 3117 3112
f 4191 4190 3117
f 3117 4190 3112
f 3117 3116 4191
f 3116 3117 3108
f 4215 4212 4201
f 4212 4214 4213
f 4242 4247 4214
f 4243 4242 4215
f 3464 3496 3491
f 3496 3497 3491
f 4213 4214 3496
f 3465 3464 3462
f 4239 4250 4248
f 4239 4248 4244
f 4243 4244 4242
f 4247 4248 4249
f 4251 3504 4249
f 3491 3497 3495
f 3497 4247 4249
f 3500 3495 3504
f 4254 4229 4226
f 4226 4255 4254
f 4228 4229 4227
f 4257 4229 4254
f 3487 3473 3485
f 3487 3516 4225
f 3514 3517 3516
f 3516 4226 4225
f 4255 4258 4254
f 4257 4254 4258
f 4265 4258 4266
f 4263 4266 4256
f 3519 3508 3520
f 3515 3508 3519
f 3517 3519 4256
f 4256 4255 3517
f 4230 4257 4260
f 4257 4259 4260
f 4192 4190 4194
f 4192 4194 4195
f 4123 4124 4233
f 4191 4123 4232
f 4123 4233 4232
f 4232 4233 4234
f 4234 4235 4196
f 4253 4250 4239
f 4250 4252 4251
f 4275 4280 4252
f 4276 4275 4253
f 3503 3527 3522
f 3527 3528 3522
f 4251 4252 3527
f 3504 3503 3500
f 4272 4283 4281
f 4272 4281 4277
f 4276 4277 4275
f 4280 4281 4282
f 4284 3531 4282
f 3522 3528 3526
f 3528 4280 4282
f 3529 3526 3531
f 3546 3550 3542
f 4265 4267 4268
f 4290 4267 4264
f 4264 4293 4290
f 4266 4267 4265
f 3509 3543 3552
f 3543 3553 3552
f 3552 3554 3520
f 3520 3554 4263
f 3554 4264 4263
f 4292 4295 4288
f 4289 4287 4294
f 4292 4291 4290
f 4294 4295 4296
f 4296 4295 4293
f 3551 3542 3550
f 3556 3551 4294
f 3551 3556 3553
f 3556 4294 4296
f 3556 3555 3553
f 3555 3556 4296
f 4296 4293 3555
f 4195 4194 4196
f 3111 3109 3113
f 4192 4193 3113
f 3122 4193 4305
f 3122 3120 3111
f 3122 3121 3120
f 3130 3125 4306
f 4308 3130 4306
f 4286 4283 4272
f 4283 4285 4284
f 4316 4319 4285
f 4317 4316 4286
f 3530 3571 3565
f 3571 3572 3565
f 4284 4285 3571
f 3531 3530 3529
f 4320 4319 4316
f 4320 4322 4324
f 4319 4320 4321
f 3565 3572 3570
f 3570 3572 3573
f 4321 4327 4329
f 4330 4329 4327
f 4321 4329 3573
f 4330 3580 4329
f 3573 4329 3580
f 3549 3550 3546
f 3599 3603 3592
f 4289 4300 4287
f 4287 4300 4301
f 4340 4302 4301
f 4339 4340 4301
f 4341 4302 4340
f 4289 3594 4300
f 3549 3593 3594
f 3593 3595 3594
f 4334 4335 4333
f 4333 4332 4337
f 4339 4332 4333
f 4339 4342 4340
f 4342 4341 4340
f 4337 4332 3595
f 3603 4338 4337
f 3593 3592 3595
f 4195 4197 4192
f 4305 4193 4307
f 4324 4328 4327
f 4354 4325 4353
f 3574 3580 3578
f 4353 4357 4354
f 4354 4357 4358
f 4355 4328 4354
f 4355 4331 4328
f 4355 4356 4331
f 3586 3579 3618
f 4331 3613 4330
f 3617 3586 3618
f 3619 3617 3618
f 4364 4363 4362
f 4367 4356 4363
f 4363 4368 4367
f 4368 4369 4370
f 3614 4356 4367
f 4368 3615 4367
f 3614 3615 3619
f 3615 3614 4367
f 3625 3615 4368
f 3615 3625 3619
f 3623 3625 3626
f 3624 3623 3626
f 3651 3653 3602
f 3602 3653 3654
f 3651 3655 3653
f 3656 3654 3653
f 3653 3655 3656
f 4384 4378 4374
f 4381 4385 4373
f 4385 4375 4373
f 3657 3643 3658
f 3652 3643 3657
f 3655 3657 4373
f 4338 4345 4334
f 4376 4379 4336
f 4335 4334 4336
f 4345 4377 4376
f 4338 3603 3654
f 3656 4377 4345
f 4374 4377 4375
f 4376 4377 4374
f 4375 4377 3656
f 4307 4306 4305
f 4308 4310 4311
f 4236 4349 4198
f 4196 4198 4195
f 4307 4197 4348
f 4195 4198 4197
f 4310 4307 4348
f 4348 4349 4350
f 4372 4369 4364
f 4369 4371 4370
f 4392 4395 4371
f 4393 4392 4372
f 4370 3667 3626
f 4395 3669 4371
f 4396 4395 4392
f 4396 4398 4400
f 4395 4396 4397
f 3669 4395 4397
f 3668 3630 3667
f 3669 3668 3667
f 3670 3668 3669
f 3668 3666 3630
f 3668 3670 3666
f 4403 4409 4408
f 4397 4402 4407
f 4408 4409 4410
f 4408 3672 4407
f 3672 3670 4407
f 3680 3672 4408
f 3678 3674 3680
f 3678 3680 3681
f 3679 3678 3681
f 3726 3714 3727
f 3720 3714 3726
f 3726 3727 3728
f 3722 3720 3726
f 3722 3726 3728
f 4382 4418 4433
f 4384 4386 4387
f 4434 4386 4383
f 4385 4386 4384
f 3725 4418 4382
f 3645 3724 3730
f 3730 3731 3658
f 3658 3731 4381
f 4382 3731 3730
f 3731 4383 4381
f 3731 4382 4383
f 4424 4425 4423
f 4423 4418 4430
f 4433 4418 4423
f 4433 4436 4434
f 4436 4435 4434
f 4430 4418 3725
f 3729 4431 4430
f 3724 3723 3725
f 4350 4351 4312
f 4311 4310 4312
f 3125 3130 3132
f 4308 4309 3130
f 4309 3132 3130
f 4404 4400 4405
f 4400 4404 4402
f 4404 4403 4402
f 4406 4404 4405
f 4403 4404 4406
f 4413 4412 4448
f 4411 4412 4409
f 4414 4412 4413
f 4410 3735 3681
f 4410 4414 3735
f 4446 4450 4448
f 4448 4450 4451
f 4413 4415 4414
f 4449 4413 4448
f 4449 4415 4413
f 4456 4458 4416
f 3691 3686 3738
f 3736 3685 3735
f 4415 4416 3736
f 3736 4416 3738
f 3737 3691 3738
f 4458 3743 4416
f 4457 4456 4454
f 4456 4449 4454
f 4457 4461 4459
f 4459 4461 4462
f 4458 4459 4460
f 3737 3743 3741
f 3741 3743 3744
f 3744 3742 3741
f 4466 4472 4471
f 4460 4465 4470
f 4471 4472 4473
f 4460 4470 3744
f 4471 3746 4470
f 3745 3742 3746
f 3755 3746 4471
f 3753 3748 3755
f 3753 3755 3756
f 4477 4484 4483
f 4481 4477 4483
f 4483 4484 4485
f 3757 3754 3761
f 3761 3754 3760
f 3761 3759 3757
f 4485 3771 4483
f 3809 3815 3807
f 4505 4518 4512
f 4510 4505 4512
f 4519 4517 4514
f 4520 4515 4513
f 3814 3807 3816
f 3816 3807 3815
f 3830 3816 4512
f 3830 4512 4513
f 3825 3818 3830
f 4515 3828 4513
f 3828 3826 3825
f 4417 4516 4528
f 4528 4530 4417
f 3708 3699 3831
f 3829 4516 4417
f 3699 3827 3831
f 3710 3832 3833
f 4417 3832 3831
f 3835 3833 3832
f 3833 3716 3710
f 4525 4514 4517
f 4529 4528 4525
f 4514 4516 4515
f 4529 4535 4531
f 4533 4531 4532
f 4530 4531 4533
f 3827 3826 3829
f 3829 3826 3828
f 3835 4530 4533
f 4419 4534 4541
f 4542 4421 4420
f 4420 4421 4432
f 4432 4421 4426
f 3834 3716 3833
f 3835 3834 3833
f 3834 4419 3836
f 3836 3837 3727
f 4419 3837 3836
f 3838 3729 3728
f 3837 4419 4420
f 4540 4532 4536
f 4544 4541 4540
f 4532 4534 4533
f 4541 4544 4542
f 4544 4543 4542
f 4533 4534 3835
f 4428 4426 4427
f 4424 4426 4428
f 4425 4424 4428
f 4431 3729 3838
f 4431 3838 4432
f 3138 3133 4442
f 3138 4442 4548
f 4467 4462 4468
f 4462 4467 4465
f 4467 4466 4465
f 4469 4467 4468
f 4466 4467 4469
f 4474 4475 4472
f 4482 4475 4478
f 4474 4476 4475
f 4473 3839 3756
f 4473 4482 3839
f 3839 3760 3756
f 4480 4478 4479
f 4477 4478 4480
f 4488 4487 4565
f 4486 4487 4484
f 4489 4487 4488
f 3768 3759 3771
f 4481 3760 3839
f 4481 3839 4482
f 3771 3770 3768
f 4485 4489 3840
f 3840 3775 3770
f 4563 4567 4565
f 4565 4567 4568
f 4488 4490 4489
f 4566 4488 4565
f 4566 4490 4488
f 4573 4576 4491
f 3781 3776 3842
f 3841 3775 3840
f 4490 4491 3841
f 3841 4491 3842
f 3783 3843 3844
f 4491 3843 3842
f 3846 3844 3843
f 3844 3786 3783
f 4574 4573 4572
f 4573 4566 4572
f 4574 4581 4577
f 4579 4577 4578
f 4576 4577 4579
f 3846 4576 4579
f 4492 4580 4587
f 4495 4494 4591
f 4588 4494 4493
f 4493 4494 4497
f 4497 4494 4495
f 4591 4494 4588
f 3793 3787 3847
f 3845 3786 3844
f 3846 3845 3844
f 3845 4492 3847
f 3795 3848 3849
f 4492 3848 3847
f 3849 3798 3795
f 3848 4492 4493
f 4586 4578 4582
f 4589 4587 4586
f 4578 4580 4579
f 4587 4589 4588
f 4591 4592 4593
f 4579 4580 3846
f 4495 4498 4497
f 4499 4496 4502
f 4500 4498 4499
f 4501 4503 4511
f 4501 4500 4499
f 4511 4503 4506
f 4502 4504 4503
f 3811 3799 3851
f 3850 3798 3849
f 4498 4500 3850
f 3850 4500 3851
f 3813 3852 3853
f 4500 3852 3851
f 3852 4500 4501
f 4591 4593 4594
f 4508 4506 4507
f 4505 4506 4508
f 4519 4522 4523
f 4521 4522 4518
f 4518 4522 4520
f 4520 4522 4519
f 4521 4523 4522
f 4510 3815 3853
f 4510 3853 4511
f 4311 4313 4308
f 4442 4309 4443
f 4550 4548 4549
f 4443 4554 4549
f 4550 4549 4551
f 4352 4603 4314
f 4312 4314 4311
f 4443 4313 4602
f 4311 4314 4313
f 4554 4443 4602
f 4604 4554 4602
f 4550 4551 4552
f 4555 4606 4551
f 4552 4619 4613
f 4618 4614 4620
f 4618 4620 4622
f 4555 4605 4607
f 4607 4606 4555
f 4618 4622 4623
f 4645 4642 4653
f 4654 4651 4646
f 4642 4655 4653
f 4654 4662 4651
f 4647 4667 3660
f 3611 3659 3732
f 3732 4668 3734
f 4668 3732 4667
f 4668 4669 3734
f 3612 3734 3733
f 3855 4669 4671
f 4648 4652 4670
f 4645 4646 4649
f 4646 4648 4649
f 4649 4648 4647
f 4670 4668 4667
f 4670 4669 4668
f 4651 4662 4663
f 4670 4652 4673
f 4652 4675 4673
f 4671 4673 4674
f 4674 4672 4671
f 3855 3854 3733
f 3855 3856 3854
f 4717 4726 4724
f 4725 4716 4722
f 4724 4726 4728
f 4728 4731 4724
f 4729 4728 4730
f 4725 4727 4726
f 4722 3867 4725
f 3867 3877 4725
f 4727 3878 3869
f 4730 4727 3869
f 3878 3884 3869
f 4681 4745 4682
f 4745 4681 4739
f 4743 4737 4742
f 4732 4729 4736
f 4729 4737 4736
f 4742 4737 4738
f 4740 4743 4746
f 4746 4747 4745
f 4747 4746 4748
f 4742 4744 4743
f 4738 4730 3869
f 3869 3884 4738
f 3899 3880 3888
f 4742 3899 4744
f 3893 3899 3888
f 4748 4744 3895
f 3894 3895 3893
f 4749 4685 4683
f 4685 4688 4683
f 4695 4689 4687
f 4686 4687 4685
f 4692 4689 4695
f 4689 4690 4688
f 4686 4750 3896
f 4686 3896 3906
f 3906 3915 4686
f 4695 4687 3916
f 4745 4747 4749
f 4748 4750 4747
f 4747 4750 4749
f 3895 3894 3896
f 3901 3905 3906
f 3915 3913 3917
f 3916 3915 3917
f 3914 3917 3913
f 4695 4696 4692
f 4693 4692 4694
f 4697 4700 4694
f 4696 4698 4697
f 4705 4701 4699
f 4698 4699 4697
f 4703 4701 4705
f 4701 4702 4700
f 3916 4696 4695
f 4698 3918 3923
f 3923 3932 4698
f 4705 4699 3933
f 3916 3917 3918
f 3917 3914 3918
f 3919 3922 3923
f 3932 3930 3934
f 3933 3932 3934
f 3931 3934 3930
f 4705 4706 4703
f 4703 4706 4756
f 4707 4765 4762
f 3933 4706 4705
f 4707 3935 3940
f 3940 3947 4707
f 4707 3947 4765
f 4756 4761 4757
f 4763 4761 4762
f 4762 4761 4756
f 4766 4770 4763
f 4767 4766 4768
f 4766 4765 4768
f 3933 3934 3935
f 3934 3931 3935
f 3936 3939 3940
f 3947 3945 3948
f 3946 3948 3945
f 4777 4769 4708
f 4708 4780 4777
f 4708 4769 3949
f 4708 3949 3958
f 3958 3960 4708
f 4708 3960 4780
f 4771 4767 4776
f 4778 4776 4777
f 4768 4769 4767
f 4781 4784 4778
f 4782 4781 4783
f 4781 4780 4783
f 3948 3946 3949
f 3967 3955 3968
f 3967 3968 3969
f 3967 3960 3958
f 3969 3973 3961
f 4795 4790 4794
f 4785 4782 4789
f 4782 4790 4789
f 4794 4790 4791
f 4792 4795 4796
f 4796 4797 4792
f 4801 4797 4796
f 4801 4796 4802
f 4796 4795 4802
f 4791 4783 3961
f 3961 3973 4791
f 3974 3981 4794
f 4794 3981 4800
f 4816 4823 4821
f 4822 4815 4820
f 4821 4823 4825
f 4825 4830 4821
f 4826 4825 4827
f 4822 4824 4823
f 4820 3985 4822
f 4004 3983 3986
f 4822 4004 4824
f 3994 4004 3986
f 4827 4824 3997
f 3995 3997 3994
f 4828 4709 4832
f 4828 4710 4709
f 4710 4713 4709
f 4723 4714 4712
f 4711 4712 4710
f 4718 4714 4723
f 4714 4715 4713
f 3857 3861 4005
f 4711 4829 3998
f 4005 3996 3857
f 4007 4006 3863
f 4711 4005 4006
f 3865 4007 3863
f 4006 4712 4711
f 4827 4829 4826
f 4826 4829 4828
f 3998 3995 3996
f 3997 3995 3998
f 4719 4718 4720
f 4718 4716 4720
f 4716 4717 4720
f 4722 4723 4007
f 3865 3866 3867
f 3876 3877 3874
f 3877 3876 3878
f 3883 3880 3885
f 3882 3885 3884
f 3882 3883 3885
f 3968 3955 3964
f 3966 3968 3964
f 3968 3966 3969
f 4801 4803 4804
f 4802 4800 4808
f 3971 3974 3973
f 3971 3972 3974
f 3980 3981 3979
f 4808 4800 4015
f 3982 4015 3980
f 4808 4809 4803
f 4804 4803 4805
f 4810 4812 4805
f 4809 4811 4810
f 4840 4812 4810
f 4841 4812 4840
f 3982 4016 4015
f 4811 4809 4016
f 3982 4014 4016
f 4021 4026 4811
f 4811 4026 4842
f 4842 4843 4840
f 4844 4843 4845
f 4843 4842 4845
f 4017 4021 4014
f 4017 4020 4021
f 4026 4025 4027
f 4847 4844 4852
f 4853 4854 4852
f 4844 4853 4852
f 4857 4853 4856
f 4859 4858 4857
f 4856 4845 4027
f 4027 4033 4856
f 4034 4037 4857
f 4857 4037 4859
f 4814 4877 4817
f 4877 4814 4872
f 4867 4875 4873
f 4874 4866 4871
f 4873 4875 4878
f 4878 4879 4877
f 4879 4878 4880
f 4874 4876 4875
f 4871 4039 4874
f 4039 4054 4874
f 4876 4055 4046
f 4880 4876 4046
f 4815 4835 4820
f 4815 4816 4818
f 4881 4882 4835
f 3984 3983 3985
f 4045 3985 4820
f 4835 4045 4820
f 4045 4047 4044
f 4877 4879 4881
f 4880 4882 4879
f 4879 4882 4881
f 4047 4043 4044
f 4046 4043 4047
f 4032 4033 4029
f 4854 4858 4861
f 4862 4890 4864
f 4860 4858 4859
f 4860 4889 4888
f 4037 4034 4067
f 4032 4034 4033
f 4062 4068 4067
f 4067 4073 4037
f 4037 4073 4859
f 4073 4860 4859
f 4889 4891 4888
f 4890 4888 4891
f 4891 4892 4890
f 4892 4891 4893
f 4891 4889 4893
f 4063 4068 4062
f 4063 4066 4068
f 4074 4072 4075
f 4864 4890 4894
f 4900 4901 4899
f 4899 4901 4898
f 4892 4899 4898
f 4903 4893 4075
f 4081 4904 4903
f 4075 4081 4903
f 4865 4915 4868
f 4915 4865 4911
f 4910 4924 4913
f 4910 4913 4912
f 4912 4913 4916
f 4916 4917 4915
f 4917 4916 4918
f 4925 4095 4914
f 4914 4095 4089
f 4918 4914 4089
f 4866 4886 4871
f 4866 4867 4869
f 4919 4920 4886
f 4088 4039 4871
f 4886 4088 4871
f 4088 4090 4087
f 4053 4054 4051
f 4054 4053 4055
f 4055 4053 4050
f 4915 4917 4919
f 4918 4920 4917
f 4917 4920 4919
f 4090 4086 4087
f 4089 4086 4090
f 4080 4081 4077
f 4904 4905 4900
f 4900 4905 4906
f 4905 4907 4906
f 4930 4908 4906
f 4931 4908 4930
f 4904 4108 4905
f 4907 4905 4108
f 4080 4107 4108
f 4115 4116 4907
f 4907 4116 4932
f 4932 4934 4930
f 4940 4935 4934
f 4940 4934 4941
f 4938 4941 4933
f 4109 4115 4107
f 4121 4112 4122
f 4121 4116 4115
f 4116 4121 4933
f 4933 4932 4116
f 4927 4924 4910
f 4924 4926 4925
f 4952 4956 4926
f 4953 4952 4927
f 4094 4133 4128
f 4133 4134 4128
f 4925 4926 4133
f 4095 4094 4092
f 4947 4958 4954
f 4957 4946 4951
f 4953 4954 4952
f 4957 4959 4958
f 4956 4958 4959
f 4951 4126 4957
f 4139 4125 4129
f 4957 4139 4959
f 4959 4139 4134
f 4134 4956 4959
f 4962 4942 4939
f 4939 4963 4962
f 4941 4942 4940
f 4964 4942 4962
f 4122 4112 4120
f 4122 4146 4938
f 4141 4147 4146
f 4146 4939 4938
f 4963 4965 4962
f 4964 4962 4965
f 4965 4963 4966
f 4145 4147 4141
f 4147 4145 4148
f 4944 4964 4968
f 4964 4967 4968
f 4966 4977 4973
f 4978 4973 4977
f 4977 4966 4148
f 4155 4978 4977
f 4148 4155 4977
f 4946 4961 4951
f 4980 4948 4982
f 4946 4947 4948
f 4980 4981 4961
f 4156 4126 4951
f 4961 4156 4951
f 4156 4164 4126
f 4162 4138 4164
f 4165 4162 4164
f 4988 4987 4986
f 4985 4980 4982
f 4988 4986 4985
f 4992 4981 4986
f 4157 4981 4992
f 4157 4159 4165
f 4159 4157 4992
f 4160 4158 4159
f 4162 4165 4163
f 4972 4974 4975
f 4974 4972 4973
f 4154 4155 4151
f 4183 4187 4178
f 4974 4979 4995
f 4979 4996 4995
f 4978 4180 4979
f 4154 4179 4180
f 4179 4181 4180
f 5002 5003 5001
f 4995 5000 4997
f 5001 5003 5000
f 5001 4996 5007
f 5007 4996 4181
f 4187 5008 5007
f 4179 4178 4181
f 5013 5017 5010
f 5010 5017 5018
f 4987 4994 4993
f 5011 4989 5014
f 4987 4988 4989
f 5011 5012 4994
f 4199 4160 4993
f 4994 4199 4993
f 4199 4207 4160
f 4205 4172 4207
f 4208 4205 4207
f 5010 5012 5011
f 5023 5022 5018
f 4200 5012 5022
f 4200 4202 4208
f 4202 4200 5022
f 4203 4201 4202
f 4205 4208 4206
f 4186 4187 4183
f 4227 4231 4221
f 5008 5009 5002
f 5025 5027 5004
f 5003 5002 5004
f 5009 5026 5025
f 5008 4223 5009
f 4186 4222 4223
f 4222 4224 4223
f 5031 5032 5030
f 5025 5029 5027
f 5030 5032 5029
f 5030 5026 5034
f 5034 5026 4224
f 4231 5035 5034
f 4222 4221 4224
f 5019 5017 5020
f 5017 5019 5018
f 5044 5050 5041
f 5041 5050 5052
f 5042 5024 5019
f 5042 5043 5024
f 4237 4203 5023
f 5024 4237 5023
f 4237 4245 4203
f 4243 4215 4245
f 4246 4243 4245
f 5041 5043 5042
f 5056 5055 5052
f 4238 5043 5055
f 4238 4240 4246
f 4240 4238 5055
f 4241 4239 4240
f 4243 4246 4244
f 4230 4231 4227
f 5065 5061 5058
f 5065 5058 5067
f 4265 4269 4259
f 5035 5038 5031
f 5059 5062 5033
f 5032 5031 5033
f 5038 5060 5059
f 5035 4261 5038
f 4230 4260 4261
f 4260 4262 4261
f 5059 5060 5058
f 5071 5067 5070
f 5070 5060 4262
f 4269 5071 5070
f 4260 4259 4262
f 5053 5050 5054
f 5050 5053 5052
f 5075 5057 5053
f 5075 5076 5057
f 4270 4241 5056
f 5057 4270 5056
f 4270 4278 4241
f 4276 4253 4278
f 4279 4276 4278
f 5085 5084 5083
f 5082 5075 5077
f 5085 5083 5082
f 5089 5076 5083
f 4271 5076 5089
f 4271 4273 4279
f 4273 4271 5089
f 4274 4272 4273
f 4276 4279 4277
f 5093 5066 5064
f 5064 5066 5072
f 5064 5094 5093
f 5096 5066 5093
f 4291 4297 4268
f 4268 4297 4298
f 4291 4299 4297
f 5094 5097 5093
f 5096 5093 5097
f 5104 5097 5105
f 5102 5105 5095
f 4303 4288 4304
f 4292 4288 4303
f 4299 4303 5095
f 5095 5094 4299
f 5071 5072 5067
f 5068 5096 5099
f 5071 4269 4298
f 5071 4298 5072
f 5096 5098 5099
f 5084 5091 5090
f 5109 5086 5110
f 5084 5085 5086
f 5117 5118 5092
f 4315 4274 5090
f 5091 4315 5090
f 5091 5092 4315
f 4315 4318 4274
f 4315 5092 4318
f 4317 4286 4318
f 5118 4323 5092
f 5114 5121 5119
f 5113 5109 5110
f 5117 5109 5113
f 5117 5119 5118
f 5118 5119 5120
f 5122 4326 5120
f 4317 4323 4322
f 4323 5118 5120
f 4324 4322 4326
f 5104 5106 5107
f 5125 5106 5103
f 5103 5127 5125
f 5105 5106 5104
f 4304 4288 4302
f 4304 4343 5102
f 4341 4344 4343
f 4343 5103 5102
f 5127 5129 5125
f 5138 5130 5129
f 5138 5129 5139
f 5135 5139 5128
f 4346 4335 4347
f 4342 4335 4346
f 4344 4346 5128
f 5128 5127 4344
f 5124 5121 5114
f 5121 5123 5122
f 5144 5147 5123
f 5145 5144 5124
f 4325 4359 4353
f 4359 4360 4353
f 5122 5123 4359
f 4326 4325 4324
f 5148 5147 5144
f 5148 5150 5152
f 5147 5148 5149
f 4353 4360 4357
f 4357 4360 4361
f 4361 4358 4357
f 5149 5154 5157
f 5158 5157 5154
f 5149 5157 4361
f 4362 4358 4365
f 4366 4364 4365
f 4365 4364 4362
f 4384 4388 4378
f 5136 5161 5169
f 5138 5140 5141
f 5170 5140 5137
f 5139 5140 5138
f 4380 5161 5136
f 4336 4379 4389
f 4389 4390 4347
f 4347 4390 5135
f 5136 4390 4389
f 4390 5137 5135
f 4390 5136 5137
f 5163 5164 5162
f 5162 5161 5167
f 5169 5161 5162
f 5169 5172 5170
f 5172 5171 5170
f 5167 5161 4380
f 4388 5168 5167
f 4379 4378 4380
f 5155 5152 5156
f 5152 5155 5154
f 5177 5159 5155
f 5185 5186 5160
f 4391 4366 5158
f 5159 4391 5158
f 5159 5160 4391
f 4391 4394 4366
f 4391 5160 4394
f 4393 4372 4394
f 5186 4399 5160
f 5183 5189 5187
f 5182 5177 5178
f 5185 5177 5182
f 5185 5187 5186
f 5186 5187 5188
f 5190 4401 5188
f 4393 4399 4398
f 4399 5186 5188
f 4400 4398 4401
f 4435 4437 4387
f 4387 4437 4438
f 4435 4439 4437
f 4440 4438 4437
f 4437 4439 4440
f 5210 5212 5204
f 5208 5203 5211
f 5214 5212 5210
f 5210 5219 5214
f 5216 5214 5215
f 5211 5212 5213
f 5211 4429 5208
f 4436 4425 4441
f 4441 5211 5213
f 4439 4441 5213
f 5168 5175 5163
f 5217 5221 5165
f 5164 5163 5165
f 5175 5218 5217
f 5168 4388 4438
f 4440 5218 5175
f 5215 5218 5216
f 5217 5218 5215
f 5216 5218 4440
f 5191 5189 5183
f 5191 5192 5189
f 5197 5192 5195
f 5191 5193 5192
f 5190 4444 4401
f 5190 5197 4444
f 5195 5198 5197
f 5226 5198 5195
f 5233 5235 5199
f 4411 4406 4447
f 4445 4405 4444
f 5198 5199 4445
f 4445 5199 4447
f 4446 4411 4447
f 5235 4452 5199
f 5231 5226 5227
f 5234 5233 5231
f 5233 5226 5231
f 5234 5238 5236
f 5236 5238 5239
f 5235 5236 5237
f 4446 4452 4450
f 4450 4452 4453
f 4453 4451 4450
f 5243 5249 5248
f 5237 5242 5247
f 5248 5249 5250
f 5237 5247 4453
f 5248 4455 5247
f 4454 4451 4455
f 4463 4455 5248
f 4461 4457 4463
f 4461 4463 4464
f 4462 4461 4464
f 5268 5274 5273
f 5271 5268 5273
f 5273 5274 5275
f 5273 4509 5271
f 4524 4509 5273
f 5275 4524 5273
f 4519 4526 4517
f 5279 5291 5285
f 5283 5279 5285
f 5292 5290 5287
f 5293 5288 5286
f 4525 4517 4527
f 4527 4517 4526
f 4539 4527 5285
f 4539 5285 5286
f 4535 4529 4539
f 5288 4537 5286
f 4537 4536 4535
f 5200 5289 5300
f 5205 5202 5303
f 5301 5202 5201
f 5201 5202 5209
f 5209 5202 5205
f 5303 5202 5301
f 4538 5289 5200
f 4545 4538 5200
f 4543 4546 4422
f 4422 4546 4547
f 4547 4427 4422
f 4546 5200 5201
f 5297 5287 5290
f 5302 5300 5297
f 5287 5289 5288
f 5300 5302 5301
f 5303 5304 5305
f 4538 4536 4537
f 4544 4540 4545
f 4545 4543 4544
f 5203 5205 5206
f 5204 5203 5206
f 4429 4425 4428
f 5208 4547 5209
f 4428 4427 4429
f 5303 5305 5306
f 5244 5239 5245
f 5239 5244 5242
f 5244 5243 5242
f 5246 5244 5245
f 5243 5244 5246
f 5251 5252 5249
f 5257 5252 5254
f 5251 5253 5252
f 5250 4556 4464
f 5250 5257 4556
f 5254 5258 5257
f 5256 5254 5255
f 5259 5256 5261
f 5260 5258 5259
f 5318 5259 5261
f 5319 5318 5261
f 4474 4469 4558
f 4557 4468 4556
f 5258 5260 4557
f 4557 5260 4558
f 4476 4559 4560
f 5260 4559 4558
f 4562 4560 4559
f 4560 4479 4476
f 5322 5321 5318
f 5324 5322 5323
f 5321 5322 5324
f 4562 5321 5324
f 5262 5325 5332
f 5332 5334 5262
f 4486 4480 4564
f 4561 4479 4560
f 4562 4561 4560
f 4561 5262 4564
f 4563 4486 4564
f 5334 4569 5262
f 5330 5323 5327
f 5333 5332 5330
f 5323 5325 5324
f 5333 5339 5335
f 5337 5335 5336
f 5334 5335 5337
f 5324 5325 4562
f 4563 4569 4567
f 4567 4569 4570
f 4570 4568 4567
f 5263 5338 5346
f 5346 5348 5263
f 4571 5338 5263
f 4575 4571 5263
f 5263 4583 4575
f 5348 4583 5263
f 5343 5336 5340
f 5347 5346 5343
f 5336 5338 5337
f 5347 5353 5349
f 5351 5349 5350
f 5348 5349 5351
f 4571 4568 4570
f 4574 4572 4575
f 4581 4583 4584
f 4584 4582 4581
f 5264 5352 5360
f 5360 5362 5264
f 4585 5352 5264
f 4590 4585 5264
f 5264 4595 4590
f 5362 4595 5264
f 5357 5350 5354
f 5361 5360 5357
f 5350 5352 5351
f 5361 5367 5363
f 5365 5363 5364
f 5362 5363 5365
f 4585 4582 4584
f 4589 4586 4590
f 4592 4595 4596
f 4596 4593 4592
f 5265 5366 5373
f 5269 5267 5376
f 5374 5267 5266
f 5266 5267 5272
f 5272 5267 5269
f 5376 5267 5374
f 4502 4496 4598
f 4597 5366 5265
f 4496 4594 4598
f 4504 4599 4600
f 5265 4599 4598
f 4600 4507 4504
f 4599 5265 5266
f 5371 5364 5368
f 5375 5373 5371
f 5364 5366 5365
f 5373 5375 5374
f 5376 5377 5378
f 4594 4593 4597
f 4597 4593 4596
f 5268 5269 5270
f 5276 5277 5274
f 5284 5277 5280
f 5276 5278 5277
f 5271 4600 5272
f 4508 4507 4509
f 4524 4523 4521
f 5275 5284 4601
f 5376 5378 5379
f 5282 5280 5281
f 5279 5280 5282
f 5292 5295 5296
f 5294 5295 5291
f 5291 5295 5293
f 5293 5295 5292
f 5294 5296 5295
f 5283 4526 4601
f 5283 4601 5284
f 4605 4604 4609
f 4610 4609 4611
f 4609 4610 4605
f 4609 4608 4611
f 4611 4612 4610
f 4604 4608 4609
f 4621 4619 4606
f 4620 4619 4621
f 4626 4622 4625
f 4627 4629 4607
f 4621 4630 4625
f 5396 5395 4630
f 4630 5395 4625
f 4630 4629 5396
f 4629 4630 4621
f 5397 5395 5401
f 5397 5401 5402
f 5393 5394 5405
f 5396 5393 5404
f 5393 5405 5404
f 5428 5429 5421
f 5428 5421 5426
f 5430 5429 5428
f 5426 4684 5428
f 4684 4691 5428
f 5428 4691 5430
f 5404 5405 5406
f 5406 5407 5403
f 5402 5401 5403
f 5397 5398 4626
f 5398 4631 4626
f 4631 5398 5399
f 5480 5486 5479
f 5479 5486 5491
f 5410 5502 5411
f 5502 5410 5496
f 5500 5493 5499
f 5480 5479 5492
f 5493 5479 5491
f 5479 5493 5492
f 5497 5500 5503
f 5503 5504 5502
f 5504 5503 5505
f 5499 5501 5500
f 5494 4721 5499
f 4735 4717 4724
f 5499 4735 5501
f 4731 4735 4724
f 5505 5501 4733
f 4732 4733 4731
f 5506 5414 5412
f 5414 5417 5412
f 5427 5418 5416
f 5415 5416 5414
f 5422 5418 5427
f 5418 5419 5417
f 5415 5507 4734
f 5415 4734 4741
f 4681 4751 4739
f 4752 4751 4681
f 4682 4752 4681
f 4751 5416 5415
f 5502 5504 5506
f 5505 5507 5504
f 5504 5507 5506
f 4733 4732 4734
f 4736 4740 4741
f 4739 4741 4740
f 5423 5422 5424
f 5422 5421 5424
f 5429 5432 5431
f 5435 5432 5439
f 5432 5433 5431
f 5426 5427 4752
f 4682 4683 4684
f 4690 4691 4688
f 5439 5430 4753
f 4693 4753 4690
f 5439 5440 5435
f 5436 5435 5437
f 5441 5444 5437
f 5440 5442 5441
f 5451 5445 5443
f 5442 5443 5441
f 5448 5445 5451
f 5445 5446 5444
f 4694 4700 4755
f 4693 4754 4753
f 5442 5440 4754
f 4754 4755 5442
f 4759 4758 4702
f 5442 4755 4758
f 4704 4759 4702
f 4758 5443 5442
f 5451 5452 5448
f 5449 5448 5450
f 5453 5456 5450
f 5452 5454 5453
f 5462 5457 5455
f 5454 5455 5453
f 5459 5457 5462
f 5457 5458 5456
f 4704 4760 4759
f 5454 5452 4760
f 4704 4757 4760
f 4764 4772 5454
f 5462 5455 4773
f 4761 4764 4757
f 4761 4763 4764
f 4772 4770 4774
f 4773 4772 4774
f 4771 4774 4770
f 5462 5463 5459
f 5460 5459 5461
f 5464 5466 5461
f 5463 5465 5464
f 5518 5466 5464
f 5519 5466 5518
f 4773 5463 5462
f 5465 4775 4779
f 4779 4786 5465
f 5465 4786 5521
f 5521 5522 5518
f 5523 5522 5524
f 5522 5521 5524
f 4773 4774 4775
f 4774 4771 4775
f 4776 4778 4779
f 4786 4784 4787
f 4785 4787 4784
f 5533 5525 5467
f 5467 5536 5533
f 5467 5525 4788
f 5467 4788 4793
f 4793 4798 5467
f 5467 4798 5536
f 5527 5523 5532
f 5534 5532 5533
f 5524 5525 5523
f 5537 5540 5534
f 5538 5537 5539
f 5537 5536 5539
f 4787 4785 4788
f 4789 4792 4793
f 4798 4797 4799
f 5541 5538 5544
f 5545 5546 5544
f 5538 5545 5544
f 5549 5545 5548
f 5551 5550 5549
f 5548 5539 4799
f 4799 4806 5548
f 4807 4813 5549
f 5549 4813 5551
f 5400 5398 5397
f 5567 5576 5574
f 5575 5566 5572
f 5574 5576 5578
f 5578 5583 5574
f 5579 5578 5580
f 5575 5577 5576
f 5572 4819 5575
f 4836 4816 4821
f 5575 4836 5577
f 4830 4836 4821
f 5580 5577 4833
f 4831 4833 4830
f 5581 5478 5585
f 5581 5483 5478
f 5483 5487 5478
f 5489 5488 5486
f 5495 5488 5485
f 5484 5485 5483
f 5488 5489 5487
f 4709 4713 4837
f 5484 5582 4834
f 4837 4832 4709
f 4839 4838 4715
f 5484 4837 4838
f 4719 4839 4715
f 4838 5485 5484
f 5580 5582 5579
f 5579 5582 5581
f 4834 4831 4832
f 4833 4831 4834
f 5494 5491 5495
f 4720 4717 4721
f 5494 5495 4839
f 4719 4720 4721
f 4804 4806 4801
f 5546 5550 5552
f 5550 5553 5552
f 5556 5553 5558
f 5553 5554 5552
f 4804 4807 4806
f 4804 4805 4807
f 4813 4848 5551
f 4841 4849 4848
f 4848 4849 4850
f 4846 4849 4841
f 4849 4846 4851
f 4850 4849 4851
f 4847 4851 4846
f 5558 5559 5556
f 5556 5559 5591
f 5559 5592 5591
f 4850 5559 5558
f 4850 5592 5559
f 5591 5597 5593
f 5598 5599 5597
f 5598 5592 5601
f 5602 5598 5601
f 5604 5603 5602
f 5602 5601 4855
f 4855 4847 4852
f 4852 4854 4855
f 5602 4863 5604
f 5399 5398 5400
f 5560 5400 5408
f 5475 5470 5561
f 5475 5561 5613
f 5409 5408 5402
f 5403 5407 5468
f 5563 5564 5631
f 5573 5564 5563
f 5631 5634 5563
f 5568 5564 5573
f 4814 4883 4872
f 4884 4883 4814
f 4883 4885 4872
f 4817 4884 4814
f 5625 5636 5633
f 5635 5624 5629
f 5632 5633 5631
f 5635 5637 5636
f 5634 5636 5637
f 5629 4870 5635
f 4887 4867 4873
f 5635 4887 5637
f 5637 4887 4885
f 4885 5634 5637
f 5569 5568 5570
f 5568 5566 5570
f 5566 5567 5570
f 4818 4816 4819
f 5572 5573 4884
f 4817 4818 4819
f 5599 5603 5605
f 5603 5606 5605
f 5609 5606 5611
f 5606 5607 5605
f 4863 4854 4861
f 4862 4863 4861
f 5611 5604 4895
f 4864 4895 4862
f 5611 5612 5609
f 5609 5612 5642
f 5612 5643 5642
f 4864 4896 4895
f 4864 4894 4896
f 4894 4897 4896
f 5642 5648 5644
f 5649 5650 5648
f 5649 5643 5652
f 5653 5649 5652
f 5655 5654 5653
f 5652 5643 4897
f 5653 5652 4902
f 4897 4902 5652
f 4898 4901 4902
f 5653 4909 5655
f 5674 5623 5626
f 5622 5623 5669
f 5630 5623 5622
f 5669 5671 5622
f 5626 5623 5630
f 5623 5674 5669
f 4865 4921 4911
f 4922 4921 4865
f 4921 4923 4911
f 4868 4922 4865
f 5668 5681 5672
f 5668 5672 5670
f 5676 5675 5674
f 5671 5672 5673
f 4929 4910 4928
f 4928 4910 4912
f 5673 4928 4923
f 4923 5671 5673
f 5626 5624 5627
f 5624 5625 5627
f 4869 4867 4870
f 5629 5630 4922
f 4868 4869 4870
f 5674 5677 5676
f 5650 5654 5657
f 5656 5654 5655
f 5656 5690 5688
f 5689 5657 5688
f 4909 4901 4908
f 4909 4936 5655
f 4931 4937 4936
f 4936 5656 5655
f 5690 5692 5688
f 5697 5693 5692
f 5697 5692 5698
f 5696 5698 5691
f 5696 5691 4943
f 4935 4937 4931
f 5691 5690 4937
f 4940 4943 4935
f 5685 5681 5668
f 5714 5704 5683
f 5681 5684 5682
f 5716 5715 5685
f 4927 4910 4929
f 5683 5704 4945
f 5683 4945 4955
f 5682 4960 4929
f 5682 5684 4960
f 4960 5684 5683
f 5708 5707 5706
f 5712 5704 5706
f 5706 5704 5714
f 5714 5715 5717
f 5716 5717 5715
f 4945 5704 5712
f 4945 4949 4955
f 4949 4945 5712
f 4950 4947 4949
f 4953 4955 4954
f 5697 5700 5701
f 5698 5696 5702
f 5696 4943 4969
f 5702 5696 4969
f 4972 4976 4967
f 5702 5703 5700
f 5700 5703 5721
f 5703 5722 5721
f 4944 4970 4969
f 4944 4968 4970
f 4968 4971 4970
f 5729 5730 5728
f 5721 5727 5723
f 5728 5730 5727
f 5728 5722 5734
f 5734 5722 4971
f 4976 5735 5734
f 4968 4967 4971
f 5737 5476 5614
f 5476 5737 5662
f 5666 5663 5738
f 5666 5738 5740
f 5751 5755 5748
f 5748 5755 5756
f 5707 5720 5713
f 5749 5709 5752
f 5707 5708 5709
f 5749 5750 5720
f 4948 4947 4950
f 4983 4950 5713
f 5720 4983 5713
f 4983 4984 4982
f 5748 5750 5749
f 5761 5760 5756
f 4984 5750 5760
f 4990 4984 5760
f 4991 4988 4990
f 4990 4988 4985
f 4975 4976 4972
f 5735 5736 5729
f 5763 5765 5731
f 5730 5729 5731
f 5736 5764 5763
f 5735 4998 5736
f 4975 4997 4998
f 4997 4999 4998
f 5769 5770 5768
f 5763 5767 5765
f 5768 5770 5767
f 5768 5764 5771
f 5771 5764 4999
f 4999 5005 5771
f 5005 5003 5006
f 5000 5003 5005
f 5757 5755 5758
f 5755 5757 5756
f 5796 5802 5793
f 5793 5802 5806
f 5013 5021 5017
f 5794 5762 5757
f 5794 5795 5762
f 4989 4988 4991
f 5015 4991 5761
f 5762 5015 5761
f 5015 5016 5014
f 5793 5795 5794
f 5808 5807 5806
f 5016 5795 5807
f 5808 5021 5807
f 5016 5013 5014
f 5772 5775 5769
f 5769 5775 5776
f 5775 5777 5776
f 5811 5778 5776
f 5812 5778 5811
f 5006 5003 5004
f 5772 5006 5028
f 5772 5028 5775
f 5777 5775 5028
f 5036 5037 5777
f 5777 5037 5814
f 5815 5819 5810
f 5813 5815 5810
f 5813 5812 5811
f 5816 5815 5814
f 5029 5036 5027
f 5039 5032 5040
f 5039 5037 5036
f 5037 5039 5816
f 5816 5814 5037
f 5804 5803 5802
f 5801 5803 5836
f 5809 5803 5801
f 5836 5839 5801
f 5809 5801 5047
f 5017 5021 5020
f 5839 5047 5801
f 5829 5844 5840
f 5829 5840 5838
f 5837 5838 5836
f 5839 5840 5841
f 5845 5051 5841
f 5841 5051 5048
f 5808 5806 5809
f 5049 5046 5047
f 5046 5045 5020
f 5046 5049 5045
f 5047 5048 5049
f 5049 5044 5045
f 5048 5044 5049
f 5065 5069 5061
f 5810 5819 5823
f 5821 5850 5857
f 5822 5819 5820
f 5859 5823 5858
f 5063 5850 5821
f 5033 5062 5073
f 5073 5074 5040
f 5040 5074 5820
f 5821 5074 5073
f 5074 5822 5820
f 5074 5821 5822
f 5852 5853 5851
f 5851 5850 5855
f 5857 5850 5851
f 5857 5860 5858
f 5860 5859 5858
f 5855 5850 5063
f 5069 5856 5855
f 5062 5061 5063
f 5831 5667 5743
f 5847 5844 5829
f 5844 5846 5845
f 5866 5868 5846
f 5867 5866 5847
f 5845 5078 5051
f 5868 5080 5846
f 5869 5868 5866
f 5869 5871 5874
f 5868 5869 5870
f 5080 5868 5870
f 5079 5054 5078
f 5080 5079 5078
f 5081 5079 5080
f 5079 5077 5054
f 5079 5081 5077
f 5870 5876 5879
f 5880 5879 5876
f 5087 5081 5879
f 5088 5085 5087
f 5087 5085 5082
f 5068 5069 5065
f 5104 5108 5098
f 5856 5863 5852
f 5882 5884 5854
f 5853 5852 5854
f 5863 5883 5882
f 5856 5100 5863
f 5068 5099 5100
f 5099 5101 5100
f 5888 5889 5887
f 5882 5886 5884
f 5887 5889 5886
f 5887 5883 5893
f 5893 5883 5101
f 5108 5894 5893
f 5099 5098 5101
f 5667 5831 5782
f 5787 5783 5832
f 5833 5826 5788
f 5877 5874 5878
f 5874 5877 5876
f 5902 5881 5877
f 5902 5903 5881
f 5086 5085 5088
f 5111 5088 5880
f 5881 5111 5880
f 5111 5112 5110
f 5911 5910 5909
f 5908 5902 5904
f 5911 5909 5908
f 5915 5903 5909
f 5112 5903 5915
f 5115 5112 5915
f 5116 5114 5115
f 5115 5114 5113
f 5126 5131 5107
f 5107 5131 5132
f 5126 5133 5131
f 5134 5132 5131
f 5131 5133 5134
f 5931 5924 5920
f 5929 5932 5919
f 5932 5921 5919
f 5929 5919 5142
f 5130 5133 5126
f 5138 5142 5130
f 5894 5897 5888
f 5922 5925 5890
f 5889 5888 5890
f 5897 5923 5922
f 5894 5108 5132
f 5134 5923 5897
f 5920 5923 5921
f 5922 5923 5920
f 5921 5923 5134
f 5910 5917 5916
f 5941 5912 5942
f 5910 5911 5912
f 5946 5948 5918
f 5143 5116 5916
f 5917 5143 5916
f 5917 5918 5143
f 5143 5146 5116
f 5143 5918 5146
f 5145 5124 5146
f 5948 5151 5918
f 5945 5952 5949
f 5944 5941 5942
f 5946 5941 5944
f 5946 5949 5948
f 5948 5949 5950
f 5953 5153 5950
f 5145 5151 5150
f 5151 5948 5950
f 5152 5150 5153
f 5931 5933 5934
f 5965 5933 5930
f 5930 5968 5965
f 5932 5933 5931
f 5171 5173 5141
f 5171 5174 5173
f 5173 5930 5929
f 5142 5138 5141
f 5967 5970 5962
f 5964 5961 5969
f 5967 5966 5965
f 5969 5970 5971
f 5971 5970 5968
f 5969 5166 5964
f 5172 5164 5176
f 5176 5969 5971
f 5174 5176 5971
f 5971 5968 5174
f 5954 5952 5945
f 5958 5955 5978
f 5954 5955 5952
f 5959 5955 5958
f 5953 5179 5153
f 5953 5959 5179
f 5977 5981 5978
f 5978 5981 5982
f 5958 5960 5959
f 5979 5958 5978
f 5979 5960 5958
f 5979 5980 5960
f 5180 5156 5179
f 5180 5178 5156
f 5180 5181 5178
f 5988 5987 5986
f 5990 5980 5987
f 5987 5991 5990
f 5991 5992 5993
f 5181 5980 5990
f 5991 5184 5990
f 5184 5181 5990
f 5184 5183 5182
f 5993 5194 5991
f 6004 6006 6001
f 6003 6000 6005
f 6008 6006 6004
f 6004 6013 6008
f 6010 6008 6009
f 6005 6006 6007
f 6005 5207 6003
f 5210 5204 5225
f 5225 6005 6007
f 5219 5210 5225
f 6010 5223 6007
f 5223 5220 5219
f 5964 5974 5961
f 6011 6015 5963
f 5962 5961 5963
f 5974 6012 6011
f 5166 5164 5165
f 5964 5166 5222
f 5964 5222 5974
f 5221 5224 5222
f 6009 6012 6010
f 6011 6012 6009
f 5221 5220 5224
f 5224 5220 5223
f 5833 5898 5826
f 5789 6023 4656
f 5994 5992 5988
f 5997 5995 6028
f 5994 5995 5992
f 5998 5995 5997
f 5191 5183 5194
f 5194 5193 5191
f 5993 5998 5228
f 5228 5196 5193
f 6027 6031 6028
f 6028 6031 6032
f 5997 5999 5998
f 6029 5997 6028
f 6029 5999 5997
f 6029 6030 5999
f 5229 5196 5228
f 5229 5227 5196
f 5229 5230 5227
f 6038 6037 6036
f 6040 6030 6037
f 6037 6041 6040
f 6041 6042 6043
f 5230 6030 6040
f 6041 5232 6040
f 5232 5230 6040
f 5240 5232 6041
f 5238 5234 5240
f 5238 5240 5241
f 5239 5238 5241
f 5292 5298 5290
f 6070 6072 6063
f 6068 6062 6071
f 6074 6072 6070
f 6070 6079 6074
f 6076 6074 6075
f 6071 6072 6073
f 5297 5290 5299
f 5299 5290 5298
f 5310 5299 6071
f 5310 6071 6073
f 5304 5302 5310
f 6076 5308 6073
f 5308 5305 5304
f 6003 6018 6000
f 6077 6081 6002
f 6001 6000 6002
f 6018 6078 6077
f 5207 5204 5206
f 6003 5207 5307
f 6003 5307 6018
f 5306 5309 5307
f 6075 6078 6076
f 6077 6078 6075
f 5306 5305 5309
f 5309 5305 5308
f 6044 6042 6038
f 6044 6045 6042
f 6051 6045 6048
f 6044 6046 6045
f 6043 5311 5241
f 6043 6051 5311
f 6048 6052 6051
f 6050 6048 6049
f 6053 6050 6055
f 6054 6052 6053
f 6089 6053 6055
f 6090 6089 6055
f 5251 5246 5313
f 5312 5245 5311
f 6052 6054 5312
f 5312 6054 5313
f 5253 5314 5315
f 6054 5314 5313
f 5317 5315 5314
f 5315 5255 5253
f 6093 6092 6089
f 6095 6093 6094
f 6092 6093 6095
f 5317 6092 6095
f 6056 6096 6103
f 6103 6105 6056
f 5261 5256 5320
f 5316 5255 5315
f 5317 5316 5315
f 5316 6056 5320
f 5319 5261 5320
f 6105 5328 6056
f 6101 6094 6098
f 6104 6103 6101
f 6094 6096 6095
f 6104 6108 6106
f 6106 6108 6109
f 6105 6106 6107
f 6095 6096 5317
f 5319 5328 5326
f 5326 5328 5329
f 5329 5327 5326
f 6113 6120 6119
f 6107 6112 6118
f 6119 6120 6121
f 6107 6118 5329
f 6119 5331 6118
f 5330 5327 5331
f 5341 5331 6119
f 5339 5333 5341
f 5339 5341 5342
f 6126 6133 6132
f 6130 6126 6132
f 6132 6133 6134
f 5343 5340 5345
f 5345 5340 5344
f 5355 5345 6132
f 5353 5347 5355
f 5353 5355 5356
f 6138 6150 6145
f 6143 6138 6145
f 6151 6149 6147
f 6152 6148 6146
f 5357 5354 5359
f 5359 5354 5358
f 5370 5359 6145
f 5370 6145 6146
f 5367 5361 5370
f 6148 5369 6146
f 5369 5368 5367
f 6164 6163 6158
f 6157 6147 6149
f 6158 6147 6157
f 6158 6163 6161
f 6166 6164 6162
f 6162 6170 6166
f 6168 6166 6167
f 6163 6164 6165
f 6148 6161 5369
f 6163 5372 6161
f 5371 5368 5372
f 5382 5372 6163
f 5382 6163 6165
f 5377 5375 5382
f 6168 5380 6165
f 5380 5378 5377
f 6057 6169 6176
f 6176 6178 6057
f 5276 5270 5383
f 5381 6169 6057
f 5270 5379 5383
f 5278 5384 5385
f 6057 5384 5383
f 5387 5385 5384
f 5385 5281 5278
f 6174 6167 6171
f 6177 6176 6174
f 6167 6169 6168
f 6177 6183 6179
f 6181 6179 6180
f 6178 6179 6181
f 5379 5378 5381
f 5381 5378 5380
f 5387 6178 6181
f 6058 6182 6189
f 6190 6060 6059
f 6059 6060 6069
f 6069 6060 6064
f 5294 5282 5388
f 5386 5281 5385
f 5387 5386 5385
f 5386 6058 5388
f 5296 5389 5390
f 6058 5389 5388
f 5389 6058 6059
f 6188 6180 6184
f 6192 6189 6188
f 6180 6182 6181
f 6189 6192 6190
f 6192 6191 6190
f 6181 6182 5387
f 6066 6064 6065
f 6062 6064 6066
f 6063 6062 6066
f 6068 5298 5390
f 6068 5390 6069
f 6114 6109 6115
f 6109 6114 6112
f 6114 6113 6112
f 6116 6114 6115
f 6113 6114 6116
f 6122 6123 6120
f 6131 6123 6127
f 6122 6124 6123
f 6121 5391 5342
f 6121 6131 5391
f 5391 5344 5342
f 6129 6127 6128
f 6126 6127 6129
f 6135 6136 6133
f 6144 6136 6139
f 6135 6137 6136
f 6130 5344 5391
f 6130 5391 6131
f 6134 5392 5356
f 6134 6144 5392
f 5392 5358 5356
f 6141 6139 6140
f 6138 6139 6141
f 6151 6154 6155
f 6153 6154 6150
f 6150 6154 6152
f 6152 6154 6151
f 6153 6155 6154
f 6143 5358 5392
f 6143 5392 6144
f 4653 4655 4661
f 4661 6024 4664
f 6024 4661 6023
f 6024 6025 4664
f 4654 4664 4662
f 4665 6025 6203
f 5790 5827 6026
f 5787 5788 5791
f 5788 5790 5791
f 5791 5790 5789
f 6026 6024 6023
f 6026 6025 6024
f 5830 6206 5828
f 6026 5827 6205
f 5826 5828 5827
f 5936 5830 5828
f 6205 6206 6207
f 6203 6205 6207
f 6207 6204 6203
f 4677 4679 4663
f 4679 4675 4663
f 4677 4678 4680
f 4680 4679 4677
f 4676 4679 4680
f 4676 4675 4679
f 6222 6225 6215
f 6222 6215 6220
f 6224 6227 6223
f 6223 6227 6232
f 6226 6225 6222
f 6220 5413 6222
f 5413 5420 6222
f 6222 5420 6226
f 6224 6223 6233
f 6234 6235 6233
f 6234 6223 6232
f 6223 6234 6233
f 6242 6241 6240
f 6238 5425 6240
f 5425 5434 6240
f 6240 5434 6242
f 6254 6255 6247
f 6254 6247 6252
f 6256 6255 6254
f 6252 5438 6254
f 5438 5447 6254
f 6254 5447 6256
f 6288 6303 6291
f 6288 6291 6290
f 6290 6291 6293
f 6293 6298 6290
f 6294 6293 6295
f 6304 5490 6292
f 6292 5490 5481
f 6295 6292 5481
f 6296 6208 6300
f 6296 6209 6208
f 6209 6212 6208
f 6221 6213 6211
f 6210 6211 6209
f 6216 6213 6221
f 6213 6214 6212
f 6210 6297 5482
f 6210 5482 5498
f 5410 5508 5496
f 5509 5508 5410
f 5411 5509 5410
f 5508 6211 6210
f 6295 6297 6294
f 6294 6297 6296
f 5481 5480 5482
f 5492 5497 5498
f 5496 5498 5497
f 6217 6216 6218
f 6216 6215 6218
f 6230 6229 6227
f 6225 6229 6228
f 6229 6230 6228
f 6220 6221 5509
f 5411 5412 5413
f 5419 5420 5417
f 6239 6226 5510
f 5423 5510 5419
f 6238 6232 6239
f 6235 6241 6243
f 6241 6244 6243
f 6248 6244 6253
f 6244 6245 6243
f 6238 6239 5510
f 5423 5424 5425
f 5433 5434 5431
f 6253 6242 5511
f 5436 5511 5433
f 6249 6248 6250
f 6248 6247 6250
f 6255 6258 6257
f 6261 6258 6264
f 6258 6259 6257
f 6252 6253 5511
f 5436 5437 5438
f 5446 5447 5444
f 6264 6256 5512
f 5449 5512 5446
f 6264 6265 6261
f 6262 6261 6263
f 6266 6269 6263
f 6265 6267 6266
f 6275 6270 6268
f 6267 6268 6266
f 6272 6270 6275
f 6270 6271 6269
f 5450 5456 5514
f 5449 5513 5512
f 6267 6265 5513
f 5513 5514 6267
f 5516 5515 5458
f 6267 5514 5515
f 5460 5516 5458
f 5515 6268 6267
f 6275 6276 6272
f 6273 6272 6274
f 6277 6280 6274
f 6276 6278 6277
f 6285 6281 6279
f 6278 6279 6277
f 6283 6281 6285
f 6281 6282 6280
f 5461 5466 5520
f 5460 5517 5516
f 6278 6276 5517
f 5517 5520 6278
f 5519 5520 5466
f 6285 6279 5529
f 5526 5528 5519
f 5528 5526 5530
f 5529 5528 5530
f 5527 5530 5526
f 6285 6286 6283
f 6283 6286 6322
f 6287 6332 6329
f 5529 6286 6285
f 6287 5531 5535
f 5535 5542 6287
f 6287 5542 6332
f 6322 6328 6323
f 6330 6328 6329
f 6329 6328 6322
f 6333 6336 6330
f 6334 6333 6335
f 6333 6332 6335
f 5529 5530 5531
f 5530 5527 5531
f 5532 5534 5535
f 5542 5540 5543
f 5541 5543 5540
f 6337 6334 6340
f 6341 6342 6340
f 6334 6341 6340
f 6345 6341 6344
f 6347 6346 6345
f 6344 6335 5543
f 6345 6344 5547
f 5547 5541 5544
f 5544 5546 5547
f 6345 5555 6347
f 6357 6365 6363
f 6364 6356 6361
f 6363 6365 6367
f 6367 6372 6363
f 6368 6367 6369
f 6364 6366 6365
f 6361 5571 6364
f 5588 5567 5574
f 6364 5588 6366
f 5583 5588 5574
f 6369 6366 5586
f 5584 5586 5583
f 6370 6289 6374
f 6370 6305 6289
f 6307 6303 6305
f 6303 6307 6304
f 6306 6307 6305
f 5478 5487 5589
f 6306 6371 5587
f 5589 5585 5478
f 6306 5589 5590
f 6304 6307 5590
f 5490 5489 5486
f 5590 6307 6306
f 6369 6371 6368
f 6368 6371 6370
f 5587 5584 5585
f 5586 5584 5587
f 6342 6346 6348
f 6381 6349 6351
f 6346 6349 6348
f 6351 6349 6352
f 5555 5546 5552
f 5554 5555 5552
f 6352 6347 5594
f 5557 5594 5554
f 6381 6384 6380
f 6385 6384 6381
f 6352 6353 6351
f 6381 6351 6382
f 6351 6353 6382
f 6353 6383 6382
f 5557 5595 5594
f 5557 5593 5595
f 5593 5596 5595
f 6390 6391 6389
f 6390 6383 6393
f 6394 6390 6393
f 6396 6395 6394
f 6393 6383 5596
f 6394 6393 5600
f 5596 5600 6393
f 5597 5599 5600
f 6394 5608 6396
f 6414 6355 6358
f 6354 6355 6408
f 6362 6355 6354
f 6408 6410 6354
f 6358 6355 6362
f 6355 6414 6408
f 5565 5638 5632
f 5639 5638 5565
f 5638 5640 5632
f 5569 5639 5565
f 6404 6412 6409
f 6411 6403 6407
f 6416 6415 6414
f 6411 6413 6412
f 6410 6412 6413
f 6407 5628 6411
f 5641 5625 5633
f 6411 5641 6413
f 6413 5641 5640
f 5640 6410 6413
f 6358 6356 6359
f 6356 6357 6359
f 5570 5567 5571
f 6361 6362 5639
f 5569 5570 5571
f 6414 6417 6416
f 6391 6395 6397
f 6424 6398 6400
f 6395 6398 6397
f 6400 6398 6401
f 5608 5599 5605
f 5607 5608 5605
f 6401 6396 5645
f 5610 5645 5607
f 6424 6427 6423
f 6428 6427 6424
f 6401 6402 6400
f 6424 6400 6425
f 6400 6402 6425
f 6402 6426 6425
f 5610 5646 5645
f 5610 5644 5646
f 5644 5647 5646
f 6433 6434 6432
f 6433 6426 6436
f 6437 6433 6436
f 6439 6438 6437
f 6436 6426 5647
f 6437 6436 5651
f 5647 5651 6436
f 5648 5650 5651
f 6437 5658 6439
f 6448 6456 6444
f 6457 6453 6443
f 6457 6443 6445
f 5687 5668 5686
f 5686 5668 5670
f 5675 5686 5670
f 6445 6443 5679
f 5676 5679 5675
f 6403 6421 6407
f 6446 6405 6449
f 6403 6404 6405
f 6446 6447 6421
f 5627 5625 5628
f 5678 5628 6407
f 6421 5678 6407
f 5678 5680 5677
f 6445 6447 6444
f 6444 6447 6446
f 5680 5676 5677
f 5679 5676 5680
f 6434 6438 6441
f 6440 6438 6439
f 6440 6463 6461
f 6462 6441 6461
f 5658 5650 5657
f 5658 5694 6439
f 5689 5695 5694
f 5694 6440 6439
f 6463 6465 6461
f 6470 6466 6465
f 6470 6465 6471
f 6469 6471 6464
f 6469 6464 5699
f 5693 5695 5689
f 6464 6463 5695
f 5697 5699 5693
f 6487 6477 6454
f 6459 6458 6456
f 6455 6458 6488
f 6456 6458 6457
f 5685 5668 5687
f 6454 6477 5705
f 6454 5705 5718
f 6453 5719 5687
f 6453 6455 5719
f 5719 6455 6454
f 6481 6480 6479
f 6485 6477 6479
f 6479 6477 6487
f 6487 6488 6490
f 6489 6490 6488
f 5705 6477 6485
f 5705 5710 5718
f 5710 5705 6485
f 5711 5708 5710
f 5716 5718 5717
f 6470 6473 6474
f 6471 6469 6475
f 6469 5699 5724
f 6475 6469 5724
f 6475 6476 6473
f 6473 6476 6494
f 6476 6495 6494
f 5701 5725 5724
f 5701 5723 5725
f 5723 5726 5725
f 6502 6503 6501
f 6494 6500 6496
f 6501 6503 6500
f 6501 6495 6507
f 6507 6495 5726
f 5726 5732 6507
f 5732 5730 5733
f 5727 5730 5732
f 6514 6518 6511
f 6511 6518 6519
f 5751 5759 5755
f 6480 6493 6486
f 6512 6482 6515
f 6480 6481 6482
f 6512 6513 6493
f 5709 5708 5711
f 5753 5711 6486
f 6493 5753 6486
f 5753 5754 5752
f 6511 6513 6512
f 6524 6523 6519
f 5754 6513 6523
f 6524 5759 6523
f 5754 5751 5752
f 6508 6509 6502
f 6526 6527 6504
f 6503 6502 6504
f 6510 6533 6531
f 5733 5730 5731
f 6508 5733 5766
f 6508 5766 6509
f 6510 6509 5766
f 5773 5774 6510
f 6510 5774 6533
f 6534 6537 6530
f 6526 6529 6527
f 6531 6529 6526
f 6533 6534 6531
f 6535 6534 6533
f 5767 5773 5765
f 5779 5770 5780
f 5779 5774 5773
f 5774 5779 6535
f 6535 6533 5774
f 6520 6518 6521
f 6518 6520 6519
f 5755 5759 5758
f 6548 6555 6544
f 6556 6553 6543
f 6556 6543 6545
f 6553 5805 6543
f 6543 5805 5799
f 6545 6543 5799
f 6546 6525 6520
f 6546 6547 6525
f 6525 5798 6524
f 5798 5797 5758
f 5798 5800 5797
f 6545 6547 6544
f 6544 6547 6546
f 5800 5796 5797
f 5799 5796 5800
f 6530 6537 6540
f 6539 6537 6538
f 6539 6562 6560
f 6561 6540 6560
f 5780 5770 5778
f 5780 5817 6538
f 5812 5818 5817
f 5817 6539 6538
f 6562 6564 6560
f 6570 6565 6564
f 6570 6564 6571
f 6568 6571 6563
f 5824 5810 5825
f 5813 5810 5824
f 5818 5824 6563
f 6563 6562 5818
f 6558 6557 6555
f 6554 6557 6576
f 6576 6579 6554
f 6555 6557 6556
f 5804 5842 5837
f 5842 5843 5837
f 6553 6554 5842
f 5805 5804 5802
f 6575 6584 6580
f 6575 6580 6578
f 6577 6578 6576
f 6579 6580 6581
f 5849 5829 5848
f 5848 5829 5838
f 6581 5848 5843
f 5843 6579 6581
f 6570 6572 6573
f 6591 6572 6569
f 6569 6594 6591
f 6571 6572 6570
f 5825 5810 5823
f 5825 5861 6568
f 5859 5862 5861
f 5861 6569 6568
f 6595 6599 6590
f 6593 6595 6590
f 6593 6592 6591
f 6596 6595 6594
f 5864 5853 5865
f 5860 5853 5864
f 5862 5864 6596
f 6596 6594 5862
f 6587 6584 6575
f 6584 6586 6585
f 6606 6608 6586
f 6607 6606 6587
f 5847 5829 5849
f 6585 5872 5849
f 5872 5873 5867
f 6585 6586 5872
f 6610 6608 6606
f 6610 6611 6615
f 6616 6610 6615
f 6616 6614 6609
f 6614 5875 6609
f 5867 5873 5871
f 5873 6608 6609
f 5874 5871 5875
f 6590 6599 6603
f 6601 6622 6632
f 6602 6599 6600
f 6634 6603 6633
f 5885 6622 6601
f 5854 5884 5895
f 5895 5896 5865
f 5865 5896 6600
f 6601 5896 5895
f 5896 6602 6600
f 5896 6601 6602
f 6625 6626 6624
f 6624 6622 6630
f 6632 6622 6624
f 6632 6635 6633
f 6635 6634 6633
f 6630 6622 5885
f 5885 5891 6630
f 5891 5889 5892
f 5886 5889 5891
f 6618 6615 6619
f 6616 6620 6614
f 6614 5905 5875
f 6614 6620 5905
f 6642 6647 6639
f 6639 6647 6648
f 6618 6621 6620
f 6640 6621 6618
f 6640 6641 6621
f 5906 5878 5905
f 5906 5904 5878
f 5906 5907 5904
f 6639 6641 6640
f 6653 6652 6648
f 5907 6641 6652
f 5913 5907 6652
f 5914 5911 5913
f 5913 5911 5908
f 6667 6661 6657
f 6665 6668 6656
f 6668 6658 6656
f 6665 6656 5935
f 6656 5927 5935
f 6658 5927 6656
f 6631 6638 6625
f 6659 6662 6627
f 6626 6625 6627
f 6638 6660 6659
f 5892 5889 5890
f 6631 5892 5926
f 6631 5926 6638
f 5925 5928 5926
f 6657 6660 6658
f 6659 6660 6657
f 5925 5924 5928
f 5928 5924 5927
f 6649 6647 6650
f 6647 6649 6648
f 6672 6654 6649
f 6677 6679 6655
f 5912 5911 5914
f 5943 5914 6653
f 6654 5943 6653
f 6654 6655 5943
f 6655 5951 5947
f 6679 5951 6655
f 6676 6683 6680
f 6675 6672 6673
f 6677 6672 6675
f 6677 6680 6679
f 6679 6680 6681
f 5944 5942 5947
f 5957 5945 5956
f 5947 5951 5956
f 6681 5956 5951
f 5951 6679 6681
f 6667 6669 6670
f 6694 6669 6666
f 6666 6697 6694
f 6668 6669 6667
f 5966 5972 5934
f 5966 5973 5972
f 5972 6666 6665
f 5935 5931 5934
f 6698 6703 6691
f 6696 6698 6691
f 6696 6695 6694
f 6699 6698 6697
f 5975 5962 5976
f 5967 5962 5975
f 5973 5975 6699
f 6699 6697 5973
f 6686 6683 6676
f 6687 6690 6711
f 6683 6685 6684
f 6709 6710 6685
f 5954 5945 5957
f 6684 5983 5957
f 5983 5984 5977
f 6684 6685 5983
f 6712 6710 6709
f 6711 6712 6709
f 6710 6712 6713
f 5977 5984 5981
f 5981 5984 5985
f 5985 5982 5981
f 6711 6690 6715
f 6721 6729 6728
f 6711 6715 6714
f 6713 6720 6727
f 6728 6729 6730
f 6713 6727 5985
f 6728 5989 6727
f 5986 5982 5989
f 5989 5988 5986
f 6730 5996 6728
f 6749 6740 6736
f 6745 6750 6735
f 6750 6737 6735
f 6019 6001 6020
f 6004 6001 6019
f 6013 6004 6019
f 6737 6016 6735
f 6016 6014 6013
f 6738 6741 6692
f 6738 6692 6705
f 6703 6707 6705
f 6707 6703 6704
f 6707 6706 6705
f 6017 6739 6706
f 5963 6015 6021
f 6021 6022 5976
f 5976 6022 6704
f 6706 6022 6021
f 6022 6707 6704
f 6022 6706 6707
f 6736 6739 6737
f 6738 6739 6736
f 6015 6014 6017
f 6017 6014 6016
f 6722 6719 6723
f 6719 6722 6720
f 6722 6721 6720
f 6724 6722 6723
f 6721 6722 6724
f 6729 6731 6730
f 6755 6757 6731
f 6756 6755 6732
f 5994 5988 5996
f 6730 6033 5996
f 6033 6034 6027
f 6730 6731 6033
f 6758 6757 6755
f 6760 6758 6759
f 6757 6758 6760
f 6027 6034 6031
f 6031 6034 6035
f 6035 6032 6031
f 6766 6759 6762
f 6768 6767 6766
f 6767 6759 6766
f 6767 6771 6770
f 6771 6772 6773
f 6760 6770 6035
f 6771 6039 6770
f 6036 6032 6039
f 6039 6038 6036
f 6773 6047 6771
f 6795 6797 6788
f 6793 6787 6796
f 6799 6797 6795
f 6795 6804 6799
f 6801 6799 6800
f 6796 6797 6798
f 6796 6067 6793
f 6070 6063 6084
f 6084 6796 6798
f 6079 6070 6084
f 6801 6082 6798
f 6082 6080 6079
f 6802 6806 6734
f 6802 6734 6746
f 6746 6734 6751
f 6749 6752 6753
f 6748 6747 6746
f 6750 6752 6749
f 6751 6753 6752
f 6083 6803 6747
f 6002 6081 6085
f 6085 6086 6020
f 6020 6086 6745
f 6747 6086 6085
f 6086 6748 6745
f 6086 6747 6748
f 6800 6803 6801
f 6802 6803 6800
f 6081 6080 6083
f 6083 6080 6082
f 6774 6772 6768
f 6774 6775 6772
f 6780 6775 6778
f 6774 6776 6775
f 6044 6038 6047
f 6047 6046 6044
f 6773 6780 6087
f 6087 6049 6046
f 6778 6781 6780
f 6812 6781 6778
f 6817 6820 6782
f 6055 6050 6091
f 6088 6049 6087
f 6781 6782 6088
f 6088 6782 6091
f 6090 6055 6091
f 6820 6099 6782
f 6816 6812 6813
f 6818 6817 6816
f 6817 6812 6816
f 6818 6824 6821
f 6823 6821 6822
f 6820 6821 6823
f 6090 6099 6097
f 6097 6099 6100
f 6100 6098 6097
f 6828 6822 6825
f 6830 6829 6828
f 6829 6822 6828
f 6829 6833 6832
f 6833 6834 6835
f 6823 6832 6100
f 6833 6102 6832
f 6101 6098 6102
f 6110 6102 6833
f 6108 6104 6110
f 6108 6110 6111
f 6109 6108 6111
f 6840 6847 6846
f 6844 6840 6846
f 6846 6847 6848
f 6846 6117 6844
f 6125 6117 6846
f 6848 6125 6846
f 6863 6870 6869
f 6867 6863 6869
f 6869 6870 6871
f 6869 6142 6867
f 6156 6142 6869
f 6871 6156 6869
f 6151 6159 6149
f 6875 6887 6882
f 6880 6875 6882
f 6888 6886 6884
f 6889 6885 6883
f 6157 6149 6160
f 6160 6149 6159
f 6173 6160 6882
f 6173 6882 6883
f 6170 6162 6173
f 6885 6172 6883
f 6172 6171 6170
f 6901 6900 6895
f 6894 6884 6886
f 6895 6884 6894
f 6895 6900 6898
f 6903 6901 6899
f 6899 6907 6903
f 6905 6903 6904
f 6900 6901 6902
f 6885 6898 6172
f 6900 6175 6898
f 6174 6171 6175
f 6187 6175 6900
f 6187 6900 6902
f 6183 6177 6187
f 6905 6185 6902
f 6185 6184 6183
f 6783 6906 6914
f 6915 6785 6784
f 6784 6785 6794
f 6794 6785 6789
f 6186 6906 6783
f 6193 6186 6783
f 6191 6194 6061
f 6061 6194 6195
f 6195 6065 6061
f 6194 6783 6784
f 6911 6904 6908
f 6917 6914 6911
f 6904 6906 6905
f 6914 6917 6915
f 6917 6916 6915
f 6186 6184 6185
f 6192 6188 6193
f 6193 6191 6192
f 6791 6789 6790
f 6787 6789 6791
f 6788 6787 6791
f 6067 6063 6066
f 6793 6195 6794
f 6066 6065 6067
f 6836 6834 6830
f 6836 6837 6834
f 6845 6837 6841
f 6836 6838 6837
f 6835 6196 6111
f 6835 6845 6196
f 6843 6841 6842
f 6840 6841 6843
f 6849 6850 6847
f 6855 6850 6852
f 6849 6851 6850
f 6844 6196 6845
f 6116 6115 6117
f 6125 6124 6122
f 6848 6855 6197
f 6197 6128 6124
f 6852 6856 6855
f 6854 6852 6853
f 6857 6854 6860
f 6858 6856 6857
f 6859 6861 6868
f 6859 6858 6857
f 6868 6861 6864
f 6860 6862 6861
f 6135 6129 6199
f 6198 6128 6197
f 6856 6858 6198
f 6198 6858 6199
f 6137 6200 6201
f 6858 6200 6199
f 6201 6140 6137
f 6200 6858 6859
f 6866 6864 6865
f 6863 6864 6866
f 6872 6873 6870
f 6881 6873 6876
f 6872 6874 6873
f 6867 6201 6868
f 6141 6140 6142
f 6156 6155 6153
f 6871 6881 6202
f 6878 6876 6877
f 6875 6876 6878
f 6888 6891 6892
f 6890 6891 6887
f 6887 6891 6889
f 6889 6891 6888
f 6890 6892 6891
f 6880 6159 6202
f 6880 6202 6881
f 5562 5560 5408
f 5561 5560 5562
f 5616 5613 5615
f 5615 5617 5616
f 5618 5620 5409
f 5468 5618 5409
f 5468 5619 5618
f 5618 5619 5621
f 5621 5620 5618
f 5562 5659 5615
f 5660 5659 5661
f 5620 5659 5562
f 6938 6941 6942
f 5614 5613 5616
f 5739 6937 6944
f 5739 5737 5614
f 5741 5739 6944
f 6945 5741 6944
f 5740 5738 5741
f 5747 6939 5617
f 5660 5747 5617
f 6938 5747 5660
f 6938 6940 5747
f 6939 5747 6940
f 5781 6946 6948
f 5745 6946 5781
f 6949 5781 6948
f 6947 6937 6939
f 6944 6937 6947
f 6947 6945 6944
f 6947 6946 6945
f 6966 6967 6960
f 6966 6960 6964
f 6968 6967 6966
f 6964 6219 6966
f 6219 6231 6966
f 6966 6231 6968
f 6224 6236 6227
f 6978 6979 6972
f 6978 6972 6976
f 6980 6979 6978
f 6237 6224 6233
f 6236 6224 6237
f 6233 6235 6237
f 6978 6246 6980
f 6990 6991 6984
f 6990 6984 6988
f 6992 6991 6990
f 6988 6251 6990
f 6251 6260 6990
f 6990 6260 6992
f 6940 6951 6950
f 6938 6942 6943
f 6950 6951 6952
f 6948 6950 6952
f 5743 5740 5744
f 5745 5746 5744
f 5746 5743 5744
f 7016 7021 7013
f 7022 7017 7012
f 7022 7012 7014
f 6309 6288 6308
f 6308 6288 6290
f 6298 6308 6290
f 7014 7012 6301
f 6299 6301 6298
f 7029 7015 6956
f 6957 6958 7030
f 6965 6958 6957
f 6961 6958 6965
f 6208 6212 6310
f 6956 7015 6302
f 6310 6300 6208
f 6312 6311 6214
f 6956 6310 6311
f 6217 6312 6214
f 6311 6957 6956
f 7016 7013 7026
f 7032 7026 7029
f 7014 7015 7013
f 7029 7030 7032
f 7031 7032 7030
f 6302 6299 6300
f 6301 6299 6302
f 6962 6961 6963
f 6961 6960 6963
f 6967 6970 6969
f 6973 6970 6977
f 6970 6971 6969
f 6964 6965 6312
f 6217 6218 6219
f 6230 6231 6228
f 6977 6968 6313
f 6974 6973 6975
f 6973 6972 6975
f 6979 6982 6981
f 6985 6982 6989
f 6982 6983 6981
f 6246 6235 6243
f 6976 6313 6236
f 6976 6977 6313
f 6245 6246 6243
f 6989 6980 6314
f 6249 6314 6245
f 6986 6985 6987
f 6985 6984 6987
f 6991 6994 6993
f 6996 6994 6999
f 6994 6995 6993
f 6988 6989 6314
f 6249 6250 6251
f 6259 6260 6257
f 6999 6992 6315
f 6262 6315 6259
f 6999 7000 6996
f 6997 6996 6998
f 7001 7004 6998
f 7000 7002 7001
f 7055 7005 7006
f 7007 7005 7003
f 7002 7003 7001
f 7006 7005 7007
f 6263 6269 6317
f 6262 6316 6315
f 7002 7000 6316
f 6316 6317 7002
f 6319 6318 6271
f 7002 6317 6318
f 6273 6319 6271
f 6318 7003 7002
f 7055 7057 7053
f 7058 7057 7055
f 7007 7008 7006
f 7055 7006 7056
f 7006 7008 7056
f 7009 7066 7063
f 6274 6280 6321
f 6273 6320 6319
f 7009 7008 6320
f 6320 6321 7009
f 6325 6324 6282
f 7009 6321 6324
f 6327 6324 6325
f 6284 6325 6282
f 7064 7062 7063
f 7063 7062 7056
f 7067 7071 7064
f 7068 7067 7069
f 7067 7066 7069
f 7069 7066 6327
f 7077 7070 7010
f 7010 7079 7077
f 6284 6326 6325
f 6325 6326 6327
f 6284 6323 6326
f 6331 6338 7010
f 7010 6338 7079
f 7072 7068 7075
f 7078 7075 7077
f 7069 7070 7068
f 7080 7082 7078
f 7083 7082 7080
f 7080 7079 7081
f 6327 7070 7069
f 6328 6331 6323
f 6328 6330 6331
f 6338 6336 6339
f 6337 6339 6336
f 7092 7093 7087
f 7081 7091 7086
f 7094 7093 7092
f 7091 7081 6339
f 7092 7091 6343
f 6343 6337 6340
f 6340 6342 6343
f 7092 6350 7094
f 5832 5831 5834
f 5833 5832 5834
f 5834 5746 5900
f 5781 5899 5745
f 7100 7110 7097
f 7100 7097 7099
f 7106 7112 7102
f 7113 7101 7103
f 7099 6360 7100
f 6377 6357 6363
f 7100 6377 7101
f 6372 6377 6363
f 7103 7101 6375
f 6373 6375 6372
f 7104 7011 7107
f 7104 7018 7011
f 7018 7023 7011
f 7025 7024 7021
f 7019 7020 7018
f 7021 7024 7022
f 7024 7025 7023
f 7019 7105 6376
f 6378 6374 6289
f 6309 6379 6378
f 7017 6379 6309
f 7019 6378 6379
f 7017 7020 6379
f 6379 7020 7019
f 7103 7105 7102
f 7102 7105 7104
f 6376 6373 6374
f 6375 6373 6376
f 7083 7088 7089
f 7088 7083 7086
f 7087 7088 7086
f 7089 7088 7090
f 7088 7087 7090
f 7095 7093 7094
f 7095 7126 7123
f 7124 7096 7123
f 6350 6342 6348
f 6350 6386 7094
f 6380 6387 6386
f 6386 7095 7094
f 7126 7127 7123
f 7128 7127 7129
f 7127 7126 7129
f 6384 6387 6380
f 6387 6384 6388
f 6385 6388 6384
f 7131 7128 7134
f 7135 7136 7134
f 7128 7135 7134
f 7140 7135 7139
f 7142 7141 7140
f 7139 7129 6388
f 7140 7139 6392
f 6392 6385 6389
f 6389 6391 6392
f 7140 6399 7142
f 6949 5899 5781
f 5901 5900 5899
f 5938 5937 5939
f 5937 5938 5898
f 5939 5940 5938
f 5900 5937 5834
f 7148 7158 7145
f 7148 7145 7147
f 7154 7160 7150
f 7161 7149 7151
f 7147 6406 7148
f 6422 6404 6409
f 7148 6422 7149
f 6415 6422 6409
f 7151 7149 6419
f 6416 6419 6415
f 7097 7111 7099
f 7152 7098 7155
f 7152 7153 7111
f 7116 7115 7112
f 7110 7115 7114
f 7113 7115 7110
f 7112 7115 7113
f 7115 7116 7114
f 6359 6357 6360
f 6418 6360 7099
f 7111 6418 7099
f 6418 6420 6417
f 7151 7153 7150
f 7150 7153 7152
f 6420 6416 6417
f 6419 6416 6420
f 7136 7141 7144
f 7143 7141 7142
f 7143 7172 7169
f 7170 7144 7169
f 6399 6391 6397
f 6399 6429 7142
f 6423 6430 6429
f 6429 7143 7142
f 7172 7173 7169
f 7174 7173 7175
f 7173 7172 7175
f 6427 6430 6423
f 6430 6427 6431
f 6428 6431 6427
f 7177 7174 7180
f 7181 7182 7180
f 7174 7181 7180
f 7185 7181 7184
f 7187 7186 7185
f 7184 7175 6431
f 7185 7184 6435
f 6435 6428 6432
f 6432 6434 6435
f 7185 6442 7187
f 6955 6954 6949
f 6949 6953 6955
f 7196 7202 7192
f 7203 7199 7191
f 7203 7191 7193
f 7199 6460 7191
f 7191 6460 6451
f 7193 7191 6451
f 7145 7159 7147
f 7194 7146 7197
f 7194 7195 7159
f 7164 7163 7160
f 7158 7163 7162
f 7161 7163 7158
f 7160 7163 7161
f 7163 7164 7162
f 6405 6404 6406
f 6450 6406 7147
f 7159 6450 7147
f 6450 6452 6449
f 7193 7195 7192
f 7192 7195 7194
f 6452 6448 6449
f 6451 6448 6452
f 7182 7186 7189
f 7188 7186 7187
f 7188 7211 7209
f 7210 7189 7209
f 6442 6434 6441
f 6442 6467 7187
f 6462 6468 6467
f 6467 7188 7187
f 7211 7213 7209
f 7218 7214 7213
f 7218 7213 7219
f 7217 7219 7212
f 7217 7212 6472
f 6466 6468 6462
f 7212 7211 6468
f 6470 6472 6466
f 7233 7225 7200
f 7205 7204 7202
f 7201 7204 7234
f 7202 7204 7203
f 7200 7225 6478
f 7200 6478 6491
f 6459 6492 6489
f 7199 7201 6492
f 6460 6459 6456
f 6492 7201 7200
f 7228 7227 7226
f 7231 7225 7226
f 7226 7225 7233
f 7233 7234 7236
f 7235 7236 7234
f 6478 7225 7231
f 6478 6483 6491
f 6483 6478 7231
f 6484 6481 6483
f 6489 6491 6490
f 7218 7221 7222
f 7219 7217 7223
f 7217 6472 6497
f 7223 7217 6497
f 7223 7224 7221
f 7221 7224 7242
f 7224 7243 7242
f 6474 6498 6497
f 6474 6496 6498
f 6496 6499 6498
f 7250 7251 7249
f 7242 7248 7244
f 7249 7251 7248
f 7249 7243 7255
f 7255 7243 6499
f 6499 6505 7255
f 6505 6503 6506
f 6500 6503 6505
f 5938 5936 5898
f 5938 5940 5936
f 7262 7266 7259
f 7259 7266 7267
f 6514 6522 6518
f 7227 7240 7232
f 7260 7229 7263
f 7227 7228 7229
f 7260 7261 7240
f 6482 6481 6484
f 6516 6484 7232
f 7240 6516 7232
f 6516 6517 6515
f 7259 7261 7260
f 7272 7271 7267
f 6517 7261 7271
f 7272 6522 7271
f 6517 6514 6515
f 7256 7257 7250
f 7274 7275 7252
f 7251 7250 7252
f 7258 7282 7281
f 6506 6503 6504
f 7256 6506 6528
f 7256 6528 7257
f 7258 7257 6528
f 6532 6536 7258
f 7258 6536 7282
f 7283 7285 7279
f 7274 7278 7275
f 7281 7278 7274
f 7282 7283 7281
f 7284 7283 7282
f 6529 6532 6527
f 6541 6530 6542
f 6541 6536 6532
f 6536 6541 7284
f 7284 7282 6536
f 7268 7266 7269
f 7266 7268 7267
f 6518 6522 6521
f 7295 7301 7291
f 7302 7299 7290
f 7302 7290 7292
f 7299 6559 7290
f 7290 6559 6551
f 7292 7290 6551
f 7293 7273 7268
f 7293 7294 7273
f 7273 6550 7272
f 6550 6549 6521
f 6550 6552 6549
f 7292 7294 7291
f 7291 7294 7293
f 6552 6548 6549
f 6551 6548 6552
f 7279 7285 7288
f 7287 7285 7286
f 7287 7310 7307
f 7308 7288 7307
f 6542 6530 6540
f 6542 6566 7286
f 6561 6567 6566
f 6566 7287 7286
f 7311 7315 7306
f 7309 7311 7306
f 7309 7308 7307
f 7312 7311 7310
f 7316 7312 6574
f 6565 6567 6561
f 7312 7310 6567
f 6570 6574 6565
f 7304 7303 7301
f 7300 7303 7321
f 7321 7323 7300
f 7301 7303 7302
f 6558 6582 6577
f 6582 6583 6577
f 7299 7300 6582
f 6559 6558 6555
f 7325 7323 7321
f 7325 7326 7333
f 7334 7325 7333
f 7334 7331 7324
f 6589 6575 6588
f 6588 6575 6578
f 7324 6588 6583
f 6583 7323 7324
f 7306 7315 7318
f 7317 7315 7316
f 7317 7344 7341
f 7342 7318 7341
f 6592 6597 6573
f 6592 6598 6597
f 6597 7317 7316
f 6574 6570 6573
f 7345 7349 7338
f 7343 7345 7338
f 7343 7342 7341
f 7346 7345 7344
f 6604 6590 6605
f 6593 6590 6604
f 6598 6604 7346
f 7346 7344 6598
f 7336 7335 7333
f 7332 7335 7355
f 7355 7357 7332
f 7333 7335 7334
f 6587 6575 6589
f 7331 6612 6589
f 6612 6613 6607
f 7331 7332 6612
f 7359 7357 7355
f 7359 7360 7366
f 7367 7359 7366
f 7367 7365 7358
f 7365 6617 7358
f 6607 6613 6611
f 6613 7357 7358
f 6615 6611 6617
f 7373 7375 7339
f 7373 7339 7351
f 7349 7353 7351
f 7353 7349 7350
f 7353 7352 7351
f 6605 6590 6603
f 6623 7374 7352
f 6636 6623 7352
f 6605 6637 7350
f 6637 7353 7350
f 6637 7352 7353
f 7380 7381 7379
f 7373 7378 7375
f 7379 7381 7378
f 7379 7374 7385
f 7385 7374 6623
f 6628 6623 6636
f 6623 6628 7385
f 6628 6626 6629
f 6636 6634 6635
f 7368 7366 7369
f 7367 7371 7365
f 7365 6644 6617
f 7365 7371 6644
f 6642 6651 6647
f 7368 7372 7371
f 7388 7372 7368
f 7388 7389 7372
f 6645 6619 6644
f 6645 6643 6619
f 6645 6646 6643
f 7396 7395 7394
f 7393 7388 7390
f 7396 7394 7393
f 7399 7389 7394
f 6646 7389 7399
f 7400 6651 7399
f 6646 6642 6643
f 7414 7408 7405
f 7414 7405 7418
f 6667 6671 6661
f 7386 7387 7380
f 7406 7409 7382
f 7381 7380 7382
f 7387 7407 7406
f 6629 6626 6627
f 7386 6629 6663
f 7386 6663 7387
f 6662 6664 6663
f 7406 7407 7405
f 7420 7418 7419
f 7419 7407 6664
f 6671 7420 7419
f 6662 6661 6664
f 6647 6651 6650
f 7395 7401 7400
f 7402 7401 7395
f 7403 7401 7402
f 7423 7402 7404
f 7424 7423 7404
f 7401 6674 7400
f 7401 7403 6674
f 6674 6673 6650
f 7403 6682 6678
f 7426 6682 7403
f 7428 7426 7423
f 7428 7429 7433
f 7434 7428 7433
f 7434 7432 7427
f 6675 6673 6678
f 6689 6676 6688
f 6678 6682 6688
f 7427 6688 6682
f 6682 7426 7427
f 7414 7415 7416
f 7445 7415 7413
f 7413 7415 7421
f 7413 7448 7445
f 6695 6700 6670
f 6670 6700 6701
f 6695 6702 6700
f 7447 7450 7441
f 7444 7440 7449
f 7447 7446 7445
f 7449 7450 7451
f 7451 7450 7448
f 7449 6693 7444
f 6696 6691 6708
f 6708 7449 7451
f 6702 6708 7451
f 7451 7448 6702
f 7420 7421 7418
f 7420 6671 6701
f 7420 6701 7421
f 7435 7433 7436
f 7434 7438 7432
f 6686 6676 6689
f 6689 6687 6686
f 7432 7438 6716
f 6716 6690 6687
f 6714 6725 6719
f 7435 7439 7438
f 7456 7439 7435
f 7456 7457 7439
f 6717 6690 6716
f 6717 6715 6690
f 6717 6718 6715
f 7460 7456 7458
f 7462 7461 7460
f 7463 7457 7461
f 7461 7465 7463
f 7465 7467 7468
f 6718 7457 7463
f 6718 6714 6715
f 6733 6726 7465
f 7468 6733 7465
f 7481 7495 7476
f 7480 7481 7476
f 7483 7481 7480
f 7480 7488 7483
f 7485 7483 7484
f 7496 7482 6754
f 7482 6743 6754
f 7485 6743 7482
f 7444 7454 7440
f 7486 7490 7442
f 7441 7440 7442
f 7454 7487 7486
f 6693 6691 6692
f 7444 6693 6742
f 7444 6742 7454
f 6741 6744 6742
f 7484 7487 7485
f 7486 7487 7484
f 6741 6740 6744
f 6744 6740 6743
f 6719 6725 6723
f 7470 7467 7462
f 7471 7474 7503
f 7467 7469 7468
f 7501 7502 7469
f 6725 6726 6723
f 6724 6723 6726
f 7468 6763 6733
f 6763 6764 6756
f 7468 7469 6763
f 7504 7502 7501
f 7503 7504 7501
f 7504 7503 7505
f 7506 7504 7505
f 7502 7504 7506
f 6756 6764 6761
f 6761 6764 6765
f 6765 6762 6761
f 7503 7474 7507
f 7512 7511 7510
f 7511 7505 7510
f 7511 7515 7513
f 7515 7517 7518
f 7506 7513 6765
f 7515 6769 7513
f 6766 6762 6769
f 6769 6768 6766
f 7518 6777 7515
f 7475 7477 7548
f 7542 7475 7548
f 7543 7546 7534
f 7540 7533 7545
f 7549 7546 7543
f 7549 7548 7550
f 7551 7549 7550
f 7545 7546 7547
f 7545 6792 7540
f 6795 6788 6809
f 6809 7545 7547
f 6804 6795 6809
f 7551 6807 7547
f 6807 6805 6804
f 7552 7478 7497
f 7495 7499 7497
f 7499 7495 7496
f 7499 7498 7497
f 6751 6734 6810
f 6808 7553 7498
f 6734 6806 6810
f 7498 6811 6810
f 6811 7499 7496
f 6754 6749 6753
f 6811 7498 7499
f 7552 7550 7548
f 7550 7553 7551
f 7552 7553 7550
f 6806 6805 6808
f 6808 6805 6807
f 7519 7517 7512
f 7519 7520 7517
f 7526 7520 7524
f 7519 7521 7520
f 6774 6768 6777
f 6777 6776 6774
f 7518 7526 6814
f 6814 6779 6776
f 7524 7527 7526
f 7556 7527 7524
f 7561 7564 7528
f 6815 6779 6814
f 7527 7528 6815
f 6815 6813 6779
f 7528 6826 6819
f 7564 6826 7528
f 7560 7556 7557
f 7562 7561 7560
f 7561 7556 7560
f 7562 7568 7565
f 7567 7565 7566
f 7564 7565 7567
f 6816 6813 6819
f 6818 6816 6819
f 6824 6826 6827
f 6827 6825 6824
f 7572 7566 7569
f 7574 7573 7572
f 7573 7566 7572
f 7573 7577 7576
f 7577 7579 7580
f 7567 7576 6827
f 7577 6831 7576
f 6828 6825 6831
f 6831 6830 6828
f 7580 6839 7577
f 7626 7634 7633
f 7631 7626 7633
f 7633 7634 7635
f 7633 6879 7631
f 6893 6879 7633
f 7635 6893 7633
f 6888 6896 6886
f 7640 7652 7647
f 7645 7640 7647
f 7654 7649 7648
f 7654 7648 7660
f 7647 7652 7653
f 6894 6886 6897
f 6897 6886 6896
f 6909 6897 7647
f 6907 6899 6909
f 6907 6909 6910
f 7665 7531 7530
f 7530 7531 7541
f 7530 7669 7665
f 7541 7531 7535
f 6916 6918 6786
f 6786 6918 6919
f 6916 6920 6918
f 6919 6790 6786
f 7671 7670 7662
f 7661 7648 7649
f 7648 7662 7660
f 7662 7648 7661
f 7667 7666 7665
f 7670 7671 7672
f 7672 7671 7669
f 6911 6908 6913
f 6913 6908 6912
f 6921 6913 7670
f 6921 7670 7672
f 6920 6921 7672
f 7672 7669 6920
f 7537 7535 7536
f 7533 7535 7537
f 7534 7533 7537
f 6792 6788 6791
f 7540 6919 7541
f 6791 6790 6792
f 7581 7579 7574
f 7581 7582 7579
f 7591 7582 7586
f 7581 7583 7582
f 6836 6830 6839
f 6839 6838 6836
f 7580 7591 6922
f 6922 6842 6838
f 7586 7592 7591
f 7588 7586 7587
f 7593 7588 7596
f 7594 7592 7593
f 7595 7597 7604
f 7595 7594 7593
f 7604 7597 7600
f 7596 7598 7597
f 6849 6843 6924
f 6923 6842 6922
f 7592 7594 6923
f 6923 7594 6924
f 6851 6925 6926
f 7594 6925 6924
f 6926 6853 6851
f 6925 7594 7595
f 7600 7605 7604
f 7602 7600 7601
f 7606 7602 7609
f 7607 7605 7606
f 7608 7610 7617
f 7608 7607 7606
f 7617 7610 7613
f 7609 7611 7610
f 6860 6854 6928
f 6927 6853 6926
f 7605 7607 6927
f 6927 7607 6928
f 6862 6929 6930
f 7607 6929 6928
f 6930 6865 6862
f 6929 7607 7608
f 7613 7618 7617
f 7615 7613 7614
f 7619 7615 7622
f 7620 7618 7619
f 7621 7623 7632
f 7621 7620 7619
f 7632 7623 7627
f 7622 7624 7623
f 6872 6866 6932
f 6931 6865 6930
f 7618 7620 6931
f 6931 7620 6932
f 6874 6933 6934
f 7620 6933 6932
f 6934 6877 6874
f 6933 7620 7621
f 7629 7627 7628
f 7626 7627 7629
f 7636 7637 7634
f 7646 7637 7641
f 7636 7638 7637
f 7631 6934 7632
f 6878 6877 6879
f 6893 6892 6890
f 7635 7646 6935
f 7643 7641 7642
f 7640 7641 7643
f 7654 7656 7657
f 7655 7656 7652
f 7655 7657 7656
f 7645 6896 6935
f 7645 6935 7646
f 7653 6936 6910
f 7653 7664 6936
f 6936 6912 6910
f 7663 7664 7660
f 7663 6912 6936
f 7663 6936 7664
f 7016 7027 7021
f 6959 7033 7031
f 7034 7033 6959
f 7033 7036 7031
f 7037 7033 7034
f 6962 7034 6959
f 7037 7036 7033
f 7694 7702 7700
f 7701 7693 7698
f 7700 7702 7704
f 7704 7708 7700
f 7705 7704 7706
f 7701 7703 7702
f 7028 7016 7026
f 7027 7016 7028
f 7038 7701 7028
f 7701 7038 7703
f 7703 7038 7036
f 7716 7707 7679
f 7679 7718 7716
f 6963 6969 7039
f 6962 7035 7034
f 7034 7035 7037
f 7035 7039 7679
f 7041 7040 6971
f 7679 7039 7040
f 7043 7040 7041
f 6974 7041 6971
f 7709 7705 7713
f 7717 7713 7716
f 7706 7707 7705
f 7719 7723 7717
f 7720 7719 7721
f 7719 7718 7721
f 7037 7707 7706
f 7721 7718 7043
f 7729 7722 7680
f 7680 7731 7729
f 6975 6981 7044
f 6974 7042 7041
f 7041 7042 7043
f 7042 7044 7680
f 7046 7045 6983
f 7680 7044 7045
f 7048 7045 7046
f 6986 7046 6983
f 7724 7720 7727
f 7730 7727 7729
f 7721 7722 7720
f 7732 7736 7730
f 7733 7732 7734
f 7732 7731 7734
f 7043 7722 7721
f 7734 7731 7048
f 7742 7735 7681
f 7746 7683 7684
f 7682 7683 7743
f 7685 7683 7682
f 7684 7683 7685
f 7683 7746 7743
f 6987 6993 7049
f 6986 7047 7046
f 7046 7047 7048
f 7047 7049 7681
f 7051 7050 6995
f 7681 7049 7050
f 6997 7051 6995
f 7050 7682 7681
f 7737 7733 7741
f 7744 7741 7742
f 7734 7735 7733
f 7742 7743 7744
f 7749 7748 7746
f 7048 7735 7734
f 7685 7686 7684
f 7746 7684 7747
f 7684 7686 7747
f 7687 7756 7754
f 6998 7004 7054
f 6997 7052 7051
f 7687 7686 7052
f 7052 7054 7687
f 7053 7054 7004
f 7687 7059 7756
f 7755 7752 7754
f 7754 7752 7747
f 7757 7761 7755
f 7758 7757 7759
f 7757 7756 7759
f 7057 7059 7053
f 7059 7057 7060
f 7058 7060 7057
f 7767 7760 7688
f 7688 7769 7767
f 7688 7760 7061
f 7688 7061 7065
f 7065 7073 7688
f 7688 7073 7769
f 7762 7758 7765
f 7768 7765 7767
f 7759 7760 7758
f 7770 7772 7768
f 7773 7772 7770
f 7770 7769 7771
f 7060 7058 7061
f 7062 7064 7065
f 7073 7071 7074
f 7072 7074 7071
f 7782 7783 7777
f 7771 7781 7776
f 7784 7783 7782
f 7781 7771 7074
f 7782 7781 7076
f 7076 7072 7075
f 7084 7782 7076
f 7082 7084 7078
f 7085 7084 7082
f 7083 7085 7082
f 7795 7799 7792
f 7800 7796 7791
f 7800 7791 7793
f 7796 7117 7791
f 7791 7117 7108
f 7793 7791 7108
f 7806 7794 7689
f 7690 7691 7807
f 7699 7691 7690
f 7695 7691 7699
f 7011 7023 7118
f 7689 7794 7109
f 7118 7107 7011
f 7120 7119 7025
f 7689 7118 7119
f 7119 7690 7689
f 7795 7792 7803
f 7809 7803 7806
f 7793 7794 7792
f 7806 7807 7809
f 7808 7809 7807
f 7109 7106 7107
f 7108 7106 7109
f 7696 7695 7697
f 7695 7693 7697
f 7693 7694 7697
f 7698 7120 7027
f 7698 7699 7120
f 7773 7778 7779
f 7778 7773 7776
f 7777 7778 7776
f 7779 7778 7780
f 7778 7777 7780
f 7823 7786 7787
f 7783 7786 7785
f 7787 7786 7788
f 7784 7085 7121
f 7788 7784 7121
f 7823 7825 7821
f 7826 7825 7823
f 7788 7789 7787
f 7823 7787 7824
f 7787 7789 7824
f 7790 7833 7831
f 7090 7096 7125
f 7089 7122 7121
f 7790 7789 7122
f 7122 7125 7790
f 7124 7125 7096
f 7790 7132 7833
f 7832 7829 7831
f 7831 7829 7824
f 7834 7836 7832
f 7837 7836 7834
f 7834 7833 7835
f 7130 7132 7124
f 7132 7130 7133
f 7131 7133 7130
f 7835 7843 7840
f 7844 7840 7843
f 7843 7835 7133
f 7137 7131 7134
f 7137 7136 7138
f 7134 7136 7137
f 7851 7855 7848
f 7856 7852 7847
f 7856 7847 7849
f 7852 7165 7847
f 7847 7165 7156
f 7849 7847 7156
f 7862 7850 7797
f 7802 7801 7799
f 7798 7801 7863
f 7799 7801 7800
f 7098 7114 7166
f 7797 7850 7157
f 7166 7155 7098
f 7797 7166 7167
f 7796 7798 7167
f 7117 7116 7112
f 7167 7798 7797
f 7851 7848 7859
f 7865 7859 7862
f 7849 7850 7848
f 7862 7863 7865
f 7864 7865 7863
f 7157 7154 7155
f 7156 7154 7157
f 7837 7841 7842
f 7841 7837 7840
f 7841 7845 7870
f 7846 7879 7876
f 7844 7138 7168
f 7844 7168 7845
f 7846 7845 7168
f 7168 7138 7171
f 7168 7171 7846
f 7170 7171 7144
f 7846 7178 7879
f 7870 7875 7871
f 7877 7875 7876
f 7876 7875 7870
f 7880 7882 7877
f 7884 7882 7880
f 7880 7879 7881
f 7176 7178 7170
f 7178 7176 7179
f 7177 7179 7176
f 7892 7893 7887
f 7881 7891 7886
f 7894 7893 7892
f 7891 7881 7179
f 7892 7891 7183
f 7183 7177 7180
f 7180 7182 7183
f 7892 7190 7894
f 7196 7206 7202
f 7911 7897 7853
f 7858 7857 7855
f 7854 7857 7912
f 7855 7857 7856
f 7146 7162 7207
f 7853 7897 7198
f 7207 7197 7146
f 7853 7207 7208
f 7852 7854 7208
f 7165 7164 7160
f 7208 7854 7853
f 7903 7902 7901
f 7908 7897 7901
f 7901 7897 7911
f 7911 7912 7914
f 7913 7914 7912
f 7198 7897 7908
f 7909 7206 7908
f 7198 7196 7197
f 7884 7888 7889
f 7888 7884 7886
f 7887 7888 7886
f 7889 7888 7890
f 7888 7887 7890
f 7895 7893 7894
f 7895 7924 7921
f 7922 7896 7921
f 7190 7182 7189
f 7190 7215 7894
f 7210 7216 7215
f 7215 7895 7894
f 7924 7926 7921
f 7930 7927 7926
f 7930 7926 7931
f 7929 7931 7925
f 7929 7925 7220
f 7214 7216 7210
f 7925 7924 7216
f 7218 7220 7214
f 7898 7899 7941
f 7910 7899 7898
f 7941 7944 7898
f 7904 7899 7910
f 7205 7237 7235
f 7238 7237 7205
f 7237 7239 7235
f 7938 7946 7943
f 7945 7937 7940
f 7942 7943 7941
f 7945 7947 7946
f 7944 7946 7947
f 7940 7230 7945
f 7241 7228 7236
f 7945 7241 7947
f 7947 7241 7239
f 7239 7944 7947
f 7905 7904 7906
f 7904 7902 7906
f 7902 7903 7906
f 7909 7238 7206
f 7909 7910 7238
f 7931 7929 7935
f 7955 7932 7956
f 7929 7220 7245
f 7935 7929 7245
f 7956 7960 7955
f 7964 7957 7965
f 7935 7936 7934
f 7956 7934 7958
f 7934 7936 7958
f 7936 7959 7958
f 7222 7246 7245
f 7222 7244 7246
f 7244 7247 7246
f 7958 7957 7956
f 7958 7959 7957
f 7970 7965 7969
f 7969 7959 7247
f 7247 7253 7969
f 7253 7251 7254
f 7248 7251 7253
f 7262 7270 7266
f 7937 7952 7940
f 7972 7939 7974
f 7937 7938 7939
f 7972 7973 7952
f 7229 7228 7230
f 7264 7230 7940
f 7952 7264 7940
f 7264 7265 7263
f 7979 7978 7977
f 7976 7972 7974
f 7979 7977 7976
f 7983 7973 7977
f 7265 7973 7983
f 7984 7270 7983
f 7265 7262 7263
f 7964 7966 7967
f 7966 7964 7965
f 7966 7971 7988
f 7971 7989 7988
f 7254 7251 7252
f 7970 7254 7276
f 7970 7276 7971
f 7275 7277 7276
f 7988 7993 7990
f 7994 7995 7993
f 7994 7989 7999
f 8000 7994 7999
f 8002 8001 8000
f 7999 7989 7277
f 8000 7999 7280
f 7277 7280 7999
f 7278 7279 7280
f 8000 7289 8002
f 7266 7270 7269
f 8008 8012 8005
f 8005 8012 8013
f 7295 7305 7301
f 7978 7987 7984
f 8006 7980 8009
f 7978 7979 7980
f 8006 8007 7987
f 7987 7297 7984
f 7297 7296 7269
f 7297 7298 7296
f 8005 8007 8006
f 8018 8017 8013
f 7298 8007 8017
f 8018 7305 8017
f 7298 7295 7296
f 8020 8021 7996
f 8020 7996 8003
f 8020 8003 8029
f 8001 8004 8003
f 8004 8001 8002
f 7289 7279 7288
f 7289 7313 8002
f 7308 7314 7313
f 7313 8004 8002
f 8031 8033 8025
f 8020 8024 8021
f 8029 8024 8020
f 8030 8031 8029
f 8032 8031 8030
f 7319 7306 7320
f 7309 7306 7319
f 7314 7319 8032
f 8032 8030 7314
f 8014 8012 8015
f 8012 8014 8013
f 7304 7327 7322
f 7328 7327 7304
f 7327 7329 7322
f 7330 7327 7328
f 7330 7329 7327
f 8042 8047 8038
f 8048 8046 8037
f 8048 8037 8039
f 8046 7337 8037
f 7322 7329 7326
f 7333 7326 7337
f 8040 8019 8014
f 8040 8041 8019
f 8018 7328 7305
f 8019 8041 7330
f 8039 8041 8038
f 8038 8041 8040
f 7330 8041 8039
f 8054 8055 8026
f 8054 8026 8035
f 8054 8035 8065
f 8033 8036 8035
f 8036 8033 8034
f 7320 7306 7318
f 7320 7347 8034
f 7342 7348 7347
f 7347 8036 8034
f 8054 8058 8055
f 8065 8058 8054
f 8064 8059 8067
f 8066 8068 8065
f 8067 8068 8069
f 8069 8068 8066
f 8067 7340 8064
f 7343 7338 7354
f 7354 8067 8069
f 7348 7354 8069
f 8069 8066 7348
f 8049 8047 8050
f 8048 8052 8046
f 7336 7361 7356
f 7361 7362 7356
f 7337 7336 7333
f 7363 7362 7361
f 8074 8078 8071
f 8071 8078 8079
f 7356 7362 7360
f 7360 7362 7364
f 7362 7363 7364
f 8049 8053 8052
f 8072 8053 8049
f 8072 8073 8053
f 8053 7363 8052
f 8053 8073 7363
f 8071 8073 8072
f 8084 8083 8079
f 8084 7370 8083
f 7364 8083 7370
f 8095 8089 8086
f 8095 8086 8098
f 8064 8070 8059
f 8087 8090 8061
f 8060 8059 8061
f 8070 8088 8087
f 7340 7338 7339
f 8064 7340 7376
f 8064 7376 8070
f 7375 7377 7376
f 8087 8088 8086
f 8101 8098 8100
f 8100 8088 7377
f 7377 7383 8100
f 7383 7381 7384
f 7378 7381 7383
f 8080 8078 8081
f 8078 8080 8079
f 7366 7370 7369
f 8103 8085 8080
f 8103 8104 8085
f 8085 7391 8084
f 7391 7390 7369
f 7391 7392 7390
f 8111 8110 8109
f 8108 8103 8105
f 8111 8109 8108
f 8113 8104 8109
f 7392 8104 8113
f 7397 7392 8113
f 7398 7396 7397
f 7397 7396 7393
f 8099 8095 8098
f 8120 8096 8122
f 8122 8127 8120
f 8130 8133 8121
f 8133 8124 8121
f 8130 8121 7417
f 8121 7411 7417
f 8124 7411 8121
f 8122 8099 8125
f 8099 8102 8125
f 8102 8126 8125
f 7384 7381 7382
f 8101 7384 7410
f 8101 7410 8102
f 7409 7412 7410
f 8125 8123 8122
f 8123 8126 8124
f 8125 8126 8123
f 7409 7408 7412
f 7412 7408 7411
f 8110 8115 8114
f 8116 8115 8110
f 8117 8115 8116
f 8137 8116 8118
f 8138 8137 8118
f 7422 7398 8114
f 8115 7422 8114
f 8115 8117 7422
f 7422 7425 7398
f 7422 8117 7425
f 7424 7404 7425
f 8139 7430 8117
f 8140 8139 8137
f 8140 8142 8147
f 8139 8140 8141
f 7424 7430 7429
f 7429 7430 7431
f 8141 8148 8152
f 8153 8152 8148
f 8141 8152 7431
f 8153 7437 8152
f 7431 8152 7437
f 8132 8134 8135
f 8169 8134 8131
f 8131 8173 8169
f 8133 8134 8132
f 7446 7452 7416
f 7446 7453 7452
f 7452 8131 8130
f 7417 7414 7416
f 8171 8175 8161
f 8167 8160 8174
f 8171 8170 8169
f 8174 8175 8176
f 8176 8175 8173
f 8174 7443 8167
f 7447 7441 7455
f 7455 8174 8176
f 7453 7455 8176
f 8176 8173 7453
f 8149 8147 8150
f 8147 8149 8148
f 7433 7437 7436
f 8178 8154 8149
f 8182 8185 8155
f 8154 7459 8153
f 8154 8155 7459
f 7459 7458 7436
f 8155 7466 7464
f 8185 7466 8155
f 8181 8178 8179
f 8183 8182 8181
f 8182 8178 8181
f 8183 8188 8187
f 8187 8188 8192
f 8193 8187 8192
f 8193 8191 8186
f 7460 7458 7464
f 7473 7462 7472
f 7464 7466 7472
f 8186 7472 7466
f 7466 8185 8186
f 8211 8205 8204
f 8211 8204 8216
f 8221 8158 8157
f 8157 8158 8168
f 8157 8225 8221
f 8168 8158 8162
f 7492 8157 8168
f 7492 8225 8157
f 8227 8226 8218
f 8217 8204 8205
f 8204 8218 8216
f 8218 8204 8217
f 8223 8222 8221
f 8226 8227 8228
f 8228 8227 8225
f 8226 7479 8219
f 7480 7476 7500
f 7500 8226 8228
f 7488 7480 7500
f 7493 7489 7488
f 8164 8162 8163
f 8160 8162 8164
f 8161 8160 8164
f 7443 7441 7442
f 8167 7443 7491
f 7494 7492 7491
f 7490 7494 7491
f 7492 7494 7493
f 7490 7489 7494
f 7494 7489 7493
f 8194 8192 8195
f 8193 8198 8191
f 7470 7462 7473
f 7473 7471 7470
f 8191 8198 7508
f 7508 7474 7471
f 8194 8199 8198
f 8196 8194 8195
f 8200 8196 8202
f 8201 8199 8200
f 8232 8200 8202
f 8233 8232 8202
f 7509 7474 7508
f 8199 8201 7509
f 7509 7507 7474
f 8201 7516 7514
f 8235 7516 8201
f 8237 8235 8232
f 8237 8238 8242
f 8243 8237 8242
f 8243 8241 8236
f 7510 7507 7514
f 7523 7512 7522
f 7514 7516 7522
f 8236 7522 7516
f 7516 8235 8236
f 8272 8264 8261
f 8272 8261 8278
f 8262 8265 8203
f 8262 8203 8208
f 8208 8203 8212
f 8211 8213 8214
f 8210 8213 8220
f 8210 8209 8208
f 8212 8214 8213
f 7529 8263 8209
f 7544 7529 8209
f 7542 7554 7475
f 7475 7554 7555
f 7555 7477 7475
f 7554 8209 8210
f 8262 8263 8261
f 8280 8278 8279
f 8279 8263 7529
f 7538 7529 7544
f 7529 7538 8279
f 7538 7534 7539
f 7544 7542 7543
f 8219 8220 8216
f 7479 7476 7478
f 8219 7555 8220
f 7478 7477 7479
f 8244 8242 8245
f 8243 8249 8241
f 7519 7512 7523
f 7523 7521 7519
f 8241 8249 7558
f 7558 7525 7521
f 8244 8250 8249
f 8246 8244 8245
f 8251 8246 8253
f 8252 8250 8251
f 8254 8256 8286
f 8284 8251 8253
f 7559 7525 7558
f 8250 8252 7559
f 7559 7557 7525
f 8252 7570 7563
f 8285 7570 8252
f 8287 8285 8284
f 8286 8287 8284
f 8287 8286 8288
f 8289 8287 8288
f 8285 8287 8289
f 7560 7557 7563
f 7562 7560 7563
f 7568 7570 7571
f 7571 7569 7568
f 8286 8256 8290
f 8299 8298 8294
f 8294 8288 8293
f 8294 8298 8295
f 8301 8299 8296
f 8296 8304 8301
f 8303 8301 8302
f 8298 8299 8300
f 8289 8295 7571
f 8298 7575 8295
f 7572 7569 7575
f 7575 7574 7572
f 8300 7578 7585
f 8303 7578 8300
f 7578 7589 7585
f 8314 8313 8309
f 8308 8302 8305
f 8309 8302 8308
f 8309 8313 8311
f 8315 8314 8312
f 8312 8316 8315
f 8315 8316 8319
f 8320 8315 8319
f 8320 8314 8315
f 8303 8311 7578
f 7578 8311 7589
f 7599 7590 8313
f 8318 7599 8313
f 8322 8332 8330
f 8328 8322 8330
f 8330 8332 8333
f 8330 7603 8328
f 7612 7603 8330
f 8333 7612 8330
f 8339 8349 8347
f 8345 8339 8347
f 8347 8349 8350
f 8347 7616 8345
f 7625 7616 8347
f 8350 7625 8347
f 8356 8370 8364
f 8362 8356 8364
f 8372 8366 8365
f 8372 8365 8378
f 8364 8370 8371
f 8364 7630 8362
f 7639 7630 8364
f 8371 7639 8364
f 8257 8258 8389
f 8383 8257 8389
f 8387 8386 8380
f 8379 8365 8366
f 8365 8380 8378
f 8380 8365 8379
f 8390 8387 8384
f 8390 8389 8391
f 8392 8390 8391
f 8386 8387 8388
f 8386 7644 8381
f 7658 7644 8386
f 8388 7650 7659
f 8392 7650 8388
f 8393 8259 8269
f 8269 8259 8273
f 8272 8274 8275
f 8271 8274 8281
f 8271 8270 8269
f 8273 8275 8274
f 7651 8394 8270
f 7668 7651 8270
f 7666 7673 7532
f 7532 7673 7674
f 7674 7536 7532
f 7673 8270 8271
f 8393 8391 8389
f 8391 8394 8392
f 8393 8394 8391
f 7651 7649 7650
f 7667 7661 7668
f 7668 7666 7667
f 8280 8281 8278
f 7539 7534 7537
f 8280 7674 8281
f 7537 7536 7539
f 7581 7574 7584
f 7584 7583 7581
f 7583 7584 7585
f 8323 8319 8324
f 8320 8329 8318
f 7589 7590 7587
f 7588 7587 7590
f 7599 7598 7596
f 8318 8329 7675
f 7675 7601 7598
f 8325 8323 8324
f 8322 8323 8325
f 8334 8335 8332
f 8346 8335 8340
f 8334 8336 8335
f 8328 7675 8329
f 7602 7601 7603
f 7612 7611 7609
f 8333 8346 7676
f 7676 7614 7611
f 8342 8340 8341
f 8339 8340 8342
f 8351 8352 8349
f 8363 8352 8357
f 8351 8353 8352
f 8345 7676 8346
f 7615 7614 7616
f 7625 7624 7622
f 8350 8363 7677
f 7677 7628 7624
f 8359 8357 8358
f 8356 8357 8359
f 8372 8374 8375
f 8373 8374 8370
f 8373 8375 8374
f 8362 7677 8363
f 7629 7628 7630
f 7639 7638 7636
f 8371 8382 7678
f 7678 7642 7638
f 8381 8382 8378
f 8381 7678 8382
f 7643 7642 7644
f 7658 7657 7655
f 7657 7658 7659
f 7659 7654 7657
f 7711 7694 7710
f 7710 7694 7700
f 7712 7711 7710
f 7708 7710 7700
f 7712 7710 7708
f 8408 8411 8402
f 8408 8402 8406
f 8412 8410 8416
f 8412 8409 8410
f 7715 7709 7713
f 7714 7709 7715
f 7726 8408 7715
f 8408 7726 8409
f 7723 7726 7717
f 8410 8409 7725
f 7724 7725 7723
f 8422 8428 8417
f 8410 8421 8416
f 8427 8429 8424
f 8430 8423 8425
f 8421 8410 7725
f 8422 8421 7728
f 7728 7724 7727
f 7740 8422 7728
f 8422 7740 8423
f 7736 7740 7730
f 8425 8423 7738
f 7737 7738 7736
f 8438 8426 8397
f 8397 8440 8438
f 8397 8426 7739
f 8397 7739 7745
f 7745 7750 8397
f 8397 7750 8440
f 8427 8424 8434
f 8439 8434 8438
f 8425 8426 8424
f 8441 8443 8439
f 8444 8443 8441
f 8441 8440 8442
f 7738 7737 7739
f 7741 7744 7745
f 7750 7748 7751
f 7749 7751 7748
f 8454 8457 8449
f 8442 8453 8448
f 8458 8456 8462
f 8458 8455 8456
f 8453 8442 7751
f 8454 8453 7753
f 7753 7749 7752
f 7764 8454 7753
f 8454 7764 8455
f 7761 7764 7755
f 8456 8455 7763
f 7762 7763 7761
f 8468 8469 8463
f 8456 8467 8462
f 8470 8469 8468
f 8467 8456 7763
f 8468 8467 7766
f 7766 7762 7765
f 7774 8468 7766
f 7772 7774 7768
f 7775 7774 7772
f 7773 7775 7772
f 7795 7804 7799
f 7692 7810 7808
f 7811 7810 7692
f 7810 7813 7808
f 7814 7810 7811
f 7696 7811 7692
f 7814 7813 7810
f 8480 8488 8486
f 8487 8479 8484
f 8486 8488 8490
f 8490 8494 8486
f 8491 8490 8492
f 8487 8489 8488
f 7805 7795 7803
f 7804 7795 7805
f 7815 8487 7805
f 8487 7815 8489
f 8489 7815 7813
f 8500 8493 8398
f 8399 8400 8501
f 8407 8400 8399
f 8403 8400 8407
f 7696 7812 7811
f 7811 7812 7814
f 7812 7816 8398
f 7711 7817 7816
f 8398 7816 7817
f 7712 7714 7818
f 7817 8399 8398
f 8495 8491 8499
f 8503 8499 8500
f 8492 8493 8491
f 8500 8501 8503
f 8502 8503 8501
f 7814 8493 8492
f 8404 8403 8405
f 8403 8402 8405
f 8411 8414 8413
f 8412 8414 8411
f 8414 8415 8413
f 8406 7818 7714
f 8406 8407 7818
f 8417 8418 8416
f 8419 8418 8420
f 8418 8417 8420
f 8433 8432 8429
f 8428 8432 8431
f 8430 8432 8428
f 8429 8432 8430
f 8432 8433 8431
f 8444 8450 8451
f 8450 8444 8448
f 8449 8450 8448
f 8451 8450 8452
f 8450 8449 8452
f 8457 8460 8459
f 8458 8460 8457
f 8460 8461 8459
f 8463 8464 8462
f 8465 8464 8466
f 8464 8463 8466
f 8533 8472 8473
f 8469 8472 8471
f 8473 8472 8474
f 8470 7775 7819
f 8474 8470 7819
f 8533 8535 8530
f 8536 8535 8533
f 8474 8475 8473
f 8533 8473 8534
f 8473 8475 8534
f 8476 8544 8542
f 7780 7785 7822
f 7779 7820 7819
f 8476 8475 7820
f 7820 7822 8476
f 7821 7822 7785
f 8476 7827 8544
f 8543 8539 8542
f 8542 8539 8534
f 8545 8547 8543
f 8548 8547 8545
f 8545 8544 8546
f 7825 7827 7821
f 7827 7825 7828
f 7826 7828 7825
f 8557 8558 8552
f 8546 8556 8551
f 8559 8558 8557
f 8556 8546 7828
f 8557 8556 7830
f 7830 7826 7829
f 7838 8557 7830
f 7836 7838 7832
f 7839 7838 7836
f 7837 7839 7836
f 7851 7860 7855
f 8578 8478 8481
f 8477 8478 8572
f 8485 8478 8477
f 8572 8574 8477
f 8481 8478 8485
f 8478 8578 8572
f 7802 7866 7864
f 7867 7866 7802
f 7866 7868 7864
f 8566 8576 8573
f 8575 8565 8570
f 8580 8579 8578
f 8575 8577 8576
f 8574 8576 8577
f 7861 7851 7859
f 7860 7851 7861
f 7869 8575 7861
f 8575 7869 8577
f 8577 7869 7868
f 7868 8574 8577
f 8481 8479 8482
f 8479 8480 8482
f 8484 7867 7804
f 8484 8485 7867
f 8578 8581 8580
f 8548 8553 8554
f 8553 8548 8551
f 8552 8553 8551
f 8554 8553 8555
f 8553 8552 8555
f 8560 8558 8559
f 8560 8593 8590
f 8591 8561 8590
f 8559 7839 7872
f 7874 8593 8560
f 8593 8594 8590
f 8595 8594 8596
f 8594 8593 8596
f 8596 8593 7874
f 8607 8597 8562
f 8562 8608 8607
f 7842 7873 7872
f 7872 7873 7874
f 7842 7871 7873
f 7878 7883 8562
f 8562 7883 8608
f 8609 8611 8603
f 8599 8595 8602
f 8596 8597 8595
f 8608 8609 8607
f 8610 8609 8608
f 7874 8597 8596
f 7875 7878 7871
f 7875 7877 7878
f 8612 8610 7885
f 8610 8608 7883
f 7884 7885 7882
f 8630 8564 8567
f 8563 8564 8624
f 8571 8564 8563
f 8624 8626 8563
f 8567 8564 8571
f 8564 8630 8624
f 7858 7915 7913
f 7916 7915 7858
f 7915 7917 7913
f 8620 8628 8625
f 8627 8619 8623
f 8632 8631 8630
f 8627 8629 8628
f 8626 8628 8629
f 8623 7907 8627
f 7918 7903 7914
f 8627 7918 8629
f 8629 7918 7917
f 7917 8626 8629
f 8567 8565 8568
f 8565 8566 8568
f 8570 7916 7860
f 8570 8571 7916
f 8630 8633 8632
f 8603 8611 8613
f 8643 8614 8615
f 8611 8614 8613
f 8615 8614 8616
f 8612 7885 7919
f 8616 8612 7919
f 8643 8645 8641
f 8646 8645 8643
f 8616 8617 8615
f 8643 8615 8644
f 8615 8617 8644
f 8618 8654 8653
f 7890 7896 7923
f 7889 7920 7919
f 8618 8617 7920
f 7920 7923 8618
f 7922 7923 7896
f 8618 7928 8654
f 8655 8657 8650
f 8653 8649 8644
f 8654 8655 8653
f 8656 8655 8654
f 8658 8656 7933
f 7927 7928 7922
f 8656 8654 7928
f 7930 7933 7927
f 7900 7948 7942
f 7949 7948 7900
f 7948 7950 7942
f 7951 7948 7949
f 7905 7949 7900
f 7951 7950 7948
f 8666 8673 8662
f 8674 8670 8661
f 8674 8661 8663
f 7954 7938 7953
f 7953 7938 7943
f 8661 7953 7950
f 8619 8637 8623
f 8664 8621 8667
f 8619 8620 8621
f 8664 8665 8637
f 7906 7903 7907
f 8637 8665 7951
f 7905 7906 7907
f 8663 8665 8662
f 8662 8665 8664
f 7951 8665 8663
f 8650 8657 8660
f 8659 8657 8658
f 8659 8682 8679
f 8680 8660 8679
f 7955 7961 7932
f 7955 7962 7961
f 7961 8659 8658
f 7933 7930 7932
f 8682 8683 8679
f 8687 8685 8683
f 8683 8682 8684
f 7960 7962 7955
f 7962 7960 7963
f 8684 8692 8690
f 8693 8690 8692
f 8692 8684 7963
f 7968 8693 8692
f 7963 7968 8692
f 8701 8695 8671
f 8676 8675 8673
f 8672 8675 8702
f 8673 8675 8674
f 8671 8695 7975
f 7985 7974 7939
f 7954 7986 7985
f 8670 7986 7954
f 8671 7985 7986
f 8670 8672 7986
f 7986 8672 8671
f 8698 8697 8696
f 8699 8695 8696
f 8696 8695 8701
f 8701 8702 8704
f 8703 8704 8702
f 7975 8695 8699
f 7981 7975 8699
f 7982 7979 7981
f 7981 7979 7976
f 8691 8687 8690
f 8713 8688 8714
f 7967 7968 7964
f 8714 8718 8713
f 8721 8715 8724
f 8714 8691 8716
f 8691 8694 8716
f 8694 8717 8716
f 8693 7991 8694
f 7967 7990 7991
f 7990 7992 7991
f 8716 8715 8714
f 8716 8717 8715
f 8727 8724 8726
f 8726 8717 7992
f 7992 7997 8726
f 7997 7995 7998
f 7993 7995 7997
f 8008 8016 8012
f 8697 8708 8700
f 8709 8708 8697
f 8736 8709 8710
f 8735 8709 8736
f 8737 8736 8710
f 7980 7979 7982
f 8010 7982 8700
f 8708 8010 8700
f 8010 8011 8009
f 8732 8731 8730
f 8733 8729 8730
f 8730 8729 8735
f 8735 8736 8738
f 8737 8738 8736
f 8011 8729 8733
f 8734 8016 8733
f 8011 8008 8009
f 8725 8721 8724
f 8746 8722 8747
f 8747 8751 8746
f 8754 8748 8757
f 8747 8725 8749
f 8725 8728 8749
f 8728 8750 8749
f 7998 7995 7996
f 8727 7998 8022
f 8727 8022 8728
f 8021 8023 8022
f 8749 8748 8747
f 8749 8750 8748
f 8760 8757 8759
f 8759 8750 8023
f 8023 8027 8759
f 8027 8025 8028
f 8024 8025 8027
f 8012 8016 8015
f 8042 8051 8047
f 8731 8741 8734
f 8742 8741 8731
f 8770 8742 8743
f 8769 8742 8770
f 8771 8770 8743
f 8741 8044 8734
f 8044 8043 8015
f 8044 8045 8043
f 8765 8764 8763
f 8767 8762 8763
f 8763 8762 8769
f 8769 8770 8772
f 8771 8772 8770
f 8045 8762 8767
f 8768 8051 8767
f 8045 8042 8043
f 8758 8754 8757
f 8778 8755 8779
f 8779 8783 8778
f 8787 8780 8791
f 8779 8758 8781
f 8758 8761 8781
f 8761 8782 8781
f 8028 8025 8026
f 8760 8028 8056
f 8760 8056 8761
f 8055 8057 8056
f 8781 8780 8779
f 8781 8782 8780
f 8793 8791 8792
f 8792 8782 8057
f 8057 8062 8792
f 8062 8060 8063
f 8058 8060 8062
f 8047 8051 8050
f 8074 8082 8078
f 8764 8775 8768
f 8795 8766 8797
f 8764 8765 8766
f 8795 8796 8775
f 8775 8076 8768
f 8076 8075 8050
f 8076 8077 8075
f 8801 8800 8799
f 8798 8795 8797
f 8801 8799 8798
f 8803 8796 8799
f 8077 8796 8803
f 8804 8082 8803
f 8077 8074 8075
f 8787 8788 8789
f 8816 8788 8786
f 8786 8788 8794
f 8786 8820 8816
f 8092 8786 8794
f 8092 8820 8786
f 8821 8824 8813
f 8818 8821 8813
f 8818 8817 8816
f 8822 8821 8820
f 8825 8822 8097
f 8822 8093 8097
f 8793 8794 8791
f 8063 8060 8061
f 8793 8063 8091
f 8094 8092 8091
f 8090 8094 8091
f 8092 8094 8093
f 8090 8089 8094
f 8094 8089 8093
f 8078 8082 8081
f 8800 8809 8804
f 8828 8802 8830
f 8800 8801 8802
f 8828 8829 8809
f 8809 8106 8804
f 8106 8105 8081
f 8106 8107 8105
f 8831 8828 8830
f 8833 8832 8831
f 8834 8829 8832
f 8832 8837 8834
f 8837 8840 8841
f 8107 8829 8834
f 8837 8112 8834
f 8112 8107 8834
f 8112 8111 8108
f 8841 8119 8837
f 8813 8824 8827
f 8826 8824 8825
f 8826 8868 8863
f 8864 8827 8863
f 8120 8128 8096
f 8120 8129 8128
f 8128 8826 8825
f 8097 8095 8096
f 8869 8871 8857
f 8865 8869 8857
f 8865 8864 8863
f 8870 8869 8868
f 8872 8870 8136
f 8127 8129 8120
f 8870 8868 8129
f 8132 8136 8127
f 8842 8840 8833
f 8842 8843 8840
f 8849 8843 8847
f 8842 8844 8843
f 8118 8111 8119
f 8841 8143 8119
f 8143 8144 8138
f 8145 8144 8143
f 8138 8144 8142
f 8142 8144 8146
f 8144 8145 8146
f 8847 8850 8849
f 8876 8850 8847
f 8876 8877 8850
f 8850 8145 8849
f 8850 8877 8145
f 8885 8884 8883
f 8882 8876 8878
f 8885 8883 8882
f 8887 8877 8883
f 8888 8151 8887
f 8146 8887 8151
f 8855 8858 8902
f 8900 8855 8902
f 8902 8906 8900
f 8911 8903 8918
f 8904 8859 8873
f 8871 8875 8873
f 8875 8871 8872
f 8875 8874 8873
f 8156 8905 8874
f 8172 8156 8874
f 8170 8177 8135
f 8177 8875 8872
f 8136 8132 8135
f 8177 8874 8875
f 8904 8903 8902
f 8904 8905 8903
f 8920 8918 8919
f 8919 8905 8156
f 8165 8156 8172
f 8156 8165 8919
f 8165 8161 8166
f 8172 8170 8171
f 8147 8151 8150
f 8884 8889 8888
f 8890 8889 8884
f 8891 8889 8890
f 8922 8890 8892
f 8923 8922 8892
f 8889 8180 8888
f 8889 8891 8180
f 8180 8179 8150
f 8891 8189 8184
f 8924 8189 8891
f 8925 8924 8922
f 8925 8927 8932
f 8924 8925 8926
f 8181 8179 8184
f 8183 8181 8184
f 8188 8189 8190
f 8926 8933 8939
f 8940 8939 8933
f 8926 8939 8190
f 8940 8197 8939
f 8190 8939 8197
f 8895 8896 8962
f 8957 8895 8962
f 8960 8970 8950
f 8958 8960 8950
f 8963 8960 8958
f 8963 8962 8964
f 8965 8963 8964
f 8971 8961 8215
f 8961 8206 8215
f 8965 8206 8961
f 8966 8897 8908
f 8908 8897 8912
f 8911 8913 8914
f 8910 8913 8921
f 8910 8909 8908
f 8912 8914 8913
f 8207 8967 8909
f 8224 8207 8909
f 8222 8229 8159
f 8159 8229 8230
f 8230 8163 8159
f 8229 8909 8910
f 8966 8964 8962
f 8964 8967 8965
f 8966 8967 8964
f 8207 8205 8206
f 8223 8217 8224
f 8224 8222 8223
f 8920 8921 8918
f 8166 8161 8164
f 8920 8230 8921
f 8164 8163 8166
f 8934 8932 8935
f 8932 8934 8933
f 8192 8197 8195
f 8936 8934 8935
f 8942 8936 8944
f 8943 8941 8942
f 8976 8942 8944
f 8977 8976 8944
f 8202 8196 8234
f 8941 8231 8940
f 8941 8943 8231
f 8231 8943 8234
f 8233 8202 8234
f 8978 8239 8943
f 8979 8978 8976
f 8981 8979 8980
f 8978 8979 8981
f 8233 8239 8238
f 8238 8239 8240
f 8989 8980 8983
f 8991 8990 8989
f 8990 8980 8989
f 8990 8994 8992
f 8994 8997 8998
f 8981 8992 8240
f 8240 8992 8247
f 8255 8248 8994
f 8998 8255 8994
f 9033 9040 9026
f 9032 9033 9026
f 9034 9033 9032
f 9032 9036 9034
f 9045 9040 9033
f 9045 9033 9034
f 9052 8948 8947
f 8947 8948 8956
f 8947 9056 9052
f 8956 8948 8951
f 8266 8947 8956
f 8266 9056 8947
f 9058 9057 9049
f 9048 9035 9037
f 9035 9049 9047
f 9049 9035 9048
f 9054 9053 9052
f 9057 9058 9059
f 9059 9058 9056
f 9057 8260 9050
f 8276 8260 9057
f 9059 8267 8277
f 8951 8972 8956
f 8953 8951 8952
f 8974 8972 8973
f 8970 8975 8973
f 8975 8970 8971
f 8975 8974 8973
f 8212 8203 8282
f 8972 8266 8956
f 8203 8265 8282
f 8974 8283 8282
f 8283 8975 8971
f 8215 8211 8214
f 8283 8974 8975
f 8266 8268 8267
f 8265 8264 8268
f 8268 8264 8267
f 8242 8247 8245
f 8999 8997 8991
f 8999 9000 8997
f 9010 9000 9005
f 8999 9001 9000
f 8247 8248 8245
f 8246 8245 8248
f 8255 8254 8253
f 8998 9010 8291
f 8291 8256 8254
f 9005 9011 9010
f 9007 9005 9006
f 9012 9007 9014
f 9013 9011 9012
f 9015 9017 9064
f 9062 9012 9014
f 8292 8256 8291
f 9011 9013 8292
f 8292 8290 8256
f 9013 8306 8297
f 9063 8306 9013
f 9065 9063 9062
f 9064 9065 9062
f 9065 9064 9066
f 9067 9065 9066
f 9063 9065 9067
f 8293 8290 8297
f 8296 8293 8297
f 8304 8306 8307
f 8307 8305 8304
f 9064 9017 9068
f 9077 9076 9072
f 9072 9066 9071
f 9072 9076 9073
f 9079 9077 9074
f 9074 9082 9079
f 9081 9079 9080
f 9076 9077 9078
f 9067 9073 8307
f 9076 8310 9073
f 8308 8305 8310
f 8321 8310 9076
f 8321 9076 9078
f 8316 8312 8321
f 9081 8317 9078
f 9094 9093 9089
f 9088 9080 9083
f 9089 9080 9088
f 9089 9093 9090
f 9096 9094 9091
f 9091 9099 9096
f 9098 9096 9097
f 9093 9094 9095
f 9081 9090 8317
f 8317 9090 8326
f 8337 8327 9093
f 9095 8331 8338
f 9098 8331 9095
f 8331 8343 8338
f 9111 9110 9106
f 9105 9097 9100
f 9106 9097 9105
f 9106 9110 9107
f 9113 9111 9108
f 9108 9117 9113
f 9115 9113 9114
f 9110 9111 9112
f 9098 9107 8331
f 8331 9107 8343
f 8354 8344 9110
f 9112 8348 8355
f 9115 8348 9112
f 8348 8360 8355
f 9116 9119 9018
f 9116 9018 9020
f 9020 9018 9022
f 9116 9020 9127
f 9021 9023 9031
f 9031 9023 9027
f 9022 9024 9023
f 8367 9021 9031
f 8367 9128 9021
f 9130 9129 9125
f 9127 9130 9125
f 9125 9129 9126
f 9128 9130 9127
f 9129 9130 9131
f 9131 9130 9128
f 9115 9126 8348
f 8348 9126 8360
f 8376 8361 9129
f 9131 8368 8377
f 9027 9041 9031
f 9029 9027 9028
f 9043 9041 9042
f 9040 9044 9042
f 9044 9043 9042
f 9051 9045 9047
f 9041 8367 9031
f 8385 8369 9043
f 8383 8395 8257
f 8257 8395 8396
f 8396 8258 8257
f 8395 9043 9044
f 8367 8369 8368
f 8369 8366 8368
f 8384 8379 8385
f 8385 8383 8384
f 9050 9051 9047
f 9050 8396 9051
f 8259 8258 8260
f 8276 8275 8273
f 8275 8276 8277
f 8277 8272 8275
f 8319 8326 8324
f 8326 8327 8324
f 8325 8324 8327
f 8337 8336 8334
f 8336 8337 8338
f 8343 8344 8341
f 8342 8341 8344
f 8354 8353 8351
f 8353 8354 8355
f 8360 8361 8358
f 8359 8358 8361
f 8376 8375 8373
f 8375 8376 8377
f 8377 8372 8375
f 8427 8435 8429
f 8436 8437 8435
f 8436 8427 8434
f 8435 8427 8436
f 8447 8446 8445
f 8443 8445 8439
f 8447 8445 8443
f 8444 8447 8443
f 9145 9151 9143
f 9145 9143 9144
f 9150 9154 9147
f 9155 9146 9148
f 9144 8483 9145
f 8498 8480 8486
f 9145 8498 9146
f 8494 8498 8486
f 9148 9146 8496
f 8495 8496 8494
f 9162 9149 9133
f 9133 9164 9162
f 9133 9149 8497
f 9133 8497 8504
f 8401 8505 8502
f 8506 8505 8401
f 8508 8505 8506
f 8404 8506 8401
f 9150 9147 9158
f 9163 9158 9162
f 9148 9149 9147
f 9165 9169 9163
f 9166 9165 9167
f 9165 9164 9167
f 8496 8495 8497
f 8499 8503 8504
f 8502 8504 8503
f 9167 9164 8508
f 9178 9168 9134
f 9134 9180 9178
f 8405 8413 8509
f 8404 8507 8506
f 8506 8507 8508
f 8507 8509 9134
f 8511 8510 8415
f 9134 8509 8510
f 8513 8510 8511
f 8419 8511 8415
f 9170 9166 9174
f 9179 9174 9178
f 9167 9168 9166
f 9181 9185 9179
f 9182 9181 9183
f 9181 9180 9183
f 8508 9168 9167
f 9183 9180 8513
f 9193 9184 9135
f 9135 9195 9193
f 8420 8431 8514
f 8419 8512 8511
f 8511 8512 8513
f 8512 8514 9135
f 8516 8515 8433
f 9135 8514 8515
f 8518 8515 8516
f 9186 9182 9190
f 9194 9190 9193
f 9183 9184 9182
f 9196 9200 9194
f 9197 9196 9198
f 9196 9195 9198
f 8513 9184 9183
f 9198 9195 8518
f 9207 9199 9136
f 9210 9138 9139
f 9137 9138 9208
f 9140 9138 9137
f 9139 9138 9140
f 9138 9210 9208
f 8446 8519 8437
f 8516 8517 8518
f 8517 8437 8519
f 8517 8519 9136
f 8446 8520 8519
f 9136 8519 8520
f 8520 9137 9136
f 9201 9197 9204
f 9209 9204 9207
f 9198 9199 9197
f 9207 9208 9209
f 9213 9212 9210
f 8518 9199 9198
f 9140 9141 9139
f 9210 9139 9211
f 9139 9141 9211
f 9142 9222 9220
f 8452 8459 8523
f 8451 8522 8521
f 9142 9141 8522
f 8522 8523 9142
f 8525 8524 8461
f 9142 8523 8524
f 8527 8524 8525
f 8465 8525 8461
f 9221 9216 9220
f 9220 9216 9211
f 9223 9225 9221
f 9226 9225 9223
f 9223 9222 9224
f 9224 9222 8527
f 8466 8471 8531
f 8465 8526 8525
f 8525 8526 8527
f 8528 8527 8526
f 8530 8531 8471
f 8530 8532 8531
f 9236 9237 9231
f 9224 9235 9230
f 9238 9237 9236
f 9236 9235 8529
f 8529 8528 8532
f 8528 8529 9235
f 8537 9236 8529
f 8529 8532 8537
f 8538 8537 8535
f 9245 9246 9241
f 9245 9241 9243
f 9247 9246 9245
f 8541 8536 8539
f 8540 8536 8541
f 8549 9245 8541
f 8547 8549 8543
f 8550 8549 8547
f 8548 8550 8547
f 9253 9259 9251
f 9253 9251 9252
f 9258 9262 9255
f 9263 9254 9256
f 9252 8569 9253
f 8585 8566 8573
f 9253 8585 9254
f 8579 8585 8573
f 9256 9254 8583
f 8580 8583 8579
f 9143 9152 9144
f 9153 9152 9143
f 9143 9151 9153
f 9157 9156 9154
f 9155 9156 9151
f 9270 9153 9271
f 9154 9156 9155
f 8482 8480 8483
f 8582 8483 9144
f 9152 8582 9144
f 8582 8584 8581
f 9258 9255 9265
f 9273 9265 9270
f 9256 9257 9255
f 9270 9271 9273
f 9272 9273 9271
f 8584 8580 8581
f 8583 8580 8584
f 9226 9232 9233
f 9232 9226 9230
f 9231 9232 9230
f 9233 9232 9234
f 9232 9231 9234
f 9303 9240 9242
f 9237 9240 9239
f 9242 9240 9244
f 9238 8538 8586
f 9244 9238 8586
f 8538 8540 8586
f 9303 9305 9300
f 9306 9305 9303
f 9303 9242 9304
f 9241 9246 9248
f 9304 9248 9313
f 9246 9249 9248
f 9249 9246 9247
f 9243 8586 8540
f 9243 9244 8586
f 9247 8550 8587
f 8589 9315 9249
f 9314 9309 9313
f 9313 9309 9304
f 9316 9319 9314
f 9320 9319 9316
f 9316 9315 9317
f 9317 9315 8589
f 9330 9318 9250
f 9250 9331 9330
f 8555 8561 8592
f 8554 8588 8587
f 8587 8588 8589
f 8588 8592 9250
f 8591 8592 8561
f 9250 8600 9331
f 9330 9332 9325
f 9325 9318 9330
f 9325 9326 9324
f 9331 9332 9330
f 9333 9332 9331
f 8589 9318 9317
f 9335 9333 8601
f 8598 8600 8591
f 9333 9331 8600
f 8605 8606 8604
f 8605 8599 8602
f 8604 8599 8605
f 8605 8603 8606
f 8602 8603 8605
f 9344 9350 9342
f 9344 9342 9343
f 9349 9353 9346
f 9354 9345 9347
f 9343 8622 9344
f 8638 8620 8625
f 9344 8638 9345
f 8631 8638 8625
f 9347 9345 8635
f 8632 8635 8631
f 9251 9260 9252
f 9261 9260 9251
f 9251 9259 9261
f 9263 9264 9259
f 9361 9261 9362
f 9262 9264 9263
f 9264 9364 9362
f 8568 8566 8569
f 8634 8569 9252
f 9260 8634 9252
f 8634 8636 8633
f 9349 9346 9357
f 9363 9357 9361
f 9347 9348 9346
f 9361 9362 9363
f 9366 9365 9364
f 8636 8632 8633
f 8635 8632 8636
f 9364 9266 9367
f 9364 9367 9366
f 9320 9327 9328
f 9327 9320 9324
f 9326 9327 9324
f 9328 9327 9329
f 9327 9326 9329
f 9389 9337 9338
f 9334 9337 9336
f 9338 9337 9339
f 9335 8601 8639
f 9339 9335 8639
f 8601 8604 8639
f 9389 9391 9386
f 9392 9391 9389
f 9339 9340 9338
f 9389 9338 9390
f 9338 9340 9390
f 9341 9401 9400
f 9341 9340 8640
f 8640 8606 8642
f 8640 8642 9341
f 8641 8642 8613
f 9341 8647 9401
f 9402 9404 9396
f 9400 9395 9390
f 9401 9402 9400
f 9405 9403 9408
f 9405 9404 9402
f 8645 8647 8641
f 8647 8645 8648
f 8646 8648 8645
f 9403 9410 9408
f 9411 9408 9410
f 9410 9403 8648
f 8651 8646 8649
f 8651 8650 8652
f 8649 8650 8651
f 9416 9418 9414
f 9414 9418 9420
f 8666 8677 8673
f 9342 9351 9343
f 9352 9351 9342
f 9342 9350 9352
f 9356 9355 9353
f 9354 9355 9350
f 9428 9352 9429
f 9353 9355 9354
f 8621 8620 8622
f 8668 8622 9343
f 9351 8668 9343
f 8668 8669 8667
f 9416 9414 9421
f 9431 9421 9428
f 9426 9425 9420
f 9428 9429 9431
f 9430 9431 9429
f 8669 9415 9425
f 9426 8677 9425
f 8669 8666 8667
f 9396 9404 9406
f 9451 9407 9409
f 9404 9407 9406
f 9405 9407 9404
f 9451 9453 9448
f 9454 9453 9451
f 9451 9409 9452
f 9409 9412 9452
f 9413 9467 9466
f 9411 8652 8678
f 9411 8678 9412
f 9413 9412 8678
f 8678 8652 8681
f 8678 8681 9413
f 8680 8681 8660
f 9413 8686 9467
f 9468 9470 9460
f 9466 9459 9452
f 9467 9468 9466
f 9469 9468 9467
f 9471 9469 8689
f 8685 8686 8680
f 9469 9467 8686
f 8687 8689 8685
f 9417 9419 9474
f 9427 9419 9417
f 9474 9475 9417
f 9419 9477 9474
f 8676 8705 8703
f 8706 8705 8676
f 8705 8707 8703
f 9478 9475 9474
f 9477 9478 9474
f 9486 9478 9485
f 9486 9483 9476
f 8712 8698 8711
f 8711 8698 8704
f 9476 8711 8707
f 8707 9475 9476
f 9426 9420 9427
f 9477 9422 9480
f 9426 8706 8677
f 9426 9427 8706
f 9477 9480 9479
f 9455 9461 9493
f 9491 9455 9493
f 9493 9495 9491
f 9496 9495 9493
f 9494 9462 9472
f 9494 9472 9507
f 9470 9473 9472
f 9473 9470 9471
f 8713 8719 8688
f 8713 8720 8719
f 8719 9473 9471
f 8689 8687 8688
f 9509 9511 9501
f 9507 9500 9494
f 9508 9509 9507
f 9510 9509 9508
f 9512 9510 8723
f 8718 8720 8713
f 9510 9508 8720
f 8721 8723 8718
f 9484 9487 9515
f 9515 9516 9484
f 9485 9487 9486
f 9487 9518 9515
f 8710 8698 8712
f 9483 8739 8712
f 8739 8740 8737
f 9483 9484 8739
f 9519 9516 9515
f 9518 9519 9515
f 9527 9519 9526
f 9527 9524 9517
f 8745 8732 8744
f 8744 8732 8738
f 9517 8744 8740
f 8740 9516 9517
f 9518 9488 9521
f 9518 9521 9520
f 9498 9502 9532
f 9531 9498 9532
f 9532 9535 9531
f 9538 9533 9541
f 9534 9503 9513
f 9534 9513 9545
f 9511 9514 9513
f 9514 9511 9512
f 8746 8752 8722
f 8746 8753 8752
f 8752 9514 9512
f 8723 8721 8722
f 9534 9533 9532
f 9545 9547 9542
f 9533 9542 9541
f 9542 9543 9541
f 9546 9547 9545
f 9548 9547 9546
f 9550 9548 8756
f 8751 8753 8746
f 9548 9546 8753
f 8754 8756 8751
f 9525 9528 9553
f 9553 9554 9525
f 9526 9528 9527
f 9528 9556 9553
f 8743 8732 8745
f 9524 8773 8745
f 8773 8774 8771
f 9524 9525 8773
f 9557 9554 9553
f 9556 9557 9553
f 9565 9557 9564
f 9565 9562 9555
f 8777 8765 8776
f 8776 8765 8772
f 9555 8776 8774
f 8774 9554 9555
f 9556 9529 9559
f 9556 9559 9558
f 9544 9538 9541
f 9569 9539 9570
f 9570 9573 9569
f 9576 9571 9579
f 9543 9544 9541
f 9570 9544 9572
f 9543 9549 9551
f 9572 9551 9583
f 9549 9552 9551
f 9552 9549 9550
f 8778 8784 8755
f 8778 8785 8784
f 8784 9552 9550
f 8756 8754 8755
f 9572 9571 9570
f 9583 9585 9580
f 9571 9580 9579
f 9580 9581 9579
f 9584 9585 9583
f 9586 9585 9584
f 9588 9586 8790
f 8783 8785 8778
f 9586 9584 8785
f 8787 8790 8783
f 9563 9566 9592
f 9592 9593 9563
f 9564 9566 9565
f 9566 9595 9592
f 8805 8797 8766
f 8806 8797 8805
f 8777 8807 8805
f 9562 8807 8777
f 9562 9563 8807
f 9596 9593 9592
f 9595 9596 9592
f 9604 9596 9603
f 9604 9601 9594
f 8798 8797 8806
f 8811 8801 8810
f 8806 8808 8810
f 9594 8810 8808
f 8808 9593 9594
f 9595 9567 9598
f 9595 9598 9597
f 9582 9576 9579
f 9613 9577 9615
f 9615 9619 9613
f 9622 9616 9628
f 9581 9582 9579
f 9615 9582 9617
f 9581 9587 9589
f 9587 9591 9589
f 9591 9587 9588
f 9591 9590 9589
f 8812 9618 9590
f 8819 8812 9590
f 8817 8823 8789
f 8823 9591 9588
f 8790 8787 8789
f 8823 9590 9591
f 9617 9616 9615
f 9617 9618 9616
f 9630 9628 9629
f 9629 9618 8812
f 8814 8812 8819
f 8812 8814 9629
f 8814 8813 8815
f 8819 8817 8818
f 9602 9605 9632
f 9632 9633 9602
f 9603 9605 9604
f 9605 9635 9632
f 8835 8830 8802
f 8836 8830 8835
f 8811 8838 8835
f 9601 8838 8811
f 9601 9602 8838
f 9636 9633 9632
f 9635 9636 9632
f 9636 9635 9637
f 9640 9639 9634
f 8831 8830 8836
f 8846 8833 8845
f 8836 8839 8845
f 9634 8845 8839
f 8839 9633 9634
f 9635 9606 9638
f 9645 9644 9643
f 9645 9643 9642
f 9637 9643 9641
f 9643 9637 9642
f 9643 9644 9641
f 9622 9623 9624
f 9668 9623 9621
f 9621 9623 9631
f 9621 9673 9668
f 8852 9621 9631
f 8852 9673 9621
f 9674 9676 9662
f 9670 9674 9662
f 9670 9669 9668
f 9675 9674 9673
f 9677 9675 8856
f 9675 8853 8856
f 8853 8860 8856
f 9630 9631 9628
f 9630 8815 8851
f 8854 8852 8851
f 8851 8815 8866
f 8864 8866 8827
f 8864 8867 8866
f 8852 8854 8853
f 8861 8862 8860
f 8861 8854 8867
f 8861 8857 8862
f 8867 8864 8865
f 9640 9646 9639
f 9646 9640 9641
f 8842 8833 8846
f 8846 8844 8842
f 9639 9646 8879
f 8879 8848 8844
f 9652 9651 9644
f 9685 9652 9653
f 9684 9652 9685
f 9686 9685 9653
f 8880 8848 8879
f 8880 8878 8848
f 8880 8881 8878
f 9688 9687 9682
f 9684 9688 9682
f 9683 9681 9682
f 9682 9681 9684
f 9682 9687 9683
f 9689 9690 9696
f 9697 9689 9696
f 9697 9688 9689
f 8881 9681 9683
f 9687 8886 9683
f 8886 8881 9683
f 8886 8885 8882
f 9695 8893 9687
f 9660 9663 9713
f 9710 9660 9713
f 9712 9720 9706
f 9711 9712 9706
f 9714 9712 9711
f 9714 9713 9715
f 9724 9720 9712
f 9724 9712 9714
f 9716 9664 9678
f 9676 9680 9678
f 9680 9676 9677
f 9680 9679 9678
f 8894 9717 9679
f 8901 8894 9679
f 8900 8907 8855
f 8907 9680 9677
f 8907 9679 9680
f 9716 9715 9713
f 9716 9717 9715
f 9728 9726 9727
f 9727 9717 8894
f 8898 8894 8901
f 8894 8898 9727
f 8898 8901 8915
f 8917 8916 8915
f 8917 8915 8906
f 8911 8917 8906
f 8862 8857 8859
f 8860 8862 8858
f 8859 8858 8862
f 9698 9696 9699
f 9697 9702 9695
f 8892 8885 8893
f 9695 8928 8893
f 8928 8929 8923
f 8930 8929 8928
f 8923 8929 8927
f 8927 8929 8931
f 8929 8930 8931
f 9698 9703 9702
f 9730 9703 9698
f 9730 9731 9703
f 9703 8930 9702
f 9703 9731 8930
f 9733 9730 9732
f 9735 9734 9733
f 9736 9731 9734
f 9734 9739 9736
f 9739 9744 9745
f 8931 9736 8937
f 8945 8938 9739
f 9745 8945 9739
f 9705 9707 9774
f 9770 9705 9774
f 9773 9781 9764
f 9771 9773 9764
f 9775 9773 9771
f 9775 9774 9776
f 9785 9781 9773
f 9785 9773 9775
f 9777 9708 9721
f 9720 9723 9721
f 9723 9722 9721
f 9729 9724 9726
f 8946 9778 9722
f 8959 8946 9722
f 8957 8968 8895
f 8895 8968 8969
f 8969 8896 8895
f 8968 9722 9723
f 9777 9776 9774
f 9777 9778 9776
f 9788 9786 9787
f 9787 9778 8946
f 8954 8946 8959
f 8946 8954 9787
f 8954 8950 8955
f 8959 8957 8958
f 9728 9729 9726
f 9728 8969 9729
f 8897 8896 8899
f 8916 8914 8912
f 8914 8916 8917
f 8917 8911 8914
f 8932 8937 8935
f 9746 9744 9735
f 9746 9747 9744
f 9756 9747 9752
f 9746 9748 9747
f 8937 8938 8935
f 8936 8935 8938
f 9745 8984 8945
f 8984 8985 8977
f 8986 8985 8984
f 8977 8985 8982
f 8982 8985 8987
f 8985 8986 8987
f 8987 8983 8982
f 9752 9757 9756
f 9790 9757 9752
f 9793 9797 9758
f 9757 8986 9756
f 8993 8988 9758
f 9758 8995 8993
f 9797 8995 9758
f 9792 9790 9791
f 9794 9793 9792
f 9793 9790 9792
f 9794 9801 9798
f 9800 9798 9799
f 9797 9798 9800
f 8986 8988 8987
f 8988 8983 8987
f 9003 8991 9002
f 9004 9003 9002
f 8993 8995 9002
f 8996 9008 9004
f 9814 9813 9809
f 9808 9799 9802
f 9809 9799 9808
f 9809 9813 9810
f 9815 9814 9811
f 9811 9817 9815
f 9824 9814 9815
f 9800 9810 8996
f 8996 9810 9008
f 9016 9009 9813
f 9823 9016 9813
f 9829 9828 9827
f 9826 9816 9818
f 9829 9827 9826
f 9816 9827 9825
f 9827 9816 9826
f 9827 9828 9825
f 9842 9833 9832
f 9842 9832 9849
f 9850 9832 9833
f 9832 9851 9849
f 9851 9832 9850
f 9851 9852 9849
f 9857 9856 9854
f 9854 9859 9857
f 9870 9865 9856
f 9870 9856 9857
f 9872 9858 9860
f 9858 9873 9871
f 9873 9858 9872
f 9873 9874 9871
f 9879 9878 9876
f 9876 9881 9879
f 9892 9887 9878
f 9892 9878 9879
f 9901 9900 9895
f 9894 9880 9882
f 9880 9895 9893
f 9895 9880 9894
f 9902 9901 9898
f 9898 9904 9902
f 9911 9901 9902
f 9900 9019 9896
f 9025 9019 9900
f 9910 9025 9900
f 9762 9765 9923
f 9917 9762 9923
f 9921 9920 9914
f 9913 9903 9905
f 9903 9914 9912
f 9914 9903 9913
f 9924 9921 9918
f 9924 9923 9925
f 9926 9924 9925
f 9920 9921 9922
f 9920 9030 9915
f 9032 9026 9046
f 9046 9920 9922
f 9036 9032 9046
f 9926 9038 9922
f 9038 9037 9036
f 9927 9766 9782
f 9781 9784 9782
f 9784 9783 9782
f 9789 9785 9786
f 9039 9928 9783
f 9055 9039 9783
f 9053 9060 8949
f 8949 9060 9061
f 9061 8952 8949
f 9060 9783 9784
f 9927 9925 9923
f 9925 9928 9926
f 9927 9928 9925
f 9039 9037 9038
f 9054 9048 9055
f 9055 9053 9054
f 9788 9789 9786
f 8955 8950 8953
f 9788 9061 9789
f 8953 8952 8955
f 8999 8991 9003
f 9003 9001 8999
f 9001 9003 9004
f 9824 9830 9823
f 9830 9824 9825
f 9008 9009 9006
f 9007 9006 9009
f 9016 9015 9014
f 9823 9830 9069
f 9069 9017 9015
f 9839 9838 9828
f 9840 9838 9839
f 9842 9844 9845
f 9841 9844 9853
f 9841 9840 9839
f 9843 9845 9844
f 9070 9017 9069
f 9838 9840 9070
f 9070 9068 9017
f 9840 9084 9075
f 9085 9841 9853
f 9071 9068 9075
f 9074 9071 9075
f 9082 9084 9086
f 9084 9085 9086
f 9086 9083 9082
f 9867 9866 9852
f 9852 9865 9867
f 9868 9866 9867
f 9865 9869 9867
f 9869 9868 9867
f 9875 9870 9871
f 9866 9085 9853
f 9092 9087 9868
f 9868 9101 9092
f 9102 9869 9875
f 9085 9087 9086
f 9087 9083 9086
f 9091 9088 9092
f 9099 9101 9103
f 9101 9102 9103
f 9103 9100 9099
f 9889 9888 9874
f 9874 9887 9889
f 9890 9888 9889
f 9887 9891 9889
f 9891 9890 9889
f 9897 9892 9893
f 9888 9102 9875
f 9109 9104 9890
f 9890 9121 9109
f 9122 9891 9897
f 9102 9104 9103
f 9104 9100 9103
f 9108 9105 9109
f 9117 9121 9123
f 9121 9122 9123
f 9123 9118 9117
f 9896 9897 9893
f 9911 9916 9910
f 9916 9911 9912
f 9896 9019 9120
f 9124 9122 9120
f 9119 9124 9120
f 9025 9024 9022
f 9910 9916 9132
f 9132 9028 9024
f 9122 9124 9123
f 9119 9118 9124
f 9124 9118 9123
f 9915 9916 9912
f 9030 9026 9029
f 9915 9132 9916
f 9029 9028 9030
f 9150 9159 9154
f 9160 9161 9159
f 9160 9150 9158
f 9159 9150 9160
f 9173 9172 9171
f 9169 9171 9163
f 9173 9171 9169
f 9176 9177 9175
f 9176 9170 9174
f 9175 9170 9176
f 9189 9188 9187
f 9185 9187 9179
f 9189 9187 9185
f 9934 9935 9932
f 9934 9932 9933
f 9936 9935 9934
f 9192 9186 9190
f 9191 9186 9192
f 9202 9934 9192
f 9200 9202 9194
f 9203 9202 9200
f 9944 9945 9940
f 9944 9940 9942
f 9946 9945 9944
f 9206 9201 9204
f 9205 9201 9206
f 9214 9944 9206
f 9212 9214 9209
f 9215 9214 9212
f 9218 9219 9217
f 9218 9213 9216
f 9217 9213 9218
f 9229 9228 9227
f 9225 9227 9221
f 9229 9227 9225
f 9226 9229 9225
f 9258 9267 9262
f 9157 9274 9272
f 9275 9274 9157
f 9274 9277 9272
f 9278 9274 9275
f 9278 9277 9274
f 9958 9954 9959
f 9958 9956 9953
f 9958 9953 9954
f 9268 9269 9267
f 9268 9258 9265
f 9267 9258 9268
f 9953 9279 9277
f 9963 9955 9930
f 9930 9964 9963
f 9172 9281 9161
f 9275 9276 9278
f 9276 9161 9281
f 9276 9281 9930
f 9172 9282 9281
f 9930 9281 9282
f 9285 9282 9283
f 9173 9175 9283
f 9963 9965 9960
f 9960 9955 9963
f 9960 9961 9959
f 9964 9965 9963
f 9971 9966 9973
f 9971 9968 9965
f 9278 9955 9954
f 9966 9964 9285
f 9977 9967 9931
f 9931 9978 9977
f 9188 9286 9177
f 9283 9284 9285
f 9284 9177 9286
f 9284 9286 9931
f 9188 9287 9286
f 9931 9286 9287
f 9289 9287 9288
f 9189 9191 9288
f 9977 9979 9974
f 9974 9967 9977
f 9974 9975 9973
f 9978 9979 9977
f 9983 9986 9980
f 9987 9984 9979
f 9285 9967 9966
f 9981 9978 9289
f 9932 9937 9933
f 9938 9937 9932
f 9932 9935 9938
f 9997 9939 9941
f 9994 9938 9995
f 9941 9939 9943
f 9939 9997 9995
f 9933 9288 9191
f 9937 9982 9289
f 9936 9203 9290
f 9943 9936 9290
f 9203 9205 9290
f 9983 9980 9989
f 9996 9989 9994
f 9981 9982 9980
f 9994 9995 9996
f 10000 9999 9997
f 9289 9982 9981
f 9997 9941 9998
f 9940 9945 9947
f 9998 9947 10008
f 10011 9948 9949
f 10008 9947 10009
f 9949 9948 9950
f 9948 10011 10009
f 9942 9290 9205
f 9942 9943 9290
f 9946 9215 9291
f 9950 9946 9291
f 9215 9217 9291
f 10010 10004 10008
f 10008 10004 9998
f 10008 10009 10010
f 10014 10013 10011
f 9950 9951 9949
f 10011 9949 10012
f 9949 9951 10012
f 9952 10024 10023
f 9228 9293 9219
f 9952 9951 9292
f 9292 9219 9293
f 9292 9293 9952
f 9228 9294 9293
f 9952 9293 9294
f 9297 9294 9295
f 10025 10027 10019
f 10023 10018 10012
f 10024 10025 10023
f 10028 10026 10031
f 10028 10027 10025
f 10026 10024 9297
f 9234 9239 9301
f 9233 9296 9295
f 9295 9296 9297
f 9298 9297 9296
f 9300 9301 9239
f 9300 9302 9301
f 10035 10036 10032
f 10026 10034 10031
f 10037 10036 10035
f 10035 10034 9299
f 9299 9298 9302
f 9298 9299 10034
f 9307 10035 9299
f 9299 9302 9307
f 9308 9307 9305
f 9311 9312 9310
f 9311 9306 9309
f 9310 9306 9311
f 9323 9322 9321
f 9319 9321 9314
f 9323 9321 9319
f 9320 9323 9319
f 9349 9358 9353
f 9262 9267 9266
f 9359 9360 9358
f 9359 9349 9357
f 9358 9349 9359
f 9371 9370 9369
f 9365 9369 9363
f 9371 9369 9365
f 10047 10041 9957
f 9958 9962 9956
f 9957 10048 10047
f 9962 9958 9959
f 9280 9373 9269
f 9267 9269 9266
f 9957 10041 9368
f 9280 9374 9373
f 9956 9374 9280
f 9957 9373 9374
f 10047 10049 10043
f 10045 10041 10043
f 10043 10041 10047
f 10048 10049 10047
f 10055 10050 10057
f 10055 10052 10049
f 9368 10041 10045
f 10046 9372 10045
f 9368 9366 9367
f 10050 10048 9375
f 9970 9969 9961
f 9961 9968 9970
f 10064 9972 9976
f 9971 9972 9968
f 10061 9970 10062
f 9972 10064 10062
f 9969 9375 9962
f 9969 10051 9375
f 10061 10063 10058
f 10058 10051 10061
f 10058 10059 10057
f 10064 10065 10062
f 10071 10065 10070
f 10071 10068 10063
f 10071 10063 10065
f 9375 10051 10050
f 9975 9976 9973
f 10064 9976 10066
f 9975 9984 9985
f 10066 9985 10078
f 9987 9988 9984
f 10078 9985 10079
f 9986 9988 9987
f 9988 10081 10079
f 10080 10073 10078
f 10078 10073 10066
f 10078 10079 10080
f 10083 10082 10081
f 10081 9990 10084
f 10081 10084 10083
f 10019 10027 10029
f 10113 10030 10033
f 10027 10030 10029
f 10028 10030 10027
f 10113 10115 10110
f 10116 10115 10113
f 10032 10033 10031
f 10113 10033 10114
f 10032 10036 10038
f 10114 10038 10124
f 10036 10039 10038
f 10039 10036 10037
f 10037 9308 9376
f 9308 9310 9376
f 9378 10126 10039
f 10125 10120 10124
f 10124 10120 10114
f 10127 10130 10125
f 10131 10130 10127
f 10127 10126 10128
f 10128 10126 9378
f 10141 10129 10040
f 10040 10142 10141
f 9322 9379 9312
f 9376 9377 9378
f 9377 9312 9379
f 9377 9379 10040
f 9322 9380 9379
f 10040 9379 9380
f 9383 9380 9381
f 10141 10143 10137
f 10137 10129 10141
f 10137 10138 10136
f 10142 10143 10141
f 10146 10144 10149
f 10146 10145 10143
f 9378 10129 10128
f 10144 10142 9383
f 9329 9336 9387
f 9328 9382 9381
f 9381 9382 9383
f 9384 9383 9382
f 9386 9387 9336
f 9386 9388 9387
f 10153 10154 10150
f 10144 10152 10149
f 10155 10154 10153
f 10153 10152 9385
f 9385 9384 9388
f 9384 9385 10152
f 9393 10153 9385
f 9385 9388 9393
f 9394 9393 9391
f 9398 9399 9397
f 9398 9392 9395
f 9397 9392 9398
f 9398 9396 9399
f 9395 9396 9398
f 9416 9423 9418
f 9356 9432 9430
f 9433 9432 9356
f 9432 9435 9430
f 9436 9432 9433
f 9436 9435 9432
f 10160 10164 10158
f 10160 10158 10159
f 10167 10162 10169
f 10167 10161 10162
f 9424 9416 9421
f 9423 9416 9424
f 9437 10160 9424
f 10160 9437 10161
f 10161 9437 9435
f 10174 10163 10042
f 10042 10175 10174
f 9370 9438 9360
f 9433 9434 9436
f 9434 9360 9438
f 9434 9438 10042
f 9370 9439 9438
f 10042 9438 9439
f 9441 9439 9440
f 9371 9372 9440
f 10174 10176 10170
f 10170 10163 10174
f 10170 10171 10169
f 10175 10176 10174
f 10180 10177 10183
f 10180 10179 10176
f 9436 10163 10162
f 10177 10175 9441
f 10044 10053 10046
f 10054 10053 10044
f 10044 10052 10054
f 10191 10056 10060
f 10055 10056 10052
f 10188 10054 10189
f 10056 10191 10189
f 10046 9440 9372
f 10053 10178 9441
f 10188 10190 10184
f 10184 10178 10188
f 10184 10185 10183
f 10191 10192 10189
f 10197 10192 10196
f 10197 10195 10190
f 10197 10190 10192
f 9441 10178 10177
f 10059 10060 10057
f 10191 10060 10193
f 10059 10068 10069
f 10193 10069 10205
f 10071 10072 10068
f 10205 10069 10206
f 10070 10072 10071
f 10072 10208 10206
f 10207 10200 10205
f 10205 10200 10193
f 10205 10206 10207
f 10210 10209 10208
f 10208 10074 10211
f 10085 10089 10223
f 10220 10085 10223
f 10208 10211 10210
f 10223 10224 10220
f 10225 10224 10223
f 10223 10089 10226
f 10223 10226 10225
f 10139 10131 10136
f 10275 10132 10278
f 10278 10279 10275
f 10280 10279 10278
f 10138 10139 10136
f 10139 10138 10140
f 10291 10148 10151
f 10145 10148 10147
f 10146 10148 10145
f 10278 10281 10280
f 10291 10294 10288
f 10295 10292 10300
f 10150 10151 10149
f 10291 10151 10293
f 10150 10154 10156
f 10293 10156 10304
f 10154 10157 10156
f 10157 10154 10155
f 10155 9394 9442
f 9394 9397 9442
f 9444 10305 10157
f 10293 10292 10291
f 10304 10306 10301
f 10292 10301 10300
f 10301 10302 10300
f 10305 10306 10304
f 10310 10307 10312
f 10310 10308 10306
f 10307 10305 9444
f 9442 9443 9444
f 9445 9444 9443
f 9443 9399 9449
f 9448 9449 9406
f 9448 9450 9449
f 10307 10314 10312
f 10315 10312 10314
f 9446 9445 9450
f 9445 9446 10314
f 9446 9450 9456
f 9458 9457 9456
f 9458 9456 9453
f 9464 9465 9463
f 9464 9454 9459
f 9463 9454 9464
f 9464 9460 9465
f 9459 9460 9464
f 9418 9423 9422
f 9479 9489 9485
f 10158 10165 10159
f 10166 10165 10158
f 10158 10164 10166
f 10326 10168 10172
f 10167 10168 10164
f 10323 10166 10324
f 10168 10326 10324
f 10165 9481 10159
f 9481 9480 9422
f 9481 9482 9480
f 10323 10325 10319
f 10321 10318 10319
f 10319 10318 10323
f 10326 10327 10324
f 10334 10327 10333
f 10334 10330 10325
f 10334 10325 10327
f 9482 10318 10321
f 10322 9489 10321
f 9482 9479 9480
f 10171 10172 10169
f 10172 10171 10173
f 10343 10182 10186
f 10179 10182 10181
f 10180 10182 10179
f 10326 10329 10328
f 10343 10344 10340
f 10345 10344 10343
f 10185 10186 10183
f 10186 10185 10187
f 10195 10199 10198
f 10197 10199 10195
f 10196 10199 10197
f 10343 10346 10345
f 10358 10359 10355
f 10360 10359 10358
f 10358 10201 10361
f 10212 10216 10371
f 10368 10212 10371
f 10358 10361 10360
f 10371 10372 10368
f 10373 10372 10371
f 10371 10216 10374
f 10227 10231 10384
f 10381 10227 10384
f 10371 10374 10373
f 10384 10385 10381
f 10386 10385 10384
f 10384 10231 10387
f 10384 10387 10386
f 10303 10295 10300
f 10458 10296 10461
f 10461 10463 10458
f 10464 10463 10461
f 10302 10303 10300
f 10461 10303 10462
f 10302 10308 10309
f 10462 10309 10475
f 10478 10311 10313
f 10310 10311 10308
f 10475 10309 10476
f 10311 10478 10476
f 10477 10482 10470
f 10475 10469 10462
f 10478 10479 10476
f 10479 10478 10480
f 10483 10482 10477
f 10483 10477 10479
f 10478 10313 10481
f 10313 10316 10481
f 10317 10491 10490
f 9457 9492 9447
f 10315 9447 9490
f 10315 9490 10316
f 10317 10316 9490
f 9490 9447 9492
f 9490 9492 10317
f 9455 9457 9458
f 10317 9497 10491
f 10481 10480 10478
f 10490 10492 10487
f 10480 10487 10486
f 10487 10488 10486
f 10491 10492 10490
f 10493 10492 10491
f 10495 10493 9499
f 9495 9497 9491
f 10493 10491 9497
f 9465 9460 9462
f 9463 9465 9461
f 9462 9461 9465
f 9505 9506 9504
f 9505 9496 9500
f 9504 9496 9505
f 9505 9501 9506
f 9500 9501 9505
f 9485 9489 9488
f 9520 9530 9526
f 10320 10331 10322
f 10332 10331 10320
f 10320 10330 10332
f 10334 10335 10330
f 10503 10332 10504
f 10333 10335 10334
f 10335 10506 10504
f 10331 9522 10322
f 9522 9521 9488
f 9522 9523 9521
f 10503 10505 10499
f 10501 10498 10499
f 10499 10498 10503
f 10506 10507 10504
f 10514 10507 10513
f 10514 10510 10505
f 10514 10505 10507
f 9523 10498 10501
f 10502 9530 10501
f 9523 9520 9521
f 10506 10336 10509
f 10347 10351 10523
f 10520 10347 10523
f 10506 10509 10508
f 10523 10524 10520
f 10525 10524 10523
f 10523 10351 10526
f 10523 10526 10525
f 10388 10392 10564
f 10561 10388 10564
f 10564 10565 10561
f 10566 10565 10564
f 10564 10392 10567
f 10405 10409 10579
f 10576 10405 10579
f 10564 10567 10566
f 10579 10580 10576
f 10581 10580 10579
f 10579 10409 10582
f 10579 10582 10581
f 10465 10471 10645
f 10642 10465 10645
f 10645 10646 10642
f 10647 10646 10645
f 10645 10471 10648
f 10470 10482 10484
f 10663 10485 10489
f 10482 10485 10484
f 10483 10485 10482
f 10662 10667 10653
f 10645 10648 10647
f 10659 10662 10653
f 10664 10662 10659
f 10664 10663 10665
f 10668 10667 10662
f 10668 10662 10664
f 10488 10489 10486
f 10663 10489 10666
f 10488 10494 10496
f 10666 10496 10675
f 10494 10497 10496
f 10497 10494 10495
f 9531 9536 9498
f 9531 9537 9536
f 9536 10497 10495
f 10666 10665 10663
f 10675 10677 10672
f 10665 10672 10671
f 10672 10673 10671
f 10676 10677 10675
f 10678 10677 10676
f 10680 10678 9540
f 9535 9537 9531
f 10678 10676 9537
f 9538 9540 9535
f 9506 9501 9503
f 9504 9506 9502
f 9503 9502 9506
f 9526 9530 9529
f 9558 9568 9564
f 10500 10511 10502
f 10512 10511 10500
f 10500 10510 10512
f 10514 10515 10510
f 10688 10512 10689
f 10513 10515 10514
f 10515 10691 10689
f 10511 9560 10502
f 9560 9559 9529
f 9560 9561 9559
f 10688 10690 10684
f 10686 10683 10684
f 10684 10683 10688
f 10691 10692 10689
f 10699 10692 10698
f 10699 10695 10690
f 10699 10690 10692
f 9561 10683 10686
f 10687 9568 10686
f 9561 9558 9559
f 10691 10516 10694
f 10691 10694 10693
f 10568 10572 10730
f 10727 10568 10730
f 10730 10731 10727
f 10732 10731 10730
f 10730 10572 10733
f 10583 10587 10743
f 10740 10583 10743
f 10730 10733 10732
f 10743 10745 10740
f 10747 10744 10752
f 10743 10587 10746
f 10600 10604 10762
f 10757 10600 10762
f 10744 10754 10752
f 10754 10744 10753
f 10754 10755 10752
f 10763 10761 10758
f 10763 10762 10764
f 10768 10766 10761
f 10768 10761 10763
f 10762 10604 10765
f 10617 10621 10780
f 10777 10617 10780
f 10774 10773 10772
f 10774 10772 10771
f 10764 10772 10770
f 10772 10764 10771
f 10772 10773 10770
f 10780 10781 10777
f 10782 10781 10780
f 10780 10621 10783
f 10634 10638 10795
f 10792 10634 10795
f 10780 10783 10782
f 10795 10796 10792
f 10797 10796 10795
f 10795 10638 10798
f 10649 10654 10810
f 10807 10649 10810
f 10795 10798 10797
f 10810 10811 10807
f 10812 10811 10810
f 10810 10654 10813
f 10653 10667 10669
f 10828 10670 10674
f 10667 10670 10669
f 10668 10670 10667
f 10827 10832 10818
f 10810 10813 10812
f 10824 10827 10818
f 10829 10827 10824
f 10829 10828 10830
f 10833 10832 10827
f 10833 10827 10829
f 10673 10674 10671
f 10828 10674 10831
f 10673 10679 10681
f 10831 10681 10840
f 10679 10682 10681
f 10682 10679 10680
f 9569 9574 9539
f 9569 9575 9574
f 9574 10682 10680
f 9540 9538 9539
f 10831 10830 10828
f 10840 10842 10837
f 10830 10837 10836
f 10837 10838 10836
f 10841 10842 10840
f 10843 10842 10841
f 10845 10843 9578
f 9573 9575 9569
f 10843 10841 9575
f 9576 9578 9573
f 9564 9568 9567
f 9597 9607 9603
f 10685 10696 10687
f 10697 10696 10685
f 10685 10695 10697
f 10699 10700 10695
f 10852 10697 10853
f 10698 10700 10699
f 10700 10856 10853
f 10696 9599 10687
f 9599 9598 9567
f 9599 9600 9598
f 10855 10854 10850
f 10852 10855 10850
f 10851 10849 10850
f 10850 10849 10852
f 10850 10854 10851
f 10856 10857 10853
f 10863 10857 10862
f 10863 10855 10857
f 9600 10849 10851
f 9600 9597 9598
f 9609 9608 10854
f 10860 9609 10854
f 10856 10701 10859
f 10856 10859 10858
f 10756 10747 10752
f 10895 10748 10898
f 10898 10901 10895
f 10902 10899 10907
f 10755 10756 10752
f 10898 10756 10900
f 10755 10766 10767
f 10900 10767 10912
f 10915 10769 10775
f 10768 10769 10766
f 10912 10767 10913
f 10769 10915 10913
f 10900 10899 10898
f 10912 10914 10908
f 10899 10908 10907
f 10908 10909 10907
f 10915 10916 10913
f 10916 10915 10917
f 10920 10919 10914
f 10920 10914 10916
f 10773 10775 10770
f 10775 10773 10776
f 10773 10774 10776
f 10784 10788 10933
f 10930 10784 10933
f 10927 10926 10925
f 10927 10925 10924
f 10917 10925 10923
f 10925 10917 10924
f 10925 10926 10923
f 10933 10934 10930
f 10935 10934 10933
f 10933 10788 10936
f 10799 10803 10948
f 10945 10799 10948
f 10933 10936 10935
f 10948 10949 10945
f 10950 10949 10948
f 10948 10803 10951
f 10814 10819 10961
f 10958 10814 10961
f 10948 10951 10950
f 10961 10962 10958
f 10963 10962 10961
f 10961 10819 10964
f 10818 10832 10834
f 10978 10835 10839
f 10832 10835 10834
f 10833 10835 10832
f 10977 10983 10968
f 10961 10964 10963
f 10974 10977 10968
f 10979 10977 10974
f 10979 10978 10980
f 10986 10983 10977
f 10986 10977 10979
f 10838 10839 10836
f 10978 10839 10981
f 10838 10844 10846
f 10844 10848 10846
f 10848 10844 10845
f 10848 10847 10846
f 9610 10982 10847
f 9614 9610 10847
f 9613 9620 9577
f 9620 10848 10845
f 9578 9576 9577
f 9620 10847 10848
f 10981 10980 10978
f 10981 10982 10980
f 10989 10987 10988
f 10988 10982 9610
f 9611 9610 9614
f 9610 9611 10988
f 9611 9614 9625
f 9627 9626 9625
f 9627 9625 9619
f 9622 9627 9619
f 9603 9607 9606
f 10861 10864 10991
f 10991 10992 10861
f 10862 10864 10863
f 10864 10994 10991
f 9609 9647 9608
f 9607 9608 9606
f 9648 9638 9647
f 9609 9649 9647
f 10860 9649 9609
f 10860 10861 9649
f 10995 10992 10991
f 10994 10995 10991
f 10995 10994 10996
f 10999 10998 10993
f 9642 9638 9648
f 9655 9645 9654
f 9648 9650 9654
f 10993 9654 9650
f 9650 10992 10993
f 10994 10865 10997
f 11004 11003 11002
f 11004 11002 11001
f 10996 11002 11000
f 11002 10996 11001
f 11002 11003 11000
f 10910 10902 10907
f 11034 10903 11037
f 11037 11038 11034
f 11039 11038 11037
f 10909 10910 10907
f 10910 10909 10911
f 11050 10922 10928
f 10919 10922 10921
f 10920 10922 10919
f 11037 11040 11039
f 11050 11051 11047
f 11052 11051 11050
f 10926 10928 10923
f 10928 10926 10929
f 10926 10927 10929
f 10937 10941 11063
f 11060 10937 11063
f 11050 11053 11052
f 11063 11064 11060
f 11065 11064 11063
f 11063 10941 11066
f 11063 11066 11065
f 11081 11082 10969
f 11081 10969 10984
f 11081 10984 11093
f 10983 10985 10984
f 10990 10986 10987
f 9657 10985 10990
f 9657 11094 10985
f 11095 11097 11089
f 11081 11088 11082
f 11093 11088 11081
f 11094 11095 11093
f 11096 11095 11094
f 11098 11096 9661
f 11096 9658 9661
f 9658 9665 9661
f 10989 10990 10987
f 9626 9671 9612
f 10989 9612 9656
f 9659 9657 9656
f 9656 9612 9671
f 9624 9626 9627
f 9669 9672 9671
f 9627 9622 9624
f 9657 9659 9658
f 9666 9667 9665
f 9666 9659 9672
f 9666 9662 9667
f 9672 9669 9670
f 10999 11005 10998
f 11005 10999 11000
f 9653 9645 9655
f 10998 9691 9655
f 9691 9692 9686
f 9693 9692 9691
f 9686 9692 9690
f 9690 9692 9694
f 9692 9693 9694
f 11013 11012 11003
f 11015 11019 11108
f 11105 11013 11014
f 11104 11013 11105
f 11012 9693 11005
f 11012 11101 9693
f 11107 11106 11102
f 11104 11107 11102
f 11103 11101 11102
f 11102 11101 11104
f 11102 11106 11103
f 11108 11109 11105
f 11114 11109 11113
f 11114 11107 11109
f 9694 11103 9700
f 9704 9701 11106
f 11112 9704 11106
f 11108 11019 11111
f 11108 11111 11110
f 11209 11201 11199
f 11209 11199 11214
f 11200 11202 11090
f 11200 11090 11099
f 11200 11099 11218
f 11097 11100 11099
f 11100 11097 11098
f 9710 9718 9660
f 9710 9719 9718
f 9718 11100 11098
f 11221 11220 11215
f 11218 11221 11215
f 11199 11215 11214
f 11219 11221 11218
f 11220 11221 11222
f 11222 11221 11219
f 11220 9709 11216
f 9711 9706 9725
f 9725 11220 11222
f 9719 9725 11222
f 11222 11219 9719
f 9667 9662 9664
f 9665 9667 9663
f 9664 9663 9667
f 9696 9700 9699
f 11115 11113 11116
f 11114 11121 11112
f 9704 9737 9701
f 9700 9701 9699
f 9738 9732 9737
f 9704 9740 9737
f 11112 9740 9704
f 9742 9741 9740
f 9733 9732 9738
f 9750 9735 9749
f 9751 9750 9749
f 9738 9741 9749
f 9741 9742 9743
f 9743 9754 9751
f 11115 11129 11121
f 11117 11115 11116
f 11130 11117 11131
f 11132 11136 11230
f 11227 11130 11131
f 11226 11130 11227
f 11129 9742 11121
f 11129 11223 9742
f 11229 11228 11224
f 11226 11229 11224
f 11225 11223 11224
f 11224 11223 11226
f 11224 11228 11225
f 11230 11231 11227
f 11231 11230 11232
f 11235 11229 11231
f 9743 11225 9754
f 9759 9755 11228
f 11234 9759 11228
f 11230 11136 11233
f 11146 11150 11246
f 11241 11146 11246
f 11232 11238 11236
f 11238 11232 11237
f 11238 11239 11236
f 11247 11245 11242
f 11247 11246 11248
f 11255 11250 11245
f 11255 11245 11247
f 11246 11150 11249
f 11163 11167 11266
f 11261 11163 11266
f 11248 11258 11256
f 11258 11248 11257
f 11258 11259 11256
f 11267 11265 11262
f 11267 11266 11268
f 11275 11270 11265
f 11275 11265 11267
f 11266 11167 11269
f 11268 11278 11276
f 11278 11268 11277
f 11278 11279 11276
f 11285 11284 11281
f 11281 11286 11285
f 11285 11286 11298
f 11299 11285 11298
f 11299 11293 11284
f 11299 11284 11285
f 11196 11197 11355
f 11350 11196 11355
f 11353 11365 11342
f 11351 11353 11342
f 11356 11353 11351
f 11356 11355 11357
f 11358 11356 11357
f 11366 11354 9763
f 11354 9760 9763
f 11358 9760 11354
f 9760 9767 9763
f 11359 11198 11206
f 11206 11198 11210
f 11209 11211 11212
f 11208 11211 11217
f 11208 11207 11206
f 11210 11212 11211
f 9761 11360 11207
f 9772 9761 11207
f 9770 9779 9705
f 9705 9779 9780
f 9780 9707 9705
f 9779 11207 11208
f 11359 11357 11355
f 11357 11360 11358
f 11359 11360 11357
f 9768 9769 9767
f 9768 9761 9772
f 9768 9764 9769
f 9772 9770 9771
f 11216 11217 11214
f 9709 9706 9708
f 11216 9780 11217
f 9708 9707 9709
f 9746 9735 9750
f 9750 9748 9746
f 9748 9750 9751
f 11235 11240 11234
f 11240 11235 11236
f 9759 9795 9755
f 9754 9755 9753
f 9796 9791 9795
f 9759 9803 9795
f 11234 9803 9759
f 9805 9804 9803
f 9792 9791 9796
f 9794 9792 9796
f 9801 9804 9806
f 9804 9805 9806
f 9806 9802 9801
f 11252 11251 11239
f 11239 11250 11252
f 11253 11251 11252
f 11250 11254 11252
f 11254 11253 11252
f 11260 11255 11256
f 11251 9805 11240
f 9812 9807 11253
f 11253 9819 9812
f 9820 11254 11260
f 9805 9807 9806
f 9807 9802 9806
f 9811 9808 9812
f 9817 9819 9821
f 9819 9820 9821
f 9821 9818 9817
f 11272 11271 11259
f 11259 11270 11272
f 11273 11271 11272
f 11270 11274 11272
f 11274 11273 11272
f 11280 11275 11276
f 11271 9820 11260
f 9831 9822 11273
f 11273 9834 9831
f 9835 11274 11280
f 9820 9822 9821
f 9822 9818 9821
f 9847 9829 9846
f 9848 9847 9846
f 9831 9834 9846
f 9834 9835 9836
f 11295 11294 11279
f 11279 11293 11295
f 11296 11294 11295
f 11300 11298 11301
f 11293 11297 11295
f 11297 11296 11295
f 11294 9835 11280
f 9855 9837 11296
f 11296 9861 9855
f 9862 11297 11306
f 9835 9837 9836
f 9837 9833 9836
f 9854 9850 9855
f 9859 9861 9863
f 9861 9862 9863
f 9863 9860 9859
f 11300 11311 11306
f 11302 11300 11301
f 11312 11302 11315
f 11313 11311 11312
f 11314 11316 11327
f 11314 11313 11312
f 11327 11316 11321
f 11315 11317 11316
f 11311 9862 11306
f 9877 9864 11313
f 11313 9883 9877
f 9884 11314 11327
f 9862 9864 9863
f 9864 9860 9863
f 9876 9872 9877
f 9881 9883 9885
f 9883 9884 9885
f 9885 9882 9881
f 11321 11332 11327
f 11323 11321 11322
f 11333 11323 11336
f 11334 11332 11333
f 11335 11337 11349
f 11335 11334 11333
f 11349 11337 11343
f 11336 11338 11337
f 11332 9884 11327
f 9899 9886 11334
f 11334 9906 9899
f 9907 11335 11349
f 9884 9886 9885
f 9886 9882 9885
f 9898 9894 9899
f 9904 9906 9908
f 9906 9907 9908
f 9908 9905 9904
f 11343 11367 11349
f 11345 11343 11344
f 11369 11367 11368
f 11365 11370 11368
f 11370 11365 11366
f 11370 11369 11368
f 11367 9907 11349
f 9919 9909 11369
f 9917 9929 9762
f 9929 11370 11366
f 9929 11369 11370
f 9907 9909 9908
f 9909 9905 9908
f 9918 9913 9919
f 9919 9917 9918
f 9769 9764 9766
f 9767 9769 9765
f 9766 9765 9769
f 9843 9829 9847
f 9847 9845 9843
f 9845 9847 9848
f 9848 9842 9845
f 9983 9991 9986
f 9992 9993 9991
f 9992 9983 9989
f 9991 9983 9992
f 10003 10002 10001
f 9999 10001 9996
f 10003 10001 9999
f 10006 10007 10005
f 10006 10000 10004
f 10005 10000 10006
f 10017 10016 10015
f 10013 10015 10010
f 10017 10015 10013
f 10021 10022 10020
f 10021 10014 10018
f 10020 10014 10021
f 10021 10019 10022
f 10018 10019 10021
f 10067 10075 10070
f 9986 9991 9990
f 10076 10077 10075
f 10076 10067 10073
f 10075 10067 10076
f 10088 10087 10086
f 10082 10086 10080
f 10088 10086 10082
f 10002 10093 9993
f 9991 9993 9990
f 10094 10084 10093
f 10002 10095 10093
f 10099 10095 10096
f 10003 10005 10096
f 10099 10098 10095
f 11378 11375 11379
f 11378 11377 11374
f 11378 11374 11375
f 10091 10092 10090
f 10090 10083 10091
f 10091 10094 10100
f 10094 10098 10100
f 11374 10100 10098
f 11383 11376 11373
f 11373 11384 11383
f 10016 10102 10007
f 10096 10097 10099
f 10097 10007 10102
f 10097 10102 11373
f 10016 10103 10102
f 11373 10102 10103
f 10106 10103 10104
f 10017 10020 10104
f 11383 11385 11380
f 11380 11376 11383
f 11380 11381 11379
f 11384 11385 11383
f 11392 11386 11393
f 11392 11387 11385
f 10099 11376 11375
f 11386 11384 10106
f 10104 10105 10106
f 10107 10106 10105
f 10105 10022 10111
f 10110 10111 10029
f 10110 10112 10111
f 11386 11394 11393
f 11395 11393 11394
f 10108 10107 10112
f 10107 10108 11394
f 10108 10112 10117
f 10119 10118 10117
f 10119 10117 10115
f 10122 10123 10121
f 10122 10116 10120
f 10121 10116 10122
f 10135 10134 10133
f 10130 10133 10125
f 10135 10133 10130
f 10131 10135 10130
f 10194 10202 10196
f 10070 10075 10074
f 10203 10204 10202
f 10203 10194 10200
f 10202 10194 10203
f 10215 10214 10213
f 10209 10213 10207
f 10215 10213 10209
f 10087 10221 10077
f 10075 10077 10074
f 10222 10211 10221
f 10085 10087 10088
f 10220 10222 10221
f 10218 10219 10217
f 10217 10210 10218
f 10218 10222 10228
f 10230 10229 10228
f 10230 10228 10224
f 11378 11382 11377
f 11382 11378 11379
f 10101 10235 10092
f 10090 10092 10089
f 10236 10226 10235
f 10101 10237 10235
f 11377 10237 10101
f 10239 10238 10237
f 10233 10234 10232
f 10232 10225 10233
f 10233 10236 10242
f 10244 10243 10242
f 10236 10238 10242
f 10238 10239 10240
f 10240 10245 10244
f 11389 11388 11381
f 11381 11387 11389
f 11390 11388 11389
f 11387 11391 11389
f 11391 11390 11389
f 11396 11392 11393
f 11388 10239 11382
f 10248 10241 11390
f 11390 10250 10248
f 10251 11391 11396
f 10239 10241 10240
f 10246 10247 10245
f 10246 10241 10248
f 10246 10248 10254
f 10256 10255 10254
f 10248 10250 10254
f 10250 10251 10252
f 10252 10257 10256
f 11395 11396 11393
f 10118 10260 10109
f 11395 10109 10249
f 10253 10251 10249
f 10249 10109 10260
f 10118 10262 10260
f 10266 10262 10263
f 10119 10121 10263
f 10266 10265 10262
f 10251 10253 10252
f 10258 10259 10257
f 10258 10253 10261
f 10258 10261 10269
f 10271 10270 10269
f 10261 10265 10269
f 10265 10266 10267
f 10267 10272 10271
f 10134 10276 10123
f 10263 10264 10266
f 10268 10266 10264
f 10264 10123 10276
f 10132 10134 10135
f 10275 10277 10276
f 10135 10131 10132
f 10266 10268 10267
f 10273 10274 10272
f 10273 10268 10277
f 10273 10277 10282
f 10284 10283 10282
f 10284 10282 10279
f 10140 10147 10289
f 10289 10281 10140
f 10290 10281 10289
f 10288 10289 10147
f 10288 10290 10289
f 10286 10287 10285
f 10285 10280 10286
f 10286 10290 10297
f 10299 10298 10297
f 10299 10297 10294
f 10295 10299 10294
f 10328 10337 10333
f 10173 10181 10341
f 10341 10329 10173
f 10342 10329 10341
f 10340 10341 10181
f 10340 10342 10341
f 10338 10339 10337
f 10337 10328 10338
f 10338 10342 10348
f 10350 10349 10348
f 10350 10348 10344
f 10187 10198 10356
f 10356 10346 10187
f 10357 10346 10356
f 10355 10356 10198
f 10355 10357 10356
f 10196 10202 10201
f 10353 10354 10352
f 10352 10345 10353
f 10353 10357 10362
f 10364 10363 10362
f 10364 10362 10359
f 10214 10369 10204
f 10202 10204 10201
f 10370 10361 10369
f 10212 10214 10215
f 10368 10370 10369
f 10366 10367 10365
f 10365 10360 10366
f 10366 10370 10375
f 10377 10376 10375
f 10377 10375 10372
f 10229 10382 10219
f 10217 10219 10216
f 10383 10374 10382
f 10227 10229 10230
f 10381 10383 10382
f 10379 10380 10378
f 10378 10373 10379
f 10379 10383 10389
f 10391 10390 10389
f 10391 10389 10385
f 10243 10396 10234
f 10232 10234 10231
f 10397 10387 10396
f 10243 10398 10396
f 10402 10398 10399
f 10244 10245 10399
f 10402 10401 10398
f 10394 10395 10393
f 10393 10386 10394
f 10394 10397 10406
f 10408 10407 10406
f 10397 10401 10406
f 10401 10402 10403
f 10403 10410 10408
f 10255 10413 10247
f 10399 10400 10402
f 10404 10402 10400
f 10400 10247 10413
f 10255 10415 10413
f 10419 10415 10416
f 10256 10257 10416
f 10419 10418 10415
f 10402 10404 10403
f 10411 10412 10410
f 10411 10404 10414
f 10411 10414 10422
f 10424 10423 10422
f 10414 10418 10422
f 10418 10419 10420
f 10420 10425 10424
f 10270 10428 10259
f 10416 10417 10419
f 10421 10419 10417
f 10417 10259 10428
f 10270 10430 10428
f 10434 10430 10431
f 10271 10272 10431
f 10434 10433 10430
f 10419 10421 10420
f 10426 10427 10425
f 10426 10421 10429
f 10426 10429 10437
f 10439 10438 10437
f 10429 10433 10437
f 10433 10434 10435
f 10435 10440 10439
f 10283 10443 10274
f 10431 10432 10434
f 10436 10434 10432
f 10432 10274 10443
f 10283 10445 10443
f 10449 10445 10446
f 10284 10285 10446
f 10449 10448 10445
f 10434 10436 10435
f 10441 10442 10440
f 10441 10436 10444
f 10441 10444 10452
f 10454 10453 10452
f 10444 10448 10452
f 10448 10449 10450
f 10450 10455 10454
f 10298 10459 10287
f 10446 10447 10449
f 10451 10449 10447
f 10447 10287 10459
f 10296 10298 10299
f 10458 10460 10459
f 10299 10295 10296
f 10449 10451 10450
f 10456 10457 10455
f 10456 10451 10460
f 10456 10460 10466
f 10468 10467 10466
f 10468 10466 10463
f 10473 10474 10472
f 10473 10464 10469
f 10472 10464 10473
f 10473 10470 10474
f 10469 10470 10473
f 10333 10337 10336
f 10508 10517 10513
f 10349 10521 10339
f 10337 10339 10336
f 10522 10509 10521
f 10347 10349 10350
f 10520 10522 10521
f 10518 10519 10517
f 10517 10508 10518
f 10518 10522 10527
f 10529 10528 10527
f 10529 10527 10524
f 10363 10532 10354
f 10352 10354 10351
f 10533 10526 10532
f 10363 10534 10532
f 10538 10534 10535
f 10364 10365 10535
f 10538 10537 10534
f 11399 11400 11397
f 11399 11397 11398
f 11401 11400 11399
f 10530 10525 10531
f 10541 11399 10531
f 10531 10533 10541
f 10533 10537 10541
f 10537 10538 10539
f 10539 10543 10542
f 10376 10546 10367
f 10535 10536 10538
f 10540 10538 10536
f 10536 10367 10546
f 10376 10548 10546
f 10552 10548 10549
f 10377 10378 10549
f 10552 10551 10548
f 10538 10540 10539
f 10544 10545 10543
f 10544 10540 10547
f 10544 10547 10555
f 10557 10556 10555
f 10547 10551 10555
f 10551 10552 10553
f 10553 10558 10557
f 10390 10562 10380
f 10549 10550 10552
f 10554 10552 10550
f 10550 10380 10562
f 10388 10390 10391
f 10561 10563 10562
f 10552 10554 10553
f 10559 10560 10558
f 10559 10554 10563
f 10559 10563 10569
f 10571 10570 10569
f 10571 10569 10565
f 10407 10577 10395
f 10393 10395 10392
f 10578 10567 10577
f 10405 10407 10408
f 10576 10578 10577
f 10574 10575 10573
f 10573 10566 10574
f 10574 10578 10584
f 10586 10585 10584
f 10586 10584 10580
f 10423 10591 10412
f 10410 10412 10409
f 10592 10582 10591
f 10423 10593 10591
f 10597 10593 10594
f 10424 10425 10594
f 10597 10596 10593
f 10589 10590 10588
f 10588 10581 10589
f 10589 10592 10601
f 10603 10602 10601
f 10592 10596 10601
f 10596 10597 10598
f 10598 10605 10603
f 10438 10608 10427
f 10594 10595 10597
f 10599 10597 10595
f 10595 10427 10608
f 10438 10610 10608
f 10614 10610 10611
f 10439 10440 10611
f 10614 10613 10610
f 10597 10599 10598
f 10606 10607 10605
f 10606 10599 10609
f 10606 10609 10618
f 10620 10619 10618
f 10609 10613 10618
f 10613 10614 10615
f 10615 10622 10620
f 10453 10625 10442
f 10611 10612 10614
f 10616 10614 10612
f 10612 10442 10625
f 10453 10627 10625
f 10631 10627 10628
f 10454 10455 10628
f 10631 10630 10627
f 10614 10616 10615
f 10623 10624 10622
f 10623 10616 10626
f 10623 10626 10635
f 10637 10636 10635
f 10626 10630 10635
f 10630 10631 10632
f 10632 10639 10637
f 10467 10643 10457
f 10628 10629 10631
f 10633 10631 10629
f 10629 10457 10643
f 10465 10467 10468
f 10642 10644 10643
f 10631 10633 10632
f 10640 10641 10639
f 10640 10633 10644
f 10640 10644 10650
f 10652 10651 10650
f 10652 10650 10646
f 10472 10474 10471
f 10661 10648 10660
f 10658 10660 10484
f 10658 10661 10660
f 10656 10657 10655
f 10655 10647 10656
f 10656 10653 10657
f 10661 10658 10659
f 10513 10517 10516
f 10693 10702 10698
f 10528 10705 10519
f 10517 10519 10516
f 10706 10694 10705
f 10528 10707 10705
f 10710 10707 10708
f 10529 10530 10708
f 10710 10709 10707
f 10703 10704 10702
f 10702 10693 10703
f 10703 10706 10712
f 10714 10713 10712
f 10706 10709 10712
f 10709 10710 10711
f 10711 10715 10714
f 11397 11402 11398
f 11403 11402 11397
f 11397 11400 11403
f 11400 11404 11403
f 11404 11400 11401
f 11398 10708 10530
f 11402 11406 10710
f 11401 10542 10716
f 10542 10543 10716
f 10718 11414 11404
f 11413 11415 11407
f 11411 11406 11407
f 11407 11406 11413
f 11414 11415 11413
f 11421 11416 11426
f 11421 11419 11415
f 11412 10715 11411
f 10711 11411 10715
f 11416 11414 10718
f 11432 11417 11405
f 11405 11433 11432
f 10556 10719 10545
f 10716 10717 10718
f 10717 10545 10719
f 10717 10719 11405
f 10556 10720 10719
f 11405 10719 10720
f 10723 10720 10721
f 10557 10558 10721
f 11432 11434 11427
f 11427 11417 11432
f 11427 11428 11426
f 11433 11434 11432
f 11439 11435 11441
f 11439 11436 11434
f 10718 11417 11416
f 11435 11433 10723
f 10570 10728 10560
f 10721 10722 10723
f 10724 10723 10722
f 10722 10560 10728
f 10568 10570 10571
f 10727 10729 10728
f 11435 11442 11441
f 11443 11441 11442
f 10725 10724 10729
f 10724 10725 11442
f 10725 10729 10734
f 10736 10735 10734
f 10736 10734 10731
f 10585 10741 10575
f 10573 10575 10572
f 10742 10733 10741
f 10583 10585 10586
f 10740 10742 10741
f 10738 10739 10737
f 10737 10732 10738
f 10738 10742 10749
f 10751 10750 10749
f 10751 10749 10745
f 10747 10751 10745
f 10602 10759 10590
f 10588 10590 10587
f 10760 10746 10759
f 10600 10602 10603
f 10757 10760 10759
f 10753 10746 10760
f 10758 10753 10760
f 10760 10757 10758
f 10619 10778 10607
f 10605 10607 10604
f 10779 10765 10778
f 10617 10619 10620
f 10777 10779 10778
f 10771 10765 10779
f 10786 10774 10785
f 10787 10786 10785
f 10787 10785 10781
f 10636 10793 10624
f 10622 10624 10621
f 10794 10783 10793
f 10634 10636 10637
f 10792 10794 10793
f 10790 10791 10789
f 10789 10782 10790
f 10790 10794 10800
f 10802 10801 10800
f 10802 10800 10796
f 10651 10808 10641
f 10639 10641 10638
f 10809 10798 10808
f 10649 10651 10652
f 10807 10809 10808
f 10805 10806 10804
f 10804 10797 10805
f 10805 10809 10815
f 10817 10816 10815
f 10817 10815 10811
f 10655 10657 10654
f 10826 10813 10825
f 10823 10825 10669
f 10823 10826 10825
f 10821 10822 10820
f 10820 10812 10821
f 10821 10818 10822
f 10826 10823 10824
f 10698 10702 10701
f 10858 10866 10862
f 10713 10869 10704
f 10702 10704 10701
f 10870 10859 10869
f 10713 10871 10869
f 10874 10871 10872
f 10714 10715 10872
f 10874 10873 10871
f 11453 11446 11454
f 11453 11452 11445
f 11453 11445 11446
f 10867 10868 10866
f 10866 10858 10867
f 10867 10870 10875
f 10870 10873 10875
f 11445 10875 10873
f 11408 11420 11412
f 11447 11409 11449
f 11447 11448 11420
f 11463 11423 11429
f 11419 11423 11422
f 11421 11423 11419
f 11412 10872 10715
f 11420 11448 10874
f 11455 11447 11449
f 11456 11457 11454
f 11464 11462 11461
f 11478 11464 11477
f 11478 11474 11462
f 11478 11462 11464
f 10874 11448 11446
f 11428 11429 11426
f 11463 11429 11465
f 11428 11436 11437
f 11465 11437 11486
f 11436 11438 11437
f 11444 11439 11441
f 10878 11438 11444
f 10878 11489 11438
f 11490 11496 11483
f 11486 11482 11465
f 11489 11490 11486
f 11498 11491 11503
f 11498 11496 11490
f 11491 11489 10878
f 11443 11444 11441
f 10735 10881 10726
f 11443 10726 10877
f 10879 10878 10877
f 10877 10726 10881
f 10735 10883 10881
f 10887 10883 10884
f 10736 10737 10884
f 10887 10886 10883
f 11509 11511 11504
f 11491 11508 11503
f 11512 11511 11509
f 11509 11508 10880
f 10880 10879 10882
f 10879 10880 11508
f 10890 11509 10880
f 10880 10882 10890
f 10882 10886 10890
f 10886 10887 10888
f 10888 10892 10891
f 10750 10896 10739
f 10884 10885 10887
f 10889 10887 10885
f 10885 10739 10896
f 10748 10750 10751
f 10895 10897 10896
f 10751 10747 10748
f 10887 10889 10888
f 10893 10894 10892
f 10893 10889 10897
f 10893 10897 10904
f 10906 10905 10904
f 10906 10904 10901
f 10902 10906 10901
f 10931 10918 10776
f 10932 10918 10931
f 10784 10786 10787
f 10930 10932 10931
f 10924 10918 10932
f 10939 10927 10938
f 10940 10939 10938
f 10940 10938 10934
f 10801 10946 10791
f 10789 10791 10788
f 10947 10936 10946
f 10799 10801 10802
f 10945 10947 10946
f 10943 10944 10942
f 10942 10935 10943
f 10943 10947 10952
f 10954 10953 10952
f 10954 10952 10949
f 10816 10959 10806
f 10804 10806 10803
f 10960 10951 10959
f 10814 10816 10817
f 10958 10960 10959
f 10956 10957 10955
f 10955 10950 10956
f 10956 10960 10965
f 10967 10966 10965
f 10967 10965 10962
f 10820 10822 10819
f 10976 10964 10975
f 10973 10975 10834
f 10973 10976 10975
f 10971 10972 10970
f 10970 10963 10971
f 10971 10968 10972
f 10976 10973 10974
f 10862 10866 10865
f 11453 11459 11452
f 11459 11453 11454
f 10876 11006 10868
f 10866 10868 10865
f 11007 10997 11006
f 10876 11008 11006
f 11452 11008 10876
f 11010 11009 11008
f 11001 10997 11007
f 11017 11004 11016
f 11018 11017 11016
f 11007 11009 11016
f 11009 11010 11011
f 11011 11020 11018
f 11476 11475 11457
f 11457 11474 11476
f 11478 11479 11474
f 11520 11476 11521
f 11477 11479 11478
f 11479 11524 11521
f 11475 11010 11459
f 11475 11517 11010
f 11523 11522 11518
f 11520 11523 11518
f 11519 11517 11518
f 11518 11517 11520
f 11518 11522 11519
f 11524 11525 11521
f 11525 11524 11526
f 11532 11523 11525
f 11011 11519 11020
f 11022 11021 11522
f 11531 11022 11522
f 11527 11485 11497
f 11527 11497 11537
f 11541 11499 11505
f 11498 11499 11496
f 11537 11497 11538
f 11499 11541 11538
f 11527 11526 11524
f 11537 11540 11534
f 11526 11534 11533
f 11534 11535 11533
f 11541 11542 11538
f 11542 11541 11543
f 11554 11549 11540
f 11554 11540 11542
f 11504 11505 11503
f 11541 11505 11544
f 11504 11511 11513
f 11544 11513 11559
f 11511 11514 11513
f 11514 11511 11512
f 11512 10891 11024
f 10891 10892 11024
f 11026 11561 11514
f 11563 11562 11556
f 11544 11543 11541
f 11559 11563 11556
f 11543 11556 11555
f 11561 11563 11559
f 11562 11563 11564
f 11564 11563 11561
f 11562 11023 11557
f 11029 11023 11562
f 11564 11027 11030
f 11027 11031 11030
f 10905 11035 10894
f 11024 11025 11026
f 11028 11026 11025
f 11025 10894 11035
f 10903 10905 10906
f 11034 11036 11035
f 10906 10902 10903
f 11026 11028 11027
f 11032 11033 11031
f 11032 11028 11036
f 11032 11036 11041
f 11043 11042 11041
f 11043 11041 11038
f 10911 10921 11048
f 11048 11040 10911
f 11049 11040 11048
f 11047 11048 10921
f 11047 11049 11048
f 11045 11046 11044
f 11044 11039 11045
f 11045 11049 11054
f 11056 11055 11054
f 11056 11054 11051
f 11061 11053 10929
f 11062 11053 11061
f 10937 10939 10940
f 11060 11062 11061
f 11058 11059 11057
f 11057 11052 11058
f 11058 11062 11067
f 11069 11068 11067
f 11069 11067 11064
f 10953 11072 10944
f 10942 10944 10941
f 11073 11066 11072
f 10953 11074 11072
f 11078 11074 11075
f 10954 10955 11075
f 11078 11077 11074
f 11593 11605 11602
f 11604 11592 11600
f 11602 11605 11607
f 11607 11611 11602
f 11608 11607 11609
f 11604 11606 11605
f 11070 11065 11071
f 11079 11604 11071
f 11071 11073 11079
f 11604 11079 11606
f 11073 11077 11079
f 11606 11079 11077
f 11618 11610 11516
f 11516 11621 11618
f 10966 11080 10957
f 11075 11076 11078
f 11076 10957 11080
f 11076 11080 11516
f 10966 11083 11080
f 11516 11080 11083
f 11086 11083 11084
f 10967 10970 11084
f 11612 11608 11617
f 11619 11617 11618
f 11609 11610 11608
f 11622 11624 11619
f 11627 11624 11622
f 11622 11621 11623
f 11078 11610 11609
f 11623 11621 11086
f 10972 10968 10969
f 11084 11085 11086
f 11087 11086 11085
f 11082 11087 11085
f 11623 11632 11628
f 11633 11628 11632
f 11087 11091 11632
f 11091 11089 11092
f 11088 11089 11091
f 11014 11004 11017
f 11017 11015 11014
f 11015 11017 11018
f 11110 11118 11113
f 11532 11536 11531
f 11536 11532 11533
f 11022 11122 11021
f 11020 11021 11019
f 11123 11111 11122
f 11022 11124 11122
f 11531 11124 11022
f 11126 11125 11124
f 11119 11120 11118
f 11118 11110 11119
f 11119 11123 11133
f 11135 11134 11133
f 11123 11125 11133
f 11125 11126 11127
f 11127 11137 11135
f 11551 11550 11535
f 11535 11549 11551
f 11552 11550 11551
f 11549 11553 11551
f 11553 11552 11551
f 11558 11554 11555
f 11550 11126 11536
f 11140 11128 11552
f 11552 11142 11140
f 11143 11553 11558
f 11126 11128 11127
f 11138 11139 11137
f 11138 11128 11140
f 11138 11140 11147
f 11149 11148 11147
f 11140 11142 11147
f 11142 11143 11144
f 11144 11151 11149
f 11557 11558 11555
f 11029 11154 11023
f 11557 11023 11141
f 11145 11143 11141
f 11141 11023 11154
f 11029 11156 11154
f 11160 11156 11157
f 11030 11031 11157
f 11160 11159 11156
f 11143 11145 11144
f 11152 11153 11151
f 11152 11145 11155
f 11152 11155 11164
f 11166 11165 11164
f 11155 11159 11164
f 11159 11160 11161
f 11161 11168 11166
f 11042 11171 11033
f 11157 11158 11160
f 11162 11160 11158
f 11158 11033 11171
f 11042 11173 11171
f 11177 11173 11174
f 11043 11044 11174
f 11177 11176 11173
f 11160 11162 11161
f 11169 11170 11168
f 11169 11162 11172
f 11169 11172 11180
f 11182 11181 11180
f 11172 11176 11180
f 11176 11177 11178
f 11178 11183 11182
f 11579 11658 11581
f 11658 11579 11651
f 11055 11185 11046
f 11174 11175 11177
f 11179 11177 11175
f 11175 11046 11185
f 11055 11187 11185
f 11191 11187 11188
f 11056 11057 11188
f 11191 11190 11187
f 11646 11656 11652
f 11655 11645 11650
f 11652 11656 11659
f 11659 11660 11658
f 11660 11659 11661
f 11655 11657 11656
f 11177 11179 11178
f 11184 11179 11186
f 11192 11655 11184
f 11184 11186 11192
f 11655 11192 11657
f 11186 11190 11192
f 11657 11192 11190
f 11581 11658 11663
f 11670 11662 11586
f 11587 11588 11671
f 11601 11588 11587
f 11594 11588 11601
f 11068 11193 11059
f 11188 11189 11191
f 11189 11059 11193
f 11189 11193 11586
f 11068 11194 11193
f 11586 11193 11194
f 11069 11070 11195
f 11194 11587 11586
f 11673 11669 11670
f 11661 11662 11660
f 11670 11671 11673
f 11672 11673 11671
f 11191 11662 11661
f 11595 11594 11596
f 11594 11592 11596
f 11592 11593 11596
f 11600 11195 11070
f 11600 11601 11195
f 11627 11629 11630
f 11629 11627 11628
f 11690 11683 11679
f 11687 11691 11678
f 11691 11680 11678
f 11687 11678 11213
f 11678 11204 11213
f 11680 11204 11678
f 11629 11634 11681
f 11634 11682 11681
f 11092 11089 11090
f 11633 11092 11203
f 11633 11203 11634
f 11202 11205 11203
f 11679 11682 11680
f 11681 11682 11679
f 11202 11201 11205
f 11205 11201 11204
f 11113 11118 11116
f 11118 11120 11116
f 11117 11116 11120
f 11134 11132 11131
f 11132 11134 11135
f 11148 11243 11139
f 11137 11139 11136
f 11244 11233 11243
f 11146 11148 11149
f 11241 11244 11243
f 11237 11233 11244
f 11242 11237 11244
f 11244 11241 11242
f 11165 11263 11153
f 11151 11153 11150
f 11264 11249 11263
f 11163 11165 11166
f 11261 11264 11263
f 11257 11249 11264
f 11262 11257 11264
f 11264 11261 11262
f 11181 11282 11170
f 11168 11170 11167
f 11283 11269 11282
f 11181 11287 11282
f 11290 11287 11288
f 11182 11183 11288
f 11290 11289 11287
f 11277 11269 11283
f 11281 11277 11283
f 11286 11289 11291
f 11289 11290 11291
f 11645 11665 11650
f 11666 11665 11645
f 11667 11665 11666
f 11698 11666 11668
f 11699 11698 11668
f 11650 11288 11183
f 11307 11292 11667
f 11667 11308 11307
f 11701 11308 11667
f 11702 11701 11698
f 11704 11702 11703
f 11701 11702 11704
f 11290 11292 11291
f 11304 11305 11303
f 11304 11292 11307
f 11304 11307 11318
f 11320 11319 11318
f 11307 11308 11318
f 11309 11324 11320
f 11676 11705 11712
f 11712 11714 11676
f 11310 11705 11676
f 11328 11310 11676
f 11676 11329 11328
f 11714 11329 11676
f 11710 11703 11707
f 11713 11712 11710
f 11703 11705 11704
f 11713 11719 11715
f 11717 11715 11716
f 11714 11715 11717
f 11325 11326 11324
f 11325 11310 11328
f 11325 11328 11339
f 11341 11340 11339
f 11328 11329 11339
f 11330 11346 11341
f 11677 11718 11725
f 11725 11727 11677
f 11331 11718 11677
f 11352 11331 11677
f 11350 11361 11196
f 11196 11361 11362
f 11364 11362 11361
f 11362 11197 11196
f 11723 11716 11720
f 11726 11725 11723
f 11716 11718 11717
f 11726 11732 11728
f 11730 11728 11729
f 11727 11728 11730
f 11347 11348 11346
f 11347 11331 11352
f 11347 11342 11348
f 11352 11350 11351
f 11364 11727 11730
f 11688 11731 11738
f 11690 11692 11693
f 11739 11692 11689
f 11691 11692 11690
f 11210 11198 11371
f 11363 11197 11362
f 11364 11363 11362
f 11363 11688 11371
f 11688 11372 11371
f 11372 11689 11687
f 11213 11209 11212
f 11372 11688 11689
f 11737 11729 11733
f 11741 11738 11737
f 11729 11731 11730
f 11738 11741 11739
f 11741 11740 11739
f 11730 11731 11364
f 11298 11303 11301
f 11303 11305 11301
f 11302 11301 11305
f 11319 11317 11315
f 11317 11319 11320
f 11324 11326 11322
f 11323 11322 11326
f 11340 11338 11336
f 11338 11340 11341
f 11348 11342 11345
f 11346 11348 11344
f 11345 11344 11348
f 11745 11787 11746
f 11787 11745 11781
f 11775 11785 11782
f 11784 11774 11780
f 11782 11785 11788
f 11788 11789 11787
f 11789 11788 11790
f 11784 11786 11785
f 11780 11410 11784
f 11410 11424 11784
f 11786 11425 11418
f 11790 11786 11418
f 11425 11430 11418
f 11746 11787 11791
f 11751 11804 11754
f 11804 11751 11798
f 11803 11796 11802
f 11789 11796 11795
f 11802 11796 11797
f 11799 11803 11805
f 11805 11806 11804
f 11805 11803 11809
f 11797 11790 11418
f 11418 11430 11797
f 11431 11440 11802
f 11802 11440 11808
f 11807 11762 11755
f 11762 11763 11755
f 11807 11814 11762
f 11764 11817 11768
f 11815 11763 11762
f 11814 11815 11762
f 11804 11806 11807
f 11811 11816 11814
f 11811 11806 11810
f 11810 11812 11811
f 11817 11815 11818
f 11818 11819 11817
f 11816 11821 11825
f 11818 11816 11825
f 11768 11817 11820
f 11829 11830 11828
f 11828 11830 11827
f 11828 11819 11826
f 11819 11828 11827
f 11826 11829 11828
f 11773 11853 11776
f 11853 11773 11852
f 11852 11857 11853
f 11854 11861 11865
f 11774 11794 11780
f 11774 11775 11777
f 11855 11856 11794
f 11450 11410 11780
f 11794 11450 11780
f 11450 11451 11449
f 11460 11470 11467
f 11471 11468 11467
f 11468 11430 11425
f 11467 11470 11471
f 11866 11870 11869
f 11853 11854 11855
f 11854 11856 11855
f 11869 11870 11871
f 11451 11856 11868
f 11869 11458 11868
f 11458 11451 11868
f 11480 11458 11869
f 11471 11470 11472
f 11809 11808 11813
f 11813 11810 11809
f 11440 11431 11487
f 11471 11469 11468
f 11473 11469 11471
f 11469 11487 11431
f 11487 11492 11440
f 11440 11492 11808
f 11492 11493 11494
f 11471 11472 11473
f 11472 11466 11473
f 11500 11483 11501
f 11500 11501 11502
f 11500 11493 11488
f 11494 11493 11495
f 11502 11506 11495
f 11812 11822 11823
f 11823 11821 11812
f 11824 11821 11823
f 11831 11826 11825
f 11494 11822 11813
f 11494 11874 11822
f 11831 11824 11510
f 11879 11510 11824
f 11881 11876 11880
f 11876 11881 11878
f 11876 11874 11877
f 11878 11874 11876
f 11880 11876 11877
f 11878 11881 11879
f 11886 11887 11882
f 11495 11506 11877
f 11507 11515 11880
f 11880 11515 11884
f 11510 11879 11882
f 11829 11838 11839
f 11841 11894 11845
f 11892 11840 11839
f 11891 11892 11839
f 11510 11838 11831
f 11510 11883 11838
f 11888 11893 11891
f 11891 11883 11888
f 11887 11889 11888
f 11894 11892 11895
f 11895 11896 11894
f 11893 11898 11903
f 11895 11893 11903
f 11882 11883 11510
f 11845 11894 11897
f 11848 11914 11850
f 11914 11848 11909
f 11906 11896 11904
f 11896 11906 11905
f 11904 11907 11906
f 11910 11913 11915
f 11915 11916 11914
f 11913 11920 11923
f 11915 11913 11923
f 11850 11914 11917
f 11928 11929 11927
f 11927 11929 11926
f 11927 11916 11925
f 11916 11927 11926
f 11925 11928 11927
f 11861 11867 11865
f 11979 11862 11977
f 11977 11981 11979
f 11979 11981 11982
f 11867 11866 11865
f 11980 11867 11979
f 11872 11870 11866
f 11980 11989 11872
f 11873 11870 11872
f 11870 11873 11871
f 11871 11528 11481
f 11990 11530 11873
f 11986 11994 11991
f 11989 11980 11985
f 11989 11991 11990
f 11995 11998 11992
f 11991 11994 11995
f 11530 11990 11992
f 11875 11993 12002
f 12002 12003 11875
f 11529 11484 11528
f 11530 11529 11528
f 11529 11875 11539
f 11539 11545 11501
f 11875 11545 11539
f 11548 11546 11545
f 11546 11506 11502
f 11999 12004 12002
f 12002 11993 11999
f 11998 12000 11999
f 12002 12004 12003
f 12009 12011 12005
f 12004 12007 12009
f 11992 11993 11530
f 11548 12003 12005
f 11885 12006 12015
f 11886 11884 11890
f 12015 12016 11885
f 11890 11887 11886
f 11515 11507 11560
f 11548 11547 11546
f 11547 11560 11507
f 11547 11885 11560
f 11560 11565 11515
f 11515 11565 11884
f 11885 11565 11560
f 12012 12017 12015
f 12015 12006 12012
f 12011 12013 12012
f 12015 12017 12016
f 12016 12017 12018
f 12005 12006 11548
f 12020 11569 12018
f 12018 11569 11567
f 11569 11570 11567
f 11889 11899 11900
f 11900 11898 11889
f 11899 11901 11900
f 11902 11898 11900
f 11901 11902 11900
f 11908 11904 11903
f 11566 11899 11890
f 11901 11568 11573
f 11573 11574 11901
f 11908 11902 11575
f 12028 12029 12024
f 12026 12028 12023
f 12028 12024 12023
f 11566 11567 11568
f 11570 11572 11571
f 11568 11571 11573
f 11571 11576 11573
f 11576 11574 11573
f 11574 11576 12023
f 11907 11921 11922
f 11922 11920 11907
f 11930 11924 12037
f 11920 11924 11923
f 12033 12034 11922
f 12037 11924 12034
f 11575 11921 11908
f 11575 12025 11921
f 12036 12030 12035
f 12030 12036 12033
f 12033 12025 12030
f 12037 12034 12038
f 12038 12039 12037
f 12038 12036 12042
f 12024 12025 11575
f 12031 11578 12035
f 11578 11580 12035
f 12035 11580 12041
f 11930 11928 11925
f 12040 11930 12037
f 12040 12047 11936
f 11950 11939 11937
f 11944 11939 11950
f 11939 11940 11938
f 11950 11937 11583
f 12048 11583 11937
f 12050 12044 12049
f 12037 12039 12040
f 12044 12050 12047
f 12044 12039 12043
f 12047 12050 12048
f 12049 12051 12050
f 12048 12050 12051
f 12045 11582 12049
f 11582 11590 12049
f 12051 11591 11584
f 11591 11597 11584
f 11950 11955 11944
f 11945 11944 11946
f 11956 11959 11946
f 11955 11957 11956
f 11970 11960 11958
f 11957 11958 11956
f 11965 11960 11970
f 11960 11961 11959
f 11583 11955 11950
f 11957 11585 11603
f 11603 11613 11957
f 11970 11958 11614
f 11583 11584 11585
f 11597 11599 11598
f 11585 11598 11603
f 11599 11593 11598
f 11613 11611 11615
f 11614 11613 11615
f 11612 11615 11611
f 11970 11971 11965
f 11966 11965 11967
f 11972 11974 11967
f 11971 11973 11972
f 12052 11974 11972
f 12053 11974 12052
f 11614 11971 11970
f 11973 11616 11620
f 11620 11625 11973
f 11973 11625 12054
f 12054 12055 12052
f 12062 12057 12055
f 12055 12054 12056
f 11614 11615 11616
f 11615 11612 11616
f 11617 11619 11620
f 11625 11624 11626
f 12056 12068 12063
f 12069 12063 12068
f 12068 12056 11626
f 11631 12069 12068
f 11626 11631 12068
f 11996 11994 11986
f 12001 11997 12079
f 11996 11997 11994
f 11994 11997 11995
f 12076 12081 12079
f 12079 12081 12082
f 12001 12000 11998
f 12080 12001 12079
f 12008 12007 12000
f 12080 12089 12008
f 12014 12010 12092
f 12007 12010 12009
f 12089 12090 12008
f 12092 12010 12090
f 12091 12089 12085
f 12089 12080 12085
f 12089 12091 12090
f 12093 12096 12101
f 12014 12013 12011
f 12094 12014 12092
f 12021 12019 12013
f 12094 12106 12021
f 12022 12019 12021
f 12019 12022 12020
f 12020 11635 11569
f 11635 11570 11569
f 12107 11637 12022
f 12092 12093 12094
f 12102 12108 12106
f 12102 12093 12101
f 12101 12103 12102
f 12106 12108 12107
f 12112 12115 12109
f 12108 12111 12112
f 11637 12107 12109
f 12027 12110 12119
f 12028 12026 12032
f 12119 12120 12027
f 12032 12029 12028
f 11577 11572 11638
f 11637 11636 11635
f 11636 11638 11572
f 11636 12027 11638
f 11638 11639 11577
f 11577 11639 12026
f 12027 11639 11638
f 12116 12121 12119
f 12119 12110 12116
f 12115 12117 12116
f 12119 12121 12120
f 12120 12121 12122
f 12109 12110 11637
f 12124 11644 12122
f 12122 11644 11642
f 11644 11647 11642
f 12031 12029 12032
f 12042 12041 12046
f 12046 12043 12042
f 11580 11578 11653
f 11640 11578 12031
f 11643 11640 11641
f 11640 11653 11578
f 11654 11651 11653
f 12046 12041 11664
f 11581 11664 11579
f 11641 11642 11643
f 11647 11649 11648
f 11643 11648 11654
f 11649 11646 11648
f 11651 11654 11652
f 12045 12043 12046
f 11590 11582 11674
f 12045 12046 11664
f 11663 11675 11674
f 11590 11589 11591
f 11675 11672 11674
f 11669 11675 11663
f 11669 11673 11675
f 11672 11675 11673
f 11596 11593 11599
f 11595 11599 11597
f 11595 11596 11599
f 12062 12064 12065
f 12064 12062 12063
f 11630 11631 11627
f 11690 11694 11683
f 12064 12070 12128
f 12070 12129 12128
f 12069 11685 12070
f 11630 11684 11685
f 11684 11686 11685
f 12136 12137 12135
f 12128 12134 12130
f 12135 12137 12134
f 12135 12129 12140
f 12140 12129 11686
f 11694 12141 12140
f 11684 11683 11686
f 12096 12104 12101
f 12157 12097 12154
f 12154 12158 12157
f 12157 12158 12159
f 12104 12103 12101
f 12103 12104 12105
f 12118 12114 12168
f 12113 12114 12111
f 12111 12114 12112
f 12157 12159 12160
f 12165 12170 12168
f 12168 12170 12171
f 12118 12117 12115
f 12169 12118 12168
f 12125 12123 12117
f 12169 12177 12125
f 12126 12123 12125
f 12123 12126 12124
f 12124 11695 11644
f 11695 11647 11644
f 12179 11697 12126
f 12178 12177 12174
f 12177 12169 12174
f 12178 12184 12180
f 12182 12180 12181
f 12179 12180 12182
f 11697 12179 12182
f 12127 12183 12193
f 12193 12194 12127
f 11697 11696 11695
f 11696 11700 11649
f 11696 12127 11700
f 11699 11668 11700
f 12194 11708 12127
f 12189 12197 12195
f 12188 12181 12185
f 12181 12183 12182
f 12193 12195 12194
f 12198 12201 12196
f 12195 12197 12198
f 12182 12183 11697
f 11699 11708 11706
f 11706 11708 11709
f 11709 11707 11706
f 12202 12209 12206
f 12196 12201 12205
f 12210 12213 12208
f 12210 12208 12207
f 12196 12205 11709
f 12206 11711 12205
f 11710 11707 11711
f 11722 11711 12206
f 11722 12206 12207
f 11719 11713 11722
f 12208 11721 12207
f 11721 11720 11719
f 12214 12222 12218
f 12208 12213 12217
f 12223 12227 12220
f 12223 12220 12219
f 12208 12217 11721
f 12218 11724 12217
f 11723 11720 11724
f 11736 11724 12218
f 11736 12218 12219
f 11732 11726 11736
f 12220 11734 12219
f 11734 11733 11732
f 12131 12221 12234
f 12138 12133 12237
f 12235 12133 12132
f 12132 12133 12142
f 12142 12133 12138
f 12237 12133 12235
f 11735 12221 12131
f 11742 11735 12131
f 11740 11743 11693
f 11693 11743 11744
f 11743 12131 12132
f 12229 12230 12228
f 12234 12221 12228
f 12227 12229 12228
f 12234 12236 12235
f 12237 12238 12239
f 11735 11733 11734
f 11741 11737 11742
f 11742 11740 11741
f 12136 12138 12139
f 12137 12136 12139
f 12141 11694 11744
f 12141 11744 12142
f 12237 12239 12240
f 12199 12197 12189
f 12203 12200 12255
f 12199 12200 12197
f 12197 12200 12198
f 12253 12256 12255
f 12255 12256 12257
f 12203 12202 12201
f 12202 12203 12204
f 12215 12212 12264
f 12211 12212 12209
f 12209 12212 12210
f 12255 12257 12258
f 12262 12265 12264
f 12264 12265 12266
f 12215 12214 12213
f 12214 12215 12216
f 12224 12225 12222
f 12222 12225 12223
f 12224 12226 12225
f 12264 12266 12267
f 12231 12229 12227
f 12233 12231 12232
f 12229 12231 12233
f 12230 12229 12233
f 5791 5792 5787
f 5792 5791 5789
f 4655 4659 4657
f 4655 4657 4656
f 4656 4657 4658
f 4658 4639 5792
f 4657 4659 4660
f 4658 4657 4660
f 5785 5784 5783
f 5784 5782 5783
f 5785 5786 5784
f 12280 5835 12279
f 5742 5835 12280
f 5835 5667 5782
f 12280 12279 11748
f 12287 11748 12279
f 4638 4641 12288
f 5792 4639 5785
f 4641 4638 5786
f 4641 4639 4640
f 5786 4638 12287
f 12288 12289 4638
f 12287 4638 12289
f 12285 11747 12288
f 11747 11752 12288
f 12289 11753 11749
f 11753 11756 11749
f 12280 12281 5742
f 5666 5742 5663
f 5664 5662 5663
f 12281 12282 5664
f 5476 5477 5475
f 5665 5662 5664
f 11748 12281 12280
f 12282 11750 11759
f 11759 11760 12282
f 12282 11760 12290
f 12290 4637 5665
f 5477 5665 4637
f 4637 4635 5477
f 4635 4637 12291
f 4637 12290 12291
f 11748 11749 11750
f 11756 11758 11757
f 11750 11757 11759
f 11757 11765 11759
f 11765 11766 11767
f 11765 11760 11759
f 11767 11769 11761
f 5472 5471 5470
f 5471 5469 5470
f 5472 5473 5471
f 5474 5469 5471
f 5473 5474 5471
f 5399 5469 5474
f 4632 4636 12293
f 5477 4635 5472
f 4636 4632 5473
f 12293 4636 12292
f 4623 4631 4633
f 4623 4633 4634
f 4633 4632 4634
f 12292 12291 11761
f 11761 11769 12292
f 11770 11771 12293
f 12293 11771 12294
f 4649 4650 4645
f 4650 4649 4647
f 3659 3663 3661
f 3659 3661 3660
f 3660 3661 3662
f 3662 3488 4650
f 3661 3663 3664
f 3662 3661 3664
f 4644 4643 4642
f 12284 4659 4643
f 12283 12284 4643
f 12286 4640 4660
f 12283 12297 11772
f 12283 11772 11783
f 11745 11792 11781
f 11793 11792 11745
f 11746 11793 11745
f 11792 12284 12283
f 4650 3488 4644
f 3488 12297 4644
f 12300 12299 3489
f 11772 12297 12299
f 11772 11778 11783
f 11778 11772 12299
f 11779 11775 11778
f 11781 11783 11782
f 12285 4640 12286
f 11752 11747 11800
f 12285 12286 11793
f 11791 11801 11800
f 11752 11751 11753
f 11801 11798 11800
f 11795 11801 11791
f 11795 11799 11801
f 11798 11801 11799
f 11754 11758 11756
f 11754 11755 11758
f 11764 11766 11763
f 11766 11764 11767
f 4623 4624 4618
f 4634 12294 12295
f 11771 11770 11832
f 11768 11770 11769
f 11820 11833 11832
f 11832 11834 11771
f 11771 11834 12294
f 11834 11835 11836
f 11827 11833 11820
f 11842 11830 11843
f 11842 11843 11844
f 11842 11835 11833
f 11836 11835 11837
f 11844 11846 11837
f 12295 12296 4624
f 4618 4624 4614
f 4615 4613 4614
f 4552 4553 4550
f 4617 4613 4615
f 4616 4617 4615
f 11836 12296 12295
f 11836 12302 12296
f 3143 3146 12304
f 3146 3143 4616
f 3146 12302 12303
f 4616 12302 3146
f 12304 3146 12303
f 4553 4617 3144
f 3144 3139 4553
f 3144 3143 3145
f 11837 11846 12303
f 11847 11849 12304
f 12304 11849 12305
f 4550 4553 4548
f 3141 3139 3140
f 3139 3141 3138
f 3140 3142 3141
f 3133 3134 3135
f 3135 3132 3133
f 3134 3136 3137
f 3135 3134 3137
f 3129 3121 3128
f 3125 3126 3124
f 3128 3121 3124
f 3128 3126 3127
f 3126 3128 3124
f 3127 3129 3128
f 2431 2430 2432
f 2432 2430 2433
f 3561 3559 3558
f 3561 3560 3559
f 3561 3562 3560
f 12298 3663 3560
f 12301 3489 3664
f 11773 11858 11852
f 11859 11858 11773
f 11858 11860 11852
f 11776 11859 11773
f 2428 2434 12318
f 2434 2428 3562
f 2434 2432 2433
f 3562 2428 12317
f 12318 12319 2428
f 12317 2428 12319
f 12316 11851 12318
f 11851 11863 12318
f 11852 11860 11857
f 11860 12317 12319
f 11861 11857 11864
f 12300 3489 12301
f 11777 11775 11779
f 12300 12301 11859
f 11776 11777 11779
f 11843 11830 11840
f 11841 11843 11840
f 11843 11841 11844
f 3145 12305 12306
f 12306 3140 3145
f 11849 11847 11911
f 11845 11847 11846
f 11897 11912 11911
f 11912 11909 11911
f 12306 12305 11918
f 11850 11918 11848
f 11905 11912 11897
f 11905 11910 11912
f 11909 11912 11910
f 3142 12307 3131
f 3131 3136 3142
f 12307 12308 3131
f 12309 3136 3131
f 12308 12309 3131
f 12310 3127 3137
f 11850 11919 11918
f 12308 12307 11919
f 11850 11917 11919
f 11931 11932 12308
f 12310 12309 11933
f 11926 11931 11917
f 11941 11929 11942
f 11941 11942 11943
f 11941 11932 11931
f 11933 11932 11934
f 11943 11947 11934
f 3129 12311 3119
f 12311 12312 3119
f 12314 3123 12313
f 12312 12313 3119
f 3110 3123 12314
f 3123 3105 3118
f 11933 12311 12310
f 12312 11935 11951
f 11951 11952 12312
f 12314 12313 11953
f 11933 11934 11935
f 11947 11949 11948
f 11935 11948 11951
f 11948 11962 11951
f 11962 11963 11964
f 11962 11952 11951
f 11953 11952 11954
f 11964 11968 11954
f 12314 12315 3110
f 3104 3110 3100
f 3101 3099 3100
f 3103 3099 3101
f 3102 3103 3101
f 3087 3099 3103
f 11953 12315 12314
f 11953 12322 12315
f 1772 1775 12324
f 1775 1772 3102
f 1775 12322 12323
f 3102 12322 1775
f 12324 1775 12323
f 1763 1771 1773
f 1763 1773 1774
f 1773 1772 1774
f 11954 11968 12323
f 11969 11975 12324
f 12324 11975 12325
f 2435 2430 2419
f 2430 2435 2433
f 2415 12320 2435
f 2416 12328 12321
f 11863 11851 11978
f 11976 11851 12316
f 12320 11976 12316
f 12320 12321 11976
f 11976 11978 11851
f 11976 12321 11978
f 11863 11862 11864
f 11864 11862 11861
f 12328 11983 12321
f 1297 1299 1298
f 1302 2415 2414
f 2416 2415 1302
f 2416 1298 12328
f 1300 1026 12329
f 1298 1299 1300
f 11977 11983 11981
f 11981 11983 11984
f 11984 11982 11981
f 12329 1026 12331
f 12332 12331 1026
f 12329 12331 11984
f 11985 11982 11987
f 11988 11986 11987
f 11987 11986 11985
f 11942 11929 11938
f 11940 11942 11938
f 11942 11940 11943
f 11945 11949 11947
f 11945 11946 11949
f 11961 11963 11959
f 11963 11961 11964
f 1763 1764 1758
f 1774 12325 12326
f 11966 11969 11968
f 11966 11967 11969
f 11975 12058 12325
f 12053 12059 12058
f 12058 12059 12060
f 12057 12059 12053
f 12059 12057 12061
f 12060 12059 12061
f 12326 12327 1764
f 1758 1764 1754
f 1755 1753 1754
f 1757 1753 1755
f 1756 1757 1755
f 1742 1753 1757
f 12060 12327 12326
f 12060 12334 12327
f 1022 12334 12335
f 1756 12334 1022
f 12336 1022 12335
f 1756 1020 1757
f 1020 1742 1757
f 12337 1021 12336
f 12061 12066 12335
f 12067 12071 12336
f 12336 12071 12337
f 1225 1299 1297
f 1226 12339 12330
f 12333 1026 1300
f 1023 1226 1225
f 12333 12330 12073
f 12339 12073 12330
f 985 12339 1226
f 985 983 970
f 12339 985 12340
f 12073 12339 12340
f 12332 1026 12333
f 12072 11988 12332
f 12074 12072 12073
f 12072 12077 11988
f 12076 11996 12077
f 12078 12076 12077
f 972 969 12342
f 12340 971 12341
f 12342 969 12343
f 12342 12075 12341
f 12074 12075 12078
f 12075 12074 12341
f 12083 12075 12342
f 12075 12083 12078
f 12081 12083 12084
f 12086 12088 12087
f 12085 12082 12087
f 12087 12082 12086
f 12098 12099 12100
f 12095 12091 12098
f 12095 12098 12100
f 12096 12095 12100
f 12065 12066 12062
f 1018 1021 1015
f 1001 1002 1000
f 12338 1021 12337
f 12338 12345 1016
f 12071 12067 12143
f 12065 12067 12066
f 12130 12144 12143
f 12143 12145 12071
f 12071 12145 12337
f 12145 12338 12337
f 12345 944 1016
f 1002 1016 944
f 928 944 945
f 12347 945 12346
f 12134 12144 12130
f 12147 12137 12148
f 12147 12146 12144
f 12146 12147 12346
f 12346 12345 12146
f 1000 1002 998
f 1002 929 998
f 973 970 963
f 970 973 971
f 973 972 971
f 958 969 972
f 959 960 958
f 12344 969 958
f 969 12344 12343
f 12343 12149 12084
f 12149 12086 12084
f 12350 12151 12344
f 771 959 957
f 768 960 771
f 960 959 771
f 768 766 769
f 769 766 740
f 12350 769 12351
f 12151 12350 12351
f 12099 12088 12155
f 12151 12150 12149
f 12152 12150 12151
f 12150 12155 12088
f 12099 12097 12100
f 12156 12154 12155
f 12100 12097 12096
f 742 738 12353
f 12351 741 12352
f 12353 738 12354
f 12353 12153 12352
f 12152 12153 12156
f 12153 12152 12352
f 12161 12153 12353
f 12153 12161 12156
f 12158 12161 12162
f 12113 12105 12166
f 12105 12160 12166
f 12160 12167 12166
f 12165 12113 12166
f 12167 12165 12166
f 722 720 12357
f 12355 722 12357
f 12357 720 12358
f 12164 12159 12163
f 12172 12164 12357
f 12164 12172 12167
f 12170 12172 12173
f 710 709 12361
f 12359 710 12361
f 12361 709 12362
f 12174 12171 12176
f 12176 12171 12175
f 12186 12176 12361
f 12184 12178 12186
f 12184 12186 12187
f 12190 12192 12191
f 12188 12185 12191
f 12191 12185 12190
f 12192 12189 12191
f 12191 12189 12188
f 12242 12230 12243
f 12236 12230 12242
f 12242 12243 12244
f 12238 12236 12242
f 12238 12242 12244
f 12348 12367 934
f 935 946 12349
f 945 946 928
f 920 946 935
f 12241 12367 12348
f 12139 12240 12246
f 12246 12247 12148
f 12148 12247 12347
f 12348 12247 12246
f 12247 12349 12347
f 12247 12348 12349
f 596 591 595
f 595 12367 12370
f 934 12367 595
f 934 594 935
f 920 592 579
f 12370 12367 12241
f 12245 12371 12370
f 12240 12239 12241
f 919 920 917
f 920 579 917
f 743 740 732
f 740 743 741
f 743 742 741
f 729 743 732
f 742 743 729
f 723 739 718
f 728 739 738
f 12356 739 723
f 12354 12248 12162
f 12354 12356 12248
f 12248 12163 12162
f 717 340 718
f 718 340 332
f 713 723 718
f 712 720 722
f 713 714 712
f 711 721 708
f 714 715 712
f 12360 721 711
f 708 721 715
f 12355 12163 12248
f 12355 12248 12356
f 12358 12249 12173
f 12358 12360 12249
f 12249 12175 12173
f 329 714 331
f 714 713 331
f 714 329 715
f 708 327 315
f 706 711 708
f 705 709 710
f 706 707 705
f 12363 709 705
f 709 12363 12362
f 12359 12175 12249
f 12359 12249 12360
f 12362 12250 12187
f 12250 12190 12187
f 12373 12252 12363
f 310 707 314
f 707 706 314
f 310 308 311
f 12374 311 291
f 12373 311 12374
f 12252 12373 12374
f 12364 12375 668
f 668 12376 12364
f 12252 12251 12250
f 12251 12254 12192
f 12251 12364 12254
f 12253 12199 12254
f 12376 12259 12364
f 289 291 290
f 285 668 289
f 291 12375 12374
f 285 283 286
f 286 283 232
f 12376 286 12377
f 12374 12375 12252
f 12253 12259 12256
f 12256 12259 12260
f 12260 12257 12256
f 12365 12378 614
f 614 12379 12365
f 12211 12204 12263
f 12261 12378 12365
f 12204 12258 12263
f 12262 12211 12263
f 12379 12268 12365
f 234 221 614
f 614 12378 234
f 233 235 234
f 614 221 12379
f 223 160 12380
f 221 222 223
f 12258 12257 12261
f 12261 12257 12260
f 12262 12268 12265
f 12265 12268 12269
f 12269 12266 12265
f 12366 12381 601
f 601 12382 12366
f 12224 12216 12271
f 12270 12381 12366
f 12216 12267 12271
f 12226 12272 12273
f 12366 12272 12271
f 12275 12273 12272
f 12273 12232 12226
f 161 154 601
f 601 12381 161
f 160 162 161
f 601 154 12382
f 156 135 12383
f 154 155 156
f 12267 12266 12270
f 12270 12266 12269
f 12275 12382 12383
f 12368 12384 598
f 597 600 589
f 599 600 12369
f 12369 600 12372
f 12372 600 597
f 589 600 599
f 12274 12232 12273
f 12275 12274 12273
f 12274 12368 12276
f 12276 12277 12243
f 12368 12277 12276
f 12278 12245 12244
f 12277 12368 12369
f 136 130 598
f 598 12384 136
f 135 137 136
f 589 599 131
f 114 131 133
f 130 132 133
f 131 130 133
f 12383 12384 12275
f 596 597 588
f 591 596 588
f 12371 12245 12278
f 12371 12278 12372
f 589 116 586
f 236 232 194
f 232 236 233
f 236 235 233
f 191 236 194
f 235 236 191
f 190 224 222
f 222 224 223
f 190 150 224
f 163 162 160
f 144 163 147
f 162 163 144
f 143 157 155
f 155 157 156
f 143 128 157
f 138 137 135
f 122 138 125
f 137 138 122
f 114 134 104
f 121 134 132
f 132 134 133
f 133 134 114
f 121 104 134
f 6 13 7
f 6 12 13
f 6 10 9
f 6 7 10
f 3 100 99
f 3 4 100
f 101 108 102
f 101 105 108
f 92 89 91
f 92 90 89
f 109 89 90
f 109 107 89
f 100 105 99
f 100 107 105
f 3 17 5
f 3 16 17
f 16 118 18
f 16 106 118
f 14 19 117
f 14 12 19
f 19 18 118
f 19 15 18
f 106 103 119
f 106 101 103
f 114 102 113
f 114 104 102
f 104 120 103
f 104 121 120
f 122 124 120
f 122 125 124
f 119 123 117
f 119 124 123
f 13 129 24
f 13 14 129
f 25 140 139
f 25 26 140
f 140 23 24
f 140 26 23
f 129 127 141
f 129 123 127
f 128 142 127
f 128 143 142
f 144 146 142
f 144 147 146
f 141 145 139
f 141 146 145
f 25 30 27
f 25 29 30
f 29 180 31
f 29 151 180
f 32 180 179
f 32 33 180
f 151 149 181
f 151 145 149
f 150 189 149
f 150 190 189
f 191 193 189
f 191 194 193
f 181 192 179
f 181 193 192
f 32 36 34
f 32 35 36
f 35 261 37
f 35 197 261
f 271 38 270
f 271 39 38
f 197 196 262
f 197 192 196
f 245 194 232
f 245 195 194
f 195 281 196
f 195 245 281
f 269 272 268
f 269 273 272
f 287 268 282
f 287 269 268
f 262 270 261
f 262 272 270
f 271 41 40
f 271 275 41
f 273 305 276
f 273 292 305
f 305 275 276
f 305 301 275
f 306 296 301
f 306 298 296
f 296 302 300
f 296 298 302
f 298 304 297
f 298 306 304
f 297 324 299
f 297 316 324
f 298 303 302
f 298 299 303
f 325 320 324
f 325 321 320
f 318 334 319
f 318 333 334
f 318 323 322
f 318 319 323
f 389 385 387
f 389 386 385
f 403 397 408
f 403 396 397
f 395 385 386
f 395 388 385
f 400 396 403
f 400 395 396
f 404 400 405
f 404 399 400
f 410 406 405
f 410 412 406
f 421 415 426
f 421 414 415
f 413 404 406
f 413 407 404
f 418 414 421
f 418 413 414
f 422 418 423
f 422 417 418
f 423 424 422
f 423 428 424
f 398 390 500
f 398 389 390
f 500 496 501
f 500 495 496
f 506 502 501
f 506 508 502
f 397 503 409
f 397 398 503
f 408 513 411
f 408 409 513
f 416 410 411
f 416 412 410
f 514 510 519
f 514 509 510
f 502 512 503
f 502 509 512
f 516 512 514
f 516 513 512
f 521 517 516
f 521 523 517
f 415 518 427
f 415 416 518
f 530 428 430
f 530 431 428
f 426 528 430
f 426 427 528
f 529 525 534
f 529 524 525
f 517 527 518
f 517 524 527
f 531 527 529
f 531 528 527
f 536 532 531
f 536 538 532
f 539 530 532
f 539 533 530
f 572 98 574
f 572 97 98
f 566 576 567
f 566 573 576
f 572 577 573
f 572 575 577
f 94 568 95
f 94 566 568
f 115 586 116
f 115 585 586
f 113 111 115
f 113 108 111
f 93 111 109
f 93 95 111
f 93 97 94
f 93 96 97
f 569 585 568
f 569 587 585
f 567 590 569
f 567 580 590
f 588 590 591
f 588 587 590
f 490 625 491
f 490 624 625
f 489 505 504
f 489 491 505
f 504 639 507
f 504 505 639
f 511 506 507
f 511 508 506
f 632 624 627
f 632 625 624
f 638 633 640
f 638 632 633
f 642 638 640
f 642 639 638
f 646 643 642
f 646 649 643
f 510 644 520
f 510 511 644
f 519 654 522
f 519 520 654
f 526 521 522
f 526 523 521
f 655 651 660
f 655 650 651
f 643 653 644
f 643 650 653
f 657 653 655
f 657 654 653
f 662 658 657
f 662 664 658
f 525 659 535
f 525 526 659
f 534 670 537
f 534 535 670
f 543 536 537
f 543 538 536
f 285 288 284
f 285 289 288
f 282 284 288
f 282 281 284
f 671 666 676
f 671 665 666
f 658 669 659
f 658 665 669
f 673 669 671
f 673 670 669
f 673 674 672
f 673 678 674
f 672 544 543
f 672 675 544
f 290 293 287
f 290 308 293
f 309 292 293
f 309 307 292
f 310 313 309
f 310 314 313
f 312 307 313
f 312 304 307
f 315 317 312
f 315 327 317
f 328 316 317
f 328 326 316
f 329 330 328
f 329 331 330
f 336 330 332
f 336 335 330
f 326 333 325
f 326 335 333
f 337 716 719
f 337 336 716
f 334 719 343
f 334 337 719
f 344 725 724
f 344 345 725
f 725 342 343
f 725 345 342
f 717 726 716
f 717 727 726
f 729 731 727
f 729 732 731
f 726 730 724
f 726 731 730
f 344 366 346
f 344 365 366
f 365 737 366
f 365 735 737
f 745 732 740
f 745 733 732
f 730 744 736
f 730 733 744
f 735 759 749
f 735 736 759
f 652 646 648
f 652 649 646
f 788 648 647
f 788 791 648
f 760 749 759
f 760 750 749
f 651 792 661
f 651 652 792
f 660 806 663
f 660 661 806
f 667 662 663
f 667 664 662
f 800 791 794
f 800 792 791
f 808 807 811
f 808 806 807
f 812 808 811
f 812 809 808
f 666 810 677
f 666 667 810
f 826 678 680
f 826 681 678
f 676 824 680
f 676 677 824
f 818 825 823
f 818 820 825
f 809 823 810
f 809 818 823
f 826 825 827
f 826 824 825
f 821 813 889
f 821 812 813
f 889 822 821
f 889 892 822
f 578 915 579
f 578 581 915
f 583 576 577
f 583 581 576
f 583 921 916
f 583 584 921
f 922 915 916
f 922 918 915
f 919 925 927
f 919 918 925
f 921 926 922
f 921 924 926
f 579 580 578
f 579 592 580
f 767 744 745
f 767 761 744
f 768 770 767
f 768 771 770
f 956 771 957
f 956 770 771
f 961 773 956
f 961 774 773
f 761 772 760
f 761 773 772
f 795 774 852
f 795 772 774
f 852 968 853
f 852 966 968
f 975 963 970
f 975 964 963
f 961 974 967
f 961 964 974
f 966 980 977
f 966 967 980
f 981 977 980
f 981 978 977
f 927 995 929
f 927 930 995
f 933 925 926
f 933 930 925
f 933 932 997
f 933 931 932
f 1003 995 996
f 1003 999 995
f 1000 1006 1008
f 1000 999 1006
f 997 1003 996
f 997 1004 1003
f 1012 1004 1005
f 1012 1007 1004
f 1009 1000 1008
f 1009 1001 1000
f 1051 1054 1053
f 1051 1052 1054
f 1064 1052 1051
f 1064 1065 1052
f 1073 1068 1081
f 1073 1067 1068
f 1071 1067 1073
f 1071 1066 1067
f 1074 1071 1075
f 1074 1070 1071
f 1086 1076 1075
f 1086 1087 1076
f 1094 1090 1103
f 1094 1089 1090
f 1088 1074 1076
f 1088 1077 1074
f 1092 1089 1094
f 1092 1088 1089
f 1095 1098 1097
f 1095 1096 1098
f 1108 1096 1095
f 1108 1109 1096
f 1116 1112 1122
f 1116 1111 1112
f 1114 1111 1116
f 1114 1110 1111
f 1156 1148 1151
f 1156 1149 1148
f 1028 1150 1029
f 1028 1148 1150
f 1041 1037 1036
f 1041 1042 1037
f 1035 1034 1036
f 1035 1033 1034
f 1034 1167 1168
f 1034 1033 1167
f 1169 1165 1171
f 1169 1164 1165
f 1149 1167 1150
f 1149 1164 1167
f 1172 1169 1171
f 1172 1170 1169
f 1170 43 1168
f 1170 44 43
f 1061 1041 1060
f 1061 1043 1041
f 1040 1061 1059
f 1040 1043 1061
f 1064 1063 1069
f 1064 1059 1063
f 45 1060 43
f 45 1062 1060
f 52 1062 51
f 52 1063 1062
f 48 44 47
f 48 45 44
f 49 56 48
f 49 57 56
f 58 51 56
f 58 53 51
f 1068 1069 1082
f 1068 1065 1069
f 1086 1085 1091
f 1086 1081 1085
f 54 1082 52
f 54 1084 1082
f 65 1084 64
f 65 1085 1084
f 61 53 60
f 61 54 53
f 62 69 61
f 62 70 69
f 71 64 69
f 71 66 64
f 1090 1091 1104
f 1090 1087 1091
f 1108 1107 1113
f 1108 1103 1107
f 67 1104 65
f 67 1106 1104
f 78 1106 77
f 78 1107 1106
f 74 66 73
f 74 67 66
f 75 81 74
f 75 82 81
f 83 77 81
f 83 79 77
f 1112 1113 1123
f 1112 1109 1113
f 1180 1123 1177
f 1180 1124 1123
f 1127 1125 1133
f 1127 1122 1125
f 1125 1180 1181
f 1125 1124 1180
f 1133 1126 1127
f 1133 1128 1126
f 1182 1187 1183
f 1182 1186 1187
f 1187 1181 1183
f 1187 1184 1181
f 78 1179 1177
f 78 79 1179
f 1182 85 86
f 1182 1179 85
f 1135 1128 1134
f 1135 1130 1128
f 1192 1134 1185
f 1192 1135 1134
f 1136 1195 1137
f 1136 1193 1195
f 1194 1190 1201
f 1194 1189 1190
f 1184 1189 1185
f 1184 1188 1189
f 1196 1192 1194
f 1196 1193 1192
f 1196 1197 1195
f 1196 1206 1197
f 983 1140 984
f 983 1023 1140
f 984 974 975
f 984 982 974
f 1227 988 1141
f 1227 989 988
f 982 987 981
f 982 988 987
f 1157 1155 1158
f 1157 1154 1155
f 1155 1249 1250
f 1155 1154 1249
f 1166 1156 1158
f 1166 1163 1156
f 1251 1247 1253
f 1251 1246 1247
f 1235 1236 1234
f 1235 1237 1236
f 1234 1249 1235
f 1234 1246 1249
f 1256 1250 1251
f 1256 1252 1250
f 1165 1166 1173
f 1165 1163 1166
f 153 1173 152
f 153 1175 1173
f 168 1172 1176
f 168 165 1172
f 168 1175 167
f 168 1176 1175
f 152 1258 153
f 152 1252 1258
f 158 1259 159
f 158 1258 1259
f 159 172 158
f 159 173 172
f 174 167 172
f 174 169 167
f 47 166 49
f 47 165 166
f 184 166 170
f 184 183 166
f 182 57 183
f 182 55 57
f 58 59 60
f 58 55 59
f 177 169 176
f 177 170 169
f 178 199 177
f 178 200 199
f 186 184 199
f 186 182 184
f 187 201 203
f 187 186 201
f 207 59 188
f 207 62 59
f 206 70 207
f 206 68 70
f 71 72 73
f 71 68 72
f 204 188 187
f 204 208 188
f 205 214 204
f 205 215 214
f 210 208 214
f 210 206 208
f 211 216 218
f 211 210 216
f 226 72 212
f 226 75 72
f 225 82 226
f 225 80 82
f 83 84 85
f 83 80 84
f 219 212 211
f 219 227 212
f 220 238 219
f 220 239 238
f 229 227 238
f 229 225 227
f 230 240 242
f 230 229 240
f 246 84 231
f 246 86 84
f 248 247 249
f 248 246 247
f 250 1186 248
f 250 1191 1186
f 243 231 230
f 243 247 231
f 244 254 243
f 244 255 254
f 256 249 254
f 256 251 249
f 1190 1191 1202
f 1190 1188 1191
f 1207 1205 1214
f 1207 1201 1205
f 1214 1206 1207
f 1214 1208 1206
f 252 1202 250
f 252 1204 1202
f 266 1204 265
f 266 1205 1204
f 259 251 258
f 259 252 251
f 260 277 259
f 260 278 277
f 279 265 277
f 279 267 265
f 1218 1208 1217
f 1218 1210 1208
f 1266 1217 1261
f 1266 1218 1217
f 1219 1269 1220
f 1219 1267 1269
f 1268 1263 1275
f 1268 1262 1263
f 1262 1265 1263
f 1262 1264 1265
f 1270 1266 1268
f 1270 1267 1266
f 1270 1271 1269
f 1270 1280 1271
f 266 1264 1261
f 266 267 1264
f 1140 1228 1141
f 1140 1224 1228
f 1296 1227 1228
f 1296 1229 1227
f 1295 1225 1297
f 1295 1224 1225
f 1248 1243 1307
f 1248 1242 1243
f 1313 1307 1310
f 1313 1308 1307
f 1247 1309 1254
f 1247 1248 1309
f 1256 1255 1260
f 1256 1253 1255
f 1255 1320 1321
f 1255 1254 1320
f 1322 1318 1324
f 1322 1317 1318
f 1308 1320 1309
f 1308 1317 1320
f 1327 1321 1322
f 1327 1323 1321
f 1259 348 347
f 1259 1260 348
f 354 347 349
f 354 353 347
f 352 173 353
f 352 171 173
f 174 175 176
f 174 171 175
f 348 1329 349
f 348 1323 1329
f 350 1330 351
f 350 1329 1330
f 351 359 350
f 351 360 359
f 356 354 359
f 356 352 354
f 357 361 362
f 357 356 361
f 368 175 358
f 368 178 175
f 367 200 368
f 367 198 200
f 201 202 203
f 201 198 202
f 363 358 357
f 363 369 358
f 364 375 363
f 364 376 375
f 371 369 375
f 371 367 369
f 372 377 379
f 372 371 377
f 383 202 373
f 383 205 202
f 382 215 383
f 382 213 215
f 216 217 218
f 216 213 217
f 380 373 372
f 380 384 373
f 381 391 380
f 381 392 391
f 387 384 391
f 387 382 384
f 401 217 388
f 401 220 217
f 399 239 401
f 399 237 239
f 240 241 242
f 240 237 241
f 419 241 407
f 419 244 241
f 417 255 419
f 417 253 255
f 256 257 258
f 256 253 257
f 435 257 425
f 435 260 257
f 438 278 437
f 438 279 278
f 437 436 439
f 437 435 436
f 433 425 424
f 433 436 425
f 434 444 433
f 434 445 444
f 446 439 444
f 446 441 439
f 1281 1279 1287
f 1281 1275 1279
f 1287 1280 1281
f 1287 1282 1280
f 440 1265 438
f 440 1276 1265
f 442 1276 440
f 442 1278 1276
f 453 1278 452
f 453 1279 1278
f 449 441 448
f 449 442 441
f 450 454 449
f 450 455 454
f 1337 454 455
f 1337 1332 454
f 1333 452 1332
f 1333 453 452
f 1334 1283 1282
f 1334 1336 1283
f 1333 1341 1335
f 1333 1339 1341
f 1341 1334 1335
f 1341 1340 1334
f 1319 1314 1360
f 1319 1313 1314
f 1366 1360 1363
f 1366 1361 1360
f 1318 1362 1325
f 1318 1319 1362
f 1327 1326 1331
f 1327 1324 1326
f 1326 1373 1374
f 1326 1325 1373
f 1375 1371 1377
f 1375 1370 1371
f 1361 1373 1362
f 1361 1370 1373
f 1380 1374 1375
f 1380 1376 1374
f 1330 457 456
f 1330 1331 457
f 462 456 458
f 462 461 456
f 464 360 463
f 464 361 360
f 463 462 466
f 463 461 462
f 457 1382 458
f 457 1376 1382
f 459 1383 460
f 459 1382 1383
f 460 471 459
f 460 472 471
f 473 466 471
f 473 468 466
f 362 465 364
f 362 464 465
f 480 465 469
f 480 479 465
f 478 376 479
f 478 374 376
f 377 378 379
f 377 374 378
f 476 468 475
f 476 469 468
f 477 486 476
f 477 487 486
f 482 480 486
f 482 478 480
f 483 488 492
f 483 482 488
f 497 378 484
f 497 381 378
f 495 392 497
f 495 390 392
f 493 484 483
f 493 498 484
f 496 493 489
f 496 498 493
f 546 431 533
f 546 434 431
f 545 445 546
f 545 443 445
f 446 447 448
f 446 443 447
f 553 539 542
f 553 547 539
f 549 547 553
f 549 545 547
f 550 555 557
f 550 549 555
f 561 447 551
f 561 450 447
f 563 562 564
f 563 561 562
f 565 1337 563
f 565 1344 1337
f 558 551 550
f 558 562 551
f 559 570 558
f 559 571 570
f 1388 570 571
f 1388 1385 570
f 1386 564 1385
f 1386 565 564
f 1342 1344 1351
f 1342 1339 1344
f 1343 1352 1353
f 1343 1342 1352
f 1395 1351 1387
f 1395 1352 1351
f 1391 1398 1395
f 1391 1393 1398
f 1386 1391 1387
f 1386 1390 1391
f 990 989 991
f 990 987 989
f 991 1293 992
f 991 1231 1293
f 1372 1367 1416
f 1372 1366 1367
f 1421 1416 1419
f 1421 1417 1416
f 1371 1418 1378
f 1371 1372 1418
f 1380 1379 1384
f 1380 1377 1379
f 1379 1430 1431
f 1379 1378 1430
f 1432 1428 1434
f 1432 1427 1428
f 1417 1430 1418
f 1417 1427 1430
f 1437 1431 1432
f 1437 1433 1431
f 1383 603 602
f 1383 1384 603
f 609 602 604
f 609 608 602
f 607 472 608
f 607 470 472
f 473 474 475
f 473 470 474
f 603 1439 604
f 603 1433 1439
f 605 1440 606
f 605 1439 1440
f 606 615 605
f 606 616 615
f 611 609 615
f 611 607 609
f 612 617 618
f 612 611 617
f 622 474 613
f 622 477 474
f 621 487 622
f 621 485 487
f 488 490 492
f 488 485 490
f 619 613 612
f 619 623 613
f 620 629 619
f 620 630 629
f 626 623 629
f 626 621 623
f 627 631 635
f 627 626 631
f 544 554 542
f 544 686 554
f 685 554 686
f 685 552 554
f 555 556 557
f 555 552 556
f 683 675 674
f 683 687 675
f 684 692 683
f 684 693 692
f 689 687 692
f 689 685 687
f 690 694 695
f 690 689 694
f 698 556 691
f 698 559 556
f 700 699 701
f 700 698 699
f 702 1388 700
f 702 1394 1388
f 696 691 690
f 696 699 691
f 697 703 696
f 697 704 703
f 1446 703 704
f 1446 1443 703
f 1444 701 1443
f 1444 702 701
f 1392 1394 1404
f 1392 1390 1394
f 1393 1405 1406
f 1393 1392 1405
f 1457 1404 1445
f 1457 1405 1404
f 1452 1460 1457
f 1452 1454 1460
f 1444 1452 1445
f 1444 1451 1452
f 1231 1294 1293
f 1231 1233 1294
f 1229 1358 1233
f 1229 1303 1358
f 1429 1422 1472
f 1429 1421 1422
f 1428 1473 1435
f 1428 1429 1473
f 1437 1436 1441
f 1437 1434 1436
f 1436 1483 1484
f 1436 1435 1483
f 1478 1472 1475
f 1478 1473 1472
f 1483 1479 1485
f 1483 1478 1479
f 1489 1484 1485
f 1489 1486 1484
f 1440 747 746
f 1440 1441 747
f 1442 747 1487
f 1442 746 747
f 753 616 752
f 753 617 616
f 1497 752 1442
f 1497 755 752
f 1498 1494 1500
f 1498 1493 1494
f 1486 1493 1487
f 1486 1492 1493
f 1501 1498 1500
f 1501 1499 1498
f 1499 755 1497
f 1499 756 755
f 618 754 620
f 618 753 754
f 777 754 757
f 777 776 754
f 775 630 776
f 775 628 630
f 631 634 635
f 631 628 634
f 764 756 763
f 764 757 756
f 765 782 764
f 765 783 782
f 779 777 782
f 779 775 777
f 780 784 785
f 780 779 784
f 637 647 633
f 637 789 647
f 789 634 781
f 789 637 634
f 786 781 780
f 786 790 781
f 787 797 786
f 787 798 797
f 793 790 797
f 793 788 790
f 794 799 802
f 794 793 799
f 804 814 803
f 804 815 814
f 807 803 814
f 807 800 803
f 828 833 835
f 828 827 833
f 838 681 829
f 838 684 681
f 841 693 840
f 841 694 693
f 840 839 843
f 840 838 839
f 836 829 828
f 836 839 829
f 837 846 836
f 837 847 846
f 848 843 846
f 848 845 843
f 1449 1448 1450
f 1449 1446 1448
f 1448 1510 1511
f 1448 1447 1510
f 1455 1449 1450
f 1455 1451 1449
f 695 842 697
f 695 841 842
f 1447 844 1504
f 1447 842 844
f 1512 1507 1517
f 1512 1506 1507
f 1506 1509 1507
f 1506 1508 1509
f 1514 1510 1512
f 1514 1511 1510
f 1514 1515 1513
f 1514 1520 1515
f 844 1508 1504
f 844 845 1508
f 1513 1456 1455
f 1513 1516 1456
f 1495 1489 1491
f 1495 1492 1489
f 1537 1491 1490
f 1537 1540 1491
f 1544 1540 1543
f 1544 1541 1540
f 1494 1542 1502
f 1494 1495 1542
f 1503 1553 1554
f 1503 1502 1553
f 856 1501 1503
f 856 854 1501
f 1555 1551 1557
f 1555 1550 1551
f 1541 1553 1542
f 1541 1550 1553
f 1559 1554 1555
f 1559 1556 1554
f 763 855 765
f 763 854 855
f 860 855 857
f 860 859 855
f 862 783 861
f 862 784 783
f 861 860 864
f 861 859 860
f 1565 1561 1562
f 1565 1564 1561
f 856 1564 857
f 856 1556 1564
f 868 1567 869
f 868 1565 1567
f 869 864 868
f 869 866 864
f 785 863 787
f 785 862 863
f 875 863 867
f 875 874 863
f 873 798 874
f 873 796 798
f 799 801 802
f 799 796 801
f 871 866 870
f 871 867 866
f 872 880 871
f 872 881 880
f 877 875 880
f 877 873 875
f 878 882 883
f 878 877 882
f 887 801 879
f 887 804 801
f 886 815 887
f 886 813 815
f 884 879 878
f 884 888 879
f 885 893 884
f 885 894 893
f 890 888 893
f 890 886 888
f 891 895 896
f 891 890 895
f 822 832 820
f 822 900 832
f 899 832 900
f 899 830 832
f 833 834 835
f 833 830 834
f 897 892 891
f 897 901 892
f 898 907 897
f 898 908 907
f 903 901 907
f 903 899 901
f 904 909 910
f 904 903 909
f 911 834 905
f 911 837 834
f 1505 905 906
f 1505 911 905
f 913 847 912
f 913 848 847
f 1579 912 1505
f 1579 914 912
f 1580 1575 1585
f 1580 1574 1575
f 1574 1577 1575
f 1574 1576 1577
f 1589 1581 1582
f 1589 1588 1581
f 1589 1579 1580
f 1589 1582 1579
f 910 906 904
f 910 1576 906
f 1596 1518 1583
f 1596 1519 1518
f 1517 1597 1522
f 1517 1519 1597
f 1522 1598 1523
f 1522 1597 1598
f 914 1509 913
f 914 1518 1509
f 1581 1596 1583
f 1581 1592 1596
f 1552 1545 1609
f 1552 1544 1545
f 1551 1610 1558
f 1551 1552 1610
f 1557 1618 1560
f 1557 1558 1618
f 1563 1559 1560
f 1563 1561 1559
f 1615 1609 1612
f 1615 1610 1609
f 1620 1619 1623
f 1620 1618 1619
f 1624 1620 1623
f 1624 1621 1620
f 1562 1622 1568
f 1562 1563 1622
f 1569 1633 1634
f 1569 1568 1633
f 938 1567 1569
f 938 936 1567
f 1635 1629 1638
f 1635 1628 1629
f 1621 1633 1622
f 1621 1628 1633
f 1639 1634 1635
f 1639 1636 1634
f 870 937 872
f 870 936 937
f 1570 938 1637
f 1570 937 938
f 941 881 940
f 941 882 881
f 1648 940 1570
f 1648 943 940
f 1649 1644 1652
f 1649 1643 1644
f 1636 1643 1637
f 1636 1642 1643
f 1653 1648 1649
f 1653 1650 1648
f 883 942 885
f 883 941 942
f 1571 943 1651
f 1571 942 943
f 949 894 948
f 949 895 894
f 1662 948 1571
f 1662 951 948
f 1663 1658 1666
f 1663 1657 1658
f 1650 1657 1651
f 1650 1656 1657
f 1667 1662 1663
f 1667 1664 1662
f 896 950 898
f 896 949 950
f 1573 951 1665
f 1573 950 951
f 954 908 953
f 954 909 908
f 1680 953 1573
f 1680 955 953
f 1672 1679 1678
f 1672 1674 1679
f 1664 1672 1665
f 1664 1671 1672
f 1681 1678 1679
f 1681 1680 1678
f 1686 1681 1685
f 1686 1682 1681
f 1693 1586 1684
f 1693 1587 1586
f 1585 1694 1590
f 1585 1587 1694
f 1590 1695 1591
f 1590 1694 1695
f 955 1577 954
f 955 1586 1577
f 1682 1693 1684
f 1682 1690 1693
f 1629 1640 1638
f 1629 1632 1640
f 1645 1639 1641
f 1645 1642 1639
f 1708 1641 1640
f 1708 1710 1641
f 1710 1646 1645
f 1710 1713 1646
f 1644 1654 1652
f 1644 1646 1654
f 1659 1653 1655
f 1659 1656 1653
f 1717 1655 1654
f 1717 1720 1655
f 1720 1660 1659
f 1720 1723 1660
f 1658 1668 1666
f 1658 1660 1668
f 1670 1675 1669
f 1670 1676 1675
f 1675 1667 1669
f 1675 1671 1667
f 1740 1010 1739
f 1740 1011 1010
f 1013 1006 1007
f 1013 1010 1006
f 1013 1744 1739
f 1013 1014 1744
f 1749 1744 1748
f 1749 1747 1744
f 1009 1741 1019
f 1009 1011 1741
f 1742 1019 1741
f 1742 1020 1019
f 1740 1750 1743
f 1740 1746 1750
f 1759 1742 1743
f 1759 1753 1742
f 1754 1759 1760
f 1754 1753 1759
f 1746 1752 1751
f 1746 1747 1752
f 1872 1868 1875
f 1872 1867 1868
f 1869 1868 1866
f 1869 1874 1868
f 1877 1872 1878
f 1877 1871 1872
f 1876 1878 1875
f 1876 1880 1878
f 1039 1874 1038
f 1039 1876 1874
f 1777 1881 1778
f 1777 1877 1881
f 1782 1881 1882
f 1782 1781 1881
f 1789 1786 1785
f 1789 1790 1786
f 1784 1783 1785
f 1784 1781 1783
f 1056 1782 1055
f 1056 1783 1782
f 1880 1032 1882
f 1880 1031 1032
f 1045 1031 1044
f 1045 1032 1031
f 1048 1045 1040
f 1048 1049 1045
f 1049 1053 1055
f 1049 1048 1053
f 1797 1789 1796
f 1797 1791 1789
f 1805 1802 1801
f 1805 1806 1802
f 1800 1799 1801
f 1800 1797 1799
f 1058 1796 1056
f 1058 1798 1796
f 1798 1070 1078
f 1798 1072 1070
f 1078 1810 1799
f 1078 1079 1810
f 1066 1058 1054
f 1066 1072 1058
f 1813 1805 1812
f 1813 1807 1805
f 1821 1818 1817
f 1821 1822 1818
f 1816 1815 1817
f 1816 1813 1815
f 1812 1079 1080
f 1812 1810 1079
f 1080 1093 1814
f 1080 1077 1093
f 1100 1814 1099
f 1100 1815 1814
f 1093 1097 1099
f 1093 1092 1097
f 1829 1821 1828
f 1829 1823 1821
f 1837 1834 1833
f 1837 1838 1834
f 1832 1831 1833
f 1832 1829 1831
f 1102 1828 1100
f 1102 1830 1828
f 1120 1830 1119
f 1120 1831 1830
f 1110 1102 1098
f 1110 1115 1102
f 1115 1118 1119
f 1115 1114 1118
f 1121 1126 1131
f 1121 1118 1126
f 1844 1837 1843
f 1844 1839 1837
f 1888 1843 1885
f 1888 1844 1843
f 1845 1892 1846
f 1845 1889 1892
f 1893 1888 1891
f 1893 1889 1888
f 1899 1894 1893
f 1899 1900 1894
f 1890 1899 1891
f 1890 1898 1899
f 1120 1887 1885
f 1120 1121 1887
f 1890 1131 1132
f 1890 1887 1131
f 1901 1892 1894
f 1901 1895 1892
f 1928 1925 1929
f 1928 1924 1925
f 1938 1930 1929
f 1938 1939 1930
f 1850 1931 1851
f 1850 1928 1931
f 1858 1931 1932
f 1858 1857 1931
f 1861 1859 1862
f 1861 1857 1859
f 1870 1860 1862
f 1870 1866 1860
f 1858 1146 1152
f 1858 1147 1146
f 1152 1870 1859
f 1152 1153 1870
f 1930 1940 1932
f 1930 1939 1940
f 1144 1941 1145
f 1144 1940 1941
f 1145 1160 1144
f 1145 1161 1160
f 1151 1147 1160
f 1151 1146 1147
f 1029 1038 1030
f 1029 1035 1038
f 1869 1028 1030
f 1869 1153 1028
f 1039 1042 1044
f 1039 1037 1042
f 1130 1138 1132
f 1130 1136 1138
f 1898 1137 1199
f 1898 1138 1137
f 1903 1905 1909
f 1903 1900 1905
f 1904 1910 1912
f 1904 1903 1910
f 1943 1911 1944
f 1943 1910 1911
f 1912 1946 1913
f 1912 1943 1946
f 1909 1199 1200
f 1909 1905 1199
f 1200 1215 1911
f 1200 1198 1215
f 1952 1948 1947
f 1952 1953 1948
f 1952 1944 1945
f 1952 1947 1944
f 1212 1198 1197
f 1212 1215 1198
f 1213 1221 1212
f 1213 1222 1221
f 1951 1221 1222
f 1951 1945 1221
f 1954 1946 1948
f 1954 1949 1946
f 1920 1936 1935
f 1920 1921 1936
f 1938 1937 1942
f 1938 1935 1937
f 1937 1987 1988
f 1937 1936 1987
f 1989 1985 1991
f 1989 1984 1985
f 1973 1974 1972
f 1973 1975 1974
f 1972 1987 1973
f 1972 1984 1987
f 1992 1989 1991
f 1992 1990 1989
f 1990 1239 1988
f 1990 1240 1239
f 1242 1240 1244
f 1242 1236 1240
f 1143 1161 1145
f 1143 1157 1161
f 1941 1239 1238
f 1941 1942 1239
f 1143 1238 1237
f 1143 1145 1238
f 1210 1222 1213
f 1210 1219 1222
f 1951 1220 1273
f 1951 1222 1220
f 1956 1958 1962
f 1956 1953 1958
f 1957 1963 1965
f 1957 1956 1963
f 1995 1964 1996
f 1995 1963 1964
f 1965 1998 1966
f 1965 1995 1998
f 1962 1273 1274
f 1962 1958 1273
f 1274 1288 1964
f 1274 1272 1288
f 2004 2000 1999
f 2004 2005 2000
f 2004 1996 1997
f 2004 1999 1996
f 1285 1272 1271
f 1285 1288 1272
f 1286 1291 1285
f 1286 1292 1291
f 2003 1291 1292
f 2003 1997 1291
f 2006 1998 2000
f 2006 2001 1998
f 1986 1981 2018
f 1986 1980 1981
f 2024 2018 2021
f 2024 2019 2018
f 1985 2020 1993
f 1985 1986 2020
f 1994 2031 2032
f 1994 1993 2031
f 1243 1992 1311
f 1243 1244 1992
f 1311 2032 1312
f 1311 1994 2032
f 2033 2029 2035
f 2033 2028 2029
f 2019 2031 2020
f 2019 2028 2031
f 2036 2033 2035
f 2036 2034 2033
f 1310 2034 1315
f 1310 1312 2034
f 1345 1283 1336
f 1345 1286 1283
f 1347 1346 1348
f 1347 1345 1346
f 1349 2003 1347
f 1349 2011 2003
f 1354 1340 1343
f 1354 1346 1340
f 1356 1348 1354
f 1356 1350 1348
f 2008 2011 2014
f 2008 2005 2011
f 2039 2008 2014
f 2039 2010 2008
f 2043 2039 2040
f 2043 2042 2039
f 2043 2047 2044
f 2043 2046 2047
f 1349 2046 2040
f 1349 1350 2046
f 2030 2025 2058
f 2030 2024 2025
f 2064 2058 2061
f 2064 2059 2058
f 2029 2060 2037
f 2029 2030 2060
f 2038 2071 2072
f 2038 2037 2071
f 1314 2036 1364
f 1314 1315 2036
f 1364 2072 1365
f 1364 2038 2072
f 2073 2069 2075
f 2073 2068 2069
f 2059 2071 2060
f 2059 2068 2071
f 2076 2073 2075
f 2076 2074 2073
f 1363 2074 1368
f 1363 1365 2074
f 1355 1397 1399
f 1355 1353 1397
f 1400 1355 1399
f 1400 1356 1355
f 1397 1407 1401
f 1397 1398 1407
f 1409 1401 1407
f 1409 1403 1401
f 2045 2053 2054
f 2045 2044 2053
f 2087 2052 2080
f 2087 2053 2052
f 1402 2047 1400
f 1402 2052 2047
f 2081 2090 2087
f 2081 2083 2090
f 2081 2086 2082
f 2081 2085 2086
f 1402 2085 2080
f 1402 1403 2085
f 2070 2065 2101
f 2070 2064 2065
f 2107 2101 2105
f 2107 2102 2101
f 2069 2103 2077
f 2069 2070 2103
f 2078 2103 2104
f 2078 2077 2103
f 1367 2076 1420
f 1367 1368 2076
f 2078 1414 1420
f 2078 1415 1414
f 2102 2114 2104
f 2102 2112 2114
f 1412 2115 1413
f 1412 2114 2115
f 1413 1423 1412
f 1413 1424 1423
f 1419 1415 1423
f 1419 1414 1415
f 1408 1459 1461
f 1408 1406 1459
f 1462 1408 1461
f 1462 1409 1408
f 2128 2119 2120
f 2128 2127 2119
f 2125 1465 1466
f 2125 2118 1465
f 1459 1465 1463
f 1459 1460 1465
f 2120 1463 2118
f 2120 1464 1463
f 2121 2082 2093
f 2121 2084 2082
f 1464 2086 1462
f 1464 2093 2086
f 2123 2121 2119
f 2123 2124 2121
f 2113 2108 2141
f 2113 2107 2108
f 2146 2141 2144
f 2146 2142 2141
f 2115 2113 2116
f 2115 2112 2113
f 2117 2143 2153
f 2117 2116 2143
f 1470 1424 1471
f 1470 1422 1424
f 1470 2117 1476
f 1470 1471 2117
f 2155 2150 2157
f 2155 2149 2150
f 2142 2153 2143
f 2142 2149 2153
f 2158 2155 2157
f 2158 2156 2155
f 1474 2156 1477
f 1474 1476 2156
f 1475 1477 1480
f 1475 1474 1477
f 2167 2127 2129
f 2167 2130 2127
f 2128 2126 2129
f 2128 2125 2126
f 1456 1466 1454
f 1456 1526 1466
f 1528 1527 1529
f 1528 1526 1527
f 2164 1528 1529
f 2164 2126 1528
f 2168 2169 2167
f 2168 2176 2169
f 2177 2165 2173
f 2177 2166 2165
f 2177 2164 2166
f 2177 2168 2164
f 1524 2165 1525
f 1524 2162 2165
f 1525 1516 1515
f 1525 1527 1516
f 2152 2181 2151
f 2152 2182 2181
f 2150 2181 2159
f 2150 2151 2181
f 2160 2191 2192
f 2160 2159 2191
f 1533 2158 2160
f 1533 1531 2158
f 2191 2188 2193
f 2191 2187 2188
f 2196 2192 2193
f 2196 2194 2192
f 1482 1490 1479
f 1482 1538 1490
f 1480 1532 1482
f 1480 1531 1532
f 1539 1532 1534
f 1539 1538 1532
f 1533 2201 1534
f 1533 2194 2201
f 1535 2202 1536
f 1535 2201 2202
f 1536 1546 1535
f 1536 1547 1546
f 1543 1539 1546
f 1543 1537 1539
f 1520 1601 1524
f 1520 1523 1601
f 1595 1604 1594
f 1595 1605 1604
f 1599 1594 1604
f 1599 1592 1594
f 2208 1604 1605
f 2208 2205 1604
f 1598 1604 1602
f 1598 1599 1604
f 2206 1602 2205
f 2206 1603 1602
f 2219 2174 2207
f 2219 2175 2174
f 2173 2220 2178
f 2173 2175 2220
f 2178 2221 2179
f 2178 2220 2221
f 1603 2162 1601
f 1603 2174 2162
f 2214 2222 2219
f 2214 2216 2222
f 2206 2214 2207
f 2206 2213 2214
f 2200 2196 2198
f 2200 2199 2196
f 2230 2198 2197
f 2230 2232 2198
f 2202 2200 2203
f 2202 2199 2200
f 2204 2233 2241
f 2204 2203 2233
f 1607 1547 1608
f 1607 1545 1547
f 1607 2204 1613
f 1607 1608 2204
f 2238 2232 2235
f 2238 2233 2232
f 2241 2239 2243
f 2241 2238 2239
f 2246 2242 2243
f 2246 2244 2242
f 2244 1613 2242
f 2244 1614 1613
f 2257 2251 2252
f 2257 2256 2251
f 1614 1616 1612
f 1614 2256 1616
f 1619 1616 1625
f 1619 1615 1616
f 1625 2259 1626
f 1625 2257 2259
f 1686 1689 1691
f 1686 1685 1689
f 1588 1698 1593
f 1588 1591 1698
f 2273 2266 2270
f 2273 2267 2266
f 1691 2266 1692
f 1691 2265 2266
f 1696 1692 1702
f 1696 1690 1692
f 1695 1702 1700
f 1695 1696 1702
f 2268 1700 2267
f 2268 1701 1700
f 2211 2210 2212
f 2211 2208 2210
f 2210 2283 2284
f 2210 2209 2283
f 2217 2211 2212
f 2217 2213 2211
f 1593 1699 1595
f 1593 1698 1699
f 2209 1701 2269
f 2209 1699 1701
f 2277 2285 2283
f 2277 2279 2285
f 2268 2277 2269
f 2268 2276 2277
f 2286 2285 2287
f 2286 2284 2285
f 2286 2218 2217
f 2286 2289 2218
f 2249 2253 2248
f 2249 2254 2253
f 2253 2246 2248
f 2253 2251 2246
f 2252 2261 2258
f 2252 2255 2261
f 2301 2258 2261
f 2301 2260 2258
f 1707 2259 2260
f 1707 1705 2259
f 1626 1631 1624
f 1626 1705 1631
f 2306 2302 2310
f 2306 2301 2302
f 2311 2306 2310
f 2311 2307 2306
f 2262 1707 2309
f 2262 1706 1707
f 1632 1706 1709
f 1632 1631 1706
f 1708 2262 1714
f 1708 1709 2262
f 2319 2315 2321
f 2319 2314 2315
f 2307 2319 2309
f 2307 2314 2319
f 2324 2320 2321
f 2324 2322 2320
f 2322 1714 2320
f 2322 1715 1714
f 2334 2328 2329
f 2334 2333 2328
f 2338 2334 2337
f 2338 2335 2334
f 1716 1713 1712
f 1716 1719 1713
f 1715 1716 1712
f 1715 2333 1716
f 1721 1719 1725
f 1721 1717 1719
f 2335 1721 1725
f 2335 1724 1721
f 1670 1727 1729
f 1670 1668 1727
f 1729 1728 1732
f 1729 1727 1728
f 2346 2341 2342
f 2346 2345 2341
f 2351 2346 2350
f 2351 2347 2346
f 1726 1723 1722
f 1726 1728 1723
f 1724 1726 1722
f 1724 2345 1726
f 2348 1732 2347
f 2348 1733 1732
f 1677 1688 1674
f 1677 1735 1688
f 2263 1733 2349
f 2263 1731 1733
f 1677 1731 1735
f 1677 1676 1731
f 1737 1688 1736
f 1737 1689 1688
f 2364 1736 2263
f 2364 1738 1736
f 2356 2363 2362
f 2356 2358 2363
f 2348 2356 2349
f 2348 2355 2356
f 2365 2362 2363
f 2365 2364 2362
f 2370 2365 2369
f 2370 2366 2365
f 2377 2271 2368
f 2377 2272 2271
f 2275 2280 2274
f 2275 2281 2280
f 2270 2378 2274
f 2270 2272 2378
f 2280 2273 2274
f 2280 2276 2273
f 2274 2379 2275
f 2274 2378 2379
f 1738 2265 1737
f 1738 2271 2265
f 2366 2377 2368
f 2366 2374 2377
f 2327 2330 2326
f 2327 2331 2330
f 2330 2324 2326
f 2330 2328 2324
f 2329 2339 2337
f 2329 2332 2339
f 2343 2338 2340
f 2343 2341 2338
f 2396 2340 2339
f 2396 2398 2340
f 2398 2344 2343
f 2398 2401 2344
f 2342 2352 2350
f 2342 2344 2352
f 2354 2359 2353
f 2354 2360 2359
f 2359 2351 2353
f 2359 2355 2351
f 2413 1302 2414
f 2413 1301 1302
f 1301 1296 1295
f 1301 1304 1296
f 2417 1304 2413
f 2417 1305 1304
f 2427 2417 2418
f 2427 2420 2417
f 2427 2419 2429
f 2427 2418 2419
f 1358 1305 1467
f 1358 1303 1305
f 1467 2425 1468
f 1467 2422 2425
f 2422 2426 2425
f 2422 2424 2426
f 2420 2439 2424
f 2420 2436 2439
f 2471 2458 2470
f 2471 2459 2458
f 2473 2477 2476
f 2473 2474 2477
f 2472 2473 2471
f 2472 2475 2473
f 1788 2470 1787
f 1788 2472 2470
f 2486 2483 2489
f 2486 2482 2483
f 2483 2475 2484
f 2483 2474 2475
f 2491 2486 2492
f 2491 2485 2486
f 2490 2492 2489
f 2490 2494 2492
f 2488 1792 1793
f 2488 2484 1792
f 1804 2488 1803
f 1804 2490 2488
f 2499 2491 2493
f 2499 2495 2491
f 2502 2500 2505
f 2502 2499 2500
f 2500 2494 2501
f 2500 2493 2494
f 2507 2511 2510
f 2507 2508 2511
f 2506 2507 2505
f 2506 2509 2507
f 2504 1808 1809
f 2504 2501 1808
f 1820 2504 1819
f 1820 2506 2504
f 2519 2517 2522
f 2519 2516 2517
f 2517 2509 2518
f 2517 2508 2509
f 2524 2528 2527
f 2524 2525 2528
f 2523 2524 2522
f 2523 2526 2524
f 2521 1824 1825
f 2521 2518 1824
f 1836 2521 1835
f 1836 2523 2521
f 2536 2534 2539
f 2536 2533 2534
f 2534 2526 2535
f 2534 2525 2526
f 2538 2546 2539
f 2538 2544 2546
f 2538 1840 1841
f 2538 2535 1840
f 2582 2578 2585
f 2582 2577 2578
f 2579 2578 2576
f 2579 2584 2578
f 2587 2582 2588
f 2587 2581 2582
f 2586 2588 2585
f 2586 2590 2588
f 1865 2584 1864
f 1865 2586 2584
f 1860 1855 1865
f 1860 1854 1855
f 2445 2591 2446
f 2445 2587 2591
f 2451 2591 2592
f 2451 2450 2591
f 2460 2455 2454
f 2460 2461 2455
f 2453 2452 2454
f 2453 2450 2452
f 2451 1871 1883
f 2451 1873 1871
f 1883 2467 2452
f 1883 1884 2467
f 2590 1856 2592
f 2590 1855 1856
f 1867 1856 1854
f 1867 1873 1856
f 2466 2460 2467
f 2466 2458 2460
f 1778 1787 1779
f 1778 1784 1787
f 2466 1777 1779
f 2466 1884 1777
f 1788 1790 1792
f 1788 1786 1790
f 1791 1803 1793
f 1791 1800 1803
f 1804 1806 1808
f 1804 1802 1806
f 1807 1819 1809
f 1807 1816 1819
f 1820 1822 1824
f 1820 1818 1822
f 1823 1835 1825
f 1823 1832 1835
f 1836 1838 1840
f 1836 1834 1838
f 2552 2545 2546
f 2552 2547 2545
f 1839 1847 1841
f 1839 1845 1847
f 2544 1846 1896
f 2544 1847 1846
f 2554 2547 2553
f 2554 2549 2547
f 2595 2555 2596
f 2595 2554 2555
f 2556 2597 2557
f 2556 2595 2597
f 2553 1896 1897
f 2553 2552 1896
f 1897 1906 2555
f 1897 1895 1906
f 1914 1901 1904
f 1914 1906 1901
f 1916 1907 1914
f 1916 1908 1907
f 1907 2600 2596
f 1907 1908 2600
f 2604 2597 2599
f 2604 2601 2597
f 2605 2600 2608
f 2605 2599 2600
f 2605 2609 2606
f 2605 2608 2609
f 2568 2621 2622
f 2568 2567 2621
f 2571 2569 2572
f 2571 2567 2569
f 2580 2570 2572
f 2580 2576 2570
f 2568 1924 1933
f 2568 1926 1924
f 1933 2580 2569
f 1933 1934 2580
f 2621 2623 2620
f 2621 2624 2623
f 2620 2634 2622
f 2620 2633 2634
f 1922 2635 1923
f 1922 2634 2635
f 1925 1922 1920
f 1925 1926 1922
f 1851 1864 1852
f 1851 1861 1864
f 2579 1850 1852
f 2579 1934 1850
f 1916 1917 1918
f 1916 1913 1917
f 2607 2613 2615
f 2607 2606 2613
f 2637 2614 2638
f 2637 2613 2614
f 2615 2639 2616
f 2615 2637 2639
f 1917 2609 1918
f 1917 1950 2609
f 1950 1959 2614
f 1950 1949 1959
f 1967 1954 1957
f 1967 1959 1954
f 1969 1960 1967
f 1969 1961 1960
f 1960 2642 2638
f 1960 1961 2642
f 2646 2639 2641
f 2646 2643 2639
f 2647 2642 2650
f 2647 2641 2642
f 2647 2651 2648
f 2647 2650 2651
f 2636 2629 2630
f 2636 2633 2629
f 2666 2630 2631
f 2666 2665 2630
f 2669 2667 2670
f 2669 2665 2667
f 2674 2670 2673
f 2674 2671 2670
f 2671 1977 2669
f 2671 1978 1977
f 1980 1978 1982
f 1980 1974 1978
f 2635 1977 1976
f 2635 2636 1977
f 1921 1976 1975
f 1921 1923 1976
f 1969 1970 1971
f 1969 1966 1970
f 2649 2655 2657
f 2649 2648 2655
f 2677 2656 2679
f 2677 2655 2656
f 1970 2651 1971
f 1970 2002 2651
f 2002 2012 2656
f 2002 2001 2012
f 2678 2681 2682
f 2678 2677 2681
f 2690 2679 2680
f 2690 2681 2679
f 2015 2006 2009
f 2015 2012 2006
f 2687 2015 2016
f 2687 2680 2015
f 2661 2675 2673
f 2661 2662 2675
f 2676 2704 2705
f 2676 2675 2704
f 1981 2674 2022
f 1981 1982 2674
f 2022 2705 2023
f 2022 2676 2705
f 2704 2700 2706
f 2704 2699 2700
f 2709 2706 2708
f 2709 2707 2706
f 2021 2707 2026
f 2021 2023 2707
f 2715 2689 2691
f 2715 2692 2689
f 2690 2688 2691
f 2690 2687 2688
f 2010 2016 2009
f 2010 2048 2016
f 2050 2049 2051
f 2050 2048 2049
f 2713 2050 2051
f 2713 2688 2050
f 2716 2717 2715
f 2716 2723 2717
f 2724 2713 2714
f 2724 2716 2713
f 2055 2042 2045
f 2055 2049 2042
f 2721 2055 2056
f 2721 2714 2055
f 2700 2710 2708
f 2700 2701 2710
f 2711 2742 2743
f 2711 2710 2742
f 2025 2709 2062
f 2025 2026 2709
f 2062 2743 2063
f 2062 2711 2743
f 2744 2738 2746
f 2744 2737 2738
f 2729 2730 2728
f 2729 2731 2730
f 2728 2742 2729
f 2728 2737 2742
f 2747 2744 2746
f 2747 2745 2744
f 2061 2745 2066
f 2061 2063 2745
f 2754 2723 2725
f 2754 2726 2723
f 2724 2722 2725
f 2724 2721 2722
f 2056 2089 2091
f 2056 2054 2089
f 2752 2091 2092
f 2752 2722 2091
f 2755 2756 2754
f 2755 2762 2756
f 2763 2752 2753
f 2763 2755 2752
f 2760 2094 2095
f 2760 2753 2094
f 2089 2094 2092
f 2089 2090 2094
f 2740 2768 2739
f 2740 2771 2768
f 2738 2768 2748
f 2738 2739 2768
f 2749 2768 2769
f 2749 2748 2768
f 2065 2747 2106
f 2065 2066 2747
f 2749 2099 2106
f 2749 2100 2099
f 2768 2770 2767
f 2768 2771 2770
f 2767 2781 2769
f 2767 2778 2781
f 2097 2782 2098
f 2097 2781 2782
f 2098 2109 2097
f 2098 2110 2109
f 2105 2100 2109
f 2105 2099 2100
f 2791 2762 2764
f 2791 2765 2762
f 2763 2761 2764
f 2763 2760 2761
f 2084 2095 2083
f 2084 2133 2095
f 2135 2134 2136
f 2135 2133 2134
f 2788 2135 2136
f 2788 2761 2135
f 2792 2793 2791
f 2792 2800 2793
f 2801 2789 2797
f 2801 2790 2789
f 2801 2788 2790
f 2801 2792 2788
f 2131 2789 2132
f 2131 2786 2789
f 2132 2124 2123
f 2132 2134 2124
f 2782 2779 2783
f 2782 2778 2779
f 2780 2805 2779
f 2780 2806 2805
f 2784 2805 2815
f 2784 2783 2805
f 2139 2110 2140
f 2139 2108 2110
f 2139 2784 2145
f 2139 2140 2784
f 2815 2812 2817
f 2815 2811 2812
f 2820 2817 2819
f 2820 2818 2817
f 2144 2818 2147
f 2144 2145 2818
f 2830 2798 2823
f 2830 2799 2798
f 2797 2831 2802
f 2797 2799 2831
f 2802 2832 2803
f 2802 2831 2832
f 2130 2786 2131
f 2130 2171 2786
f 2798 2172 2823
f 2798 2171 2172
f 2824 2833 2830
f 2824 2826 2833
f 2824 2829 2825
f 2824 2828 2829
f 2180 2172 2169
f 2180 2828 2172
f 2844 2819 2822
f 2844 2821 2819
f 2185 2820 2821
f 2185 2183 2820
f 2147 2152 2146
f 2147 2183 2152
f 2849 2845 2851
f 2849 2844 2845
f 2852 2850 2849
f 2852 2856 2850
f 2185 2858 2186
f 2185 2850 2858
f 2189 2859 2190
f 2189 2858 2859
f 2186 2187 2182
f 2186 2189 2187
f 2176 2224 2180
f 2176 2179 2224
f 2873 2863 2864
f 2873 2872 2863
f 2869 2227 2228
f 2869 2862 2227
f 2221 2227 2225
f 2221 2222 2227
f 2864 2225 2862
f 2864 2226 2225
f 2865 2825 2838
f 2865 2827 2825
f 2226 2829 2224
f 2226 2838 2829
f 2867 2865 2863
f 2867 2868 2865
f 2857 2853 2886
f 2857 2852 2853
f 2859 2857 2860
f 2859 2856 2857
f 2861 2887 2895
f 2861 2860 2887
f 2190 2197 2188
f 2190 2231 2197
f 2230 2861 2236
f 2230 2231 2861
f 2893 2886 2889
f 2893 2887 2886
f 2898 2895 2896
f 2898 2897 2895
f 2901 2899 2898
f 2901 2904 2899
f 2899 2236 2897
f 2899 2237 2236
f 2909 2904 2905
f 2909 2908 2904
f 2237 2240 2235
f 2237 2908 2240
f 2240 2250 2239
f 2240 2909 2250
f 2917 2292 2293
f 2917 2914 2292
f 2914 2287 2292
f 2914 2290 2287
f 2931 2872 2874
f 2931 2875 2872
f 2873 2871 2874
f 2873 2869 2871
f 2871 2928 2929
f 2871 2870 2928
f 2218 2228 2216
f 2218 2294 2228
f 2870 2289 2291
f 2870 2294 2289
f 2923 2930 2928
f 2923 2925 2930
f 2915 2923 2916
f 2915 2922 2923
f 2931 2930 2932
f 2931 2929 2930
f 2291 2915 2916
f 2291 2290 2915
f 2907 2942 2906
f 2907 2943 2942
f 2905 2942 2912
f 2905 2906 2942
f 2913 2950 2952
f 2913 2912 2950
f 2249 2911 2296
f 2249 2250 2911
f 2298 2911 2913
f 2298 2296 2911
f 2953 2950 2951
f 2953 2952 2950
f 2956 2954 2953
f 2956 2959 2954
f 2255 2297 2303
f 2255 2254 2297
f 2304 2297 2299
f 2304 2303 2297
f 2965 2959 2960
f 2965 2964 2959
f 2298 2964 2299
f 2298 2954 2964
f 2312 2967 2313
f 2312 2965 2967
f 2310 2304 2312
f 2310 2302 2304
f 2311 2313 2316
f 2311 2310 2313
f 2370 2373 2375
f 2370 2369 2373
f 2992 2986 2987
f 2992 2991 2986
f 2992 2984 2990
f 2992 2985 2984
f 2375 2984 2376
f 2375 2982 2984
f 2380 2376 2386
f 2380 2374 2376
f 2379 2386 2384
f 2379 2380 2386
f 2987 2384 2985
f 2987 2385 2384
f 2920 2919 2921
f 2920 2917 2919
f 2919 2999 3000
f 2919 2918 2999
f 2926 2920 2921
f 2926 2922 2920
f 2282 2293 2279
f 2282 2387 2293
f 2918 2385 2988
f 2918 2383 2385
f 2282 2383 2387
f 2282 2281 2383
f 2986 2999 2988
f 2986 2996 2999
f 3002 3001 3003
f 3002 3000 3001
f 3002 2927 2926
f 3002 3005 2927
f 2960 2968 2966
f 2960 2963 2968
f 2971 2966 2969
f 2971 2967 2966
f 3014 2969 2968
f 3014 3016 2969
f 2973 3017 3024
f 2973 2972 3017
f 2318 2325 2315
f 2318 2391 2325
f 2316 2390 2318
f 2316 2389 2390
f 2389 2972 2390
f 2389 2971 2972
f 2327 2391 2392
f 2327 2325 2391
f 3026 2392 2973
f 3026 2395 2392
f 3022 3016 3019
f 3022 3017 3016
f 3027 3024 3025
f 3027 3026 3024
f 3032 3027 3031
f 3032 3028 3027
f 2974 2395 3030
f 2974 2394 2395
f 2332 2394 2397
f 2332 2331 2394
f 2396 2974 2402
f 2396 2397 2974
f 3028 3037 3030
f 3028 3035 3037
f 3040 3037 3038
f 3040 3039 3037
f 3045 3040 3044
f 3045 3041 3040
f 3042 2402 3039
f 3042 2403 2402
f 2975 2401 2404
f 2975 2405 2401
f 2354 2405 2406
f 2354 2352 2405
f 3053 2406 2975
f 3053 2409 2406
f 3041 3051 3043
f 3041 3048 3051
f 3054 3051 3052
f 3054 3053 3051
f 3059 3054 3058
f 3059 3055 3054
f 2404 3042 3043
f 2404 2403 3042
f 2977 3065 3066
f 2977 2976 3065
f 2361 2372 2358
f 2361 2410 2372
f 2976 2409 3057
f 2976 2408 2409
f 2361 2408 2410
f 2361 2360 2408
f 2412 2372 2411
f 2412 2373 2372
f 2983 2411 2977
f 2983 2412 2411
f 3055 3065 3057
f 3055 3062 3065
f 3068 3067 3069
f 3068 3066 3067
f 2980 2982 2983
f 2980 2979 2982
f 3068 2981 2980
f 3068 3071 2981
f 2979 2993 2990
f 2979 2981 2993
f 1761 1762 1760
f 1761 1765 1762
f 3085 1765 3083
f 3085 1766 1765
f 1761 1751 1769
f 1761 1750 1751
f 3082 1767 1768
f 3082 3081 1767
f 1767 3084 1769
f 1767 3081 3084
f 3084 3089 3083
f 3084 3092 3089
f 3092 3091 3089
f 3092 3094 3091
f 1766 1763 1762
f 1766 1771 1763
f 3085 3096 3088
f 3085 3090 3096
f 3106 3087 3088
f 3106 3099 3087
f 3100 3106 3107
f 3100 3099 3106
f 3090 3098 3097
f 3090 3091 3098
f 3111 3104 3109
f 3111 3105 3104
f 3232 3235 3234
f 3232 3233 3235
f 3245 3233 3232
f 3245 3246 3233
f 3252 3248 3255
f 3252 3247 3248
f 3249 3248 3246
f 3249 3254 3248
f 3257 3252 3258
f 3257 3251 3252
f 3256 3258 3255
f 3256 3260 3258
f 2457 3254 2456
f 2457 3256 3254
f 3148 3261 3149
f 3148 3257 3261
f 3152 3261 3262
f 3152 3151 3261
f 3158 3156 3155
f 3158 3159 3156
f 3154 3153 3155
f 3154 3151 3153
f 2479 3152 2478
f 2479 3153 3152
f 3260 2449 3262
f 3260 2448 2449
f 2464 2448 2463
f 2464 2449 2448
f 2468 2464 2459
f 2468 2469 2464
f 2469 2476 2478
f 2469 2468 2476
f 3165 3158 3164
f 3165 3160 3158
f 3173 3170 3169
f 3173 3174 3170
f 3168 3167 3169
f 3168 3165 3167
f 2481 3164 2479
f 2481 3166 3164
f 3166 2485 2496
f 3166 2487 2485
f 2496 3178 3167
f 2496 2497 3178
f 2482 2481 2477
f 2482 2487 2481
f 3181 3173 3180
f 3181 3175 3173
f 3189 3186 3185
f 3189 3190 3186
f 3184 3183 3185
f 3184 3181 3183
f 3180 2497 2498
f 3180 3178 2497
f 2498 2503 3182
f 2498 2495 2503
f 2513 3182 2512
f 2513 3183 3182
f 2503 2510 2512
f 2503 2502 2510
f 3196 3189 3195
f 3196 3191 3189
f 3203 3201 3200
f 3203 3204 3201
f 3199 3198 3200
f 3199 3196 3198
f 2515 3195 2513
f 2515 3197 3195
f 2530 3197 2529
f 2530 3198 3197
f 2516 2515 2511
f 2516 2520 2515
f 2520 2527 2529
f 2520 2519 2527
f 3209 3203 3208
f 3209 3205 3203
f 3267 3210 3268
f 3267 3209 3210
f 3211 3269 3212
f 3211 3267 3269
f 2532 3208 2530
f 2532 3210 3208
f 2533 2532 2528
f 2533 2537 2532
f 2537 2541 2542
f 2537 2536 2541
f 2542 3272 3268
f 2542 2543 3272
f 2543 2545 2550
f 2543 2541 2545
f 3276 3269 3271
f 3276 3273 3269
f 3279 3277 3282
f 3279 3276 3277
f 3277 3272 3278
f 3277 3271 3272
f 3281 3289 3282
f 3281 3287 3289
f 3281 2550 2551
f 3281 3278 2550
f 3222 3219 3218
f 3222 3223 3219
f 3311 3218 3219
f 3311 3310 3218
f 3316 3303 3315
f 3316 3304 3303
f 3314 3312 3316
f 3314 3310 3312
f 2575 3315 2574
f 2575 3317 3315
f 3317 2564 3314
f 3317 2565 2564
f 2570 2565 2575
f 2570 2563 2565
f 3242 3222 3241
f 3242 3224 3222
f 3221 3242 3240
f 3221 3224 3242
f 3245 3244 3250
f 3245 3240 3244
f 2566 3241 2564
f 2566 3243 3241
f 3243 2581 2593
f 3243 2583 2581
f 2593 3250 3244
f 2593 2594 3250
f 2577 2566 2563
f 2577 2583 2566
f 2446 2456 2447
f 2446 2453 2456
f 3249 2445 2447
f 3249 2594 2445
f 2457 2461 2463
f 2457 2455 2461
f 3295 3288 3289
f 3295 3290 3288
f 2549 2558 2551
f 2549 2556 2558
f 3287 2557 2602
f 3287 2558 2557
f 3297 3290 3296
f 3297 3292 3290
f 3320 3298 3322
f 3320 3297 3298
f 3296 2602 2603
f 3296 3295 2602
f 2603 2610 3298
f 2603 2601 2610
f 3321 3324 3325
f 3321 3320 3324
f 3332 3322 3323
f 3332 3324 3322
f 2617 2604 2607
f 2617 2610 2604
f 3330 2617 2618
f 3330 3323 2617
f 3351 3348 3352
f 3351 3347 3348
f 3361 3349 3360
f 3361 3350 3349
f 3350 3352 3349
f 3350 3354 3352
f 2629 2626 2632
f 2629 2623 2626
f 3305 3355 3306
f 3305 3351 3355
f 3303 3355 3319
f 3303 3306 3355
f 2560 2574 2561
f 2560 2571 2574
f 2627 3319 3356
f 2627 2625 3319
f 2560 2625 2624
f 2560 2561 2625
f 3354 2627 3356
f 3354 2626 2627
f 3338 3331 3332
f 3338 3333 3331
f 3330 2616 2644
f 3330 2618 2616
f 3340 3333 3339
f 3340 3335 3333
f 3366 3341 3368
f 3366 3340 3341
f 3339 2644 2645
f 3339 3338 2644
f 2645 2652 3341
f 2645 2643 2652
f 3367 3370 3371
f 3367 3366 3370
f 3378 3368 3369
f 3378 3370 3368
f 2658 2646 2649
f 2658 2652 2646
f 3376 2658 2659
f 3376 3369 2658
f 3344 3362 3360
f 3344 3345 3362
f 3363 3385 3386
f 3363 3362 3385
f 2631 3361 2672
f 2631 2632 3361
f 3363 2666 2672
f 3363 2668 2666
f 3385 3387 3384
f 3385 3388 3387
f 3384 3399 3386
f 3384 3398 3399
f 2663 3400 2664
f 2663 3399 3400
f 2667 2663 2661
f 2667 2668 2663
f 3382 3377 3378
f 3382 3379 3377
f 2659 2678 2683
f 2659 2657 2678
f 2685 3376 2683
f 2685 3382 3376
f 2686 2689 2693
f 2686 2682 2689
f 3402 3380 3379
f 3402 3404 3380
f 3407 3402 3403
f 3407 3406 3402
f 3407 3411 3408
f 3407 3410 3411
f 2685 3410 3403
f 2685 2686 3410
f 3401 3394 3395
f 3401 3398 3394
f 3420 3395 3396
f 3420 3419 3395
f 3422 3420 3424
f 3422 3419 3420
f 3428 3423 3422
f 3428 3432 3423
f 3400 2697 2696
f 3400 3401 2697
f 2662 2696 2695
f 2662 2664 2696
f 2697 3433 2698
f 2697 3423 3433
f 2702 3434 2703
f 2702 3433 3434
f 2698 2699 2695
f 2698 2702 2699
f 3409 3415 3416
f 3409 3408 3415
f 3442 3414 3436
f 3442 3415 3414
f 2692 3411 2693
f 2692 2719 3411
f 3414 2720 3436
f 3414 2719 2720
f 3437 3445 3442
f 3437 3439 3445
f 3437 3441 3438
f 3437 3440 3441
f 2727 2720 2717
f 2727 3440 2720
f 3435 3428 3429
f 3435 3432 3428
f 3454 3429 3430
f 3454 3453 3429
f 3456 3454 3458
f 3456 3453 3454
f 3462 3457 3456
f 3462 3466 3457
f 3434 2733 2732
f 3434 3435 2733
f 2701 2732 2731
f 2701 2703 2732
f 2733 3467 2734
f 2733 3457 3467
f 2734 2741 2730
f 2734 3467 2741
f 3439 3449 3450
f 3439 3438 3449
f 3476 3448 3470
f 3476 3449 3448
f 2726 3441 2727
f 2726 2758 3441
f 3448 2759 3470
f 3448 2758 2759
f 3471 3479 3476
f 3471 3473 3479
f 3471 3475 3472
f 3471 3474 3475
f 2766 2759 2756
f 2766 3474 2759
f 3469 3462 3463
f 3469 3466 3462
f 3491 3463 3464
f 3491 3490 3463
f 3494 3491 3495
f 3494 3490 3491
f 3492 3501 3493
f 3492 3494 3501
f 3493 2773 3492
f 3493 2774 2773
f 2776 2774 2777
f 2776 2770 2774
f 3468 2740 2741
f 3468 2772 2740
f 3468 2773 2772
f 3468 3469 2773
f 3473 3484 3485
f 3473 3472 3484
f 3512 3483 3505
f 3512 3484 3483
f 2765 3475 2766
f 2765 2795 3475
f 3483 2796 3505
f 3483 2795 2796
f 3506 3515 3512
f 3506 3508 3515
f 3506 3511 3507
f 3506 3510 3511
f 2804 2796 2793
f 2804 3510 2796
f 3499 3501 3502
f 3499 3498 3501
f 3522 3502 3503
f 3522 3521 3502
f 2809 3498 3499
f 2809 2807 3498
f 2777 2780 2776
f 2777 2807 2780
f 3524 3522 3526
f 3524 3521 3522
f 3529 3525 3524
f 3529 3532 3525
f 2809 3534 2810
f 2809 3525 3534
f 2813 3535 2814
f 2813 3534 3535
f 2810 2811 2806
f 2810 2813 2811
f 2800 2835 2804
f 2800 2803 2835
f 3547 3538 3539
f 3547 3546 3538
f 3544 2839 2840
f 3544 3537 2839
f 2832 2839 2836
f 2832 2833 2839
f 3539 2836 3537
f 3539 2837 2836
f 3540 3507 3518
f 3540 3509 3507
f 2837 3511 2835
f 2837 3518 3511
f 3542 3540 3538
f 3542 3543 3540
f 3557 2429 2431
f 3557 2437 2429
f 3533 3530 3566
f 3533 3529 3530
f 3574 3566 3570
f 3574 3567 3566
f 3535 3533 3536
f 3535 3532 3533
f 2814 2822 2812
f 2814 2846 2822
f 2842 3536 3569
f 2842 2841 3536
f 2847 2841 2842
f 2847 2846 2841
f 3567 3581 3569
f 3567 3575 3581
f 3582 3575 3576
f 3582 3581 3575
f 2854 3584 2855
f 2854 3582 3584
f 2851 2847 2854
f 2851 2845 2847
f 3590 3546 3548
f 3590 3549 3546
f 3547 3545 3548
f 3547 3544 3545
f 2827 2840 2826
f 2827 2879 2840
f 2881 2880 2882
f 2881 2879 2880
f 3588 2881 2882
f 3588 3545 2881
f 3591 3592 3590
f 3591 3599 3592
f 3600 3588 3589
f 3600 3591 3588
f 2877 2868 2867
f 2877 2880 2868
f 2878 2883 2877
f 2878 2884 2883
f 3596 2883 2884
f 3596 3589 2883
f 3563 2437 3557
f 3563 2438 2437
f 3576 3586 3583
f 3576 3579 3586
f 3616 3583 3586
f 3616 3585 3583
f 2853 3584 2890
f 2853 2855 3584
f 2890 3620 2891
f 2890 3585 3620
f 3621 3617 3623
f 3621 3616 3617
f 3624 3622 3621
f 3624 3627 3622
f 3622 2891 3620
f 3622 2892 2891
f 3632 3627 3628
f 3632 3631 3627
f 2892 2894 2889
f 2892 3631 2894
f 2896 2894 2902
f 2896 2893 2894
f 2902 3634 2903
f 2902 3632 3634
f 2933 2938 2939
f 2933 2932 2938
f 3600 3598 3601
f 3600 3596 3598
f 3598 3649 3650
f 3598 3597 3649
f 3601 3651 3602
f 3601 3650 3651
f 2940 2875 2934
f 2940 2878 2875
f 3597 2934 2935
f 3597 2940 2934
f 3641 3652 3649
f 3641 3643 3652
f 3641 3647 3642
f 3641 3646 3647
f 2939 2935 2933
f 2939 3646 2935
f 3630 3665 3629
f 3630 3666 3665
f 3628 3665 3635
f 3628 3629 3665
f 3636 3673 3675
f 3636 3635 3673
f 2946 3634 3636
f 2946 2944 3634
f 2903 2907 2901
f 2903 2944 2907
f 3676 3673 3674
f 3676 3675 3673
f 3679 3677 3676
f 3679 3682 3677
f 3688 3682 3683
f 3688 3687 3682
f 2946 3687 2947
f 2946 3677 3687
f 2947 2948 2943
f 2947 2949 2948
f 2951 2949 2957
f 2951 2948 2949
f 2957 3690 2958
f 2957 3688 3690
f 3707 3701 3705
f 3707 3702 3701
f 2997 3701 2998
f 2997 3700 3701
f 3001 2998 3008
f 3001 2996 2998
f 3702 3003 3008
f 3702 3006 3003
f 3639 3718 3719
f 3639 3638 3718
f 2927 2937 2925
f 2927 3009 2937
f 3638 3005 3007
f 3638 3009 3005
f 3011 2937 3010
f 3011 2938 2937
f 3648 3010 3639
f 3648 3011 3010
f 3712 3720 3718
f 3712 3714 3720
f 3703 3712 3704
f 3703 3711 3712
f 3721 3720 3722
f 3721 3719 3720
f 3007 3703 3704
f 3007 3006 3703
f 3644 3647 3648
f 3644 3642 3647
f 3721 3645 3644
f 3721 3724 3645
f 3559 3564 3558
f 3559 3611 3564
f 3612 3563 3564
f 3612 3604 3563
f 3683 3691 3689
f 3683 3686 3691
f 3694 3689 3692
f 3694 3690 3689
f 3737 3692 3691
f 3737 3739 3692
f 2958 2962 2956
f 2958 3012 2962
f 3696 3740 3747
f 3696 3695 3740
f 3012 3695 3013
f 3012 3694 3695
f 2963 3013 3015
f 2963 2962 3013
f 3014 3696 3020
f 3014 3015 3696
f 3745 3739 3742
f 3745 3740 3739
f 3750 3747 3748
f 3750 3749 3747
f 3754 3750 3753
f 3754 3751 3750
f 3752 3020 3749
f 3752 3021 3020
f 3763 3759 3766
f 3763 3758 3759
f 3752 3758 3762
f 3752 3751 3758
f 3767 3763 3766
f 3767 3764 3763
f 3021 3023 3019
f 3021 3762 3023
f 3025 3023 3034
f 3025 3022 3023
f 3764 3031 3034
f 3764 3033 3031
f 3778 3772 3773
f 3778 3777 3772
f 3033 3036 3032
f 3033 3777 3036
f 3038 3036 3046
f 3038 3035 3036
f 3046 3780 3047
f 3046 3778 3780
f 3045 3047 3049
f 3045 3044 3047
f 3049 3790 3050
f 3049 3788 3790
f 3052 3050 3060
f 3052 3048 3050
f 3060 3792 3061
f 3060 3790 3792
f 3059 3061 3063
f 3059 3058 3061
f 3810 3804 3805
f 3810 3809 3804
f 3810 3802 3808
f 3810 3803 3802
f 3063 3802 3064
f 3063 3800 3802
f 3067 3064 3074
f 3067 3062 3064
f 3803 3069 3074
f 3803 3072 3069
f 3697 3071 3073
f 3697 3075 3071
f 2995 3075 3076
f 2995 2993 3075
f 2991 3077 2997
f 2991 2995 3077
f 3819 3076 3697
f 3819 3078 3076
f 3804 3817 3806
f 3804 3814 3817
f 3820 3817 3818
f 3820 3819 3817
f 3826 3820 3825
f 3826 3821 3820
f 3073 3805 3806
f 3073 3072 3805
f 3823 3698 3706
f 3823 3699 3698
f 3698 3708 3705
f 3698 3699 3708
f 3710 3715 3709
f 3710 3716 3715
f 3715 3707 3709
f 3715 3711 3707
f 3078 3700 3077
f 3078 3706 3700
f 3826 3823 3821
f 3826 3827 3823
f 3770 3774 3769
f 3770 3775 3774
f 3774 3767 3769
f 3774 3772 3767
f 3773 3781 3779
f 3773 3776 3781
f 3783 3785 3782
f 3783 3786 3785
f 3789 3779 3782
f 3789 3780 3779
f 3785 3788 3789
f 3785 3784 3788
f 3784 3793 3791
f 3784 3787 3793
f 3795 3797 3794
f 3795 3798 3797
f 3801 3791 3794
f 3801 3792 3791
f 3797 3800 3801
f 3797 3796 3800
f 3796 3811 3808
f 3796 3799 3811
f 2439 2438 2440
f 2439 2436 2438
f 2440 3609 2441
f 2440 3606 3609
f 3606 3610 3609
f 3606 3608 3610
f 3604 3854 3608
f 3604 3733 3854
f 3890 3879 3889
f 3890 3880 3879
f 3891 3894 3893
f 3891 3892 3894
f 3898 3892 3891
f 3898 3900 3892
f 3889 3898 3890
f 3889 3897 3898
f 3905 3902 3908
f 3905 3901 3902
f 3903 3902 3900
f 3903 3907 3902
f 3910 3914 3913
f 3910 3911 3914
f 3909 3910 3908
f 3909 3912 3910
f 3172 3907 3171
f 3172 3909 3907
f 3922 3920 3925
f 3922 3919 3920
f 3920 3912 3921
f 3920 3911 3912
f 3927 3931 3930
f 3927 3928 3931
f 3926 3927 3925
f 3926 3929 3927
f 3924 3176 3177
f 3924 3921 3176
f 3188 3924 3187
f 3188 3926 3924
f 3939 3937 3942
f 3939 3936 3937
f 3937 3929 3938
f 3937 3928 3929
f 3943 3946 3945
f 3943 3944 3946
f 3951 3944 3943
f 3951 3952 3944
f 3941 3951 3942
f 3941 3950 3951
f 3941 3192 3193
f 3941 3938 3192
f 3955 3959 3962
f 3955 3954 3959
f 3956 3954 3952
f 3956 3959 3954
f 3989 3995 3994
f 3989 3990 3995
f 4000 3987 3999
f 4000 3988 3987
f 3988 3989 3987
f 3988 3991 3989
f 3859 3992 3993
f 3859 3858 3992
f 3864 3863 3862
f 3864 3865 3863
f 3861 3860 3862
f 3861 3858 3860
f 3237 3859 3236
f 3237 3860 3859
f 3992 3995 3990
f 3992 3996 3995
f 3991 3216 3993
f 3991 3215 3216
f 3226 3215 3225
f 3226 3216 3215
f 3229 3226 3221
f 3229 3230 3226
f 3230 3234 3236
f 3230 3229 3234
f 3871 3864 3870
f 3871 3866 3864
f 3881 3876 3875
f 3881 3882 3876
f 3874 3873 3875
f 3874 3871 3873
f 3239 3870 3237
f 3239 3872 3870
f 3872 3251 3263
f 3872 3253 3251
f 3263 3887 3873
f 3263 3264 3887
f 3247 3239 3235
f 3247 3253 3239
f 3886 3881 3887
f 3886 3879 3881
f 3149 3157 3150
f 3149 3154 3157
f 3886 3148 3150
f 3886 3264 3148
f 3897 3156 3265
f 3897 3157 3156
f 3160 3171 3161
f 3160 3168 3171
f 3903 3159 3161
f 3903 3265 3159
f 3172 3174 3176
f 3172 3170 3174
f 3175 3187 3177
f 3175 3184 3187
f 3188 3190 3192
f 3188 3186 3190
f 3191 3202 3193
f 3191 3199 3202
f 3950 3201 3266
f 3950 3202 3201
f 3970 3966 3965
f 3970 3971 3966
f 3962 3975 3965
f 3962 3963 3975
f 3205 3213 3206
f 3205 3211 3213
f 3956 3204 3206
f 3956 3266 3204
f 3963 3212 3274
f 3963 3213 3212
f 3977 3970 3976
f 3977 3972 3970
f 4008 3978 4009
f 4008 3977 3978
f 3979 4010 3980
f 3979 4008 4010
f 3976 3274 3275
f 3976 3975 3274
f 3275 3280 3978
f 3275 3273 3280
f 3280 3284 3285
f 3280 3279 3284
f 3285 4013 4009
f 3285 3286 4013
f 3286 3288 3293
f 3286 3284 3288
f 4017 4010 4012
f 4017 4014 4010
f 4020 4018 4023
f 4020 4017 4018
f 4018 4013 4019
f 4018 4012 4013
f 4022 4030 4023
f 4022 4028 4030
f 4022 3293 3294
f 4022 4019 3293
f 3983 4001 3999
f 3983 3984 4001
f 4002 4041 4042
f 4002 4001 4041
f 3219 4000 3318
f 3219 3220 4000
f 4002 3311 3318
f 4002 3313 3311
f 3220 3223 3225
f 3220 3219 3223
f 4041 4043 4040
f 4041 4044 4043
f 4040 4057 4042
f 4040 4056 4057
f 3307 4058 3308
f 3307 4057 4058
f 3312 3307 3304
f 3312 3313 3307
f 4035 4029 4030
f 4035 4031 4029
f 3292 3300 3294
f 3292 3299 3300
f 3300 3321 3326
f 3300 3299 3321
f 3328 4028 3326
f 3328 4035 4028
f 3329 3331 3336
f 3329 3325 3331
f 4060 4032 4031
f 4060 4062 4032
f 4066 4064 4070
f 4066 4063 4064
f 4064 4060 4061
f 4064 4063 4060
f 4069 4078 4070
f 4069 4076 4078
f 3328 4065 4061
f 3328 3329 4065
f 4069 3336 3337
f 4069 4065 3336
f 4051 4049 4052
f 4051 4048 4049
f 4049 4100 4101
f 4049 4048 4100
f 4059 4050 4052
f 4059 4056 4050
f 3357 4059 4049
f 3357 3358 4059
f 3357 4101 3359
f 3357 4049 4101
f 4085 4086 4084
f 4085 4087 4086
f 4084 4100 4085
f 4084 4097 4100
f 4098 4097 4096
f 4098 4102 4097
f 3365 3346 3344
f 3365 4102 3346
f 3365 3347 3359
f 3365 3348 3347
f 4058 3305 3308
f 4058 3358 3305
f 4082 4077 4078
f 4082 4079 4077
f 3335 3343 3337
f 3335 3342 3343
f 3343 3367 3372
f 3343 3342 3367
f 3374 4076 3372
f 3374 4082 4076
f 3375 3377 3381
f 3375 3371 3377
f 4105 4080 4079
f 4105 4107 4080
f 4110 4105 4106
f 4110 4109 4105
f 4110 4114 4111
f 4110 4113 4114
f 3374 4113 4106
f 3374 3375 4113
f 4099 4092 4093
f 4099 4096 4092
f 4128 4093 4094
f 4128 4127 4093
f 4130 4129 4131
f 4130 4127 4129
f 4136 4131 4135
f 4136 4132 4131
f 4132 3390 4130
f 4132 3391 3390
f 3394 3391 3397
f 3394 3387 3391
f 4098 3390 3389
f 4098 4099 3390
f 3345 3389 3388
f 3345 3346 3389
f 4112 4118 4120
f 4112 4111 4118
f 4140 4119 4142
f 4140 4118 4119
f 3380 4114 3381
f 3380 3405 4114
f 3405 3412 4119
f 3405 3404 3412
f 4141 4144 4145
f 4141 4140 4144
f 4152 4142 4143
f 4152 4144 4142
f 3417 3406 3409
f 3417 3412 3406
f 4149 3417 3418
f 4149 4143 3417
f 4161 4135 4138
f 4161 4137 4135
f 3396 4136 3425
f 3396 3397 4136
f 3425 4166 3426
f 3425 4137 4166
f 4166 4163 4167
f 4166 4161 4163
f 4170 4167 4169
f 4170 4168 4167
f 3424 4168 3431
f 3424 3426 4168
f 4176 4151 4153
f 4176 4154 4151
f 4152 4150 4153
f 4152 4149 4150
f 3418 3444 3446
f 3418 3416 3444
f 4174 3446 3447
f 4174 4150 3446
f 4177 4178 4176
f 4177 4183 4178
f 4184 4174 4175
f 4184 4177 4174
f 4182 3451 3452
f 4182 4175 3451
f 3444 3451 3447
f 3444 3445 3451
f 3108 3109 3107
f 3108 3112 3109
f 4192 3112 4190
f 4192 3113 3112
f 3108 3097 3116
f 3108 3096 3097
f 4204 4169 4172
f 4204 4171 4169
f 3430 4170 3459
f 3430 3431 4170
f 3459 4209 3460
f 3459 4171 4209
f 4209 4206 4210
f 4209 4204 4206
f 4213 4210 4212
f 4213 4211 4210
f 3458 4211 3465
f 3458 3460 4211
f 4188 4183 4184
f 4188 4185 4183
f 3452 3478 3480
f 3452 3450 3478
f 3482 4182 3480
f 3482 4188 4182
f 4228 4217 4218
f 4228 4227 4217
f 4225 3486 3487
f 4225 4216 3486
f 3478 3486 3481
f 3478 3479 3486
f 4218 3481 4216
f 4218 3482 3481
f 4219 4186 4185
f 4219 4222 4186
f 4221 4219 4217
f 4221 4222 4219
f 4124 3114 3115
f 4124 4123 3114
f 3114 4191 3116
f 3114 4123 4191
f 4242 4212 4215
f 4242 4214 4212
f 3464 4213 3496
f 3464 3465 4213
f 3496 4247 3497
f 3496 4214 4247
f 4247 4244 4248
f 4247 4242 4244
f 4251 4248 4250
f 4251 4249 4248
f 3495 4249 3504
f 3495 3497 4249
f 4257 4227 4229
f 4257 4230 4227
f 4228 4226 4229
f 4228 4225 4226
f 3487 3514 3516
f 3487 3485 3514
f 4255 3516 3517
f 4255 4226 3516
f 4258 4259 4257
f 4258 4265 4259
f 4266 4255 4256
f 4266 4258 4255
f 4263 3519 3520
f 4263 4256 3519
f 3514 3519 3517
f 3514 3515 3519
f 4191 4194 4190
f 4191 4232 4194
f 4232 4196 4194
f 4232 4234 4196
f 4275 4250 4253
f 4275 4252 4250
f 3503 4251 3527
f 3503 3504 4251
f 3527 4280 3528
f 3527 4252 4280
f 4280 4277 4281
f 4280 4275 4277
f 4284 4281 4283
f 4284 4282 4281
f 3526 4282 3531
f 3526 3528 4282
f 4266 4264 4267
f 4266 4263 4264
f 4267 4291 4268
f 4267 4290 4291
f 3509 3520 3508
f 3509 3552 3520
f 3554 3553 3555
f 3554 3552 3553
f 4293 3554 3555
f 4293 4264 3554
f 4287 4295 4294
f 4287 4288 4295
f 4292 4293 4295
f 4292 4290 4293
f 3550 4294 3551
f 3550 4289 4294
f 3551 3543 3542
f 3551 3553 3543
f 3111 4193 3122
f 3111 3113 4193
f 3122 3124 3121
f 3122 4305 3124
f 3124 4306 3125
f 3124 4305 4306
f 4316 4283 4286
f 4316 4285 4283
f 3530 4284 3571
f 3530 3531 4284
f 3571 4319 3572
f 3571 4285 4319
f 4320 4317 4322
f 4320 4316 4317
f 4324 4321 4320
f 4324 4327 4321
f 4321 3572 4319
f 4321 3573 3572
f 3574 3573 3580
f 3574 3570 3573
f 4288 4301 4302
f 4288 4287 4301
f 4339 4300 4332
f 4339 4301 4300
f 3549 4289 3550
f 3549 3594 4289
f 4300 3595 4332
f 4300 3594 3595
f 4333 4342 4339
f 4333 4335 4342
f 4333 4338 4334
f 4333 4337 4338
f 3603 3595 3592
f 3603 4337 3595
f 4192 4307 4193
f 4192 4197 4307
f 4328 4325 4354
f 4328 4324 4325
f 4330 4328 4331
f 4330 4327 4328
f 4330 3578 3580
f 4330 3613 3578
f 3614 4331 4356
f 3614 3613 4331
f 3579 3613 3618
f 3579 3578 3613
f 3619 3613 3614
f 3619 3618 3613
f 4368 4364 4369
f 4368 4363 4364
f 4362 4354 4358
f 4362 4355 4354
f 4355 4363 4356
f 4355 4362 4363
f 3625 4370 3626
f 3625 4368 4370
f 3623 3619 3625
f 3623 3617 3619
f 3599 3654 3603
f 3599 3602 3654
f 4385 4374 4375
f 4385 4384 4374
f 4381 3657 3658
f 4381 4373 3657
f 3651 3657 3655
f 3651 3652 3657
f 4375 3655 4373
f 4375 3656 3655
f 4376 4334 4345
f 4376 4336 4334
f 3656 4338 3654
f 3656 4345 4338
f 4378 4376 4374
f 4378 4379 4376
f 4306 4310 4308
f 4306 4307 4310
f 4349 4197 4198
f 4349 4348 4197
f 4236 4196 4235
f 4236 4198 4196
f 4348 4312 4310
f 4348 4350 4312
f 4392 4369 4372
f 4392 4371 4369
f 3669 4370 4371
f 3669 3667 4370
f 3626 3630 3624
f 3626 3667 3630
f 4396 4393 4398
f 4396 4392 4393
f 4400 4397 4396
f 4400 4402 4397
f 4408 4402 4403
f 4408 4407 4402
f 3669 4407 3670
f 3669 4397 4407
f 3670 3671 3666
f 3670 3672 3671
f 3674 3672 3680
f 3674 3671 3672
f 3680 4410 3681
f 3680 4408 4410
f 3723 3728 3729
f 3723 3722 3728
f 4385 4383 4386
f 4385 4381 4383
f 4383 4433 4434
f 4383 4382 4433
f 4386 4435 4387
f 4386 4434 4435
f 3645 3658 3643
f 3645 3730 3658
f 4382 3724 3725
f 4382 3730 3724
f 4423 4436 4433
f 4423 4425 4436
f 4423 4431 4424
f 4423 4430 4431
f 3729 3725 3723
f 3729 4430 3725
f 4403 4411 4409
f 4403 4406 4411
f 4414 4409 4412
f 4414 4410 4409
f 4446 4412 4411
f 4446 4448 4412
f 3681 3685 3679
f 3681 3735 3685
f 4416 4449 4456
f 4416 4415 4449
f 3735 4415 3736
f 3735 4414 4415
f 3686 3736 3738
f 3686 3685 3736
f 3737 4416 3743
f 3737 3738 4416
f 4454 4448 4451
f 4454 4449 4448
f 4459 4456 4457
f 4459 4458 4456
f 4462 4460 4459
f 4462 4465 4460
f 4460 3743 4458
f 4460 3744 3743
f 4471 4465 4466
f 4471 4470 4465
f 3744 3746 3742
f 3744 4470 3746
f 3748 3746 3755
f 3748 3745 3746
f 3755 4473 3756
f 3755 4471 4473
f 3754 3756 3760
f 3754 3753 3756
f 3760 4483 3761
f 3760 4481 4483
f 3761 3771 3759
f 3761 4483 3771
f 4520 4514 4515
f 4520 4519 4514
f 4520 4512 4518
f 4520 4513 4512
f 3815 4512 3816
f 3815 4510 4512
f 3818 3816 3830
f 3818 3814 3816
f 4513 3825 3830
f 4513 3828 3825
f 4417 3827 3829
f 4417 3831 3827
f 3710 3831 3832
f 3710 3708 3831
f 4530 3832 4417
f 4530 3835 3832
f 4514 4528 4516
f 4514 4525 4528
f 4531 4528 4529
f 4531 4530 4528
f 4536 4531 4535
f 4536 4532 4531
f 3829 4515 4516
f 3829 3828 4515
f 4422 4426 4421
f 4422 4427 4426
f 4420 4541 4542
f 4420 4419 4541
f 4421 4543 4422
f 4421 4542 4543
f 3717 3727 3714
f 3717 3836 3727
f 4419 3835 4534
f 4419 3834 3835
f 3717 3834 3836
f 3717 3716 3834
f 3838 3727 3837
f 3838 3728 3727
f 4432 3837 4420
f 4432 3838 3837
f 4532 4541 4534
f 4532 4540 4541
f 4426 4431 4432
f 4426 4424 4431
f 4442 3132 4309
f 4442 3133 3132
f 4466 4474 4472
f 4466 4469 4474
f 4476 4478 4475
f 4476 4479 4478
f 4482 4472 4475
f 4482 4473 4472
f 4478 4481 4482
f 4478 4477 4481
f 4477 4486 4484
f 4477 4480 4486
f 4489 4484 4487
f 4489 4485 4484
f 4563 4487 4486
f 4563 4565 4487
f 3770 4485 3840
f 3770 3771 4485
f 4491 4566 4573
f 4491 4490 4566
f 3840 4490 3841
f 3840 4489 4490
f 3776 3841 3842
f 3776 3775 3841
f 3783 3842 3843
f 3783 3781 3842
f 4576 3843 4491
f 4576 3846 3843
f 4572 4565 4568
f 4572 4566 4565
f 4577 4573 4574
f 4577 4576 4573
f 4582 4577 4581
f 4582 4578 4577
f 4493 4587 4588
f 4493 4492 4587
f 4492 3846 4580
f 4492 3845 3846
f 3787 3845 3847
f 3787 3786 3845
f 3795 3847 3848
f 3795 3793 3847
f 4497 3848 4493
f 4497 3849 3848
f 4578 4587 4580
f 4578 4586 4587
f 4591 4589 4592
f 4591 4588 4589
f 4591 4496 4495
f 4591 4594 4496
f 4495 4499 4498
f 4495 4496 4499
f 4504 4506 4503
f 4504 4507 4506
f 4501 4502 4503
f 4501 4499 4502
f 3849 4498 3850
f 3849 4497 4498
f 3799 3850 3851
f 3799 3798 3850
f 3813 3851 3852
f 3813 3811 3851
f 4511 3852 4501
f 4511 3853 3852
f 3809 3853 3815
f 3809 3813 3853
f 4506 4510 4511
f 4506 4505 4510
f 4505 4521 4518
f 4505 4508 4521
f 4308 4443 4309
f 4308 4313 4443
f 4549 4442 4443
f 4549 4548 4442
f 4554 4551 4549
f 4554 4555 4551
f 4603 4313 4314
f 4603 4602 4313
f 4352 4312 4351
f 4352 4314 4312
f 4608 4602 4603
f 4608 4604 4602
f 4604 4555 4554
f 4604 4605 4555
f 4606 4552 4551
f 4606 4619 4552
f 4614 4619 4620
f 4614 4613 4619
f 4654 4645 4653
f 4654 4646 4645
f 3660 3732 3659
f 3660 4667 3732
f 3732 3612 3611
f 3732 3734 3612
f 3855 3734 4669
f 3855 3733 3734
f 3856 4671 4672
f 3856 3855 4671
f 4648 4651 4652
f 4648 4646 4651
f 4670 4647 4648
f 4670 4667 4647
f 4663 4652 4651
f 4663 4675 4652
f 4670 4671 4669
f 4670 4673 4671
f 4676 4673 4675
f 4676 4674 4673
f 4726 4716 4725
f 4726 4717 4716
f 4728 4732 4731
f 4728 4729 4732
f 4727 4728 4726
f 4727 4730 4728
f 3878 4725 3877
f 3878 4727 4725
f 4740 4737 4743
f 4740 4736 4737
f 4737 4730 4738
f 4737 4729 4730
f 4745 4740 4746
f 4745 4739 4740
f 4744 4746 4743
f 4744 4748 4746
f 4742 3884 3885
f 4742 4738 3884
f 3899 3885 3880
f 3899 4742 3885
f 3893 4744 3899
f 3893 3895 4744
f 4682 4749 4683
f 4682 4745 4749
f 4686 4749 4750
f 4686 4685 4749
f 4692 4690 4689
f 4692 4693 4690
f 4688 4687 4689
f 4688 4685 4687
f 3916 4686 3915
f 3916 4687 4686
f 4748 3896 4750
f 4748 3895 3896
f 3901 3896 3894
f 3901 3906 3896
f 3906 3913 3915
f 3906 3905 3913
f 4697 4692 4696
f 4697 4694 4692
f 4703 4702 4701
f 4703 4704 4702
f 4700 4699 4701
f 4700 4697 4699
f 3918 4696 3916
f 3918 4698 4696
f 3933 4698 3932
f 3933 4699 4698
f 3919 3918 3914
f 3919 3923 3918
f 3923 3930 3932
f 3923 3922 3930
f 4756 4704 4703
f 4756 4757 4704
f 4756 4707 4762
f 4756 4706 4707
f 3935 4706 3933
f 3935 4707 4706
f 4762 4766 4763
f 4762 4765 4766
f 4766 4771 4770
f 4766 4767 4771
f 3936 3935 3931
f 3936 3940 3935
f 3940 3945 3947
f 3940 3939 3945
f 3947 4768 4765
f 3947 3948 4768
f 4777 4767 4769
f 4777 4776 4767
f 4777 4781 4778
f 4777 4780 4781
f 4781 4785 4784
f 4781 4782 4785
f 4768 3949 4769
f 4768 3948 3949
f 3953 3949 3946
f 3953 3958 3949
f 3967 3953 3955
f 3967 3958 3953
f 3969 3960 3967
f 3969 3961 3960
f 3960 4783 4780
f 3960 3961 4783
f 4792 4790 4795
f 4792 4789 4790
f 4790 4783 4791
f 4790 4782 4783
f 4794 4802 4795
f 4794 4800 4802
f 4794 3973 3974
f 4794 4791 3973
f 4823 4815 4822
f 4823 4816 4815
f 4825 4831 4830
f 4825 4826 4831
f 4824 4825 4823
f 4824 4827 4825
f 4004 3985 3983
f 4004 4822 3985
f 3994 4824 4004
f 3994 3997 4824
f 4711 4828 4829
f 4711 4710 4828
f 4718 4715 4714
f 4718 4719 4715
f 4713 4712 4714
f 4713 4710 4712
f 3996 4711 3998
f 3996 4005 4711
f 4005 3863 4006
f 4005 3861 3863
f 4006 4723 4712
f 4006 4007 4723
f 4828 4831 4826
f 4828 4832 4831
f 4827 3998 4829
f 4827 3997 3998
f 4722 4718 4723
f 4722 4716 4718
f 3866 3877 3867
f 3866 3874 3877
f 4722 3865 3867
f 4722 4007 3865
f 3878 3882 3884
f 3878 3876 3882
f 3969 3971 3973
f 3969 3966 3971
f 4808 4801 4802
f 4808 4803 4801
f 3972 3981 3974
f 3972 3979 3981
f 4800 3980 4015
f 4800 3981 3980
f 4810 4803 4809
f 4810 4805 4803
f 4840 4811 4842
f 4840 4810 4811
f 4809 4015 4016
f 4809 4808 4015
f 4016 4021 4811
f 4016 4014 4021
f 4841 4843 4846
f 4841 4840 4843
f 4843 4847 4846
f 4843 4844 4847
f 4021 4025 4026
f 4021 4020 4025
f 4026 4845 4842
f 4026 4027 4845
f 4027 4029 4033
f 4027 4025 4029
f 4854 4857 4858
f 4854 4853 4857
f 4853 4845 4856
f 4853 4844 4845
f 4857 4033 4034
f 4857 4856 4033
f 4875 4866 4874
f 4875 4867 4866
f 4877 4873 4878
f 4877 4872 4873
f 4876 4878 4875
f 4876 4880 4878
f 4055 4874 4054
f 4055 4876 4874
f 4050 4046 4055
f 4050 4043 4046
f 4817 4881 4818
f 4817 4877 4881
f 4815 4881 4835
f 4815 4818 4881
f 4047 4835 4882
f 4047 4045 4835
f 3984 4045 4044
f 3984 3985 4045
f 4880 4047 4882
f 4880 4046 4047
f 4858 4888 4861
f 4858 4860 4888
f 4861 4890 4862
f 4861 4888 4890
f 4067 4032 4062
f 4067 4034 4032
f 4073 4068 4074
f 4073 4067 4068
f 4889 4073 4074
f 4889 4860 4073
f 4068 4072 4074
f 4068 4066 4072
f 4074 4893 4889
f 4074 4075 4893
f 4075 4077 4081
f 4075 4072 4077
f 4898 4890 4892
f 4898 4894 4890
f 4899 4893 4903
f 4899 4892 4893
f 4899 4904 4900
f 4899 4903 4904
f 4915 4912 4916
f 4915 4911 4912
f 4925 4913 4924
f 4925 4914 4913
f 4914 4916 4913
f 4914 4918 4916
f 4092 4089 4095
f 4092 4086 4089
f 4868 4919 4869
f 4868 4915 4919
f 4866 4919 4886
f 4866 4869 4919
f 4038 4054 4039
f 4038 4051 4054
f 4090 4886 4920
f 4090 4088 4886
f 4038 4088 4087
f 4038 4039 4088
f 4918 4090 4920
f 4918 4089 4090
f 4901 4906 4908
f 4901 4900 4906
f 4930 4907 4932
f 4930 4906 4907
f 4080 4904 4081
f 4080 4108 4904
f 4108 4115 4907
f 4108 4107 4115
f 4931 4934 4935
f 4931 4930 4934
f 4941 4932 4933
f 4941 4934 4932
f 4121 4109 4112
f 4121 4115 4109
f 4938 4121 4122
f 4938 4933 4121
f 4952 4924 4927
f 4952 4926 4924
f 4094 4925 4133
f 4094 4095 4925
f 4133 4956 4134
f 4133 4926 4956
f 4958 4946 4957
f 4958 4947 4946
f 4956 4954 4958
f 4956 4952 4954
f 4139 4126 4125
f 4139 4957 4126
f 4139 4128 4134
f 4139 4129 4128
f 4964 4940 4942
f 4964 4944 4940
f 4941 4939 4942
f 4941 4938 4939
f 4122 4141 4146
f 4122 4120 4141
f 4963 4146 4147
f 4963 4939 4146
f 4965 4967 4964
f 4965 4972 4967
f 4966 4972 4965
f 4966 4973 4972
f 4147 4966 4963
f 4147 4148 4966
f 4148 4151 4155
f 4148 4145 4151
f 4946 4980 4961
f 4946 4948 4980
f 4126 4138 4125
f 4126 4164 4138
f 4157 4961 4981
f 4157 4156 4961
f 4165 4156 4157
f 4165 4164 4156
f 4980 4986 4981
f 4980 4985 4986
f 4993 4986 4987
f 4993 4992 4986
f 4159 4993 4160
f 4159 4992 4993
f 4163 4159 4158
f 4163 4165 4159
f 4974 4978 4979
f 4974 4973 4978
f 4995 4975 4974
f 4995 4997 4975
f 4154 4978 4155
f 4154 4180 4978
f 4979 4181 4996
f 4979 4180 4181
f 5001 4995 4996
f 5001 5000 4995
f 5001 5008 5002
f 5001 5007 5008
f 4187 4181 4178
f 4187 5007 4181
f 4987 5011 4994
f 4987 4989 5011
f 4160 4172 4158
f 4160 4207 4172
f 4200 4994 5012
f 4200 4199 4994
f 4208 4199 4200
f 4208 4207 4199
f 5011 5013 5010
f 5011 5014 5013
f 5010 5022 5012
f 5010 5018 5022
f 4202 5023 4203
f 4202 5022 5023
f 4206 4202 4201
f 4206 4208 4202
f 5025 5002 5009
f 5025 5004 5002
f 4186 5008 4187
f 4186 4223 5008
f 5009 4224 5026
f 5009 4223 4224
f 5030 5025 5026
f 5030 5029 5025
f 5030 5035 5031
f 5030 5034 5035
f 4231 4224 4221
f 4231 5034 4224
f 5023 5019 5024
f 5023 5018 5019
f 5020 5042 5019
f 5020 5045 5042
f 4203 4215 4201
f 4203 4245 4215
f 4238 5024 5043
f 4238 4237 5024
f 4246 4237 4238
f 4246 4245 4237
f 5042 5044 5041
f 5042 5045 5044
f 5041 5055 5043
f 5041 5052 5055
f 4240 5056 4241
f 4240 5055 5056
f 4244 4240 4239
f 4244 4246 4240
f 5059 5031 5038
f 5059 5033 5031
f 4230 5035 4231
f 4230 4261 5035
f 5038 4262 5060
f 5038 4261 4262
f 5061 5059 5058
f 5061 5062 5059
f 5070 5058 5060
f 5070 5067 5058
f 4269 4262 4259
f 4269 5070 4262
f 5056 5053 5057
f 5056 5052 5053
f 5054 5075 5053
f 5054 5077 5075
f 4241 4253 4239
f 4241 4278 4253
f 4271 5057 5076
f 4271 4270 5057
f 4279 4270 4271
f 4279 4278 4270
f 5075 5083 5076
f 5075 5082 5083
f 5090 5083 5084
f 5090 5089 5083
f 4273 5090 4274
f 4273 5089 5090
f 4277 4273 4272
f 4277 4279 4273
f 5096 5065 5066
f 5096 5068 5065
f 5065 5072 5066
f 5065 5067 5072
f 5072 4297 5064
f 5072 4298 4297
f 4265 4298 4269
f 4265 4268 4298
f 5094 4297 4299
f 5094 5064 4297
f 5097 5098 5096
f 5097 5104 5098
f 5105 5094 5095
f 5105 5097 5094
f 5102 4303 4304
f 5102 5095 4303
f 4291 4303 4299
f 4291 4292 4303
f 5084 5109 5091
f 5084 5086 5109
f 5092 5109 5117
f 5092 5091 5109
f 4274 4286 4272
f 4274 4318 4286
f 4317 5092 4323
f 4317 4318 5092
f 5117 5114 5119
f 5117 5113 5114
f 5122 5119 5121
f 5122 5120 5119
f 4322 5120 4326
f 4322 4323 5120
f 5105 5103 5106
f 5105 5102 5103
f 5106 5126 5107
f 5106 5125 5126
f 4304 4341 4343
f 4304 4302 4341
f 5127 4343 4344
f 5127 5103 4343
f 5126 5129 5130
f 5126 5125 5129
f 5139 5127 5128
f 5139 5129 5127
f 5135 4346 4347
f 5135 5128 4346
f 4341 4346 4344
f 4341 4342 4346
f 5144 5121 5124
f 5144 5123 5121
f 4325 5122 4359
f 4325 4326 5122
f 4359 5147 4360
f 4359 5123 5147
f 5148 5145 5150
f 5148 5144 5145
f 5152 5149 5148
f 5152 5154 5149
f 5149 4360 5147
f 5149 4361 4360
f 4365 5158 4366
f 4365 5157 5158
f 4361 4365 4358
f 4361 5157 4365
f 5139 5137 5140
f 5139 5135 5137
f 5137 5169 5170
f 5137 5136 5169
f 5140 5171 5141
f 5140 5170 5171
f 4336 4347 4335
f 4336 4389 4347
f 5136 4379 4380
f 5136 4389 4379
f 5162 5172 5169
f 5162 5164 5172
f 5162 5168 5163
f 5162 5167 5168
f 4388 4380 4378
f 4388 5167 4380
f 5158 5155 5159
f 5158 5154 5155
f 5156 5177 5155
f 5156 5178 5177
f 5160 5177 5185
f 5160 5159 5177
f 4366 4372 4364
f 4366 4394 4372
f 4393 5160 4399
f 4393 4394 5160
f 5185 5183 5187
f 5185 5182 5183
f 5190 5187 5189
f 5190 5188 5187
f 4398 5188 4401
f 4398 4399 5188
f 4384 4438 4388
f 4384 4387 4438
f 5203 5212 5211
f 5203 5204 5212
f 5220 5214 5219
f 5220 5215 5214
f 5214 5213 5212
f 5214 5216 5213
f 4429 4441 4425
f 4429 5211 4441
f 4435 4441 4439
f 4435 4436 4441
f 5216 4439 5213
f 5216 4440 4439
f 5217 5163 5175
f 5217 5165 5163
f 4440 5168 4438
f 4440 5175 5168
f 5220 5217 5215
f 5220 5221 5217
f 5193 5195 5192
f 5193 5196 5195
f 5197 5189 5192
f 5197 5190 5189
f 4401 4405 4400
f 4401 4444 4405
f 5196 5226 5195
f 5196 5227 5226
f 5199 5226 5233
f 5199 5198 5226
f 4444 5198 4445
f 4444 5197 5198
f 4406 4445 4447
f 4406 4405 4445
f 4446 5199 4452
f 4446 4447 5199
f 5236 5233 5234
f 5236 5235 5233
f 5239 5237 5236
f 5239 5242 5237
f 5237 4452 5235
f 5237 4453 4452
f 5248 5242 5243
f 5248 5247 5242
f 4453 4455 4451
f 4453 5247 4455
f 4457 4455 4463
f 4457 4454 4455
f 4463 5250 4464
f 4463 5248 5250
f 5293 5287 5288
f 5293 5292 5287
f 5293 5285 5291
f 5293 5286 5285
f 4526 5285 4527
f 4526 5283 5285
f 4529 4527 4539
f 4529 4525 4527
f 5286 4535 4539
f 5286 4537 4535
f 5201 5300 5301
f 5201 5200 5300
f 4543 5200 4546
f 4543 4545 5200
f 5209 4546 5201
f 5209 4547 4546
f 5287 5300 5289
f 5287 5297 5300
f 5303 5302 5304
f 5303 5301 5302
f 4538 5288 5289
f 4538 4537 5288
f 4538 4540 4536
f 4538 4545 4540
f 5205 5208 5209
f 5205 5203 5208
f 5303 5206 5205
f 5303 5306 5206
f 4427 5208 4429
f 4427 4547 5208
f 5243 5251 5249
f 5243 5246 5251
f 5253 5254 5252
f 5253 5255 5254
f 5257 5249 5252
f 5257 5250 5249
f 4464 4468 4462
f 4464 4556 4468
f 5254 5259 5258
f 5254 5256 5259
f 5260 5318 5321
f 5260 5259 5318
f 4556 5258 4557
f 4556 5257 5258
f 4469 4557 4558
f 4469 4468 4557
f 4476 4558 4559
f 4476 4474 4558
f 5321 4559 5260
f 5321 4562 4559
f 5322 5319 5326
f 5322 5318 5319
f 5327 5322 5326
f 5327 5323 5322
f 5262 4562 5325
f 5262 4561 4562
f 4480 4561 4564
f 4480 4479 4561
f 4563 5262 4569
f 4563 4564 5262
f 5323 5332 5325
f 5323 5330 5332
f 5335 5332 5333
f 5335 5334 5332
f 5340 5335 5339
f 5340 5336 5335
f 5337 4569 5334
f 5337 4570 4569
f 5336 5346 5338
f 5336 5343 5346
f 5349 5346 5347
f 5349 5348 5346
f 5354 5349 5353
f 5354 5350 5349
f 4571 5337 5338
f 4571 4570 5337
f 4571 4572 4568
f 4571 4575 4572
f 4581 4575 4583
f 4581 4574 4575
f 5351 4583 5348
f 5351 4584 4583
f 5350 5360 5352
f 5350 5357 5360
f 5363 5360 5361
f 5363 5362 5360
f 5368 5363 5367
f 5368 5364 5363
f 4585 5351 5352
f 4585 4584 5351
f 4585 4586 4582
f 4585 4590 4586
f 4592 4590 4595
f 4592 4589 4590
f 5365 4595 5362
f 5365 4596 4595
f 5266 5373 5374
f 5266 5265 5373
f 5265 4594 4597
f 5265 4598 4594
f 4504 4598 4599
f 4504 4502 4598
f 5272 4599 5266
f 5272 4600 4599
f 5364 5373 5366
f 5364 5371 5373
f 5376 5375 5377
f 5376 5374 5375
f 4597 5365 5366
f 4597 4596 5365
f 5269 5271 5272
f 5269 5268 5271
f 5376 5270 5269
f 5376 5379 5270
f 5268 5276 5274
f 5268 5270 5276
f 5278 5280 5277
f 5278 5281 5280
f 5284 5274 5277
f 5284 5275 5274
f 4524 4508 4509
f 4524 4521 4508
f 4507 5271 4509
f 4507 4600 5271
f 4523 5275 4601
f 4523 4524 5275
f 4519 4601 4526
f 4519 4523 4601
f 5280 5283 5284
f 5280 5279 5283
f 5279 5294 5291
f 5279 5282 5294
f 4621 4622 4620
f 4621 4625 4622
f 5397 4625 5395
f 5397 4626 4625
f 4621 4607 4629
f 4621 4606 4607
f 4607 4610 4627
f 4607 4605 4610
f 4628 4610 4612
f 4628 4627 4610
f 5394 4627 4628
f 5394 5393 4627
f 4627 5396 4629
f 4627 5393 5396
f 5396 5401 5395
f 5396 5404 5401
f 5404 5403 5401
f 5404 5406 5403
f 4626 4623 4622
f 4626 4631 4623
f 5497 5493 5500
f 5497 5492 5493
f 5494 5493 5491
f 5494 5499 5493
f 5502 5497 5503
f 5502 5496 5497
f 5501 5503 5500
f 5501 5505 5503
f 4735 4721 4717
f 4735 5499 4721
f 4731 5501 4735
f 4731 4733 5501
f 5411 5506 5412
f 5411 5502 5506
f 5415 5506 5507
f 5415 5414 5506
f 5422 5419 5418
f 5422 5423 5419
f 5417 5416 5418
f 5417 5414 5416
f 5415 4739 4751
f 5415 4741 4739
f 4751 5427 5416
f 4751 4752 5427
f 5505 4734 5507
f 5505 4733 4734
f 4736 4734 4732
f 4736 4741 4734
f 5426 5422 5427
f 5426 5421 5422
f 5431 5421 5429
f 5431 5424 5421
f 5435 5433 5432
f 5435 5436 5433
f 5429 5439 5432
f 5429 5430 5439
f 4683 4691 4684
f 4683 4688 4691
f 5426 4682 4684
f 5426 4752 4682
f 5430 4690 4753
f 5430 4691 4690
f 5441 5435 5440
f 5441 5437 5435
f 5448 5446 5445
f 5448 5449 5446
f 5444 5443 5445
f 5444 5441 5443
f 5440 4753 4754
f 5440 5439 4753
f 4754 4694 4755
f 4754 4693 4694
f 4755 4702 4758
f 4755 4700 4702
f 4758 5451 5443
f 4758 4759 5451
f 5453 5448 5452
f 5453 5450 5448
f 5459 5458 5457
f 5459 5460 5458
f 5456 5455 5457
f 5456 5453 5455
f 5452 4759 4760
f 5452 5451 4759
f 4760 4764 5454
f 4760 4757 4764
f 4773 5454 4772
f 4773 5455 5454
f 4764 4770 4772
f 4764 4763 4770
f 5464 5459 5463
f 5464 5461 5459
f 5518 5465 5521
f 5518 5464 5465
f 4775 5463 4773
f 4775 5465 5463
f 5519 5522 5526
f 5519 5518 5522
f 5522 5527 5526
f 5522 5523 5527
f 4776 4775 4771
f 4776 4779 4775
f 4779 4784 4786
f 4779 4778 4784
f 4786 5524 5521
f 4786 4787 5524
f 5533 5523 5525
f 5533 5532 5523
f 5533 5537 5534
f 5533 5536 5537
f 5537 5541 5540
f 5537 5538 5541
f 5524 4788 5525
f 5524 4787 4788
f 4789 4788 4785
f 4789 4793 4788
f 4793 4797 4798
f 4793 4792 4797
f 4798 5539 5536
f 4798 4799 5539
f 4799 4801 4806
f 4799 4797 4801
f 5546 5549 5550
f 5546 5545 5549
f 5545 5539 5548
f 5545 5538 5539
f 5549 4806 4807
f 5549 5548 4806
f 5576 5566 5575
f 5576 5567 5566
f 5578 5584 5583
f 5578 5579 5584
f 5577 5578 5576
f 5577 5580 5578
f 4836 4819 4816
f 4836 5575 4819
f 4830 5577 4836
f 4830 4833 5577
f 5484 5581 5582
f 5484 5483 5581
f 5487 5485 5488
f 5487 5483 5485
f 5495 5486 5488
f 5495 5491 5486
f 4832 5484 4834
f 4832 4837 5484
f 4837 4715 4838
f 4837 4713 4715
f 4838 5495 5485
f 4838 4839 5495
f 5581 5584 5579
f 5581 5585 5584
f 5580 4834 5582
f 5580 4833 4834
f 5494 4719 4721
f 5494 4839 4719
f 5556 5554 5553
f 5556 5557 5554
f 5550 5558 5553
f 5550 5551 5558
f 4805 4813 4807
f 4805 4812 4813
f 4813 4841 4848
f 4813 4812 4841
f 4850 5551 4848
f 4850 5558 5551
f 5591 5557 5556
f 5591 5593 5557
f 5599 5602 5603
f 5599 5598 5602
f 5598 5591 5592
f 5598 5597 5591
f 4850 5601 5592
f 4850 4851 5601
f 4855 4851 4847
f 4855 5601 4851
f 4863 4855 4854
f 4863 5602 4855
f 5397 5408 5400
f 5397 5402 5408
f 5560 5399 5400
f 5560 5469 5399
f 5470 5560 5561
f 5470 5469 5560
f 5402 5468 5409
f 5402 5403 5468
f 5568 5565 5564
f 5568 5569 5565
f 5632 5564 5565
f 5632 5631 5564
f 4883 5573 5563
f 4883 4884 5573
f 4883 5634 4885
f 4883 5563 5634
f 5636 5624 5635
f 5636 5625 5624
f 5634 5633 5636
f 5634 5631 5633
f 4887 4870 4867
f 4887 5635 4870
f 4887 4872 4885
f 4887 4873 4872
f 5572 5568 5573
f 5572 5566 5568
f 5572 4817 4819
f 5572 4884 4817
f 5609 5607 5606
f 5609 5610 5607
f 5603 5611 5606
f 5603 5604 5611
f 5604 4862 4895
f 5604 4863 4862
f 5642 5610 5609
f 5642 5644 5610
f 5612 4895 4896
f 5612 5611 4895
f 5612 4897 5643
f 5612 4896 4897
f 5650 5653 5654
f 5650 5649 5653
f 5649 5642 5643
f 5649 5648 5642
f 4898 4897 4894
f 4898 4902 4897
f 4909 4902 4901
f 4909 5653 4902
f 4921 5630 5622
f 4921 4922 5630
f 4921 5671 4923
f 4921 5622 5671
f 5671 5670 5672
f 5671 5669 5670
f 5670 5674 5675
f 5670 5669 5674
f 5682 5672 5681
f 5682 5673 5672
f 4928 5682 4929
f 4928 5673 5682
f 4928 4911 4923
f 4928 4912 4911
f 5629 5626 5630
f 5629 5624 5626
f 5627 5674 5626
f 5627 5677 5674
f 5629 4868 4870
f 5629 4922 4868
f 5654 5688 5657
f 5654 5656 5688
f 4909 4931 4936
f 4909 4908 4931
f 5690 4936 4937
f 5690 5656 4936
f 5689 5692 5693
f 5689 5688 5692
f 5698 5690 5691
f 5698 5692 5690
f 5691 4935 4943
f 5691 4937 4935
f 5715 5681 5685
f 5715 5684 5681
f 5714 5684 5715
f 5714 5683 5684
f 4953 4929 4960
f 4953 4927 4929
f 5683 4953 4960
f 5683 4955 4953
f 5717 5706 5714
f 5717 5708 5706
f 5713 5706 5707
f 5713 5712 5706
f 4949 5713 4950
f 4949 5712 5713
f 4954 4949 4947
f 4954 4955 4949
f 5702 5697 5698
f 5702 5700 5697
f 4944 4943 4940
f 4944 4969 4943
f 5721 5701 5700
f 5721 5723 5701
f 5703 4969 4970
f 5703 5702 4969
f 5703 4971 5722
f 5703 4970 4971
f 5728 5721 5722
f 5728 5727 5721
f 5728 5735 5729
f 5728 5734 5735
f 4976 4971 4967
f 4976 5734 4971
f 5614 5475 5613
f 5614 5476 5475
f 5663 5737 5738
f 5663 5662 5737
f 5707 5749 5720
f 5707 5709 5749
f 4984 5720 5750
f 4984 4983 5720
f 4948 4983 4982
f 4948 4950 4983
f 5749 5751 5748
f 5749 5752 5751
f 5748 5760 5750
f 5748 5756 5760
f 4990 5761 4991
f 4990 5760 5761
f 4984 4985 4982
f 4984 4990 4985
f 5763 5729 5736
f 5763 5731 5729
f 4975 5735 4976
f 4975 4998 5735
f 5736 4999 5764
f 5736 4998 4999
f 5768 5763 5764
f 5768 5767 5763
f 5768 5772 5769
f 5768 5771 5772
f 5772 5005 5006
f 5772 5771 5005
f 5000 4999 4997
f 5000 5005 4999
f 5761 5757 5762
f 5761 5756 5757
f 5758 5794 5757
f 5758 5797 5794
f 5016 5762 5795
f 5016 5015 5762
f 4989 5015 5014
f 4989 4991 5015
f 5794 5796 5793
f 5794 5797 5796
f 5793 5807 5795
f 5793 5806 5807
f 5016 5021 5013
f 5016 5807 5021
f 5770 5776 5778
f 5770 5769 5776
f 5811 5777 5814
f 5811 5776 5777
f 5028 5004 5027
f 5028 5006 5004
f 5028 5036 5777
f 5028 5027 5036
f 5813 5814 5815
f 5813 5811 5814
f 5815 5820 5819
f 5815 5816 5820
f 5039 5029 5032
f 5039 5036 5029
f 5820 5039 5040
f 5820 5816 5039
f 5743 5666 5740
f 5743 5667 5666
f 5809 5802 5803
f 5809 5806 5802
f 5837 5803 5804
f 5837 5836 5803
f 5839 5838 5840
f 5839 5836 5838
f 5845 5840 5844
f 5845 5841 5840
f 5841 5047 5839
f 5841 5048 5047
f 5050 5048 5051
f 5050 5044 5048
f 5808 5020 5021
f 5808 5046 5020
f 5808 5047 5046
f 5808 5809 5047
f 5819 5858 5823
f 5819 5822 5858
f 5822 5857 5858
f 5822 5821 5857
f 5033 5040 5032
f 5033 5073 5040
f 5821 5062 5063
f 5821 5073 5062
f 5851 5860 5857
f 5851 5853 5860
f 5851 5856 5852
f 5851 5855 5856
f 5069 5063 5061
f 5069 5855 5063
f 5866 5844 5847
f 5866 5846 5844
f 5080 5845 5846
f 5080 5078 5845
f 5051 5054 5050
f 5051 5078 5054
f 5869 5867 5871
f 5869 5866 5867
f 5874 5870 5869
f 5874 5876 5870
f 5080 5879 5081
f 5080 5870 5879
f 5087 5880 5088
f 5087 5879 5880
f 5081 5082 5077
f 5081 5087 5082
f 5882 5852 5863
f 5882 5854 5852
f 5068 5856 5069
f 5068 5100 5856
f 5863 5101 5883
f 5863 5100 5101
f 5887 5882 5883
f 5887 5886 5882
f 5887 5894 5888
f 5887 5893 5894
f 5108 5101 5098
f 5108 5893 5101
f 5833 5787 5832
f 5833 5788 5787
f 5783 5831 5832
f 5783 5782 5831
f 5880 5877 5881
f 5880 5876 5877
f 5878 5902 5877
f 5878 5904 5902
f 5112 5881 5903
f 5112 5111 5881
f 5086 5111 5110
f 5086 5088 5111
f 5902 5909 5903
f 5902 5908 5909
f 5916 5909 5910
f 5916 5915 5909
f 5115 5916 5116
f 5115 5915 5916
f 5112 5113 5110
f 5112 5115 5113
f 5104 5132 5108
f 5104 5107 5132
f 5932 5920 5921
f 5932 5931 5920
f 5919 5130 5142
f 5919 5133 5130
f 5921 5133 5919
f 5921 5134 5133
f 5922 5888 5897
f 5922 5890 5888
f 5134 5894 5132
f 5134 5897 5894
f 5924 5922 5920
f 5924 5925 5922
f 5910 5941 5917
f 5910 5912 5941
f 5918 5941 5946
f 5918 5917 5941
f 5116 5124 5114
f 5116 5146 5124
f 5145 5918 5151
f 5145 5146 5918
f 5946 5945 5949
f 5946 5944 5945
f 5953 5949 5952
f 5953 5950 5949
f 5150 5950 5153
f 5150 5151 5950
f 5932 5930 5933
f 5932 5929 5930
f 5933 5966 5934
f 5933 5965 5966
f 5929 5141 5173
f 5929 5142 5141
f 5968 5173 5174
f 5968 5930 5173
f 5961 5970 5969
f 5961 5962 5970
f 5967 5968 5970
f 5967 5965 5968
f 5166 5176 5164
f 5166 5969 5176
f 5171 5176 5174
f 5171 5172 5176
f 5959 5952 5955
f 5959 5953 5952
f 5977 5955 5954
f 5977 5978 5955
f 5153 5156 5152
f 5153 5179 5156
f 5179 5960 5180
f 5179 5959 5960
f 5181 5960 5980
f 5181 5180 5960
f 5991 5988 5992
f 5991 5987 5988
f 5986 5978 5982
f 5986 5979 5978
f 5979 5987 5980
f 5979 5986 5987
f 5181 5182 5178
f 5181 5184 5182
f 5184 5194 5183
f 5184 5991 5194
f 6000 6006 6005
f 6000 6001 6006
f 6014 6008 6013
f 6014 6009 6008
f 6008 6007 6006
f 6008 6010 6007
f 5207 5225 5204
f 5207 6005 5225
f 6007 5219 5225
f 6007 5223 5219
f 6011 5961 5974
f 6011 5963 5961
f 5974 5224 6012
f 5974 5222 5224
f 5222 5165 5221
f 5222 5166 5165
f 6014 6011 6009
f 6014 6015 6011
f 5224 6010 6012
f 5224 5223 6010
f 4656 4661 4655
f 4656 6023 4661
f 5998 5992 5995
f 5998 5993 5992
f 6027 5995 5994
f 6027 6028 5995
f 5193 5993 5228
f 5193 5194 5993
f 5228 5999 5229
f 5228 5998 5999
f 5230 5999 6030
f 5230 5229 5999
f 6041 6038 6042
f 6041 6037 6038
f 6036 6028 6032
f 6036 6029 6028
f 6029 6037 6030
f 6029 6036 6037
f 5230 5231 5227
f 5230 5232 5231
f 5234 5232 5240
f 5234 5231 5232
f 5240 6043 5241
f 5240 6041 6043
f 6062 6072 6071
f 6062 6063 6072
f 6080 6074 6079
f 6080 6075 6074
f 6074 6073 6072
f 6074 6076 6073
f 5298 6071 5299
f 5298 6068 6071
f 5302 5299 5310
f 5302 5297 5299
f 6073 5304 5310
f 6073 5308 5304
f 6077 6000 6018
f 6077 6002 6000
f 6018 5309 6078
f 6018 5307 5309
f 5307 5206 5306
f 5307 5207 5206
f 6080 6077 6075
f 6080 6081 6077
f 5309 6076 6078
f 5309 5308 6076
f 6046 6048 6045
f 6046 6049 6048
f 6051 6042 6045
f 6051 6043 6042
f 5241 5245 5239
f 5241 5311 5245
f 6048 6053 6052
f 6048 6050 6053
f 6054 6089 6092
f 6054 6053 6089
f 5311 6052 5312
f 5311 6051 6052
f 5246 5312 5313
f 5246 5245 5312
f 5253 5313 5314
f 5253 5251 5313
f 6092 5314 6054
f 6092 5317 5314
f 6093 6090 6097
f 6093 6089 6090
f 6098 6093 6097
f 6098 6094 6093
f 6056 5317 6096
f 6056 5316 5317
f 5256 5316 5320
f 5256 5255 5316
f 5319 6056 5328
f 5319 5320 6056
f 6094 6103 6096
f 6094 6101 6103
f 6106 6103 6104
f 6106 6105 6103
f 6109 6107 6106
f 6109 6112 6107
f 6107 5328 6105
f 6107 5329 5328
f 6119 6112 6113
f 6119 6118 6112
f 5329 5331 5327
f 5329 6118 5331
f 5333 5331 5341
f 5333 5330 5331
f 5341 6121 5342
f 5341 6119 6121
f 5340 5342 5344
f 5340 5339 5342
f 5344 6132 5345
f 5344 6130 6132
f 5347 5345 5355
f 5347 5343 5345
f 5355 6134 5356
f 5355 6132 6134
f 5354 5356 5358
f 5354 5353 5356
f 6152 6147 6148
f 6152 6151 6147
f 6152 6145 6150
f 6152 6146 6145
f 5358 6145 5359
f 5358 6143 6145
f 5361 5359 5370
f 5361 5357 5359
f 6146 5367 5370
f 6146 5369 5367
f 6158 6162 6164
f 6158 6157 6162
f 6148 6158 6161
f 6148 6147 6158
f 6171 6166 6170
f 6171 6167 6166
f 6166 6165 6164
f 6166 6168 6165
f 5369 5372 5368
f 5369 6161 5372
f 5375 5372 5382
f 5375 5371 5372
f 6165 5377 5382
f 6165 5380 5377
f 6057 5379 5381
f 6057 5383 5379
f 5278 5383 5384
f 5278 5276 5383
f 6178 5384 6057
f 6178 5387 5384
f 6167 6176 6169
f 6167 6174 6176
f 6179 6176 6177
f 6179 6178 6176
f 6184 6179 6183
f 6184 6180 6179
f 5381 6168 6169
f 5381 5380 6168
f 6061 6064 6060
f 6061 6065 6064
f 6059 6189 6190
f 6059 6058 6189
f 6060 6191 6061
f 6060 6190 6191
f 6058 5387 6182
f 6058 5386 5387
f 5282 5386 5388
f 5282 5281 5386
f 5296 5388 5389
f 5296 5294 5388
f 6069 5389 6059
f 6069 5390 5389
f 5292 5390 5298
f 5292 5296 5390
f 6180 6189 6182
f 6180 6188 6189
f 6064 6068 6069
f 6064 6062 6068
f 6113 6122 6120
f 6113 6116 6122
f 6124 6127 6123
f 6124 6128 6127
f 6131 6120 6123
f 6131 6121 6120
f 6127 6130 6131
f 6127 6126 6130
f 6126 6135 6133
f 6126 6129 6135
f 6137 6139 6136
f 6137 6140 6139
f 6144 6133 6136
f 6144 6134 6133
f 6139 6143 6144
f 6139 6138 6143
f 6138 6153 6150
f 6138 6141 6153
f 4661 4654 4653
f 4661 4664 4654
f 4665 4664 6025
f 4665 4662 4664
f 4666 6203 6204
f 4666 4665 6203
f 5790 5826 5827
f 5790 5788 5826
f 6026 5789 5790
f 6026 6023 5789
f 5826 5936 5828
f 5826 5898 5936
f 6206 5827 5828
f 6206 6205 5827
f 6026 6203 6025
f 6026 6205 6203
f 4663 4665 4677
f 4663 4662 4665
f 4678 4665 4666
f 4678 4677 4665
f 6235 6240 6241
f 6235 6234 6240
f 6238 6234 6232
f 6238 6240 6234
f 6293 6299 6298
f 6293 6294 6299
f 6304 6291 6303
f 6304 6292 6291
f 6292 6293 6291
f 6292 6295 6293
f 5486 5481 5490
f 5486 5480 5481
f 6210 6296 6297
f 6210 6209 6296
f 6216 6214 6213
f 6216 6217 6214
f 6212 6211 6213
f 6212 6209 6211
f 6210 5496 5508
f 6210 5498 5496
f 5508 6221 6211
f 5508 5509 6221
f 6296 6299 6294
f 6296 6300 6299
f 6295 5482 6297
f 6295 5481 5482
f 5492 5482 5480
f 5492 5498 5482
f 6220 6216 6221
f 6220 6215 6216
f 6228 6215 6225
f 6228 6218 6215
f 6225 6239 6229
f 6225 6226 6239
f 6239 6227 6229
f 6239 6232 6227
f 5412 5420 5413
f 5412 5417 5420
f 6220 5411 5413
f 6220 5509 5411
f 6226 5419 5510
f 6226 5420 5419
f 6248 6245 6244
f 6248 6249 6245
f 6241 6253 6244
f 6241 6242 6253
f 5424 5434 5425
f 5424 5431 5434
f 6238 5423 5425
f 6238 5510 5423
f 6242 5433 5511
f 6242 5434 5433
f 6252 6248 6253
f 6252 6247 6248
f 6257 6247 6255
f 6257 6250 6247
f 6261 6259 6258
f 6261 6262 6259
f 6255 6264 6258
f 6255 6256 6264
f 5437 5447 5438
f 5437 5444 5447
f 6252 5436 5438
f 6252 5511 5436
f 6256 5446 5512
f 6256 5447 5446
f 6266 6261 6265
f 6266 6263 6261
f 6272 6271 6270
f 6272 6273 6271
f 6269 6268 6270
f 6269 6266 6268
f 6265 5512 5513
f 6265 6264 5512
f 5513 5450 5514
f 5513 5449 5450
f 5514 5458 5515
f 5514 5456 5458
f 5515 6275 6268
f 5515 5516 6275
f 6277 6272 6276
f 6277 6274 6272
f 6283 6282 6281
f 6283 6284 6282
f 6280 6279 6281
f 6280 6277 6279
f 6276 5516 5517
f 6276 6275 5516
f 5517 5461 5520
f 5517 5460 5461
f 6278 5519 5528
f 6278 5520 5519
f 5529 6278 5528
f 5529 6279 6278
f 6322 6284 6283
f 6322 6323 6284
f 6322 6287 6329
f 6322 6286 6287
f 5531 6286 5529
f 5531 6287 6286
f 6329 6333 6330
f 6329 6332 6333
f 6333 6337 6336
f 6333 6334 6337
f 5532 5531 5527
f 5532 5535 5531
f 5535 5540 5542
f 5535 5534 5540
f 5542 6335 6332
f 5542 5543 6335
f 6342 6345 6346
f 6342 6341 6345
f 6341 6335 6344
f 6341 6334 6335
f 5547 5543 5541
f 5547 6344 5543
f 5555 5547 5546
f 5555 6345 5547
f 6365 6356 6364
f 6365 6357 6356
f 6367 6373 6372
f 6367 6368 6373
f 6366 6367 6365
f 6366 6369 6367
f 5588 5571 5567
f 5588 6364 5571
f 5583 6366 5588
f 5583 5586 6366
f 6288 6305 6303
f 6288 6289 6305
f 6306 6370 6371
f 6306 6305 6370
f 5585 6306 5587
f 5585 5589 6306
f 5589 5489 5590
f 5589 5487 5489
f 5489 6304 5590
f 5489 5490 6304
f 6370 6373 6368
f 6370 6374 6373
f 6369 5587 6371
f 6369 5586 5587
f 6346 6352 6349
f 6346 6347 6352
f 6349 6380 6348
f 6349 6381 6380
f 6347 5554 5594
f 6347 5555 5554
f 6353 5594 5595
f 6353 6352 5594
f 6353 5596 6383
f 6353 5595 5596
f 6391 6394 6395
f 6391 6390 6394
f 6381 6389 6385
f 6381 6382 6389
f 6390 6382 6383
f 6390 6389 6382
f 5597 5596 5593
f 5597 5600 5596
f 5608 5600 5599
f 5608 6394 5600
f 5638 6362 6354
f 5638 5639 6362
f 5638 6410 5640
f 5638 6354 6410
f 6412 6403 6411
f 6412 6404 6403
f 6410 6409 6412
f 6410 6408 6409
f 6409 6414 6415
f 6409 6408 6414
f 5641 5628 5625
f 5641 6411 5628
f 5641 5632 5640
f 5641 5633 5632
f 6361 6358 6362
f 6361 6356 6358
f 6359 6414 6358
f 6359 6417 6414
f 6361 5569 5571
f 6361 5639 5569
f 6395 6401 6398
f 6395 6396 6401
f 6398 6423 6397
f 6398 6424 6423
f 6396 5607 5645
f 6396 5608 5607
f 6402 5645 5646
f 6402 6401 5645
f 6402 5647 6426
f 6402 5646 5647
f 6434 6437 6438
f 6434 6433 6437
f 6424 6432 6428
f 6424 6425 6432
f 6433 6425 6426
f 6433 6432 6425
f 5648 5647 5644
f 5648 5651 5647
f 5658 5651 5650
f 5658 6437 5651
f 6444 6457 6445
f 6444 6456 6457
f 5686 6453 5687
f 5686 6443 6453
f 5675 6443 5686
f 5675 5679 6443
f 6403 6446 6421
f 6403 6405 6446
f 5680 6421 6447
f 5680 5678 6421
f 5627 5678 5677
f 5627 5628 5678
f 6446 6448 6444
f 6446 6449 6448
f 6445 5680 6447
f 6445 5679 5680
f 6438 6461 6441
f 6438 6440 6461
f 5658 5689 5694
f 5658 5657 5689
f 6463 5694 5695
f 6463 6440 5694
f 6462 6465 6466
f 6462 6461 6465
f 6471 6463 6464
f 6471 6465 6463
f 6464 5693 5699
f 6464 5695 5693
f 6455 6457 6458
f 6455 6453 6457
f 6487 6455 6488
f 6487 6454 6455
f 6489 6458 6459
f 6489 6488 6458
f 5716 5687 5719
f 5716 5685 5687
f 6454 5716 5719
f 6454 5718 5716
f 6490 6479 6487
f 6490 6481 6479
f 6486 6479 6480
f 6486 6485 6479
f 5710 6486 5711
f 5710 6485 6486
f 5717 5710 5708
f 5717 5718 5710
f 6475 6470 6471
f 6475 6473 6470
f 5701 5699 5697
f 5701 5724 5699
f 6494 6474 6473
f 6494 6496 6474
f 6476 5724 5725
f 6476 6475 5724
f 6476 5726 6495
f 6476 5725 5726
f 6501 6494 6495
f 6501 6500 6494
f 6501 6508 6502
f 6501 6507 6508
f 6508 5732 5733
f 6508 6507 5732
f 5727 5726 5723
f 5727 5732 5726
f 6480 6512 6493
f 6480 6482 6512
f 5754 6493 6513
f 5754 5753 6493
f 5709 5753 5752
f 5709 5711 5753
f 6512 6514 6511
f 6512 6515 6514
f 6511 6523 6513
f 6511 6519 6523
f 5754 5759 5751
f 5754 6523 5759
f 6526 6502 6509
f 6526 6504 6502
f 6526 6510 6531
f 6526 6509 6510
f 5766 5731 5765
f 5766 5733 5731
f 5766 5773 6510
f 5766 5765 5773
f 6530 6531 6534
f 6530 6529 6531
f 6534 6538 6537
f 6534 6535 6538
f 5779 5767 5770
f 5779 5773 5767
f 6538 5779 5780
f 6538 6535 5779
f 6544 6556 6545
f 6544 6555 6556
f 5802 5799 5805
f 5802 5796 5799
f 6524 6520 6525
f 6524 6519 6520
f 6521 6546 6520
f 6521 6549 6546
f 6524 5758 5759
f 6524 5798 5758
f 5800 6525 6547
f 5800 5798 6525
f 6546 6548 6544
f 6546 6549 6548
f 6545 5800 6547
f 6545 5799 5800
f 6537 6560 6540
f 6537 6539 6560
f 5780 5812 5817
f 5780 5778 5812
f 6562 5817 5818
f 6562 6539 5817
f 6561 6564 6565
f 6561 6560 6564
f 6571 6562 6563
f 6571 6564 6562
f 6568 5824 5825
f 6568 6563 5824
f 5812 5824 5818
f 5812 5813 5824
f 6554 6556 6557
f 6554 6553 6556
f 6577 6557 6558
f 6577 6576 6557
f 5804 6553 5842
f 5804 5805 6553
f 5842 6579 5843
f 5842 6554 6579
f 6579 6578 6580
f 6579 6576 6578
f 6585 6580 6584
f 6585 6581 6580
f 5848 6585 5849
f 5848 6581 6585
f 5848 5837 5843
f 5848 5838 5837
f 6571 6569 6572
f 6571 6568 6569
f 6572 6592 6573
f 6572 6591 6592
f 5825 5859 5861
f 5825 5823 5859
f 6594 5861 5862
f 6594 6569 5861
f 6593 6594 6595
f 6593 6591 6594
f 6595 6600 6599
f 6595 6596 6600
f 6600 5864 5865
f 6600 6596 5864
f 5859 5864 5862
f 5859 5860 5864
f 6606 6584 6587
f 6606 6586 6584
f 5867 5849 5872
f 5867 5847 5849
f 5872 6608 5873
f 5872 6586 6608
f 6610 6607 6611
f 6610 6606 6607
f 6608 6616 6609
f 6608 6610 6616
f 5871 6609 5875
f 5871 5873 6609
f 6599 6633 6603
f 6599 6602 6633
f 6602 6632 6633
f 6602 6601 6632
f 5854 5865 5853
f 5854 5895 5865
f 6601 5884 5885
f 6601 5895 5884
f 6624 6635 6632
f 6624 6626 6635
f 6624 6631 6625
f 6624 6630 6631
f 6631 5891 5892
f 6631 6630 5891
f 5886 5885 5884
f 5886 5891 5885
f 6615 6620 6616
f 6615 6618 6620
f 5875 5878 5874
f 5875 5905 5878
f 6619 6640 6618
f 6619 6643 6640
f 5905 6621 5906
f 5905 6620 6621
f 5907 6621 6641
f 5907 5906 6621
f 6640 6642 6639
f 6640 6643 6642
f 6639 6652 6641
f 6639 6648 6652
f 5913 6653 5914
f 5913 6652 6653
f 5907 5908 5904
f 5907 5913 5908
f 6668 6657 6658
f 6668 6667 6657
f 5927 5931 5935
f 5927 5924 5931
f 6659 6625 6638
f 6659 6627 6625
f 6638 5928 6660
f 6638 5926 5928
f 5926 5890 5925
f 5926 5892 5890
f 6661 6659 6657
f 6661 6662 6659
f 5928 6658 6660
f 5928 5927 6658
f 6653 6649 6654
f 6653 6648 6649
f 6650 6672 6649
f 6650 6673 6672
f 6655 6672 6677
f 6655 6654 6672
f 5912 5943 5942
f 5912 5914 5943
f 5947 5943 6655
f 5947 5942 5943
f 6677 6676 6680
f 6677 6675 6676
f 6684 6680 6683
f 6684 6681 6680
f 5944 5956 5945
f 5944 5947 5956
f 5956 6684 5957
f 5956 6681 6684
f 6668 6666 6669
f 6668 6665 6666
f 6669 6695 6670
f 6669 6694 6695
f 6665 5934 5972
f 6665 5935 5934
f 6697 5972 5973
f 6697 6666 5972
f 6696 6697 6698
f 6696 6694 6697
f 6698 6704 6703
f 6698 6699 6704
f 6704 5975 5976
f 6704 6699 5975
f 5966 5975 5973
f 5966 5967 5975
f 6709 6683 6686
f 6709 6685 6683
f 6711 6686 6687
f 6711 6709 6686
f 5977 5957 5983
f 5977 5954 5957
f 5983 6710 5984
f 5983 6685 6710
f 6714 6712 6711
f 6714 6719 6712
f 6719 6713 6712
f 6719 6720 6713
f 6713 5984 6710
f 6713 5985 5984
f 6728 6720 6721
f 6728 6727 6720
f 5985 5989 5982
f 5985 6727 5989
f 5989 5996 5988
f 5989 6728 5996
f 6750 6736 6737
f 6750 6749 6736
f 6745 6019 6020
f 6745 6735 6019
f 6735 6013 6019
f 6735 6016 6013
f 6705 6691 6703
f 6705 6692 6691
f 6738 6706 6739
f 6738 6705 6706
f 5963 5976 5962
f 5963 6021 5976
f 6706 6015 6017
f 6706 6021 6015
f 6740 6738 6736
f 6740 6741 6738
f 6017 6737 6739
f 6017 6016 6737
f 6721 6732 6729
f 6721 6724 6732
f 6755 6729 6732
f 6755 6731 6729
f 6027 5996 6033
f 6027 5994 5996
f 6033 6757 6034
f 6033 6731 6757
f 6758 6756 6761
f 6758 6755 6756
f 6762 6758 6761
f 6762 6759 6758
f 6760 6034 6757
f 6760 6035 6034
f 6771 6768 6772
f 6771 6767 6768
f 6760 6767 6770
f 6760 6759 6767
f 6035 6039 6032
f 6035 6770 6039
f 6039 6047 6038
f 6039 6771 6047
f 6787 6797 6796
f 6787 6788 6797
f 6805 6799 6804
f 6805 6800 6799
f 6799 6798 6797
f 6799 6801 6798
f 6067 6084 6063
f 6067 6796 6084
f 6798 6079 6084
f 6798 6082 6079
f 6802 6747 6803
f 6802 6746 6747
f 6748 6751 6752
f 6748 6746 6751
f 6750 6748 6752
f 6750 6745 6748
f 6002 6020 6001
f 6002 6085 6020
f 6747 6081 6083
f 6747 6085 6081
f 6805 6802 6800
f 6805 6806 6802
f 6083 6801 6803
f 6083 6082 6801
f 6776 6778 6775
f 6776 6779 6778
f 6780 6772 6775
f 6780 6773 6772
f 6046 6773 6087
f 6046 6047 6773
f 6779 6812 6778
f 6779 6813 6812
f 6782 6812 6817
f 6782 6781 6812
f 6087 6781 6088
f 6087 6780 6781
f 6050 6088 6091
f 6050 6049 6088
f 6090 6782 6099
f 6090 6091 6782
f 6821 6817 6818
f 6821 6820 6817
f 6825 6821 6824
f 6825 6822 6821
f 6823 6099 6820
f 6823 6100 6099
f 6833 6830 6834
f 6833 6829 6830
f 6823 6829 6832
f 6823 6822 6829
f 6100 6102 6098
f 6100 6832 6102
f 6104 6102 6110
f 6104 6101 6102
f 6110 6835 6111
f 6110 6833 6835
f 6889 6884 6885
f 6889 6888 6884
f 6889 6882 6887
f 6889 6883 6882
f 6159 6882 6160
f 6159 6880 6882
f 6162 6160 6173
f 6162 6157 6160
f 6883 6170 6173
f 6883 6172 6170
f 6895 6899 6901
f 6895 6894 6899
f 6885 6895 6898
f 6885 6884 6895
f 6908 6903 6907
f 6908 6904 6903
f 6903 6902 6901
f 6903 6905 6902
f 6172 6175 6171
f 6172 6898 6175
f 6177 6175 6187
f 6177 6174 6175
f 6902 6183 6187
f 6902 6185 6183
f 6786 6789 6785
f 6786 6790 6789
f 6784 6914 6915
f 6784 6783 6914
f 6785 6916 6786
f 6785 6915 6916
f 6191 6783 6194
f 6191 6193 6783
f 6794 6194 6784
f 6794 6195 6194
f 6904 6914 6906
f 6904 6911 6914
f 6186 6905 6906
f 6186 6185 6905
f 6186 6188 6184
f 6186 6193 6188
f 6789 6793 6794
f 6789 6787 6793
f 6065 6793 6067
f 6065 6195 6793
f 6838 6841 6837
f 6838 6842 6841
f 6845 6834 6837
f 6845 6835 6834
f 6111 6115 6109
f 6111 6196 6115
f 6841 6844 6845
f 6841 6840 6844
f 6840 6849 6847
f 6840 6843 6849
f 6851 6852 6850
f 6851 6853 6852
f 6855 6847 6850
f 6855 6848 6847
f 6125 6116 6117
f 6125 6122 6116
f 6115 6844 6117
f 6115 6196 6844
f 6124 6848 6197
f 6124 6125 6848
f 6852 6857 6856
f 6852 6854 6857
f 6862 6864 6861
f 6862 6865 6864
f 6859 6860 6861
f 6859 6857 6860
f 6197 6856 6198
f 6197 6855 6856
f 6129 6198 6199
f 6129 6128 6198
f 6137 6199 6200
f 6137 6135 6199
f 6868 6200 6859
f 6868 6201 6200
f 6864 6867 6868
f 6864 6863 6867
f 6863 6872 6870
f 6863 6866 6872
f 6874 6876 6873
f 6874 6877 6876
f 6881 6870 6873
f 6881 6871 6870
f 6156 6141 6142
f 6156 6153 6141
f 6140 6867 6142
f 6140 6201 6867
f 6155 6871 6202
f 6155 6156 6871
f 6151 6202 6159
f 6151 6155 6202
f 6876 6880 6881
f 6876 6875 6880
f 6875 6890 6887
f 6875 6878 6890
f 5562 5613 5561
f 5562 5615 5613
f 5562 5409 5620
f 5562 5408 5409
f 5659 5617 5615
f 5659 5660 5617
f 5621 5659 5620
f 5621 5661 5659
f 6938 5661 6941
f 6938 5660 5661
f 6937 5617 6939
f 6937 5616 5617
f 5614 6937 5739
f 5614 5616 6937
f 5738 5739 5741
f 5738 5737 5739
f 5741 5744 5740
f 5741 6945 5744
f 5745 6945 6946
f 5745 5744 6945
f 6978 6236 6237
f 6978 6976 6236
f 6246 6237 6235
f 6246 6978 6237
f 6938 6951 6940
f 6938 6943 6951
f 6940 6947 6939
f 6940 6950 6947
f 6947 6948 6946
f 6947 6950 6948
f 6948 6953 6949
f 6948 6952 6953
f 7013 7022 7014
f 7013 7021 7022
f 6308 7017 6309
f 6308 7012 7017
f 6298 7012 6308
f 6298 6301 7012
f 6961 6959 6958
f 6961 6962 6959
f 7029 6957 7030
f 7029 6956 6957
f 7031 6958 6959
f 7031 7030 6958
f 6300 6956 6302
f 6300 6310 6956
f 6310 6214 6311
f 6310 6212 6214
f 6311 6965 6957
f 6311 6312 6965
f 7029 7013 7015
f 7029 7026 7013
f 7014 6302 7015
f 7014 6301 6302
f 6964 6961 6965
f 6964 6960 6961
f 6969 6960 6967
f 6969 6963 6960
f 6973 6971 6970
f 6973 6974 6971
f 6967 6977 6970
f 6967 6968 6977
f 6218 6231 6219
f 6218 6228 6231
f 6964 6217 6219
f 6964 6312 6217
f 6968 6230 6313
f 6968 6231 6230
f 6313 6227 6236
f 6313 6230 6227
f 6976 6973 6977
f 6976 6972 6973
f 6981 6972 6979
f 6981 6975 6972
f 6985 6983 6982
f 6985 6986 6983
f 6979 6989 6982
f 6979 6980 6989
f 6980 6245 6314
f 6980 6246 6245
f 6988 6985 6989
f 6988 6984 6985
f 6993 6984 6991
f 6993 6987 6984
f 6996 6995 6994
f 6996 6997 6995
f 6991 6999 6994
f 6991 6992 6999
f 6250 6260 6251
f 6250 6257 6260
f 6988 6249 6251
f 6988 6314 6249
f 6992 6259 6315
f 6992 6260 6259
f 7001 6996 7000
f 7001 6998 6996
f 7004 7003 7005
f 7004 7001 7003
f 7005 7053 7004
f 7005 7055 7053
f 7000 6315 6316
f 7000 6999 6315
f 6316 6263 6317
f 6316 6262 6263
f 6317 6271 6318
f 6317 6269 6271
f 6318 7007 7003
f 6318 6319 7007
f 7056 7009 7063
f 7056 7008 7009
f 7008 6319 6320
f 7008 7007 6319
f 6320 6274 6321
f 6320 6273 6274
f 6321 6282 6324
f 6321 6280 6282
f 6324 7066 7009
f 6324 6327 7066
f 7055 7062 7058
f 7055 7056 7062
f 7063 7067 7064
f 7063 7066 7067
f 7067 7072 7071
f 7067 7068 7072
f 6327 7010 7070
f 6327 6326 7010
f 6326 6331 7010
f 6326 6323 6331
f 7077 7068 7070
f 7077 7075 7068
f 7077 7080 7078
f 7077 7079 7080
f 7081 7083 7080
f 7081 7086 7083
f 6331 6336 6338
f 6331 6330 6336
f 6338 7081 7079
f 6338 6339 7081
f 7086 7092 7087
f 7086 7091 7092
f 6343 6339 6337
f 6343 7091 6339
f 6350 6343 6342
f 6350 7092 6343
f 5743 5834 5831
f 5743 5746 5834
f 5746 5899 5900
f 5746 5745 5899
f 7102 7113 7103
f 7102 7112 7113
f 7100 7113 7110
f 7100 7101 7113
f 6377 6360 6357
f 6377 7100 6360
f 6372 7101 6377
f 6372 6375 7101
f 7019 7104 7105
f 7019 7018 7104
f 7023 7020 7024
f 7023 7018 7020
f 7020 7022 7024
f 7020 7017 7022
f 6309 6289 6288
f 6309 6378 6289
f 6374 7019 6376
f 6374 6378 7019
f 7104 7106 7102
f 7104 7107 7106
f 7103 6376 7105
f 7103 6375 6376
f 7096 7087 7093
f 7096 7090 7087
f 7093 7123 7096
f 7093 7095 7123
f 6350 6380 6386
f 6350 6348 6380
f 7126 6386 6387
f 7126 7095 6386
f 7124 7127 7130
f 7124 7123 7127
f 7127 7131 7130
f 7127 7128 7131
f 6387 7129 7126
f 6387 6388 7129
f 7136 7140 7141
f 7136 7135 7140
f 7135 7129 7139
f 7135 7128 7129
f 6392 6388 6385
f 6392 7139 6388
f 6399 6392 6391
f 6399 7140 6392
f 6949 5901 5899
f 6949 6954 5901
f 5833 5937 5898
f 5833 5834 5937
f 5901 5937 5900
f 5901 5939 5937
f 7150 7161 7151
f 7150 7160 7161
f 7148 7161 7158
f 7148 7149 7161
f 6422 6406 6404
f 6422 7148 6406
f 6415 7149 6422
f 6415 6419 7149
f 7097 7152 7111
f 7097 7098 7152
f 7114 7097 7110
f 7114 7098 7097
f 6420 7111 7153
f 6420 6418 7111
f 6359 6418 6417
f 6359 6360 6418
f 7152 7154 7150
f 7152 7155 7154
f 7151 6420 7153
f 7151 6419 6420
f 7141 7169 7144
f 7141 7143 7169
f 6399 6423 6429
f 6399 6397 6423
f 7172 6429 6430
f 7172 7143 6429
f 7170 7173 7176
f 7170 7169 7173
f 7173 7177 7176
f 7173 7174 7177
f 6430 7175 7172
f 6430 6431 7175
f 7182 7185 7186
f 7182 7181 7185
f 7181 7175 7184
f 7181 7174 7175
f 6435 6431 6428
f 6435 7184 6431
f 6442 6435 6434
f 6442 7185 6435
f 7192 7203 7193
f 7192 7202 7203
f 6456 6451 6460
f 6456 6448 6451
f 7145 7194 7159
f 7145 7146 7194
f 7162 7145 7158
f 7162 7146 7145
f 6452 7159 7195
f 6452 6450 7159
f 6405 6450 6449
f 6405 6406 6450
f 7194 7196 7192
f 7194 7197 7196
f 7193 6452 7195
f 7193 6451 6452
f 7186 7209 7189
f 7186 7188 7209
f 6442 6462 6467
f 6442 6441 6462
f 7211 6467 6468
f 7211 7188 6467
f 7210 7213 7214
f 7210 7209 7213
f 7219 7211 7212
f 7219 7213 7211
f 7212 6466 6472
f 7212 6468 6466
f 7201 7203 7204
f 7201 7199 7203
f 7233 7201 7234
f 7233 7200 7201
f 7235 7204 7205
f 7235 7234 7204
f 6459 7199 6492
f 6459 6460 7199
f 7200 6489 6492
f 7200 6491 6489
f 7236 7226 7233
f 7236 7228 7226
f 7232 7226 7227
f 7232 7231 7226
f 6483 7232 6484
f 6483 7231 7232
f 6490 6483 6481
f 6490 6491 6483
f 7223 7218 7219
f 7223 7221 7218
f 6474 6472 6470
f 6474 6497 6472
f 7242 7222 7221
f 7242 7244 7222
f 7224 6497 6498
f 7224 7223 6497
f 7224 6499 7243
f 7224 6498 6499
f 7249 7242 7243
f 7249 7248 7242
f 7249 7256 7250
f 7249 7255 7256
f 7256 6505 6506
f 7256 7255 6505
f 6500 6499 6496
f 6500 6505 6499
f 7227 7260 7240
f 7227 7229 7260
f 6517 7240 7261
f 6517 6516 7240
f 6482 6516 6515
f 6482 6484 6516
f 7260 7262 7259
f 7260 7263 7262
f 7259 7271 7261
f 7259 7267 7271
f 6517 6522 6514
f 6517 7271 6522
f 7274 7250 7257
f 7274 7252 7250
f 7274 7258 7281
f 7274 7257 7258
f 6528 6504 6527
f 6528 6506 6504
f 6528 6532 7258
f 6528 6527 6532
f 7279 7281 7283
f 7279 7278 7281
f 7283 7286 7285
f 7283 7284 7286
f 6541 6529 6530
f 6541 6532 6529
f 7286 6541 6542
f 7286 7284 6541
f 7291 7302 7292
f 7291 7301 7302
f 6555 6551 6559
f 6555 6548 6551
f 7272 7268 7273
f 7272 7267 7268
f 7269 7293 7268
f 7269 7296 7293
f 7272 6521 6522
f 7272 6550 6521
f 6552 7273 7294
f 6552 6550 7273
f 7293 7295 7291
f 7293 7296 7295
f 7292 6552 7294
f 7292 6551 6552
f 7285 7307 7288
f 7285 7287 7307
f 6542 6561 6566
f 6542 6540 6561
f 7310 6566 6567
f 7310 7287 6566
f 7309 7310 7311
f 7309 7307 7310
f 7311 7316 7315
f 7311 7312 7316
f 7312 6565 6574
f 7312 6567 6565
f 7300 7302 7303
f 7300 7299 7302
f 7322 7303 7304
f 7322 7321 7303
f 6558 7299 6582
f 6558 6559 7299
f 6582 7323 6583
f 6582 7300 7323
f 7325 7322 7326
f 7325 7321 7322
f 7323 7334 7324
f 7323 7325 7334
f 6588 7331 6589
f 6588 7324 7331
f 6588 6577 6583
f 6588 6578 6577
f 7315 7341 7318
f 7315 7317 7341
f 7316 6573 6597
f 7316 6574 6573
f 7344 6597 6598
f 7344 7317 6597
f 7343 7344 7345
f 7343 7341 7344
f 7345 7350 7349
f 7345 7346 7350
f 7350 6604 6605
f 7350 7346 6604
f 6592 6604 6598
f 6592 6593 6604
f 7332 7334 7335
f 7332 7331 7334
f 7356 7335 7336
f 7356 7355 7335
f 6607 6589 6612
f 6607 6587 6589
f 6612 7357 6613
f 6612 7332 7357
f 7359 7356 7360
f 7359 7355 7356
f 7357 7367 7358
f 7357 7359 7367
f 6611 7358 6617
f 6611 6613 7358
f 7351 7338 7349
f 7351 7339 7338
f 7373 7352 7374
f 7373 7351 7352
f 6605 6634 6637
f 6605 6603 6634
f 6634 7352 6637
f 6634 6636 7352
f 7379 7373 7374
f 7379 7378 7373
f 7379 7386 7380
f 7379 7385 7386
f 7386 6628 6629
f 7386 7385 6628
f 6628 6635 6626
f 6628 6636 6635
f 7366 7371 7367
f 7366 7368 7371
f 6617 6619 6615
f 6617 6644 6619
f 7369 7388 7368
f 7369 7390 7388
f 6644 7372 6645
f 6644 7371 7372
f 6646 7372 7389
f 6646 6645 7372
f 7388 7394 7389
f 7388 7393 7394
f 7400 7394 7395
f 7400 7399 7394
f 6646 6651 6642
f 6646 7399 6651
f 7406 7380 7387
f 7406 7382 7380
f 7387 6664 7407
f 7387 6663 6664
f 6663 6627 6662
f 6663 6629 6627
f 7408 7406 7405
f 7408 7409 7406
f 7419 7405 7407
f 7419 7418 7405
f 6671 6664 6661
f 6671 7419 6664
f 7402 7396 7404
f 7402 7395 7396
f 7403 7423 7426
f 7403 7402 7423
f 7400 6650 6651
f 7400 6674 6650
f 6678 6674 7403
f 6678 6673 6674
f 7428 7424 7429
f 7428 7423 7424
f 7426 7434 7427
f 7426 7428 7434
f 6675 6688 6676
f 6675 6678 6688
f 6688 7432 6689
f 6688 7427 7432
f 7414 7421 7415
f 7414 7418 7421
f 7415 7446 7416
f 7415 7445 7446
f 7421 6700 7413
f 7421 6701 6700
f 6667 6701 6671
f 6667 6670 6701
f 7448 6700 6702
f 7448 7413 6700
f 7440 7450 7449
f 7440 7441 7450
f 7447 7448 7450
f 7447 7445 7448
f 6693 6708 6691
f 6693 7449 6708
f 6695 6708 6702
f 6695 6696 6708
f 7433 7438 7434
f 7433 7435 7438
f 6687 7432 6716
f 6687 6689 7432
f 7436 7456 7435
f 7436 7458 7456
f 6716 7439 6717
f 6716 7438 7439
f 6718 7439 7457
f 6718 6717 7439
f 7465 7462 7467
f 7465 7461 7462
f 7456 7461 7457
f 7456 7460 7461
f 6725 7465 6726
f 6725 7463 7465
f 6718 6725 6714
f 6718 7463 6725
f 7489 7483 7488
f 7489 7484 7483
f 7481 7496 7495
f 7481 7482 7496
f 7483 7482 7481
f 7483 7485 7482
f 6743 6749 6754
f 6743 6740 6749
f 7486 7440 7454
f 7486 7442 7440
f 7454 6744 7487
f 7454 6742 6744
f 6742 6692 6741
f 6742 6693 6692
f 7489 7486 7484
f 7489 7490 7486
f 6744 7485 7487
f 6744 6743 7485
f 7501 7467 7470
f 7501 7469 7467
f 7503 7470 7471
f 7503 7501 7470
f 6733 6724 6726
f 6733 6732 6724
f 6756 6733 6763
f 6756 6732 6733
f 6763 7502 6764
f 6763 7469 7502
f 7506 6764 7502
f 7506 6765 6764
f 7515 7512 7517
f 7515 7511 7512
f 7503 7510 7505
f 7503 7507 7510
f 7506 7511 7513
f 7506 7505 7511
f 6765 6769 6762
f 6765 7513 6769
f 6769 6777 6768
f 6769 7515 6777
f 7533 7546 7545
f 7533 7534 7546
f 7543 7548 7549
f 7543 7542 7548
f 7549 7547 7546
f 7549 7551 7547
f 6792 6809 6788
f 6792 7545 6809
f 7547 6804 6809
f 7547 6807 6804
f 7552 7477 7478
f 7552 7548 7477
f 7497 7476 7495
f 7497 7478 7476
f 7552 7498 7553
f 7552 7497 7498
f 7498 6806 6808
f 7498 6810 6806
f 6753 6810 6811
f 6753 6751 6810
f 7496 6753 6811
f 7496 6754 6753
f 6808 7551 7553
f 6808 6807 7551
f 7521 7524 7520
f 7521 7525 7524
f 7526 7517 7520
f 7526 7518 7517
f 6776 7518 6814
f 6776 6777 7518
f 7525 7556 7524
f 7525 7557 7556
f 7528 7556 7561
f 7528 7527 7556
f 6814 7527 6815
f 6814 7526 7527
f 6819 6815 7528
f 6819 6813 6815
f 7565 7561 7562
f 7565 7564 7561
f 7569 7565 7568
f 7569 7566 7565
f 6824 6819 6826
f 6824 6818 6819
f 7567 6826 7564
f 7567 6827 6826
f 7577 7574 7579
f 7577 7573 7574
f 7567 7573 7576
f 7567 7566 7573
f 6827 6831 6825
f 6827 7576 6831
f 6831 6839 6830
f 6831 7577 6839
f 6896 7647 6897
f 6896 7645 7647
f 6899 6897 6909
f 6899 6894 6897
f 6909 7653 6910
f 6909 7647 7653
f 6908 6910 6912
f 6908 6907 6910
f 7532 7535 7531
f 7532 7536 7535
f 7531 7666 7532
f 7531 7665 7666
f 7541 6918 7530
f 7541 6919 6918
f 7669 6918 6920
f 7669 7530 6918
f 7662 7667 7671
f 7662 7661 7667
f 7662 7663 7660
f 7662 7670 7663
f 7667 7669 7671
f 7667 7665 7669
f 6912 7670 6913
f 6912 7663 7670
f 6917 6913 6921
f 6917 6911 6913
f 6916 6921 6920
f 6916 6917 6921
f 7535 7540 7541
f 7535 7533 7540
f 6790 7540 6792
f 6790 6919 7540
f 7583 7586 7582
f 7583 7587 7586
f 7591 7579 7582
f 7591 7580 7579
f 6838 7580 6922
f 6838 6839 7580
f 7586 7593 7592
f 7586 7588 7593
f 7598 7600 7597
f 7598 7601 7600
f 7595 7596 7597
f 7595 7593 7596
f 6922 7592 6923
f 6922 7591 7592
f 6843 6923 6924
f 6843 6842 6923
f 6851 6924 6925
f 6851 6849 6924
f 7604 6925 7595
f 7604 6926 6925
f 7600 7606 7605
f 7600 7602 7606
f 7611 7613 7610
f 7611 7614 7613
f 7608 7609 7610
f 7608 7606 7609
f 6926 7605 6927
f 6926 7604 7605
f 6854 6927 6928
f 6854 6853 6927
f 6862 6928 6929
f 6862 6860 6928
f 7617 6929 7608
f 7617 6930 6929
f 7613 7619 7618
f 7613 7615 7619
f 7624 7627 7623
f 7624 7628 7627
f 7621 7622 7623
f 7621 7619 7622
f 6930 7618 6931
f 6930 7617 7618
f 6866 6931 6932
f 6866 6865 6931
f 6874 6932 6933
f 6874 6872 6932
f 7632 6933 7621
f 7632 6934 6933
f 7627 7631 7632
f 7627 7626 7631
f 7626 7636 7634
f 7626 7629 7636
f 7638 7641 7637
f 7638 7642 7641
f 7646 7634 7637
f 7646 7635 7634
f 6893 6878 6879
f 6893 6890 6878
f 6877 7631 6879
f 6877 6934 7631
f 6892 7635 6935
f 6892 6893 7635
f 6888 6935 6896
f 6888 6892 6935
f 7641 7645 7646
f 7641 7640 7645
f 7640 7655 7652
f 7640 7643 7655
f 7664 7652 7656
f 7664 7653 7652
f 7654 7664 7656
f 7654 7660 7664
f 7702 7693 7701
f 7702 7694 7693
f 7704 7709 7708
f 7704 7705 7709
f 7703 7704 7702
f 7703 7706 7704
f 7701 7027 7028
f 7701 7698 7027
f 7028 7032 7038
f 7028 7026 7032
f 7038 7031 7036
f 7038 7032 7031
f 7036 7706 7703
f 7036 7037 7706
f 7037 7679 7707
f 7037 7035 7679
f 7035 6963 7039
f 7035 6962 6963
f 7039 6971 7040
f 7039 6969 6971
f 7040 7718 7679
f 7040 7043 7718
f 7716 7705 7707
f 7716 7713 7705
f 7716 7719 7717
f 7716 7718 7719
f 7719 7724 7723
f 7719 7720 7724
f 7043 7680 7722
f 7043 7042 7680
f 7042 6975 7044
f 7042 6974 6975
f 7044 6983 7045
f 7044 6981 6983
f 7045 7731 7680
f 7045 7048 7731
f 7729 7720 7722
f 7729 7727 7720
f 7729 7732 7730
f 7729 7731 7732
f 7732 7737 7736
f 7732 7733 7737
f 7742 7682 7743
f 7742 7681 7682
f 7048 7681 7735
f 7048 7047 7681
f 7047 6987 7049
f 7047 6986 6987
f 7049 6995 7050
f 7049 6993 6995
f 7050 7685 7682
f 7050 7051 7685
f 7742 7733 7735
f 7742 7741 7733
f 7744 7746 7748
f 7744 7743 7746
f 7747 7687 7754
f 7747 7686 7687
f 7686 7051 7052
f 7686 7685 7051
f 7052 6998 7054
f 7052 6997 6998
f 7687 7053 7059
f 7687 7054 7053
f 7746 7752 7749
f 7746 7747 7752
f 7754 7757 7755
f 7754 7756 7757
f 7757 7762 7761
f 7757 7758 7762
f 7059 7759 7756
f 7059 7060 7759
f 7767 7758 7760
f 7767 7765 7758
f 7767 7770 7768
f 7767 7769 7770
f 7771 7773 7770
f 7771 7776 7773
f 7759 7061 7760
f 7759 7060 7061
f 7062 7061 7058
f 7062 7065 7061
f 7065 7071 7073
f 7065 7064 7071
f 7073 7771 7769
f 7073 7074 7771
f 7776 7782 7777
f 7776 7781 7782
f 7076 7074 7072
f 7076 7781 7074
f 7076 7078 7084
f 7076 7075 7078
f 7784 7084 7085
f 7784 7782 7084
f 7792 7800 7793
f 7792 7799 7800
f 7112 7108 7117
f 7112 7106 7108
f 7695 7692 7691
f 7695 7696 7692
f 7806 7690 7807
f 7806 7689 7690
f 7808 7691 7692
f 7808 7807 7691
f 7107 7689 7109
f 7107 7118 7689
f 7118 7025 7119
f 7118 7023 7025
f 7119 7699 7690
f 7119 7120 7699
f 7120 7021 7027
f 7120 7025 7021
f 7806 7792 7794
f 7806 7803 7792
f 7793 7109 7794
f 7793 7108 7109
f 7698 7695 7699
f 7698 7693 7695
f 7785 7777 7783
f 7785 7780 7777
f 7783 7788 7786
f 7783 7784 7788
f 7786 7821 7785
f 7786 7823 7821
f 7089 7085 7083
f 7089 7121 7085
f 7824 7790 7831
f 7824 7789 7790
f 7789 7121 7122
f 7789 7788 7121
f 7122 7090 7125
f 7122 7089 7090
f 7790 7124 7132
f 7790 7125 7124
f 7823 7829 7826
f 7823 7824 7829
f 7831 7834 7832
f 7831 7833 7834
f 7835 7837 7834
f 7835 7840 7837
f 7132 7835 7833
f 7132 7133 7835
f 7844 7137 7138
f 7844 7843 7137
f 7137 7133 7131
f 7137 7843 7133
f 7848 7856 7849
f 7848 7855 7856
f 7160 7156 7165
f 7160 7154 7156
f 7798 7800 7801
f 7798 7796 7800
f 7862 7798 7863
f 7862 7797 7798
f 7864 7801 7802
f 7864 7863 7801
f 7155 7797 7157
f 7155 7166 7797
f 7166 7116 7167
f 7166 7114 7116
f 7116 7796 7167
f 7116 7117 7796
f 7862 7848 7850
f 7862 7859 7848
f 7849 7157 7850
f 7849 7156 7157
f 7841 7844 7845
f 7841 7840 7844
f 7870 7842 7841
f 7870 7871 7842
f 7870 7846 7876
f 7870 7845 7846
f 7144 7138 7136
f 7144 7171 7138
f 7846 7170 7178
f 7846 7171 7170
f 7876 7880 7877
f 7876 7879 7880
f 7881 7884 7880
f 7881 7886 7884
f 7178 7881 7879
f 7178 7179 7881
f 7886 7892 7887
f 7886 7891 7892
f 7183 7179 7177
f 7183 7891 7179
f 7190 7183 7182
f 7190 7892 7183
f 7854 7856 7857
f 7854 7852 7856
f 7911 7854 7912
f 7911 7853 7854
f 7913 7857 7858
f 7913 7912 7857
f 7197 7853 7198
f 7197 7207 7853
f 7207 7164 7208
f 7207 7162 7164
f 7164 7852 7208
f 7164 7165 7852
f 7914 7901 7911
f 7914 7903 7901
f 7909 7901 7902
f 7909 7908 7901
f 7198 7206 7196
f 7198 7908 7206
f 7896 7887 7893
f 7896 7890 7887
f 7893 7921 7896
f 7893 7895 7921
f 7190 7210 7215
f 7190 7189 7210
f 7924 7215 7216
f 7924 7895 7215
f 7922 7926 7927
f 7922 7921 7926
f 7931 7924 7925
f 7931 7926 7924
f 7925 7214 7220
f 7925 7216 7214
f 7904 7900 7899
f 7904 7905 7900
f 7942 7899 7900
f 7942 7941 7899
f 7237 7910 7898
f 7237 7238 7910
f 7238 7202 7206
f 7238 7205 7202
f 7237 7944 7239
f 7237 7898 7944
f 7946 7937 7945
f 7946 7938 7937
f 7944 7943 7946
f 7944 7941 7943
f 7241 7230 7228
f 7241 7945 7230
f 7241 7235 7239
f 7241 7236 7235
f 7909 7904 7910
f 7909 7902 7904
f 7932 7934 7956
f 7932 7930 7934
f 7935 7930 7931
f 7935 7934 7930
f 7222 7220 7218
f 7222 7245 7220
f 7956 7964 7960
f 7956 7957 7964
f 7936 7245 7246
f 7936 7935 7245
f 7936 7247 7959
f 7936 7246 7247
f 7969 7957 7959
f 7969 7965 7957
f 7970 7253 7254
f 7970 7969 7253
f 7248 7247 7244
f 7248 7253 7247
f 7937 7972 7952
f 7937 7939 7972
f 7265 7952 7973
f 7265 7264 7952
f 7229 7264 7263
f 7229 7230 7264
f 7972 7977 7973
f 7972 7976 7977
f 7984 7977 7978
f 7984 7983 7977
f 7265 7270 7262
f 7265 7983 7270
f 7966 7970 7971
f 7966 7965 7970
f 7988 7967 7966
f 7988 7990 7967
f 7971 7277 7989
f 7971 7276 7277
f 7276 7252 7275
f 7276 7254 7252
f 7995 8000 8001
f 7995 7994 8000
f 7994 7988 7989
f 7994 7993 7988
f 7278 7277 7275
f 7278 7280 7277
f 7289 7280 7279
f 7289 8000 7280
f 7978 8006 7987
f 7978 7980 8006
f 7984 7269 7270
f 7984 7297 7269
f 7298 7987 8007
f 7298 7297 7987
f 8006 8008 8005
f 8006 8009 8008
f 8005 8017 8007
f 8005 8013 8017
f 7298 7305 7295
f 7298 8017 7305
f 8003 7995 8001
f 8003 7996 7995
f 8029 8004 8030
f 8029 8003 8004
f 7289 7308 7313
f 7289 7288 7308
f 8030 7313 7314
f 8030 8004 7313
f 8025 8029 8031
f 8025 8024 8029
f 8031 8034 8033
f 8031 8032 8034
f 8034 7319 7320
f 8034 8032 7319
f 7308 7319 7314
f 7308 7309 7319
f 7328 7301 7305
f 7328 7304 7301
f 8038 8048 8039
f 8038 8047 8048
f 7326 8037 7337
f 7326 7329 8037
f 7329 8039 8037
f 7329 7330 8039
f 8018 8014 8019
f 8018 8013 8014
f 8015 8040 8014
f 8015 8043 8040
f 8018 7330 7328
f 8018 8019 7330
f 8040 8042 8038
f 8040 8043 8042
f 8035 8025 8033
f 8035 8026 8025
f 8065 8036 8066
f 8065 8035 8036
f 7320 7342 7347
f 7320 7318 7342
f 8066 7347 7348
f 8066 8036 7347
f 8059 8068 8067
f 8059 8060 8068
f 8060 8065 8068
f 8060 8058 8065
f 7340 7354 7338
f 7340 8067 7354
f 7342 7354 7348
f 7342 7343 7354
f 8047 8052 8048
f 8047 8049 8052
f 7336 8046 7361
f 7336 7337 8046
f 8046 7363 7361
f 8046 8052 7363
f 7366 7364 7370
f 7366 7360 7364
f 8050 8072 8049
f 8050 8075 8072
f 8072 8074 8071
f 8072 8075 8074
f 8071 8083 8073
f 8071 8079 8083
f 8083 7363 8073
f 8083 7364 7363
f 8087 8059 8070
f 8087 8061 8059
f 8070 7377 8088
f 8070 7376 7377
f 7376 7339 7375
f 7376 7340 7339
f 8089 8087 8086
f 8089 8090 8087
f 8100 8086 8088
f 8100 8098 8086
f 8101 7383 7384
f 8101 8100 7383
f 7378 7377 7375
f 7378 7383 7377
f 8084 8080 8085
f 8084 8079 8080
f 8081 8103 8080
f 8081 8105 8103
f 8084 7369 7370
f 8084 7391 7369
f 7392 8085 8104
f 7392 7391 8085
f 8103 8109 8104
f 8103 8108 8109
f 8114 8109 8110
f 8114 8113 8109
f 7397 8114 7398
f 7397 8113 8114
f 7392 7393 7390
f 7392 7397 7393
f 8096 8099 8122
f 8096 8095 8099
f 8122 8132 8127
f 8122 8123 8132
f 8133 8123 8124
f 8133 8132 8123
f 7411 7414 7417
f 7411 7408 7414
f 8099 8101 8102
f 8099 8098 8101
f 8102 7412 8126
f 8102 7410 7412
f 7410 7382 7409
f 7410 7384 7382
f 7412 8124 8126
f 7412 7411 8124
f 8116 8111 8118
f 8116 8110 8111
f 8117 8137 8139
f 8117 8116 8137
f 7398 7404 7396
f 7398 7425 7404
f 7424 8117 7430
f 7424 7425 8117
f 8140 8138 8142
f 8140 8137 8138
f 8147 8141 8140
f 8147 8148 8141
f 8141 7430 8139
f 8141 7431 7430
f 7433 7431 7437
f 7433 7429 7431
f 8133 8131 8134
f 8133 8130 8131
f 8134 8170 8135
f 8134 8169 8170
f 8130 7416 7452
f 8130 7417 7416
f 8173 7452 7453
f 8173 8131 7452
f 8160 8175 8174
f 8160 8161 8175
f 8171 8173 8175
f 8171 8169 8173
f 7443 7455 7441
f 7443 8174 7455
f 7446 7455 7453
f 7446 7447 7455
f 8153 8149 8154
f 8153 8148 8149
f 8150 8178 8149
f 8150 8179 8178
f 8155 8178 8182
f 8155 8154 8178
f 8153 7436 7437
f 8153 7459 7436
f 7464 7459 8155
f 7464 7458 7459
f 8187 8182 8183
f 8187 8185 8182
f 8185 8193 8186
f 8185 8187 8193
f 7460 7472 7462
f 7460 7464 7472
f 7472 8191 7473
f 7472 8186 8191
f 8159 8162 8158
f 8159 8163 8162
f 8158 8222 8159
f 8158 8221 8222
f 8218 8223 8227
f 8218 8217 8223
f 8218 8219 8216
f 8218 8226 8219
f 8223 8225 8227
f 8223 8221 8225
f 7479 7500 7476
f 7479 8226 7500
f 8228 7488 7500
f 8228 7493 7488
f 7492 8228 8225
f 7492 7493 8228
f 8162 8167 8168
f 8162 8160 8167
f 7492 8167 7491
f 7492 8168 8167
f 7491 7442 7490
f 7491 7443 7442
f 8192 8198 8193
f 8192 8194 8198
f 7471 8191 7508
f 7471 7473 8191
f 8194 8200 8199
f 8194 8196 8200
f 8201 8232 8235
f 8201 8200 8232
f 7508 8199 7509
f 7508 8198 8199
f 7514 7509 8201
f 7514 7507 7509
f 8237 8233 8238
f 8237 8232 8233
f 8235 8243 8236
f 8235 8237 8243
f 7510 7522 7512
f 7510 7514 7522
f 7522 8241 7523
f 7522 8236 8241
f 8262 8209 8263
f 8262 8208 8209
f 8210 8212 8213
f 8210 8208 8212
f 8211 8220 8213
f 8211 8216 8220
f 7542 8209 7554
f 7542 7544 8209
f 8220 7554 8210
f 8220 7555 7554
f 8264 8262 8261
f 8264 8265 8262
f 8279 8261 8263
f 8279 8278 8261
f 8280 7538 7539
f 8280 8279 7538
f 7538 7543 7534
f 7538 7544 7543
f 7477 8219 7479
f 7477 7555 8219
f 8242 8249 8243
f 8242 8244 8249
f 7521 8241 7558
f 7521 7523 8241
f 8244 8251 8250
f 8244 8246 8251
f 8252 8284 8285
f 8252 8251 8284
f 8286 8253 8254
f 8286 8284 8253
f 7558 8250 7559
f 7558 8249 8250
f 7563 7559 8252
f 7563 7557 7559
f 7568 7563 7570
f 7568 7562 7563
f 8289 7570 8285
f 8289 7571 7570
f 8286 8293 8288
f 8286 8290 8293
f 8294 8296 8299
f 8294 8293 8296
f 8289 8294 8295
f 8289 8288 8294
f 8305 8301 8304
f 8305 8302 8301
f 8301 8300 8299
f 8301 8303 8300
f 7571 7575 7569
f 7571 8295 7575
f 7575 7584 7574
f 7575 8298 7584
f 8298 7585 7584
f 8298 8300 7585
f 8309 8312 8314
f 8309 8308 8312
f 8303 8309 8311
f 8303 8302 8309
f 8320 8313 8314
f 8320 8318 8313
f 7589 8313 7590
f 7589 8311 8313
f 8380 8384 8387
f 8380 8379 8384
f 8380 8381 8378
f 8380 8386 8381
f 8384 8389 8390
f 8384 8383 8389
f 8390 8388 8387
f 8390 8392 8388
f 8386 7659 7658
f 8386 8388 7659
f 7650 7654 7659
f 7650 7649 7654
f 8393 8258 8259
f 8393 8389 8258
f 8393 8270 8394
f 8393 8269 8270
f 8271 8273 8274
f 8271 8269 8273
f 8272 8281 8274
f 8272 8278 8281
f 7666 8270 7673
f 7666 7668 8270
f 8281 7673 8271
f 8281 7674 7673
f 7651 8392 8394
f 7651 7650 8392
f 7651 7661 7649
f 7651 7668 7661
f 7536 8280 7539
f 7536 7674 8280
f 7587 7585 7589
f 7587 7583 7585
f 8319 8329 8320
f 8319 8323 8329
f 7599 7588 7590
f 7599 7596 7588
f 7598 8318 7675
f 7598 7599 8318
f 8323 8328 8329
f 8323 8322 8328
f 8322 8334 8332
f 8322 8325 8334
f 8336 8340 8335
f 8336 8341 8340
f 8346 8332 8335
f 8346 8333 8332
f 7612 7602 7603
f 7612 7609 7602
f 7601 8328 7603
f 7601 7675 8328
f 7611 8333 7676
f 7611 7612 8333
f 8340 8345 8346
f 8340 8339 8345
f 8339 8351 8349
f 8339 8342 8351
f 8353 8357 8352
f 8353 8358 8357
f 8363 8349 8352
f 8363 8350 8349
f 7625 7615 7616
f 7625 7622 7615
f 7614 8345 7616
f 7614 7676 8345
f 7624 8350 7677
f 7624 7625 8350
f 8357 8362 8363
f 8357 8356 8362
f 8356 8373 8370
f 8356 8359 8373
f 8382 8370 8374
f 8382 8371 8370
f 8372 8382 8374
f 8372 8378 8382
f 7639 7629 7630
f 7639 7636 7629
f 7628 8362 7630
f 7628 7677 8362
f 7638 8371 7678
f 7638 7639 8371
f 7658 7643 7644
f 7658 7655 7643
f 7642 8381 7644
f 7642 7678 8381
f 7712 7709 7714
f 7712 7708 7709
f 8408 8412 8411
f 8408 8409 8412
f 8408 7714 7715
f 8408 8406 7714
f 7715 7717 7726
f 7715 7713 7717
f 7723 8409 7726
f 7723 7725 8409
f 8416 8422 8417
f 8416 8421 8422
f 8424 8430 8425
f 8424 8429 8430
f 8422 8430 8428
f 8422 8423 8430
f 7728 7725 7724
f 7728 8421 7725
f 7728 7730 7740
f 7728 7727 7730
f 7736 8423 7740
f 7736 7738 8423
f 8438 8424 8426
f 8438 8434 8424
f 8438 8441 8439
f 8438 8440 8441
f 8442 8444 8441
f 8442 8448 8444
f 8425 7739 8426
f 8425 7738 7739
f 7741 7739 7737
f 7741 7745 7739
f 7745 7748 7750
f 7745 7744 7748
f 7750 8442 8440
f 7750 7751 8442
f 8448 8454 8449
f 8448 8453 8454
f 8454 8458 8457
f 8454 8455 8458
f 7753 7751 7749
f 7753 8453 7751
f 7753 7755 7764
f 7753 7752 7755
f 7761 8455 7764
f 7761 7763 8455
f 8462 8468 8463
f 8462 8467 8468
f 7766 7763 7762
f 7766 8467 7763
f 7766 7768 7774
f 7766 7765 7768
f 8470 7774 7775
f 8470 8468 7774
f 8488 8479 8487
f 8488 8480 8479
f 8490 8495 8494
f 8490 8491 8495
f 8489 8490 8488
f 8489 8492 8490
f 8487 7804 7805
f 8487 8484 7804
f 7805 7809 7815
f 7805 7803 7809
f 7815 7808 7813
f 7815 7809 7808
f 7813 8492 8489
f 7813 7814 8492
f 8403 8401 8400
f 8403 8404 8401
f 8500 8399 8501
f 8500 8398 8399
f 8502 8400 8401
f 8502 8501 8400
f 7711 7697 7694
f 7711 7816 7697
f 7814 8398 8493
f 7814 7812 8398
f 7812 7697 7816
f 7812 7696 7697
f 7711 7818 7817
f 7711 7712 7818
f 7817 8407 8399
f 7817 7818 8407
f 8500 8491 8493
f 8500 8499 8491
f 8406 8403 8407
f 8406 8402 8403
f 8413 8402 8411
f 8413 8405 8402
f 8418 8415 8414
f 8418 8419 8415
f 8412 8418 8414
f 8412 8416 8418
f 8431 8417 8428
f 8431 8420 8417
f 8459 8449 8457
f 8459 8452 8449
f 8464 8461 8460
f 8464 8465 8461
f 8458 8464 8460
f 8458 8462 8464
f 8471 8463 8469
f 8471 8466 8463
f 8469 8474 8472
f 8469 8470 8474
f 8472 8530 8471
f 8472 8533 8530
f 7779 7775 7773
f 7779 7819 7775
f 8534 8476 8542
f 8534 8475 8476
f 8475 7819 7820
f 8475 8474 7819
f 7820 7780 7822
f 7820 7779 7780
f 8476 7821 7827
f 8476 7822 7821
f 8533 8539 8536
f 8533 8534 8539
f 8542 8545 8543
f 8542 8544 8545
f 8546 8548 8545
f 8546 8551 8548
f 7827 8546 8544
f 7827 7828 8546
f 8551 8557 8552
f 8551 8556 8557
f 7830 7828 7826
f 7830 8556 7828
f 7830 7832 7838
f 7830 7829 7832
f 8559 7838 7839
f 8559 8557 7838
f 7866 8485 8477
f 7866 7867 8485
f 7867 7799 7804
f 7867 7802 7799
f 7866 8574 7868
f 7866 8477 8574
f 8576 8565 8575
f 8576 8566 8565
f 8574 8573 8576
f 8574 8572 8573
f 8573 8578 8579
f 8573 8572 8578
f 8575 7860 7861
f 8575 8570 7860
f 7861 7865 7869
f 7861 7859 7865
f 7869 7864 7868
f 7869 7865 7864
f 8484 8481 8485
f 8484 8479 8481
f 8482 8578 8481
f 8482 8581 8578
f 8561 8552 8558
f 8561 8555 8552
f 8558 8590 8561
f 8558 8560 8590
f 8559 7874 8560
f 8559 7872 7874
f 7842 7839 7837
f 7842 7872 7839
f 8591 8594 8598
f 8591 8590 8594
f 8594 8599 8598
f 8594 8595 8599
f 7874 8562 8597
f 7874 7873 8562
f 7873 7878 8562
f 7873 7871 7878
f 8603 8607 8609
f 8603 8602 8607
f 8607 8595 8597
f 8607 8602 8595
f 8609 8612 8611
f 8609 8610 8612
f 7878 7882 7883
f 7878 7877 7882
f 8610 7882 7885
f 8610 7883 7882
f 7915 8571 8563
f 7915 7916 8571
f 7916 7855 7860
f 7916 7858 7855
f 7915 8626 7917
f 7915 8563 8626
f 8628 8619 8627
f 8628 8620 8619
f 8626 8625 8628
f 8626 8624 8625
f 8625 8630 8631
f 8625 8624 8630
f 7918 7907 7903
f 7918 8627 7907
f 7918 7913 7917
f 7918 7914 7913
f 8570 8567 8571
f 8570 8565 8567
f 8568 8630 8567
f 8568 8633 8630
f 8611 8616 8614
f 8611 8612 8616
f 8614 8641 8613
f 8614 8643 8641
f 7889 7885 7884
f 7889 7919 7885
f 8644 8618 8653
f 8644 8617 8618
f 8617 7919 7920
f 8617 8616 7919
f 7920 7890 7923
f 7920 7889 7890
f 8618 7922 7928
f 8618 7923 7922
f 8643 8649 8646
f 8643 8644 8649
f 8650 8653 8655
f 8650 8649 8653
f 8655 8658 8657
f 8655 8656 8658
f 8656 7927 7933
f 8656 7928 7927
f 8662 8674 8663
f 8662 8673 8674
f 7953 8670 7954
f 7953 8661 8670
f 7953 7942 7950
f 7953 7943 7942
f 7950 8663 8661
f 7950 7951 8663
f 8619 8664 8637
f 8619 8621 8664
f 8623 7905 7907
f 8623 7949 7905
f 8623 7951 7949
f 8623 8637 7951
f 8664 8666 8662
f 8664 8667 8666
f 8657 8679 8660
f 8657 8659 8679
f 8658 7932 7961
f 8658 7933 7932
f 8682 7961 7962
f 8682 8659 7961
f 8680 8683 8685
f 8680 8679 8683
f 8684 8687 8683
f 8684 8690 8687
f 7962 8684 8682
f 7962 7963 8684
f 7963 7964 7968
f 7963 7960 7964
f 8672 8674 8675
f 8672 8670 8674
f 8701 8672 8702
f 8701 8671 8672
f 8703 8675 8676
f 8703 8702 8675
f 7954 7939 7938
f 7954 7985 7939
f 7974 8671 7975
f 7974 7985 8671
f 8704 8696 8701
f 8704 8698 8696
f 8700 8696 8697
f 8700 8699 8696
f 7981 8700 7982
f 7981 8699 8700
f 7975 7976 7974
f 7975 7981 7976
f 8688 8691 8714
f 8688 8687 8691
f 8714 8721 8718
f 8714 8715 8721
f 8691 8693 8694
f 8691 8690 8693
f 7967 8693 7968
f 7967 7991 8693
f 8694 7992 8717
f 8694 7991 7992
f 8726 8715 8717
f 8726 8724 8715
f 8727 7997 7998
f 8727 8726 7997
f 7993 7992 7990
f 7993 7997 7992
f 8709 8698 8710
f 8709 8697 8698
f 8708 8735 8729
f 8708 8709 8735
f 8011 8708 8729
f 8011 8010 8708
f 7980 8010 8009
f 7980 7982 8010
f 8738 8730 8735
f 8738 8732 8730
f 8734 8730 8731
f 8734 8733 8730
f 8011 8016 8008
f 8011 8733 8016
f 8722 8725 8747
f 8722 8721 8725
f 8747 8754 8751
f 8747 8748 8754
f 8725 8727 8728
f 8725 8724 8727
f 8728 8023 8750
f 8728 8022 8023
f 8022 7996 8021
f 8022 7998 7996
f 8759 8748 8750
f 8759 8757 8748
f 8760 8027 8028
f 8760 8759 8027
f 8024 8023 8021
f 8024 8027 8023
f 8742 8732 8743
f 8742 8731 8732
f 8741 8769 8762
f 8741 8742 8769
f 8734 8015 8016
f 8734 8044 8015
f 8045 8741 8762
f 8045 8044 8741
f 8772 8763 8769
f 8772 8765 8763
f 8768 8763 8764
f 8768 8767 8763
f 8045 8051 8042
f 8045 8767 8051
f 8755 8758 8779
f 8755 8754 8758
f 8779 8787 8783
f 8779 8780 8787
f 8758 8760 8761
f 8758 8757 8760
f 8761 8057 8782
f 8761 8056 8057
f 8056 8026 8055
f 8056 8028 8026
f 8792 8780 8782
f 8792 8791 8780
f 8793 8062 8063
f 8793 8792 8062
f 8058 8057 8055
f 8058 8062 8057
f 8764 8795 8775
f 8764 8766 8795
f 8768 8050 8051
f 8768 8076 8050
f 8077 8775 8796
f 8077 8076 8775
f 8795 8799 8796
f 8795 8798 8799
f 8804 8799 8800
f 8804 8803 8799
f 8077 8082 8074
f 8077 8803 8082
f 8787 8794 8788
f 8787 8791 8794
f 8788 8817 8789
f 8788 8816 8817
f 8818 8820 8821
f 8818 8816 8820
f 8821 8825 8824
f 8821 8822 8825
f 8092 8822 8820
f 8092 8093 8822
f 8093 8095 8097
f 8093 8089 8095
f 8092 8793 8091
f 8092 8794 8793
f 8091 8061 8090
f 8091 8063 8061
f 8800 8828 8809
f 8800 8802 8828
f 8804 8081 8082
f 8804 8106 8081
f 8107 8809 8829
f 8107 8106 8809
f 8837 8833 8840
f 8837 8832 8833
f 8828 8832 8829
f 8828 8831 8832
f 8107 8108 8105
f 8107 8112 8108
f 8112 8119 8111
f 8112 8837 8119
f 8824 8863 8827
f 8824 8826 8863
f 8825 8096 8128
f 8825 8097 8096
f 8868 8128 8129
f 8868 8826 8128
f 8865 8868 8869
f 8865 8863 8868
f 8869 8872 8871
f 8869 8870 8872
f 8870 8127 8136
f 8870 8129 8127
f 8844 8847 8843
f 8844 8848 8847
f 8849 8840 8843
f 8849 8841 8840
f 8138 8119 8143
f 8138 8118 8119
f 8841 8145 8143
f 8841 8849 8145
f 8147 8146 8151
f 8147 8142 8146
f 8848 8876 8847
f 8848 8878 8876
f 8876 8883 8877
f 8876 8882 8883
f 8888 8883 8884
f 8888 8887 8883
f 8887 8145 8877
f 8887 8146 8145
f 8902 8911 8906
f 8902 8903 8911
f 8904 8858 8859
f 8904 8902 8858
f 8873 8857 8871
f 8873 8859 8857
f 8904 8874 8905
f 8904 8873 8874
f 8872 8135 8177
f 8872 8136 8135
f 8170 8874 8177
f 8170 8172 8874
f 8919 8903 8905
f 8919 8918 8903
f 8920 8165 8166
f 8920 8919 8165
f 8165 8171 8161
f 8165 8172 8171
f 8890 8885 8892
f 8890 8884 8885
f 8891 8922 8924
f 8891 8890 8922
f 8888 8150 8151
f 8888 8180 8150
f 8184 8180 8891
f 8184 8179 8180
f 8925 8923 8927
f 8925 8922 8923
f 8932 8926 8925
f 8932 8933 8926
f 8188 8184 8189
f 8188 8183 8184
f 8926 8189 8924
f 8926 8190 8189
f 8192 8190 8197
f 8192 8188 8190
f 8958 8962 8963
f 8958 8957 8962
f 8960 8971 8970
f 8960 8961 8971
f 8963 8961 8960
f 8963 8965 8961
f 8206 8211 8215
f 8206 8205 8211
f 8966 8896 8897
f 8966 8962 8896
f 8966 8909 8967
f 8966 8908 8909
f 8910 8912 8913
f 8910 8908 8912
f 8911 8921 8913
f 8911 8918 8921
f 8222 8909 8229
f 8222 8224 8909
f 8921 8229 8910
f 8921 8230 8229
f 8207 8965 8967
f 8207 8206 8965
f 8207 8217 8205
f 8207 8224 8217
f 8163 8920 8166
f 8163 8230 8920
f 8940 8934 8941
f 8940 8933 8934
f 8934 8942 8941
f 8934 8936 8942
f 8943 8976 8978
f 8943 8942 8976
f 8940 8195 8197
f 8940 8231 8195
f 8196 8231 8234
f 8196 8195 8231
f 8233 8943 8239
f 8233 8234 8943
f 8979 8977 8982
f 8979 8976 8977
f 8983 8979 8982
f 8983 8980 8979
f 8981 8239 8978
f 8981 8240 8239
f 8242 8240 8247
f 8242 8238 8240
f 8994 8991 8997
f 8994 8990 8991
f 8981 8990 8992
f 8981 8980 8990
f 8247 8994 8248
f 8247 8992 8994
f 9037 9034 9036
f 9037 9035 9034
f 9035 9045 9034
f 9035 9047 9045
f 8949 8951 8948
f 8949 8952 8951
f 8948 9053 8949
f 8948 9052 9053
f 9049 9054 9058
f 9049 9048 9054
f 9049 9050 9047
f 9049 9057 9050
f 9054 9056 9058
f 9054 9052 9056
f 9057 8277 8276
f 9057 9059 8277
f 8266 9059 9056
f 8266 8267 9059
f 8267 8272 8277
f 8267 8264 8272
f 8951 8973 8972
f 8951 8953 8973
f 8973 8950 8970
f 8973 8953 8950
f 8972 8268 8266
f 8972 8974 8268
f 8974 8265 8268
f 8974 8282 8265
f 8214 8282 8283
f 8214 8212 8282
f 8971 8214 8283
f 8971 8215 8214
f 9001 9005 9000
f 9001 9006 9005
f 9010 8997 9000
f 9010 8998 8997
f 8255 8246 8248
f 8255 8253 8246
f 8254 8998 8291
f 8254 8255 8998
f 9005 9012 9011
f 9005 9007 9012
f 9013 9062 9063
f 9013 9012 9062
f 9064 9014 9015
f 9064 9062 9014
f 8291 9011 8292
f 8291 9010 9011
f 8297 8292 9013
f 8297 8290 8292
f 8304 8297 8306
f 8304 8296 8297
f 9067 8306 9063
f 9067 8307 8306
f 9064 9071 9066
f 9064 9068 9071
f 9072 9074 9077
f 9072 9071 9074
f 9067 9072 9073
f 9067 9066 9072
f 9083 9079 9082
f 9083 9080 9079
f 9079 9078 9077
f 9079 9081 9078
f 8307 8310 8305
f 8307 9073 8310
f 8312 8310 8321
f 8312 8308 8310
f 9078 8316 8321
f 9078 8317 8316
f 8319 8317 8326
f 8319 8316 8317
f 9089 9091 9094
f 9089 9088 9091
f 9081 9089 9090
f 9081 9080 9089
f 9100 9096 9099
f 9100 9097 9096
f 9096 9095 9094
f 9096 9098 9095
f 8326 9093 8327
f 8326 9090 9093
f 9093 8338 8337
f 9093 9095 8338
f 9106 9108 9111
f 9106 9105 9108
f 9098 9106 9107
f 9098 9097 9106
f 9118 9113 9117
f 9118 9114 9113
f 9113 9112 9111
f 9113 9115 9112
f 8343 9110 8344
f 8343 9107 9110
f 9110 8355 8354
f 9110 9112 8355
f 9024 9027 9023
f 9024 9028 9027
f 9021 9022 9023
f 9021 9020 9022
f 9127 9021 9128
f 9127 9020 9021
f 9118 9116 9114
f 9118 9119 9116
f 9115 9125 9126
f 9115 9114 9125
f 9127 9114 9116
f 9127 9125 9114
f 8360 9129 8361
f 8360 9126 9129
f 9129 8377 8376
f 9129 9131 8377
f 8367 9131 9128
f 8367 8368 9131
f 8368 8372 8377
f 8368 8366 8372
f 9027 9042 9041
f 9027 9029 9042
f 9042 9026 9040
f 9042 9029 9026
f 9044 9045 9051
f 9044 9040 9045
f 9041 8369 8367
f 9041 9043 8369
f 8383 9043 8395
f 8383 8385 9043
f 9051 8395 9044
f 9051 8396 8395
f 8369 8379 8366
f 8369 8385 8379
f 8276 8259 8260
f 8276 8273 8259
f 8258 9050 8260
f 8258 8396 9050
f 8337 8325 8327
f 8337 8334 8325
f 8341 8338 8343
f 8341 8336 8338
f 8354 8342 8344
f 8354 8351 8342
f 8358 8355 8360
f 8358 8353 8355
f 8376 8359 8361
f 8376 8373 8359
f 8445 8437 8436
f 8445 8446 8437
f 8436 8439 8445
f 8436 8434 8439
f 9147 9155 9148
f 9147 9154 9155
f 9145 9155 9151
f 9145 9146 9155
f 8498 8483 8480
f 8498 9145 8483
f 8494 9146 8498
f 8494 8496 9146
f 9133 8502 8505
f 9133 8504 8502
f 8505 9164 9133
f 8505 8508 9164
f 9162 9147 9149
f 9162 9158 9147
f 9162 9165 9163
f 9162 9164 9165
f 9165 9170 9169
f 9165 9166 9170
f 9148 8497 9149
f 9148 8496 8497
f 8499 8497 8495
f 8499 8504 8497
f 8508 9134 9168
f 8508 8507 9134
f 8507 8405 8509
f 8507 8404 8405
f 8509 8415 8510
f 8509 8413 8415
f 8510 9180 9134
f 8510 8513 9180
f 9178 9166 9168
f 9178 9174 9166
f 9178 9181 9179
f 9178 9180 9181
f 9181 9186 9185
f 9181 9182 9186
f 8513 9135 9184
f 8513 8512 9135
f 8512 8420 8514
f 8512 8419 8420
f 8514 8433 8515
f 8514 8431 8433
f 8516 8429 8435
f 8516 8433 8429
f 8515 9195 9135
f 8515 8518 9195
f 9193 9182 9184
f 9193 9190 9182
f 9193 9196 9194
f 9193 9195 9196
f 9196 9201 9200
f 9196 9197 9201
f 9207 9137 9208
f 9207 9136 9137
f 8517 8435 8437
f 8517 8516 8435
f 8518 9136 9199
f 8518 8517 9136
f 8446 8521 8520
f 8446 8447 8521
f 8520 9140 9137
f 8520 8521 9140
f 8451 8447 8444
f 8451 8521 8447
f 9207 9197 9199
f 9207 9204 9197
f 9209 9210 9212
f 9209 9208 9210
f 9211 9142 9220
f 9211 9141 9142
f 9141 8521 8522
f 9141 9140 8521
f 8522 8452 8523
f 8522 8451 8452
f 8523 8461 8524
f 8523 8459 8461
f 8524 9222 9142
f 8524 8527 9222
f 9210 9216 9213
f 9210 9211 9216
f 9220 9223 9221
f 9220 9222 9223
f 9224 9226 9223
f 9224 9230 9226
f 8526 8466 8531
f 8526 8465 8466
f 8526 8532 8528
f 8526 8531 8532
f 9230 9236 9231
f 9230 9235 9236
f 9235 8527 8528
f 9235 9224 8527
f 9238 8537 8538
f 9238 9236 8537
f 8532 8535 8537
f 8532 8530 8535
f 8538 8536 8540
f 8538 8535 8536
f 9245 8540 8541
f 9245 9243 8540
f 8541 8543 8549
f 8541 8539 8543
f 9247 8549 8550
f 9247 9245 8549
f 9255 9263 9256
f 9255 9262 9263
f 9253 9263 9259
f 9253 9254 9263
f 8585 8569 8566
f 8585 9253 8569
f 8579 9254 8585
f 8579 8583 9254
f 9152 9270 9257
f 9152 9153 9270
f 9271 9151 9156
f 9271 9153 9151
f 9272 9156 9157
f 9272 9271 9156
f 8584 9152 9257
f 8584 8582 9152
f 8482 8582 8581
f 8482 8483 8582
f 9270 9255 9257
f 9270 9265 9255
f 9256 8584 9257
f 9256 8583 8584
f 9239 9231 9237
f 9239 9234 9231
f 9237 9244 9240
f 9237 9238 9244
f 9240 9300 9239
f 9240 9303 9300
f 9243 9242 9244
f 9243 9241 9242
f 9304 9241 9248
f 9304 9242 9241
f 9313 9249 9315
f 9313 9248 9249
f 9247 8589 9249
f 9247 8587 8589
f 8554 8550 8548
f 8554 8587 8550
f 9303 9309 9306
f 9303 9304 9309
f 9313 9316 9314
f 9313 9315 9316
f 9317 9320 9316
f 9317 9324 9320
f 8589 9250 9318
f 8589 8588 9250
f 8588 8555 8592
f 8588 8554 8555
f 9250 8591 8600
f 9250 8592 8591
f 9326 9332 9334
f 9326 9325 9332
f 9325 9317 9318
f 9325 9324 9317
f 9332 9335 9334
f 9332 9333 9335
f 9333 8598 8601
f 9333 8600 8598
f 8601 8599 8604
f 8601 8598 8599
f 9346 9354 9347
f 9346 9353 9354
f 9344 9354 9350
f 9344 9345 9354
f 8638 8622 8620
f 8638 9344 8622
f 8631 9345 8638
f 8631 8635 9345
f 9260 9361 9348
f 9260 9261 9361
f 9262 9364 9264
f 9262 9266 9364
f 9362 9259 9264
f 9362 9261 9259
f 8636 9260 9348
f 8636 8634 9260
f 8568 8634 8633
f 8568 8569 8634
f 9361 9346 9348
f 9361 9357 9346
f 9363 9364 9365
f 9363 9362 9364
f 9347 8636 9348
f 9347 8635 8636
f 9336 9326 9334
f 9336 9329 9326
f 9334 9339 9337
f 9334 9335 9339
f 9337 9386 9336
f 9337 9389 9386
f 9390 9341 9400
f 9390 9340 9341
f 8613 8606 8603
f 8613 8642 8606
f 8640 8604 8606
f 8640 8639 8604
f 9340 8639 8640
f 9340 9339 8639
f 9341 8641 8647
f 9341 8642 8641
f 9389 9395 9392
f 9389 9390 9395
f 9396 9400 9402
f 9396 9395 9400
f 9401 9405 9402
f 9401 9403 9405
f 8647 9403 9401
f 8647 8648 9403
f 9411 8651 8652
f 9411 9410 8651
f 8651 8648 8646
f 8651 9410 8648
f 9351 9428 9415
f 9351 9352 9428
f 9429 9350 9355
f 9429 9352 9350
f 9430 9355 9356
f 9430 9429 9355
f 8669 9351 9415
f 8669 8668 9351
f 8621 8668 8667
f 8621 8622 8668
f 9414 9425 9415
f 9414 9420 9425
f 9428 9414 9415
f 9428 9421 9414
f 8669 8677 8666
f 8669 9425 8677
f 9405 9409 9407
f 9405 9408 9409
f 9407 9448 9406
f 9407 9451 9448
f 9409 9411 9412
f 9409 9408 9411
f 9452 9413 9466
f 9452 9412 9413
f 8660 8652 8650
f 8660 8681 8652
f 9413 8680 8686
f 9413 8681 8680
f 9451 9459 9454
f 9451 9452 9459
f 9460 9466 9468
f 9460 9459 9466
f 9468 9471 9470
f 9468 9469 9471
f 9469 8685 8689
f 9469 8686 8685
f 9418 9477 9419
f 9418 9422 9477
f 9427 9418 9419
f 9427 9420 9418
f 8705 9427 9417
f 8705 8706 9427
f 8706 8673 8677
f 8706 8676 8673
f 8705 9475 8707
f 8705 9417 9475
f 9479 9478 9477
f 9479 9485 9478
f 9475 9486 9476
f 9475 9478 9486
f 8711 9483 8712
f 8711 9476 9483
f 8711 8703 8707
f 8711 8704 8703
f 9494 9461 9462
f 9494 9493 9461
f 9472 9460 9470
f 9472 9462 9460
f 9507 9473 9508
f 9507 9472 9473
f 9471 8688 8719
f 9471 8689 8688
f 9508 8719 8720
f 9508 9473 8719
f 9493 9500 9496
f 9493 9494 9500
f 9501 9507 9509
f 9501 9500 9507
f 9509 9512 9511
f 9509 9510 9512
f 9510 8718 8723
f 9510 8720 8718
f 9485 9518 9487
f 9485 9488 9518
f 9484 9486 9487
f 9484 9483 9486
f 8737 8712 8739
f 8737 8710 8712
f 8739 9516 8740
f 8739 9484 9516
f 9520 9519 9518
f 9520 9526 9519
f 9516 9527 9517
f 9516 9519 9527
f 8744 9524 8745
f 8744 9517 9524
f 8744 8737 8740
f 8744 8738 8737
f 9532 9538 9535
f 9532 9533 9538
f 9534 9502 9503
f 9534 9532 9502
f 9513 9501 9511
f 9513 9503 9501
f 9545 9514 9546
f 9545 9513 9514
f 9512 8722 8752
f 9512 8723 8722
f 9546 8752 8753
f 9546 9514 8752
f 9543 9547 9549
f 9543 9542 9547
f 9545 9533 9534
f 9545 9542 9533
f 9547 9550 9549
f 9547 9548 9550
f 9548 8751 8756
f 9548 8753 8751
f 9526 9556 9528
f 9526 9529 9556
f 9525 9527 9528
f 9525 9524 9527
f 8771 8745 8773
f 8771 8743 8745
f 8773 9554 8774
f 8773 9525 9554
f 9558 9557 9556
f 9558 9564 9557
f 9554 9565 9555
f 9554 9557 9565
f 8776 9562 8777
f 8776 9555 9562
f 8776 8771 8774
f 8776 8772 8771
f 9539 9544 9570
f 9539 9538 9544
f 9570 9576 9573
f 9570 9571 9576
f 9572 9543 9551
f 9572 9544 9543
f 9583 9552 9584
f 9583 9551 9552
f 9550 8755 8784
f 9550 8756 8755
f 9584 8784 8785
f 9584 9552 8784
f 9581 9585 9587
f 9581 9580 9585
f 9583 9571 9572
f 9583 9580 9571
f 9585 9588 9587
f 9585 9586 9588
f 9586 8783 8790
f 9586 8785 8783
f 9564 9595 9566
f 9564 9567 9595
f 9563 9565 9566
f 9563 9562 9565
f 8777 8766 8765
f 8777 8805 8766
f 8806 8807 8808
f 8806 8805 8807
f 8807 9593 8808
f 8807 9563 9593
f 9597 9596 9595
f 9597 9603 9596
f 9593 9604 9594
f 9593 9596 9604
f 8798 8810 8801
f 8798 8806 8810
f 8810 9601 8811
f 8810 9594 9601
f 9577 9582 9615
f 9577 9576 9582
f 9615 9622 9619
f 9615 9616 9622
f 9617 9581 9589
f 9617 9582 9581
f 9617 9590 9618
f 9617 9589 9590
f 9588 8789 8823
f 9588 8790 8789
f 8817 9590 8823
f 8817 8819 9590
f 9629 9616 9618
f 9629 9628 9616
f 9630 8814 8815
f 9630 9629 8814
f 8814 8818 8813
f 8814 8819 8818
f 9603 9635 9605
f 9603 9606 9635
f 9602 9604 9605
f 9602 9601 9604
f 8811 8802 8801
f 8811 8835 8802
f 8836 8838 8839
f 8836 8835 8838
f 8838 9633 8839
f 8838 9602 9633
f 9637 9640 9636
f 9637 9641 9640
f 9633 9640 9634
f 9633 9636 9640
f 8831 8845 8833
f 8831 8836 8845
f 8845 9639 8846
f 8845 9634 9639
f 9635 9642 9637
f 9635 9638 9642
f 9622 9631 9623
f 9622 9628 9631
f 9623 9669 9624
f 9623 9668 9669
f 9670 9673 9674
f 9670 9668 9673
f 9674 9677 9676
f 9674 9675 9677
f 8852 9675 9673
f 8852 8853 9675
f 8827 8815 8813
f 8827 8866 8815
f 8852 9630 8851
f 8852 9631 9630
f 8851 8867 8854
f 8851 8866 8867
f 8853 8861 8860
f 8853 8854 8861
f 8861 8865 8857
f 8861 8867 8865
f 8844 9639 8879
f 8844 8846 9639
f 9646 9644 9651
f 9646 9641 9644
f 9652 9645 9653
f 9652 9644 9645
f 9651 9684 9681
f 9651 9652 9684
f 8879 9651 8880
f 8879 9646 9651
f 8881 9651 9681
f 8881 8880 9651
f 9684 9689 9688
f 9684 9685 9689
f 9689 9686 9690
f 9689 9685 9686
f 9697 9687 9688
f 9697 9695 9687
f 8881 8882 8878
f 8881 8886 8882
f 8886 8893 8885
f 8886 9687 8893
f 9711 9713 9714
f 9711 9710 9713
f 9715 9724 9714
f 9715 9726 9724
f 9716 9663 9664
f 9716 9713 9663
f 9678 9662 9676
f 9678 9664 9662
f 9716 9679 9717
f 9716 9678 9679
f 9677 8855 8907
f 9677 8856 8855
f 8900 9679 8907
f 8900 8901 9679
f 8858 8856 8860
f 8858 8855 8856
f 9727 9715 9717
f 9727 9726 9715
f 9728 8898 8899
f 9728 9727 8898
f 8915 8899 8898
f 8915 8916 8899
f 8901 8906 8915
f 8901 8900 8906
f 9696 9702 9697
f 9696 9698 9702
f 8923 8893 8928
f 8923 8892 8893
f 9695 8930 8928
f 9695 9702 8930
f 8932 8931 8937
f 8932 8927 8931
f 9699 9730 9698
f 9699 9732 9730
f 9739 9735 9744
f 9739 9734 9735
f 9730 9734 9731
f 9730 9733 9734
f 9736 8930 9731
f 9736 8931 8930
f 8937 9739 8938
f 8937 9736 9739
f 9771 9774 9775
f 9771 9770 9774
f 9776 9785 9775
f 9776 9786 9785
f 9777 9707 9708
f 9777 9774 9707
f 9721 9706 9720
f 9721 9708 9706
f 9777 9722 9778
f 9777 9721 9722
f 9723 9724 9729
f 9723 9720 9724
f 8957 9722 8968
f 8957 8959 9722
f 9729 8968 9723
f 9729 8969 8968
f 9787 9776 9778
f 9787 9786 9776
f 9788 8954 8955
f 9788 9787 8954
f 8954 8958 8950
f 8954 8959 8958
f 8916 8897 8899
f 8916 8912 8897
f 8896 9728 8899
f 8896 8969 9728
f 9748 9752 9747
f 9748 9753 9752
f 9756 9744 9747
f 9756 9745 9744
f 8945 8936 8938
f 8945 8944 8936
f 8977 8945 8984
f 8977 8944 8945
f 9745 8986 8984
f 9745 9756 8986
f 9753 9790 9752
f 9753 9791 9790
f 9758 9790 9793
f 9758 9757 9790
f 9757 8988 8986
f 9757 9758 8988
f 9798 9793 9794
f 9798 9797 9793
f 9802 9798 9801
f 9802 9799 9798
f 8988 8989 8983
f 8988 8993 8989
f 8989 9002 8991
f 8989 8993 9002
f 8995 9004 9002
f 8995 8996 9004
f 9800 8995 9797
f 9800 8996 8995
f 9809 9811 9814
f 9809 9808 9811
f 9800 9809 9810
f 9800 9799 9809
f 9818 9815 9817
f 9818 9816 9815
f 9816 9824 9815
f 9816 9825 9824
f 9824 9813 9814
f 9824 9823 9813
f 9008 9813 9009
f 9008 9810 9813
f 9852 9856 9865
f 9852 9851 9856
f 9851 9854 9856
f 9851 9850 9854
f 9860 9857 9859
f 9860 9858 9857
f 9858 9870 9857
f 9858 9871 9870
f 9874 9878 9887
f 9874 9873 9878
f 9873 9876 9878
f 9873 9872 9876
f 9882 9879 9881
f 9882 9880 9879
f 9880 9892 9879
f 9880 9893 9892
f 9895 9898 9901
f 9895 9894 9898
f 9895 9896 9893
f 9895 9900 9896
f 9905 9902 9904
f 9905 9903 9902
f 9903 9911 9902
f 9903 9912 9911
f 9911 9900 9901
f 9911 9910 9900
f 9914 9918 9921
f 9914 9913 9918
f 9914 9915 9912
f 9914 9920 9915
f 9918 9923 9924
f 9918 9917 9923
f 9924 9922 9921
f 9924 9926 9922
f 9030 9046 9026
f 9030 9920 9046
f 9922 9036 9046
f 9922 9038 9036
f 9927 9765 9766
f 9927 9923 9765
f 9782 9764 9781
f 9782 9766 9764
f 9927 9783 9928
f 9927 9782 9783
f 9784 9785 9789
f 9784 9781 9785
f 9053 9783 9060
f 9053 9055 9783
f 9789 9060 9784
f 9789 9061 9060
f 9039 9926 9928
f 9039 9038 9926
f 9039 9048 9037
f 9039 9055 9048
f 8952 9788 8955
f 8952 9061 9788
f 9006 9004 9008
f 9006 9001 9004
f 9016 9007 9009
f 9016 9014 9007
f 9015 9823 9069
f 9015 9016 9823
f 9830 9828 9838
f 9830 9825 9828
f 9839 9829 9843
f 9839 9828 9829
f 9841 9843 9844
f 9841 9839 9843
f 9842 9853 9844
f 9842 9849 9853
f 9069 9838 9070
f 9069 9830 9838
f 9075 9070 9840
f 9075 9068 9070
f 9840 9085 9084
f 9840 9841 9085
f 9082 9075 9084
f 9082 9074 9075
f 9853 9852 9866
f 9853 9849 9852
f 9869 9870 9875
f 9869 9865 9870
f 9866 9087 9085
f 9866 9868 9087
f 9868 9102 9101
f 9868 9869 9102
f 9087 9088 9083
f 9087 9092 9088
f 9099 9092 9101
f 9099 9091 9092
f 9875 9874 9888
f 9875 9871 9874
f 9891 9892 9897
f 9891 9887 9892
f 9888 9104 9102
f 9888 9890 9104
f 9890 9122 9121
f 9890 9891 9122
f 9104 9105 9100
f 9104 9109 9105
f 9117 9109 9121
f 9117 9108 9109
f 9025 9018 9019
f 9025 9022 9018
f 9122 9896 9120
f 9122 9897 9896
f 9120 9018 9119
f 9120 9019 9018
f 9024 9910 9132
f 9024 9025 9910
f 9028 9915 9030
f 9028 9132 9915
f 9171 9161 9160
f 9171 9172 9161
f 9160 9163 9171
f 9160 9158 9163
f 9173 9170 9175
f 9173 9169 9170
f 9187 9177 9176
f 9187 9188 9177
f 9176 9179 9187
f 9176 9174 9179
f 9189 9186 9191
f 9189 9185 9186
f 9934 9191 9192
f 9934 9933 9191
f 9192 9194 9202
f 9192 9190 9194
f 9936 9202 9203
f 9936 9934 9202
f 9203 9201 9205
f 9203 9200 9201
f 9944 9205 9206
f 9944 9942 9205
f 9206 9209 9214
f 9206 9204 9209
f 9946 9214 9215
f 9946 9944 9214
f 9215 9213 9217
f 9215 9212 9213
f 9227 9219 9218
f 9227 9228 9219
f 9218 9221 9227
f 9218 9216 9221
f 9275 9154 9159
f 9275 9157 9154
f 9279 9269 9268
f 9279 9280 9269
f 9268 9273 9279
f 9268 9265 9273
f 9279 9956 9280
f 9279 9953 9956
f 9279 9272 9277
f 9279 9273 9272
f 9277 9954 9953
f 9277 9278 9954
f 9276 9159 9161
f 9276 9275 9159
f 9278 9930 9955
f 9278 9276 9930
f 9172 9283 9282
f 9172 9173 9283
f 9282 9964 9930
f 9282 9285 9964
f 9961 9965 9968
f 9961 9960 9965
f 9960 9954 9955
f 9960 9959 9954
f 9964 9971 9965
f 9964 9966 9971
f 9284 9175 9177
f 9284 9283 9175
f 9285 9931 9967
f 9285 9284 9931
f 9188 9288 9287
f 9188 9189 9288
f 9287 9978 9931
f 9287 9289 9978
f 9975 9979 9984
f 9975 9974 9979
f 9974 9966 9967
f 9974 9973 9966
f 9980 9987 9981
f 9980 9986 9987
f 9978 9987 9979
f 9978 9981 9987
f 9937 9994 9982
f 9937 9938 9994
f 9995 9935 9939
f 9995 9938 9935
f 9935 9943 9939
f 9935 9936 9943
f 9933 9289 9288
f 9933 9937 9289
f 9994 9980 9982
f 9994 9989 9980
f 9996 9997 9999
f 9996 9995 9997
f 9942 9941 9943
f 9942 9940 9941
f 9998 9940 9947
f 9998 9941 9940
f 10009 9945 9948
f 10009 9947 9945
f 9945 9950 9948
f 9945 9946 9950
f 9997 10004 10000
f 9997 9998 10004
f 10010 10011 10013
f 10010 10009 10011
f 10012 9952 10023
f 10012 9951 9952
f 9292 9217 9219
f 9292 9291 9217
f 9951 9291 9292
f 9951 9950 9291
f 9228 9295 9294
f 9228 9229 9295
f 9233 9229 9226
f 9233 9295 9229
f 9294 10024 9952
f 9294 9297 10024
f 10011 10018 10014
f 10011 10012 10018
f 10019 10023 10025
f 10019 10018 10023
f 10024 10028 10025
f 10024 10026 10028
f 9296 9234 9301
f 9296 9233 9234
f 9296 9302 9298
f 9296 9301 9302
f 10031 10035 10032
f 10031 10034 10035
f 10034 9297 9298
f 10034 10026 9297
f 10037 9307 9308
f 10037 10035 9307
f 9302 9305 9307
f 9302 9300 9305
f 9308 9306 9310
f 9308 9305 9306
f 9321 9312 9311
f 9321 9322 9312
f 9311 9314 9321
f 9311 9309 9314
f 9369 9360 9359
f 9369 9370 9360
f 9359 9363 9369
f 9359 9357 9363
f 9371 9366 9372
f 9371 9365 9366
f 9266 9373 9367
f 9266 9269 9373
f 9367 9957 9368
f 9367 9373 9957
f 9956 9375 9374
f 9956 9962 9375
f 9374 10048 9957
f 9374 9375 10048
f 10044 10049 10052
f 10044 10043 10049
f 10046 10043 10044
f 10046 10045 10043
f 10048 10055 10049
f 10048 10050 10055
f 9368 9372 9366
f 9368 10045 9372
f 9962 9961 9969
f 9962 9959 9961
f 9969 10061 10051
f 9969 9970 10061
f 10062 9968 9972
f 10062 9970 9968
f 9971 9976 9972
f 9971 9973 9976
f 10059 10063 10068
f 10059 10058 10063
f 10058 10050 10051
f 10058 10057 10050
f 10061 10065 10063
f 10061 10062 10065
f 10067 10065 10064
f 10067 10070 10065
f 10066 9975 9985
f 10066 9976 9975
f 9986 10081 9988
f 9986 9990 10081
f 10079 9984 9988
f 10079 9985 9984
f 10064 10073 10067
f 10064 10066 10073
f 10080 10081 10082
f 10080 10079 10081
f 10028 10033 10030
f 10028 10031 10033
f 10030 10110 10029
f 10030 10113 10110
f 10114 10032 10038
f 10114 10033 10032
f 10124 10039 10126
f 10124 10038 10039
f 10037 9378 10039
f 10037 9376 9378
f 10113 10120 10116
f 10113 10114 10120
f 10124 10127 10125
f 10124 10126 10127
f 10128 10131 10127
f 10128 10136 10131
f 9377 9310 9312
f 9377 9376 9310
f 9378 10040 10129
f 9378 9377 10040
f 9322 9381 9380
f 9322 9323 9381
f 9328 9323 9320
f 9328 9381 9323
f 9380 10142 10040
f 9380 9383 10142
f 10138 10143 10145
f 10138 10137 10143
f 10137 10128 10129
f 10137 10136 10128
f 10142 10146 10143
f 10142 10144 10146
f 9382 9329 9387
f 9382 9328 9329
f 9382 9388 9384
f 9382 9387 9388
f 10149 10153 10150
f 10149 10152 10153
f 10152 9383 9384
f 10152 10144 9383
f 10155 9393 9394
f 10155 10153 9393
f 9388 9391 9393
f 9388 9386 9391
f 9394 9392 9397
f 9394 9391 9392
f 9433 9353 9358
f 9433 9356 9353
f 10160 10167 10164
f 10160 10161 10167
f 10160 9423 9424
f 10160 10159 9423
f 9424 9431 9437
f 9424 9421 9431
f 9437 9430 9435
f 9437 9431 9430
f 9435 10162 10161
f 9435 9436 10162
f 9434 9358 9360
f 9434 9433 9358
f 9436 10042 10163
f 9436 9434 10042
f 9370 9440 9439
f 9370 9371 9440
f 9439 10175 10042
f 9439 9441 10175
f 10171 10176 10179
f 10171 10170 10176
f 10170 10162 10163
f 10170 10169 10162
f 10175 10180 10176
f 10175 10177 10180
f 10053 10188 10178
f 10053 10054 10188
f 10189 10052 10056
f 10189 10054 10052
f 10055 10060 10056
f 10055 10057 10060
f 10046 9441 9440
f 10046 10053 9441
f 10185 10190 10195
f 10185 10184 10190
f 10184 10177 10178
f 10184 10183 10177
f 10188 10192 10190
f 10188 10189 10192
f 10194 10192 10191
f 10194 10196 10192
f 10193 10059 10069
f 10193 10060 10059
f 10070 10208 10072
f 10070 10074 10208
f 10206 10068 10072
f 10206 10069 10068
f 10191 10200 10194
f 10191 10193 10200
f 10207 10208 10209
f 10207 10206 10208
f 10132 10139 10278
f 10132 10131 10139
f 10140 10278 10139
f 10140 10281 10278
f 10147 10138 10145
f 10147 10140 10138
f 10146 10151 10148
f 10146 10149 10151
f 10148 10288 10147
f 10148 10291 10288
f 10291 10295 10294
f 10291 10292 10295
f 10293 10150 10156
f 10293 10151 10150
f 10304 10157 10305
f 10304 10156 10157
f 10155 9444 10157
f 10155 9442 9444
f 10302 10306 10308
f 10302 10301 10306
f 10304 10292 10293
f 10304 10301 10292
f 10305 10310 10306
f 10305 10307 10310
f 9406 9399 9396
f 9406 9449 9399
f 9443 9397 9399
f 9443 9442 9397
f 9443 9450 9445
f 9443 9449 9450
f 10314 9444 9445
f 10314 10307 9444
f 10315 9446 9447
f 10315 10314 9446
f 9456 9447 9446
f 9456 9457 9447
f 9450 9453 9456
f 9450 9448 9453
f 9458 9454 9463
f 9458 9453 9454
f 10165 10323 10318
f 10165 10166 10323
f 10324 10164 10168
f 10324 10166 10164
f 10167 10172 10168
f 10167 10169 10172
f 10159 9422 9423
f 10159 9481 9422
f 9482 10165 10318
f 9482 9481 10165
f 10320 10325 10330
f 10320 10319 10325
f 10322 10319 10320
f 10322 10321 10319
f 10323 10327 10325
f 10323 10324 10327
f 10328 10327 10326
f 10328 10333 10327
f 9482 9489 9479
f 9482 10321 9489
f 10173 10326 10172
f 10173 10329 10326
f 10181 10171 10179
f 10181 10173 10171
f 10180 10186 10182
f 10180 10183 10186
f 10182 10340 10181
f 10182 10343 10340
f 10187 10343 10186
f 10187 10346 10343
f 10198 10185 10195
f 10198 10187 10185
f 10196 10358 10199
f 10196 10201 10358
f 10199 10355 10198
f 10199 10358 10355
f 10296 10303 10461
f 10296 10295 10303
f 10462 10302 10309
f 10462 10303 10302
f 10476 10308 10311
f 10476 10309 10308
f 10310 10313 10311
f 10310 10312 10313
f 10461 10469 10464
f 10461 10462 10469
f 10470 10475 10477
f 10470 10469 10475
f 10475 10479 10477
f 10475 10476 10479
f 10480 10483 10479
f 10480 10486 10483
f 10313 10315 10316
f 10313 10312 10315
f 10481 10317 10490
f 10481 10316 10317
f 9457 9491 9492
f 9457 9455 9491
f 10317 9491 9497
f 10317 9492 9491
f 9461 9458 9463
f 9461 9455 9458
f 10488 10492 10494
f 10488 10487 10492
f 10490 10480 10481
f 10490 10487 10480
f 10492 10495 10494
f 10492 10493 10495
f 10493 9495 9499
f 10493 9497 9495
f 9499 9496 9504
f 9499 9495 9496
f 10331 10503 10498
f 10331 10332 10503
f 10333 10506 10335
f 10333 10336 10506
f 10504 10330 10335
f 10504 10332 10330
f 10322 9488 9489
f 10322 9522 9488
f 9523 10331 10498
f 9523 9522 10331
f 10500 10505 10510
f 10500 10499 10505
f 10502 10499 10500
f 10502 10501 10499
f 10503 10507 10505
f 10503 10504 10507
f 10508 10507 10506
f 10508 10513 10507
f 9523 9530 9520
f 9523 10501 9530
f 10483 10489 10485
f 10483 10486 10489
f 10485 10658 10484
f 10485 10663 10658
f 10659 10663 10664
f 10659 10658 10663
f 10665 10668 10664
f 10665 10671 10668
f 10666 10488 10496
f 10666 10489 10488
f 10675 10497 10676
f 10675 10496 10497
f 10495 9498 9536
f 10495 9499 9498
f 9502 9499 9504
f 9502 9498 9499
f 10676 9536 9537
f 10676 10497 9536
f 10673 10677 10679
f 10673 10672 10677
f 10675 10665 10666
f 10675 10672 10665
f 10677 10680 10679
f 10677 10678 10680
f 10678 9535 9540
f 10678 9537 9535
f 10511 10688 10683
f 10511 10512 10688
f 10513 10691 10515
f 10513 10516 10691
f 10689 10510 10515
f 10689 10512 10510
f 10502 9529 9530
f 10502 9560 9529
f 9561 10511 10683
f 9561 9560 10511
f 10685 10690 10695
f 10685 10684 10690
f 10687 10684 10685
f 10687 10686 10684
f 10688 10692 10690
f 10688 10689 10692
f 10693 10692 10691
f 10693 10698 10692
f 9561 9568 9558
f 9561 10686 9568
f 10743 10747 10745
f 10743 10744 10747
f 10755 10761 10766
f 10755 10754 10761
f 10743 10753 10744
f 10743 10746 10753
f 10754 10758 10761
f 10754 10753 10758
f 10758 10762 10763
f 10758 10757 10762
f 10764 10768 10763
f 10764 10770 10768
f 10762 10771 10764
f 10762 10765 10771
f 10668 10674 10670
f 10668 10671 10674
f 10670 10823 10669
f 10670 10828 10823
f 10824 10828 10829
f 10824 10823 10828
f 10830 10833 10829
f 10830 10836 10833
f 10831 10673 10681
f 10831 10674 10673
f 10840 10682 10841
f 10840 10681 10682
f 10680 9539 9574
f 10680 9540 9539
f 10841 9574 9575
f 10841 10682 9574
f 10838 10842 10844
f 10838 10837 10842
f 10840 10830 10831
f 10840 10837 10830
f 10842 10845 10844
f 10842 10843 10845
f 10843 9573 9578
f 10843 9575 9573
f 10696 10852 10849
f 10696 10697 10852
f 10698 10856 10700
f 10698 10701 10856
f 10853 10695 10700
f 10853 10697 10695
f 10687 9567 9568
f 10687 9599 9567
f 9600 10696 10849
f 9600 9599 10696
f 10852 10857 10855
f 10852 10853 10857
f 10858 10857 10856
f 10858 10862 10857
f 10863 10854 10855
f 10863 10860 10854
f 9607 10854 9608
f 9607 10851 10854
f 9600 9607 9597
f 9600 10851 9607
f 10748 10756 10898
f 10748 10747 10756
f 10898 10902 10901
f 10898 10899 10902
f 10900 10755 10767
f 10900 10756 10755
f 10913 10766 10769
f 10913 10767 10766
f 10768 10775 10769
f 10768 10770 10775
f 10909 10914 10919
f 10909 10908 10914
f 10912 10899 10900
f 10912 10908 10899
f 10912 10916 10914
f 10912 10913 10916
f 10917 10920 10916
f 10917 10923 10920
f 10776 10915 10775
f 10776 10918 10915
f 10915 10924 10917
f 10915 10918 10924
f 10833 10839 10835
f 10833 10836 10839
f 10835 10973 10834
f 10835 10978 10973
f 10974 10978 10979
f 10974 10973 10978
f 10980 10986 10979
f 10980 10987 10986
f 10981 10838 10846
f 10981 10839 10838
f 10981 10847 10982
f 10981 10846 10847
f 10845 9577 9620
f 10845 9578 9577
f 9613 10847 9620
f 9613 9614 10847
f 10988 10980 10982
f 10988 10987 10980
f 10989 9611 9612
f 10989 10988 9611
f 9625 9612 9611
f 9625 9626 9612
f 9614 9619 9625
f 9614 9613 9619
f 10862 10994 10864
f 10862 10865 10994
f 10861 10863 10864
f 10861 10860 10863
f 9606 9647 9638
f 9606 9608 9647
f 9648 9649 9650
f 9648 9647 9649
f 9649 10992 9650
f 9649 10861 10992
f 10996 10999 10995
f 10996 11000 10999
f 10992 10999 10993
f 10992 10995 10999
f 9642 9654 9645
f 9642 9648 9654
f 9654 10998 9655
f 9654 10993 10998
f 10994 11001 10996
f 10994 10997 11001
f 10903 10910 11037
f 10903 10902 10910
f 10911 11037 10910
f 10911 11040 11037
f 10921 10909 10919
f 10921 10911 10909
f 10920 10928 10922
f 10920 10923 10928
f 10922 11047 10921
f 10922 11050 11047
f 10929 11050 10928
f 10929 11053 11050
f 10984 10968 10983
f 10984 10969 10968
f 10985 10986 10990
f 10985 10983 10986
f 11093 10985 11094
f 11093 10984 10985
f 11089 11093 11095
f 11089 11088 11093
f 11095 11098 11097
f 11095 11096 11098
f 9657 11096 11094
f 9657 9658 11096
f 9657 10989 9656
f 9657 10990 10989
f 9656 9672 9659
f 9656 9671 9672
f 9626 9669 9671
f 9626 9624 9669
f 9658 9666 9665
f 9658 9659 9666
f 9666 9670 9662
f 9666 9672 9670
f 9686 9655 9691
f 9686 9653 9655
f 10998 9693 9691
f 10998 11005 9693
f 9696 9694 9700
f 9696 9690 9694
f 11005 11003 11012
f 11005 11000 11003
f 11013 11004 11014
f 11013 11003 11004
f 11012 11104 11101
f 11012 11013 11104
f 11108 11014 11015
f 11108 11105 11014
f 11104 11109 11107
f 11104 11105 11109
f 11110 11109 11108
f 11110 11113 11109
f 11114 11106 11107
f 11114 11112 11106
f 11103 9693 11101
f 11103 9694 9693
f 9700 11106 9701
f 9700 11103 11106
f 11099 11089 11097
f 11099 11090 11089
f 11218 11100 11219
f 11218 11099 11100
f 11098 9660 9718
f 11098 9661 9660
f 9663 9661 9665
f 9663 9660 9661
f 11219 9718 9719
f 11219 11100 9718
f 11201 11200 11199
f 11201 11202 11200
f 11218 11199 11200
f 11218 11215 11199
f 11215 11216 11214
f 11215 11220 11216
f 9709 9725 9706
f 9709 11220 9725
f 9710 9725 9719
f 9710 9711 9725
f 11113 11121 11114
f 11113 11115 11121
f 9699 9737 9732
f 9699 9701 9737
f 9738 9740 9741
f 9738 9737 9740
f 11112 9742 9740
f 11112 11121 9742
f 9733 9749 9735
f 9733 9738 9749
f 9741 9751 9749
f 9741 9743 9751
f 11115 11130 11129
f 11115 11117 11130
f 11129 11226 11223
f 11129 11130 11226
f 11230 11131 11132
f 11230 11227 11131
f 11226 11231 11229
f 11226 11227 11231
f 11232 11235 11231
f 11232 11236 11235
f 11235 11228 11229
f 11235 11234 11228
f 11225 9742 11223
f 11225 9743 9742
f 9754 11228 9755
f 9754 11225 11228
f 11239 11245 11250
f 11239 11238 11245
f 11230 11237 11232
f 11230 11233 11237
f 11238 11242 11245
f 11238 11237 11242
f 11242 11246 11247
f 11242 11241 11246
f 11248 11255 11247
f 11248 11256 11255
f 11259 11265 11270
f 11259 11258 11265
f 11246 11257 11248
f 11246 11249 11257
f 11258 11262 11265
f 11258 11257 11262
f 11262 11266 11267
f 11262 11261 11266
f 11268 11275 11267
f 11268 11276 11275
f 11279 11284 11293
f 11279 11278 11284
f 11266 11277 11268
f 11266 11269 11277
f 11278 11281 11284
f 11278 11277 11281
f 11351 11355 11356
f 11351 11350 11355
f 11353 11366 11365
f 11353 11354 11366
f 11356 11354 11353
f 11356 11358 11354
f 11359 11197 11198
f 11359 11355 11197
f 11359 11207 11360
f 11359 11206 11207
f 11208 11210 11211
f 11208 11206 11210
f 11209 11217 11211
f 11209 11214 11217
f 9770 11207 9779
f 9770 9772 11207
f 11217 9779 11208
f 11217 9780 9779
f 9761 11358 11360
f 9761 9760 11358
f 9760 9768 9767
f 9760 9761 9768
f 9768 9771 9764
f 9768 9772 9771
f 9707 11216 9709
f 9707 9780 11216
f 9753 9751 9754
f 9753 9748 9751
f 9753 9795 9791
f 9753 9755 9795
f 9796 9803 9804
f 9796 9795 9803
f 11234 9805 9803
f 11234 11240 9805
f 9801 9796 9804
f 9801 9794 9796
f 11240 11239 11251
f 11240 11236 11239
f 11254 11255 11260
f 11254 11250 11255
f 11251 9807 9805
f 11251 11253 9807
f 11253 9820 9819
f 11253 11254 9820
f 9807 9808 9802
f 9807 9812 9808
f 9817 9812 9819
f 9817 9811 9812
f 11260 11259 11271
f 11260 11256 11259
f 11274 11275 11280
f 11274 11270 11275
f 11271 9822 9820
f 11271 11273 9822
f 11273 9835 9834
f 11273 11274 9835
f 9822 9826 9818
f 9822 9831 9826
f 9826 9846 9829
f 9826 9831 9846
f 9834 9848 9846
f 9834 9836 9848
f 9836 9842 9848
f 9836 9833 9842
f 11280 11279 11294
f 11280 11276 11279
f 11297 11299 11306
f 11297 11293 11299
f 11298 11306 11299
f 11298 11300 11306
f 11294 9837 9835
f 11294 11296 9837
f 11296 9862 9861
f 11296 11297 9862
f 9837 9850 9833
f 9837 9855 9850
f 9859 9855 9861
f 9859 9854 9855
f 11300 11312 11311
f 11300 11302 11312
f 11317 11321 11316
f 11317 11322 11321
f 11314 11315 11316
f 11314 11312 11315
f 11311 9864 9862
f 11311 11313 9864
f 11313 9884 9883
f 11313 11314 9884
f 9864 9872 9860
f 9864 9877 9872
f 9881 9877 9883
f 9881 9876 9877
f 11321 11333 11332
f 11321 11323 11333
f 11338 11343 11337
f 11338 11344 11343
f 11335 11336 11337
f 11335 11333 11336
f 11332 9886 9884
f 11332 11334 9886
f 11334 9907 9906
f 11334 11335 9907
f 9886 9894 9882
f 9886 9899 9894
f 9904 9899 9906
f 9904 9898 9899
f 11343 11368 11367
f 11343 11345 11368
f 11368 11342 11365
f 11368 11345 11342
f 11367 9909 9907
f 11367 11369 9909
f 11366 9762 9929
f 11366 9763 9762
f 9917 11369 9929
f 9917 9919 11369
f 9765 9763 9767
f 9765 9762 9763
f 9909 9913 9905
f 9909 9919 9913
f 10001 9993 9992
f 10001 10002 9993
f 9992 9996 10001
f 9992 9989 9996
f 10003 10000 10005
f 10003 9999 10000
f 10015 10007 10006
f 10015 10016 10007
f 10006 10010 10015
f 10006 10004 10010
f 10017 10014 10020
f 10017 10013 10014
f 10086 10077 10076
f 10086 10087 10077
f 10076 10080 10086
f 10076 10073 10080
f 10088 10083 10090
f 10088 10082 10083
f 9990 10093 10084
f 9990 9993 10093
f 10002 10096 10095
f 10002 10003 10096
f 10094 10095 10098
f 10094 10093 10095
f 10084 10091 10083
f 10084 10094 10091
f 10100 10092 10091
f 10100 10101 10092
f 10100 11377 10101
f 10100 11374 11377
f 10098 11375 11374
f 10098 10099 11375
f 10097 10005 10007
f 10097 10096 10005
f 10099 11373 11376
f 10099 10097 11373
f 10016 10104 10103
f 10016 10017 10104
f 10103 11384 11373
f 10103 10106 11384
f 11381 11385 11387
f 11381 11380 11385
f 11380 11375 11376
f 11380 11379 11375
f 11384 11392 11385
f 11384 11386 11392
f 10029 10022 10019
f 10029 10111 10022
f 10105 10020 10022
f 10105 10104 10020
f 10105 10112 10107
f 10105 10111 10112
f 11394 10106 10107
f 11394 11386 10106
f 11395 10108 10109
f 11395 11394 10108
f 10117 10109 10108
f 10117 10118 10109
f 10112 10115 10117
f 10112 10110 10115
f 10119 10116 10121
f 10119 10115 10116
f 10133 10123 10122
f 10133 10134 10123
f 10122 10125 10133
f 10122 10120 10125
f 10213 10204 10203
f 10213 10214 10204
f 10203 10207 10213
f 10203 10200 10207
f 10215 10210 10217
f 10215 10209 10210
f 10074 10221 10211
f 10074 10077 10221
f 10087 10220 10221
f 10087 10085 10220
f 10089 10088 10090
f 10089 10085 10088
f 10211 10218 10210
f 10211 10222 10218
f 10228 10219 10218
f 10228 10229 10219
f 10222 10224 10228
f 10222 10220 10224
f 10230 10225 10232
f 10230 10224 10225
f 10089 10235 10226
f 10089 10092 10235
f 10236 10237 10238
f 10236 10235 10237
f 11377 10239 10237
f 11377 11382 10239
f 10226 10233 10225
f 10226 10236 10233
f 10242 10234 10233
f 10242 10243 10234
f 10238 10244 10242
f 10238 10240 10244
f 11382 11381 11388
f 11382 11379 11381
f 11391 11392 11396
f 11391 11387 11392
f 11388 10241 10239
f 11388 11390 10241
f 11390 10251 10250
f 11390 11391 10251
f 10240 10246 10245
f 10240 10241 10246
f 10254 10247 10246
f 10254 10255 10247
f 10250 10256 10254
f 10250 10252 10256
f 10251 11395 10249
f 10251 11396 11395
f 10249 10261 10253
f 10249 10260 10261
f 10118 10263 10262
f 10118 10119 10263
f 10261 10262 10265
f 10261 10260 10262
f 10252 10258 10257
f 10252 10253 10258
f 10269 10259 10258
f 10269 10270 10259
f 10265 10271 10269
f 10265 10267 10271
f 10264 10121 10123
f 10264 10263 10121
f 10264 10277 10268
f 10264 10276 10277
f 10134 10275 10276
f 10134 10132 10275
f 10267 10273 10272
f 10267 10268 10273
f 10282 10274 10273
f 10282 10283 10274
f 10277 10279 10282
f 10277 10275 10279
f 10284 10280 10285
f 10284 10279 10280
f 10281 10286 10280
f 10281 10290 10286
f 10297 10287 10286
f 10297 10298 10287
f 10290 10294 10297
f 10290 10288 10294
f 10329 10338 10328
f 10329 10342 10338
f 10348 10339 10338
f 10348 10349 10339
f 10342 10344 10348
f 10342 10340 10344
f 10350 10345 10352
f 10350 10344 10345
f 10346 10353 10345
f 10346 10357 10353
f 10362 10354 10353
f 10362 10363 10354
f 10357 10359 10362
f 10357 10355 10359
f 10364 10360 10365
f 10364 10359 10360
f 10201 10369 10361
f 10201 10204 10369
f 10214 10368 10369
f 10214 10212 10368
f 10216 10215 10217
f 10216 10212 10215
f 10361 10366 10360
f 10361 10370 10366
f 10375 10367 10366
f 10375 10376 10367
f 10370 10372 10375
f 10370 10368 10372
f 10377 10373 10378
f 10377 10372 10373
f 10216 10382 10374
f 10216 10219 10382
f 10229 10381 10382
f 10229 10227 10381
f 10231 10230 10232
f 10231 10227 10230
f 10374 10379 10373
f 10374 10383 10379
f 10389 10380 10379
f 10389 10390 10380
f 10383 10385 10389
f 10383 10381 10385
f 10391 10386 10393
f 10391 10385 10386
f 10231 10396 10387
f 10231 10234 10396
f 10243 10399 10398
f 10243 10244 10399
f 10397 10398 10401
f 10397 10396 10398
f 10387 10394 10386
f 10387 10397 10394
f 10406 10395 10394
f 10406 10407 10395
f 10401 10408 10406
f 10401 10403 10408
f 10400 10245 10247
f 10400 10399 10245
f 10400 10414 10404
f 10400 10413 10414
f 10255 10416 10415
f 10255 10256 10416
f 10414 10415 10418
f 10414 10413 10415
f 10403 10411 10410
f 10403 10404 10411
f 10422 10412 10411
f 10422 10423 10412
f 10418 10424 10422
f 10418 10420 10424
f 10417 10257 10259
f 10417 10416 10257
f 10417 10429 10421
f 10417 10428 10429
f 10270 10431 10430
f 10270 10271 10431
f 10429 10430 10433
f 10429 10428 10430
f 10420 10426 10425
f 10420 10421 10426
f 10437 10427 10426
f 10437 10438 10427
f 10433 10439 10437
f 10433 10435 10439
f 10432 10272 10274
f 10432 10431 10272
f 10432 10444 10436
f 10432 10443 10444
f 10283 10446 10445
f 10283 10284 10446
f 10444 10445 10448
f 10444 10443 10445
f 10435 10441 10440
f 10435 10436 10441
f 10452 10442 10441
f 10452 10453 10442
f 10448 10454 10452
f 10448 10450 10454
f 10447 10285 10287
f 10447 10446 10285
f 10447 10460 10451
f 10447 10459 10460
f 10298 10458 10459
f 10298 10296 10458
f 10450 10456 10455
f 10450 10451 10456
f 10466 10457 10456
f 10466 10467 10457
f 10460 10463 10466
f 10460 10458 10463
f 10468 10464 10472
f 10468 10463 10464
f 10336 10521 10509
f 10336 10339 10521
f 10349 10520 10521
f 10349 10347 10520
f 10351 10350 10352
f 10351 10347 10350
f 10509 10518 10508
f 10509 10522 10518
f 10527 10519 10518
f 10527 10528 10519
f 10522 10524 10527
f 10522 10520 10524
f 10529 10525 10530
f 10529 10524 10525
f 10351 10532 10526
f 10351 10354 10532
f 10363 10535 10534
f 10363 10364 10535
f 10533 10534 10537
f 10533 10532 10534
f 11399 10530 10531
f 11399 11398 10530
f 10526 10531 10525
f 10526 10533 10531
f 11401 10541 10542
f 11401 11399 10541
f 10537 10542 10541
f 10537 10539 10542
f 10536 10365 10367
f 10536 10535 10365
f 10536 10547 10540
f 10536 10546 10547
f 10376 10549 10548
f 10376 10377 10549
f 10547 10548 10551
f 10547 10546 10548
f 10539 10544 10543
f 10539 10540 10544
f 10555 10545 10544
f 10555 10556 10545
f 10551 10557 10555
f 10551 10553 10557
f 10550 10378 10380
f 10550 10549 10378
f 10550 10563 10554
f 10550 10562 10563
f 10390 10561 10562
f 10390 10388 10561
f 10392 10391 10393
f 10392 10388 10391
f 10553 10559 10558
f 10553 10554 10559
f 10569 10560 10559
f 10569 10570 10560
f 10563 10565 10569
f 10563 10561 10565
f 10571 10566 10573
f 10571 10565 10566
f 10392 10577 10567
f 10392 10395 10577
f 10407 10576 10577
f 10407 10405 10576
f 10409 10408 10410
f 10409 10405 10408
f 10567 10574 10566
f 10567 10578 10574
f 10584 10575 10574
f 10584 10585 10575
f 10578 10580 10584
f 10578 10576 10580
f 10586 10581 10588
f 10586 10580 10581
f 10409 10591 10582
f 10409 10412 10591
f 10423 10594 10593
f 10423 10424 10594
f 10592 10593 10596
f 10592 10591 10593
f 10582 10589 10581
f 10582 10592 10589
f 10601 10590 10589
f 10601 10602 10590
f 10596 10603 10601
f 10596 10598 10603
f 10595 10425 10427
f 10595 10594 10425
f 10595 10609 10599
f 10595 10608 10609
f 10438 10611 10610
f 10438 10439 10611
f 10609 10610 10613
f 10609 10608 10610
f 10598 10606 10605
f 10598 10599 10606
f 10618 10607 10606
f 10618 10619 10607
f 10613 10620 10618
f 10613 10615 10620
f 10612 10440 10442
f 10612 10611 10440
f 10612 10626 10616
f 10612 10625 10626
f 10453 10628 10627
f 10453 10454 10628
f 10626 10627 10630
f 10626 10625 10627
f 10615 10623 10622
f 10615 10616 10623
f 10635 10624 10623
f 10635 10636 10624
f 10630 10637 10635
f 10630 10632 10637
f 10629 10455 10457
f 10629 10628 10455
f 10629 10644 10633
f 10629 10643 10644
f 10467 10642 10643
f 10467 10465 10642
f 10471 10468 10472
f 10471 10465 10468
f 10632 10640 10639
f 10632 10633 10640
f 10650 10641 10640
f 10650 10651 10641
f 10644 10646 10650
f 10644 10642 10646
f 10652 10647 10655
f 10652 10646 10647
f 10484 10474 10470
f 10484 10660 10474
f 10471 10660 10648
f 10471 10474 10660
f 10648 10656 10647
f 10648 10661 10656
f 10656 10659 10653
f 10656 10661 10659
f 10516 10705 10694
f 10516 10519 10705
f 10528 10708 10707
f 10528 10529 10708
f 10706 10707 10709
f 10706 10705 10707
f 10694 10703 10693
f 10694 10706 10703
f 10712 10704 10703
f 10712 10713 10704
f 10709 10714 10712
f 10709 10711 10714
f 11402 11413 11406
f 11402 11403 11413
f 11413 11404 11414
f 11413 11403 11404
f 11398 10710 10708
f 11398 11402 10710
f 11401 10718 11404
f 11401 10716 10718
f 11408 11415 11419
f 11408 11407 11415
f 11412 11407 11408
f 11412 11411 11407
f 11414 11421 11415
f 11414 11416 11421
f 11411 10710 11406
f 11411 10711 10710
f 10717 10543 10545
f 10717 10716 10543
f 10718 11405 11417
f 10718 10717 11405
f 10556 10721 10720
f 10556 10557 10721
f 10720 11433 11405
f 10720 10723 11433
f 11428 11434 11436
f 11428 11427 11434
f 11427 11416 11417
f 11427 11426 11416
f 11433 11439 11434
f 11433 11435 11439
f 10722 10558 10560
f 10722 10721 10558
f 10722 10729 10724
f 10722 10728 10729
f 10570 10727 10728
f 10570 10568 10727
f 10572 10571 10573
f 10572 10568 10571
f 11442 10723 10724
f 11442 11435 10723
f 11443 10725 10726
f 11443 11442 10725
f 10734 10726 10725
f 10734 10735 10726
f 10729 10731 10734
f 10729 10727 10731
f 10736 10732 10737
f 10736 10731 10732
f 10572 10741 10733
f 10572 10575 10741
f 10585 10740 10741
f 10585 10583 10740
f 10587 10586 10588
f 10587 10583 10586
f 10733 10738 10732
f 10733 10742 10738
f 10749 10739 10738
f 10749 10750 10739
f 10742 10745 10749
f 10742 10740 10745
f 10587 10759 10746
f 10587 10590 10759
f 10602 10757 10759
f 10602 10600 10757
f 10604 10603 10605
f 10604 10600 10603
f 10604 10778 10765
f 10604 10607 10778
f 10619 10777 10778
f 10619 10617 10777
f 10621 10620 10622
f 10621 10617 10620
f 10771 10785 10774
f 10771 10779 10785
f 10779 10781 10785
f 10779 10777 10781
f 10787 10782 10789
f 10787 10781 10782
f 10621 10793 10783
f 10621 10624 10793
f 10636 10792 10793
f 10636 10634 10792
f 10638 10637 10639
f 10638 10634 10637
f 10783 10790 10782
f 10783 10794 10790
f 10800 10791 10790
f 10800 10801 10791
f 10794 10796 10800
f 10794 10792 10796
f 10802 10797 10804
f 10802 10796 10797
f 10638 10808 10798
f 10638 10641 10808
f 10651 10807 10808
f 10651 10649 10807
f 10654 10652 10655
f 10654 10649 10652
f 10798 10805 10797
f 10798 10809 10805
f 10815 10806 10805
f 10815 10816 10806
f 10809 10811 10815
f 10809 10807 10811
f 10817 10812 10820
f 10817 10811 10812
f 10669 10657 10653
f 10669 10825 10657
f 10654 10825 10813
f 10654 10657 10825
f 10813 10821 10812
f 10813 10826 10821
f 10821 10824 10818
f 10821 10826 10824
f 10701 10869 10859
f 10701 10704 10869
f 10713 10872 10871
f 10713 10714 10872
f 10870 10871 10873
f 10870 10869 10871
f 10859 10867 10858
f 10859 10870 10867
f 10875 10868 10867
f 10875 10876 10868
f 10875 11452 10876
f 10875 11445 11452
f 10873 11446 11445
f 10873 10874 11446
f 11408 11447 11420
f 11408 11409 11447
f 11422 11408 11419
f 11422 11409 11408
f 11421 11429 11423
f 11421 11426 11429
f 11423 11460 11422
f 11423 11463 11460
f 11412 10874 10872
f 11412 11420 10874
f 11457 11462 11474
f 11457 11456 11462
f 11456 11461 11462
f 11456 11455 11461
f 11456 11446 11448
f 11456 11454 11446
f 11447 11456 11448
f 11447 11455 11456
f 11461 11463 11464
f 11461 11460 11463
f 11466 11464 11463
f 11466 11477 11464
f 11465 11428 11437
f 11465 11429 11428
f 11438 11439 11444
f 11438 11436 11439
f 11486 11438 11489
f 11486 11437 11438
f 11463 11482 11466
f 11463 11465 11482
f 11483 11486 11490
f 11483 11482 11486
f 11489 11498 11490
f 11489 11491 11498
f 10878 11443 10877
f 10878 11444 11443
f 10877 10882 10879
f 10877 10881 10882
f 10735 10884 10883
f 10735 10736 10884
f 10882 10883 10886
f 10882 10881 10883
f 11503 11509 11504
f 11503 11508 11509
f 11508 10878 10879
f 11508 11491 10878
f 11512 10890 10891
f 11512 11509 10890
f 10886 10891 10890
f 10886 10888 10891
f 10885 10737 10739
f 10885 10884 10737
f 10885 10897 10889
f 10885 10896 10897
f 10750 10895 10896
f 10750 10748 10895
f 10888 10893 10892
f 10888 10889 10893
f 10904 10894 10893
f 10904 10905 10894
f 10897 10901 10904
f 10897 10895 10901
f 10786 10776 10774
f 10786 10931 10776
f 10786 10930 10931
f 10786 10784 10930
f 10788 10787 10789
f 10788 10784 10787
f 10924 10938 10927
f 10924 10932 10938
f 10932 10934 10938
f 10932 10930 10934
f 10940 10935 10942
f 10940 10934 10935
f 10788 10946 10936
f 10788 10791 10946
f 10801 10945 10946
f 10801 10799 10945
f 10803 10802 10804
f 10803 10799 10802
f 10936 10943 10935
f 10936 10947 10943
f 10952 10944 10943
f 10952 10953 10944
f 10947 10949 10952
f 10947 10945 10949
f 10954 10950 10955
f 10954 10949 10950
f 10803 10959 10951
f 10803 10806 10959
f 10816 10958 10959
f 10816 10814 10958
f 10819 10817 10820
f 10819 10814 10817
f 10951 10956 10950
f 10951 10960 10956
f 10965 10957 10956
f 10965 10966 10957
f 10960 10962 10965
f 10960 10958 10962
f 10967 10963 10970
f 10967 10962 10963
f 10834 10822 10818
f 10834 10975 10822
f 10819 10975 10964
f 10819 10822 10975
f 10964 10971 10963
f 10964 10976 10971
f 10971 10974 10968
f 10971 10976 10974
f 10865 11006 10997
f 10865 10868 11006
f 11007 11008 11009
f 11007 11006 11008
f 11452 11010 11008
f 11452 11459 11010
f 11001 11016 11004
f 11001 11007 11016
f 11009 11018 11016
f 11009 11011 11018
f 11459 11457 11475
f 11459 11454 11457
f 11475 11520 11517
f 11475 11476 11520
f 11477 11524 11479
f 11477 11484 11524
f 11521 11474 11479
f 11521 11476 11474
f 11520 11525 11523
f 11520 11521 11525
f 11526 11532 11525
f 11526 11533 11532
f 11532 11522 11523
f 11532 11531 11522
f 11519 11010 11517
f 11519 11011 11010
f 11020 11522 11021
f 11020 11519 11522
f 11527 11484 11485
f 11527 11524 11484
f 11497 11483 11496
f 11497 11485 11483
f 11538 11496 11499
f 11538 11497 11496
f 11498 11505 11499
f 11498 11503 11505
f 11535 11540 11549
f 11535 11534 11540
f 11537 11526 11527
f 11537 11534 11526
f 11537 11542 11540
f 11537 11538 11542
f 11543 11554 11542
f 11543 11555 11554
f 11544 11504 11513
f 11544 11505 11504
f 11559 11514 11561
f 11559 11513 11514
f 11512 11026 11514
f 11512 11024 11026
f 11559 11543 11544
f 11559 11556 11543
f 11556 11557 11555
f 11556 11562 11557
f 11562 11030 11029
f 11562 11564 11030
f 11026 11564 11561
f 11026 11027 11564
f 11025 10892 10894
f 11025 11024 10892
f 11025 11036 11028
f 11025 11035 11036
f 10905 11034 11035
f 10905 10903 11034
f 11027 11032 11031
f 11027 11028 11032
f 11041 11033 11032
f 11041 11042 11033
f 11036 11038 11041
f 11036 11034 11038
f 11043 11039 11044
f 11043 11038 11039
f 11040 11045 11039
f 11040 11049 11045
f 11054 11046 11045
f 11054 11055 11046
f 11049 11051 11054
f 11049 11047 11051
f 11056 11052 11057
f 11056 11051 11052
f 10939 10929 10927
f 10939 11061 10929
f 10939 11060 11061
f 10939 10937 11060
f 10941 10940 10942
f 10941 10937 10940
f 11053 11058 11052
f 11053 11062 11058
f 11067 11059 11058
f 11067 11068 11059
f 11062 11064 11067
f 11062 11060 11064
f 11069 11065 11070
f 11069 11064 11065
f 10941 11072 11066
f 10941 10944 11072
f 10953 11075 11074
f 10953 10954 11075
f 11073 11074 11077
f 11073 11072 11074
f 11605 11592 11604
f 11605 11593 11592
f 11607 11612 11611
f 11607 11608 11612
f 11606 11607 11605
f 11606 11609 11607
f 11604 11070 11071
f 11604 11600 11070
f 11066 11071 11065
f 11066 11073 11071
f 11077 11609 11606
f 11077 11078 11609
f 11076 10955 10957
f 11076 11075 10955
f 11078 11516 11610
f 11078 11076 11516
f 10966 11084 11083
f 10966 10967 11084
f 11083 11621 11516
f 11083 11086 11621
f 11618 11608 11610
f 11618 11617 11608
f 11618 11622 11619
f 11618 11621 11622
f 11623 11627 11622
f 11623 11628 11627
f 11085 10970 10972
f 11085 11084 10970
f 11085 10969 11082
f 11085 10972 10969
f 11632 11086 11087
f 11632 11623 11086
f 11633 11091 11092
f 11633 11632 11091
f 11088 11087 11082
f 11088 11091 11087
f 11019 11018 11020
f 11019 11015 11018
f 11019 11122 11111
f 11019 11021 11122
f 11123 11124 11125
f 11123 11122 11124
f 11531 11126 11124
f 11531 11536 11126
f 11111 11119 11110
f 11111 11123 11119
f 11133 11120 11119
f 11133 11134 11120
f 11125 11135 11133
f 11125 11127 11135
f 11536 11535 11550
f 11536 11533 11535
f 11553 11554 11558
f 11553 11549 11554
f 11550 11128 11126
f 11550 11552 11128
f 11552 11143 11142
f 11552 11553 11143
f 11127 11138 11137
f 11127 11128 11138
f 11147 11139 11138
f 11147 11148 11139
f 11142 11149 11147
f 11142 11144 11149
f 11143 11557 11141
f 11143 11558 11557
f 11141 11155 11145
f 11141 11154 11155
f 11029 11157 11156
f 11029 11030 11157
f 11155 11156 11159
f 11155 11154 11156
f 11144 11152 11151
f 11144 11145 11152
f 11164 11153 11152
f 11164 11165 11153
f 11159 11166 11164
f 11159 11161 11166
f 11158 11031 11033
f 11158 11157 11031
f 11158 11172 11162
f 11158 11171 11172
f 11042 11174 11173
f 11042 11043 11174
f 11172 11173 11176
f 11172 11171 11173
f 11161 11169 11168
f 11161 11162 11169
f 11180 11170 11169
f 11180 11181 11170
f 11176 11182 11180
f 11176 11178 11182
f 11175 11044 11046
f 11175 11174 11044
f 11175 11186 11179
f 11175 11185 11186
f 11055 11188 11187
f 11055 11056 11188
f 11186 11187 11190
f 11186 11185 11187
f 11656 11645 11655
f 11656 11646 11645
f 11658 11652 11659
f 11658 11651 11652
f 11657 11659 11656
f 11657 11661 11659
f 11655 11183 11184
f 11655 11650 11183
f 11178 11184 11183
f 11178 11179 11184
f 11190 11661 11657
f 11190 11191 11661
f 11594 11589 11588
f 11594 11595 11589
f 11670 11587 11671
f 11670 11586 11587
f 11672 11588 11589
f 11672 11671 11588
f 11189 11057 11059
f 11189 11188 11057
f 11191 11586 11662
f 11191 11189 11586
f 11068 11195 11194
f 11068 11069 11195
f 11194 11601 11587
f 11194 11195 11601
f 11669 11658 11660
f 11669 11663 11658
f 11670 11660 11662
f 11670 11669 11660
f 11600 11594 11601
f 11600 11592 11594
f 11691 11679 11680
f 11691 11690 11679
f 11204 11209 11213
f 11204 11201 11209
f 11629 11633 11634
f 11629 11628 11633
f 11681 11630 11629
f 11681 11684 11630
f 11634 11205 11682
f 11634 11203 11205
f 11203 11090 11202
f 11203 11092 11090
f 11683 11681 11679
f 11683 11684 11681
f 11205 11680 11682
f 11205 11204 11680
f 11134 11117 11120
f 11134 11131 11117
f 11136 11135 11137
f 11136 11132 11135
f 11136 11243 11233
f 11136 11139 11243
f 11148 11241 11243
f 11148 11146 11241
f 11150 11149 11151
f 11150 11146 11149
f 11150 11263 11249
f 11150 11153 11263
f 11165 11261 11263
f 11165 11163 11261
f 11167 11166 11168
f 11167 11163 11166
f 11167 11282 11269
f 11167 11170 11282
f 11181 11288 11287
f 11181 11182 11288
f 11283 11287 11289
f 11283 11282 11287
f 11286 11283 11289
f 11286 11281 11283
f 11298 11291 11303
f 11298 11286 11291
f 11666 11646 11668
f 11666 11645 11646
f 11667 11698 11701
f 11667 11666 11698
f 11650 11290 11288
f 11650 11665 11290
f 11665 11292 11290
f 11665 11667 11292
f 11702 11699 11706
f 11702 11698 11699
f 11707 11702 11706
f 11707 11703 11702
f 11291 11304 11303
f 11291 11292 11304
f 11318 11305 11304
f 11318 11319 11305
f 11308 11320 11318
f 11308 11309 11320
f 11704 11308 11701
f 11704 11309 11308
f 11703 11712 11705
f 11703 11710 11712
f 11715 11712 11713
f 11715 11714 11712
f 11720 11715 11719
f 11720 11716 11715
f 11310 11704 11705
f 11310 11309 11704
f 11309 11325 11324
f 11309 11310 11325
f 11339 11326 11325
f 11339 11340 11326
f 11329 11341 11339
f 11329 11330 11341
f 11717 11329 11714
f 11717 11330 11329
f 11350 11677 11361
f 11350 11352 11677
f 11727 11361 11677
f 11727 11364 11361
f 11716 11725 11718
f 11716 11723 11725
f 11728 11725 11726
f 11728 11727 11725
f 11733 11728 11732
f 11733 11729 11728
f 11331 11717 11718
f 11331 11330 11717
f 11330 11347 11346
f 11330 11331 11347
f 11347 11351 11342
f 11347 11352 11351
f 11691 11689 11692
f 11691 11687 11689
f 11689 11738 11739
f 11689 11688 11738
f 11692 11740 11693
f 11692 11739 11740
f 11688 11364 11731
f 11688 11363 11364
f 11198 11363 11371
f 11198 11197 11363
f 11212 11371 11372
f 11212 11210 11371
f 11687 11212 11372
f 11687 11213 11212
f 11729 11738 11731
f 11729 11737 11738
f 11319 11302 11305
f 11319 11315 11302
f 11322 11320 11324
f 11322 11317 11320
f 11340 11323 11326
f 11340 11336 11323
f 11344 11341 11346
f 11344 11338 11341
f 11785 11774 11784
f 11785 11775 11774
f 11787 11782 11788
f 11787 11781 11782
f 11786 11788 11785
f 11786 11790 11788
f 11425 11784 11424
f 11425 11786 11784
f 11795 11787 11789
f 11795 11791 11787
f 11799 11796 11803
f 11799 11795 11796
f 11796 11790 11797
f 11796 11789 11790
f 11804 11799 11805
f 11804 11798 11799
f 11809 11806 11805
f 11809 11810 11806
f 11802 11809 11803
f 11802 11808 11809
f 11802 11430 11431
f 11802 11797 11430
f 11754 11807 11755
f 11754 11804 11807
f 11763 11817 11764
f 11763 11815 11817
f 11816 11812 11821
f 11816 11811 11812
f 11806 11814 11807
f 11806 11811 11814
f 11818 11814 11816
f 11818 11815 11814
f 11825 11819 11818
f 11825 11826 11819
f 11827 11817 11819
f 11827 11820 11817
f 11861 11853 11857
f 11861 11854 11853
f 11776 11855 11777
f 11776 11853 11855
f 11774 11855 11794
f 11774 11777 11855
f 11409 11424 11410
f 11409 11422 11424
f 11451 11794 11856
f 11451 11450 11794
f 11409 11450 11449
f 11409 11410 11450
f 11424 11460 11467
f 11424 11422 11460
f 11468 11424 11467
f 11468 11425 11424
f 11854 11868 11856
f 11854 11865 11868
f 11869 11865 11866
f 11869 11868 11865
f 11451 11455 11449
f 11451 11458 11455
f 11461 11458 11480
f 11461 11455 11458
f 11480 11871 11481
f 11480 11869 11871
f 11460 11480 11470
f 11460 11461 11480
f 11481 11470 11480
f 11481 11472 11470
f 11477 11472 11481
f 11477 11466 11472
f 11430 11469 11431
f 11430 11468 11469
f 11488 11469 11473
f 11488 11487 11469
f 11492 11488 11493
f 11492 11487 11488
f 11494 11808 11492
f 11494 11813 11808
f 11482 11473 11466
f 11482 11488 11473
f 11500 11482 11483
f 11500 11488 11482
f 11502 11493 11500
f 11502 11495 11493
f 11812 11813 11822
f 11812 11810 11813
f 11878 11822 11874
f 11878 11823 11822
f 11825 11824 11831
f 11825 11821 11824
f 11824 11878 11879
f 11824 11823 11878
f 11880 11886 11881
f 11880 11884 11886
f 11886 11879 11881
f 11886 11882 11879
f 11494 11877 11874
f 11494 11495 11877
f 11880 11506 11507
f 11880 11877 11506
f 11829 11831 11838
f 11829 11826 11831
f 11830 11839 11840
f 11830 11829 11839
f 11891 11838 11883
f 11891 11839 11838
f 11840 11894 11841
f 11840 11892 11894
f 11893 11889 11898
f 11893 11888 11889
f 11882 11888 11883
f 11882 11887 11888
f 11895 11891 11893
f 11895 11892 11891
f 11903 11896 11895
f 11903 11904 11896
f 11913 11907 11920
f 11913 11906 11907
f 11905 11894 11896
f 11905 11897 11894
f 11910 11906 11913
f 11910 11905 11906
f 11914 11910 11915
f 11914 11909 11910
f 11923 11916 11915
f 11923 11925 11916
f 11926 11914 11916
f 11926 11917 11914
f 11867 11862 11979
f 11867 11861 11862
f 11866 11980 11872
f 11866 11867 11980
f 11873 11989 11990
f 11873 11872 11989
f 11530 11871 11873
f 11530 11528 11871
f 11481 11484 11477
f 11481 11528 11484
f 11985 11979 11982
f 11985 11980 11979
f 11989 11986 11991
f 11989 11985 11986
f 11995 11990 11991
f 11995 11992 11990
f 11485 11501 11483
f 11485 11539 11501
f 11875 11530 11993
f 11875 11529 11530
f 11485 11529 11539
f 11485 11484 11529
f 11546 11501 11545
f 11546 11502 11501
f 12003 11545 11875
f 12003 11548 11545
f 12004 12000 12007
f 12004 11999 12000
f 11992 11999 11993
f 11992 11998 11999
f 12009 12003 12004
f 12009 12005 12003
f 11506 11547 11507
f 11506 11546 11547
f 11885 11548 12006
f 11885 11547 11548
f 11566 11884 11565
f 11566 11890 11884
f 12016 11565 11885
f 12016 11566 11565
f 12017 12013 12019
f 12017 12012 12013
f 12005 12012 12006
f 12005 12011 12012
f 12020 12017 12019
f 12020 12018 12017
f 12018 11566 12016
f 12018 11567 11566
f 11889 11890 11899
f 11889 11887 11890
f 11903 11902 11908
f 11903 11898 11902
f 11568 11899 11566
f 11568 11901 11899
f 11575 11901 11574
f 11575 11902 11901
f 11571 11567 11570
f 11571 11568 11567
f 11572 11576 11571
f 11572 11577 11576
f 12026 11576 11577
f 12026 12023 11576
f 12024 11574 12023
f 12024 11575 11574
f 11907 11908 11921
f 11907 11904 11908
f 12033 11921 12025
f 12033 11922 11921
f 11920 12034 11924
f 11920 11922 12034
f 11930 11923 11924
f 11930 11925 11923
f 12024 12030 12025
f 12024 12029 12030
f 12031 12030 12029
f 12031 12035 12030
f 12038 12033 12036
f 12038 12034 12033
f 12042 12039 12038
f 12042 12043 12039
f 12035 12042 12036
f 12035 12041 12042
f 11928 12040 11936
f 11928 11930 12040
f 11929 11936 11938
f 11929 11928 11936
f 11944 11940 11939
f 11944 11945 11940
f 11938 11937 11939
f 11938 11936 11937
f 11937 12047 12048
f 11937 11936 12047
f 12039 12047 12040
f 12039 12044 12047
f 12045 12044 12043
f 12045 12049 12044
f 11591 12049 11590
f 11591 12051 12049
f 12051 11583 12048
f 12051 11584 11583
f 11956 11944 11955
f 11956 11946 11944
f 11965 11961 11960
f 11965 11966 11961
f 11959 11958 11960
f 11959 11956 11958
f 11585 11955 11583
f 11585 11957 11955
f 11614 11957 11613
f 11614 11958 11957
f 11598 11584 11597
f 11598 11585 11584
f 11602 11598 11593
f 11602 11603 11598
f 11603 11611 11613
f 11603 11602 11611
f 11972 11965 11971
f 11972 11967 11965
f 12052 11973 12054
f 12052 11972 11973
f 11616 11971 11614
f 11616 11973 11971
f 12053 12055 12057
f 12053 12052 12055
f 12056 12062 12055
f 12056 12063 12062
f 11617 11616 11612
f 11617 11620 11616
f 11620 11624 11625
f 11620 11619 11624
f 11625 12056 12054
f 11625 11626 12056
f 11626 11627 11631
f 11626 11624 11627
f 12001 11995 11997
f 12001 11998 11995
f 12076 11997 11996
f 12076 12079 11997
f 12000 12080 12008
f 12000 12001 12080
f 12007 12090 12010
f 12007 12008 12090
f 12014 12009 12010
f 12014 12011 12009
f 12085 12079 12082
f 12085 12080 12079
f 12092 12091 12095
f 12092 12090 12091
f 12096 12092 12095
f 12096 12093 12092
f 12013 12094 12021
f 12013 12014 12094
f 12022 12106 12107
f 12022 12021 12106
f 11637 12020 12022
f 11637 11635 12020
f 12108 12103 12111
f 12108 12102 12103
f 12093 12106 12094
f 12093 12102 12106
f 12112 12107 12108
f 12112 12109 12107
f 11570 11636 11572
f 11570 11635 11636
f 12027 11637 12110
f 12027 11636 11637
f 11641 12026 11639
f 11641 12032 12026
f 12120 11639 12027
f 12120 11641 11639
f 12121 12117 12123
f 12121 12116 12117
f 12109 12116 12110
f 12109 12115 12116
f 12124 12121 12123
f 12124 12122 12121
f 12122 11641 12120
f 12122 11642 11641
f 12031 11641 11640
f 12031 12032 11641
f 11654 11640 11643
f 11654 11653 11640
f 11651 11580 11653
f 11651 11579 11580
f 12041 11579 11664
f 12041 11580 11579
f 11648 11642 11647
f 11648 11643 11642
f 11652 11648 11646
f 11652 11654 11648
f 12045 11581 11582
f 12045 11664 11581
f 11674 11581 11663
f 11674 11582 11581
f 11672 11590 11674
f 11672 11589 11590
f 11591 11595 11597
f 11591 11589 11595
f 12064 12069 12070
f 12064 12063 12069
f 12128 12065 12064
f 12128 12130 12065
f 11630 12069 11631
f 11630 11685 12069
f 12070 11686 12129
f 12070 11685 11686
f 12135 12128 12129
f 12135 12134 12128
f 12135 12141 12136
f 12135 12140 12141
f 11694 11686 11683
f 11694 12140 11686
f 12104 12097 12157
f 12104 12096 12097
f 12157 12105 12104
f 12157 12160 12105
f 12103 12113 12111
f 12103 12105 12113
f 12118 12112 12114
f 12118 12115 12112
f 12165 12114 12113
f 12165 12168 12114
f 12117 12169 12125
f 12117 12118 12169
f 12126 12177 12179
f 12126 12125 12177
f 11697 12124 12126
f 11697 11695 12124
f 12174 12168 12171
f 12174 12169 12168
f 12180 12177 12178
f 12180 12179 12177
f 12185 12180 12184
f 12185 12181 12180
f 11649 11668 11646
f 11649 11700 11668
f 11647 11696 11649
f 11647 11695 11696
f 12127 11697 12183
f 12127 11696 11697
f 11699 12127 11708
f 11699 11700 12127
f 12193 12189 12195
f 12193 12188 12189
f 12181 12193 12183
f 12181 12188 12193
f 12198 12194 12195
f 12198 12196 12194
f 12196 11708 12194
f 12196 11709 11708
f 12206 12201 12202
f 12206 12205 12201
f 12210 12206 12209
f 12210 12207 12206
f 11709 11711 11707
f 11709 12205 11711
f 11713 11711 11722
f 11713 11710 11711
f 12207 11719 11722
f 12207 11721 11719
f 12218 12213 12214
f 12218 12217 12213
f 12223 12218 12222
f 12223 12219 12218
f 11721 11724 11720
f 11721 12217 11724
f 11726 11724 11736
f 11726 11723 11724
f 12219 11732 11736
f 12219 11734 11732
f 12132 12234 12235
f 12132 12131 12234
f 11740 12131 11743
f 11740 11742 12131
f 12142 11743 12132
f 12142 11744 11743
f 11690 11744 11694
f 11690 11693 11744
f 12228 12236 12234
f 12228 12230 12236
f 12220 12228 12221
f 12220 12227 12228
f 12237 12236 12238
f 12237 12235 12236
f 11735 12220 12221
f 11735 11734 12220
f 11735 11737 11733
f 11735 11742 11737
f 12138 12141 12142
f 12138 12136 12141
f 12237 12139 12138
f 12237 12240 12139
f 12203 12198 12200
f 12203 12201 12198
f 12253 12200 12199
f 12253 12255 12200
f 12255 12204 12203
f 12255 12258 12204
f 12202 12211 12209
f 12202 12204 12211
f 12215 12210 12212
f 12215 12213 12210
f 12262 12212 12211
f 12262 12264 12212
f 12264 12216 12215
f 12264 12267 12216
f 12214 12224 12222
f 12214 12216 12224
f 12226 12231 12225
f 12226 12232 12231
f 12231 12223 12225
f 12231 12227 12223
f 5792 4656 4658
f 5792 5789 4656
f 4660 4639 4658
f 4660 4640 4639
f 5787 5785 5783
f 5787 5792 5785
f 5742 5667 5835
f 5742 5666 5667
f 5782 12279 5835
f 5782 5784 12279
f 12279 5786 12287
f 12279 5784 5786
f 4639 5786 5785
f 4639 4641 5786
f 12285 4641 4640
f 12285 12288 4641
f 11753 12288 11752
f 11753 12289 12288
f 12289 11748 12287
f 12289 11749 11748
f 5664 5742 12281
f 5664 5663 5742
f 5665 12282 12290
f 5665 5664 12282
f 5662 5477 5476
f 5662 5665 5477
f 11750 12281 11748
f 11750 12282 12281
f 11757 11749 11756
f 11757 11750 11749
f 11758 11765 11757
f 11758 11766 11765
f 11767 11760 11765
f 11767 11761 11760
f 11760 12291 12290
f 11760 11761 12291
f 5475 5472 5470
f 5475 5477 5472
f 4636 12291 12292
f 4636 4635 12291
f 4635 5473 5472
f 4635 4636 5473
f 4633 5473 4632
f 4633 5474 5473
f 5399 4633 4631
f 5399 5474 4633
f 12293 4634 4632
f 12293 12294 4634
f 12293 11769 11770
f 12293 12292 11769
f 4650 3660 3662
f 4650 4647 3660
f 3664 3488 3662
f 3664 3489 3488
f 4645 4644 4642
f 4645 4650 4644
f 4655 4643 4659
f 4655 4642 4643
f 12283 4644 12297
f 12283 4643 4644
f 4660 12284 12286
f 4660 4659 12284
f 12283 11781 11792
f 12283 11783 11781
f 11792 12286 12284
f 11792 11793 12286
f 3488 12299 12297
f 3488 3489 12299
f 11778 12300 11779
f 11778 12299 12300
f 11782 11778 11775
f 11782 11783 11778
f 12285 11746 11747
f 12285 11793 11746
f 11800 11746 11791
f 11800 11747 11746
f 11798 11752 11800
f 11798 11751 11752
f 11753 11754 11756
f 11753 11751 11754
f 11755 11766 11758
f 11755 11763 11766
f 11767 11768 11769
f 11767 11764 11768
f 12295 4623 4634
f 12295 4624 4623
f 11832 11768 11820
f 11832 11770 11768
f 11834 11833 11835
f 11834 11832 11833
f 11836 12294 11834
f 11836 12295 12294
f 11842 11827 11830
f 11842 11833 11827
f 11844 11835 11842
f 11844 11837 11835
f 4615 4624 12296
f 4615 4614 4624
f 4616 12296 12302
f 4616 4615 12296
f 4613 4553 4552
f 4613 4617 4553
f 3144 4616 3143
f 3144 4617 4616
f 3145 3139 3144
f 3145 3140 3139
f 12304 3145 3143
f 12304 12305 3145
f 11836 12303 12302
f 11836 11837 12303
f 12304 11846 11847
f 12304 12303 11846
f 3134 3142 3136
f 3134 3141 3142
f 3138 4553 3139
f 3138 4548 4553
f 3133 3141 3134
f 3133 3138 3141
f 3135 3125 3132
f 3135 3126 3125
f 3137 3126 3135
f 3137 3127 3126
f 3659 3560 3663
f 3659 3559 3560
f 3664 12298 12301
f 3664 3663 12298
f 12298 3562 12317
f 12298 3560 3562
f 11858 12301 12298
f 11858 11859 12301
f 11858 12317 11860
f 11858 12298 12317
f 3561 2431 2432
f 3561 3558 2431
f 2432 3562 3561
f 2432 2434 3562
f 12316 2434 2433
f 12316 12318 2434
f 11864 12318 11863
f 11864 12319 12318
f 11857 12319 11864
f 11857 11860 12319
f 12300 11776 11779
f 12300 11859 11776
f 11844 11845 11846
f 11844 11841 11845
f 11911 11845 11897
f 11911 11847 11845
f 11909 11849 11911
f 11909 11848 11849
f 12305 11848 11918
f 12305 11849 11848
f 3142 12306 12307
f 3142 3140 12306
f 3137 12309 12310
f 3137 3136 12309
f 12307 11918 11919
f 12307 12306 11918
f 11919 11931 12308
f 11919 11917 11931
f 11933 12308 11932
f 11933 12309 12308
f 11941 11926 11929
f 11941 11931 11926
f 11943 11932 11941
f 11943 11934 11932
f 3129 12310 12311
f 3129 3127 12310
f 3121 3119 3118
f 3121 3129 3119
f 3110 3105 3123
f 3110 3104 3105
f 3118 12313 3123
f 3118 3119 12313
f 11935 12311 11933
f 11935 12312 12311
f 11953 12312 11952
f 11953 12313 12312
f 11948 11934 11947
f 11948 11935 11934
f 11949 11962 11948
f 11949 11963 11962
f 11964 11952 11962
f 11964 11954 11952
f 3101 3110 12315
f 3101 3100 3110
f 3102 12315 12322
f 3102 3101 12315
f 1773 3102 1772
f 1773 3103 3102
f 3087 1773 1771
f 3087 3103 1773
f 12324 1774 1772
f 12324 12325 1774
f 11953 12323 12322
f 11953 11954 12323
f 12324 11968 11969
f 12324 12323 11968
f 12316 2435 12320
f 12316 2433 2435
f 2419 2415 2435
f 2419 2414 2415
f 12321 2415 2416
f 12321 12320 2415
f 11977 11863 11978
f 11977 11862 11863
f 11977 12321 11983
f 11977 11978 12321
f 2416 1297 1298
f 2416 1302 1297
f 1300 12328 1298
f 1300 12329 12328
f 12329 11983 12328
f 12329 11984 11983
f 11987 12332 11988
f 11987 12331 12332
f 11984 11987 11982
f 11984 12331 11987
f 11943 11945 11947
f 11943 11940 11945
f 11946 11963 11949
f 11946 11959 11963
f 11964 11966 11968
f 11964 11961 11966
f 12326 1763 1774
f 12326 1764 1763
f 11967 11975 11969
f 11967 11974 11975
f 11975 12053 12058
f 11975 11974 12053
f 12060 12325 12058
f 12060 12326 12325
f 12061 12062 12066
f 12061 12057 12062
f 1755 1764 12327
f 1755 1754 1764
f 1756 12327 12334
f 1756 1755 12327
f 1018 12336 1021
f 1018 1022 12336
f 1022 1020 1756
f 1022 1018 1020
f 12060 12335 12334
f 12060 12061 12335
f 12336 12066 12067
f 12336 12335 12066
f 1226 1299 1225
f 1226 12330 1299
f 1300 12330 12333
f 1300 1299 12330
f 985 1023 983
f 985 1226 1023
f 970 12340 985
f 970 971 12340
f 11988 11996 11986
f 11988 12077 11996
f 12332 12073 12072
f 12332 12333 12073
f 12078 12072 12074
f 12078 12077 12072
f 12342 971 972
f 12342 12341 971
f 12073 12341 12074
f 12073 12340 12341
f 12083 12343 12084
f 12083 12342 12343
f 12081 12078 12083
f 12081 12076 12078
f 12082 12084 12086
f 12082 12081 12084
f 12088 12098 12087
f 12088 12099 12098
f 12091 12087 12098
f 12091 12085 12087
f 1021 1016 1015
f 1021 12338 1016
f 1015 1002 1001
f 1015 1016 1002
f 12143 12065 12130
f 12143 12067 12065
f 12145 12144 12146
f 12145 12143 12144
f 12345 12145 12146
f 12345 12338 12145
f 944 929 1002
f 944 928 929
f 945 12345 12346
f 945 944 12345
f 12147 12134 12137
f 12147 12144 12134
f 12347 12147 12148
f 12347 12346 12147
f 963 959 973
f 963 957 959
f 972 959 958
f 972 973 959
f 12344 960 12350
f 12344 958 960
f 12151 12343 12344
f 12151 12149 12343
f 769 960 768
f 769 12350 960
f 740 12351 769
f 740 741 12351
f 12086 12150 12088
f 12086 12149 12150
f 12156 12150 12152
f 12156 12155 12150
f 12154 12099 12155
f 12154 12097 12099
f 12353 741 742
f 12353 12352 741
f 12151 12352 12152
f 12151 12351 12352
f 12161 12354 12162
f 12161 12353 12354
f 12158 12156 12161
f 12158 12154 12156
f 12159 12162 12163
f 12159 12158 12162
f 12163 12357 12164
f 12163 12355 12357
f 12164 12160 12159
f 12164 12167 12160
f 12172 12358 12173
f 12172 12357 12358
f 12170 12167 12172
f 12170 12165 12167
f 12171 12173 12175
f 12171 12170 12173
f 12175 12361 12176
f 12175 12359 12361
f 12178 12176 12186
f 12178 12174 12176
f 12186 12362 12187
f 12186 12361 12362
f 12185 12187 12190
f 12185 12184 12187
f 12239 12244 12245
f 12239 12238 12244
f 920 928 946
f 920 919 928
f 945 12349 946
f 945 12347 12349
f 12349 934 935
f 12349 12348 934
f 12139 12148 12137
f 12139 12246 12148
f 12348 12240 12241
f 12348 12246 12240
f 595 594 934
f 595 591 594
f 595 12371 596
f 595 12370 12371
f 920 594 592
f 920 935 594
f 12245 12241 12239
f 12245 12370 12241
f 742 728 738
f 742 729 728
f 12356 738 739
f 12356 12354 738
f 717 739 728
f 717 718 739
f 723 12355 12356
f 723 722 12355
f 722 713 712
f 722 723 713
f 720 715 721
f 720 712 715
f 12360 720 721
f 12360 12358 720
f 331 718 332
f 331 713 718
f 708 329 327
f 708 715 329
f 711 12359 12360
f 711 710 12359
f 710 706 705
f 710 711 706
f 12363 707 12373
f 12363 705 707
f 12252 12362 12363
f 12252 12250 12362
f 314 708 315
f 314 706 708
f 311 707 310
f 311 12373 707
f 290 311 308
f 290 291 311
f 12192 12199 12189
f 12192 12254 12199
f 12190 12251 12192
f 12190 12250 12251
f 12364 12252 12375
f 12364 12251 12252
f 12253 12364 12259
f 12253 12254 12364
f 291 668 12375
f 291 289 668
f 286 668 285
f 286 12376 668
f 232 12377 286
f 232 233 12377
f 12377 12259 12376
f 12377 12260 12259
f 12365 12258 12261
f 12365 12263 12258
f 12262 12365 12268
f 12262 12263 12365
f 221 235 222
f 221 234 235
f 12377 234 12378
f 12377 233 234
f 223 12379 221
f 223 12380 12379
f 12261 12377 12378
f 12261 12260 12377
f 12380 12268 12379
f 12380 12269 12268
f 12366 12267 12270
f 12366 12271 12267
f 12226 12271 12272
f 12226 12224 12271
f 12382 12272 12366
f 12382 12275 12272
f 154 162 155
f 154 161 162
f 12380 161 12381
f 12380 160 161
f 156 12382 154
f 156 12383 12382
f 12270 12380 12381
f 12270 12269 12380
f 12369 598 599
f 12369 12368 598
f 12233 12243 12230
f 12233 12276 12243
f 12368 12275 12384
f 12368 12274 12275
f 12233 12274 12276
f 12233 12232 12274
f 12278 12243 12277
f 12278 12244 12243
f 12372 12277 12369
f 12372 12278 12277
f 130 137 132
f 130 136 137
f 12383 136 12384
f 12383 135 136
f 131 598 130
f 131 599 598
f 131 116 589
f 131 114 116
f 597 12371 12372
f 597 596 12371
f 589 588 597
f 589 586 588
f 235 190 222
f 235 191 190
f 150 163 224
f 150 147 163
f 163 223 224
f 163 160 223
f 162 143 155
f 162 144 143
f 128 138 157
f 128 125 138
f 138 156 157
f 138 135 156
f 137 121 132
f 137 122 121

