{
	"class_name" : "PinholeCameraParameters",
	"extrinsic" : 
	[
		1.0,
		-0.0,
		-0.0,
		0.0,
		0.0,
		-1.0,
		-0.0,
		0.0,
		0.0,
		-0.0,
		-1.0,
		0.0,
		-0.024096488952636719,
		0.040168166160583496,
		3.2531756027842706,
		1.0
	],
	"intrinsic" : 
	{
		"height" : 1459,
		"intrinsic_matrix" : 
		[
			1263.531064121496,
			0.0,
			0.0,
			0.0,
			1263.531064121496,
			0.0,
			1279.5,
			729.0,
			1.0
		],
		"width" : 2560
	},
	"version_major" : 1,
	"version_minor" : 0
}