{
	"class_name" : "PinholeCameraParameters",
	"extrinsic" : 
	[
		0.85202655002108352,
		0.25989387945206244,
		-0.45442923484578651,
		0.0,
		0.51372522110194918,
		-0.24814384369846298,
		0.82128620470473412,
		0.0,
		0.10068344085758905,
		-0.93320941072082519,
		-0.34493918373992644,
		0.0,
		-0.0083781669646859156,
		0.0059371989085646448,
		0.23221495398582065,
		1.0
	],
	"intrinsic" : 
	{
		"height" : 1459,
		"intrinsic_matrix" : 
		[
			1263.531064121496,
			0.0,
			0.0,
			0.0,
			1263.531064121496,
			0.0,
			1279.5,
			729.0,
			1.0
		],
		"width" : 2560
	},
	"version_major" : 1,
	"version_minor" : 0
}