# https://github.com/mikedh/trimesh
v -0.12695254 -0.20460302 -0.44007999
v -0.09379949 -0.22172390 -0.43794698
v -0.09566941 -0.19084784 -0.45379987
v -0.12273546 -0.20502725 -0.44093096
v -0.09561868 -0.21831235 -0.43988785
v -0.09152575 -0.19158027 -0.45416325
v -0.09161875 -0.21831053 -0.44059786
v -0.06922659 -0.20938656 -0.44965291
v -0.03128223 -0.24951227 -0.42452389
v -0.03126464 -0.22911909 -0.44160020
v -0.00170899 -0.23472705 -0.43699080
v -0.03507653 -0.19471213 -0.45569065
v -0.05558197 -0.20961156 -0.45010084
v -0.03679231 -0.21829021 -0.44726664
v -0.02784938 -0.19381958 -0.45524034
v -0.02628021 -0.21828252 -0.44614041
v -0.00075936 -0.23312442 -0.43764731
v -0.00592752 -0.20858246 -0.44806477
v -0.00000742 -0.23432702 -0.43704265
v 0.00118326 -0.23446965 -0.43673369
v 0.03123346 -0.24947792 -0.42073756
v 0.03126096 -0.21971828 -0.43687928
v 0.00057807 -0.23329096 -0.43730897
v 0.00502284 -0.20763119 -0.44617689
v 0.03053008 -0.21822777 -0.43760023
v 0.03191613 -0.21822628 -0.43744126
v 0.06123144 -0.20389085 -0.43874606
v 0.06372678 -0.20377573 -0.43851858
v -0.18756883 -0.14027403 -0.43644208
v -0.13364628 -0.19842079 -0.44059792
v -0.15632065 -0.18710473 -0.43759674
v -0.15630454 -0.16980211 -0.44332078
v -0.14303637 -0.18046880 -0.44532353
v -0.18750539 -0.14028853 -0.43647102
v -0.16060224 -0.15586762 -0.44498241
v -0.15061647 -0.15586407 -0.44770449
v -0.13268572 -0.16382855 -0.45163929
v -0.13391742 -0.14912604 -0.45413548
v -0.09868242 -0.18707737 -0.45437029
v -0.12505460 -0.19972289 -0.44226956
v -0.12504470 -0.17862612 -0.45063531
v -0.09377842 -0.18707432 -0.45502061
v -0.09769543 -0.17923900 -0.45584613
v -0.08883658 -0.17721069 -0.45685440
v -0.08609025 -0.18707013 -0.45575184
v -0.10182834 -0.14074624 -0.46003878
v -0.11559731 -0.16204095 -0.45518714
v -0.11444032 -0.15079883 -0.45749074
v -0.10474847 -0.15584043 -0.45829776
v -0.08443352 -0.14319803 -0.46125782
v -0.08179186 -0.15582652 -0.46022862
v -0.07455224 -0.15939036 -0.46041811
v -0.07489395 -0.15259902 -0.46111220
v -0.04286343 -0.18705073 -0.45768470
v -0.06250902 -0.19342694 -0.45477045
v -0.06250270 -0.18244767 -0.45829892
v -0.03123480 -0.18704432 -0.45752022
v -0.04026336 -0.16898426 -0.46092194
v -0.02218111 -0.16895899 -0.46091041
v -0.02123290 -0.18703480 -0.45685020
v -0.04315657 -0.14841893 -0.46384621
v -0.04924930 -0.15819570 -0.46274579
v -0.04899656 -0.15365946 -0.46325123
v -0.04465910 -0.15579964 -0.46314591
v -0.01926616 -0.14840801 -0.46382773
v -0.01777287 -0.15577827 -0.46312591
v -0.01302216 -0.15833361 -0.46238109
v -0.01350658 -0.15370283 -0.46335858
v 0.00002936 -0.19466372 -0.45213759
v 0.00004027 -0.18133214 -0.45609760
v 0.02518931 -0.19003886 -0.44874880
v 0.03127237 -0.20882902 -0.44084650
v 0.04775942 -0.19520628 -0.44354630
v 0.02735241 -0.18501508 -0.44983232
v 0.03129591 -0.18698376 -0.44836286
v 0.03129866 -0.18288350 -0.44975334
v 0.03817581 -0.18354192 -0.44836178
v 0.02111923 -0.14489278 -0.46205992
v 0.01208207 -0.15935411 -0.46028477
v 0.01272422 -0.15279821 -0.46156874
v 0.01940742 -0.15575114 -0.46003237
v 0.03909458 -0.14002746 -0.45962560
v 0.04111874 -0.15573016 -0.45581943
v 0.05515366 -0.16393653 -0.45101231
v 0.05323620 -0.14943194 -0.45487964
v 0.06253825 -0.20074557 -0.43982309
v 0.06255994 -0.17673442 -0.44696224
v 0.06888209 -0.19941181 -0.43931064
v 0.07822881 -0.17916198 -0.44399449
v 0.09381152 -0.18694572 -0.43958354
v 0.09382101 -0.17180440 -0.44421625
v 0.11902504 -0.17433521 -0.43918246
v 0.08958635 -0.13296923 -0.45608318
v 0.06929429 -0.16460748 -0.44963944
v 0.07123899 -0.14874487 -0.45352542
v 0.08688229 -0.15569969 -0.45007664
v 0.09758402 -0.13191447 -0.45555207
v 0.10010402 -0.15569362 -0.44871810
v 0.12302899 -0.16925250 -0.44026878
v 0.11869428 -0.14646176 -0.44897377
v 0.12508211 -0.17257413 -0.43869281
v 0.12806579 -0.17279685 -0.43764836
v 0.12671661 -0.16967346 -0.43942288
v 0.13054055 -0.14550214 -0.44705588
v -0.18761095 -0.14021629 -0.43642655
v -0.21879992 -0.12463074 -0.42249289
v -0.19055828 -0.11052032 -0.43792206
v -0.18877538 -0.10773977 -0.43892190
v -0.18931887 -0.07957647 -0.44007784
v -0.18754432 -0.14021744 -0.43645746
v -0.18751797 -0.11047046 -0.43934125
v -0.16535434 -0.12916289 -0.44746572
v -0.15626384 -0.12470478 -0.45195988
v -0.15622757 -0.12463912 -0.45198366
v -0.15651566 -0.12449514 -0.45187607
v -0.15626377 -0.12462102 -0.45197445
v -0.15626372 -0.12457798 -0.45198032
v -0.15623398 -0.12460613 -0.45198694
v -0.18565917 -0.10714439 -0.44010904
v -0.18483809 -0.08039031 -0.44170433
v -0.16314393 -0.09336506 -0.45021659
v -0.14723325 -0.09336132 -0.45437706
v -0.13532916 -0.09863301 -0.45708114
v -0.13542466 -0.08819164 -0.45730099
v -0.10994932 -0.12459917 -0.46008059
v -0.12500538 -0.12963223 -0.45755708
v -0.12499660 -0.12022720 -0.45885330
v -0.09373452 -0.12458819 -0.46165973
v -0.10296634 -0.10611517 -0.46122932
v -0.08296666 -0.10309465 -0.46272349
v -0.07093266 -0.12457053 -0.46334675
v -0.10344243 -0.08157875 -0.46174490
v -0.11285870 -0.09686642 -0.46060240
v -0.11276832 -0.08992633 -0.46077237
v -0.10617364 -0.09335309 -0.46129173
v -0.08251455 -0.08444639 -0.46317339
v -0.08031376 -0.09333306 -0.46313515
v -0.07591818 -0.09548759 -0.46329182
v -0.07599945 -0.09125832 -0.46346486
v -0.05569012 -0.12455965 -0.46417880
v -0.06246873 -0.12650982 -0.46367759
v -0.06246540 -0.12275635 -0.46395573
v -0.03120086 -0.12453989 -0.46577674
v -0.01630104 -0.09479677 -0.46832034
v -0.04542966 -0.09607190 -0.46620360
v -0.00206082 -0.12451909 -0.46645868
v -0.02792588 -0.09329662 -0.46757644
v -0.04568066 -0.09105236 -0.46646351
v -0.04749788 -0.09399466 -0.46621802
v -0.04746706 -0.09265234 -0.46627864
v -0.04617584 -0.09330774 -0.46632040
v -0.01593601 -0.09328922 -0.46834761
v -0.00827401 -0.10783467 -0.46754527
v -0.01513180 -0.09370270 -0.46839467
v -0.01512986 -0.09287335 -0.46839821
v -0.01629954 -0.09178098 -0.46832326
v 0.00244656 -0.12451559 -0.46632874
v 0.01034804 -0.10398866 -0.46753132
v 0.00006586 -0.12506282 -0.46642882
v 0.00006647 -0.12402996 -0.46654505
v 0.01546754 -0.09351668 -0.46803868
v 0.03133132 -0.12449366 -0.46426904
v 0.01614830 -0.09412524 -0.46796614
v 0.04634418 -0.09451244 -0.46686846
v 0.05068757 -0.12447438 -0.46153271
v 0.01546696 -0.09301449 -0.46804082
v 0.00010816 -0.06293059 -0.46935919
v 0.03143580 -0.09325071 -0.46752200
v 0.01598084 -0.09326562 -0.46806124
v 0.01634708 -0.09201118 -0.46816456
v 0.04656953 -0.09240737 -0.46709338
v 0.04913629 -0.08893947 -0.46750793
v 0.04672894 -0.09323611 -0.46699813
v 0.04728774 -0.09353990 -0.46689799
v 0.04722872 -0.09299099 -0.46701732
v 0.08061462 -0.12445609 -0.45845228
v 0.06258805 -0.12900969 -0.45838100
v 0.06259422 -0.12098419 -0.46051043
v 0.09385343 -0.12444943 -0.45767185
v 0.08272928 -0.10218035 -0.46298695
v 0.10173444 -0.10872197 -0.45969266
v 0.10324921 -0.12444667 -0.45651495
v 0.06264114 -0.06355725 -0.47065940
v 0.07193016 -0.08056755 -0.46749347
v 0.07999305 -0.08973964 -0.46574283
v 0.07702783 -0.09443788 -0.46503711
v 0.07725661 -0.09222240 -0.46549249
v 0.07944963 -0.09321550 -0.46508250
v 0.10584828 -0.08586857 -0.46379507
v 0.10686672 -0.09320375 -0.46217152
v 0.11296425 -0.09665655 -0.46054140
v 0.11232668 -0.09039032 -0.46183190
v 0.12510633 -0.13245445 -0.45139641
v 0.12511881 -0.11817476 -0.45489982
v 0.14747527 -0.12887448 -0.44735646
v 0.15006489 -0.12128457 -0.44865066
v 0.15636086 -0.12443224 -0.44631857
v 0.15637054 -0.11701767 -0.44809055
v 0.17333442 -0.11594907 -0.44331408
v 0.15166326 -0.07146945 -0.45657608
v 0.13514465 -0.09881298 -0.45620197
v 0.13604660 -0.08846846 -0.45798570
v 0.14716145 -0.09319169 -0.45465475
v 0.15975702 -0.06860498 -0.45514110
v 0.16376749 -0.09318937 -0.45091683
v 0.18466663 -0.10584702 -0.44209602
v 0.18201151 -0.08321620 -0.44747752
v 0.18762243 -0.11078770 -0.44013295
v 0.19205229 -0.11102203 -0.43838865
v 0.18972541 -0.10671076 -0.44036829
v 0.19193462 -0.08183192 -0.44470966
v -0.19205156 -0.07546116 -0.43870038
v -0.21873268 -0.06212946 -0.42443228
v -0.19165796 -0.04859690 -0.43853641
v -0.18897843 -0.04497077 -0.43948534
v -0.18838266 -0.01620451 -0.43837151
v -0.18748251 -0.07562086 -0.44065708
v -0.18745621 -0.04844318 -0.44033211
v -0.16291536 -0.06546521 -0.44868276
v -0.15620489 -0.06416211 -0.45100793
v -0.15479766 -0.06281358 -0.45133096
v -0.16343695 -0.05849646 -0.44842416
v -0.15620315 -0.06211106 -0.45090327
v -0.15620117 -0.05973050 -0.45084575
v -0.15471113 -0.06136539 -0.45128867
v -0.18531792 -0.04435847 -0.44070637
v -0.18606448 -0.01660874 -0.43918100
v -0.16190371 -0.03086157 -0.44787836
v -0.14916736 -0.03085638 -0.45044655
v -0.13387047 -0.03753112 -0.45430595
v -0.13368621 -0.02399492 -0.45396018
v -0.10940173 -0.06210047 -0.45987886
v -0.12494484 -0.06702462 -0.45780724
v -0.12493767 -0.05697047 -0.45738804
v -0.09368189 -0.06209411 -0.46218234
v -0.10254409 -0.04434138 -0.46090412
v -0.08108091 -0.03693736 -0.46459377
v -0.06855547 -0.06207901 -0.46455786
v -0.10316786 -0.01862847 -0.46155238
v -0.11355826 -0.03511607 -0.45911750
v -0.11369705 -0.02643102 -0.45883387
v -0.10567139 -0.03084419 -0.46043569
v -0.05155356 -0.03081525 -0.46762934
v -0.08067856 -0.02552150 -0.46499151
v -0.06407455 -0.00295683 -0.46763581
v -0.07939269 -0.03083360 -0.46491021
v -0.07675835 -0.03209820 -0.46511316
v -0.07681209 -0.02962128 -0.46522275
v -0.05794644 -0.06207255 -0.46538675
v -0.04914741 -0.03557407 -0.46762586
v -0.06241651 -0.06341781 -0.46493694
v -0.06241473 -0.06080101 -0.46507555
v -0.04697458 -0.03102310 -0.46804839
v -0.03115460 -0.06205492 -0.46756047
v -0.04631149 -0.03171642 -0.46807796
v -0.01808494 -0.03595712 -0.47017977
v -0.00305255 -0.06204028 -0.46915740
v -0.04698598 -0.03058926 -0.46807188
v -0.06237783 0.00028380 -0.46793538
v -0.04652479 -0.03081175 -0.46810290
v -0.04619684 -0.02968004 -0.46819159
v -0.01695708 -0.03079511 -0.47051328
v -0.01389795 -0.03239510 -0.47079998
v -0.01376768 -0.02906391 -0.47105572
v -0.01861490 -0.02456035 -0.47071964
v 0.00010971 -0.06108547 -0.46948081
v 0.00430022 -0.06203512 -0.46966457
v 0.01339849 -0.03314240 -0.47229925
v 0.03137582 -0.06201319 -0.47075537
v 0.02042002 -0.04009137 -0.47222021
v 0.04164951 -0.04150066 -0.47291225
v 0.05619868 -0.06199002 -0.47073910
v 0.01322464 -0.02823686 -0.47265503
v 0.00014980 -0.00265037 -0.47382903
v 0.01852508 -0.03077456 -0.47308245
v 0.02294629 -0.01643733 -0.47473186
v 0.04376603 -0.03075274 -0.47407582
v 0.05027834 -0.03399161 -0.47402352
v 0.05057272 -0.02721295 -0.47460306
v 0.03905924 -0.01478654 -0.47553447
v 0.06264406 -0.06018905 -0.47110432
v 0.06854253 -0.06198104 -0.47045669
v 0.07512631 -0.03390604 -0.47386429
v 0.09391020 -0.06196903 -0.46931374
v 0.08319570 -0.04052327 -0.47240627
v 0.10598792 -0.03787372 -0.47106820
v 0.12005359 -0.06195762 -0.46490625
v 0.07484701 -0.02727578 -0.47443503
v 0.06268973 -0.00390878 -0.47637659
v 0.08134184 -0.03073032 -0.47359025
v 0.08417838 -0.01900921 -0.47337854
v 0.10745142 -0.03072249 -0.47173217
v 0.11807677 -0.04774859 -0.46747541
v 0.11137837 -0.03252967 -0.47110704
v 0.11142257 -0.02887363 -0.47119048
v 0.12736765 -0.03071990 -0.46747985
v 0.10519117 -0.02195295 -0.47188562
v 0.13843381 -0.06195291 -0.46082485
v 0.12517107 -0.06387489 -0.46362039
v 0.12517467 -0.06031256 -0.46417364
v 0.15643507 -0.06194978 -0.45683989
v 0.14708513 -0.04322734 -0.46119988
v 0.16103631 -0.05277374 -0.45641112
v 0.16329142 -0.06194933 -0.45524231
v 0.12523738 -0.00023366 -0.46900585
v 0.13043579 -0.00988747 -0.46748769
v 0.14502929 -0.02235549 -0.46328849
v 0.13932903 -0.03222280 -0.46445778
v 0.13946488 -0.02934545 -0.46472484
v 0.14272781 -0.03071716 -0.46368682
v 0.16323569 -0.01296802 -0.45859122
v 0.16692029 -0.03071217 -0.45710546
v 0.17933334 -0.03794869 -0.45296818
v 0.17927641 -0.02354823 -0.45312446
v 0.18767980 -0.07178165 -0.44775161
v 0.18770462 -0.05318471 -0.44990319
v 0.20181876 -0.07050263 -0.44324923
v 0.20406410 -0.05450565 -0.44436842
v 0.21894747 -0.06194983 -0.43717867
v 0.21899076 -0.03478569 -0.43823788
v 0.19384833 -0.04020750 -0.44844326
v 0.19394171 -0.02128581 -0.44859636
v 0.21773434 -0.03071950 -0.43872899
v 0.21987188 -0.03072019 -0.43795708
v -0.18962739 -0.01414722 -0.43756098
v -0.21866398 0.00036589 -0.42258939
v -0.18769504 0.01585697 -0.43661693
v -0.18750623 0.01610987 -0.43668103
v -0.18742487 -0.01419377 -0.43856719
v -0.18740073 0.01586378 -0.43675059
v -0.17675394 -0.00991046 -0.44178760
v -0.15615939 -0.00716261 -0.44829074
v -0.15088595 -0.00223994 -0.44943270
v -0.18549472 0.01505205 -0.43742147
v -0.15615413 0.00039289 -0.44785205
v -0.15614882 0.00934955 -0.44759560
v -0.15079556 0.00307258 -0.44939035
v -0.18723902 0.01616585 -0.43679273
v -0.16060799 0.03164604 -0.44538504
v -0.14959534 0.03164883 -0.44952932
v -0.13399991 0.02513615 -0.45465440
v -0.13373819 0.03842476 -0.45414206
v -0.11036143 0.00040492 -0.46040332
v -0.12490129 -0.00503349 -0.45680434
v -0.12489587 0.00590848 -0.45666602
v -0.09363868 0.00041230 -0.46442616
v -0.06288134 0.00043386 -0.46788672
v -0.10408396 0.02131296 -0.46248817
v -0.07820860 0.03125225 -0.46742392
v -0.10336278 0.04344685 -0.46177125
v -0.11295641 0.02796482 -0.46027333
v -0.11314683 0.03555423 -0.45988792
v -0.10626479 0.03166474 -0.46168050
v -0.07238342 0.02045728 -0.46763736
v -0.07539311 0.03168477 -0.46763673
v -0.07825513 0.03220719 -0.46737701
v -0.07809682 0.03168298 -0.46743169
v -0.07790349 0.03159340 -0.46745962
v -0.07790349 0.03177263 -0.46745974
v -0.06237764 0.00060281 -0.46797162
v -0.06160791 0.00043473 -0.46801889
v -0.04772078 0.03071650 -0.46958646
v -0.03111781 0.00045251 -0.47079918
v -0.04462597 0.02748602 -0.46972165
v -0.01967911 0.02331577 -0.47179788
v -0.01026770 0.00046468 -0.47280490
v -0.04770952 0.03267952 -0.46956423
v -0.04565153 0.03170493 -0.46977472
v -0.05701053 0.05226221 -0.46761227
v -0.04473507 0.03570125 -0.46960455
v -0.01780426 0.03172190 -0.47225219
v -0.01290072 0.02915319 -0.47273010
v -0.01303065 0.03416542 -0.47246271
v -0.01948331 0.03974608 -0.47159725
v 0.00015323 0.00377096 -0.47418547
v 0.01644691 0.00048315 -0.47571754
v 0.01214730 0.02809051 -0.47486737
v 0.03142317 0.00049301 -0.47679794
v 0.02444374 0.01445489 -0.47620958
v 0.03800453 0.01363788 -0.47661105
v 0.04439626 0.00050109 -0.47669587
v 0.01232246 0.03521822 -0.47451708
v 0.00017608 0.06182913 -0.46988225
v 0.01989488 0.03174538 -0.47574699
v 0.02235661 0.04483917 -0.47409403
v 0.04264837 0.03175758 -0.47639394
v 0.05148738 0.02735164 -0.47635981
v 0.05128979 0.03596779 -0.47594979
v 0.04012283 0.04567233 -0.47449088
v 0.06269705 0.00499531 -0.47650149
v 0.07691091 0.00051490 -0.47463113
v 0.07524662 0.02866171 -0.47372830
v 0.09396537 0.00051894 -0.47311845
v 0.08365268 0.02116142 -0.47281915
v 0.10711747 0.02675502 -0.47000974
v 0.12121676 0.00052057 -0.46950865
v 0.07540996 0.03471036 -0.47340780
v 0.06273662 0.06060608 -0.47232878
v 0.08096416 0.03176641 -0.47273064
v 0.08287151 0.04077655 -0.47201675
v 0.10854503 0.03176423 -0.46966845
v 0.11061101 0.03078080 -0.46946955
v 0.11055610 0.03269036 -0.46935576
v 0.12193647 0.03176295 -0.46750170
v 0.10758492 0.03585391 -0.46954712
v 0.11462441 0.04173516 -0.46750057
v 0.12523878 0.00129203 -0.46903944
v 0.12740378 0.00052064 -0.46857852
v 0.13047016 0.01096111 -0.46749780
v 0.15649636 0.00052218 -0.46090162
v 0.14505646 0.02342774 -0.46332461
v 0.16351530 0.01452279 -0.45886058
v 0.16754797 0.00052295 -0.45737141
v 0.14805096 0.04604319 -0.46035635
v 0.13951124 0.03038307 -0.46474048
v 0.13932595 0.03332819 -0.46436599
v 0.14284441 0.03176238 -0.46359760
v 0.16060230 0.05488550 -0.45593154
v 0.16706604 0.03176244 -0.45731887
v 0.17926724 0.02465468 -0.45326442
v 0.18003249 0.03962221 -0.45177388
v 0.18775530 -0.00792395 -0.45055926
v 0.18777236 0.00917473 -0.45017147
v 0.20327739 -0.00734326 -0.44397080
v 0.21900056 -0.02708283 -0.43802702
v 0.20288898 0.00859113 -0.44378072
v 0.21903390 0.00051671 -0.43559802
v 0.19327456 0.02162878 -0.44720882
v 0.19262636 0.04255981 -0.44589561
v -0.15613505 0.05073820 -0.44598913
v -0.14801428 0.05884494 -0.44800445
v -0.15613273 0.06290139 -0.44526726
v -0.15612867 0.08037334 -0.44333184
v -0.14715393 0.06739406 -0.44757372
v -0.15819573 0.09416270 -0.44057488
v -0.15309799 0.09416449 -0.44248700
v -0.13160077 0.08526818 -0.44986665
v -0.13029738 0.10437350 -0.44725990
v -0.10773802 0.06292283 -0.45909154
v -0.12488019 0.05666972 -0.45518672
v -0.12487783 0.06968307 -0.45413524
v -0.09361920 0.06293195 -0.46283746
v -0.10057496 0.07684352 -0.45897380
v -0.08351979 0.08313271 -0.46209687
v -0.06513993 0.06295153 -0.46622354
v -0.09547052 0.12173203 -0.45384341
v -0.11612123 0.08730797 -0.45391193
v -0.11747903 0.10241770 -0.45117709
v -0.10330871 0.09418473 -0.45576930
v -0.08994262 0.11810866 -0.45565414
v -0.08130106 0.09419569 -0.46099350
v -0.07529768 0.09151104 -0.46223989
v -0.07475739 0.09742594 -0.46115917
v -0.06038292 0.06295446 -0.46662462
v -0.06235535 0.06245310 -0.46661294
v -0.06235490 0.06351177 -0.46649489
v -0.03109442 0.06297572 -0.46854424
v -0.00391725 0.06299323 -0.46959782
v -0.04453984 0.08986147 -0.46540019
v -0.01675227 0.09163710 -0.46624929
v -0.04279657 0.10206091 -0.46365222
v -0.04800242 0.09293855 -0.46502075
v -0.04829280 0.09579179 -0.46443775
v -0.04534019 0.09422118 -0.46482107
v -0.00911411 0.08156972 -0.46754760
v -0.01791766 0.09916827 -0.46508038
v -0.01625426 0.09423745 -0.46594152
v -0.01471995 0.09350780 -0.46608630
v -0.01458104 0.09510618 -0.46580905
v 0.00017710 0.06411128 -0.46977857
v 0.00545896 0.06299879 -0.47018367
v 0.01295708 0.08852680 -0.46752462
v 0.03145591 0.06300745 -0.47200829
v 0.04613480 0.09231415 -0.46847624
v 0.05385243 0.06301333 -0.47195411
v 0.01620913 0.09348356 -0.46713445
v 0.02856932 0.09425497 -0.46751279
v 0.01669007 0.09598227 -0.46665335
v 0.01557591 0.09400553 -0.46702379
v 0.01552738 0.09454999 -0.46692613
v 0.01608448 0.09425356 -0.46699896
v 0.04670904 0.09425674 -0.46830013
v 0.04751952 0.09384558 -0.46832585
v 0.04746520 0.09461372 -0.46821713
v 0.06045829 0.09425588 -0.46749890
v 0.04655194 0.09536721 -0.46805829
v 0.04884754 0.09773111 -0.46750170
v 0.06273930 0.06518910 -0.47186181
v 0.07028247 0.06301339 -0.47127637
v 0.07552222 0.08852790 -0.46749628
v 0.09401476 0.06301123 -0.46917051
v 0.07924168 0.09255457 -0.46664304
v 0.10601400 0.08695271 -0.46384051
v 0.11884665 0.06300427 -0.46428120
v 0.08066507 0.09879285 -0.46522138
v 0.07792703 0.09379061 -0.46656501
v 0.07782374 0.09482205 -0.46635762
v 0.07895161 0.09425454 -0.46637389
v 0.10226834 0.10904812 -0.46008307
v 0.10710140 0.09424806 -0.46235210
v 0.11246297 0.09145432 -0.46190131
v 0.11340703 0.09797715 -0.46002319
v 0.14211567 0.06300063 -0.45908552
v 0.12527834 0.06091419 -0.46331760
v 0.12528197 0.06544222 -0.46261448
v 0.15654908 0.06299862 -0.45584562
v 0.15300527 0.07009108 -0.45542124
v 0.15898657 0.06786057 -0.45430794
v 0.16154841 0.06299770 -0.45437428
v 0.13545176 0.08875965 -0.45653212
v 0.13410020 0.10107755 -0.45380938
v 0.14909819 0.09423725 -0.45119378
v 0.16227940 0.09423503 -0.44766742
v 0.18566252 0.08077911 -0.44059974
v 0.18781151 0.05282626 -0.44715422
v 0.18782291 0.07639648 -0.44071954
v 0.19764668 0.05229303 -0.44117719
v 0.19171321 0.07667404 -0.43822214
v 0.21908583 0.06299306 -0.42264318
v 0.18921895 0.08000989 -0.43906376
v -0.15612458 0.10175157 -0.44022036
v -0.13784149 0.11629154 -0.44288725
v -0.15611833 0.12542795 -0.43581462
v -0.13361657 0.13668744 -0.44075444
v -0.12762822 0.14383969 -0.44190449
v -0.09619386 0.12544651 -0.45327458
v -0.12486911 0.11566186 -0.44809896
v -0.12486036 0.13720405 -0.44409716
v -0.09361266 0.12544745 -0.45405364
v -0.09491275 0.12804689 -0.45328009
v -0.09191918 0.12883545 -0.45367000
v -0.08744562 0.12545070 -0.45506006
v -0.12097526 0.14495885 -0.44413087
v -0.09874813 0.15670216 -0.44660038
v -0.08741783 0.15670499 -0.44869727
v -0.07069167 0.14941755 -0.45297807
v -0.06858238 0.16610523 -0.44874787
v -0.04693161 0.12546711 -0.45985997
v -0.06235185 0.12162866 -0.45992064
v -0.06235240 0.13017835 -0.45814097
v -0.03107874 0.12547253 -0.46099442
v -0.03710733 0.13751844 -0.45793897
v -0.02424627 0.13912156 -0.45872682
v -0.01389332 0.12548244 -0.46048844
v -0.05319921 0.15023229 -0.45458269
v -0.05531117 0.16530585 -0.45034325
v -0.03977023 0.15671673 -0.45365161
v -0.02157190 0.15672134 -0.45524454
v -0.01016585 0.15146506 -0.45698518
v -0.00830197 0.16383764 -0.45326313
v 0.01389137 0.12549327 -0.46066284
v 0.00019548 0.12229080 -0.46111834
v 0.00019987 0.12929733 -0.45988899
v 0.03147481 0.12549821 -0.46130478
v 0.02464820 0.13914576 -0.45869190
v 0.03771765 0.13795426 -0.45809162
v 0.05008426 0.12549700 -0.46116194
v 0.01041064 0.15129286 -0.45661783
v 0.00854096 0.16403580 -0.45286140
v 0.02221154 0.15673007 -0.45478016
v 0.04017646 0.15673359 -0.45357460
v 0.05365657 0.15021357 -0.45443028
v 0.05699928 0.16658680 -0.44776392
v 0.07848218 0.12549657 -0.45962888
v 0.06275141 0.12263463 -0.46176419
v 0.06275539 0.12931499 -0.45984632
v 0.09404121 0.12549548 -0.45818704
v 0.08970162 0.13416785 -0.45619005
v 0.09745506 0.13230942 -0.45526192
v 0.10235496 0.12549330 -0.45600864
v 0.07130061 0.14963661 -0.45327425
v 0.06802211 0.16712296 -0.44669098
v 0.08788334 0.15673870 -0.44854516
v 0.09907134 0.15673891 -0.44625324
v 0.12208285 0.14435032 -0.44271514
v 0.12532036 0.11781929 -0.45215124
v 0.12532541 0.13714883 -0.44415659
v 0.14361838 0.11899747 -0.44538951
v 0.15658133 0.10990468 -0.44409472
v 0.13519925 0.13617092 -0.44117516
v 0.15658729 0.12547442 -0.43685955
v 0.12770244 0.14348097 -0.44098309
v -0.09360784 0.17050344 -0.44320786
v -0.07623167 0.17927346 -0.44322276
v -0.09360120 0.18795449 -0.43635058
v -0.06528812 0.20211084 -0.43772632
v -0.06293391 0.20417933 -0.43743771
v -0.06234744 0.17757133 -0.44674233
v -0.06233955 0.20262209 -0.43817523
v -0.04090735 0.18304960 -0.44695750
v -0.03106623 0.18075730 -0.44826263
v -0.02231329 0.18359959 -0.44748965
v -0.05542377 0.20013174 -0.43970075
v -0.03106178 0.18796739 -0.44599479
v -0.00686649 0.20005505 -0.43975669
v -0.06164474 0.20427899 -0.43763468
v -0.00055699 0.20439099 -0.43778330
v 0.00022395 0.17859650 -0.44872195
v 0.00023237 0.20249876 -0.43841088
v 0.01912259 0.18179031 -0.44565350
v 0.03150464 0.17741977 -0.44655716
v 0.04779682 0.17984411 -0.44369593
v 0.00486413 0.20128812 -0.43851876
v 0.03151192 0.18797782 -0.44209367
v 0.00095757 0.20432560 -0.43765202
v 0.06278230 0.17600307 -0.44350114
v 0.07252172 0.17722315 -0.44107792
v 0.09405216 0.16825414 -0.44197941
v 0.09406006 0.18797857 -0.43028098
v -0.09792751 -0.25774360 -0.39340961
v -0.08867268 -0.25983292 -0.39444757
v -0.06752653 -0.25946134 -0.40490329
v -0.06889360 -0.27147025 -0.38629925
v -0.03131047 -0.28413004 -0.37530905
v -0.06254873 -0.25422195 -0.41429752
v -0.03478998 -0.25126460 -0.42226720
v -0.05603253 -0.26255989 -0.40489098
v -0.03400744 -0.25494507 -0.41779244
v -0.04114160 -0.26917535 -0.39908850
v -0.05457974 -0.27311987 -0.38960463
v -0.03489857 -0.28074333 -0.38079381
v -0.02825379 -0.25557303 -0.41747230
v -0.02098140 -0.27012792 -0.39955485
v -0.00841784 -0.26624405 -0.40485916
v -0.02733433 -0.28073978 -0.38155916
v -0.01011345 -0.27517754 -0.39373648
v -0.03128479 -0.25204185 -0.42177778
v 0.03121025 -0.28550589 -0.37597477
v -0.02765929 -0.25131953 -0.42232159
v -0.00002711 -0.25552562 -0.41693434
v -0.00000864 -0.23540001 -0.43613783
v 0.03090645 -0.24964145 -0.42064810
v 0.00773783 -0.26502550 -0.40484983
v 0.03097762 -0.24998862 -0.42022893
v 0.02129338 -0.26932561 -0.39914024
v 0.00945814 -0.27460194 -0.39258748
v 0.02629147 -0.28071970 -0.38342255
v 0.03144521 -0.24990205 -0.42027208
v 0.04044844 -0.26792449 -0.39844039
v 0.05754787 -0.25932536 -0.40483847
v 0.03552126 -0.28071553 -0.38219881
v 0.05444559 -0.27311188 -0.38963050
v 0.03123323 -0.24967173 -0.42058140
v 0.03148221 -0.24960220 -0.42060891
v 0.06248698 -0.25277182 -0.41146687
v 0.06655022 -0.25759396 -0.40483820
v 0.08843060 -0.26005554 -0.39451081
v 0.06944725 -0.27205247 -0.38752484
v 0.09794869 -0.25786516 -0.39341867
v 0.12426467 -0.26576719 -0.37501958
v 0.12549713 -0.26556244 -0.37461239
v -0.22087023 -0.19110316 -0.39152068
v -0.17743546 -0.21834873 -0.40507987
v -0.21488933 -0.19508301 -0.39350280
v -0.19497113 -0.20182516 -0.40511677
v -0.19714892 -0.21225619 -0.39290744
v -0.17348771 -0.22134914 -0.40507129
v -0.17314762 -0.21951160 -0.40740138
v -0.17035307 -0.22160479 -0.40669721
v -0.14632885 -0.22954883 -0.41063988
v -0.16848749 -0.22533330 -0.40156183
v -0.14980246 -0.23647955 -0.39594081
v -0.15636478 -0.24956590 -0.36323741
v -0.15635788 -0.24041204 -0.38481355
v -0.14639287 -0.24458997 -0.38439959
v -0.17417651 -0.21615283 -0.40946838
v -0.18759598 -0.19348386 -0.41786215
v -0.17052025 -0.19419792 -0.42781293
v -0.16921730 -0.21834564 -0.41059387
v -0.17938691 -0.22573426 -0.39029312
v -0.14864910 -0.21833438 -0.42092332
v -0.13046554 -0.23880267 -0.40499127
v -0.13283622 -0.22619218 -0.42075834
v -0.13320136 -0.20677829 -0.43629491
v -0.15633309 -0.20340717 -0.42885107
v -0.11284519 -0.24955010 -0.39883977
v -0.12120694 -0.24181044 -0.40497637
v -0.12508547 -0.24558809 -0.39703667
v -0.12506278 -0.21073437 -0.43628123
v -0.11910053 -0.22797012 -0.42430979
v -0.10027902 -0.22155000 -0.43624595
v -0.09381807 -0.24954337 -0.40785319
v -0.09787697 -0.24142642 -0.41651809
v -0.09059518 -0.24311191 -0.41735354
v -0.09380414 -0.22815531 -0.43130174
v -0.08069793 -0.24953724 -0.41399562
v -0.11272974 -0.25899291 -0.37987587
v -0.09382720 -0.26539999 -0.38136613
v -0.06285404 -0.23360375 -0.43556422
v -0.06713571 -0.23162340 -0.43620098
v -0.06253945 -0.23476525 -0.43449658
v -0.05743515 -0.23646480 -0.43363324
v -0.06253827 -0.23280013 -0.43619537
v -0.06226394 -0.23364365 -0.43564403
v -0.06093466 -0.23311676 -0.43619370
v 0.03196482 -0.24911211 -0.42085007
v 0.05846301 -0.22978689 -0.42801332
v 0.03527050 -0.22022875 -0.43613100
v 0.06249902 -0.24250424 -0.41876256
v 0.07380352 -0.24945384 -0.41049474
v 0.06252985 -0.20992655 -0.43613106
v 0.06736641 -0.22898127 -0.42640650
v 0.09374949 -0.24944502 -0.40336442
v 0.08768232 -0.23728682 -0.41438633
v 0.10196488 -0.23305155 -0.41227233
v 0.10954186 -0.24943826 -0.39711130
v 0.09372941 -0.27201232 -0.37791315
v 0.06983891 -0.20623296 -0.43613094
v 0.08891179 -0.21819480 -0.42636022
v 0.10065907 -0.21819057 -0.42236313
v 0.11764318 -0.23468816 -0.40484509
v 0.11433232 -0.22310732 -0.41469625
v 0.11833660 -0.20927425 -0.42268172
v 0.09379624 -0.20732108 -0.43068194
v 0.13842969 -0.22262195 -0.40485841
v 0.12498552 -0.26321045 -0.37726316
v 0.12500066 -0.24441932 -0.39481884
v 0.13966058 -0.21917190 -0.40685534
v 0.14140046 -0.21966271 -0.40560538
v 0.14276457 -0.22239845 -0.40274644
v 0.12847492 -0.26330140 -0.37533125
v 0.14581230 -0.24420099 -0.38400787
v 0.15623271 -0.24940658 -0.37161991
v 0.15624398 -0.23711878 -0.38308346
v 0.13809612 -0.21560797 -0.40999812
v 0.11447245 -0.19726616 -0.43083435
v 0.12506390 -0.19787247 -0.42676139
v 0.12507877 -0.17851055 -0.43614948
v 0.14508435 -0.21817222 -0.40486321
v 0.14157890 -0.21817379 -0.40670344
v 0.14785588 -0.20380169 -0.41206378
v 0.16651766 -0.20740929 -0.39950225
v 0.16594048 -0.21816273 -0.39298189
v 0.17987520 -0.21016732 -0.38890100
v 0.19196710 -0.20699514 -0.38257188
v -0.25123399 -0.17204767 -0.37449083
v -0.25084558 -0.17077516 -0.37537763
v -0.25491858 -0.14508285 -0.38359821
v -0.22333410 -0.18711400 -0.39176136
v -0.25012758 -0.17222187 -0.37539211
v -0.21886873 -0.18711413 -0.39650768
v -0.21113375 -0.17169704 -0.41306701
v -0.20096995 -0.18711275 -0.41181755
v -0.22792023 -0.16898772 -0.39861143
v -0.22741470 -0.19138071 -0.38526356
v -0.21888661 -0.20219383 -0.38197088
v -0.22019617 -0.12532821 -0.42149472
v -0.22919656 -0.15587260 -0.40517962
v -0.22418481 -0.13536628 -0.41543192
v -0.23274145 -0.15242673 -0.40346029
v -0.24561226 -0.16699009 -0.38294742
v -0.23775943 -0.15258464 -0.39860612
v -0.23275775 -0.15587261 -0.40176147
v -0.21071580 -0.15587506 -0.42019144
v -0.19186115 -0.16720626 -0.42780775
v -0.18765849 -0.14030661 -0.43639323
v -0.21880309 -0.12743047 -0.42219567
v -0.18757834 -0.17683035 -0.42569405
v -0.17816857 -0.17618977 -0.43166322
v -0.18754464 -0.14057258 -0.43639299
v -0.18493167 -0.16885570 -0.43110186
v -0.17550381 -0.16546485 -0.43637046
v 0.15349926 -0.18692124 -0.41911677
v 0.14271870 -0.18012410 -0.42732778
v 0.14938246 -0.15915297 -0.43616426
v 0.15630828 -0.18692037 -0.41763544
v 0.15525848 -0.18481517 -0.41947144
v 0.15804100 -0.18346034 -0.41879556
v 0.18309043 -0.18691431 -0.40268680
v 0.15450262 -0.15475518 -0.43616664
v 0.15593113 -0.15567356 -0.43534932
v 0.15702973 -0.15567341 -0.43478477
v 0.18490222 -0.18165420 -0.40490961
v 0.17946714 -0.16319951 -0.41997623
v 0.18349266 -0.14413652 -0.42799884
v 0.15634046 -0.15466194 -0.43566069
v 0.19591817 -0.17015618 -0.40491733
v 0.18752125 -0.19078931 -0.39714825
v 0.18752651 -0.18495518 -0.40099144
v 0.20098999 -0.15785168 -0.40929979
v 0.20474598 -0.15880832 -0.40649715
v 0.20783687 -0.16500509 -0.40025035
v 0.20623063 -0.19316638 -0.38301855
v 0.21172935 -0.18338656 -0.38577485
v 0.21875882 -0.18689747 -0.37850004
v 0.21876770 -0.17743397 -0.38456231
v 0.19801976 -0.15049933 -0.41526097
v 0.18121563 -0.13686402 -0.43298748
v 0.18758604 -0.13684079 -0.42975652
v 0.18760821 -0.12165804 -0.43617228
v 0.21010105 -0.15566197 -0.40492803
v 0.20489976 -0.15566348 -0.40837216
v 0.21401416 -0.13403714 -0.41574565
v 0.22879878 -0.14439942 -0.39930511
v 0.22825143 -0.15565702 -0.39260954
v 0.24368581 -0.14639187 -0.38640696
v 0.25344035 -0.14343265 -0.38048649
v -0.26177192 -0.13441877 -0.37979454
v -0.28132761 -0.12464629 -0.35911727
v -0.26523876 -0.11660458 -0.38154042
v -0.24542445 -0.09338443 -0.40519208
v -0.25878534 -0.10027017 -0.39143956
v -0.25933331 -0.08707468 -0.39256787
v -0.22583270 -0.12463167 -0.41728717
v -0.24435049 -0.12463382 -0.40233552
v -0.24355701 -0.11165215 -0.40519315
v -0.25007245 -0.12971200 -0.39504254
v -0.25006145 -0.12098858 -0.39790016
v -0.22046140 -0.12380054 -0.42162862
v -0.23774523 -0.09673043 -0.41188145
v -0.21879593 -0.12048683 -0.42286929
v -0.23766871 -0.09010898 -0.41174376
v -0.22205740 -0.06379225 -0.42247495
v -0.22774325 -0.09338357 -0.41848969
v -0.24541880 -0.07129733 -0.40519536
v -0.21409565 -0.09338169 -0.42708641
v -0.19448403 -0.10551865 -0.43640643
v -0.19696173 -0.08248237 -0.43641651
v -0.21874186 -0.06992852 -0.42470902
v 0.21715455 -0.12441982 -0.41971725
v 0.21136668 -0.12068388 -0.42429313
v 0.20210481 -0.10157077 -0.43617696
v 0.21883348 -0.12441915 -0.41847655
v 0.21808693 -0.12292074 -0.41980755
v 0.22068608 -0.12072724 -0.41871163
v 0.24094522 -0.12441884 -0.40037969
v 0.20878950 -0.08812729 -0.43617952
v 0.21644375 -0.09318169 -0.43128771
v 0.22405481 -0.09318160 -0.42585242
v 0.24327420 -0.11077663 -0.40494490
v 0.23901525 -0.09769928 -0.41397849
v 0.24019331 -0.08751126 -0.41630155
v 0.24952534 -0.09318873 -0.40494993
v 0.21890591 -0.08511557 -0.43214974
v 0.25005925 -0.13248456 -0.38880837
v 0.25007728 -0.11925891 -0.39462662
v 0.25963536 -0.13525140 -0.37849122
v 0.26535988 -0.11644772 -0.38135010
v 0.28130931 -0.12443086 -0.36404064
v 0.23291463 -0.06894284 -0.42756212
v 0.25017372 -0.06616376 -0.41335958
v 0.25599763 -0.07363698 -0.40495694
v 0.25936741 -0.09955182 -0.39223057
v 0.26074758 -0.08818969 -0.39494807
v -0.26769030 -0.06892638 -0.38279521
v -0.28125966 -0.06214276 -0.36641508
v -0.26766121 -0.05534553 -0.38278961
v -0.24351747 -0.03088719 -0.40520909
v -0.25848642 -0.03800213 -0.39098674
v -0.25852713 -0.02383177 -0.39110547
v -0.23497176 -0.06213361 -0.41270021
v -0.24704152 -0.06213710 -0.40372345
v -0.24519111 -0.05256601 -0.40520042
v -0.24999256 -0.06421635 -0.40104365
v -0.24998754 -0.06005750 -0.40103793
v -0.22188640 -0.06055313 -0.42239133
v -0.23730174 -0.03386327 -0.41115636
v -0.21872561 -0.05529962 -0.42423153
v -0.23708792 -0.02812154 -0.41073996
v -0.22035499 -0.00048011 -0.42169201
v -0.22855031 -0.03088560 -0.41675121
v -0.24312906 -0.01325816 -0.40522194
v -0.21381569 -0.03088172 -0.42669377
v -0.19523537 -0.04260673 -0.43643987
v -0.19263771 -0.01785472 -0.43645817
v -0.21866743 -0.00384714 -0.42295095
v 0.23516718 -0.05385681 -0.42868042
v 0.24401850 -0.04014582 -0.42379200
v 0.24326821 -0.02210521 -0.42224270
v 0.26177225 -0.03075616 -0.40497369
v 0.22288322 -0.03266617 -0.43620551
v 0.22224376 -0.02910077 -0.43620723
v 0.25019032 -0.05683254 -0.41522893
v 0.25656340 -0.06196995 -0.40815020
v 0.26602075 -0.06197767 -0.39703852
v 0.26087210 -0.04068947 -0.40496975
v 0.27470028 -0.06533517 -0.38598934
v 0.27582815 -0.05919152 -0.38654929
v 0.28140762 -0.06198787 -0.37929577
v 0.28144312 -0.04513342 -0.38091993
v 0.23302516 -0.00649097 -0.42759931
v 0.25028560 -0.00432970 -0.41461790
v 0.26127565 -0.02155342 -0.40497887
v 0.26437846 -0.03223712 -0.40201429
v 0.26444876 -0.02934247 -0.40214399
v 0.27148765 -0.03076241 -0.39371699
v 0.28419566 -0.03077016 -0.37918973
v -0.26707777 -0.00670467 -0.38254923
v -0.28120026 0.00035284 -0.36821073
v -0.26740995 0.00724094 -0.38272923
v -0.24253264 0.03160736 -0.40525097
v -0.25867876 0.02474109 -0.39152771
v -0.25889552 0.03823920 -0.39198565
v -0.22667056 0.00036386 -0.41684842
v -0.24529809 0.00035922 -0.40291694
v -0.24250802 0.01517400 -0.40524071
v -0.24993351 -0.00291316 -0.39868689
v -0.24992752 0.00351569 -0.39891845
v -0.22025634 0.00116192 -0.42164421
v -0.23658279 0.02930382 -0.40985733
v -0.21866187 0.00351313 -0.42242214
v -0.23641515 0.03375028 -0.40952879
v -0.23013194 0.03161161 -0.41353196
v -0.24259609 0.04825902 -0.40525800
v -0.22271942 0.05471607 -0.41679397
v -0.21229532 0.03161839 -0.42378426
v -0.18940584 0.04524533 -0.43243378
v -0.21738446 0.06036855 -0.41961619
v -0.18795390 0.01628075 -0.43647003
v -0.18739952 0.01840623 -0.43646961
v -0.18606161 0.04593965 -0.43381497
v -0.17992918 0.04353914 -0.43646288
v -0.18738681 0.04898788 -0.43302372
v -0.18362331 0.04914855 -0.43458414
v 0.21091267 0.02768832 -0.43624482
v 0.21905592 0.02352949 -0.43213052
v 0.23108569 0.00652361 -0.42663085
v 0.20970532 0.03643335 -0.43625224
v 0.21691138 0.03175622 -0.43195045
v 0.22371329 0.03175100 -0.42695636
v 0.24009618 0.02633256 -0.41581768
v 0.23925200 0.03628847 -0.41411820
v 0.25205076 0.03172375 -0.40501463
v 0.24503794 0.05237853 -0.40503418
v 0.21908005 0.05496050 -0.42466664
v 0.25029719 0.00448631 -0.41299546
v 0.25729293 0.00047713 -0.40848783
v 0.26750365 0.00046733 -0.39638597
v 0.25731522 0.01448334 -0.40500110
v 0.27644062 -0.00208283 -0.38682768
v 0.28149891 -0.01589869 -0.38118553
v 0.27580851 0.00332451 -0.38651106
v 0.28152722 0.00045647 -0.37907103
v 0.22086246 0.06210360 -0.42154455
v 0.26199383 0.02776082 -0.39710769
v 0.26079860 0.03686970 -0.39471108
v -0.26902038 0.05678249 -0.38358521
v -0.28114954 0.06284357 -0.37171686
v -0.26803818 0.06940773 -0.38309723
v -0.23562318 0.09412864 -0.40524992
v -0.25746047 0.08605741 -0.38915858
v -0.25607941 0.10354052 -0.38641214
v -0.24495536 0.06286154 -0.40279427
v -0.23667915 0.08929575 -0.40525192
v -0.24989487 0.05991185 -0.39937150
v -0.24989262 0.06613087 -0.39872545
v -0.23462667 0.09376557 -0.40597698
v -0.21863814 0.06287604 -0.41867596
v -0.22938386 0.08437033 -0.41012752
v -0.21702647 0.06609923 -0.41925937
v -0.21651451 0.06287734 -0.41980827
v -0.23458688 0.09445376 -0.40589720
v -0.23364998 0.09413000 -0.40647444
v -0.23503174 0.09566993 -0.40524834
v -0.23316623 0.09632199 -0.40634191
v -0.20986435 0.09414142 -0.41895026
v -0.19077638 0.08191433 -0.42968231
v -0.19278330 0.10437474 -0.42565155
v -0.21222913 0.11261790 -0.41445324
v -0.18738219 0.07618074 -0.43179145
v -0.18229280 0.07597757 -0.43392065
v -0.18533769 0.08056471 -0.43237942
v -0.17270106 0.08586735 -0.43645304
v -0.18389821 0.10630345 -0.42948651
v -0.16775730 0.09997709 -0.43643931
v -0.18737295 0.11475519 -0.42650205
v -0.17586286 0.11554484 -0.43067619
v 0.18544857 0.10746446 -0.43150899
v 0.17813979 0.10500751 -0.43627858
v 0.18783092 0.09058339 -0.43628150
v 0.19270772 0.08105592 -0.43628204
v 0.22312829 0.07106239 -0.41662911
v 0.21908714 0.06553024 -0.42192766
v 0.22603206 0.06298733 -0.41718823
v 0.22053422 0.06371515 -0.42138141
v 0.23212099 0.08901692 -0.40246946
v 0.24422172 0.06297174 -0.40198624
v 0.19214827 0.10554561 -0.42767814
v 0.17860435 0.11446978 -0.43166584
v 0.18783873 0.11525182 -0.42549032
v 0.22707433 0.09421610 -0.40507197
v 0.21032706 0.09422940 -0.41878140
v 0.21045831 0.10819827 -0.41205728
v 0.22678280 0.11007620 -0.39715695
v 0.23238066 0.09421177 -0.40039712
v 0.23981881 0.08911283 -0.39488855
v 0.25034291 0.05921911 -0.39754882
v 0.25034618 0.06876082 -0.39346129
v 0.26529193 0.05479565 -0.38127625
v 0.26062903 0.07342781 -0.37896842
v 0.25476381 0.08298280 -0.38266367
v -0.26114213 0.11537576 -0.37964487
v -0.28110003 0.12534294 -0.36113414
v -0.25480899 0.13852260 -0.37646481
v -0.25145537 0.14262021 -0.37720203
v -0.23288119 0.12539850 -0.39673227
v -0.24986880 0.11644702 -0.38738281
v -0.24984872 0.13787894 -0.38024178
v -0.21861202 0.12540816 -0.40677643
v -0.20634145 0.14993781 -0.40854391
v -0.20676315 0.12541036 -0.41490048
v -0.22580051 0.13981195 -0.39678067
v -0.20800549 0.15667784 -0.40516949
v -0.24667126 0.14418873 -0.38031858
v -0.22658047 0.15666616 -0.38992196
v -0.20432870 0.15667996 -0.40788645
v -0.20039305 0.15410180 -0.41032192
v -0.20100015 0.15865046 -0.40909958
v -0.20452884 0.15980321 -0.40672505
v -0.20844084 0.16763005 -0.39968526
v -0.18736218 0.13387045 -0.42206955
v -0.17126831 0.13300429 -0.42836335
v -0.18001390 0.14839131 -0.42172527
v -0.15610681 0.14694840 -0.43151927
v -0.17877550 0.16374308 -0.41925356
v -0.18733649 0.18675721 -0.40748379
v -0.16037986 0.15668818 -0.42781907
v -0.15830074 0.18350533 -0.41850105
v -0.15281221 0.15669020 -0.42979676
v -0.12627621 0.17089632 -0.43347242
v -0.15444782 0.18467253 -0.41907910
v -0.13989282 0.14858682 -0.43637213
v -0.12485098 0.16328701 -0.43633759
v -0.12367456 0.17115118 -0.43397811
v -0.11810984 0.16895512 -0.43632534
v -0.12484701 0.17435570 -0.43226027
v -0.11930444 0.17509647 -0.43354625
v 0.06278738 0.18928450 -0.43620291
v 0.12267876 0.16970353 -0.43093100
v 0.11357471 0.16648495 -0.43622684
v 0.12532732 0.15607768 -0.43623191
v 0.13526103 0.14606723 -0.43624380
v 0.15658993 0.14175987 -0.42878899
v 0.16963665 0.13199253 -0.42717865
v 0.12911728 0.16856214 -0.42866197
v 0.11160918 0.17920989 -0.42936629
v 0.12533157 0.17852296 -0.42388350
v 0.15054053 0.15671468 -0.42416191
v 0.14935473 0.17349134 -0.41340005
v 0.16924287 0.15670675 -0.41097757
v 0.17429854 0.15461777 -0.40922505
v 0.17339414 0.15788889 -0.40741917
v 0.17773786 0.15670234 -0.40505603
v 0.16991726 0.16128734 -0.40733525
v 0.17402595 0.16033679 -0.40505102
v 0.18784058 0.13112834 -0.41638458
v 0.19934674 0.12546265 -0.41082263
v 0.19474363 0.13926968 -0.40507376
v 0.21909165 0.12545069 -0.39580783
v 0.21507767 0.13346945 -0.39348906
v 0.22113049 0.12952718 -0.39152682
v 0.22367184 0.12544604 -0.39177716
v 0.24848981 0.11073639 -0.37481046
v 0.21908295 0.15067062 -0.37688240
v 0.22785422 0.12982228 -0.38511783
v 0.19801328 0.15124717 -0.39419335
v 0.19393444 0.16621616 -0.38603383
v -0.18918841 0.18793842 -0.40604633
v -0.19466092 0.18793795 -0.40146288
v -0.21858954 0.17999282 -0.38556460
v -0.21321620 0.18524875 -0.38683367
v -0.21859404 0.18793520 -0.37641484
v -0.20702544 0.19372264 -0.38371691
v -0.18848197 0.19023196 -0.40511614
v -0.19211957 0.20834398 -0.38338959
v -0.18733576 0.18880038 -0.40684021
v -0.17561071 0.18794057 -0.41096839
v -0.18498348 0.19264323 -0.40510890
v -0.15608218 0.18794294 -0.41708210
v -0.14222567 0.21566877 -0.40679953
v -0.15145995 0.18794300 -0.41839549
v -0.16689643 0.20956461 -0.40024966
v -0.14159356 0.21919650 -0.40503022
v -0.17958871 0.21132182 -0.38932839
v -0.16472797 0.21919504 -0.39107093
v -0.14069265 0.21919674 -0.40548983
v -0.13995609 0.21869025 -0.40604326
v -0.14020926 0.21945032 -0.40553594
v -0.14063573 0.21954291 -0.40520203
v -0.14077094 0.21981312 -0.40472022
v -0.14008501 0.21995242 -0.40502778
v -0.12484065 0.19736771 -0.42388606
v -0.10960941 0.19595897 -0.42867351
v -0.11536699 0.21305034 -0.41731995
v -0.09359519 0.20566437 -0.42949671
v -0.11299922 0.22298060 -0.41256809
v -0.10223939 0.21920240 -0.41896397
v -0.11428425 0.22933096 -0.40499127
v -0.10394109 0.22975126 -0.41026360
v -0.08742236 0.21920437 -0.42390308
v -0.06904129 0.22812910 -0.42281324
v -0.08564783 0.23456343 -0.41265327
v -0.06299660 0.24911407 -0.40493631
v -0.06605855 0.20544341 -0.43624976
v -0.06233839 0.20686635 -0.43624541
v -0.05036205 0.20957044 -0.43623370
v -0.03105319 0.21623041 -0.43471771
v -0.05634877 0.22885767 -0.42426011
v -0.03269413 0.21921897 -0.43293166
v -0.06176807 0.24934129 -0.40493542
v -0.03580206 0.24096906 -0.41581327
v -0.02943240 0.21922007 -0.43297189
v -0.00529872 0.22932318 -0.42513001
v -0.02634368 0.24106717 -0.41585541
v -0.00017270 0.24965650 -0.40490559
v -0.01198904 0.20970312 -0.43620688
v 0.00023310 0.20732717 -0.43620145
v 0.00430254 0.20563473 -0.43620226
v 0.03151728 0.20845583 -0.43080577
v 0.05464286 0.19953361 -0.43212688
v 0.00659070 0.22850496 -0.42348468
v 0.02553772 0.21922818 -0.42423373
v 0.00073728 0.24946059 -0.40490538
v 0.02332317 0.23409817 -0.41235429
v 0.03930124 0.21922769 -0.42063761
v 0.05656088 0.20983404 -0.42373046
v 0.05154389 0.22360447 -0.41369009
v 0.04149689 0.23054487 -0.41058230
v 0.05328045 0.23144166 -0.40491837
v 0.06279182 0.20043267 -0.42985058
v 0.07716994 0.19642028 -0.42901978
v 0.07323776 0.21403489 -0.41532642
v 0.10435042 0.20852101 -0.41030252
v 0.09406125 0.19634607 -0.42476839
v 0.10277452 0.19232866 -0.42494285
v 0.10782320 0.21545060 -0.40306312
v 0.07665495 0.22100602 -0.40849614
v 0.09246857 0.21922269 -0.40494090
v 0.08053499 0.21922612 -0.40913147
v 0.07570441 0.22468998 -0.40493011
v 0.07985907 0.22206414 -0.40635410
v 0.08159094 0.22551931 -0.40178221
v 0.11444470 0.20974433 -0.40495771
v 0.10706322 0.21921788 -0.39965165
v 0.11230107 0.21662517 -0.39976788
v 0.12533286 0.19290701 -0.41485822
v 0.13666070 0.18796143 -0.41065475
v 0.13096121 0.19921042 -0.40498072
v 0.15658754 0.18794814 -0.39738029
v 0.15262426 0.19587073 -0.39335015
v 0.15887421 0.19251859 -0.39168686
v 0.16309007 0.18794428 -0.39266002
v 0.15658534 0.20220904 -0.38225812
v 0.16637594 0.19283697 -0.38451952
v 0.13396266 0.21219760 -0.39096665
v 0.18783498 0.17671297 -0.38262942
v 0.19510493 0.17594397 -0.37747723
v -0.15609792 0.23165020 -0.37999049
v -0.13687253 0.24084112 -0.37974781
v -0.09724110 0.25045484 -0.39114845
v -0.12484868 0.24162835 -0.38732415
v -0.09359194 0.25045496 -0.39317194
v -0.09447328 0.25221798 -0.39020023
v -0.09243779 0.25276071 -0.39046961
v -0.06970084 0.25045553 -0.40125132
v -0.09840569 0.25286177 -0.38691309
v -0.09359240 0.25476018 -0.38716179
v -0.06526395 0.26901376 -0.37952554
v -0.06062512 0.25045547 -0.40408385
v -0.06232528 0.25010177 -0.40422720
v -0.06232559 0.25195566 -0.40193054
v -0.03104866 0.25046265 -0.40791115
v -0.03658038 0.26150933 -0.39480317
v -0.02527727 0.26199299 -0.39503765
v -0.00102826 0.25046682 -0.40427485
v -0.03106076 0.27836609 -0.37528571
v -0.05875421 0.26964819 -0.38078898
v -0.00463085 0.27093744 -0.38332909
v 0.00512076 0.25046754 -0.40246108
v 0.00023301 0.25020513 -0.40438062
v 0.00023273 0.25127491 -0.40328661
v 0.03151677 0.25047028 -0.39365309
v 0.02997252 0.25355464 -0.39080518
v 0.03277473 0.25298050 -0.39051807
v 0.03639174 0.25046968 -0.39170024
v 0.03151760 0.25865147 -0.38516107
v 0.04398978 0.25669414 -0.38302869
v 0.00446937 0.27032128 -0.38209248
v 0.06280519 0.24298924 -0.38994336
v 0.08046597 0.24365920 -0.38247702
v 0.09408522 0.23806566 -0.38309267
v 0.09408348 0.25045472 -0.37109900
v -0.18843973 -0.26597109 -0.31283298
v -0.15832454 -0.25054392 -0.35911337
v -0.15759261 -0.25201157 -0.35690761
v -0.16337112 -0.26352611 -0.33386168
v -0.18658623 -0.26627210 -0.31343600
v -0.15415475 -0.25398430 -0.35591492
v -0.14683345 -0.26862830 -0.33639812
v -0.13532208 -0.26996619 -0.34246939
v -0.13581458 -0.27586234 -0.33261368
v -0.15636638 -0.25136065 -0.35902971
v -0.08147124 -0.28730190 -0.34567243
v -0.08297560 -0.29030535 -0.33763841
v -0.09383862 -0.29583812 -0.31871188
v -0.07451035 -0.30234477 -0.31712058
v -0.14983746 -0.25282258 -0.36138490
v -0.12509230 -0.26128554 -0.36593673
v -0.12508979 -0.25714210 -0.37371624
v -0.11846872 -0.26186275 -0.37039745
v -0.10636496 -0.28078163 -0.34243792
v -0.11010911 -0.27950409 -0.34244263
v -0.10894583 -0.27973756 -0.34296376
v -0.10912986 -0.28010473 -0.34210223
v -0.11002880 -0.28022420 -0.34132487
v -0.10869702 -0.28078231 -0.34089714
v -0.08509148 -0.28077483 -0.35618412
v -0.07320710 -0.29075021 -0.34239829
v -0.07286486 -0.28610212 -0.35307318
v -0.08094713 -0.27433607 -0.37365910
v -0.09383076 -0.27187747 -0.36922148
v -0.05446569 -0.29579544 -0.34237939
v -0.06257115 -0.30258822 -0.32357311
v -0.06256925 -0.28027290 -0.37363672
v -0.05485578 -0.28866360 -0.35820451
v -0.03791696 -0.28404504 -0.37361822
v -0.03986932 -0.29487342 -0.34943324
v -0.02375183 -0.29687178 -0.35042530
v -0.03131016 -0.28628263 -0.37083963
v -0.03573921 -0.30310768 -0.33117497
v -0.02763388 -0.30464521 -0.33039719
v -0.04249399 -0.30638945 -0.32115436
v -0.03129854 -0.31197262 -0.31405345
v -0.03129973 -0.30688614 -0.32419190
v -0.02383671 -0.30824137 -0.32300204
v -0.00532745 -0.30139601 -0.34234187
v -0.00521925 -0.29117694 -0.36325258
v -0.02225003 -0.28526244 -0.37360698
v 0.00474175 -0.30240449 -0.34233478
v -0.00003764 -0.30659583 -0.33160791
v -0.00004705 -0.28648072 -0.37359250
v 0.00462543 -0.29167318 -0.36424661
v 0.01898206 -0.28682956 -0.37358361
v 0.02416500 -0.29786071 -0.35090649
v 0.03830382 -0.29777232 -0.35085863
v 0.03121053 -0.28852457 -0.36967278
v 0.02809273 -0.30570373 -0.32983452
v 0.03437152 -0.30564758 -0.32985845
v 0.02406492 -0.30837816 -0.32313624
v 0.03121882 -0.31195074 -0.31349030
v 0.03121988 -0.30772451 -0.32459456
v 0.03896197 -0.30807775 -0.32283574
v 0.05585090 -0.29871267 -0.34232196
v 0.05641354 -0.29027098 -0.36146533
v 0.04072820 -0.28546792 -0.37357768
v 0.06994545 -0.29698062 -0.34231979
v 0.06246879 -0.30429775 -0.32704377
v 0.06246946 -0.28221393 -0.37357372
v 0.06936441 -0.28941911 -0.35977221
v 0.08403917 -0.29258314 -0.34826931
v 0.10557772 -0.28819355 -0.34608674
v 0.08710502 -0.29871863 -0.33330768
v 0.10288251 -0.29357901 -0.33587879
v 0.08018492 -0.30516565 -0.31994277
v 0.09371179 -0.31191730 -0.29610348
v 0.09370866 -0.30242303 -0.32195720
v 0.11867675 -0.29942548 -0.31423289
v 0.08757384 -0.27761528 -0.37357220
v 0.09074763 -0.28068700 -0.36761832
v 0.09861992 -0.28068304 -0.36377618
v 0.11297962 -0.28796360 -0.34233242
v 0.11297020 -0.28430474 -0.34959394
v 0.13534656 -0.28066453 -0.34234434
v 0.11705900 -0.26901314 -0.37358046
v 0.09372613 -0.27726933 -0.37186128
v 0.12494665 -0.29781854 -0.31416166
v 0.12498210 -0.26645049 -0.37358359
v 0.12775782 -0.29769203 -0.31250697
v 0.15619622 -0.28716865 -0.31436890
v 0.13177043 -0.27184147 -0.35999453
v 0.12656373 -0.26583865 -0.37358445
v 0.13971782 -0.27892768 -0.34234655
v 0.14330718 -0.27522215 -0.34506747
v 0.14157614 -0.27868006 -0.34135681
v 0.13494399 -0.28629845 -0.33107632
v 0.13982370 -0.27990201 -0.34082553
v 0.14331235 -0.28066021 -0.33689073
v 0.16221088 -0.26138675 -0.35198396
v 0.16651136 -0.27000397 -0.33703327
v 0.18410236 -0.25611264 -0.34236637
v 0.16217867 -0.28064665 -0.32306173
v 0.18167546 -0.27079108 -0.32268524
v 0.15622300 -0.25713342 -0.36183816
v 0.16393217 -0.25325531 -0.36183158
v 0.18746641 -0.25135785 -0.34630847
v 0.18939172 -0.25324181 -0.34237036
v 0.19107340 -0.26862454 -0.31837055
v -0.25155762 -0.23467338 -0.31207982
v -0.28235862 -0.18907820 -0.32805637
v -0.24012308 -0.21835938 -0.34264073
v -0.27888587 -0.19210970 -0.32956773
v -0.25873262 -0.20427978 -0.34266943
v -0.25190571 -0.23224646 -0.31485969
v -0.26024488 -0.21282727 -0.33159229
v -0.23601258 -0.22130515 -0.34263387
v -0.25017300 -0.23486127 -0.31314749
v -0.23577499 -0.21959530 -0.34510970
v -0.23273799 -0.22195882 -0.34443063
v -0.21039799 -0.23257382 -0.34970620
v -0.22990042 -0.22763652 -0.33797830
v -0.21470869 -0.24117216 -0.33117330
v -0.19424699 -0.26191050 -0.31458470
v -0.24407499 -0.23702681 -0.31442580
v -0.21892691 -0.24958985 -0.31614989
v -0.21892400 -0.24356177 -0.32394958
v -0.21328245 -0.24677105 -0.32413653
v -0.23731770 -0.21557730 -0.34820592
v -0.25014678 -0.19567834 -0.35980046
v -0.25013018 -0.17459446 -0.37393561
v -0.23843524 -0.19688287 -0.36805642
v -0.22906864 -0.21835756 -0.35356262
v -0.21539056 -0.21835458 -0.36684799
v -0.18995252 -0.24497977 -0.34255174
v -0.19009030 -0.23152053 -0.36892727
v -0.21294653 -0.21538171 -0.37386930
v -0.21889833 -0.21228251 -0.37084132
v -0.16874130 -0.24956891 -0.35196686
v -0.18332209 -0.24957427 -0.34037617
v -0.18626325 -0.24680144 -0.34254485
v -0.18766040 -0.25952339 -0.32263613
v -0.18765311 -0.24811703 -0.33962816
v -0.16818391 -0.24367121 -0.36406177
v -0.18763660 -0.22987531 -0.37382421
v -0.18615323 -0.23248419 -0.37085098
v -0.18395847 -0.23213026 -0.37381741
v -0.15638795 -0.27912655 -0.31207219
v 0.17419147 -0.24041770 -0.36696476
v 0.18465644 -0.23093906 -0.36795890
v 0.17901835 -0.22953734 -0.37361589
v 0.18747444 -0.24355820 -0.35403058
v 0.19248819 -0.24938650 -0.34488326
v 0.20590070 -0.24937943 -0.33317411
v 0.18749267 -0.22164676 -0.37362620
v 0.19206442 -0.22918645 -0.36446604
v 0.20992465 -0.23178700 -0.34921491
v 0.23385122 -0.21912420 -0.34291479
v 0.21642628 -0.24480084 -0.32906869
v 0.23124267 -0.22433555 -0.33930999
v 0.21105514 -0.25320280 -0.32295060
v 0.21625458 -0.24814612 -0.32555380
v 0.21871227 -0.24937181 -0.32160500
v 0.21871230 -0.24648529 -0.32534051
v 0.20173389 -0.20964339 -0.37364268
v 0.21188270 -0.21813965 -0.35993782
v 0.23354457 -0.21812654 -0.34402922
v 0.23473616 -0.21889749 -0.34241691
v 0.23463897 -0.21841431 -0.34299284
v 0.23491235 -0.21756551 -0.34353858
v 0.23567779 -0.21812594 -0.34241760
v 0.24011704 -0.22388974 -0.33088997
v 0.21874449 -0.20298511 -0.36607468
v 0.23189373 -0.19346648 -0.36461246
v 0.24999264 -0.19213203 -0.35291636
v 0.25585857 -0.19862171 -0.34243256
v 0.25840706 -0.21092334 -0.32804209
v -0.31341130 -0.14111896 -0.31319296
v -0.28338969 -0.18711825 -0.32808563
v -0.28137797 -0.18711810 -0.33133164
v -0.27432087 -0.17302203 -0.35126960
v -0.26584107 -0.18711804 -0.35053831
v -0.25275448 -0.17280766 -0.37262478
v -0.28539184 -0.17907397 -0.33110422
v -0.28395772 -0.18840909 -0.32578811
v -0.28138307 -0.19339311 -0.32393429
v -0.28770822 -0.18394959 -0.32391348
v -0.28176579 -0.12486533 -0.35855532
v -0.28846771 -0.15588552 -0.34270853
v -0.28248823 -0.12696427 -0.35717702
v -0.29333088 -0.14862658 -0.33908278
v -0.30894268 -0.14388411 -0.31872004
v -0.29318061 -0.15588488 -0.33513981
v -0.27443480 -0.15588361 -0.36010814
v -0.25283396 -0.17014135 -0.37393907
v -0.26470846 -0.14756280 -0.37395164
v -0.28132892 -0.12578006 -0.35890323
v 0.24270208 -0.17492546 -0.37002137
v 0.24818359 -0.16944169 -0.37001875
v 0.24373548 -0.16813329 -0.37367940
v 0.25000715 -0.17603140 -0.36415192
v 0.26078823 -0.18688914 -0.34783363
v 0.27857694 -0.18689166 -0.32817262
v 0.25002429 -0.16001923 -0.37368464
v 0.25334641 -0.16794258 -0.36702284
v 0.27283901 -0.17004757 -0.34964788
v 0.28040165 -0.18518372 -0.32769063
v 0.27981764 -0.18760949 -0.32611790
v 0.28051275 -0.18652099 -0.32646519
v 0.28125492 -0.18689151 -0.32489169
v 0.28125626 -0.18566714 -0.32622388
v 0.26028886 -0.14516301 -0.37369817
v 0.28674501 -0.15566778 -0.34245995
v 0.27352262 -0.15566027 -0.35819057
v 0.28671837 -0.13526474 -0.35267138
v 0.29317075 -0.14818178 -0.33871913
v 0.29294550 -0.15566972 -0.33453506
v 0.31152192 -0.14109792 -0.31330058
v 0.28130201 -0.13086727 -0.36130765
v 0.28512615 -0.12634158 -0.35999891
v 0.31282070 -0.14032015 -0.31174374
v -0.31446245 -0.13930927 -0.31243685
v -0.31856143 -0.11203243 -0.31449717
v -0.29855344 -0.09339482 -0.34272584
v -0.31615451 -0.10539442 -0.31872943
v -0.31765264 -0.08290470 -0.32175991
v -0.28236747 -0.12464623 -0.35781637
v -0.29964498 -0.12464522 -0.33626181
v -0.29817224 -0.09589884 -0.34272519
v -0.31255516 -0.13847108 -0.31506735
v -0.31253976 -0.11405978 -0.32156247
v -0.28179082 -0.12441467 -0.35856810
v -0.29749259 -0.09396816 -0.34387147
v -0.28132513 -0.12235849 -0.35948002
v -0.29754919 -0.09276438 -0.34398711
v -0.28625074 -0.06463812 -0.36083901
v -0.29431695 -0.09339482 -0.34792665
v -0.29899725 -0.08923118 -0.34272736
v -0.27827644 -0.09339565 -0.36792889
v -0.27330101 -0.09739035 -0.37395644
v -0.27413991 -0.08981960 -0.37395778
v -0.28127563 -0.07696243 -0.36574912
v 0.28010303 -0.09383340 -0.37371677
v 0.28134680 -0.09773488 -0.37145227
v 0.29068351 -0.12443835 -0.35340452
v 0.28614128 -0.12202257 -0.36050457
v 0.30378693 -0.12444859 -0.33807671
v 0.28048638 -0.09277560 -0.37371701
v 0.28102946 -0.09320956 -0.37307039
v 0.28238797 -0.09321009 -0.37164789
v 0.30486012 -0.10901460 -0.34247452
v 0.30171680 -0.09796283 -0.35197484
v 0.30249935 -0.08770911 -0.35351411
v 0.30915067 -0.09322356 -0.34248137
v 0.28135526 -0.09173470 -0.37297994
v 0.31256214 -0.13921338 -0.31292176
v 0.31258050 -0.11669744 -0.32695225
v 0.31317794 -0.13975371 -0.31153324
v 0.32077265 -0.11293060 -0.31532162
v 0.29509071 -0.06884249 -0.36495933
v 0.31264633 -0.06400438 -0.34649044
v 0.31492943 -0.06657763 -0.34249568
v 0.31864986 -0.10279687 -0.32333100
v 0.32055497 -0.08555023 -0.32711220
v -0.32398152 -0.07202806 -0.31723261
v -0.32577416 -0.05316992 -0.31814718
v -0.30370483 -0.03089840 -0.34274736
v -0.31951997 -0.03947855 -0.32559437
v -0.31974423 -0.02256361 -0.32609060
v -0.29406452 -0.06214338 -0.35195172
v -0.30509287 -0.06214376 -0.33902514
v -0.30269492 -0.04254560 -0.34274215
v -0.31251279 -0.06875276 -0.32951850
v -0.31250107 -0.05643853 -0.33133280
v -0.28620216 -0.05967323 -0.36081800
v -0.29902577 -0.03306344 -0.34707502
v -0.28124741 -0.04704225 -0.36589995
v -0.29891673 -0.02883733 -0.34686622
v -0.28754431 -0.00281620 -0.36154175
v -0.28990787 -0.03089513 -0.35663670
v -0.30389363 -0.01679960 -0.34275407
v -0.27869254 -0.03089230 -0.36890209
v -0.27427450 -0.03437027 -0.37397385
v -0.27434456 -0.02744994 -0.37397754
v -0.28121904 -0.01754838 -0.36731461
v 0.29478121 -0.05531920 -0.36479875
v 0.30299109 -0.03670489 -0.35435912
v 0.30263036 -0.02524668 -0.35360056
v 0.31193069 -0.03078671 -0.34251904
v 0.30696675 -0.01109152 -0.34253556
v 0.28871530 -0.03439887 -0.37373883
v 0.28815800 -0.02743510 -0.37374279
v 0.31265271 -0.06008775 -0.34634387
v 0.31503072 -0.06200960 -0.34368879
v 0.31658509 -0.06201011 -0.34053212
v 0.31535080 -0.05663171 -0.34250227
v 0.32715884 -0.07037061 -0.31851292
v 0.32805794 -0.05409155 -0.31896517
v 0.29332036 -0.00545559 -0.36404648
v 0.32181305 -0.03728508 -0.32951796
v 0.32128665 -0.02374277 -0.32843468
v -0.32662937 -0.00817737 -0.31862438
v -0.34364542 0.00035560 -0.29676729
v -0.32747826 0.00844076 -0.31906313
v -0.30864146 0.03159067 -0.34278151
v -0.32036990 0.02392304 -0.32745048
v -0.32073963 0.03887482 -0.32821703
v -0.29930502 0.00035071 -0.34933144
v -0.30770931 0.00034930 -0.34039429
v -0.30661786 0.01198951 -0.34277061
v -0.31244886 -0.00404033 -0.33398998
v -0.31244197 0.00439463 -0.33467677
v -0.28795901 0.00373117 -0.36175627
v -0.30074289 0.02765105 -0.35066134
v -0.28117982 0.02671883 -0.37157685
v -0.30085653 0.03565359 -0.35091090
v -0.29001659 0.05840582 -0.36284277
v -0.28322875 0.03159811 -0.36991397
v -0.30851746 0.05506969 -0.34279275
v -0.28055298 0.03159904 -0.37277609
v -0.27921179 0.03061718 -0.37401876
v -0.27931580 0.03252853 -0.37402007
v -0.28117257 0.03530015 -0.37217131
v 0.27819169 0.02999931 -0.37378022
v 0.29526255 0.02784621 -0.34448087
v 0.28156331 0.02512022 -0.37049538
v 0.30194348 0.00044001 -0.34794545
v 0.29183996 0.00559902 -0.36330554
v 0.29629859 0.02991317 -0.34169114
v 0.30698892 0.00043673 -0.33966261
v 0.27688938 0.03403476 -0.37378398
v 0.27768543 0.06096912 -0.36016613
v 0.29534349 0.03167312 -0.34257123
v 0.27991009 0.03168827 -0.37045673
v 0.28022107 0.06016804 -0.35683271
v 0.29540679 0.03522852 -0.34080020
v 0.29635686 0.03167261 -0.34092557
v 0.30079597 0.02805090 -0.33532906
v 0.31274527 -0.00430410 -0.33306113
v 0.31276107 0.00877362 -0.32589000
v 0.32525283 -0.00892121 -0.31756270
v 0.31910211 0.01289212 -0.31450206
v 0.31541243 0.01869380 -0.31661573
v -0.32990366 0.05596888 -0.32032120
v -0.34360763 0.06283526 -0.29929596
v -0.32896817 0.07015167 -0.31986105
v -0.30608827 0.09407310 -0.34279892
v -0.32002145 0.08610750 -0.32687777
v -0.31894004 0.10310731 -0.32472664
v -0.30530483 0.06282866 -0.34633803
v -0.30952477 0.06282642 -0.34136277
v -0.30755076 0.07249402 -0.34279618
v -0.31239048 0.06048450 -0.33811212
v -0.31238714 0.06541740 -0.33761659
v -0.28970605 0.06711593 -0.36269450
v -0.29984492 0.09097960 -0.34898728
v -0.28113809 0.08481795 -0.36939806
v -0.29953083 0.09686279 -0.34836841
v -0.28324655 0.12426710 -0.35946873
v -0.28725201 0.09408550 -0.36179242
v -0.30294555 0.10649791 -0.34279299
v -0.27908736 0.09409104 -0.36994413
v -0.27537271 0.09121263 -0.37403032
v -0.27350053 0.09791351 -0.37402725
v -0.28111163 0.11455512 -0.36379260
v 0.25022724 0.10968814 -0.37364519
v 0.25001317 0.10964091 -0.37388325
v 0.27941853 0.06292374 -0.35712293
v 0.27499801 0.06622963 -0.36151561
v 0.25034675 0.10890909 -0.37388226
v 0.26036474 0.08356833 -0.37384784
v 0.28159964 0.06292291 -0.35303998
v 0.27874944 0.06862672 -0.35537308
v 0.28797022 0.07566948 -0.33339018
v 0.29231727 0.06291571 -0.33236074
v 0.30514863 0.05112662 -0.31521359
v 0.29753852 0.07089242 -0.31904620
v 0.25072277 0.10943095 -0.37313166
v 0.24999294 0.10998408 -0.37370709
v 0.25034624 0.11014239 -0.37321416
v 0.27785850 0.09416623 -0.34265193
v 0.27162018 0.09417222 -0.35393167
v 0.27136695 0.10496535 -0.34806108
v 0.27751777 0.11727788 -0.33113736
v 0.28815165 0.09416156 -0.32455605
v -0.32231453 0.11468104 -0.31653985
v -0.31366074 0.14028640 -0.31220484
v -0.31285074 0.14146735 -0.31257463
v -0.28681993 0.12533785 -0.35553712
v -0.30231985 0.12532374 -0.33777362
v -0.31234580 0.11797367 -0.32810232
v -0.31233487 0.13944376 -0.31455177
v -0.28289258 0.12623839 -0.35929120
v -0.28371501 0.13058153 -0.35577181
v -0.28109685 0.12827654 -0.35985756
v -0.29132524 0.14582384 -0.33737937
v -0.27904540 0.15660508 -0.34274042
v -0.31096679 0.14231770 -0.31427035
v -0.29041189 0.15659240 -0.33016524
v -0.26988655 0.15661405 -0.35159045
v -0.25755239 0.16453680 -0.35851908
v -0.26922077 0.16415150 -0.34648946
v -0.27252480 0.17075849 -0.33565098
v -0.25027695 0.18702403 -0.34267545
v -0.25512242 0.14364488 -0.37398002
v -0.24983808 0.15178695 -0.37396783
v -0.24606454 0.16850971 -0.36641768
v -0.23994231 0.16733687 -0.37394229
v -0.23435423 0.18003353 -0.36617914
v -0.24969058 0.18761437 -0.34267411
v 0.21776402 0.15601911 -0.37387958
v 0.21908113 0.15538555 -0.37323564
v 0.24041954 0.13609323 -0.36895278
v 0.21552415 0.15845709 -0.37387633
v 0.18783139 0.18496716 -0.37382966
v 0.20299131 0.17988463 -0.36628032
v 0.21852721 0.15667737 -0.37277374
v 0.21543558 0.18064627 -0.35462242
v 0.22071621 0.15667613 -0.37061390
v 0.24161488 0.14975314 -0.35650289
v 0.23872180 0.16068907 -0.35072911
v 0.24737395 0.15666154 -0.34269559
v 0.22674930 0.17256287 -0.35060459
v 0.23981589 0.16691044 -0.34268492
v 0.25033271 0.13368475 -0.35920310
v 0.26197624 0.12541711 -0.34850633
v 0.27413547 0.12540938 -0.33080262
v 0.25800228 0.14076686 -0.34269994
v 0.27847385 0.12385523 -0.32553342
v 0.28157789 0.11823585 -0.32349646
v 0.27741474 0.12748744 -0.32500726
v 0.28157482 0.12540722 -0.32070750
v 0.26067322 0.15138820 -0.33218050
v 0.25759557 0.16499144 -0.32604298
v -0.28108084 0.17580706 -0.32107064
v -0.27159381 0.18313505 -0.32233649
v -0.28108636 0.18787193 -0.30805397
v -0.25983164 0.19853470 -0.31642145
v -0.25203663 0.20573199 -0.31579098
v -0.24895138 0.18790707 -0.34311569
v -0.24949139 0.18790653 -0.34250087
v -0.24983655 0.18774448 -0.34235093
v -0.24983715 0.18866539 -0.34115621
v -0.22647485 0.19187173 -0.36221236
v -0.22514337 0.20103312 -0.35170519
v -0.21859546 0.19786853 -0.36322108
v -0.22880150 0.20834526 -0.33720186
v -0.21007608 0.21919537 -0.34258139
v -0.24528575 0.20810938 -0.32052135
v -0.22593334 0.21918863 -0.32602566
v -0.20546770 0.21919733 -0.34756526
v -0.19979544 0.22237733 -0.34892455
v -0.20449863 0.22225015 -0.34409586
v -0.20564491 0.22454172 -0.33989897
v -0.19893132 0.22728467 -0.34255740
v -0.19872378 0.20925856 -0.37383997
v -0.18734558 0.21716869 -0.37381452
v -0.18112886 0.22860378 -0.36135167
v -0.17145582 0.22687805 -0.37378418
v -0.18224965 0.24026211 -0.34252116
v -0.15882653 0.24499997 -0.35539109
v -0.15441912 0.24709678 -0.35643226
v -0.15609752 0.24268565 -0.36200410
v -0.14799023 0.24640197 -0.36216167
v -0.12485038 0.25091586 -0.37370884
v 0.06280974 0.25972423 -0.37362674
v 0.12398862 0.23346563 -0.37098518
v 0.12086065 0.23258157 -0.37369132
v 0.12534292 0.23043431 -0.37369785
v 0.14886098 0.21532598 -0.37374875
v 0.15658399 0.21269092 -0.37051532
v 0.17765208 0.19846919 -0.36872000
v 0.12748691 0.23267375 -0.36940944
v 0.11716434 0.23890959 -0.36959559
v 0.12534158 0.24048251 -0.36235669
v 0.15279737 0.21918474 -0.36617541
v 0.14873239 0.23471832 -0.35025728
v 0.15620422 0.24966441 -0.32724404
v 0.16529223 0.21917813 -0.35634887
v 0.17690286 0.21447220 -0.35195965
v 0.17429999 0.22127566 -0.34675127
v 0.18262988 0.21917108 -0.34256494
v 0.16906327 0.22544396 -0.34566912
v 0.15795232 0.24766146 -0.32825032
v 0.17473252 0.22424486 -0.34254664
v 0.18782735 0.19764432 -0.36200809
v 0.20953214 0.18792304 -0.35347974
v 0.19807789 0.20844381 -0.34260216
v 0.21906638 0.18791726 -0.34570432
v 0.21037628 0.20527974 -0.33568370
v 0.22413296 0.19807389 -0.33211848
v 0.23193753 0.18790512 -0.33348978
v 0.24090196 0.19882515 -0.31614712
v 0.19947921 0.21521010 -0.33468670
v 0.19366673 0.22892451 -0.32305318
v 0.21651565 0.21915181 -0.31644657
v 0.22011922 0.21914843 -0.31356689
v 0.25030485 0.17827930 -0.32347789
v 0.25880474 0.17652048 -0.31573534
v -0.21860093 0.23115778 -0.31731704
v -0.20300557 0.24265733 -0.31913197
v -0.17353344 0.25045663 -0.33559644
v -0.18734828 0.24466671 -0.33094904
v -0.15609953 0.25045651 -0.35007501
v -0.15070546 0.25045550 -0.35540944
v -0.16118397 0.26062936 -0.33193776
v -0.14831820 0.26603612 -0.33462510
v -0.17804004 0.26143163 -0.31590727
v -0.15611121 0.27420717 -0.31497228
v -0.13458148 0.26991379 -0.34244621
v -0.13488084 0.27610838 -0.33124214
v -0.12485166 0.26046452 -0.36246324
v -0.10986058 0.28044716 -0.34241772
v -0.11384948 0.26058275 -0.36819220
v -0.10862399 0.28048643 -0.34302509
v -0.09359520 0.26976034 -0.36769605
v -0.10890237 0.28104243 -0.34208637
v -0.10613391 0.28170222 -0.34241307
v -0.10981330 0.28112248 -0.34125653
v -0.10856153 0.28170249 -0.34107390
v -0.08379977 0.28169987 -0.35405028
v -0.07338039 0.28628868 -0.35156116
v -0.08103421 0.28782055 -0.34544331
v -0.08290178 0.29155463 -0.33745652
v -0.07285044 0.29194164 -0.34237251
v -0.07224217 0.27103162 -0.37365219
v -0.06233079 0.27373514 -0.37364244
v -0.03671996 0.27887532 -0.37361932
v -0.03106180 0.28038645 -0.37295553
v -0.05345350 0.28844130 -0.35585260
v -0.03241225 0.28170225 -0.37091562
v -0.05406853 0.29641536 -0.34235305
v -0.03980947 0.29547614 -0.34923714
v -0.03365526 0.30777454 -0.32929194
v -0.02991261 0.28170225 -0.37131453
v -0.00624454 0.29086703 -0.36067855
v -0.02299610 0.29682904 -0.34990710
v -0.02883081 0.30848384 -0.32893491
v -0.00407735 0.30435842 -0.34232771
v -0.02685819 0.27960399 -0.37361333
v 0.00022579 0.27921999 -0.37360752
v 0.01732633 0.27462071 -0.37360895
v 0.03151791 0.27400440 -0.36975533
v 0.05814502 0.26375774 -0.37129173
v 0.00710062 0.29045612 -0.35985363
v 0.02649624 0.28170419 -0.36357147
v 0.00486504 0.30367291 -0.34232602
v 0.02309693 0.29613239 -0.34955096
v 0.03090848 0.31172904 -0.32729915
v 0.03841566 0.28170121 -0.35981953
v 0.05816244 0.27072215 -0.36433333
v 0.05152788 0.28605539 -0.35106632
v 0.04184631 0.29230690 -0.34764558
v 0.03249805 0.31097084 -0.32767913
v 0.05295308 0.29325533 -0.34233820
v 0.06280891 0.26409215 -0.36963505
v 0.07268380 0.26115048 -0.36869851
v 0.07399890 0.27725169 -0.35125640
v 0.10114954 0.26456693 -0.35096288
v 0.09408548 0.25918186 -0.36238891
v 0.10222261 0.25451228 -0.36210430
v 0.10543674 0.27313566 -0.33813339
v 0.07749397 0.28264633 -0.34426871
v 0.08256054 0.28168935 -0.34236670
v 0.07948793 0.28169236 -0.34443894
v 0.07704403 0.28449860 -0.34235832
v 0.07917135 0.28313485 -0.34308293
v 0.07972615 0.28424257 -0.34108520
v 0.12003508 0.26103216 -0.34242749
v 0.10281537 0.28167087 -0.32862109
v 0.11689271 0.27448079 -0.32804793
v 0.12534040 0.25323701 -0.34805554
v 0.13210930 0.25042650 -0.34583670
v 0.15406086 0.25041243 -0.32812521
v 0.12819062 0.25612766 -0.34244299
v 0.15615286 0.25019878 -0.32665792
v 0.15657742 0.24994542 -0.32663816
v 0.15890789 0.24924432 -0.32571030
v 0.15542363 0.25098801 -0.32629198
v 0.15657724 0.25041085 -0.32607639
v 0.13060860 0.27131391 -0.32175520
v 0.18780494 0.23772159 -0.31720403
v 0.19286090 0.23730603 -0.31386212
v 0.21903744 0.22097494 -0.31231484
v -0.09360518 0.29827988 -0.31942600
v -0.07545088 0.30388081 -0.31766802
v -0.06234206 0.30409580 -0.32464343
v -0.03693500 0.31001690 -0.32377389
v -0.03106564 0.31047165 -0.32546341
v -0.02735878 0.31109568 -0.32484904
v -0.03106581 0.31294882 -0.32040530
v 0.00022177 0.30928624 -0.33500886
v 0.03062777 0.31249464 -0.32625240
v 0.03151337 0.31231609 -0.32638448
v 0.03301672 0.31218576 -0.32594508
v 0.03151312 0.31293663 -0.32519946
v 0.06280528 0.30416107 -0.32480139
v 0.07572967 0.30375835 -0.31756246
v 0.09407731 0.29500988 -0.31780005
v -0.15650563 -0.31224355 -0.26446763
v -0.15628488 -0.31229496 -0.26449317
v -0.12765408 -0.33017135 -0.25376803
v -0.10038039 -0.32504946 -0.27083293
v -0.12197984 -0.33078319 -0.25499600
v -0.08594121 -0.32778639 -0.27218926
v -0.06930462 -0.32545495 -0.27990434
v -0.07006288 -0.33510733 -0.26364541
v -0.03128826 -0.34448659 -0.24927723
v -0.06256764 -0.31809777 -0.29212263
v -0.06256786 -0.30776188 -0.31114453
v -0.04126602 -0.31695718 -0.30048633
v -0.05526117 -0.32658082 -0.27989525
v -0.03738623 -0.32415208 -0.28941700
v -0.04137562 -0.33213240 -0.27433881
v -0.05449028 -0.33567345 -0.26477745
v -0.03289201 -0.34322608 -0.25185063
v -0.02559314 -0.32336548 -0.28980571
v -0.02159751 -0.33135104 -0.27394837
v -0.00833167 -0.32856345 -0.27987319
v -0.02983147 -0.34322494 -0.25155634
v -0.00857779 -0.33614200 -0.26572794
v -0.03129658 -0.31895506 -0.29899266
v 0.03123491 -0.34428164 -0.24917075
v -0.01983970 -0.31769454 -0.30122033
v -0.00003507 -0.32029212 -0.29651994
v -0.00003457 -0.31376672 -0.31110451
v 0.02065700 -0.31723341 -0.30075243
v 0.00774623 -0.32750764 -0.27986830
v 0.02642728 -0.32153937 -0.29068264
v 0.02227087 -0.32986480 -0.27319464
v 0.00800148 -0.33561236 -0.26467720
v 0.02993973 -0.34320399 -0.25121960
v 0.03556465 -0.32063332 -0.29113019
v 0.03964403 -0.32878026 -0.27265176
v 0.05634532 -0.32418936 -0.27985051
v 0.03237281 -0.34320280 -0.25090653
v 0.05633259 -0.33370310 -0.26090404
v 0.03121851 -0.31789154 -0.29844272
v 0.04064696 -0.31665885 -0.30018172
v 0.06247065 -0.31849378 -0.29296723
v 0.06247038 -0.31163576 -0.31108427
v 0.09324312 -0.31215191 -0.29570308
v 0.06788582 -0.32275438 -0.27984992
v 0.09353960 -0.31226200 -0.29529658
v 0.08772118 -0.32389969 -0.27022842
v 0.06789911 -0.33298141 -0.25947636
v 0.09385253 -0.31219837 -0.29532829
v 0.09896248 -0.32241628 -0.26949203
v 0.12457055 -0.32790431 -0.24941267
v 0.09371191 -0.31212011 -0.29557019
v 0.09397434 -0.31204838 -0.29560012
v 0.12494601 -0.29919451 -0.31110081
v 0.12526959 -0.32783490 -0.24927479
v -0.25251931 -0.25429046 -0.28010964
v -0.25412661 -0.26919842 -0.25677842
v -0.20403080 -0.28228718 -0.28076637
v -0.20458841 -0.28340492 -0.27874959
v -0.21891981 -0.29348055 -0.25512972
v -0.20142078 -0.30334026 -0.25567117
v -0.25017443 -0.25226074 -0.28543752
v -0.25017291 -0.23597912 -0.31138390
v -0.22979084 -0.25502267 -0.30114761
v -0.20786197 -0.28082883 -0.28004074
v -0.24562216 -0.25869998 -0.28009832
v -0.22698909 -0.26571256 -0.28763962
v -0.23036554 -0.27247164 -0.27588817
v -0.24327034 -0.27212629 -0.26263645
v -0.22772798 -0.28084359 -0.26642513
v -0.20450115 -0.28082690 -0.28243780
v -0.20197342 -0.28347838 -0.28003451
v -0.20214257 -0.28198245 -0.28234830
v -0.18979771 -0.26626283 -0.31128451
v -0.21892893 -0.26026094 -0.30103678
v -0.15680218 -0.31204894 -0.26456735
v -0.17845815 -0.29365462 -0.28001043
v -0.18766823 -0.30344939 -0.26277286
v -0.18766463 -0.26725015 -0.31128156
v -0.17790513 -0.28667927 -0.29174197
v -0.15640810 -0.31204852 -0.26475707
v -0.16567272 -0.29351121 -0.28634810
v -0.14921781 -0.29769140 -0.28843036
v -0.15116426 -0.31204343 -0.26698282
v -0.15705162 -0.31237090 -0.26404953
v -0.15640819 -0.31250456 -0.26414236
v -0.16831264 -0.27484843 -0.31125396
v -0.15744086 -0.28079709 -0.30913538
v -0.15575925 -0.28079602 -0.30997717
v -0.12591222 -0.31044927 -0.27995652
v -0.12815487 -0.29336399 -0.30513778
v -0.15516274 -0.28018364 -0.31123534
v -0.15638855 -0.27997082 -0.31082365
v -0.12303022 -0.31201601 -0.27890563
v -0.12454651 -0.31085685 -0.27995542
v -0.12512703 -0.31467253 -0.27464721
v -0.12512743 -0.31148651 -0.27889311
v -0.12511411 -0.29046613 -0.31120682
v -0.12277807 -0.29405841 -0.30652970
v -0.11738244 -0.29253346 -0.31119934
v -0.09384656 -0.31200069 -0.29039422
v -0.09534468 -0.30900839 -0.29405341
v -0.09261060 -0.30953324 -0.29431328
v -0.09384399 -0.30684268 -0.29813039
v -0.08726580 -0.31199801 -0.29225549
v -0.08665667 -0.30840978 -0.29913279
v -0.09384220 -0.33968601 -0.25046629
v 0.10675353 -0.31191099 -0.28895527
v 0.12418340 -0.31190261 -0.27948785
v 0.09371029 -0.33194724 -0.25423950
v 0.12479270 -0.31159610 -0.27986917
v 0.12494586 -0.31028903 -0.28309628
v 0.12514959 -0.31149477 -0.27986938
v 0.12494877 -0.31712723 -0.26942334
v 0.12494587 -0.31172273 -0.27951041
v 0.12992348 -0.29877290 -0.30861461
v 0.15029941 -0.30011073 -0.28960425
v 0.16400084 -0.29626843 -0.28769907
v 0.15619412 -0.29113477 -0.30587012
v 0.15568693 -0.31086415 -0.26477554
v 0.15701474 -0.31023803 -0.26508906
v 0.13867447 -0.32065046 -0.25550678
v 0.15529805 -0.31143063 -0.26382056
v 0.15619482 -0.31187797 -0.26248735
v 0.15619460 -0.31113321 -0.26389664
v 0.15853885 -0.31070486 -0.26310018
v 0.17902479 -0.29503453 -0.27989930
v 0.17899239 -0.28780043 -0.29423130
v 0.16556333 -0.28532720 -0.31111753
v 0.20083265 -0.28509656 -0.27992302
v 0.18744615 -0.30200148 -0.26020533
v 0.18745062 -0.27402627 -0.31113526
v 0.20084968 -0.28283978 -0.28436965
v 0.20428887 -0.28303939 -0.28113806
v 0.20500119 -0.28446224 -0.27800319
v 0.19773415 -0.30137512 -0.25383213
v 0.21870492 -0.29164326 -0.25422436
v 0.19646366 -0.26950753 -0.31114429
v 0.20986915 -0.28061062 -0.27993068
v 0.20529839 -0.28061315 -0.28436756
v 0.22692102 -0.26578218 -0.28735238
v 0.22979507 -0.27152783 -0.27540785
v 0.24693941 -0.25540668 -0.27995726
v 0.22681871 -0.28060156 -0.26492631
v 0.24487297 -0.27006441 -0.25889525
v 0.21870969 -0.26180434 -0.30176598
v 0.23045966 -0.25523627 -0.30143172
v 0.24996725 -0.25115997 -0.28356737
v 0.25131333 -0.25204486 -0.27996019
v 0.25245616 -0.26746246 -0.25370112
v -0.27206808 -0.23092505 -0.28643662
v -0.25595298 -0.24959977 -0.28300717
v -0.25236490 -0.23507734 -0.31029046
v -0.27422079 -0.23524097 -0.27171630
v -0.25903821 -0.24960357 -0.27568710
v -0.26367462 -0.25848469 -0.25563002
v -0.28139955 -0.23495942 -0.25721115
v -0.27259588 -0.24521303 -0.26011294
v -0.29184115 -0.19235361 -0.30107278
v -0.28232574 -0.21836430 -0.28018284
v -0.28948456 -0.20331860 -0.28772742
v -0.29172176 -0.20779297 -0.27491558
v -0.28952122 -0.21837354 -0.26520658
v -0.27508327 -0.21835890 -0.29877856
v -0.25459841 -0.23176689 -0.31139299
v -0.27223831 -0.21377739 -0.31142434
v -0.28139281 -0.20537649 -0.30494872
v 0.24754129 -0.23495108 -0.30998147
v 0.24945049 -0.23321855 -0.31015939
v 0.24867640 -0.23309137 -0.31119564
v 0.24996886 -0.23810583 -0.30245838
v 0.25308663 -0.24935460 -0.28151923
v 0.25590479 -0.24935380 -0.27699649
v 0.24996936 -0.23183763 -0.31119671
v 0.25151384 -0.23219277 -0.30811092
v 0.27000791 -0.22691587 -0.28437221
v 0.27269271 -0.23228170 -0.27288485
v 0.25998473 -0.25996685 -0.25373268
v 0.27142698 -0.24445310 -0.25945371
v 0.28123906 -0.24935684 -0.23656036
v 0.28123227 -0.23384881 -0.25660676
v 0.26933402 -0.21217108 -0.31121239
v 0.28109357 -0.21811518 -0.27997619
v 0.27326211 -0.21811330 -0.29527810
v 0.28978866 -0.20396543 -0.28706098
v 0.29206848 -0.20852077 -0.27518409
v 0.28976381 -0.21811748 -0.26578590
v 0.31124488 -0.20379746 -0.25130135
v 0.28124028 -0.20379163 -0.30405581
v 0.29197475 -0.19224791 -0.30096611
v 0.31297886 -0.20298681 -0.24967672
v -0.32546300 -0.17796622 -0.25546125
v -0.34577239 -0.12871812 -0.26666868
v -0.32373863 -0.15145771 -0.28911236
v -0.32710546 -0.15588887 -0.28025562
v -0.33066443 -0.15087149 -0.27774701
v -0.32763204 -0.15482193 -0.28025603
v -0.32742244 -0.15663378 -0.27876741
v -0.32773891 -0.15546261 -0.27940309
v -0.31449342 -0.14123327 -0.31148350
v -0.30422825 -0.18712431 -0.28442118
v -0.30735493 -0.18712619 -0.27761745
v -0.30988789 -0.18172160 -0.28024200
v -0.31258804 -0.18354642 -0.27307808
v -0.29970688 -0.17794344 -0.30503052
v -0.31255940 -0.14592677 -0.31148326
v -0.30810216 -0.16703196 -0.30253875
v -0.30309755 -0.16676375 -0.31147894
v -0.31002510 -0.20147730 -0.25028598
v -0.31679016 -0.13814197 -0.30936277
v 0.30577627 -0.18689960 -0.28336412
v 0.29941601 -0.17782815 -0.30467701
v 0.30850977 -0.18690121 -0.27799088
v 0.31029311 -0.18244082 -0.27999657
v 0.30777848 -0.16653395 -0.30172324
v 0.32591218 -0.15568565 -0.27999905
v 0.30292442 -0.16648588 -0.31122559
v 0.31252062 -0.19923434 -0.25534299
v 0.31252578 -0.18417574 -0.27453896
v 0.31256005 -0.14167510 -0.31122550
v 0.31386095 -0.20185944 -0.24942844
v 0.32635361 -0.17821071 -0.25566962
v 0.31621090 -0.14371213 -0.30392921
v 0.31314284 -0.14035165 -0.31122550
v 0.31384191 -0.13942277 -0.31058660
v 0.32694486 -0.15321584 -0.27999964
v 0.33759707 -0.13691314 -0.27061662
v 0.32676613 -0.15709813 -0.27717638
v 0.32734945 -0.15485717 -0.27833968
v 0.34449273 -0.12578860 -0.26505661
v -0.34727898 -0.12463373 -0.26640183
v -0.34373388 -0.12463553 -0.27229142
v -0.33664569 -0.11043930 -0.28877234
v -0.33243507 -0.12463608 -0.29020408
v -0.32395822 -0.11473322 -0.30576777
v -0.34784919 -0.11637526 -0.26875502
v -0.34900287 -0.12727593 -0.26198983
v -0.34374747 -0.15487263 -0.24953109
v -0.35114068 -0.12092017 -0.26091620
v -0.34590971 -0.09338103 -0.28024974
v -0.35282549 -0.08040583 -0.27377024
v -0.35336304 -0.09337920 -0.26833552
v -0.33579022 -0.09338783 -0.29559886
v -0.34238476 -0.06476128 -0.29456359
v -0.32242694 -0.10406273 -0.31148431
v -0.32592717 -0.08447763 -0.31148714
v -0.34041405 -0.06378212 -0.29751611
v 0.33194727 -0.12446243 -0.28967959
v 0.32601550 -0.11555391 -0.30452508
v 0.32528085 -0.10251209 -0.31123677
v 0.34383649 -0.12447453 -0.26704982
v 0.33626452 -0.10931023 -0.28804752
v 0.34495446 -0.12224561 -0.26551610
v 0.34493876 -0.12447565 -0.26495120
v 0.34382802 -0.13748756 -0.25789100
v 0.34540361 -0.12525959 -0.26361755
v 0.34607852 -0.12335729 -0.26328221
v 0.32909721 -0.08585532 -0.31124789
v 0.33730158 -0.06530756 -0.29894090
v 0.34286028 -0.09324403 -0.28002149
v 0.33589631 -0.09323929 -0.29532051
v 0.34019098 -0.06940857 -0.29194629
v 0.35015088 -0.07454488 -0.27068686
v 0.35147083 -0.09325267 -0.26400220
v -0.35770321 -0.06212726 -0.27166340
v -0.34369051 -0.06213824 -0.29339433
v -0.34271127 -0.06017977 -0.29489657
v -0.34239742 -0.06213894 -0.29522672
v -0.34105849 -0.06082097 -0.29719311
v -0.35545385 -0.03851601 -0.27646524
v -0.36321467 -0.07190357 -0.25486273
v -0.36344761 -0.05221758 -0.25475028
v -0.34413084 0.00011276 -0.29616502
v -0.35300699 -0.03088553 -0.28028372
v -0.34510300 -0.00256099 -0.29446226
v -0.35468286 -0.02173441 -0.27571911
v -0.35593370 -0.03088437 -0.27363226
v -0.33891922 -0.03089390 -0.30200502
v -0.33194089 -0.03677458 -0.31151152
v -0.33238280 -0.02524592 -0.31151924
v -0.34364685 -0.00138374 -0.29679030
v 0.34022745 -0.06201345 -0.29381359
v 0.33787695 -0.05900208 -0.29866219
v 0.33134151 -0.03707773 -0.31128582
v 0.34389955 -0.06201595 -0.28661045
v 0.34075543 -0.05571219 -0.29250512
v 0.35132712 -0.04721401 -0.27185255
v 0.35283515 -0.06202222 -0.26890147
v 0.35780764 -0.06897919 -0.25748608
v 0.35987419 -0.05404693 -0.25647879
v 0.33027518 -0.02394892 -0.31129754
v 0.33388549 -0.00460322 -0.30075419
v 0.34682882 -0.03078689 -0.28007847
v 0.33743465 -0.03078511 -0.29828367
v 0.33921835 -0.00906793 -0.29095101
v 0.35070032 -0.01302528 -0.27122512
v 0.35345328 -0.03078870 -0.26787993
v -0.34445760 0.00035602 -0.29551545
v -0.35565788 0.00036171 -0.27070928
v -0.34411368 0.00059046 -0.29615700
v -0.34493828 0.00295045 -0.29462770
v -0.34364337 0.00275526 -0.29712301
v -0.35422811 0.02160078 -0.27532426
v -0.36046690 -0.00806675 -0.25626090
v -0.36020911 0.00866321 -0.25639769
v -0.34523427 0.06202202 -0.29676864
v -0.35224435 0.03160267 -0.28032905
v -0.34733143 0.05538798 -0.29222867
v -0.35412008 0.04180700 -0.27523583
v -0.35513002 0.03160251 -0.27214766
v -0.33990002 0.03159248 -0.30410278
v -0.33537805 0.02746301 -0.31154931
v -0.33595109 0.03543059 -0.31155252
v -0.34361145 0.05585394 -0.29944104
v 0.31107911 0.04557058 -0.30793718
v 0.30894586 0.04536458 -0.31137776
v 0.33752370 0.00044495 -0.29248548
v 0.32661921 0.00913185 -0.30440873
v 0.31278944 0.03376222 -0.31136429
v 0.31930611 0.01932326 -0.31134561
v 0.34398526 0.00044449 -0.28147507
v 0.33675593 0.01493264 -0.28849745
v 0.34948218 0.01142047 -0.27000767
v 0.35247433 0.00044292 -0.26875299
v 0.35884663 -0.00699883 -0.25707230
v 0.35723162 0.00707112 -0.25789747
v 0.31818661 0.04190337 -0.30060217
v 0.30912086 0.04913558 -0.30954275
v 0.31279945 0.05202700 -0.30193150
v 0.33915910 0.03168001 -0.28015471
v 0.33272842 0.03167868 -0.28880012
v 0.33264664 0.04017022 -0.28440794
v 0.33910573 0.05310717 -0.26948434
v 0.35082251 0.03168239 -0.26257682
v -0.34605491 0.06283659 -0.29473114
v -0.35480809 0.06283595 -0.27034211
v -0.34505653 0.06356213 -0.29668072
v -0.34568375 0.06699619 -0.29387736
v -0.34360453 0.06763483 -0.29835498
v -0.35144436 0.07853948 -0.27258760
v -0.35961735 0.05481948 -0.25671941
v -0.35828838 0.07017929 -0.25739440
v -0.34711954 0.09407155 -0.28034699
v -0.34554127 0.12140085 -0.26668668
v -0.35196632 0.09407098 -0.26587740
v -0.33815491 0.09407077 -0.30069697
v -0.33718091 0.11250992 -0.28955039
v -0.33210245 0.08832344 -0.31156951
v -0.33001816 0.10085943 -0.31156552
v -0.32797039 0.11751014 -0.30374873
v 0.30398363 0.07411688 -0.30699953
v 0.30643755 0.08491102 -0.29869220
v 0.30517650 0.10215338 -0.29621392
v 0.31866762 0.09416123 -0.28023326
v 0.31268391 0.12520444 -0.28027394
v 0.29792053 0.08598892 -0.31142980
v 0.29538620 0.10106422 -0.31145048
v 0.31280243 0.06976087 -0.29387683
v 0.32252511 0.06291616 -0.28505677
v 0.33545181 0.06291928 -0.26887250
v 0.32126230 0.07987738 -0.28021601
v 0.34080634 0.06131784 -0.26299325
v 0.34400594 0.05551908 -0.26088965
v 0.33956438 0.06514327 -0.26237738
v 0.34400475 0.06291972 -0.25698903
v 0.29652560 0.11792384 -0.30333817
v 0.32417783 0.08994175 -0.27179790
v 0.32330406 0.09925165 -0.27006885
v -0.34504482 0.12531629 -0.26545891
v -0.34358293 0.12531669 -0.26832500
v -0.33230144 0.12532105 -0.29030713
v -0.31503719 0.13959742 -0.31019193
v -0.34444791 0.12704651 -0.26559219
v -0.33518246 0.14211237 -0.27310562
v -0.34642226 0.12389624 -0.26331156
v -0.34565625 0.12635240 -0.26369309
v -0.34358448 0.13919085 -0.25778785
v -0.32702062 0.15471132 -0.28031716
v -0.31948665 0.14810508 -0.29723948
v -0.32616875 0.15657224 -0.28031576
v -0.32722980 0.15585083 -0.27887601
v -0.32677877 0.15774560 -0.27797088
v -0.31344777 0.14150725 -0.31154093
v -0.31233254 0.14358446 -0.31153840
v -0.30674523 0.16663247 -0.30036417
v -0.29943138 0.16577032 -0.31150860
v -0.29247192 0.18216430 -0.30156082
v -0.30980268 0.18277897 -0.28027755
v 0.27673337 0.15423656 -0.31150284
v 0.28156126 0.14933763 -0.30784971
v 0.31255770 0.12540182 -0.28038660
v 0.29393321 0.13159022 -0.30206144
v 0.31268013 0.12540178 -0.28022304
v 0.27245265 0.16120249 -0.31149983
v 0.25028741 0.19335070 -0.31147447
v 0.26916912 0.18170223 -0.30207413
v 0.27927363 0.15664987 -0.30693710
v 0.27819082 0.18118064 -0.29254782
v 0.28850675 0.15664825 -0.29762253
v 0.31249118 0.12598498 -0.28027457
v 0.30030090 0.15352112 -0.28653365
v 0.29958561 0.15905659 -0.28511363
v 0.30441317 0.15664387 -0.28029352
v 0.29031309 0.17036000 -0.28714642
v 0.30138448 0.16507068 -0.28029907
v 0.31278235 0.12529652 -0.28006369
v 0.31278235 0.12553634 -0.28000537
v 0.32727453 0.11703914 -0.25629443
v 0.32538176 0.13471204 -0.25536406
v 0.31898296 0.14723529 -0.26148850
v 0.31665811 0.16838013 -0.25684106
v -0.32716060 0.17961484 -0.25647059
v -0.30053186 0.18785401 -0.28615987
v -0.30734494 0.18784712 -0.27777708
v -0.31233704 0.18462151 -0.27384436
v -0.28704342 0.19084869 -0.29883024
v -0.28626168 0.19821574 -0.29067805
v -0.28108990 0.19544195 -0.29962057
v -0.29066175 0.20701052 -0.27417547
v -0.31179959 0.20319556 -0.24931195
v -0.27024513 0.21915475 -0.28018463
v -0.28709790 0.21913144 -0.26095909
v -0.26710445 0.21915841 -0.28343216
v -0.26326650 0.22137383 -0.28459460
v -0.26654464 0.22129035 -0.28124198
v -0.26728114 0.22275719 -0.27837908
v -0.26258564 0.22495635 -0.28016922
v -0.25577191 0.20650288 -0.31141427
v -0.24984953 0.21133414 -0.31140167
v -0.24311590 0.22806868 -0.29790688
v -0.23160017 0.22568700 -0.31135988
v -0.24432687 0.23935097 -0.28013420
v -0.22001056 0.24764635 -0.29431000
v -0.21779147 0.24881527 -0.29488939
v -0.21860859 0.24562708 -0.29811963
v -0.21544354 0.24886853 -0.29728431
v -0.18735133 0.25859624 -0.31126744
v 0.24582073 0.20128183 -0.30923527
v 0.18780410 0.24263740 -0.31131876
v 0.19910125 0.24042343 -0.30569887
v 0.21504393 0.24241087 -0.29178381
v 0.24593858 0.20785053 -0.30278450
v 0.24016173 0.22463900 -0.29123294
v 0.25900316 0.21912330 -0.28025526
v 0.22576927 0.23690039 -0.28905752
v 0.24213868 0.23408981 -0.28021371
v 0.22729470 0.21501537 -0.31142199
v 0.22122526 0.22024123 -0.31140807
v 0.21903598 0.22396222 -0.30899471
v 0.25028312 0.20051143 -0.30547670
v 0.27390784 0.18788925 -0.29207858
v 0.26358145 0.21446654 -0.28026587
v 0.28154671 0.18788761 -0.28448254
v 0.26963145 0.21168742 -0.27655792
v 0.28744137 0.19967581 -0.27058017
v 0.29560950 0.18788403 -0.27171499
v 0.30094725 0.19758017 -0.25499767
v 0.26421249 0.21742392 -0.27686960
v 0.26260856 0.22242327 -0.27365297
v 0.27357769 0.21911868 -0.26497284
v 0.28412580 0.21911550 -0.25420353
v 0.31277829 0.17676118 -0.25808296
v 0.31787932 0.17481139 -0.25163934
v -0.28111932 0.22883007 -0.25381118
v -0.26424894 0.24196890 -0.25611675
v -0.23704350 0.25043601 -0.27371061
v -0.24987578 0.24414414 -0.26759380
v -0.21861140 0.25044960 -0.29224008
v -0.21615458 0.25045112 -0.29447597
v -0.22437873 0.26193190 -0.27022582
v -0.20877910 0.27016026 -0.27430677
v -0.24024735 0.26122642 -0.25371897
v -0.21866795 0.27758500 -0.25091875
v -0.19854406 0.27278334 -0.28005135
v -0.18394974 0.28170687 -0.28002557
v -0.19907472 0.27776361 -0.27218294
v -0.18735285 0.26307833 -0.30525059
v -0.18257588 0.26369968 -0.30887109
v -0.17982338 0.27362651 -0.29617804
v -0.15611354 0.27801132 -0.30936974
v -0.17448536 0.28444207 -0.28547117
v -0.16252558 0.28171062 -0.29842371
v -0.17451419 0.28721708 -0.28001040
v -0.16846129 0.28830528 -0.28329432
v -0.16576600 0.29372171 -0.27399948
v -0.18473804 0.29464877 -0.25418031
v -0.15313189 0.28171021 -0.30524901
v -0.12899627 0.29321292 -0.30293918
v -0.14738834 0.29547206 -0.28684837
v -0.15064642 0.30194473 -0.26987422
v -0.12927678 0.30419242 -0.27994573
v -0.15144786 0.27937841 -0.31121325
v -0.12486693 0.29076335 -0.31117737
v -0.12201817 0.29448590 -0.30547509
v -0.11747257 0.29363906 -0.31116775
v -0.12183593 0.30685797 -0.27993506
v -0.09484443 0.31050065 -0.29428726
v -0.09270803 0.31115156 -0.29460984
v -0.09361249 0.30964556 -0.29717213
v -0.08871874 0.31051365 -0.29795450
v -0.06234076 0.31062946 -0.31110263
v 0.00022038 0.32141733 -0.31107441
v 0.06280304 0.31226563 -0.31109530
v 0.08624317 0.30899608 -0.29940581
v 0.09236372 0.30948767 -0.29379424
v 0.12016217 0.29211983 -0.30085465
v 0.09650232 0.30804083 -0.29307729
v 0.12078491 0.30381930 -0.27992463
v 0.11100578 0.29012820 -0.31116033
v 0.09407327 0.30540401 -0.29925472
v 0.12532668 0.28236541 -0.31118464
v 0.14011437 0.27342576 -0.31121531
v 0.16918883 0.27564713 -0.28302121
v 0.15656605 0.26818460 -0.30451304
v 0.17248641 0.25835943 -0.30362245
v 0.17042474 0.27812076 -0.27827457
v 0.13408643 0.28850770 -0.29366666
v 0.16194342 0.28163466 -0.28001222
v 0.14705066 0.28164509 -0.29219916
v 0.13335592 0.29680952 -0.27994865
v 0.14462928 0.28902102 -0.28366581
v 0.14709178 0.29393950 -0.27382499
v 0.17605722 0.27387527 -0.28004482
v 0.16880260 0.28162983 -0.27326727
v 0.17516313 0.27864724 -0.27407581
v 0.18779980 0.25706708 -0.29342377
v 0.20519413 0.25038734 -0.28882796
v 0.19422221 0.26323828 -0.28009436
v 0.21903333 0.25037584 -0.27872345
v 0.21409982 0.26024842 -0.26945794
v 0.22246082 0.25721803 -0.26796794
v 0.23051018 0.25036481 -0.27030027
v 0.21905011 0.26658782 -0.25641447
v 0.23615965 0.25890821 -0.25601643
v 0.19552639 0.27372503 -0.26429757
v 0.25029004 0.24243507 -0.26438707
v 0.26323712 0.24119657 -0.25548008
v 0.28155476 0.22425972 -0.25162831
v -0.15616772 0.30466458 -0.26023656
v -0.14635073 0.30805460 -0.25946426
v -0.15618932 0.31296247 -0.23976550
v -0.11258762 0.31296366 -0.27377713
v -0.12489737 0.30910361 -0.27222884
v -0.09361784 0.31296116 -0.28970677
v -0.08858109 0.31296021 -0.29299599
v -0.09768049 0.32105353 -0.26833349
v -0.08845495 0.32330692 -0.26945108
v -0.11017262 0.32122147 -0.25605980
v -0.09363516 0.32635501 -0.25759417
v -0.06814677 0.32454693 -0.27987283
v -0.06693477 0.33316380 -0.25779957
v -0.06234388 0.31948042 -0.29290968
v -0.05570569 0.32622558 -0.27986562
v -0.04370421 0.31926727 -0.30178267
v -0.03749564 0.32580084 -0.28904837
v -0.02318009 0.32870725 -0.28758654
v -0.03106377 0.32250875 -0.30023995
v -0.01097584 0.32298124 -0.30548808
v -0.04038743 0.33157861 -0.27354789
v -0.02039346 0.33427635 -0.27488509
v -0.03106623 0.34194553 -0.24974102
v -0.05700507 0.33392224 -0.25931191
v -0.00981330 0.33298558 -0.27984181
v -0.00897731 0.33775440 -0.26696211
v 0.00021931 0.32480806 -0.30355519
v 0.01076374 0.33401495 -0.27983829
v 0.01081895 0.32327318 -0.30578706
v 0.02271321 0.33049273 -0.28668416
v 0.03915279 0.32820648 -0.28782833
v 0.03150803 0.32430309 -0.30114391
v 0.04652317 0.32042488 -0.30296308
v 0.02047819 0.33494785 -0.27522361
v 0.04151125 0.33292472 -0.27422741
v 0.03149204 0.34142593 -0.24998507
v 0.00995536 0.33829725 -0.26806039
v 0.05524569 0.32797566 -0.27985585
v 0.05788963 0.33341306 -0.25838593
v 0.06279480 0.32030392 -0.29462692
v 0.08609543 0.31290370 -0.29151291
v 0.06879476 0.32490909 -0.27986503
v 0.09406768 0.31289744 -0.28570017
v 0.08907923 0.32283893 -0.26923144
v 0.09789209 0.32054919 -0.26809779
v 0.10957430 0.31288493 -0.27203780
v 0.09405551 0.32479823 -0.25830892
v 0.11078981 0.32123685 -0.25592202
v 0.06643132 0.33217260 -0.25592709
v 0.12531798 0.30751225 -0.26919526
v 0.14306819 0.30612165 -0.25759867
v 0.15656111 0.29831785 -0.25709754
v -0.22424886 -0.32280740 -0.20730112
v -0.21147662 -0.32696623 -0.20937906
v -0.19621283 -0.32920134 -0.21755859
v -0.19586322 -0.33592898 -0.20273420
v -0.14162754 -0.34503341 -0.21837914
v -0.14194602 -0.34567171 -0.21631235
v -0.15637116 -0.35101998 -0.19014113
v -0.18766551 -0.32160076 -0.23658282
v -0.18766776 -0.31432620 -0.24878809
v -0.17616108 -0.32194602 -0.24302831
v -0.14973052 -0.34329236 -0.21751198
v -0.17568845 -0.33599225 -0.21753639
v -0.16862318 -0.33651376 -0.22092661
v -0.16985370 -0.33898121 -0.21536402
v -0.17593765 -0.33940297 -0.20970498
v -0.16599783 -0.34330776 -0.20550454
v -0.14261991 -0.34328514 -0.22123294
v -0.13954222 -0.34569907 -0.21750370
v -0.13930954 -0.34472406 -0.22038527
v -0.12776190 -0.35623670 -0.19158521
v -0.13339110 -0.33178002 -0.24872735
v -0.15640375 -0.32915998 -0.24168606
v -0.11321525 -0.35073310 -0.21748284
v -0.12512551 -0.33427745 -0.24871866
v -0.11379548 -0.34757298 -0.22610217
v -0.10585804 -0.35048360 -0.22108760
v -0.08282194 -0.35249212 -0.22208095
v -0.10425176 -0.35368508 -0.21226892
v -0.08463070 -0.35611081 -0.21103948
v -0.09382533 -0.36018145 -0.19471636
v -0.07462108 -0.36489248 -0.19228247
v -0.10222761 -0.33906406 -0.24869464
v -0.09705602 -0.34324890 -0.24226847
v -0.12428750 -0.35808256 -0.18788761
v -0.09139457 -0.34324586 -0.24380364
v -0.07185457 -0.35590386 -0.21745747
v -0.07132921 -0.35009852 -0.23115775
v -0.08993909 -0.34129614 -0.24868268
v -0.09384146 -0.34133387 -0.24773064
v -0.05419160 -0.35776910 -0.21744788
v -0.06255127 -0.36478975 -0.19809875
v -0.06256111 -0.34337103 -0.24866241
v -0.05473501 -0.35104066 -0.23304294
v -0.03436139 -0.34476227 -0.24864838
v -0.04065500 -0.35574684 -0.22369468
v -0.02279474 -0.35750085 -0.22456938
v -0.03128773 -0.34534982 -0.24758658
v -0.03596678 -0.36511374 -0.20652249
v -0.02732001 -0.36654705 -0.20580463
v -0.04310436 -0.36856815 -0.19595726
v -0.03128174 -0.37446749 -0.18655467
v -0.03128262 -0.36901331 -0.19912761
v -0.02296698 -0.37031338 -0.19770271
v -0.00717608 -0.36015499 -0.21743861
v -0.00739036 -0.35147396 -0.23392686
v -0.02851953 -0.34460795 -0.24864690
v 0.00690443 -0.36062151 -0.21743661
v -0.00001363 -0.36705589 -0.20265615
v -0.00002134 -0.34425241 -0.24864365
v 0.00711646 -0.35170636 -0.23439671
v 0.02845356 -0.34459546 -0.24863322
v 0.02228527 -0.35655260 -0.22409664
v 0.04054274 -0.35583174 -0.22374234
v 0.03123523 -0.34500480 -0.24773303
v 0.02605362 -0.36407021 -0.20701306
v 0.03675982 -0.36340553 -0.20734231
v 0.01998092 -0.36881679 -0.19621576
v 0.03125122 -0.37443733 -0.18210229
v 0.03124630 -0.36750406 -0.19837096
v 0.04484527 -0.36763418 -0.19504669
v 0.05406405 -0.35758996 -0.21743271
v 0.05419539 -0.35052663 -0.23208894
v 0.03354437 -0.34435692 -0.24863222
v 0.07214563 -0.35509104 -0.21743509
v 0.06249705 -0.36469436 -0.19801122
v 0.06247464 -0.33995712 -0.24863368
v 0.07201194 -0.34926325 -0.22959712
v 0.08239183 -0.35174376 -0.22171843
v 0.10746130 -0.34691706 -0.21931547
v 0.08483628 -0.35661554 -0.21071547
v 0.10598658 -0.34987235 -0.21407226
v 0.07582361 -0.36544833 -0.19288534
v 0.09373921 -0.36113536 -0.19520791
v 0.12378509 -0.35935295 -0.18682607
v 0.08135875 -0.33699030 -0.24863771
v 0.08742897 -0.34316272 -0.23608208
v 0.10387318 -0.34314859 -0.22835781
v 0.11145126 -0.34734589 -0.21743089
v 0.11133849 -0.34513450 -0.22141129
v 0.12909399 -0.34312993 -0.21743067
v 0.12240334 -0.32879707 -0.24864498
v 0.09371052 -0.33671105 -0.24542123
v 0.12499668 -0.35909539 -0.18691818
v 0.12495482 -0.32825595 -0.24864514
v 0.12580369 -0.35914886 -0.18662366
v 0.15624575 -0.35137528 -0.19035101
v 0.12840849 -0.33096457 -0.24175376
v 0.12591672 -0.32800025 -0.24864541
v 0.13945132 -0.34082979 -0.21743014
v 0.14283481 -0.33864486 -0.21966782
v 0.14185166 -0.34061614 -0.21617937
v 0.12814026 -0.35559848 -0.19250841
v 0.13936621 -0.34189019 -0.21496679
v 0.14413369 -0.34311920 -0.21037970
v 0.16615316 -0.33173418 -0.22312295
v 0.16825698 -0.33592623 -0.21385236
v 0.17868720 -0.32942593 -0.21744949
v 0.16405097 -0.34310764 -0.20183700
v 0.17898573 -0.33597869 -0.20321161
v 0.15620446 -0.32441282 -0.23930892
v 0.17133431 -0.31943220 -0.24061576
v 0.18746132 -0.31823862 -0.23021054
v 0.18745115 -0.30910727 -0.24868491
v 0.19275331 -0.32241309 -0.21746115
v 0.21667477 -0.31597701 -0.20392765
v 0.19251981 -0.33249986 -0.19627789
v 0.21996777 -0.31429964 -0.20309201
v -0.26581106 -0.28094873 -0.21766016
v -0.26582408 -0.28097489 -0.21758695
v -0.28138411 -0.28151065 -0.18671219
v -0.26148191 -0.30219805 -0.19204347
v -0.26586643 -0.28088859 -0.21763019
v -0.28681698 -0.26051599 -0.20748220
v -0.28167543 -0.28092292 -0.18700135
v -0.26582506 -0.28088853 -0.21771827
v -0.26565531 -0.28113979 -0.21762984
v -0.26570916 -0.28096032 -0.21777369
v -0.27058980 -0.27126572 -0.22245240
v -0.25853354 -0.26942876 -0.24886385
v -0.23872453 -0.31212613 -0.21187718
v -0.24610704 -0.30403686 -0.21759754
v -0.25015309 -0.30627885 -0.20589104
v -0.25016448 -0.27692893 -0.24885112
v -0.24422535 -0.29055414 -0.23696736
v -0.23435375 -0.28857282 -0.24882904
v -0.21891868 -0.31210384 -0.22944982
v -0.22011192 -0.30971864 -0.23200750
v -0.21823765 -0.31073794 -0.23251602
v -0.21891998 -0.30830982 -0.23509325
v -0.21602207 -0.31210116 -0.23174770
v -0.21558979 -0.31043553 -0.23485938
v -0.23719017 -0.32128090 -0.19281872
v -0.21889892 -0.33030289 -0.19285703
v -0.28086424 -0.24990454 -0.23355652
v 0.20445457 -0.31185240 -0.22595748
v 0.20455950 -0.30477810 -0.24015611
v 0.21873514 -0.31184730 -0.21005321
v 0.21528456 -0.30497929 -0.22965811
v 0.22435823 -0.30058122 -0.22746494
v 0.21871491 -0.29852796 -0.23975068
v 0.22346444 -0.31184781 -0.20422797
v 0.21874464 -0.31649241 -0.19954459
v 0.22351974 -0.31423545 -0.19948360
v 0.24171621 -0.29530334 -0.21748969
v 0.24163637 -0.28788412 -0.23205033
v 0.26363268 -0.28061077 -0.21750088
v 0.23117152 -0.28682786 -0.24871674
v 0.25001562 -0.30136627 -0.19651538
v 0.24996777 -0.27212211 -0.24872512
v 0.25755012 -0.30000654 -0.19002768
v 0.28128120 -0.28396291 -0.18794639
v 0.26301301 -0.27800795 -0.22269976
v 0.25563908 -0.26780826 -0.24872734
v 0.26507232 -0.27951944 -0.21750164
v 0.27237591 -0.26709217 -0.22426075
v 0.26660344 -0.27864552 -0.21651989
v 0.26390699 -0.28232658 -0.21407330
v 0.26510286 -0.28009516 -0.21646923
v 0.26949185 -0.28061816 -0.20978290
v 0.28224659 -0.25136921 -0.23212306
v 0.28811020 -0.26307636 -0.20874536
v 0.28342950 -0.28063786 -0.19058195
v 0.28123981 -0.25107226 -0.23398361
v 0.28238085 -0.24992850 -0.23369682
v -0.31597409 -0.23576255 -0.18818110
v -0.34494981 -0.18954769 -0.20335037
v -0.31445920 -0.21842465 -0.21774393
v -0.34093061 -0.19289464 -0.20501859
v -0.32264519 -0.20728992 -0.21775967
v -0.31659999 -0.23007043 -0.19449723
v -0.32306781 -0.21329328 -0.20747243
v -0.29439944 -0.24966657 -0.20857745
v -0.30360031 -0.23161891 -0.21771805
v -0.31260619 -0.23665544 -0.19166055
v -0.30301702 -0.22442421 -0.22974803
v -0.29315785 -0.22427213 -0.24894947
v -0.28139767 -0.24963844 -0.23293306
v -0.28157207 -0.24928917 -0.23311676
v -0.28133902 -0.24952082 -0.23323214
v -0.28139761 -0.24927643 -0.23347181
v -0.28125414 -0.24963816 -0.23321880
v -0.28123617 -0.24955720 -0.23337139
v -0.29617876 -0.25708303 -0.19466916
v -0.31049234 -0.20489432 -0.24475381
v -0.30824479 -0.20495431 -0.24898848
v -0.31260693 -0.20122220 -0.24589388
v -0.31260514 -0.19909869 -0.24899691
v -0.31090894 -0.20192140 -0.24814402
v 0.28410056 -0.24936178 -0.23170076
v 0.28366038 -0.24815057 -0.23433669
v 0.29793000 -0.24939337 -0.21023250
v 0.30114672 -0.25934106 -0.19198522
v 0.30463290 -0.23361823 -0.21752468
v 0.30391723 -0.22516659 -0.23157082
v 0.31842151 -0.21816902 -0.21753196
v 0.29399693 -0.22449833 -0.24874842
v 0.31253579 -0.24016574 -0.19903597
v 0.31251895 -0.20404071 -0.24875824
v 0.32034725 -0.23771095 -0.19020249
v 0.31441215 -0.20442116 -0.24498139
v 0.31341767 -0.20297721 -0.24875863
v 0.31534928 -0.20111939 -0.24734756
v 0.32445011 -0.21075562 -0.21753511
v 0.33953974 -0.19549122 -0.20619686
v 0.32204226 -0.22430521 -0.20529546
v 0.32513851 -0.21515717 -0.21148787
v 0.34499249 -0.18932547 -0.20311439
v -0.37681991 -0.14219336 -0.19034284
v -0.34708112 -0.18718964 -0.20383093
v -0.34377334 -0.18718487 -0.20795563
v -0.33882129 -0.17724368 -0.22844756
v -0.33278862 -0.18716151 -0.22789234
v -0.33140403 -0.18095586 -0.23959363
v -0.35864803 -0.15729579 -0.21710448
v -0.34800237 -0.18931481 -0.20005684
v -0.34377825 -0.19575107 -0.19789539
v -0.35377192 -0.18218413 -0.19717057
v -0.35759056 -0.13158531 -0.24033743
v -0.35918391 -0.15591460 -0.21779422
v -0.35923132 -0.15570638 -0.21789819
v -0.35927463 -0.15579316 -0.21773353
v -0.35989398 -0.15535571 -0.21667600
v -0.35926113 -0.15591477 -0.21764569
v -0.34365106 -0.15589501 -0.24882658
v -0.34347472 -0.15603191 -0.24902059
v -0.34359396 -0.15581776 -0.24902062
v -0.34374776 -0.15562870 -0.24888754
v 0.33438504 -0.18694657 -0.22844845
v 0.33246875 -0.18127654 -0.23881710
v 0.34117663 -0.15702549 -0.24877487
v 0.34381276 -0.18696485 -0.20860133
v 0.33964846 -0.17863539 -0.22900143
v 0.35179222 -0.17104284 -0.20990451
v 0.34637782 -0.18696977 -0.20321758
v 0.34381127 -0.19600227 -0.19742112
v 0.34698185 -0.18855475 -0.20035550
v 0.35048103 -0.18364862 -0.19861206
v 0.34226915 -0.15493563 -0.24877572
v 0.35675550 -0.15573609 -0.21756053
v 0.34294879 -0.15570986 -0.24704151
v 0.35743868 -0.15169677 -0.21958099
v 0.35829857 -0.15341716 -0.21640229
v 0.35805035 -0.15573911 -0.21474664
v 0.36787534 -0.14735372 -0.20076808
v 0.34381831 -0.15307181 -0.24745770
v 0.35773849 -0.13144027 -0.24012209
v 0.37625733 -0.14131087 -0.18866077
v -0.37808967 -0.13872270 -0.18814982
v -0.38193741 -0.11255941 -0.19008416
v -0.37302649 -0.09338655 -0.21779189
v -0.37961131 -0.10431480 -0.19599304
v -0.38026118 -0.08316147 -0.19734028
v -0.36804280 -0.12465068 -0.22122532
v -0.37051007 -0.12465376 -0.21557845
v -0.37101108 -0.11683017 -0.21778655
v -0.37492764 -0.13420603 -0.19873506
v -0.37491357 -0.11876002 -0.20600083
v -0.36090076 -0.11602716 -0.24199685
v -0.36725456 -0.10134399 -0.23369911
v -0.36195207 -0.10251475 -0.24901170
v -0.36844981 -0.08420335 -0.23612607
v -0.36423254 -0.08308735 -0.24901766
v -0.36651793 -0.07355870 -0.24483603
v -0.37346163 -0.06494997 -0.21780200
v 0.36888286 -0.12450959 -0.22068226
v 0.36071277 -0.11606828 -0.24160850
v 0.37140471 -0.12451327 -0.21572950
v 0.37178221 -0.11786776 -0.21758008
v 0.36759007 -0.10136701 -0.23377745
v 0.36829287 -0.08448103 -0.23516496
v 0.37803543 -0.09327668 -0.21759009
v 0.35910583 -0.10087785 -0.24880454
v 0.36050329 -0.08495052 -0.24881876
v 0.37510237 -0.13485035 -0.19694254
v 0.37510583 -0.12018477 -0.20891558
v 0.37780052 -0.13880682 -0.18769863
v 0.38523412 -0.11397661 -0.19141990
v 0.36470917 -0.07243498 -0.24362147
v 0.37513837 -0.06631430 -0.22616802
v 0.37981600 -0.07140146 -0.21761097
v 0.38302982 -0.10099668 -0.20218207
v 0.38439864 -0.08693942 -0.20491126
v -0.38328591 -0.07356265 -0.19079018
v -0.38273361 -0.05047444 -0.19053532
v -0.37400979 -0.03089115 -0.21782559
v -0.38018119 -0.04118136 -0.19727971
v -0.37914467 -0.01960321 -0.19523746
v -0.37333435 -0.06213178 -0.21856900
v -0.37375963 -0.06213223 -0.21724978
v -0.37352920 -0.05946076 -0.21780443
v -0.37486625 -0.06414871 -0.21377859
v -0.37486258 -0.05996111 -0.21346037
v -0.36670655 -0.05058328 -0.24495630
v -0.36875656 -0.04040093 -0.23684612
v -0.36468786 -0.04140942 -0.24904123
v -0.36820278 -0.02190414 -0.23578347
v -0.36366779 -0.02085178 -0.24905825
v -0.36464590 -0.01016361 -0.24397188
v -0.37225294 -0.00480946 -0.21784230
v 0.36647487 -0.05075260 -0.24451810
v 0.36997429 -0.04122763 -0.23849373
v 0.37011337 -0.02025240 -0.23875132
v 0.38123757 -0.03080491 -0.21765068
v 0.36403030 -0.04084552 -0.24886784
v 0.36429489 -0.02062320 -0.24888864
v 0.37514764 -0.05689399 -0.22790885
v 0.37957057 -0.06203967 -0.21983221
v 0.38175198 -0.06204103 -0.21431121
v 0.38072395 -0.05089410 -0.21763115
v 0.39007568 -0.07019930 -0.19384649
v 0.39074510 -0.05423030 -0.19418281
v 0.36620811 -0.01068788 -0.24441032
v 0.37518746 -0.00444465 -0.22743317
v 0.38035774 -0.00992479 -0.21767336
v 0.38567945 -0.03591006 -0.20744374
v 0.38518405 -0.02520595 -0.20644721
v -0.38104838 -0.01218063 -0.18972319
v -0.38142973 0.01263708 -0.18992683
v -0.37327179 0.03157841 -0.21786267
v -0.37996504 0.02109294 -0.19692044
v -0.38045388 0.04154419 -0.19790384
v -0.37124813 0.00034360 -0.21963613
v -0.37231117 0.00034212 -0.21658821
v -0.37161708 0.00676111 -0.21784982
v -0.37482652 -0.00462138 -0.20792988
v -0.37482443 0.00504172 -0.20844018
v -0.36441350 0.01076588 -0.24387631
v -0.36701715 0.02377834 -0.23347943
v -0.36236191 0.02221346 -0.24909379
v -0.36683846 0.03922544 -0.23314770
v -0.36202180 0.04081259 -0.24911085
v -0.36355042 0.05284699 -0.24348301
v -0.37381139 0.06080645 -0.21788155
v 0.36481598 0.01086476 -0.24373367
v 0.36750627 0.02374983 -0.23355955
v 0.36625606 0.03834457 -0.23106246
v 0.37396830 0.03166880 -0.21771657
v 0.36866054 0.04983102 -0.21774057
v 0.36001459 0.02366195 -0.24893875
v 0.35750681 0.03844160 -0.24895403
v 0.37519073 0.00463765 -0.22609304
v 0.37890044 0.00043130 -0.21953975
v 0.38037285 0.00043071 -0.21508586
v 0.37884122 0.00773905 -0.21768999
v 0.38822651 -0.00866837 -0.19294970
v 0.38674125 0.01025688 -0.19222736
v 0.35722309 0.05629655 -0.23997912
v 0.38258839 0.02344500 -0.20127144
v 0.38002646 0.04243689 -0.19616020
v -0.38283694 0.05118525 -0.19063890
v -0.38180068 0.07492439 -0.19012797
v -0.36980528 0.09405150 -0.21788934
v -0.37899587 0.08259353 -0.19499460
v -0.37656507 0.10792550 -0.19012237
v -0.37369785 0.06281254 -0.21844099
v -0.37402669 0.06281200 -0.21748886
v -0.37359223 0.06525762 -0.21788353
v -0.37481403 0.06139591 -0.21505253
v -0.37481439 0.06447747 -0.21454783
v -0.36229709 0.07218152 -0.24286637
v -0.36536938 0.08789437 -0.23022334
v -0.35933658 0.08619270 -0.24912986
v -0.36453447 0.09938420 -0.22854498
v -0.35754248 0.10104348 -0.24912733
v -0.35622397 0.11899216 -0.23982279
v -0.36731029 0.11025120 -0.21789148
v 0.33760291 0.09096365 -0.24901566
v 0.35522437 0.08539491 -0.22214866
v 0.34399170 0.08375169 -0.24380626
v 0.36203495 0.06291012 -0.22434032
v 0.35435346 0.06809776 -0.23855324
v 0.35711220 0.08917218 -0.21529567
v 0.36702716 0.06290332 -0.21366800
v 0.37339005 0.07759836 -0.18743046
v 0.33613658 0.09809145 -0.24902429
v 0.33613685 0.12147076 -0.23735565
v 0.35374960 0.09414172 -0.21778518
v 0.34042668 0.09415886 -0.24189183
v 0.34042090 0.11827037 -0.22987065
v 0.35328785 0.10675836 -0.21149120
v 0.35683230 0.09413674 -0.21225524
v 0.37519321 0.05386551 -0.19967476
v 0.38047439 0.04991568 -0.18913205
v -0.37694690 0.11072305 -0.18770458
v -0.36188620 0.12530310 -0.22436100
v -0.36654711 0.12529668 -0.21374501
v -0.37482992 0.11291312 -0.19314134
v -0.35376105 0.13039978 -0.23858693
v -0.35606030 0.15023805 -0.22103143
v -0.34358603 0.15170403 -0.24666868
v -0.35743210 0.15297760 -0.21608138
v -0.37176573 0.13937446 -0.18818995
v -0.35532507 0.15655990 -0.21786745
v -0.35684106 0.15655796 -0.21310166
v -0.34212074 0.15656754 -0.24616295
v -0.33865798 0.17793486 -0.22851561
v -0.34311000 0.18679416 -0.20272839
v -0.34153113 0.15554070 -0.24909443
v -0.34028620 0.15821947 -0.24909237
v -0.33280590 0.18242942 -0.23884453
v -0.31235865 0.20271587 -0.24903364
v 0.33865699 0.12539300 -0.23077564
v 0.33459872 0.13009040 -0.23813394
v 0.32559434 0.14743513 -0.24906954
v 0.34398106 0.12538312 -0.21891743
v 0.33826593 0.13683084 -0.22773170
v 0.34801668 0.13344014 -0.20624822
v 0.35081598 0.12537198 -0.20562212
v 0.35811359 0.11829720 -0.19512852
v 0.35426682 0.13050768 -0.19706823
v 0.32085261 0.16821785 -0.24908489
v 0.31277782 0.18624097 -0.24909028
v 0.32124293 0.17649226 -0.24485815
v 0.33910948 0.15662099 -0.21785343
v 0.33370820 0.15662840 -0.22851923
v 0.33393598 0.16775021 -0.22342485
v 0.33888236 0.17761931 -0.20737015
v 0.34862235 0.15660320 -0.19587797
v -0.33342022 0.18782669 -0.22835606
v -0.34255430 0.18781827 -0.20274958
v -0.34362209 0.18653506 -0.20157655
v -0.34303826 0.18752581 -0.20192419
v -0.34362334 0.18781702 -0.19983369
v -0.34273663 0.18826142 -0.20177273
v -0.32351923 0.21012689 -0.21779883
v -0.31694621 0.21909790 -0.21778719
v -0.32411420 0.21519819 -0.21001574
v -0.32077509 0.22633722 -0.20331553
v -0.31235915 0.20312616 -0.24833715
v -0.31199712 0.20329410 -0.24885198
v -0.31188911 0.20394579 -0.24809150
v -0.31097710 0.20416735 -0.24903060
v -0.30356646 0.22592515 -0.23138754
v -0.29179180 0.22446547 -0.24898341
v -0.30484879 0.23527893 -0.21776444
v -0.28372958 0.24521591 -0.23076692
v -0.28000909 0.24811658 -0.23220645
v -0.28113958 0.24326450 -0.23690587
v -0.27692878 0.24828589 -0.23544377
v -0.24989785 0.25663185 -0.24891394
v 0.30609187 0.20015015 -0.24574123
v 0.25030455 0.25564867 -0.24897815
v 0.27617815 0.24765058 -0.23611288
v 0.28012604 0.24746293 -0.23199207
v 0.30575001 0.21052963 -0.23501164
v 0.30186540 0.22379497 -0.22723249
v 0.31119850 0.21909948 -0.21786049
v 0.28540307 0.24266137 -0.22960113
v 0.30317941 0.23109061 -0.21785036
v 0.29240981 0.21368618 -0.24906927
v 0.28648975 0.22158048 -0.24906321
v 0.28156143 0.23700018 -0.24010757
v 0.31277964 0.19793873 -0.23798728
v 0.32695651 0.18786813 -0.22496322
v 0.33636481 0.18785313 -0.20607853
v 0.32133582 0.20497259 -0.21787308
v 0.33951437 0.18560435 -0.20001361
v 0.34399861 0.17606318 -0.19636196
v 0.33746630 0.19112024 -0.19898833
v 0.34400848 0.18784054 -0.18645647
v 0.32210851 0.21279708 -0.20528197
v 0.31640652 0.23110338 -0.19382718
v -0.31988597 0.23846795 -0.19028869
v -0.29809168 0.25037348 -0.21059877
v -0.31239939 0.24105749 -0.19917977
v -0.28114921 0.25038898 -0.22859240
v -0.27784190 0.25039238 -0.23168693
v -0.28758207 0.26321033 -0.20853025
v -0.27067721 0.27138954 -0.21259643
v -0.30073786 0.26015306 -0.19235915
v -0.28257534 0.28163490 -0.18927844
v -0.26174614 0.27404100 -0.21770580
v -0.24702463 0.28166187 -0.21769068
v -0.27769586 0.28163794 -0.19346613
v -0.26230830 0.27840304 -0.21121883
v -0.25431442 0.29290766 -0.19522467
v -0.24990635 0.26219028 -0.24122193
v -0.24415642 0.26317221 -0.24603397
v -0.24059862 0.27536792 -0.23027340
v -0.21867225 0.27947602 -0.24775825
v -0.23633912 0.28369993 -0.22173509
v -0.22389698 0.28168607 -0.23844776
v -0.23657668 0.28619841 -0.21768053
v -0.23165141 0.28699768 -0.22033264
v -0.22817236 0.29397029 -0.21153224
v -0.21703166 0.28169373 -0.24558108
v -0.18831946 0.29644251 -0.24705145
v -0.21036315 0.29628780 -0.22493371
v -0.21455224 0.30464536 -0.20619000
v -0.18891299 0.31002349 -0.21762048
v -0.21616554 0.28044197 -0.24886172
v -0.18742919 0.29599398 -0.24882489
v -0.18687868 0.29677975 -0.24772196
v -0.18603235 0.29663333 -0.24882297
v -0.17724708 0.30242735 -0.24372418
v -0.18652472 0.31110692 -0.21761753
v -0.12491632 0.31887966 -0.24872395
v 0.12531656 0.31882480 -0.24868399
v 0.15456964 0.31185952 -0.23411697
v 0.15602754 0.31178212 -0.23258561
v 0.18413565 0.29354867 -0.24144188
v 0.15731411 0.31135800 -0.23237607
v 0.18494335 0.30707115 -0.21755828
v 0.17769374 0.29217619 -0.24879660
v 0.15656416 0.31059104 -0.23425673
v 0.18781272 0.28815722 -0.24881989
v 0.20955217 0.27685282 -0.24887779
v 0.21906361 0.27449828 -0.24534899
v 0.24380897 0.26271796 -0.24571460
v 0.19282299 0.29222715 -0.23882881
v 0.21384227 0.28159928 -0.23843217
v 0.19184625 0.30481246 -0.21757588
v 0.20977886 0.29423472 -0.22394405
v 0.21409920 0.30284533 -0.20699564
v 0.22940347 0.28158641 -0.22827511
v 0.24040465 0.27587819 -0.22911315
v 0.23668528 0.28355739 -0.22164917
v 0.24584714 0.28157538 -0.21771485
v 0.23237742 0.28624257 -0.22001261
v 0.22916999 0.29266196 -0.21212737
v 0.23686726 0.28588983 -0.21769089
v 0.24514845 0.29198793 -0.19685879
v 0.25031215 0.26204002 -0.24113421
v 0.27769235 0.25034007 -0.23148805
v 0.26192409 0.27350226 -0.21775344
v 0.28156897 0.25033778 -0.22716178
v 0.27192682 0.26963758 -0.21181223
v 0.28710312 0.26136926 -0.20771459
v 0.29554760 0.25032687 -0.20919648
v 0.28159961 0.27398139 -0.19033450
v 0.29717261 0.25810927 -0.19441749
v 0.26241523 0.27802062 -0.21065582
v 0.31281257 0.23761201 -0.19244458
v 0.31598109 0.23628396 -0.18821135
v -0.28118625 0.28365895 -0.18750875
v -0.25261852 0.29862598 -0.18781579
v -0.24994190 0.29865846 -0.18921307
v -0.24154380 0.30149582 -0.19066420
v -0.21870226 0.30625764 -0.19871843
v -0.21189560 0.30953595 -0.19864574
v -0.21870449 0.31293672 -0.18692844
v -0.17327455 0.31295770 -0.22467542
v -0.18347743 0.31295407 -0.21563064
v -0.18744944 0.31179938 -0.21531415
v -0.15867893 0.31420413 -0.23442267
v -0.15763833 0.31584752 -0.23173921
v -0.15406239 0.31722575 -0.23104477
v -0.15619421 0.31524646 -0.23431849
v -0.14950906 0.31630269 -0.23650172
v -0.16193658 0.32442617 -0.20770732
v -0.14879262 0.32776499 -0.20935081
v -0.18114486 0.32541937 -0.18954930
v -0.15620384 0.33341151 -0.19175227
v -0.13299060 0.32905978 -0.21753182
v -0.13232175 0.33595669 -0.20105371
v -0.12492710 0.32306314 -0.23769517
v -0.11455391 0.33370441 -0.21749808
v -0.11535519 0.32380599 -0.24393496
v -0.10476170 0.33515006 -0.22200221
v -0.07842844 0.34336182 -0.21785100
v -0.09364137 0.33179745 -0.24247551
v -0.10599311 0.33759880 -0.21418329
v -0.07828676 0.34364539 -0.21715145
v -0.11517780 0.33833545 -0.20577350
v -0.09983315 0.34419918 -0.19857198
v -0.07774364 0.34367755 -0.21742937
v -0.07702561 0.34322461 -0.21938595
v -0.07474071 0.34420305 -0.21742614
v -0.07948462 0.34420291 -0.21448801
v -0.07769643 0.34389281 -0.21680878
v -0.07442642 0.33461380 -0.24865296
v -0.06234945 0.33738521 -0.24864081
v -0.03672518 0.34137428 -0.24861990
v -0.03106626 0.34258491 -0.24780893
v -0.04958676 0.34706843 -0.22313622
v -0.03541528 0.34419841 -0.23993953
v -0.04898499 0.34873042 -0.21739861
v -0.04440987 0.34879681 -0.21969512
v -0.04336265 0.35088694 -0.21405080
v -0.05600980 0.35346317 -0.19888315
v -0.02858723 0.34419709 -0.24366346
v -0.00922498 0.35038280 -0.22977033
v -0.01950621 0.35233417 -0.22145794
v -0.02102314 0.35535985 -0.21180353
v -0.01042129 0.35418499 -0.21738565
v -0.02778518 0.34255928 -0.24861418
v 0.00021342 0.34462106 -0.24860595
v 0.02767830 0.34226620 -0.24861398
v 0.03149140 0.34206149 -0.24756259
v 0.01072891 0.34929007 -0.22761142
v 0.02786817 0.34416848 -0.24138246
v 0.01180722 0.35224885 -0.21738806
v 0.01902430 0.35050780 -0.22055817
v 0.02018220 0.35281613 -0.21307078
v 0.03879587 0.34416017 -0.23403624
v 0.04869043 0.34570768 -0.22051221
v 0.06132539 0.34414232 -0.21740408
v 0.04587246 0.34666765 -0.21865650
v 0.04531324 0.34778747 -0.21558356
v 0.04840562 0.34669471 -0.21740067
v 0.05133381 0.34834385 -0.20902197
v 0.04004783 0.33988926 -0.24861878
v 0.07691097 0.34112474 -0.21740790
v 0.06277620 0.33492488 -0.24862975
v 0.07308449 0.33881032 -0.22805321
v 0.07174781 0.33299807 -0.24863517
v 0.08054130 0.33988526 -0.21953075
v 0.10450343 0.33375067 -0.22260813
v 0.09405369 0.33067381 -0.24192552
v 0.11631574 0.32399088 -0.24417445
v 0.08003449 0.34089914 -0.21579486
v 0.10551661 0.33577335 -0.21326296
v 0.07644311 0.34216088 -0.21346654
v 0.09282050 0.34412581 -0.18868122
v 0.11599904 0.33149844 -0.21744207
v 0.09447841 0.34412494 -0.18703397
v 0.11869846 0.33511424 -0.19946325
v 0.12531745 0.32293305 -0.23758163
v 0.15414423 0.31285617 -0.23190942
v 0.13243183 0.32708067 -0.21746203
v 0.15656617 0.31285509 -0.22964969
v 0.15096508 0.32407659 -0.20748445
v 0.16070749 0.32110131 -0.20601675
v 0.17657304 0.31284422 -0.21191451
v 0.15658401 0.32496393 -0.19582829
v 0.17420363 0.32164568 -0.19311310
v 0.12992308 0.33307746 -0.19541413
v 0.18783489 0.30948347 -0.21085031
v 0.21063045 0.30859196 -0.19776474
v 0.21909536 0.30568326 -0.19844653
v 0.21910672 0.31281167 -0.18301153
v -0.09366552 0.34899819 -0.18864894
v -0.03107365 0.35934764 -0.19374898
v -0.00313480 0.36147341 -0.18784231
v 0.00021829 0.36123809 -0.18904620
v 0.00335496 0.36136341 -0.18773508
v 0.03150301 0.35687727 -0.19252461
v 0.09406282 0.34440613 -0.18634365
v -0.09509048 -0.37704957 -0.14073792
v -0.09219468 -0.37773594 -0.14108329
v -0.06526801 -0.37990665 -0.15507355
v -0.06306090 -0.39060372 -0.12489303
v -0.06254701 -0.37811175 -0.16234154
v -0.06255350 -0.37011322 -0.18626249
v -0.03948422 -0.37856454 -0.17475951
v -0.05934494 -0.38086629 -0.15507513
v -0.03490460 -0.38169795 -0.16705969
v -0.03787068 -0.38762715 -0.14605755
v -0.06193859 -0.39071140 -0.12510988
v -0.02723743 -0.38254356 -0.16663772
v -0.02412618 -0.38875222 -0.14662364
v -0.00623610 -0.38688102 -0.15507598
v -0.00315740 -0.39320177 -0.13014252
v -0.03128256 -0.37992090 -0.17339447
v -0.02246486 -0.37886482 -0.17506406
v -0.00001500 -0.38111222 -0.16836673
v -0.00001753 -0.37478909 -0.18625304
v 0.02329114 -0.37841594 -0.17462109
v 0.00601535 -0.38650289 -0.15507257
v 0.02774663 -0.38143450 -0.16716072
v 0.02435860 -0.38819611 -0.14634034
v 0.00298705 -0.39307562 -0.12989414
v 0.03414147 -0.38021147 -0.16776374
v 0.03722155 -0.38637128 -0.14542292
v 0.05990629 -0.37961122 -0.15504217
v 0.03125140 -0.37858033 -0.17271802
v 0.03735375 -0.37747997 -0.17369115
v 0.06251147 -0.37715530 -0.16053016
v 0.06250024 -0.36978149 -0.18623789
v 0.06467728 -0.37873009 -0.15503910
v 0.09231224 -0.37728512 -0.14088634
v 0.09510142 -0.37702796 -0.14075804
v 0.12499705 -0.35944343 -0.18622109
v -0.25348783 -0.31889093 -0.15511325
v -0.20364282 -0.34414974 -0.15547344
v -0.20373490 -0.34433550 -0.15458225
v -0.25013173 -0.31912014 -0.16904369
v -0.25014445 -0.31451601 -0.18635860
v -0.24119094 -0.32329205 -0.18187031
v -0.20576535 -0.34335321 -0.15507519
v -0.24372780 -0.32493150 -0.15510491
v -0.22952597 -0.33344072 -0.16005972
v -0.23003644 -0.33447850 -0.15064196
v -0.20467517 -0.34335151 -0.15793280
v -0.20268178 -0.34447244 -0.15507397
v -0.20238778 -0.34420595 -0.15678664
v -0.20827319 -0.34335726 -0.14500919
v -0.20059624 -0.34599170 -0.14979067
v -0.20732737 -0.33756903 -0.18631709
v -0.21889319 -0.33432928 -0.18180993
v -0.17622538 -0.35180035 -0.15506420
v -0.18764222 -0.34317714 -0.18630654
v -0.17773071 -0.34905535 -0.16652596
v -0.16712382 -0.34868181 -0.18628871
v -0.16723511 -0.35281536 -0.15980993
v -0.14772224 -0.35728461 -0.16204892
v -0.15636627 -0.35214975 -0.18186022
v -0.16612244 -0.35502762 -0.14921077
v -0.14894539 -0.35975415 -0.14683983
v -0.15634045 -0.35969234 -0.13202842
v -0.13836581 -0.36556309 -0.13048363
v -0.18245342 -0.35380679 -0.13413322
v -0.13090904 -0.36289194 -0.15505916
v -0.12548152 -0.35850999 -0.18550190
v -0.12663420 -0.35812706 -0.18626964
v -0.10081540 -0.37450457 -0.14295532
v -0.12019883 -0.36475164 -0.15505713
v -0.12508026 -0.36716118 -0.14034361
v -0.12509760 -0.35844761 -0.18626904
v -0.12480105 -0.35859740 -0.18567750
v -0.12438929 -0.35853919 -0.18626876
v -0.09381570 -0.37449780 -0.14954534
v -0.09718872 -0.36776358 -0.16729680
v -0.09113295 -0.36912459 -0.16798028
v -0.09382165 -0.36674777 -0.17452896
v -0.07709123 -0.37448093 -0.16232230
v -0.08184803 -0.36850703 -0.17663336
v -0.09915020 -0.37717161 -0.13679999
v -0.09381589 -0.37879169 -0.13732348
v -0.03128729 -0.39386129 -0.12980150
v 0.03123939 -0.38977143 -0.13180432
v 0.05397546 -0.38576102 -0.12810659
v 0.07803044 -0.37439325 -0.16277999
v 0.06250769 -0.38162386 -0.14061013
v 0.08484198 -0.36993477 -0.17508245
v 0.09376813 -0.37437373 -0.15150133
v 0.09186774 -0.37059909 -0.16873963
v 0.09596266 -0.36997977 -0.16843049
v 0.09375671 -0.36877361 -0.17343125
v 0.12126021 -0.36061662 -0.18435571
v 0.10987969 -0.37435913 -0.14746881
v 0.08266550 -0.37992424 -0.13389537
v 0.09377002 -0.37795389 -0.13763987
v 0.10165934 -0.37830174 -0.13549125
v 0.12363114 -0.37158328 -0.15502422
v 0.12500060 -0.36165470 -0.18040594
v 0.12668185 -0.37102166 -0.15502334
v 0.12501840 -0.37246448 -0.15125677
v 0.12667409 -0.35958233 -0.18538415
v 0.15118347 -0.36417907 -0.16554575
v 0.16354948 -0.35977823 -0.16334620
v 0.15625224 -0.35669082 -0.17943689
v 0.15523349 -0.37224689 -0.14045274
v 0.15806305 -0.37075284 -0.14119785
v 0.15390219 -0.37314233 -0.13822860
v 0.15627652 -0.37432680 -0.13339934
v 0.15627554 -0.37258098 -0.13854039
v 0.16098654 -0.37197381 -0.13706055
v 0.17907819 -0.35743850 -0.15501007
v 0.17885822 -0.35005817 -0.16892248
v 0.16720933 -0.34858227 -0.18622428
v 0.20170371 -0.34599850 -0.15501498
v 0.18753652 -0.36467934 -0.13572934
v 0.18750244 -0.33971155 -0.18623328
v 0.20177262 -0.34447652 -0.15777667
v 0.20382811 -0.34443566 -0.15568490
v 0.20424679 -0.34527063 -0.15392771
v 0.19726932 -0.36357427 -0.12865654
v 0.21879990 -0.35470355 -0.12959556
v 0.19851133 -0.33297664 -0.18623920
v 0.20771517 -0.34309670 -0.15501653
v 0.20433965 -0.34309471 -0.15738027
v 0.22841272 -0.33112118 -0.16101581
v 0.23070851 -0.33570522 -0.15132636
v 0.24171779 -0.32851425 -0.15503266
v 0.22775978 -0.34311011 -0.14171854
v 0.24145612 -0.33609313 -0.14098181
v 0.21876948 -0.32546014 -0.17743666
v 0.23262805 -0.31878445 -0.17756844
v 0.25003776 -0.31751198 -0.16631170
v 0.25002337 -0.30658633 -0.18626332
v 0.25471145 -0.32121247 -0.15504260
v 0.25495857 -0.33241236 -0.13360590
v -0.31467164 -0.25391591 -0.15523811
v -0.31265453 -0.26546025 -0.12416609
v -0.28183231 -0.28114787 -0.18641919
v -0.27427143 -0.29798019 -0.16367757
v -0.28138369 -0.28173640 -0.18601188
v -0.26012230 -0.31216484 -0.16012201
v -0.26396322 -0.30345055 -0.17946704
v -0.27493668 -0.29933131 -0.14596158
v -0.26134714 -0.31216884 -0.14951301
v -0.28135270 -0.29510164 -0.13100404
v -0.26988235 -0.30644828 -0.13378814
v -0.28235579 -0.28043786 -0.18642023
v -0.31258684 -0.25319111 -0.16216636
v -0.31260332 -0.24032736 -0.18648662
v -0.30144307 -0.25973678 -0.18087079
v -0.28990179 -0.28095570 -0.15518811
v -0.28248462 -0.28092593 -0.18421568
v -0.30629805 -0.26230657 -0.15522242
v -0.29400569 -0.27500415 -0.15817550
v -0.29453242 -0.27607155 -0.15275480
v -0.31218606 -0.26575094 -0.12474813
v -0.29172248 -0.28096271 -0.14468543
v -0.25010937 -0.32146549 -0.13650179
v -0.24517326 -0.32531452 -0.12633412
v -0.21884654 -0.34123117 -0.12492578
v 0.26350859 -0.31188539 -0.16177309
v 0.27818203 -0.31191066 -0.14100836
v 0.26249489 -0.30248293 -0.18004379
v 0.27599666 -0.30129150 -0.16536890
v 0.29233548 -0.28985009 -0.15965259
v 0.28128532 -0.28686860 -0.18317288
v 0.28066763 -0.31061625 -0.14009282
v 0.28394759 -0.30665052 -0.14207780
v 0.27837595 -0.31338257 -0.13797402
v 0.28036359 -0.31143725 -0.13896815
v 0.28132012 -0.31191736 -0.13540216
v 0.28131703 -0.31071147 -0.13884385
v 0.29942012 -0.28565514 -0.15506814
v 0.29943737 -0.28318608 -0.16008538
v 0.30276188 -0.27483621 -0.16674066
v 0.30391553 -0.28068459 -0.15507084
v 0.30357885 -0.28732562 -0.14180991
v 0.28449443 -0.28224701 -0.18628669
v 0.28950477 -0.27653688 -0.18629001
v 0.30506122 -0.26130357 -0.18256232
v 0.31254423 -0.25902963 -0.17425728
v 0.31254005 -0.24982607 -0.18630341
v 0.31934577 -0.26302889 -0.15508020
v 0.31966835 -0.27218473 -0.13802597
v -0.33412620 -0.23039430 -0.16123646
v -0.31812268 -0.24973378 -0.15801816
v -0.31756911 -0.23656908 -0.18400927
v -0.33641601 -0.23501265 -0.14703374
v -0.32137886 -0.24974206 -0.15084405
v -0.31301293 -0.26514775 -0.12421290
v -0.34376442 -0.23083615 -0.13021515
v -0.33317882 -0.24446091 -0.13435063
v -0.35817429 -0.19443858 -0.17815851
v -0.34979573 -0.21850893 -0.15531419
v -0.35487258 -0.20947799 -0.15983470
v -0.35604310 -0.21183509 -0.15198697
v -0.35261744 -0.21852101 -0.14179242
v -0.33838516 -0.21848100 -0.17571244
v -0.32405815 -0.22834675 -0.18651116
v -0.33675960 -0.21494704 -0.18653715
v -0.34378836 -0.20825772 -0.18144348
v 0.32740772 -0.24946102 -0.16250351
v 0.33679527 -0.24948338 -0.14297959
v 0.32425201 -0.23967107 -0.18046267
v 0.33214068 -0.22403346 -0.18631296
v 0.33670956 -0.23526946 -0.16360904
v 0.34102023 -0.24387658 -0.14227438
v 0.33722624 -0.25279048 -0.13616470
v 0.34044200 -0.24779680 -0.13777454
v 0.34384346 -0.24950072 -0.11826533
v 0.34383002 -0.24362624 -0.13653642
v 0.33812967 -0.21537426 -0.18631682
v 0.35375202 -0.21825132 -0.15510009
v 0.34023008 -0.21821879 -0.17917040
v 0.35575014 -0.21084793 -0.15880218
v 0.35715753 -0.21366486 -0.15280710
v 0.35647577 -0.21825691 -0.14914432
v 0.37507036 -0.20268746 -0.12391707
v 0.34380931 -0.20908463 -0.18175741
v 0.35637000 -0.19327140 -0.17698634
v 0.37509835 -0.20266730 -0.12387668
v -0.37954736 -0.17393908 -0.12643118
v -0.37935108 -0.14474070 -0.17773499
v -0.38057894 -0.15596929 -0.15535511
v -0.38471341 -0.14430723 -0.15535380
v -0.38091540 -0.16563994 -0.13608195
v -0.38410261 -0.14953522 -0.14248089
v -0.37837848 -0.14203307 -0.18657033
v -0.36806828 -0.18724337 -0.15879521
v -0.36998248 -0.18725041 -0.15285394
v -0.37203181 -0.18138230 -0.15534775
v -0.37495404 -0.18034253 -0.14153533
v -0.36624604 -0.17594816 -0.18220881
v -0.37494248 -0.15187576 -0.18657053
v -0.37121379 -0.16783494 -0.17908493
v -0.36934602 -0.16876717 -0.18657142
v -0.36674124 -0.19878186 -0.12822339
v -0.37956974 -0.13798417 -0.18424927
v 0.36846036 -0.18702388 -0.15842003
v 0.36311728 -0.17736889 -0.18035901
v 0.37102747 -0.18703042 -0.15308475
v 0.37257457 -0.18201274 -0.15511377
v 0.37030041 -0.16661440 -0.17677596
v 0.38425165 -0.15579964 -0.15511586
v 0.36647221 -0.16708240 -0.18633901
v 0.37509444 -0.20263559 -0.12392453
v 0.37508577 -0.18294398 -0.14693296
v 0.37509853 -0.14586276 -0.18634845
v 0.37510377 -0.20265876 -0.12387357
v 0.38510907 -0.17643306 -0.12888193
v 0.37938637 -0.14444639 -0.17778499
v 0.37751922 -0.14136520 -0.18634903
v 0.37907329 -0.13817346 -0.18436562
v 0.38662177 -0.14759150 -0.15511885
v 0.38562456 -0.16090193 -0.14492232
v 0.38713413 -0.15221366 -0.14793801
v -0.39218485 -0.09683963 -0.15705657
v -0.38822237 -0.12469504 -0.16201010
v -0.38460657 -0.11390544 -0.18171600
v -0.39305717 -0.09858669 -0.15278386
v -0.39192975 -0.12470891 -0.14684415
v -0.39065027 -0.13247584 -0.13200682
v -0.39501739 -0.11916022 -0.13419928
v -0.39283255 -0.09343260 -0.15535550
v -0.39186734 -0.09342998 -0.15812902
v -0.39256799 -0.08924180 -0.15744947
v -0.39469466 -0.08498047 -0.15113780
v -0.39443734 -0.09343787 -0.14744812
v -0.38315105 -0.10490630 -0.18656929
v -0.38437557 -0.08253660 -0.18657674
v -0.38765442 -0.07138125 -0.18018413
v 0.39133939 -0.12455454 -0.16323233
v 0.39461780 -0.12456200 -0.14536646
v 0.38838124 -0.11555674 -0.17972606
v 0.38859016 -0.10218138 -0.18636262
v 0.39544263 -0.10271686 -0.15982683
v 0.39696300 -0.10576225 -0.14890209
v 0.39588553 -0.12980020 -0.13426319
v 0.39791757 -0.12034605 -0.13527805
v 0.39134383 -0.08578503 -0.18636778
v 0.39436996 -0.06805944 -0.17675562
v 0.39816558 -0.09331471 -0.15512712
v 0.39553392 -0.09330922 -0.16470763
v 0.39693969 -0.08092698 -0.16132233
v 0.40342939 -0.06798489 -0.14245956
v 0.40402049 -0.09332860 -0.12857980
v -0.39515924 -0.04038472 -0.16010177
v -0.39330596 -0.06217055 -0.16460142
v -0.38697660 -0.05260815 -0.18052450
v -0.39839619 -0.04686554 -0.14742342
v -0.39907393 -0.06218759 -0.14325751
v -0.40026060 -0.06509659 -0.13686427
v -0.40608254 -0.06220614 -0.10995663
v -0.40605357 -0.03806676 -0.12772474
v -0.40085948 -0.05958882 -0.13716859
v -0.39723304 -0.03093589 -0.15538332
v -0.40719441 -0.03095343 -0.12645936
v -0.39399529 -0.03093061 -0.16250935
v -0.39489391 -0.02200487 -0.15984856
v -0.40065509 -0.01049567 -0.14517301
v -0.38427967 -0.04180877 -0.18659654
v -0.38236690 -0.01906391 -0.18660957
v -0.38422680 -0.01059578 -0.18191405
v 0.39743567 -0.06206239 -0.16628596
v 0.40458030 -0.06207712 -0.14040889
v 0.39499524 -0.05636438 -0.17645155
v 0.39241946 -0.03780010 -0.18639410
v 0.39864862 -0.04658668 -0.16302598
v 0.40434772 -0.05799339 -0.14155018
v 0.40498063 -0.06278144 -0.13880162
v 0.40507784 -0.06142294 -0.13885036
v 0.40638986 -0.06208131 -0.13253123
v 0.40639102 -0.05514522 -0.13604079
v 0.39131969 -0.02327355 -0.18640541
v 0.39315987 -0.00620412 -0.17742193
v 0.40247297 -0.03082754 -0.15515257
v 0.39732474 -0.03082262 -0.16825253
v 0.39824468 -0.01589901 -0.16263366
v 0.40689602 -0.00059747 -0.14004983
v 0.41014570 -0.03084081 -0.13139074
v -0.39287990 0.02666577 -0.15783377
v -0.39096013 0.00030827 -0.16346234
v -0.38472822 0.01098256 -0.18167000
v -0.39773068 0.01694968 -0.14810884
v -0.40090093 0.00029221 -0.14236031
v -0.40605128 -0.02003179 -0.12963237
v -0.40288135 -0.00129541 -0.13820188
v -0.40605062 0.00028498 -0.12956384
v -0.40257579 0.00202767 -0.13804808
v -0.39389911 0.03153840 -0.15539718
v -0.39252931 0.03154078 -0.15956897
v -0.39310935 0.03687108 -0.15806298
v -0.39558840 0.04182107 -0.15025571
v -0.40435183 0.03151983 -0.12758869
v -0.38354114 0.02029820 -0.18662471
v -0.38443941 0.04236428 -0.18662785
v -0.38646227 0.05299174 -0.18080959
v 0.39614126 0.00041136 -0.16567229
v 0.39162040 0.00781088 -0.17821032
v 0.38668722 0.02179237 -0.18645285
v 0.40639907 0.00039719 -0.14104970
v 0.39338785 0.02643928 -0.15780896
v 0.40682179 0.00124183 -0.13997696
v 0.40703681 0.00039642 -0.13987228
v 0.40738717 -0.00009794 -0.13905884
v 0.40744114 0.00091709 -0.13903268
v 0.38221675 0.04375584 -0.18647921
v 0.37519932 0.07249539 -0.18651730
v 0.38182798 0.05059110 -0.18316367
v 0.39389640 0.03163901 -0.15521109
v 0.39226979 0.03164050 -0.15817676
v 0.39217508 0.03441245 -0.15660237
v 0.39318711 0.03643531 -0.15281627
v 0.40704814 0.03162099 -0.12526293
v -0.39054188 0.09383885 -0.15549827
v -0.39136279 0.06278010 -0.16366726
v -0.38516533 0.07323911 -0.18146566
v -0.39066878 0.09358487 -0.15518564
v -0.39758748 0.06276977 -0.14402004
v -0.40013671 0.05980052 -0.13681607
v -0.40606704 0.06276229 -0.12136094
v -0.39988253 0.06586024 -0.13668749
v -0.39054927 0.09402462 -0.15540540
v -0.39050561 0.09402464 -0.15551865
v -0.39050615 0.09413885 -0.15546252
v -0.39055288 0.09423213 -0.15530175
v -0.39085239 0.09402436 -0.15459879
v -0.38205028 0.08202872 -0.18663834
v -0.37775236 0.10820068 -0.18664519
v -0.37777609 0.11113669 -0.18517257
v -0.37483847 0.12416383 -0.18664744
v 0.37401229 0.07790834 -0.18592909
v 0.37398934 0.07971581 -0.18409796
v 0.37028375 0.10479545 -0.17668217
v 0.37768957 0.09410416 -0.15528667
v 0.37240735 0.11970674 -0.15532227
v 0.37315741 0.07952651 -0.18652678
v 0.36655027 0.10540198 -0.18655777
v 0.37519997 0.07633846 -0.18219250
v 0.38411164 0.06287229 -0.15971002
v 0.38852066 0.06286593 -0.14856836
v 0.38174129 0.07597460 -0.15525949
v 0.39546415 0.05738452 -0.13413814
v 0.40640077 0.03369218 -0.12500566
v 0.39010102 0.07101080 -0.13146490
v 0.36540377 0.11464258 -0.18165982
v 0.38252890 0.08581917 -0.13870709
v 0.37998387 0.10492533 -0.13361928
v -0.38470355 0.12528202 -0.16033740
v -0.38911182 0.12528074 -0.14827663
v -0.39437637 0.11941680 -0.13392948
v -0.39181417 0.13241981 -0.13264740
v -0.38221067 0.14000487 -0.15540901
v -0.37605691 0.15653870 -0.15540168
v -0.38356403 0.14961694 -0.14157706
v -0.37879336 0.16824463 -0.13200444
v -0.37484860 0.13768098 -0.18018639
v -0.37240493 0.13969241 -0.18542574
v -0.37225628 0.14351131 -0.18145564
v -0.37071994 0.14298356 -0.18664625
v -0.36650419 0.16380623 -0.16991612
v -0.36023724 0.16486101 -0.18662849
v -0.35520723 0.18201463 -0.17678271
v -0.36779517 0.17363790 -0.15539047
v 0.36962843 0.12534066 -0.15813035
v 0.36161989 0.13416941 -0.17979077
v 0.37143680 0.12533727 -0.15343463
v 0.36699361 0.14180431 -0.15535071
v 0.36276931 0.15341923 -0.16169271
v 0.36206070 0.15903452 -0.16027920
v 0.36391768 0.15658027 -0.15536870
v 0.36272547 0.16281050 -0.15537485
v 0.36461917 0.16158547 -0.14534913
v 0.35563153 0.15077567 -0.18660972
v 0.35347554 0.16134059 -0.18662098
v 0.37521517 0.11897458 -0.14259624
v 0.37521693 0.14018628 -0.12561356
v 0.38101405 0.11261493 -0.12695922
v 0.37546560 0.14082251 -0.12421560
v 0.35041311 0.18463223 -0.17421660
v 0.37535802 0.14108866 -0.12437444
v -0.37823078 0.17384358 -0.12584010
v -0.35769528 0.18780333 -0.16396734
v -0.36321509 0.18779960 -0.14955059
v -0.37487710 0.17619403 -0.13220933
v -0.35138172 0.19168261 -0.17485961
v -0.35111246 0.20275381 -0.16351378
v -0.34363705 0.20417994 -0.17914942
v -0.35384348 0.20820764 -0.14993939
v -0.36467898 0.19832124 -0.12925439
v -0.34712720 0.21907051 -0.15535556
v -0.35178426 0.21906918 -0.14038773
v -0.33822966 0.21907736 -0.17575829
v -0.33529034 0.23360857 -0.16259794
v -0.33923304 0.24147770 -0.14415257
v -0.33603540 0.21527615 -0.18657829
v -0.32940644 0.22620845 -0.18656623
v -0.32349321 0.24026710 -0.18101443
v -0.31241363 0.25005674 -0.18653753
v 0.33172429 0.21293403 -0.18664491
v 0.34883374 0.19746462 -0.16620323
v 0.34401637 0.19673564 -0.17547107
v 0.35202128 0.18783095 -0.16700979
v 0.34866399 0.19016017 -0.17334487
v 0.35202771 0.20383598 -0.14778873
v 0.35802567 0.18781829 -0.14677534
v 0.36295438 0.17833434 -0.13027650
v 0.35744330 0.19452716 -0.13305318
v 0.32022539 0.23099022 -0.18663062
v 0.31281635 0.24156748 -0.18662092
v 0.31754637 0.23706304 -0.18426028
v 0.34305769 0.21906196 -0.15540780
v 0.33529848 0.21907248 -0.16918018
v 0.33328360 0.22879149 -0.16026938
v 0.33706218 0.23632193 -0.14677408
v 0.35055995 0.21904722 -0.13722672
v -0.32495674 0.25035083 -0.16159044
v -0.33308098 0.25034574 -0.14500467
v -0.34366113 0.23895121 -0.13404281
v -0.33810961 0.24756342 -0.13694610
v -0.34367117 0.25034058 -0.11246438
v -0.33170545 0.25633177 -0.13373710
v -0.31769547 0.26090989 -0.15531275
v -0.30014342 0.28162807 -0.15529399
v -0.31705222 0.27062050 -0.13333398
v -0.31241906 0.25879645 -0.17216602
v -0.30440539 0.26198128 -0.18251857
v -0.30017775 0.27825099 -0.16203739
v -0.28713122 0.27865657 -0.18650363
v -0.29800436 0.28282851 -0.15768750
v -0.28325540 0.28266975 -0.18649943
v -0.29788938 0.28379735 -0.15529206
v -0.29482952 0.28558657 -0.15726548
v -0.29316372 0.28891915 -0.15165344
v -0.29916668 0.28399089 -0.15057400
v -0.27432632 0.29917893 -0.16403429
v -0.27693427 0.30441275 -0.14391907
v -0.28118643 0.28507552 -0.18478119
v -0.25442123 0.29952732 -0.18424246
v -0.24994260 0.30031624 -0.18647653
v -0.18745703 0.32476908 -0.18640615
v 0.18785104 0.31991276 -0.18632406
v 0.24934715 0.29617178 -0.18444987
v 0.24853042 0.30911264 -0.15521780
v 0.24800774 0.29600844 -0.18646368
v 0.25035426 0.29483515 -0.18646960
v 0.27747619 0.27948907 -0.18653515
v 0.29433119 0.27574882 -0.15822423
v 0.28160363 0.27718285 -0.18436146
v 0.30227569 0.26065400 -0.18131977
v 0.29481077 0.27670395 -0.15291636
v 0.25244406 0.29509109 -0.18229957
v 0.24102417 0.30184743 -0.18178140
v 0.28823188 0.28153515 -0.15531401
v 0.27810222 0.28154972 -0.17952693
v 0.25395411 0.30561480 -0.15523131
v 0.27165157 0.29286262 -0.16093302
v 0.27290046 0.29535186 -0.14836559
v 0.30537924 0.26520896 -0.15535618
v 0.29155898 0.28153014 -0.14398958
v 0.30621731 0.27252162 -0.13735035
v 0.31282839 0.25481901 -0.16441311
v 0.31922716 0.25029773 -0.15858757
v 0.32573962 0.25028902 -0.14893603
v 0.31556848 0.25577664 -0.15538016
v 0.33593902 0.24622372 -0.13573134
v 0.34404483 0.23470572 -0.13200426
v 0.32412967 0.26024449 -0.12980218
v 0.31511056 0.26818281 -0.12870225
v -0.25549710 0.31291458 -0.15804267
v -0.25968939 0.31291449 -0.15040113
v -0.28117645 0.30327290 -0.13486928
v -0.27346462 0.30905241 -0.13582514
v -0.25160015 0.31623358 -0.15526460
v -0.24994253 0.31481901 -0.15906301
v -0.24735714 0.31808853 -0.15526120
v -0.24993518 0.32710892 -0.12691556
v -0.22610345 0.31663156 -0.17454334
v -0.22350562 0.32253829 -0.16604777
v -0.21086079 0.32862464 -0.16299558
v -0.21870501 0.31994459 -0.17434010
v -0.19741616 0.32358915 -0.18144512
v -0.22687757 0.32928544 -0.14780989
v -0.20754902 0.33524379 -0.15075830
v -0.24937625 0.32826099 -0.12433548
v -0.21869263 0.34334099 -0.12444186
v -0.19924204 0.33651143 -0.15521076
v -0.17259632 0.34419540 -0.15517057
v -0.19886872 0.33997482 -0.14680257
v -0.18745738 0.32649204 -0.18225098
v -0.18365233 0.32667118 -0.18450142
v -0.17262076 0.34340712 -0.15674599
v -0.15620658 0.33719599 -0.18286319
v -0.17193624 0.34429964 -0.15537749
v -0.17144373 0.34419581 -0.15594487
v -0.17192855 0.34438848 -0.15516952
v -0.17173305 0.34439367 -0.15526816
v -0.17166008 0.34453946 -0.15499733
v -0.17230159 0.34466490 -0.15423174
v -0.14804623 0.34420153 -0.17005084
v -0.13577065 0.34899986 -0.16470200
v -0.14348730 0.35002238 -0.15803173
v -0.14503604 0.35311908 -0.15066901
v -0.13618855 0.35296461 -0.15511094
v -0.14535898 0.33878180 -0.18634254
v -0.12494175 0.34348014 -0.18630525
v -0.11663881 0.35152256 -0.16971567
v -0.10190107 0.34830931 -0.18626419
v -0.11613959 0.35784942 -0.15507872
v -0.10243183 0.35793394 -0.16191788
v -0.09721744 0.36836013 -0.14298192
v -0.06456166 0.35762909 -0.18185243
v -0.08655533 0.36122817 -0.16353983
v -0.09115607 0.37041172 -0.14194691
v -0.06501143 0.37018564 -0.15500468
v -0.07425816 0.35388011 -0.18622184
v -0.09366597 0.35172844 -0.18248662
v -0.06237692 0.35648146 -0.18620437
v -0.06044275 0.35787874 -0.18234602
v -0.05720263 0.35722733 -0.18619916
v -0.06005019 0.37076855 -0.15499851
v -0.03521395 0.36717021 -0.16645552
v -0.02682302 0.36693472 -0.16633032
v -0.00216056 0.37067577 -0.15496029
v -0.03107674 0.36495230 -0.17580430
v -0.00608869 0.36294809 -0.18302576
v 0.00021968 0.36517912 -0.17542703
v 0.00021882 0.36231068 -0.18616973
v 0.00559023 0.36247957 -0.18349195
v 0.00274657 0.37038627 -0.15495890
v 0.02638379 0.36517942 -0.16545348
v 0.02948872 0.37138960 -0.14137229
v 0.05841707 0.35540920 -0.17746063
v 0.03726177 0.36392879 -0.16483438
v 0.03386353 0.37072733 -0.14170319
v 0.05673540 0.36329758 -0.15496784
v 0.05204454 0.35441154 -0.18618096
v 0.03150878 0.36168557 -0.17742461
v 0.06278595 0.35206962 -0.18618575
v 0.06844787 0.35411835 -0.17489901
v 0.09291478 0.34469962 -0.18620279
v 0.07031204 0.36038741 -0.15497552
v 0.08374089 0.35474104 -0.16027826
v 0.08523850 0.35772020 -0.14819880
v 0.11171813 0.34612021 -0.15900195
v 0.12524833 0.34410989 -0.15501133
v 0.10790887 0.34773275 -0.15680304
v 0.10715997 0.34923512 -0.15244378
v 0.11135080 0.34738368 -0.15500034
v 0.11668589 0.35107154 -0.14110857
v 0.09444796 0.34431756 -0.18620370
v 0.09406293 0.34446809 -0.18603218
v 0.13952242 0.34117395 -0.15502079
v 0.12533219 0.33634841 -0.18622676
v 0.13618097 0.33930662 -0.16460240
v 0.13533129 0.33347937 -0.18623948
v 0.14319754 0.33967933 -0.15723310
v 0.16771086 0.33501866 -0.15958588
v 0.15659827 0.33029747 -0.17937206
v 0.17912236 0.32409608 -0.18194316
v 0.14254788 0.34098285 -0.15346715
v 0.16888104 0.33734772 -0.15168971
v 0.13905776 0.34217188 -0.15116529
v 0.14608517 0.34409869 -0.14485732
v 0.17716195 0.33425999 -0.15507084
v 0.16373619 0.34409082 -0.13802466
v 0.17793638 0.33840105 -0.14372016
v 0.18785858 0.32372177 -0.17686088
v 0.19626439 0.32959390 -0.15510450
v 0.20696765 0.31888860 -0.17681539
v 0.21532881 0.32038656 -0.16697727
v 0.22164445 0.31786016 -0.16825005
v 0.21911389 0.31726503 -0.17300114
v 0.23626155 0.31279522 -0.16224135
v 0.22346824 0.31498176 -0.17295949
v 0.21197391 0.32711458 -0.14667460
v 0.22440064 0.32333979 -0.14482020
v 0.24294344 0.31278846 -0.15149508
v 0.21913382 0.32904285 -0.13142148
v 0.23656678 0.32150275 -0.13086817
v 0.19541489 0.33597225 -0.13892549
v 0.25036970 0.30980122 -0.14925843
v 0.26600128 0.30496335 -0.13183664
v 0.28160733 0.29278308 -0.12968631
v -0.15619834 0.35800615 -0.13083619
v -0.13635531 0.36552048 -0.12960070
v -0.12493947 0.36543304 -0.13510527
v -0.10268824 0.37093556 -0.13495545
v -0.09367348 0.37168691 -0.13756661
v -0.08829106 0.37275118 -0.13674895
v -0.09367481 0.37543947 -0.12996522
v -0.03753130 0.37543136 -0.14258796
v -0.06238711 0.37262729 -0.14940581
v -0.03108431 0.37543118 -0.14287543
v -0.03161629 0.37649173 -0.13989849
v -0.03052172 0.37655705 -0.13993059
v -0.02456170 0.37543175 -0.14261764
v -0.03542080 0.37759474 -0.13721336
v -0.03108595 0.37704661 -0.13856277
v -0.02794649 0.37699956 -0.13780260
v 0.00021954 0.37217954 -0.14846097
v 0.02623318 0.37279648 -0.13672444
v 0.03151102 0.37208375 -0.13768525
v 0.04139078 0.37048995 -0.13443187
v 0.03151169 0.37543052 -0.12421242
v 0.06280053 0.36568093 -0.13553874
v 0.07222085 0.36448181 -0.12846211
v 0.09408881 0.35845616 -0.13093010
v 0.15663238 0.35016122 -0.12684798
v -0.15753976 -0.37700027 -0.07825784
v -0.15461726 -0.37797087 -0.07874416
v -0.12880814 -0.38202396 -0.09264659
v -0.12754561 -0.39264953 -0.06640430
v -0.12506783 -0.37946802 -0.10250254
v -0.12507452 -0.37279373 -0.12385464
v -0.10780291 -0.38150966 -0.11524117
v -0.11943223 -0.38579255 -0.09265111
v -0.10158242 -0.39005098 -0.10050391
v -0.10344173 -0.39378005 -0.08667457
v -0.12111062 -0.39410812 -0.06933287
v -0.06434665 -0.39189094 -0.12030295
v -0.08384839 -0.39442027 -0.09832694
v -0.08223274 -0.39764670 -0.08863290
v -0.07443937 -0.39824992 -0.09267842
v -0.07340890 -0.40096700 -0.08315502
v -0.06393305 -0.39078730 -0.12388154
v -0.09381895 -0.38654143 -0.11428078
v -0.06255441 -0.39108285 -0.12388214
v -0.03128647 -0.40833536 -0.06278996
v -0.05878378 -0.39386439 -0.11635609
v -0.05991526 -0.39141405 -0.12388290
v -0.04870380 -0.40215990 -0.09268694
v -0.04528126 -0.40242550 -0.09432861
v -0.04554909 -0.40296158 -0.09131420
v -0.04929596 -0.40334353 -0.08794983
v -0.03858786 -0.40570807 -0.07604702
v -0.01097968 -0.40101245 -0.10204086
v -0.01688497 -0.40326101 -0.09390866
v -0.01668147 -0.40366814 -0.09167993
v -0.01456566 -0.40349513 -0.09269237
v -0.02271068 -0.40569943 -0.07861596
v -0.01365144 -0.40368223 -0.08867079
v -0.01026876 -0.39518943 -0.12388891
v -0.03129060 -0.39668819 -0.11939280
v -0.00002607 -0.39517117 -0.12388740
v 0.00690347 -0.39698803 -0.11005117
v 0.00705029 -0.39359766 -0.12388313
v 0.01275959 -0.39999676 -0.09268443
v 0.01915790 -0.39856571 -0.09622864
v 0.01864037 -0.39960113 -0.08964964
v 0.01087264 -0.40095243 -0.08324133
v 0.04107107 -0.39406818 -0.09844643
v 0.04177659 -0.39548004 -0.08758372
v 0.05306438 -0.39325270 -0.09265594
v 0.05660103 -0.39590472 -0.07320069
v 0.03123673 -0.39176106 -0.11692721
v 0.05546749 -0.38650382 -0.12033948
v 0.06250250 -0.38619184 -0.11621442
v 0.06250292 -0.38481307 -0.12384545
v 0.07267841 -0.38491786 -0.11876412
v 0.07029981 -0.38998345 -0.09264486
v 0.08748848 -0.38689196 -0.10198162
v 0.08572898 -0.39039177 -0.08503973
v 0.06691617 -0.39444327 -0.07029526
v 0.09943803 -0.38570923 -0.10256168
v 0.10114085 -0.38913757 -0.08441317
v 0.11891753 -0.38651702 -0.09262571
v 0.12380121 -0.39117834 -0.06381829
v 0.09376184 -0.38460663 -0.11335014
v 0.11125204 -0.38308543 -0.11695650
v 0.12501740 -0.38350379 -0.11093515
v 0.12502319 -0.38052168 -0.12382384
v 0.14243197 -0.38124919 -0.11513005
v 0.13053814 -0.38537559 -0.09261753
v 0.15262094 -0.38164514 -0.10455671
v 0.15057456 -0.38574260 -0.08269669
v 0.12605537 -0.39101502 -0.06349137
v 0.15957674 -0.38090494 -0.10492320
v 0.16150604 -0.38477001 -0.08220340
v 0.18537980 -0.37868294 -0.09259165
v 0.15628347 -0.38045877 -0.11127420
v 0.16438192 -0.37837112 -0.11224914
v 0.18755490 -0.37706351 -0.09805241
v 0.18754309 -0.36870286 -0.12380102
v 0.18933539 -0.37788895 -0.09259094
v -0.25498438 -0.32195231 -0.09266815
v -0.20617150 -0.34927863 -0.09559708
v -0.20638347 -0.34970456 -0.08947518
v -0.19283637 -0.36160904 -0.06406687
v -0.25009787 -0.32272750 -0.11376999
v -0.25010008 -0.32213339 -0.12387798
v -0.24542344 -0.32544208 -0.12153791
v -0.21648744 -0.34337485 -0.09264490
v -0.24137667 -0.32959038 -0.09266005
v -0.23094563 -0.33634618 -0.09617068
v -0.23092213 -0.33630526 -0.08911437
v -0.21504152 -0.34336889 -0.11626035
v -0.19760588 -0.35456783 -0.09264129
v -0.19429697 -0.35226887 -0.11046095
v -0.21733297 -0.34338176 -0.06443958
v -0.21666351 -0.34227878 -0.12385508
v -0.21884546 -0.34135228 -0.12284747
v -0.16230696 -0.37456900 -0.08002776
v -0.18187881 -0.36317235 -0.09264123
v -0.18757480 -0.36378527 -0.07105469
v -0.18759914 -0.35429999 -0.12384865
v -0.18455069 -0.35591614 -0.11776789
v -0.18100235 -0.35565978 -0.12384704
v -0.15632421 -0.37456349 -0.08596344
v -0.16029882 -0.36663240 -0.10428616
v -0.15345296 -0.36881092 -0.10537677
v -0.15633309 -0.36602187 -0.11251047
v -0.14092773 -0.37454927 -0.10056208
v -0.14510499 -0.36894175 -0.11385073
v -0.16052605 -0.37667042 -0.07494128
v -0.15632035 -0.37877879 -0.07493667
v -0.09380096 -0.40489876 -0.06188844
v 0.03123208 -0.40115559 -0.06372035
v 0.09374122 -0.39248127 -0.06798267
v 0.15628314 -0.38645357 -0.07094295
v 0.17645527 -0.38442433 -0.06691669
v 0.19662255 -0.37433642 -0.09711465
v 0.20241916 -0.37434822 -0.08517025
v 0.18755746 -0.38011396 -0.08105083
v 0.20240813 -0.36614269 -0.11638258
v 0.21454647 -0.36580613 -0.10392371
v 0.22541735 -0.36117816 -0.10160784
v 0.21881171 -0.36004341 -0.11534023
v 0.21656431 -0.36983031 -0.07923887
v 0.22270362 -0.36663112 -0.08083938
v 0.21382456 -0.37186205 -0.07447222
v 0.21883544 -0.36957884 -0.07457993
v 0.24047706 -0.35516244 -0.09258434
v 0.24138793 -0.35006288 -0.10643750
v 0.25802964 -0.34315884 -0.09258640
v 0.24589309 -0.35456291 -0.06977592
v 0.23155946 -0.34949148 -0.12380458
v 0.25006938 -0.33953610 -0.12381320
v 0.26112244 -0.33856666 -0.10176770
v 0.26006061 -0.33251989 -0.12381763
v 0.26384601 -0.33941293 -0.09258804
v 0.27155679 -0.33150637 -0.09842288
v 0.26993871 -0.33475220 -0.08838059
v 0.26304236 -0.34048429 -0.08722392
v 0.28459826 -0.31844062 -0.10496388
v 0.28601193 -0.32125670 -0.08162750
v 0.28134075 -0.31965578 -0.11207052
v 0.28701562 -0.31477761 -0.11104639
v -0.31267437 -0.26548040 -0.12377065
v -0.29900068 -0.28098953 -0.09273996
v -0.31793162 -0.26053575 -0.09277257
v -0.31271690 -0.26544717 -0.12398846
v -0.29761389 -0.28230512 -0.09273817
v -0.31256568 -0.26555356 -0.12398827
v -0.29782042 -0.28185236 -0.09446708
v -0.29124984 -0.28591976 -0.12395409
v -0.29519129 -0.28451508 -0.09449780
v -0.27660823 -0.30272210 -0.10357202
v -0.28134912 -0.29664904 -0.11609006
v -0.26547658 -0.31218475 -0.10036182
v -0.27127659 -0.30715209 -0.11332660
v -0.29470801 -0.28548077 -0.09048644
v -0.27746573 -0.30445302 -0.08096482
v -0.26762861 -0.31219116 -0.08392566
v -0.28133684 -0.29810888 -0.07005398
v -0.27261928 -0.30784038 -0.07273149
v -0.31308746 -0.26511049 -0.12372784
v -0.29792202 -0.28195670 -0.09080395
v -0.31053790 -0.26739436 -0.06554939
v -0.25009084 -0.32520607 -0.06662568
v -0.24795155 -0.32672134 -0.06252591
v -0.21883333 -0.34268120 -0.06179458
v 0.29193243 -0.31195220 -0.10292526
v 0.29701042 -0.30411667 -0.11604621
v 0.29550236 -0.31196439 -0.08404604
v 0.28136724 -0.32666594 -0.06962170
v 0.29193494 -0.31724754 -0.07169397
v 0.30666536 -0.30008253 -0.09259985
v 0.30887175 -0.29261595 -0.11639552
v 0.32403648 -0.28074172 -0.09259922
v 0.30598563 -0.29302973 -0.12383646
v 0.31262329 -0.29664427 -0.06192581
v 0.31258953 -0.28636101 -0.12383927
v 0.31284699 -0.29647315 -0.06147125
v 0.32528323 -0.27778435 -0.09850982
v 0.32549703 -0.27155834 -0.12383993
v 0.32661277 -0.27748159 -0.09259978
v 0.33835191 -0.26051196 -0.10271784
v 0.33547133 -0.26629892 -0.08537588
v 0.31368485 -0.29530025 -0.06348198
v 0.32594916 -0.27844787 -0.08800784
v 0.34478375 -0.25136977 -0.10729084
v 0.34573317 -0.25324276 -0.07884640
v 0.34385002 -0.25206554 -0.10950285
v 0.34550029 -0.25033054 -0.10904703
v -0.35140502 -0.22235642 -0.12408060
v -0.33869061 -0.23963483 -0.10335479
v -0.34375948 -0.23202759 -0.11731091
v -0.33004051 -0.24977085 -0.10154127
v -0.33423936 -0.24500191 -0.11317909
v -0.33758157 -0.23743716 -0.08336274
v -0.32765126 -0.24977212 -0.08522874
v -0.34372795 -0.22746438 -0.06604804
v -0.33161688 -0.24370924 -0.07111488
v -0.35932356 -0.21073279 -0.12409566
v -0.37494996 -0.18417346 -0.12412158
v -0.36775243 -0.19929788 -0.12050496
v -0.35544440 -0.21854164 -0.09284746
v -0.35496557 -0.21853818 -0.10162444
v -0.35771343 -0.21527483 -0.09448513
v -0.35763291 -0.21512119 -0.09114090
v -0.35381529 -0.21854581 -0.08179078
v -0.31254274 -0.26508644 -0.06213870
v -0.31234983 -0.26529112 -0.06163252
v 0.34640697 -0.24950705 -0.10694596
v 0.34737122 -0.24774691 -0.10998395
v 0.34886178 -0.24951622 -0.07948034
v 0.34387061 -0.25618929 -0.07364609
v 0.34744173 -0.25130340 -0.07519723
v 0.35131869 -0.24579403 -0.07326199
v 0.36391363 -0.22714147 -0.09261240
v 0.36511543 -0.22391456 -0.10388577
v 0.36951631 -0.21828204 -0.09261545
v 0.36564890 -0.22444615 -0.08028936
v 0.36062035 -0.22665854 -0.12385682
v 0.37509444 -0.20267656 -0.12386891
v 0.37509999 -0.20266894 -0.12385789
v 0.37510106 -0.20266670 -0.12386891
v 0.37510458 -0.20265837 -0.12386388
v 0.37949225 -0.19581658 -0.09262618
v 0.37587628 -0.20343044 -0.06290743
v -0.37928700 -0.17381063 -0.12195529
v -0.37804881 -0.17323831 -0.06321629
v -0.38115597 -0.16540974 -0.11168641
v -0.38434362 -0.14980997 -0.10528897
v -0.38279337 -0.15601824 -0.09290665
v -0.38574639 -0.14644282 -0.09291390
v -0.37986434 -0.16671269 -0.07155447
v -0.38449121 -0.14998269 -0.08083968
v -0.38092864 -0.16863437 -0.12412992
v -0.38594097 -0.14587823 -0.12413534
v -0.37493843 -0.18271716 -0.10201076
v -0.37254801 -0.18728937 -0.09407806
v -0.37242845 -0.18729077 -0.09162708
v -0.37364477 -0.18470590 -0.09288411
v -0.37492943 -0.18149740 -0.08129746
v -0.36585575 -0.19839028 -0.06616531
v -0.39153829 -0.13204294 -0.11583057
v 0.38332084 -0.18704824 -0.09673485
v 0.38375837 -0.18704918 -0.08830684
v 0.38565397 -0.17670530 -0.11860244
v 0.39012656 -0.16391981 -0.12387739
v 0.39297056 -0.16028702 -0.09487765
v 0.39311096 -0.16056514 -0.09026299
v 0.37660950 -0.20192379 -0.06213335
v 0.38732529 -0.17753473 -0.06749140
v 0.39387089 -0.14957356 -0.12387705
v 0.40201539 -0.12674674 -0.11043262
v 0.39518782 -0.15581204 -0.09263881
v 0.39437145 -0.15581173 -0.09991603
v 0.39941674 -0.13845718 -0.10131830
v 0.40111649 -0.13508049 -0.08227398
v 0.39497253 -0.15581265 -0.08417174
v -0.39931303 -0.11109476 -0.10172883
v -0.39454198 -0.12474281 -0.10273999
v -0.39582142 -0.11957109 -0.11368689
v -0.39889091 -0.11026009 -0.08455136
v -0.39373586 -0.12475377 -0.08350703
v -0.39100468 -0.13233423 -0.06973584
v -0.39492330 -0.11915027 -0.07170705
v -0.40633318 -0.06233163 -0.10868587
v -0.40390497 -0.09347937 -0.09293982
v -0.40633354 -0.06270624 -0.10831177
v -0.40846789 -0.06696131 -0.07970755
v -0.40087283 -0.09346276 -0.11368855
v -0.40361315 -0.09349719 -0.06673121
v -0.39852014 -0.09725272 -0.12414686
v -0.39986172 -0.09033213 -0.12414879
v -0.40608427 -0.06349020 -0.10920142
v 0.40316015 -0.12457506 -0.10665874
v 0.40426826 -0.12457769 -0.07807554
v 0.40304816 -0.12291738 -0.10991784
v 0.40507171 -0.09398049 -0.12387880
v 0.40414470 -0.12013523 -0.10604069
v 0.40489337 -0.12161112 -0.07850613
v 0.40400681 -0.12576255 -0.07583655
v 0.40453300 -0.12365638 -0.07610039
v 0.40638030 -0.11462829 -0.07204789
v 0.40529183 -0.09279118 -0.12387898
v 0.40974301 -0.09334013 -0.09263895
v 0.40547952 -0.09333158 -0.12209427
v 0.41109002 -0.07149086 -0.10356113
v 0.41323203 -0.07577679 -0.08385743
v 0.41041556 -0.09334491 -0.06946175
v 0.40637594 -0.08773730 -0.12108152
v 0.41242784 -0.06511069 -0.11127599
v -0.40637904 -0.06220696 -0.10841364
v -0.40906733 -0.06222447 -0.07882772
v -0.40635717 -0.06206991 -0.10869805
v -0.40769997 -0.03177901 -0.12417433
v -0.40656206 -0.06124895 -0.10808276
v -0.41012377 -0.05415295 -0.08137628
v -0.40906453 -0.06370899 -0.07586162
v -0.40611219 -0.07954450 -0.06868781
v -0.40973490 -0.06040715 -0.07552601
v -0.40793568 -0.03001295 -0.12417444
v -0.41220397 -0.00280007 -0.11163917
v -0.41295362 -0.03096622 -0.09295589
v -0.40864912 -0.03095692 -0.11898819
v -0.41280961 -0.01323032 -0.10181804
v -0.41560248 -0.01880609 -0.08687590
v -0.41521311 -0.03097280 -0.08000571
v 0.41835883 -0.03819718 -0.09631886
v 0.41358534 -0.06209625 -0.10466651
v 0.41330725 -0.05863914 -0.11171612
v 0.41976488 -0.03539115 -0.09038828
v 0.41736972 -0.06210243 -0.08250663
v 0.41638350 -0.06709426 -0.07203323
v 0.41931695 -0.05564774 -0.07057315
v 0.42027828 -0.03086264 -0.09265465
v 0.41837984 -0.03085885 -0.09995208
v 0.41992614 -0.02665748 -0.09476171
v 0.42057404 -0.02795250 -0.09120205
v 0.42055464 -0.03086315 -0.08970410
v 0.41334945 -0.03432022 -0.12389696
v 0.41385508 -0.02712060 -0.12390309
v 0.41828376 -0.00555814 -0.11424660
v -0.42175600 0.03150604 -0.09293640
v -0.41505259 0.00027407 -0.10406599
v -0.42026126 0.00026825 -0.08443353
v -0.42173445 0.03140156 -0.09293646
v -0.41306776 0.00378387 -0.11206937
v -0.42171964 0.03146861 -0.09301126
v -0.40606129 0.02996130 -0.12339211
v -0.42088631 -0.00714451 -0.06993374
v -0.42764825 0.01105634 -0.06654506
v -0.42171916 0.03154300 -0.09301028
v -0.41066751 0.06045916 -0.11084516
v -0.41954842 0.03150758 -0.09720290
v -0.42175040 0.03164238 -0.09293638
v -0.42182156 0.03136675 -0.09265803
v -0.42191753 0.03174125 -0.09246597
v -0.40582189 0.03151730 -0.12368965
v -0.40564629 0.03130973 -0.12416931
v -0.40562624 0.03173544 -0.12416921
v -0.40606228 0.03401139 -0.12292200
v 0.41986227 0.02729522 -0.09487899
v 0.42075959 0.00037810 -0.10113171
v 0.41869009 0.00652685 -0.11446177
v 0.42052513 0.02861829 -0.09122570
v 0.42398649 0.00037291 -0.08586057
v 0.42422712 -0.00853963 -0.06815466
v 0.42249089 0.00841324 -0.06903586
v 0.40527678 0.06228066 -0.10893775
v 0.41975701 0.03161090 -0.09272553
v 0.40581349 0.06165752 -0.10777746
v 0.41171759 0.03161725 -0.11333270
v 0.41821581 0.03922338 -0.08892518
v 0.42039734 0.03160983 -0.08947764
v 0.40799156 0.03082491 -0.12396657
v 0.40772969 0.03228514 -0.12396778
v 0.40640414 0.04738513 -0.11609423
v -0.41362804 0.06276007 -0.10476458
v -0.42290747 0.06275831 -0.08572350
v -0.41044277 0.06494889 -0.11073080
v -0.41194683 0.07451455 -0.10266666
v -0.40607166 0.08037804 -0.11734501
v -0.41682723 0.08426941 -0.08804767
v -0.43115914 0.05020455 -0.06476729
v -0.42790744 0.07367858 -0.06637750
v -0.41297424 0.09401459 -0.09291600
v -0.40944326 0.11856647 -0.08064582
v -0.41627210 0.09401487 -0.08205309
v -0.40368408 0.09401367 -0.11937167
v -0.40283933 0.11876782 -0.10528813
v -0.40240884 0.09218016 -0.12415690
v -0.40197209 0.09606787 -0.12415747
v -0.40046155 0.12245816 -0.11135495
v 0.40539148 0.06284580 -0.10786428
v 0.40419850 0.06395141 -0.10947858
v 0.38852605 0.08514392 -0.12401322
v 0.40640831 0.06284500 -0.10399137
v 0.40383202 0.06800169 -0.10579912
v 0.41003034 0.07007848 -0.08075956
v 0.41293019 0.06284267 -0.08039383
v 0.41332692 0.05938345 -0.07367133
v 0.40641969 0.08598760 -0.06557971
v 0.41211435 0.06569184 -0.07428446
v 0.38365597 0.10547597 -0.12404212
v 0.38233992 0.11327841 -0.12047940
v 0.39702615 0.09407800 -0.09278381
v 0.39428914 0.09407824 -0.09975464
v 0.39371851 0.09990127 -0.09570231
v 0.39426720 0.10099669 -0.08933102
v 0.40177652 0.09407539 -0.07083710
v -0.40824890 0.12527053 -0.07837153
v -0.40609479 0.12527154 -0.08626685
v -0.39840090 0.14068140 -0.10084308
v -0.40120763 0.12527388 -0.10609734
v -0.39872706 0.12896007 -0.11222444
v -0.40733638 0.12775144 -0.07853482
v -0.40966433 0.12348516 -0.07551030
v -0.40850136 0.12647343 -0.07609195
v -0.40610209 0.14059001 -0.06963548
v -0.39612591 0.15652901 -0.09292281
v -0.39377892 0.15653136 -0.09950510
v -0.39306909 0.16168596 -0.09550158
v -0.39408565 0.16371979 -0.08932909
v -0.40158910 0.15652263 -0.07071439
v -0.38912964 0.14804378 -0.12416671
v -0.38058716 0.16930948 -0.12416469
v -0.37931851 0.17438637 -0.12194443
v -0.37488294 0.18150365 -0.12416022
v 0.36998457 0.16693401 -0.11362430
v 0.37629992 0.15655401 -0.09285257
v 0.36933541 0.17600086 -0.09287734
v 0.36752230 0.16832986 -0.12412489
v 0.38590455 0.12531872 -0.09817020
v 0.38747680 0.12531435 -0.08667713
v 0.38206774 0.13904114 -0.09283002
v 0.37553853 0.14078592 -0.12392966
v 0.37521696 0.14176714 -0.12409211
v 0.37545735 0.14118788 -0.12360910
v 0.37542915 0.14105341 -0.12409122
v 0.39265263 0.11842076 -0.07029954
v 0.38664499 0.13520570 -0.06730680
v 0.36549294 0.17705983 -0.11925581
v 0.38163763 0.14735672 -0.07445514
v 0.37571761 0.17166761 -0.06261460
v -0.38215771 0.18779415 -0.09655993
v -0.38471091 0.18779080 -0.08800869
v -0.39254966 0.18099323 -0.07051244
v -0.38495290 0.19838288 -0.06670978
v -0.37927073 0.19655994 -0.09292111
v -0.36697590 0.21906452 -0.09290965
v -0.37938425 0.20792067 -0.07066061
v -0.37489009 0.19464624 -0.10660684
v -0.36710596 0.19953543 -0.12025728
v -0.36545473 0.21288335 -0.10526586
v -0.36062819 0.21057516 -0.12414229
v -0.36275303 0.22254169 -0.09984924
v -0.35434547 0.22441448 -0.12412873
v -0.34497035 0.24969040 -0.10914541
v -0.36322552 0.22695643 -0.09290285
v -0.36684531 0.22663510 -0.07777437
v 0.35789832 0.21553749 -0.09467496
v 0.36423895 0.18779781 -0.09839478
v 0.36021984 0.19590552 -0.11663212
v 0.35824347 0.21622768 -0.09152516
v 0.36591285 0.18779394 -0.08822527
v 0.36530328 0.19843966 -0.06661966
v 0.34235212 0.24942273 -0.10940427
v 0.35709891 0.21903270 -0.09292942
v 0.34323645 0.24864805 -0.10774619
v 0.34273309 0.24764693 -0.07862633
v 0.35638779 0.21903406 -0.09945169
v 0.35773554 0.21903148 -0.08910569
v 0.35464239 0.21373522 -0.12416211
v 0.35211238 0.22307965 -0.12416853
v 0.34404576 0.24590252 -0.11074011
v 0.37521994 0.17287256 -0.06303077
v 0.37559238 0.17235300 -0.06180419
v -0.34519416 0.25033972 -0.10773571
v -0.35301763 0.25033355 -0.08194416
v -0.34442860 0.25071871 -0.10887349
v -0.34422040 0.25143626 -0.10794773
v -0.34174445 0.25419980 -0.10656592
v -0.34367231 0.25146645 -0.10905723
v -0.34730360 0.25760576 -0.08089602
v -0.33523411 0.26722658 -0.08568816
v -0.36062646 0.24184011 -0.06879981
v -0.35182941 0.25441548 -0.07319126
v -0.34366930 0.26370764 -0.07058463
v -0.32491910 0.27534932 -0.09286089
v -0.32194486 0.27550784 -0.10506136
v -0.31765616 0.28161761 -0.09285770
v -0.32424766 0.27781004 -0.08526229
v -0.32156891 0.27056044 -0.12408704
v -0.31242460 0.27803418 -0.12408228
v -0.30377227 0.28860521 -0.10679521
v -0.29892859 0.29051024 -0.12407465
v -0.30266058 0.29335725 -0.09285487
v -0.28432786 0.30657697 -0.10530747
v -0.30936602 0.29418805 -0.06774206
v -0.27987525 0.31031415 -0.10717181
v -0.28116894 0.30869570 -0.11056280
v -0.27796286 0.31129798 -0.11006460
v -0.24993443 0.32807833 -0.12405700
v 0.25037855 0.31668621 -0.12399779
v 0.26840249 0.30615708 -0.11502588
v 0.27627987 0.30208328 -0.10310593
v 0.27743676 0.30437684 -0.08140826
v 0.29996425 0.28425008 -0.09835686
v 0.30626342 0.28150439 -0.09288634
v 0.29322565 0.28951001 -0.09685954
v 0.29210281 0.29175574 -0.08774015
v 0.29927102 0.28560248 -0.09287439
v 0.30073154 0.28501120 -0.08586522
v 0.29166228 0.28655139 -0.12408271
v 0.28160927 0.29509091 -0.11728087
v 0.34212720 0.25026947 -0.10759533
v 0.34096089 0.25026575 -0.07885815
v 0.32260513 0.26981601 -0.09291515
v 0.33706078 0.25376692 -0.11204337
v 0.31282854 0.27107698 -0.12412874
v 0.31713146 0.27019700 -0.11553033
v 0.31760320 0.26828480 -0.12413740
v 0.34176314 0.24912478 -0.07617693
v 0.34404048 0.24634252 -0.07535508
v 0.33798513 0.25329432 -0.07428302
v 0.31958145 0.27262434 -0.07518004
v -0.28346220 0.31289133 -0.07838795
v -0.28116480 0.31289503 -0.08793936
v -0.27647847 0.31290171 -0.10611980
v -0.28189394 0.31435284 -0.07796931
v -0.27973798 0.31574622 -0.07866367
v -0.29216546 0.30738488 -0.07174653
v -0.28322652 0.31392217 -0.07620972
v -0.28116342 0.31549126 -0.07594121
v -0.25807652 0.32921529 -0.09284177
v -0.25592607 0.33453906 -0.07362776
v -0.24993412 0.32818636 -0.12335069
v -0.23449469 0.34377897 -0.09282409
v -0.24952190 0.32833368 -0.12385055
v -0.23419423 0.34393838 -0.09293423
v -0.21869238 0.34355688 -0.12371763
v -0.23421171 0.34397349 -0.09273102
v -0.23379070 0.34415939 -0.09282334
v -0.23463306 0.34383023 -0.09216688
v -0.23401178 0.34415913 -0.09223896
v -0.21798640 0.34417352 -0.12261523
v -0.19304714 0.35419235 -0.11278932
v -0.20785266 0.35375506 -0.09758282
v -0.20909646 0.35624146 -0.08675995
v -0.19453797 0.36120397 -0.09277440
v -0.21792421 0.34378996 -0.12402484
v -0.18744728 0.35262507 -0.12398253
v -0.18370797 0.35606635 -0.11651462
v -0.17770791 0.35493594 -0.12396753
v -0.18244973 0.36545038 -0.09275946
v -0.15964079 0.36852860 -0.10489035
v -0.15353103 0.37010923 -0.10567111
v -0.15619460 0.36637160 -0.11285397
v -0.14493911 0.36980700 -0.11393097
v -0.12493960 0.37138784 -0.12388210
v -0.06239741 0.38290575 -0.12380350
v 0.00021007 0.37909168 -0.12375282
v 0.06278099 0.37536362 -0.09254503
v 0.06280438 0.37531251 -0.09274051
v 0.06280200 0.36841398 -0.12375796
v 0.07620841 0.36646995 -0.11707672
v 0.06283368 0.37535182 -0.09254507
v 0.08964283 0.36650902 -0.10373257
v 0.09303082 0.37327668 -0.07801025
v 0.12264062 0.35701072 -0.11834614
v 0.09928912 0.36498767 -0.10298333
v 0.09538462 0.37278205 -0.07825768
v 0.12080660 0.36626559 -0.09258173
v 0.11837205 0.35624602 -0.12379211
v 0.09408836 0.36274648 -0.11448134
v 0.12537107 0.35511988 -0.12379593
v 0.12825431 0.35685164 -0.11803875
v 0.13702479 0.35390654 -0.12380327
v 0.13013065 0.36581802 -0.09258652
v 0.14926992 0.36064237 -0.10086440
v 0.15240413 0.36692673 -0.08120260
v 0.17942177 0.35124364 -0.10695066
v 0.16514003 0.35830835 -0.09971742
v 0.16179967 0.36496755 -0.08218708
v 0.17880884 0.35719091 -0.09263578
v 0.16610280 0.34882152 -0.12383087
v 0.15663156 0.35346785 -0.11913581
v 0.18788709 0.34335792 -0.12386195
v 0.20488739 0.33692986 -0.12389399
v 0.22933048 0.33316311 -0.09816340
v 0.21913910 0.33293414 -0.11837795
v 0.24034700 0.32338566 -0.11896329
v 0.22984469 0.33419234 -0.08783097
v 0.20106602 0.34650064 -0.09755573
v 0.20978287 0.34404498 -0.09268747
v 0.20656316 0.34404951 -0.09877314
v 0.20137273 0.34832805 -0.09267001
v 0.20469075 0.34640640 -0.09385250
v 0.20499386 0.34701243 -0.09119648
v 0.24383980 0.32585913 -0.09276903
v 0.22183782 0.34402487 -0.06692518
v 0.24947372 0.32927907 -0.06337910
v 0.25038290 0.31977147 -0.10677283
v 0.26285416 0.31275985 -0.09903792
v 0.26554400 0.31275070 -0.08523968
v 0.25403517 0.32006016 -0.09279108
v 0.27398294 0.30891871 -0.07340667
v 0.28161967 0.30169207 -0.07171880
v 0.25271004 0.32720470 -0.06273790
v 0.25077713 0.32876730 -0.06236288
v -0.21866916 0.35526958 -0.06714238
v -0.19782749 0.36497858 -0.06676405
v -0.16383681 0.37542087 -0.08095554
v -0.18742648 0.36739326 -0.07675382
v -0.15618612 0.37542468 -0.08801785
v -0.14229248 0.37543070 -0.10137019
v -0.15761672 0.37829140 -0.07855783
v -0.15426320 0.37926325 -0.07903749
v -0.16125958 0.37795883 -0.07459506
v -0.15618113 0.37999094 -0.07484204
v -0.12877861 0.38311836 -0.09268291
v -0.12580112 0.39193130 -0.06323078
v -0.12493660 0.38000339 -0.10180211
v -0.11975236 0.38579589 -0.09266897
v -0.10472241 0.38095868 -0.11376335
v -0.09986830 0.38781470 -0.10206154
v -0.08626078 0.39025196 -0.10082752
v -0.09367500 0.38411367 -0.11256897
v -0.07570258 0.38441020 -0.11718430
v -0.10159513 0.39127970 -0.08495045
v -0.08450937 0.39373708 -0.08615899
v -0.09365869 0.39821133 -0.06565320
v -0.12362482 0.39235115 -0.06406567
v -0.07152813 0.39368409 -0.09260541
v -0.06906086 0.39773256 -0.07471815
v -0.06239654 0.38602093 -0.11374940
v -0.05379821 0.39260808 -0.09259381
v -0.04862151 0.38417888 -0.11692230
v -0.03774376 0.38870123 -0.10155477
v -0.02508484 0.38744640 -0.10216955
v -0.03109895 0.38485035 -0.11287232
v -0.01642421 0.38276035 -0.11547613
v -0.03960846 0.39242649 -0.08546171
v -0.02324185 0.39112678 -0.08479823
v -0.03108957 0.39805946 -0.06566853
v -0.05623438 0.39720303 -0.07364915
v -0.00601402 0.38784695 -0.09255239
v -0.00231334 0.39356822 -0.06636916
v 0.00020521 0.38297084 -0.10759394
v 0.00553066 0.38607126 -0.09254658
v 0.02345466 0.37945473 -0.11216106
v 0.02898910 0.38046715 -0.10562784
v 0.03355338 0.37950662 -0.10610574
v 0.03151181 0.37926051 -0.11005475
v 0.06240680 0.37541062 -0.09274321
v 0.03643698 0.37788728 -0.11059907
v 0.02691994 0.38459194 -0.08151612
v 0.03534018 0.38307309 -0.08075808
v 0.06261904 0.37541047 -0.09245260
v 0.03150763 0.38580751 -0.07175231
v 0.04611178 0.38270438 -0.06965894
v 0.00224960 0.39309362 -0.06542131
v 0.06280439 0.37537497 -0.09247448
v 0.09157326 0.37412822 -0.07570612
v 0.09408440 0.37360662 -0.07607420
v 0.09726782 0.37378696 -0.07537302
v 0.09408412 0.37537736 -0.06835632
v 0.12535506 0.37005728 -0.08199504
v 0.14719841 0.37063989 -0.07230005
v 0.15661013 0.36830211 -0.07349301
v 0.17881528 0.36421546 -0.06595263
v 0.15660433 0.37533000 -0.04939868
v 0.18786752 0.36167774 -0.06543352
v 0.19062613 0.36105749 -0.06282995
v 0.21912691 0.34654179 -0.06276467
v -0.18756962 -0.36604369 -0.06143728
v -0.16820468 -0.38052413 -0.05176837
v -0.16282386 -0.38760650 -0.03932719
v -0.16361493 -0.38920528 -0.02193361
v -0.13276467 -0.39788330 -0.04604159
v -0.11552742 -0.40578228 -0.03024190
v -0.14515461 -0.39686078 -0.03470119
v -0.14451991 -0.39812416 -0.02639580
v -0.13815488 -0.40076432 -0.03023377
v -0.13591065 -0.40104717 -0.02072909
v -0.13112310 -0.39320078 -0.06144006
v -0.15631296 -0.38647765 -0.05177918
v -0.11008611 -0.40709847 -0.03024433
v -0.12505889 -0.39592585 -0.06144292
v -0.11025890 -0.40660959 -0.03190799
v -0.10878309 -0.40705973 -0.03088629
v -0.08144171 -0.41230705 -0.03352216
v -0.10873402 -0.40715587 -0.02955441
v -0.08163543 -0.41270697 -0.02676769
v -0.09376538 -0.40780288 -0.00002787
v -0.09750533 -0.40391055 -0.06145706
v -0.09927782 -0.40576482 -0.05051718
v -0.11066484 -0.40701914 -0.02776306
v -0.09254752 -0.40575776 -0.05895799
v -0.07445340 -0.41314715 -0.03024409
v -0.07234923 -0.41154879 -0.04185992
v -0.07192040 -0.41196892 -0.01779915
v -0.09272758 -0.40522152 -0.06145936
v -0.09380075 -0.40510276 -0.06113128
v -0.05075047 -0.41343096 -0.03024002
v -0.06253718 -0.40860254 -0.06147104
v -0.05291039 -0.41172662 -0.04224919
v -0.03707629 -0.40860265 -0.06147439
v -0.04332104 -0.41286236 -0.03381407
v -0.01797559 -0.41038322 -0.03258203
v -0.03128484 -0.40874976 -0.05995293
v -0.04320505 -0.41308299 -0.02655780
v -0.01804927 -0.41054285 -0.02782159
v -0.03123626 -0.41093975 -0.00160304
v -0.05331037 -0.41215265 -0.01739357
v -0.01354270 -0.40986967 -0.03024121
v -0.01210187 -0.40922952 -0.03730725
v -0.01180675 -0.40951726 -0.02260923
v -0.02653853 -0.40807363 -0.06147546
v 0.01494393 -0.40704638 -0.03024583
v -0.00002433 -0.40564346 -0.06147586
v 0.01438109 -0.40692794 -0.03272144
v 0.01620856 -0.40686312 -0.03083241
v 0.01622538 -0.40689570 -0.02964237
v 0.02395345 -0.40203470 -0.06146973
v 0.02645127 -0.40568531 -0.03024160
v 0.01908531 -0.40568498 -0.03717499
v 0.01426672 -0.40704933 -0.02753049
v 0.02043500 -0.40569332 -0.02062298
v 0.05057148 -0.40196118 -0.03764064
v 0.04573973 -0.40342611 -0.03135864
v 0.04577565 -0.40349936 -0.02914488
v 0.04801491 -0.40337530 -0.03023219
v 0.04968805 -0.40285528 -0.02458665
v 0.04268660 -0.39993143 -0.06146060
v 0.03123114 -0.40172690 -0.05949856
v 0.06248209 -0.39737135 -0.06144747
v 0.07099689 -0.39853048 -0.04443442
v 0.07316038 -0.39534637 -0.06143914
v 0.07536504 -0.40015101 -0.03020868
v 0.08122458 -0.39942986 -0.03330948
v 0.08133481 -0.39921218 -0.02698670
v 0.07230248 -0.39984724 -0.01858581
v 0.12286790 -0.39211553 -0.05712732
v 0.10442524 -0.39572406 -0.03513366
v 0.10427589 -0.39543089 -0.02508824
v 0.11454862 -0.39528310 -0.03017703
v 0.12183777 -0.39318994 -0.00528527
v 0.12144375 -0.39175463 -0.06140717
v 0.09373946 -0.39424711 -0.05574210
v 0.12500946 -0.39144760 -0.06140488
v 0.12640829 -0.39136979 -0.05861188
v 0.12729590 -0.39111379 -0.06140340
v 0.13370647 -0.39173341 -0.03016202
v 0.14843428 -0.39004785 -0.03793081
v 0.14827737 -0.39038014 -0.02253577
v 0.12715288 -0.39214259 -0.00318610
v 0.16341211 -0.38861024 -0.03864227
v 0.16357473 -0.38894191 -0.02180433
v 0.18175301 -0.38599041 -0.03013667
v 0.15628074 -0.38833576 -0.05275565
v 0.17815039 -0.38527846 -0.05667665
v 0.18756151 -0.38407069 -0.04954304
v 0.18755874 -0.38286680 -0.06136791
v 0.19245230 -0.38414696 -0.03013335
v 0.21842515 -0.37528473 -0.01493178
v 0.21916275 -0.37502599 -0.01480153
v -0.25344753 -0.31891811 -0.03025592
v -0.20814773 -0.35330349 -0.03519051
v -0.19363590 -0.36201227 -0.05840922
v -0.20929039 -0.35560468 -0.02413156
v -0.21879071 -0.34632862 -0.00050271
v -0.19861294 -0.36452970 -0.00456351
v -0.25008586 -0.32376805 -0.05341906
v -0.25008959 -0.32499969 -0.06146082
v -0.24756347 -0.32652768 -0.06019763
v -0.22016793 -0.34338820 -0.03023649
v -0.24335077 -0.32561338 -0.03025041
v -0.23052812 -0.33555338 -0.03415955
v -0.22999687 -0.33450252 -0.02580145
v -0.22131526 -0.34339005 -0.00406627
v -0.21782161 -0.34338331 -0.05942672
v -0.18971892 -0.37027800 -0.03023317
v -0.21515073 -0.34522009 -0.06144262
v -0.21812607 -0.34302986 -0.06144327
v -0.21883298 -0.34254658 -0.06102542
v -0.18755820 -0.37089789 -0.03763127
v -0.18352620 -0.37459973 -0.03224454
v -0.18419772 -0.37460095 -0.02855773
v -0.18672484 -0.37294322 -0.03023329
v -0.18755169 -0.37212861 -0.02528875
v -0.17381144 -0.38335401 -0.00588467
v -0.15628822 -0.39355242 -0.00515053
v 0.03125405 -0.40313679 -0.00027341
v 0.09374978 -0.39605808 -0.00374525
v 0.15629351 -0.39076781 -0.00633828
v 0.17905307 -0.38577187 -0.00315369
v 0.21603875 -0.37439013 -0.04433802
v 0.18757188 -0.38446409 -0.01001208
v 0.21742453 -0.37367779 -0.04645197
v 0.21885553 -0.37440813 -0.02664144
v 0.21835367 -0.37340009 -0.04524519
v 0.21973203 -0.37262934 -0.04485871
v 0.21884929 -0.37303668 -0.04641704
v 0.22021361 -0.37441993 -0.01517395
v 0.21566673 -0.37601238 -0.01290627
v 0.21885917 -0.37516612 -0.01412517
v 0.21962412 -0.37480217 -0.01411587
v 0.21885987 -0.37442231 -0.01009148
v 0.22279683 -0.37245736 -0.01252912
v 0.24299371 -0.36016411 -0.03010822
v 0.24681059 -0.35548320 -0.05474381
v 0.26305482 -0.34319848 -0.03010529
v 0.24687205 -0.35556251 -0.00538355
v 0.24483536 -0.35614303 -0.06135206
v 0.25011334 -0.35284936 -0.06135267
v 0.26456246 -0.34200352 -0.03249442
v 0.26927876 -0.33713999 -0.06135350
v 0.26496926 -0.34162354 -0.03010587
v 0.26769340 -0.33932826 -0.03204290
v 0.26870215 -0.33731347 -0.02716171
v 0.26416019 -0.34160402 -0.02691204
v 0.28688931 -0.32299054 -0.04022359
v 0.28527355 -0.31976044 -0.01838148
v 0.28137124 -0.32698679 -0.05325174
v 0.29222751 -0.31739473 -0.05116288
v 0.31262353 -0.29671383 -0.06135957
v -0.31599087 -0.25674173 -0.03031585
v -0.29142356 -0.28603381 -0.06150491
v -0.27524370 -0.30005074 -0.03980417
v -0.28133208 -0.29627037 -0.05384999
v -0.26150960 -0.31218901 -0.03596900
v -0.27105254 -0.30706275 -0.05100600
v -0.27396333 -0.29751518 -0.02200217
v -0.25921819 -0.31218764 -0.02568910
v -0.28128007 -0.28514034 -0.00112840
v -0.26285174 -0.30297521 -0.00543727
v -0.31191826 -0.26569977 -0.06153537
v -0.31254169 -0.26492357 -0.06060775
v -0.31254250 -0.26502576 -0.06153641
v -0.31232369 -0.26527819 -0.06142651
v -0.29208270 -0.28099146 -0.03028357
v -0.29332411 -0.28099209 -0.03748438
v -0.30175567 -0.27130830 -0.03029607
v -0.29545167 -0.27806190 -0.03175322
v -0.29518649 -0.27753907 -0.02855870
v -0.28794980 -0.28098911 -0.01237819
v -0.25006455 -0.31950581 -0.01561006
v -0.24212056 -0.32382631 -0.00299794
v 0.29755509 -0.31197637 -0.03764587
v 0.29373381 -0.31197819 -0.02066793
v 0.28138191 -0.32213122 -0.00940652
v 0.28866228 -0.31561980 -0.01084544
v 0.29977959 -0.30278236 -0.00528834
v 0.30691892 -0.30058342 -0.03011512
v 0.32261676 -0.28075051 -0.03011857
v 0.30936974 -0.29312512 -0.00536287
v 0.31262353 -0.29671311 -0.06065623
v 0.31285828 -0.29647887 -0.06124231
v 0.31351122 -0.29547444 -0.05958433
v 0.31314722 -0.29609993 -0.06135963
v 0.32555065 -0.27805793 -0.03550726
v 0.33061817 -0.27412587 -0.06136046
v 0.32613677 -0.27653891 -0.03011930
v 0.33794969 -0.26135558 -0.03982287
v 0.34214026 -0.25296780 -0.01622725
v 0.32472074 -0.27723414 -0.02308072
v 0.34515044 -0.25208455 -0.04446212
v 0.34413880 -0.25008407 -0.01478543
v 0.34387103 -0.25411880 -0.04804058
v 0.34623796 -0.25070721 -0.04692606
v -0.34867704 -0.22103168 -0.06160047
v -0.33558142 -0.23349629 -0.03782012
v -0.34372348 -0.22593608 -0.05790188
v -0.32244712 -0.24977987 -0.03529575
v -0.32967708 -0.24274482 -0.05298713
v -0.33549798 -0.23335820 -0.02294704
v -0.32231489 -0.24978366 -0.02541666
v -0.34369493 -0.22075465 -0.00021025
v -0.32667246 -0.24127400 -0.00619765
v -0.35476920 -0.21302120 -0.06161002
v -0.37491983 -0.17997515 -0.06164421
v -0.36573422 -0.19833694 -0.05702866
v -0.34830678 -0.21856147 -0.03036544
v -0.34968555 -0.21855697 -0.04965385
v -0.35510376 -0.21014401 -0.03458437
v -0.35473225 -0.20940921 -0.02579477
v -0.34577250 -0.21856709 -0.00327647
v -0.31249607 -0.25896186 -0.01195574
v -0.30741608 -0.26286241 -0.00160972
v 0.34703398 -0.24952397 -0.04416131
v 0.34905237 -0.24693269 -0.04833547
v 0.34455937 -0.24952807 -0.01485678
v 0.34386027 -0.25041339 -0.01406468
v 0.34437901 -0.24978749 -0.01424830
v 0.34385413 -0.24953169 0.00007573
v 0.34490651 -0.24900532 -0.01398511
v 0.36195099 -0.22321564 -0.03013368
v 0.36336690 -0.22216733 -0.03788679
v 0.36553478 -0.21829392 -0.03013652
v 0.36293593 -0.22174236 -0.02324027
v 0.37042373 -0.20737036 -0.00829002
v 0.36295253 -0.22782674 -0.06137536
v 0.37511554 -0.20472814 -0.06138597
v 0.37587744 -0.20343201 -0.05986380
v 0.37609071 -0.20315765 -0.06138639
v 0.37666857 -0.20189483 -0.06061106
v 0.37805697 -0.19292851 -0.03015024
v -0.37788975 -0.17316063 -0.06016319
v -0.38027436 -0.16630602 -0.05092625
v -0.38492095 -0.15043904 -0.04162041
v -0.38413864 -0.15604608 -0.03041843
v -0.38617060 -0.14735210 -0.03042642
v -0.38545209 -0.15098137 -0.02029384
v -0.37930903 -0.16947211 -0.06165337
v -0.38611943 -0.14601423 -0.06167285
v -0.37491506 -0.17924345 -0.04652781
v -0.37058583 -0.18731880 -0.03255606
v -0.37013066 -0.18731999 -0.02799869
v -0.37295529 -0.18340304 -0.03039458
v -0.36155686 -0.19626856 -0.00581984
v -0.37427327 -0.17200665 0.00052803
v -0.39057785 -0.13255429 -0.05384022
v -0.37465066 -0.17144325 0.00034208
v 0.37312049 -0.20168504 0.00008804
v 0.38108945 -0.18705967 -0.03313341
v 0.38126260 -0.18706112 -0.02708278
v 0.37511814 -0.19787227 -0.00853266
v 0.38763049 -0.17769036 -0.05513818
v 0.39295030 -0.16252534 -0.06139382
v 0.39243174 -0.15917684 -0.03183700
v 0.39248553 -0.15928538 -0.02843203
v 0.38602158 -0.17689574 -0.00436649
v 0.39689183 -0.15107736 -0.06139628
v 0.40384978 -0.12585086 -0.04705433
v 0.39377299 -0.15582657 -0.03016202
v 0.39377031 -0.15582424 -0.03618874
v 0.39921659 -0.13891469 -0.03862141
v 0.39957213 -0.13821132 -0.02136216
v 0.39380535 -0.15582700 -0.02406781
v -0.39808893 -0.10869519 -0.03804666
v -0.39343768 -0.12477490 -0.03972205
v -0.39452624 -0.11896343 -0.05187208
v -0.39769414 -0.10791327 -0.02326522
v -0.39266849 -0.12478065 -0.02155387
v -0.39097118 -0.13237244 -0.00723882
v -0.39490443 -0.11917032 -0.00922231
v -0.41013348 -0.06425904 -0.04812234
v -0.40110725 -0.09351240 -0.03047191
v -0.40871495 -0.06746040 -0.04350378
v -0.40802994 -0.06610376 -0.01679038
v -0.40328079 -0.09350308 -0.05603004
v -0.40086347 -0.09351636 -0.00972499
v -0.40267590 -0.09522647 -0.06171116
v -0.40379283 -0.09233448 -0.06171311
v -0.40611780 -0.08213703 -0.05604029
v 0.40410575 -0.12458501 -0.04464995
v 0.40429530 -0.12458981 -0.01560274
v 0.40440997 -0.12359808 -0.04677585
v 0.40488103 -0.12157686 -0.04428618
v 0.40638530 -0.11413526 -0.05101415
v 0.40500444 -0.12182118 -0.01594193
v 0.40374684 -0.12591065 -0.01323675
v 0.40453526 -0.12366334 -0.01363149
v 0.40639007 -0.11837614 -0.01145341
v 0.41263682 -0.09334528 -0.03017759
v 0.41155607 -0.09334580 -0.05108073
v 0.41536847 -0.08004265 -0.03682768
v 0.41614902 -0.08160587 -0.02431498
v 0.41385141 -0.09334679 -0.01385253
v 0.41040480 -0.09535388 -0.06140615
v 0.41180348 -0.09063983 -0.06140697
v 0.41777125 -0.06778838 -0.05147605
v -0.41019434 -0.06224725 -0.04406879
v -0.40908790 -0.06225672 -0.01636090
v -0.41100156 -0.05979687 -0.04855911
v -0.41695991 -0.03641970 -0.06173223
v -0.41835797 -0.03771057 -0.03385157
v -0.41732994 -0.03977133 -0.02610989
v -0.40855569 -0.06348284 -0.01364462
v -0.40610677 -0.07321085 -0.00938949
v -0.40959913 -0.06050874 -0.01312254
v -0.42007509 -0.02398235 -0.06173055
v -0.42397279 -0.00868826 -0.05505543
v -0.42043099 -0.03099560 -0.03049620
v -0.42035112 -0.03099421 -0.03321330
v -0.42085823 -0.02929230 -0.03134717
v -0.42092440 -0.02942525 -0.02971071
v -0.42044339 -0.03099646 -0.02796243
v 0.42117959 -0.06210174 -0.03841151
v 0.42083597 -0.05488809 -0.05301186
v 0.42280591 -0.06210326 -0.02276808
v 0.42321998 -0.07051346 -0.00616400
v 0.42805460 -0.05127699 -0.00375800
v 0.42361113 -0.03402682 -0.03019525
v 0.42354929 -0.03238067 -0.03324110
v 0.42374274 -0.02914119 -0.03362993
v 0.42406636 -0.03085710 -0.03019614
v 0.42413858 -0.02663545 -0.03019876
v 0.42495346 -0.03378407 -0.02434441
v 0.42561400 -0.02727165 -0.02302952
v 0.42308396 -0.03920358 -0.06142154
v 0.42411458 -0.02201367 -0.06143310
v 0.42533880 -0.00909340 -0.05529222
v -0.43635744 0.03151560 -0.03046792
v -0.43028021 0.00026366 -0.03400560
v -0.43073505 0.00026299 -0.02719676
v -0.43257660 0.00973962 -0.03048202
v -0.43008202 0.01227000 -0.05810301
v -0.43245554 0.02074069 -0.05200503
v -0.42989141 0.01959310 -0.06171175
v -0.42526257 -0.00934121 -0.00526534
v -0.42900732 0.01174441 -0.00337823
v -0.43403438 0.04385304 -0.05514813
v -0.43247160 0.04470738 -0.06169653
v -0.43301043 0.04927802 -0.05954301
v -0.43653601 0.06122505 -0.03043986
v -0.43150720 0.02168526 -0.01081377
v -0.43486136 0.04471767 -0.00407106
v 0.42705232 0.00037584 -0.03551601
v 0.42363334 0.00898538 -0.05445487
v 0.42830357 0.00037945 -0.02553971
v 0.43193650 -0.01237945 -0.00183522
v 0.42948055 0.01190981 -0.00307995
v 0.42356715 0.02855236 -0.03024328
v 0.42303854 0.03061007 -0.03225065
v 0.42286325 0.03244001 -0.03190119
v 0.42320648 0.03161315 -0.03024569
v 0.42278883 0.03311657 -0.03024697
v 0.42384514 0.02980482 -0.02662846
v 0.42294723 0.03252373 -0.02842598
v 0.42177984 0.02391810 -0.06147759
v 0.42019302 0.03849783 -0.06148931
v 0.41740274 0.05734685 -0.05138135
v -0.43016633 0.09401698 -0.03042539
v -0.43636110 0.06276532 -0.03091079
v -0.43646908 0.06276555 -0.03001992
v -0.43587962 0.06562019 -0.03043715
v -0.43047163 0.07496049 -0.05825292
v -0.42989779 0.08580460 -0.04683805
v -0.42681146 0.08364062 -0.06167150
v -0.43450686 0.04854150 -0.00059863
v -0.43260714 0.07605461 -0.00153275
v -0.42688209 0.09920400 -0.04079983
v -0.42076498 0.10135855 -0.06167194
v -0.41670638 0.11996196 -0.05136083
v -0.42679793 0.10422853 -0.03042734
v -0.43117702 0.08452159 -0.01143222
v -0.42864805 0.10098350 -0.01650078
v 0.40447810 0.09310287 -0.06154146
v 0.41347077 0.07692336 -0.03885936
v 0.40642235 0.08923969 -0.05912025
v 0.41670388 0.06284014 -0.04074904
v 0.41575146 0.06750463 -0.05056245
v 0.41432863 0.07862940 -0.02255637
v 0.41827130 0.06284513 -0.02057055
v 0.41978687 0.05616987 -0.00796685
v 0.41603762 0.06764740 -0.00985232
v 0.40371022 0.09543134 -0.06154386
v 0.39449686 0.11933738 -0.05191535
v 0.40868723 0.09407628 -0.03029456
v 0.40484458 0.09407493 -0.05838185
v 0.39983869 0.11210714 -0.03933428
v 0.40141165 0.11524834 -0.01972625
v 0.41020727 0.09407848 -0.00657848
v -0.41653851 0.12527238 -0.04082728
v -0.41878808 0.12527400 -0.02116171
v -0.41389537 0.12917319 -0.04995217
v -0.41206929 0.13722444 -0.04007762
v -0.40610528 0.15005964 -0.05844212
v -0.41324294 0.13958421 -0.02196065
v -0.42268446 0.11696470 -0.00649882
v -0.41706771 0.13077363 -0.00931417
v -0.40608299 0.14623716 -0.00433627
v -0.40567857 0.15652624 -0.03042956
v -0.40383387 0.15652066 -0.05712381
v -0.39853436 0.17262793 -0.03847785
v -0.39804333 0.17166278 -0.02286519
v -0.40133297 0.15652835 -0.00870463
v -0.40397981 0.15545526 -0.06167107
v -0.40344015 0.15785488 -0.06167133
v -0.39548004 0.18245953 -0.05136750
v 0.38360083 0.15654293 -0.03035709
v 0.37399119 0.18530163 -0.03037295
v 0.39426714 0.12530649 -0.03986034
v 0.39728943 0.12530863 -0.01928126
v 0.38700074 0.14888038 -0.03035002
v 0.38846272 0.13429654 -0.05495165
v 0.38445300 0.15016414 -0.04311225
v 0.38339692 0.14502129 -0.06159396
v 0.39960152 0.12189031 -0.01127834
v 0.40644479 0.10448900 -0.00426758
v 0.39587140 0.13059841 -0.00941807
v 0.37621775 0.17116709 -0.05961814
v 0.37573376 0.17190877 -0.06161706
v 0.37522158 0.17517638 -0.05559481
v 0.37521982 0.17345996 -0.06161868
v 0.37562776 0.17237060 -0.06141294
v 0.38636187 0.15207049 -0.02140413
v 0.37989724 0.16749324 -0.00845853
v -0.39259401 0.18778037 -0.03929357
v -0.38782609 0.19694066 -0.05520062
v -0.39162913 0.18778360 -0.02204707
v -0.39138874 0.18042816 -0.00745805
v -0.37906361 0.20130417 -0.00129580
v -0.38319033 0.20443420 -0.03043120
v -0.38082957 0.20937267 -0.04978002
v -0.37531298 0.21905345 -0.03043060
v -0.37692991 0.20548882 -0.00334103
v -0.38182086 0.20689142 -0.06167475
v -0.37489265 0.22021917 -0.06167179
v -0.36967966 0.22947004 -0.05123878
v -0.36847937 0.23147954 -0.06166886
v -0.36268443 0.24080361 -0.05555967
v -0.36668894 0.23390210 -0.03042778
v -0.36770055 0.22749788 -0.01354588
v 0.37316287 0.18778269 -0.03141055
v 0.36643767 0.19900526 -0.05724588
v 0.37323654 0.18778262 -0.02937641
v 0.36632669 0.19894415 -0.00359361
v 0.34293044 0.24969988 -0.04663358
v 0.34349164 0.24915418 -0.04552595
v 0.34290051 0.24795300 -0.01595767
v 0.36727279 0.20371780 -0.03039465
v 0.36193907 0.21671081 -0.03503886
v 0.36090517 0.22029978 -0.03297053
v 0.36138919 0.21902315 -0.03041332
v 0.34981161 0.23869529 -0.04028026
v 0.35277951 0.23274952 -0.02355453
v 0.36053741 0.22083917 -0.03041612
v 0.36183009 0.21681993 -0.02600300
v 0.36061192 0.22000538 -0.02844759
v 0.36283201 0.20961580 -0.06166097
v 0.35767430 0.22585601 -0.06168494
v 0.34404188 0.24828495 -0.04706230
v 0.37523210 0.18151146 -0.01782542
v 0.37754741 0.17332153 -0.00027734
v -0.35658664 0.25032270 -0.03957855
v -0.35386980 0.25031814 -0.01991624
v -0.35355669 0.25527632 -0.05098456
v -0.34909815 0.26121283 -0.04059770
v -0.34366426 0.26580375 -0.05375860
v -0.34785002 0.25873029 -0.01900336
v -0.35574380 0.24425584 -0.00875547
v -0.35051793 0.25375605 -0.01136564
v -0.34363911 0.26366127 -0.00813268
v -0.33073959 0.28159115 -0.03041138
v -0.33034888 0.28159356 -0.03503715
v -0.32243240 0.28720802 -0.04161184
v -0.32890004 0.28332752 -0.03127737
v -0.32897201 0.28347278 -0.02947094
v -0.32554024 0.28657961 -0.03041101
v -0.33054537 0.28158841 -0.02537981
v -0.33318406 0.27635816 -0.06163755
v -0.31242394 0.29300213 -0.06163209
v -0.31034839 0.29516917 -0.05748710
v -0.30919528 0.29563069 -0.06163124
v -0.30165282 0.30263102 -0.05625102
v -0.30755213 0.30314216 -0.03041059
v 0.27796525 0.31089988 -0.04783554
v 0.27994207 0.30937812 -0.04434289
v 0.28130177 0.31210086 -0.01509666
v 0.30296910 0.28722623 -0.04191472
v 0.31129527 0.28147680 -0.03043210
v 0.28620732 0.30353105 -0.04142809
v 0.28263322 0.31067204 -0.01581225
v 0.30172563 0.29047954 -0.03042583
v 0.30499119 0.28923327 -0.01489849
v 0.29786474 0.28961650 -0.06165466
v 0.28161567 0.30701664 -0.04887004
v 0.34257355 0.25025564 -0.04534164
v 0.34102774 0.25024784 -0.01632244
v 0.32275909 0.27009615 -0.03044052
v 0.34087455 0.25184146 -0.04766161
v 0.31283760 0.27683699 -0.06167521
v 0.31959230 0.27262217 -0.04816400
v 0.32151708 0.27021495 -0.06168334
v 0.34194347 0.24919519 -0.01375630
v 0.34404534 0.24608132 -0.01272209
v 0.33814490 0.25319996 -0.01185266
v 0.31978345 0.27280074 -0.01308335
v -0.31269023 0.29736143 0.00066757
v -0.29341722 0.31287044 -0.03989578
v -0.29441020 0.31286138 -0.02141625
v -0.31238729 0.29765165 -0.00006277
v -0.28736401 0.31597865 -0.04911425
v -0.28426889 0.31909579 -0.04290998
v -0.27524763 0.32469940 -0.04010729
v -0.28116173 0.32041851 -0.04978001
v -0.28460246 0.31977084 -0.01824017
v -0.27474588 0.32567942 -0.02118449
v -0.28885397 0.31671336 -0.01093910
v -0.28114569 0.32142353 -0.01051126
v -0.26086456 0.33480859 -0.03039322
v -0.25802082 0.33663154 -0.04539675
v -0.24659780 0.34413382 -0.03038463
v -0.25773707 0.33634239 -0.01483761
v -0.26118901 0.33416104 -0.06161854
v -0.24991146 0.34082410 -0.06161030
v -0.23867042 0.34853092 -0.03915565
v -0.23186754 0.35074854 -0.06159729
v -0.23747471 0.35053656 -0.03037853
v -0.22975111 0.35318768 -0.03489633
v -0.22830962 0.35605824 -0.02441620
v -0.23945984 0.34931937 -0.02000829
v -0.21194252 0.36196077 -0.03926978
v -0.21345529 0.36499560 -0.01994213
v -0.18784648 0.37450966 -0.03034535
v -0.21866429 0.35766569 -0.05483569
v -0.20016617 0.36614627 -0.05520268
v -0.18740672 0.37456441 -0.03199814
v -0.18742174 0.37109643 -0.06155621
v -0.18713619 0.37485209 -0.03034476
v 0.06280036 0.38155505 -0.06134024
v 0.12535217 0.37560806 -0.06137939
v 0.18483484 0.36924830 -0.03024393
v 0.18786429 0.36475515 -0.05130936
v 0.18786587 0.36291197 -0.06144868
v 0.19132920 0.36140791 -0.05972555
v 0.19226828 0.36647657 -0.03025395
v 0.20969808 0.35643551 -0.03647681
v 0.21119377 0.35942096 -0.02259420
v 0.23483759 0.34409350 -0.03050265
v 0.23503777 0.34400365 -0.03032398
v 0.23463340 0.34423307 -0.03043764
v 0.23457961 0.34434068 -0.03015511
v 0.23481923 0.34414637 -0.03032361
v 0.23488802 0.34414390 -0.03004380
v 0.22165579 0.34528726 -0.06151342
v 0.21912622 0.34718984 -0.05992794
v 0.27625149 0.31272513 -0.04332859
v 0.28055847 0.31271881 -0.01531298
v 0.25829268 0.32856625 -0.03036880
v 0.25552261 0.32579452 -0.05900920
v 0.25038031 0.32915837 -0.06156954
v 0.25100940 0.32899925 -0.06031312
v 0.25109035 0.32872531 -0.06157093
v 0.28096843 0.31239751 -0.01446652
v 0.28161046 0.31180534 -0.01433155
v 0.27966648 0.31369156 -0.01381388
v 0.25584677 0.33383340 -0.01008134
v -0.21864124 0.36243892 -0.00829249
v -0.20634373 0.36922991 -0.00860492
v -0.18559389 0.37539259 -0.03124852
v -0.18594846 0.37539220 -0.02961579
v -0.18740508 0.37482119 -0.02920619
v -0.16680388 0.38072515 -0.05124110
v -0.16108301 0.38524115 -0.04101348
v -0.14904493 0.38965178 -0.03879583
v -0.15617065 0.38518751 -0.05079699
v -0.16187526 0.38685384 -0.02042772
v -0.14813402 0.39144784 -0.02269723
v -0.17215976 0.38340408 -0.00672052
v -0.15614146 0.38973480 -0.00754539
v -0.13460059 0.39481366 -0.03027679
v -0.12676479 0.39289647 -0.05779373
v -0.12974834 0.39591223 -0.00877278
v -0.12704301 0.39211252 -0.06147874
v -0.11318579 0.39884049 -0.03024084
v -0.12492208 0.39284354 -0.06147533
v -0.12184536 0.39412314 -0.05533694
v -0.11893710 0.39404505 -0.06146554
v -0.10579698 0.39974260 -0.03369339
v -0.07970437 0.40324858 -0.03190470
v -0.09365410 0.39957049 -0.05787070
v -0.10592873 0.40002152 -0.02690369
v -0.07962261 0.40340567 -0.02855028
v -0.09359529 0.40306866 -0.00079592
v -0.11781132 0.39811876 -0.01315442
v -0.07653716 0.40379876 -0.03018411
v -0.07441683 0.40311810 -0.03731053
v -0.07545924 0.40417123 -0.02515806
v -0.08070984 0.40022087 -0.06140529
v -0.04680016 0.40647230 -0.03014806
v -0.06237362 0.40140426 -0.06138353
v -0.04699868 0.40638033 -0.03075423
v -0.04398374 0.40024304 -0.06137183
v -0.04658366 0.40646231 -0.03025836
v -0.01600265 0.40548891 -0.03073408
v -0.03108350 0.40037912 -0.05821526
v -0.04660277 0.40650085 -0.03005657
v -0.01590079 0.40569043 -0.02964753
v -0.04689215 0.40648571 -0.02975270
v -0.04527205 0.40668306 -0.02731468
v -0.01483924 0.40554321 -0.03013987
v -0.01167892 0.40294650 -0.03759145
v -0.02097180 0.40667745 -0.01902296
v -0.01445286 0.40572527 -0.02823917
v -0.01020988 0.39625487 -0.06135193
v 0.01341820 0.40177131 -0.03014101
v 0.00020581 0.39447546 -0.06134720
v 0.00635380 0.39718112 -0.04909810
v 0.00498334 0.39343613 -0.06134482
v 0.01940668 0.39959997 -0.03366826
v 0.04076319 0.39389104 -0.03651188
v 0.03150732 0.39067745 -0.05335023
v 0.05111248 0.38519651 -0.05550969
v 0.01836701 0.40168035 -0.02765281
v 0.04231580 0.39697546 -0.02530835
v 0.03153127 0.40500253 0.00023243
v 0.01208247 0.40287924 -0.02257606
v 0.05456355 0.39185643 -0.03014139
v 0.05779286 0.39602512 -0.00896910
v 0.06280445 0.38419634 -0.04771262
v 0.06851070 0.38677835 -0.03014742
v 0.08328360 0.38077313 -0.05113716
v 0.09111231 0.38130748 -0.04279348
v 0.09676961 0.38073254 -0.04308378
v 0.09408376 0.37960446 -0.04787287
v 0.10143913 0.37904108 -0.04943354
v 0.08914413 0.38525677 -0.01950420
v 0.09863949 0.38443485 -0.01910596
v 0.09410033 0.38855243 -0.00798507
v 0.11612049 0.38634709 -0.00360594
v 0.06588672 0.39406282 -0.00507176
v 0.12167299 0.38269827 -0.03018757
v 0.12535121 0.38024354 -0.03996634
v 0.12891197 0.38246018 -0.03019315
v 0.12535544 0.38536343 -0.01017657
v 0.15489510 0.37618440 -0.04666173
v 0.15604103 0.37645492 -0.04524829
v 0.15707687 0.37627387 -0.04533910
v 0.15660392 0.37617278 -0.04623175
v 0.16076308 0.37532437 -0.04373932
v 0.15771219 0.37588212 -0.04636526
v 0.15360796 0.38132417 -0.01761377
v 0.15919732 0.38049290 -0.01720511
v 0.17204705 0.37530747 -0.02234001
v 0.13814744 0.38455716 -0.00539628
v 0.15661116 0.38244316 -0.01106388
v 0.16566123 0.37983611 -0.01010944
v 0.18785764 0.37029099 -0.02026002
v 0.20185556 0.36664635 -0.00605148
v 0.21911424 0.35759905 -0.00587210
v -0.03102716 0.40895885 -0.00007575
v -0.18753394 -0.37302050 0.00096861
v -0.16950294 -0.38120705 0.00998027
v -0.16069195 -0.38343978 0.02101390
v -0.13197321 -0.39713922 0.01489211
v -0.15028599 -0.38653085 0.02256852
v -0.13224579 -0.38904893 0.03221731
v -0.14175963 -0.39855340 0.00098246
v -0.15627545 -0.38928789 0.00924563
v -0.12502675 -0.40418094 0.00098164
v -0.09736812 -0.40756986 0.00099019
v -0.09376398 -0.40745756 0.00183670
v -0.11613436 -0.39903653 0.01872704
v -0.09648023 -0.40576801 0.00642847
v -0.11584084 -0.39285031 0.03222607
v -0.10529548 -0.39762890 0.02815958
v -0.10262564 -0.39230993 0.03896787
v -0.09030102 -0.40576461 0.00790451
v -0.07422365 -0.40187097 0.02447034
v -0.08135332 -0.39928207 0.02900184
v -0.08372827 -0.39452422 0.03786206
v -0.07480557 -0.39915890 0.03224558
v -0.08942220 -0.40793198 0.00099207
v -0.06249823 -0.40985480 0.00100113
v -0.04099159 -0.41060704 0.00100447
v -0.03123254 -0.41036063 0.00332373
v -0.04948812 -0.40311396 0.02698980
v -0.04007500 -0.40573865 0.01870167
v -0.04905204 -0.40134659 0.03225921
v -0.04510935 -0.40226462 0.03051876
v -0.04451682 -0.40108314 0.03459414
v -0.02282766 -0.40572804 0.01781857
v -0.01247510 -0.40259901 0.02600318
v -0.01753223 -0.40187714 0.03033895
v -0.01817375 -0.40059376 0.03483680
v -0.01338688 -0.40129378 0.03226602
v -0.00418825 -0.39430970 0.05511537
v -0.02307322 -0.40979856 0.00100654
v 0.00001798 -0.40720999 0.00100412
v 0.01160428 -0.40168810 0.02421122
v 0.02656749 -0.40335909 0.00100767
v 0.01271426 -0.39988589 0.03226785
v 0.01847082 -0.40002960 0.02942524
v 0.01935600 -0.39825773 0.03599755
v 0.00328184 -0.39338201 0.05696379
v 0.05395143 -0.39861378 0.01811914
v 0.04277053 -0.39749700 0.02817236
v 0.04165018 -0.39526153 0.03749868
v 0.05166961 -0.39610338 0.03228160
v 0.03775866 -0.40244433 0.00101199
v 0.03125388 -0.40252843 0.00259538
v 0.06249477 -0.40111020 0.00102470
v 0.06961540 -0.39717820 0.01527449
v 0.07802524 -0.39780912 0.00103693
v 0.07202853 -0.39350456 0.03228953
v 0.08409837 -0.39372736 0.02632487
v 0.08549717 -0.39093739 0.03967337
v 0.12267956 -0.39235979 0.00575309
v 0.10228841 -0.39147818 0.02521449
v 0.10085743 -0.38862905 0.04083558
v 0.11760733 -0.38923955 0.03232228
v 0.11819418 -0.39342931 0.00106908
v 0.09375168 -0.39490485 0.00642873
v 0.12502101 -0.39279652 0.00107402
v 0.12688291 -0.39187819 0.00479493
v 0.12946558 -0.39223605 0.00107681
v 0.13141927 -0.38719708 0.03233171
v 0.14983061 -0.38733727 0.02318139
v 0.15404281 -0.37895608 0.04570831
v 0.16174002 -0.38528907 0.02215903
v 0.15808390 -0.37798131 0.04619769
v 0.18712588 -0.37533236 0.03235360
v 0.15629753 -0.38889387 0.00947184
v 0.17747769 -0.38499001 0.00614401
v 0.18757635 -0.37606153 0.02908984
v 0.18757358 -0.38354778 0.00110418
v 0.18792146 -0.37512171 0.03235387
v -0.22071752 -0.34435335 0.00096636
v -0.20464417 -0.34641507 0.03068535
v -0.21878842 -0.34593803 0.00223995
v -0.19751228 -0.36398557 0.00595293
v -0.20422605 -0.34558627 0.03330006
v -0.22452983 -0.34052616 0.00096608
v -0.25004810 -0.31521398 0.00096090
v -0.24105881 -0.32330048 0.00545339
v -0.20715721 -0.34338969 0.03220012
v -0.22049165 -0.34339178 0.00437394
v -0.22774324 -0.33010978 0.02554626
v -0.22555616 -0.32578784 0.04100882
v -0.20014699 -0.34933966 0.03220078
v -0.20515521 -0.34338948 0.03626333
v -0.20016381 -0.34633863 0.03810804
v -0.18751612 -0.36691451 0.01681587
v -0.17129210 -0.37459821 0.02410205
v -0.18228245 -0.36417654 0.03220421
v -0.15623562 -0.37458682 0.04202769
v -0.15772605 -0.37159654 0.04632978
v -0.15526843 -0.37266418 0.04686490
v -0.15184353 -0.37458241 0.04563466
v -0.15622532 -0.37026086 0.04998821
v -0.15116903 -0.37205476 0.05035634
v -0.18222082 -0.35374266 0.05293945
v -0.12498382 -0.38284171 0.04879159
v -0.10975449 -0.38255948 0.05586463
v -0.09372475 -0.38649300 0.05383784
v -0.06821866 -0.38726911 0.06062005
v -0.09370928 -0.37454084 0.07500564
v -0.06246436 -0.38862547 0.06046549
v -0.05923886 -0.38852951 0.06188846
v -0.03122580 -0.39287257 0.05707133
v 0.03124550 -0.39149755 0.05641004
v 0.05868673 -0.38818154 0.06163090
v 0.06249249 -0.38837796 0.06012752
v 0.06706210 -0.38779622 0.06125547
v 0.09375358 -0.38627249 0.05384832
v 0.11083346 -0.38297230 0.05647760
v 0.12502766 -0.38327241 0.05001083
v 0.14874412 -0.37821320 0.05174841
v 0.15630795 -0.37732425 0.04941740
v 0.15966853 -0.37611368 0.04965316
v 0.15631057 -0.37443793 0.05553620
v 0.19208737 -0.37443361 0.03010474
v 0.18887019 -0.37443322 0.03300092
v 0.18757676 -0.37485635 0.03320147
v 0.21406099 -0.37203929 0.01435292
v 0.21632829 -0.36937994 0.01928169
v 0.22521183 -0.36175016 0.02310152
v 0.21886124 -0.36966464 0.01436593
v 0.21212932 -0.36100671 0.04127537
v 0.23023441 -0.35171229 0.03663309
v 0.18857057 -0.35931614 0.06311962
v 0.21885054 -0.34414011 0.06314775
v 0.23768547 -0.34958482 0.03238269
v 0.24328297 -0.35198337 0.01483246
v 0.24473774 -0.34321016 0.03238230
v 0.23764455 -0.34635669 0.03868124
v 0.24495572 -0.33274728 0.05329429
v 0.24480501 -0.35616350 0.00114260
v 0.25013429 -0.35130215 0.00114175
v 0.25864246 -0.33610594 0.01816217
v 0.26562181 -0.33533800 0.00114051
v 0.25922143 -0.33015603 0.03237733
v 0.27939990 -0.31593582 0.01873589
v 0.28229615 -0.31381786 0.01767590
v 0.28137925 -0.31530273 0.01509741
v 0.28356051 -0.31307301 0.01566661
v -0.28383669 -0.28226680 0.00094779
v -0.26831293 -0.28633854 0.02949900
v -0.28127500 -0.28419968 0.00255743
v -0.26071018 -0.30191123 0.00629267
v -0.26782379 -0.28537524 0.03438452
v -0.25017235 -0.29668424 0.06332550
v -0.29136071 -0.27595001 0.00094160
v -0.31248361 -0.25670928 0.00091958
v -0.30590421 -0.26210922 0.00421862
v -0.27372047 -0.28097880 0.03218114
v -0.28380257 -0.28098738 0.00601460
v -0.29065651 -0.26860511 0.02597725
v -0.28849429 -0.26431125 0.04052278
v -0.25665703 -0.29889745 0.03218987
v -0.27027062 -0.28097686 0.04150211
v -0.25001562 -0.30861774 0.02505086
v -0.24530220 -0.31218722 0.02984310
v -0.24260913 -0.31218785 0.03589193
v -0.24812700 -0.30843183 0.03219490
v -0.24996622 -0.29739594 0.06179719
v -0.22988185 -0.31775573 0.05339183
v -0.21872881 -0.32586485 0.05466148
v 0.24729966 -0.32618132 0.06220152
v 0.27479169 -0.31198442 0.04470227
v 0.25011641 -0.32528931 0.05900951
v 0.28137618 -0.31198269 0.02552730
v 0.28424993 -0.31198281 0.01819354
v 0.28954792 -0.30789837 0.01266943
v 0.27918106 -0.30760932 0.04580130
v 0.28686976 -0.30099076 0.04248808
v 0.27472523 -0.30866408 0.05131102
v 0.28136760 -0.30241451 0.05277263
v 0.30203566 -0.29085103 0.03236495
v 0.30675983 -0.29052296 0.01282692
v 0.31142384 -0.28076357 0.03235655
v 0.30229014 -0.28606668 0.04297029
v 0.30742759 -0.29377899 0.00112687
v 0.31261241 -0.28832209 0.00112465
v 0.32193309 -0.27447382 0.01976987
v 0.32658839 -0.27213240 0.00111532
v 0.34261358 -0.25015175 0.01610227
v 0.32303935 -0.27040035 0.03234721
v 0.31655276 -0.26911017 0.05565872
v -0.34483287 -0.21913739 0.00088241
v -0.33062366 -0.22369190 0.02957397
v -0.34369364 -0.22040895 0.00180453
v -0.32525378 -0.24057260 0.00729725
v -0.33000460 -0.22246152 0.03408156
v -0.34614441 -0.21734145 0.00088095
v -0.35898292 -0.19498251 0.00883136
v -0.33354586 -0.21856953 0.03213201
v -0.34468740 -0.21856789 0.00287233
v -0.35045615 -0.20089613 0.02327578
v -0.34749326 -0.19499059 0.04390536
v -0.31890133 -0.23688927 0.03214836
v -0.33128905 -0.21857087 0.03860110
v -0.31691837 -0.22969131 0.05441022
v -0.31245500 -0.24719626 0.02696247
v -0.30866808 -0.24978934 0.03026686
v -0.30639410 -0.24978733 0.03518984
v -0.31082505 -0.24654105 0.03215691
v -0.29299346 -0.25566876 0.05368841
v -0.28120345 -0.26582438 0.05583099
v -0.30864477 -0.23606542 0.06150725
v -0.31145108 -0.23320338 0.06144647
v 0.34292859 -0.24953584 0.01717715
v 0.33902666 -0.24954122 0.04553268
v 0.34327579 -0.24925029 0.01643266
v 0.34346578 -0.24877389 0.01709880
v 0.34642789 -0.24437945 0.01929290
v 0.34384742 -0.24820603 0.01605320
v 0.34180072 -0.24545395 0.04589470
v 0.35234290 -0.23256357 0.03944464
v 0.32760721 -0.25765392 0.05605762
v 0.33944944 -0.24734500 0.05013594
v 0.34384337 -0.24207172 0.05167069
v 0.36140096 -0.22215401 0.03231328
v 0.36208192 -0.22090670 0.02711158
v 0.36920232 -0.20859163 0.01289561
v 0.36494440 -0.21830752 0.03231121
v 0.36222294 -0.22105579 0.03780490
v 0.35856426 -0.22564983 0.00109753
v 0.37135616 -0.20456162 0.00108685
v 0.37311244 -0.20168144 0.00208615
v 0.37511572 -0.19912988 0.00818928
v 0.37511736 -0.19740905 0.00108358
v 0.37986550 -0.19658318 0.03230477
v 0.37523717 -0.20283806 0.06323531
v -0.38310042 -0.14864743 0.01723631
v -0.37716168 -0.15606850 0.03207423
v -0.38393945 -0.14292586 0.03205837
v -0.38027155 -0.14583755 0.05254484
v -0.38610318 -0.14603549 0.00081606
v -0.35984010 -0.18732941 0.02456572
v -0.35341647 -0.18733288 0.04284951
v -0.36786890 -0.17325959 0.03208920
v -0.37403384 -0.17212643 0.00127531
v -0.37489980 -0.17077261 0.00084043
v -0.37451786 -0.17131083 0.00160554
v -0.37456104 -0.17152332 0.00084124
v -0.34929764 -0.19015542 0.05054819
v -0.34366044 -0.19622765 0.05218080
v -0.35508519 -0.18162093 0.05343549
v -0.39105332 -0.13233617 0.00888662
v -0.36877370 -0.16558404 0.05107940
v 0.38439581 -0.18707125 0.02766930
v 0.38619208 -0.18706965 0.03784169
v 0.38699257 -0.17738464 0.00701139
v 0.39107907 -0.16347656 0.00107359
v 0.39336208 -0.16105758 0.02968359
v 0.39398223 -0.16230325 0.03553218
v 0.37545720 -0.20250885 0.06334452
v 0.38950410 -0.17864081 0.05633225
v 0.39606887 -0.15067621 0.00106715
v 0.40467930 -0.12544739 0.01581457
v 0.39567852 -0.15582868 0.03229535
v 0.39473313 -0.15582900 0.02433535
v 0.40239328 -0.13257007 0.02065726
v 0.40119058 -0.13495801 0.04271678
v 0.39559156 -0.15582544 0.04198596
v -0.39769989 -0.10795024 0.02482420
v -0.39274177 -0.12479771 0.02311067
v -0.39497960 -0.11921574 0.01084174
v -0.39789557 -0.10834937 0.03943262
v -0.39312464 -0.12480791 0.04116574
v -0.38577753 -0.13500381 0.05785406
v -0.39448410 -0.11899216 0.05348352
v -0.40762094 -0.06302370 0.01562125
v -0.40116322 -0.09353068 0.03201906
v -0.40733558 -0.06473538 0.01761825
v -0.40721807 -0.06451884 0.04650333
v -0.40083340 -0.09352307 0.01132555
v -0.40132821 -0.09354757 0.05370197
v -0.40002313 -0.09656565 0.00077289
v -0.40145382 -0.09119053 0.00077081
v -0.40610167 -0.06991962 0.01255775
v 0.40493384 -0.12459403 0.01739230
v 0.40431869 -0.12458473 0.04686626
v 0.40520021 -0.12400122 0.01607387
v 0.40542310 -0.12266770 0.01762854
v 0.40638739 -0.12039317 0.01456664
v 0.40502253 -0.12186809 0.04653770
v 0.40363318 -0.12595655 0.04926968
v 0.40413517 -0.12346146 0.04901871
v 0.40638301 -0.11333790 0.05351789
v 0.41565067 -0.09334737 0.03228015
v 0.41612929 -0.09334801 0.02051520
v 0.41813257 -0.08558526 0.02839807
v 0.41735238 -0.08402561 0.03693703
v 0.41261449 -0.09333982 0.05107007
v 0.41512445 -0.09771202 0.00105298
v 0.41859967 -0.08724754 0.00104945
v 0.42325521 -0.07053225 0.00823205
v -0.40791374 -0.06226303 0.01728908
v -0.40774009 -0.06227170 0.04680230
v -0.40829927 -0.06116176 0.01528107
v -0.41726553 -0.03659314 0.00075344
v -0.40913039 -0.05618696 0.01941870
v -0.40888187 -0.05668388 0.04483452
v -0.40784994 -0.06315121 0.04850417
v -0.40609771 -0.07018108 0.05157933
v -0.40798753 -0.06132383 0.04857340
v -0.40608996 -0.06227871 0.05888797
v -0.42133981 -0.02336662 0.00075682
v -0.42329195 -0.00835942 0.00777156
v -0.41482863 -0.03100017 0.03200709
v -0.41606727 -0.03100089 0.02073987
v -0.41693166 -0.02147871 0.02725069
v -0.41489610 -0.01741502 0.03879740
v -0.41131458 -0.03100415 0.05275320
v 0.42705649 -0.06210350 0.02698474
v 0.42808509 -0.05126140 0.00581262
v 0.42522973 -0.06210192 0.03847523
v 0.42062542 -0.06921767 0.05500971
v 0.42221195 -0.05419040 0.05579498
v 0.42913347 -0.04508819 0.03226516
v 0.42972159 -0.03855525 0.01687244
v 0.43072319 -0.02216679 0.01487595
v 0.43015257 -0.03086110 0.03225816
v 0.42904621 -0.01681550 0.03224843
v 0.42765808 -0.03649991 0.04353842
v 0.42758751 -0.02529336 0.04338590
v 0.42984426 -0.04257666 0.00103291
v 0.43125334 -0.01843888 0.00102692
v 0.43191931 -0.01237081 0.00389040
v -0.42315766 0.03152217 0.03202037
v -0.42192411 0.00026126 0.02432921
v -0.41762391 0.00026233 0.04184614
v -0.42260936 0.02962526 0.03201993
v -0.42733404 0.01090773 0.00575131
v -0.42350399 0.02967991 0.02833623
v -0.42959204 0.01974582 0.00077375
v -0.41589868 -0.00466864 0.05255960
v -0.41791022 0.00619375 0.05356592
v -0.42634144 0.03620310 0.02266711
v -0.43438986 0.04569975 0.00079120
v -0.43392807 0.04883035 0.00247295
v -0.42372844 0.03566061 0.03202243
v -0.42264464 0.03053706 0.03398778
v -0.42280012 0.03266163 0.03430083
v 0.42962363 0.00037836 0.02823203
v 0.42945829 0.01189985 0.00510419
v 0.42826390 0.00037795 0.03692820
v 0.42553014 -0.00918756 0.05742481
v 0.42362744 0.00899357 0.05646319
v 0.42755002 0.02057631 0.03222249
v 0.42745090 0.02620039 0.02139347
v 0.42516816 0.03474880 0.02595070
v 0.42604706 0.03161536 0.03221481
v 0.42430168 0.03615030 0.03221217
v 0.42552543 0.02811995 0.03920707
v 0.42449611 0.03407973 0.03714089
v 0.42885292 0.02040008 0.00099958
v 0.42348856 0.04015403 0.00098716
v 0.41983461 0.05615159 0.00988793
v -0.42385098 0.09401620 0.03204584
v -0.42939216 0.06277088 0.02809586
v -0.42624405 0.06276701 0.03755062
v -0.42438087 0.08857682 0.03204416
v -0.43170968 0.07560799 0.00360075
v -0.42551565 0.09016684 0.02434712
v -0.43094313 0.08157662 0.00081302
v -0.42121133 0.05515975 0.05523699
v -0.42097211 0.07023290 0.05512838
v -0.42393047 0.09628227 0.02751732
v -0.42699528 0.10449358 0.00081515
v -0.42058980 0.11800429 0.00917011
v -0.42317739 0.09704423 0.03204551
v -0.42315185 0.09252268 0.03502674
v -0.42309371 0.09544802 0.03491082
v 0.41308665 0.07614871 0.02322542
v 0.41696322 0.06285191 0.02185031
v 0.41607970 0.06767330 0.01175934
v 0.41092378 0.07184753 0.04331330
v 0.41320619 0.06285434 0.04442296
v 0.41373831 0.05919246 0.05147833
v 0.40642214 0.07770012 0.05522843
v 0.41171926 0.06550379 0.05046416
v 0.39955854 0.12186390 0.01309480
v 0.40657777 0.09407932 0.03217869
v 0.40156919 0.11555809 0.02141972
v 0.39973700 0.11190496 0.04107904
v 0.40166739 0.09408243 0.05388731
v 0.40935451 0.09407815 0.00676987
v 0.41023099 0.09218543 0.00095080
v 0.40954950 0.09563054 0.00094838
v 0.40644619 0.10442767 0.00611538
v -0.41714317 0.12527063 0.02197403
v -0.41324559 0.12525882 0.04406810
v -0.41523212 0.12985809 0.01184740
v -0.41153276 0.13621883 0.02190234
v -0.40607464 0.14431325 0.00691200
v -0.40959263 0.13235328 0.04412048
v -0.41290909 0.12181760 0.05110354
v -0.41159827 0.12803482 0.05044647
v -0.40604046 0.13875419 0.05441748
v -0.39870340 0.15651563 0.03204757
v -0.39841357 0.15652186 0.01612463
v -0.39407080 0.16377096 0.02842293
v -0.39401126 0.16365802 0.03561867
v -0.39796335 0.15650471 0.04711553
v -0.40115705 0.15406476 0.00080578
v -0.39772287 0.16071208 0.00080560
v -0.38868594 0.17907977 0.00772585
v 0.38218644 0.15654838 0.03213404
v 0.37078694 0.17889713 0.03212674
v 0.37304217 0.16999564 0.05901198
v 0.39799190 0.12530850 0.02076397
v 0.39455009 0.12530887 0.04182495
v 0.38643572 0.14775652 0.03213907
v 0.39581364 0.13062595 0.01121329
v 0.38532591 0.15103723 0.02112065
v 0.38884938 0.14774245 0.00090061
v 0.39522740 0.11971265 0.05338040
v 0.39007080 0.13350379 0.05595539
v 0.37896228 0.16842923 0.00835394
v 0.37888649 0.17033532 0.00088330
v 0.37523276 0.17579117 0.00813663
v 0.37523407 0.17850667 0.00087817
v 0.37724000 0.17316709 0.00188558
v 0.38438970 0.15011567 0.04501704
v -0.37952563 0.18776891 0.02970188
v -0.37795177 0.20185928 0.00235986
v -0.37944481 0.18776578 0.03435813
v -0.38606763 0.17775515 0.05765596
v -0.37695077 0.19201219 0.03204997
v -0.37624297 0.20480388 0.00359623
v -0.36058372 0.21902664 0.03204788
v -0.37687328 0.20442241 0.00080999
v -0.37482324 0.19407266 0.04467299
v -0.37485337 0.20796709 0.00080941
v -0.37016690 0.20104784 0.06096475
v -0.36037350 0.22017467 0.02975570
v -0.36236769 0.22842264 0.00080755
v -0.34820017 0.24801406 0.01414220
v -0.35982630 0.22022855 0.03204798
v -0.35627753 0.22492285 0.03499552
v -0.36178207 0.21645994 0.03717034
v -0.35992187 0.21972315 0.03344247
v -0.34141317 0.24591076 0.04548688
v 0.35595360 0.21166359 0.02842112
v 0.36739016 0.18778922 0.02819602
v 0.36634606 0.19895688 0.00531523
v 0.35535216 0.21046647 0.03638901
v 0.36614111 0.18779138 0.03667187
v 0.37074107 0.17442173 0.06113146
v 0.35953856 0.19556387 0.05550567
v 0.33762497 0.24703640 0.01324302
v 0.35136276 0.21902621 0.03210080
v 0.34000373 0.24217206 0.02050054
v 0.33814228 0.23846874 0.04181912
v 0.35396847 0.21902511 0.02075651
v 0.34534711 0.21903315 0.06067823
v 0.36200765 0.21002343 0.00085627
v 0.35518175 0.22460335 0.00084351
v 0.34403935 0.23914751 0.01090632
v -0.34611312 0.25030249 0.01767676
v -0.34584537 0.25141576 0.01532066
v -0.34361410 0.25029698 0.02690011
v -0.34474361 0.25254986 0.01755486
v -0.33846647 0.26061109 0.02158653
v -0.34362435 0.25556105 0.01380689
v -0.33869547 0.25028586 0.04522046
v -0.34359312 0.24156627 0.05202570
v -0.33947751 0.24822059 0.04973253
v -0.33327618 0.25544313 0.05283300
v -0.32548717 0.27655047 0.03206173
v -0.32528669 0.27885425 0.02665178
v -0.31342894 0.29616392 0.00290644
v -0.32102391 0.28155905 0.03205960
v -0.32273865 0.27630657 0.04254422
v -0.33308142 0.27629441 0.00082208
v -0.31327924 0.29676282 0.00081920
v -0.31267440 0.29735348 0.00096319
v -0.31238621 0.29748654 0.00137307
v -0.31238663 0.29760832 0.00081925
v -0.30405265 0.29618976 0.03205435
v -0.28356251 0.30792487 0.04522646
v -0.30467689 0.28950506 0.04794487
v -0.27989736 0.31040066 0.04646431
v 0.31126276 0.26508525 0.06254338
v 0.28000483 0.31190643 0.01564134
v 0.28068581 0.31084347 0.01738463
v 0.27629712 0.30205750 0.04236627
v 0.30266446 0.28689435 0.02121288
v 0.30405185 0.28147137 0.03207482
v 0.28556898 0.30481756 0.02039726
v 0.29308173 0.28979993 0.03623674
v 0.29953548 0.28605652 0.03207166
v 0.30867147 0.27002692 0.05499315
v 0.29946992 0.28370044 0.03652854
v 0.30338612 0.29235399 0.00081875
v 0.28162062 0.31044653 0.01531443
v 0.33393925 0.25024542 0.02151729
v 0.32986611 0.25024727 0.04062096
v 0.32015425 0.26488727 0.03208288
v 0.31282485 0.26425752 0.06010783
v 0.32984063 0.25735238 0.00933976
v 0.31284344 0.28119192 0.00081792
v 0.31808773 0.27109906 0.01132013
v 0.32129431 0.27008200 0.00082149
v 0.33000386 0.24324116 0.05473191
v 0.34401473 0.22067575 0.06252328
v -0.28746188 0.31284148 0.01960653
v -0.28594053 0.31525102 0.01403834
v -0.28111792 0.31283557 0.03544915
v -0.28288627 0.31636176 0.01819967
v -0.27781662 0.31946987 0.01975374
v -0.28113130 0.31826395 0.01373722
v -0.27739862 0.31283030 0.04582361
v -0.28110954 0.30875754 0.04970964
v -0.27827528 0.31140950 0.04909534
v -0.26348349 0.32164088 0.05649365
v -0.25865051 0.33041084 0.03207177
v -0.25632742 0.33493137 0.01372537
v -0.24227485 0.34410444 0.03207779
v -0.25169969 0.33030063 0.05962479
v -0.26094300 0.33401781 0.00083638
v -0.24988750 0.34208542 0.00084128
v -0.23854360 0.34840435 0.02349504
v -0.23528978 0.35244599 0.00084875
v -0.23652542 0.34866777 0.03208008
v -0.22903252 0.35453874 0.02687235
v -0.22976553 0.35305893 0.03655430
v -0.23724121 0.34710300 0.03807753
v -0.21387148 0.36586326 0.02122444
v -0.21309823 0.36433479 0.04219262
v -0.21863055 0.36290661 0.01024492
v -0.20679873 0.36945593 0.01056601
v -0.18738487 0.37775812 0.00087402
v 0.12535852 0.38632125 0.00099470
v 0.18778951 0.37518001 0.03216873
v 0.24248496 0.32442796 0.05939505
v 0.18784702 0.37517512 0.03192955
v 0.18785867 0.37435222 0.00095319
v 0.20285134 0.36714807 0.00842205
v 0.18793929 0.37511018 0.03216862
v 0.21200049 0.36105675 0.02363181
v 0.21085174 0.35876006 0.03950910
v 0.23634484 0.34560305 0.02892119
v 0.23811021 0.34400234 0.03211421
v 0.23263405 0.34822696 0.03001262
v 0.23311937 0.34726042 0.03374651
v 0.23566197 0.34583712 0.03211759
v 0.23782805 0.34092706 0.03826789
v 0.23572233 0.34498051 0.03406672
v 0.23129809 0.35009500 0.00089731
v 0.21910957 0.35859728 0.00819505
v 0.27834094 0.31271586 0.01809105
v 0.26637062 0.31272790 0.04007400
v 0.25737661 0.32672971 0.03209003
v 0.25038913 0.32247424 0.05154815
v 0.27702343 0.31501544 0.01415537
v 0.25036988 0.33907300 0.00087265
v 0.25592768 0.33391294 0.01196636
v 0.25891677 0.33262852 0.00085859
v 0.26633579 0.30508256 0.05535551
v 0.28162491 0.29212591 0.05799572
v -0.19441544 0.37537643 0.02857738
v -0.19327703 0.37537521 0.03505730
v -0.21860197 0.35984558 0.05545036
v -0.20341149 0.36776698 0.05529718
v -0.18871425 0.37808540 0.03210381
v -0.18736432 0.37841702 0.02603465
v -0.18545574 0.37918773 0.03210729
v -0.18735608 0.37764847 0.03664630
v -0.17244256 0.38355017 0.00835130
v -0.16214427 0.38745424 0.02254009
v -0.14870429 0.39021093 0.02393306
v -0.15612613 0.39002794 0.00921684
v -0.16043279 0.38406977 0.04341297
v -0.15053663 0.38650090 0.04221525
v -0.16609959 0.38038856 0.05274990
v -0.15608230 0.38304314 0.05158198
v -0.13433227 0.38625982 0.05864129
v -0.13344347 0.39261234 0.03216854
v -0.12910207 0.39527947 0.00941537
v -0.13320462 0.39520743 0.00094194
v -0.11467883 0.39571562 0.03219932
v -0.12480897 0.38845053 0.05826528
v -0.12487154 0.39751196 0.00095697
v -0.11922596 0.39667422 0.01221733
v -0.10513164 0.40091428 0.00098976
v -0.10477707 0.39781523 0.02778972
v -0.07922608 0.40407521 0.03095292
v -0.09359159 0.40308279 0.00280636
v -0.10478318 0.39784127 0.03662219
v -0.07921761 0.40408537 0.03354008
v -0.12087326 0.38905868 0.06145059
v -0.09354053 0.39758474 0.05891903
v -0.07690610 0.40463063 0.03225194
v -0.07590359 0.40464753 0.02820963
v -0.05461422 0.40666753 0.03226637
v -0.07540490 0.40415275 0.03727948
v -0.08808021 0.40392983 0.00101652
v -0.06231223 0.40774849 0.00104647
v -0.03099161 0.40314326 0.06172282
v -0.04751045 0.40752840 0.03055088
v -0.03504481 0.40868473 0.00106165
v -0.04704823 0.40746811 0.03227109
v -0.04619486 0.40757164 0.03181948
v -0.04626754 0.40742525 0.03264984
v -0.04721286 0.40723261 0.03340066
v -0.04428921 0.40666762 0.03697262
v -0.01394948 0.40808654 0.02944533
v 0.00245774 0.40666360 0.03226315
v -0.01609204 0.40812409 0.03154740
v -0.01597514 0.40789247 0.03288289
v -0.01470724 0.40798378 0.03227250
v -0.01887774 0.40667123 0.03929083
v -0.01452822 0.40750474 0.03393847
v -0.02685425 0.40876105 0.00106341
v -0.03102583 0.40886691 0.00215672
v 0.01547209 0.40577322 0.03225612
v 0.00025150 0.40878808 0.00106479
v 0.01506646 0.40581229 0.03056595
v 0.02883990 0.40531167 0.00105754
v 0.01640414 0.40568066 0.03176817
v 0.04478394 0.40182889 0.02984211
v 0.03153250 0.40507999 0.00184318
v 0.01646928 0.40555111 0.03280836
v 0.04451214 0.40128154 0.03491712
v 0.03156155 0.39940047 0.05983724
v 0.01434837 0.40509191 0.03538599
v 0.05000946 0.40100178 0.03224046
v 0.05460512 0.39922041 0.01744486
v 0.05507725 0.39874965 0.04797240
v 0.03804975 0.40339363 0.00105427
v 0.07428424 0.39825162 0.03223599
v 0.06282280 0.39676178 0.00104267
v 0.06908319 0.39724618 0.01352315
v 0.07151480 0.39533436 0.00103689
v 0.08398267 0.39558148 0.02672704
v 0.10288565 0.39291045 0.02538664
v 0.09410021 0.39141619 0.00860099
v 0.11833370 0.38745010 0.00450602
v 0.08372043 0.39610454 0.03747334
v 0.10316657 0.39347768 0.03876359
v 0.09409416 0.39394531 0.05710275
v 0.11981398 0.38819468 0.06064710
v 0.06863940 0.39680037 0.05184035
v 0.11752943 0.39098620 0.03220386
v 0.12535770 0.38672987 0.00943510
v 0.13207062 0.38874647 0.03219200
v 0.12536125 0.38738281 0.05626165
v 0.13489321 0.38618165 0.00574876
v 0.15053643 0.38745660 0.02264486
v 0.16109192 0.38427132 0.02105339
v 0.15661046 0.38524199 0.01161923
v 0.18751779 0.37529504 0.03200446
v 0.16884156 0.38141665 0.01046192
v 0.15164578 0.38524571 0.04283556
v 0.16016580 0.38242683 0.04424090
v 0.18739927 0.37529522 0.03239265
v 0.13550353 0.38588637 0.05834491
v 0.15662627 0.37533182 0.07023481
v 0.15661281 0.38207632 0.05117019
v 0.16436562 0.37919405 0.05166689
v 0.18784752 0.37495533 0.03284789
v 0.19388750 0.36268345 0.06039046
v 0.21913998 0.34612328 0.06232687
v -0.12496968 -0.37420294 0.06346393
v -0.06246307 -0.38731870 0.06350024
v -0.05587784 -0.38684940 0.06679523
v -0.03495654 -0.38199562 0.08287144
v -0.00085983 -0.39098120 0.06524821
v -0.02716523 -0.38261905 0.08318692
v -0.00329558 -0.38113827 0.09475812
v -0.00291477 -0.39157525 0.06351256
v -0.03122028 -0.38640553 0.07318671
v 0.00000757 -0.39171320 0.06351305
v 0.00098982 -0.39109445 0.06547768
v 0.00283512 -0.39152434 0.06351390
v 0.00369183 -0.38184673 0.09476122
v 0.02616361 -0.38467008 0.08423245
v 0.02935643 -0.37831962 0.10846980
v 0.03635312 -0.38468209 0.08424658
v 0.03318378 -0.37832597 0.10846823
v 0.05893718 -0.38160986 0.09478235
v 0.03124948 -0.38752794 0.07261984
v 0.05661834 -0.38715002 0.06647077
v 0.06249458 -0.38579005 0.07213376
v 0.06249283 -0.38751674 0.06353623
v 0.07435388 -0.38415658 0.06947266
v 0.06567168 -0.38082087 0.09478499
v 0.09162953 -0.37872803 0.08131697
v 0.09536047 -0.37765223 0.08078244
v 0.09376158 -0.37901297 0.07690839
v 0.10164434 -0.37839288 0.07525303
v 0.12503415 -0.37871581 0.06358355
v 0.18758057 -0.35946772 0.06361359
v -0.24996395 -0.29687342 0.06342972
v -0.22344327 -0.31455031 0.07668921
v -0.22054584 -0.31586868 0.08090199
v -0.19539696 -0.33571982 0.07932303
v -0.21502601 -0.31951833 0.08272751
v -0.19632241 -0.32992658 0.09467606
v -0.20179233 -0.33494043 0.06343588
v -0.21870571 -0.31845209 0.07592048
v -0.18746036 -0.34554106 0.06343403
v -0.17387916 -0.35219917 0.06343926
v -0.14589858 -0.35399878 0.08936974
v -0.15620610 -0.35830945 0.07092260
v -0.13850538 -0.36572373 0.07022561
v -0.14414282 -0.35049474 0.09827057
v -0.17231946 -0.34286737 0.09366407
v -0.17002524 -0.34337342 0.09468146
v -0.17129575 -0.34337416 0.09364965
v -0.17221221 -0.34257233 0.09468018
v -0.17159842 -0.34295061 0.09446828
v -0.17152748 -0.34280917 0.09496342
v -0.13515989 -0.35416412 0.09470382
v -0.15094933 -0.34336799 0.11545929
v -0.13406943 -0.34984583 0.10769886
v -0.12496182 -0.36580974 0.07719375
v -0.11751649 -0.35971063 0.09471907
v -0.09817474 -0.37231219 0.07687474
v -0.09536140 -0.37123328 0.08076617
v -0.09260360 -0.37233806 0.08021428
v -0.09370729 -0.37286931 0.07827446
v -0.09175534 -0.37356541 0.07813639
v -0.10145289 -0.35904998 0.10259350
v -0.08764973 -0.36246157 0.10431073
v -0.09368600 -0.35614568 0.11956312
v -0.06267145 -0.35905129 0.12586738
v -0.11864373 -0.35266590 0.11336923
v -0.06424365 -0.37094879 0.09474923
v -0.06245229 -0.37293631 0.09155804
v -0.05513965 -0.37452853 0.09109472
v -0.06109763 -0.37182596 0.09475030
v -0.06243904 -0.35948494 0.12488240
v -0.03120533 -0.37452465 0.10919210
v -0.03139322 -0.37414852 0.11018559
v -0.03104647 -0.37420818 0.11021560
v -0.02968637 -0.37452406 0.10961458
v -0.05552772 -0.36238444 0.12252992
v -0.03120454 -0.37403005 0.11062149
v -0.03038748 -0.37411645 0.11078251
v 0.00002388 -0.37903053 0.10380019
v 0.02639773 -0.37693727 0.11281534
v 0.03126957 -0.37755930 0.11191246
v 0.03672809 -0.37722772 0.11311173
v 0.03127708 -0.37450603 0.12069381
v 0.07918568 -0.37448233 0.10312910
v 0.06250720 -0.37932107 0.10443912
v 0.09376916 -0.37446931 0.09216097
v 0.10382449 -0.37446094 0.08421781
v 0.09113067 -0.36919105 0.10778049
v 0.09670296 -0.36863559 0.10750870
v 0.08214830 -0.36867869 0.11622693
v 0.09378210 -0.36539131 0.11496901
v 0.12103887 -0.36645597 0.09482653
v 0.12191161 -0.35571849 0.11977591
v 0.12504275 -0.36995125 0.08581728
v 0.12970920 -0.36514598 0.09483144
v 0.14496146 -0.36877912 0.07354677
v 0.15047333 -0.36277288 0.08506107
v 0.16632703 -0.35444573 0.08923110
v 0.15631619 -0.36557817 0.07478819
v 0.18592206 -0.35965049 0.06444184
v 0.14730129 -0.35644478 0.10144888
v 0.16886075 -0.34938431 0.09793442
v 0.12875950 -0.35515785 0.11866471
v 0.15294100 -0.34323192 0.11932195
v 0.17460103 -0.34851295 0.09485253
v 0.18544021 -0.34321147 0.09485240
v 0.16337141 -0.34322435 0.11198650
v 0.17457987 -0.34584591 0.10010910
v 0.18080868 -0.33437318 0.11254165
v 0.18758063 -0.35913378 0.06423783
v 0.18812744 -0.35909483 0.06388701
v 0.18868102 -0.35772255 0.06581287
v 0.21885028 -0.34371915 0.06387690
v 0.19992286 -0.33992183 0.08827861
v 0.21780200 -0.34320086 0.06571133
v 0.19958073 -0.33595294 0.09484741
v 0.20795023 -0.33373493 0.09011018
v 0.21353289 -0.32258636 0.10514269
v 0.21927847 -0.34320065 0.06447304
v 0.22625205 -0.32677490 0.08662069
v 0.22146390 -0.31722212 0.10781845
v 0.21949160 -0.34352082 0.06361774
v 0.22334805 -0.34095457 0.06361647
v 0.24521030 -0.32513756 0.06605770
v 0.25011536 -0.32294151 0.06360743
v -0.25013477 -0.29666555 0.06351511
v -0.28849006 -0.25342739 0.07537401
v -0.28404981 -0.25552720 0.08191413
v -0.28116432 -0.24980678 0.11026077
v -0.25044748 -0.29609576 0.06439932
v -0.26154783 -0.27697039 0.08665607
v -0.25605121 -0.28097153 0.09467477
v -0.27342397 -0.26524022 0.08678536
v -0.28103805 -0.24996449 0.11018188
v -0.26203731 -0.27396250 0.09467117
v -0.25779903 -0.27323955 0.11014609
v -0.25049776 -0.29631358 0.06342954
v -0.26906297 -0.27491510 0.06342009
v -0.28118128 -0.26063290 0.07359987
v -0.24996357 -0.29677659 0.06382308
v -0.22475432 -0.31218243 0.08208394
v -0.24176228 -0.29585344 0.09467904
v -0.21868959 -0.31217852 0.09852410
v -0.22083144 -0.30788308 0.10815408
v -0.21764103 -0.31009641 0.10926251
v -0.21482049 -0.31217560 0.10837231
v -0.21867949 -0.30804071 0.11237493
v -0.21536849 -0.31052104 0.11196060
v -0.24253157 -0.28918678 0.11114790
v -0.18743156 -0.32479694 0.11996794
v -0.18300903 -0.32556394 0.12372272
v -0.15619026 -0.33921605 0.12386025
v 0.15632024 -0.33866197 0.12378651
v 0.18328558 -0.32546526 0.12391999
v 0.18758272 -0.32527661 0.12140124
v 0.24594949 -0.31197685 0.09275052
v 0.23739831 -0.31198025 0.10116731
v 0.20415767 -0.31932455 0.11777794
v 0.21884048 -0.31622061 0.11255398
v 0.22330925 -0.31421754 0.11266711
v 0.21884041 -0.31199053 0.12058236
v 0.24135488 -0.30074131 0.12167054
v 0.24875712 -0.30929393 0.09482274
v 0.24930242 -0.29558668 0.12445117
v 0.25010204 -0.31001383 0.09089525
v 0.25277811 -0.30662641 0.09482107
v 0.26794195 -0.30528033 0.07251000
v 0.27323228 -0.29575983 0.08732021
v 0.28135651 -0.29475504 0.07059151
v 0.27158803 -0.29248852 0.10067616
v 0.28793639 -0.28076434 0.09480086
v 0.25173402 -0.29473782 0.12275343
v 0.27770108 -0.28076309 0.11875185
v 0.29202843 -0.28076449 0.08492424
v 0.30619240 -0.27154958 0.07635841
v 0.29456785 -0.27596891 0.09239884
v 0.29397744 -0.27479005 0.09778444
v 0.30367237 -0.26735866 0.09479006
v 0.29346329 -0.28681406 0.06358785
v 0.31259444 -0.27042687 0.06356904
v 0.31471711 -0.26727915 0.06781087
v 0.31640464 -0.26706091 0.06356464
v 0.32206285 -0.26042256 0.06829278
v 0.31620383 -0.25677535 0.09478220
v -0.34465680 -0.18784401 0.07845977
v -0.34409043 -0.18822218 0.07940414
v -0.32207498 -0.21261987 0.08271668
v -0.31387508 -0.21856025 0.09462303
v -0.34223437 -0.19016750 0.08037972
v -0.32275641 -0.20805155 0.09460823
v -0.31458667 -0.20514271 0.12144021
v -0.32790303 -0.21069628 0.06336980
v -0.34365031 -0.18911353 0.07807756
v -0.29004642 -0.24977237 0.08346938
v -0.28122386 -0.24975936 0.11024281
v -0.30348486 -0.23196912 0.09463768
v -0.30571729 -0.23752348 0.06675199
v -0.31242368 -0.23115501 0.06339417
v -0.31045344 -0.23220980 0.06733089
v -0.31051946 -0.23322460 0.06339636
v -0.28117979 -0.24977891 0.11030410
v -0.28114060 -0.24981646 0.11031311
v -0.28121364 -0.24972281 0.11032098
v -0.28114048 -0.24975923 0.11041895
v -0.30298251 -0.22476065 0.10706395
v 0.28134000 -0.27607250 0.12367758
v 0.30323806 -0.26048845 0.12134492
v 0.32678664 -0.24954194 0.08768065
v 0.32346174 -0.24954498 0.10021579
v 0.31258094 -0.25616911 0.10803402
v 0.33576995 -0.24551204 0.07513363
v 0.33855787 -0.23900066 0.08443116
v 0.34383512 -0.23703295 0.07290319
v 0.33690798 -0.23571903 0.10347475
v 0.32639021 -0.24083477 0.11910460
v 0.34382319 -0.21952985 0.12539943
v 0.35597688 -0.21831475 0.09477048
v 0.35724983 -0.21831499 0.09037055
v 0.37404409 -0.20373748 0.06561816
v 0.35824233 -0.21590067 0.09356250
v 0.35781449 -0.21504629 0.09640359
v 0.37036538 -0.19648263 0.09476811
v 0.34702864 -0.21831173 0.11960050
v 0.35780472 -0.22529662 0.06354058
v 0.37509078 -0.20298618 0.06352750
v 0.37521291 -0.20281407 0.06377162
v 0.37527692 -0.20278493 0.06352746
v 0.37542599 -0.20252426 0.06369494
v 0.37578583 -0.18847187 0.09476759
v -0.37976009 -0.14534681 0.07306781
v -0.36499006 -0.15610224 0.09457174
v -0.38132900 -0.13777618 0.09455137
v -0.38161254 -0.14382336 0.06330732
v -0.34494680 -0.18734030 0.07961155
v -0.36129066 -0.16017082 0.09457475
v -0.34615615 -0.18608685 0.07770907
v -0.37489253 -0.15228480 0.06331550
v -0.36287805 -0.15971716 0.08734038
v -0.36438000 -0.16645528 0.06333069
v -0.34364605 -0.18734045 0.08393260
v -0.35307938 -0.16844869 0.10075264
v -0.34098956 -0.18206675 0.10756975
v -0.33704185 -0.18733940 0.10691749
v -0.31982031 -0.19921929 0.12212808
v -0.34361997 -0.17586391 0.11594544
v -0.33713478 -0.18409641 0.11345426
v -0.38578784 -0.13500410 0.06875275
v -0.36182296 -0.15867361 0.09971589
v -0.36873561 -0.14661056 0.11356250
v 0.36367965 -0.19698536 0.12032343
v 0.37503693 -0.17144300 0.12601103
v 0.38924754 -0.15580615 0.09477547
v 0.37505516 -0.17141344 0.12599972
v 0.37699354 -0.18705653 0.09381078
v 0.37652540 -0.18705632 0.09549154
v 0.38235790 -0.17251483 0.09477143
v 0.37507784 -0.18831904 0.09729277
v 0.37506896 -0.17173709 0.12540688
v 0.38880491 -0.17829132 0.07038025
v 0.38935465 -0.15717430 0.09204056
v 0.39370808 -0.16213974 0.06352862
v 0.38982743 -0.15491140 0.09298407
v 0.39694965 -0.15111338 0.06352559
v 0.40114152 -0.12718520 0.07653052
v 0.38975886 -0.15387869 0.09477524
v 0.38848278 -0.15356874 0.09925096
v -0.39421117 -0.10104693 0.09078916
v -0.38906515 -0.12484135 0.08744192
v -0.39449215 -0.11901195 0.07309605
v -0.39354491 -0.09973384 0.09759719
v -0.38716197 -0.12485070 0.10069209
v -0.38147581 -0.11255394 0.12246695
v -0.39615595 -0.09357615 0.09451883
v -0.39737087 -0.09356831 0.08073144
v -0.39933836 -0.07581004 0.08563551
v -0.39527124 -0.08396316 0.09932072
v -0.39398280 -0.09358090 0.10155205
v -0.40015161 -0.09653829 0.06326775
v -0.40137997 -0.09118897 0.06326343
v -0.37485093 -0.13782483 0.12047251
v -0.37254077 -0.13933782 0.12465064
v -0.40306270 -0.06380273 0.07736602
v 0.40079087 -0.12456866 0.08193651
v 0.39716446 -0.12456080 0.10579992
v 0.40202829 -0.12239809 0.07697205
v 0.40258384 -0.11699036 0.08293544
v 0.40638071 -0.10770819 0.07070844
v 0.40042061 -0.11267402 0.10444823
v 0.39026770 -0.13259739 0.11844205
v 0.39552757 -0.11914744 0.11581454
v 0.40756992 -0.09332844 0.09476517
v 0.40091527 -0.09332881 0.11511089
v 0.41015601 -0.09333264 0.07105912
v 0.41289669 -0.07511656 0.08564859
v 0.40740329 -0.06414653 0.10935513
v 0.41074488 -0.09551390 0.06351793
v 0.41234940 -0.09035454 0.06351680
v 0.41721022 -0.06750605 0.07372136
v -0.41014236 -0.03304698 0.06324929
v -0.40247050 -0.05507360 0.08248252
v -0.40607429 -0.04874812 0.07211157
v -0.40201414 -0.06229379 0.08091222
v -0.40343618 -0.06096609 0.07755339
v -0.39871746 -0.04760017 0.10277292
v -0.39648312 -0.06231496 0.10533401
v -0.38995039 -0.07039246 0.11820324
v -0.39259905 -0.05557965 0.11686932
v -0.41080457 -0.02863271 0.06325009
v -0.40971577 -0.00158670 0.07703055
v -0.40223160 -0.03103169 0.09449245
v -0.40907031 -0.03100899 0.06926636
v -0.40839863 -0.00446504 0.08122344
v -0.40170324 -0.00846605 0.10576875
v -0.39769876 -0.03104450 0.10901374
v 0.41347146 -0.04792156 0.08620983
v 0.41446063 -0.06209325 0.08316827
v 0.41869131 -0.05594543 0.07297628
v 0.40755662 -0.05973284 0.10919991
v 0.40741247 -0.06209283 0.10986355
v 0.40637463 -0.06525522 0.11196529
v 0.40710688 -0.06245835 0.11074789
v 0.40637481 -0.06209209 0.11257698
v 0.40637478 -0.05808794 0.11238200
v 0.40711400 -0.06172394 0.11075104
v 0.41075039 -0.03085691 0.09473704
v 0.40499136 -0.00237937 0.10895583
v 0.40264624 -0.03085163 0.11854099
v 0.41587314 -0.03085777 0.08247329
v 0.41366461 -0.01417571 0.08638099
v 0.42349908 -0.03941428 0.06349853
v 0.42334563 -0.02238560 0.06348697
v 0.41891444 -0.00588143 0.07283418
v -0.40954083 0.00024959 0.08061790
v -0.41074431 0.00260492 0.07651523
v -0.41727841 0.02588418 0.06325516
v -0.40603897 0.00023773 0.09236906
v -0.40972105 0.00761960 0.08255202
v -0.40278363 0.00672488 0.10685945
v -0.40182358 0.00022063 0.10800210
v -0.39890248 -0.00335618 0.11368072
v -0.39921355 0.00362714 0.11352198
v -0.41843641 0.03771073 0.06325482
v -0.41629440 0.05760045 0.07374115
v -0.40936112 0.03148279 0.09448989
v -0.41375580 0.03149554 0.07870889
v -0.41260278 0.04956245 0.08545905
v -0.40386963 0.05844083 0.10798182
v -0.40090853 0.03146428 0.11551740
v 0.40476289 0.00038298 0.10953055
v 0.40637520 0.00038241 0.10518060
v 0.41227198 0.01213337 0.08496176
v 0.41470855 0.00037924 0.08325093
v 0.41708767 0.00572749 0.07374107
v 0.40504295 0.00304359 0.10900240
v 0.40400028 -0.00080168 0.11152132
v 0.40397492 0.00158172 0.11153246
v 0.40831310 0.03161887 0.09469375
v 0.40125379 0.05257954 0.10514890
v 0.40108818 0.03162680 0.11534315
v 0.41427964 0.03161763 0.07920284
v 0.40665442 0.06237301 0.07929084
v 0.42100364 0.02431913 0.06345536
v 0.41774938 0.03729203 0.06344630
v 0.40668583 0.06272194 0.07891034
v -0.41440013 0.06273168 0.08307065
v -0.41608495 0.06777602 0.07384996
v -0.41800013 0.08800222 0.06327832
v -0.40600562 0.06271397 0.10227092
v -0.41307050 0.07686187 0.08594517
v -0.40402704 0.06666002 0.10814285
v -0.40375334 0.06270755 0.10899324
v -0.40195644 0.06068068 0.11214098
v -0.40257069 0.06442105 0.11183421
v -0.41767743 0.09982610 0.06328118
v -0.40948233 0.12350231 0.07716683
v -0.41089347 0.09396806 0.09450413
v -0.41411757 0.09398067 0.07949248
v -0.40889552 0.11946139 0.08178109
v -0.40462762 0.12246431 0.10875221
v -0.40292230 0.09394673 0.11959305
v 0.39941162 0.06286827 0.10678902
v 0.39998686 0.09086859 0.06341356
v 0.40641129 0.06285933 0.07981367
v 0.40651631 0.06306860 0.07915200
v 0.40641189 0.06365699 0.07864787
v 0.40658525 0.06285911 0.07913432
v 0.40659523 0.06295095 0.07895556
v 0.39664042 0.08241217 0.10049385
v 0.39661700 0.05798396 0.11517701
v 0.39537764 0.06838472 0.11578742
v 0.39873773 0.09793116 0.06340595
v 0.39185548 0.11803932 0.07172366
v 0.39512175 0.09410849 0.09463744
v 0.39680248 0.09410102 0.08263802
v 0.39375132 0.10000722 0.09168422
v 0.39317212 0.09885725 0.09700781
v 0.39380819 0.09411193 0.10066447
v -0.40860358 0.12523392 0.08019348
v -0.40874749 0.12660186 0.07753418
v -0.40600592 0.12521967 0.09612182
v -0.40763220 0.12846938 0.08051600
v -0.40602079 0.13311042 0.07496554
v -0.40025941 0.13670589 0.10437945
v -0.40416244 0.12520793 0.10920574
v -0.40388489 0.12414885 0.11118074
v -0.40316904 0.12662114 0.11153909
v -0.39473701 0.15646824 0.09450707
v -0.39540195 0.15647531 0.08451501
v -0.39261547 0.16090456 0.09229190
v -0.39221191 0.16009945 0.09632538
v -0.39333129 0.15646233 0.10038555
v -0.39967582 0.15331051 0.06328665
v -0.39476666 0.16213220 0.06328648
v -0.38678473 0.17811029 0.06927658
v -0.37481219 0.19361301 0.06328772
v 0.37336078 0.14006984 0.12494605
v 0.37197983 0.16894138 0.06986233
v 0.37349802 0.15657891 0.09462208
v 0.36651045 0.17038646 0.09461896
v 0.37310749 0.14306831 0.12168694
v 0.36710784 0.16409464 0.10963169
v 0.37190378 0.17052026 0.06337694
v 0.38694811 0.12533802 0.08874968
v 0.38509384 0.12534611 0.09957337
v 0.38181138 0.13855529 0.09462320
v 0.37519190 0.13872743 0.12135132
v 0.38668117 0.13520250 0.06912676
v 0.37521869 0.16501963 0.06337851
v 0.38167334 0.14741489 0.07631463
v 0.38415718 0.14541769 0.06338376
v 0.38213623 0.11322740 0.12238415
v 0.36792576 0.17583056 0.06702630
v -0.37824994 0.18771729 0.09278703
v -0.37760428 0.18771404 0.09592638
v -0.37874752 0.17404956 0.12376384
v -0.37602890 0.19019608 0.09451840
v -0.37479696 0.19250548 0.08496192
v -0.36948004 0.19834533 0.09452090
v -0.37478608 0.18996274 0.09902397
v -0.36988249 0.20090255 0.06575290
v -0.36500600 0.20828179 0.06328964
v -0.35701996 0.21465671 0.09236947
v -0.35660842 0.21383508 0.09709195
v -0.36304128 0.19744360 0.11989945
v -0.35427272 0.22434966 0.06329201
v -0.35371283 0.21897537 0.09452794
v -0.35478848 0.21898283 0.08573596
v -0.34619772 0.21894966 0.12045594
v -0.33892190 0.24095950 0.08356048
v -0.33695036 0.23703642 0.10356902
v -0.34357509 0.23654646 0.07206667
v -0.33623201 0.24658728 0.07525045
v 0.31063861 0.24598542 0.09457026
v 0.31074494 0.23264655 0.12178895
v 0.35038793 0.20056447 0.08536536
v 0.35664731 0.18780680 0.08531646
v 0.35500300 0.19330062 0.07348756
v 0.34778529 0.19538476 0.10643844
v 0.35148323 0.18780908 0.10648727
v 0.35240051 0.18360858 0.11443815
v 0.34398443 0.18781626 0.13432553
v 0.34399369 0.19653270 0.11458823
v 0.34887025 0.19024746 0.11266840
v 0.31278276 0.24738331 0.08881048
v 0.31282187 0.26270694 0.06332601
v 0.32649183 0.24149385 0.07019015
v 0.33377656 0.21903707 0.09459297
v 0.32081497 0.23418686 0.09458067
v 0.33061805 0.22349358 0.09235941
v 0.33009154 0.22244439 0.09629341
v 0.32052243 0.22689508 0.11029719
v 0.33153161 0.21903771 0.10088604
v 0.34467587 0.21903399 0.06467132
v 0.34506518 0.21850775 0.06334624
v 0.34460223 0.21932805 0.06334566
v 0.34401375 0.22010070 0.06387887
v -0.33112976 0.25024974 0.08513665
v -0.32797623 0.25807339 0.07112026
v -0.32689422 0.25023097 0.10183650
v -0.34353635 0.22070198 0.12489475
v -0.32858485 0.24273553 0.11763182
v -0.31847322 0.26257166 0.09454784
v -0.31704253 0.27061355 0.07272582
v -0.32132465 0.27040401 0.06330182
v -0.29710424 0.28070125 0.09455117
v -0.31229419 0.26132080 0.11674406
v -0.31234208 0.27748537 0.06330182
v -0.29730242 0.28090888 0.09335007
v -0.29656920 0.28124434 0.09441931
v -0.29654300 0.28119218 0.09470930
v -0.30804628 0.26371717 0.12367056
v -0.29868540 0.29033989 0.06329693
v -0.29627410 0.28150859 0.09455132
v -0.29642150 0.28150919 0.09399084
v -0.29591677 0.28150690 0.09611823
v -0.27601063 0.30262682 0.08400541
v -0.27430052 0.29919899 0.10339624
v -0.28109702 0.30066460 0.07285631
v -0.27180284 0.30815640 0.07428215
v 0.24609584 0.30416334 0.09458002
v 0.24836458 0.29512975 0.12178417
v 0.29127693 0.26964206 0.08863291
v 0.30866659 0.25026378 0.09251089
v 0.31062824 0.26476949 0.06442374
v 0.28887486 0.26488709 0.10287069
v 0.30590487 0.25026646 0.09800746
v 0.30626079 0.23790705 0.12256088
v 0.28155813 0.26630592 0.11819698
v 0.29243433 0.25572279 0.11563334
v 0.25040039 0.30601791 0.08111010
v 0.25039268 0.31654444 0.06334156
v 0.26098669 0.30241674 0.06862798
v 0.27631223 0.28150001 0.09455839
v 0.25974780 0.29401845 0.09457003
v 0.26921406 0.28794011 0.09134217
v 0.26858926 0.28669885 0.09715769
v 0.25612855 0.29138088 0.11429682
v 0.27178362 0.28150716 0.10617185
v 0.28670609 0.28148738 0.07350215
v 0.30647394 0.26904559 0.06332371
v 0.28759795 0.28447083 0.06331827
v 0.28162587 0.28781959 0.06648643
v -0.26102120 0.31279701 0.08896762
v -0.25466949 0.32604164 0.06571740
v -0.25793883 0.31278676 0.09861079
v -0.28106171 0.28945690 0.12181733
v -0.26263571 0.30353582 0.11940010
v -0.25274774 0.31860951 0.09455982
v -0.25094041 0.32953966 0.06548391
v -0.25185221 0.32945356 0.06331029
v -0.24260905 0.32726356 0.09456113
v -0.24983788 0.31737366 0.10373475
v -0.24985419 0.33108619 0.06331053
v -0.24641581 0.33188590 0.07017957
v -0.23144911 0.33853930 0.09180129
v -0.23057348 0.33678699 0.09819888
v -0.23776671 0.32237172 0.11978628
v -0.21857926 0.33586705 0.12172744
v -0.23032868 0.34995762 0.06331685
v -0.22191784 0.34406933 0.09456146
v -0.22871643 0.34407461 0.08356941
v -0.20872852 0.35561883 0.08879189
v -0.20737104 0.35290232 0.09897342
v -0.19550651 0.35897288 0.09456664
v -0.21184972 0.34405309 0.11235017
v -0.19460246 0.35241389 0.11125261
v -0.21859303 0.35694927 0.06974258
v -0.20050596 0.36631104 0.06990555
v -0.18732722 0.36802319 0.07992082
v -0.18733586 0.37333533 0.06333926
v -0.18227592 0.36525983 0.09457177
v -0.15972766 0.36798555 0.10652253
v -0.18302752 0.35540769 0.11724114
v -0.15324846 0.36976194 0.10741216
v -0.12480362 0.38781860 0.06340805
v 0.12463919 0.37387413 0.09463549
v 0.12316863 0.35749540 0.12138607
v 0.15667824 0.34030131 0.12395907
v 0.18657464 0.32776487 0.12516451
v 0.12538020 0.37445056 0.09282441
v 0.12536362 0.38649991 0.06341459
v 0.15289542 0.37346938 0.07715397
v 0.12639976 0.37332198 0.09463528
v 0.15455562 0.37117729 0.08109752
v 0.14895277 0.35993201 0.10254041
v 0.12836620 0.35677248 0.11994471
v 0.15361637 0.34409288 0.11973938
v 0.19648746 0.34405547 0.09461571
v 0.16005073 0.36851341 0.08242583
v 0.16665047 0.35536611 0.10026483
v 0.17703223 0.35355198 0.09462532
v 0.16147040 0.34408683 0.11627270
v 0.18594366 0.33043647 0.12186618
v 0.17644027 0.34821254 0.10289479
v 0.15663238 0.37232304 0.07751376
v 0.20197876 0.34090412 0.09461327
v 0.18793575 0.32761577 0.12418879
v 0.20198786 0.34248918 0.09149176
v 0.20583791 0.33947283 0.09232546
v 0.22545111 0.32534757 0.08526298
v 0.23779085 0.31276745 0.08828406
v 0.23938617 0.32287946 0.06885438
v 0.20864630 0.33385077 0.09970334
v 0.22217405 0.31879750 0.10720938
v 0.22989425 0.31277630 0.10484609
v 0.23705612 0.30381903 0.11915205
v 0.19402376 0.32539284 0.12279817
v 0.21916229 0.31279176 0.12400068
v 0.21917096 0.31769544 0.11266720
v 0.22338645 0.31489378 0.11231989
v 0.19751646 0.35006917 0.08259372
v 0.16833076 0.36947483 0.07317097
v 0.18788213 0.36232185 0.06866918
v 0.18787420 0.36522910 0.06340032
v 0.19195412 0.36171553 0.06543190
v 0.21407649 0.34403589 0.07352382
v 0.21996583 0.34402874 0.06501523
v 0.22325812 0.34196702 0.06336835
v 0.22037716 0.34464544 0.06337177
v 0.21914257 0.34538022 0.06404799
v -0.16156019 0.37536991 0.08172803
v -0.16002637 0.37735698 0.07700057
v -0.15605398 0.37536892 0.08673431
v -0.15709002 0.37743920 0.08001580
v -0.15477352 0.37794030 0.08026835
v -0.15605906 0.37821704 0.07756671
v -0.14315009 0.38183728 0.07255277
v -0.13676511 0.37536576 0.10059819
v -0.15604028 0.36577928 0.11498134
v -0.14294437 0.36880368 0.11675048
v -0.12702700 0.37988159 0.09462236
v -0.12479018 0.38429418 0.07683156
v -0.12182902 0.38126594 0.09462847
v -0.12476970 0.37856680 0.10100866
v -0.11952324 0.38838500 0.06604988
v -0.10075527 0.38986558 0.08627395
v -0.08511151 0.39220428 0.08744910
v -0.09353150 0.39521265 0.06916633
v -0.09774588 0.38387525 0.10601623
v -0.08826870 0.38584936 0.10503928
v -0.10263300 0.37994277 0.11481368
v -0.09348696 0.37536871 0.12779416
v -0.09349266 0.38232157 0.11372461
v -0.07931472 0.38247111 0.11734361
v -0.07049418 0.39190102 0.09467100
v -0.06906138 0.39783764 0.07705405
v -0.07897466 0.39938560 0.06346491
v -0.05322905 0.39342964 0.09467763
v -0.06222656 0.38552561 0.11491232
v -0.06226862 0.40242040 0.06347560
v -0.05468639 0.39860666 0.07858697
v -0.03943535 0.40245101 0.06348293
v -0.04119591 0.39583790 0.08927723
v -0.02122749 0.39489561 0.08880708
v -0.03098950 0.40181172 0.06591041
v -0.03888001 0.39122033 0.10238972
v -0.02356555 0.39019924 0.10290043
v -0.04912173 0.38447323 0.11935040
v -0.03095999 0.38679838 0.11597890
v -0.01028351 0.38573498 0.12059814
v -0.00824684 0.39250338 0.09467965
v -0.00556112 0.39689314 0.07516393
v -0.02044263 0.40140027 0.06348250
v 0.00916012 0.39311135 0.09467393
v 0.00031350 0.38671628 0.11726485
v 0.00029119 0.39967901 0.06347473
v 0.00644405 0.39718288 0.07574841
v 0.01660898 0.39918277 0.06346379
v 0.02213237 0.39426813 0.08848401
v 0.04060721 0.39346454 0.08807234
v 0.03156322 0.39787602 0.06783083
v 0.02379669 0.39095348 0.10249972
v 0.03894406 0.39012530 0.10289598
v 0.01078844 0.38579628 0.12065010
v 0.03159276 0.37538624 0.14135405
v 0.03158284 0.38680387 0.11595320
v 0.04719167 0.38318896 0.11803812
v 0.05637625 0.38829845 0.09463713
v 0.05868821 0.39514226 0.07170144
v 0.05024299 0.39729631 0.06344165
v 0.06870592 0.38710773 0.09463115
v 0.06284424 0.38226205 0.10838415
v 0.06282676 0.39666104 0.06343351
v 0.06650361 0.39467326 0.07077014
v 0.07237657 0.39576519 0.06343023
v 0.08806352 0.38743091 0.08505260
v 0.09914622 0.38544756 0.08406433
v 0.09409814 0.39015570 0.07163730
v 0.12177815 0.37535870 0.09283774
v 0.11721925 0.38690007 0.06748116
v 0.09359063 0.37641305 0.10972182
v 0.09451159 0.37616640 0.10984501
v 0.10339169 0.37536618 0.10561158
v 0.09761181 0.37362170 0.11198835
v 0.09275942 0.37604648 0.11091868
v 0.09411392 0.37536937 0.11142809
v 0.09411320 0.37594542 0.11053076
v 0.09477454 0.37569991 0.11057336
v -0.06243866 -0.35904941 0.12598376
v 0.00004326 -0.37254417 0.12599631
v 0.06252784 -0.37131354 0.12601128
v -0.18765624 -0.31261861 0.15719648
v -0.18743089 -0.31368393 0.15416153
v -0.18742934 -0.32260922 0.12593302
v -0.18137662 -0.32475042 0.12896279
v -0.18703020 -0.31297052 0.15719651
v -0.16408214 -0.32792833 0.14946187
v -0.16205341 -0.32387593 0.16696650
v -0.13642089 -0.33923036 0.14890672
v -0.14497679 -0.33457062 0.15278941
v -0.14683113 -0.33087608 0.16346100
v -0.13674319 -0.33573788 0.15719946
v -0.15085280 -0.34070721 0.12594518
v -0.15618956 -0.33766282 0.12880281
v -0.12493805 -0.34759697 0.12595662
v -0.10943431 -0.35121703 0.12596489
v -0.07960558 -0.34645569 0.15565044
v -0.09368277 -0.35264120 0.13062453
v -0.06258103 -0.35900617 0.12605491
v -0.07929786 -0.34584120 0.15845603
v -0.11051555 -0.34214944 0.15478043
v -0.09817005 -0.34335417 0.15720421
v -0.10733315 -0.34335718 0.15326312
v -0.11039884 -0.34117320 0.15720178
v -0.10862010 -0.34199345 0.15651928
v -0.10820117 -0.34115845 0.15830387
v -0.07647510 -0.34648538 0.15720685
v -0.08159847 -0.34334973 0.16429782
v -0.07630956 -0.34507856 0.16068056
v -0.06243863 -0.35900685 0.12612763
v -0.05084774 -0.35141844 0.15721312
v -0.06215864 -0.35907474 0.12612373
v -0.04046095 -0.35599726 0.15087764
v -0.02393146 -0.36004984 0.14884990
v -0.03119246 -0.36404449 0.13635170
v -0.01689556 -0.36738479 0.13445829
v -0.04315566 -0.35060000 0.16085619
v -0.02085220 -0.35390782 0.16252047
v -0.05118878 -0.34771708 0.16599120
v -0.03718302 -0.34332356 0.17641388
v -0.00804245 -0.35831511 0.15722314
v -0.02693796 -0.34331906 0.17999981
v -0.00851203 -0.35033718 0.17127958
v 0.00005738 -0.36651403 0.14120302
v 0.00728419 -0.36011341 0.15722385
v 0.02111102 -0.36943129 0.13652845
v 0.02688897 -0.36570352 0.14602847
v 0.03617722 -0.36477914 0.14648981
v 0.03129180 -0.36865824 0.13868837
v 0.04360247 -0.36836323 0.13546674
v 0.02313269 -0.35817277 0.16466475
v 0.04005183 -0.35707325 0.16411388
v 0.00776627 -0.35123241 0.17308064
v 0.03123913 -0.34331113 0.18826099
v 0.05508615 -0.35958806 0.15723838
v 0.03144507 -0.34331110 0.18823202
v 0.05521142 -0.35156691 0.17375866
v 0.06254162 -0.36564714 0.13949974
v 0.07233366 -0.35498369 0.15724036
v 0.07512353 -0.36518058 0.13230759
v 0.08359894 -0.35411018 0.15183356
v 0.09379704 -0.35867107 0.13373399
v 0.08173198 -0.35038084 0.16078937
v 0.10749932 -0.34327164 0.15725662
v 0.07222689 -0.34925246 0.16915287
v 0.08649258 -0.34328923 0.17383914
v 0.10888933 -0.34327018 0.15617439
v 0.10982295 -0.34287918 0.15647714
v 0.10918844 -0.34278396 0.15701444
v 0.10905192 -0.34251118 0.15763713
v 0.10988355 -0.34236753 0.15725793
v 0.11536502 -0.35402387 0.12604928
v 0.12505852 -0.35127437 0.12605630
v 0.13529687 -0.33786505 0.14650762
v 0.14938644 -0.33977109 0.12606806
v 0.13476241 -0.33141527 0.15727036
v 0.14713013 -0.33037564 0.15084207
v 0.16211829 -0.32360110 0.14746015
v 0.15632066 -0.33464032 0.13036302
v 0.17942688 -0.32354006 0.13013762
v 0.18758345 -0.32205600 0.12606385
v -0.25353357 -0.26898277 0.13321450
v -0.25301459 -0.25600624 0.15719135
v -0.25678557 -0.26879203 0.12592854
v -0.24990180 -0.27570319 0.12593047
v -0.23547031 -0.28935230 0.12593514
v -0.21190238 -0.29864964 0.14833131
v -0.21866801 -0.29959732 0.13527009
v -0.18865356 -0.31216881 0.15658461
v -0.20793433 -0.30680254 0.13619059
v -0.20997703 -0.29480359 0.16413036
v -0.18818754 -0.31216887 0.15757480
v -0.19450395 -0.30009866 0.18491685
v -0.24026117 -0.27496552 0.14521217
v -0.26237845 -0.25910869 0.13217536
v -0.22705811 -0.28094587 0.15719873
v -0.23100053 -0.28094661 0.15064831
v -0.24095695 -0.26756451 0.15719517
v -0.23231174 -0.27702904 0.15523827
v -0.23145446 -0.27531850 0.16001460
v -0.21685150 -0.28094956 0.18482614
v -0.18743150 -0.31260109 0.15806149
v -0.16847995 -0.31831151 0.17896873
v -0.15620199 -0.32370088 0.17859083
v -0.12863131 -0.32594424 0.18659177
v -0.12494490 -0.32683411 0.18653151
v -0.12302933 -0.32682756 0.18747614
v -0.09368103 -0.33343467 0.18345900
v -0.03116064 -0.33886504 0.18621579
v 0.03133494 -0.34320760 0.18840055
v 0.09381162 -0.33548182 0.18456541
v 0.11822106 -0.32423535 0.18505765
v 0.15487753 -0.31201005 0.17215124
v 0.12505858 -0.32373318 0.18065515
v 0.15631741 -0.31200930 0.17123076
v 0.17845707 -0.31200606 0.15271153
v 0.15596688 -0.31130952 0.17252034
v 0.15677619 -0.31109181 0.17241159
v 0.15457381 -0.31113961 0.17373998
v 0.15631694 -0.31037870 0.17368481
v 0.18470955 -0.30626893 0.15726338
v 0.18388258 -0.29268932 0.18109542
v 0.18758026 -0.30885422 0.15096915
v 0.19187741 -0.30341429 0.15725988
v 0.20994280 -0.30755666 0.13721073
v 0.21299213 -0.30031908 0.14748815
v 0.23002216 -0.28964347 0.15281199
v 0.21883948 -0.30326182 0.13728184
v 0.20908952 -0.29252630 0.16312699
v 0.23250276 -0.28468138 0.15919724
v 0.19293845 -0.29102525 0.17776272
v 0.21344474 -0.28076899 0.17770295
v 0.23616217 -0.28417063 0.15724157
v 0.24508774 -0.29137993 0.13602459
v 0.24281272 -0.28076831 0.15723836
v 0.22960557 -0.28076908 0.16694158
v 0.23595656 -0.28226483 0.16023052
v 0.23943552 -0.27579850 0.16718018
v 0.24797714 -0.29532024 0.12603162
v 0.25009301 -0.29436377 0.12603107
v 0.26123866 -0.27629310 0.14829673
v 0.27660751 -0.27839926 0.12602365
v 0.26086569 -0.27107400 0.15723537
v 0.27199695 -0.26820213 0.15095541
v 0.28695083 -0.26076037 0.14723545
v 0.28133920 -0.27356997 0.12961757
v 0.29947847 -0.25860748 0.13255803
v 0.31257653 -0.25024056 0.12601128
v -0.31336549 -0.20392057 0.12783380
v -0.31430274 -0.19119002 0.15709297
v -0.31406742 -0.20377912 0.12585388
v -0.31237686 -0.20550944 0.12585653
v -0.29340255 -0.22466534 0.12589349
v -0.27432910 -0.23616804 0.14833814
v -0.28112632 -0.23549682 0.13440818
v -0.26098382 -0.24973157 0.15162960
v -0.27168697 -0.24502283 0.13683221
v -0.27269033 -0.23289275 0.16436952
v -0.25818256 -0.24972585 0.16134344
v -0.25854415 -0.23844488 0.18408790
v -0.30871242 -0.20658468 0.13318369
v -0.31668222 -0.20078197 0.12800470
v -0.28755844 -0.21851289 0.15714565
v -0.29186222 -0.21851957 0.14737728
v -0.30624318 -0.19952312 0.15710822
v -0.29368538 -0.21241690 0.15408055
v -0.29292458 -0.21089821 0.16094247
v -0.27963221 -0.21849716 0.18542905
v -0.24987385 -0.25474641 0.16724452
v -0.23795033 -0.25936982 0.18247920
v -0.21866111 -0.27821431 0.18708108
v 0.21883358 -0.27328491 0.18473318
v 0.24280503 -0.26150844 0.18483356
v 0.28070515 -0.24953623 0.17253777
v 0.25009182 -0.26108864 0.18034995
v 0.28133723 -0.24953623 0.17191808
v 0.30056706 -0.24953642 0.15123719
v 0.28113237 -0.24912652 0.17264901
v 0.28171405 -0.24878262 0.17247711
v 0.28021374 -0.24897450 0.17341599
v 0.28133675 -0.24689607 0.17417589
v 0.30736798 -0.23912908 0.15724003
v 0.32603869 -0.21830148 0.15724967
v 0.30457050 -0.22591184 0.17248368
v 0.31155390 -0.20368472 0.18649018
v 0.31257209 -0.24264541 0.14345199
v 0.32337737 -0.23932856 0.13140841
v 0.32655483 -0.21994084 0.15397286
v 0.34382299 -0.21913455 0.12642044
v 0.32748041 -0.21758869 0.15582389
v 0.33906916 -0.21830809 0.13551129
v 0.32736331 -0.21664213 0.15725026
v 0.32992747 -0.21483293 0.15551721
v 0.33990842 -0.19485264 0.16898914
v 0.34429505 -0.21831071 0.12695356
v 0.34948903 -0.19841504 0.14731979
v 0.34416109 -0.18778712 0.17252666
v 0.34455347 -0.21867606 0.12600884
v 0.34538326 -0.21753043 0.12600952
v 0.35914317 -0.19472012 0.13398178
v -0.35428089 -0.16144446 0.12581718
v -0.33643997 -0.17300528 0.14861003
v -0.34360889 -0.17072439 0.13313429
v -0.32021928 -0.18731074 0.15315711
v -0.33302248 -0.18203777 0.13615827
v -0.33575919 -0.17164199 0.16485184
v -0.31924155 -0.18730442 0.16053075
v -0.32292777 -0.17696401 0.18304054
v -0.36870340 -0.14356315 0.12580676
v -0.37484273 -0.13014451 0.12579922
v -0.37152982 -0.13883331 0.12746224
v -0.35418093 -0.15609632 0.15705338
v -0.35602051 -0.15609989 0.15063874
v -0.35748646 -0.15261964 0.15531130
v -0.35674426 -0.15113528 0.15953013
v -0.34120291 -0.15606362 0.18351868
v -0.31235585 -0.19216029 0.16682537
v -0.30252576 -0.19798334 0.18343864
v -0.28111100 -0.21615404 0.18721163
v 0.31142813 -0.20211110 0.18793990
v 0.31256071 -0.20190240 0.18695574
v 0.35716826 -0.18705603 0.14832875
v 0.37501112 -0.17145589 0.12605578
v 0.34473833 -0.18706398 0.17241955
v 0.33558238 -0.19117111 0.17699632
v 0.34379944 -0.18761463 0.17316335
v 0.34421861 -0.18727374 0.17309797
v 0.34379900 -0.18706422 0.17369813
v 0.34459913 -0.18666409 0.17328849
v 0.36500001 -0.16693459 0.15727501
v 0.37502989 -0.17138819 0.12610470
v 0.37098464 -0.15580538 0.15727806
v 0.36441919 -0.16079664 0.16725239
v 0.36773801 -0.14749628 0.17388746
v 0.37504545 -0.17141539 0.12602696
v 0.37506884 -0.17133535 0.12602696
v 0.38026327 -0.14536533 0.13640018
v 0.38380122 -0.14453943 0.12602893
v 0.38488010 -0.13528585 0.13092734
v 0.37817270 -0.13075989 0.15727361
v -0.38042080 -0.11202909 0.12858208
v -0.38048047 -0.10357814 0.13708562
v -0.38295901 -0.08610628 0.14204262
v -0.37836349 -0.09360370 0.15702270
v -0.37948847 -0.07167967 0.15701748
v -0.38240412 -0.10544322 0.12578422
v -0.38670343 -0.08390418 0.12577206
v -0.37483168 -0.12186800 0.15105078
v -0.37315187 -0.12485928 0.15619338
v -0.37236837 -0.12485776 0.15826447
v -0.37361205 -0.12242163 0.15703249
v -0.35898644 -0.13252841 0.18035771
v -0.34359384 -0.15135942 0.18594784
v -0.36401153 -0.11461514 0.18286441
v -0.38658845 -0.07207621 0.13164908
v -0.36945525 -0.10384870 0.17753521
v -0.37070805 -0.08208326 0.18004301
v 0.36694440 -0.13613279 0.18445992
v 0.37045947 -0.11122835 0.18621208
v 0.38754246 -0.09331740 0.15726456
v 0.37268421 -0.10656940 0.18377151
v 0.37388721 -0.07884848 0.18617232
v 0.38086891 -0.12456161 0.15437667
v 0.37935320 -0.12456144 0.15941130
v 0.38456517 -0.10559864 0.15726829
v 0.37506494 -0.12962610 0.16740036
v 0.37506074 -0.11684274 0.17269823
v 0.39000413 -0.11639520 0.13348010
v 0.38854158 -0.09549055 0.15292113
v 0.39647305 -0.09826911 0.12602204
v 0.38903260 -0.09163670 0.15390144
v 0.39833537 -0.08931522 0.12601879
v 0.39573205 -0.06739742 0.13631952
v 0.38819891 -0.08829552 0.15726256
v -0.38080275 -0.06233832 0.15402448
v -0.38917118 -0.05387091 0.13293061
v -0.37953284 -0.06233980 0.15937138
v -0.38110024 -0.04977180 0.15701067
v -0.38586169 -0.03565392 0.14784147
v -0.38618317 -0.02681644 0.14849243
v -0.38180971 -0.03107698 0.15700462
v -0.38217580 -0.01455026 0.15700260
v -0.39057916 -0.03880736 0.12574817
v -0.39137554 -0.02371097 0.12574174
v -0.37481970 -0.06904808 0.17042831
v -0.37482044 -0.05327497 0.17515260
v -0.36908805 -0.07510224 0.18540105
v -0.37141997 -0.04841980 0.18656684
v -0.39114499 -0.00725447 0.13391352
v -0.37237498 -0.04427222 0.18337509
v -0.37355602 -0.01672966 0.18573289
v 0.37327445 -0.07680205 0.18760644
v 0.37500748 -0.04646539 0.18845074
v 0.38861236 -0.03083759 0.15722510
v 0.37502411 -0.04641577 0.18841770
v 0.37376869 -0.01649936 0.18586090
v 0.39228201 -0.06208071 0.14865848
v 0.38753796 -0.06207527 0.16347501
v 0.38890526 -0.03444764 0.15722764
v 0.37505019 -0.07581485 0.18474576
v 0.37505174 -0.04649327 0.18837298
v 0.39627796 -0.05704492 0.13658737
v 0.38960904 -0.03194172 0.15501878
v 0.40022171 -0.03391983 0.12598650
v 0.38952520 -0.02965119 0.15485057
v 0.39982295 -0.02758035 0.12598261
v 0.39608046 -0.00474291 0.13644838
v 0.38827059 -0.02595834 0.15722057
v -0.38317305 0.00018635 0.15281564
v -0.39158863 0.00742231 0.13413808
v -0.38111877 0.00018174 0.16015792
v -0.38175470 0.01409209 0.15700138
v -0.38600999 0.02703304 0.14819384
v -0.38638437 0.03545393 0.14895159
v -0.38167194 0.03142648 0.15700349
v -0.38175386 0.04871671 0.15700406
v -0.39537603 0.02612692 0.12573716
v -0.39621687 0.03635194 0.12573835
v -0.37482002 -0.01224157 0.18182884
v -0.37481287 0.00976639 0.17620611
v -0.37300777 -0.01455588 0.18736042
v -0.37075436 0.01375851 0.18624222
v -0.39366776 0.05651306 0.13519213
v -0.37225327 0.01834743 0.18315451
v -0.37124392 0.04348510 0.18117046
v 0.37250972 -0.01393491 0.18716434
v 0.36947849 0.01323649 0.18562248
v 0.38219425 0.03164680 0.15716761
v 0.37148672 0.01961756 0.18123840
v 0.36987764 0.04206730 0.17798258
v 0.38995880 0.00039584 0.14976591
v 0.38473135 0.00039937 0.16201720
v 0.38420314 0.01861606 0.15717858
v 0.37506300 -0.01227399 0.18256490
v 0.37507325 0.01037003 0.17710732
v 0.39600205 0.00556958 0.13639888
v 0.38692623 0.02784234 0.14957112
v 0.39656800 0.02672745 0.12593648
v 0.38681674 0.03555977 0.14933726
v 0.39630818 0.03666814 0.12592748
v 0.39099008 0.05519146 0.13384062
v 0.38122016 0.05068038 0.15715559
v -0.38413703 0.06266999 0.15231761
v -0.39503226 0.06817142 0.13587920
v -0.38081932 0.06266464 0.16003059
v -0.38674265 0.08662768 0.15700430
v -0.38935447 0.09288664 0.15494396
v -0.38946608 0.09483317 0.15516762
v -0.38836142 0.09391470 0.15700385
v -0.38857675 0.09753057 0.15700297
v -0.40059868 0.09124205 0.12574147
v -0.40112379 0.09637809 0.12574156
v -0.37478250 0.05460004 0.17313629
v -0.37477392 0.07178606 0.17527521
v -0.36935365 0.04975160 0.18555596
v -0.37047219 0.07612646 0.18612479
v -0.39890504 0.12163568 0.13781902
v -0.37259769 0.08045696 0.18391776
v -0.37307709 0.10782991 0.18489502
v 0.36573064 0.05195550 0.18371558
v 0.36295351 0.07245026 0.18231288
v 0.37305218 0.09414014 0.15712893
v 0.36667311 0.10845065 0.15712178
v 0.36683932 0.08679616 0.17182530
v 0.36446124 0.09910042 0.16704024
v 0.38078141 0.06289561 0.15431868
v 0.37945783 0.06289738 0.15931822
v 0.37853110 0.06971651 0.15714392
v 0.37510654 0.05781867 0.16730848
v 0.37511343 0.06672045 0.16479002
v 0.38959831 0.07127955 0.13312542
v 0.38327229 0.08665029 0.14216435
v 0.38836595 0.08511276 0.12588580
v 0.38080955 0.10408951 0.13719693
v 0.38381535 0.10541782 0.12587170
v 0.37515581 0.11577524 0.13791780
v 0.37518480 0.13429379 0.12586260
v 0.38069254 0.11251236 0.12863426
v -0.39409256 0.12517527 0.14732563
v -0.39702329 0.12967186 0.13687791
v -0.38698202 0.12515929 0.16310945
v -0.38401717 0.14367071 0.15700075
v -0.38553220 0.15156405 0.14729583
v -0.37939873 0.16741487 0.13502158
v -0.37962407 0.15640780 0.15699928
v -0.39272830 0.14979935 0.12574700
v -0.38115463 0.16886292 0.12575120
v -0.37476715 0.11243479 0.18244284
v -0.37476909 0.13778736 0.18230683
v -0.37176841 0.11101732 0.18677557
v -0.37169498 0.13922712 0.18673326
v -0.37776121 0.17355336 0.12725134
v -0.37476462 0.17539439 0.13244462
v -0.37476841 0.17826813 0.12575667
v -0.36775315 0.17363739 0.15700631
v -0.37238678 0.14314702 0.18350378
v -0.36716342 0.16441604 0.17305881
v 0.31179023 0.17132199 0.18655248
v 0.35442591 0.14634992 0.15197289
v 0.36360949 0.12537652 0.15133892
v 0.37234110 0.13956182 0.12728578
v 0.34682083 0.13121092 0.16981523
v 0.34892043 0.12537578 0.17022435
v 0.34687060 0.12388660 0.17422730
v 0.34388992 0.12537670 0.17705314
v 0.34389591 0.12889397 0.17449550
v 0.34586096 0.12635952 0.17372033
v 0.34242079 0.18703772 0.14068827
v 0.34630358 0.15659903 0.15709791
v 0.34235790 0.18457864 0.14309055
v 0.33499748 0.16993290 0.16376516
v 0.31462595 0.17026365 0.18443623
v 0.33500123 0.15659583 0.17048401
v 0.35363960 0.15660125 0.14523789
v 0.37170842 0.14272594 0.12586038
v 0.36059633 0.16490440 0.12585571
v 0.34398165 0.18508096 0.14009985
v -0.36096409 0.18765891 0.15011004
v -0.35607284 0.18764527 0.16635661
v -0.36025149 0.19603945 0.13302572
v -0.34549856 0.21796218 0.12577166
v -0.35087782 0.20238012 0.14875275
v -0.34853384 0.19768238 0.16762586
v -0.35494810 0.18192068 0.17835690
v -0.35100460 0.19138549 0.17638844
v -0.34351191 0.18763438 0.19005638
v -0.34351453 0.20086202 0.17925608
v -0.34440932 0.21938112 0.12577210
v -0.33719644 0.21890950 0.15701865
v -0.34430474 0.21894263 0.12731107
v -0.33182579 0.22676966 0.15309346
v -0.33121306 0.22553974 0.16033411
v -0.31521088 0.24429436 0.15702786
v -0.33408937 0.21890190 0.16940603
v -0.34353560 0.22017612 0.12638836
v -0.32568544 0.24127376 0.13248375
v -0.31227094 0.24871403 0.15409948
v -0.31228572 0.25812402 0.12578866
v -0.31142396 0.24848552 0.15703048
v 0.30992401 0.17358631 0.18694808
v 0.28148934 0.21400182 0.18578736
v 0.30019149 0.19718230 0.18206060
v 0.27504689 0.23736039 0.16621763
v 0.27918315 0.21905804 0.18369147
v 0.30571830 0.22763386 0.13987485
v 0.30392373 0.21904567 0.15707064
v 0.29384416 0.22560249 0.16034614
v 0.29929283 0.22339433 0.15706822
v 0.28900212 0.21905230 0.17329712
v 0.30082384 0.21532999 0.16450828
v 0.29903832 0.22097078 0.16091862
v 0.30909863 0.23283035 0.12581199
v 0.33985835 0.18781815 0.14352819
v 0.32403323 0.18781576 0.16274096
v 0.31911302 0.20058152 0.15707560
v 0.31268325 0.17466523 0.18340862
v 0.31271124 0.19463426 0.17071983
v 0.34089690 0.18936031 0.13992456
v 0.31275356 0.22865881 0.12581484
v 0.32038677 0.21107012 0.14112449
v 0.32874215 0.21141869 0.12583207
v 0.29243889 0.24482387 0.13597864
v -0.31239381 0.23459147 0.18821533
v -0.31031650 0.25017878 0.15605474
v -0.30923444 0.25017715 0.15854906
v -0.31227195 0.23545361 0.18643285
v -0.30683950 0.26311198 0.12851523
v -0.29829389 0.27284405 0.12579615
v -0.29225799 0.27265674 0.15265714
v -0.29060194 0.26934624 0.16309269
v -0.29527864 0.25730497 0.17980105
v -0.28101215 0.27250499 0.18384141
v -0.28690180 0.28440106 0.12580222
v -0.28010052 0.28144363 0.15705389
v -0.28728271 0.28146201 0.13827834
v -0.26958749 0.28979230 0.15288669
v -0.26937389 0.28937098 0.16102080
v -0.25768608 0.29693210 0.15705982
v -0.27451861 0.28143060 0.17529580
v -0.25171974 0.29510906 0.18440498
v -0.28105721 0.28816879 0.12914893
v -0.26094544 0.30267942 0.13137275
v -0.24981157 0.30645931 0.14451581
v -0.24982274 0.31126022 0.12581208
v -0.24591309 0.30494285 0.15706253
v -0.24907352 0.29636791 0.18692374
v 0.21909574 0.27763590 0.18629847
v 0.23994341 0.26074937 0.18310690
v 0.18793514 0.32700697 0.12584394
v 0.21286951 0.30965781 0.13829386
v 0.21538842 0.30528522 0.14518666
v 0.21141681 0.29739326 0.16494575
v 0.21667507 0.28156823 0.18341303
v 0.24137935 0.28817600 0.14376949
v 0.23905089 0.28155109 0.15703964
v 0.23001042 0.29102495 0.15230811
v 0.23280038 0.28542614 0.15897322
v 0.23606238 0.28420618 0.15703854
v 0.22803222 0.28155977 0.17041789
v 0.23751251 0.27876484 0.16261676
v 0.23602137 0.28284416 0.15961844
v 0.24655989 0.29523608 0.12580749
v 0.21914963 0.30682492 0.13844752
v 0.26668909 0.25029993 0.16525993
v 0.25766218 0.26498139 0.15705332
v 0.25030833 0.25882757 0.17409581
v 0.25037032 0.29224589 0.12580638
v 0.25875366 0.27433246 0.14263949
v 0.27063912 0.27604991 0.12579614
v 0.28153148 0.25028345 0.14469926
v 0.28019965 0.25295651 0.14277284
v 0.28224558 0.25170559 0.14214835
v 0.28153807 0.25432324 0.13941278
v 0.28360286 0.25028151 0.14247264
v 0.28372648 0.25137773 0.14033914
v 0.25713596 0.23810941 0.18488309
v -0.23760551 0.31273392 0.15096237
v -0.22532079 0.31271994 0.16929795
v -0.23305261 0.32000172 0.13419999
v -0.22352582 0.32267535 0.14640142
v -0.21096763 0.32794380 0.14903080
v -0.21857238 0.33169028 0.13197803
v -0.21973112 0.31510639 0.17149489
v -0.21629392 0.31721711 0.17044072
v -0.23928300 0.30231571 0.18306530
v -0.22101359 0.31395653 0.17392676
v -0.21852908 0.31271276 0.18282533
v -0.21853675 0.31485707 0.17375638
v -0.20761997 0.31818137 0.17814428
v -0.19674787 0.33163974 0.15705635
v -0.19664343 0.33772826 0.14446959
v -0.17211711 0.34402722 0.15705849
v -0.20939668 0.33944857 0.12580955
v -0.18728527 0.32570380 0.18299809
v -0.18731453 0.34955445 0.12581119
v -0.18282919 0.32613403 0.18608190
v -0.15602574 0.33601427 0.18431298
v -0.17198379 0.34433883 0.15643722
v -0.17633452 0.35420570 0.12581322
v -0.17176221 0.34420633 0.15705851
v -0.17150603 0.34436110 0.15689208
v -0.17157418 0.34422460 0.15715715
v -0.17236069 0.34333691 0.15843563
v -0.17176603 0.34412050 0.15724501
v -0.17133160 0.34402698 0.15774007
v -0.14558318 0.35441762 0.15188465
v -0.14393413 0.35110936 0.16059904
v -0.13505802 0.35471711 0.15707272
v -0.14831492 0.34402493 0.17289165
v -0.13435951 0.35007489 0.16913468
v -0.15603530 0.35955501 0.13356006
v -0.13650207 0.36557508 0.13169566
v -0.12475981 0.36573169 0.13788553
v -0.12476224 0.37111241 0.12584364
v -0.10473935 0.36972892 0.13585469
v -0.11629225 0.35840175 0.15708002
v -0.09807843 0.36616081 0.14606780
v -0.10211989 0.35806960 0.16408342
v -0.11705472 0.35197532 0.17292027
v -0.09011909 0.36863142 0.14484107
v -0.08648406 0.36133426 0.16571552
v -0.06584400 0.36812046 0.15710625
v -0.06444380 0.35748768 0.18387891
v -0.09348258 0.37047088 0.13904068
v -0.08650080 0.37187284 0.13799955
v -0.06222280 0.37161404 0.14960708
v -0.06222118 0.38140312 0.12588465
v -0.05920192 0.36932606 0.15710767
v -0.03392444 0.36944503 0.16975534
v -0.06040218 0.35789341 0.18468598
v -0.02808337 0.36961368 0.16983686
v -0.00061807 0.37352845 0.15709187
v 0.00002157 0.35946986 0.18774308
v 0.00031140 0.37429583 0.15491304
v 0.00031513 0.38430548 0.12588145
v 0.03153426 0.37535703 0.14143194
v 0.00136787 0.37327394 0.15709056
v 0.03156452 0.37532976 0.14148928
v 0.02639810 0.36500898 0.16749004
v 0.00060469 0.35943076 0.18766445
v 0.03162713 0.37531754 0.14149536
v 0.03747653 0.36360586 0.16679037
v 0.05636570 0.36239105 0.15705787
v 0.05666116 0.35354489 0.17590335
v 0.03159278 0.37534532 0.14144067
v 0.09413160 0.33545995 0.18395475
v 0.12058617 0.32607016 0.18586640
v 0.03169153 0.37533683 0.14141177
v 0.06285946 0.36747187 0.14127785
v 0.06285297 0.37599891 0.12584312
v 0.07804623 0.36733139 0.13342842
v 0.07172513 0.35764810 0.15706316
v 0.08513224 0.35737485 0.15044560
v 0.08286705 0.35284090 0.16142830
v 0.07141702 0.35118014 0.17119041
v 0.08686108 0.34410435 0.17375751
v 0.11009108 0.34441969 0.15645279
v 0.10998172 0.34410873 0.15707393
v 0.10968114 0.34430641 0.15697524
v 0.10972794 0.34421298 0.15712598
v 0.10982597 0.34420046 0.15707397
v 0.10962627 0.34410867 0.15738058
v 0.11009947 0.34378880 0.15771212
v 0.10982756 0.34415624 0.15716875
v 0.11968112 0.35687071 0.12585483
v 0.09413283 0.36232603 0.13495402
v 0.13487935 0.33175617 0.15706906
v 0.12539211 0.32583693 0.18300484
v 0.12540931 0.35447076 0.12585625
v 0.13499102 0.33803952 0.14496727
v 0.15123175 0.34137106 0.12585264
v 0.14808023 0.33003926 0.15004933
v 0.16277224 0.32501733 0.14754081
v 0.15667811 0.33740377 0.12919131
v 0.18535933 0.32715830 0.12713107
v 0.15244117 0.32127330 0.16845377
v 0.15918408 0.31789136 0.17013733
v 0.13966121 0.32133204 0.18113928
v 0.15663368 0.31283253 0.18649623
v 0.15664807 0.31750074 0.17499059
v 0.16166759 0.31534535 0.17516634
v 0.18758409 0.31347507 0.15705304
v 0.18791603 0.31704429 0.14862242
v 0.18997617 0.31282315 0.15601903
v 0.18861160 0.31282470 0.15740378
v 0.18812151 0.31324974 0.15705276
v 0.18790789 0.31314731 0.15769671
v 0.18947333 0.29800439 0.18745856
v -0.09348596 0.35095319 0.18487185
v -0.03976716 0.37538430 0.14590150
v -0.03778579 0.37880456 0.13809198
v -0.03095849 0.37538481 0.15045255
v -0.03207597 0.37762836 0.14262094
v -0.02968433 0.37793559 0.14277346
v -0.03095709 0.37863365 0.13988453
v -0.01252176 0.37538826 0.15069434
v -0.02213058 0.37980601 0.13709474
v -0.03096179 0.36431953 0.17822102
v 0.03157797 0.35474133 0.18296450
v -0.18743698 -0.30441123 0.18845546
v -0.15861088 -0.31339082 0.20286538
v -0.15686446 -0.31351718 0.20473811
v -0.15542230 -0.31373486 0.20484632
v -0.15619811 -0.31438047 0.20297274
v -0.14083673 -0.31985307 0.19638500
v -0.12494480 -0.32584885 0.18843314
v -0.11882158 -0.32472578 0.19149134
v -0.09666149 -0.31811276 0.20702401
v -0.06550939 -0.33082905 0.19460365
v -0.09086071 -0.31779736 0.20686606
v -0.06327385 -0.31383598 0.21965888
v -0.07463716 -0.33385050 0.18843022
v -0.09368183 -0.32354555 0.19834930
v -0.06241852 -0.33443758 0.18843372
v -0.05940185 -0.33075246 0.19446248
v -0.04593618 -0.33595589 0.18843861
v -0.06160861 -0.31378886 0.21965916
v -0.03632462 -0.32241338 0.20920089
v -0.00458330 -0.33236483 0.19778027
v -0.02615532 -0.32212529 0.20906353
v -0.00102887 -0.31431788 0.21967077
v -0.02098169 -0.33823249 0.18844485
v -0.03116226 -0.33384714 0.19318324
v 0.00008769 -0.33974379 0.18844867
v 0.00557495 -0.33317956 0.19941738
v 0.03102180 -0.34315464 0.18845230
v 0.00146731 -0.31486315 0.21967183
v 0.02569369 -0.32335919 0.20970231
v 0.05656664 -0.33369708 0.20046364
v 0.03760599 -0.32462776 0.21033883
v 0.06012409 -0.31696910 0.21967915
v 0.03165718 -0.34315008 0.18845235
v 0.03133501 -0.34301117 0.18860239
v 0.06257699 -0.34123808 0.18846250
v 0.06810626 -0.33322492 0.19952156
v 0.08085230 -0.33681571 0.18846381
v 0.06474988 -0.31645775 0.21968038
v 0.08900201 -0.32167023 0.20886663
v 0.09748725 -0.31942409 0.20774798
v 0.09381184 -0.32870066 0.19575420
v 0.11179988 -0.32103553 0.19508943
v 0.12505716 -0.31858191 0.18847331
v -0.19356440 -0.29962870 0.19152153
v -0.24987191 -0.24455759 0.18843302
v -0.23128860 -0.25604218 0.19773951
v -0.22334431 -0.25911140 0.20876360
v -0.20115322 -0.28286394 0.21590512
v -0.20254162 -0.28045645 0.21868290
v -0.20079394 -0.28096706 0.21970426
v -0.20431817 -0.27843004 0.21843415
v -0.20223217 -0.27932942 0.21970384
v -0.21043520 -0.28506440 0.18845153
v -0.21615475 -0.27969611 0.18844984
v -0.21865898 -0.27514353 0.19135268
v -0.18743891 -0.30204141 0.19940433
v -0.15990281 -0.31218651 0.20592578
v -0.17945957 -0.29624489 0.21970418
v -0.15619656 -0.31218657 0.20762518
v -0.14829294 -0.31218380 0.20801888
v -0.16434953 -0.29587802 0.22715645
v -0.14914539 -0.29811788 0.22827870
v -0.17851700 -0.28767365 0.23311418
v -0.18238077 -0.27038705 0.24085949
v -0.16174501 -0.28096303 0.23980731
v -0.12863931 -0.30477059 0.21968760
v -0.15158972 -0.28095922 0.24177834
v -0.13248049 -0.28901571 0.23583066
v -0.12493475 -0.30969706 0.21471986
v -0.11211109 -0.31217241 0.21326849
v -0.12192585 -0.30616874 0.21968582
v -0.09368096 -0.31216332 0.21390805
v -0.10033715 -0.29886118 0.22864188
v -0.08771892 -0.30025023 0.22933307
v -0.06576377 -0.31215221 0.22132657
v -0.11839727 -0.29004252 0.23788422
v -0.09552702 -0.28094479 0.24722019
v -0.09209847 -0.28094390 0.24778362
v -0.06671850 -0.29226333 0.24233401
v -0.05830707 -0.31214732 0.22171873
v -0.06242993 -0.31285435 0.22106816
v -0.06242931 -0.30960858 0.22475119
v -0.03117066 -0.31212270 0.22198002
v -0.03583424 -0.30281451 0.23062016
v -0.02702836 -0.30384490 0.23113662
v -0.00552391 -0.31210265 0.22247010
v -0.03117211 -0.28257775 0.25007433
v -0.05853264 -0.29265577 0.24312459
v -0.00347107 -0.29296395 0.24380031
v 0.00732492 -0.31209821 0.22328982
v 0.00008204 -0.31313419 0.22174381
v 0.00008157 -0.30879837 0.22627863
v 0.03132668 -0.31209660 0.22394425
v 0.02792357 -0.30531102 0.23188581
v 0.03501691 -0.30471006 0.23158711
v 0.05237422 -0.31209320 0.22476661
v 0.03131085 -0.28688782 0.24788693
v 0.00379679 -0.29278946 0.24345902
v 0.05841552 -0.29235384 0.24263918
v 0.06928787 -0.31208694 0.22303970
v 0.06256233 -0.31379473 0.22308609
v 0.06255688 -0.30749175 0.22887227
v 0.09379751 -0.31206858 0.21743351
v 0.10720386 -0.31205255 0.21076323
v 0.08782735 -0.30015653 0.22933054
v 0.10120503 -0.29723531 0.22787833
v 0.06704940 -0.29196900 0.24188195
v 0.09061932 -0.28084436 0.24458204
v 0.11763480 -0.29723227 0.21968791
v 0.09801355 -0.28083736 0.24244234
v 0.11575879 -0.28716749 0.23237267
v 0.11942193 -0.27079865 0.23971832
v 0.12505147 -0.30539596 0.20641926
v 0.13779441 -0.28653917 0.21969356
v 0.14065245 -0.30419499 0.19626069
v 0.14289904 -0.28523439 0.21746995
v 0.15631133 -0.29690433 0.19653787
v 0.14180137 -0.28304675 0.22082563
v 0.14754289 -0.28078178 0.21969751
v 0.13875785 -0.28269956 0.22351158
v 0.13649654 -0.27662531 0.22802579
v 0.14222394 -0.28078556 0.22280344
v 0.16637751 -0.28076926 0.20859921
v 0.17711143 -0.27559695 0.20936736
v 0.16818684 -0.27328476 0.21596736
v 0.16029315 -0.25752389 0.23134679
v 0.18177724 -0.26109371 0.21972394
v 0.17631030 -0.29075405 0.18847653
v 0.18757454 -0.28589574 0.18847930
v 0.19442385 -0.27200034 0.20218544
v 0.20828143 -0.27549687 0.18847679
v 0.19045576 -0.25531963 0.21973047
v 0.21577284 -0.25563949 0.20716099
v 0.22072500 -0.25332177 0.20600276
v 0.21883149 -0.26137182 0.19818304
v 0.23094097 -0.25558329 0.19805253
v 0.25009167 -0.25301930 0.18848057
v -0.25625747 -0.23729822 0.19161958
v -0.31235307 -0.18572912 0.18833539
v -0.29841954 -0.19591992 0.19532038
v -0.28647915 -0.19798438 0.20935333
v -0.25834203 -0.22562903 0.20535818
v -0.26255780 -0.21555471 0.21377915
v -0.25425303 -0.21848141 0.21964008
v -0.27080986 -0.20784947 0.21430358
v -0.26149321 -0.21048987 0.21963166
v -0.27521673 -0.22144148 0.18839386
v -0.27924174 -0.21756172 0.18838704
v -0.28111202 -0.21460283 0.19032988
v -0.24987108 -0.23988318 0.19998665
v -0.23246780 -0.24972034 0.21097118
v -0.24157226 -0.23311889 0.21965916
v -0.21864760 -0.24971974 0.22339837
v -0.22421409 -0.23858005 0.22971600
v -0.21514736 -0.24271819 0.23179415
v -0.20996448 -0.24971890 0.23095801
v -0.23928308 -0.22350940 0.22971407
v -0.24210644 -0.21062076 0.23535241
v -0.22368170 -0.21847388 0.24079610
v -0.21552181 -0.21847008 0.24467395
v -0.18745837 -0.23403546 0.25081688
v -0.18741682 -0.26139688 0.24304092
v -0.18740237 -0.23416619 0.25077975
v -0.17897281 -0.26112348 0.24672158
v -0.15616804 -0.27156019 0.24624458
v -0.18723901 -0.23417316 0.25084746
v -0.15615201 -0.24971768 0.25677174
v -0.18736053 -0.23404966 0.25084543
v -0.09367085 -0.27789712 0.24940737
v 0.09377702 -0.27489191 0.24793041
v 0.11684902 -0.26111063 0.24684319
v 0.09377033 -0.24960712 0.26213732
v 0.12502517 -0.26187503 0.24430589
v 0.14668651 -0.25434688 0.24013303
v 0.15629306 -0.25324848 0.23719642
v 0.15919828 -0.25098959 0.23679669
v 0.15629159 -0.24954025 0.23943590
v 0.16225712 -0.24655722 0.23833051
v 0.18263245 -0.22900903 0.24116865
v 0.18748775 -0.20272313 0.25092331
v 0.19343753 -0.24953455 0.22267312
v 0.18755665 -0.25186396 0.22438955
v 0.18755370 -0.24504696 0.22871600
v 0.21882568 -0.24953276 0.21031336
v 0.22478555 -0.24953300 0.20708846
v 0.20991731 -0.23175049 0.22648036
v 0.23239043 -0.22241046 0.22182196
v 0.19429138 -0.22717686 0.23751229
v 0.18761538 -0.20275450 0.25086057
v 0.21030007 -0.21829471 0.23400533
v 0.23642775 -0.22223262 0.21976101
v 0.24124160 -0.21828827 0.21976474
v 0.23219964 -0.21828899 0.22426391
v 0.23558220 -0.21941769 0.22202313
v 0.23621592 -0.21652377 0.22329552
v 0.25008610 -0.23968434 0.20004372
v 0.26082957 -0.23928022 0.19386153
v 0.25835824 -0.22563484 0.20505826
v 0.28133094 -0.22374777 0.19122842
v 0.26150954 -0.21409495 0.21137995
v 0.27644238 -0.21828881 0.19828019
v 0.25899440 -0.20488510 0.21977150
v 0.27296638 -0.20375136 0.21249571
v 0.28388569 -0.21828978 0.19361958
v 0.28648183 -0.19738229 0.20930910
v 0.28767785 -0.22146431 0.18849994
v 0.30616769 -0.20587343 0.18850540
v 0.30966970 -0.20123184 0.18995282
v 0.31255913 -0.20030758 0.18850605
v -0.32062507 -0.17580508 0.19246466
v -0.35002929 -0.12803395 0.20068294
v -0.34587619 -0.12939413 0.20620313
v -0.32297000 -0.16103341 0.20956586
v -0.32589388 -0.15395817 0.21541314
v -0.32169858 -0.15602453 0.21956375
v -0.33531195 -0.14134076 0.21219662
v -0.32507771 -0.15025465 0.21955857
v -0.33547941 -0.16011472 0.18830982
v -0.34039494 -0.15445942 0.18830374
v -0.34358916 -0.14360712 0.19452083
v -0.31235340 -0.17806189 0.20114465
v -0.29714698 -0.18725428 0.21199125
v -0.30556959 -0.17369100 0.21958059
v -0.28111473 -0.18724240 0.22494256
v -0.28555119 -0.17836761 0.23077589
v -0.27837360 -0.18175715 0.23247921
v -0.27342397 -0.18723693 0.23138326
v -0.25089532 -0.17212482 0.25033817
v -0.30302951 -0.16230848 0.23216885
v -0.30646005 -0.14627667 0.23902804
v -0.28312039 -0.15599687 0.24679142
v -0.27995822 -0.15599445 0.24852371
v -0.24987257 -0.19696900 0.23909280
v -0.23677376 -0.19630399 0.24432987
v -0.21863186 -0.21039361 0.24685368
v -0.21862030 -0.18722826 0.25417322
v -0.15611807 -0.18722056 0.26542515
v 0.18744548 -0.20262991 0.25097439
v 0.18753584 -0.20263977 0.25094900
v 0.18779412 -0.20254594 0.25089061
v 0.21880212 -0.19765243 0.24070904
v 0.22755602 -0.19141985 0.23978660
v 0.21879354 -0.18704921 0.24614587
v 0.23413856 -0.17937768 0.24308234
v 0.24662739 -0.16801125 0.24420373
v 0.26620445 -0.18704617 0.22785364
v 0.25005966 -0.19296724 0.23162903
v 0.25004956 -0.17763743 0.23860346
v 0.28130704 -0.18704814 0.21914703
v 0.29672772 -0.18705466 0.21185549
v 0.27528128 -0.17501797 0.22938569
v 0.29125556 -0.16710842 0.22542226
v 0.25482824 -0.16663554 0.24145201
v 0.27539548 -0.15580496 0.23925430
v 0.30275470 -0.16751119 0.21976599
v 0.31347734 -0.15581328 0.21976212
v 0.29111379 -0.15580902 0.23133139
v 0.30009875 -0.15901282 0.22617193
v 0.30180717 -0.15089548 0.22959477
v 0.31254160 -0.17999217 0.20562463
v 0.32741201 -0.17887503 0.19594321
v 0.32339424 -0.16056834 0.21025077
v 0.34378549 -0.16642402 0.19381191
v 0.32509694 -0.15277024 0.21366635
v 0.33495873 -0.15581495 0.20613809
v 0.32104045 -0.14162832 0.21975276
v 0.33769661 -0.13670579 0.21019751
v 0.34835529 -0.15581234 0.19765888
v 0.34640747 -0.12984204 0.20676412
v 0.35430756 -0.16107209 0.18851256
v 0.36101943 -0.14719641 0.18851121
v 0.35553488 -0.13043928 0.19825137
v -0.34772259 -0.12480738 0.20597596
v -0.35407120 -0.11956816 0.19865423
v -0.36443973 -0.10401674 0.18826742
v -0.34357885 -0.12480464 0.21135023
v -0.34848821 -0.11498615 0.20881538
v -0.33548176 -0.10862914 0.22706732
v -0.32953441 -0.12479232 0.22814271
v -0.31546035 -0.11072759 0.24921836
v -0.36689752 -0.08192532 0.18826501
v -0.36570758 -0.07341000 0.19282076
v -0.34598684 -0.09357099 0.21952224
v -0.35365856 -0.09357759 0.20845057
v -0.35295290 -0.08110265 0.21328069
v -0.34160253 -0.06626227 0.23318300
v -0.33515474 -0.09356356 0.23395067
v -0.31234172 -0.13487849 0.23975565
v -0.30322382 -0.13582776 0.24623759
v -0.28110546 -0.15313324 0.24938670
v -0.28109568 -0.12475903 0.26332727
v 0.28126323 -0.13839716 0.24229857
v 0.29322383 -0.13055424 0.24135834
v 0.28125060 -0.12457123 0.24782974
v 0.29635620 -0.11701736 0.24292038
v 0.30667961 -0.10312972 0.23934633
v 0.30825046 -0.08194122 0.24248838
v 0.32342523 -0.12456588 0.22520643
v 0.31250268 -0.12969448 0.22999945
v 0.31249854 -0.11794411 0.23299071
v 0.34376627 -0.12456363 0.21103114
v 0.34831315 -0.11547296 0.20866539
v 0.34903491 -0.12456264 0.20675650
v 0.36099964 -0.11595400 0.19552034
v 0.33198312 -0.10102016 0.22358343
v 0.33816805 -0.09331667 0.21972981
v 0.33316356 -0.08324954 0.22475830
v 0.32328928 -0.09815564 0.22940269
v 0.32161468 -0.08681393 0.23273888
v 0.33095023 -0.09331737 0.22537114
v 0.35333306 -0.09331349 0.20760776
v 0.35099745 -0.07652304 0.21132770
v 0.36957636 -0.10620056 0.18850225
v 0.37232390 -0.07904784 0.18849352
v 0.37039390 -0.07536367 0.19081511
v -0.35867512 -0.06233714 0.21144719
v -0.36910626 -0.04957488 0.19112313
v -0.37028784 -0.04445277 0.18826766
v -0.34356791 -0.06233460 0.23153554
v -0.35750106 -0.03449735 0.21782400
v -0.34198803 -0.05917479 0.23356833
v -0.34145534 -0.06233354 0.23409191
v -0.33559874 -0.06631161 0.23913290
v -0.33813256 -0.05961427 0.23786643
v -0.37248981 -0.01663038 0.18826781
v -0.37200338 -0.01405394 0.18967836
v -0.35622811 -0.03109376 0.21952677
v -0.35787818 -0.03109423 0.21687627
v -0.35760546 -0.02789811 0.21792939
v -0.34885111 -0.01037547 0.22988665
v -0.33870879 -0.03108611 0.24103215
v 0.30342755 -0.07317281 0.24643204
v 0.28124288 -0.06209088 0.26129407
v 0.30566788 -0.04987041 0.24753179
v 0.30955797 -0.04351245 0.24505815
v 0.31014860 -0.01757427 0.24618511
v 0.33043861 -0.06207187 0.22867975
v 0.31249344 -0.07253227 0.24062479
v 0.31249866 -0.05040482 0.24304487
v 0.34376356 -0.06207042 0.21858576
v 0.35273987 -0.04414318 0.21304788
v 0.35495234 -0.06206711 0.20968720
v 0.37492353 -0.04650732 0.18853682
v 0.33476985 -0.04408886 0.22633490
v 0.34484711 -0.03082136 0.21969792
v 0.33554643 -0.01603097 0.22707912
v 0.31847250 -0.04048504 0.23900697
v 0.31754887 -0.02024124 0.24085434
v 0.33266106 -0.03082462 0.22873017
v 0.35504806 -0.03082191 0.21098372
v 0.35205078 -0.01610568 0.21232776
v 0.37498486 -0.04640995 0.18847276
v 0.37198320 -0.01674539 0.18844002
v 0.36878315 -0.01207242 0.19157231
v -0.36022145 0.00015347 0.21222264
v -0.34552184 0.00015721 0.23418595
v -0.36876294 0.01275985 0.19130108
v -0.36991930 0.01823406 0.18827473
v -0.35636747 0.02574164 0.21670842
v -0.34682775 0.00664251 0.23191215
v -0.34455669 -0.00032653 0.23563761
v -0.34358770 -0.00314110 0.23680300
v -0.34455439 0.00064062 0.23563638
v -0.34358880 0.00015776 0.23657398
v -0.34358805 0.00322199 0.23668684
v -0.36798209 0.04362399 0.18827665
v -0.36574250 0.05155489 0.19280669
v -0.35432383 0.03139883 0.21954107
v -0.35691309 0.03139939 0.21497864
v -0.35606641 0.03764389 0.21641892
v -0.34322831 0.06198518 0.23484214
v -0.33877036 0.03140256 0.24117348
v 0.30675718 -0.01233026 0.24802980
v 0.28126350 0.00039908 0.26636940
v 0.30876410 0.01415635 0.24900322
v 0.31091201 0.01766130 0.24764346
v 0.31069171 0.04543148 0.24715695
v 0.33177716 0.00042221 0.22928894
v 0.31251651 -0.01192155 0.24433613
v 0.31253141 0.01386543 0.24653926
v 0.34378666 0.00041812 0.21867271
v 0.35078824 0.01439186 0.21102363
v 0.35361826 0.00041568 0.20895950
v 0.36314988 0.01007903 0.19437143
v 0.33526096 0.01747225 0.22675118
v 0.34172642 0.03166237 0.21964112
v 0.33461493 0.04454143 0.22606841
v 0.31624624 0.01975051 0.24346411
v 0.31670195 0.04312974 0.24255815
v 0.33313119 0.03166630 0.22956380
v 0.35274476 0.03165894 0.20626891
v 0.34866133 0.05321755 0.20885229
v 0.36657625 0.02027800 0.18841062
v 0.36304453 0.04126321 0.18839747
v 0.35474956 0.05744496 0.19854578
v -0.35746592 0.06265022 0.21088207
v -0.36739999 0.07458705 0.19197214
v -0.36940014 0.08096567 0.18827885
v -0.34356150 0.06265284 0.23427945
v -0.35456160 0.08469276 0.21494566
v -0.34309185 0.06359243 0.23470657
v -0.34305727 0.06265288 0.23492388
v -0.34200102 0.06187171 0.23595680
v -0.34156585 0.06365043 0.23617473
v -0.37056097 0.10741468 0.18827829
v -0.36754203 0.11312965 0.19189462
v -0.34964377 0.09389528 0.21955217
v -0.35573727 0.09389642 0.21269631
v -0.35366303 0.10488580 0.21404973
v -0.33814463 0.11434475 0.22978354
v -0.33595711 0.09389396 0.23561278
v 0.30731052 0.04990315 0.24824089
v 0.28131205 0.06289428 0.26128891
v 0.30120510 0.07284838 0.24516109
v 0.32413262 0.09415291 0.21959674
v 0.31005090 0.12027594 0.21957791
v 0.30685794 0.08423811 0.23941267
v 0.30428189 0.10146308 0.23421574
v 0.32891935 0.06291226 0.22779438
v 0.32592887 0.08959781 0.21960084
v 0.31254941 0.05021988 0.24499461
v 0.31256509 0.07234415 0.23847243
v 0.32700565 0.09294954 0.21719077
v 0.34381691 0.06290881 0.21310896
v 0.33309823 0.08437122 0.21471506
v 0.34670326 0.06866796 0.20687772
v 0.34878829 0.06290783 0.20648603
v 0.35212329 0.06705174 0.19985554
v 0.32664239 0.09572267 0.21645947
v 0.31260735 0.12339669 0.21561454
v 0.32949048 0.11820218 0.19679150
v 0.33260053 0.09415296 0.21083498
v 0.34711349 0.09415128 0.19489460
v 0.35312998 0.08951114 0.18837243
v 0.34951520 0.09697725 0.18836850
v 0.34385991 0.10200973 0.19229521
v -0.35602087 0.12513624 0.21016368
v -0.36738953 0.13707229 0.19196808
v -0.36934337 0.14347582 0.18827040
v -0.34353405 0.12513483 0.22282450
v -0.35056725 0.13922191 0.21096554
v -0.33530563 0.14157543 0.22694978
v -0.33529484 0.12513675 0.23105560
v -0.32063138 0.11367388 0.24663758
v -0.31947330 0.13716187 0.24719873
v -0.35835034 0.16380176 0.18827100
v -0.33806980 0.15638077 0.21954420
v -0.35206789 0.15638211 0.20538160
v -0.33477169 0.17014781 0.21265545
v -0.33092010 0.16243984 0.22257558
v -0.33246866 0.15637936 0.22868755
v -0.31724128 0.16702919 0.24084428
v -0.34351233 0.17711052 0.19864129
v -0.33781892 0.18478690 0.20105606
v -0.31073880 0.17046691 0.24771807
v 0.29496413 0.15250872 0.21751240
v 0.30928406 0.12537752 0.21791415
v 0.28959069 0.14178985 0.22696109
v 0.29961544 0.12537351 0.22605869
v 0.28744230 0.12232722 0.23821455
v 0.28135711 0.12536816 0.24285199
v 0.28136921 0.13519433 0.24007550
v 0.28556031 0.12746796 0.23726709
v 0.29131678 0.15660131 0.21955498
v 0.27607673 0.17714885 0.22981083
v 0.27592543 0.15659696 0.23982894
v 0.29510406 0.15660128 0.21573170
v 0.30106512 0.15255593 0.21147059
v 0.28809506 0.17448422 0.21060750
v 0.31017670 0.17096063 0.18832666
v 0.31261548 0.12875220 0.21282236
v 0.32457846 0.13502316 0.19431549
v 0.31267196 0.16662563 0.18832974
v 0.31690207 0.14524250 0.19684862
v 0.32292801 0.14612058 0.18834263
v 0.29846445 0.17931396 0.19542706
v -0.32414469 0.18762946 0.21358663
v -0.33462873 0.19207475 0.19945920
v -0.31719226 0.18762754 0.22200102
v -0.31524646 0.19361226 0.21953295
v -0.31995767 0.21096018 0.20367424
v -0.31236997 0.23443237 0.18847218
v -0.29967260 0.21888489 0.21952611
v -0.33085358 0.21256153 0.18827406
v -0.31256735 0.23438273 0.18827617
v -0.31226569 0.17784965 0.23908216
v -0.31225714 0.19052282 0.22532333
v -0.30775371 0.17425811 0.24852146
v -0.29495791 0.19460040 0.24212286
v -0.28102729 0.18762630 0.26071548
v -0.28101414 0.20859875 0.24563727
v -0.31237164 0.23458031 0.18832602
v -0.31227201 0.23461963 0.18845466
v -0.31227204 0.23470666 0.18827626
v -0.29802465 0.22168130 0.21952718
v -0.29406810 0.22400501 0.22208759
v -0.29809666 0.21741541 0.22246258
v -0.29748991 0.21974722 0.22125116
v -0.29337877 0.21888292 0.22602713
v -0.27618673 0.24050790 0.23034343
v -0.27711231 0.21887848 0.24298128
v 0.24145590 0.19905689 0.24635357
v 0.21322234 0.23865426 0.22928455
v 0.24096359 0.21905705 0.21951339
v 0.23134828 0.22564586 0.22279721
v 0.23645085 0.22267888 0.21950985
v 0.23966101 0.21401471 0.22958279
v 0.23653430 0.22095557 0.22330302
v 0.26882291 0.18782595 0.22884044
v 0.25811765 0.20360142 0.21952307
v 0.25020626 0.19807515 0.24001914
v 0.26087362 0.21406311 0.20954391
v 0.27687570 0.21674938 0.18831563
v 0.28143746 0.18782474 0.21150464
v 0.27861816 0.19348469 0.20675772
v 0.28276736 0.19046858 0.20525302
v 0.28146166 0.19953352 0.19807713
v 0.28428230 0.18782391 0.20535193
v 0.28606188 0.19013044 0.20162381
v 0.25775412 0.17599779 0.24695407
v 0.25490895 0.23004988 0.19756690
v 0.26692897 0.22635300 0.18831198
v 0.25028834 0.23747765 0.19388202
v 0.25029436 0.24199146 0.18830338
v 0.25413787 0.23661175 0.19023010
v -0.29020301 0.25014982 0.20851620
v -0.29011801 0.25471342 0.19936086
v -0.28100646 0.25014645 0.21810579
v -0.28483742 0.25782040 0.20775096
v -0.27186731 0.26842576 0.21305701
v -0.28100944 0.26738012 0.19531390
v -0.27132741 0.25014102 0.23032752
v -0.25749618 0.23837513 0.24691385
v -0.26210231 0.27485812 0.21954645
v -0.26221934 0.27825117 0.21323580
v -0.25318596 0.28140649 0.21954921
v -0.27397436 0.27790383 0.18830119
v -0.24975073 0.26021618 0.23968181
v -0.24976435 0.29534152 0.18830824
v -0.23891678 0.26035595 0.24536893
v -0.21850720 0.25014865 0.25999424
v -0.21849589 0.27228767 0.24623077
v -0.24776161 0.29505566 0.19230936
v -0.24832051 0.29633754 0.18830869
v -0.23844677 0.29006273 0.21955290
v -0.22439799 0.30090103 0.20982723
v -0.22904177 0.29157600 0.22463344
v -0.24082805 0.27469799 0.23295341
v -0.23760694 0.28489703 0.22652248
v -0.22643983 0.28141201 0.23491141
v -0.21482779 0.30533767 0.20761698
v -0.21046808 0.29662991 0.22715417
v -0.18890141 0.30939960 0.21955818
v -0.21310875 0.28142124 0.24002360
v -0.19361368 0.29068986 0.23805207
v -0.21851167 0.30749536 0.20133792
v -0.21282160 0.30985755 0.20109311
v -0.18724985 0.31147850 0.21709554
v -0.18727942 0.32316476 0.18830930
v -0.18585224 0.30992034 0.21955682
v -0.15991497 0.30484137 0.23123106
v -0.18156305 0.29139614 0.23944268
v -0.15242928 0.30563086 0.23162186
v -0.12877293 0.29304343 0.24265954
v -0.09361769 0.31246480 0.23499727
v -0.12116332 0.29354918 0.24366054
v -0.09334661 0.31248617 0.23500770
v -0.06347942 0.29588419 0.24821632
v -0.06099117 0.29589719 0.24823754
v 0.09295642 0.31055251 0.23393023
v 0.09535535 0.31027484 0.23379163
v 0.12466956 0.31144097 0.21946158
v 0.12298346 0.29483157 0.24596134
v 0.15657341 0.27304131 0.24641465
v 0.17577237 0.25988665 0.24465767
v 0.12536184 0.31222111 0.21825744
v 0.12538728 0.32356760 0.18826464
v 0.14982347 0.30943292 0.20046957
v 0.12625661 0.31103158 0.21946146
v 0.15198320 0.30356631 0.20848429
v 0.14877120 0.29716349 0.22724576
v 0.12828372 0.29423341 0.24476531
v 0.15204650 0.28154993 0.24160467
v 0.18026406 0.28156114 0.21946537
v 0.16590954 0.29421109 0.21315211
v 0.16875352 0.28849569 0.22292283
v 0.17456731 0.28625467 0.21946323
v 0.16577797 0.28155440 0.23230588
v 0.17680988 0.27695328 0.22864869
v 0.17444369 0.28378618 0.22390997
v 0.15661702 0.30709240 0.20099841
v 0.20386609 0.25029686 0.22749779
v 0.19531249 0.26526433 0.21947549
v 0.18781942 0.25848961 0.23585257
v 0.19837047 0.27646816 0.20930080
v 0.21439601 0.27921787 0.18826097
v 0.21905819 0.25030404 0.21499062
v 0.21400070 0.26044595 0.20894712
v 0.22163281 0.25544718 0.20645715
v 0.21908417 0.26803833 0.19502723
v 0.22571827 0.25030801 0.20721895
v 0.22766352 0.25460905 0.19960037
v 0.19697991 0.23925433 0.24610269
v 0.21899796 0.21932133 0.25056419
v 0.18935108 0.29571819 0.19122231
v 0.19482236 0.29372409 0.18825835
v 0.18254067 0.29986894 0.19091913
v 0.18786944 0.29799661 0.18984127
v 0.18787199 0.29867530 0.18825842
v 0.18892138 0.29772943 0.18878259
v -0.18287452 0.31271321 0.21737012
v -0.17868710 0.32406545 0.19259962
v -0.15598577 0.31272495 0.22395933
v -0.16115098 0.32302994 0.20907556
v -0.15010659 0.32452124 0.20981780
v -0.15601450 0.33027035 0.19516921
v -0.14086357 0.31273150 0.22760946
v -0.15597829 0.28809664 0.24746019
v -0.12888190 0.32104254 0.21954286
v -0.13090751 0.33454376 0.20061740
v -0.14283957 0.33742541 0.18830679
v -0.09452169 0.31274650 0.23461662
v -0.11932326 0.32356545 0.21954089
v -0.12472327 0.30536216 0.23427506
v -0.12472952 0.31626078 0.22657555
v -0.12475577 0.34267682 0.18831009
v -0.11712435 0.33601260 0.20353931
v -0.09347697 0.31274691 0.23479234
v -0.10317916 0.33215827 0.21360907
v -0.08297209 0.33379155 0.21441120
v -0.09284002 0.31274718 0.23481943
v -0.09347660 0.31141618 0.23580195
v -0.10174964 0.34817591 0.18831377
v -0.09800382 0.34403938 0.19734159
v -0.08820377 0.34404513 0.19886068
v -0.07042338 0.32917851 0.21951666
v -0.07291819 0.33911374 0.20967449
v -0.07532281 0.35314715 0.18831702
v -0.09348545 0.34884304 0.19070977
v -0.05389803 0.32944292 0.21950854
v -0.06222893 0.29990318 0.24518731
v -0.06222710 0.31823739 0.23042245
v -0.06221988 0.35517231 0.18831673
v -0.05141918 0.33923948 0.20987935
v -0.04166496 0.33420604 0.21458460
v -0.01967626 0.33540612 0.21516469
v -0.03176005 0.31437367 0.23431183
v -0.03003525 0.31467047 0.23416369
v -0.03653754 0.31000727 0.23787853
v -0.03173593 0.31317747 0.23548035
v -0.03097165 0.31279597 0.23584035
v -0.03097179 0.31337318 0.23538657
v -0.02993027 0.31331709 0.23561764
v -0.05486468 0.35603485 0.18831424
v -0.03960286 0.34407583 0.20554864
v -0.02163629 0.34408900 0.20692390
v -0.00865743 0.33071989 0.21949026
v -0.01097884 0.33973277 0.21079089
v -0.00099029 0.35909891 0.18828607
v -0.03096168 0.35484415 0.19366997
v 0.00908383 0.33041888 0.21948257
v 0.00028728 0.31937942 0.23258969
v 0.00029346 0.35899287 0.18828535
v 0.01143508 0.33961281 0.21052891
v 0.02089571 0.33414048 0.21450961
v 0.04189645 0.33349991 0.21418093
v 0.03042651 0.31504923 0.23395675
v 0.03256659 0.31486496 0.23404729
v 0.03024532 0.31346470 0.23571661
v 0.03154086 0.31281665 0.23661201
v 0.03154117 0.31368798 0.23550363
v 0.03293869 0.31351537 0.23576576
v 0.00259291 0.35859212 0.18828459
v 0.02477061 0.34410161 0.20183286
v 0.03800764 0.34409910 0.20112337
v 0.05552370 0.32742149 0.21946606
v 0.05301572 0.33827859 0.20786802
v 0.04163530 0.34913406 0.18827018
v 0.03157225 0.35051942 0.19147393
v 0.08809195 0.31281281 0.23206696
v 0.06837686 0.32391351 0.21946153
v 0.06281278 0.31858301 0.23097846
v 0.06285131 0.34514666 0.18827011
v 0.07088952 0.33650172 0.20432547
v 0.08205628 0.33806661 0.18826854
v 0.09408936 0.31281397 0.23033178
v 0.08750365 0.32602704 0.21044859
v 0.09928560 0.32317713 0.20902447
v 0.09412165 0.32918525 0.19570291
v 0.12268928 0.31282404 0.21812700
v 0.11593197 0.32374227 0.19297791
v 0.07921748 0.30537993 0.24247614
v 0.09408342 0.30676755 0.23807533
v -0.12578838 -0.26620781 0.25270036
v -0.13062645 -0.26818812 0.25094447
v -0.12491094 -0.26814923 0.25094348
v -0.12394467 -0.26629433 0.25287408
v -0.11411206 -0.27072662 0.25093937
v -0.13034956 -0.26261109 0.25366515
v -0.12490848 -0.26402384 0.25355580
v -0.09391578 -0.25021857 0.26681384
v -0.06733928 -0.27023757 0.26074982
v -0.09336783 -0.25029433 0.26685148
v -0.08622591 -0.27722245 0.25092810
v -0.09366186 -0.25337774 0.26472306
v -0.06242719 -0.28050059 0.25091508
v -0.03326299 -0.28196993 0.25090268
v -0.03117219 -0.28146860 0.25117448
v -0.05768894 -0.27005690 0.26038745
v -0.06242164 -0.25767326 0.26623434
v -0.03167098 -0.28092507 0.25189984
v -0.03529884 -0.25793901 0.27064964
v -0.03075137 -0.28092447 0.25174391
v -0.00529603 -0.27065638 0.26162076
v -0.02756922 -0.25691998 0.27013895
v -0.02916292 -0.28192660 0.25090164
v 0.00007355 -0.28291661 0.25089604
v 0.02585222 -0.28361693 0.25088778
v 0.03130778 -0.28269112 0.25178927
v 0.00558530 -0.27081102 0.26193568
v 0.00005436 -0.25294322 0.27562094
v 0.03002681 -0.28088900 0.25344628
v 0.02711435 -0.25802040 0.27068025
v 0.03256926 -0.28088754 0.25341034
v 0.05836718 -0.26942101 0.25922903
v 0.03542291 -0.25792113 0.27063373
v 0.03662792 -0.28354385 0.25088760
v 0.06253800 -0.27960071 0.25089395
v 0.06615445 -0.26886773 0.25813448
v 0.08053640 -0.27423289 0.25090039
v 0.06253003 -0.25759071 0.26622173
v 0.08320240 -0.25490010 0.26123855
v 0.12502502 -0.24784282 0.25093788
v -0.24986726 -0.17217410 0.25085276
v -0.18991797 -0.20537986 0.25597662
v -0.20209053 -0.21019824 0.25090188
v -0.18740205 -0.23359095 0.25092870
v -0.18711987 -0.23395029 0.25092912
v -0.15614650 -0.23589987 0.25965673
v -0.14514942 -0.24421670 0.26106822
v -0.18422949 -0.20600016 0.25721675
v -0.19745183 -0.19781025 0.25593257
v -0.18737958 -0.19954330 0.25750783
v -0.16133682 -0.18982913 0.26392335
v -0.16099882 -0.21846727 0.26065198
v -0.14919670 -0.21846963 0.26481110
v -0.13330178 -0.22568157 0.26775479
v -0.13450292 -0.21246406 0.27016062
v -0.15611993 -0.19037348 0.26495799
v -0.12489735 -0.24101433 0.26479238
v -0.09436247 -0.24970877 0.26690999
v -0.11492865 -0.22412804 0.27085787
v -0.09366044 -0.24970888 0.26709536
v -0.09441529 -0.24819820 0.26731381
v -0.09203623 -0.24646020 0.26818234
v -0.09245867 -0.24970877 0.26715943
v -0.11383911 -0.21389738 0.27302763
v -0.15446059 -0.18804948 0.26570407
v -0.12488005 -0.19231191 0.27197549
v -0.10522972 -0.21846820 0.27409017
v -0.10283235 -0.20559078 0.27573016
v -0.08010822 -0.21846518 0.27803224
v -0.07608051 -0.22042412 0.27825597
v -0.07658287 -0.21700943 0.27926028
v -0.06163169 -0.21846515 0.28216574
v -0.08170542 -0.21112660 0.27850187
v -0.07102986 -0.20444058 0.28216666
v -0.06241939 -0.24512145 0.27299654
v -0.04497723 -0.24970712 0.27343854
v -0.05051290 -0.22588809 0.28216192
v -0.03118299 -0.24970582 0.27678913
v -0.00974927 -0.24969637 0.27723259
v -0.04427968 -0.22351307 0.28467953
v -0.02073928 -0.22879247 0.28730607
v -0.04868133 -0.22034447 0.28591385
v -0.04924371 -0.21602271 0.28703871
v -0.04413271 -0.21846551 0.28749672
v -0.00482176 -0.23995623 0.28213203
v -0.02097910 -0.21846530 0.29294270
v -0.01159967 -0.22243895 0.29008964
v -0.00950094 -0.21237946 0.29429469
v 0.00005062 -0.24803446 0.27881432
v 0.00888221 -0.24968567 0.27770999
v 0.00433085 -0.24111933 0.28212732
v 0.03129028 -0.24967024 0.27663746
v 0.04651970 -0.24965559 0.27412158
v 0.02086620 -0.22886655 0.28733489
v 0.04282740 -0.22655885 0.28619239
v 0.01111845 -0.22298828 0.29119441
v 0.00888703 -0.21169025 0.29564899
v 0.02063517 -0.21844833 0.29209125
v 0.05331086 -0.23124708 0.28212959
v 0.07268266 -0.21839824 0.28214085
v 0.04302002 -0.21842895 0.28986681
v 0.04966941 -0.22119987 0.28768623
v 0.05080982 -0.21449940 0.28997034
v 0.06252226 -0.24548402 0.27381366
v 0.08903070 -0.24724320 0.26415801
v 0.07733959 -0.21918572 0.28055823
v 0.09376965 -0.24505042 0.26425138
v 0.10519731 -0.24388327 0.26082850
v 0.07759778 -0.21786006 0.28107625
v 0.07889038 -0.21839188 0.28062671
v 0.07654691 -0.21522687 0.28214255
v 0.07905730 -0.21654096 0.28121850
v 0.10472129 -0.21836382 0.27285835
v 0.11859189 -0.22754471 0.26377663
v 0.11429273 -0.21344569 0.27235913
v 0.10400323 -0.20762378 0.27679998
v 0.12502062 -0.23726456 0.25756007
v 0.13171306 -0.23728831 0.25428930
v 0.12919906 -0.22977355 0.25930429
v 0.15628351 -0.22353260 0.25359157
v 0.13334505 -0.21104285 0.26761261
v 0.12500787 -0.18917084 0.27807921
v 0.15296066 -0.21831286 0.25760880
v 0.15425651 -0.19109859 0.26862237
v 0.15847328 -0.21830733 0.25536582
v 0.15754861 -0.18964072 0.26789972
v 0.16375938 -0.22203916 0.25098485
v 0.18688023 -0.20300293 0.25101879
v 0.18635821 -0.20208770 0.25160706
v 0.18753575 -0.20245548 0.25101960
v -0.25009540 -0.17172477 0.25096649
v -0.31233189 -0.11361648 0.25078538
v -0.25000232 -0.17147534 0.25112277
v -0.25519523 -0.14571446 0.26151189
v -0.25247896 -0.17030498 0.25084972
v -0.27624473 -0.15356335 0.25082102
v -0.24986710 -0.17171088 0.25105283
v -0.24924436 -0.17192198 0.25116420
v -0.24969159 -0.17143537 0.25120285
v -0.21861325 -0.17226332 0.25900644
v -0.20275399 -0.17929205 0.25857311
v -0.24355099 -0.14666611 0.26342398
v -0.27587527 -0.12736563 0.26381424
v -0.24984191 -0.13156715 0.26842535
v -0.22450566 -0.15598580 0.26265255
v -0.22169237 -0.13095430 0.26956162
v -0.21194476 -0.15598339 0.26416817
v -0.19358160 -0.16537441 0.26331845
v -0.19566011 -0.14866930 0.26748794
v -0.21494582 -0.13201603 0.27009669
v -0.18736568 -0.17712040 0.26192963
v -0.15891351 -0.18582305 0.26513171
v -0.18071967 -0.16495857 0.26414740
v -0.15611732 -0.18557546 0.26570851
v -0.15473603 -0.18652946 0.26584142
v -0.17860740 -0.14908768 0.26833817
v -0.18733346 -0.13012835 0.27130109
v -0.16494967 -0.15596792 0.26857102
v -0.16121228 -0.13496260 0.27161804
v -0.14573804 -0.15596569 0.27161923
v -0.13584465 -0.16060327 0.27286446
v -0.13628957 -0.15177336 0.27375913
v -0.14946742 -0.13796979 0.27313006
v -0.12487774 -0.18275726 0.27323943
v -0.11081178 -0.18721682 0.27512360
v -0.11199313 -0.15870526 0.27666017
v -0.09364749 -0.18721594 0.28079745
v -0.10450365 -0.16546592 0.27739921
v -0.07900468 -0.15793230 0.28313625
v -0.06993149 -0.18721092 0.28591385
v -0.11168455 -0.15352291 0.27727100
v -0.12484572 -0.12790175 0.27574691
v -0.08286257 -0.15595786 0.28214902
v -0.10707904 -0.15595959 0.27781022
v -0.10506566 -0.14759949 0.27797019
v -0.07896450 -0.15405753 0.28309819
v -0.07858807 -0.15595758 0.28329080
v -0.07727533 -0.15670091 0.28363398
v -0.07734749 -0.15528753 0.28348789
v -0.06241859 -0.19035615 0.28843883
v -0.06241712 -0.18424106 0.28808752
v -0.03223072 -0.18773063 0.29827851
v -0.03119439 -0.18836257 0.29833493
v -0.02981872 -0.18790005 0.29844740
v -0.03216140 -0.18672758 0.29824379
v -0.03119456 -0.18721192 0.29853618
v -0.03119393 -0.18603265 0.29834893
v -0.02958348 -0.18640532 0.29856545
v -0.03930735 -0.14099286 0.28961670
v -0.05126628 -0.16043381 0.29109797
v -0.05092306 -0.15181118 0.29042163
v -0.04163729 -0.15595320 0.29245332
v -0.02521970 -0.13660240 0.29180676
v -0.02284485 -0.15595323 0.29669100
v -0.00702964 -0.16451260 0.29924262
v -0.00867010 -0.14904326 0.29594606
v 0.00002629 -0.19592640 0.29955426
v 0.00002422 -0.17786105 0.30082142
v 0.02680425 -0.18942681 0.29997590
v 0.03126173 -0.19009072 0.29919502
v 0.03420189 -0.18866289 0.29921877
v 0.02613143 -0.18463132 0.30031312
v 0.03126095 -0.18719473 0.30000794
v 0.03126159 -0.18292581 0.29988289
v 0.03447144 -0.18558703 0.29935405
v 0.02836519 -0.13052018 0.29484680
v 0.00633168 -0.16527282 0.30076915
v 0.00798082 -0.14826165 0.29749879
v 0.02413972 -0.15594085 0.29911733
v 0.03395069 -0.13002238 0.29509342
v 0.03798202 -0.15593717 0.29994735
v 0.05454068 -0.16358095 0.29743817
v 0.05462401 -0.14819759 0.29759502
v 0.07835524 -0.18715626 0.29006904
v 0.06250691 -0.19319373 0.29417521
v 0.06250963 -0.18078564 0.29490393
v 0.09375390 -0.18714198 0.28679189
v 0.12038331 -0.18711783 0.27988297
v 0.08651730 -0.17267221 0.29053366
v 0.10282347 -0.16900513 0.28871861
v 0.09114426 -0.12991259 0.29514530
v 0.07130142 -0.16275492 0.29580852
v 0.07123245 -0.14900661 0.29596269
v 0.08423869 -0.15591003 0.29434687
v 0.12021366 -0.17753376 0.28218961
v 0.09759114 -0.13229316 0.29395700
v 0.10492016 -0.15589142 0.29109019
v 0.11273807 -0.15923953 0.28888309
v 0.11361146 -0.15165895 0.29062319
v 0.12500668 -0.18572302 0.27941620
v 0.14189203 -0.18709600 0.27378190
v 0.13383089 -0.16946450 0.28220317
v 0.15626551 -0.18708146 0.26964465
v 0.16274279 -0.17411716 0.27310130
v 0.15957037 -0.18707851 0.26827282
v 0.14201653 -0.15862626 0.28359276
v 0.15284935 -0.15585122 0.28222176
v 0.14452493 -0.14807679 0.28609896
v 0.13929819 -0.15719591 0.28487104
v 0.13887784 -0.15410952 0.28571159
v 0.14178513 -0.15586077 0.28451258
v 0.17019118 -0.15583730 0.27887055
v 0.17505491 -0.15900756 0.27589729
v 0.17376767 -0.15394498 0.27846107
v 0.16969241 -0.15147057 0.28005555
v 0.18162942 -0.13632688 0.28223810
v 0.18751793 -0.17761503 0.26336890
v 0.19943762 -0.17738800 0.25698289
v 0.19544759 -0.16350502 0.26688975
v 0.21877708 -0.16409448 0.25517207
v 0.19776291 -0.15045841 0.27152747
v 0.21287784 -0.15581556 0.26279679
v 0.18962950 -0.12886505 0.28223914
v 0.21407825 -0.13392149 0.27130151
v 0.22218116 -0.15581086 0.25784355
v 0.24736103 -0.14284632 0.25633311
v 0.22132203 -0.12971506 0.26920015
v 0.23126173 -0.16204466 0.25103250
v 0.25002909 -0.15043747 0.25102353
v 0.25182408 -0.14198992 0.25462323
v 0.25825298 -0.14430140 0.25101817
v 0.25001562 -0.13686360 0.25766698
v 0.25719765 -0.13659960 0.25460413
v -0.31369206 -0.10984225 0.25146446
v -0.31322479 -0.10826596 0.25257343
v -0.31507173 -0.08068135 0.25627589
v -0.31523329 -0.10771075 0.25078282
v -0.32059601 -0.08207016 0.25077474
v -0.31232998 -0.11005797 0.25257859
v -0.30032209 -0.11515746 0.25679445
v -0.31043789 -0.10726973 0.25456354
v -0.28109398 -0.12145588 0.26476583
v -0.27814305 -0.12328202 0.26494497
v -0.30722407 -0.08302094 0.26096526
v -0.31882709 -0.07468157 0.25402594
v -0.31231943 -0.07359345 0.25944683
v -0.29124686 -0.09353103 0.27111208
v -0.28883946 -0.07782569 0.27415916
v -0.26721916 -0.09352029 0.27849829
v -0.26387531 -0.09509573 0.27887556
v -0.26424196 -0.09230872 0.27961031
v -0.23920339 -0.09351036 0.28204209
v -0.26847720 -0.08747125 0.27900028
v -0.25882655 -0.08028443 0.28202569
v -0.24983492 -0.12027116 0.27308324
v -0.22864375 -0.12474349 0.27147552
v -0.23498274 -0.09509008 0.28204480
v -0.21858039 -0.12473994 0.27199644
v -0.20351960 -0.09465242 0.28149268
v -0.20808977 -0.12473556 0.27170333
v -0.23382170 -0.09424768 0.28241429
v -0.21094251 -0.09349442 0.28206643
v -0.23278087 -0.09069080 0.28345209
v -0.23447065 -0.09378858 0.28260314
v -0.23456058 -0.09313942 0.28278273
v -0.23384430 -0.09350873 0.28273731
v -0.20303543 -0.09348951 0.28187793
v -0.20282815 -0.09359866 0.28185564
v -0.20285659 -0.09340864 0.28191260
v -0.20307063 -0.09322308 0.28194052
v -0.20247096 -0.09255778 0.28207412
v -0.18732692 -0.12058716 0.27381402
v -0.16924641 -0.12472095 0.27306956
v -0.17173870 -0.09353086 0.28199562
v -0.15608412 -0.12471779 0.27451119
v -0.17149334 -0.09386764 0.28190467
v -0.14476706 -0.10210763 0.27780184
v -0.14008179 -0.12471259 0.27450624
v -0.17172520 -0.09344145 0.28202254
v -0.17164519 -0.09347937 0.28201449
v -0.17190899 -0.09303569 0.28209820
v -0.17161572 -0.09333660 0.28202716
v -0.14162475 -0.09346670 0.27975452
v -0.13913794 -0.09477022 0.27951470
v -0.13922973 -0.09225501 0.27970213
v -0.14234941 -0.08964467 0.28020793
v -0.12484179 -0.12181801 0.27635306
v -0.11432777 -0.12470453 0.27688020
v -0.11043526 -0.09469118 0.27965754
v -0.09360424 -0.12470322 0.28186870
v -0.10667527 -0.09849969 0.27961546
v -0.07883743 -0.09520164 0.28126693
v -0.06730849 -0.12469789 0.28461504
v -0.11034357 -0.09230097 0.27983654
v -0.12479661 -0.06227377 0.28199941
v -0.10800394 -0.09345007 0.27975717
v -0.10662936 -0.08832593 0.27957585
v -0.07834501 -0.09344086 0.28136826
v -0.07429565 -0.10078137 0.28214687
v -0.07758716 -0.09380968 0.28140891
v -0.07755835 -0.09304338 0.28135252
v -0.06380425 -0.09344037 0.28214484
v -0.07884877 -0.09165140 0.28125143
v -0.05461410 -0.12469709 0.28602666
v -0.06237526 -0.12649508 0.28573787
v -0.06237155 -0.12303454 0.28547043
v -0.03115787 -0.12469722 0.28963265
v -0.04503419 -0.09685116 0.28384605
v -0.01923440 -0.10086159 0.28584358
v -0.01711087 -0.12469485 0.29072928
v -0.06231581 -0.06375212 0.27899712
v -0.05016708 -0.08655268 0.28213853
v -0.04594117 -0.09185721 0.28293246
v -0.04739400 -0.09410129 0.28346157
v -0.04732672 -0.09284647 0.28332964
v -0.04612950 -0.09344072 0.28335112
v -0.01738122 -0.08970944 0.28399903
v -0.00318856 -0.06878866 0.28212431
v -0.01697137 -0.09344240 0.28503528
v -0.01376445 -0.09520419 0.28565770
v -0.01410070 -0.09201978 0.28497708
v 0.02280561 -0.12468523 0.29352179
v 0.00005524 -0.13052760 0.29380289
v 0.00006461 -0.11949018 0.29253787
v 0.03128483 -0.12468220 0.29425651
v 0.02609241 -0.11428189 0.29255971
v 0.03492968 -0.11739728 0.29412094
v 0.03728883 -0.12467971 0.29476178
v 0.00011426 -0.06244666 0.28160149
v 0.00141748 -0.06480107 0.28212202
v 0.02242343 -0.07997830 0.28885603
v 0.01144758 -0.09768597 0.29061434
v 0.01215177 -0.08989397 0.28921977
v 0.01994641 -0.09344007 0.29064536
v 0.03827863 -0.07612058 0.29078251
v 0.04097576 -0.09343298 0.29403117
v 0.05316373 -0.09967154 0.29462463
v 0.05293995 -0.08741436 0.29416287
v 0.08880500 -0.12465807 0.29528838
v 0.06252654 -0.13184142 0.29648027
v 0.06253355 -0.11748801 0.29650211
v 0.09377330 -0.12465602 0.29524952
v 0.09056163 -0.11822739 0.29455948
v 0.09652094 -0.11916588 0.29503328
v 0.09908137 -0.12465280 0.29512459
v 0.08849114 -0.07276940 0.29247212
v 0.07218144 -0.09940040 0.29411402
v 0.07241432 -0.08765987 0.29365996
v 0.08402521 -0.09341037 0.29386997
v 0.09843777 -0.07144041 0.29313952
v 0.10282537 -0.09340108 0.29534340
v 0.11614232 -0.10012962 0.29563993
v 0.11667949 -0.08612894 0.29669905
v 0.14395332 -0.12462474 0.29166672
v 0.12501606 -0.13041435 0.29373258
v 0.12502189 -0.11774699 0.29595453
v 0.15625477 -0.12461811 0.29035288
v 0.15127790 -0.11466062 0.29284051
v 0.16210938 -0.11290472 0.29196668
v 0.18008760 -0.12460386 0.28593040
v 0.13248141 -0.10155764 0.29850554
v 0.13195868 -0.08469184 0.29956919
v 0.14891142 -0.09338392 0.29872492
v 0.16457640 -0.09337808 0.29679519
v 0.17708340 -0.09858225 0.29263061
v 0.17843261 -0.08681220 0.29531559
v 0.18999706 -0.12459723 0.28348884
v 0.18749325 -0.12554647 0.28413081
v 0.18749274 -0.12326621 0.28489998
v 0.21874774 -0.12458112 0.27256775
v 0.22661717 -0.10883680 0.27448696
v 0.22519203 -0.12457725 0.26984957
v 0.20551538 -0.09816755 0.28462744
v 0.21688083 -0.09335057 0.28221905
v 0.20851657 -0.08254906 0.28760773
v 0.20055903 -0.09590869 0.28731328
v 0.19967474 -0.08992541 0.28907990
v 0.20532665 -0.09335779 0.28665185
v 0.23170577 -0.09334213 0.27690947
v 0.23856844 -0.09754381 0.27381757
v 0.23799321 -0.08971081 0.27495480
v 0.23038256 -0.08539133 0.27823448
v 0.24999982 -0.11535481 0.26380014
v 0.26355571 -0.11572814 0.25777078
v 0.25740051 -0.10155119 0.26579618
v 0.28124133 -0.10059340 0.25461349
v 0.25815794 -0.08588288 0.26730520
v 0.24998948 -0.06516539 0.27606153
v 0.27524117 -0.06509249 0.26357371
v 0.27713236 -0.09333532 0.25918514
v 0.28375709 -0.09333395 0.25601345
v 0.29059869 -0.09800882 0.25098005
v 0.29389304 -0.08700471 0.25097445
v 0.28124118 -0.07528795 0.25998574
v -0.32168347 -0.05137849 0.25545019
v -0.31664437 -0.04239018 0.25939664
v -0.31595898 -0.01908416 0.25803065
v -0.32923847 -0.03825289 0.25077525
v -0.32742518 -0.02300489 0.25078088
v -0.31232435 -0.05270446 0.26278394
v -0.29481411 -0.06230019 0.27325854
v -0.30458623 -0.03895435 0.26625058
v -0.28106824 -0.06229469 0.28026927
v -0.28970933 -0.04503991 0.27501640
v -0.26733911 -0.03484064 0.28389367
v -0.25629094 -0.06228276 0.28525314
v -0.30549183 -0.02229247 0.26445052
v -0.32089204 -0.01118356 0.25505811
v -0.31233838 -0.01067062 0.26036066
v -0.27093029 -0.03105819 0.28200221
v -0.29197723 -0.03106651 0.27255809
v -0.28640506 -0.01048062 0.27172273
v -0.26741314 -0.02713113 0.28396535
v -0.26677153 -0.03105732 0.28464806
v -0.26376319 -0.03273758 0.28536469
v -0.26361135 -0.02922259 0.28566873
v -0.23687407 -0.06227224 0.28849068
v -0.24981111 -0.06457968 0.28661785
v -0.24981175 -0.05937279 0.28783393
v -0.21855465 -0.06226162 0.29136568
v -0.22600594 -0.04737430 0.29019707
v -0.21246083 -0.05008679 0.29156789
v -0.20374295 -0.06225424 0.29027277
v -0.21998306 -0.00265458 0.29620391
v -0.23828135 -0.03514127 0.29020566
v -0.23858598 -0.02664715 0.29080778
v -0.22965348 -0.03104031 0.29106873
v -0.21753246 -0.00185778 0.29660326
v -0.20867553 -0.03103075 0.29352662
v -0.19723916 -0.03670274 0.29340574
v -0.19653746 -0.02463824 0.29480475
v -0.17401545 -0.06224281 0.28871706
v -0.18729773 -0.06581923 0.28921622
v -0.18729782 -0.05774085 0.29108092
v -0.15604287 -0.06223405 0.28830147
v -0.12499737 -0.06221325 0.28202009
v -0.16374700 -0.04682587 0.28999063
v -0.14704531 -0.04425871 0.28872308
v -0.16021201 -0.00810655 0.29350165
v -0.17729357 -0.03663490 0.29332042
v -0.17799950 -0.02468047 0.29471320
v -0.16589516 -0.03100307 0.29359463
v -0.12510747 -0.06159100 0.28212002
v -0.15078676 -0.01026203 0.29242951
v -0.14503595 -0.03099011 0.29133129
v -0.13663329 -0.03475949 0.28963152
v -0.13641571 -0.02699835 0.29005927
v -0.12479649 -0.06215702 0.28200838
v -0.12449892 -0.06221293 0.28197202
v -0.12410262 -0.06082653 0.28211975
v -0.09355433 -0.06220222 0.28340447
v -0.07885648 -0.03282777 0.28116792
v -0.06874526 -0.06218873 0.27891058
v -0.10609839 -0.03709863 0.28516722
v -0.08527575 -0.03095795 0.28210196
v -0.10603159 -0.02471591 0.28521782
v -0.11107266 -0.03288156 0.28591895
v -0.11120103 -0.02893209 0.28617239
v -0.10744741 -0.03096982 0.28552228
v -0.07831659 -0.03095467 0.28130719
v -0.07745168 -0.03142189 0.28116807
v -0.07747795 -0.03051350 0.28122041
v -0.07860666 -0.02957795 0.28141278
v -0.07038111 -0.01589649 0.28208157
v -0.06231387 -0.06044654 0.27864262
v -0.05573533 -0.06218616 0.27883330
v -0.04799179 -0.03225483 0.27948114
v -0.03109243 -0.06218788 0.27944201
v -0.04414302 -0.03603476 0.27955610
v -0.01861692 -0.03724655 0.27894861
v -0.00141020 -0.06218667 0.28135833
v -0.04791992 -0.02970929 0.27961975
v -0.04542575 -0.03094590 0.27958006
v -0.05812883 -0.00802887 0.28206864
v -0.04401244 -0.02560602 0.27942085
v -0.01705736 -0.03093878 0.27890313
v -0.01404622 -0.03235425 0.27926478
v -0.01390722 -0.02938269 0.27898556
v -0.01875829 -0.02433673 0.27878857
v 0.00011478 -0.06187655 0.28150102
v 0.00096134 -0.06218661 0.28169724
v 0.01409543 -0.03258790 0.27878496
v 0.03132054 -0.06218853 0.28875557
v 0.01794692 -0.03532566 0.27990732
v 0.04463747 -0.03557326 0.28442490
v 0.04704953 -0.06218362 0.28987908
v 0.01393724 -0.02910898 0.27846378
v 0.00015920 -0.00174154 0.27798161
v 0.03757055 -0.03092445 0.28210014
v 0.01734688 -0.03092696 0.27891591
v 0.01991901 -0.02260088 0.27793226
v 0.04570632 -0.02839961 0.28335860
v 0.05947050 -0.00592816 0.28207394
v 0.04614640 -0.03092398 0.28373605
v 0.04801504 -0.03197593 0.28420436
v 0.04787271 -0.03001465 0.28391472
v 0.08203404 -0.06216749 0.29188383
v 0.06255561 -0.06736159 0.29249755
v 0.06256130 -0.05765257 0.29117215
v 0.09379739 -0.06216121 0.29212749
v 0.08677931 -0.04811636 0.29073393
v 0.10198682 -0.04578007 0.28958070
v 0.10337494 -0.06215649 0.29298955
v 0.06260849 0.00014698 0.28167486
v 0.06349228 -0.00142941 0.28207025
v 0.08361596 -0.02006121 0.28752708
v 0.07457166 -0.03453810 0.28934911
v 0.07499489 -0.02771724 0.28850764
v 0.08171161 -0.03091499 0.28916246
v 0.10501218 -0.02206184 0.28654313
v 0.12133553 -0.00708848 0.28211036
v 0.10665280 -0.03090331 0.28768665
v 0.11276361 -0.03424233 0.28882432
v 0.11191039 -0.02841499 0.28710705
v 0.12504192 -0.06923565 0.29634690
v 0.12504467 -0.05583166 0.29478103
v 0.15142789 -0.06456193 0.30021137
v 0.15627334 -0.06654771 0.29999673
v 0.16000433 -0.06399985 0.29965702
v 0.15220636 -0.06010110 0.29982018
v 0.15627496 -0.06213497 0.30056888
v 0.15627743 -0.05834827 0.29967758
v 0.16037811 -0.06008163 0.29983839
v 0.12506354 -0.00035098 0.28066745
v 0.12769577 -0.00490168 0.28210655
v 0.14626093 -0.01971395 0.28770792
v 0.13605155 -0.03551076 0.29138109
v 0.13714656 -0.02735495 0.28919393
v 0.14502837 -0.03088379 0.29084912
v 0.16535991 -0.01776773 0.28867224
v 0.16668241 -0.03087764 0.29258069
v 0.17744678 -0.03642366 0.29323739
v 0.17707647 -0.02570328 0.29247355
v 0.20420644 -0.06211707 0.29053086
v 0.18749911 -0.06805654 0.29404682
v 0.18750703 -0.05578246 0.29484123
v 0.21873868 -0.06211141 0.28726614
v 0.24324465 -0.06210272 0.27881488
v 0.20940411 -0.04342113 0.28843361
v 0.23276187 -0.03408258 0.28375521
v 0.21346095 -0.01022674 0.29243717
v 0.19867739 -0.03532310 0.29105499
v 0.19901398 -0.02674343 0.29038110
v 0.20711777 -0.03086559 0.29010886
v 0.23710790 -0.03633433 0.28214982
v 0.23750518 -0.03086153 0.28214258
v 0.23047446 -0.02306021 0.28603423
v 0.24072275 -0.01817290 0.28212866
v 0.23350863 -0.03086274 0.28386962
v 0.23489965 -0.03138917 0.28319618
v 0.23500675 -0.03022904 0.28340748
v 0.24998766 -0.05948558 0.27695039
v 0.27612066 -0.05953220 0.26400763
v 0.26128942 -0.03518575 0.27349201
v 0.28124452 -0.05336989 0.26220325
v 0.26061204 -0.02584150 0.27212140
v 0.25000995 -0.00072813 0.27987856
v 0.28111532 0.00032498 0.26642644
v 0.27235782 -0.03084959 0.26868755
v 0.28647318 -0.03084159 0.26136237
v 0.30163854 -0.04102774 0.25093541
v 0.30342966 -0.01975212 0.25091463
v 0.28126338 0.00016225 0.26638228
v -0.32005784 0.01192201 0.25464901
v -0.31620172 0.01964129 0.25851488
v -0.31687328 0.04248437 0.25986448
v -0.32571745 0.02247146 0.25079200
v -0.32741654 0.03948335 0.25079423
v -0.31233716 0.01143789 0.25947320
v -0.28817803 0.00016495 0.26995036
v -0.30557823 0.02254042 0.26431286
v -0.28108105 0.00016760 0.27449030
v -0.28683767 0.01165940 0.27215415
v -0.26653159 0.02928041 0.28308755
v -0.25582507 0.00018093 0.28500757
v -0.30472532 0.03940670 0.26601800
v -0.32257339 0.05214251 0.25591409
v -0.31234014 0.05378912 0.26433316
v -0.26886323 0.03140889 0.28202435
v -0.29205450 0.03139738 0.27270269
v -0.28949472 0.04584553 0.27480370
v -0.26691201 0.03429526 0.28346610
v -0.26635104 0.03141015 0.28378960
v -0.26425835 0.03020456 0.28443408
v -0.26378250 0.03309419 0.28538683
v -0.22329883 0.00019070 0.29525858
v -0.24981844 -0.00263455 0.28763860
v -0.24982022 0.00352185 0.28868341
v -0.21855906 0.00019211 0.29681572
v -0.21955578 0.00218131 0.29663238
v -0.21798448 0.00134143 0.29705229
v -0.21715608 0.00019294 0.29692686
v -0.24071389 0.02491160 0.29502353
v -0.24214047 0.03934814 0.29786190
v -0.22334313 0.03142786 0.30369678
v -0.21547461 0.03143207 0.30704862
v -0.19163047 0.02013603 0.30461460
v -0.18749303 0.04689889 0.31287912
v -0.16209278 0.00022754 0.29463899
v -0.18730339 -0.00772659 0.29791081
v -0.18731181 0.01083672 0.30326915
v -0.15604311 0.00023171 0.29412308
v -0.15855782 0.00525336 0.29514769
v -0.15215439 0.00800520 0.29377520
v -0.14348935 0.00024003 0.29140311
v -0.18304993 0.02008747 0.30472445
v -0.18715107 0.04690198 0.31288502
v -0.15925752 0.03146059 0.30685651
v -0.15125488 0.03146628 0.30364412
v -0.13444574 0.02551069 0.29396117
v -0.13231236 0.03957840 0.29820585
v -0.11535891 0.00025602 0.28677383
v -0.12478030 -0.00296042 0.28849071
v -0.12478220 0.00390140 0.28936261
v -0.09352654 0.00027037 0.28598958
v -0.10455739 0.02232123 0.28663105
v -0.08218051 0.02294428 0.28631389
v -0.06467173 0.00028352 0.28325373
v -0.10165070 0.04648118 0.28950045
v -0.11270159 0.02794228 0.28913435
v -0.11444493 0.03678343 0.29260427
v -0.10591149 0.03149600 0.28849998
v -0.04894884 0.03152467 0.28202161
v -0.08500941 0.04574276 0.28911930
v -0.08089085 0.03151007 0.28800830
v -0.07509869 0.02871528 0.28761357
v -0.07483814 0.03456701 0.28812602
v -0.06030387 0.00028495 0.28304845
v -0.05080272 0.02323499 0.28203154
v -0.06228122 -0.00034664 0.28332102
v -0.06228120 0.00099679 0.28348273
v -0.04682944 0.03135256 0.28167561
v -0.03106115 0.00029255 0.28127861
v -0.04624590 0.03070417 0.28161192
v -0.02117299 0.02006425 0.27631247
v -0.00820389 0.00030365 0.27788994
v -0.04680930 0.03167882 0.28171518
v -0.04643594 0.03152592 0.28158066
v -0.04821342 0.03464250 0.28201866
v -0.04616151 0.03251551 0.28152606
v -0.01910959 0.03154008 0.27468595
v -0.01188034 0.02798588 0.27492857
v -0.01158012 0.03539746 0.27432859
v -0.02187259 0.04443292 0.27557388
v 0.00016121 0.00275624 0.27717689
v 0.00933312 0.00031326 0.27748573
v 0.01143295 0.02720180 0.27334240
v 0.03138561 0.00032714 0.27768868
v 0.02302045 0.01707805 0.27481300
v 0.04119591 0.01994427 0.27622929
v 0.06142971 0.00034304 0.28147793
v 0.01110218 0.03624560 0.27265948
v 0.00018987 0.05778690 0.27199760
v 0.02036324 0.03156132 0.27289492
v 0.02832223 0.05662377 0.26948246
v 0.04356158 0.03158377 0.27512008
v 0.05001548 0.02858824 0.27604151
v 0.05040948 0.03497840 0.27525538
v 0.03554793 0.05455283 0.27052185
v 0.06260878 0.00058525 0.28158438
v 0.06340862 0.00034380 0.28166792
v 0.07749444 0.03084737 0.28052884
v 0.09382705 0.00035136 0.28360900
v 0.07946764 0.02915732 0.28081706
v 0.10780656 0.02828903 0.28039059
v 0.12218523 0.00036463 0.28065988
v 0.07737728 0.03247321 0.28029090
v 0.06264713 0.06028106 0.27687743
v 0.07900088 0.03160200 0.28053048
v 0.07985996 0.03482299 0.28042191
v 0.10843441 0.03161076 0.27997753
v 0.11048225 0.03059724 0.28001931
v 0.11052968 0.03267235 0.27992398
v 0.10730581 0.03594422 0.27987432
v 0.12506492 0.00124112 0.28035057
v 0.12860204 0.00036775 0.28033012
v 0.13901791 0.02993174 0.27867699
v 0.15630156 0.00037910 0.28112388
v 0.14393373 0.02515492 0.27882519
v 0.17180379 0.03135556 0.28192452
v 0.18039899 0.00037678 0.28566679
v 0.13894626 0.03338086 0.27852571
v 0.12510774 0.06237805 0.28105775
v 0.14264320 0.03162098 0.27817315
v 0.14375946 0.03772191 0.27899244
v 0.17186463 0.03162267 0.28191215
v 0.17232841 0.03083909 0.28205875
v 0.17200856 0.03155148 0.28191537
v 0.17200853 0.03169379 0.28191549
v 0.17246282 0.03162255 0.28205785
v 0.17181332 0.03187121 0.28193316
v 0.17255712 0.03286097 0.28205627
v 0.20389321 0.00037550 0.29028660
v 0.18752839 -0.00225619 0.28736874
v 0.18753062 0.00316141 0.28766790
v 0.21876478 0.00037574 0.29242232
v 0.24718037 0.00038742 0.28069493
v 0.21288632 0.01214750 0.29182589
v 0.22508037 0.01299801 0.29140460
v 0.21358132 0.05243927 0.29244918
v 0.19932023 0.02777482 0.28975490
v 0.19907367 0.03570906 0.29024646
v 0.20810404 0.03161566 0.29195261
v 0.24613687 0.00813898 0.28210157
v 0.24897996 0.03163256 0.28207880
v 0.22439918 0.05163659 0.29205036
v 0.22983104 0.03162174 0.29120487
v 0.23730594 0.02872020 0.28789020
v 0.23772331 0.03494655 0.28871450
v 0.25001156 0.00167589 0.27953482
v 0.28109089 0.00048536 0.26641402
v 0.26194468 0.02793428 0.27467188
v 0.28126368 0.00069095 0.26635432
v 0.26190296 0.03539602 0.27456933
v 0.27588651 0.06018136 0.26373500
v 0.27105430 0.03164375 0.27129146
v 0.25171480 0.05954153 0.28204677
v 0.28679064 0.03165163 0.26186627
v 0.30519548 0.01970611 0.25088009
v 0.30432364 0.04317324 0.25086266
v 0.28130537 0.05478590 0.26239988
v -0.32086015 0.07399732 0.25506777
v -0.31607816 0.08201254 0.25830436
v -0.31414735 0.10766532 0.25448292
v -0.32245255 0.08333349 0.25080264
v -0.31757143 0.10687473 0.25080407
v -0.31233305 0.07246394 0.26238680
v -0.29619944 0.06263278 0.27395457
v -0.30499902 0.08558519 0.26545644
v -0.28110126 0.06263612 0.28178626
v -0.29021206 0.08086310 0.27552497
v -0.26994047 0.08494039 0.28648537
v -0.26423275 0.06264126 0.28920805
v -0.30806535 0.10525419 0.25929436
v -0.31588978 0.11129936 0.25259608
v -0.31230566 0.11175099 0.25529540
v -0.27691865 0.09386519 0.28202492
v -0.29290593 0.09386799 0.27442086
v -0.28847110 0.11032566 0.27380434
v -0.26894861 0.10082440 0.28549969
v -0.26829165 0.09386702 0.28765213
v -0.26013339 0.08853321 0.29269236
v -0.26111227 0.09823388 0.29073709
v -0.24984045 0.05479660 0.29771769
v -0.24985185 0.07085065 0.29841709
v -0.23129657 0.05631090 0.30397516
v -0.21857388 0.04385979 0.30701977
v -0.18822736 0.04752365 0.31277108
v -0.23198876 0.06935525 0.30431548
v -0.21858431 0.06267411 0.31953198
v -0.24431261 0.08380231 0.30216581
v -0.24322549 0.10288319 0.29999262
v -0.18732065 0.04720869 0.31294870
v -0.18635365 0.04755503 0.31274036
v -0.15606242 0.04483204 0.30654854
v -0.14386551 0.05662520 0.30369610
v -0.15606634 0.06270794 0.31855798
v -0.15607184 0.09242975 0.31241775
v -0.14044982 0.07051784 0.30538544
v -0.15627970 0.09396349 0.31276855
v -0.15580739 0.09396388 0.31265265
v -0.12871827 0.08227720 0.30534646
v -0.12659055 0.10782014 0.30959591
v -0.10362179 0.06274485 0.29255694
v -0.12478560 0.05432581 0.29879797
v -0.12478688 0.07280673 0.30211377
v -0.09351453 0.06275164 0.29208761
v -0.09749251 0.07069430 0.29362500
v -0.08772254 0.07434186 0.29180455
v -0.07395901 0.06276044 0.28783381
v -0.12038076 0.08276768 0.30438086
v -0.12275226 0.10755695 0.30906492
v -0.09901228 0.09399445 0.30222780
v -0.08597801 0.09400330 0.29810596
v -0.07233123 0.08845166 0.29307878
v -0.07103219 0.10087059 0.29566836
v -0.05750639 0.06276648 0.28437227
v -0.06226628 0.06045078 0.28661737
v -0.06226433 0.06530982 0.28707638
v -0.03103393 0.06277689 0.27819967
v -0.02040940 0.08402464 0.27697968
v -0.01551657 0.06278591 0.27414155
v -0.04411957 0.08898440 0.28449565
v -0.03410151 0.09402940 0.28197348
v -0.04244140 0.10242561 0.28616002
v -0.04933099 0.09133006 0.28735551
v -0.05020059 0.09758361 0.28908396
v -0.04430914 0.09402517 0.28662735
v -0.01746371 0.09403331 0.27785230
v -0.01287960 0.09150943 0.27692640
v -0.01318975 0.09624778 0.27754876
v -0.01860292 0.10043840 0.27876794
v 0.00019544 0.06737027 0.27284518
v 0.02568865 0.06281391 0.26924574
v 0.01067951 0.08889768 0.27167529
v 0.03141949 0.06281815 0.26954630
v 0.02893550 0.06779475 0.26886109
v 0.03452279 0.06901974 0.26946813
v 0.04194882 0.06282653 0.27164283
v 0.01121051 0.09866938 0.27271312
v 0.00022586 0.12343100 0.27822036
v 0.02199128 0.09405249 0.26963627
v 0.02805377 0.11848039 0.26974314
v 0.04185835 0.09406655 0.27155575
v 0.05199892 0.08912662 0.27207062
v 0.05199409 0.09900820 0.27208638
v 0.03564030 0.11695514 0.27050614
v 0.06264938 0.06571624 0.27624327
v 0.07126792 0.06284501 0.27768555
v 0.07758932 0.09338751 0.28055778
v 0.09388012 0.06284932 0.28157520
v 0.07943605 0.09179258 0.28081235
v 0.12308984 0.06285109 0.28099453
v 0.10804847 0.09114029 0.28344011
v 0.07759312 0.09478554 0.28056148
v 0.06270304 0.12031877 0.27192068
v 0.09137020 0.09408949 0.28195900
v 0.07884761 0.09408818 0.28084207
v 0.07982664 0.09715642 0.28042093
v 0.11910026 0.07489596 0.28198779
v 0.10757565 0.09800377 0.28391126
v 0.10843125 0.09409036 0.28415290
v 0.11039735 0.09321910 0.28370640
v 0.11067536 0.09523740 0.28425378
v 0.12510820 0.06328271 0.28114027
v 0.12686731 0.06285176 0.28112441
v 0.13816699 0.08892277 0.28197807
v 0.15634276 0.06285762 0.28276402
v 0.14095727 0.09369078 0.28217444
v 0.16879155 0.08772040 0.28516787
v 0.18206587 0.06286059 0.28477198
v 0.14106086 0.09469976 0.28227553
v 0.14064260 0.09397873 0.28220105
v 0.14060450 0.09424525 0.28227758
v 0.14088655 0.09409272 0.28223261
v 0.16761684 0.10284859 0.28633910
v 0.16977428 0.09409101 0.28639239
v 0.17451763 0.09155013 0.28705940
v 0.17479320 0.09690302 0.28759295
v 0.20172009 0.06285900 0.28910154
v 0.18756866 0.06085574 0.28603411
v 0.18757129 0.06503926 0.28637761
v 0.21879575 0.06285816 0.29220060
v 0.23311865 0.09144894 0.28067014
v 0.21040297 0.07966814 0.28921497
v 0.24392688 0.06287046 0.28509846
v 0.22384058 0.09410562 0.28199241
v 0.20782036 0.10331742 0.28658199
v 0.20095569 0.09184761 0.28647539
v 0.20071311 0.09658657 0.28695899
v 0.20567587 0.09409510 0.28692976
v 0.23359831 0.09411058 0.28029114
v 0.24450105 0.07398573 0.28202647
v 0.23552293 0.09304050 0.27985767
v 0.23582339 0.09548081 0.27925929
v 0.23225482 0.09851340 0.27979267
v 0.25481758 0.06287713 0.27966410
v 0.25095934 0.06287454 0.28249750
v 0.25126851 0.06530786 0.28204048
v 0.25004926 0.06231788 0.28315437
v 0.25004974 0.06348727 0.28326842
v 0.27555764 0.06577083 0.26356190
v 0.26062340 0.08905158 0.27187103
v 0.28132379 0.07939126 0.25818211
v 0.25967991 0.10015188 0.26995853
v 0.25010306 0.11889734 0.26906642
v 0.26404354 0.11671458 0.25773969
v 0.27671415 0.09413032 0.26002121
v 0.28302962 0.09413372 0.25419205
v 0.28871310 0.09044650 0.25080940
v 0.28558069 0.09625592 0.25080138
v 0.28133851 0.09959941 0.25352815
v -0.31529632 0.13924953 0.25229251
v -0.31368771 0.14215246 0.25358620
v -0.31605673 0.14263920 0.25078896
v -0.31229132 0.13885751 0.25457639
v -0.29005966 0.12511295 0.27090904
v -0.31228024 0.15373448 0.25078717
v -0.30986103 0.14317995 0.25564098
v -0.28107011 0.12511438 0.27603239
v -0.28652996 0.13605845 0.27187753
v -0.26994160 0.14735775 0.27751142
v -0.25696847 0.12511458 0.28558221
v -0.30742073 0.16957170 0.25078261
v -0.29018337 0.15637086 0.26903787
v -0.26753247 0.15636896 0.27781278
v -0.25952867 0.14453638 0.28200907
v -0.26424265 0.15517339 0.27961731
v -0.26412407 0.15768115 0.27937949
v -0.25322968 0.15637235 0.28200096
v -0.28103119 0.18153977 0.26335812
v -0.24983780 0.12065554 0.29093757
v -0.24983320 0.12843841 0.28864145
v -0.22720835 0.12084275 0.30191427
v -0.22496767 0.12833396 0.30079442
v -0.21860349 0.12515688 0.31036663
v -0.21859817 0.13361242 0.30183280
v -0.19989368 0.13452272 0.30693382
v -0.27712137 0.18567005 0.26444221
v -0.24980240 0.18539986 0.27753928
v -0.24140874 0.17081159 0.28199756
v -0.23028360 0.16422768 0.28591079
v -0.23739330 0.15320037 0.28835690
v -0.23649620 0.15867119 0.28656673
v -0.22998455 0.15638930 0.29043841
v -0.20958875 0.16967747 0.28861213
v -0.20999189 0.15641066 0.29602098
v -0.19099043 0.14445429 0.30589911
v -0.19511399 0.16426653 0.29764277
v -0.18734249 0.13877068 0.30911493
v -0.15607280 0.09573475 0.31229666
v -0.13449660 0.11444267 0.30832452
v -0.17602684 0.13516547 0.30753121
v -0.15607718 0.14070038 0.30528614
v -0.15932137 0.18117046 0.29428393
v -0.18439506 0.14375798 0.30730090
v -0.18060237 0.16533658 0.29973602
v -0.16067307 0.15645927 0.30397412
v -0.15308671 0.18179183 0.29458615
v -0.15186480 0.15647036 0.30474514
v -0.12871160 0.16821185 0.30534115
v -0.12480529 0.11145963 0.30945852
v -0.11064678 0.11669377 0.30609098
v -0.09353383 0.11736135 0.30149588
v -0.08734065 0.12216257 0.30064306
v -0.09354049 0.12525104 0.31296676
v -0.09353933 0.15193251 0.31085783
v -0.08521307 0.12942103 0.30170071
v -0.12118515 0.16850801 0.30591643
v -0.09400164 0.15650921 0.31221834
v -0.09301810 0.15650977 0.31210095
v -0.06784404 0.14646618 0.30201805
v -0.06471581 0.16971460 0.30827820
v -0.04560824 0.12527551 0.29026860
v -0.06226967 0.11778846 0.29688886
v -0.06227583 0.13423927 0.29985699
v -0.03102313 0.12527984 0.28756678
v -0.00522658 0.12529147 0.27921638
v -0.03790278 0.13904589 0.29067069
v -0.02257896 0.14217517 0.28910518
v -0.05602156 0.14715308 0.30065209
v -0.05943809 0.16930927 0.30746403
v -0.03774555 0.15653580 0.29971159
v -0.00517492 0.13610119 0.28193337
v 0.01298426 0.15656444 0.28191331
v -0.02274486 0.15654266 0.29659343
v -0.00987268 0.15102276 0.29295278
v -0.00699793 0.16495052 0.29868272
v 0.00022690 0.12686090 0.27880791
v 0.01694809 0.12530288 0.27358550
v 0.01553549 0.15623863 0.28125909
v 0.03147055 0.12531051 0.27154377
v 0.01868741 0.15090983 0.27909246
v 0.03826802 0.13889265 0.27309576
v 0.03969115 0.12531571 0.27043259
v 0.01559099 0.15683821 0.28136849
v 0.01623241 0.15656601 0.28117445
v 0.01504192 0.15820846 0.28191239
v 0.01638404 0.15760651 0.28139260
v 0.02551045 0.17584768 0.29153180
v 0.04516902 0.15657973 0.27800938
v 0.04981634 0.15388091 0.27651858
v 0.04907320 0.15853170 0.27800906
v 0.04448830 0.16185305 0.27927363
v 0.03299293 0.18484728 0.29602042
v 0.05483735 0.17199452 0.28189814
v 0.06271607 0.13016877 0.27225065
v 0.07906485 0.12533706 0.27375233
v 0.07622068 0.15444368 0.27761447
v 0.09394630 0.12533596 0.28149819
v 0.08273051 0.14783557 0.27752912
v 0.10800295 0.15337181 0.28348356
v 0.12439995 0.12533872 0.28230935
v 0.07683699 0.15811920 0.27883399
v 0.10220639 0.15658671 0.28187945
v 0.08008961 0.15658942 0.27845022
v 0.07172494 0.16988727 0.28189051
v 0.08097570 0.16179504 0.27928901
v 0.10385931 0.16811341 0.28762513
v 0.10813294 0.15658529 0.28483242
v 0.11110810 0.15508711 0.28486767
v 0.11296250 0.15993094 0.28856015
v 0.12604907 0.12533863 0.28235254
v 0.12518175 0.12511982 0.28235662
v 0.12518260 0.12570107 0.28264219
v 0.15641089 0.12533249 0.28753233
v 0.14621626 0.14578581 0.28729361
v 0.16374110 0.13996370 0.29021943
v 0.17689994 0.12533033 0.28730416
v 0.13607645 0.15181217 0.29140514
v 0.13256928 0.16485766 0.29842091
v 0.14867884 0.15657088 0.29756552
v 0.16136910 0.15656808 0.30326468
v 0.18197323 0.14662284 0.30178788
v 0.19993004 0.12533467 0.28810453
v 0.18761720 0.12177077 0.28906083
v 0.18762641 0.13231170 0.29588550
v 0.21885723 0.12534109 0.28406692
v 0.23314029 0.15384877 0.28058639
v 0.23303124 0.12535214 0.27344346
v 0.21225837 0.13855255 0.29095113
v 0.21886624 0.15208991 0.31090489
v 0.23186913 0.15658382 0.28195053
v 0.19343776 0.14674538 0.30154744
v 0.23384787 0.15658495 0.28062671
v 0.23611718 0.15497959 0.27874348
v 0.23718259 0.15925148 0.27662268
v 0.23319939 0.15921281 0.28063607
v 0.23328485 0.15903699 0.28317395
v 0.22779799 0.15657917 0.29533619
v 0.25012290 0.13457525 0.26355428
v 0.25897419 0.13655972 0.25518125
v 0.25480145 0.14564388 0.26008165
v 0.26129642 0.14655349 0.25075966
v 0.25315249 0.16921167 0.25672618
v 0.25753927 0.16851917 0.25074422
v 0.25016406 0.17669863 0.25971824
v 0.25017819 0.18137059 0.25073415
v 0.25399750 0.17412046 0.25265300
v -0.27500084 0.19063947 0.26338169
v -0.25641626 0.20989281 0.26403582
v -0.25205541 0.23221654 0.25535411
v -0.27023032 0.21348202 0.25077412
v -0.25932825 0.22972064 0.25077796
v -0.24979848 0.19103250 0.27519673
v -0.24248557 0.18763240 0.27833647
v -0.24100286 0.21204469 0.26832911
v -0.21856748 0.18764716 0.28387570
v -0.22696841 0.20448026 0.27479532
v -0.20715426 0.21042491 0.27775142
v -0.19597000 0.18766829 0.28629196
v -0.24617723 0.23091471 0.25795874
v -0.25264773 0.23594746 0.25222099
v -0.24976364 0.23606792 0.25390124
v -0.24976087 0.24110487 0.25078005
v -0.23867786 0.24005350 0.25632250
v -0.22855471 0.21889146 0.27080399
v -0.20596302 0.21890292 0.27588105
v -0.19427305 0.20161870 0.28197351
v -0.20049158 0.21649218 0.27715605
v -0.20011932 0.22169240 0.27642426
v -0.18201458 0.21892628 0.28196990
v -0.21851125 0.24286734 0.26276487
v -0.16857097 0.18769726 0.29130071
v -0.18731618 0.18230978 0.29268610
v -0.18730637 0.19073710 0.28807515
v -0.15604626 0.18771237 0.29391083
v -0.16417480 0.20397690 0.28942674
v -0.15128715 0.19721815 0.29279870
v -0.14942238 0.18771937 0.29423562
v -0.21184772 0.24682342 0.26307502
v -0.18725057 0.24526760 0.27219987
v -0.17462085 0.22488326 0.28196889
v -0.16960151 0.22302981 0.28400782
v -0.17369023 0.21690129 0.28602660
v -0.17283520 0.22012226 0.28433028
v -0.16957590 0.21894097 0.28610563
v -0.14464943 0.22747830 0.28620976
v -0.12731066 0.24509765 0.28195864
v -0.14471126 0.21896565 0.29055661
v -0.13434133 0.21291131 0.29404911
v -0.13611892 0.22324644 0.29048741
v -0.12480012 0.17644607 0.30449623
v -0.12478641 0.19567317 0.29777348
v -0.10803936 0.18050870 0.30477923
v -0.09353824 0.15978122 0.31150857
v -0.07430853 0.17816186 0.30713719
v -0.10148758 0.19174099 0.30151707
v -0.09353058 0.18776809 0.30654401
v -0.09352542 0.19686146 0.30208877
v -0.08353245 0.19276574 0.30253330
v -0.12475063 0.24957135 0.28068498
v -0.12270518 0.24611928 0.28195852
v -0.10218377 0.23288319 0.28888351
v -0.11620251 0.21193960 0.29602057
v -0.11426838 0.22412053 0.29218966
v -0.10137620 0.21899882 0.29745573
v -0.08469401 0.23264223 0.28875488
v -0.06484908 0.24504849 0.28193641
v -0.08552740 0.21901309 0.29719532
v -0.06972289 0.21085709 0.29824477
v -0.07203583 0.22486213 0.29361317
v -0.06228033 0.17451289 0.30842513
v -0.06226959 0.19751289 0.30138010
v -0.04725837 0.17967087 0.30564082
v -0.03102287 0.18024908 0.30130121
v -0.02182736 0.18320677 0.30211830
v -0.03855862 0.19156146 0.30130148
v -0.03102140 0.18779695 0.31249678
v -0.03101715 0.19591060 0.30158830
v -0.06223823 0.24945110 0.28030959
v -0.05951922 0.24482319 0.28193492
v -0.04056564 0.23115414 0.28797972
v -0.05460374 0.21106584 0.29783854
v -0.05229088 0.22468454 0.29323316
v -0.03828436 0.21903530 0.29860228
v -0.02205512 0.23240387 0.28859490
v -0.02436135 0.21904105 0.29986781
v -0.00506380 0.22935155 0.30250093
v 0.00023787 0.17719038 0.30312485
v 0.02937211 0.18675999 0.29857203
v 0.03150322 0.18657318 0.29813278
v 0.03352581 0.18681540 0.29851556
v 0.03150243 0.18782569 0.30179593
v 0.03150694 0.19676465 0.30197191
v 0.03696510 0.19055569 0.30022869
v 0.02790343 0.24307433 0.29390386
v 0.00490289 0.23002958 0.30385208
v 0.03018430 0.21906370 0.31045330
v 0.03539373 0.24255048 0.29363972
v 0.03296187 0.21906421 0.31021956
v 0.06023258 0.20597525 0.30803207
v 0.05816151 0.23007196 0.30387747
v 0.08518645 0.18782890 0.29305899
v 0.06275748 0.18153542 0.29445192
v 0.06276157 0.19834913 0.30289891
v 0.09401876 0.18782960 0.29446340
v 0.09118978 0.19348904 0.29463577
v 0.09649019 0.19276175 0.29499459
v 0.09985067 0.18782771 0.29454723
v 0.09401020 0.18782580 0.31004709
v 0.09402096 0.20340754 0.30523920
v 0.10204105 0.19183825 0.30146283
v 0.08992298 0.24205899 0.29335427
v 0.06610863 0.20679000 0.30640361
v 0.06858471 0.22888692 0.30149886
v 0.09769538 0.24302056 0.29383034
v 0.12524858 0.17734693 0.30277702
v 0.13387014 0.17650618 0.30876112
v 0.15645796 0.16590822 0.30842471
v 0.18099335 0.23674041 0.28188002
v 0.22506274 0.20002937 0.27241620
v 0.23377657 0.18781474 0.27374035
v 0.23401442 0.19534251 0.25880098
v 0.22533061 0.20058841 0.29112524
v 0.23435003 0.18781132 0.28981799
v 0.24003628 0.17724055 0.30809480
v 0.23553118 0.19611470 0.30581567
v 0.18777823 0.24121800 0.26379284
v 0.18779281 0.24414009 0.25068453
v 0.19551198 0.23851879 0.25454849
v 0.20733796 0.21903539 0.28189221
v 0.20069762 0.22437449 0.28188825
v 0.20470221 0.22170587 0.28055745
v 0.20499732 0.22230303 0.28352275
v 0.21916658 0.21904534 0.25104028
v 0.22354563 0.21903554 0.30391115
v 0.21948533 0.21880136 0.25070232
v 0.21914102 0.21911716 0.25070199
v 0.21899770 0.21926333 0.25081077
v -0.20361951 0.25760114 0.25896814
v -0.18982919 0.26838791 0.25596324
v -0.19998997 0.27216867 0.25078952
v -0.18724664 0.25963476 0.26309714
v -0.17141820 0.25018096 0.27408403
v -0.18724036 0.27658036 0.25078821
v -0.18375239 0.26928896 0.25775802
v -0.15599549 0.25019556 0.27836826
v -0.16068688 0.25958425 0.27107576
v -0.15058681 0.26099840 0.27177233
v -0.12803447 0.25020760 0.28032288
v -0.16028018 0.28359634 0.25078064
v -0.15723208 0.28144619 0.25328222
v -0.15446857 0.28144753 0.25379807
v -0.13127401 0.27237940 0.26383644
v -0.15021591 0.28433281 0.25077727
v -0.15597884 0.28328982 0.25169975
v -0.12474903 0.25144851 0.27948719
v -0.12172917 0.25021198 0.28045106
v -0.12471675 0.28470251 0.25076169
v -0.11787502 0.27269125 0.26444027
v -0.09349440 0.25023696 0.28288555
v -0.09951496 0.26228371 0.27237108
v -0.08751421 0.26217353 0.27230155
v -0.06601740 0.25026110 0.28004953
v -0.10628396 0.28788885 0.25074959
v -0.09758460 0.28147918 0.25895068
v -0.08941237 0.28148693 0.25884557
v -0.06951954 0.27316898 0.26528716
v -0.07206807 0.29220599 0.25072068
v -0.09347095 0.28719762 0.25359258
v -0.06223767 0.25164792 0.27917033
v -0.05818072 0.25026685 0.27990630
v -0.06222928 0.29226899 0.25071284
v -0.05455688 0.27355969 0.26602519
v -0.03099164 0.25027773 0.28106090
v -0.03700699 0.26232642 0.27232647
v -0.02380706 0.26462966 0.27346912
v -0.00468188 0.25028300 0.28437889
v -0.05298050 0.29251808 0.25070921
v -0.03561740 0.28153050 0.25997722
v -0.02528656 0.28153232 0.26205575
v -0.00209616 0.25500667 0.28190809
v -0.00953252 0.27571678 0.27028739
v -0.00157989 0.29530829 0.25441840
v -0.03097162 0.28813297 0.25399438
v 0.01296607 0.25029045 0.28824893
v 0.00392046 0.25759372 0.28190583
v 0.00026191 0.24517053 0.29213327
v 0.00026394 0.25245231 0.28623763
v 0.01188752 0.27752274 0.27387926
v 0.03151920 0.25029778 0.29211840
v 0.02088510 0.27157170 0.27692279
v 0.04260191 0.27243179 0.27734283
v 0.04633416 0.25029972 0.29010969
v 0.00323232 0.29422647 0.25657779
v -0.00157631 0.29810774 0.25162309
v 0.00028640 0.29803190 0.25239956
v 0.00028701 0.29974979 0.25069192
v 0.00332948 0.29869881 0.25220934
v 0.02140915 0.28154150 0.27089733
v 0.04210471 0.28154665 0.27179167
v 0.05715672 0.26155722 0.28189206
v 0.05107661 0.27763397 0.27407709
v 0.05819382 0.29257005 0.25986472
v 0.03153236 0.29593834 0.25786060
v 0.08123253 0.25030476 0.29108217
v 0.06805854 0.26083103 0.28188619
v 0.06278357 0.24302307 0.29643741
v 0.06278786 0.25467139 0.29061764
v 0.07421315 0.27732900 0.27344793
v 0.09405584 0.25030676 0.29177946
v 0.08448237 0.26945469 0.27583581
v 0.10413350 0.27044791 0.27632701
v 0.10745823 0.25030115 0.29077077
v 0.09403537 0.23102310 0.30709395
v 0.10269779 0.24597761 0.30178440
v 0.06708068 0.29289749 0.25920835
v 0.05825037 0.29945043 0.25293911
v 0.06279921 0.29900408 0.25431865
v 0.06280183 0.30132857 0.25066641
v 0.06763905 0.29959354 0.25307962
v 0.08488341 0.28155091 0.26899794
v 0.10375252 0.28155410 0.27000862
v 0.11983380 0.26123646 0.28185946
v 0.11421196 0.27703246 0.27283826
v 0.11518904 0.29211032 0.25065613
v 0.09406604 0.29433200 0.25704181
v 0.12872331 0.25714207 0.28185537
v 0.12528780 0.25891644 0.29907218
v 0.12533036 0.28962141 0.25065506
v 0.13408248 0.27469370 0.26817375
v 0.14534967 0.27593419 0.25065878
v 0.15320599 0.25695527 0.26959074
v 0.15849908 0.25419793 0.26821721
v 0.15654925 0.25886300 0.26197720
v 0.16505668 0.25027868 0.27051938
v 0.16229510 0.25315487 0.26339293
v 0.15548895 0.25233620 0.29643252
v 0.15707105 0.25140241 0.29689872
v 0.15927468 0.25028464 0.29607886
v 0.14915675 0.25396711 0.30112916
v 0.15651150 0.25217682 0.29840031
v 0.15928450 0.25167194 0.29884309
v 0.18774852 0.24328721 0.29584190
v 0.20059247 0.24108776 0.30666465
v 0.21894787 0.22686148 0.30918571
v -0.18732169 0.04901275 0.31322232
v -0.16195932 0.05093747 0.35412851
v -0.15112056 0.05279586 0.35505217
v -0.13174421 0.04015698 0.36178172
v -0.09358253 0.00020007 0.39001989
v -0.09356219 0.02553294 0.37265766
v -0.09455357 0.06071888 0.35898864
v -0.11911339 0.04138649 0.36422774
v -0.09755761 0.03146167 0.36763236
v -0.09262769 0.06087059 0.35906422
v -0.08980657 0.03146258 0.36812055
v -0.06587808 0.04352383 0.36846533
v -0.05936646 0.04416185 0.36973566
v -0.22346807 0.09148166 0.31322923
v -0.20671879 0.08645289 0.34067178
v -0.21859910 0.08246536 0.31894603
v -0.20343283 0.07026079 0.32125312
v -0.20556930 0.08876089 0.34698689
v -0.20352364 0.07022150 0.36752373
v -0.22238192 0.09579897 0.31322905
v -0.20580986 0.09393586 0.34440255
v -0.22102219 0.09391566 0.31804913
v -0.19501391 0.07802245 0.34440207
v -0.20485382 0.09767453 0.34253505
v -0.20543906 0.09884574 0.34684926
v -0.20879188 0.09393726 0.35599348
v -0.21860877 0.10016220 0.31634372
v -0.18733908 0.06616523 0.33747852
v -0.18281227 0.06269813 0.34666076
v -0.18521282 0.06695528 0.34440053
v -0.18733986 0.06505764 0.34911573
v -0.17181551 0.07056866 0.32094628
v -0.15909761 0.09244996 0.31318450
v -0.15607323 0.06270488 0.34051913
v -0.16169402 0.07393268 0.33439499
v -0.14830315 0.07825723 0.33654180
v -0.13790062 0.06270880 0.35092050
v -0.17314523 0.05415861 0.36852702
v -0.15607014 0.03416748 0.37425634
v -0.15941504 0.09563123 0.31318361
v -0.19644576 0.11410631 0.31774154
v -0.18734430 0.12423502 0.31319243
v -0.15694742 0.09396330 0.31492585
v -0.15459467 0.09396400 0.31613326
v -0.13329200 0.07965803 0.34437650
v -0.13528885 0.08881786 0.33408463
v -0.13167001 0.10274595 0.32684770
v -0.11787221 0.09397275 0.34436262
v -0.15607625 0.09885081 0.31561843
v -0.10045834 0.06271833 0.35653964
v -0.12481260 0.05808668 0.35362363
v -0.12481286 0.06571704 0.35038364
v -0.09355167 0.06272047 0.35800749
v -0.10083662 0.07728446 0.35270441
v -0.09034170 0.06913906 0.35677689
v -0.09096108 0.06272072 0.35869226
v -0.14297959 0.11867227 0.32222176
v -0.12481420 0.11407969 0.32208866
v -0.12481210 0.12830260 0.31314915
v -0.11176556 0.09913190 0.34435791
v -0.10795740 0.09643207 0.34558487
v -0.11030574 0.09285223 0.34660167
v -0.11011278 0.09490240 0.34621274
v -0.10830314 0.09397482 0.34611908
v -0.08141959 0.10097151 0.34784329
v -0.08054205 0.09397999 0.34959644
v -0.07389602 0.08996058 0.35238957
v -0.07507566 0.09682509 0.35003430
v -0.06230134 0.05177034 0.36626977
v -0.06229320 0.07050502 0.35990059
v -0.05155171 0.05247962 0.37022603
v -0.04498301 0.06970197 0.36693299
v -0.03105213 0.06273818 0.37261701
v -0.03104645 0.07947667 0.36832318
v -0.03498096 0.11737788 0.35600665
v -0.05318540 0.08746362 0.35738319
v -0.05158995 0.09891138 0.35418206
v -0.03874889 0.09399343 0.36015838
v -0.02890566 0.12096960 0.35779411
v -0.02612056 0.09399888 0.36572886
v -0.00272732 0.10669690 0.36966652
v 0.00252004 0.10733175 0.37092611
v 0.06161439 0.10858412 0.37335101
v 0.06388856 0.10848529 0.37315297
v 0.21842727 0.12450808 0.35959858
v 0.21926025 0.12445121 0.35957029
v -0.18866953 0.12519589 0.34373727
v -0.18912597 0.12519665 0.34526619
v -0.20711043 0.11943936 0.36573139
v -0.21862000 0.12519276 0.37272838
v -0.20311810 0.13294998 0.36771962
v -0.18769945 0.12586448 0.34438717
v -0.19160385 0.14506035 0.36712298
v -0.18736389 0.12653685 0.34171030
v -0.18687455 0.12617986 0.34438643
v -0.16745821 0.13088632 0.32309908
v -0.15867601 0.13037030 0.33133534
v -0.15047468 0.13647060 0.33437106
v -0.15609169 0.13276280 0.32499182
v -0.16370606 0.14040470 0.35237885
v -0.14471266 0.14801592 0.34857425
v -0.18181163 0.14639440 0.36446613
v -0.16207173 0.15647136 0.36367673
v -0.13516212 0.14586003 0.34434354
v -0.13019851 0.14623035 0.32386380
v -0.12499930 0.15649188 0.34434038
v -0.14617172 0.15648106 0.35569289
v -0.13804138 0.15404369 0.34921733
v -0.13560206 0.16136993 0.35409170
v -0.13196416 0.14442992 0.31314442
v -0.10392314 0.12523788 0.33391741
v -0.11380909 0.13536443 0.31863421
v -0.12481452 0.14858013 0.31314155
v -0.10091665 0.15281868 0.31314155
v -0.09355313 0.12524131 0.33424658
v -0.10115534 0.14042787 0.33631915
v -0.08402015 0.14432797 0.33825958
v -0.06572607 0.12524450 0.34604564
v -0.11529025 0.16258809 0.33217531
v -0.09568276 0.15650769 0.31740719
v -0.11203466 0.16214880 0.34433824
v -0.10560296 0.16369857 0.34074640
v -0.09793364 0.17906089 0.35559288
v -0.09029464 0.15650889 0.31963047
v -0.06970612 0.14004888 0.34433547
v -0.07494013 0.15351588 0.33835596
v -0.07143389 0.16300833 0.33136967
v -0.06127975 0.15651333 0.34433067
v -0.08032620 0.16128506 0.34195045
v -0.08748183 0.17557041 0.35384810
v -0.07166295 0.16905540 0.34433585
v -0.05042388 0.12524845 0.35026321
v -0.06230113 0.12388974 0.34704378
v -0.06230325 0.12659340 0.34702784
v -0.03104610 0.12525387 0.35474157
v -0.04082558 0.14482179 0.35016507
v -0.02094517 0.14546247 0.34983951
v -0.02472329 0.12525684 0.35676903
v -0.04397031 0.16191790 0.34702238
v -0.04798922 0.15519941 0.34695813
v -0.04813800 0.15798253 0.34725541
v -0.04485234 0.15651724 0.34796014
v -0.01792122 0.16155127 0.34681979
v -0.01043185 0.16649158 0.34431157
v -0.01709701 0.15653014 0.34767488
v -0.01354076 0.15465902 0.34805045
v -0.01399415 0.15795070 0.34714395
v 0.00021054 0.11386371 0.36709780
v 0.00020030 0.13300297 0.35974896
v 0.01237262 0.11572936 0.36944747
v 0.05629467 0.11287326 0.37231800
v 0.02011720 0.13094747 0.36555853
v 0.03145257 0.12528521 0.36783588
v 0.03144785 0.13693529 0.36570749
v 0.04316394 0.13114792 0.36574453
v 0.00022790 0.18280043 0.33431208
v 0.00024595 0.19784437 0.31312191
v 0.00830713 0.17161953 0.34430051
v 0.01931178 0.16349898 0.34776095
v 0.01249739 0.15320568 0.35095429
v 0.01323932 0.15913618 0.34947211
v 0.01927986 0.15654407 0.35117912
v 0.04245530 0.16583337 0.34890294
v 0.05378991 0.16994637 0.34426874
v 0.04247871 0.15655386 0.35347021
v 0.05172175 0.15192214 0.35353172
v 0.05002589 0.15949501 0.35013470
v 0.06270335 0.11137702 0.37211701
v 0.06270789 0.13402447 0.36171451
v 0.07305078 0.11484931 0.37035614
v 0.08652046 0.12902746 0.36362779
v 0.09395793 0.12530984 0.36548805
v 0.09395962 0.12994274 0.36222938
v 0.10053629 0.12860078 0.36320800
v 0.06274063 0.18079297 0.33023429
v 0.08518613 0.18341723 0.32426602
v 0.07405303 0.16516328 0.34427276
v 0.08525771 0.17036498 0.33738011
v 0.08024950 0.16036756 0.34617162
v 0.07559428 0.15381238 0.34977087
v 0.07670604 0.15820441 0.34754953
v 0.08000849 0.15656441 0.34759596
v 0.12487625 0.15656251 0.34429765
v 0.10300171 0.16978362 0.33767772
v 0.10782224 0.16011831 0.34606266
v 0.11214302 0.16164224 0.34428525
v 0.10804649 0.15655991 0.34739205
v 0.11185788 0.15430054 0.34880999
v 0.11081696 0.15777817 0.34672147
v 0.09399752 0.18128094 0.32539636
v 0.13786425 0.15062301 0.34431162
v 0.12519738 0.13202369 0.35773700
v 0.13817634 0.15390386 0.33899128
v 0.14321916 0.15178563 0.34192637
v 0.16428562 0.14105591 0.33658624
v 0.14786634 0.14245580 0.35137683
v 0.15925448 0.13100393 0.35711685
v 0.15088955 0.12807408 0.36272129
v 0.15640555 0.12531205 0.36524206
v 0.15640844 0.12863323 0.36162364
v 0.16077231 0.12749651 0.36215183
v 0.13544564 0.16196778 0.33350629
v 0.10675165 0.18144201 0.32229409
v 0.12523718 0.17652640 0.32172436
v 0.12524754 0.18549009 0.31305909
v 0.13219951 0.17567325 0.31654534
v 0.14584604 0.15656428 0.33429146
v 0.16080354 0.15656364 0.32182056
v 0.18438318 0.13178238 0.34435329
v 0.18256852 0.14601332 0.32324907
v 0.16656068 0.16162473 0.31309676
v 0.15644892 0.16415089 0.31687909
v 0.21456653 0.12531221 0.35786426
v 0.19060719 0.13129923 0.34435770
v 0.18761133 0.12781082 0.34936428
v 0.18764386 0.15258224 0.31311578
v 0.19237335 0.14568713 0.32260460
v 0.21348783 0.15387939 0.31313714
v 0.21882986 0.12531349 0.35804325
v 0.21322519 0.13655218 0.33436763
v 0.22883922 0.14532599 0.33874881
v 0.21886377 0.15222035 0.31531662
v 0.22013925 0.12531339 0.35934570
v 0.21629168 0.12404311 0.36126998
v 0.21882908 0.12406271 0.36062646
v 0.22001886 0.12471822 0.36059573
v 0.22308132 0.12744102 0.36212614
v 0.23865634 0.14816377 0.34436500
v 0.23840347 0.15262736 0.33649063
v 0.24153849 0.16363201 0.33024251
v 0.24259540 0.15656421 0.34435755
v 0.24334484 0.14766023 0.36216745
v 0.22163351 0.15518978 0.31314310
v 0.22486967 0.15957302 0.31314075
v 0.24174619 0.17638096 0.31731719
v 0.25009620 0.18579043 0.34030816
v 0.25102085 0.18594667 0.34433383
v 0.25495631 0.16729328 0.36580473
v -0.15612820 0.16455558 0.37151414
v -0.13439649 0.17687456 0.37078121
v -0.15613014 0.18772689 0.38296378
v -0.12486059 0.17715693 0.36547628
v -0.09833126 0.18538918 0.36230102
v -0.09358598 0.18569769 0.36096466
v -0.09139121 0.18666646 0.36102933
v -0.09358586 0.18776253 0.36175466
v -0.09020814 0.18945181 0.36161947
v -0.06793017 0.20901912 0.36432040
v -0.05410653 0.18777739 0.34842473
v -0.06230261 0.18543310 0.34901026
v -0.06230118 0.19121474 0.35120970
v -0.03102797 0.18779188 0.33752173
v -0.01572917 0.18780044 0.33635423
v -0.00992032 0.19834854 0.31819800
v -0.03803979 0.20179665 0.35294163
v -0.01707041 0.21567985 0.34601679
v -0.05439370 0.21130273 0.35977137
v -0.03713974 0.21904314 0.36334136
v -0.01181988 0.21192682 0.34432817
v -0.00928197 0.21296051 0.33215630
v -0.00815539 0.21905874 0.34432906
v -0.01745966 0.21905474 0.34847909
v -0.01452961 0.21820375 0.34603316
v -0.01409551 0.22034213 0.34689933
v -0.00459528 0.20585206 0.31312615
v 0.01607127 0.18781444 0.33639711
v 0.01030519 0.19840924 0.31813604
v 0.00025061 0.20993198 0.31312445
v 0.01726082 0.21193916 0.31311548
v 0.03148803 0.18781906 0.33587489
v 0.02372270 0.20336735 0.33646584
v 0.03630495 0.19744086 0.33349672
v 0.04232278 0.18782103 0.33409536
v 0.01027515 0.22466333 0.33313221
v 0.02709622 0.21906617 0.32192364
v 0.01218323 0.22645552 0.34431961
v 0.02160485 0.23051012 0.33860025
v 0.03386039 0.21906553 0.31779459
v 0.05883848 0.20736644 0.32090837
v 0.05619107 0.22811563 0.32622278
v 0.03834729 0.23664546 0.33552599
v 0.06275308 0.19898675 0.32198268
v 0.07694848 0.19635002 0.32015604
v 0.06575663 0.20644414 0.31906474
v 0.07996624 0.21204369 0.31306922
v 0.06808423 0.22937554 0.32369637
v 0.08547974 0.22333914 0.31306922
v 0.06277017 0.24632385 0.33632684
v 0.09386899 0.24999446 0.32883167
v 0.09413330 0.25009310 0.32878223
v 0.09402595 0.24875635 0.32789958
v 0.09440902 0.25011638 0.32848358
v 0.12527502 0.25677115 0.31305370
v 0.23755258 0.19712490 0.31940481
v 0.18773568 0.25195742 0.31308186
v 0.20894383 0.24527365 0.32369059
v 0.21518144 0.24276108 0.33244818
v 0.23915224 0.21440622 0.33504981
v 0.23667298 0.22119515 0.34000409
v 0.23983249 0.21904400 0.34430867
v 0.22852898 0.23105007 0.33830366
v 0.23680335 0.22362031 0.34430563
v 0.24938761 0.23397608 0.37414449
v 0.23162228 0.21268812 0.31310403
v 0.22537434 0.22225350 0.31309682
v 0.21894208 0.23476022 0.32094559
v 0.25009772 0.18896465 0.34201056
v 0.25096959 0.18780397 0.34389484
v 0.25136262 0.18780433 0.34496778
v 0.25068215 0.18897946 0.34433123
v 0.25737831 0.17584895 0.37192816
v 0.26116663 0.19788823 0.37002566
v 0.25534901 0.20869628 0.36503166
v -0.03102742 0.22942565 0.37036413
v -0.01411820 0.24186553 0.36837417
v -0.03103381 0.25030521 0.38035616
v 0.01857568 0.25031585 0.35346487
v 0.00024696 0.24265108 0.35963666
v 0.03151297 0.25031364 0.34217441
v 0.05518223 0.25031221 0.34051183
v 0.02688329 0.25955898 0.35529712
v 0.03851645 0.26433629 0.35290515
v 0.00773115 0.26219651 0.37178311
v 0.03148217 0.27658010 0.37302005
v 0.06018187 0.25547960 0.34429640
v 0.05347590 0.27520645 0.35698855
v 0.06197248 0.29641590 0.37398398
v 0.06276999 0.25237858 0.34016863
v 0.09233012 0.25030833 0.32952252
v 0.06819668 0.26117137 0.34429467
v 0.09402579 0.25030798 0.32890010
v 0.09428894 0.25030795 0.32880637
v 0.08138229 0.27554914 0.34728682
v 0.10736220 0.27701789 0.34653127
v 0.07520860 0.27837974 0.35063040
v 0.06463555 0.29528159 0.37171891
v 0.08144005 0.28154600 0.35040402
v 0.11220501 0.27637780 0.34427062
v 0.10731345 0.28153926 0.34888694
v 0.11123060 0.27993110 0.34748483
v 0.11650363 0.28842667 0.35803360
v 0.12526870 0.26247078 0.31994599
v 0.14035243 0.28051186 0.34427196
v 0.13238776 0.26235980 0.31661114
v 0.14140092 0.28047076 0.34373832
v 0.16745268 0.27222937 0.33962774
v 0.15649353 0.26325449 0.32219392
v 0.17265746 0.25836995 0.32060295
v 0.14114118 0.28098932 0.34454697
v 0.16933957 0.27601239 0.34703538
v 0.14056388 0.28123736 0.34487584
v 0.13899995 0.28340387 0.34799740
v 0.14132461 0.28153944 0.34518892
v 0.17590293 0.27392510 0.34427980
v 0.16794303 0.28153452 0.35257915
v 0.17563514 0.27799219 0.35135454
v 0.18772650 0.25942904 0.32601297
v 0.20980124 0.25027898 0.33325657
v 0.19529058 0.26544157 0.34428832
v 0.21891937 0.25028023 0.34958476
v 0.21639191 0.25532773 0.35738042
v 0.22017860 0.25282219 0.35863331
v 0.22263946 0.25028193 0.35803688
v 0.24834220 0.23554596 0.37466657
v 0.21890578 0.25701940 0.36326554
v 0.22279784 0.25223315 0.36185059
v 0.19564094 0.27385119 0.35962594
v 0.06205093 0.29752189 0.37516794
v 0.06273538 0.29748455 0.37490010
v 0.06363306 0.29762796 0.37506071
v 0.09399021 0.29615301 0.36819786
v 0.12016802 0.29969090 0.37295941
v 0.12522843 0.29869643 0.37241602
v 0.12903225 0.29906267 0.37358522
v 0.15646411 0.29350626 0.36950636
v -0.15785041 -0.00333588 0.42068753
v -0.15321797 -0.00550506 0.41960514
v -0.13025929 -0.01066223 0.40685058
v -0.13267054 -0.02325201 0.42242038
v -0.09361601 -0.06228474 0.45213968
v -0.09360445 -0.04183983 0.43267944
v -0.12482391 -0.00389062 0.39866847
v -0.09504112 -0.00052962 0.39050046
v -0.11780050 -0.01386356 0.40684825
v -0.09516860 -0.00296978 0.39281255
v -0.10469264 -0.02200759 0.41136640
v -0.11535536 -0.02490533 0.41912168
v -0.10237859 -0.03104664 0.42052233
v -0.09210849 -0.00275542 0.39270455
v -0.08275164 -0.02150112 0.41161403
v -0.06905122 -0.01319524 0.40683877
v -0.08512248 -0.03104711 0.42111748
v -0.07334194 -0.02640638 0.41612121
v -0.09358340 -0.00083899 0.39071009
v -0.03111880 -0.03174493 0.43772906
v -0.09241611 -0.00038399 0.39064530
v -0.06234697 -0.00320238 0.40003005
v -0.05776197 -0.00898319 0.40683770
v -0.03689169 -0.01134714 0.41667783
v -0.05349396 -0.02428591 0.42034441
v -0.03178441 -0.03102889 0.43675596
v -0.02718945 -0.00761671 0.41854039
v -0.03073205 -0.03102838 0.43731448
v -0.19179855 0.01358588 0.43581605
v -0.18979007 0.05774853 0.40681657
v -0.19120812 0.01973407 0.43026093
v -0.19552264 0.03885493 0.42162812
v -0.16157149 0.00021145 0.41971278
v -0.18730512 0.01216335 0.43072867
v -0.15607433 0.00021178 0.41543496
v -0.14883500 0.01466414 0.39845935
v -0.13759455 0.00020304 0.40046984
v -0.16562605 0.01931501 0.41290089
v -0.16356415 -0.00353145 0.42620090
v -0.15608270 -0.01522267 0.43017852
v -0.18731987 0.05730590 0.39605957
v -0.18732810 0.06162933 0.37560254
v -0.17714392 0.05215464 0.38068861
v -0.16740710 0.03144734 0.40683070
v -0.17855033 0.04515999 0.40682355
v -0.16910197 0.03662502 0.40424132
v -0.17041065 0.03400689 0.40810862
v -0.17647180 0.02666683 0.41639486
v -0.17351459 0.03327547 0.41048124
v -0.17052062 0.03144827 0.40916911
v -0.15540582 0.03144551 0.37694296
v -0.12827721 0.01928852 0.38253701
v -0.15442167 0.03226954 0.37561637
v -0.15606964 0.03308772 0.37643614
v -0.12482047 0.01077659 0.38571918
v -0.10057949 0.00370013 0.38773340
v -0.12481688 0.02404781 0.37562138
v -0.12291010 0.01773511 0.37943473
v -0.11314414 0.02166584 0.37562227
v -0.09037720 0.00180371 0.38962683
v -0.06596816 0.01948348 0.38289815
v -0.08109491 0.02522480 0.37561607
v -0.06233803 0.00725480 0.39275756
v -0.05243723 0.00020871 0.40188640
v -0.06231246 0.03509375 0.37560830
v -0.05792706 0.02023980 0.38440305
v -0.03110045 0.00022076 0.41009611
v -0.03748204 0.01300768 0.39761651
v -0.02036829 0.02165400 0.40192339
v -0.02052762 0.00022602 0.41717184
v -0.01210906 -0.00926766 0.43196344
v -0.05160137 0.04174605 0.37560442
v -0.03605487 0.03147612 0.38557002
v -0.02175887 0.03148448 0.39421073
v -0.01133252 0.02324633 0.40683258
v -0.01248282 0.02852290 0.40090567
v -0.01032482 0.03660875 0.39659959
v 0.00325711 0.03149464 0.40683138
v -0.03105934 0.04418041 0.38194489
v 0.00015902 0.00934899 0.42505249
v 0.01206201 0.00992255 0.43214232
v 0.03142969 0.02153968 0.43310702
v -0.01505472 0.05474344 0.38321328
v 0.00020027 0.05384762 0.38902396
v 0.01272300 0.03768411 0.40682971
v 0.01857807 0.03703036 0.40959394
v 0.01187602 0.02757056 0.41469005
v 0.01411282 0.03319771 0.41022772
v 0.02059148 0.03150374 0.41639560
v 0.03980582 0.04605014 0.41409695
v 0.03704970 0.03151254 0.42686301
v 0.05668524 0.04114113 0.42607558
v 0.06696631 0.04287658 0.42953897
v -0.25416338 0.10523704 0.42937052
v -0.21159545 0.07666785 0.39818579
v -0.19445509 0.06268962 0.40325174
v -0.19957966 0.07219035 0.38170934
v -0.21759956 0.06460842 0.42147547
v -0.21185878 0.06269180 0.41908485
v -0.21717547 0.06200296 0.42312342
v -0.21855441 0.06269307 0.42383784
v -0.21855605 0.06377731 0.42297602
v -0.21772768 0.06310634 0.42284766
v -0.22982654 0.11958992 0.38559332
v -0.23164146 0.09393980 0.40681508
v -0.23254840 0.09728491 0.40514275
v -0.23358057 0.09521542 0.40745246
v -0.23600873 0.09573511 0.41040054
v -0.23347998 0.09393998 0.40828800
v -0.21641973 0.09393767 0.37996805
v -0.21116534 0.09021668 0.37559271
v -0.21376556 0.09636170 0.37559220
v -0.21861415 0.09952043 0.37837791
v -0.00416198 0.07619354 0.37775293
v -0.00080917 0.07940141 0.37760451
v -0.00654178 0.08175578 0.37556535
v 0.00021031 0.07659925 0.37913018
v 0.02176158 0.06276105 0.39603949
v 0.00021189 0.08942828 0.37555629
v 0.00139554 0.07956783 0.37793386
v 0.03145878 0.06276620 0.39998969
v 0.02797860 0.06972846 0.39466962
v 0.03640700 0.07266617 0.39613166
v 0.05526939 0.06277656 0.41053152
v 0.02171031 0.09889679 0.37553805
v 0.03046501 0.09402376 0.37753046
v 0.03301013 0.09402501 0.37863630
v 0.05849124 0.07120377 0.40680879
v 0.05524907 0.08586480 0.39045691
v 0.04797234 0.10229423 0.37553006
v 0.03146098 0.09682880 0.37693772
v 0.06917766 0.07574005 0.40680403
v 0.06269819 0.05707709 0.41822782
v 0.06270129 0.06520911 0.41167155
v 0.06270198 0.10663515 0.37552619
v 0.07264489 0.08836219 0.39543250
v 0.08247153 0.08573906 0.40264612
v 0.10558283 0.08613445 0.40286282
v 0.09186017 0.06692821 0.42038602
v 0.09610592 0.06716492 0.42027318
v 0.09048527 0.06107385 0.42417875
v 0.09273341 0.06339060 0.42305276
v 0.09392281 0.06279600 0.42373684
v 0.09392281 0.06386670 0.42299300
v 0.09559873 0.06363574 0.42329848
v 0.06640489 0.10782032 0.37552714
v 0.08482677 0.09404923 0.39377695
v 0.10328163 0.09405848 0.39427954
v 0.11504689 0.08304094 0.40683758
v 0.11373312 0.08986596 0.39844227
v 0.11910499 0.10361579 0.38771638
v 0.09393837 0.10793301 0.38248330
v 0.13585541 0.08424070 0.40686312
v 0.12514602 0.06891891 0.41907009
v 0.13707863 0.09037696 0.39948657
v 0.14414009 0.08730198 0.40348995
v 0.17120795 0.09251686 0.40610966
v 0.14873593 0.07810272 0.41486648
v 0.16940813 0.08891512 0.40946388
v 0.14951146 0.06625208 0.42595044
v 0.15636379 0.06282476 0.42965001
v 0.15636593 0.06806514 0.42514604
v 0.16596423 0.06762923 0.42734045
v 0.13188264 0.10296677 0.38903505
v 0.11725567 0.11364827 0.37953109
v 0.12517628 0.11230896 0.38082364
v 0.12518311 0.11889099 0.37557214
v 0.13401625 0.11411123 0.38000667
v 0.14584549 0.09406496 0.39669821
v 0.17067935 0.09406739 0.40427196
v 0.17308947 0.09185159 0.40688747
v 0.17282639 0.09322260 0.40519604
v 0.17492530 0.09701038 0.40099487
v 0.17930952 0.09406848 0.40688771
v 0.15638605 0.11032608 0.38373888
v 0.18758190 0.07118098 0.42363402
v 0.20277928 0.07086008 0.43058875
v 0.21880677 0.06285635 0.44620568
v 0.21881504 0.08193351 0.43210506
v 0.17827488 0.11435783 0.38028330
v 0.18759975 0.11354244 0.38332704
v 0.18760428 0.11763453 0.37561899
v 0.20344454 0.11761706 0.38354862
v 0.20010641 0.10027753 0.40689129
v 0.21005106 0.10776091 0.40003946
v 0.20616937 0.10000212 0.40985909
v 0.19973303 0.09060001 0.41385460
v 0.20150866 0.09577076 0.41029537
v 0.20786731 0.09407779 0.41623449
v 0.22379132 0.11537778 0.39622521
v 0.22831689 0.10631606 0.41300893
v 0.22601505 0.09408757 0.42375809
v 0.24649629 0.10618329 0.43107900
v 0.21882197 0.11550696 0.38634998
v 0.22828397 0.12058392 0.38651478
v 0.25190550 0.10784803 0.43439981
v -0.26143837 0.11538534 0.43223351
v -0.26574531 0.13287529 0.43007064
v -0.24346602 0.15645307 0.40676492
v -0.25803483 0.14900911 0.42165381
v -0.25709799 0.16483872 0.42351592
v -0.24548718 0.12519707 0.40460894
v -0.24815263 0.12519713 0.40764734
v -0.24660237 0.13171990 0.40678841
v -0.24985386 0.12285881 0.41147301
v -0.24985808 0.12662415 0.40964353
v -0.23015860 0.13096191 0.38542050
v -0.23839706 0.15230536 0.39849192
v -0.21862620 0.13877441 0.38439348
v -0.23711737 0.15931581 0.40104192
v -0.22922918 0.15645336 0.39673027
v -0.23834364 0.16464104 0.40676025
v -0.22938576 0.16619052 0.40190041
v -0.21309005 0.15645279 0.38662681
v -0.19264519 0.16682245 0.38606119
v -0.21292342 0.17629044 0.39685601
v -0.19831428 0.14629975 0.37556505
v -0.18737808 0.15234169 0.37556130
v -0.18309237 0.16779754 0.38412118
v -0.16842842 0.16261755 0.37554860
v -0.18738523 0.17814124 0.38764244
v -0.16857344 0.18150017 0.38493726
v -0.12486635 0.19141915 0.37553513
v 0.23918511 0.12532485 0.40144041
v 0.23861384 0.13521677 0.38133803
v 0.24573024 0.12532957 0.40903294
v 0.24801868 0.12937194 0.40687430
v 0.24788277 0.14310892 0.37994832
v 0.24519692 0.14336871 0.37561083
v 0.26503667 0.15536278 0.40686673
v 0.25003409 0.11816096 0.42124751
v 0.25003621 0.12728347 0.41078192
v 0.25005358 0.15244403 0.37560344
v 0.26508266 0.15601720 0.40573865
v 0.26572049 0.15643127 0.40679127
v 0.26575938 0.15635332 0.40698066
v 0.25552160 0.11247534 0.43540472
v 0.26749912 0.13223046 0.42939460
v 0.28124297 0.12536503 0.45277166
v 0.28124687 0.14974281 0.43470496
v 0.25785518 0.16828790 0.37559488
v 0.26639730 0.18037288 0.38377172
v 0.26583993 0.15658167 0.40686637
v 0.26575801 0.15658151 0.40664107
v 0.26601094 0.15731256 0.40650031
v 0.28541985 0.17951174 0.41833213
v 0.28426623 0.15660295 0.43209195
v -0.25829107 0.17630863 0.43376657
v -0.23488104 0.18770701 0.41424221
v -0.24985525 0.17869297 0.42477235
v -0.21862647 0.18770981 0.40425351
v -0.20558223 0.18771075 0.39767072
v -0.22482494 0.20013481 0.41616553
v -0.20730631 0.21033192 0.41108105
v -0.24337320 0.20010364 0.43474397
v -0.22354656 0.21897289 0.42808607
v -0.19870093 0.21038458 0.40676719
v -0.19052373 0.21897444 0.40677178
v -0.20847574 0.21897301 0.41775295
v -0.20089419 0.21688101 0.41094789
v -0.19974777 0.22220534 0.41322643
v -0.18738018 0.19407773 0.39405915
v -0.16310383 0.19121093 0.38766810
v -0.17614232 0.21457827 0.39798617
v -0.15612812 0.19511037 0.38746524
v -0.13840264 0.19659719 0.38229585
v -0.17450577 0.22175191 0.40124404
v -0.16710256 0.21898329 0.39751315
v -0.17698683 0.22950301 0.40677953
v -0.16732189 0.22780353 0.40238053
v -0.14776042 0.21899062 0.39223969
v -0.12819374 0.20670331 0.38219774
v -0.13311195 0.22636169 0.39207011
v -0.14746833 0.23299536 0.39979339
v -0.12486355 0.20108649 0.38010174
v -0.11934269 0.20061332 0.37829098
v -0.12253825 0.20569588 0.38017789
v -0.09358261 0.21208647 0.37900376
v -0.11828749 0.22807524 0.38865703
v -0.12483844 0.24611214 0.39849544
v -0.09651993 0.21901456 0.38142323
v -0.09554327 0.24634148 0.39313808
v -0.09108706 0.21901730 0.38051963
v -0.06384220 0.23311339 0.37862790
v -0.09192828 0.24698630 0.39281633
v -0.08240025 0.21343453 0.37554616
v -0.06230330 0.22705859 0.37554991
v -0.06080727 0.23316109 0.37853429
v -0.05172153 0.22937547 0.37554690
v -0.06230184 0.23722778 0.38069111
v -0.05215512 0.23973487 0.38061273
v 0.00022762 0.26042578 0.37553123
v 0.24998043 0.23457178 0.37574515
v 0.24983871 0.23455197 0.37553981
v 0.27425662 0.18782532 0.39473122
v 0.27079615 0.19306728 0.38596666
v 0.25008303 0.23409493 0.37554020
v 0.26227701 0.20954564 0.37556827
v 0.28126693 0.18783209 0.40431696
v 0.27640736 0.19756454 0.39608613
v 0.28816879 0.20165354 0.41557479
v 0.28917560 0.18784201 0.41853511
v 0.29302305 0.18196112 0.42839050
v 0.30141234 0.19793284 0.43258652
v 0.25034255 0.23441465 0.37606046
v 0.24978900 0.23482162 0.37568673
v 0.25008282 0.23495403 0.37609836
v 0.28307617 0.21907797 0.40683624
v 0.27218732 0.21906994 0.39377785
v 0.27145261 0.23065108 0.40101919
v 0.28486592 0.24313004 0.41884804
v 0.29205069 0.21908686 0.41651773
v -0.21857977 0.22761738 0.43366981
v -0.20116618 0.24153191 0.43107384
v -0.16930452 0.25023916 0.41578647
v -0.18732378 0.24341796 0.42040402
v -0.15607974 0.25024799 0.41108868
v -0.13257527 0.25025994 0.40292192
v -0.15956783 0.25723538 0.41890493
v -0.15185101 0.25869626 0.41817793
v -0.17804459 0.26123059 0.43336034
v -0.15606497 0.27658314 0.43553820
v -0.12759376 0.25578374 0.40678579
v -0.13189471 0.27295884 0.42387667
v -0.12483390 0.25239843 0.40252286
v -0.10468058 0.25027251 0.39672101
v -0.12048171 0.25897181 0.40678671
v -0.09357387 0.25027806 0.39474577
v -0.08810104 0.25027922 0.39390379
v -0.10329744 0.26972353 0.41268259
v -0.08088329 0.27566597 0.40971690
v -0.11548479 0.27524239 0.41934049
v -0.10183334 0.28153384 0.42150390
v -0.07363952 0.27293149 0.40677848
v -0.04953584 0.28155252 0.40676838
v -0.08191191 0.28154033 0.41470462
v -0.07554324 0.27913952 0.41158471
v -0.07190319 0.28759041 0.41885245
v -0.06230599 0.25768387 0.39199847
v -0.03946264 0.25451177 0.38694900
v -0.04720208 0.28103521 0.40573242
v -0.03104218 0.25945106 0.38658392
v -0.00778890 0.26193708 0.37953395
v -0.04697476 0.28184402 0.40618706
v -0.04610458 0.28155386 0.40561056
v -0.04706948 0.28232369 0.40676728
v -0.04628571 0.28235051 0.40636930
v -0.04545155 0.28401986 0.40799755
v -0.01885391 0.28156874 0.39990467
v -0.00504202 0.27120373 0.38603655
v -0.01198051 0.28501278 0.39987075
v -0.01793571 0.28658324 0.40424874
v -0.02144476 0.29359546 0.41275886
v -0.01138660 0.28965476 0.40674734
v 0.00022322 0.26452488 0.37836909
v 0.00327567 0.26442030 0.37705407
v 0.00317146 0.26889876 0.38142598
v 0.03147697 0.27966118 0.37646809
v 0.00987559 0.28752559 0.39484698
v 0.02955144 0.28157368 0.37935376
v 0.00907404 0.29506743 0.40673685
v 0.02310896 0.29614162 0.39945337
v 0.03241187 0.28157330 0.37738132
v 0.03680043 0.30213481 0.39645624
v 0.03447507 0.28007472 0.37551281
v 0.05494446 0.29328990 0.37551036
v 0.06151293 0.29779103 0.37611949
v 0.06273482 0.29794747 0.37550944
v 0.08826107 0.30994049 0.38825399
v 0.09392289 0.31268835 0.39116338
v 0.09402891 0.31269658 0.39115927
v 0.09397808 0.31256464 0.39099160
v 0.09501337 0.31228033 0.39059073
v 0.12522630 0.30048019 0.37548631
v 0.13852096 0.30381602 0.38213348
v 0.15459993 0.30909511 0.39294472
v 0.18487574 0.29434824 0.38111886
v 0.15818809 0.30930835 0.39283767
v 0.17690963 0.29176587 0.37549263
v 0.15645203 0.30555776 0.38748455
v 0.18768929 0.28781581 0.37549552
v 0.20629236 0.27522689 0.37550020
v 0.21889138 0.27000216 0.38127610
v 0.23354204 0.25763676 0.38379812
v 0.19175863 0.29308501 0.38365069
v 0.18767600 0.30639055 0.39392084
v 0.21328062 0.28154218 0.38672686
v 0.21031058 0.29562831 0.39969307
v 0.22974202 0.28155136 0.39725935
v 0.23735271 0.27867237 0.40098569
v 0.23603228 0.28311604 0.40362898
v 0.24156804 0.28155965 0.40675187
v 0.23186681 0.28677976 0.40413502
v 0.23674749 0.28611442 0.40674937
v 0.25007576 0.25525254 0.39688560
v 0.26110840 0.25031430 0.40125632
v 0.25593564 0.26206589 0.40677491
v 0.28126809 0.25032952 0.41860396
v 0.27918652 0.25449890 0.42035010
v 0.28232041 0.25243825 0.42138568
v 0.28379732 0.25033104 0.42117697
v 0.29305130 0.24444006 0.42835456
v 0.28665930 0.25303200 0.42514202
v 0.25997734 0.27587685 0.41815746
v 0.25788513 0.28936338 0.42234629
v 0.28078592 0.28158715 0.43710327
v 0.28147784 0.28158757 0.43759441
v -0.09357045 0.29545408 0.43104362
v -0.07176311 0.30189335 0.43327081
v -0.09355846 0.31278455 0.45054755
v -0.06231937 0.30163416 0.42908359
v -0.04434691 0.30616874 0.42900461
v -0.03106375 0.30596197 0.42578822
v -0.02179806 0.30818576 0.42698848
v -0.03106727 0.31281972 0.43566087
v 0.02731964 0.31282961 0.42028546
v 0.00018805 0.30609989 0.42018032
v 0.03144272 0.31282905 0.41770113
v 0.05649488 0.31282175 0.40362358
v 0.03055433 0.31460151 0.42145813
v 0.03256874 0.31508622 0.42121530
v 0.02671853 0.31518984 0.42470062
v 0.03143864 0.31614795 0.42399907
v 0.06115120 0.31593463 0.40672776
v 0.05854519 0.33258659 0.42967391
v 0.06271023 0.31490070 0.40256768
v 0.09287108 0.31279927 0.39166123
v 0.06448846 0.31638169 0.40672654
v 0.09397788 0.31279856 0.39130548
v 0.09438945 0.31279853 0.39131385
v 0.08729491 0.32613289 0.41567886
v 0.10085177 0.32659721 0.41544020
v 0.09394573 0.34197804 0.43690348
v 0.06730209 0.33305788 0.42872348
v 0.12093933 0.32134029 0.40670839
v 0.11882198 0.33481625 0.42519575
v 0.12521033 0.31645301 0.39940888
v 0.14568788 0.31279641 0.39647442
v 0.12913364 0.32066697 0.40670761
v 0.15644594 0.31279570 0.39693132
v 0.17053317 0.31279504 0.39814445
v 0.14964518 0.32639056 0.41553479
v 0.16236410 0.32466888 0.41639796
v 0.13115098 0.33440134 0.42602584
v 0.15614958 0.34406981 0.43738019
v 0.18538579 0.31736138 0.40671515
v 0.15664804 0.34406984 0.43749186
v 0.18248159 0.33361080 0.42761236
v 0.18766855 0.31468564 0.40294391
v 0.19289887 0.31279787 0.40410197
v 0.18944544 0.31636229 0.40671647
v 0.21887165 0.31281006 0.41506863
v 0.21632701 0.31790131 0.41981018
v 0.22075200 0.31658730 0.42046955
v 0.22528008 0.31281403 0.41914862
v 0.21886215 0.32511768 0.42850208
v 0.23666871 0.32173431 0.43128031
v 0.19188765 0.33268073 0.42947826
v 0.25006837 0.30294684 0.42650199
v 0.26103443 0.30269420 0.43251690
v 0.28125423 0.28210086 0.43778536
v 0.15642658 0.34432539 0.43780652
v -0.12698597 -0.06653510 0.46933717
v -0.13026527 -0.08329433 0.48976874
v -0.09362680 -0.10306507 0.49584299
v -0.12485178 -0.06398251 0.46590737
v -0.09493048 -0.06294178 0.45304626
v -0.12104662 -0.06988479 0.46933889
v -0.09522602 -0.06550257 0.45531490
v -0.10430983 -0.08366118 0.47427809
v -0.11674434 -0.08600032 0.48437095
v -0.10110237 -0.09350965 0.48564816
v -0.09213760 -0.06524453 0.45518616
v -0.08324863 -0.08302516 0.47460043
v -0.07086539 -0.07924119 0.46935284
v -0.08650705 -0.09350966 0.48637322
v -0.07227734 -0.08778723 0.48082298
v -0.09361637 -0.06340881 0.45314148
v -0.09233097 -0.06292755 0.45306054
v -0.06237976 -0.06739636 0.45911127
v -0.05671997 -0.07359748 0.46935734
v -0.03555469 -0.07110891 0.48057663
v -0.05530943 -0.08495449 0.48648566
v -0.02797918 -0.06855369 0.48185745
v -0.17793739 -0.03100738 0.46931490
v -0.19486505 -0.01488694 0.46930122
v -0.19363955 -0.02171756 0.48785990
v -0.17359760 -0.03480224 0.46931893
v -0.17341320 -0.03272206 0.46589255
v -0.16935448 -0.03570062 0.46697474
v -0.14783862 -0.04576747 0.46195608
v -0.12951858 -0.06226653 0.46700174
v -0.16349562 -0.04741665 0.47753549
v -0.15371513 -0.05751385 0.48259166
v -0.14120938 -0.06225632 0.47751999
v -0.14941837 -0.06558180 0.48829865
v -0.15607904 -0.06224144 0.49257934
v -0.15607986 -0.05769269 0.48723739
v -0.15258326 -0.06049718 0.48671231
v -0.17559025 -0.02712016 0.46153486
v -0.18730916 -0.00844446 0.45197266
v -0.18730760 0.00608645 0.43806642
v -0.17773166 -0.01061365 0.44286633
v -0.16378652 -0.03101763 0.45348680
v -0.17795622 -0.03726020 0.48184377
v -0.15356871 -0.03102705 0.44312367
v -0.12952746 -0.04197184 0.44744095
v -0.15028921 -0.02813165 0.43808240
v -0.15608720 -0.02712224 0.44003567
v -0.12485106 -0.05735426 0.45949870
v -0.09800875 -0.06008701 0.45150581
v -0.12484643 -0.03614858 0.43807644
v -0.12165705 -0.04346619 0.44446093
v -0.11300929 -0.04074297 0.43807468
v -0.07257640 -0.05176473 0.44318107
v -0.06261853 -0.04641750 0.43856993
v -0.06381541 -0.04594211 0.43807805
v -0.06237346 -0.04730305 0.43936008
v -0.04614705 -0.06227220 0.46123892
v -0.06237290 -0.04592214 0.43807831
v -0.06210236 -0.04639236 0.43862027
v -0.04932003 -0.04013363 0.43808204
v -0.03112621 -0.06226157 0.47159058
v -0.03543985 -0.05363721 0.45804754
v -0.02443927 -0.04890455 0.46041644
v -0.03111917 -0.03291866 0.43903348
v -0.01990842 -0.06225472 0.47939837
v -0.03112976 -0.07734683 0.49256402
v -0.01798688 -0.06881820 0.49158952
v -0.00769137 -0.04661850 0.46937555
v -0.00928898 -0.03721299 0.45696652
v -0.00439750 -0.01992357 0.44718033
v 0.01116884 -0.03100155 0.46937692
v -0.03016011 -0.03150742 0.43808797
v -0.02783175 -0.02938366 0.43808815
v 0.00012540 -0.05353621 0.48681313
v 0.01161118 -0.05235843 0.49490842
v 0.03137550 -0.04026933 0.49600607
v -0.00503592 -0.01279753 0.44068527
v 0.00014556 -0.01235240 0.44416103
v 0.00014750 -0.00552740 0.43809319
v 0.01432604 -0.02812698 0.46937695
v 0.01756324 -0.02739782 0.47117844
v 0.01297835 -0.03377908 0.47494516
v 0.01457990 -0.02981660 0.47174385
v 0.01934398 -0.03099399 0.47655070
v 0.03975712 -0.01645321 0.47665244
v 0.03661670 -0.03097706 0.49018317
v 0.05745842 -0.02051160 0.49030909
v 0.09270726 -0.00203030 0.48388603
v 0.06619525 -0.01889826 0.49352875
v 0.09479339 -0.00153360 0.48413548
v 0.15561147 -0.00106848 0.48442531
v 0.15703669 -0.00110220 0.48440993
v -0.25038776 0.04647520 0.49922118
v -0.21241647 0.01244823 0.45978925
v -0.20351604 0.00023146 0.46119115
v -0.19611081 0.01143239 0.44246760
v -0.21631244 0.00465724 0.48271227
v -0.21253961 0.00024920 0.48192617
v -0.21086016 -0.00357543 0.48874873
v -0.21851233 0.00573633 0.48765874
v -0.21479225 0.00211444 0.48677903
v -0.23312560 0.05541594 0.44638097
v -0.22926742 0.03148727 0.46928847
v -0.23128094 0.03718682 0.46643764
v -0.23237938 0.03498582 0.47103649
v -0.24636050 0.04374503 0.49376833
v -0.23111373 0.03149110 0.47531414
v -0.21457271 0.03146297 0.44597167
v -0.20062497 0.02249901 0.43806130
v -0.20955692 0.03594627 0.43805918
v -0.21853107 0.04055776 0.44260669
v 0.02918076 0.00026077 0.45485437
v 0.02739962 0.00226626 0.45172682
v 0.03141448 0.00026265 0.45655358
v 0.03071696 0.00165853 0.45443591
v 0.03241476 0.00226075 0.45473668
v 0.03141804 0.00532762 0.45120010
v 0.05930396 0.00027947 0.47106329
v 0.06146061 0.00267309 0.46938595
v 0.05796875 0.02061124 0.44753325
v 0.04549476 0.02448620 0.43809843
v 0.07844763 0.00029351 0.47731262
v 0.06439497 0.00375862 0.46938702
v 0.06265029 -0.00312866 0.47621810
v 0.06265540 0.00133290 0.47149116
v 0.06268610 0.03224877 0.43810081
v 0.06883635 0.02207119 0.45044649
v 0.09387670 0.00030511 0.48156792
v 0.08618888 0.01571663 0.46148324
v 0.10205136 0.01663357 0.46195501
v 0.09928368 0.00030810 0.48235321
v 0.09386865 -0.00567876 0.48805082
v 0.11695318 -0.01123404 0.49665093
v 0.08078276 0.03810875 0.43811142
v 0.08920638 0.03154480 0.44754004
v 0.09899913 0.03155232 0.44833204
v 0.11892791 0.01268995 0.46944308
v 0.11668755 0.02437511 0.45505181
v 0.12343796 0.04548992 0.44154334
v 0.09391303 0.03779791 0.44125083
v 0.15162231 0.00033741 0.48277456
v 0.13160944 0.01334349 0.46946013
v 0.12510151 0.00465918 0.47813553
v 0.13387227 0.02471522 0.45574006
v 0.15631574 0.00034076 0.48262304
v 0.14708625 0.01882450 0.46309566
v 0.16638795 0.02048280 0.46393943
v 0.16004860 0.00034375 0.48326686
v 0.13427207 -0.01069671 0.49614382
v 0.15631416 -0.00321753 0.48691195
v 0.16893364 -0.00596061 0.49146068
v 0.12696239 0.04535708 0.44181755
v 0.12328568 0.04811189 0.43907002
v 0.12513497 0.04787834 0.43952852
v 0.12513560 0.04960406 0.43814361
v 0.12765560 0.04845010 0.43941051
v 0.14884937 0.03158040 0.45319670
v 0.16469742 0.03158823 0.45496097
v 0.17915148 0.01716930 0.46951187
v 0.17675963 0.02677858 0.45986217
v 0.18228529 0.04192786 0.44880444
v 0.15634549 0.04341663 0.44411319
v 0.20035835 0.02596636 0.46952063
v 0.18754916 0.00620609 0.48121613
v 0.20157741 0.03000507 0.46630564
v 0.20452321 0.02892803 0.46817815
v 0.20595863 0.02605590 0.47230491
v 0.20696992 0.00628684 0.49108368
v 0.21879101 0.01406571 0.49201369
v 0.19796506 0.03682766 0.45905513
v 0.18092822 0.05053880 0.44153854
v 0.18757372 0.04986786 0.44352371
v 0.18757769 0.05625549 0.43820894
v 0.20456913 0.05572717 0.44672358
v 0.20877144 0.03161423 0.46951964
v 0.20505428 0.03161136 0.46577218
v 0.22296801 0.05453075 0.45802844
v 0.22897172 0.04251431 0.47495916
v 0.22760084 0.03162550 0.48315918
v 0.24539730 0.04261323 0.49148464
v 0.21880509 0.05707434 0.45096254
v 0.22318469 0.06067062 0.45165896
v 0.25239757 0.04489787 0.49604619
v -0.26646698 0.09184231 0.46822321
v -0.26675612 0.09126122 0.47064185
v -0.25130934 0.04791313 0.49973702
v -0.25949627 0.07348897 0.49566060
v -0.26771170 0.09397190 0.46928602
v -0.28383675 0.11962526 0.48209107
v -0.26690203 0.09396993 0.46629471
v -0.25836697 0.07992141 0.46928608
v -0.26076481 0.08932336 0.46000636
v -0.27128729 0.10571694 0.46340585
v -0.26846653 0.09397553 0.47542316
v -0.25993162 0.10452214 0.43804818
v -0.24604185 0.06273064 0.46742740
v -0.24754390 0.06273277 0.47039330
v -0.24825704 0.06573897 0.46928596
v -0.24974301 0.05201404 0.49074095
v -0.24975631 0.06592177 0.47566265
v -0.24332242 0.07509919 0.44129378
v -0.24980482 0.08906696 0.43805525
v -0.24712664 0.08100192 0.44339207
v -0.24460034 0.08093077 0.43805927
v -0.27266395 0.12101635 0.44945121
v 0.23203987 0.06286555 0.46046886
v 0.22654831 0.06673389 0.44996679
v 0.24350505 0.06287315 0.47274822
v 0.24638686 0.07018320 0.46946770
v 0.24370900 0.08481888 0.45085490
v 0.23110682 0.08795005 0.43818039
v 0.26558134 0.09399452 0.46943375
v 0.25004098 0.05445321 0.48634827
v 0.25004151 0.06645073 0.47662729
v 0.25002983 0.10404652 0.43816260
v 0.26561633 0.09409316 0.46937644
v 0.26565683 0.09409787 0.46942165
v 0.26566574 0.09408010 0.46945447
v 0.25685543 0.05066718 0.49734643
v 0.26640484 0.07031907 0.49253577
v 0.28126156 0.08402740 0.49565333
v 0.25410274 0.10768896 0.43815643
v 0.26568902 0.09412178 0.46943358
v 0.26566419 0.09412176 0.46939492
v 0.28164694 0.12455728 0.45417616
v 0.28947246 0.10891761 0.47681582
v 0.28650898 0.09413661 0.49017888
v 0.28124276 0.12465595 0.45341691
v 0.28167814 0.12514777 0.45355368
v -0.28574747 0.12523594 0.48253465
v -0.28104833 0.12522478 0.46542865
v -0.27910805 0.12911868 0.45559007
v -0.27792266 0.12521768 0.45521045
v -0.27564877 0.12792286 0.45093501
v -0.28843415 0.14002472 0.47748494
v -0.28616747 0.12267052 0.48746186
v -0.28102130 0.11270006 0.49116912
v -0.28752768 0.12848736 0.48814034
v -0.29018468 0.15647969 0.46924254
v -0.28932488 0.17118561 0.47658390
v -0.29158676 0.15648460 0.47941059
v -0.27742380 0.15646374 0.44530708
v -0.27605221 0.17769378 0.45862061
v -0.27140480 0.15161821 0.43800119
v -0.26973414 0.16213533 0.43799514
v -0.26642185 0.18038896 0.44627643
v -0.24984249 0.19462696 0.43798012
v 0.28255635 0.12536627 0.45442903
v 0.28196111 0.12572494 0.45341197
v 0.30148065 0.12538518 0.47491628
v 0.31123102 0.11039744 0.50006199
v 0.30511615 0.14010823 0.46940815
v 0.30272451 0.15075684 0.45766413
v 0.30536667 0.16513591 0.45237082
v 0.31584015 0.15663548 0.46940792
v 0.28646016 0.15399808 0.43813565
v 0.29014891 0.16106199 0.43813518
v 0.31247523 0.13212964 0.48289609
v 0.32547659 0.13452205 0.49417278
v 0.30232123 0.17731920 0.44321895
v 0.31247479 0.18142413 0.45649263
v 0.31991553 0.17299828 0.46940160
v 0.32255536 0.15110041 0.48049718
v 0.32386345 0.16087255 0.47787517
v -0.28708106 0.18773897 0.48183548
v -0.28106257 0.18773615 0.47284380
v -0.27139115 0.18772830 0.45843998
v -0.28358907 0.19280183 0.48231369
v -0.27495897 0.19994676 0.47873458
v -0.28953835 0.18349926 0.48909962
v -0.28810972 0.19126892 0.48837727
v -0.28106105 0.20178843 0.49186718
v -0.26069742 0.20948514 0.46920651
v -0.25354534 0.21898398 0.46920323
v -0.26166329 0.21520261 0.47677284
v -0.25760561 0.22683345 0.48488832
v -0.24983960 0.20078005 0.44310656
v -0.24672958 0.20178674 0.43953422
v -0.24645308 0.20673203 0.44474602
v -0.24137628 0.20757703 0.43797910
v -0.23985225 0.22462782 0.45791677
v -0.22785299 0.22360992 0.43797943
v -0.24016035 0.23090655 0.46920243
v -0.22182529 0.24370998 0.45684677
v -0.21730138 0.24771687 0.45484409
v -0.21856594 0.24205746 0.44950294
v -0.21401684 0.24796332 0.45131701
v -0.18730812 0.25982437 0.43798658
v 0.30817300 0.20132329 0.44028643
v 0.31027931 0.20568080 0.44253451
v 0.31003472 0.23227440 0.44301242
v 0.32737973 0.21911873 0.46937826
v 0.30738637 0.20602506 0.43812758
v 0.30682993 0.23189244 0.43810606
v 0.31247982 0.19847168 0.44816291
v 0.32104561 0.18787839 0.46510676
v 0.33050692 0.18788487 0.47841254
v 0.32710436 0.21712102 0.46937925
v 0.33751869 0.18478914 0.48812589
v 0.33776197 0.19086847 0.48800114
v 0.34372100 0.18789382 0.49954373
v 0.30781415 0.23706150 0.44043937
v 0.31248179 0.24010310 0.44885194
v 0.32712477 0.22107542 0.46937668
v 0.32776782 0.21878353 0.47005039
v 0.32774404 0.21947850 0.47009683
v -0.25571409 0.23755874 0.49750230
v -0.22891028 0.25023675 0.47964483
v -0.24982779 0.23888782 0.49190038
v -0.21856289 0.25023553 0.46132007
v -0.21476685 0.25023523 0.45548016
v -0.22166061 0.25641531 0.48172563
v -0.21227533 0.26282436 0.47852498
v -0.22991186 0.25590706 0.49047679
v -0.21857774 0.26512462 0.49224901
v -0.19694445 0.26950279 0.46920043
v -0.18376660 0.28149080 0.46920064
v -0.19744863 0.27600151 0.48017681
v -0.18739077 0.29706365 0.50029182
v -0.18730754 0.26331860 0.44306815
v -0.18328081 0.26385006 0.43999708
v -0.18212737 0.27104288 0.44833255
v -0.15606312 0.27957565 0.43894830
v -0.17475408 0.28456143 0.46306822
v -0.15887225 0.28149387 0.44360358
v -0.17500897 0.28814349 0.46920431
v -0.16685873 0.29114246 0.46438581
v -0.15500271 0.28149533 0.44010690
v -0.12642846 0.29552692 0.44121495
v -0.14939603 0.29943436 0.46025082
v -0.15365441 0.28029093 0.43798977
v -0.12481572 0.29349005 0.43798959
v -0.12372787 0.29605660 0.44015992
v -0.12014855 0.29481146 0.43798876
v -0.12481086 0.30128816 0.44626999
v -0.10713424 0.30599022 0.44681668
v -0.06231982 0.30814987 0.43798456
v 0.00017796 0.31619427 0.43795508
v 0.30192649 0.26068866 0.44336104
v 0.25006506 0.32062232 0.43800029
v 0.27791381 0.31116042 0.45196873
v 0.28039369 0.31110960 0.45450827
v 0.30421412 0.27424335 0.45460689
v 0.30118462 0.28592855 0.46065110
v 0.31315130 0.28160870 0.46931836
v 0.28367919 0.30798537 0.45607758
v 0.30489141 0.29767856 0.46930242
v 0.28251210 0.28095859 0.43804386
v 0.28180847 0.28186524 0.43804252
v 0.28125447 0.28796902 0.44122854
v 0.31247959 0.25654987 0.45695299
v 0.32030568 0.25036258 0.46543428
v 0.32555455 0.25036907 0.47589859
v 0.31944123 0.26430148 0.46933812
v 0.33345321 0.24524656 0.49012530
v 0.33153012 0.25646922 0.49107495
v 0.32240850 0.27593383 0.48069769
v 0.32107943 0.28862309 0.48333907
v -0.18736173 0.29715341 0.50041050
v -0.15676968 0.31276008 0.48445475
v -0.18732128 0.29716310 0.50037098
v -0.15605077 0.31276017 0.48364526
v -0.13419171 0.31276414 0.46451303
v -0.15627114 0.31320131 0.48459363
v -0.15569837 0.31346542 0.48446169
v -0.15687062 0.31317025 0.48522338
v -0.15605082 0.31385002 0.48535791
v -0.12797542 0.31911480 0.46920145
v -0.12971485 0.33330071 0.49061584
v -0.12480133 0.31564221 0.46346605
v -0.12069981 0.32097673 0.46920180
v -0.09539440 0.31370258 0.45267898
v -0.09496141 0.31559232 0.45499808
v -0.09159955 0.31669980 0.45555165
v -0.09355745 0.31439722 0.45279145
v -0.08983212 0.31464887 0.45173568
v -0.10218914 0.33004105 0.47618851
v -0.08353447 0.33283174 0.47479922
v -0.11871351 0.33449346 0.48824149
v -0.09704048 0.34402752 0.49347711
v -0.07102803 0.33022714 0.46920043
v -0.08898184 0.34402883 0.49126673
v -0.07237931 0.33847922 0.48031080
v -0.06231548 0.32129812 0.45222318
v -0.05174366 0.33395442 0.46919948
v -0.04202129 0.31828892 0.44811434
v -0.03867403 0.32801339 0.46117324
v -0.02163644 0.33170909 0.46300662
v -0.03107245 0.32130373 0.44934261
v -0.01644484 0.32014072 0.44626468
v -0.04312237 0.33690339 0.47276986
v -0.01788393 0.33921480 0.47160995
v -0.05059737 0.34015027 0.47699627
v -0.04085840 0.34405553 0.48087639
v -0.01231589 0.33779380 0.46918055
v 0.00806340 0.34407580 0.46917567
v -0.01968117 0.34406915 0.47762626
v -0.01325889 0.34187514 0.47357452
v -0.00962868 0.34990507 0.48083991
v 0.00017684 0.32370475 0.44744307
v 0.01028286 0.32339951 0.44300181
v 0.01330797 0.34158856 0.46420246
v 0.03142741 0.33104247 0.44446152
v 0.01490742 0.34496415 0.46740049
v 0.01754964 0.34407741 0.46566877
v 0.01474001 0.34618381 0.46917412
v 0.01672962 0.34594786 0.46823889
v 0.01856788 0.34962860 0.47194725
v 0.03990334 0.34407711 0.45490021
v 0.05376559 0.35080001 0.45572376
v 0.04238324 0.35337558 0.46451879
v 0.03781273 0.36250287 0.47837520
v 0.05507486 0.36016303 0.46916068
v 0.05158961 0.33399576 0.43794629
v 0.06267735 0.33878446 0.43794543
v 0.09042244 0.34230727 0.43794706
v 0.09394454 0.34312466 0.43841857
v 0.06990016 0.35246634 0.45240307
v 0.09314127 0.34406778 0.43955019
v 0.06859836 0.36343557 0.46916360
v 0.08623248 0.35994738 0.46124181
v 0.09470607 0.34406814 0.43947041
v 0.11856702 0.35308373 0.45116475
v 0.10140368 0.36037180 0.46103415
v 0.12212476 0.36922336 0.46917450
v 0.09631462 0.34288293 0.43794668
v 0.12518860 0.34281200 0.43793792
v 0.13083997 0.35403836 0.44925660
v 0.15566698 0.34444997 0.43793425
v 0.12764496 0.37038639 0.46917477
v 0.14984620 0.36218324 0.46012467
v 0.18093953 0.35299248 0.45136017
v 0.16300341 0.36213672 0.46015355
v 0.18392593 0.36792645 0.46919370
v 0.15700682 0.34436041 0.43793437
v 0.15642640 0.34466779 0.43823272
v 0.18764290 0.34077716 0.43794951
v 0.20494574 0.33710438 0.43796414
v 0.21885608 0.33593598 0.44204333
v 0.24548587 0.32615465 0.44028729
v 0.19519211 0.35213536 0.45308375
v 0.21370636 0.34407392 0.44827703
v 0.19198552 0.36660251 0.46919811
v 0.20939216 0.35639131 0.46305421
v 0.21705309 0.37177786 0.48305511
v 0.22660956 0.34407610 0.45351732
v 0.24497847 0.33353916 0.44817215
v 0.23765656 0.34728569 0.46282172
v 0.25816184 0.34407943 0.46924171
v 0.23063584 0.35171953 0.46540809
v 0.22203518 0.36892170 0.48163205
v 0.23919311 0.35357392 0.46923441
v 0.25006235 0.32582989 0.44323507
v 0.27915102 0.31283587 0.45469695
v 0.26384068 0.34044227 0.46924534
v 0.28125569 0.31283650 0.45639685
v 0.26798972 0.33940670 0.47158587
v 0.28904349 0.32843640 0.47709644
v 0.30212498 0.31284869 0.47446591
v 0.26411161 0.34253502 0.47233576
v 0.25979942 0.34994215 0.48094904
v 0.27025717 0.34408438 0.47847518
v 0.28584361 0.34409702 0.49129504
v 0.31100762 0.32993633 0.49761340
v 0.31246990 0.30573317 0.48354712
v 0.31246573 0.32578167 0.49514222
v 0.32387811 0.30294615 0.49485010
v 0.31531912 0.32705149 0.49910727
v 0.31323287 0.32924739 0.49899516
v -0.09356764 0.34818688 0.49834511
v -0.03108975 0.35655457 0.49417233
v -0.00900601 0.36426786 0.49583501
v 0.00015498 0.36390781 0.49198559
v 0.01654593 0.36789140 0.49221063
v 0.03140175 0.36829448 0.48829341
v 0.04008782 0.37097672 0.48912463
v 0.03140022 0.37531722 0.49589723
v 0.08664815 0.37532422 0.48116040
v 0.06264697 0.36996588 0.47987109
v 0.09391204 0.37532395 0.47976559
v 0.09258019 0.37798226 0.48346290
v 0.09535021 0.37820449 0.48335177
v 0.10705242 0.37532502 0.47822672
v 0.07884705 0.38284746 0.49231052
v 0.09390561 0.38109472 0.48767477
v 0.12375384 0.39235127 0.49762103
v 0.13546647 0.37532794 0.47432625
v 0.12517300 0.37334007 0.47314918
v 0.12516034 0.38451308 0.48753744
v 0.15640436 0.37533075 0.47403252
v 0.15319435 0.38174045 0.48159674
v 0.15946919 0.38147798 0.48173195
v 0.17366341 0.37533444 0.47617412
v 0.15638864 0.38992357 0.49209529
v 0.12642652 0.39223143 0.49786121
v 0.18754295 0.39102310 0.50031638
v 0.18762133 0.37225828 0.47535083
v 0.18760444 0.39065740 0.49983010
v 0.21648167 0.37416309 0.48600924
v 0.21882911 0.37325227 0.48587850
v 0.22908494 0.37020531 0.48997790
v 0.18937010 0.39007825 0.49955639
v 0.21882516 0.37534064 0.48891062
v 0.18765846 0.39101624 0.50033033
v 0.25003272 0.36264405 0.49463326
v 0.25525743 0.36234260 0.49786407
v 0.28123873 0.35108349 0.49701187
v -0.16031232 -0.06435474 0.50058687
v -0.14147003 -0.08618386 0.50060010
v -0.15607782 -0.06988925 0.50059104
v -0.12485482 -0.09791692 0.50060701
v -0.11246863 -0.10292627 0.50061697
v -0.09362730 -0.10689846 0.50062859
v -0.07775273 -0.10143980 0.50063533
v -0.06238614 -0.09914697 0.50064176
v -0.04170279 -0.08820874 0.50064600
v -0.03112907 -0.08216685 0.50064731
v -0.01308775 -0.07125999 0.50065184
v 0.00012054 -0.06246080 0.50065368
v -0.19942985 -0.02143681 0.50054359
v -0.16821411 -0.05616178 0.50057900
v -0.18729955 -0.03557966 0.50056005
v -0.18043573 -0.04317077 0.50056863
v -0.21729332 -0.00034472 0.50053746
v 0.01531485 -0.05420688 0.50065768
v 0.03137217 -0.04372167 0.50065529
v 0.04429364 -0.03742923 0.50066102
v 0.06261923 -0.02812413 0.50066733
v 0.07713139 -0.02258342 0.50067896
v 0.09385048 -0.01860607 0.50069511
v 0.12347060 -0.01449306 0.50073290
v 0.12508205 -0.01443689 0.50073493
v 0.12664112 -0.01451737 0.50073683
v 0.15630791 -0.01542956 0.50076598
v 0.18264666 -0.01280840 0.50079083
v 0.18754299 -0.01191818 0.50079411
v -0.25091234 0.04653919 0.50052261
v -0.24973585 0.04390669 0.50052291
v -0.23835066 0.02158006 0.50052857
v -0.21850616 0.00106879 0.50053710
v -0.21798904 0.00052105 0.50053716
v -0.25148645 0.04800244 0.50052327
v 0.21329421 0.00312788 0.50080228
v 0.21879031 0.00708904 0.50080079
v 0.23544699 0.02330038 0.50078583
v 0.25003672 0.03876085 0.50077307
v 0.25536114 0.04459726 0.50076568
v 0.26040497 0.05244558 0.50075543
v -0.26026642 0.07310574 0.50053352
v -0.28682584 0.12234359 0.50051928
v -0.26657405 0.08677797 0.50053531
v -0.27362180 0.09768277 0.50053304
v -0.28101504 0.11158036 0.50052619
v 0.27071571 0.06816673 0.50073129
v 0.28126281 0.07977173 0.50071657
v 0.29041222 0.08955990 0.50070310
v 0.30986619 0.10846717 0.50068706
v 0.31162220 0.11020213 0.50068575
v 0.31247687 0.11148803 0.50068504
v -0.28831366 0.12888989 0.50051785
v -0.29282457 0.15060091 0.50050509
v -0.29376665 0.16285810 0.50049901
v -0.29129231 0.18262500 0.50048816
v 0.32950956 0.13250741 0.50067508
v 0.34052128 0.15504889 0.50066656
v 0.34148523 0.15777169 0.50066584
v 0.34372211 0.18174158 0.50065690
v 0.34424189 0.18763390 0.50065470
v -0.28968081 0.19205686 0.50048262
v -0.28106239 0.20387922 0.50047320
v -0.27479878 0.21585900 0.50046676
v -0.26726231 0.22589771 0.50045723
v -0.25694415 0.23817472 0.50044620
v -0.24983262 0.24406396 0.50044191
v 0.33993179 0.21724200 0.50064278
v 0.34372130 0.19150157 0.50065321
v 0.34423226 0.18814953 0.50065446
v 0.33969390 0.22115041 0.50063998
v 0.33703598 0.24704404 0.50062335
v -0.23484746 0.25837502 0.50043225
v -0.21858194 0.27006575 0.50043142
v -0.20961902 0.27702057 0.50042951
v -0.18750849 0.29703960 0.50043070
v -0.18737033 0.29715773 0.50043076
v -0.18732129 0.29720160 0.50043076
v 0.33552340 0.25447506 0.50061601
v 0.33514726 0.27734467 0.50059348
v 0.33278790 0.28708062 0.50058240
v 0.32731560 0.30466795 0.50056076
v -0.16494626 0.31720620 0.50042844
v -0.15605685 0.32362884 0.50042641
v -0.13785210 0.33491683 0.50042051
v -0.12481108 0.34194767 0.50041896
v -0.10153851 0.34801209 0.50042099
v -0.07291037 0.35436419 0.50042677
v -0.09356800 0.34987724 0.50042361
v -0.06232558 0.35637841 0.50042874
v -0.05688580 0.35694388 0.50042629
v -0.03109188 0.36223164 0.50041831
v -0.01433943 0.36693162 0.50041318
v 0.00015023 0.37036890 0.50040734
v 0.06264215 0.38640490 0.50039989
v 0.25002509 0.36657113 0.50047708
v 0.25730544 0.36337176 0.50048172
v 0.28980109 0.34839058 0.50050783
v 0.28123453 0.35357687 0.50050205
v 0.31673467 0.32634389 0.50053704
v 0.31246239 0.33114296 0.50053155
v 0.31468344 0.32959014 0.50053340
v 0.02640018 0.37781528 0.50039935
v 0.03139975 0.37873077 0.50039846
v 0.04635561 0.38279557 0.50039911
v 0.07006648 0.38723332 0.50040305
v 0.09389532 0.38904274 0.50041008
v 0.11953345 0.39376113 0.50041264
v 0.12514856 0.39427292 0.50041324
v 0.13239326 0.39457974 0.50041497
v 0.15638116 0.39556605 0.50042236
v 0.18717057 0.39117873 0.50043869
v 0.18760403 0.39111048 0.50043887
v 0.18781115 0.39106560 0.50043905
v 0.21881396 0.38284367 0.50045621
v 0.22755885 0.37972665 0.50046170
f 3 42 6
f 42 3 39
f 39 43 42
f 42 43 44
f 6 42 45
f 12 57 15
f 57 12 54
f 42 44 45
f 54 58 57
f 57 58 59
f 15 57 60
f 57 59 60
f 46 128 50
f 128 46 125
f 125 129 128
f 128 129 130
f 50 128 131
f 61 143 65
f 143 61 140
f 128 130 131
f 140 145 143
f 144 147 152
f 65 143 146
f 78 162 82
f 162 78 157
f 154 144 152
f 144 154 153
f 152 155 154
f 158 161 163
f 168 163 169
f 161 166 169
f 163 161 169
f 82 162 165
f 93 179 97
f 179 93 176
f 162 164 165
f 176 180 179
f 179 180 181
f 97 179 182
f 179 181 182
f 132 235 136
f 235 132 232
f 232 236 235
f 235 236 237
f 136 235 238
f 147 156 152
f 254 148 249
f 243 258 253
f 235 237 238
f 243 253 250
f 250 253 255
f 255 256 254
f 253 258 260
f 255 253 260
f 156 155 152
f 257 156 254
f 167 166 155
f 257 266 167
f 166 170 169
f 266 267 167
f 169 170 168
f 269 170 267
f 254 256 257
f 263 268 266
f 263 256 262
f 262 264 263
f 269 267 270
f 270 271 269
f 268 273 275
f 270 268 275
f 272 183 172
f 183 184 172
f 272 281 183
f 185 284 189
f 282 184 183
f 281 282 183
f 269 271 272
f 278 283 281
f 278 271 277
f 277 279 278
f 284 282 285
f 285 286 284
f 283 288 290
f 285 283 290
f 189 284 287
f 200 301 204
f 301 200 298
f 295 296 294
f 294 296 293
f 294 286 292
f 286 294 293
f 292 295 294
f 298 302 301
f 301 302 303
f 204 301 304
f 301 303 304
f 239 346 244
f 346 239 343
f 343 348 346
f 346 348 349
f 347 259 245
f 347 360 259
f 265 261 363
f 258 261 260
f 360 361 259
f 363 261 361
f 355 367 362
f 360 347 354
f 363 361 364
f 364 365 363
f 362 367 368
f 364 362 368
f 265 264 262
f 366 265 363
f 274 273 264
f 366 375 274
f 280 276 378
f 273 276 275
f 375 376 274
f 378 276 376
f 363 365 366
f 372 377 375
f 372 365 371
f 371 373 372
f 378 376 379
f 379 380 378
f 377 382 384
f 379 377 384
f 280 279 277
f 381 280 378
f 289 288 279
f 381 390 289
f 297 291 393
f 288 291 290
f 390 391 289
f 393 291 391
f 378 380 381
f 387 392 390
f 387 380 386
f 386 388 387
f 393 391 394
f 394 395 393
f 392 397 399
f 394 392 399
f 297 295 292
f 396 297 393
f 396 407 305
f 307 410 311
f 408 306 305
f 407 408 305
f 403 404 402
f 393 395 396
f 402 395 401
f 401 403 402
f 407 409 408
f 410 411 412
f 311 410 413
f 410 412 413
f 350 442 356
f 442 350 439
f 439 443 442
f 442 443 444
f 356 442 445
f 369 367 355
f 374 370 457
f 369 370 367
f 367 370 368
f 442 444 445
f 454 459 457
f 457 459 460
f 374 373 371
f 458 374 457
f 383 382 373
f 458 470 383
f 389 385 473
f 382 385 384
f 470 471 383
f 473 385 471
f 472 470 465
f 470 458 465
f 470 472 471
f 474 477 482
f 389 388 386
f 475 389 473
f 398 397 388
f 475 488 398
f 405 400 491
f 397 400 399
f 488 489 398
f 491 400 489
f 484 485 483
f 473 474 475
f 483 474 482
f 482 484 483
f 488 490 489
f 491 492 493
f 405 403 401
f 403 405 406
f 404 403 406
f 414 506 418
f 506 414 503
f 491 493 494
f 503 507 506
f 506 507 508
f 418 506 509
f 506 508 509
f 446 529 450
f 529 446 526
f 526 530 529
f 529 530 531
f 450 529 532
f 461 541 466
f 541 461 538
f 529 531 532
f 538 542 541
f 541 542 543
f 466 541 544
f 477 486 482
f 554 478 551
f 541 543 544
f 551 555 554
f 554 555 556
f 486 484 482
f 484 486 487
f 485 484 487
f 495 567 499
f 567 495 564
f 554 556 557
f 564 568 567
f 567 568 569
f 499 567 570
f 567 569 570
f 653 666 658
f 653 658 657
f 657 658 659
f 659 661 657
f 658 666 669
f 659 658 669
f 610 682 611
f 682 610 676
f 680 673 679
f 662 660 672
f 673 660 671
f 660 673 672
f 677 680 683
f 683 684 682
f 684 683 685
f 679 681 680
f 674 1 679
f 1 4 679
f 681 5 2
f 685 681 2
f 5 7 2
f 686 615 612
f 615 617 612
f 686 691 615
f 627 618 616
f 622 618 627
f 618 619 617
f 627 616 9
f 692 9 616
f 694 689 693
f 682 684 686
f 689 694 691
f 693 689 690
f 691 694 692
f 693 695 694
f 692 694 695
f 690 685 2
f 2 7 690
f 8 13 693
f 695 14 10
f 14 16 10
f 627 629 622
f 623 622 624
f 630 633 624
f 629 631 630
f 643 634 632
f 631 632 630
f 638 634 643
f 634 635 633
f 9 629 627
f 631 11 19
f 19 20 631
f 643 632 21
f 9 10 11
f 16 18 17
f 11 17 19
f 17 23 19
f 23 24 25
f 23 20 19
f 21 20 22
f 25 26 22
f 643 644 638
f 639 638 640
f 645 646 640
f 647 703 649
f 700 646 645
f 699 700 645
f 21 644 643
f 21 696 644
f 702 697 701
f 697 702 699
f 697 696 698
f 699 696 697
f 701 697 698
f 703 700 704
f 704 705 703
f 704 702 709
f 22 26 698
f 27 28 701
f 701 28 708
f 649 703 706
f 712 705 710
f 705 712 711
f 710 713 712
f 715 718 719
f 719 720 715
f 729 720 719
f 729 719 730
f 718 725 730
f 719 718 730
f 652 741 654
f 741 652 739
f 739 744 741
f 742 748 754
f 743 667 655
f 743 758 667
f 668 666 667
f 675 671 669
f 675 668 31
f 759 31 668
f 761 755 760
f 741 742 743
f 755 761 758
f 755 742 754
f 758 761 759
f 760 762 761
f 759 761 762
f 756 29 760
f 29 34 760
f 762 35 32
f 35 36 32
f 674 671 675
f 4 1 40
f 30 1 674
f 33 30 31
f 30 40 1
f 4 3 5
f 41 39 40
f 31 32 33
f 36 38 37
f 33 37 41
f 37 47 41
f 47 48 49
f 43 47 49
f 13 8 55
f 6 8 7
f 45 56 55
f 13 12 14
f 56 54 55
f 51 53 52
f 52 44 51
f 52 62 56
f 62 63 64
f 58 62 64
f 24 18 69
f 15 18 16
f 60 70 69
f 69 71 24
f 75 72 71
f 72 26 25
f 71 74 75
f 66 68 67
f 67 59 66
f 67 79 70
f 79 80 81
f 79 74 70
f 75 74 76
f 81 83 76
f 709 708 714
f 714 710 709
f 28 27 86
f 75 73 72
f 77 73 75
f 73 86 27
f 86 88 28
f 28 88 708
f 88 89 90
f 75 76 77
f 83 85 84
f 77 84 87
f 84 94 87
f 94 95 96
f 94 89 87
f 90 89 91
f 96 98 91
f 713 726 727
f 727 725 713
f 726 728 727
f 725 731 730
f 730 731 729
f 766 731 763
f 90 726 714
f 728 92 101
f 101 102 728
f 728 102 764
f 764 767 763
f 766 763 767
f 767 768 766
f 770 771 765
f 90 91 92
f 98 100 99
f 92 99 101
f 99 103 101
f 103 102 101
f 102 103 765
f 765 764 102
f 732 766 769
f 774 768 772
f 768 774 773
f 772 775 774
f 777 780 781
f 781 782 777
f 791 782 781
f 791 781 792
f 780 787 792
f 781 780 792
f 750 749 748
f 747 749 804
f 757 749 747
f 804 809 747
f 757 747 106
f 809 106 747
f 801 812 810
f 801 810 806
f 805 806 804
f 814 816 811
f 810 812 814
f 106 809 811
f 756 754 757
f 34 29 110
f 105 29 756
f 107 105 106
f 105 110 29
f 110 112 34
f 116 113 112
f 113 36 35
f 112 115 116
f 811 816 817
f 818 817 816
f 107 108 111
f 108 107 817
f 108 119 111
f 119 120 121
f 119 115 111
f 116 115 117
f 121 122 117
f 48 38 126
f 116 114 113
f 118 114 116
f 114 126 38
f 48 46 49
f 127 125 126
f 116 117 118
f 122 124 123
f 118 123 127
f 123 133 127
f 133 134 135
f 129 133 135
f 63 53 141
f 50 53 51
f 131 142 141
f 63 61 64
f 142 140 141
f 137 139 138
f 138 130 137
f 138 149 142
f 149 150 151
f 145 149 151
f 147 145 151
f 80 68 159
f 65 68 66
f 146 160 159
f 80 78 81
f 160 157 159
f 153 160 146
f 153 158 160
f 157 160 158
f 168 173 164
f 95 85 177
f 82 85 83
f 165 178 177
f 95 93 96
f 178 176 177
f 173 175 174
f 174 164 173
f 174 186 178
f 186 187 188
f 180 186 188
f 771 770 776
f 776 772 771
f 104 100 193
f 97 100 98
f 182 194 193
f 193 195 104
f 104 195 770
f 195 196 197
f 190 192 191
f 191 181 190
f 191 201 194
f 201 202 203
f 201 196 194
f 197 196 198
f 203 205 198
f 775 788 789
f 789 787 775
f 788 790 789
f 787 793 792
f 792 793 791
f 823 793 820
f 197 788 776
f 790 199 208
f 208 209 790
f 790 209 821
f 821 824 820
f 823 820 824
f 824 825 823
f 827 828 822
f 197 198 199
f 205 207 206
f 199 206 208
f 206 210 208
f 210 209 208
f 209 210 822
f 822 821 209
f 794 823 826
f 832 833 831
f 831 833 830
f 831 825 829
f 825 831 830
f 829 832 831
f 815 812 801
f 851 856 813
f 819 816 814
f 852 851 815
f 819 813 213
f 856 213 813
f 848 859 857
f 848 857 853
f 852 853 851
f 861 863 858
f 857 859 861
f 213 856 858
f 818 816 819
f 120 109 217
f 212 109 818
f 214 212 213
f 212 217 109
f 217 219 120
f 223 220 219
f 220 122 121
f 219 222 223
f 858 863 864
f 865 864 863
f 214 215 218
f 215 214 864
f 215 226 218
f 226 227 228
f 226 222 218
f 223 222 224
f 228 229 224
f 134 124 233
f 223 221 220
f 225 221 223
f 221 233 124
f 134 132 135
f 234 232 233
f 223 224 225
f 229 231 230
f 225 230 234
f 230 240 234
f 240 241 242
f 236 240 242
f 150 139 251
f 136 139 137
f 238 252 251
f 150 148 151
f 252 249 251
f 151 148 147
f 246 248 247
f 247 237 246
f 248 243 247
f 249 252 250
f 171 173 168
f 171 175 173
f 171 172 175
f 185 187 184
f 187 185 188
f 202 192 299
f 189 192 190
f 287 300 299
f 202 200 203
f 300 298 299
f 293 300 287
f 308 296 309
f 308 309 310
f 302 308 310
f 828 827 834
f 834 829 828
f 211 207 315
f 204 207 205
f 304 316 315
f 315 317 211
f 211 317 827
f 317 318 319
f 312 314 313
f 313 303 312
f 313 321 316
f 321 322 323
f 321 318 316
f 319 318 320
f 323 324 320
f 832 840 841
f 874 842 841
f 873 874 841
f 875 842 874
f 319 840 834
f 319 867 840
f 869 870 868
f 868 867 871
f 873 867 868
f 873 876 874
f 876 875 874
f 324 872 871
f 320 324 871
f 862 859 848
f 894 899 860
f 866 863 861
f 895 894 862
f 866 860 326
f 899 326 860
f 891 902 900
f 891 900 896
f 895 896 894
f 903 906 901
f 900 902 903
f 326 899 901
f 865 863 866
f 227 216 329
f 325 216 865
f 327 325 326
f 325 329 216
f 329 331 227
f 335 332 331
f 332 229 228
f 331 334 335
f 907 911 910
f 901 906 909
f 910 911 912
f 910 328 909
f 327 328 330
f 328 327 909
f 338 328 910
f 328 338 330
f 338 334 330
f 335 334 336
f 339 340 336
f 241 231 344
f 335 333 332
f 337 333 335
f 333 344 231
f 241 239 242
f 345 343 344
f 335 336 337
f 340 342 341
f 337 341 345
f 341 351 345
f 351 352 353
f 348 351 353
f 245 243 248
f 244 248 246
f 244 245 248
f 357 359 358
f 354 349 358
f 358 349 357
f 359 355 358
f 358 355 354
f 309 296 306
f 307 309 306
f 309 307 310
f 415 404 416
f 409 404 415
f 415 416 417
f 411 409 415
f 411 415 417
f 322 314 422
f 311 314 312
f 413 423 422
f 422 424 322
f 427 425 424
f 425 324 323
f 424 426 427
f 919 920 916
f 918 919 915
f 919 916 915
f 419 421 420
f 420 412 419
f 420 428 423
f 428 426 423
f 426 428 915
f 872 881 869
f 869 881 882
f 927 883 882
f 926 927 882
f 928 883 927
f 872 324 425
f 427 917 881
f 922 923 921
f 926 917 921
f 920 922 921
f 926 929 927
f 929 928 927
f 916 917 427
f 904 902 891
f 908 905 948
f 904 905 902
f 902 905 903
f 940 952 947
f 940 947 944
f 944 947 949
f 949 950 948
f 947 952 953
f 949 947 953
f 908 907 906
f 951 908 948
f 913 911 907
f 951 960 913
f 914 911 913
f 911 914 912
f 912 430 339
f 430 340 339
f 961 432 914
f 948 950 951
f 957 962 960
f 957 950 956
f 956 958 957
f 960 962 961
f 961 962 963
f 965 435 963
f 963 435 433
f 435 436 433
f 352 342 440
f 432 431 430
f 434 431 432
f 431 440 342
f 352 350 353
f 441 439 440
f 432 433 434
f 436 438 437
f 434 437 441
f 437 447 441
f 447 448 449
f 443 447 449
f 356 359 357
f 445 456 455
f 454 369 455
f 456 454 455
f 451 453 452
f 452 444 451
f 452 462 456
f 462 463 464
f 459 462 464
f 467 469 468
f 465 460 468
f 468 460 467
f 479 480 481
f 476 472 479
f 476 479 481
f 477 476 481
f 496 485 497
f 490 485 496
f 496 497 498
f 492 490 496
f 492 496 498
f 406 494 504
f 494 505 504
f 416 414 417
f 505 503 504
f 500 502 501
f 501 493 500
f 501 510 505
f 510 511 512
f 507 510 512
f 919 918 925
f 925 920 919
f 429 421 515
f 418 421 419
f 509 516 515
f 515 517 429
f 429 517 918
f 517 518 519
f 968 978 970
f 969 968 970
f 981 976 972
f 982 973 971
f 514 508 513
f 520 514 970
f 514 520 516
f 520 970 971
f 520 518 516
f 518 520 971
f 974 977 924
f 923 922 924
f 934 975 974
f 519 934 925
f 519 975 934
f 972 975 973
f 974 975 972
f 973 975 519
f 954 952 940
f 959 955 999
f 954 955 952
f 952 955 953
f 996 1002 999
f 1000 1003 1006
f 959 958 956
f 1001 959 999
f 966 964 958
f 1001 1011 966
f 967 964 966
f 964 967 965
f 965 521 435
f 521 436 435
f 1012 523 967
f 999 1000 1001
f 1007 1013 1011
f 1007 1000 1006
f 1006 1008 1007
f 1011 1013 1012
f 1017 1019 1014
f 1013 1015 1017
f 523 1012 1014
f 448 438 527
f 523 522 521
f 524 522 523
f 522 527 438
f 448 446 449
f 528 526 527
f 1020 1024 1023
f 1014 1019 1022
f 1023 1024 1025
f 1023 525 1022
f 524 525 528
f 525 524 1022
f 533 525 1023
f 525 533 528
f 530 533 534
f 463 453 539
f 450 453 451
f 532 540 539
f 463 461 464
f 540 538 539
f 535 537 536
f 536 531 535
f 536 545 540
f 545 546 547
f 542 545 547
f 480 469 552
f 466 469 467
f 544 553 552
f 480 478 481
f 553 551 552
f 481 478 477
f 548 550 549
f 549 543 548
f 549 558 553
f 558 559 560
f 555 558 560
f 487 557 565
f 557 566 565
f 497 495 498
f 566 564 565
f 561 563 562
f 562 556 561
f 562 571 566
f 571 572 573
f 568 571 573
f 511 502 576
f 499 502 500
f 570 577 576
f 576 578 511
f 581 579 578
f 579 513 512
f 578 580 581
f 1029 1035 1031
f 1030 1029 1031
f 1038 1040 1033
f 1038 1033 1032
f 575 569 574
f 582 575 1031
f 575 582 577
f 582 1031 1032
f 582 580 577
f 580 582 1032
f 969 979 968
f 968 979 980
f 980 978 968
f 978 983 982
f 1046 1047 980
f 982 983 981
f 1049 983 1047
f 969 513 579
f 581 1034 979
f 1042 1043 1041
f 1046 1034 1041
f 1040 1042 1041
f 1046 1048 1047
f 1049 1050 1051
f 1033 1034 581
f 984 1049 1052
f 1049 1051 1052
f 1009 1003 1010
f 1003 1009 1006
f 1009 1008 1006
f 1016 1015 1008
f 1058 1066 1016
f 1021 1018 1069
f 1015 1018 1017
f 1066 1067 1016
f 1069 1018 1067
f 1064 1058 1059
f 1068 1066 1064
f 1066 1058 1064
f 1066 1068 1067
f 1070 1073 1076
f 1021 1020 1019
f 1071 1021 1069
f 1026 1024 1020
f 1071 1082 1026
f 1027 1024 1026
f 1024 1027 1025
f 1025 583 534
f 583 535 534
f 1083 585 1027
f 1069 1070 1071
f 1077 1084 1082
f 1077 1070 1076
f 1076 1078 1077
f 1082 1084 1083
f 1087 1090 1085
f 1084 1086 1087
f 585 1083 1085
f 546 537 588
f 585 584 583
f 586 584 585
f 584 588 537
f 588 590 546
f 594 591 590
f 591 548 547
f 590 593 594
f 1091 1098 1095
f 1085 1090 1094
f 1099 1102 1097
f 1099 1097 1096
f 1095 587 1094
f 586 587 589
f 587 586 1094
f 596 587 1095
f 587 596 589
f 596 1095 1096
f 596 593 589
f 593 596 1096
f 559 550 598
f 594 592 591
f 595 592 594
f 592 598 550
f 598 600 559
f 604 601 600
f 601 561 560
f 600 603 604
f 1103 1111 1107
f 1097 1102 1106
f 1112 1115 1109
f 1112 1109 1108
f 1107 597 1106
f 595 597 599
f 597 595 1106
f 605 597 1107
f 597 605 599
f 605 1107 1108
f 605 603 599
f 603 605 1108
f 1028 1110 1120
f 1120 1121 1028
f 572 563 606
f 604 602 601
f 602 606 563
f 602 1028 606
f 606 607 572
f 1028 607 606
f 609 608 607
f 608 574 573
f 1116 1122 1120
f 1120 1110 1116
f 1115 1117 1116
f 1120 1122 1121
f 1128 1126 1123
f 1122 1127 1129
f 1109 1110 604
f 609 1121 1124
f 1030 1036 1029
f 1029 1036 1037
f 1037 1035 1029
f 1044 1039 1139
f 1035 1039 1038
f 1136 1137 1037
f 1139 1039 1137
f 1030 574 608
f 609 1125 1036
f 1133 1123 1126
f 1138 1136 1133
f 1123 1125 1124
f 1136 1138 1137
f 1139 1140 1141
f 1124 1125 609
f 1044 1042 1040
f 1042 1044 1045
f 1043 1042 1045
f 1139 1141 1142
f 1079 1073 1080
f 1073 1079 1076
f 1079 1078 1076
f 1081 1079 1080
f 1078 1079 1081
f 1092 1089 1152
f 1088 1089 1086
f 1086 1089 1087
f 1150 1153 1152
f 1152 1153 1154
f 1092 1091 1090
f 1091 1092 1093
f 1104 1101 1162
f 1100 1101 1098
f 1098 1101 1099
f 1152 1154 1155
f 1159 1163 1162
f 1162 1163 1164
f 1104 1103 1102
f 1103 1104 1105
f 1118 1114 1172
f 1113 1114 1111
f 1111 1114 1112
f 1162 1164 1165
f 1169 1173 1172
f 1172 1173 1174
f 1118 1117 1115
f 1117 1118 1119
f 1128 1131 1132
f 1130 1131 1127
f 1127 1131 1129
f 1129 1131 1128
f 1130 1132 1131
f 1172 1174 1175
f 1194 1201 1193
f 1193 1201 1207
f 1215 1209 1214
f 1194 1193 1208
f 1209 1193 1207
f 1193 1209 1208
f 1212 1215 1217
f 1217 1220 1212
f 1218 1217 1219
f 1214 1216 1215
f 1210 613 1214
f 613 620 1214
f 1216 621 614
f 1219 1216 614
f 621 625 614
f 1232 1227 1231
f 1221 1218 1226
f 1218 1227 1226
f 1231 1227 1228
f 1229 1232 1234
f 1234 1237 1229
f 1235 1234 1236
f 1231 1233 1232
f 1228 1219 614
f 614 625 1228
f 626 636 1231
f 1233 637 628
f 1236 1233 628
f 637 641 628
f 1249 1244 1248
f 1238 1235 1243
f 1235 1244 1243
f 1248 1244 1245
f 1246 1249 1250
f 1250 1252 1246
f 1250 1249 1259
f 1245 1236 628
f 628 641 1245
f 642 648 1248
f 1248 648 1258
f 1253 1251 1261
f 1262 1263 1261
f 1262 1251 1260
f 1251 1262 1261
f 1271 1270 1267
f 1264 650 1267
f 650 651 1267
f 1267 651 1271
f 1290 1307 1297
f 1290 1297 1295
f 1295 1297 1298
f 1298 1300 1295
f 1297 1307 1311
f 1298 1297 1311
f 1184 1185 1317
f 1192 1185 1184
f 1317 1322 1184
f 1188 1185 1192
f 1192 1184 663
f 1322 663 1184
f 1324 1314 1323
f 1301 1299 1313
f 1314 1299 1312
f 1299 1314 1313
f 1318 1319 1317
f 1323 1325 1324
f 1322 1324 1325
f 1315 656 1323
f 670 653 657
f 1323 670 1325
f 661 670 657
f 662 664 661
f 1192 1197 1188
f 1189 1188 1190
f 1198 1202 1190
f 1197 1199 1198
f 1204 1203 1201
f 1211 1203 1200
f 1199 1200 1198
f 1203 1204 1202
f 663 1197 1192
f 1199 665 678
f 610 687 676
f 688 687 610
f 611 688 610
f 687 1200 1199
f 663 664 665
f 664 662 665
f 672 677 678
f 676 678 677
f 1210 1207 1211
f 1210 1211 688
f 611 612 613
f 619 620 617
f 620 619 621
f 623 626 625
f 623 624 626
f 635 636 633
f 636 635 637
f 1259 1258 1265
f 1265 1260 1259
f 639 642 641
f 639 640 642
f 647 648 646
f 1265 1258 707
f 649 707 647
f 1264 1260 1265
f 1263 1270 1272
f 1270 1273 1272
f 1278 1273 1283
f 1273 1274 1272
f 651 650 716
f 1264 1265 707
f 706 717 716
f 716 721 651
f 651 721 1271
f 721 722 723
f 711 717 706
f 711 715 717
f 722 720 724
f 723 722 724
f 1283 1284 1278
f 1279 1278 1280
f 1285 1286 1280
f 1331 1286 1285
f 1330 1331 1285
f 1332 1286 1331
f 723 1284 1283
f 723 1327 1284
f 1334 1328 1333
f 1328 1334 1330
f 1328 1327 1329
f 1330 1327 1328
f 1333 1328 1329
f 1335 1334 1344
f 724 733 1329
f 734 735 1333
f 1333 735 1343
f 1348 1349 1347
f 1338 1336 1346
f 1347 1349 1346
f 1347 1336 1345
f 1336 1347 1346
f 1345 1348 1347
f 1289 1358 1291
f 1358 1289 1357
f 1357 1362 1358
f 1359 1367 1372
f 1360 1308 1292
f 1310 1307 1308
f 1309 1310 1308
f 1316 1312 1311
f 1309 1361 736
f 1309 736 740
f 652 745 739
f 746 745 652
f 654 746 652
f 745 1310 1309
f 1358 1359 1360
f 1359 1361 1360
f 1374 1373 1372
f 736 1361 1373
f 736 737 740
f 737 736 1373
f 737 751 740
f 751 752 753
f 744 751 753
f 748 744 753
f 1315 1312 1316
f 655 653 656
f 1315 1316 746
f 654 655 656
f 732 733 729
f 1344 1343 1351
f 1351 1345 1344
f 735 734 778
f 732 734 733
f 769 779 778
f 778 783 735
f 735 783 1343
f 783 784 785
f 773 779 769
f 773 777 779
f 784 782 786
f 785 784 786
f 1348 1352 1353
f 1380 1354 1353
f 1379 1380 1353
f 1381 1354 1380
f 785 1352 1351
f 785 1376 1352
f 1383 1377 1382
f 1377 1383 1379
f 1377 1376 1378
f 1379 1376 1377
f 1382 1377 1378
f 1391 1385 1384
f 1391 1384 1392
f 1384 1383 1392
f 786 795 1378
f 796 797 1382
f 1382 797 1390
f 1369 1368 1367
f 1366 1368 1405
f 1375 1368 1366
f 1405 1410 1366
f 1375 1366 799
f 1410 799 1366
f 1402 1413 1411
f 1402 1411 1407
f 1406 1407 1405
f 1415 1417 1412
f 1411 1413 1415
f 799 1410 1412
f 1374 1372 1375
f 752 738 807
f 798 738 1374
f 800 798 799
f 798 807 738
f 752 750 753
f 808 805 807
f 753 750 748
f 1412 1417 1418
f 1419 1418 1417
f 800 802 808
f 802 800 1418
f 803 801 802
f 805 808 806
f 794 795 791
f 1391 1393 1394
f 1392 1390 1397
f 797 796 835
f 794 796 795
f 826 836 835
f 835 837 797
f 797 837 1390
f 837 838 839
f 1427 1428 1422
f 1426 1427 1421
f 1427 1422 1421
f 830 836 826
f 843 833 844
f 843 838 836
f 838 843 1421
f 1397 1398 1393
f 1393 1398 1423
f 1398 1424 1423
f 839 1398 1397
f 839 1424 1398
f 1431 1432 1430
f 1423 1429 1425
f 1430 1432 1429
f 1428 1431 1430
f 1422 1424 839
f 1416 1413 1402
f 1448 1453 1414
f 1420 1417 1415
f 1449 1448 1416
f 1420 1414 846
f 1453 846 1414
f 1445 1456 1454
f 1445 1454 1450
f 1449 1450 1448
f 1458 1460 1455
f 1454 1456 1458
f 846 1453 1455
f 1419 1417 1420
f 845 803 1419
f 847 845 846
f 845 854 803
f 852 815 854
f 855 852 854
f 1455 1460 1461
f 1462 1461 1460
f 847 849 855
f 849 847 1461
f 850 848 849
f 852 855 853
f 1427 1426 1433
f 1433 1428 1427
f 844 833 842
f 844 877 1426
f 875 878 877
f 877 878 879
f 884 870 885
f 876 870 884
f 884 885 886
f 879 878 880
f 886 887 880
f 1431 1438 1439
f 1472 1440 1439
f 1471 1472 1439
f 1473 1440 1472
f 879 1438 1433
f 879 1464 1438
f 1466 1467 1465
f 1465 1464 1469
f 1471 1464 1465
f 1471 1474 1472
f 1474 1473 1472
f 887 1470 1469
f 880 887 1469
f 1459 1456 1445
f 1486 1491 1457
f 1463 1460 1458
f 1487 1486 1459
f 1463 1457 889
f 1491 889 1457
f 1483 1494 1492
f 1483 1492 1488
f 1487 1488 1486
f 1496 1498 1493
f 1492 1494 1496
f 889 1491 1493
f 1462 1460 1463
f 888 850 1462
f 890 888 889
f 888 897 850
f 895 862 897
f 898 895 897
f 1493 1498 1499
f 1500 1499 1498
f 890 892 898
f 892 890 1499
f 893 891 892
f 895 898 896
f 885 870 883
f 928 932 930
f 933 931 930
f 931 887 886
f 930 932 933
f 1511 1507 1503
f 1509 1512 1502
f 1512 1504 1502
f 935 923 936
f 929 923 935
f 932 935 1502
f 1470 1477 1466
f 1505 1508 1468
f 1467 1466 1468
f 1477 1506 1505
f 1470 887 931
f 933 1506 1477
f 1503 1506 1504
f 1505 1506 1503
f 1504 1506 933
f 1497 1494 1483
f 1528 1533 1495
f 1501 1498 1496
f 1529 1528 1497
f 1501 1495 938
f 1533 938 1495
f 1525 1536 1534
f 1525 1534 1530
f 1529 1530 1528
f 1538 1540 1535
f 1534 1536 1538
f 938 1533 1535
f 1500 1498 1501
f 937 893 1500
f 939 937 938
f 937 945 893
f 943 904 945
f 946 943 945
f 1535 1540 1541
f 1542 1541 1540
f 939 941 946
f 941 939 1541
f 942 940 941
f 943 946 944
f 981 985 976
f 1546 1513 1510
f 1510 1547 1546
f 1512 1513 1511
f 1550 1513 1546
f 924 977 987
f 977 988 987
f 987 989 936
f 936 989 1509
f 989 1510 1509
f 1544 1556 1548
f 1545 1544 1548
f 1547 1551 1546
f 1550 1546 1551
f 1559 1551 1560
f 986 976 985
f 991 986 1548
f 986 991 988
f 991 1548 1549
f 991 990 988
f 990 991 1549
f 1549 1547 990
f 1514 1550 1553
f 1550 1552 1553
f 1539 1536 1525
f 1567 1571 1537
f 1543 1540 1538
f 1568 1567 1539
f 1543 1537 993
f 1571 993 1537
f 1572 1571 1567
f 1572 1574 1575
f 1571 1572 1573
f 993 1571 1573
f 1542 1540 1543
f 992 942 1542
f 994 992 993
f 992 997 942
f 996 954 997
f 998 996 997
f 1579 1585 1584
f 1573 1578 1583
f 1584 1585 1586
f 1584 995 1583
f 994 995 998
f 995 994 1583
f 1004 995 1584
f 995 1004 998
f 1002 1004 1005
f 1003 1002 1005
f 984 985 981
f 1595 1597 1590
f 1592 1595 1589
f 1595 1590 1589
f 1056 1043 1057
f 1048 1043 1056
f 1050 1048 1056
f 1590 1054 1589
f 1054 1051 1050
f 1545 1557 1544
f 1544 1557 1558
f 1558 1556 1544
f 1559 1561 1562
f 1556 1561 1560
f 1603 1604 1558
f 1560 1561 1559
f 1545 1053 1557
f 984 1052 1053
f 1052 1055 1053
f 1599 1600 1598
f 1603 1591 1598
f 1597 1599 1598
f 1603 1606 1604
f 1606 1605 1604
f 1052 1051 1055
f 1055 1051 1054
f 1580 1575 1581
f 1575 1580 1578
f 1580 1579 1578
f 1582 1580 1581
f 1579 1580 1582
f 1585 1587 1586
f 1618 1622 1587
f 1619 1618 1588
f 1586 1060 1005
f 1622 1062 1587
f 1623 1622 1618
f 1623 1625 1626
f 1622 1623 1624
f 1062 1622 1624
f 1061 1010 1060
f 1062 1061 1060
f 1063 1061 1062
f 1061 1059 1010
f 1061 1063 1059
f 1630 1636 1635
f 1624 1629 1634
f 1635 1636 1637
f 1635 1065 1634
f 1065 1063 1634
f 1074 1065 1635
f 1072 1068 1074
f 1072 1074 1075
f 1073 1072 1075
f 1128 1134 1126
f 1645 1651 1647
f 1646 1645 1647
f 1654 1657 1649
f 1654 1649 1648
f 1133 1126 1135
f 1135 1126 1134
f 1145 1135 1647
f 1145 1647 1648
f 1140 1138 1145
f 1649 1143 1648
f 1143 1141 1140
f 1593 1650 1664
f 1601 1596 1667
f 1665 1596 1594
f 1667 1596 1665
f 1144 1650 1593
f 1045 1142 1146
f 1146 1147 1057
f 1057 1147 1592
f 1593 1147 1146
f 1147 1594 1592
f 1147 1593 1594
f 1659 1660 1658
f 1664 1650 1658
f 1657 1659 1658
f 1664 1666 1665
f 1667 1668 1669
f 1142 1141 1144
f 1144 1141 1143
f 1601 1599 1597
f 1599 1601 1602
f 1600 1599 1602
f 1667 1669 1670
f 1631 1626 1632
f 1626 1631 1629
f 1631 1630 1629
f 1633 1631 1632
f 1630 1631 1633
f 1640 1639 1682
f 1638 1639 1636
f 1641 1639 1640
f 1637 1148 1075
f 1637 1641 1148
f 1680 1684 1682
f 1682 1684 1685
f 1640 1642 1641
f 1683 1640 1682
f 1683 1642 1640
f 1690 1692 1643
f 1088 1081 1151
f 1149 1080 1148
f 1642 1643 1149
f 1149 1643 1151
f 1150 1088 1151
f 1692 1156 1643
f 1691 1690 1688
f 1690 1683 1688
f 1691 1695 1693
f 1693 1695 1696
f 1692 1693 1694
f 1150 1156 1153
f 1153 1156 1157
f 1157 1154 1153
f 1100 1093 1160
f 1093 1155 1160
f 1155 1161 1160
f 1159 1100 1160
f 1161 1159 1160
f 1700 1708 1705
f 1694 1699 1704
f 1709 1713 1707
f 1709 1707 1706
f 1694 1704 1157
f 1705 1158 1704
f 1167 1158 1705
f 1158 1167 1161
f 1167 1705 1706
f 1707 1166 1706
f 1166 1164 1163
f 1113 1105 1170
f 1105 1165 1170
f 1165 1171 1170
f 1169 1113 1170
f 1171 1169 1170
f 1714 1723 1719
f 1707 1713 1718
f 1724 1728 1721
f 1724 1721 1720
f 1707 1718 1166
f 1719 1168 1718
f 1178 1168 1719
f 1168 1178 1171
f 1178 1719 1720
f 1721 1176 1720
f 1176 1174 1173
f 1644 1722 1734
f 1734 1735 1644
f 1130 1119 1179
f 1177 1722 1644
f 1119 1175 1179
f 1132 1180 1181
f 1644 1180 1179
f 1182 1181 1180
f 1729 1736 1734
f 1734 1722 1729
f 1728 1730 1729
f 1734 1736 1735
f 1742 1740 1737
f 1736 1741 1743
f 1175 1174 1177
f 1177 1174 1176
f 1182 1735 1738
f 1646 1652 1645
f 1645 1652 1653
f 1653 1651 1645
f 1651 1655 1654
f 1750 1751 1653
f 1646 1134 1181
f 1182 1739 1652
f 1747 1737 1740
f 1753 1750 1747
f 1737 1739 1738
f 1750 1753 1751
f 1753 1752 1751
f 1738 1739 1182
f 1661 1659 1657
f 1663 1661 1662
f 1659 1661 1663
f 1660 1659 1663
f 1701 1696 1702
f 1696 1701 1699
f 1701 1700 1699
f 1703 1701 1702
f 1700 1701 1703
f 1710 1711 1708
f 1708 1711 1709
f 1710 1712 1711
f 1715 1714 1713
f 1717 1715 1716
f 1714 1715 1717
f 1725 1726 1723
f 1723 1726 1724
f 1725 1727 1726
f 1731 1730 1728
f 1733 1731 1732
f 1730 1731 1733
f 1742 1745 1746
f 1744 1745 1741
f 1741 1745 1743
f 1743 1745 1742
f 1744 1746 1745
f 1835 1841 1834
f 1834 1841 1847
f 1778 1857 1779
f 1857 1778 1852
f 1856 1849 1855
f 1835 1834 1848
f 1849 1834 1847
f 1834 1849 1848
f 1853 1856 1858
f 1858 1859 1857
f 1858 1856 1864
f 1850 1183 1855
f 1183 1187 1855
f 1855 1187 1863
f 1779 1857 1860
f 1781 1877 1783
f 1877 1781 1870
f 1875 1867 1874
f 1867 1859 1865
f 1859 1867 1866
f 1871 1875 1878
f 1878 1879 1877
f 1879 1878 1880
f 1874 1876 1875
f 1868 1191 1874
f 1191 1205 1874
f 1876 1206 1195
f 1880 1876 1195
f 1881 1787 1784
f 1787 1790 1784
f 1800 1791 1789
f 1788 1789 1787
f 1795 1791 1800
f 1791 1792 1790
f 1788 1882 1196
f 1788 1196 1213
f 1213 1222 1788
f 1800 1789 1223
f 1877 1879 1881
f 1880 1882 1879
f 1879 1882 1881
f 1195 1194 1196
f 1208 1212 1213
f 1222 1220 1224
f 1223 1222 1224
f 1221 1224 1220
f 1800 1802 1795
f 1796 1795 1797
f 1803 1806 1797
f 1802 1804 1803
f 1816 1807 1805
f 1804 1805 1803
f 1811 1807 1816
f 1807 1808 1806
f 1223 1802 1800
f 1804 1225 1230
f 1230 1239 1804
f 1816 1805 1240
f 1223 1224 1225
f 1224 1221 1225
f 1226 1229 1230
f 1239 1237 1241
f 1240 1239 1241
f 1238 1241 1237
f 1816 1817 1811
f 1812 1811 1813
f 1818 1821 1813
f 1817 1819 1818
f 1828 1822 1820
f 1819 1820 1818
f 1825 1822 1828
f 1822 1823 1821
f 1240 1817 1816
f 1819 1242 1247
f 1247 1254 1819
f 1828 1820 1255
f 1240 1241 1242
f 1241 1238 1242
f 1243 1246 1247
f 1254 1252 1256
f 1255 1254 1256
f 1253 1256 1252
f 1828 1829 1825
f 1825 1829 1884
f 1830 1892 1888
f 1255 1829 1828
f 1830 1257 1266
f 1266 1268 1830
f 1830 1268 1892
f 1884 1887 1885
f 1889 1887 1888
f 1888 1887 1884
f 1893 1896 1889
f 1894 1893 1895
f 1893 1892 1895
f 1255 1256 1257
f 1256 1253 1257
f 1275 1263 1276
f 1275 1276 1277
f 1275 1268 1266
f 1277 1281 1269
f 1909 1904 1908
f 1897 1894 1903
f 1894 1904 1903
f 1908 1904 1905
f 1906 1909 1910
f 1910 1911 1906
f 1915 1911 1910
f 1915 1910 1916
f 1910 1909 1916
f 1905 1895 1269
f 1269 1281 1905
f 1282 1287 1908
f 1908 1287 1914
f 1930 1936 1927
f 1927 1936 1940
f 1928 1832 1931
f 1928 1838 1832
f 1838 1842 1832
f 1844 1843 1841
f 1851 1843 1840
f 1839 1840 1838
f 1843 1844 1842
f 1839 1929 1288
f 1839 1288 1296
f 1296 1303 1839
f 1851 1840 1304
f 1927 1929 1928
f 1942 1941 1940
f 1288 1929 1941
f 1288 1293 1296
f 1293 1288 1941
f 1294 1290 1293
f 1303 1300 1305
f 1304 1303 1305
f 1301 1305 1300
f 1850 1847 1851
f 1864 1863 1869
f 1869 1865 1864
f 1187 1183 1320
f 1302 1183 1850
f 1306 1302 1304
f 1302 1320 1183
f 1321 1318 1320
f 1869 1863 1326
f 1189 1326 1186
f 1304 1305 1306
f 1305 1301 1306
f 1313 1319 1321
f 1318 1321 1319
f 1868 1865 1869
f 1868 1869 1326
f 1189 1190 1191
f 1204 1205 1202
f 1205 1204 1206
f 1206 1204 1201
f 1276 1263 1272
f 1274 1276 1272
f 1276 1274 1277
f 1915 1917 1918
f 1916 1914 1922
f 1279 1282 1281
f 1279 1280 1282
f 1287 1339 1914
f 1332 1340 1339
f 1339 1340 1341
f 1337 1340 1332
f 1340 1337 1342
f 1341 1340 1342
f 1338 1342 1337
f 1922 1923 1917
f 1918 1917 1919
f 1924 1925 1919
f 1948 1925 1924
f 1947 1948 1924
f 1949 1925 1948
f 1341 1923 1922
f 1341 1944 1923
f 1951 1945 1950
f 1945 1951 1947
f 1945 1944 1946
f 1947 1944 1945
f 1950 1945 1946
f 1959 1953 1952
f 1959 1952 1960
f 1952 1951 1960
f 1950 1946 1350
f 1350 1338 1346
f 1346 1349 1350
f 1950 1355 1958
f 1938 1937 1936
f 1935 1937 1977
f 1943 1937 1935
f 1977 1981 1935
f 1289 1363 1357
f 1364 1363 1289
f 1363 1365 1357
f 1291 1364 1289
f 1971 1983 1979
f 1982 1970 1976
f 1978 1979 1977
f 1982 1984 1983
f 1981 1983 1984
f 1976 1356 1982
f 1356 1370 1982
f 1357 1365 1362
f 1365 1981 1984
f 1367 1362 1371
f 1942 1940 1943
f 1292 1290 1294
f 1942 1943 1364
f 1291 1292 1294
f 1959 1961 1962
f 1960 1958 1965
f 1355 1349 1354
f 1355 1386 1958
f 1381 1387 1386
f 1386 1387 1388
f 1385 1387 1381
f 1387 1385 1389
f 1388 1387 1389
f 1965 1966 1961
f 1961 1966 1987
f 1966 1988 1987
f 1388 1966 1965
f 1388 1988 1966
f 1987 1990 1989
f 1991 1992 1990
f 1991 1988 1993
f 1996 1991 1993
f 2000 1999 1996
f 1389 1395 1993
f 1396 1399 1996
f 1996 1399 2000
f 1969 2008 1972
f 2008 1969 2007
f 2007 2012 2008
f 2009 2016 2019
f 1970 1986 1976
f 1970 1971 1973
f 2010 2011 1986
f 1370 1356 1408
f 1400 1356 1976
f 1986 1400 1976
f 1400 1408 1356
f 1370 1369 1371
f 1409 1406 1408
f 1371 1369 1367
f 2008 2009 2010
f 2009 2011 2010
f 2022 2021 2019
f 1401 2011 2021
f 1401 1403 1409
f 1403 1401 2021
f 1404 1402 1403
f 1406 1409 1407
f 1394 1395 1391
f 1992 1999 2002
f 2003 2027 2006
f 2001 1999 2000
f 2001 2025 2024
f 1399 1396 1434
f 1394 1396 1395
f 1425 1435 1434
f 1434 1436 1399
f 1399 1436 2000
f 1436 2001 2000
f 2025 2028 2024
f 2027 2024 2028
f 2036 2028 2037
f 2034 2037 2026
f 1429 1435 1425
f 1441 1432 1442
f 1441 1437 1435
f 1437 1441 2026
f 2026 2025 1437
f 2006 2027 2030
f 2027 2029 2030
f 2016 2020 2019
f 2042 2017 2041
f 2041 2046 2042
f 2043 2050 2054
f 2044 2020 2042
f 2044 2023 2020
f 2044 2045 2023
f 1443 1404 2022
f 2023 1443 2022
f 1443 1451 1404
f 1449 1416 1451
f 1452 1449 1451
f 2042 2043 2044
f 2043 2045 2044
f 2056 2055 2054
f 1444 2045 2055
f 1444 1446 1452
f 1446 1444 2055
f 1447 1445 1446
f 1449 1452 1450
f 2058 2038 2035
f 2035 2059 2058
f 2037 2038 2036
f 2061 2038 2058
f 1442 1432 1440
f 1442 1475 2034
f 1473 1476 1475
f 1475 2035 2034
f 2059 2062 2058
f 2061 2058 2062
f 2069 2062 2070
f 2067 2070 2060
f 1478 1467 1479
f 1474 1467 1478
f 1476 1478 2060
f 2060 2059 1476
f 2039 2061 2064
f 2061 2063 2064
f 2052 2051 2050
f 2049 2051 2074
f 2057 2051 2049
f 2074 2076 2049
f 2057 2049 1481
f 2076 1481 2049
f 2077 2076 2074
f 2077 2079 2083
f 2076 2077 2078
f 1481 2076 2078
f 2056 2054 2057
f 1480 1447 2056
f 1482 1480 1481
f 1480 1489 1447
f 1487 1459 1489
f 1490 1487 1489
f 2078 2087 2088
f 2089 2088 2087
f 1482 1484 1490
f 1484 1482 2088
f 1485 1483 1484
f 1487 1490 1488
f 1511 1515 1507
f 2093 2071 2068
f 2068 2094 2093
f 2070 2071 2069
f 2097 2071 2093
f 1468 1508 1517
f 1508 1518 1517
f 1517 1519 1479
f 1479 1519 2067
f 1519 2068 2067
f 2091 2103 2095
f 2092 2091 2095
f 2094 2098 2093
f 2097 2093 2098
f 2106 2098 2107
f 1516 1507 1515
f 1521 1516 2095
f 1516 1521 1518
f 1521 2095 2096
f 1521 1520 1518
f 1520 1521 2096
f 2096 2094 1520
f 2072 2097 2100
f 2097 2099 2100
f 2085 2084 2083
f 2082 2084 2111
f 2090 2084 2082
f 2111 2113 2082
f 2090 2082 1523
f 2113 1523 2082
f 2114 2113 2111
f 2114 2116 2119
f 2113 2114 2115
f 1523 2113 2115
f 2089 2087 2090
f 1522 1485 2089
f 1524 1522 1523
f 1522 1531 1485
f 1529 1497 1531
f 1532 1529 1531
f 2115 2122 2124
f 2125 2124 2122
f 1524 1526 1532
f 1526 1524 2124
f 1527 1525 1526
f 1529 1532 1530
f 1514 1515 1511
f 1559 1563 1552
f 2092 2104 2091
f 2091 2104 2105
f 2105 2103 2091
f 2106 2108 2109
f 2103 2108 2107
f 2134 2135 2105
f 2107 2108 2106
f 2092 1554 2104
f 1514 1553 1554
f 1553 1555 1554
f 2129 2130 2128
f 2128 2127 2132
f 2134 2127 2128
f 2134 2137 2135
f 2137 2136 2135
f 2132 2127 1555
f 1563 2133 2132
f 1553 1552 1555
f 2119 2123 2122
f 2146 2120 2145
f 2145 2149 2146
f 2146 2149 2150
f 2147 2123 2146
f 2147 2126 2123
f 2147 2148 2126
f 1564 1527 2125
f 2126 1564 2125
f 1564 1569 1527
f 1568 1539 1569
f 1570 1568 1569
f 2156 2155 2154
f 2159 2148 2155
f 2155 2160 2159
f 2160 2161 2162
f 1565 2148 2159
f 2160 1566 2159
f 1565 1566 1570
f 1566 1565 2159
f 1576 1566 2160
f 1566 1576 1570
f 1574 1576 1577
f 1575 1574 1577
f 1605 1607 1562
f 1562 1607 1608
f 1605 1609 1607
f 1610 1608 1607
f 1607 1609 1610
f 2173 2175 2166
f 2170 2173 2165
f 2173 2166 2165
f 1611 1600 1612
f 1606 1600 1611
f 1609 1611 2165
f 2133 2142 2129
f 2167 2169 2131
f 2130 2129 2131
f 2142 2168 2167
f 2133 1563 1608
f 1610 2168 2142
f 2178 2179 2177
f 2167 2176 2169
f 2177 2179 2176
f 2175 2178 2177
f 2166 2168 1610
f 2164 2161 2156
f 2161 2163 2162
f 2189 2192 2163
f 2190 2189 2164
f 2162 1613 1577
f 2192 1615 2163
f 2193 2192 2189
f 2193 2195 2197
f 2192 2193 2194
f 1615 2192 2194
f 1588 1582 1620
f 1614 1581 1613
f 1615 1614 1613
f 1616 1614 1615
f 1619 1588 1620
f 1621 1619 1620
f 2200 2206 2205
f 2194 2199 2204
f 2205 2206 2207
f 2205 1617 2204
f 1616 1617 1621
f 1617 1616 2204
f 1627 1617 2205
f 1617 1627 1621
f 1625 1627 1628
f 1626 1625 1628
f 1672 1660 1673
f 1666 1660 1672
f 1672 1673 1674
f 1668 1666 1672
f 1668 1672 1674
f 2171 2214 2226
f 2180 2174 2229
f 2227 2174 2172
f 2229 2174 2227
f 1671 2214 2171
f 1602 1670 1676
f 1676 1677 1612
f 1612 1677 2170
f 2171 1677 1676
f 1677 2172 2170
f 1677 2171 2172
f 2219 2220 2218
f 2218 2214 2223
f 2226 2214 2218
f 2226 2228 2227
f 2229 2230 2231
f 2223 2214 1671
f 1675 2224 2223
f 1670 1669 1671
f 2180 2178 2175
f 2178 2180 2181
f 2179 2178 2181
f 2229 2231 2232
f 2201 2197 2202
f 2197 2201 2199
f 2201 2200 2199
f 2203 2201 2202
f 2200 2201 2203
f 2210 2209 2244
f 2208 2209 2206
f 2211 2209 2210
f 2207 1678 1628
f 2207 2211 1678
f 2242 2246 2244
f 2244 2246 2247
f 2210 2212 2211
f 2245 2210 2244
f 2245 2212 2210
f 2253 2254 2213
f 1638 1633 1681
f 1679 1632 1678
f 2212 2213 1679
f 1679 2213 1681
f 1680 1638 1681
f 2254 1686 2213
f 2251 2257 2255
f 2253 2245 2250
f 2253 2255 2254
f 2258 2263 2256
f 2255 2257 2258
f 1680 1686 1684
f 1684 1686 1687
f 1687 1685 1684
f 2264 2270 2269
f 2256 2263 2268
f 2269 2270 2271
f 2256 2268 1687
f 2269 1689 2268
f 1688 1685 1689
f 1697 1689 2269
f 1695 1691 1697
f 1695 1697 1698
f 1696 1695 1698
f 1742 1748 1740
f 1752 1754 1656
f 1656 1754 1755
f 1752 1757 1754
f 1758 1755 1754
f 1755 1662 1656
f 1754 1757 1758
f 2282 2293 2287
f 2285 2282 2287
f 2294 2292 2289
f 2295 2290 2288
f 1747 1740 1749
f 1749 1740 1748
f 1759 1749 2287
f 1759 2287 2288
f 1757 1759 2288
f 2215 2291 2302
f 2221 2217 2305
f 2303 2217 2216
f 2216 2217 2225
f 2225 2217 2221
f 2305 2217 2303
f 1756 1662 1755
f 1758 1756 1755
f 1756 2215 1760
f 1760 1761 1673
f 2215 1761 1760
f 1762 1675 1674
f 1761 2215 2216
f 2299 2289 2292
f 2304 2302 2299
f 2289 2291 2290
f 2302 2304 2303
f 2305 2306 2307
f 2290 2291 1758
f 2219 2221 2222
f 2220 2219 2222
f 2224 1675 1762
f 2224 1762 2225
f 2305 2307 2308
f 2259 2257 2251
f 2259 2260 2257
f 2257 2260 2258
f 2259 2261 2260
f 2265 2264 2263
f 2267 2265 2266
f 2264 2265 2267
f 2274 2273 2320
f 2272 2273 2270
f 2275 2273 2274
f 2271 1763 1698
f 2271 2275 1763
f 2318 2322 2320
f 2320 2322 2323
f 2274 2276 2275
f 2321 2274 2320
f 2321 2276 2274
f 2328 2330 2277
f 1710 1703 1765
f 1764 1702 1763
f 2276 2277 1764
f 1764 2277 1765
f 1712 1766 1767
f 2277 1766 1765
f 1769 1767 1766
f 1767 1716 1712
f 2329 2328 2326
f 2328 2321 2326
f 2329 2335 2331
f 2333 2331 2332
f 2330 2331 2333
f 1769 2330 2333
f 2278 2334 2341
f 2341 2343 2278
f 1725 1717 1770
f 1768 1716 1767
f 1769 1768 1767
f 1768 2278 1770
f 1727 1771 1772
f 2278 1771 1770
f 1774 1772 1771
f 1772 1732 1727
f 2339 2332 2336
f 2342 2341 2339
f 2332 2334 2333
f 2342 2348 2344
f 2346 2344 2345
f 2343 2344 2346
f 2333 2334 1769
f 1774 2343 2346
f 2279 2347 2354
f 2283 2281 2357
f 2355 2281 2280
f 2280 2281 2286
f 2286 2281 2283
f 2357 2281 2355
f 1744 1733 1775
f 1773 1732 1772
f 1774 1773 1772
f 1773 2279 1775
f 1746 1776 1777
f 2279 1776 1775
f 1776 2279 2280
f 2352 2345 2349
f 2356 2354 2352
f 2345 2347 2346
f 2354 2356 2355
f 2357 2358 2359
f 2346 2347 1774
f 2282 2283 2284
f 2294 2297 2298
f 2296 2297 2293
f 2293 2297 2295
f 2295 2297 2294
f 2296 2298 2297
f 2285 1748 1777
f 2285 1777 2286
f 2357 2359 2360
f 2372 2377 2371
f 2371 2377 2383
f 2391 2385 2390
f 2372 2371 2384
f 2385 2371 2383
f 2371 2385 2384
f 2389 2391 2392
f 2392 2394 2389
f 2392 2391 2399
f 2387 1780 2390
f 1780 1782 2390
f 2390 1782 2398
f 2409 2403 2408
f 2395 2393 2402
f 2403 2393 2401
f 2393 2403 2402
f 2406 2409 2411
f 2411 2414 2406
f 2412 2411 2413
f 2408 2410 2409
f 2404 1785 2408
f 1785 1793 2408
f 2410 1794 1786
f 2413 2410 1786
f 1794 1798 1786
f 2426 2421 2425
f 2415 2412 2420
f 2412 2421 2420
f 2425 2421 2422
f 2423 2426 2428
f 2428 2431 2423
f 2429 2428 2430
f 2425 2427 2426
f 2422 2413 1786
f 1786 1798 2422
f 1799 1809 2425
f 2427 1810 1801
f 2430 2427 1801
f 1810 1814 1801
f 2443 2438 2442
f 2432 2429 2437
f 2429 2438 2437
f 2442 2438 2439
f 2440 2443 2444
f 2444 2446 2440
f 2444 2443 2452
f 2439 2430 1801
f 1801 1814 2439
f 1815 1824 2442
f 2442 1824 2451
f 2447 2445 2454
f 2455 2456 2454
f 2455 2445 2453
f 2445 2455 2454
f 2464 2463 2460
f 2457 1827 2460
f 1827 1831 2460
f 2460 1831 2464
f 2485 2488 2484
f 2484 2488 2491
f 2367 2502 2368
f 2502 2367 2496
f 2500 2493 2499
f 2485 2484 2492
f 2493 2484 2491
f 2484 2493 2492
f 2497 2500 2503
f 2503 2504 2502
f 2504 2503 2505
f 2499 2501 2500
f 2495 1833 2499
f 1833 1845 2499
f 2501 1846 1836
f 2505 2501 1836
f 2506 2374 2369
f 2374 2378 2369
f 2380 2379 2377
f 2388 2379 2376
f 2375 2376 2374
f 2379 2380 2378
f 2375 2507 1837
f 2375 1837 1854
f 1778 1861 1852
f 1862 1861 1778
f 1779 1862 1778
f 1861 2376 2375
f 2502 2504 2506
f 2505 2507 2504
f 2504 2507 2506
f 1836 1835 1837
f 1848 1853 1854
f 1852 1854 1853
f 2387 2383 2388
f 2399 2398 2405
f 2405 2401 2399
f 1782 1780 1872
f 2387 2388 1862
f 1860 1873 1872
f 1873 1870 1872
f 2405 2398 1883
f 1783 1883 1781
f 1866 1873 1860
f 1866 1871 1873
f 1870 1873 1871
f 2404 2401 2405
f 2404 2405 1883
f 1783 1784 1785
f 1792 1793 1790
f 1793 1792 1794
f 1796 1799 1798
f 1796 1797 1799
f 1808 1809 1806
f 1809 1808 1810
f 2452 2451 2458
f 2458 2453 2452
f 1812 1815 1814
f 1812 1813 1815
f 1823 1824 1821
f 2458 2451 1886
f 1826 1886 1823
f 2457 2453 2458
f 2456 2463 2465
f 2463 2466 2465
f 2471 2466 2476
f 2466 2467 2465
f 1831 1827 1890
f 2457 2458 1886
f 1885 1891 1890
f 1890 1898 1831
f 1831 1898 2464
f 1898 1899 1900
f 1887 1891 1885
f 1887 1889 1891
f 1899 1896 1901
f 1900 1899 1901
f 1897 1901 1896
f 2476 2477 2471
f 2472 2471 2473
f 2478 2480 2473
f 2477 2479 2478
f 2481 2513 2483
f 2511 2480 2478
f 1900 2477 2476
f 2479 1902 1907
f 1907 1912 2479
f 2479 1912 2512
f 2512 2514 2511
f 2513 2511 2514
f 2514 2515 2513
f 2515 2514 2516
f 2514 2512 2516
f 1900 1901 1902
f 1901 1897 1902
f 1903 1906 1907
f 1912 1911 1913
f 2483 2513 2517
f 2521 2522 2520
f 2515 2521 2520
f 2525 2521 2523
f 2529 2528 2525
f 2523 2516 1913
f 1913 1920 2523
f 1921 1926 2525
f 2525 1926 2529
f 2488 2494 2491
f 2553 2489 2548
f 2543 2560 2551
f 2543 2551 2549
f 2549 2551 2554
f 2554 2555 2553
f 2555 2554 2556
f 2561 1939 2552
f 2552 1939 1933
f 2556 2552 1933
f 2557 2494 2553
f 2557 2510 2494
f 2557 2558 2510
f 1932 1833 2495
f 2510 1932 2495
f 1932 1934 1931
f 1844 1845 1842
f 1845 1844 1846
f 1846 1844 1841
f 2553 2555 2557
f 2556 2558 2555
f 2555 2558 2557
f 1934 1930 1931
f 1933 1930 1934
f 1918 1920 1915
f 2522 2528 2530
f 2528 2531 2530
f 2536 2531 2539
f 2531 2532 2530
f 1918 1921 1920
f 1918 1919 1921
f 1926 1954 2529
f 1949 1955 1954
f 1954 1955 1956
f 1953 1955 1949
f 1955 1953 1957
f 1956 1955 1957
f 2539 2540 2536
f 2536 2540 2565
f 2540 2566 2565
f 1956 2540 2539
f 1956 2566 2540
f 2565 2569 2567
f 2570 2571 2569
f 2570 2566 2572
f 2574 2570 2572
f 2577 2576 2574
f 1957 1963 2572
f 1964 1967 2574
f 2574 1967 2577
f 2542 2586 2544
f 2586 2542 2585
f 2585 2590 2586
f 2587 2595 2600
f 2588 2562 2545
f 2564 2560 2562
f 2560 2564 2561
f 2563 2564 2562
f 2563 2589 1968
f 2563 1968 1980
f 1938 1985 1978
f 2561 2564 1985
f 1939 1938 1936
f 1985 2564 2563
f 2586 2587 2588
f 2587 2589 2588
f 2602 2601 2600
f 1968 2589 2601
f 1968 1974 1980
f 1974 1968 2601
f 1975 1971 1974
f 1978 1980 1979
f 1962 1963 1959
f 2571 2576 2579
f 2580 2607 2583
f 2578 2576 2577
f 2578 2605 2604
f 1967 1964 1994
f 1962 1964 1963
f 1989 1995 1994
f 1994 1997 1967
f 1967 1997 2577
f 1997 2578 2577
f 2605 2608 2604
f 2607 2604 2608
f 2615 2608 2616
f 2614 2616 2606
f 1990 1995 1989
f 2004 1992 2005
f 2004 1998 1995
f 1998 2004 2606
f 2606 2605 1998
f 2583 2607 2610
f 2607 2609 2610
f 2597 2596 2595
f 2594 2596 2629
f 2603 2596 2594
f 2629 2634 2594
f 1969 2013 2007
f 2014 2013 1969
f 2013 2015 2007
f 1972 2014 1969
f 2626 2637 2635
f 2626 2635 2631
f 2630 2631 2629
f 2634 2635 2636
f 2638 2018 2636
f 2007 2015 2012
f 2015 2634 2636
f 2016 2012 2018
f 2602 2600 2603
f 1973 1971 1975
f 2602 2603 2014
f 1972 1973 1975
f 2615 2617 2618
f 2616 2614 2621
f 2005 1992 2002
f 2003 2005 2002
f 2621 2614 2031
f 2006 2031 2003
f 2036 2040 2029
f 2621 2622 2617
f 2617 2622 2641
f 2622 2642 2641
f 2006 2032 2031
f 2006 2030 2032
f 2030 2033 2032
f 2646 2647 2645
f 2641 2644 2643
f 2645 2647 2644
f 2645 2642 2648
f 2648 2642 2033
f 2040 2649 2648
f 2030 2029 2033
f 2640 2637 2626
f 2637 2639 2638
f 2664 2669 2639
f 2665 2664 2640
f 2017 2047 2041
f 2047 2048 2041
f 2638 2639 2047
f 2018 2017 2016
f 2661 2672 2670
f 2661 2670 2666
f 2665 2666 2664
f 2669 2670 2671
f 2673 2053 2671
f 2041 2048 2046
f 2048 2669 2671
f 2050 2046 2053
f 2039 2040 2036
f 2069 2073 2063
f 2649 2654 2646
f 2646 2654 2655
f 2683 2656 2655
f 2682 2683 2655
f 2684 2656 2683
f 2649 2065 2654
f 2039 2064 2065
f 2064 2066 2065
f 2678 2679 2677
f 2677 2676 2680
f 2682 2676 2677
f 2682 2685 2683
f 2685 2684 2683
f 2680 2676 2066
f 2073 2681 2680
f 2064 2063 2066
f 2675 2672 2661
f 2672 2674 2673
f 2698 2703 2674
f 2699 2698 2675
f 2052 2080 2075
f 2080 2081 2075
f 2673 2674 2080
f 2053 2052 2050
f 2695 2706 2704
f 2695 2704 2700
f 2699 2700 2698
f 2703 2704 2705
f 2707 2086 2705
f 2075 2081 2079
f 2081 2703 2705
f 2083 2079 2086
f 2072 2073 2069
f 2106 2110 2099
f 2681 2688 2678
f 2678 2688 2689
f 2718 2690 2689
f 2717 2718 2689
f 2719 2690 2718
f 2681 2101 2688
f 2072 2100 2101
f 2100 2102 2101
f 2712 2713 2711
f 2711 2710 2715
f 2717 2710 2711
f 2717 2720 2718
f 2720 2719 2718
f 2715 2710 2102
f 2110 2716 2715
f 2100 2099 2102
f 2709 2706 2695
f 2706 2708 2707
f 2731 2736 2708
f 2732 2731 2709
f 2085 2117 2112
f 2117 2118 2112
f 2707 2708 2117
f 2086 2085 2083
f 2728 2739 2737
f 2728 2737 2733
f 2732 2733 2731
f 2736 2737 2738
f 2740 2121 2738
f 2112 2118 2116
f 2118 2736 2738
f 2119 2116 2121
f 2136 2138 2109
f 2109 2138 2139
f 2136 2140 2138
f 2141 2139 2138
f 2138 2140 2141
f 2753 2748 2744
f 2751 2754 2743
f 2754 2745 2743
f 2143 2130 2144
f 2137 2130 2143
f 2140 2143 2743
f 2716 2723 2712
f 2746 2749 2714
f 2713 2712 2714
f 2723 2747 2746
f 2716 2110 2139
f 2141 2747 2723
f 2744 2747 2745
f 2746 2747 2744
f 2745 2747 2141
f 2742 2739 2728
f 2739 2741 2740
f 2761 2764 2741
f 2762 2761 2742
f 2120 2151 2145
f 2151 2152 2145
f 2740 2741 2151
f 2121 2120 2119
f 2765 2764 2761
f 2765 2767 2769
f 2764 2765 2766
f 2145 2152 2149
f 2149 2152 2153
f 2153 2150 2149
f 2766 2771 2774
f 2775 2774 2771
f 2766 2774 2153
f 2154 2150 2157
f 2158 2156 2157
f 2157 2156 2154
f 2778 2755 2752
f 2752 2779 2778
f 2754 2755 2753
f 2781 2755 2778
f 2131 2169 2182
f 2169 2183 2182
f 2182 2184 2144
f 2144 2184 2751
f 2184 2752 2751
f 2779 2782 2778
f 2781 2778 2782
f 2790 2782 2791
f 2787 2791 2780
f 2176 2183 2169
f 2186 2179 2187
f 2186 2185 2183
f 2185 2186 2780
f 2780 2779 2185
f 2756 2781 2784
f 2781 2783 2784
f 2772 2769 2773
f 2769 2772 2771
f 2795 2776 2772
f 2805 2806 2777
f 2188 2158 2775
f 2776 2188 2775
f 2776 2777 2188
f 2188 2191 2158
f 2188 2777 2191
f 2190 2164 2191
f 2806 2196 2777
f 2802 2809 2807
f 2801 2795 2796
f 2805 2795 2801
f 2805 2807 2806
f 2806 2807 2808
f 2810 2198 2808
f 2190 2196 2195
f 2196 2806 2808
f 2197 2195 2198
f 2234 2220 2235
f 2228 2220 2234
f 2234 2235 2236
f 2230 2228 2234
f 2230 2234 2236
f 2788 2817 2829
f 2790 2792 2793
f 2830 2792 2789
f 2791 2792 2790
f 2233 2817 2788
f 2181 2232 2238
f 2238 2239 2187
f 2187 2239 2787
f 2788 2239 2238
f 2239 2789 2787
f 2239 2788 2789
f 2822 2823 2821
f 2821 2817 2826
f 2829 2817 2821
f 2829 2832 2830
f 2832 2831 2830
f 2826 2817 2233
f 2237 2827 2826
f 2232 2231 2233
f 2811 2809 2802
f 2813 2812 2842
f 2811 2812 2809
f 2814 2812 2813
f 2810 2240 2198
f 2810 2814 2240
f 2840 2844 2842
f 2842 2844 2845
f 2813 2815 2814
f 2843 2813 2842
f 2843 2815 2813
f 2853 2854 2816
f 2208 2203 2243
f 2241 2202 2240
f 2815 2816 2241
f 2241 2816 2243
f 2242 2208 2243
f 2854 2248 2816
f 2849 2857 2855
f 2853 2843 2848
f 2853 2855 2854
f 2858 2862 2856
f 2855 2857 2858
f 2242 2248 2246
f 2246 2248 2249
f 2249 2247 2246
f 2863 2869 2868
f 2856 2862 2867
f 2868 2869 2870
f 2856 2867 2249
f 2868 2252 2867
f 2250 2247 2252
f 2252 2251 2250
f 2870 2262 2868
f 2294 2300 2292
f 2877 2886 2882
f 2880 2877 2882
f 2887 2891 2884
f 2887 2884 2883
f 2299 2292 2301
f 2301 2292 2300
f 2311 2301 2882
f 2311 2882 2883
f 2306 2304 2311
f 2884 2309 2883
f 2309 2307 2306
f 2818 2885 2899
f 2824 2820 2902
f 2900 2820 2819
f 2819 2820 2828
f 2828 2820 2824
f 2902 2820 2900
f 2310 2885 2818
f 2222 2308 2312
f 2312 2313 2235
f 2818 2313 2312
f 2314 2237 2236
f 2313 2818 2819
f 2893 2894 2892
f 2899 2885 2892
f 2891 2893 2892
f 2899 2901 2900
f 2902 2903 2904
f 2308 2307 2310
f 2310 2307 2309
f 2822 2824 2825
f 2823 2822 2825
f 2827 2237 2314
f 2827 2314 2828
f 2902 2904 2905
f 2859 2857 2849
f 2859 2860 2857
f 2857 2860 2858
f 2859 2861 2860
f 2864 2863 2862
f 2866 2864 2865
f 2863 2864 2866
f 2869 2871 2870
f 2918 2921 2871
f 2919 2918 2872
f 2259 2251 2262
f 2262 2261 2259
f 2315 2266 2261
f 2921 2317 2871
f 2922 2921 2918
f 2924 2922 2923
f 2921 2922 2924
f 2317 2921 2924
f 2873 2925 2932
f 2932 2934 2873
f 2272 2267 2319
f 2316 2266 2315
f 2317 2316 2315
f 2316 2873 2319
f 2318 2272 2319
f 2934 2324 2873
f 2930 2923 2927
f 2933 2932 2930
f 2923 2925 2924
f 2933 2938 2935
f 2937 2935 2936
f 2934 2935 2937
f 2924 2925 2317
f 2318 2324 2322
f 2322 2324 2325
f 2325 2323 2322
f 2942 2936 2939
f 2944 2943 2942
f 2943 2936 2942
f 2943 2948 2947
f 2952 2957 2950
f 2952 2950 2949
f 2937 2947 2325
f 2948 2327 2947
f 2326 2323 2327
f 2338 2327 2948
f 2338 2948 2949
f 2335 2329 2338
f 2950 2337 2949
f 2337 2336 2335
f 2958 2966 2963
f 2950 2957 2962
f 2967 2971 2965
f 2967 2965 2964
f 2950 2962 2337
f 2963 2340 2962
f 2339 2336 2340
f 2351 2340 2963
f 2351 2963 2964
f 2348 2342 2351
f 2965 2350 2964
f 2350 2349 2348
f 2979 2981 2973
f 2965 2971 2978
f 2983 2981 2979
f 2979 2987 2983
f 2985 2983 2984
f 2980 2981 2982
f 2965 2978 2350
f 2980 2353 2978
f 2352 2349 2353
f 2363 2353 2980
f 2363 2980 2982
f 2358 2356 2363
f 2985 2361 2982
f 2361 2359 2358
f 2874 2986 2994
f 2878 2876 2997
f 2995 2876 2875
f 2875 2876 2881
f 2881 2876 2878
f 2997 2876 2995
f 2296 2284 2364
f 2362 2986 2874
f 2284 2360 2364
f 2298 2365 2366
f 2874 2365 2364
f 2365 2874 2875
f 2991 2984 2988
f 2996 2994 2991
f 2984 2986 2985
f 2994 2996 2995
f 2997 2998 2999
f 2360 2359 2362
f 2362 2359 2361
f 2877 2878 2879
f 2888 2889 2886
f 2886 2889 2887
f 2888 2890 2889
f 2880 2300 2366
f 2880 2366 2881
f 2997 2999 3000
f 2895 2893 2891
f 2897 2895 2896
f 2893 2895 2897
f 2894 2893 2897
f 2953 2951 2944
f 2953 2954 2951
f 2951 2954 2952
f 2953 2955 2954
f 2959 2958 2957
f 2961 2959 2960
f 2958 2959 2961
f 2968 2969 2966
f 2966 2969 2967
f 2968 2970 2969
f 2974 2972 2971
f 2976 2974 2975
f 2972 2974 2976
f 2973 2972 2976
f 3052 3056 3051
f 3051 3056 3060
f 3069 3062 3068
f 3052 3051 3061
f 3062 3051 3060
f 3051 3062 3061
f 3067 3069 3071
f 3071 3074 3067
f 3072 3071 3073
f 3068 3070 3069
f 3065 2370 3068
f 2370 2381 3068
f 3070 2382 2373
f 3073 3070 2373
f 3015 3088 3016
f 3088 3015 3082
f 3086 3080 3085
f 3075 3072 3079
f 3072 3080 3079
f 3085 3080 3081
f 3083 3086 3089
f 3089 3090 3088
f 3090 3089 3091
f 3085 3087 3086
f 3081 3073 2373
f 3085 3081 2386
f 2386 2372 2384
f 2400 3085 2386
f 3085 2400 3087
f 2394 2400 2389
f 3091 3087 2396
f 2395 2396 2394
f 3092 3019 3017
f 3019 3022 3017
f 3030 3023 3021
f 3020 3021 3019
f 3026 3023 3030
f 3023 3024 3022
f 3020 3093 2397
f 3020 2397 2407
f 2407 2416 3020
f 3030 3021 2417
f 3088 3090 3092
f 3091 3093 3090
f 3090 3093 3092
f 2396 2395 2397
f 2402 2406 2407
f 2416 2414 2418
f 2417 2416 2418
f 2415 2418 2414
f 3030 3031 3026
f 3027 3026 3028
f 3032 3035 3028
f 3031 3033 3032
f 3042 3036 3034
f 3033 3034 3032
f 3039 3036 3042
f 3036 3037 3035
f 2417 3031 3030
f 3033 2419 2424
f 2424 2433 3033
f 3042 3034 2434
f 2417 2418 2419
f 2418 2415 2419
f 2420 2423 2424
f 2433 2431 2435
f 2434 2433 2435
f 2432 2435 2431
f 3042 3043 3039
f 3040 3039 3041
f 3044 3046 3041
f 3043 3045 3044
f 3047 3102 3048
f 3099 3046 3044
f 2434 3043 3042
f 3045 2436 2441
f 2441 2448 3045
f 3045 2448 3101
f 3101 3103 3099
f 3102 3099 3103
f 3103 3104 3102
f 3104 3103 3105
f 3103 3101 3105
f 2434 2435 2436
f 2435 2432 2436
f 2437 2440 2441
f 2448 2446 2449
f 2447 2449 2446
f 3048 3102 3107
f 3112 3106 3049
f 3049 3115 3112
f 3049 3106 2450
f 3049 2450 2459
f 2459 2461 3049
f 3049 2461 3115
f 3113 3111 3112
f 3105 3106 3104
f 3116 3119 3113
f 3117 3116 3118
f 3116 3115 3118
f 2449 2447 2450
f 2468 2456 2469
f 2468 2469 2470
f 2468 2461 2459
f 2470 2474 2462
f 3131 3126 3130
f 3120 3117 3125
f 3117 3126 3125
f 3130 3126 3127
f 3128 3131 3132
f 3132 3133 3128
f 3137 3133 3132
f 3137 3132 3138
f 3132 3131 3138
f 3127 3118 2462
f 2462 2474 3127
f 2475 2482 3130
f 3130 2482 3136
f 3157 3165 3153
f 3166 3161 3152
f 3166 3152 3154
f 3161 2490 3152
f 3152 2490 2486
f 3154 3152 2486
f 3155 3050 3158
f 3155 3053 3050
f 3053 3057 3050
f 3059 3058 3056
f 3066 3058 3055
f 3054 3055 3053
f 3058 3059 3057
f 3054 3156 2487
f 3054 2487 2498
f 2367 2508 2496
f 2509 2508 2367
f 2368 2509 2367
f 2508 3055 3054
f 3154 3156 3153
f 3153 3156 3155
f 2486 2485 2487
f 2492 2497 2498
f 2496 2498 2497
f 3065 3060 3066
f 3065 3066 2509
f 2368 2369 2370
f 2380 2381 2378
f 2381 2380 2382
f 2382 2380 2377
f 2469 2456 2465
f 2467 2469 2465
f 2469 2467 2470
f 3137 3139 3140
f 3138 3136 3144
f 2472 2475 2474
f 2472 2473 2475
f 2481 2482 2480
f 3144 3136 2518
f 2483 2518 2481
f 3144 3145 3139
f 3140 3139 3141
f 3146 3148 3141
f 3145 3147 3146
f 3175 3148 3146
f 3176 3148 3175
f 2483 2519 2518
f 3147 3145 2519
f 2483 2517 2519
f 2524 2526 3147
f 3147 2526 3177
f 3177 3178 3175
f 3179 3178 3180
f 3178 3177 3180
f 2520 2524 2517
f 2533 2522 2534
f 2533 2534 2535
f 2533 2526 2524
f 2535 2538 2527
f 3189 3190 3188
f 3182 3179 3187
f 3188 3190 3187
f 3179 3188 3187
f 3192 3180 2527
f 2538 3193 3192
f 2527 2538 3192
f 3202 3208 3199
f 3199 3208 3212
f 3200 3150 3203
f 3200 3162 3150
f 3162 3167 3150
f 3169 3168 3165
f 3163 3164 3162
f 3165 3168 3166
f 3168 3169 3167
f 3163 3201 2541
f 3163 2541 2550
f 2489 2559 2548
f 3161 3164 2559
f 2490 2489 2488
f 2559 3164 3163
f 3199 3201 3200
f 3214 3213 3212
f 2541 3201 3213
f 2541 2546 2550
f 2546 2541 3213
f 2547 2543 2546
f 2548 2550 2549
f 2534 2522 2530
f 2532 2534 2530
f 2534 2532 2535
f 3193 3194 3189
f 3189 3194 3195
f 3194 3196 3195
f 3216 3197 3195
f 3217 3197 3216
f 3193 2568 3194
f 3196 3194 2568
f 2537 2567 2568
f 2573 2575 3196
f 3196 2575 3218
f 3218 3220 3216
f 3227 3221 3220
f 3227 3220 3228
f 3226 3228 3219
f 2569 2573 2567
f 2581 2571 2582
f 2581 2575 2573
f 2575 2581 3219
f 3219 3218 2575
f 3210 3209 3208
f 3207 3209 3243
f 3215 3209 3207
f 3243 3247 3207
f 2542 2591 2585
f 2592 2591 2542
f 2591 2593 2585
f 2544 2592 2542
f 3238 3249 3245
f 3248 3237 3242
f 3244 3245 3243
f 3248 3250 3249
f 3247 3249 3250
f 3242 2584 3248
f 2584 2598 3248
f 2585 2593 2590
f 2593 3247 3250
f 2595 2590 2599
f 3214 3212 3215
f 2545 2543 2547
f 3214 3215 2592
f 2544 2545 2547
f 3227 3229 3230
f 3228 3226 3233
f 2582 2571 2579
f 2580 2582 2579
f 3233 3226 2611
f 2583 2611 2580
f 2615 2619 2609
f 3233 3234 3229
f 3229 3234 3253
f 3234 3254 3253
f 2583 2612 2611
f 2583 2610 2612
f 2610 2613 2612
f 3253 3256 3255
f 3257 3258 3256
f 3257 3254 3259
f 3262 3257 3259
f 3266 3265 3262
f 3259 3254 2613
f 2610 2609 2613
f 2620 2623 3262
f 3262 2623 3266
f 3274 3278 3271
f 3271 3278 3279
f 3237 3252 3242
f 3272 3239 3275
f 3237 3238 3239
f 3272 3273 3252
f 2598 2584 2632
f 2624 2584 3242
f 3252 2624 3242
f 2624 2632 2584
f 2598 2597 2599
f 2633 2630 2632
f 2599 2597 2595
f 3271 3273 3272
f 3284 3283 3279
f 2625 3273 3283
f 2625 2627 2633
f 2627 2625 3283
f 2628 2626 2627
f 2630 2633 2631
f 2618 2619 2615
f 3258 3265 3268
f 3267 3265 3266
f 3267 3288 3286
f 3287 3268 3286
f 2623 2620 2650
f 2618 2620 2619
f 2643 2651 2650
f 2650 2652 2623
f 2623 2652 3266
f 2652 3267 3266
f 3288 3290 3286
f 3296 3291 3290
f 3296 3290 3297
f 3294 3297 3289
f 2644 2651 2643
f 2657 2647 2658
f 2657 2653 2651
f 2653 2657 3289
f 3289 3288 2653
f 3280 3278 3281
f 3278 3280 3279
f 3304 3310 3301
f 3301 3310 3312
f 3302 3285 3280
f 3302 3303 3285
f 2659 2628 3284
f 3285 2659 3284
f 2659 2667 2628
f 2665 2640 2667
f 2668 2665 2667
f 3301 3303 3302
f 3316 3315 3312
f 2660 3303 3315
f 2660 2662 2668
f 2662 2660 3315
f 2663 2661 2662
f 2665 2668 2666
f 3296 3298 3299
f 3318 3298 3295
f 3295 3320 3318
f 3297 3298 3296
f 2658 2647 2656
f 2658 2686 3294
f 2684 2687 2686
f 2686 3295 3294
f 3320 3322 3318
f 3330 3323 3322
f 3330 3322 3331
f 3328 3331 3321
f 2691 2679 2692
f 2685 2679 2691
f 2687 2691 3321
f 3321 3320 2687
f 3313 3310 3314
f 3310 3313 3312
f 3338 3344 3335
f 3335 3344 3345
f 3336 3317 3313
f 3336 3337 3317
f 2693 2663 3316
f 3317 2693 3316
f 2693 2701 2663
f 2699 2675 2701
f 2702 2699 2701
f 3335 3337 3336
f 3350 3349 3345
f 2694 3337 3349
f 2694 2696 2702
f 2696 2694 3349
f 2697 2695 2696
f 2699 2702 2700
f 3352 3332 3329
f 3329 3353 3352
f 3331 3332 3330
f 3355 3332 3352
f 2692 2679 2690
f 2692 2721 3328
f 2719 2722 2721
f 2721 3329 3328
f 3353 3356 3352
f 3355 3352 3356
f 3364 3356 3365
f 3361 3365 3354
f 2724 2713 2725
f 2720 2713 2724
f 2722 2724 3354
f 3354 3353 2722
f 3333 3355 3358
f 3355 3357 3358
f 3346 3344 3347
f 3344 3346 3345
f 3372 3377 3369
f 3369 3377 3378
f 3370 3351 3346
f 3370 3371 3351
f 2726 2697 3350
f 3351 2726 3350
f 2726 2734 2697
f 2732 2709 2734
f 2735 2732 2734
f 3369 3371 3370
f 3383 3382 3378
f 2727 3371 3382
f 2727 2729 2735
f 2729 2727 3382
f 2730 2728 2729
f 2732 2735 2733
f 2753 2757 2748
f 3362 3386 3393
f 3364 3366 3367
f 3394 3366 3363
f 3365 3366 3364
f 2750 3386 3362
f 2714 2749 2758
f 2758 2759 2725
f 2725 2759 3361
f 3362 2759 2758
f 2759 3363 3361
f 2759 3362 3363
f 3388 3389 3387
f 3387 3386 3391
f 3393 3386 3387
f 3393 3396 3394
f 3396 3395 3394
f 3391 3386 2750
f 2757 3392 3391
f 2749 2748 2750
f 3379 3377 3380
f 3377 3379 3378
f 3403 3384 3379
f 3411 3412 3385
f 2760 2730 3383
f 3384 2760 3383
f 3384 3385 2760
f 2760 2763 2730
f 2760 3385 2763
f 2762 2742 2763
f 3412 2768 3385
f 3408 3415 3413
f 3407 3403 3404
f 3411 3403 3407
f 3411 3413 3412
f 3412 3413 3414
f 3416 2770 3414
f 2762 2768 2767
f 2768 3412 3414
f 2769 2767 2770
f 2756 2757 2753
f 2790 2794 2783
f 3392 3400 3388
f 3419 3421 3390
f 3389 3388 3390
f 3400 3420 3419
f 3392 2785 3400
f 2756 2784 2785
f 2784 2786 2785
f 3424 3425 3423
f 3419 3422 3421
f 3423 3425 3422
f 3423 3420 3428
f 3428 3420 2786
f 2794 3429 3428
f 2784 2783 2786
f 3418 3415 3408
f 3415 3417 3416
f 3437 3440 3417
f 3438 3437 3418
f 3416 2797 2770
f 3440 2799 3417
f 3441 3440 3437
f 3441 3443 3445
f 3440 3441 3442
f 2799 3440 3442
f 2798 2773 2797
f 2799 2798 2797
f 2800 2798 2799
f 2798 2796 2773
f 2798 2800 2796
f 3442 3447 3450
f 3451 3450 3447
f 2803 2800 3450
f 2804 2802 2803
f 2803 2802 2801
f 2831 2833 2793
f 2793 2833 2834
f 2831 2835 2833
f 2836 2834 2833
f 2833 2835 2836
f 3466 3459 3455
f 3463 3467 3454
f 3467 3456 3454
f 2837 2823 2838
f 2832 2823 2837
f 2835 2837 3454
f 3429 3434 3424
f 3457 3460 3426
f 3425 3424 3426
f 3434 3458 3457
f 3429 2794 2834
f 2836 3458 3434
f 3455 3458 3456
f 3457 3458 3455
f 3456 3458 2836
f 3448 3445 3449
f 3445 3448 3447
f 3471 3452 3448
f 3480 3481 3453
f 2839 2804 3451
f 3452 2839 3451
f 3452 3453 2839
f 2839 2841 2804
f 2839 3453 2841
f 2840 2811 2841
f 3481 2846 3453
f 3478 3484 3482
f 3477 3471 3472
f 3480 3471 3477
f 3480 3482 3481
f 3481 3482 3483
f 3485 2847 3483
f 2840 2846 2844
f 2846 3481 3483
f 2850 2852 2851
f 2848 2845 2851
f 2851 2845 2850
f 2852 2849 2851
f 2851 2849 2848
f 3497 3506 3500
f 3499 3497 3500
f 3508 3505 3502
f 3509 3503 3501
f 3500 2898 3499
f 2901 2894 2908
f 2908 3500 3501
f 2903 2901 2908
f 3503 2906 3501
f 2906 2904 2903
f 3464 3504 3516
f 3466 3468 3469
f 3517 3468 3465
f 3467 3468 3466
f 2907 3504 3464
f 2825 2905 2909
f 2909 2910 2838
f 2838 2910 3463
f 3464 2910 2909
f 2910 3465 3463
f 2910 3464 3465
f 3513 3502 3505
f 3519 3516 3513
f 3502 3504 3503
f 3516 3519 3517
f 3519 3518 3517
f 2905 2904 2907
f 2907 2904 2906
f 3486 3484 3478
f 3486 3487 3484
f 3492 3487 3490
f 3486 3488 3487
f 3485 2911 2847
f 3485 3492 2911
f 2911 2850 2847
f 3490 3493 3492
f 3524 3493 3490
f 3529 3532 3494
f 3493 3494 2912
f 2912 2913 2852
f 2912 3494 2913
f 2861 2914 2915
f 3494 2914 2913
f 2917 2915 2914
f 2915 2865 2861
f 3528 3524 3525
f 3530 3529 3528
f 3529 3524 3528
f 3530 3537 3533
f 3535 3533 3534
f 3532 3533 3535
f 2917 3532 3535
f 3495 3536 3544
f 3544 3545 3495
f 2872 2866 2920
f 2916 2865 2915
f 2917 2916 2915
f 2916 3495 2920
f 2919 2872 2920
f 3545 2928 3495
f 3542 3548 3546
f 3541 3534 3538
f 3534 3536 3535
f 3544 3546 3545
f 3549 3554 3547
f 3546 3548 3549
f 3535 3536 2917
f 2919 2928 2926
f 2926 2928 2929
f 2929 2927 2926
f 3555 3561 3560
f 3547 3554 3559
f 3560 3561 3562
f 3547 3559 2929
f 3560 2931 3559
f 2930 2927 2931
f 2940 2931 3560
f 2938 2933 2940
f 2938 2940 2941
f 3566 3573 3572
f 3570 3566 3572
f 3572 3573 3574
f 2942 2939 2946
f 2946 2939 2945
f 2946 2944 2942
f 3574 2956 3572
f 3587 3594 3593
f 3591 3587 3593
f 3593 3594 3595
f 3593 2977 3591
f 2979 2973 2989
f 2987 2979 2989
f 2987 2989 2990
f 3607 3609 3600
f 3605 3599 3608
f 3611 3609 3607
f 3607 3615 3611
f 3613 3611 3612
f 3608 3609 3610
f 2991 2988 2993
f 2993 2988 2992
f 3003 2993 3608
f 3003 3608 3610
f 2998 2996 3003
f 3613 3001 3610
f 3001 2999 2998
f 3496 3614 3622
f 3622 3624 3496
f 2888 2879 3004
f 3002 3614 3496
f 2879 3000 3004
f 2890 3005 3006
f 3496 3005 3004
f 3007 3006 3005
f 3006 2896 2890
f 3619 3612 3616
f 3623 3622 3619
f 3612 3614 3613
f 3623 3630 3625
f 3627 3625 3626
f 3624 3625 3627
f 3000 2999 3002
f 3002 2999 3001
f 3007 3624 3627
f 3499 3507 3497
f 3628 3632 3498
f 3507 3629 3628
f 3508 3511 3512
f 3510 3511 3506
f 3506 3511 3509
f 3509 3511 3508
f 3510 3512 3511
f 2898 2894 2897
f 3007 3629 3507
f 2897 2896 2898
f 3626 3629 3627
f 3628 3629 3626
f 3627 3629 3007
f 3550 3548 3542
f 3550 3551 3548
f 3548 3551 3549
f 3550 3552 3551
f 3556 3555 3554
f 3558 3556 3557
f 3555 3556 3558
f 3563 3564 3561
f 3571 3564 3567
f 3563 3565 3564
f 3562 3008 2941
f 3562 3571 3008
f 3008 2945 2941
f 3569 3567 3568
f 3566 3567 3569
f 3577 3576 3648
f 3575 3576 3573
f 3579 3576 3577
f 2953 2944 2956
f 3570 2945 3008
f 3570 3008 3571
f 2956 2955 2953
f 3574 3579 3009
f 3009 2960 2955
f 3646 3649 3648
f 3648 3649 3650
f 3577 3580 3579
f 3581 3578 3584
f 3582 3580 3581
f 3583 3585 3592
f 3583 3582 3581
f 3592 3585 3588
f 3584 3586 3585
f 2968 2961 3011
f 3010 2960 3009
f 3580 3582 3010
f 3010 3582 3011
f 2970 3012 3013
f 3582 3012 3011
f 3013 2975 2970
f 3012 3582 3583
f 3648 3650 3651
f 3590 3588 3589
f 3587 3588 3590
f 3596 3597 3594
f 3606 3597 3601
f 3596 3598 3597
f 2977 2973 2976
f 3591 3013 3592
f 2976 2975 2977
f 3595 3014 2990
f 3595 3606 3014
f 3014 2992 2990
f 3603 3601 3602
f 3599 3601 3603
f 3600 3599 3603
f 3605 2992 3014
f 3605 3014 3606
f 3682 3684 3675
f 3682 3675 3680
f 3685 3684 3682
f 3680 3018 3682
f 3018 3025 3682
f 3682 3025 3685
f 3699 3700 3691
f 3699 3691 3697
f 3701 3700 3699
f 3697 3029 3699
f 3029 3038 3699
f 3699 3038 3701
f 3742 3747 3741
f 3741 3747 3751
f 3052 3063 3056
f 3664 3763 3665
f 3763 3664 3757
f 3761 3753 3760
f 3742 3741 3752
f 3753 3741 3751
f 3741 3753 3752
f 3758 3761 3764
f 3764 3765 3763
f 3765 3764 3766
f 3760 3762 3761
f 3064 3052 3061
f 3063 3052 3064
f 3078 3760 3064
f 3760 3078 3762
f 3074 3078 3067
f 3766 3762 3076
f 3075 3076 3074
f 3767 3668 3666
f 3668 3671 3666
f 3681 3672 3670
f 3669 3670 3668
f 3676 3672 3681
f 3672 3673 3671
f 3669 3768 3077
f 3669 3077 3084
f 3015 3094 3082
f 3095 3094 3015
f 3016 3095 3015
f 3094 3670 3669
f 3763 3765 3767
f 3766 3768 3765
f 3765 3768 3767
f 3076 3075 3077
f 3079 3083 3084
f 3082 3084 3083
f 3677 3676 3678
f 3676 3675 3678
f 3684 3687 3686
f 3692 3687 3698
f 3687 3688 3686
f 3680 3681 3095
f 3016 3017 3018
f 3024 3025 3022
f 3698 3685 3096
f 3027 3096 3024
f 3693 3692 3694
f 3692 3691 3694
f 3700 3703 3702
f 3706 3703 3710
f 3703 3704 3702
f 3697 3698 3096
f 3027 3028 3029
f 3037 3038 3035
f 3710 3701 3097
f 3040 3097 3037
f 3710 3711 3706
f 3707 3706 3708
f 3712 3715 3708
f 3711 3713 3712
f 3723 3716 3714
f 3713 3714 3712
f 3719 3716 3723
f 3716 3717 3715
f 3041 3046 3100
f 3040 3098 3097
f 3713 3711 3098
f 3098 3100 3713
f 3109 3108 3047
f 3713 3100 3108
f 3048 3109 3047
f 3108 3714 3713
f 3723 3724 3719
f 3720 3719 3721
f 3725 3728 3721
f 3724 3726 3725
f 3735 3729 3727
f 3726 3727 3725
f 3732 3729 3735
f 3729 3730 3728
f 3048 3110 3109
f 3726 3724 3110
f 3048 3107 3110
f 3114 3121 3726
f 3735 3727 3122
f 3111 3114 3107
f 3111 3113 3114
f 3121 3119 3123
f 3122 3121 3123
f 3120 3123 3119
f 3735 3736 3732
f 3733 3732 3734
f 3737 3739 3734
f 3736 3738 3737
f 3776 3739 3737
f 3777 3739 3776
f 3122 3736 3735
f 3738 3124 3129
f 3129 3134 3738
f 3738 3134 3779
f 3779 3780 3776
f 3781 3780 3782
f 3780 3779 3782
f 3122 3123 3124
f 3123 3120 3124
f 3125 3128 3129
f 3134 3133 3135
f 3784 3781 3787
f 3788 3789 3787
f 3781 3788 3787
f 3792 3788 3791
f 3794 3793 3792
f 3791 3782 3135
f 3135 3142 3791
f 3143 3149 3792
f 3792 3149 3794
f 3804 3809 3807
f 3808 3803 3806
f 3807 3809 3811
f 3811 3816 3807
f 3812 3811 3813
f 3808 3810 3809
f 3806 3151 3808
f 3151 3170 3808
f 3810 3171 3159
f 3813 3810 3159
f 3814 3740 3818
f 3814 3744 3740
f 3744 3748 3740
f 3750 3749 3747
f 3756 3749 3746
f 3745 3746 3744
f 3749 3750 3748
f 3050 3057 3172
f 3745 3815 3160
f 3172 3158 3050
f 3174 3173 3059
f 3745 3172 3173
f 3173 3746 3745
f 3813 3815 3812
f 3812 3815 3814
f 3160 3157 3158
f 3159 3157 3160
f 3755 3751 3756
f 3755 3174 3063
f 3755 3756 3174
f 3140 3142 3137
f 3789 3793 3795
f 3793 3796 3795
f 3799 3796 3801
f 3796 3797 3795
f 3140 3143 3142
f 3140 3141 3143
f 3149 3183 3794
f 3176 3184 3183
f 3183 3184 3185
f 3181 3184 3176
f 3184 3181 3186
f 3185 3184 3186
f 3182 3186 3181
f 3801 3802 3799
f 3799 3802 3827
f 3802 3828 3827
f 3185 3802 3801
f 3185 3828 3802
f 3827 3832 3829
f 3833 3834 3832
f 3833 3828 3835
f 3837 3833 3835
f 3840 3839 3837
f 3837 3835 3191
f 3191 3182 3187
f 3187 3190 3191
f 3837 3198 3840
f 3855 3862 3851
f 3863 3859 3850
f 3863 3850 3852
f 3859 3211 3850
f 3850 3211 3205
f 3852 3850 3205
f 3803 3821 3806
f 3853 3805 3856
f 3803 3804 3805
f 3853 3854 3821
f 3204 3151 3806
f 3821 3204 3806
f 3204 3206 3203
f 3169 3170 3167
f 3170 3169 3171
f 3171 3169 3165
f 3852 3854 3851
f 3851 3854 3853
f 3206 3202 3203
f 3205 3202 3206
f 3834 3839 3841
f 3839 3842 3841
f 3846 3842 3848
f 3842 3843 3841
f 3198 3190 3197
f 3198 3222 3840
f 3217 3223 3222
f 3222 3223 3224
f 3221 3223 3217
f 3223 3221 3225
f 3224 3223 3225
f 3848 3849 3846
f 3846 3849 3869
f 3849 3870 3869
f 3224 3849 3848
f 3224 3870 3849
f 3869 3875 3871
f 3876 3877 3875
f 3876 3870 3879
f 3880 3876 3879
f 3882 3881 3880
f 3225 3231 3879
f 3232 3235 3880
f 3880 3235 3882
f 3896 3886 3860
f 3865 3864 3862
f 3861 3864 3897
f 3862 3864 3863
f 3860 3886 3236
f 3860 3236 3246
f 3210 3251 3244
f 3859 3861 3251
f 3211 3210 3208
f 3251 3861 3860
f 3890 3889 3888
f 3894 3886 3888
f 3888 3886 3896
f 3896 3897 3899
f 3898 3899 3897
f 3236 3886 3894
f 3236 3240 3246
f 3240 3236 3894
f 3241 3238 3240
f 3244 3246 3245
f 3230 3231 3227
f 3877 3881 3884
f 3883 3881 3882
f 3883 3905 3903
f 3904 3884 3903
f 3235 3232 3260
f 3230 3232 3231
f 3255 3261 3260
f 3260 3263 3235
f 3235 3263 3882
f 3263 3883 3882
f 3905 3907 3903
f 3913 3908 3907
f 3913 3907 3914
f 3911 3914 3906
f 3256 3261 3255
f 3269 3258 3270
f 3269 3264 3261
f 3264 3269 3906
f 3906 3905 3264
f 3921 3926 3918
f 3918 3926 3929
f 3274 3282 3278
f 3889 3902 3895
f 3919 3891 3922
f 3889 3890 3891
f 3919 3920 3902
f 3239 3238 3241
f 3276 3241 3895
f 3902 3276 3895
f 3276 3277 3275
f 3918 3920 3919
f 3932 3931 3929
f 3277 3920 3931
f 3932 3282 3931
f 3277 3274 3275
f 3913 3915 3916
f 3934 3915 3912
f 3912 3936 3934
f 3914 3915 3913
f 3270 3258 3268
f 3270 3292 3911
f 3287 3293 3292
f 3292 3912 3911
f 3936 3938 3934
f 3944 3939 3938
f 3944 3938 3945
f 3943 3945 3937
f 3943 3937 3300
f 3291 3293 3287
f 3937 3936 3293
f 3296 3300 3291
f 3928 3927 3926
f 3925 3927 3951
f 3933 3927 3925
f 3951 3953 3925
f 3933 3925 3307
f 3278 3282 3281
f 3953 3307 3925
f 3955 3953 3951
f 3955 3956 3962
f 3963 3955 3962
f 3963 3960 3954
f 3960 3311 3954
f 3954 3311 3308
f 3932 3929 3933
f 3309 3306 3307
f 3306 3305 3281
f 3306 3309 3305
f 3307 3308 3309
f 3309 3304 3305
f 3308 3304 3309
f 3944 3946 3947
f 3945 3943 3949
f 3319 3324 3299
f 3319 3325 3324
f 3300 3296 3299
f 3324 3325 3326
f 3974 3970 3967
f 3974 3967 3975
f 3323 3325 3319
f 3325 3323 3327
f 3326 3325 3327
f 3949 3950 3946
f 3946 3950 3968
f 3950 3969 3968
f 3326 3950 3949
f 3326 3969 3950
f 3968 3969 3967
f 3980 3975 3979
f 3334 3980 3979
f 3327 3334 3979
f 3965 3964 3962
f 3961 3964 3983
f 3983 3986 3961
f 3962 3964 3963
f 3960 3340 3311
f 3986 3342 3961
f 3982 3991 3987
f 3982 3987 3985
f 3984 3985 3983
f 3993 3997 3988
f 3987 3991 3993
f 3342 3986 3988
f 3338 3348 3344
f 3341 3314 3340
f 3342 3341 3340
f 3343 3341 3342
f 3341 3339 3314
f 3341 3343 3339
f 3988 3997 3998
f 3999 3998 3997
f 3999 3348 3998
f 3343 3338 3339
f 3974 3976 3977
f 3976 3974 3975
f 3333 3334 3330
f 4009 4004 4001
f 4009 4001 4011
f 3364 3368 3357
f 3976 3981 4002
f 3981 4003 4002
f 3980 3359 3981
f 3333 3358 3359
f 3358 3360 3359
f 4002 4003 4001
f 4015 4011 4014
f 4014 4003 3360
f 3368 4015 4014
f 3358 3357 3360
f 3994 3991 3982
f 4017 4019 3992
f 4000 3997 3993
f 4018 4017 3994
f 4000 3992 3375
f 3344 3348 3347
f 4019 3375 3992
f 4020 4019 4017
f 4020 4022 4025
f 4019 4020 4021
f 3375 4019 4021
f 3372 3381 3377
f 3999 3997 4000
f 3376 3374 3375
f 3374 3373 3347
f 3374 3376 3373
f 4021 4028 4030
f 4031 4030 4028
f 4031 3381 4030
f 3376 3372 3373
f 4033 4010 4008
f 4008 4010 4016
f 4008 4034 4033
f 4036 4010 4033
f 3395 3397 3367
f 3367 3397 3398
f 3395 3399 3397
f 4034 4037 4033
f 4036 4033 4037
f 4045 4037 4046
f 4043 4046 4035
f 3401 3389 3402
f 3396 3389 3401
f 3399 3401 4035
f 4035 4034 3399
f 4015 4016 4011
f 4012 4036 4039
f 4015 3368 3398
f 4015 3398 4016
f 4036 4038 4039
f 4025 4029 4028
f 4051 4026 4050
f 3377 3381 3380
f 4050 4055 4051
f 4052 4059 4060
f 4053 4029 4051
f 4053 4032 4029
f 4053 4054 4032
f 4032 3405 4031
f 3405 3404 3380
f 3405 3406 3404
f 4051 4052 4053
f 4052 4054 4053
f 4065 4064 4060
f 3406 4054 4064
f 3409 3406 4064
f 3410 3408 3409
f 3409 3408 3407
f 4045 4047 4048
f 4072 4047 4044
f 4044 4075 4072
f 4046 4047 4045
f 3390 3421 3430
f 3421 3431 3430
f 3430 3432 3402
f 3402 3432 4043
f 3432 4044 4043
f 4074 4077 4069
f 4071 4068 4076
f 4074 4073 4072
f 4076 4077 4078
f 4078 4077 4075
f 4076 3427 4071
f 3422 3431 3421
f 3435 4076 4078
f 3435 3433 3431
f 3433 3435 4078
f 4078 4075 3433
f 4061 4059 4062
f 4059 4061 4060
f 4084 4066 4061
f 4091 4092 4067
f 3436 3410 4065
f 4066 3436 4065
f 4066 4067 3436
f 3436 3439 3410
f 3436 4067 3439
f 3438 3418 3439
f 4092 3444 4067
f 4089 4095 4093
f 4088 4084 4085
f 4091 4084 4088
f 4091 4093 4092
f 4092 4093 4094
f 4096 3446 4094
f 3438 3444 3443
f 3444 4092 4094
f 3445 3443 3446
f 4107 4103 4100
f 4107 4100 4110
f 3466 3470 3459
f 4071 4081 4068
f 4101 4104 4070
f 4069 4068 4070
f 4081 4102 4101
f 3427 3425 3426
f 4071 3427 3461
f 4071 3461 4081
f 3460 3462 3461
f 4101 4102 4100
f 4113 4110 4112
f 4112 4102 3462
f 3470 4113 4112
f 3460 3459 3462
f 4098 4095 4089
f 4095 4097 4096
f 4117 4119 4097
f 4118 4117 4098
f 4096 3473 3446
f 4119 3475 4097
f 4120 4119 4117
f 4122 4120 4121
f 4119 4120 4122
f 3475 4119 4122
f 3474 3449 3473
f 3475 3474 3473
f 3476 3474 3475
f 3474 3472 3449
f 3474 3476 3472
f 4128 4121 4124
f 4130 4129 4128
f 4129 4121 4128
f 4129 4133 4132
f 4133 4134 4135
f 4133 3479 4132
f 3479 3476 4132
f 3479 3478 3477
f 4135 3489 4133
f 3508 3514 3505
f 4107 4108 4109
f 4155 4108 4106
f 4106 4108 4114
f 4106 4158 4155
f 3518 3520 3469
f 3469 3520 3521
f 3518 3522 3520
f 4157 4160 4148
f 4153 4147 4159
f 4157 4156 4155
f 4159 4160 4161
f 4161 4160 4158
f 3513 3505 3515
f 3515 3505 3514
f 3523 3515 4159
f 3523 4159 4161
f 3522 3523 4161
f 4161 4158 3522
f 4113 4114 4110
f 4113 3470 3521
f 4113 3521 4114
f 4136 4134 4130
f 4139 4137 4167
f 4136 4137 4134
f 4140 4137 4139
f 3486 3478 3489
f 3489 3488 3486
f 4135 4140 3526
f 3526 3491 3488
f 4166 4169 4167
f 4167 4169 4170
f 4139 4141 4140
f 4168 4139 4167
f 4168 4141 4139
f 4176 4178 4142
f 3527 3491 3526
f 4141 4142 3527
f 3527 3525 3491
f 4142 3539 3531
f 4178 3539 4142
f 4177 4176 4174
f 4176 4168 4174
f 4177 4181 4179
f 4179 4181 4182
f 4178 4179 4180
f 3528 3525 3531
f 3530 3528 3531
f 3537 3539 3540
f 3540 3538 3537
f 4186 4192 4191
f 4180 4185 4190
f 4191 4192 4193
f 4180 4190 3540
f 4191 3543 4190
f 3541 3538 3543
f 3543 3542 3541
f 4193 3553 4191
f 4209 4216 4215
f 4213 4209 4215
f 4215 4216 4217
f 4215 3604 4213
f 3607 3600 3617
f 3615 3607 3617
f 3615 3617 3618
f 4221 4233 4227
f 4225 4221 4227
f 4234 4232 4229
f 4235 4230 4228
f 3619 3616 3621
f 3621 3616 3620
f 3635 3621 4227
f 3635 4227 4228
f 3630 3623 3635
f 4230 3633 4228
f 3633 3631 3630
f 4143 4231 4242
f 4243 4145 4144
f 4144 4145 4154
f 4154 4145 4149
f 3510 3498 3636
f 3634 4231 4143
f 3498 3632 3636
f 3512 3637 3638
f 4143 3637 3636
f 3637 4143 4144
f 4239 4229 4232
f 4245 4242 4239
f 4229 4231 4230
f 4242 4245 4243
f 4245 4244 4243
f 3632 3631 3634
f 3634 3631 3633
f 4151 4149 4150
f 4147 4149 4151
f 4148 4147 4151
f 4153 3514 3638
f 4153 3638 4154
f 4187 4182 4188
f 4182 4187 4185
f 4187 4186 4185
f 4189 4187 4188
f 4186 4187 4189
f 4196 4195 4254
f 4194 4195 4192
f 4197 4195 4196
f 3550 3542 3553
f 3553 3552 3550
f 4193 4197 3639
f 3639 3557 3552
f 4252 4256 4254
f 4254 4256 4257
f 4196 4198 4197
f 4255 4196 4254
f 4255 4198 4196
f 4262 4264 4199
f 3563 3558 3641
f 3640 3557 3639
f 4198 4199 3640
f 3640 4199 3641
f 3565 3642 3643
f 4199 3642 3641
f 3645 3643 3642
f 3643 3568 3565
f 4263 4262 4260
f 4262 4255 4260
f 4263 4269 4265
f 4267 4265 4266
f 4264 4265 4267
f 3645 4264 4267
f 4200 4268 4275
f 4275 4277 4200
f 3575 3569 3647
f 3644 3568 3643
f 3645 3644 3643
f 3644 4200 3647
f 3646 3575 3647
f 4277 3652 4200
f 4273 4266 4270
f 4276 4275 4273
f 4266 4268 4267
f 4276 4282 4278
f 4280 4278 4279
f 4277 4278 4280
f 4267 4268 3645
f 3646 3652 3649
f 3649 3652 3653
f 3653 3650 3649
f 4201 4281 4288
f 4288 4290 4201
f 3584 3578 3655
f 3654 4281 4201
f 3578 3651 3655
f 3586 3656 3657
f 4201 3656 3655
f 3659 3657 3656
f 3657 3589 3586
f 4286 4279 4283
f 4289 4288 4286
f 4279 4281 4280
f 4289 4296 4291
f 4293 4291 4292
f 4290 4291 4293
f 3651 3650 3654
f 3654 3650 3653
f 3659 4290 4293
f 4294 4298 4202
f 4294 4202 4203
f 4203 4202 4206
f 4205 4207 4214
f 4205 4204 4203
f 4214 4207 4210
f 4206 4208 4207
f 3596 3590 3660
f 3658 3589 3657
f 3659 3658 3657
f 3658 4204 3660
f 3598 3661 3662
f 4204 3661 3660
f 3662 3602 3598
f 3661 4204 4205
f 4292 4295 4293
f 4294 4295 4292
f 4293 4295 3659
f 4212 4210 4211
f 4209 4210 4212
f 4218 4219 4216
f 4226 4219 4222
f 4218 4220 4219
f 3604 3600 3603
f 4213 3662 4214
f 3603 3602 3604
f 4217 3663 3618
f 4217 4226 3663
f 3663 3620 3618
f 4224 4222 4223
f 4221 4222 4224
f 4234 4237 4238
f 4236 4237 4233
f 4233 4237 4235
f 4235 4237 4234
f 4236 4238 4237
f 4225 3620 3663
f 4225 3663 4226
f 4320 4329 4327
f 4328 4319 4325
f 4327 4329 4330
f 4330 4332 4327
f 4330 4329 4336
f 4325 3667 4328
f 3667 3674 4328
f 4328 3674 4335
f 4346 4340 4345
f 4333 4331 4339
f 4340 4331 4338
f 4331 4340 4339
f 4344 4346 4348
f 4348 4351 4344
f 4349 4348 4350
f 4345 4347 4346
f 4342 3679 4345
f 3679 3689 4345
f 4347 3690 3683
f 4350 4347 3683
f 3690 3695 3683
f 4361 4356 4360
f 4352 4349 4355
f 4349 4356 4355
f 4360 4356 4358
f 4359 4361 4362
f 4362 4363 4359
f 4365 4363 4362
f 4365 4362 4366
f 4362 4361 4366
f 4358 4350 3683
f 3683 3695 4358
f 3696 3705 4360
f 4360 3705 4364
f 4376 4377 4369
f 4376 4369 4374
f 4378 4377 4376
f 4374 3709 4376
f 3709 3718 4376
f 4376 3718 4378
f 4390 4391 4383
f 4390 4383 4388
f 4392 4391 4390
f 4388 3722 4390
f 3722 3731 4390
f 4390 3731 4392
f 4410 4416 4408
f 4408 4416 4421
f 3742 3754 3747
f 4426 4409 4315
f 4316 4317 4427
f 4326 4317 4316
f 4321 4317 4326
f 4315 4409 3743
f 4315 3743 3759
f 3664 3769 3757
f 3770 3769 3664
f 3665 3770 3664
f 3769 4316 4315
f 4410 4408 4422
f 4429 4422 4426
f 4424 4423 4421
f 4426 4427 4429
f 4428 4429 4427
f 3743 4409 4423
f 4424 3754 4423
f 3752 3758 3759
f 3757 3759 3758
f 4322 4321 4323
f 4321 4319 4323
f 4319 4320 4323
f 4336 4335 4343
f 4343 4338 4336
f 4325 4326 3770
f 3665 3666 3667
f 3673 3674 3671
f 4343 4335 3771
f 3677 3771 3673
f 4342 4338 4343
f 4342 4343 3771
f 3677 3678 3679
f 3688 3689 3686
f 3689 3688 3690
f 4365 4370 4371
f 4366 4364 4375
f 3693 3696 3695
f 3693 3694 3696
f 3704 3705 3702
f 4375 4364 3772
f 3707 3772 3704
f 4371 4370 4372
f 4370 4369 4372
f 4377 4380 4379
f 4384 4380 4389
f 4380 4381 4379
f 4374 4375 3772
f 3707 3708 3709
f 3717 3718 3715
f 4389 4378 3773
f 3720 3773 3717
f 4385 4384 4386
f 4384 4383 4386
f 4391 4394 4393
f 4397 4394 4400
f 4394 4395 4393
f 4388 4389 3773
f 3720 3721 3722
f 3730 3731 3728
f 4400 4392 3774
f 3733 3774 3730
f 4400 4401 4397
f 4398 4397 4399
f 4402 4404 4399
f 4401 4403 4402
f 4405 4440 4406
f 4437 4404 4402
f 3734 3739 3778
f 3733 3775 3774
f 4403 4401 3775
f 3775 3778 4403
f 3777 3778 3739
f 4403 3785 4439
f 4439 4441 4437
f 4440 4437 4441
f 4441 4442 4440
f 4442 4441 4443
f 4441 4439 4443
f 3783 3785 3777
f 3785 3783 3786
f 3784 3786 3783
f 4406 4440 4444
f 4451 4452 4450
f 4442 4451 4450
f 4455 4451 4454
f 4457 4456 4455
f 4454 4443 3786
f 4455 4454 3790
f 3790 3784 3787
f 3787 3789 3790
f 4455 3798 4457
f 4473 4481 4469
f 4482 4477 4468
f 4482 4468 4470
f 3823 3804 3822
f 3822 3804 3807
f 3816 3822 3807
f 4470 4468 3819
f 3817 3819 3816
f 4471 4407 4474
f 4471 4413 4407
f 4413 4417 4407
f 4419 4418 4416
f 4425 4418 4415
f 4414 4415 4413
f 4418 4419 4417
f 3740 3748 3824
f 4414 4472 3820
f 3824 3818 3740
f 3826 3825 3750
f 4414 3824 3825
f 3825 4415 4414
f 4470 4472 4469
f 4469 4472 4471
f 3820 3817 3818
f 3819 3817 3820
f 4424 4421 4425
f 4424 3826 3754
f 4424 4425 3826
f 4452 4456 4458
f 4456 4459 4458
f 4462 4459 4464
f 4459 4460 4458
f 3798 3789 3795
f 3797 3798 3795
f 4464 4457 3830
f 3800 3830 3797
f 4464 4465 4462
f 4462 4465 4489
f 4466 4498 4497
f 3800 3831 3830
f 4466 4465 3831
f 3800 3829 3831
f 3836 3838 4466
f 4466 3838 4498
f 4499 4501 4495
f 4489 4494 4490
f 4497 4494 4489
f 4498 4499 4497
f 4500 4499 4498
f 3832 3836 3829
f 3844 3834 3845
f 3844 3838 3836
f 3838 3844 4500
f 4500 4498 3838
f 4516 4523 4512
f 4524 4520 4511
f 4524 4511 4513
f 4520 3866 4511
f 4511 3866 3857
f 4513 4511 3857
f 4514 4467 4517
f 4514 4478 4467
f 4478 4483 4467
f 4485 4484 4481
f 4479 4480 4478
f 4481 4484 4482
f 4484 4485 4483
f 4479 4515 3858
f 3867 3856 3805
f 3823 3868 3867
f 4477 3868 3823
f 4479 3867 3868
f 4477 4480 3868
f 3868 4480 4479
f 4513 4515 4512
f 4512 4515 4514
f 3858 3855 3856
f 3857 3855 3858
f 4495 4501 4503
f 4501 4504 4503
f 4507 4504 4509
f 4504 4505 4503
f 3845 3834 3841
f 3843 3845 3841
f 4509 4502 3872
f 3847 3872 3843
f 4509 4510 4507
f 4507 4510 4530
f 4510 4531 4530
f 3847 3873 3872
f 3847 3871 3873
f 3871 3874 3873
f 4530 4537 4532
f 4538 4539 4537
f 4538 4531 4542
f 4543 4538 4542
f 4545 4544 4543
f 4542 4531 3874
f 4543 4542 3878
f 3874 3878 4542
f 3875 3877 3878
f 4543 3885 4545
f 4556 4548 4521
f 4526 4525 4523
f 4522 4525 4557
f 4523 4525 4524
f 4521 4548 3887
f 4521 3887 3900
f 3865 3901 3898
f 4520 4522 3901
f 3866 3865 3862
f 3901 4522 4521
f 4551 4550 4549
f 4554 4548 4549
f 4549 4548 4556
f 4556 4557 4559
f 4558 4559 4557
f 3887 4548 4554
f 3887 3892 3900
f 3892 3887 4554
f 3893 3890 3892
f 3898 3900 3899
f 4539 4544 4547
f 4546 4544 4545
f 4546 4568 4565
f 4566 4547 4565
f 3885 3877 3884
f 3885 3909 4545
f 3904 3910 3909
f 3909 4546 4545
f 4568 4570 4565
f 4575 4571 4570
f 4575 4570 4576
f 4573 4576 4569
f 4573 4569 3917
f 3908 3910 3904
f 4569 4568 3910
f 3913 3917 3908
f 4583 4588 4580
f 4580 4588 4591
f 3921 3930 3926
f 4550 4562 4555
f 4581 4552 4584
f 4550 4551 4552
f 4581 4582 4562
f 3891 3890 3893
f 3923 3893 4555
f 4562 3923 4555
f 3923 3924 3922
f 4580 4582 4581
f 4594 4593 4591
f 3924 4582 4593
f 4594 3930 4593
f 3924 3921 3922
f 4575 4577 4578
f 4596 4577 4574
f 4574 4598 4596
f 4576 4577 4575
f 3935 3940 3916
f 3935 3941 3940
f 3940 4574 4573
f 3917 3913 3916
f 4598 4599 4596
f 4605 4601 4599
f 4599 4598 4600
f 3939 3941 3935
f 3941 3939 3942
f 4600 4610 4606
f 4611 4606 4610
f 4610 4600 3942
f 3948 4611 4610
f 3942 3948 4610
f 4590 4589 4588
f 4587 4589 4613
f 4595 4589 4587
f 4613 4615 4587
f 3928 3957 3952
f 3958 3957 3928
f 3957 3959 3952
f 4617 4615 4613
f 4617 4618 4624
f 4625 4617 4624
f 4625 4622 4616
f 4622 3966 4616
f 3952 3959 3956
f 3959 4615 4616
f 3962 3956 3966
f 4594 4591 4595
f 4594 3958 3930
f 4594 4595 3958
f 4605 4607 4608
f 4607 4605 4606
f 3947 3948 3944
f 3974 3978 3970
f 4607 4612 4629
f 4612 4630 4629
f 4611 3972 4612
f 3947 3971 3972
f 3971 3973 3972
f 4636 4637 4635
f 4629 4634 4631
f 4635 4637 4634
f 4635 4630 4641
f 4641 4630 3973
f 3978 4642 4641
f 3971 3970 3973
f 4627 4626 4624
f 4623 4626 4645
f 4645 4648 4623
f 4624 4626 4625
f 3965 3989 3984
f 3989 3990 3984
f 4622 4623 3989
f 3966 3965 3962
f 4644 4653 4649
f 4644 4649 4647
f 4646 4647 4645
f 4648 4649 4650
f 3996 3982 3995
f 3995 3982 3985
f 4650 3995 3990
f 3990 4648 4650
f 3977 3978 3974
f 4009 4013 4004
f 4642 4643 4636
f 4659 4661 4638
f 4637 4636 4638
f 4643 4660 4659
f 4642 4006 4643
f 3977 4005 4006
f 4005 4007 4006
f 4666 4667 4665
f 4659 4664 4661
f 4665 4667 4664
f 4665 4660 4671
f 4671 4660 4007
f 4013 4672 4671
f 4005 4004 4007
f 4656 4653 4644
f 4653 4655 4654
f 4675 4678 4655
f 4676 4675 4656
f 3994 3982 3996
f 4654 4023 3996
f 4023 4024 4018
f 4654 4655 4023
f 4674 4683 4679
f 4674 4679 4677
f 4676 4677 4675
f 4678 4679 4680
f 4684 4027 4680
f 4018 4024 4022
f 4024 4678 4680
f 4025 4022 4027
f 4012 4013 4009
f 4700 4694 4690
f 4698 4701 4689
f 4701 4691 4689
f 4698 4689 4049
f 4689 4041 4049
f 4691 4041 4689
f 4672 4673 4666
f 4692 4695 4668
f 4667 4666 4668
f 4673 4693 4692
f 4672 4040 4673
f 4012 4039 4040
f 4039 4042 4040
f 4690 4693 4691
f 4692 4693 4690
f 4039 4038 4042
f 4042 4038 4041
f 4686 4683 4674
f 4683 4685 4684
f 4705 4707 4685
f 4706 4705 4686
f 4026 4056 4050
f 4056 4057 4050
f 4684 4685 4056
f 4027 4026 4025
f 4708 4707 4705
f 4708 4710 4714
f 4707 4708 4709
f 4050 4057 4055
f 4055 4057 4058
f 4709 4715 4719
f 4720 4719 4715
f 4709 4719 4058
f 4720 4063 4719
f 4058 4719 4063
f 4700 4702 4703
f 4724 4702 4699
f 4699 4727 4724
f 4701 4702 4700
f 4073 4079 4048
f 4073 4080 4079
f 4079 4699 4698
f 4049 4045 4048
f 4728 4733 4722
f 4726 4728 4722
f 4726 4725 4724
f 4729 4728 4727
f 4082 4069 4083
f 4074 4069 4082
f 4080 4082 4729
f 4729 4727 4080
f 4716 4714 4717
f 4714 4716 4715
f 4059 4063 4062
f 4740 4721 4716
f 4740 4741 4721
f 4721 4086 4720
f 4086 4085 4062
f 4086 4087 4085
f 4745 4740 4742
f 4747 4746 4745
f 4749 4741 4746
f 4746 4750 4749
f 4750 4751 4752
f 4087 4741 4749
f 4750 4090 4749
f 4090 4087 4749
f 4090 4089 4088
f 4752 4099 4750
f 4107 4111 4103
f 4756 4758 4723
f 4756 4723 4735
f 4733 4737 4735
f 4737 4733 4734
f 4737 4736 4735
f 4105 4757 4736
f 4070 4104 4115
f 4115 4116 4083
f 4083 4116 4734
f 4736 4116 4115
f 4116 4737 4734
f 4116 4736 4737
f 4765 4766 4764
f 4756 4763 4758
f 4764 4766 4763
f 4764 4757 4772
f 4772 4757 4105
f 4111 4773 4772
f 4104 4103 4105
f 4754 4751 4747
f 4751 4753 4752
f 4777 4779 4753
f 4778 4777 4754
f 4098 4089 4099
f 4752 4125 4099
f 4125 4126 4118
f 4752 4753 4125
f 4780 4779 4777
f 4780 4782 4786
f 4779 4780 4781
f 4118 4126 4123
f 4123 4126 4127
f 4127 4124 4123
f 4788 4795 4794
f 4781 4787 4793
f 4794 4795 4796
f 4781 4793 4127
f 4794 4131 4793
f 4128 4124 4131
f 4131 4130 4128
f 4796 4138 4794
f 4810 4761 4760
f 4760 4761 4774
f 4760 4813 4810
f 4774 4761 4767
f 4156 4162 4109
f 4109 4162 4163
f 4156 4164 4162
f 4812 4815 4803
f 4808 4802 4814
f 4812 4811 4810
f 4814 4815 4816
f 4816 4815 4813
f 4814 4152 4808
f 4157 4148 4165
f 4165 4814 4816
f 4164 4165 4816
f 4816 4813 4164
f 4769 4767 4768
f 4765 4767 4769
f 4766 4765 4769
f 4773 4111 4163
f 4773 4163 4774
f 4789 4786 4790
f 4786 4789 4787
f 4789 4788 4787
f 4791 4789 4790
f 4788 4789 4791
f 4795 4797 4796
f 4822 4825 4797
f 4823 4822 4798
f 4136 4130 4138
f 4796 4171 4138
f 4171 4172 4166
f 4796 4797 4171
f 4826 4825 4822
f 4828 4826 4827
f 4825 4826 4828
f 4166 4172 4169
f 4169 4172 4173
f 4173 4170 4169
f 4833 4827 4830
f 4835 4834 4833
f 4834 4827 4833
f 4834 4838 4837
f 4838 4839 4840
f 4828 4837 4173
f 4838 4175 4837
f 4174 4170 4175
f 4183 4175 4838
f 4181 4177 4183
f 4181 4183 4184
f 4182 4181 4184
f 4234 4240 4232
f 4870 4800 4799
f 4799 4800 4809
f 4799 4873 4870
f 4809 4800 4804
f 4244 4246 4146
f 4146 4246 4247
f 4244 4248 4246
f 4247 4150 4146
f 4872 4875 4863
f 4868 4862 4874
f 4872 4871 4870
f 4874 4875 4876
f 4876 4875 4873
f 4239 4232 4241
f 4241 4232 4240
f 4249 4241 4874
f 4249 4874 4876
f 4248 4249 4876
f 4876 4873 4248
f 4806 4804 4805
f 4802 4804 4806
f 4803 4802 4806
f 4152 4148 4151
f 4808 4247 4809
f 4151 4150 4152
f 4841 4839 4835
f 4841 4842 4839
f 4848 4842 4845
f 4841 4843 4842
f 4840 4250 4184
f 4840 4848 4250
f 4845 4849 4848
f 4847 4845 4846
f 4850 4847 4852
f 4851 4849 4850
f 4883 4850 4852
f 4884 4883 4852
f 4194 4189 4253
f 4251 4188 4250
f 4849 4851 4251
f 4251 4851 4253
f 4252 4194 4253
f 4886 4258 4851
f 4887 4886 4883
f 4889 4887 4888
f 4886 4887 4889
f 4252 4258 4256
f 4256 4258 4259
f 4259 4257 4256
f 4900 4899 4895
f 4894 4888 4891
f 4895 4888 4894
f 4895 4899 4897
f 4902 4900 4898
f 4898 4905 4902
f 4904 4902 4903
f 4899 4900 4901
f 4889 4897 4259
f 4899 4261 4897
f 4260 4257 4261
f 4272 4261 4899
f 4272 4899 4901
f 4269 4263 4272
f 4904 4271 4901
f 4271 4270 4269
f 4915 4914 4910
f 4909 4903 4906
f 4910 4903 4909
f 4910 4914 4912
f 4917 4915 4913
f 4913 4920 4917
f 4919 4917 4918
f 4914 4915 4916
f 4904 4912 4271
f 4914 4274 4912
f 4273 4270 4274
f 4285 4274 4914
f 4285 4914 4916
f 4282 4276 4285
f 4919 4284 4916
f 4284 4283 4282
f 4931 4930 4925
f 4924 4918 4921
f 4925 4918 4924
f 4925 4930 4928
f 4933 4931 4929
f 4929 4937 4933
f 4935 4933 4934
f 4930 4931 4932
f 4919 4928 4284
f 4930 4287 4928
f 4286 4283 4287
f 4301 4287 4930
f 4301 4930 4932
f 4296 4289 4301
f 4935 4299 4932
f 4299 4297 4296
f 4853 4936 4943
f 4943 4945 4853
f 4206 4202 4302
f 4300 4936 4853
f 4202 4298 4302
f 4208 4303 4304
f 4853 4303 4302
f 4306 4304 4303
f 4304 4211 4208
f 4941 4934 4938
f 4944 4943 4941
f 4934 4936 4935
f 4944 4950 4946
f 4948 4946 4947
f 4945 4946 4948
f 4298 4297 4300
f 4300 4297 4299
f 4306 4945 4948
f 4854 4949 4956
f 4956 4959 4854
f 4218 4212 4307
f 4305 4211 4304
f 4306 4305 4304
f 4305 4854 4307
f 4220 4308 4309
f 4854 4308 4307
f 4311 4309 4308
f 4309 4223 4220
f 4955 4947 4951
f 4957 4956 4955
f 4947 4949 4948
f 4957 4965 4960
f 4962 4960 4961
f 4959 4960 4962
f 4948 4949 4306
f 4311 4959 4962
f 4963 4967 4855
f 4963 4855 4856
f 4856 4855 4859
f 4858 4860 4869
f 4858 4857 4856
f 4869 4860 4864
f 4859 4861 4860
f 4236 4224 4312
f 4310 4223 4309
f 4311 4310 4309
f 4310 4857 4312
f 4238 4313 4314
f 4857 4313 4312
f 4313 4857 4858
f 4961 4964 4962
f 4963 4964 4961
f 4962 4964 4311
f 4866 4864 4865
f 4862 4864 4866
f 4863 4862 4866
f 4868 4240 4314
f 4868 4314 4869
f 4983 4986 4978
f 4983 4978 4981
f 4987 4985 4991
f 4987 4984 4985
f 4981 4324 4983
f 4337 4320 4327
f 4983 4337 4984
f 4332 4337 4327
f 4985 4984 4334
f 4333 4334 4332
f 4997 5000 4992
f 4985 4996 4991
f 5001 4999 5005
f 5001 4998 4999
f 4996 4985 4334
f 4997 4996 4341
f 4341 4333 4339
f 4354 4997 4341
f 4997 4354 4998
f 4351 4354 4344
f 4999 4998 4353
f 4352 4353 4351
f 5012 5013 5006
f 4999 5011 5005
f 5014 5013 5012
f 5011 4999 4353
f 5012 5011 4357
f 4357 4352 4355
f 4367 5012 4357
f 4363 4367 4359
f 4368 4367 4363
f 4365 4368 4363
f 5025 5026 5019
f 5025 5019 5023
f 5027 5026 5025
f 5023 4373 5025
f 4373 4382 5025
f 5025 4382 5027
f 5037 5038 5031
f 5037 5031 5035
f 5039 5038 5037
f 5035 4387 5037
f 4387 4396 5037
f 5037 4396 5039
f 5055 5059 5052
f 5060 5056 5051
f 5060 5051 5053
f 5056 4420 5051
f 5051 4420 4411
f 5053 5051 4411
f 5066 5054 4975
f 5069 4977 4979
f 4976 4977 5067
f 4982 4977 4976
f 4979 4977 4982
f 4977 5069 5067
f 4975 5054 4412
f 4975 4412 4430
f 4318 4431 4428
f 4432 4431 4318
f 4322 4432 4318
f 4431 4976 4975
f 5055 5052 5063
f 5068 5063 5066
f 5053 5054 5052
f 5066 5067 5068
f 5071 5070 5069
f 4411 4410 4412
f 4422 4429 4430
f 4428 4430 4429
f 4979 4978 4980
f 4986 4989 4988
f 4987 4989 4986
f 4989 4990 4988
f 4323 4320 4324
f 4981 4982 4432
f 4322 4323 4324
f 5069 5072 5071
f 4992 4993 4991
f 4994 4993 4995
f 4993 4992 4995
f 5000 5003 5002
f 5001 5003 5000
f 5003 5004 5002
f 5006 5007 5005
f 5008 5007 5009
f 5007 5006 5009
f 5013 5016 5015
f 5020 5016 5024
f 5016 5017 5015
f 5014 4368 4433
f 5024 5014 4433
f 5021 5020 5022
f 5020 5019 5022
f 5026 5029 5028
f 5032 5029 5036
f 5029 5030 5028
f 5023 5024 4433
f 4371 4372 4373
f 4381 4382 4379
f 5036 5027 4434
f 4385 4434 4381
f 5033 5032 5034
f 5032 5031 5034
f 5038 5041 5040
f 5043 5041 5046
f 5041 5042 5040
f 5035 5036 4434
f 4385 4386 4387
f 4395 4396 4393
f 5046 5039 4435
f 4398 4435 4395
f 5046 5047 5043
f 5044 5043 5045
f 5048 5050 5045
f 5047 5049 5048
f 5095 5050 5048
f 5096 5050 5095
f 4399 4404 4438
f 4398 4436 4435
f 5049 5047 4436
f 4436 4438 5049
f 4446 4445 4405
f 5049 4438 4445
f 4448 4445 4446
f 4406 4446 4405
f 5098 5099 5095
f 5100 5099 5101
f 5099 5098 5101
f 5101 5098 4448
f 4406 4447 4446
f 4446 4447 4448
f 4449 4448 4447
f 4406 4444 4447
f 4444 4449 4447
f 5103 5100 5106
f 5107 5108 5106
f 5100 5107 5106
f 5112 5107 5111
f 5114 5113 5112
f 5112 5111 4453
f 4449 4453 5111
f 4450 4452 4453
f 5112 4461 5114
f 5124 5129 5121
f 5130 5126 5120
f 5130 5120 5122
f 5126 4486 5120
f 5120 4486 4475
f 5122 5120 4475
f 5135 5123 5057
f 5062 5061 5059
f 5058 5061 5136
f 5059 5061 5060
f 4407 4417 4487
f 5057 5123 4476
f 4487 4474 4407
f 5057 4487 4488
f 5056 5058 4488
f 4420 4419 4416
f 4488 5058 5057
f 5124 5121 5133
f 5138 5133 5135
f 5122 5123 5121
f 5135 5136 5138
f 5137 5138 5136
f 4476 4473 4474
f 4475 4473 4476
f 5108 5113 5115
f 5145 5116 5117
f 5113 5116 5115
f 5117 5116 5118
f 4461 4452 4458
f 4460 4461 4458
f 5118 5114 4491
f 4463 4491 4460
f 5145 5148 5143
f 5149 5148 5145
f 5118 5119 5117
f 5145 5117 5146
f 5117 5119 5146
f 5119 5147 5146
f 4463 4492 4491
f 4463 4490 4492
f 4490 4493 4492
f 5153 5154 5152
f 5153 5147 5156
f 5157 5153 5156
f 5159 5158 5157
f 5156 5147 4493
f 5157 5156 4496
f 4493 4496 5156
f 4494 4495 4496
f 5157 4506 5159
f 5167 5170 5164
f 5171 5168 5163
f 5171 5163 5165
f 5168 4527 5163
f 5163 4527 4518
f 5165 5163 4518
f 5177 5166 5127
f 5132 5131 5129
f 5128 5131 5178
f 5129 5131 5130
f 4467 4483 4528
f 5127 5166 4519
f 4528 4517 4467
f 5127 4528 4529
f 5126 5128 4529
f 4486 4485 4481
f 4529 5128 5127
f 5167 5164 5174
f 5180 5174 5177
f 5165 5166 5164
f 5177 5178 5180
f 5179 5180 5178
f 4519 4516 4517
f 4518 4516 4519
f 5154 5158 5161
f 5160 5158 5159
f 5160 5187 5185
f 5186 5161 5185
f 4506 4495 4503
f 4505 4506 4503
f 4508 4533 4505
f 4535 5187 5160
f 5187 5188 5185
f 5189 5188 5190
f 5188 5187 5190
f 5190 5187 4535
f 4508 4534 4533
f 4533 4534 4535
f 4536 4535 4534
f 4508 4532 4534
f 4532 4536 4534
f 5198 5199 5197
f 5192 5189 5196
f 5197 5199 5196
f 5189 5197 5196
f 4536 4540 5201
f 4540 4539 4541
f 4537 4539 4540
f 5173 5172 5170
f 5169 5172 5213
f 5213 5216 5169
f 5170 5172 5171
f 4526 4560 4558
f 4560 4561 4558
f 5168 5169 4560
f 4527 4526 4523
f 5209 5218 5215
f 5217 5208 5212
f 5214 5215 5213
f 5217 5219 5218
f 5216 5218 5219
f 5212 4553 5217
f 4563 4551 4559
f 5217 4563 5219
f 5219 4563 4561
f 4561 5216 5219
f 5202 5203 5198
f 5198 5203 5204
f 5203 5205 5204
f 5225 5206 5204
f 5226 5206 5225
f 5202 4541 4564
f 5202 4564 5203
f 5205 5203 4564
f 4564 4541 4567
f 4564 4567 5205
f 4566 4567 4547
f 5205 4572 5227
f 5227 5229 5225
f 5235 5230 5229
f 5235 5229 5236
f 5233 5236 5228
f 5233 5228 4579
f 4571 4572 4566
f 5228 5227 4572
f 4575 4579 4571
f 5243 5248 5240
f 5240 5248 5251
f 4583 4592 4588
f 5208 5223 5212
f 5241 5210 5244
f 5208 5209 5210
f 5241 5242 5223
f 4552 4551 4553
f 4585 4553 5212
f 5223 4585 5212
f 4585 4586 4584
f 5240 5242 5241
f 5254 5253 5251
f 4586 5242 5253
f 5254 4592 5253
f 4586 4583 4584
f 5235 5237 5238
f 5256 5237 5234
f 5234 5258 5256
f 5236 5237 5235
f 4597 4602 4578
f 4597 4603 4602
f 4602 5234 5233
f 4579 4575 4578
f 5258 5259 5256
f 5265 5261 5259
f 5259 5258 5260
f 4601 4603 4597
f 4603 4601 4604
f 5260 5270 5266
f 5271 5266 5270
f 5270 5260 4604
f 4609 5271 5270
f 4604 4609 5270
f 5250 5249 5248
f 5247 5249 5273
f 5255 5249 5247
f 5273 5275 5247
f 4590 4619 4614
f 4620 4619 4590
f 4619 4621 4614
f 5277 5275 5273
f 5277 5278 5285
f 5286 5277 5285
f 5286 5283 5276
f 5283 4628 5276
f 4614 4621 4618
f 4621 5275 5276
f 4624 4618 4628
f 5254 5251 5255
f 5254 4620 4592
f 5254 5255 4620
f 5265 5267 5268
f 5267 5265 5266
f 4608 4609 4605
f 5267 5272 5290
f 5272 5291 5290
f 5271 4632 5272
f 4608 4631 4632
f 4631 4633 4632
f 5297 5298 5296
f 5290 5295 5292
f 5296 5298 5295
f 5296 5291 5302
f 5302 5291 4633
f 4633 4639 5302
f 4639 4637 4640
f 4634 4637 4639
f 5288 5287 5285
f 5284 5287 5306
f 5306 5309 5284
f 5285 5287 5286
f 4627 4651 4646
f 4651 4652 4646
f 5283 5284 4651
f 4628 4627 4624
f 5305 5314 5310
f 5305 5310 5308
f 5307 5308 5306
f 5309 5310 5311
f 4658 4644 4657
f 4657 4644 4647
f 5311 4657 4652
f 4652 5309 5311
f 5303 5304 5297
f 5320 5322 5299
f 5298 5297 5299
f 5304 5321 5320
f 4640 4637 4638
f 5303 4640 4662
f 5303 4662 5304
f 4661 4663 4662
f 5327 5328 5326
f 5320 5325 5322
f 5326 5328 5325
f 5326 5321 5332
f 5332 5321 4663
f 4663 4669 5332
f 4669 4667 4670
f 4664 4667 4669
f 5317 5314 5305
f 5314 5316 5315
f 5336 5339 5316
f 5337 5336 5317
f 4656 4644 4658
f 5315 4681 4658
f 4681 4682 4676
f 5315 5316 4681
f 5335 5344 5340
f 5335 5340 5338
f 5337 5338 5336
f 5339 5340 5341
f 4688 4674 4687
f 4687 4674 4677
f 5341 4687 4682
f 4682 5339 5341
f 5359 5353 5350
f 5359 5350 5363
f 4700 4704 4694
f 5333 5334 5327
f 5351 5354 5329
f 5328 5327 5329
f 5334 5352 5351
f 4670 4667 4668
f 5333 4670 4696
f 5333 4696 5334
f 4695 4697 4696
f 5351 5352 5350
f 5365 5363 5364
f 5364 5352 4697
f 4704 5365 5364
f 4695 4694 4697
f 5347 5344 5335
f 5344 5346 5345
f 5367 5369 5346
f 5368 5367 5347
f 4686 4674 4688
f 5345 4711 4688
f 4711 4712 4706
f 5345 5346 4711
f 5370 5369 5367
f 5370 5372 5376
f 5369 5370 5371
f 4706 4712 4710
f 4710 4712 4713
f 5371 5377 5381
f 5382 5381 5377
f 5371 5381 4713
f 5382 4718 5381
f 4713 5381 4718
f 5359 5360 5361
f 5387 5360 5358
f 5358 5360 5366
f 5358 5390 5387
f 4725 4730 4703
f 4703 4730 4731
f 4725 4732 4730
f 5391 5395 5384
f 5389 5391 5384
f 5389 5388 5387
f 5392 5391 5390
f 4738 4722 4739
f 4726 4722 4738
f 4732 4738 5392
f 5392 5390 4732
f 5365 5366 5363
f 5365 4704 4731
f 5365 4731 5366
f 5378 5376 5379
f 5376 5378 5377
f 4714 4718 4717
f 5401 5383 5378
f 5401 5402 5383
f 5383 4743 5382
f 4743 4742 4717
f 4743 4744 4742
f 5405 5401 5403
f 5407 5406 5405
f 5408 5402 5406
f 5406 5410 5408
f 5410 5412 5413
f 4744 5402 5408
f 5410 4748 5408
f 4748 4744 5408
f 4748 4747 4745
f 5413 4755 5410
f 5428 5423 5420
f 5428 5420 5431
f 5421 5424 5385
f 5421 5385 5397
f 5395 5399 5397
f 5399 5395 5396
f 5399 5398 5397
f 4759 5422 5398
f 4723 4758 4775
f 4775 4776 4739
f 4739 4776 5396
f 5398 4776 4775
f 4776 5399 5396
f 4776 5398 5399
f 5421 5422 5420
f 5434 5431 5433
f 5433 5422 4759
f 4759 4770 5433
f 4770 4766 4771
f 4763 4766 4770
f 5415 5412 5407
f 5416 5419 5438
f 5412 5414 5413
f 5436 5437 5414
f 4754 4747 4755
f 5413 4783 4755
f 4783 4784 4778
f 5413 5414 4783
f 5439 5437 5436
f 5438 5439 5436
f 5439 5438 5440
f 5441 5439 5440
f 5437 5439 5441
f 4778 4784 4782
f 4782 4784 4785
f 5438 5419 5442
f 5449 5448 5447
f 5449 5447 5446
f 5447 5440 5446
f 5441 5451 4785
f 5452 4792 5451
f 4785 5451 4792
f 5428 5429 5430
f 5473 5429 5427
f 5427 5429 5435
f 5427 5477 5473
f 4811 4817 4762
f 4762 4817 4818
f 4811 4819 4817
f 4818 4768 4762
f 5475 5479 5465
f 5471 5464 5478
f 5475 5474 5473
f 5478 5479 5480
f 5480 5479 5477
f 5478 4807 5471
f 4812 4803 4820
f 4820 5478 5480
f 4819 4820 5480
f 5480 5477 4819
f 5434 5435 5431
f 4771 4766 4769
f 5434 4818 5435
f 4769 4768 4771
f 4786 4792 4790
f 5448 5453 5452
f 5454 5453 5448
f 5455 5453 5454
f 5457 5459 5485
f 5483 5454 5456
f 4798 4791 4824
f 5453 4821 5452
f 5453 5455 4821
f 4821 5455 4824
f 4823 4798 4824
f 5484 4831 5455
f 5486 5484 5483
f 5485 5486 5483
f 5486 5485 5487
f 5488 5486 5487
f 5484 5486 5488
f 4823 4831 4829
f 4829 4831 4832
f 4832 4830 4829
f 5485 5459 5489
f 5495 5494 5493
f 5494 5487 5493
f 5494 5498 5497
f 5498 5499 5500
f 5488 5497 4832
f 5498 4836 5497
f 4833 4830 4836
f 4836 4835 4833
f 5500 4844 5498
f 5528 5462 5461
f 5461 5462 5472
f 5461 5532 5528
f 5472 5462 5466
f 4871 4877 4801
f 4801 4877 4878
f 4871 4879 4877
f 4878 4805 4801
f 5530 5534 5520
f 5526 5519 5533
f 5530 5529 5528
f 5533 5534 5535
f 5535 5534 5532
f 5533 4867 5526
f 4872 4863 4880
f 4880 5533 5535
f 4879 4880 5535
f 5535 5532 4879
f 5468 5466 5467
f 5464 5466 5468
f 5465 5464 5468
f 4807 4803 4806
f 5471 4878 5472
f 4806 4805 4807
f 5501 5499 5495
f 5501 5502 5499
f 5507 5502 5505
f 5501 5503 5502
f 4841 4835 4844
f 4844 4843 4841
f 5500 5507 4881
f 4881 4846 4843
f 5505 5508 5507
f 5538 5508 5505
f 5543 5546 5509
f 4852 4847 4885
f 4882 4846 4881
f 5508 5509 4882
f 4882 5509 4885
f 4884 4852 4885
f 5546 4892 5509
f 5542 5538 5539
f 5544 5543 5542
f 5543 5538 5542
f 5544 5550 5547
f 5549 5547 5548
f 5546 5547 5549
f 4884 4892 4890
f 4890 4892 4893
f 4893 4891 4890
f 5561 5560 5556
f 5555 5548 5551
f 5556 5548 5555
f 5556 5560 5557
f 5563 5561 5558
f 5558 5566 5563
f 5565 5563 5564
f 5560 5561 5562
f 5549 5557 4893
f 5560 4896 5557
f 4894 4891 4896
f 4908 4896 5560
f 4908 5560 5562
f 4905 4898 4908
f 5565 4907 5562
f 4907 4906 4905
f 5570 5564 5567
f 5572 5571 5570
f 5571 5564 5570
f 5571 5575 5574
f 5575 5577 5578
f 5565 5574 4907
f 5575 4911 5574
f 4909 4906 4911
f 4922 4911 5575
f 4920 4913 4922
f 4920 4922 4923
f 5593 5595 5585
f 5591 5584 5594
f 5597 5595 5593
f 5593 5600 5597
f 5599 5597 5598
f 5594 5595 5596
f 4924 4921 4927
f 4927 4921 4926
f 4940 4927 5594
f 4940 5594 5596
f 4937 4929 4940
f 5599 4939 5596
f 4939 4938 4937
f 5610 5609 5605
f 5604 5598 5601
f 5605 5598 5604
f 5605 5609 5607
f 5612 5610 5608
f 5608 5616 5612
f 5614 5612 5613
f 5609 5610 5611
f 5599 5607 4939
f 5609 4942 5607
f 4941 4938 4942
f 4954 4942 5609
f 4954 5609 5611
f 4950 4944 4954
f 5614 4952 5611
f 4952 4951 4950
f 5510 5615 5622
f 5622 5625 5510
f 4953 5615 5510
f 4958 4953 5510
f 5510 4968 4958
f 5625 4968 5510
f 5621 5613 5617
f 5623 5622 5621
f 5613 5615 5614
f 5623 5631 5626
f 5628 5626 5627
f 5625 5626 5628
f 4953 4951 4952
f 4957 4955 4958
f 4965 4968 4969
f 4969 4966 4965
f 5629 5633 5511
f 5629 5511 5513
f 5513 5511 5516
f 5515 5517 5527
f 5515 5514 5513
f 5527 5517 5521
f 5516 5518 5517
f 4859 4855 4971
f 4970 5630 5514
f 4855 4967 4971
f 4861 4972 4973
f 5514 4972 4971
f 4973 4865 4861
f 4972 5514 5515
f 5627 5630 5628
f 5629 5630 5627
f 4967 4966 4970
f 4970 4966 4969
f 5523 5521 5522
f 5519 5521 5523
f 5520 5519 5523
f 4867 4863 4866
f 5526 4973 5527
f 4866 4865 4867
f 5579 5577 5572
f 5579 5580 5577
f 5592 5580 5586
f 5579 5581 5580
f 5578 4974 4923
f 5578 5592 4974
f 4974 4926 4923
f 5588 5586 5587
f 5584 5586 5588
f 5585 5584 5588
f 5591 4926 4974
f 5591 4974 5592
f 5650 5651 5645
f 5650 5645 5648
f 5652 5651 5650
f 5648 5010 5650
f 5010 5018 5650
f 5650 5018 5652
f 5055 5064 5059
f 5679 5685 5674
f 5679 5674 5677
f 5684 5686 5681
f 5687 5680 5682
f 5065 5055 5063
f 5064 5055 5065
f 5075 5679 5065
f 5679 5075 5680
f 5070 5075 5068
f 5682 5680 5073
f 5071 5073 5070
f 5694 5683 5641
f 5641 5696 5694
f 4980 4988 5076
f 5641 5683 5074
f 5076 5072 4980
f 5078 5077 4990
f 5641 5076 5077
f 5080 5077 5078
f 4994 5078 4990
f 5684 5681 5691
f 5695 5691 5694
f 5682 5683 5681
f 5697 5701 5695
f 5698 5697 5699
f 5697 5696 5699
f 5074 5071 5072
f 5073 5071 5074
f 5699 5696 5080
f 5707 5700 5642
f 5711 5644 5646
f 5643 5644 5708
f 5649 5644 5643
f 5646 5644 5649
f 5644 5711 5708
f 4995 5002 5081
f 4994 5079 5078
f 5078 5079 5080
f 5079 5081 5642
f 5083 5082 5004
f 5642 5081 5082
f 5008 5083 5004
f 5082 5643 5642
f 5702 5698 5706
f 5709 5706 5707
f 5699 5700 5698
f 5707 5708 5709
f 5713 5712 5711
f 5080 5700 5699
f 5646 5645 5647
f 5651 5654 5653
f 5656 5654 5659
f 5654 5655 5653
f 5648 5649 5083
f 5008 5009 5010
f 5017 5018 5015
f 5659 5652 5084
f 5021 5084 5017
f 5711 5714 5713
f 5659 5660 5656
f 5657 5656 5658
f 5661 5664 5658
f 5660 5662 5661
f 5725 5665 5666
f 5667 5665 5663
f 5662 5663 5661
f 5666 5665 5667
f 5022 5028 5086
f 5021 5085 5084
f 5662 5660 5085
f 5085 5086 5662
f 5088 5087 5030
f 5662 5086 5087
f 5033 5088 5030
f 5087 5663 5662
f 5725 5727 5723
f 5728 5727 5725
f 5667 5668 5666
f 5725 5666 5726
f 5666 5668 5726
f 5669 5735 5733
f 5034 5040 5090
f 5033 5089 5088
f 5669 5668 5089
f 5089 5090 5669
f 5092 5091 5042
f 5669 5090 5091
f 5094 5091 5092
f 5044 5092 5042
f 5734 5731 5733
f 5733 5731 5726
f 5736 5740 5734
f 5737 5736 5738
f 5736 5735 5738
f 5738 5735 5094
f 5749 5739 5670
f 5670 5750 5749
f 5045 5050 5097
f 5044 5093 5092
f 5092 5093 5094
f 5093 5097 5670
f 5096 5097 5050
f 5670 5104 5750
f 5751 5753 5745
f 5741 5737 5744
f 5738 5739 5737
f 5750 5751 5749
f 5754 5752 5758
f 5754 5753 5751
f 5094 5739 5738
f 5102 5104 5096
f 5104 5102 5105
f 5103 5105 5102
f 5752 5761 5758
f 5762 5758 5761
f 5761 5752 5105
f 5109 5103 5106
f 5109 5108 5110
f 5106 5108 5109
f 5124 5134 5129
f 5779 5765 5671
f 5782 5673 5675
f 5672 5673 5780
f 5678 5673 5672
f 5675 5673 5678
f 5673 5782 5780
f 5671 5765 5125
f 5671 5125 5139
f 5062 5140 5137
f 5141 5140 5062
f 5140 5672 5671
f 5771 5770 5769
f 5776 5765 5769
f 5769 5765 5779
f 5779 5780 5781
f 5784 5783 5782
f 5125 5765 5776
f 5777 5134 5776
f 5133 5138 5139
f 5137 5139 5138
f 5675 5674 5676
f 5690 5689 5686
f 5685 5689 5688
f 5687 5689 5685
f 5686 5689 5687
f 5689 5690 5688
f 5677 5141 5064
f 5677 5678 5141
f 5782 5785 5784
f 5745 5753 5755
f 5753 5756 5755
f 5754 5756 5753
f 5756 5757 5755
f 5759 5763 5795
f 5764 5806 5804
f 5762 5110 5142
f 5762 5142 5763
f 5764 5763 5142
f 5142 5110 5144
f 5142 5144 5764
f 5143 5144 5115
f 5764 5150 5806
f 5795 5802 5796
f 5805 5802 5804
f 5804 5802 5795
f 5807 5809 5805
f 5810 5809 5807
f 5807 5806 5808
f 5148 5150 5143
f 5150 5148 5151
f 5149 5151 5148
f 5819 5820 5814
f 5808 5818 5813
f 5821 5820 5819
f 5818 5808 5151
f 5819 5818 5155
f 5155 5149 5152
f 5152 5154 5155
f 5819 5162 5821
f 5167 5175 5170
f 5766 5767 5833
f 5778 5767 5766
f 5833 5836 5766
f 5772 5767 5778
f 5132 5181 5179
f 5182 5181 5132
f 5181 5183 5179
f 5827 5838 5835
f 5837 5826 5831
f 5834 5835 5833
f 5837 5839 5838
f 5836 5838 5839
f 5176 5167 5174
f 5175 5167 5176
f 5184 5837 5176
f 5837 5184 5839
f 5839 5184 5183
f 5183 5836 5839
f 5773 5772 5774
f 5772 5770 5774
f 5770 5771 5774
f 5777 5182 5134
f 5777 5778 5182
f 5810 5815 5816
f 5815 5810 5813
f 5814 5815 5813
f 5816 5815 5817
f 5815 5814 5817
f 5822 5820 5821
f 5822 5850 5847
f 5848 5823 5847
f 5162 5154 5161
f 5162 5193 5821
f 5186 5194 5193
f 5193 5822 5821
f 5850 5851 5847
f 5856 5853 5851
f 5851 5850 5852
f 5191 5194 5186
f 5194 5191 5195
f 5192 5195 5191
f 5864 5865 5858
f 5852 5863 5857
f 5866 5865 5864
f 5863 5852 5195
f 5864 5863 5200
f 5200 5192 5196
f 5196 5199 5200
f 5864 5207 5866
f 5879 5825 5828
f 5824 5825 5873
f 5832 5825 5824
f 5873 5875 5824
f 5828 5825 5832
f 5825 5879 5873
f 5173 5220 5214
f 5221 5220 5173
f 5220 5222 5214
f 5870 5877 5874
f 5876 5869 5872
f 5881 5880 5879
f 5876 5878 5877
f 5875 5877 5878
f 5872 5211 5876
f 5224 5209 5215
f 5876 5224 5878
f 5878 5224 5222
f 5222 5875 5878
f 5828 5826 5829
f 5826 5827 5829
f 5831 5221 5175
f 5831 5832 5221
f 5879 5882 5881
f 5856 5859 5860
f 5859 5856 5857
f 5858 5859 5857
f 5860 5859 5861
f 5859 5858 5861
f 5867 5865 5866
f 5867 5898 5893
f 5894 5868 5893
f 5207 5199 5206
f 5207 5231 5866
f 5226 5232 5231
f 5231 5867 5866
f 5899 5901 5891
f 5895 5899 5891
f 5895 5894 5893
f 5900 5899 5898
f 5902 5900 5239
f 5230 5232 5226
f 5900 5898 5232
f 5235 5239 5230
f 5909 5912 5906
f 5906 5912 5913
f 5243 5252 5248
f 5869 5886 5872
f 5907 5871 5910
f 5869 5870 5871
f 5907 5908 5886
f 5210 5209 5211
f 5245 5211 5872
f 5886 5245 5872
f 5245 5246 5244
f 5906 5908 5907
f 5918 5917 5913
f 5246 5908 5917
f 5918 5252 5917
f 5246 5243 5244
f 5891 5901 5904
f 5903 5901 5902
f 5903 5924 5922
f 5923 5904 5922
f 5257 5262 5238
f 5257 5263 5262
f 5262 5903 5902
f 5239 5235 5238
f 5924 5925 5922
f 5930 5927 5925
f 5925 5924 5926
f 5261 5263 5257
f 5263 5261 5264
f 5926 5935 5932
f 5936 5932 5935
f 5935 5926 5264
f 5269 5936 5935
f 5264 5269 5935
f 5914 5912 5915
f 5912 5914 5913
f 5250 5279 5274
f 5280 5279 5250
f 5279 5281 5274
f 5282 5279 5280
f 5282 5281 5279
f 5943 5949 5939
f 5950 5947 5938
f 5950 5938 5940
f 5947 5289 5938
f 5274 5281 5278
f 5285 5278 5289
f 5941 5921 5914
f 5941 5942 5921
f 5918 5280 5252
f 5921 5942 5282
f 5940 5942 5939
f 5939 5942 5941
f 5282 5942 5940
f 5930 5933 5934
f 5933 5930 5932
f 5268 5269 5265
f 5964 5957 5954
f 5964 5954 5967
f 5933 5937 5955
f 5937 5956 5955
f 5936 5293 5937
f 5268 5292 5293
f 5292 5294 5293
f 5955 5956 5954
f 5970 5967 5969
f 5969 5956 5294
f 5294 5300 5969
f 5300 5298 5301
f 5295 5298 5300
f 5948 5951 5972
f 5972 5973 5948
f 5949 5951 5950
f 5951 5975 5972
f 5288 5312 5307
f 5312 5313 5307
f 5947 5948 5312
f 5289 5288 5285
f 5976 5973 5972
f 5975 5976 5972
f 5984 5976 5983
f 5984 5981 5974
f 5319 5305 5318
f 5318 5305 5308
f 5974 5318 5313
f 5313 5973 5974
f 5975 5952 5978
f 5975 5978 5977
f 5968 5964 5967
f 5988 5965 5989
f 5989 5993 5988
f 5996 5990 5999
f 5989 5968 5991
f 5968 5971 5991
f 5971 5992 5991
f 5301 5298 5299
f 5970 5301 5323
f 5970 5323 5971
f 5322 5324 5323
f 5991 5990 5989
f 5991 5992 5990
f 6002 5999 6001
f 6001 5992 5324
f 5324 5330 6001
f 5330 5328 5331
f 5325 5328 5330
f 5982 5985 6004
f 6004 6005 5982
f 5983 5985 5984
f 5985 6007 6004
f 5317 5305 5319
f 5981 5342 5319
f 5342 5343 5337
f 5981 5982 5342
f 6008 6005 6004
f 6007 6008 6004
f 6016 6008 6015
f 6016 6013 6006
f 5349 5335 5348
f 5348 5335 5338
f 6006 5348 5343
f 5343 6005 6006
f 6007 5986 6010
f 6007 6010 6009
f 6000 5996 5999
f 6020 5997 6022
f 6022 6027 6020
f 6030 6033 6021
f 6033 6024 6021
f 6030 6021 5362
f 6021 5356 5362
f 6024 5356 6021
f 6022 6000 6025
f 6000 6003 6025
f 6003 6026 6025
f 5331 5328 5329
f 6002 5331 5355
f 6002 5355 6003
f 5354 5357 5355
f 6025 6023 6022
f 6023 6026 6024
f 6025 6026 6023
f 5354 5353 5357
f 5357 5353 5356
f 6014 6017 6037
f 6037 6038 6014
f 6015 6017 6016
f 6017 6039 6037
f 5347 5335 5349
f 6013 5373 5349
f 5373 5374 5368
f 6013 6014 5373
f 6040 6038 6037
f 6039 6040 6037
f 6038 6040 6041
f 5368 5374 5372
f 5372 5374 5375
f 6039 6018 6043
f 6039 6043 6042
f 6041 6047 6051
f 6052 6051 6047
f 6041 6051 5375
f 6052 5380 6051
f 5375 6051 5380
f 6032 6034 6035
f 6062 6034 6031
f 6031 6066 6062
f 6033 6034 6032
f 5388 5393 5361
f 5388 5394 5393
f 5393 6031 6030
f 5362 5359 5361
f 6064 6068 6057
f 6061 6056 6067
f 6064 6063 6062
f 6067 6068 6069
f 6069 6068 6066
f 6067 5386 6061
f 5389 5384 5400
f 5400 6067 6069
f 5394 5400 6069
f 6069 6066 5394
f 6048 6046 6049
f 6046 6048 6047
f 5376 5380 5379
f 6072 6053 6048
f 6076 6079 6054
f 6053 5404 6052
f 6053 6054 5404
f 5404 5403 5379
f 6054 5411 5409
f 6079 5411 6054
f 6075 6072 6073
f 6077 6076 6075
f 6076 6072 6075
f 6077 6082 6081
f 6081 6082 6085
f 6086 6081 6085
f 6086 6084 6080
f 5405 5403 5409
f 5418 5407 5417
f 5409 5411 5417
f 6080 5417 5411
f 5411 6079 6080
f 6106 6097 6094
f 6106 6094 6112
f 5428 5432 5423
f 6061 6071 6056
f 6095 6098 6058
f 6057 6056 6058
f 6071 6096 6095
f 5386 5384 5385
f 6061 5386 5425
f 6061 5425 6071
f 5424 5426 5425
f 6095 6096 6094
f 6114 6112 6113
f 6113 6096 5426
f 5432 6114 6113
f 5424 5423 5426
f 6088 6085 6089
f 6086 6090 6084
f 5415 5407 5418
f 5418 5416 5415
f 6084 6090 5443
f 5443 5419 5416
f 6088 6091 6090
f 6116 6091 6088
f 6116 6117 6091
f 5444 5419 5443
f 5444 5442 5419
f 5444 5445 5442
f 6127 6126 6122
f 6121 6116 6118
f 6123 6117 6122
f 6122 6126 6123
f 6128 6127 6124
f 6124 6129 6128
f 6128 6129 6132
f 6133 6128 6132
f 6133 6127 6128
f 5445 6117 6123
f 6126 5450 6123
f 5450 5445 6123
f 5450 5449 5446
f 6131 5458 6126
f 6152 6144 6141
f 6152 6141 6158
f 6142 6145 6092
f 6142 6092 6103
f 6103 6092 6107
f 6106 6108 6109
f 6105 6108 6115
f 6105 6104 6103
f 6107 6109 6108
f 5460 6143 6104
f 5476 5460 6104
f 5474 5481 5430
f 5430 5481 5482
f 5481 6104 6105
f 6142 6143 6141
f 6160 6158 6159
f 6159 6143 5460
f 5469 5460 5476
f 5460 5469 6159
f 5469 5465 5470
f 5476 5474 5475
f 6114 6115 6112
f 6114 5432 5482
f 6114 5482 6115
f 6135 6132 6136
f 6133 6137 6131
f 5456 5449 5458
f 5458 5457 5456
f 6131 6137 5490
f 5490 5459 5457
f 6135 6138 6137
f 6162 6138 6135
f 6162 6163 6138
f 5491 5459 5490
f 5491 5489 5459
f 5491 5492 5489
f 6173 6172 6168
f 6167 6162 6164
f 6169 6163 6168
f 6168 6172 6169
f 6174 6173 6170
f 6170 6175 6174
f 6174 6175 6179
f 6180 6174 6179
f 6180 6173 6174
f 5492 6163 6169
f 6172 5496 6169
f 5496 5492 6169
f 5496 5495 5493
f 6178 5504 6172
f 6217 6230 6207
f 6215 6217 6207
f 6218 6217 6215
f 6215 6222 6218
f 6235 6230 6217
f 6235 6217 6218
f 6220 6224 6139
f 6220 6139 6149
f 6149 6139 6153
f 6152 6154 6155
f 6151 6154 6161
f 6151 6150 6149
f 6153 6155 6154
f 5512 6221 6150
f 5531 5512 6150
f 5529 5536 5463
f 5463 5536 5537
f 5537 5467 5463
f 5536 6150 6151
f 6220 6221 6219
f 6238 6236 6237
f 6237 6221 5512
f 5524 5512 5531
f 5512 5524 6237
f 5524 5520 5525
f 5531 5529 5530
f 6160 6161 6158
f 5470 5465 5468
f 6160 5537 6161
f 5468 5467 5470
f 6181 6179 6182
f 6180 6186 6178
f 5501 5495 5504
f 5504 5503 5501
f 6178 6186 5540
f 5540 5506 5503
f 6181 6187 6186
f 6183 6181 6182
f 6188 6183 6190
f 6189 6187 6188
f 6191 6193 6242
f 6240 6188 6190
f 5541 5506 5540
f 6187 6189 5541
f 5541 5539 5506
f 6189 5552 5545
f 6241 5552 6189
f 6243 6241 6240
f 6242 6243 6240
f 6243 6242 6244
f 6245 6243 6244
f 6241 6243 6245
f 5542 5539 5545
f 5544 5542 5545
f 5550 5552 5553
f 5553 5551 5550
f 6242 6193 6247
f 6194 6246 6251
f 6251 6254 6194
f 5554 6246 6194
f 5559 5554 6194
f 6194 5568 5559
f 6254 5568 6194
f 6252 6251 6250
f 6244 6246 6245
f 6252 6258 6255
f 6257 6255 6256
f 6254 6255 6257
f 5554 5551 5553
f 5558 5555 5559
f 5566 5568 5569
f 5569 5567 5566
f 6270 6269 6265
f 6264 6256 6259
f 6265 6256 6264
f 6265 6269 6266
f 6272 6270 6267
f 6267 6275 6272
f 6274 6272 6273
f 6269 6270 6271
f 6257 6266 5569
f 6269 5573 6266
f 5570 5567 5573
f 5573 5572 5570
f 6271 5576 5583
f 6274 5576 6271
f 5576 5589 5583
f 6286 6285 6281
f 6280 6273 6276
f 6281 6273 6280
f 6281 6285 6282
f 6288 6286 6283
f 6283 6291 6288
f 6290 6288 6289
f 6285 6286 6287
f 6274 6282 5576
f 5576 6282 5589
f 5593 5585 5603
f 5603 6285 6287
f 5600 5593 5603
f 6290 5602 6287
f 5602 5601 5600
f 6303 6302 6298
f 6297 6289 6292
f 6298 6289 6297
f 6298 6302 6299
f 6305 6303 6300
f 6300 6310 6305
f 6307 6305 6306
f 6302 6303 6304
f 6290 6299 5602
f 6302 5606 6299
f 5604 5601 5606
f 5620 5606 6302
f 5620 6302 6304
f 5616 5608 5620
f 6307 5618 6304
f 5618 5617 5616
f 6308 6312 6195
f 6308 6195 6199
f 6199 6195 6202
f 6201 6203 6214
f 6201 6200 6199
f 6214 6203 6208
f 6202 6204 6203
f 5619 6309 6200
f 5624 5619 6200
f 6200 5634 5624
f 5635 6201 6214
f 6306 6309 6307
f 6308 6309 6306
f 5619 5617 5618
f 5623 5621 5624
f 5631 5634 5636
f 5634 5635 5636
f 5636 5632 5631
f 6208 6231 6214
f 6210 6208 6209
f 6233 6231 6232
f 6230 6234 6232
f 6234 6233 6232
f 6239 6235 6236
f 5516 5511 5638
f 6231 5635 6214
f 5511 5633 5638
f 5518 5639 5640
f 6233 5639 5638
f 5640 5522 5518
f 5639 6233 6234
f 5635 5637 5636
f 5633 5632 5637
f 5637 5632 5636
f 6238 6239 6236
f 5525 5520 5523
f 6238 5640 6239
f 5523 5522 5525
f 5579 5572 5582
f 5582 5581 5579
f 5581 5582 5583
f 5590 5585 5588
f 5589 5590 5587
f 5588 5587 5590
f 5684 5692 5686
f 6334 6340 6328
f 6334 6328 6332
f 6339 6341 6336
f 6342 6335 6337
f 5693 5684 5691
f 5692 5684 5693
f 5705 6334 5693
f 6334 5705 6335
f 5701 5705 5695
f 6337 6335 5703
f 5702 5703 5701
f 6349 6338 6318
f 6318 6351 6349
f 6318 6338 5704
f 6318 5704 5710
f 5710 5715 6318
f 6318 5715 6351
f 6339 6336 6346
f 6350 6346 6349
f 6337 6338 6336
f 6352 6356 6350
f 6353 6352 6354
f 6352 6351 6354
f 5703 5702 5704
f 5706 5709 5710
f 5715 5712 5716
f 5713 5716 5712
f 6363 6355 6319
f 6319 6365 6363
f 5647 5653 5718
f 6319 6355 5717
f 5718 5714 5647
f 5720 5719 5655
f 6319 5718 5719
f 5722 5719 5720
f 5657 5720 5655
f 6357 6353 6360
f 6364 6360 6363
f 6354 6355 6353
f 6366 6370 6364
f 6367 6366 6368
f 6366 6365 6368
f 5717 5713 5714
f 5716 5713 5717
f 6368 6365 5722
f 6377 6369 6320
f 6320 6379 6377
f 5658 5664 5724
f 5657 5721 5720
f 5720 5721 5722
f 5721 5724 6320
f 5723 5724 5664
f 6320 5729 6379
f 6371 6367 6374
f 6378 6374 6377
f 6368 6369 6367
f 6380 6382 6378
f 6383 6382 6380
f 6380 6379 6381
f 5722 6369 6368
f 5727 5729 5723
f 5729 5727 5730
f 5728 5730 5727
f 6392 6393 6387
f 6381 6391 6386
f 6394 6393 6392
f 6391 6381 5730
f 6392 6391 5732
f 5732 5728 5731
f 5742 6392 5732
f 5740 5742 5734
f 5743 5742 5740
f 5747 5748 5746
f 5747 5741 5744
f 5746 5741 5747
f 5747 5745 5748
f 5744 5745 5747
f 6404 6413 6401
f 6404 6401 6403
f 6410 6415 6406
f 6416 6405 6407
f 6403 5775 6404
f 5788 5771 5781
f 6404 5788 6405
f 5783 5788 5781
f 6407 6405 5786
f 5784 5786 5783
f 6408 6321 6411
f 6408 6322 6321
f 6322 6325 6321
f 6333 6326 6324
f 6323 6324 6322
f 6329 6326 6333
f 6326 6327 6325
f 5676 5688 5789
f 6323 6409 5787
f 5789 5785 5676
f 5791 5790 5690
f 6323 5789 5790
f 5790 6324 6323
f 6407 6409 6406
f 6406 6409 6408
f 5787 5784 5785
f 5786 5784 5787
f 6330 6329 6331
f 6329 6328 6331
f 6345 6344 6341
f 6340 6344 6343
f 6342 6344 6340
f 6341 6344 6342
f 6344 6345 6343
f 6332 5791 5692
f 6332 6333 5791
f 6383 6388 6389
f 6388 6383 6386
f 6387 6388 6386
f 6389 6388 6390
f 6388 6387 6390
f 6434 6396 6397
f 6393 6396 6395
f 6397 6396 6398
f 6394 5743 5792
f 6398 6394 5792
f 5743 5746 5792
f 6434 6436 6432
f 6437 6436 6434
f 6398 6399 6397
f 6434 6397 6435
f 6397 6399 6435
f 6400 6444 6442
f 6400 6399 5793
f 5793 5748 5794
f 5793 5794 6400
f 5798 5797 5757
f 6400 5794 5797
f 5800 5797 5798
f 5760 5798 5757
f 6443 6440 6442
f 6442 6440 6435
f 6445 6448 6443
f 6446 6445 6447
f 6445 6444 6447
f 6447 6444 5800
f 5760 5799 5798
f 5798 5799 5800
f 5801 5800 5799
f 5760 5796 5799
f 5796 5801 5799
f 6449 6446 6452
f 6453 6454 6452
f 6446 6453 6452
f 6459 6453 6458
f 6461 6460 6459
f 6459 6458 5803
f 5801 5803 6458
f 5811 6459 5803
f 5809 5811 5805
f 5812 5811 5809
f 5810 5812 5809
f 5768 5840 5834
f 5841 5840 5768
f 5840 5842 5834
f 5843 5840 5841
f 5773 5841 5768
f 5843 5842 5840
f 6471 6480 6468
f 6471 6468 6470
f 6477 6482 6473
f 6483 6472 6474
f 6470 5830 6471
f 5844 5827 5835
f 6471 5844 6472
f 6472 5844 5842
f 6401 6414 6403
f 6475 6402 6478
f 6475 6476 6414
f 6419 6418 6415
f 6413 6418 6417
f 6416 6418 6413
f 6415 6418 6416
f 6418 6419 6417
f 5774 5771 5775
f 6414 6476 5843
f 5773 5774 5775
f 6474 6476 6473
f 6473 6476 6475
f 5843 6476 6474
f 6454 6460 6462
f 6495 6463 6464
f 6460 6463 6462
f 6464 6463 6465
f 6461 5812 5845
f 6465 6461 5845
f 6495 6497 6493
f 6498 6497 6495
f 6465 6466 6464
f 6495 6464 6496
f 6464 6466 6496
f 6467 6506 6505
f 5817 5823 5849
f 5816 5846 5845
f 6467 6466 5846
f 5846 5849 6467
f 5848 5849 5823
f 6467 5854 6506
f 6507 6509 6502
f 6505 6501 6496
f 6506 6507 6505
f 6510 6508 6514
f 6510 6509 6507
f 5853 5854 5848
f 5854 5853 5855
f 6508 6517 6514
f 6518 6514 6517
f 6517 6508 5855
f 5862 6518 6517
f 5855 5862 6517
f 6525 6531 6521
f 6532 6528 6520
f 6532 6520 6522
f 5888 5870 5887
f 5887 5870 5874
f 5880 5887 5874
f 6522 6520 5884
f 5881 5884 5880
f 6468 6481 6470
f 6523 6469 6526
f 6523 6524 6481
f 6486 6485 6482
f 6480 6485 6484
f 6483 6485 6480
f 6482 6485 6483
f 6485 6486 6484
f 5829 5827 5830
f 5883 5830 6470
f 6481 5883 6470
f 5883 5885 5882
f 6522 6524 6521
f 6521 6524 6523
f 5885 5881 5882
f 5884 5881 5885
f 6502 6509 6511
f 6509 6512 6511
f 6510 6512 6509
f 6512 6513 6511
f 5860 5862 5856
f 6515 6519 6541
f 6519 6542 6541
f 5861 5868 5896
f 6518 5889 6519
f 5894 5896 5868
f 5894 5897 5896
f 6541 6549 6543
f 6550 6551 6549
f 6550 6542 6554
f 6555 6550 6554
f 6557 6556 6555
f 6554 6542 5890
f 6555 6554 5892
f 5892 5890 5897
f 5890 5892 6554
f 6555 5905 6557
f 5897 5894 5895
f 5909 5916 5912
f 6567 6560 6529
f 6534 6533 6531
f 6530 6533 6568
f 6531 6533 6532
f 6529 6560 5911
f 5919 5910 5871
f 5888 5920 5919
f 6528 5920 5888
f 6529 5919 5920
f 6528 6530 5920
f 5920 6530 6529
f 6563 6562 6561
f 6565 6560 6561
f 6561 6560 6567
f 6567 6568 6570
f 6569 6570 6568
f 5911 6560 6565
f 6566 5916 6565
f 5911 5909 5910
f 6551 6556 6559
f 6558 6556 6557
f 6558 6587 6582
f 6583 6559 6582
f 5905 5891 5904
f 5905 5928 6557
f 5923 5929 5928
f 5928 6558 6557
f 6588 6590 6579
f 6584 6588 6579
f 6584 6583 6582
f 6589 6588 6587
f 6591 6589 5931
f 5927 5929 5923
f 6589 6587 5929
f 5930 5931 5927
f 5912 5916 5915
f 5943 5953 5949
f 6562 6574 6566
f 6594 6564 6596
f 6562 6563 6564
f 6594 6595 6574
f 6574 5945 6566
f 5945 5944 5915
f 5945 5946 5944
f 6600 6599 6598
f 6597 6594 6596
f 6600 6598 6597
f 6602 6595 6598
f 5946 6595 6602
f 6603 5953 6602
f 5946 5943 5944
f 6579 6590 6593
f 6592 6590 6591
f 6592 6621 6616
f 6617 6593 6616
f 6591 5931 5959
f 5961 6621 6592
f 6622 6624 6613
f 6618 6622 6613
f 6618 6617 6616
f 6623 6622 6621
f 6625 6623 5966
f 6623 5962 5966
f 5934 5960 5959
f 5959 5960 5961
f 5963 5961 5960
f 5934 5958 5960
f 5958 5963 5960
f 5961 5963 5962
f 5958 5957 5963
f 5963 5957 5962
f 5949 5953 5952
f 5977 5987 5983
f 6599 6608 6603
f 6628 6601 6630
f 6599 6600 6601
f 6628 6629 6608
f 6608 5979 6603
f 5979 5978 5952
f 5979 5980 5978
f 6634 6633 6632
f 6631 6628 6630
f 6634 6632 6631
f 6636 6629 6632
f 5980 6629 6636
f 6637 5987 6636
f 5980 5977 5978
f 6613 6624 6627
f 6626 6624 6625
f 6626 6655 6650
f 6651 6627 6650
f 5988 5994 5965
f 5988 5995 5994
f 5994 6626 6625
f 5966 5964 5965
f 6656 6658 6647
f 6652 6656 6647
f 6652 6651 6650
f 6657 6656 6655
f 6659 6657 5998
f 5993 5995 5988
f 6657 6655 5995
f 5996 5998 5993
f 5983 5987 5986
f 6009 6019 6015
f 6633 6642 6637
f 6662 6635 6664
f 6633 6634 6635
f 6662 6663 6642
f 6642 6011 6637
f 6011 6010 5986
f 6011 6012 6010
f 6668 6667 6666
f 6665 6662 6664
f 6668 6666 6665
f 6670 6663 6666
f 6012 6663 6670
f 6671 6019 6670
f 6012 6009 6010
f 6647 6658 6661
f 6660 6658 6659
f 6660 6690 6685
f 6686 6661 6685
f 6020 6028 5997
f 6020 6029 6028
f 6028 6660 6659
f 5998 5996 5997
f 6691 6693 6681
f 6687 6691 6681
f 6687 6686 6685
f 6692 6691 6690
f 6694 6692 6036
f 6027 6029 6020
f 6692 6690 6029
f 6032 6036 6027
f 6015 6019 6018
f 6042 6050 6046
f 6667 6676 6671
f 6698 6669 6700
f 6667 6668 6669
f 6698 6699 6676
f 6676 6044 6671
f 6044 6043 6018
f 6044 6045 6043
f 6704 6703 6702
f 6701 6698 6700
f 6704 6702 6701
f 6705 6699 6702
f 6045 6699 6705
f 6706 6050 6705
f 6045 6042 6043
f 6728 6721 6718
f 6728 6718 6733
f 6719 6722 6682
f 6719 6682 6695
f 6693 6697 6695
f 6697 6693 6694
f 6697 6696 6695
f 6055 6720 6696
f 6065 6055 6696
f 6063 6070 6035
f 6070 6697 6694
f 6036 6032 6035
f 6070 6696 6697
f 6719 6720 6718
f 6735 6733 6734
f 6734 6720 6055
f 6059 6055 6065
f 6055 6059 6734
f 6059 6057 6060
f 6065 6063 6064
f 6046 6050 6049
f 6703 6711 6706
f 6712 6711 6703
f 6713 6711 6712
f 6737 6712 6714
f 6738 6737 6714
f 6711 6074 6706
f 6711 6713 6074
f 6074 6073 6049
f 6713 6083 6078
f 6739 6083 6713
f 6741 6739 6737
f 6741 6742 6748
f 6749 6741 6748
f 6749 6747 6740
f 6075 6073 6078
f 6077 6075 6078
f 6747 6087 6740
f 6083 6739 6740
f 6085 6082 6087
f 6728 6729 6730
f 6772 6729 6727
f 6727 6729 6736
f 6727 6777 6772
f 6100 6727 6736
f 6100 6777 6727
f 6774 6779 6765
f 6771 6764 6778
f 6774 6773 6772
f 6778 6779 6780
f 6780 6779 6777
f 6778 6093 6771
f 6110 6093 6778
f 6780 6101 6111
f 6735 6736 6733
f 6060 6057 6058
f 6735 6060 6099
f 6102 6100 6099
f 6098 6102 6099
f 6100 6102 6101
f 6098 6097 6102
f 6102 6097 6101
f 6750 6748 6751
f 6749 6754 6747
f 6747 6119 6087
f 6747 6754 6119
f 6750 6755 6754
f 6752 6750 6751
f 6756 6752 6758
f 6757 6755 6756
f 6783 6756 6758
f 6784 6783 6758
f 6120 6089 6119
f 6755 6757 6120
f 6120 6118 6089
f 6757 6130 6125
f 6786 6130 6757
f 6788 6786 6783
f 6788 6789 6793
f 6794 6788 6793
f 6794 6792 6787
f 6121 6118 6125
f 6124 6121 6125
f 6792 6134 6787
f 6130 6786 6787
f 6132 6129 6134
f 6762 6766 6829
f 6823 6762 6829
f 6824 6827 6814
f 6821 6813 6826
f 6830 6827 6824
f 6830 6829 6831
f 6832 6830 6831
f 6826 6827 6828
f 6826 6140 6821
f 6156 6140 6826
f 6828 6147 6157
f 6832 6147 6828
f 6771 6781 6764
f 6765 6764 6767
f 6781 6834 6833
f 6771 6093 6146
f 6771 6146 6781
f 6145 6148 6146
f 6110 6109 6107
f 6109 6110 6111
f 6111 6106 6109
f 6833 6831 6829
f 6831 6834 6832
f 6833 6834 6831
f 6145 6144 6148
f 6148 6144 6147
f 6795 6793 6796
f 6794 6800 6792
f 6792 6165 6134
f 6792 6800 6165
f 6795 6801 6800
f 6797 6795 6796
f 6802 6797 6804
f 6803 6801 6802
f 6836 6802 6804
f 6837 6836 6804
f 6166 6136 6165
f 6801 6803 6166
f 6166 6164 6136
f 6803 6176 6171
f 6838 6176 6803
f 6839 6838 6836
f 6841 6839 6840
f 6838 6839 6841
f 6167 6164 6171
f 6170 6167 6171
f 6175 6176 6177
f 6849 6840 6843
f 6851 6850 6849
f 6850 6840 6849
f 6850 6854 6852
f 6854 6857 6858
f 6841 6852 6177
f 6177 6852 6184
f 6192 6185 6854
f 6858 6192 6854
f 6926 6929 6917
f 6924 6916 6928
f 6931 6929 6926
f 6926 6935 6931
f 6933 6931 6932
f 6928 6929 6930
f 6928 6196 6924
f 6205 6196 6928
f 6930 6197 6206
f 6933 6197 6930
f 6197 6211 6206
f 6808 6934 6942
f 6943 6810 6809
f 6809 6810 6822
f 6822 6810 6815
f 6198 6934 6808
f 6216 6198 6808
f 6808 6226 6216
f 6227 6809 6822
f 6941 6932 6936
f 6945 6942 6941
f 6932 6934 6933
f 6942 6945 6943
f 6945 6944 6943
f 6212 6213 6211
f 6212 6198 6216
f 6212 6207 6213
f 6222 6226 6228
f 6226 6227 6228
f 6228 6223 6222
f 6817 6815 6816
f 6813 6815 6817
f 6814 6813 6817
f 6821 6140 6225
f 6229 6227 6225
f 6224 6229 6225
f 6156 6155 6153
f 6155 6156 6157
f 6157 6152 6155
f 6227 6229 6228
f 6224 6223 6229
f 6229 6223 6228
f 6179 6184 6182
f 6859 6857 6851
f 6859 6860 6857
f 6870 6860 6865
f 6859 6861 6860
f 6184 6185 6182
f 6183 6182 6185
f 6192 6191 6190
f 6858 6870 6248
f 6248 6193 6191
f 6865 6871 6870
f 6867 6865 6866
f 6872 6867 6875
f 6873 6871 6872
f 6874 6876 6883
f 6874 6873 6872
f 6883 6876 6879
f 6875 6877 6876
f 6249 6193 6248
f 6871 6873 6249
f 6249 6247 6193
f 6873 6260 6253
f 6261 6874 6883
f 6250 6247 6253
f 6252 6250 6253
f 6258 6260 6262
f 6260 6261 6262
f 6262 6259 6258
f 6879 6884 6883
f 6881 6879 6880
f 6885 6881 6887
f 6886 6884 6885
f 6888 6890 6951
f 6949 6885 6887
f 6884 6261 6883
f 6268 6263 6886
f 6886 6277 6268
f 6950 6277 6886
f 6952 6950 6949
f 6951 6952 6949
f 6952 6951 6953
f 6954 6952 6953
f 6950 6952 6954
f 6261 6263 6262
f 6263 6259 6262
f 6267 6264 6268
f 6275 6277 6278
f 6278 6276 6275
f 6955 6891 6893
f 6893 6891 6896
f 6895 6897 6904
f 6895 6894 6893
f 6904 6897 6900
f 6896 6898 6897
f 6279 6956 6894
f 6284 6279 6894
f 6894 6293 6284
f 6294 6895 6904
f 6955 6953 6951
f 6953 6956 6954
f 6955 6956 6953
f 6279 6276 6278
f 6283 6280 6284
f 6291 6293 6295
f 6293 6294 6295
f 6295 6292 6291
f 6900 6907 6904
f 6902 6900 6901
f 6908 6902 6911
f 6909 6907 6908
f 6910 6912 6925
f 6910 6909 6908
f 6925 6912 6918
f 6911 6913 6912
f 6907 6294 6904
f 6301 6296 6909
f 6909 6314 6301
f 6315 6910 6925
f 6294 6296 6295
f 6296 6292 6295
f 6300 6297 6301
f 6310 6314 6316
f 6314 6315 6316
f 6316 6311 6310
f 6920 6918 6919
f 6916 6918 6920
f 6917 6916 6920
f 6924 6196 6313
f 6317 6315 6313
f 6312 6317 6313
f 6205 6204 6202
f 6204 6205 6206
f 6315 6317 6316
f 6312 6311 6317
f 6317 6311 6316
f 6213 6207 6210
f 6211 6213 6209
f 6210 6209 6213
f 6339 6347 6341
f 6973 6974 6968
f 6973 6968 6971
f 6975 6974 6973
f 6348 6339 6346
f 6347 6339 6348
f 6358 6973 6348
f 6356 6358 6350
f 6359 6358 6356
f 6983 6984 6978
f 6983 6978 6981
f 6985 6984 6983
f 6362 6357 6360
f 6361 6357 6362
f 6372 6983 6362
f 6370 6372 6364
f 6373 6372 6370
f 6993 6994 6988
f 6993 6988 6991
f 6995 6994 6993
f 6376 6371 6374
f 6375 6371 6376
f 6384 6993 6376
f 6382 6384 6378
f 6385 6384 6382
f 6383 6385 6382
f 6410 6420 6415
f 7014 7002 6959
f 7017 6961 6962
f 6960 6961 7015
f 6963 6961 6960
f 6962 6961 6963
f 6961 7017 7015
f 6321 6325 6421
f 6959 7002 6412
f 6421 6411 6321
f 6423 6422 6327
f 6959 6421 6422
f 6330 6423 6327
f 6422 6960 6959
f 7008 7007 7006
f 7011 7002 7006
f 7006 7002 7014
f 7014 7015 7016
f 7020 7019 7017
f 6412 7002 7011
f 7012 6420 7011
f 6412 6410 6411
f 6963 6964 6962
f 7017 6962 7018
f 6962 6964 7018
f 7030 6967 6969
f 6966 6967 7028
f 6972 6967 6966
f 6969 6967 6972
f 6967 7030 7028
f 6331 6343 6425
f 6330 6424 6423
f 6965 6964 6424
f 6424 6425 6965
f 6427 6426 6345
f 6965 6425 6426
f 6426 6966 6965
f 7029 7024 7027
f 7027 7024 7018
f 7027 7028 7029
f 7032 7031 7030
f 6969 6968 6970
f 7041 6977 6979
f 6974 6977 6976
f 6979 6977 6982
f 6971 6427 6347
f 6971 6972 6427
f 6975 6359 6428
f 6982 6975 6428
f 6359 6361 6428
f 7030 7033 7032
f 7041 7042 7038
f 7043 7042 7041
f 6979 6978 6980
f 7051 6987 6989
f 6984 6987 6986
f 6989 6987 6992
f 6981 6428 6361
f 6981 6982 6428
f 6985 6373 6429
f 6992 6985 6429
f 6373 6375 6429
f 7041 7044 7043
f 7051 7052 7048
f 7053 7052 7051
f 6989 6988 6990
f 7061 6997 6998
f 6994 6997 6996
f 6998 6997 6999
f 6991 6429 6375
f 6991 6992 6429
f 6995 6385 6430
f 6999 6995 6430
f 7051 7054 7053
f 7061 7063 7058
f 7064 7063 7061
f 6999 7000 6998
f 7061 6998 7062
f 6998 7000 7062
f 7001 7073 7071
f 6390 6395 6433
f 6389 6431 6430
f 7001 7000 6431
f 6431 6433 7001
f 6432 6433 6395
f 7001 6438 7073
f 7072 7067 7071
f 7071 7067 7062
f 7074 7076 7072
f 7077 7076 7074
f 7074 7073 7075
f 6436 6438 6432
f 6438 6436 6439
f 6437 6439 6436
f 7087 7088 7082
f 7075 7086 7081
f 7089 7088 7087
f 7086 7075 6439
f 7087 7086 6441
f 6441 6437 6440
f 6450 7087 6441
f 6448 6450 6443
f 6451 6450 6448
f 6456 6457 6455
f 6456 6449 6452
f 6455 6449 6456
f 6456 6454 6457
f 6452 6454 6456
f 6477 6487 6482
f 7108 7096 7003
f 7111 7005 7009
f 7004 7005 7109
f 7013 7005 7004
f 7009 7005 7013
f 7005 7111 7109
f 6402 6417 6488
f 7003 7096 6479
f 6488 6478 6402
f 6490 6489 6419
f 7003 6488 6489
f 6489 7004 7003
f 7102 7101 7100
f 7105 7096 7100
f 7100 7096 7108
f 7108 7109 7110
f 7113 7112 7111
f 6479 7096 7105
f 7106 6487 7105
f 6479 6477 6478
f 7009 7007 7010
f 7007 7008 7010
f 7012 6490 6420
f 7012 7013 6490
f 7111 7114 7113
f 7077 7083 7084
f 7083 7077 7081
f 7082 7083 7081
f 7084 7083 7085
f 7083 7082 7085
f 7142 7091 7092
f 7088 7091 7090
f 7092 7091 7093
f 7089 6451 6491
f 7093 7089 6491
f 6451 6455 6491
f 7142 7144 7139
f 7145 7144 7142
f 7093 7094 7092
f 7142 7092 7143
f 7092 7094 7143
f 7095 7155 7154
f 7095 7094 6492
f 6492 6457 6494
f 6492 6494 7095
f 6493 6494 6462
f 7095 6499 7155
f 7156 7158 7150
f 7154 7149 7143
f 7155 7156 7154
f 7159 7157 7162
f 7159 7158 7156
f 6497 6499 6493
f 6499 6497 6500
f 6498 6500 6497
f 7157 7164 7162
f 7165 7162 7164
f 7164 7157 6500
f 6503 6498 6501
f 6503 6502 6504
f 6501 6502 6503
f 6525 6535 6531
f 7179 7168 7097
f 7182 7099 7103
f 7098 7099 7180
f 7107 7099 7098
f 7103 7099 7107
f 7099 7182 7180
f 6469 6484 6536
f 7097 7168 6527
f 6536 6526 6469
f 6538 6537 6486
f 7097 6536 6537
f 6537 7098 7097
f 7173 7172 7171
f 7176 7168 7171
f 7171 7168 7179
f 7179 7180 7181
f 7184 7183 7182
f 6527 7168 7176
f 7177 6535 7176
f 6527 6525 6526
f 7103 7101 7104
f 7101 7102 7104
f 7106 6538 6487
f 7106 7107 6538
f 7182 7185 7184
f 7150 7158 7160
f 7207 7161 7163
f 7158 7161 7160
f 7159 7161 7158
f 7207 7209 7204
f 7210 7209 7207
f 7207 7163 7208
f 7163 7166 7208
f 7167 7219 7218
f 7165 6504 6539
f 7165 6539 7166
f 7167 7166 6539
f 6539 6504 6540
f 6539 6540 7167
f 6545 6544 6513
f 7167 6540 6544
f 6547 6544 6545
f 6516 6545 6513
f 7220 7222 7214
f 7218 7213 7208
f 7219 7220 7218
f 7223 7221 7226
f 7223 7222 7220
f 7221 7219 6547
f 6516 6546 6545
f 6545 6546 6547
f 6548 6547 6546
f 6516 6543 6546
f 6543 6548 6546
f 7221 7228 7226
f 7229 7226 7228
f 6548 6552 7228
f 6552 6551 6553
f 6549 6551 6552
f 7234 7170 7174
f 7169 7170 7231
f 7178 7170 7169
f 7231 7232 7169
f 7174 7170 7178
f 7170 7234 7231
f 6534 6571 6569
f 6572 6571 6534
f 6571 6573 6569
f 7235 7232 7231
f 7234 7235 7231
f 7242 7235 7241
f 7242 7239 7233
f 6576 6563 6575
f 6575 6563 6570
f 7233 6575 6573
f 6573 7232 7233
f 7174 7172 7175
f 7172 7173 7175
f 7177 6572 6535
f 7177 7178 6572
f 7234 7237 7236
f 7214 7222 7224
f 7259 7225 7227
f 7222 7225 7224
f 7223 7225 7222
f 7259 7263 7256
f 7264 7260 7269
f 7259 7227 7261
f 7227 7230 7261
f 7230 7262 7261
f 7229 6553 6577
f 7229 6577 7230
f 6577 6553 6585
f 6583 6585 6559
f 6583 6586 6585
f 7261 7260 7259
f 7261 7262 7260
f 7272 7269 7271
f 7271 7262 6578
f 6580 6578 6586
f 6578 6580 7271
f 6580 6579 6581
f 6586 6583 6584
f 7240 7243 7274
f 7274 7275 7240
f 7241 7243 7242
f 7243 7277 7274
f 6604 6596 6564
f 6605 6596 6604
f 6576 6606 6604
f 7239 6606 6576
f 7239 7240 6606
f 7278 7275 7274
f 7277 7278 7274
f 7286 7278 7285
f 7286 7283 7276
f 6597 6596 6605
f 6610 6600 6609
f 6605 6607 6609
f 7276 6609 6607
f 6607 7275 7276
f 7277 7244 7280
f 7277 7280 7279
f 7270 7264 7269
f 7295 7265 7298
f 7298 7302 7295
f 7303 7299 7308
f 7298 7270 7300
f 7270 7273 7300
f 7273 7301 7300
f 7272 6581 6611
f 7272 6611 7273
f 6611 6581 6619
f 6617 6619 6593
f 6617 6620 6619
f 7300 7299 7298
f 7300 7301 7299
f 7311 7308 7310
f 7310 7301 6612
f 6614 6612 6620
f 6612 6614 7310
f 6614 6613 6615
f 6620 6617 6618
f 7288 7287 7285
f 7284 7287 7313
f 7313 7315 7284
f 7285 7287 7286
f 6638 6630 6601
f 6639 6630 6638
f 6610 6640 6638
f 7283 6640 6610
f 7283 7284 6640
f 7317 7315 7313
f 7317 7318 7326
f 7327 7317 7326
f 7327 7324 7316
f 6631 6630 6639
f 6644 6634 6643
f 6639 6641 6643
f 7316 6643 6641
f 6641 7315 7316
f 7309 7303 7308
f 7336 7304 7339
f 7339 7343 7336
f 7344 7340 7349
f 7339 7309 7341
f 7309 7312 7341
f 7312 7342 7341
f 7311 6615 6645
f 7311 6645 7312
f 6645 6615 6653
f 6651 6653 6627
f 6651 6654 6653
f 7341 7340 7339
f 7341 7342 7340
f 7352 7349 7351
f 7351 7342 6646
f 6648 6646 6654
f 6646 6648 7351
f 6648 6647 6649
f 6654 6651 6652
f 7325 7328 7354
f 7354 7355 7325
f 7326 7328 7327
f 7328 7357 7354
f 6672 6664 6635
f 6673 6664 6672
f 6644 6674 6672
f 7324 6674 6644
f 7324 7325 6674
f 7358 7355 7354
f 7357 7358 7354
f 7366 7358 7365
f 7366 7363 7356
f 6665 6664 6673
f 6678 6668 6677
f 6673 6675 6677
f 7356 6677 6675
f 6675 7355 7356
f 7357 7329 7360
f 7357 7360 7359
f 7350 7344 7349
f 7377 7345 7382
f 7381 7387 7373
f 7378 7381 7373
f 7383 7381 7378
f 7383 7382 7384
f 7390 7387 7381
f 7390 7381 7383
f 7382 7350 7385
f 7350 7353 7385
f 7353 7386 7385
f 7352 6649 6679
f 7352 6679 7353
f 6679 6649 6688
f 6686 6688 6661
f 6686 6689 6688
f 7385 7384 7382
f 7385 7386 7384
f 7393 7391 7392
f 7392 7386 6680
f 6683 6680 6689
f 6680 6683 7392
f 6683 6681 6684
f 6689 6686 6687
f 7364 7367 7395
f 7395 7396 7364
f 7365 7367 7366
f 7367 7398 7395
f 6707 6700 6669
f 6708 6700 6707
f 6678 6709 6707
f 7363 6709 6678
f 7363 7364 6709
f 7399 7396 7395
f 7398 7399 7395
f 7406 7399 7405
f 7406 7404 7397
f 6701 6700 6708
f 6716 6704 6715
f 6708 6710 6715
f 7397 6715 6710
f 6710 7396 7397
f 7398 7368 7401
f 7398 7401 7400
f 7422 7416 7414
f 7422 7414 7425
f 7415 7417 7374
f 7415 7374 7388
f 7415 7388 7429
f 7387 7389 7388
f 7394 7390 7391
f 6724 7389 7394
f 6724 7430 7389
f 7432 7431 7426
f 7429 7432 7426
f 7414 7426 7425
f 7430 7432 7429
f 7431 7432 7433
f 7433 7432 7430
f 7431 6717 7428
f 6731 6717 7431
f 7433 6725 6732
f 7393 7394 7391
f 6684 6681 6682
f 7393 6684 6723
f 6726 6724 6723
f 6722 6726 6723
f 6724 6726 6725
f 6722 6721 6726
f 6726 6721 6725
f 7407 7405 7408
f 7406 7411 7404
f 6714 6704 6716
f 7404 6743 6716
f 6743 6744 6738
f 6745 6744 6743
f 6738 6744 6742
f 6742 6744 6746
f 6744 6745 6746
f 7407 7412 7411
f 7435 7412 7407
f 7435 7436 7412
f 7412 6745 7411
f 7412 7436 6745
f 7441 7440 7439
f 7438 7435 7437
f 7441 7439 7438
f 7442 7436 7439
f 7443 6753 7442
f 6746 7442 6753
f 7427 7422 7425
f 7467 7423 7472
f 7470 7479 7462
f 7468 7470 7462
f 7473 7470 7468
f 7473 7472 7474
f 7475 7473 7474
f 7480 7471 6763
f 7471 6760 6763
f 7475 6760 7471
f 6760 6768 6763
f 7472 7427 7476
f 7427 7434 7476
f 7434 7477 7476
f 6731 6775 6717
f 7428 6717 6759
f 7428 6759 7434
f 6759 6717 6775
f 6730 6731 6732
f 6773 6776 6775
f 6732 6728 6730
f 7476 7474 7472
f 7474 7477 7475
f 7476 7477 7474
f 6769 6770 6768
f 6769 6761 6776
f 6769 6765 6770
f 6776 6773 6774
f 6748 6753 6751
f 7440 7450 7443
f 7451 7450 7440
f 7452 7450 7451
f 7454 7458 7486
f 7484 7451 7453
f 6758 6752 6785
f 7450 6782 7443
f 7450 7452 6782
f 6782 7452 6785
f 6784 6758 6785
f 7485 6790 7452
f 7487 7485 7484
f 7486 7487 7484
f 7487 7486 7488
f 7489 7487 7488
f 7485 7487 7489
f 6784 6790 6789
f 6789 6790 6791
f 7486 7458 7490
f 7494 7493 7492
f 7493 7488 7492
f 7493 7497 7495
f 7497 7501 7502
f 7489 7495 6791
f 6791 7495 6798
f 6805 6799 7497
f 7502 6805 7497
f 7461 7463 7555
f 7550 7461 7555
f 7553 7563 7542
f 7551 7553 7542
f 7556 7553 7551
f 7556 7555 7557
f 7558 7556 7557
f 7564 7554 6812
f 7554 6806 6812
f 7558 6806 7554
f 6806 6818 6812
f 7559 7464 7481
f 7479 7483 7481
f 7483 7479 7480
f 7483 7482 7481
f 6807 7560 7482
f 6825 6807 7482
f 6823 6835 6762
f 6835 7483 7480
f 6835 7482 7483
f 7559 7557 7555
f 7557 7560 7558
f 7559 7560 7557
f 6819 6820 6818
f 6819 6807 6825
f 6819 6814 6820
f 6825 6823 6824
f 6770 6765 6767
f 6768 6770 6766
f 6767 6766 6770
f 6793 6798 6796
f 7503 7501 7494
f 7503 7504 7501
f 7514 7504 7509
f 7503 7505 7504
f 6798 6799 6796
f 6797 6796 6799
f 7502 6844 6805
f 6844 6845 6837
f 6846 6845 6844
f 6837 6845 6842
f 6842 6845 6847
f 6845 6846 6847
f 6847 6843 6842
f 7509 7515 7514
f 7511 7509 7510
f 7516 7511 7518
f 7517 7515 7516
f 7519 7521 7571
f 7569 7516 7518
f 7515 6846 7514
f 6853 6848 7517
f 7517 6855 6853
f 7570 6855 7517
f 7572 7570 7569
f 7571 7572 7569
f 7572 7571 7573
f 7574 7572 7573
f 7570 7572 7574
f 6846 6848 6847
f 6848 6843 6847
f 6863 6851 6862
f 6864 6863 6862
f 6853 6855 6862
f 6856 6868 6864
f 7571 7521 7575
f 7523 7525 7586
f 7580 7523 7586
f 7585 7584 7578
f 7578 7573 7577
f 7578 7584 7579
f 7587 7585 7581
f 7587 7586 7588
f 7592 7585 7587
f 7574 7579 6856
f 6856 7579 6868
f 6878 6869 7584
f 7591 6878 7584
f 7586 7525 7589
f 7602 7601 7595
f 7588 7595 7593
f 7595 7588 7594
f 7603 7602 7598
f 7598 7605 7603
f 7613 7602 7603
f 7601 6882 7596
f 6889 6882 7601
f 7612 6889 7601
f 7622 7621 7616
f 7615 7604 7606
f 7604 7616 7614
f 7616 7604 7615
f 7623 7622 7619
f 7619 7625 7623
f 7632 7622 7623
f 7621 6892 7617
f 6899 6892 7621
f 7631 6899 7621
f 7528 7529 7644
f 7638 7528 7644
f 7642 7641 7635
f 7634 7624 7626
f 7624 7635 7633
f 7635 7624 7634
f 7645 7642 7639
f 7645 7644 7646
f 7647 7645 7646
f 7641 7642 7643
f 7641 6903 7636
f 6914 6903 7641
f 7643 6905 6915
f 7647 6905 7643
f 6905 6921 6915
f 7648 7530 7534
f 7534 7530 7537
f 7536 7538 7549
f 7536 7535 7534
f 7549 7538 7543
f 7537 7539 7538
f 6906 7649 7535
f 6927 6906 7535
f 7535 6937 6927
f 6938 7536 7549
f 7648 7646 7644
f 7646 7649 7647
f 7648 7649 7646
f 6922 6923 6921
f 6922 6906 6927
f 6922 6917 6923
f 6935 6937 6939
f 6937 6938 6939
f 6939 6936 6935
f 7543 7565 7549
f 7545 7543 7544
f 7567 7565 7566
f 7563 7568 7566
f 7568 7563 7564
f 7568 7567 7566
f 7565 6938 7549
f 6946 6940 7567
f 6944 6947 6811
f 6947 7568 7564
f 6947 7567 7568
f 6938 6940 6939
f 6940 6936 6939
f 6945 6941 6946
f 6946 6944 6945
f 6820 6814 6817
f 6818 6820 6816
f 6817 6816 6820
f 6859 6851 6863
f 6863 6861 6859
f 6861 6863 6864
f 7592 7597 7591
f 7597 7592 7593
f 6868 6869 6866
f 6867 6866 6869
f 6878 6877 6875
f 7591 7597 6948
f 6948 6880 6877
f 7596 7597 7593
f 7613 7618 7612
f 7618 7613 7614
f 7596 6948 7597
f 6881 6880 6882
f 6889 6888 6887
f 7612 7618 6957
f 6957 6890 6888
f 7617 7618 7614
f 7632 7637 7631
f 7637 7632 7633
f 7617 6957 7618
f 6891 6890 6892
f 6899 6898 6896
f 7631 7637 6958
f 6958 6901 6898
f 7636 7637 7633
f 7636 6958 7637
f 6902 6901 6903
f 6914 6913 6911
f 6913 6914 6915
f 6923 6917 6920
f 6921 6923 6919
f 6920 6919 6923
f 7022 7008 7021
f 7021 7008 7016
f 7023 7022 7021
f 7019 7021 7016
f 7023 7021 7019
f 7654 7655 7652
f 7654 7652 7653
f 7656 7655 7654
f 7026 7020 7024
f 7025 7020 7026
f 7034 7654 7026
f 7031 7034 7029
f 7035 7034 7031
f 6970 6976 7039
f 7039 7033 6970
f 7040 7033 7039
f 7038 7039 6976
f 7038 7040 7039
f 7664 7667 7660
f 7664 7660 7662
f 7669 7666 7671
f 7669 7665 7666
f 7036 7032 7037
f 7046 7664 7037
f 7037 7040 7046
f 7664 7046 7665
f 7666 7665 7045
f 7043 7045 7042
f 6980 6986 7049
f 7049 7044 6980
f 7050 7044 7049
f 7048 7049 6986
f 7048 7050 7049
f 7675 7678 7672
f 7666 7674 7671
f 7680 7677 7682
f 7680 7676 7677
f 7674 7666 7045
f 7675 7674 7047
f 7056 7675 7047
f 7047 7050 7056
f 7675 7056 7676
f 7677 7676 7055
f 7053 7055 7052
f 6990 6996 7059
f 7059 7054 6990
f 7060 7054 7059
f 7058 7059 6996
f 7058 7060 7059
f 7686 7687 7683
f 7677 7685 7682
f 7688 7687 7686
f 7685 7677 7055
f 7686 7685 7057
f 7065 7686 7057
f 7057 7060 7065
f 7066 7065 7063
f 7069 7070 7068
f 7069 7064 7067
f 7068 7064 7069
f 7080 7079 7078
f 7076 7078 7072
f 7080 7078 7076
f 7077 7080 7076
f 7116 7102 7115
f 7115 7102 7110
f 7117 7116 7115
f 7112 7115 7110
f 7117 7115 7112
f 7120 7114 7010
f 7121 7114 7120
f 7022 7122 7120
f 7125 7122 7123
f 7023 7025 7123
f 7125 7124 7122
f 7695 7699 7693
f 7695 7693 7694
f 7703 7697 7704
f 7703 7696 7697
f 7118 7113 7119
f 7126 7695 7119
f 7119 7121 7126
f 7695 7126 7696
f 7121 7124 7126
f 7696 7126 7124
f 7652 7657 7653
f 7658 7657 7652
f 7652 7655 7658
f 7711 7659 7661
f 7708 7658 7709
f 7661 7659 7663
f 7659 7711 7709
f 7653 7123 7025
f 7657 7698 7125
f 7656 7035 7127
f 7663 7656 7127
f 7035 7036 7127
f 7708 7710 7705
f 7705 7698 7708
f 7705 7706 7704
f 7711 7712 7709
f 7712 7711 7713
f 7718 7715 7710
f 7718 7710 7712
f 7125 7698 7697
f 7711 7661 7714
f 7660 7667 7668
f 7714 7668 7726
f 7729 7670 7673
f 7669 7670 7667
f 7726 7668 7727
f 7670 7729 7727
f 7662 7127 7036
f 7662 7663 7127
f 7723 7722 7721
f 7714 7713 7711
f 7713 7721 7720
f 7721 7722 7720
f 7726 7727 7728
f 7732 7731 7729
f 7672 7673 7671
f 7729 7673 7730
f 7672 7678 7679
f 7730 7679 7740
f 7743 7681 7684
f 7680 7681 7678
f 7740 7679 7741
f 7681 7743 7741
f 7742 7736 7740
f 7740 7736 7730
f 7740 7741 7742
f 7746 7745 7743
f 7683 7684 7682
f 7743 7684 7744
f 7683 7687 7689
f 7744 7689 7755
f 7687 7690 7689
f 7690 7687 7688
f 7688 7066 7128
f 7066 7068 7128
f 7130 7756 7690
f 7757 7760 7751
f 7755 7750 7744
f 7756 7757 7755
f 7761 7758 7764
f 7761 7760 7757
f 7758 7756 7130
f 7768 7759 7691
f 7691 7769 7768
f 7079 7131 7070
f 7128 7129 7130
f 7129 7070 7131
f 7129 7131 7691
f 7079 7132 7131
f 7691 7131 7132
f 7135 7132 7133
f 7768 7770 7765
f 7765 7759 7768
f 7765 7766 7764
f 7769 7770 7768
f 7774 7771 7776
f 7774 7772 7770
f 7130 7759 7758
f 7771 7769 7135
f 7085 7090 7140
f 7084 7134 7133
f 7133 7134 7135
f 7136 7135 7134
f 7139 7140 7090
f 7139 7141 7140
f 7771 7778 7776
f 7779 7776 7778
f 7137 7136 7141
f 7136 7137 7778
f 7137 7141 7146
f 7148 7147 7146
f 7148 7146 7144
f 7152 7153 7151
f 7152 7145 7149
f 7151 7145 7152
f 7152 7150 7153
f 7149 7150 7152
f 7188 7173 7187
f 7187 7173 7181
f 7189 7188 7187
f 7183 7187 7181
f 7189 7187 7183
f 7788 7782 7692
f 7692 7789 7788
f 7692 7782 7186
f 7191 7185 7104
f 7116 7192 7191
f 7692 7191 7192
f 7194 7192 7193
f 7117 7118 7193
f 7788 7790 7784
f 7786 7782 7784
f 7784 7782 7788
f 7789 7790 7788
f 7796 7791 7798
f 7796 7793 7790
f 7186 7782 7786
f 7787 7190 7786
f 7186 7184 7185
f 7791 7789 7194
f 7693 7700 7694
f 7701 7700 7693
f 7693 7699 7701
f 7699 7702 7701
f 7707 7703 7704
f 7694 7193 7118
f 7700 7792 7194
f 7195 7702 7707
f 7195 7803 7702
f 7802 7804 7799
f 7799 7792 7802
f 7799 7800 7798
f 7803 7804 7802
f 7809 7805 7811
f 7809 7807 7804
f 7194 7792 7791
f 7805 7803 7195
f 7717 7716 7706
f 7706 7715 7717
f 7818 7719 7724
f 7718 7719 7715
f 7815 7717 7816
f 7719 7818 7816
f 7716 7195 7707
f 7716 7806 7195
f 7815 7817 7812
f 7812 7806 7815
f 7812 7813 7811
f 7818 7819 7816
f 7825 7819 7824
f 7825 7822 7817
f 7825 7817 7819
f 7195 7806 7805
f 7722 7724 7720
f 7724 7722 7725
f 7722 7723 7725
f 7818 7821 7820
f 7751 7760 7762
f 7868 7763 7767
f 7760 7763 7762
f 7761 7763 7760
f 7868 7870 7865
f 7871 7870 7868
f 7766 7767 7764
f 7868 7767 7869
f 7766 7772 7773
f 7869 7773 7881
f 7884 7775 7777
f 7774 7775 7772
f 7881 7773 7882
f 7775 7884 7882
f 7883 7876 7881
f 7881 7876 7869
f 7881 7882 7883
f 7888 7885 7893
f 7884 7777 7886
f 7777 7780 7886
f 7781 7899 7898
f 7147 7197 7138
f 7779 7138 7196
f 7779 7196 7780
f 7781 7780 7196
f 7196 7138 7197
f 7196 7197 7781
f 7147 7198 7197
f 7781 7197 7198
f 7201 7198 7199
f 7148 7151 7199
f 7886 7885 7884
f 7898 7900 7894
f 7885 7894 7893
f 7894 7895 7893
f 7899 7900 7898
f 7903 7901 7906
f 7903 7902 7900
f 7901 7899 7201
f 7199 7200 7201
f 7202 7201 7200
f 7200 7153 7205
f 7204 7205 7160
f 7204 7206 7205
f 7910 7911 7907
f 7901 7909 7906
f 7912 7911 7910
f 7910 7909 7203
f 7203 7202 7206
f 7202 7203 7909
f 7211 7910 7203
f 7203 7206 7211
f 7212 7211 7209
f 7216 7217 7215
f 7216 7210 7213
f 7215 7210 7216
f 7216 7214 7217
f 7213 7214 7216
f 7236 7245 7241
f 7920 7915 7783
f 7783 7921 7920
f 7783 7915 7238
f 7246 7237 7175
f 7188 7247 7246
f 7783 7246 7247
f 7249 7247 7248
f 7189 7190 7248
f 7920 7922 7916
f 7918 7915 7916
f 7916 7915 7920
f 7921 7922 7920
f 7928 7923 7930
f 7928 7925 7922
f 7238 7915 7918
f 7919 7245 7918
f 7238 7236 7237
f 7923 7921 7249
f 7785 7794 7787
f 7795 7794 7785
f 7785 7793 7795
f 7939 7797 7801
f 7796 7797 7793
f 7936 7795 7937
f 7797 7939 7937
f 7787 7248 7190
f 7794 7924 7249
f 7933 7932 7931
f 7931 7924 7936
f 7931 7932 7930
f 7936 7937 7938
f 7943 7940 7948
f 7249 7924 7923
f 7800 7801 7798
f 7939 7801 7941
f 7800 7807 7808
f 7941 7808 7953
f 7956 7810 7814
f 7809 7810 7807
f 7953 7808 7954
f 7810 7956 7954
f 7941 7940 7939
f 7953 7955 7949
f 7940 7949 7948
f 7949 7950 7948
f 7956 7957 7954
f 7957 7956 7958
f 7961 7960 7955
f 7961 7955 7957
f 7813 7814 7811
f 7956 7814 7959
f 7813 7822 7823
f 7959 7823 7968
f 7825 7826 7822
f 7968 7823 7969
f 7824 7826 7825
f 7826 7971 7969
f 7959 7958 7956
f 7968 7970 7965
f 7958 7965 7964
f 7965 7966 7964
f 7971 7972 7969
f 7972 7971 7973
f 7977 7975 7970
f 7977 7970 7972
f 7971 7827 7974
f 7840 7844 7988
f 7985 7840 7988
f 7983 7982 7981
f 7983 7981 7980
f 7973 7981 7979
f 7981 7973 7980
f 7981 7982 7979
f 7988 7989 7985
f 7990 7989 7988
f 7988 7844 7991
f 7857 7861 8006
f 8003 7857 8006
f 7988 7991 7990
f 8006 8007 8003
f 8008 8007 8006
f 8006 7861 8009
f 7872 7877 8023
f 8020 7872 8023
f 8006 8009 8008
f 8023 8024 8020
f 8025 8024 8023
f 8023 7877 8026
f 7896 7888 7893
f 8035 7889 8038
f 8023 8026 8025
f 8038 8039 8035
f 8040 8039 8038
f 7895 7896 7893
f 7896 7895 7897
f 8051 7905 7908
f 7902 7905 7904
f 7903 7905 7902
f 8038 8041 8040
f 8051 8054 8048
f 8055 8052 8060
f 7907 7908 7906
f 8051 7908 8053
f 7907 7911 7913
f 8053 7913 8064
f 7911 7914 7913
f 7914 7911 7912
f 7912 7212 7250
f 7212 7215 7250
f 7252 8065 7914
f 8053 8052 8051
f 8064 8066 8061
f 8052 8061 8060
f 8061 8062 8060
f 8065 8066 8064
f 8071 8067 8072
f 8071 8068 8066
f 8067 8065 7252
f 7250 7251 7252
f 7253 7252 7251
f 7251 7217 7257
f 7256 7257 7224
f 7256 7258 7257
f 8067 8073 8072
f 8074 8072 8073
f 7254 7253 7258
f 7253 7254 8073
f 7254 7258 7266
f 7268 7267 7266
f 7268 7266 7263
f 7264 7268 7263
f 7241 7245 7244
f 7279 7289 7285
f 7917 7926 7919
f 7927 7926 7917
f 7917 7925 7927
f 8084 7929 7934
f 7928 7929 7925
f 8081 7927 8082
f 7929 8084 8082
f 7926 7281 7919
f 7281 7280 7244
f 7281 7282 7280
f 8081 8083 8077
f 8079 8076 8077
f 8077 8076 8081
f 8084 8085 8082
f 8092 8085 8091
f 8092 8088 8083
f 8092 8083 8085
f 7282 8076 8079
f 8080 7289 8079
f 7282 7279 7280
f 7932 7934 7930
f 7934 7932 7935
f 7932 7933 7935
f 7951 7943 7948
f 8098 7944 8101
f 8084 8087 8086
f 8101 8102 8098
f 8103 8102 8101
f 7950 7951 7948
f 7951 7950 7952
f 8116 7963 7967
f 7960 7963 7962
f 7961 7963 7960
f 8101 8104 8103
f 8116 8118 8113
f 8119 8118 8116
f 7966 7967 7964
f 8116 7967 8117
f 7966 7975 7976
f 8117 7976 8129
f 8132 7978 7984
f 7977 7978 7975
f 8129 7976 8130
f 7978 8132 8130
f 8131 8124 8129
f 8129 8124 8117
f 8129 8130 8131
f 8136 8133 8141
f 7982 7984 7979
f 8132 7984 8134
f 8134 7992 8146
f 7994 7998 8149
f 8147 7992 7993
f 8146 7992 8147
f 8134 8133 8132
f 8146 8148 8142
f 8133 8142 8141
f 8142 8143 8141
f 8149 8150 8147
f 8150 8149 8151
f 8154 8153 8148
f 8154 8148 8150
f 8152 7999 8010
f 8010 7999 8011
f 8152 8010 8161
f 8012 8016 8164
f 8162 8010 8011
f 8161 8010 8162
f 8152 8151 8149
f 8161 8163 8158
f 8151 8158 8157
f 8158 8159 8157
f 8164 8165 8162
f 8171 8165 8170
f 8171 8168 8163
f 8171 8163 8165
f 8164 8016 8167
f 8027 8031 8181
f 8178 8027 8181
f 8164 8167 8166
f 8181 8182 8178
f 8183 8182 8181
f 8181 8031 8184
f 8181 8184 8183
f 8063 8055 8060
f 8215 8056 8218
f 8218 8220 8215
f 8221 8220 8218
f 8062 8063 8060
f 8218 8063 8219
f 8062 8068 8069
f 8219 8069 8233
f 8068 8070 8069
f 8075 8071 8072
f 7291 8070 8075
f 7291 8234 8070
f 8235 8237 8227
f 8233 8226 8219
f 8234 8235 8233
f 8240 8236 8241
f 8240 8237 8235
f 8236 8234 7291
f 8074 8075 8072
f 7267 7296 7255
f 8074 7255 7290
f 7292 7291 7290
f 7290 7255 7296
f 7265 7267 7268
f 7295 7297 7296
f 7268 7264 7265
f 8236 8242 8241
f 8243 8241 8242
f 7293 7292 7297
f 7292 7293 8242
f 7293 7297 7305
f 7307 7306 7305
f 7307 7305 7302
f 7303 7307 7302
f 7288 7319 7314
f 7320 7319 7288
f 7319 7321 7314
f 7322 7319 7320
f 7322 7321 7319
f 7314 7321 7318
f 7318 7321 7323
f 7321 7322 7323
f 8078 8089 8080
f 8090 8089 8078
f 8078 8088 8090
f 8092 8093 8088
f 8250 8090 8251
f 8091 8093 8092
f 8093 8253 8251
f 8080 7320 7289
f 8089 8245 7322
f 8250 8252 8246
f 8248 8245 8246
f 8246 8245 8250
f 8253 8254 8251
f 8261 8254 8260
f 8261 8257 8252
f 8261 8252 8254
f 8249 7330 8248
f 7323 8248 7330
f 8253 8094 8256
f 8105 8109 8270
f 8267 8105 8270
f 8253 8256 8255
f 8270 8271 8267
f 8272 8271 8270
f 8270 8109 8273
f 8120 8125 8283
f 8280 8120 8283
f 8270 8273 8272
f 8283 8284 8280
f 8285 8284 8283
f 8283 8125 8286
f 8144 8136 8141
f 8293 8137 8296
f 8283 8286 8285
f 8296 8297 8293
f 8298 8297 8296
f 8143 8144 8141
f 8144 8143 8145
f 8314 8156 8160
f 8153 8156 8155
f 8154 8156 8153
f 8313 8318 8304
f 8296 8299 8298
f 8310 8313 8304
f 8315 8313 8310
f 8315 8314 8316
f 8319 8318 8313
f 8319 8313 8315
f 8159 8160 8157
f 8314 8160 8317
f 8159 8168 8169
f 8317 8169 8326
f 8171 8172 8168
f 8326 8169 8327
f 8170 8172 8171
f 8172 8329 8327
f 8317 8316 8314
f 8326 8328 8323
f 8316 8323 8322
f 8323 8324 8322
f 8329 8330 8327
f 8330 8329 8331
f 8335 8333 8328
f 8335 8328 8330
f 8332 8174 8185
f 8185 8174 8186
f 8332 8185 8341
f 8187 8191 8344
f 8342 8185 8186
f 8341 8185 8342
f 8332 8331 8329
f 8341 8343 8338
f 8331 8338 8337
f 8338 8339 8337
f 8344 8345 8342
f 8345 8344 8346
f 8350 8348 8343
f 8350 8343 8345
f 8347 8192 8205
f 8205 8192 8206
f 8347 8205 8356
f 8207 8211 8359
f 8357 8205 8206
f 8356 8205 8357
f 8347 8346 8344
f 8356 8358 8353
f 8346 8353 8352
f 8353 8354 8352
f 8359 8360 8357
f 8360 8359 8361
f 8365 8363 8358
f 8365 8358 8360
f 8359 8211 8362
f 8222 8228 8377
f 8374 8222 8377
f 8371 8370 8369
f 8371 8369 8368
f 8361 8369 8367
f 8369 8361 8368
f 8369 8370 8367
f 8377 8379 8374
f 8380 8379 8377
f 8378 8229 8238
f 8378 8238 8391
f 8237 8239 8238
f 8244 8240 8241
f 7332 8239 8244
f 7332 8392 8239
f 8393 8395 8386
f 8391 8385 8378
f 8392 8393 8391
f 8397 8394 8399
f 8397 8395 8393
f 8394 8392 7332
f 8243 8244 8241
f 7306 7337 7294
f 8243 7294 7331
f 7333 7332 7331
f 7331 7294 7337
f 7304 7306 7307
f 7336 7338 7337
f 7307 7303 7304
f 8394 8400 8399
f 8401 8399 8400
f 7334 7333 7338
f 7333 7334 8400
f 7334 7338 7346
f 7348 7347 7346
f 7348 7346 7343
f 7344 7348 7343
f 7326 7330 7329
f 7359 7369 7365
f 8247 8258 8249
f 8259 8258 8247
f 8247 8257 8259
f 8261 8262 8257
f 8408 8259 8409
f 8260 8262 8261
f 8262 8411 8409
f 8258 7361 8249
f 7361 7360 7329
f 7361 7362 7360
f 8408 8410 8404
f 8406 8403 8404
f 8404 8403 8408
f 8411 8412 8409
f 8419 8412 8418
f 8419 8415 8410
f 8419 8410 8412
f 7362 8403 8406
f 8407 7369 8406
f 7362 7359 7360
f 8411 8263 8414
f 8411 8414 8413
f 8300 8305 8448
f 8445 8300 8448
f 8448 8449 8445
f 8450 8449 8448
f 8448 8305 8451
f 8304 8318 8320
f 8461 8321 8325
f 8318 8321 8320
f 8319 8321 8318
f 8448 8451 8450
f 8461 8464 8458
f 8465 8462 8470
f 8324 8325 8322
f 8461 8325 8463
f 8324 8333 8334
f 8463 8334 8474
f 8477 8336 8340
f 8335 8336 8333
f 8474 8334 8475
f 8336 8477 8475
f 8463 8462 8461
f 8474 8476 8471
f 8462 8471 8470
f 8471 8472 8470
f 8477 8478 8475
f 8478 8477 8479
f 8483 8481 8476
f 8483 8476 8478
f 8339 8340 8337
f 8477 8340 8480
f 8339 8348 8349
f 8480 8349 8489
f 8492 8351 8355
f 8350 8351 8348
f 8489 8349 8490
f 8351 8492 8490
f 8480 8479 8477
f 8489 8491 8486
f 8479 8486 8485
f 8486 8487 8485
f 8492 8493 8490
f 8499 8493 8498
f 8499 8496 8491
f 8499 8491 8493
f 8354 8355 8352
f 8492 8355 8494
f 8354 8363 8364
f 8494 8364 8506
f 8509 8366 8372
f 8365 8366 8363
f 8506 8364 8507
f 8366 8509 8507
f 8508 8501 8506
f 8506 8501 8494
f 8506 8507 8508
f 8511 8510 8509
f 8370 8372 8367
f 8372 8370 8373
f 8370 8371 8373
f 8381 8387 8524
f 8521 8381 8524
f 8509 8512 8511
f 8524 8526 8521
f 8528 8525 8533
f 8524 8387 8527
f 8386 8395 8398
f 8396 8543 8538
f 8402 8397 8399
f 8539 8398 8538
f 7371 8396 8402
f 7371 8543 8396
f 8525 8535 8533
f 8535 8525 8534
f 8535 8536 8533
f 8540 8539 8538
f 8549 8545 8550
f 8549 8546 8544
f 8545 8543 7371
f 8401 8402 8399
f 7347 7379 7335
f 8401 7335 7370
f 7372 7371 7370
f 7370 7335 7379
f 7345 7347 7348
f 7377 7380 7379
f 7348 7344 7345
f 8545 8551 8550
f 8552 8550 8551
f 7375 7372 7380
f 7372 7375 8551
f 7375 7373 7376
f 7380 7377 7378
f 7365 7369 7368
f 7400 7409 7405
f 8405 8416 8407
f 8417 8416 8405
f 8405 8415 8417
f 8419 8420 8415
f 8557 8417 8558
f 8418 8420 8419
f 8420 8561 8558
f 8416 7402 8407
f 7402 7401 7368
f 7402 7403 7401
f 8560 8559 8555
f 8557 8560 8555
f 8556 8554 8555
f 8555 8554 8557
f 8555 8559 8556
f 8561 8562 8558
f 8562 8561 8563
f 8566 8560 8562
f 7403 8554 8556
f 7403 7400 7401
f 7413 7410 8559
f 8565 7413 8559
f 8561 8421 8564
f 8571 8570 8569
f 8571 8569 8568
f 8563 8569 8567
f 8569 8563 8568
f 8569 8570 8567
f 8473 8465 8470
f 8615 8466 8618
f 8618 8620 8615
f 8621 8620 8618
f 8472 8473 8470
f 8618 8473 8619
f 8472 8481 8482
f 8619 8482 8630
f 8633 8484 8488
f 8483 8484 8481
f 8630 8482 8631
f 8484 8633 8631
f 8632 8637 8626
f 8630 8625 8619
f 8633 8634 8631
f 8634 8633 8635
f 8638 8637 8632
f 8638 8632 8634
f 8487 8488 8485
f 8633 8488 8636
f 8487 8496 8497
f 8636 8497 8648
f 8499 8500 8496
f 8648 8497 8649
f 8498 8500 8499
f 8500 8651 8649
f 8636 8635 8633
f 8648 8650 8643
f 8635 8643 8642
f 8643 8644 8642
f 8651 8652 8649
f 8657 8652 8656
f 8657 8655 8650
f 8657 8650 8652
f 8651 8502 8654
f 8513 8517 8667
f 8664 8513 8667
f 8651 8654 8653
f 8667 8668 8664
f 8669 8668 8667
f 8667 8517 8670
f 8537 8528 8533
f 8676 8529 8679
f 8667 8670 8669
f 8679 8682 8676
f 8684 8680 8686
f 8536 8537 8533
f 8679 8537 8681
f 8536 8546 8547
f 8681 8547 8692
f 8546 8548 8547
f 8553 8549 8550
f 7419 8548 8553
f 7419 8693 8548
f 8681 8680 8679
f 8692 8694 8687
f 8680 8687 8686
f 8687 8688 8686
f 8693 8694 8692
f 8695 8694 8693
f 8697 8695 7424
f 8695 7420 7424
f 8552 8553 8550
f 7376 7373 7374
f 8552 7376 7418
f 7421 7419 7418
f 7417 7421 7418
f 7419 7421 7420
f 7417 7416 7421
f 7421 7416 7420
f 7405 7409 7408
f 8566 8572 8565
f 8572 8566 8567
f 7413 7444 7410
f 7409 7410 7408
f 7445 7437 7444
f 7413 7446 7444
f 8565 7446 7413
f 7448 7447 7446
f 7438 7437 7445
f 7456 7441 7455
f 7457 7456 7455
f 7445 7447 7455
f 7447 7448 7449
f 7449 7459 7457
f 8581 8580 8570
f 8583 8587 8709
f 8707 8581 8582
f 8706 8581 8707
f 8580 7448 8572
f 8580 8701 7448
f 8706 8708 8702
f 8704 8701 8702
f 8702 8701 8706
f 8709 8710 8707
f 8710 8709 8711
f 8718 8713 8708
f 8718 8708 8710
f 8705 7459 8704
f 7449 8704 7459
f 8709 8587 8712
f 8596 8600 8728
f 8725 8596 8728
f 8723 8722 8721
f 8723 8721 8720
f 8711 8721 8719
f 8721 8711 8720
f 8721 8722 8719
f 8728 8729 8725
f 8730 8729 8728
f 8728 8600 8731
f 8728 8731 8730
f 8626 8637 8639
f 8637 8640 8639
f 8638 8640 8637
f 8640 8641 8639
f 8644 8645 8642
f 8646 8645 8647
f 8645 8644 8647
f 8655 8659 8658
f 8657 8659 8655
f 8656 8659 8657
f 8798 8799 8795
f 8800 8799 8798
f 8798 8660 8801
f 8798 8801 8800
f 8684 8689 8690
f 8689 8684 8686
f 8823 8816 8813
f 8823 8813 8827
f 8688 8689 8686
f 8688 8696 8698
f 8696 8700 8698
f 8700 8696 8697
f 8700 8699 8698
f 7460 8815 8699
f 7469 7460 8699
f 7467 7478 7423
f 7478 8700 8697
f 7424 7422 7423
f 7478 8699 8700
f 8814 8815 8813
f 8830 8827 8829
f 8829 8815 7460
f 7465 7460 7469
f 7460 7465 8829
f 7465 7462 7466
f 7469 7467 7468
f 7453 7441 7456
f 7456 7454 7453
f 7454 7456 7457
f 8703 8714 8705
f 8715 8714 8703
f 8703 8713 8715
f 8716 8714 8715
f 8713 8717 8715
f 8717 8716 8715
f 8724 8718 8719
f 8714 7491 8705
f 8714 8716 7491
f 7491 7490 7458
f 8716 7498 7496
f 7499 8717 8724
f 7492 7490 7496
f 7507 7494 7506
f 7508 7507 7506
f 7496 7498 7506
f 7498 7499 7500
f 7500 7512 7508
f 8733 8732 8722
f 8735 8739 8839
f 8836 8733 8734
f 8835 8733 8836
f 8732 7499 8724
f 8732 8832 7499
f 8838 8837 8833
f 8835 8838 8833
f 8834 8832 8833
f 8833 8832 8835
f 8833 8837 8834
f 8839 8840 8836
f 8840 8839 8841
f 8844 8838 8840
f 7500 8834 7512
f 7520 7513 8837
f 8843 7520 8837
f 8842 8740 8753
f 8753 8740 8754
f 8842 8753 8849
f 8755 8759 8853
f 8850 8753 8754
f 8849 8753 8850
f 8852 8851 8846
f 8842 8841 8839
f 8849 8852 8846
f 8841 8846 8845
f 8853 8854 8850
f 8854 8853 8855
f 8858 8852 8854
f 8851 7522 8847
f 7524 7522 8851
f 8857 7524 8851
f 8856 8760 8772
f 8772 8760 8773
f 8856 8772 8863
f 8774 8778 8867
f 8864 8772 8773
f 8863 8772 8864
f 8866 8865 8860
f 8856 8855 8853
f 8863 8866 8860
f 8855 8860 8859
f 8867 8868 8864
f 8868 8867 8869
f 8872 8866 8868
f 8865 7526 8861
f 7527 7526 8865
f 8871 7527 8865
f 8867 8778 8870
f 8788 8791 8883
f 8878 8788 8883
f 8869 8875 8873
f 8875 8869 8874
f 8875 8876 8873
f 8884 8882 8879
f 8884 8883 8885
f 8892 8887 8882
f 8892 8882 8884
f 8883 8791 8886
f 8805 8808 8903
f 8898 8805 8903
f 8885 8895 8893
f 8895 8885 8894
f 8895 8896 8893
f 8904 8902 8899
f 8904 8903 8905
f 8914 8909 8902
f 8914 8902 8904
f 8903 8808 8906
f 8923 8922 8917
f 8905 8917 8915
f 8917 8905 8916
f 8925 8923 8920
f 8920 8930 8925
f 8927 8925 8926
f 8922 8923 8924
f 8922 7531 8918
f 7540 7531 8922
f 8924 7532 7541
f 8927 7532 8924
f 7532 7546 7541
f 8928 8932 8812
f 8928 8812 8820
f 8820 8812 8824
f 8823 8825 8826
f 8822 8825 8831
f 8822 8821 8820
f 8824 8826 8825
f 7533 8929 8821
f 7552 7533 8821
f 7550 7561 7461
f 7461 7561 7562
f 7562 7463 7461
f 7561 8821 8822
f 8926 8929 8927
f 8928 8929 8926
f 7547 7548 7546
f 7547 7533 7552
f 7547 7542 7548
f 7552 7550 7551
f 8830 8831 8827
f 7466 7462 7464
f 8830 7562 8831
f 7464 7463 7466
f 7503 7494 7507
f 7507 7505 7503
f 7505 7507 7508
f 8844 8848 8843
f 8848 8844 8845
f 7512 7513 7510
f 7511 7510 7513
f 7520 7519 7518
f 8843 8848 7576
f 7576 7521 7519
f 8847 8848 8845
f 8858 8862 8857
f 8862 8858 8859
f 7524 7582 7522
f 8847 7576 8848
f 7583 7575 7582
f 7580 7583 7582
f 8857 8862 7590
f 7590 7525 7523
f 7577 7575 7583
f 7581 7577 7583
f 7583 7580 7581
f 8861 8862 8859
f 8872 8877 8871
f 8877 8872 8873
f 7527 7599 7526
f 8861 7590 8862
f 7600 7589 7599
f 7527 7607 7599
f 8871 7607 7527
f 7609 7608 7607
f 7594 7589 7600
f 7598 7594 7600
f 7605 7608 7610
f 7608 7609 7610
f 7610 7606 7605
f 8889 8888 8876
f 8876 8887 8889
f 8890 8888 8889
f 8887 8891 8889
f 8891 8890 8889
f 8897 8892 8893
f 8888 7609 8877
f 7620 7611 8890
f 8890 7627 7620
f 7628 8891 8897
f 7609 7611 7610
f 7611 7606 7610
f 7619 7615 7620
f 7625 7627 7629
f 7627 7628 7629
f 7629 7626 7625
f 8911 8910 8896
f 8896 8909 8911
f 8912 8910 8911
f 8909 8913 8911
f 8913 8912 8911
f 8919 8914 8915
f 8910 7628 8897
f 7640 7630 8912
f 7638 7650 7528
f 7528 7650 7651
f 7651 7529 7528
f 7650 8912 8913
f 7628 7630 7629
f 7630 7626 7629
f 7639 7634 7640
f 7640 7638 7639
f 8918 8919 8915
f 8918 7651 8919
f 7530 7529 7531
f 7540 7539 7537
f 7539 7540 7541
f 7548 7542 7545
f 7546 7548 7544
f 7545 7544 7548
f 7734 7723 7733
f 7733 7723 7728
f 7735 7734 7733
f 7731 7733 7728
f 7735 7733 7731
f 7738 7739 7737
f 7738 7732 7736
f 7737 7732 7738
f 7749 7748 7747
f 7745 7747 7742
f 7749 7747 7745
f 7753 7754 7752
f 7753 7746 7750
f 7752 7746 7753
f 7753 7751 7754
f 7750 7751 7753
f 7820 7828 7824
f 7831 7821 7725
f 7832 7821 7831
f 7734 7833 7831
f 7837 7833 7834
f 7735 7737 7834
f 7837 7836 7833
f 7829 7830 7828
f 7828 7820 7829
f 7829 7832 7841
f 7843 7842 7841
f 7832 7836 7841
f 7836 7837 7838
f 7838 7845 7843
f 7748 7848 7739
f 7834 7835 7837
f 7839 7837 7835
f 7835 7739 7848
f 7748 7850 7848
f 7854 7850 7851
f 7749 7752 7851
f 7854 7853 7850
f 7837 7839 7838
f 7846 7847 7845
f 7846 7839 7849
f 7846 7849 7858
f 7860 7859 7858
f 7849 7853 7858
f 7853 7854 7855
f 7855 7862 7860
f 7851 7852 7854
f 7856 7854 7852
f 7852 7754 7866
f 7865 7866 7762
f 7865 7867 7866
f 7854 7856 7855
f 7863 7864 7862
f 7863 7856 7867
f 7863 7867 7873
f 7875 7874 7873
f 7875 7873 7870
f 7879 7880 7878
f 7879 7871 7876
f 7878 7871 7879
f 7892 7891 7890
f 7887 7890 7883
f 7892 7890 7887
f 7888 7892 7887
f 7946 7933 7945
f 7945 7933 7938
f 7947 7946 7945
f 7942 7945 7938
f 7947 7945 7942
f 7943 7947 7942
f 7824 7828 7827
f 7842 7986 7830
f 7828 7830 7827
f 7987 7974 7986
f 7840 7842 7843
f 7985 7987 7986
f 7980 7974 7987
f 7996 7983 7995
f 7997 7996 7995
f 7997 7995 7989
f 7859 8004 7847
f 7845 7847 7844
f 8005 7991 8004
f 7857 7859 7860
f 8003 8005 8004
f 8001 8002 8000
f 8000 7990 8001
f 8001 8005 8013
f 8015 8014 8013
f 8015 8013 8007
f 7874 8021 7864
f 7862 7864 7861
f 8022 8009 8021
f 7872 7874 7875
f 8020 8022 8021
f 8018 8019 8017
f 8017 8008 8018
f 8018 8022 8028
f 8030 8029 8028
f 8030 8028 8024
f 7891 8036 7880
f 7878 7880 7877
f 8037 8026 8036
f 7889 7891 7892
f 8035 8037 8036
f 7892 7888 7889
f 8033 8034 8032
f 8032 8025 8033
f 8033 8037 8042
f 8044 8043 8042
f 8044 8042 8039
f 7897 7904 8049
f 8049 8041 7897
f 8050 8041 8049
f 8048 8049 7904
f 8048 8050 8049
f 8046 8047 8045
f 8045 8040 8046
f 8046 8050 8057
f 8059 8058 8057
f 8059 8057 8054
f 8055 8059 8054
f 8086 8095 8091
f 8099 8087 7935
f 8100 8087 8099
f 7944 7946 7947
f 8098 8100 8099
f 7947 7943 7944
f 8096 8097 8095
f 8095 8086 8096
f 8096 8100 8106
f 8108 8107 8106
f 8108 8106 8102
f 7952 7962 8114
f 8114 8104 7952
f 8115 8104 8114
f 8113 8114 7962
f 8113 8115 8114
f 8111 8112 8110
f 8110 8103 8111
f 8111 8115 8121
f 8123 8122 8121
f 8123 8121 8118
f 8127 8128 8126
f 8127 8119 8124
f 8126 8119 8127
f 8140 8139 8138
f 8135 8138 8131
f 8140 8138 8135
f 8136 8140 8135
f 7993 7983 7996
f 7996 7994 7993
f 7994 7996 7997
f 8000 8002 7998
f 7999 7998 8002
f 8014 8012 8011
f 8012 8014 8015
f 8166 8175 8170
f 8029 8179 8019
f 8017 8019 8016
f 8180 8167 8179
f 8027 8029 8030
f 8178 8180 8179
f 8176 8177 8175
f 8175 8166 8176
f 8176 8180 8188
f 8190 8189 8188
f 8190 8188 8182
f 8043 8196 8034
f 8032 8034 8031
f 8197 8184 8196
f 8043 8198 8196
f 8202 8198 8199
f 8044 8045 8199
f 8202 8201 8198
f 8194 8195 8193
f 8193 8183 8194
f 8194 8197 8208
f 8210 8209 8208
f 8197 8201 8208
f 8201 8202 8203
f 8203 8212 8210
f 8058 8216 8047
f 8199 8200 8202
f 8204 8202 8200
f 8200 8047 8216
f 8056 8058 8059
f 8215 8217 8216
f 8059 8055 8056
f 8202 8204 8203
f 8213 8214 8212
f 8213 8204 8217
f 8213 8217 8223
f 8225 8224 8223
f 8225 8223 8220
f 8231 8232 8230
f 8231 8221 8226
f 8230 8221 8231
f 8231 8227 8232
f 8226 8227 8231
f 8091 8095 8094
f 8255 8264 8260
f 8107 8268 8097
f 8095 8097 8094
f 8269 8256 8268
f 8105 8107 8108
f 8267 8269 8268
f 8265 8266 8264
f 8264 8255 8265
f 8265 8269 8274
f 8276 8275 8274
f 8276 8274 8271
f 8122 8281 8112
f 8110 8112 8109
f 8282 8273 8281
f 8120 8122 8123
f 8280 8282 8281
f 8278 8279 8277
f 8277 8272 8278
f 8278 8282 8287
f 8289 8288 8287
f 8289 8287 8284
f 8139 8294 8128
f 8126 8128 8125
f 8295 8286 8294
f 8137 8139 8140
f 8293 8295 8294
f 8140 8136 8137
f 8291 8292 8290
f 8290 8285 8291
f 8291 8295 8301
f 8303 8302 8301
f 8303 8301 8297
f 8145 8155 8311
f 8311 8299 8145
f 8312 8299 8311
f 8309 8311 8155
f 8309 8312 8311
f 8307 8308 8306
f 8306 8298 8307
f 8307 8304 8308
f 8312 8309 8310
f 8170 8175 8173
f 8175 8177 8173
f 8174 8173 8177
f 8189 8187 8186
f 8187 8189 8190
f 8193 8195 8191
f 8192 8191 8195
f 8209 8207 8206
f 8207 8209 8210
f 8224 8375 8214
f 8212 8214 8211
f 8376 8362 8375
f 8222 8224 8225
f 8374 8376 8375
f 8368 8362 8376
f 8383 8371 8382
f 8384 8383 8382
f 8384 8382 8379
f 8232 8227 8229
f 8230 8232 8228
f 8229 8228 8232
f 8389 8390 8388
f 8389 8380 8385
f 8388 8380 8389
f 8389 8386 8390
f 8385 8386 8389
f 8260 8264 8263
f 8413 8422 8418
f 8275 8425 8266
f 8264 8266 8263
f 8426 8414 8425
f 8275 8427 8425
f 8431 8427 8428
f 8276 8277 8428
f 8431 8430 8427
f 8956 8959 8953
f 8960 8958 8952
f 8960 8952 8954
f 8423 8424 8422
f 8422 8413 8423
f 8423 8426 8432
f 8426 8430 8432
f 8952 8432 8430
f 8966 8955 8939
f 8940 8972 8941
f 8939 8970 8966
f 8972 8940 8967
f 8288 8434 8279
f 8428 8429 8431
f 8429 8279 8434
f 8429 8434 8939
f 8288 8435 8434
f 8939 8434 8435
f 8438 8435 8436
f 8289 8290 8436
f 8956 8953 8961
f 8968 8961 8966
f 8954 8955 8953
f 8973 8974 8972
f 8978 8981 8971
f 8431 8955 8954
f 8978 8971 8441
f 8971 8439 8441
f 8439 8442 8441
f 8941 8972 8975
f 8945 8991 8948
f 8991 8945 8988
f 8302 8446 8292
f 8436 8437 8438
f 8440 8438 8437
f 8437 8292 8446
f 8300 8302 8303
f 8445 8447 8446
f 8985 8986 8984
f 8984 8986 8983
f 8984 8974 8982
f 8974 8984 8983
f 8982 8985 8984
f 8988 8992 8991
f 8991 8992 8993
f 8438 8440 8439
f 8443 8444 8442
f 8443 8440 8447
f 8443 8447 8452
f 8454 8453 8452
f 8454 8452 8449
f 8948 8991 8994
f 8306 8308 8305
f 8460 8451 8459
f 8458 8459 8320
f 8458 8460 8459
f 8991 8993 8994
f 8456 8457 8455
f 8455 8450 8456
f 8456 8460 8467
f 8469 8468 8467
f 8469 8467 8464
f 8465 8469 8464
f 8495 8503 8498
f 8504 8505 8503
f 8504 8495 8501
f 8503 8495 8504
f 8516 8515 8514
f 8510 8514 8508
f 8516 8514 8510
f 8522 8512 8373
f 8523 8512 8522
f 8381 8383 8384
f 8521 8523 8522
f 8519 8520 8518
f 8518 8511 8519
f 8519 8523 8530
f 8532 8531 8530
f 8532 8530 8526
f 8528 8532 8526
f 8388 8390 8387
f 8542 8527 8541
f 8539 8541 8398
f 8539 8542 8541
f 8534 8527 8542
f 8540 8534 8542
f 8542 8539 8540
f 8418 8422 8421
f 8962 8959 8963
f 8960 8965 8958
f 8433 8573 8424
f 8422 8424 8421
f 8574 8564 8573
f 8433 8575 8573
f 8958 8575 8433
f 8577 8576 8575
f 8568 8564 8574
f 8585 8571 8584
f 8586 8585 8584
f 8574 8576 8584
f 8576 8577 8578
f 8578 8588 8586
f 8962 8979 8965
f 9025 8979 8962
f 8981 8978 8987
f 9032 9034 8980
f 8987 8982 8981
f 8979 8577 8965
f 8591 8579 8980
f 8978 8441 8592
f 8980 8594 8591
f 8987 8978 8592
f 8441 8442 8592
f 9034 8594 8980
f 9030 9025 9026
f 9033 9032 9030
f 9032 9025 9030
f 9033 9038 9035
f 9037 9035 9036
f 9034 9035 9037
f 8577 8579 8578
f 8589 8590 8588
f 8589 8579 8591
f 8589 8591 8597
f 8599 8598 8597
f 8591 8594 8597
f 8595 8601 8599
f 8985 8995 8996
f 8995 8997 8996
f 8999 9053 9003
f 9049 8998 8996
f 8453 8603 8444
f 8997 8995 8593
f 8593 8444 8603
f 8593 8603 8997
f 8453 8604 8603
f 8997 8603 8604
f 8607 8604 8605
f 8454 8455 8605
f 9042 9036 9039
f 9044 9043 9042
f 9043 9036 9042
f 9043 9051 9048
f 9050 9054 9049
f 9053 9049 9054
f 9054 9055 9053
f 9037 9048 8595
f 8595 9048 8601
f 8610 8602 9051
f 9052 8608 8611
f 8608 8612 8611
f 9003 9053 9056
f 9013 9073 9017
f 9073 9013 9070
f 8468 8616 8457
f 8605 8606 8607
f 8609 8607 8606
f 8606 8457 8616
f 8466 8468 8469
f 8615 8617 8616
f 8469 8465 8466
f 9065 9066 9064
f 9064 9066 9063
f 9064 9055 9062
f 9055 9064 9063
f 9062 9065 9064
f 9070 9074 9073
f 9073 9074 9075
f 8607 8609 8608
f 8613 8614 8612
f 8613 8609 8617
f 8613 8617 8622
f 8624 8623 8622
f 8624 8622 8620
f 9017 9073 9076
f 9073 9075 9076
f 8628 8629 8627
f 8628 8621 8625
f 8627 8621 8628
f 8628 8626 8629
f 8625 8626 8628
f 8498 8503 8502
f 8653 8661 8656
f 8515 8665 8505
f 8503 8505 8502
f 8666 8654 8665
f 8513 8515 8516
f 8664 8666 8665
f 9121 9140 9131
f 9121 9131 9129
f 9129 9131 9132
f 9132 9134 9129
f 9131 9140 9145
f 9132 9131 9145
f 8662 8663 8661
f 8661 8653 8662
f 8662 8666 8671
f 8673 8672 8671
f 8673 8671 8668
f 9023 9157 9024
f 9157 9023 9151
f 8531 8677 8520
f 8518 8520 8517
f 8678 8670 8677
f 8529 8531 8532
f 8676 8678 8677
f 8532 8528 8529
f 9155 9148 9154
f 9135 9133 9147
f 9148 9133 9146
f 9133 9148 9147
f 9152 9155 9158
f 9158 9159 9157
f 9159 9158 9160
f 9154 9156 9155
f 8674 8669 8675
f 8685 9154 8675
f 8675 8678 8685
f 9154 8685 9156
f 9160 9156 8683
f 9024 9157 9161
f 9168 9169 9167
f 9167 9169 9166
f 9159 9167 9166
f 9171 9160 8683
f 8691 9172 9171
f 8683 8691 9171
f 8582 8571 8585
f 8585 8583 8582
f 8583 8585 8586
f 8598 8726 8590
f 8588 8590 8587
f 8727 8712 8726
f 8596 8598 8599
f 8725 8727 8726
f 8720 8712 8727
f 8737 8723 8736
f 8738 8737 8736
f 8738 8736 8729
f 9059 9057 9044
f 9059 9060 9057
f 9057 9060 9058
f 9059 9061 9060
f 8610 8744 8602
f 8601 8602 8600
f 8745 8731 8744
f 8610 8746 8744
f 8750 8746 8747
f 8611 8612 8747
f 8750 8749 8746
f 8742 8743 8741
f 8741 8730 8742
f 8742 8745 8756
f 8758 8757 8756
f 8745 8749 8756
f 8749 8750 8751
f 8751 8761 8758
f 9067 9065 9062
f 9069 9067 9068
f 9065 9067 9069
f 9066 9065 9069
f 9077 9190 9081
f 9190 9077 9187
f 8623 8764 8614
f 8747 8748 8750
f 8752 8750 8748
f 8748 8614 8764
f 8623 8766 8764
f 8770 8766 8767
f 8624 8627 8767
f 8770 8769 8766
f 9187 9193 9190
f 9190 9193 9194
f 8750 8752 8751
f 8762 8763 8761
f 8762 8752 8765
f 8762 8765 8775
f 8777 8776 8775
f 8765 8769 8775
f 8769 8770 8771
f 8771 8779 8777
f 9191 9094 9082
f 9094 9096 9082
f 9097 9208 9101
f 9204 9096 9094
f 8767 8768 8770
f 8768 8629 8781
f 8768 8781 9095
f 8783 8782 8641
f 9095 8781 8782
f 8785 8782 8783
f 8646 8783 8641
f 9199 9198 9197
f 9203 9192 9198
f 9198 9206 9203
f 9205 9209 9204
f 9208 9204 9209
f 9209 9210 9208
f 8771 9203 8779
f 8789 8780 9206
f 9207 8786 8790
f 8786 8792 8790
f 9211 9113 9102
f 9113 9115 9102
f 9211 9220 9113
f 9128 9116 9114
f 9122 9116 9128
f 9116 9117 9115
f 8647 8658 8796
f 8646 8784 8783
f 8783 8784 8785
f 8787 8785 8784
f 8795 8796 8658
f 8795 8797 8796
f 9128 9114 8802
f 8656 8661 8660
f 9221 8802 9114
f 9208 9210 9211
f 9217 9222 9220
f 9217 9210 9216
f 9216 9218 9217
f 9220 9222 9221
f 9221 9222 9223
f 8785 8787 8786
f 8793 8794 8792
f 8793 8787 8797
f 8793 8797 8806
f 8800 8803 8799
f 9128 9141 9122
f 9123 9122 9124
f 9141 9143 9142
f 9144 9140 9142
f 9143 9144 9142
f 9150 9146 9145
f 8672 8809 8663
f 8661 8663 8660
f 8802 9141 9128
f 8672 8810 8809
f 9143 8809 8810
f 8673 8674 8811
f 8810 9144 9143
f 8802 8803 8804
f 8804 8800 8801
f 8803 8800 8804
f 9149 9146 9150
f 9149 8811 8674
f 9149 9150 8811
f 8690 8691 8684
f 8823 8828 8816
f 9172 9173 9168
f 9168 9173 9174
f 9246 9175 9174
f 9245 9246 9174
f 9247 9175 9246
f 9172 8818 9173
f 8690 8817 8818
f 8817 8819 8818
f 9237 9238 9236
f 9236 9232 9242
f 9245 9232 9236
f 9245 9248 9246
f 9248 9247 9246
f 9242 9232 8819
f 8828 9243 9242
f 8817 8816 8819
f 8734 8723 8737
f 8737 8735 8734
f 8735 8737 8738
f 8741 8743 8739
f 8740 8739 8743
f 8757 8755 8754
f 8755 8757 8758
f 8761 8763 8759
f 8760 8759 8763
f 8776 8774 8773
f 8774 8776 8777
f 9214 9212 9199
f 9219 9215 9257
f 9214 9215 9212
f 9212 9215 9213
f 8789 8880 8780
f 8779 8780 8778
f 8881 8870 8880
f 8788 8789 8790
f 8878 8881 8880
f 9255 9259 9257
f 9257 9259 9260
f 8874 8870 8881
f 8879 8874 8881
f 8881 8878 8879
f 9219 9218 9216
f 9258 9219 9257
f 9226 9224 9218
f 9258 9266 9226
f 9228 9227 9269
f 9266 9267 9226
f 9229 9227 9228
f 9269 9227 9267
f 8807 8900 8794
f 8792 8794 8791
f 8901 8886 8900
f 8898 8901 8900
f 9225 9229 8907
f 8907 8808 8805
f 9268 9266 9263
f 9266 9258 9263
f 9266 9268 9267
f 9269 9271 9272
f 8894 8886 8901
f 8899 8894 8901
f 8901 8898 8899
f 9228 9230 9229
f 9270 9228 9269
f 9270 9230 9228
f 9280 9282 9231
f 8908 8808 8907
f 9230 9231 8908
f 8908 8906 8808
f 9231 8933 8921
f 9282 8933 9231
f 9281 9280 9276
f 9280 9270 9276
f 9281 9287 9283
f 9285 9283 9284
f 9282 9283 9285
f 8916 8906 8921
f 8920 8916 8921
f 8930 8933 8934
f 8934 8931 8930
f 9233 9286 9295
f 9239 9235 9298
f 9296 9235 9234
f 9234 9235 9244
f 9244 9235 9239
f 9298 9235 9296
f 8824 8812 8936
f 8935 9286 9233
f 8812 8932 8936
f 8826 8937 8938
f 9233 8937 8936
f 8937 9233 9234
f 9292 9284 9288
f 9297 9295 9292
f 9284 9286 9285
f 9295 9297 9296
f 9298 9299 9300
f 8932 8931 8935
f 8935 8931 8934
f 9237 9239 9240
f 9238 9237 9240
f 9243 8828 8938
f 9243 8938 9244
f 9298 9300 9301
f 9314 9348 9315
f 9348 9314 9346
f 9346 9351 9348
f 9349 9357 9364
f 9350 9320 9316
f 9320 9322 9316
f 9350 9368 9320
f 9332 9323 9321
f 9327 9323 9332
f 9323 9324 9322
f 9332 9321 8943
f 9369 8943 9321
f 9371 9365 9370
f 9348 9349 9350
f 9365 9371 9368
f 9365 9349 9364
f 9368 9371 9369
f 9370 9372 9371
f 9369 9371 9372
f 9366 8942 9370
f 8942 8946 9370
f 9372 8947 8944
f 8947 8949 8944
f 9332 9334 9327
f 9328 9327 9329
f 9335 9336 9329
f 9337 9380 9340
f 9377 9336 9335
f 9376 9377 9335
f 8943 9334 9332
f 8943 9373 9334
f 9379 9374 9378
f 9374 9379 9376
f 9374 9373 9375
f 9376 9373 9374
f 9378 9374 9375
f 9380 9377 9381
f 9381 9382 9380
f 9381 9379 9386
f 8944 8949 9375
f 8950 8951 9378
f 9378 8951 9385
f 9340 9380 9383
f 9390 9391 9389
f 9389 9391 9388
f 9389 9382 9387
f 9382 9389 9388
f 9387 9390 9389
f 9411 9418 9408
f 9408 9418 9423
f 8956 8964 8959
f 9409 9343 9412
f 9409 9354 9343
f 9354 9358 9343
f 9360 9359 9357
f 9367 9359 9356
f 9355 9356 9354
f 9359 9360 9358
f 9355 9410 8957
f 9355 8957 8969
f 8940 8976 8967
f 8977 8976 8940
f 8941 8977 8940
f 8976 9356 9355
f 9408 9410 9409
f 9425 9424 9423
f 8957 9410 9424
f 9425 8964 9424
f 8961 8968 8969
f 8967 8969 8968
f 9366 9364 9367
f 8946 8942 8989
f 9366 9367 8977
f 8975 8990 8989
f 8946 8945 8947
f 8990 8988 8989
f 8983 8990 8975
f 9000 8986 9001
f 9000 9001 9002
f 8992 9000 9002
f 9386 9385 9392
f 9392 9387 9386
f 8951 8950 9007
f 8948 8950 8949
f 8994 9008 9007
f 9007 9009 8951
f 8951 9009 9385
f 9009 9010 9011
f 9004 9006 9005
f 9005 8993 9004
f 9005 9014 9008
f 9014 9015 9016
f 9014 9010 9008
f 9011 9010 9012
f 9016 9018 9012
f 9390 9396 9397
f 9399 9434 9403
f 9431 9398 9397
f 9430 9431 9397
f 9011 9396 9392
f 9011 9427 9396
f 9433 9428 9432
f 9428 9433 9430
f 9428 9427 9429
f 9430 9427 9428
f 9432 9428 9429
f 9434 9431 9435
f 9435 9436 9434
f 9435 9433 9439
f 9012 9018 9429
f 9019 9020 9432
f 9432 9020 9438
f 9403 9434 9437
f 9449 9442 9448
f 9442 9436 9440
f 9436 9442 9441
f 9445 9449 9450
f 9450 9452 9445
f 9450 9449 9460
f 9443 9021 9448
f 9021 9022 9448
f 9448 9022 9459
f 9453 9451 9462
f 9463 9451 9461
f 9451 9463 9462
f 9461 9464 9463
f 9466 9468 9469
f 9469 9471 9466
f 9468 9477 9482
f 9469 9468 9482
f 9486 9487 9485
f 9472 9470 9484
f 9485 9487 9484
f 9485 9470 9483
f 9470 9485 9484
f 9483 9486 9485
f 9420 9419 9418
f 9417 9419 9515
f 9426 9419 9417
f 9515 9520 9417
f 9426 9417 9028
f 8959 8964 8963
f 9520 9028 9417
f 9512 9523 9521
f 9512 9521 9517
f 9516 9517 9515
f 9524 9527 9522
f 9521 9523 9524
f 9028 9520 9522
f 9425 9423 9426
f 9029 9027 9028
f 9027 9026 8963
f 9027 9029 9026
f 9528 9532 9531
f 9522 9527 9530
f 9531 9532 9533
f 9531 9031 9530
f 9031 9029 9530
f 9040 9031 9531
f 9038 9033 9040
f 9038 9040 9041
f 9001 8986 8998
f 8999 9001 8998
f 9001 8999 9002
f 9045 9047 9046
f 9042 9039 9046
f 9046 9039 9045
f 9047 9044 9046
f 9046 9044 9042
f 9015 9006 9071
f 9003 9006 9004
f 9056 9072 9071
f 9015 9013 9016
f 9072 9070 9071
f 9063 9072 9056
f 9078 9066 9079
f 9078 9079 9080
f 9074 9078 9080
f 9439 9438 9444
f 9444 9440 9439
f 9020 9019 9086
f 9017 9019 9018
f 9076 9087 9086
f 9086 9088 9020
f 9020 9088 9438
f 9088 9090 9091
f 9083 9085 9084
f 9084 9075 9083
f 9084 9098 9087
f 9098 9099 9100
f 9098 9090 9087
f 9091 9090 9092
f 9100 9103 9092
f 9443 9440 9444
f 9460 9459 9465
f 9465 9461 9460
f 9022 9021 9106
f 9089 9021 9443
f 9093 9089 9091
f 9089 9106 9021
f 9106 9108 9022
f 9022 9108 9459
f 9108 9109 9110
f 9091 9092 9093
f 9103 9105 9104
f 9093 9104 9107
f 9104 9118 9107
f 9118 9119 9120
f 9118 9109 9107
f 9110 9109 9111
f 9120 9125 9111
f 9464 9478 9479
f 9479 9477 9464
f 9478 9480 9479
f 9481 9477 9479
f 9480 9481 9479
f 9488 9483 9482
f 9110 9478 9465
f 9480 9112 9130
f 9130 9136 9480
f 9488 9481 9137
f 9110 9111 9112
f 9125 9127 9126
f 9112 9126 9130
f 9127 9121 9126
f 9136 9134 9138
f 9137 9136 9138
f 9135 9138 9134
f 9486 9493 9494
f 9493 9495 9494
f 9507 9498 9496
f 9495 9496 9494
f 9503 9498 9507
f 9498 9499 9497
f 9137 9493 9488
f 9495 9139 9153
f 9023 9162 9151
f 9163 9162 9023
f 9024 9163 9023
f 9162 9496 9495
f 9137 9138 9139
f 9138 9135 9139
f 9147 9152 9153
f 9151 9153 9152
f 9507 9508 9503
f 9503 9508 9537
f 9508 9538 9537
f 9024 9164 9163
f 9024 9161 9164
f 9161 9165 9164
f 9547 9541 9546
f 9537 9540 9539
f 9541 9538 9542
f 9546 9541 9542
f 9543 9547 9548
f 9548 9549 9543
f 9556 9549 9548
f 9556 9548 9557
f 9548 9547 9557
f 9542 9538 9165
f 9546 9542 9170
f 9165 9170 9542
f 9166 9169 9170
f 9546 9176 9554
f 9525 9523 9512
f 9529 9526 9564
f 9525 9526 9523
f 9523 9526 9524
f 9562 9566 9564
f 9564 9566 9567
f 9529 9528 9527
f 9565 9529 9564
f 9534 9532 9528
f 9565 9575 9534
f 9535 9532 9534
f 9532 9535 9533
f 9533 9177 9041
f 9177 9045 9041
f 9576 9179 9535
f 9571 9580 9577
f 9575 9565 9570
f 9575 9577 9576
f 9581 9584 9578
f 9577 9580 9581
f 9179 9576 9578
f 9536 9579 9588
f 9588 9589 9536
f 9179 9178 9177
f 9178 9180 9047
f 9178 9536 9180
f 9061 9181 9182
f 9536 9181 9180
f 9184 9182 9181
f 9182 9068 9061
f 9585 9590 9588
f 9588 9579 9585
f 9584 9586 9585
f 9588 9590 9589
f 9594 9596 9591
f 9590 9592 9594
f 9578 9579 9179
f 9184 9589 9591
f 9183 9068 9182
f 9184 9183 9182
f 9185 9183 9184
f 9079 9077 9080
f 9189 9187 9188
f 9597 9601 9600
f 9591 9596 9599
f 9600 9601 9602
f 9600 9186 9599
f 9185 9186 9189
f 9186 9185 9599
f 9195 9186 9600
f 9186 9195 9189
f 9193 9195 9196
f 9081 9085 9083
f 9081 9082 9085
f 9097 9099 9096
f 9099 9097 9100
f 9200 9202 9201
f 9197 9194 9201
f 9201 9194 9200
f 9202 9199 9201
f 9201 9199 9197
f 9101 9105 9103
f 9101 9102 9105
f 9117 9119 9115
f 9119 9117 9120
f 9124 9121 9127
f 9123 9127 9125
f 9123 9124 9127
f 9608 9558 9555
f 9555 9609 9608
f 9557 9558 9556
f 9612 9558 9608
f 9176 9169 9175
f 9176 9249 9554
f 9247 9250 9249
f 9249 9555 9554
f 9606 9618 9610
f 9607 9606 9610
f 9609 9613 9608
f 9612 9608 9613
f 9621 9613 9622
f 9610 9241 9607
f 9248 9238 9251
f 9251 9610 9611
f 9250 9251 9611
f 9611 9609 9250
f 9559 9612 9615
f 9612 9614 9615
f 9582 9580 9571
f 9587 9583 9630
f 9582 9583 9580
f 9580 9583 9581
f 9628 9632 9630
f 9630 9632 9633
f 9587 9586 9584
f 9631 9587 9630
f 9593 9592 9586
f 9631 9638 9593
f 9598 9595 9641
f 9592 9595 9594
f 9638 9639 9593
f 9641 9595 9639
f 9640 9638 9636
f 9638 9631 9636
f 9638 9640 9639
f 9641 9643 9644
f 9598 9597 9596
f 9642 9598 9641
f 9603 9601 9597
f 9642 9652 9603
f 9604 9601 9603
f 9601 9604 9602
f 9602 9252 9196
f 9252 9200 9196
f 9653 9254 9604
f 9648 9657 9654
f 9652 9642 9647
f 9652 9654 9653
f 9658 9662 9655
f 9654 9657 9658
f 9254 9653 9655
f 9605 9656 9668
f 9668 9669 9605
f 9254 9253 9252
f 9253 9256 9202
f 9253 9605 9256
f 9255 9214 9256
f 9669 9261 9605
f 9663 9670 9668
f 9668 9656 9663
f 9662 9664 9663
f 9668 9670 9669
f 9673 9676 9671
f 9670 9672 9673
f 9655 9656 9254
f 9255 9261 9259
f 9259 9261 9262
f 9262 9260 9259
f 9671 9676 9678
f 9679 9678 9676
f 9671 9678 9262
f 9263 9260 9264
f 9273 9274 9275
f 9271 9268 9273
f 9271 9273 9275
f 9277 9279 9278
f 9276 9272 9278
f 9278 9272 9277
f 9289 9290 9291
f 9287 9281 9289
f 9287 9289 9291
f 9690 9698 9694
f 9692 9690 9694
f 9700 9702 9696
f 9700 9696 9695
f 9292 9288 9294
f 9294 9288 9293
f 9305 9294 9694
f 9305 9694 9695
f 9299 9297 9305
f 9696 9303 9695
f 9303 9300 9299
f 9607 9619 9606
f 9606 9619 9620
f 9620 9618 9606
f 9618 9623 9622
f 9708 9709 9620
f 9622 9623 9621
f 9711 9623 9709
f 9241 9238 9240
f 9607 9241 9302
f 9607 9302 9619
f 9301 9304 9302
f 9704 9705 9703
f 9708 9697 9703
f 9702 9704 9703
f 9708 9710 9709
f 9711 9712 9713
f 9301 9300 9304
f 9304 9300 9303
f 9624 9711 9714
f 9711 9713 9714
f 9659 9657 9648
f 9659 9660 9657
f 9657 9660 9658
f 9659 9661 9660
f 9665 9664 9662
f 9667 9665 9666
f 9664 9665 9667
f 9677 9675 9731
f 9674 9675 9672
f 9672 9675 9673
f 9729 9733 9731
f 9731 9733 9734
f 9732 9677 9731
f 9732 9680 9677
f 9684 9683 9742
f 9740 9683 9682
f 9682 9683 9685
f 9685 9683 9684
f 9742 9683 9740
f 9274 9265 9307
f 9306 9265 9679
f 9680 9306 9679
f 9680 9681 9306
f 9306 9307 9265
f 9306 9681 9307
f 9307 9308 9274
f 9681 9308 9307
f 9309 9277 9275
f 9308 9681 9682
f 9741 9739 9737
f 9739 9732 9737
f 9739 9741 9740
f 9742 9744 9745
f 9684 9686 9685
f 9743 9684 9742
f 9743 9686 9684
f 9691 9689 9753
f 9751 9689 9688
f 9688 9689 9693
f 9693 9689 9691
f 9753 9689 9751
f 9290 9279 9311
f 9686 9687 9310
f 9310 9311 9279
f 9310 9687 9311
f 9311 9312 9290
f 9687 9312 9311
f 9313 9293 9291
f 9312 9687 9688
f 9752 9750 9748
f 9750 9743 9748
f 9750 9752 9751
f 9753 9755 9756
f 9754 9691 9753
f 9699 9698 9690
f 9754 9762 9699
f 9706 9701 9765
f 9698 9701 9700
f 9762 9763 9699
f 9765 9701 9763
f 9692 9293 9313
f 9692 9313 9693
f 9764 9762 9759
f 9762 9754 9759
f 9762 9764 9763
f 9765 9766 9767
f 9706 9704 9702
f 9704 9706 9707
f 9705 9704 9707
f 9765 9767 9768
f 9798 9813 9802
f 9798 9802 9801
f 9801 9802 9803
f 9803 9806 9801
f 9802 9813 9817
f 9803 9802 9817
f 9805 9776 9808
f 9805 9779 9776
f 9779 9781 9776
f 9805 9823 9779
f 9791 9782 9780
f 9786 9782 9791
f 9782 9783 9781
f 9791 9780 9318
f 9824 9318 9780
f 9826 9820 9825
f 9820 9826 9823
f 9820 9804 9819
f 9823 9826 9824
f 9825 9827 9826
f 9824 9826 9827
f 9821 9317 9825
f 9317 9325 9825
f 9827 9326 9319
f 9326 9330 9319
f 9791 9792 9786
f 9787 9786 9788
f 9793 9794 9788
f 9795 9836 9797
f 9832 9794 9793
f 9831 9832 9793
f 9318 9792 9791
f 9318 9828 9792
f 9834 9829 9833
f 9829 9834 9831
f 9829 9828 9830
f 9831 9828 9829
f 9833 9829 9830
f 9836 9832 9837
f 9837 9838 9836
f 9838 9837 9839
f 9833 9835 9834
f 9319 9330 9830
f 9331 9338 9833
f 9835 9339 9333
f 9839 9835 9333
f 9339 9341 9333
f 9797 9836 9840
f 9845 9846 9844
f 9844 9846 9843
f 9838 9844 9843
f 9847 9839 9333
f 9341 9848 9847
f 9333 9341 9847
f 9872 9878 9869
f 9869 9878 9883
f 9870 9799 9873
f 9870 9814 9799
f 9816 9813 9814
f 9815 9816 9814
f 9822 9819 9817
f 9815 9871 9342
f 9815 9342 9347
f 9314 9352 9346
f 9353 9352 9314
f 9315 9353 9314
f 9352 9816 9815
f 9869 9871 9870
f 9885 9884 9883
f 9342 9871 9884
f 9342 9344 9347
f 9344 9342 9884
f 9344 9361 9347
f 9361 9362 9363
f 9351 9361 9363
f 9357 9351 9363
f 9821 9819 9822
f 9821 9822 9353
f 9315 9316 9317
f 9324 9325 9322
f 9325 9324 9326
f 9328 9331 9330
f 9328 9329 9331
f 9337 9338 9336
f 9338 9337 9339
f 9848 9852 9845
f 9845 9852 9853
f 9852 9854 9853
f 9856 9889 9860
f 9887 9855 9853
f 9848 9384 9852
f 9854 9852 9384
f 9340 9383 9384
f 9393 9394 9854
f 9854 9394 9888
f 9888 9890 9887
f 9889 9887 9890
f 9890 9891 9889
f 9891 9890 9892
f 9890 9888 9892
f 9388 9393 9383
f 9400 9391 9401
f 9400 9401 9402
f 9400 9394 9393
f 9402 9404 9395
f 9860 9889 9893
f 9863 9903 9865
f 9903 9863 9897
f 9902 9895 9901
f 9891 9895 9894
f 9901 9895 9896
f 9898 9902 9904
f 9904 9905 9903
f 9904 9902 9910
f 9896 9892 9395
f 9395 9404 9896
f 9405 9406 9901
f 9901 9406 9909
f 9865 9903 9906
f 9866 9920 9867
f 9920 9866 9916
f 9913 9905 9911
f 9905 9913 9912
f 9911 9914 9913
f 9917 9919 9921
f 9921 9922 9920
f 9919 9927 9932
f 9921 9919 9932
f 9867 9920 9923
f 9935 9922 9933
f 9922 9935 9934
f 9933 9936 9935
f 9938 9940 9941
f 9941 9942 9938
f 9950 9942 9941
f 9950 9941 9951
f 9940 9945 9951
f 9941 9940 9951
f 9960 9963 9959
f 9959 9963 9965
f 9880 9879 9878
f 9877 9879 9971
f 9886 9879 9877
f 9971 9976 9877
f 9886 9877 9414
f 9976 9414 9877
f 9978 9967 9977
f 9960 9959 9966
f 9967 9959 9965
f 9959 9967 9966
f 9972 9973 9971
f 9977 9979 9978
f 9976 9978 9979
f 9970 9407 9977
f 9407 9421 9977
f 9979 9422 9415
f 9885 9883 9886
f 9413 9345 9885
f 9416 9413 9414
f 9413 9416 9412
f 9360 9362 9358
f 9362 9360 9363
f 9363 9360 9357
f 9414 9415 9416
f 9416 9411 9412
f 9415 9411 9416
f 9401 9391 9398
f 9399 9401 9398
f 9401 9399 9402
f 9910 9909 9915
f 9915 9911 9910
f 9406 9405 9446
f 9403 9405 9404
f 9437 9447 9446
f 9446 9454 9406
f 9406 9454 9909
f 9454 9455 9456
f 9441 9447 9437
f 9441 9445 9447
f 9455 9452 9457
f 9456 9455 9457
f 9453 9457 9452
f 9914 9928 9929
f 9929 9927 9914
f 9928 9930 9929
f 9931 9927 9929
f 9930 9931 9929
f 9937 9933 9932
f 9456 9928 9915
f 9930 9458 9467
f 9467 9473 9930
f 9937 9931 9474
f 9456 9457 9458
f 9457 9453 9458
f 9462 9466 9467
f 9473 9471 9475
f 9474 9473 9475
f 9472 9475 9471
f 9936 9946 9947
f 9947 9945 9936
f 9946 9948 9947
f 9950 9952 9953
f 9949 9945 9947
f 9948 9949 9947
f 9474 9946 9937
f 9948 9476 9489
f 9489 9490 9948
f 9956 9949 9491
f 9474 9475 9476
f 9475 9472 9476
f 9500 9487 9501
f 9500 9501 9502
f 9500 9490 9489
f 9491 9490 9492
f 9502 9505 9492
f 9956 9957 9952
f 9952 9957 9981
f 9957 9982 9981
f 9491 9957 9956
f 9491 9982 9957
f 9991 9985 9990
f 9981 9984 9983
f 9985 9982 9986
f 9990 9985 9986
f 9987 9991 9992
f 9992 9993 9987
f 9998 9993 9992
f 9998 9992 9999
f 9992 9991 9999
f 9492 9505 9986
f 9506 9509 9990
f 9990 9509 9997
f 9963 9968 9965
f 10006 9964 10005
f 10005 10010 10006
f 10007 10014 10017
f 10008 9968 10006
f 10008 9980 9968
f 10008 10009 9980
f 9421 9407 9518
f 9510 9407 9970
f 9980 9510 9970
f 9510 9518 9407
f 9421 9420 9422
f 9519 9516 9518
f 9422 9420 9418
f 10006 10007 10008
f 10007 10009 10008
f 10020 10019 10017
f 9511 10009 10019
f 9511 9513 9519
f 9513 9511 10019
f 9514 9512 9513
f 9516 9519 9517
f 9501 9487 9497
f 9499 9501 9497
f 9501 9499 9502
f 9998 10000 10001
f 9999 9997 10003
f 9509 9506 9544
f 9504 9506 9505
f 9539 9545 9544
f 9544 9550 9509
f 9509 9550 9997
f 9550 9551 9552
f 9540 9545 9539
f 9540 9543 9545
f 9551 9549 9553
f 9552 9551 9553
f 10003 10004 10000
f 10000 10004 10023
f 10004 10024 10023
f 9552 10004 10003
f 9552 10024 10004
f 10029 10030 10028
f 10023 10027 10025
f 10028 10030 10027
f 10028 10024 10031
f 9560 10032 10031
f 9553 9560 10031
f 10014 10018 10017
f 10041 10015 10040
f 10040 10043 10041
f 10041 10043 10044
f 10042 10018 10041
f 10042 10021 10018
f 10052 10053 10022
f 9561 9514 10020
f 10021 9561 10020
f 10021 10022 9561
f 9561 9563 9514
f 9561 10022 9563
f 9562 9525 9563
f 10053 9568 10022
f 10049 10056 10054
f 10052 10042 10048
f 10052 10054 10053
f 10053 10054 10055
f 10057 9569 10055
f 9562 9568 9566
f 9568 10053 10055
f 9572 9574 9573
f 9570 9567 9573
f 9573 9567 9572
f 9574 9571 9573
f 9573 9571 9570
f 9559 9560 9556
f 9621 9625 9614
f 10032 10035 10029
f 10029 10035 10036
f 10071 10037 10036
f 10070 10071 10036
f 10072 10037 10071
f 10032 9616 10035
f 9559 9615 9616
f 9615 9617 9616
f 10066 10067 10065
f 10065 10064 10068
f 10070 10064 10065
f 10070 10073 10071
f 10073 10072 10071
f 10068 10064 9617
f 9625 10069 10068
f 9615 9614 9617
f 10058 10056 10049
f 10060 10059 10085
f 10058 10059 10056
f 10061 10059 10060
f 10057 9626 9569
f 10057 10061 9626
f 9626 9572 9569
f 10083 10087 10085
f 10085 10087 10088
f 10060 10062 10061
f 10086 10060 10085
f 10086 10062 10060
f 10095 10096 10063
f 10062 10063 9627
f 9627 9629 9574
f 9627 10063 9629
f 9628 9582 9629
f 10096 9634 10063
f 10092 10099 10097
f 10095 10086 10091
f 10095 10097 10096
f 10100 10103 10098
f 10097 10099 10100
f 9628 9634 9632
f 9632 9634 9635
f 9635 9633 9632
f 10104 10108 10107
f 10098 10103 10106
f 10107 10108 10109
f 10098 10106 9635
f 10107 9637 10106
f 9636 9633 9637
f 9645 9637 10107
f 9643 9640 9645
f 9643 9645 9646
f 9649 9651 9650
f 9647 9644 9650
f 9650 9644 9649
f 9651 9648 9650
f 9650 9648 9647
f 9624 9625 9621
f 9717 9705 9718
f 9710 9705 9717
f 9717 9718 9719
f 9712 9710 9717
f 9712 9717 9719
f 10069 10077 10066
f 10066 10077 10078
f 10127 10079 10078
f 10126 10127 10078
f 10128 10079 10127
f 10069 9715 10077
f 9624 9714 9715
f 9714 9716 9715
f 10119 10120 10118
f 10118 10114 10123
f 10126 10114 10118
f 10126 10129 10127
f 10129 10128 10127
f 10123 10114 9716
f 9720 10124 10123
f 9714 9713 9716
f 10101 10099 10092
f 10105 10102 10137
f 10101 10102 10099
f 10099 10102 10100
f 10135 10139 10137
f 10137 10139 10140
f 10105 10104 10103
f 10138 10105 10137
f 10110 10108 10104
f 10138 10145 10110
f 10111 10108 10110
f 10108 10111 10109
f 10109 9721 9646
f 9721 9649 9646
f 10147 9723 10111
f 10146 10145 10143
f 10145 10138 10143
f 10146 10152 10148
f 10150 10148 10149
f 10147 10148 10150
f 9723 10147 10150
f 10112 10151 10159
f 10159 10161 10112
f 9723 9722 9721
f 9722 9724 9651
f 9722 10112 9724
f 9661 9725 9726
f 10112 9725 9724
f 9728 9726 9725
f 9726 9666 9661
f 10156 10149 10153
f 10160 10159 10156
f 10149 10151 10150
f 10160 10166 10162
f 10164 10162 10163
f 10161 10162 10164
f 10150 10151 9723
f 9728 10161 10164
f 10113 10165 10175
f 10175 10176 10113
f 9674 9667 9730
f 9727 9666 9726
f 9728 9727 9726
f 9727 10113 9730
f 9729 9674 9730
f 10176 9735 10113
f 10171 10179 10177
f 10170 10163 10167
f 10163 10165 10164
f 10175 10177 10176
f 10180 10184 10178
f 10177 10179 10180
f 10164 10165 9728
f 9729 9735 9733
f 9733 9735 9736
f 9736 9734 9733
f 10185 10193 10190
f 10178 10184 10189
f 10194 10197 10192
f 10194 10192 10191
f 10178 10189 9736
f 10190 9738 10189
f 9737 9734 9738
f 9747 9738 10190
f 9747 10190 10191
f 9744 9741 9747
f 10192 9746 10191
f 9746 9745 9744
f 10198 10203 10202
f 10192 10197 10201
f 10202 10203 10204
f 10192 10201 9746
f 10202 9749 10201
f 9748 9745 9749
f 9757 9749 10202
f 9755 9752 9757
f 9755 9757 9758
f 10207 10216 10212
f 10210 10207 10212
f 10217 10221 10214
f 10217 10214 10213
f 9759 9756 9761
f 9761 9756 9760
f 9771 9761 10212
f 9771 10212 10213
f 9766 9764 9771
f 10214 9769 10213
f 9769 9767 9766
f 10115 10215 10228
f 10121 10117 10231
f 10229 10117 10116
f 10116 10117 10125
f 10125 10117 10121
f 10231 10117 10229
f 9770 10215 10115
f 9707 9768 9772
f 9772 9773 9718
f 10115 9773 9772
f 9774 9720 9719
f 9773 10115 10116
f 10223 10224 10222
f 10228 10215 10222
f 10221 10223 10222
f 10228 10230 10229
f 10231 10232 10233
f 9768 9767 9770
f 9770 9767 9769
f 10119 10121 10122
f 10120 10119 10122
f 10124 9720 9774
f 10124 9774 10125
f 10231 10233 10234
f 10181 10179 10171
f 10181 10182 10179
f 10179 10182 10180
f 10181 10183 10182
f 10186 10185 10184
f 10188 10186 10187
f 10185 10186 10188
f 10199 10196 10255
f 10195 10196 10193
f 10193 10196 10194
f 10253 10256 10255
f 10255 10256 10257
f 10199 10198 10197
f 10198 10199 10200
f 10208 10206 10265
f 10205 10206 10203
f 10211 10206 10208
f 10204 9775 9758
f 10204 10211 9775
f 9775 9760 9758
f 10255 10257 10258
f 10262 10266 10265
f 10265 10266 10267
f 10207 10208 10209
f 10218 10219 10216
f 10216 10219 10217
f 10218 10220 10219
f 10210 9760 9775
f 10210 9775 10211
f 10265 10267 10268
f 10225 10223 10221
f 10227 10225 10226
f 10223 10225 10227
f 10224 10223 10227
f 10284 9777 10286
f 9777 9784 10286
f 10287 9785 9778
f 9778 10288 10287
f 9785 9789 9778
f 10289 10288 9778
f 9778 9789 10289
f 9790 9796 10290
f 10290 9796 10291
f 9810 10285 10283
f 10283 10296 9810
f 10295 9800 10297
f 9818 9798 9801
f 10297 9818 10298
f 9806 9818 9801
f 9807 9811 9806
f 9809 9777 10284
f 9812 9809 9810
f 9809 9812 9808
f 9783 9784 9781
f 9784 9783 9785
f 9810 9811 9812
f 9812 9807 9808
f 9811 9807 9812
f 9787 9790 9789
f 9787 9788 9790
f 9795 9796 9794
f 9841 10292 10291
f 9797 9841 9795
f 9797 9842 9841
f 10294 10293 9842
f 9797 9840 9842
f 9849 9850 10294
f 9850 10300 10294
f 9843 9849 9840
f 9857 9846 9858
f 9857 9858 9859
f 9857 9850 9849
f 9859 9861 9851
f 10302 10301 9851
f 9851 9861 10302
f 9862 9864 10303
f 10303 9864 10304
f 10312 9868 10313
f 9868 9881 10313
f 10314 9882 9875
f 9875 10315 10314
f 9799 9798 9800
f 9874 9800 10295
f 10295 10299 9874
f 9874 9876 9873
f 9876 9872 9873
f 9875 9872 9876
f 9858 9846 9855
f 9856 9858 9855
f 9858 9856 9859
f 9864 9862 9899
f 9860 9862 9861
f 9893 9900 9899
f 9900 9897 9899
f 9907 10305 10304
f 9865 9907 9863
f 9894 9900 9893
f 9894 9898 9900
f 9897 9900 9898
f 9865 9908 9907
f 10307 10306 9908
f 9865 9906 9908
f 9866 9924 9916
f 9925 9924 9866
f 9867 9925 9866
f 10308 10307 9924
f 9912 9918 9906
f 9912 9917 9918
f 9916 9918 9917
f 9867 9926 9925
f 10311 10310 9926
f 9867 9923 9926
f 9939 9943 10311
f 9943 10318 10311
f 9934 9939 9923
f 9934 9938 9939
f 9943 9942 9944
f 10320 10319 9944
f 9944 9954 10320
f 9955 9958 10321
f 10321 9958 10322
f 9960 9969 9963
f 9881 9868 9974
f 9961 9868 10312
f 10312 10317 9961
f 9961 9974 9868
f 9881 9880 9882
f 9975 9972 9974
f 9882 9880 9878
f 9962 10324 10326
f 10327 9969 10326
f 9966 9973 9975
f 9972 9975 9973
f 9953 9954 9950
f 9958 9955 9988
f 9953 9955 9954
f 9983 9989 9988
f 9988 9994 9958
f 9958 9994 10322
f 10323 10322 9994
f 9984 9989 9983
f 9984 9987 9989
f 9995 9993 9996
f 10331 10330 9996
f 10002 10332 10331
f 9996 10002 10331
f 9964 10011 10005
f 10012 10011 9964
f 10011 10013 10005
f 10337 10016 10336
f 10005 10013 10010
f 10335 10336 10013
f 10014 10010 10016
f 10327 10012 9969
f 10327 10328 10012
f 10001 10002 9998
f 10026 10333 10332
f 10334 10333 10026
f 10001 10025 10026
f 10033 10034 10334
f 10034 10339 10334
f 10027 10033 10025
f 10038 10030 10039
f 10038 10034 10033
f 10034 10038 10340
f 10340 10339 10034
f 10015 10045 10040
f 10045 10046 10040
f 10337 10338 10045
f 10016 10015 10014
f 10040 10046 10043
f 10043 10046 10047
f 10047 10044 10043
f 10345 10346 10047
f 10048 10044 10050
f 10051 10049 10050
f 10050 10049 10048
f 10039 10030 10037
f 10039 10074 10341
f 10072 10075 10074
f 10076 10074 10075
f 10080 10067 10081
f 10073 10067 10080
f 10075 10080 10350
f 10076 10343 10342
f 10076 10352 10343
f 10351 10352 10076
f 10082 10051 10347
f 10347 10348 10082
f 10348 10349 10082
f 10082 10084 10051
f 10082 10349 10084
f 10083 10058 10084
f 10349 10355 10089
f 10083 10089 10087
f 10087 10089 10090
f 10090 10088 10087
f 10356 10357 10090
f 10091 10088 10093
f 10094 10092 10093
f 10093 10092 10091
f 10081 10067 10079
f 10081 10130 10353
f 10128 10131 10130
f 10354 10353 10130
f 10132 10120 10133
f 10129 10120 10132
f 10131 10132 10362
f 10362 10361 10131
f 10134 10094 10358
f 10358 10359 10134
f 10359 10360 10134
f 10134 10136 10094
f 10134 10360 10136
f 10135 10101 10136
f 10360 10365 10141
f 10135 10141 10139
f 10139 10141 10142
f 10142 10140 10139
f 10366 10367 10142
f 10368 10144 10367
f 10143 10140 10144
f 10154 10144 10368
f 10152 10146 10154
f 10152 10154 10155
f 10156 10153 10158
f 10158 10153 10157
f 10168 10158 10372
f 10166 10160 10168
f 10166 10168 10169
f 10172 10174 10173
f 10170 10167 10173
f 10173 10167 10172
f 10174 10171 10173
f 10173 10171 10170
f 10235 10224 10236
f 10230 10224 10235
f 10235 10236 10237
f 10232 10230 10235
f 10232 10235 10237
f 10122 10234 10240
f 10234 10241 10240
f 10240 10242 10133
f 10133 10242 10363
f 10364 10363 10242
f 10239 10233 10238
f 10244 10239 10383
f 10239 10244 10241
f 10244 10383 10384
f 10244 10243 10241
f 10243 10244 10384
f 10384 10382 10243
f 10369 10245 10155
f 10369 10371 10245
f 10245 10157 10155
f 10370 10157 10245
f 10371 10370 10245
f 10373 10246 10169
f 10373 10374 10246
f 10246 10172 10169
f 10375 10376 10247
f 10247 10248 10174
f 10247 10376 10248
f 10183 10249 10250
f 10376 10249 10248
f 10250 10249 10252
f 10250 10187 10183
f 10385 10386 10252
f 10195 10188 10254
f 10251 10187 10250
f 10251 10250 10252
f 10251 10377 10254
f 10253 10195 10254
f 10377 10388 10259
f 10386 10387 10252
f 10253 10259 10256
f 10256 10259 10260
f 10260 10257 10256
f 10205 10200 10263
f 10200 10258 10263
f 10258 10264 10263
f 10262 10205 10263
f 10264 10262 10263
f 10389 10390 10260
f 10391 10261 10390
f 10270 10261 10391
f 10261 10270 10264
f 10270 10391 10392
f 10392 10393 10269
f 10269 10267 10266
f 10218 10209 10272
f 10209 10268 10272
f 10268 10273 10272
f 10220 10274 10275
f 10275 10274 10278
f 10275 10226 10220
f 10278 10274 10277
f 10393 10394 10269
f 10395 10271 10394
f 10279 10271 10395
f 10271 10279 10273
f 10279 10395 10396
f 10279 10277 10273
f 10277 10279 10396
f 10276 10226 10275
f 10276 10275 10278
f 10276 10378 10280
f 10280 10281 10236
f 10378 10281 10280
f 10282 10238 10237
f 10378 10379 10281
f 10397 10398 10278
f 10380 10238 10282
f 10381 10380 10282
f 147 143 145
f 147 144 143
f 161 155 166
f 161 154 155
f 153 143 144
f 153 146 143
f 158 154 161
f 158 153 154
f 162 158 163
f 162 157 158
f 163 164 162
f 163 168 164
f 156 148 254
f 156 147 148
f 254 250 255
f 254 249 250
f 260 256 255
f 260 262 256
f 155 257 167
f 155 156 257
f 269 168 170
f 269 171 168
f 166 267 170
f 166 167 267
f 268 264 273
f 268 263 264
f 256 266 257
f 256 263 266
f 270 266 268
f 270 267 266
f 275 271 270
f 275 277 271
f 171 272 172
f 171 269 272
f 184 284 185
f 184 282 284
f 283 279 288
f 283 278 279
f 271 281 272
f 271 278 281
f 285 281 283
f 285 282 281
f 290 286 285
f 290 292 286
f 293 284 286
f 293 287 284
f 244 347 245
f 244 346 347
f 243 259 258
f 243 245 259
f 258 361 261
f 258 259 361
f 265 260 261
f 265 262 260
f 354 346 349
f 354 347 346
f 360 355 362
f 360 354 355
f 364 360 362
f 364 361 360
f 368 365 364
f 368 371 365
f 264 366 274
f 264 265 366
f 273 376 276
f 273 274 376
f 280 275 276
f 280 277 275
f 377 373 382
f 377 372 373
f 365 375 366
f 365 372 375
f 379 375 377
f 379 376 375
f 384 380 379
f 384 386 380
f 279 381 289
f 279 280 381
f 288 391 291
f 288 289 391
f 297 290 291
f 297 292 290
f 392 388 397
f 392 387 388
f 380 390 381
f 380 387 390
f 394 390 392
f 394 391 390
f 399 395 394
f 399 401 395
f 295 396 305
f 295 297 396
f 296 305 306
f 296 295 305
f 306 410 307
f 306 408 410
f 402 409 407
f 402 404 409
f 395 407 396
f 395 402 407
f 410 409 411
f 410 408 409
f 374 368 370
f 374 371 368
f 454 370 369
f 454 457 370
f 373 458 383
f 373 374 458
f 382 471 385
f 382 383 471
f 389 384 385
f 389 386 384
f 465 457 460
f 465 458 457
f 473 472 476
f 473 471 472
f 477 473 476
f 477 474 473
f 388 475 398
f 388 389 475
f 397 489 400
f 397 398 489
f 405 399 400
f 405 401 399
f 483 490 488
f 483 485 490
f 474 488 475
f 474 483 488
f 491 490 492
f 491 489 490
f 491 406 405
f 491 494 406
f 486 478 554
f 486 477 478
f 554 487 486
f 554 557 487
f 659 662 661
f 659 660 662
f 669 660 659
f 669 671 660
f 677 673 680
f 677 672 673
f 674 673 671
f 674 679 673
f 682 677 683
f 682 676 677
f 681 683 680
f 681 685 683
f 5 679 4
f 5 681 679
f 611 686 612
f 611 682 686
f 622 619 618
f 622 623 619
f 617 616 618
f 617 615 616
f 616 691 692
f 616 615 691
f 689 685 690
f 689 684 685
f 684 691 686
f 684 689 691
f 693 7 8
f 693 690 7
f 14 693 13
f 14 695 693
f 695 9 692
f 695 10 9
f 630 622 629
f 630 624 622
f 638 635 634
f 638 639 635
f 633 632 634
f 633 630 632
f 11 629 9
f 11 631 629
f 21 631 20
f 21 632 631
f 17 10 16
f 17 11 10
f 18 23 17
f 18 24 23
f 25 20 23
f 25 22 20
f 645 638 644
f 645 640 638
f 699 644 696
f 699 645 644
f 646 703 647
f 646 700 703
f 704 699 702
f 704 700 699
f 709 705 704
f 709 710 705
f 701 709 702
f 701 708 709
f 21 698 696
f 21 22 698
f 701 26 27
f 701 698 26
f 718 713 725
f 718 712 713
f 711 703 705
f 711 706 703
f 715 712 718
f 715 711 712
f 748 741 744
f 748 742 741
f 654 743 655
f 654 741 743
f 653 667 666
f 653 655 667
f 669 668 675
f 669 666 668
f 668 758 759
f 668 667 758
f 742 758 743
f 742 755 758
f 756 755 754
f 756 760 755
f 35 760 34
f 35 762 760
f 762 31 759
f 762 32 31
f 674 31 30
f 674 675 31
f 41 30 33
f 41 40 30
f 39 4 40
f 39 3 4
f 5 6 7
f 5 3 6
f 37 32 36
f 37 33 32
f 38 47 37
f 38 48 47
f 43 41 47
f 43 39 41
f 44 49 51
f 44 43 49
f 55 6 45
f 55 8 6
f 54 13 55
f 54 12 13
f 14 15 16
f 14 12 15
f 52 45 44
f 52 56 45
f 53 62 52
f 53 63 62
f 58 56 62
f 58 54 56
f 59 64 66
f 59 58 64
f 69 15 60
f 69 18 15
f 72 24 71
f 72 25 24
f 71 70 74
f 71 69 70
f 67 60 59
f 67 70 60
f 68 79 67
f 68 80 79
f 81 74 79
f 81 76 74
f 26 73 27
f 26 72 73
f 87 73 77
f 87 86 73
f 88 87 89
f 88 86 87
f 90 708 88
f 90 714 708
f 84 76 83
f 84 77 76
f 85 94 84
f 85 95 94
f 96 89 94
f 96 91 89
f 713 714 726
f 713 710 714
f 766 729 731
f 766 732 729
f 725 763 731
f 725 727 763
f 763 728 764
f 763 727 728
f 92 726 90
f 92 728 726
f 771 768 767
f 771 772 768
f 771 764 765
f 771 767 764
f 99 91 98
f 99 92 91
f 100 103 99
f 100 104 103
f 770 103 104
f 770 765 103
f 780 775 787
f 780 774 775
f 773 766 768
f 773 769 766
f 777 774 780
f 777 773 774
f 757 748 749
f 757 754 748
f 805 749 750
f 805 804 749
f 809 806 810
f 809 804 806
f 814 809 810
f 814 811 809
f 756 106 105
f 756 757 106
f 111 105 107
f 111 110 105
f 113 34 112
f 113 35 34
f 112 111 115
f 112 110 111
f 106 817 107
f 106 811 817
f 108 818 109
f 108 817 818
f 109 119 108
f 109 120 119
f 121 115 119
f 121 117 115
f 36 114 38
f 36 113 114
f 127 114 118
f 127 126 114
f 125 48 126
f 125 46 48
f 49 50 51
f 49 46 50
f 123 117 122
f 123 118 117
f 124 133 123
f 124 134 133
f 129 127 133
f 129 125 127
f 130 135 137
f 130 129 135
f 141 50 131
f 141 53 50
f 140 63 141
f 140 61 63
f 64 65 66
f 64 61 65
f 138 131 130
f 138 142 131
f 139 149 138
f 139 150 149
f 145 142 149
f 145 140 142
f 159 65 146
f 159 68 65
f 157 80 159
f 157 78 80
f 81 82 83
f 81 78 82
f 177 82 165
f 177 85 82
f 176 95 177
f 176 93 95
f 96 97 98
f 96 93 97
f 174 165 164
f 174 178 165
f 175 186 174
f 175 187 186
f 180 178 186
f 180 176 178
f 181 188 190
f 181 180 188
f 193 97 182
f 193 100 97
f 195 194 196
f 195 193 194
f 197 770 195
f 197 776 770
f 191 182 181
f 191 194 182
f 192 201 191
f 192 202 201
f 203 196 201
f 203 198 196
f 775 776 788
f 775 772 776
f 823 791 793
f 823 794 791
f 787 820 793
f 787 789 820
f 820 790 821
f 820 789 790
f 199 788 197
f 199 790 788
f 828 825 824
f 828 829 825
f 828 821 822
f 828 824 821
f 206 198 205
f 206 199 198
f 207 210 206
f 207 211 210
f 827 210 211
f 827 822 210
f 830 823 825
f 830 826 823
f 851 812 815
f 851 813 812
f 814 813 819
f 814 812 813
f 856 853 857
f 856 851 853
f 861 856 857
f 861 858 856
f 818 213 212
f 818 819 213
f 218 212 214
f 218 217 212
f 220 120 219
f 220 121 120
f 219 218 222
f 219 217 218
f 213 864 214
f 213 858 864
f 215 865 216
f 215 864 865
f 216 226 215
f 216 227 226
f 228 222 226
f 228 224 222
f 122 221 124
f 122 220 221
f 234 221 225
f 234 233 221
f 232 134 233
f 232 132 134
f 135 136 137
f 135 132 136
f 230 224 229
f 230 225 224
f 231 240 230
f 231 241 240
f 236 234 240
f 236 232 234
f 237 242 246
f 237 236 242
f 251 136 238
f 251 139 136
f 249 150 251
f 249 148 150
f 247 238 237
f 247 252 238
f 250 247 243
f 250 252 247
f 172 187 175
f 172 184 187
f 188 189 190
f 188 185 189
f 299 189 287
f 299 192 189
f 298 202 299
f 298 200 202
f 203 204 205
f 203 200 204
f 308 293 296
f 308 300 293
f 302 300 308
f 302 298 300
f 303 310 312
f 303 302 310
f 315 204 304
f 315 207 204
f 317 316 318
f 317 315 316
f 319 827 317
f 319 834 827
f 313 304 303
f 313 316 304
f 314 321 313
f 314 322 321
f 323 318 321
f 323 320 318
f 832 834 840
f 832 829 834
f 833 841 842
f 833 832 841
f 873 840 867
f 873 841 840
f 868 876 873
f 868 870 876
f 868 872 869
f 868 871 872
f 319 871 867
f 319 320 871
f 894 859 862
f 894 860 859
f 861 860 866
f 861 859 860
f 899 896 900
f 899 894 896
f 903 899 900
f 903 901 899
f 865 326 325
f 865 866 326
f 330 325 327
f 330 329 325
f 332 227 331
f 332 228 227
f 331 330 334
f 331 329 330
f 910 906 907
f 910 909 906
f 326 909 327
f 326 901 909
f 338 912 339
f 338 910 912
f 339 334 338
f 339 336 334
f 229 333 231
f 229 332 333
f 345 333 337
f 345 344 333
f 343 241 344
f 343 239 241
f 242 244 246
f 242 239 244
f 341 336 340
f 341 337 336
f 342 351 341
f 342 352 351
f 348 345 351
f 348 343 345
f 349 353 357
f 349 348 353
f 310 311 312
f 310 307 311
f 412 417 419
f 412 411 417
f 422 311 413
f 422 314 311
f 425 322 424
f 425 323 322
f 424 423 426
f 424 422 423
f 420 413 412
f 420 423 413
f 421 428 420
f 421 429 428
f 918 428 429
f 918 915 428
f 916 426 915
f 916 427 426
f 870 882 883
f 870 869 882
f 926 881 917
f 926 882 881
f 427 872 425
f 427 881 872
f 921 929 926
f 921 923 929
f 916 921 917
f 916 920 921
f 908 903 905
f 908 906 903
f 943 905 904
f 943 948 905
f 948 944 949
f 948 943 944
f 953 950 949
f 953 956 950
f 907 951 913
f 907 908 951
f 914 960 961
f 914 913 960
f 432 912 914
f 432 430 912
f 962 958 964
f 962 957 958
f 950 960 951
f 950 957 960
f 965 962 964
f 965 963 962
f 963 432 961
f 963 433 432
f 340 431 342
f 340 430 431
f 441 431 434
f 441 440 431
f 439 352 440
f 439 350 352
f 353 356 357
f 353 350 356
f 437 433 436
f 437 434 433
f 438 447 437
f 438 448 447
f 443 441 447
f 443 439 441
f 444 449 451
f 444 443 449
f 359 369 355
f 359 455 369
f 455 356 445
f 455 359 356
f 452 445 444
f 452 456 445
f 453 462 452
f 453 463 462
f 459 456 462
f 459 454 456
f 460 464 467
f 460 459 464
f 469 479 468
f 469 480 479
f 472 468 479
f 472 465 468
f 493 498 500
f 493 492 498
f 406 416 404
f 406 504 416
f 503 416 504
f 503 414 416
f 417 418 419
f 417 414 418
f 501 494 493
f 501 505 494
f 502 510 501
f 502 511 510
f 507 505 510
f 507 503 505
f 508 512 513
f 508 507 512
f 515 418 509
f 515 421 418
f 517 516 518
f 517 515 516
f 519 918 517
f 519 925 918
f 982 972 973
f 982 981 972
f 982 970 978
f 982 971 970
f 513 970 514
f 513 969 970
f 514 509 508
f 514 516 509
f 973 518 971
f 973 519 518
f 922 925 934
f 922 920 925
f 974 922 934
f 974 924 922
f 976 974 972
f 976 977 974
f 959 953 955
f 959 956 953
f 996 955 954
f 996 999 955
f 1003 999 1002
f 1003 1000 999
f 958 1001 966
f 958 959 1001
f 967 1011 1012
f 967 966 1011
f 523 965 967
f 523 521 965
f 1013 1008 1015
f 1013 1007 1008
f 1000 1011 1001
f 1000 1007 1011
f 1017 1012 1013
f 1017 1014 1012
f 436 522 438
f 436 521 522
f 528 522 524
f 528 527 522
f 526 448 527
f 526 446 448
f 449 450 451
f 449 446 450
f 1023 1019 1020
f 1023 1022 1019
f 523 1022 524
f 523 1014 1022
f 533 1025 534
f 533 1023 1025
f 530 528 533
f 530 526 528
f 531 534 535
f 531 530 534
f 539 450 532
f 539 453 450
f 538 463 539
f 538 461 463
f 464 466 467
f 464 461 466
f 536 532 531
f 536 540 532
f 537 545 536
f 537 546 545
f 542 540 545
f 542 538 540
f 543 547 548
f 543 542 547
f 552 466 544
f 552 469 466
f 551 480 552
f 551 478 480
f 549 544 543
f 549 553 544
f 550 558 549
f 550 559 558
f 555 553 558
f 555 551 553
f 556 560 561
f 556 555 560
f 487 497 485
f 487 565 497
f 564 497 565
f 564 495 497
f 498 499 500
f 498 495 499
f 562 557 556
f 562 566 557
f 563 571 562
f 563 572 571
f 568 566 571
f 568 564 566
f 569 573 574
f 569 568 573
f 576 499 570
f 576 502 499
f 579 511 578
f 579 512 511
f 578 577 580
f 578 576 577
f 1038 1031 1035
f 1038 1032 1031
f 574 1031 575
f 574 1030 1031
f 575 570 569
f 575 577 570
f 1033 580 1032
f 1033 581 580
f 1046 979 1034
f 1046 980 979
f 1049 981 983
f 1049 984 981
f 978 1047 983
f 978 980 1047
f 581 969 579
f 581 979 969
f 1041 1048 1046
f 1041 1043 1048
f 1033 1041 1034
f 1033 1040 1041
f 1049 1048 1050
f 1049 1047 1048
f 1010 1058 1009
f 1010 1059 1058
f 1008 1058 1016
f 1008 1009 1058
f 1015 1067 1018
f 1015 1016 1067
f 1021 1017 1018
f 1021 1019 1017
f 1069 1068 1072
f 1069 1067 1068
f 1073 1069 1072
f 1073 1070 1069
f 1020 1071 1026
f 1020 1021 1071
f 1027 1082 1083
f 1027 1026 1082
f 585 1025 1027
f 585 583 1025
f 1084 1078 1086
f 1084 1077 1078
f 1070 1082 1071
f 1070 1077 1082
f 1087 1083 1084
f 1087 1085 1083
f 535 584 537
f 535 583 584
f 589 584 586
f 589 588 584
f 591 546 590
f 591 547 546
f 590 589 593
f 590 588 589
f 1095 1090 1091
f 1095 1094 1090
f 1099 1095 1098
f 1099 1096 1095
f 585 1094 586
f 585 1085 1094
f 1097 593 1096
f 1097 594 593
f 548 592 550
f 548 591 592
f 599 592 595
f 599 598 592
f 601 559 600
f 601 560 559
f 600 599 603
f 600 598 599
f 1107 1102 1103
f 1107 1106 1102
f 1112 1107 1111
f 1112 1108 1107
f 594 1106 595
f 594 1097 1106
f 1109 603 1108
f 1109 604 603
f 561 602 563
f 561 601 602
f 1028 604 1110
f 1028 602 604
f 608 572 607
f 608 573 572
f 1121 607 1028
f 1121 609 607
f 1122 1117 1127
f 1122 1116 1117
f 1109 1116 1110
f 1109 1115 1116
f 1129 1123 1124
f 1129 1128 1123
f 1129 1121 1122
f 1129 1124 1121
f 1136 1036 1125
f 1136 1037 1036
f 1035 1137 1039
f 1035 1037 1137
f 1044 1038 1039
f 1044 1040 1038
f 609 1030 608
f 609 1036 1030
f 1123 1136 1125
f 1123 1133 1136
f 1139 1138 1140
f 1139 1137 1138
f 1139 1045 1044
f 1139 1142 1045
f 1078 1088 1086
f 1078 1081 1088
f 1092 1087 1089
f 1092 1090 1087
f 1150 1089 1088
f 1150 1152 1089
f 1152 1093 1092
f 1152 1155 1093
f 1091 1100 1098
f 1091 1093 1100
f 1104 1099 1101
f 1104 1102 1099
f 1159 1101 1100
f 1159 1162 1101
f 1162 1105 1104
f 1162 1165 1105
f 1103 1113 1111
f 1103 1105 1113
f 1118 1112 1114
f 1118 1115 1112
f 1169 1114 1113
f 1169 1172 1114
f 1172 1119 1118
f 1172 1175 1119
f 1117 1130 1127
f 1117 1119 1130
f 1212 1209 1215
f 1212 1208 1209
f 1210 1209 1207
f 1210 1214 1209
f 1217 1221 1220
f 1217 1218 1221
f 1216 1217 1215
f 1216 1219 1217
f 621 1214 620
f 621 1216 1214
f 1229 1227 1232
f 1229 1226 1227
f 1227 1219 1228
f 1227 1218 1219
f 1234 1238 1237
f 1234 1235 1238
f 1233 1234 1232
f 1233 1236 1234
f 1231 625 626
f 1231 1228 625
f 637 1231 636
f 637 1233 1231
f 1246 1244 1249
f 1246 1243 1244
f 1244 1236 1245
f 1244 1235 1236
f 1250 1253 1252
f 1250 1251 1253
f 1259 1251 1250
f 1259 1260 1251
f 1248 1259 1249
f 1248 1258 1259
f 1248 641 642
f 1248 1245 641
f 1263 1267 1270
f 1263 1262 1267
f 1264 1262 1260
f 1264 1267 1262
f 1298 1301 1300
f 1298 1299 1301
f 1311 1299 1298
f 1311 1312 1299
f 1188 1186 1185
f 1188 1189 1186
f 1318 1185 1186
f 1318 1317 1185
f 1319 1314 1324
f 1319 1313 1314
f 1315 1314 1312
f 1315 1323 1314
f 1322 1319 1324
f 1322 1317 1319
f 670 656 653
f 670 1323 656
f 661 1325 670
f 661 664 1325
f 1325 663 1322
f 1325 664 663
f 1198 1188 1197
f 1198 1190 1188
f 1202 1200 1203
f 1202 1198 1200
f 1211 1201 1203
f 1211 1207 1201
f 665 1197 663
f 665 1199 1197
f 1199 676 687
f 1199 678 676
f 687 1211 1200
f 687 688 1211
f 672 665 662
f 672 678 665
f 612 620 613
f 612 617 620
f 1210 611 613
f 1210 688 611
f 621 623 625
f 621 619 623
f 624 636 626
f 624 633 636
f 637 639 641
f 637 635 639
f 640 648 642
f 640 646 648
f 1258 647 707
f 1258 648 647
f 1278 1274 1273
f 1278 1279 1274
f 1270 1283 1273
f 1270 1271 1283
f 1264 649 650
f 1264 707 649
f 716 649 706
f 716 650 649
f 721 717 722
f 721 716 717
f 723 1271 721
f 723 1283 1271
f 717 720 722
f 717 715 720
f 724 729 733
f 724 720 729
f 1285 1278 1284
f 1285 1280 1278
f 1330 1284 1327
f 1330 1285 1284
f 1335 1330 1334
f 1335 1331 1330
f 1332 1335 1337
f 1332 1331 1335
f 1335 1338 1337
f 1335 1336 1338
f 1344 1336 1335
f 1344 1345 1336
f 1333 1344 1334
f 1333 1343 1344
f 723 1329 1327
f 723 724 1329
f 1333 733 734
f 1333 1329 733
f 1367 1358 1362
f 1367 1359 1358
f 1291 1360 1292
f 1291 1358 1360
f 1290 1308 1307
f 1290 1292 1308
f 1309 1360 1361
f 1309 1308 1360
f 1311 1310 1316
f 1311 1307 1310
f 1309 739 745
f 1309 740 739
f 745 1316 1310
f 745 746 1316
f 1359 1373 1361
f 1359 1372 1373
f 737 1374 738
f 737 1373 1374
f 738 751 737
f 738 752 751
f 744 740 751
f 744 739 740
f 1315 654 656
f 1315 746 654
f 778 732 769
f 778 734 732
f 783 779 784
f 783 778 779
f 785 1343 783
f 785 1351 1343
f 779 782 784
f 779 777 782
f 786 791 795
f 786 782 791
f 1348 1351 1352
f 1348 1345 1351
f 1349 1353 1354
f 1349 1348 1353
f 1379 1352 1376
f 1379 1353 1352
f 1384 1379 1383
f 1384 1380 1379
f 1381 1384 1385
f 1381 1380 1384
f 1382 1392 1383
f 1382 1390 1392
f 785 1378 1376
f 785 786 1378
f 1382 795 796
f 1382 1378 795
f 1375 1367 1368
f 1375 1372 1367
f 1406 1368 1369
f 1406 1405 1368
f 1410 1407 1411
f 1410 1405 1407
f 1415 1410 1411
f 1415 1412 1410
f 1374 799 798
f 1374 1375 799
f 808 798 800
f 808 807 798
f 805 752 807
f 805 750 752
f 799 1418 800
f 799 1412 1418
f 802 1419 803
f 802 1418 1419
f 806 802 801
f 806 808 802
f 1397 1391 1392
f 1397 1393 1391
f 835 794 826
f 835 796 794
f 837 836 838
f 837 835 836
f 839 1390 837
f 839 1397 1390
f 843 830 833
f 843 836 830
f 1426 843 844
f 1426 1421 843
f 1422 838 1421
f 1422 839 838
f 1423 1394 1393
f 1423 1425 1394
f 1422 1430 1424
f 1422 1428 1430
f 1430 1423 1424
f 1430 1429 1423
f 1448 1413 1416
f 1448 1414 1413
f 1415 1414 1420
f 1415 1413 1414
f 1453 1450 1454
f 1453 1448 1450
f 1458 1453 1454
f 1458 1455 1453
f 803 815 801
f 803 854 815
f 1419 846 845
f 1419 1420 846
f 855 845 847
f 855 854 845
f 846 1461 847
f 846 1455 1461
f 849 1462 850
f 849 1461 1462
f 853 849 848
f 853 855 849
f 844 875 877
f 844 842 875
f 879 1426 877
f 879 1433 1426
f 875 884 878
f 875 876 884
f 886 878 884
f 886 880 878
f 1431 1433 1438
f 1431 1428 1433
f 1432 1439 1440
f 1432 1431 1439
f 1471 1438 1464
f 1471 1439 1438
f 1465 1474 1471
f 1465 1467 1474
f 1465 1470 1466
f 1465 1469 1470
f 879 1469 1464
f 879 880 1469
f 1486 1456 1459
f 1486 1457 1456
f 1458 1457 1463
f 1458 1456 1457
f 1491 1488 1492
f 1491 1486 1488
f 1496 1491 1492
f 1496 1493 1491
f 850 862 848
f 850 897 862
f 1462 889 888
f 1462 1463 889
f 898 888 890
f 898 897 888
f 889 1499 890
f 889 1493 1499
f 892 1500 893
f 892 1499 1500
f 896 892 891
f 896 898 892
f 885 928 930
f 885 883 928
f 931 885 930
f 931 886 885
f 1512 1503 1504
f 1512 1511 1503
f 1509 935 936
f 1509 1502 935
f 928 935 932
f 928 929 935
f 1504 932 1502
f 1504 933 932
f 1505 1466 1477
f 1505 1468 1466
f 933 1470 931
f 933 1477 1470
f 1507 1505 1503
f 1507 1508 1505
f 1528 1494 1497
f 1528 1495 1494
f 1496 1495 1501
f 1496 1494 1495
f 1533 1530 1534
f 1533 1528 1530
f 1538 1533 1534
f 1538 1535 1533
f 893 904 891
f 893 945 904
f 1500 938 937
f 1500 1501 938
f 946 937 939
f 946 945 937
f 938 1541 939
f 938 1535 1541
f 941 1542 942
f 941 1541 1542
f 944 941 940
f 944 946 941
f 1550 1511 1513
f 1550 1514 1511
f 1512 1510 1513
f 1512 1509 1510
f 924 936 923
f 924 987 936
f 989 988 990
f 989 987 988
f 1547 989 990
f 1547 1510 989
f 1551 1552 1550
f 1551 1559 1552
f 1560 1548 1556
f 1560 1549 1548
f 1560 1547 1549
f 1560 1551 1547
f 985 1548 986
f 985 1545 1548
f 986 977 976
f 986 988 977
f 1567 1536 1539
f 1567 1537 1536
f 1538 1537 1543
f 1538 1536 1537
f 1572 1568 1574
f 1572 1567 1568
f 1575 1573 1572
f 1575 1578 1573
f 942 954 940
f 942 997 954
f 1542 993 992
f 1542 1543 993
f 998 992 994
f 998 997 992
f 1584 1578 1579
f 1584 1583 1578
f 993 1583 994
f 993 1573 1583
f 1004 1586 1005
f 1004 1584 1586
f 1002 998 1004
f 1002 996 998
f 1592 1056 1057
f 1592 1589 1056
f 1589 1050 1056
f 1589 1054 1050
f 1603 1557 1591
f 1603 1558 1557
f 1556 1604 1561
f 1556 1558 1604
f 1561 1605 1562
f 1561 1604 1605
f 984 1545 985
f 984 1053 1545
f 1557 1055 1591
f 1557 1053 1055
f 1598 1606 1603
f 1598 1600 1606
f 1590 1598 1591
f 1590 1597 1598
f 1055 1590 1591
f 1055 1054 1590
f 1579 1588 1585
f 1579 1582 1588
f 1618 1585 1588
f 1618 1587 1585
f 1062 1586 1587
f 1062 1060 1586
f 1005 1010 1003
f 1005 1060 1010
f 1623 1619 1625
f 1623 1618 1619
f 1626 1624 1623
f 1626 1629 1624
f 1635 1629 1630
f 1635 1634 1629
f 1062 1634 1063
f 1062 1624 1634
f 1063 1064 1059
f 1063 1065 1064
f 1068 1065 1074
f 1068 1064 1065
f 1074 1637 1075
f 1074 1635 1637
f 1654 1647 1651
f 1654 1648 1647
f 1134 1647 1135
f 1134 1646 1647
f 1138 1135 1145
f 1138 1133 1135
f 1648 1140 1145
f 1648 1143 1140
f 1595 1594 1596
f 1595 1592 1594
f 1594 1664 1665
f 1594 1593 1664
f 1601 1595 1596
f 1601 1597 1595
f 1045 1057 1043
f 1045 1146 1057
f 1593 1142 1144
f 1593 1146 1142
f 1658 1666 1664
f 1658 1660 1666
f 1649 1658 1650
f 1649 1657 1658
f 1667 1666 1668
f 1667 1665 1666
f 1144 1649 1650
f 1144 1143 1649
f 1667 1602 1601
f 1667 1670 1602
f 1630 1638 1636
f 1630 1633 1638
f 1641 1636 1639
f 1641 1637 1636
f 1680 1639 1638
f 1680 1682 1639
f 1075 1080 1073
f 1075 1148 1080
f 1643 1683 1690
f 1643 1642 1683
f 1148 1642 1149
f 1148 1641 1642
f 1081 1149 1151
f 1081 1080 1149
f 1150 1643 1156
f 1150 1151 1643
f 1688 1682 1685
f 1688 1683 1682
f 1693 1690 1691
f 1693 1692 1690
f 1696 1694 1693
f 1696 1699 1694
f 1694 1156 1692
f 1694 1157 1156
f 1705 1699 1700
f 1705 1704 1699
f 1709 1705 1708
f 1709 1706 1705
f 1158 1155 1154
f 1158 1161 1155
f 1157 1158 1154
f 1157 1704 1158
f 1163 1161 1167
f 1163 1159 1161
f 1706 1163 1167
f 1706 1166 1163
f 1719 1713 1714
f 1719 1718 1713
f 1724 1719 1723
f 1724 1720 1719
f 1168 1165 1164
f 1168 1171 1165
f 1166 1168 1164
f 1166 1718 1168
f 1173 1171 1178
f 1173 1169 1171
f 1720 1173 1178
f 1720 1176 1173
f 1644 1175 1177
f 1644 1179 1175
f 1132 1179 1180
f 1132 1130 1179
f 1128 1181 1134
f 1128 1132 1181
f 1735 1180 1644
f 1735 1182 1180
f 1736 1730 1741
f 1736 1729 1730
f 1721 1729 1722
f 1721 1728 1729
f 1743 1737 1738
f 1743 1742 1737
f 1743 1735 1736
f 1743 1738 1735
f 1177 1721 1722
f 1177 1176 1721
f 1750 1652 1739
f 1750 1653 1652
f 1656 1661 1655
f 1656 1662 1661
f 1651 1751 1655
f 1651 1653 1751
f 1661 1654 1655
f 1661 1657 1654
f 1655 1752 1656
f 1655 1751 1752
f 1182 1646 1181
f 1182 1652 1646
f 1737 1750 1739
f 1737 1747 1750
f 1700 1710 1708
f 1700 1703 1710
f 1712 1715 1711
f 1712 1716 1715
f 1715 1709 1711
f 1715 1713 1709
f 1714 1725 1723
f 1714 1717 1725
f 1727 1731 1726
f 1727 1732 1731
f 1731 1724 1726
f 1731 1728 1724
f 1730 1744 1741
f 1730 1733 1744
f 1853 1849 1856
f 1853 1848 1849
f 1850 1849 1847
f 1850 1855 1849
f 1857 1853 1858
f 1857 1852 1853
f 1864 1859 1858
f 1864 1865 1859
f 1855 1864 1856
f 1855 1863 1864
f 1866 1857 1859
f 1866 1860 1857
f 1871 1867 1875
f 1871 1866 1867
f 1868 1867 1865
f 1868 1874 1867
f 1877 1871 1878
f 1877 1870 1871
f 1876 1878 1875
f 1876 1880 1878
f 1206 1874 1205
f 1206 1876 1874
f 1201 1195 1206
f 1201 1194 1195
f 1783 1881 1784
f 1783 1877 1881
f 1788 1881 1882
f 1788 1787 1881
f 1795 1792 1791
f 1795 1796 1792
f 1790 1789 1791
f 1790 1787 1789
f 1223 1788 1222
f 1223 1789 1788
f 1880 1196 1882
f 1880 1195 1196
f 1208 1196 1194
f 1208 1213 1196
f 1213 1220 1222
f 1213 1212 1220
f 1803 1795 1802
f 1803 1797 1795
f 1811 1808 1807
f 1811 1812 1808
f 1806 1805 1807
f 1806 1803 1805
f 1225 1802 1223
f 1225 1804 1802
f 1240 1804 1239
f 1240 1805 1804
f 1226 1225 1221
f 1226 1230 1225
f 1230 1237 1239
f 1230 1229 1237
f 1818 1811 1817
f 1818 1813 1811
f 1825 1823 1822
f 1825 1826 1823
f 1821 1820 1822
f 1821 1818 1820
f 1242 1817 1240
f 1242 1819 1817
f 1255 1819 1254
f 1255 1820 1819
f 1243 1242 1238
f 1243 1247 1242
f 1247 1252 1254
f 1247 1246 1252
f 1884 1826 1825
f 1884 1885 1826
f 1884 1830 1888
f 1884 1829 1830
f 1257 1829 1255
f 1257 1830 1829
f 1888 1893 1889
f 1888 1892 1893
f 1893 1897 1896
f 1893 1894 1897
f 1261 1257 1253
f 1261 1266 1257
f 1275 1261 1263
f 1275 1266 1261
f 1277 1268 1275
f 1277 1269 1268
f 1268 1895 1892
f 1268 1269 1895
f 1906 1904 1909
f 1906 1903 1904
f 1904 1895 1905
f 1904 1894 1895
f 1908 1916 1909
f 1908 1914 1916
f 1908 1281 1282
f 1908 1905 1281
f 1839 1928 1929
f 1839 1838 1928
f 1842 1840 1843
f 1842 1838 1840
f 1851 1841 1843
f 1851 1847 1841
f 1304 1839 1303
f 1304 1840 1839
f 1928 1930 1927
f 1928 1931 1930
f 1927 1941 1929
f 1927 1940 1941
f 1293 1942 1294
f 1293 1941 1942
f 1295 1293 1290
f 1295 1296 1293
f 1296 1300 1303
f 1296 1295 1300
f 1850 1304 1302
f 1850 1851 1304
f 1321 1302 1306
f 1321 1320 1302
f 1318 1187 1320
f 1318 1186 1187
f 1863 1186 1326
f 1863 1187 1186
f 1313 1306 1301
f 1313 1321 1306
f 1190 1205 1191
f 1190 1202 1205
f 1868 1189 1191
f 1868 1326 1189
f 1277 1279 1281
f 1277 1274 1279
f 1922 1915 1916
f 1922 1917 1915
f 1280 1287 1282
f 1280 1286 1287
f 1287 1332 1339
f 1287 1286 1332
f 1341 1914 1339
f 1341 1922 1914
f 1924 1917 1923
f 1924 1919 1917
f 1947 1923 1944
f 1947 1924 1923
f 1952 1947 1951
f 1952 1948 1947
f 1949 1952 1953
f 1949 1948 1952
f 1950 1960 1951
f 1950 1958 1960
f 1341 1946 1944
f 1341 1342 1946
f 1350 1342 1338
f 1350 1946 1342
f 1355 1350 1349
f 1355 1950 1350
f 1943 1936 1937
f 1943 1940 1936
f 1978 1937 1938
f 1978 1977 1937
f 1363 1943 1935
f 1363 1364 1943
f 1363 1981 1365
f 1363 1935 1981
f 1983 1970 1982
f 1983 1971 1970
f 1981 1979 1983
f 1981 1977 1979
f 1371 1982 1370
f 1371 1984 1982
f 1362 1984 1371
f 1362 1365 1984
f 1942 1291 1294
f 1942 1364 1291
f 1965 1959 1960
f 1965 1961 1959
f 1355 1381 1386
f 1355 1354 1381
f 1388 1958 1386
f 1388 1965 1958
f 1389 1391 1395
f 1389 1385 1391
f 1987 1962 1961
f 1987 1989 1962
f 1992 1996 1999
f 1992 1991 1996
f 1991 1987 1988
f 1991 1990 1987
f 1388 1993 1988
f 1388 1389 1993
f 1996 1395 1396
f 1996 1993 1395
f 2016 2008 2012
f 2016 2009 2008
f 1972 2010 1973
f 1972 2008 2010
f 1970 2010 1986
f 1970 1973 2010
f 1401 1986 2011
f 1401 1400 1986
f 1409 1400 1401
f 1409 1408 1400
f 1406 1370 1408
f 1406 1369 1370
f 2009 2021 2011
f 2009 2019 2021
f 1403 2022 1404
f 1403 2021 2022
f 1407 1403 1402
f 1407 1409 1403
f 1999 2024 2002
f 1999 2001 2024
f 2002 2027 2003
f 2002 2024 2027
f 1434 1394 1425
f 1434 1396 1394
f 1436 1435 1437
f 1436 1434 1435
f 2025 1436 1437
f 2025 2001 1436
f 2028 2029 2027
f 2028 2036 2029
f 2037 2025 2026
f 2037 2028 2025
f 1441 1429 1432
f 1441 1435 1429
f 2034 1441 1442
f 2034 2026 1441
f 2020 2017 2042
f 2020 2016 2017
f 2050 2042 2046
f 2050 2043 2042
f 2022 2020 2023
f 2022 2019 2020
f 1404 1416 1402
f 1404 1451 1416
f 1444 2023 2045
f 1444 1443 2023
f 1452 1443 1444
f 1452 1451 1443
f 2043 2055 2045
f 2043 2054 2055
f 1446 2056 1447
f 1446 2055 2056
f 1450 1446 1445
f 1450 1452 1446
f 2061 2036 2038
f 2061 2039 2036
f 2037 2035 2038
f 2037 2034 2035
f 1442 1473 1475
f 1442 1440 1473
f 2059 1475 1476
f 2059 2035 1475
f 2062 2063 2061
f 2062 2069 2063
f 2070 2059 2060
f 2070 2062 2059
f 2067 1478 1479
f 2067 2060 1478
f 1473 1478 1476
f 1473 1474 1478
f 2057 2050 2051
f 2057 2054 2050
f 2075 2051 2052
f 2075 2074 2051
f 2077 2075 2079
f 2077 2074 2075
f 2083 2078 2077
f 2083 2087 2078
f 1447 1459 1445
f 1447 1489 1459
f 2056 1481 1480
f 2056 2057 1481
f 1490 1480 1482
f 1490 1489 1480
f 1481 2088 1482
f 1481 2078 2088
f 1484 2089 1485
f 1484 2088 2089
f 1488 1484 1483
f 1488 1490 1484
f 2097 2069 2071
f 2097 2072 2069
f 2070 2068 2071
f 2070 2067 2068
f 1468 1479 1467
f 1468 1517 1479
f 1519 1518 1520
f 1519 1517 1518
f 2094 1519 1520
f 2094 2068 1519
f 2098 2099 2097
f 2098 2106 2099
f 2107 2095 2103
f 2107 2096 2095
f 2107 2094 2096
f 2107 2098 2094
f 1515 2095 1516
f 1515 2092 2095
f 1516 1508 1507
f 1516 1518 1508
f 2090 2083 2084
f 2090 2087 2083
f 2112 2084 2085
f 2112 2111 2084
f 2114 2112 2116
f 2114 2111 2112
f 2119 2115 2114
f 2119 2122 2115
f 1485 1497 1483
f 1485 1531 1497
f 2089 1523 1522
f 2089 2090 1523
f 1532 1522 1524
f 1532 1531 1522
f 1523 2124 1524
f 1523 2115 2124
f 1526 2125 1527
f 1526 2124 2125
f 1530 1526 1525
f 1530 1532 1526
f 2134 2104 2127
f 2134 2105 2104
f 2103 2135 2108
f 2103 2105 2135
f 2108 2136 2109
f 2108 2135 2136
f 1514 2092 1515
f 1514 1554 2092
f 2104 1555 2127
f 2104 1554 1555
f 2128 2137 2134
f 2128 2130 2137
f 2128 2133 2129
f 2128 2132 2133
f 1563 1555 1552
f 1563 2132 1555
f 2123 2120 2146
f 2123 2119 2120
f 2125 2123 2126
f 2125 2122 2123
f 1527 1539 1525
f 1527 1569 1539
f 1565 2126 2148
f 1565 1564 2126
f 1570 1564 1565
f 1570 1569 1564
f 2160 2156 2161
f 2160 2155 2156
f 2154 2146 2150
f 2154 2147 2146
f 2147 2155 2148
f 2147 2154 2155
f 1576 2162 1577
f 1576 2160 2162
f 1574 1570 1576
f 1574 1568 1570
f 1559 1608 1563
f 1559 1562 1608
f 2170 1611 1612
f 2170 2165 1611
f 1605 1611 1609
f 1605 1606 1611
f 2166 1609 2165
f 2166 1610 1609
f 2167 2129 2142
f 2167 2131 2129
f 1610 2133 1608
f 1610 2142 2133
f 2166 2177 2168
f 2166 2175 2177
f 2177 2167 2168
f 2177 2176 2167
f 2189 2161 2164
f 2189 2163 2161
f 1615 2162 2163
f 1615 1613 2162
f 1577 1581 1575
f 1577 1613 1581
f 2193 2190 2195
f 2193 2189 2190
f 2197 2194 2193
f 2197 2199 2194
f 1582 1614 1620
f 1582 1581 1614
f 1621 1614 1616
f 1621 1620 1614
f 2205 2199 2200
f 2205 2204 2199
f 1615 2204 1616
f 1615 2194 2204
f 1627 2207 1628
f 1627 2205 2207
f 1625 1621 1627
f 1625 1619 1621
f 1669 1674 1675
f 1669 1668 1674
f 2173 2172 2174
f 2173 2170 2172
f 2172 2226 2227
f 2172 2171 2226
f 2180 2173 2174
f 2180 2175 2173
f 1602 1612 1600
f 1602 1676 1612
f 2171 1670 1671
f 2171 1676 1670
f 2218 2228 2226
f 2218 2220 2228
f 2218 2224 2219
f 2218 2223 2224
f 2229 2228 2230
f 2229 2227 2228
f 1675 1671 1669
f 1675 2223 1671
f 2229 2181 2180
f 2229 2232 2181
f 2200 2208 2206
f 2200 2203 2208
f 2211 2206 2209
f 2211 2207 2206
f 2242 2209 2208
f 2242 2244 2209
f 1628 1632 1626
f 1628 1678 1632
f 2213 2245 2253
f 2213 2212 2245
f 1678 2212 1679
f 1678 2211 2212
f 1633 1679 1681
f 1633 1632 1679
f 1680 2213 1686
f 1680 1681 2213
f 2250 2244 2247
f 2250 2245 2244
f 2253 2251 2255
f 2253 2250 2251
f 2258 2254 2255
f 2258 2256 2254
f 2256 1686 2254
f 2256 1687 1686
f 2269 2263 2264
f 2269 2268 2263
f 1687 1689 1685
f 1687 2268 1689
f 1691 1689 1697
f 1691 1688 1689
f 1697 2271 1698
f 1697 2269 2271
f 2295 2289 2290
f 2295 2294 2289
f 2295 2287 2293
f 2295 2288 2287
f 1748 2287 1749
f 1748 2285 2287
f 1753 1749 1759
f 1753 1747 1749
f 1752 1759 1757
f 1752 1753 1759
f 2290 1757 2288
f 2290 1758 1757
f 2216 2302 2303
f 2216 2215 2302
f 1663 1673 1660
f 1663 1760 1673
f 2215 1758 2291
f 2215 1756 1758
f 1663 1756 1760
f 1663 1662 1756
f 1762 1673 1761
f 1762 1674 1673
f 2225 1761 2216
f 2225 1762 1761
f 2289 2302 2291
f 2289 2299 2302
f 2305 2304 2306
f 2305 2303 2304
f 2221 2224 2225
f 2221 2219 2224
f 2305 2222 2221
f 2305 2308 2222
f 2261 2265 2260
f 2261 2266 2265
f 2265 2258 2260
f 2265 2263 2258
f 2264 2272 2270
f 2264 2267 2272
f 2275 2270 2273
f 2275 2271 2270
f 2318 2273 2272
f 2318 2320 2273
f 1698 1702 1696
f 1698 1763 1702
f 2277 2321 2328
f 2277 2276 2321
f 1763 2276 1764
f 1763 2275 2276
f 1703 1764 1765
f 1703 1702 1764
f 1712 1765 1766
f 1712 1710 1765
f 2330 1766 2277
f 2330 1769 1766
f 2326 2320 2323
f 2326 2321 2320
f 2331 2328 2329
f 2331 2330 2328
f 2336 2331 2335
f 2336 2332 2331
f 2278 1769 2334
f 2278 1768 1769
f 1717 1768 1770
f 1717 1716 1768
f 1727 1770 1771
f 1727 1725 1770
f 2343 1771 2278
f 2343 1774 1771
f 2332 2341 2334
f 2332 2339 2341
f 2344 2341 2342
f 2344 2343 2341
f 2349 2344 2348
f 2349 2345 2344
f 2280 2354 2355
f 2280 2279 2354
f 2279 1774 2347
f 2279 1773 1774
f 1733 1773 1775
f 1733 1732 1773
f 1746 1775 1776
f 1746 1744 1775
f 2286 1776 2280
f 2286 1777 1776
f 1742 1777 1748
f 1742 1746 1777
f 2345 2354 2347
f 2345 2352 2354
f 2357 2356 2358
f 2357 2355 2356
f 2283 2285 2286
f 2283 2282 2285
f 2357 2284 2283
f 2357 2360 2284
f 2282 2296 2293
f 2282 2284 2296
f 2389 2385 2391
f 2389 2384 2385
f 2387 2385 2383
f 2387 2390 2385
f 2392 2395 2394
f 2392 2393 2395
f 2399 2393 2392
f 2399 2401 2393
f 2390 2399 2391
f 2390 2398 2399
f 2406 2403 2409
f 2406 2402 2403
f 2404 2403 2401
f 2404 2408 2403
f 2411 2415 2414
f 2411 2412 2415
f 2410 2411 2409
f 2410 2413 2411
f 1794 2408 1793
f 1794 2410 2408
f 2423 2421 2426
f 2423 2420 2421
f 2421 2413 2422
f 2421 2412 2413
f 2428 2432 2431
f 2428 2429 2432
f 2427 2428 2426
f 2427 2430 2428
f 2425 1798 1799
f 2425 2422 1798
f 1810 2425 1809
f 1810 2427 2425
f 2440 2438 2443
f 2440 2437 2438
f 2438 2430 2439
f 2438 2429 2430
f 2444 2447 2446
f 2444 2445 2447
f 2452 2445 2444
f 2452 2453 2445
f 2442 2452 2443
f 2442 2451 2452
f 2442 1814 1815
f 2442 2439 1814
f 2456 2460 2463
f 2456 2455 2460
f 2457 2455 2453
f 2457 2460 2455
f 2497 2493 2500
f 2497 2492 2493
f 2495 2493 2491
f 2495 2499 2493
f 2502 2497 2503
f 2502 2496 2497
f 2501 2503 2500
f 2501 2505 2503
f 1846 2499 1845
f 1846 2501 2499
f 1841 1836 1846
f 1841 1835 1836
f 2368 2506 2369
f 2368 2502 2506
f 2375 2506 2507
f 2375 2374 2506
f 2378 2376 2379
f 2378 2374 2376
f 2388 2377 2379
f 2388 2383 2377
f 2375 1852 1861
f 2375 1854 1852
f 1861 2388 2376
f 1861 1862 2388
f 2505 1837 2507
f 2505 1836 1837
f 1848 1837 1835
f 1848 1854 1837
f 2387 1779 1780
f 2387 1862 1779
f 1872 1779 1860
f 1872 1780 1779
f 1870 1782 1872
f 1870 1781 1782
f 2398 1781 1883
f 2398 1782 1781
f 1784 1793 1785
f 1784 1790 1793
f 2404 1783 1785
f 2404 1883 1783
f 1794 1796 1798
f 1794 1792 1796
f 1797 1809 1799
f 1797 1806 1809
f 1810 1812 1814
f 1810 1808 1812
f 1813 1824 1815
f 1813 1821 1824
f 2451 1823 1886
f 2451 1824 1823
f 2471 2467 2466
f 2471 2472 2467
f 2463 2476 2466
f 2463 2464 2476
f 2457 1826 1827
f 2457 1886 1826
f 1890 1826 1885
f 1890 1827 1826
f 1898 1891 1899
f 1898 1890 1891
f 1900 2464 1898
f 1900 2476 2464
f 1891 1896 1899
f 1891 1889 1896
f 2478 2471 2477
f 2478 2473 2471
f 2511 2479 2512
f 2511 2478 2479
f 2480 2513 2481
f 2480 2511 2513
f 1902 2477 1900
f 1902 2479 2477
f 1903 1902 1897
f 1903 1907 1902
f 1907 1911 1912
f 1907 1906 1911
f 1912 2516 2512
f 1912 1913 2516
f 1913 1915 1920
f 1913 1911 1915
f 2522 2525 2528
f 2522 2521 2525
f 2520 2513 2515
f 2520 2517 2513
f 2521 2516 2523
f 2521 2515 2516
f 2525 1920 1921
f 2525 2523 1920
f 2494 2489 2553
f 2494 2488 2489
f 2553 2549 2554
f 2553 2548 2549
f 2561 2551 2560
f 2561 2552 2551
f 2552 2554 2551
f 2552 2556 2554
f 1936 1933 1939
f 1936 1930 1933
f 2495 2494 2510
f 2495 2491 2494
f 1832 1845 1833
f 1832 1842 1845
f 1934 2510 2558
f 1934 1932 2510
f 1832 1932 1931
f 1832 1833 1932
f 2556 1934 2558
f 2556 1933 1934
f 2536 2532 2531
f 2536 2537 2532
f 2528 2539 2531
f 2528 2529 2539
f 1919 1926 1921
f 1919 1925 1926
f 1926 1949 1954
f 1926 1925 1949
f 1956 2529 1954
f 1956 2539 2529
f 1957 1959 1963
f 1957 1953 1959
f 2565 2537 2536
f 2565 2567 2537
f 2571 2574 2576
f 2571 2570 2574
f 2570 2565 2566
f 2570 2569 2565
f 1956 2572 2566
f 1956 1957 2572
f 2574 1963 1964
f 2574 2572 1963
f 2595 2586 2590
f 2595 2587 2586
f 2544 2588 2545
f 2544 2586 2588
f 2543 2562 2560
f 2543 2545 2562
f 2563 2588 2589
f 2563 2562 2588
f 1938 2561 1985
f 1938 1939 2561
f 2563 1978 1985
f 2563 1980 1978
f 2587 2601 2589
f 2587 2600 2601
f 1974 2602 1975
f 1974 2601 2602
f 1979 1974 1971
f 1979 1980 1974
f 2576 2604 2579
f 2576 2578 2604
f 2579 2607 2580
f 2579 2604 2607
f 1994 1962 1989
f 1994 1964 1962
f 1997 1995 1998
f 1997 1994 1995
f 2605 1997 1998
f 2605 2578 1997
f 2608 2609 2607
f 2608 2615 2609
f 2616 2605 2606
f 2616 2608 2605
f 2004 1990 1992
f 2004 1995 1990
f 2614 2004 2005
f 2614 2606 2004
f 2603 2595 2596
f 2603 2600 2595
f 2630 2596 2597
f 2630 2629 2596
f 2013 2603 2594
f 2013 2014 2603
f 2013 2634 2015
f 2013 2594 2634
f 2634 2631 2635
f 2634 2629 2631
f 2638 2635 2637
f 2638 2636 2635
f 2012 2636 2018
f 2012 2015 2636
f 2602 1972 1975
f 2602 2014 1972
f 2621 2615 2616
f 2621 2617 2615
f 2614 2003 2031
f 2614 2005 2003
f 2641 2618 2617
f 2641 2643 2618
f 2622 2031 2032
f 2622 2621 2031
f 2622 2033 2642
f 2622 2032 2033
f 2645 2641 2642
f 2645 2644 2641
f 2645 2649 2646
f 2645 2648 2649
f 2040 2033 2029
f 2040 2648 2033
f 2664 2637 2640
f 2664 2639 2637
f 2017 2638 2047
f 2017 2018 2638
f 2047 2669 2048
f 2047 2639 2669
f 2669 2666 2670
f 2669 2664 2666
f 2673 2670 2672
f 2673 2671 2670
f 2046 2671 2053
f 2046 2048 2671
f 2647 2655 2656
f 2647 2646 2655
f 2682 2654 2676
f 2682 2655 2654
f 2039 2649 2040
f 2039 2065 2649
f 2654 2066 2676
f 2654 2065 2066
f 2677 2685 2682
f 2677 2679 2685
f 2677 2681 2678
f 2677 2680 2681
f 2073 2066 2063
f 2073 2680 2066
f 2698 2672 2675
f 2698 2674 2672
f 2052 2673 2080
f 2052 2053 2673
f 2080 2703 2081
f 2080 2674 2703
f 2703 2700 2704
f 2703 2698 2700
f 2707 2704 2706
f 2707 2705 2704
f 2079 2705 2086
f 2079 2081 2705
f 2679 2689 2690
f 2679 2678 2689
f 2717 2688 2710
f 2717 2689 2688
f 2072 2681 2073
f 2072 2101 2681
f 2688 2102 2710
f 2688 2101 2102
f 2711 2720 2717
f 2711 2713 2720
f 2711 2716 2712
f 2711 2715 2716
f 2110 2102 2099
f 2110 2715 2102
f 2731 2706 2709
f 2731 2708 2706
f 2085 2707 2117
f 2085 2086 2707
f 2117 2736 2118
f 2117 2708 2736
f 2736 2733 2737
f 2736 2731 2733
f 2740 2737 2739
f 2740 2738 2737
f 2116 2738 2121
f 2116 2118 2738
f 2106 2139 2110
f 2106 2109 2139
f 2754 2744 2745
f 2754 2753 2744
f 2751 2143 2144
f 2751 2743 2143
f 2136 2143 2140
f 2136 2137 2143
f 2745 2140 2743
f 2745 2141 2140
f 2746 2712 2723
f 2746 2714 2712
f 2141 2716 2139
f 2141 2723 2716
f 2748 2746 2744
f 2748 2749 2746
f 2761 2739 2742
f 2761 2741 2739
f 2120 2740 2151
f 2120 2121 2740
f 2151 2764 2152
f 2151 2741 2764
f 2765 2762 2767
f 2765 2761 2762
f 2769 2766 2765
f 2769 2771 2766
f 2766 2152 2764
f 2766 2153 2152
f 2157 2775 2158
f 2157 2774 2775
f 2153 2157 2150
f 2153 2774 2157
f 2781 2753 2755
f 2781 2756 2753
f 2754 2752 2755
f 2754 2751 2752
f 2131 2144 2130
f 2131 2182 2144
f 2184 2183 2185
f 2184 2182 2183
f 2779 2184 2185
f 2779 2752 2184
f 2782 2783 2781
f 2782 2790 2783
f 2791 2779 2780
f 2791 2782 2779
f 2186 2176 2179
f 2186 2183 2176
f 2787 2186 2187
f 2787 2780 2186
f 2775 2772 2776
f 2775 2771 2772
f 2773 2795 2772
f 2773 2796 2795
f 2777 2795 2805
f 2777 2776 2795
f 2158 2164 2156
f 2158 2191 2164
f 2190 2777 2196
f 2190 2191 2777
f 2805 2802 2807
f 2805 2801 2802
f 2810 2807 2809
f 2810 2808 2807
f 2195 2808 2198
f 2195 2196 2808
f 2231 2236 2237
f 2231 2230 2236
f 2791 2789 2792
f 2791 2787 2789
f 2789 2829 2830
f 2789 2788 2829
f 2792 2831 2793
f 2792 2830 2831
f 2181 2187 2179
f 2181 2238 2187
f 2788 2232 2233
f 2788 2238 2232
f 2821 2832 2829
f 2821 2823 2832
f 2821 2827 2822
f 2821 2826 2827
f 2237 2233 2231
f 2237 2826 2233
f 2814 2809 2812
f 2814 2810 2809
f 2840 2812 2811
f 2840 2842 2812
f 2198 2202 2197
f 2198 2240 2202
f 2816 2843 2853
f 2816 2815 2843
f 2240 2815 2241
f 2240 2814 2815
f 2203 2241 2243
f 2203 2202 2241
f 2242 2816 2248
f 2242 2243 2816
f 2848 2842 2845
f 2848 2843 2842
f 2853 2849 2855
f 2853 2848 2849
f 2858 2854 2855
f 2858 2856 2854
f 2856 2248 2854
f 2856 2249 2248
f 2868 2862 2863
f 2868 2867 2862
f 2249 2252 2247
f 2249 2867 2252
f 2252 2262 2251
f 2252 2868 2262
f 2887 2882 2886
f 2887 2883 2882
f 2300 2882 2301
f 2300 2880 2882
f 2304 2301 2311
f 2304 2299 2301
f 2883 2306 2311
f 2883 2309 2306
f 2819 2899 2900
f 2819 2818 2899
f 2222 2235 2220
f 2222 2312 2235
f 2818 2308 2310
f 2818 2312 2308
f 2314 2235 2313
f 2314 2236 2235
f 2828 2313 2819
f 2828 2314 2313
f 2892 2901 2899
f 2892 2894 2901
f 2884 2892 2885
f 2884 2891 2892
f 2902 2901 2903
f 2902 2900 2901
f 2310 2884 2885
f 2310 2309 2884
f 2824 2827 2828
f 2824 2822 2827
f 2902 2825 2824
f 2902 2905 2825
f 2861 2864 2860
f 2861 2865 2864
f 2864 2858 2860
f 2864 2862 2858
f 2863 2872 2869
f 2863 2866 2872
f 2918 2869 2872
f 2918 2871 2869
f 2261 2870 2315
f 2261 2262 2870
f 2317 2870 2871
f 2317 2315 2870
f 2922 2919 2926
f 2922 2918 2919
f 2927 2922 2926
f 2927 2923 2922
f 2873 2317 2925
f 2873 2316 2317
f 2267 2316 2319
f 2267 2266 2316
f 2318 2873 2324
f 2318 2319 2873
f 2923 2932 2925
f 2923 2930 2932
f 2935 2932 2933
f 2935 2934 2932
f 2939 2935 2938
f 2939 2936 2935
f 2937 2324 2934
f 2937 2325 2324
f 2948 2944 2951
f 2948 2943 2944
f 2937 2943 2947
f 2937 2936 2943
f 2952 2948 2951
f 2952 2949 2948
f 2325 2327 2323
f 2325 2947 2327
f 2329 2327 2338
f 2329 2326 2327
f 2949 2335 2338
f 2949 2337 2335
f 2963 2957 2958
f 2963 2962 2957
f 2967 2963 2966
f 2967 2964 2963
f 2337 2340 2336
f 2337 2962 2340
f 2342 2340 2351
f 2342 2339 2340
f 2964 2348 2351
f 2964 2350 2348
f 2972 2981 2980
f 2972 2973 2981
f 2980 2971 2972
f 2980 2978 2971
f 2988 2983 2987
f 2988 2984 2983
f 2983 2982 2981
f 2983 2985 2982
f 2350 2353 2349
f 2350 2978 2353
f 2356 2353 2363
f 2356 2352 2353
f 2982 2358 2363
f 2982 2361 2358
f 2875 2994 2995
f 2875 2874 2994
f 2874 2360 2362
f 2874 2364 2360
f 2298 2364 2365
f 2298 2296 2364
f 2881 2365 2875
f 2881 2366 2365
f 2294 2366 2300
f 2294 2298 2366
f 2984 2994 2986
f 2984 2991 2994
f 2997 2996 2998
f 2997 2995 2996
f 2362 2985 2986
f 2362 2361 2985
f 2878 2880 2881
f 2878 2877 2880
f 2997 2879 2878
f 2997 3000 2879
f 2877 2888 2886
f 2877 2879 2888
f 2890 2895 2889
f 2890 2896 2895
f 2895 2887 2889
f 2895 2891 2887
f 2955 2959 2954
f 2955 2960 2959
f 2959 2952 2954
f 2959 2957 2952
f 2958 2968 2966
f 2958 2961 2968
f 2970 2974 2969
f 2970 2975 2974
f 2974 2967 2969
f 2974 2971 2967
f 3067 3062 3069
f 3067 3061 3062
f 3065 3062 3060
f 3065 3068 3062
f 3071 3075 3074
f 3071 3072 3075
f 3070 3071 3069
f 3070 3073 3071
f 2382 3068 2381
f 2382 3070 3068
f 2377 2373 2382
f 2377 2372 2373
f 3083 3080 3086
f 3083 3079 3080
f 3080 3073 3081
f 3080 3072 3073
f 3088 3083 3089
f 3088 3082 3083
f 3087 3089 3086
f 3087 3091 3089
f 2386 2373 2372
f 2386 3081 2373
f 2386 2389 2400
f 2386 2384 2389
f 2394 3087 2400
f 2394 2396 3087
f 3016 3092 3017
f 3016 3088 3092
f 3020 3092 3093
f 3020 3019 3092
f 3026 3024 3023
f 3026 3027 3024
f 3022 3021 3023
f 3022 3019 3021
f 2417 3020 2416
f 2417 3021 3020
f 3091 2397 3093
f 3091 2396 2397
f 2402 2397 2395
f 2402 2407 2397
f 2407 2414 2416
f 2407 2406 2414
f 3032 3026 3031
f 3032 3028 3026
f 3039 3037 3036
f 3039 3040 3037
f 3035 3034 3036
f 3035 3032 3034
f 2419 3031 2417
f 2419 3033 3031
f 2434 3033 2433
f 2434 3034 3033
f 2420 2419 2415
f 2420 2424 2419
f 2424 2431 2433
f 2424 2423 2431
f 3044 3039 3043
f 3044 3041 3039
f 3099 3045 3101
f 3099 3044 3045
f 3046 3102 3047
f 3046 3099 3102
f 2436 3043 2434
f 2436 3045 3043
f 2437 2436 2432
f 2437 2441 2436
f 2441 2446 2448
f 2441 2440 2446
f 2448 3105 3101
f 2448 2449 3105
f 3111 3102 3104
f 3111 3107 3102
f 3112 3104 3106
f 3112 3111 3104
f 3112 3116 3113
f 3112 3115 3116
f 3116 3120 3119
f 3116 3117 3120
f 3105 2450 3106
f 3105 2449 2450
f 2454 2450 2447
f 2454 2459 2450
f 2468 2454 2456
f 2468 2459 2454
f 2470 2461 2468
f 2470 2462 2461
f 2461 3118 3115
f 2461 2462 3118
f 3128 3126 3131
f 3128 3125 3126
f 3126 3118 3127
f 3126 3117 3118
f 3130 3138 3131
f 3130 3136 3138
f 3130 2474 2475
f 3130 3127 2474
f 3153 3166 3154
f 3153 3165 3166
f 2488 2486 2490
f 2488 2485 2486
f 3054 3155 3156
f 3054 3053 3155
f 3057 3055 3058
f 3057 3053 3055
f 3066 3056 3058
f 3066 3060 3056
f 3054 2496 2508
f 3054 2498 2496
f 2508 3066 3055
f 2508 2509 3066
f 3155 3157 3153
f 3155 3158 3157
f 3154 2487 3156
f 3154 2486 2487
f 2492 2487 2485
f 2492 2498 2487
f 2369 2381 2370
f 2369 2378 2381
f 3065 2368 2370
f 3065 2509 2368
f 2470 2472 2474
f 2470 2467 2472
f 3144 3137 3138
f 3144 3139 3137
f 2473 2482 2475
f 2473 2480 2482
f 3136 2481 2518
f 3136 2482 2481
f 3146 3139 3145
f 3146 3141 3139
f 3175 3147 3177
f 3175 3146 3147
f 3145 2518 2519
f 3145 3144 2518
f 2519 2524 3147
f 2519 2517 2524
f 3176 3178 3181
f 3176 3175 3178
f 3178 3182 3181
f 3178 3179 3182
f 2533 2520 2522
f 2533 2524 2520
f 2535 2526 2533
f 2535 2527 2526
f 2526 3180 3177
f 2526 2527 3180
f 3188 3180 3192
f 3188 3179 3180
f 3188 3193 3189
f 3188 3192 3193
f 3163 3200 3201
f 3163 3162 3200
f 3167 3164 3168
f 3167 3162 3164
f 3164 3166 3168
f 3164 3161 3166
f 2489 3161 2559
f 2489 2490 3161
f 3163 2548 2559
f 3163 2550 2548
f 3200 3202 3199
f 3200 3203 3202
f 3199 3213 3201
f 3199 3212 3213
f 2546 3214 2547
f 2546 3213 3214
f 2549 2546 2543
f 2549 2550 2546
f 2535 2537 2538
f 2535 2532 2537
f 3190 3195 3197
f 3190 3189 3195
f 3216 3196 3218
f 3216 3195 3196
f 2537 3193 2538
f 2537 2568 3193
f 2568 2573 3196
f 2568 2567 2573
f 3217 3220 3221
f 3217 3216 3220
f 3228 3218 3219
f 3228 3220 3218
f 2581 2569 2571
f 2581 2573 2569
f 3226 2581 2582
f 3226 3219 2581
f 3215 3208 3209
f 3215 3212 3208
f 3244 3209 3210
f 3244 3243 3209
f 2591 3215 3207
f 2591 2592 3215
f 2591 3247 2593
f 2591 3207 3247
f 3249 3237 3248
f 3249 3238 3237
f 3247 3245 3249
f 3247 3243 3245
f 2599 3248 2598
f 2599 3250 3248
f 2590 3250 2599
f 2590 2593 3250
f 3214 2544 2547
f 3214 2592 2544
f 3233 3227 3228
f 3233 3229 3227
f 3226 2580 2611
f 3226 2582 2580
f 3253 3230 3229
f 3253 3255 3230
f 3234 2611 2612
f 3234 3233 2611
f 3234 2613 3254
f 3234 2612 2613
f 3258 3262 3265
f 3258 3257 3262
f 3257 3253 3254
f 3257 3256 3253
f 3262 2619 2620
f 3262 3259 2619
f 2619 2613 2609
f 2619 3259 2613
f 3237 3272 3252
f 3237 3239 3272
f 2625 3252 3273
f 2625 2624 3252
f 2633 2624 2625
f 2633 2632 2624
f 2630 2598 2632
f 2630 2597 2598
f 3272 3274 3271
f 3272 3275 3274
f 3271 3283 3273
f 3271 3279 3283
f 2627 3284 2628
f 2627 3283 3284
f 2631 2627 2626
f 2631 2633 2627
f 3265 3286 3268
f 3265 3267 3286
f 2650 2618 2643
f 2650 2620 2618
f 2652 2651 2653
f 2652 2650 2651
f 3288 2652 2653
f 3288 3267 2652
f 3287 3290 3291
f 3287 3286 3290
f 3297 3288 3289
f 3297 3290 3288
f 2657 2644 2647
f 2657 2651 2644
f 3294 2657 2658
f 3294 3289 2657
f 3284 3280 3285
f 3284 3279 3280
f 3281 3302 3280
f 3281 3305 3302
f 2628 2640 2626
f 2628 2667 2640
f 2660 3285 3303
f 2660 2659 3285
f 2668 2659 2660
f 2668 2667 2659
f 3302 3304 3301
f 3302 3305 3304
f 3301 3315 3303
f 3301 3312 3315
f 2662 3316 2663
f 2662 3315 3316
f 2666 2662 2661
f 2666 2668 2662
f 3297 3295 3298
f 3297 3294 3295
f 3298 3319 3299
f 3298 3318 3319
f 2658 2684 2686
f 2658 2656 2684
f 3320 2686 2687
f 3320 3295 2686
f 3319 3322 3323
f 3319 3318 3322
f 3331 3320 3321
f 3331 3322 3320
f 3328 2691 2692
f 3328 3321 2691
f 2684 2691 2687
f 2684 2685 2691
f 3316 3313 3317
f 3316 3312 3313
f 3314 3336 3313
f 3314 3339 3336
f 2663 2675 2661
f 2663 2701 2675
f 2694 3317 3337
f 2694 2693 3317
f 2702 2693 2694
f 2702 2701 2693
f 3336 3338 3335
f 3336 3339 3338
f 3335 3349 3337
f 3335 3345 3349
f 2696 3350 2697
f 2696 3349 3350
f 2700 2696 2695
f 2700 2702 2696
f 3355 3330 3332
f 3355 3333 3330
f 3331 3329 3332
f 3331 3328 3329
f 2692 2719 2721
f 2692 2690 2719
f 3353 2721 2722
f 3353 3329 2721
f 3356 3357 3355
f 3356 3364 3357
f 3365 3353 3354
f 3365 3356 3353
f 3361 2724 2725
f 3361 3354 2724
f 2719 2724 2722
f 2719 2720 2724
f 3350 3346 3351
f 3350 3345 3346
f 3347 3370 3346
f 3347 3373 3370
f 2697 2709 2695
f 2697 2734 2709
f 2727 3351 3371
f 2727 2726 3351
f 2735 2726 2727
f 2735 2734 2726
f 3370 3372 3369
f 3370 3373 3372
f 3369 3382 3371
f 3369 3378 3382
f 2729 3383 2730
f 2729 3382 3383
f 2733 2729 2728
f 2733 2735 2729
f 3365 3363 3366
f 3365 3361 3363
f 3363 3393 3394
f 3363 3362 3393
f 3366 3395 3367
f 3366 3394 3395
f 2714 2725 2713
f 2714 2758 2725
f 3362 2749 2750
f 3362 2758 2749
f 3387 3396 3393
f 3387 3389 3396
f 3387 3392 3388
f 3387 3391 3392
f 2757 2750 2748
f 2757 3391 2750
f 3383 3379 3384
f 3383 3378 3379
f 3380 3403 3379
f 3380 3404 3403
f 3385 3403 3411
f 3385 3384 3403
f 2730 2742 2728
f 2730 2763 2742
f 2762 3385 2768
f 2762 2763 3385
f 3411 3408 3413
f 3411 3407 3408
f 3416 3413 3415
f 3416 3414 3413
f 2767 3414 2770
f 2767 2768 3414
f 3419 3388 3400
f 3419 3390 3388
f 2756 3392 2757
f 2756 2785 3392
f 3400 2786 3420
f 3400 2785 2786
f 3423 3419 3420
f 3423 3422 3419
f 3423 3429 3424
f 3423 3428 3429
f 2794 2786 2783
f 2794 3428 2786
f 3437 3415 3418
f 3437 3417 3415
f 2799 3416 3417
f 2799 2797 3416
f 2770 2773 2769
f 2770 2797 2773
f 3441 3438 3443
f 3441 3437 3438
f 3445 3442 3441
f 3445 3447 3442
f 2799 3450 2800
f 2799 3442 3450
f 2803 3451 2804
f 2803 3450 3451
f 2800 2801 2796
f 2800 2803 2801
f 2790 2834 2794
f 2790 2793 2834
f 3467 3455 3456
f 3467 3466 3455
f 3463 2837 2838
f 3463 3454 2837
f 2831 2837 2835
f 2831 2832 2837
f 3456 2835 3454
f 3456 2836 2835
f 3457 3424 3434
f 3457 3426 3424
f 2836 3429 2834
f 2836 3434 3429
f 3459 3457 3455
f 3459 3460 3457
f 3451 3448 3452
f 3451 3447 3448
f 3449 3471 3448
f 3449 3472 3471
f 3453 3471 3480
f 3453 3452 3471
f 2804 2811 2802
f 2804 2841 2811
f 2840 3453 2846
f 2840 2841 3453
f 3480 3478 3482
f 3480 3477 3478
f 3485 3482 3484
f 3485 3483 3482
f 2844 3483 2847
f 2844 2846 3483
f 2845 2847 2850
f 2845 2844 2847
f 3509 3502 3503
f 3509 3508 3502
f 3509 3500 3506
f 3509 3501 3500
f 2898 2908 2894
f 2898 3500 2908
f 3501 2903 2908
f 3501 2906 2903
f 3467 3465 3468
f 3467 3463 3465
f 3465 3516 3517
f 3465 3464 3516
f 3468 3518 3469
f 3468 3517 3518
f 2825 2838 2823
f 2825 2909 2838
f 3464 2905 2907
f 3464 2909 2905
f 3502 3516 3504
f 3502 3513 3516
f 2907 3503 3504
f 2907 2906 3503
f 3488 3490 3487
f 3488 3491 3490
f 3492 3484 3487
f 3492 3485 3484
f 3491 3524 3490
f 3491 3525 3524
f 3494 3524 3529
f 3494 3493 3524
f 2852 2859 2849
f 2852 2913 2859
f 2850 2912 2852
f 2850 2911 2912
f 2911 3493 2912
f 2911 3492 3493
f 2861 2913 2914
f 2861 2859 2913
f 3532 2914 3494
f 3532 2917 2914
f 3533 3529 3530
f 3533 3532 3529
f 3538 3533 3537
f 3538 3534 3533
f 3495 2917 3536
f 3495 2916 2917
f 2866 2916 2920
f 2866 2865 2916
f 2919 3495 2928
f 2919 2920 3495
f 3544 3542 3546
f 3544 3541 3542
f 3534 3544 3536
f 3534 3541 3544
f 3549 3545 3546
f 3549 3547 3545
f 3547 2928 3545
f 3547 2929 2928
f 3560 3554 3555
f 3560 3559 3554
f 2929 2931 2927
f 2929 3559 2931
f 2933 2931 2940
f 2933 2930 2931
f 2940 3562 2941
f 2940 3560 3562
f 2939 2941 2945
f 2939 2938 2941
f 2945 3572 2946
f 2945 3570 3572
f 2946 2956 2944
f 2946 3572 2956
f 2977 2989 2973
f 2977 3593 2989
f 2989 3595 2990
f 2989 3593 3595
f 2988 2990 2992
f 2988 2987 2990
f 3599 3609 3608
f 3599 3600 3609
f 3616 3611 3615
f 3616 3612 3611
f 3611 3610 3609
f 3611 3613 3610
f 2992 3608 2993
f 2992 3605 3608
f 2996 2993 3003
f 2996 2991 2993
f 3610 2998 3003
f 3610 3001 2998
f 3496 3000 3002
f 3496 3004 3000
f 2890 3004 3005
f 2890 2888 3004
f 3624 3005 3496
f 3624 3007 3005
f 3612 3622 3614
f 3612 3619 3622
f 3625 3622 3623
f 3625 3624 3622
f 3631 3625 3630
f 3631 3626 3625
f 3002 3613 3614
f 3002 3001 3613
f 3628 3497 3507
f 3628 3498 3497
f 3497 3510 3506
f 3497 3498 3510
f 2896 3499 2898
f 2896 3006 3499
f 3007 3499 3006
f 3007 3507 3499
f 3631 3628 3626
f 3631 3632 3628
f 3552 3556 3551
f 3552 3557 3556
f 3556 3549 3551
f 3556 3554 3549
f 3555 3563 3561
f 3555 3558 3563
f 3565 3567 3564
f 3565 3568 3567
f 3571 3561 3564
f 3571 3562 3561
f 3567 3570 3571
f 3567 3566 3570
f 3566 3575 3573
f 3566 3569 3575
f 3579 3573 3576
f 3579 3574 3573
f 3646 3576 3575
f 3646 3648 3576
f 2955 3574 3009
f 2955 2956 3574
f 3648 3578 3577
f 3648 3651 3578
f 3577 3581 3580
f 3577 3578 3581
f 3586 3588 3585
f 3586 3589 3588
f 3583 3584 3585
f 3583 3581 3584
f 3009 3580 3010
f 3009 3579 3580
f 2961 3010 3011
f 2961 2960 3010
f 2970 3011 3012
f 2970 2968 3011
f 3592 3012 3583
f 3592 3013 3012
f 3588 3591 3592
f 3588 3587 3591
f 3587 3596 3594
f 3587 3590 3596
f 3598 3601 3597
f 3598 3602 3601
f 3606 3594 3597
f 3606 3595 3594
f 2975 3591 2977
f 2975 3013 3591
f 3601 3605 3606
f 3601 3599 3605
f 3758 3753 3761
f 3758 3752 3753
f 3755 3753 3751
f 3755 3760 3753
f 3763 3758 3764
f 3763 3757 3758
f 3762 3764 3761
f 3762 3766 3764
f 3760 3063 3064
f 3760 3755 3063
f 3064 3067 3078
f 3064 3061 3067
f 3074 3762 3078
f 3074 3076 3762
f 3665 3767 3666
f 3665 3763 3767
f 3669 3767 3768
f 3669 3668 3767
f 3676 3673 3672
f 3676 3677 3673
f 3671 3670 3672
f 3671 3668 3670
f 3669 3082 3094
f 3669 3084 3082
f 3094 3681 3670
f 3094 3095 3681
f 3766 3077 3768
f 3766 3076 3077
f 3079 3077 3075
f 3079 3084 3077
f 3680 3676 3681
f 3680 3675 3676
f 3686 3675 3684
f 3686 3678 3675
f 3692 3688 3687
f 3692 3693 3688
f 3684 3698 3687
f 3684 3685 3698
f 3017 3025 3018
f 3017 3022 3025
f 3680 3016 3018
f 3680 3095 3016
f 3685 3024 3096
f 3685 3025 3024
f 3697 3692 3698
f 3697 3691 3692
f 3702 3691 3700
f 3702 3694 3691
f 3706 3704 3703
f 3706 3707 3704
f 3700 3710 3703
f 3700 3701 3710
f 3028 3038 3029
f 3028 3035 3038
f 3697 3027 3029
f 3697 3096 3027
f 3701 3037 3097
f 3701 3038 3037
f 3712 3706 3711
f 3712 3708 3706
f 3719 3717 3716
f 3719 3720 3717
f 3715 3714 3716
f 3715 3712 3714
f 3711 3097 3098
f 3711 3710 3097
f 3098 3041 3100
f 3098 3040 3041
f 3100 3047 3108
f 3100 3046 3047
f 3108 3723 3714
f 3108 3109 3723
f 3725 3719 3724
f 3725 3721 3719
f 3732 3730 3729
f 3732 3733 3730
f 3728 3727 3729
f 3728 3725 3727
f 3724 3109 3110
f 3724 3723 3109
f 3110 3114 3726
f 3110 3107 3114
f 3122 3726 3121
f 3122 3727 3726
f 3114 3119 3121
f 3114 3113 3119
f 3737 3732 3736
f 3737 3734 3732
f 3776 3738 3779
f 3776 3737 3738
f 3124 3736 3122
f 3124 3738 3736
f 3777 3780 3783
f 3777 3776 3780
f 3780 3784 3783
f 3780 3781 3784
f 3125 3124 3120
f 3125 3129 3124
f 3129 3133 3134
f 3129 3128 3133
f 3134 3782 3779
f 3134 3135 3782
f 3135 3137 3142
f 3135 3133 3137
f 3789 3792 3793
f 3789 3788 3792
f 3788 3782 3791
f 3788 3781 3782
f 3792 3142 3143
f 3792 3791 3142
f 3809 3803 3808
f 3809 3804 3803
f 3811 3817 3816
f 3811 3812 3817
f 3810 3811 3809
f 3810 3813 3811
f 3171 3808 3170
f 3171 3810 3808
f 3165 3159 3171
f 3165 3157 3159
f 3745 3814 3815
f 3745 3744 3814
f 3748 3746 3749
f 3748 3744 3746
f 3756 3747 3749
f 3756 3751 3747
f 3158 3745 3160
f 3158 3172 3745
f 3172 3059 3173
f 3172 3057 3059
f 3173 3756 3746
f 3173 3174 3756
f 3174 3056 3063
f 3174 3059 3056
f 3814 3817 3812
f 3814 3818 3817
f 3813 3160 3815
f 3813 3159 3160
f 3799 3797 3796
f 3799 3800 3797
f 3793 3801 3796
f 3793 3794 3801
f 3141 3149 3143
f 3141 3148 3149
f 3149 3176 3183
f 3149 3148 3176
f 3185 3794 3183
f 3185 3801 3794
f 3827 3800 3799
f 3827 3829 3800
f 3834 3837 3839
f 3834 3833 3837
f 3833 3827 3828
f 3833 3832 3827
f 3185 3835 3828
f 3185 3186 3835
f 3191 3186 3182
f 3191 3835 3186
f 3198 3191 3190
f 3198 3837 3191
f 3851 3863 3852
f 3851 3862 3863
f 3208 3205 3211
f 3208 3202 3205
f 3803 3853 3821
f 3803 3805 3853
f 3150 3170 3151
f 3150 3167 3170
f 3206 3821 3854
f 3206 3204 3821
f 3150 3204 3203
f 3150 3151 3204
f 3853 3855 3851
f 3853 3856 3855
f 3852 3206 3854
f 3852 3205 3206
f 3846 3843 3842
f 3846 3847 3843
f 3839 3848 3842
f 3839 3840 3848
f 3198 3217 3222
f 3198 3197 3217
f 3224 3840 3222
f 3224 3848 3840
f 3225 3227 3231
f 3225 3221 3227
f 3869 3847 3846
f 3869 3871 3847
f 3877 3880 3881
f 3877 3876 3880
f 3876 3869 3870
f 3876 3875 3869
f 3224 3879 3870
f 3224 3225 3879
f 3880 3231 3232
f 3880 3879 3231
f 3861 3863 3864
f 3861 3859 3863
f 3896 3861 3897
f 3896 3860 3861
f 3898 3864 3865
f 3898 3897 3864
f 3210 3859 3251
f 3210 3211 3859
f 3860 3244 3251
f 3860 3246 3244
f 3899 3888 3896
f 3899 3890 3888
f 3895 3888 3889
f 3895 3894 3888
f 3240 3895 3241
f 3240 3894 3895
f 3245 3240 3238
f 3245 3246 3240
f 3881 3903 3884
f 3881 3883 3903
f 3260 3230 3255
f 3260 3232 3230
f 3263 3261 3264
f 3263 3260 3261
f 3905 3263 3264
f 3905 3883 3263
f 3904 3907 3908
f 3904 3903 3907
f 3914 3905 3906
f 3914 3907 3905
f 3269 3256 3258
f 3269 3261 3256
f 3911 3269 3270
f 3911 3906 3269
f 3889 3919 3902
f 3889 3891 3919
f 3277 3902 3920
f 3277 3276 3902
f 3239 3276 3275
f 3239 3241 3276
f 3919 3921 3918
f 3919 3922 3921
f 3918 3931 3920
f 3918 3929 3931
f 3277 3282 3274
f 3277 3931 3282
f 3914 3912 3915
f 3914 3911 3912
f 3915 3935 3916
f 3915 3934 3935
f 3270 3287 3292
f 3270 3268 3287
f 3936 3292 3293
f 3936 3912 3292
f 3935 3938 3939
f 3935 3934 3938
f 3945 3936 3937
f 3945 3938 3936
f 3937 3291 3300
f 3937 3293 3291
f 3933 3926 3927
f 3933 3929 3926
f 3952 3927 3928
f 3952 3951 3927
f 3955 3952 3956
f 3955 3951 3952
f 3953 3963 3954
f 3953 3955 3963
f 3954 3307 3953
f 3954 3308 3307
f 3310 3308 3311
f 3310 3304 3308
f 3932 3281 3282
f 3932 3306 3281
f 3932 3307 3306
f 3932 3933 3307
f 3949 3944 3945
f 3949 3946 3944
f 3943 3299 3324
f 3943 3300 3299
f 3326 3943 3324
f 3326 3949 3943
f 3327 3330 3334
f 3327 3323 3330
f 3968 3947 3946
f 3968 3971 3947
f 3970 3968 3967
f 3970 3971 3968
f 3979 3967 3969
f 3979 3975 3967
f 3326 3979 3969
f 3326 3327 3979
f 3961 3963 3964
f 3961 3960 3963
f 3984 3964 3965
f 3984 3983 3964
f 3342 3960 3961
f 3342 3340 3960
f 3311 3314 3310
f 3311 3340 3314
f 3986 3985 3987
f 3986 3983 3985
f 3993 3986 3987
f 3993 3988 3986
f 3342 3998 3343
f 3342 3988 3998
f 3343 3348 3338
f 3343 3998 3348
f 3976 3980 3981
f 3976 3975 3980
f 4002 3977 3976
f 4002 4005 3977
f 3333 3980 3334
f 3333 3359 3980
f 3981 3360 4003
f 3981 3359 3360
f 4004 4002 4001
f 4004 4005 4002
f 4014 4001 4003
f 4014 4011 4001
f 3368 3360 3357
f 3368 4014 3360
f 4017 3991 3994
f 4017 3992 3991
f 3993 3992 4000
f 3993 3991 3992
f 4020 4018 4022
f 4020 4017 4018
f 4025 4021 4020
f 4025 4028 4021
f 3999 3347 3348
f 3999 3374 3347
f 3999 3375 3374
f 3999 4000 3375
f 3375 4030 3376
f 3375 4021 4030
f 3376 3381 3372
f 3376 4030 3381
f 4036 4009 4010
f 4036 4012 4009
f 4009 4016 4010
f 4009 4011 4016
f 4016 3397 4008
f 4016 3398 3397
f 3364 3398 3368
f 3364 3367 3398
f 4034 3397 3399
f 4034 4008 3397
f 4037 4038 4036
f 4037 4045 4038
f 4046 4034 4035
f 4046 4037 4034
f 4043 3401 3402
f 4043 4035 3401
f 3395 3401 3399
f 3395 3396 3401
f 4029 4026 4051
f 4029 4025 4026
f 4059 4051 4055
f 4059 4052 4051
f 4031 4029 4032
f 4031 4028 4029
f 4031 3380 3381
f 4031 3405 3380
f 3406 4032 4054
f 3406 3405 4032
f 4052 4064 4054
f 4052 4060 4064
f 3409 4065 3410
f 3409 4064 4065
f 3406 3407 3404
f 3406 3409 3407
f 4046 4044 4047
f 4046 4043 4044
f 4047 4073 4048
f 4047 4072 4073
f 3390 3402 3389
f 3390 3430 3402
f 3432 3431 3433
f 3432 3430 3431
f 4075 3432 3433
f 4075 4044 3432
f 4068 4077 4076
f 4068 4069 4077
f 4074 4075 4077
f 4074 4072 4075
f 3427 3435 3425
f 3427 4076 3435
f 3435 3422 3425
f 3435 3431 3422
f 4065 4061 4066
f 4065 4060 4061
f 4062 4084 4061
f 4062 4085 4084
f 4067 4084 4091
f 4067 4066 4084
f 3410 3418 3408
f 3410 3439 3418
f 3438 4067 3444
f 3438 3439 4067
f 4091 4089 4093
f 4091 4088 4089
f 4096 4093 4095
f 4096 4094 4093
f 3443 4094 3446
f 3443 3444 4094
f 4101 4068 4081
f 4101 4070 4068
f 4081 3462 4102
f 4081 3461 3462
f 3461 3426 3460
f 3461 3427 3426
f 4103 4101 4100
f 4103 4104 4101
f 4112 4100 4102
f 4112 4110 4100
f 3470 3462 3459
f 3470 4112 3462
f 4117 4095 4098
f 4117 4097 4095
f 3475 4096 4097
f 3475 3473 4096
f 3446 3449 3445
f 3446 3473 3449
f 4120 4118 4123
f 4120 4117 4118
f 4124 4120 4123
f 4124 4121 4120
f 4133 4130 4134
f 4133 4129 4130
f 4122 4129 4132
f 4122 4121 4129
f 3475 4132 3476
f 3475 4122 4132
f 3476 3477 3472
f 3476 3479 3477
f 3479 3489 3478
f 3479 4133 3489
f 4107 4114 4108
f 4107 4110 4114
f 4108 4156 4109
f 4108 4155 4156
f 4114 3520 4106
f 4114 3521 3520
f 3466 3521 3470
f 3466 3469 3521
f 4158 3520 3522
f 4158 4106 3520
f 4147 4160 4159
f 4147 4148 4160
f 4157 4158 4160
f 4157 4155 4158
f 3514 4159 3515
f 3514 4153 4159
f 3519 3515 3523
f 3519 3513 3515
f 3518 3523 3522
f 3518 3519 3523
f 4140 4134 4137
f 4140 4135 4134
f 4166 4137 4136
f 4166 4167 4137
f 3488 4135 3526
f 3488 3489 4135
f 4142 4168 4176
f 4142 4141 4168
f 3526 4141 3527
f 3526 4140 4141
f 3531 3527 4142
f 3531 3525 3527
f 4174 4167 4170
f 4174 4168 4167
f 4179 4176 4177
f 4179 4178 4176
f 4182 4180 4179
f 4182 4185 4180
f 3537 3531 3539
f 3537 3530 3531
f 4180 3539 4178
f 4180 3540 3539
f 4191 4185 4186
f 4191 4190 4185
f 3540 3543 3538
f 3540 4190 3543
f 3543 3553 3542
f 3543 4191 3553
f 3604 3617 3600
f 3604 4215 3617
f 3617 4217 3618
f 3617 4215 4217
f 3616 3618 3620
f 3616 3615 3618
f 4235 4229 4230
f 4235 4234 4229
f 4235 4227 4233
f 4235 4228 4227
f 3620 4227 3621
f 3620 4225 4227
f 3623 3621 3635
f 3623 3619 3621
f 4228 3630 3635
f 4228 3633 3630
f 4146 4149 4145
f 4146 4150 4149
f 4144 4242 4243
f 4144 4143 4242
f 4145 4244 4146
f 4145 4243 4244
f 4143 3632 3634
f 4143 3636 3632
f 3512 3636 3637
f 3512 3510 3636
f 4154 3637 4144
f 4154 3638 3637
f 3508 3638 3514
f 3508 3512 3638
f 4229 4242 4231
f 4229 4239 4242
f 3634 4230 4231
f 3634 3633 4230
f 4149 4153 4154
f 4149 4147 4153
f 4186 4194 4192
f 4186 4189 4194
f 4197 4192 4195
f 4197 4193 4192
f 4252 4195 4194
f 4252 4254 4195
f 3552 4193 3639
f 3552 3553 4193
f 4199 4255 4262
f 4199 4198 4255
f 3639 4198 3640
f 3639 4197 4198
f 3558 3640 3641
f 3558 3557 3640
f 3565 3641 3642
f 3565 3563 3641
f 4264 3642 4199
f 4264 3645 3642
f 4260 4254 4257
f 4260 4255 4254
f 4265 4262 4263
f 4265 4264 4262
f 4270 4265 4269
f 4270 4266 4265
f 4200 3645 4268
f 4200 3644 3645
f 3569 3644 3647
f 3569 3568 3644
f 3646 4200 3652
f 3646 3647 4200
f 4266 4275 4268
f 4266 4273 4275
f 4278 4275 4276
f 4278 4277 4275
f 4283 4278 4282
f 4283 4279 4278
f 4280 3652 4277
f 4280 3653 3652
f 4201 3651 3654
f 4201 3655 3651
f 3586 3655 3656
f 3586 3584 3655
f 4290 3656 4201
f 4290 3659 3656
f 4279 4288 4281
f 4279 4286 4288
f 4291 4288 4289
f 4291 4290 4288
f 4297 4291 4296
f 4297 4292 4291
f 3654 4280 4281
f 3654 3653 4280
f 4294 4204 4295
f 4294 4203 4204
f 4208 4210 4207
f 4208 4211 4210
f 4205 4206 4207
f 4205 4203 4206
f 4204 3659 4295
f 4204 3658 3659
f 3590 3658 3660
f 3590 3589 3658
f 3598 3660 3661
f 3598 3596 3660
f 4214 3661 4205
f 4214 3662 3661
f 4297 4294 4292
f 4297 4298 4294
f 4210 4213 4214
f 4210 4209 4213
f 4209 4218 4216
f 4209 4212 4218
f 4220 4222 4219
f 4220 4223 4222
f 4226 4216 4219
f 4226 4217 4216
f 3602 4213 3604
f 3602 3662 4213
f 4222 4225 4226
f 4222 4221 4225
f 4221 4236 4233
f 4221 4224 4236
f 4329 4319 4328
f 4329 4320 4319
f 4330 4333 4332
f 4330 4331 4333
f 4336 4331 4330
f 4336 4338 4331
f 4328 4336 4329
f 4328 4335 4336
f 4344 4340 4346
f 4344 4339 4340
f 4342 4340 4338
f 4342 4345 4340
f 4348 4352 4351
f 4348 4349 4352
f 4347 4348 4346
f 4347 4350 4348
f 3690 4345 3689
f 3690 4347 4345
f 4359 4356 4361
f 4359 4355 4356
f 4356 4350 4358
f 4356 4349 4350
f 4360 4366 4361
f 4360 4364 4366
f 4360 3695 3696
f 4360 4358 3695
f 4321 4318 4317
f 4321 4322 4318
f 4426 4316 4427
f 4426 4315 4316
f 4428 4317 4318
f 4428 4427 4317
f 4315 3757 3769
f 4315 3759 3757
f 3769 4326 4316
f 3769 3770 4326
f 4408 4423 4409
f 4408 4421 4423
f 4426 4408 4409
f 4426 4422 4408
f 3752 3743 3742
f 3752 3759 3743
f 3743 3754 3742
f 3743 4423 3754
f 4325 4321 4326
f 4325 4319 4321
f 3666 3674 3667
f 3666 3671 3674
f 4325 3665 3667
f 4325 3770 3665
f 4335 3673 3771
f 4335 3674 3673
f 3678 3689 3679
f 3678 3686 3689
f 4342 3677 3679
f 4342 3771 3677
f 3690 3693 3695
f 3690 3688 3693
f 4375 4365 4366
f 4375 4370 4365
f 3694 3705 3696
f 3694 3702 3705
f 4364 3704 3772
f 4364 3705 3704
f 4374 4370 4375
f 4374 4369 4370
f 4379 4369 4377
f 4379 4372 4369
f 4384 4381 4380
f 4384 4385 4381
f 4377 4389 4380
f 4377 4378 4389
f 3708 3718 3709
f 3708 3715 3718
f 4374 3707 3709
f 4374 3772 3707
f 4378 3717 3773
f 4378 3718 3717
f 4388 4384 4389
f 4388 4383 4384
f 4393 4383 4391
f 4393 4386 4383
f 4397 4395 4394
f 4397 4398 4395
f 4391 4400 4394
f 4391 4392 4400
f 3721 3731 3722
f 3721 3728 3731
f 4388 3720 3722
f 4388 3773 3720
f 4392 3730 3774
f 4392 3731 3730
f 4402 4397 4401
f 4402 4399 4397
f 4437 4403 4439
f 4437 4402 4403
f 4404 4440 4405
f 4404 4437 4440
f 4401 3774 3775
f 4401 4400 3774
f 3775 3734 3778
f 3775 3733 3734
f 4403 3777 3785
f 4403 3778 3777
f 3785 4443 4439
f 3785 3786 4443
f 4452 4455 4456
f 4452 4451 4455
f 4450 4440 4442
f 4450 4444 4440
f 4451 4443 4454
f 4451 4442 4443
f 3790 3786 3784
f 3790 4454 3786
f 3798 3790 3789
f 3798 4455 3790
f 4469 4482 4470
f 4469 4481 4482
f 3822 4477 3823
f 3822 4468 4477
f 3816 4468 3822
f 3816 3819 4468
f 4414 4471 4472
f 4414 4413 4471
f 4417 4415 4418
f 4417 4413 4415
f 4425 4416 4418
f 4425 4421 4416
f 3818 4414 3820
f 3818 3824 4414
f 3824 3750 3825
f 3824 3748 3750
f 3825 4425 4415
f 3825 3826 4425
f 3826 3747 3754
f 3826 3750 3747
f 4471 4473 4469
f 4471 4474 4473
f 4470 3820 4472
f 4470 3819 3820
f 4462 4460 4459
f 4462 4463 4460
f 4456 4464 4459
f 4456 4457 4464
f 4457 3797 3830
f 4457 3798 3797
f 4489 4463 4462
f 4489 4490 4463
f 4489 4466 4497
f 4489 4465 4466
f 4465 3830 3831
f 4465 4464 3830
f 3831 3836 4466
f 3831 3829 3836
f 4495 4497 4499
f 4495 4494 4497
f 4499 4502 4501
f 4499 4500 4502
f 3844 3832 3834
f 3844 3836 3832
f 4502 3844 3845
f 4502 4500 3844
f 4512 4524 4513
f 4512 4523 4524
f 3862 3857 3866
f 3862 3855 3857
f 4479 4514 4515
f 4479 4478 4514
f 4483 4480 4484
f 4483 4478 4480
f 4480 4482 4484
f 4480 4477 4482
f 3823 3805 3804
f 3823 3867 3805
f 3856 4479 3858
f 3856 3867 4479
f 4514 4516 4512
f 4514 4517 4516
f 4513 3858 4515
f 4513 3857 3858
f 4507 4505 4504
f 4507 4508 4505
f 4501 4509 4504
f 4501 4502 4509
f 4502 3843 3872
f 4502 3845 3843
f 4530 4508 4507
f 4530 4532 4508
f 4510 3872 3873
f 4510 4509 3872
f 4510 3874 4531
f 4510 3873 3874
f 4539 4543 4544
f 4539 4538 4543
f 4538 4530 4531
f 4538 4537 4530
f 3875 3874 3871
f 3875 3878 3874
f 3885 3878 3877
f 3885 4543 3878
f 4522 4524 4525
f 4522 4520 4524
f 4556 4522 4557
f 4556 4521 4522
f 4558 4525 4526
f 4558 4557 4525
f 3865 4520 3901
f 3865 3866 4520
f 4521 3898 3901
f 4521 3900 3898
f 4559 4549 4556
f 4559 4551 4549
f 4555 4549 4550
f 4555 4554 4549
f 3892 4555 3893
f 3892 4554 4555
f 3899 3892 3890
f 3899 3900 3892
f 4544 4565 4547
f 4544 4546 4565
f 3885 3904 3909
f 3885 3884 3904
f 4568 3909 3910
f 4568 4546 3909
f 4566 4570 4571
f 4566 4565 4570
f 4576 4568 4569
f 4576 4570 4568
f 4569 3908 3917
f 4569 3910 3908
f 4550 4581 4562
f 4550 4552 4581
f 3924 4562 4582
f 3924 3923 4562
f 3891 3923 3922
f 3891 3893 3923
f 4581 4583 4580
f 4581 4584 4583
f 4580 4593 4582
f 4580 4591 4593
f 3924 3930 3921
f 3924 4593 3930
f 4576 4574 4577
f 4576 4573 4574
f 4577 4597 4578
f 4577 4596 4597
f 4573 3916 3940
f 4573 3917 3916
f 4598 3940 3941
f 4598 4574 3940
f 4597 4599 4601
f 4597 4596 4599
f 4600 4605 4599
f 4600 4606 4605
f 3941 4600 4598
f 3941 3942 4600
f 3942 3944 3948
f 3942 3939 3944
f 4595 4588 4589
f 4595 4591 4588
f 4614 4589 4590
f 4614 4613 4589
f 3957 4595 4587
f 3957 3958 4595
f 3958 3926 3930
f 3958 3928 3926
f 3957 4615 3959
f 3957 4587 4615
f 4617 4614 4618
f 4617 4613 4614
f 4615 4625 4616
f 4615 4617 4625
f 3956 4616 3966
f 3956 3959 4616
f 4607 4611 4612
f 4607 4606 4611
f 4629 4608 4607
f 4629 4631 4608
f 3947 4611 3948
f 3947 3972 4611
f 4612 3973 4630
f 4612 3972 3973
f 4635 4629 4630
f 4635 4634 4629
f 4635 4642 4636
f 4635 4641 4642
f 3978 3973 3970
f 3978 4641 3973
f 4623 4625 4626
f 4623 4622 4625
f 4646 4626 4627
f 4646 4645 4626
f 3965 4622 3989
f 3965 3966 4622
f 3989 4648 3990
f 3989 4623 4648
f 4648 4647 4649
f 4648 4645 4647
f 4654 4649 4653
f 4654 4650 4649
f 3995 4654 3996
f 3995 4650 4654
f 3995 3984 3990
f 3995 3985 3984
f 4659 4636 4643
f 4659 4638 4636
f 3977 4642 3978
f 3977 4006 4642
f 4643 4007 4660
f 4643 4006 4007
f 4665 4659 4660
f 4665 4664 4659
f 4665 4672 4666
f 4665 4671 4672
f 4013 4007 4004
f 4013 4671 4007
f 4675 4653 4656
f 4675 4655 4653
f 4018 3996 4023
f 4018 3994 3996
f 4023 4678 4024
f 4023 4655 4678
f 4678 4677 4679
f 4678 4675 4677
f 4684 4679 4683
f 4684 4680 4679
f 4022 4680 4027
f 4022 4024 4680
f 4701 4690 4691
f 4701 4700 4690
f 4041 4045 4049
f 4041 4038 4045
f 4692 4666 4673
f 4692 4668 4666
f 4012 4672 4013
f 4012 4040 4672
f 4673 4042 4693
f 4673 4040 4042
f 4694 4692 4690
f 4694 4695 4692
f 4042 4691 4693
f 4042 4041 4691
f 4705 4683 4686
f 4705 4685 4683
f 4026 4684 4056
f 4026 4027 4684
f 4056 4707 4057
f 4056 4685 4707
f 4708 4706 4710
f 4708 4705 4706
f 4714 4709 4708
f 4714 4715 4709
f 4709 4057 4707
f 4709 4058 4057
f 4059 4058 4063
f 4059 4055 4058
f 4701 4699 4702
f 4701 4698 4699
f 4702 4725 4703
f 4702 4724 4725
f 4698 4048 4079
f 4698 4049 4048
f 4727 4079 4080
f 4727 4699 4079
f 4726 4727 4728
f 4726 4724 4727
f 4728 4734 4733
f 4728 4729 4734
f 4734 4082 4083
f 4734 4729 4082
f 4073 4082 4080
f 4073 4074 4082
f 4720 4716 4721
f 4720 4715 4716
f 4717 4740 4716
f 4717 4742 4740
f 4720 4062 4063
f 4720 4086 4062
f 4087 4721 4741
f 4087 4086 4721
f 4750 4747 4751
f 4750 4746 4747
f 4740 4746 4741
f 4740 4745 4746
f 4087 4088 4085
f 4087 4090 4088
f 4090 4099 4089
f 4090 4750 4099
f 4735 4722 4733
f 4735 4723 4722
f 4756 4736 4757
f 4756 4735 4736
f 4070 4083 4069
f 4070 4115 4083
f 4736 4104 4105
f 4736 4115 4104
f 4764 4756 4757
f 4764 4763 4756
f 4764 4773 4765
f 4764 4772 4773
f 4111 4105 4103
f 4111 4772 4105
f 4777 4751 4754
f 4777 4753 4751
f 4118 4099 4125
f 4118 4098 4099
f 4125 4779 4126
f 4125 4753 4779
f 4780 4778 4782
f 4780 4777 4778
f 4786 4781 4780
f 4786 4787 4781
f 4781 4126 4779
f 4781 4127 4126
f 4794 4787 4788
f 4794 4793 4787
f 4127 4131 4124
f 4127 4793 4131
f 4131 4138 4130
f 4131 4794 4138
f 4762 4767 4761
f 4762 4768 4767
f 4761 4811 4762
f 4761 4810 4811
f 4774 4162 4760
f 4774 4163 4162
f 4107 4163 4111
f 4107 4109 4163
f 4813 4162 4164
f 4813 4760 4162
f 4802 4815 4814
f 4802 4803 4815
f 4812 4813 4815
f 4812 4810 4813
f 4152 4165 4148
f 4152 4814 4165
f 4156 4165 4164
f 4156 4157 4165
f 4767 4773 4774
f 4767 4765 4773
f 4788 4798 4795
f 4788 4791 4798
f 4822 4795 4798
f 4822 4797 4795
f 4166 4138 4171
f 4166 4136 4138
f 4171 4825 4172
f 4171 4797 4825
f 4826 4823 4829
f 4826 4822 4823
f 4830 4826 4829
f 4830 4827 4826
f 4828 4172 4825
f 4828 4173 4172
f 4838 4835 4839
f 4838 4834 4835
f 4828 4834 4837
f 4828 4827 4834
f 4173 4175 4170
f 4173 4837 4175
f 4177 4175 4183
f 4177 4174 4175
f 4183 4840 4184
f 4183 4838 4840
f 4801 4804 4800
f 4801 4805 4804
f 4800 4871 4801
f 4800 4870 4871
f 4809 4246 4799
f 4809 4247 4246
f 4873 4246 4248
f 4873 4799 4246
f 4862 4875 4874
f 4862 4863 4875
f 4872 4873 4875
f 4872 4870 4873
f 4240 4874 4241
f 4240 4868 4874
f 4245 4241 4249
f 4245 4239 4241
f 4244 4249 4248
f 4244 4245 4249
f 4804 4808 4809
f 4804 4802 4808
f 4150 4808 4152
f 4150 4247 4808
f 4843 4845 4842
f 4843 4846 4845
f 4848 4839 4842
f 4848 4840 4839
f 4184 4188 4182
f 4184 4250 4188
f 4845 4850 4849
f 4845 4847 4850
f 4851 4883 4886
f 4851 4850 4883
f 4250 4849 4251
f 4250 4848 4849
f 4189 4251 4253
f 4189 4188 4251
f 4252 4851 4258
f 4252 4253 4851
f 4887 4884 4890
f 4887 4883 4884
f 4891 4887 4890
f 4891 4888 4887
f 4889 4258 4886
f 4889 4259 4258
f 4895 4898 4900
f 4895 4894 4898
f 4889 4895 4897
f 4889 4888 4895
f 4906 4902 4905
f 4906 4903 4902
f 4902 4901 4900
f 4902 4904 4901
f 4259 4261 4257
f 4259 4897 4261
f 4263 4261 4272
f 4263 4260 4261
f 4901 4269 4272
f 4901 4271 4269
f 4910 4913 4915
f 4910 4909 4913
f 4904 4910 4912
f 4904 4903 4910
f 4921 4917 4920
f 4921 4918 4917
f 4917 4916 4915
f 4917 4919 4916
f 4271 4274 4270
f 4271 4912 4274
f 4276 4274 4285
f 4276 4273 4274
f 4916 4282 4285
f 4916 4284 4282
f 4925 4929 4931
f 4925 4924 4929
f 4919 4925 4928
f 4919 4918 4925
f 4938 4933 4937
f 4938 4934 4933
f 4933 4932 4931
f 4933 4935 4932
f 4284 4287 4283
f 4284 4928 4287
f 4289 4287 4301
f 4289 4286 4287
f 4932 4296 4301
f 4932 4299 4296
f 4853 4298 4300
f 4853 4302 4298
f 4208 4302 4303
f 4208 4206 4302
f 4945 4303 4853
f 4945 4306 4303
f 4934 4943 4936
f 4934 4941 4943
f 4946 4943 4944
f 4946 4945 4943
f 4951 4946 4950
f 4951 4947 4946
f 4300 4935 4936
f 4300 4299 4935
f 4854 4306 4949
f 4854 4305 4306
f 4212 4305 4307
f 4212 4211 4305
f 4220 4307 4308
f 4220 4218 4307
f 4959 4308 4854
f 4959 4311 4308
f 4947 4956 4949
f 4947 4955 4956
f 4960 4956 4957
f 4960 4959 4956
f 4966 4960 4965
f 4966 4961 4960
f 4963 4857 4964
f 4963 4856 4857
f 4861 4864 4860
f 4861 4865 4864
f 4858 4859 4860
f 4858 4856 4859
f 4857 4311 4964
f 4857 4310 4311
f 4224 4310 4312
f 4224 4223 4310
f 4238 4312 4313
f 4238 4236 4312
f 4869 4313 4858
f 4869 4314 4313
f 4234 4314 4240
f 4234 4238 4314
f 4966 4963 4961
f 4966 4967 4963
f 4864 4868 4869
f 4864 4862 4868
f 4983 4987 4986
f 4983 4984 4987
f 4337 4324 4320
f 4337 4983 4324
f 4332 4984 4337
f 4332 4334 4984
f 4991 4997 4992
f 4991 4996 4997
f 4997 5001 5000
f 4997 4998 5001
f 4341 4334 4333
f 4341 4996 4334
f 4341 4344 4354
f 4341 4339 4344
f 4351 4998 4354
f 4351 4353 4998
f 5005 5012 5006
f 5005 5011 5012
f 4357 4353 4352
f 4357 5011 4353
f 4357 4359 4367
f 4357 4355 4359
f 5014 4367 4368
f 5014 5012 4367
f 5052 5060 5053
f 5052 5059 5060
f 4416 4411 4420
f 4416 4410 4411
f 5066 4976 5067
f 5066 4975 4976
f 4975 4428 4431
f 4975 4430 4428
f 4431 4982 4976
f 4431 4432 4982
f 5066 5052 5054
f 5066 5063 5052
f 5068 5069 5070
f 5068 5067 5069
f 5053 4412 5054
f 5053 4411 4412
f 4422 4412 4410
f 4422 4430 4412
f 4981 4979 4982
f 4981 4978 4979
f 4980 5069 4979
f 4980 5072 5069
f 4988 4978 4986
f 4988 4980 4978
f 4993 4990 4989
f 4993 4994 4990
f 4987 4993 4989
f 4987 4991 4993
f 4981 4322 4324
f 4981 4432 4322
f 5002 4992 5000
f 5002 4995 4992
f 5007 5004 5003
f 5007 5008 5004
f 5001 5007 5003
f 5001 5005 5007
f 5015 5006 5013
f 5015 5009 5006
f 5020 5017 5016
f 5020 5021 5017
f 5013 5024 5016
f 5013 5014 5024
f 4371 4368 4365
f 4371 4433 4368
f 5023 5020 5024
f 5023 5019 5020
f 5028 5019 5026
f 5028 5022 5019
f 5032 5030 5029
f 5032 5033 5030
f 5026 5036 5029
f 5026 5027 5036
f 4372 4382 4373
f 4372 4379 4382
f 5023 4371 4373
f 5023 4433 4371
f 5027 4381 4434
f 5027 4382 4381
f 5035 5032 5036
f 5035 5031 5032
f 5040 5031 5038
f 5040 5034 5031
f 5043 5042 5041
f 5043 5044 5042
f 5038 5046 5041
f 5038 5039 5046
f 4386 4396 4387
f 4386 4393 4396
f 5035 4385 4387
f 5035 4434 4385
f 5039 4395 4435
f 5039 4396 4395
f 5048 5043 5047
f 5048 5045 5043
f 5095 5049 5098
f 5095 5048 5049
f 5047 4435 4436
f 5047 5046 4435
f 4436 4399 4438
f 4436 4398 4399
f 4438 4405 4445
f 4438 4404 4405
f 4445 5098 5049
f 4445 4448 5098
f 5096 5099 5102
f 5096 5095 5099
f 5099 5103 5102
f 5099 5100 5103
f 5108 5112 5113
f 5108 5107 5112
f 5107 5101 5111
f 5107 5100 5101
f 5111 4448 4449
f 5111 5101 4448
f 4450 4449 4444
f 4450 4453 4449
f 4461 4453 4452
f 4461 5112 4453
f 5121 5130 5122
f 5121 5129 5130
f 4481 4475 4486
f 4481 4473 4475
f 5058 5060 5061
f 5058 5056 5060
f 5135 5058 5136
f 5135 5057 5058
f 5137 5061 5062
f 5137 5136 5061
f 4474 5057 4476
f 4474 4487 5057
f 4487 4419 4488
f 4487 4417 4419
f 4419 5056 4488
f 4419 4420 5056
f 5135 5121 5123
f 5135 5133 5121
f 5122 4476 5123
f 5122 4475 4476
f 5113 5118 5116
f 5113 5114 5118
f 5116 5143 5115
f 5116 5145 5143
f 5114 4460 4491
f 5114 4461 4460
f 5119 4491 4492
f 5119 5118 4491
f 5119 4493 5147
f 5119 4492 4493
f 5154 5157 5158
f 5154 5153 5157
f 5145 5152 5149
f 5145 5146 5152
f 5153 5146 5147
f 5153 5152 5146
f 4494 4493 4490
f 4494 4496 4493
f 4506 4496 4495
f 4506 5157 4496
f 5164 5171 5165
f 5164 5170 5171
f 4523 4518 4527
f 4523 4516 4518
f 5128 5130 5131
f 5128 5126 5130
f 5177 5128 5178
f 5177 5127 5128
f 5179 5131 5132
f 5179 5178 5131
f 4517 5127 4519
f 4517 4528 5127
f 4528 4485 4529
f 4528 4483 4485
f 4485 5126 4529
f 4485 4486 5126
f 5177 5164 5166
f 5177 5174 5164
f 5165 4519 5166
f 5165 4518 4519
f 5158 5185 5161
f 5158 5160 5185
f 5159 4505 4533
f 5159 4506 4505
f 5159 4535 5160
f 5159 4533 4535
f 5186 5188 5191
f 5186 5185 5188
f 5188 5192 5191
f 5188 5189 5192
f 5197 5190 5201
f 5197 5189 5190
f 5197 5202 5198
f 5197 5201 5202
f 5201 4535 4536
f 5201 5190 4535
f 5202 4540 4541
f 5202 5201 4540
f 4537 4536 4532
f 4537 4540 4536
f 5169 5171 5172
f 5169 5168 5171
f 5214 5172 5173
f 5214 5213 5172
f 4526 5168 4560
f 4526 4527 5168
f 4560 5216 4561
f 4560 5169 5216
f 5218 5208 5217
f 5218 5209 5208
f 5216 5215 5218
f 5216 5213 5215
f 4563 4553 4551
f 4563 5217 4553
f 4563 4558 4561
f 4563 4559 4558
f 5199 5204 5206
f 5199 5198 5204
f 5225 5205 5227
f 5225 5204 5205
f 4547 4541 4539
f 4547 4567 4541
f 5205 4566 4572
f 5205 4567 4566
f 5226 5229 5230
f 5226 5225 5229
f 5236 5227 5228
f 5236 5229 5227
f 5228 4571 4579
f 5228 4572 4571
f 5208 5241 5223
f 5208 5210 5241
f 4586 5223 5242
f 4586 4585 5223
f 4552 4585 4584
f 4552 4553 4585
f 5241 5243 5240
f 5241 5244 5243
f 5240 5253 5242
f 5240 5251 5253
f 4586 4592 4583
f 4586 5253 4592
f 5236 5234 5237
f 5236 5233 5234
f 5237 5257 5238
f 5237 5256 5257
f 5233 4578 4602
f 5233 4579 4578
f 5258 4602 4603
f 5258 5234 4602
f 5257 5259 5261
f 5257 5256 5259
f 5260 5265 5259
f 5260 5266 5265
f 4603 5260 5258
f 4603 4604 5260
f 4604 4605 4609
f 4604 4601 4605
f 5255 5248 5249
f 5255 5251 5248
f 5274 5249 5250
f 5274 5273 5249
f 4619 5255 5247
f 4619 4620 5255
f 4620 4588 4592
f 4620 4590 4588
f 4619 5275 4621
f 4619 5247 5275
f 5277 5274 5278
f 5277 5273 5274
f 5275 5286 5276
f 5275 5277 5286
f 4618 5276 4628
f 4618 4621 5276
f 5267 5271 5272
f 5267 5266 5271
f 5290 5268 5267
f 5290 5292 5268
f 4608 5271 4609
f 4608 4632 5271
f 5272 4633 5291
f 5272 4632 4633
f 5296 5290 5291
f 5296 5295 5290
f 5296 5303 5297
f 5296 5302 5303
f 5303 4639 4640
f 5303 5302 4639
f 4634 4633 4631
f 4634 4639 4633
f 5284 5286 5287
f 5284 5283 5286
f 5307 5287 5288
f 5307 5306 5287
f 4627 5283 4651
f 4627 4628 5283
f 4651 5309 4652
f 4651 5284 5309
f 5309 5308 5310
f 5309 5306 5308
f 5315 5310 5314
f 5315 5311 5310
f 4657 5315 4658
f 4657 5311 5315
f 4657 4646 4652
f 4657 4647 4646
f 5320 5297 5304
f 5320 5299 5297
f 5304 4663 5321
f 5304 4662 4663
f 4662 4638 4661
f 4662 4640 4638
f 5326 5320 5321
f 5326 5325 5320
f 5326 5333 5327
f 5326 5332 5333
f 5333 4669 4670
f 5333 5332 4669
f 4664 4663 4661
f 4664 4669 4663
f 5336 5314 5317
f 5336 5316 5314
f 4676 4658 4681
f 4676 4656 4658
f 4681 5339 4682
f 4681 5316 5339
f 5339 5338 5340
f 5339 5336 5338
f 5345 5340 5344
f 5345 5341 5340
f 4687 5345 4688
f 4687 5341 5345
f 4687 4676 4682
f 4687 4677 4676
f 5351 5327 5334
f 5351 5329 5327
f 5334 4697 5352
f 5334 4696 4697
f 4696 4668 4695
f 4696 4670 4668
f 5353 5351 5350
f 5353 5354 5351
f 5364 5350 5352
f 5364 5363 5350
f 4704 4697 4694
f 4704 5364 4697
f 5367 5344 5347
f 5367 5346 5344
f 4706 4688 4711
f 4706 4686 4688
f 4711 5369 4712
f 4711 5346 5369
f 5370 5368 5372
f 5370 5367 5368
f 5376 5371 5370
f 5376 5377 5371
f 5371 4712 5369
f 5371 4713 4712
f 4714 4713 4718
f 4714 4710 4713
f 5359 5366 5360
f 5359 5363 5366
f 5360 5388 5361
f 5360 5387 5388
f 5366 4730 5358
f 5366 4731 4730
f 4700 4731 4704
f 4700 4703 4731
f 5390 4730 4732
f 5390 5358 4730
f 5389 5390 5391
f 5389 5387 5390
f 5391 5396 5395
f 5391 5392 5396
f 5396 4738 4739
f 5396 5392 4738
f 4725 4738 4732
f 4725 4726 4738
f 5382 5378 5383
f 5382 5377 5378
f 5379 5401 5378
f 5379 5403 5401
f 5382 4717 4718
f 5382 4743 4717
f 4744 5383 5402
f 4744 4743 5383
f 5410 5407 5412
f 5410 5406 5407
f 5401 5406 5402
f 5401 5405 5406
f 4744 4745 4742
f 4744 4748 4745
f 4748 4755 4747
f 4748 5410 4755
f 5397 5384 5395
f 5397 5385 5384
f 5421 5398 5422
f 5421 5397 5398
f 4723 4739 4722
f 4723 4775 4739
f 5398 4758 4759
f 5398 4775 4758
f 5423 5421 5420
f 5423 5424 5421
f 5433 5420 5422
f 5433 5431 5420
f 5434 4770 4771
f 5434 5433 4770
f 4763 4759 4758
f 4763 4770 4759
f 5436 5412 5415
f 5436 5414 5412
f 5438 5415 5416
f 5438 5436 5415
f 4778 4755 4783
f 4778 4754 4755
f 4783 5437 4784
f 4783 5414 5437
f 5441 4784 5437
f 5441 4785 4784
f 4786 4785 4792
f 4786 4782 4785
f 5438 5446 5440
f 5438 5442 5446
f 5441 5447 5451
f 5441 5440 5447
f 5452 5447 5448
f 5452 5451 5447
f 5428 5435 5429
f 5428 5431 5435
f 5429 5474 5430
f 5429 5473 5474
f 5435 4817 5427
f 5435 4818 4817
f 5477 4817 4819
f 5477 5427 4817
f 5464 5479 5478
f 5464 5465 5479
f 5475 5477 5479
f 5475 5473 5477
f 4807 4820 4803
f 4807 5478 4820
f 4811 4820 4819
f 4811 4812 4820
f 4768 5434 4771
f 4768 4818 5434
f 5454 5449 5456
f 5454 5448 5449
f 5455 5483 5484
f 5455 5454 5483
f 5485 5456 5457
f 5485 5483 5456
f 5452 4790 4792
f 5452 4821 4790
f 4791 4821 4824
f 4791 4790 4821
f 4823 5455 4831
f 4823 4824 5455
f 5488 4831 5484
f 5488 4832 4831
f 5498 5495 5499
f 5498 5494 5495
f 5485 5493 5487
f 5485 5489 5493
f 5488 5494 5497
f 5488 5487 5494
f 4832 4836 4830
f 4832 5497 4836
f 4836 4844 4835
f 4836 5498 4844
f 5463 5466 5462
f 5463 5467 5466
f 5462 5529 5463
f 5462 5528 5529
f 5472 4877 5461
f 5472 4878 4877
f 5532 4877 4879
f 5532 5461 4877
f 5519 5534 5533
f 5519 5520 5534
f 5530 5532 5534
f 5530 5528 5532
f 4867 4880 4863
f 4867 5533 4880
f 4871 4880 4879
f 4871 4872 4880
f 5466 5471 5472
f 5466 5464 5471
f 4805 5471 4807
f 4805 4878 5471
f 5503 5505 5502
f 5503 5506 5505
f 5507 5499 5502
f 5507 5500 5499
f 4843 5500 4881
f 4843 4844 5500
f 5506 5538 5505
f 5506 5539 5538
f 5509 5538 5543
f 5509 5508 5538
f 4881 5508 4882
f 4881 5507 5508
f 4847 4882 4885
f 4847 4846 4882
f 4884 5509 4892
f 4884 4885 5509
f 5547 5543 5544
f 5547 5546 5543
f 5551 5547 5550
f 5551 5548 5547
f 5549 4892 5546
f 5549 4893 4892
f 5556 5558 5561
f 5556 5555 5558
f 5549 5556 5557
f 5549 5548 5556
f 5567 5563 5566
f 5567 5564 5563
f 5563 5562 5561
f 5563 5565 5562
f 4893 4896 4891
f 4893 5557 4896
f 4898 4896 4908
f 4898 4894 4896
f 5562 4905 4908
f 5562 4907 4905
f 5575 5572 5577
f 5575 5571 5572
f 5565 5571 5574
f 5565 5564 5571
f 4907 4911 4906
f 4907 5574 4911
f 4913 4911 4922
f 4913 4909 4911
f 4922 5578 4923
f 4922 5575 5578
f 4921 4923 4926
f 4921 4920 4923
f 5584 5595 5594
f 5584 5585 5595
f 5601 5597 5600
f 5601 5598 5597
f 5597 5596 5595
f 5597 5599 5596
f 4926 5594 4927
f 4926 5591 5594
f 4929 4927 4940
f 4929 4924 4927
f 5596 4937 4940
f 5596 4939 4937
f 5605 5608 5610
f 5605 5604 5608
f 5599 5605 5607
f 5599 5598 5605
f 5617 5612 5616
f 5617 5613 5612
f 5612 5611 5610
f 5612 5614 5611
f 4939 4942 4938
f 4939 5607 4942
f 4944 4942 4954
f 4944 4941 4942
f 5611 4950 4954
f 5611 4952 4950
f 5613 5622 5615
f 5613 5621 5622
f 5626 5622 5623
f 5626 5625 5622
f 5632 5626 5631
f 5632 5627 5626
f 4953 5614 5615
f 4953 4952 5614
f 4953 4955 4951
f 4953 4958 4955
f 4965 4958 4968
f 4965 4957 4958
f 5628 4968 5625
f 5628 4969 4968
f 5629 5514 5630
f 5629 5513 5514
f 5518 5521 5517
f 5518 5522 5521
f 5515 5516 5517
f 5515 5513 5516
f 5514 4967 4970
f 5514 4971 4967
f 4861 4971 4972
f 4861 4859 4971
f 5527 4972 5515
f 5527 4973 4972
f 5632 5629 5627
f 5632 5633 5629
f 4970 5628 5630
f 4970 4969 5628
f 5521 5526 5527
f 5521 5519 5526
f 4865 5526 4867
f 4865 4973 5526
f 5581 5586 5580
f 5581 5587 5586
f 5592 5577 5580
f 5592 5578 5577
f 5586 5591 5592
f 5586 5584 5591
f 5681 5687 5682
f 5681 5686 5687
f 5679 5687 5685
f 5679 5680 5687
f 5679 5064 5065
f 5679 5677 5064
f 5065 5068 5075
f 5065 5063 5068
f 5070 5680 5075
f 5070 5073 5680
f 5072 5641 5074
f 5072 5076 5641
f 5076 4990 5077
f 5076 4988 4990
f 5077 5696 5641
f 5077 5080 5696
f 5694 5681 5683
f 5694 5691 5681
f 5694 5697 5695
f 5694 5696 5697
f 5697 5702 5701
f 5697 5698 5702
f 5682 5074 5683
f 5682 5073 5074
f 5707 5643 5708
f 5707 5642 5643
f 5080 5642 5700
f 5080 5079 5642
f 5079 4995 5081
f 5079 4994 4995
f 5081 5004 5082
f 5081 5002 5004
f 5082 5649 5643
f 5082 5083 5649
f 5707 5698 5700
f 5707 5706 5698
f 5709 5711 5712
f 5709 5708 5711
f 5648 5646 5649
f 5648 5645 5646
f 5647 5711 5646
f 5647 5714 5711
f 5653 5645 5651
f 5653 5647 5645
f 5656 5655 5654
f 5656 5657 5655
f 5651 5659 5654
f 5651 5652 5659
f 5009 5018 5010
f 5009 5015 5018
f 5648 5008 5010
f 5648 5083 5008
f 5652 5017 5084
f 5652 5018 5017
f 5661 5656 5660
f 5661 5658 5656
f 5664 5663 5665
f 5664 5661 5663
f 5665 5723 5664
f 5665 5725 5723
f 5660 5084 5085
f 5660 5659 5084
f 5085 5022 5086
f 5085 5021 5022
f 5086 5030 5087
f 5086 5028 5030
f 5087 5667 5663
f 5087 5088 5667
f 5726 5669 5733
f 5726 5668 5669
f 5668 5088 5089
f 5668 5667 5088
f 5089 5034 5090
f 5089 5033 5034
f 5090 5042 5091
f 5090 5040 5042
f 5091 5735 5669
f 5091 5094 5735
f 5725 5731 5728
f 5725 5726 5731
f 5733 5736 5734
f 5733 5735 5736
f 5736 5741 5740
f 5736 5737 5741
f 5094 5670 5739
f 5094 5093 5670
f 5093 5045 5097
f 5093 5044 5045
f 5670 5096 5104
f 5670 5097 5096
f 5745 5749 5751
f 5745 5744 5749
f 5749 5737 5739
f 5749 5744 5737
f 5750 5754 5751
f 5750 5752 5754
f 5104 5752 5750
f 5104 5105 5752
f 5762 5109 5110
f 5762 5761 5109
f 5109 5105 5103
f 5109 5761 5105
f 5779 5672 5780
f 5779 5671 5672
f 5671 5137 5140
f 5671 5139 5137
f 5140 5678 5672
f 5140 5141 5678
f 5141 5059 5064
f 5141 5062 5059
f 5781 5769 5779
f 5781 5771 5769
f 5777 5769 5770
f 5777 5776 5769
f 5781 5782 5783
f 5781 5780 5782
f 5133 5125 5124
f 5133 5139 5125
f 5125 5134 5124
f 5125 5776 5134
f 5677 5675 5678
f 5677 5674 5675
f 5676 5782 5675
f 5676 5785 5782
f 5688 5674 5685
f 5688 5676 5674
f 5759 5757 5756
f 5759 5760 5757
f 5754 5759 5756
f 5754 5758 5759
f 5759 5762 5763
f 5759 5758 5762
f 5795 5760 5759
f 5795 5796 5760
f 5795 5764 5804
f 5795 5763 5764
f 5115 5110 5108
f 5115 5144 5110
f 5764 5143 5150
f 5764 5144 5143
f 5804 5807 5805
f 5804 5806 5807
f 5808 5810 5807
f 5808 5813 5810
f 5150 5808 5806
f 5150 5151 5808
f 5813 5819 5814
f 5813 5818 5819
f 5155 5151 5149
f 5155 5818 5151
f 5162 5155 5154
f 5162 5819 5155
f 5772 5768 5767
f 5772 5773 5768
f 5834 5767 5768
f 5834 5833 5767
f 5181 5778 5766
f 5181 5182 5778
f 5182 5129 5134
f 5182 5132 5129
f 5181 5836 5183
f 5181 5766 5836
f 5838 5826 5837
f 5838 5827 5826
f 5836 5835 5838
f 5836 5833 5835
f 5837 5175 5176
f 5837 5831 5175
f 5176 5180 5184
f 5176 5174 5180
f 5184 5179 5183
f 5184 5180 5179
f 5777 5772 5778
f 5777 5770 5772
f 5823 5814 5820
f 5823 5817 5814
f 5820 5847 5823
f 5820 5822 5847
f 5162 5186 5193
f 5162 5161 5186
f 5850 5193 5194
f 5850 5822 5193
f 5848 5851 5853
f 5848 5847 5851
f 5852 5856 5851
f 5852 5857 5856
f 5194 5852 5850
f 5194 5195 5852
f 5857 5864 5858
f 5857 5863 5864
f 5200 5195 5192
f 5200 5863 5195
f 5207 5200 5199
f 5207 5864 5200
f 5220 5832 5824
f 5220 5221 5832
f 5221 5170 5175
f 5221 5173 5170
f 5220 5875 5222
f 5220 5824 5875
f 5877 5869 5876
f 5877 5870 5869
f 5875 5874 5877
f 5875 5873 5874
f 5874 5879 5880
f 5874 5873 5879
f 5224 5211 5209
f 5224 5876 5211
f 5224 5214 5222
f 5224 5215 5214
f 5831 5828 5832
f 5831 5826 5828
f 5829 5879 5828
f 5829 5882 5879
f 5868 5858 5865
f 5868 5861 5858
f 5865 5893 5868
f 5865 5867 5893
f 5207 5226 5231
f 5207 5206 5226
f 5898 5231 5232
f 5898 5867 5231
f 5895 5898 5899
f 5895 5893 5898
f 5899 5902 5901
f 5899 5900 5902
f 5900 5230 5239
f 5900 5232 5230
f 5869 5907 5886
f 5869 5871 5907
f 5246 5886 5908
f 5246 5245 5886
f 5210 5245 5244
f 5210 5211 5245
f 5907 5909 5906
f 5907 5910 5909
f 5906 5917 5908
f 5906 5913 5917
f 5246 5252 5243
f 5246 5917 5252
f 5901 5922 5904
f 5901 5903 5922
f 5902 5238 5262
f 5902 5239 5238
f 5924 5262 5263
f 5924 5903 5262
f 5923 5925 5927
f 5923 5922 5925
f 5926 5930 5925
f 5926 5932 5930
f 5263 5926 5924
f 5263 5264 5926
f 5264 5265 5269
f 5264 5261 5265
f 5280 5248 5252
f 5280 5250 5248
f 5939 5950 5940
f 5939 5949 5950
f 5278 5938 5289
f 5278 5281 5938
f 5281 5940 5938
f 5281 5282 5940
f 5918 5914 5921
f 5918 5913 5914
f 5915 5941 5914
f 5915 5944 5941
f 5918 5282 5280
f 5918 5921 5282
f 5941 5943 5939
f 5941 5944 5943
f 5933 5936 5937
f 5933 5932 5936
f 5955 5934 5933
f 5955 5958 5934
f 5268 5936 5269
f 5268 5293 5936
f 5937 5294 5956
f 5937 5293 5294
f 5957 5955 5954
f 5957 5958 5955
f 5969 5954 5956
f 5969 5967 5954
f 5970 5300 5301
f 5970 5969 5300
f 5295 5294 5292
f 5295 5300 5294
f 5949 5975 5951
f 5949 5952 5975
f 5948 5950 5951
f 5948 5947 5950
f 5288 5947 5312
f 5288 5289 5947
f 5312 5973 5313
f 5312 5948 5973
f 5977 5976 5975
f 5977 5983 5976
f 5973 5984 5974
f 5973 5976 5984
f 5318 5981 5319
f 5318 5974 5981
f 5318 5307 5313
f 5318 5308 5307
f 5965 5968 5989
f 5965 5964 5968
f 5989 5996 5993
f 5989 5990 5996
f 5968 5970 5971
f 5968 5967 5970
f 5971 5324 5992
f 5971 5323 5324
f 5323 5299 5322
f 5323 5301 5299
f 6001 5990 5992
f 6001 5999 5990
f 6002 5330 5331
f 6002 6001 5330
f 5325 5324 5322
f 5325 5330 5324
f 5983 6007 5985
f 5983 5986 6007
f 5982 5984 5985
f 5982 5981 5984
f 5337 5319 5342
f 5337 5317 5319
f 5342 6005 5343
f 5342 5982 6005
f 6009 6008 6007
f 6009 6015 6008
f 6005 6016 6006
f 6005 6008 6016
f 5348 6013 5349
f 5348 6006 6013
f 5348 5337 5343
f 5348 5338 5337
f 5997 6000 6022
f 5997 5996 6000
f 6022 6032 6027
f 6022 6023 6032
f 6033 6023 6024
f 6033 6032 6023
f 5356 5359 5362
f 5356 5353 5359
f 6000 6002 6003
f 6000 5999 6002
f 6003 5357 6026
f 6003 5355 5357
f 5355 5329 5354
f 5355 5331 5329
f 5357 6024 6026
f 5357 5356 6024
f 6015 6039 6017
f 6015 6018 6039
f 6014 6016 6017
f 6014 6013 6016
f 5368 5349 5373
f 5368 5347 5349
f 5373 6038 5374
f 5373 6014 6038
f 6042 6040 6039
f 6042 6046 6040
f 6046 6041 6040
f 6046 6047 6041
f 6041 5374 6038
f 6041 5375 5374
f 5376 5375 5380
f 5376 5372 5375
f 6033 6031 6034
f 6033 6030 6031
f 6034 6063 6035
f 6034 6062 6063
f 6030 5361 5393
f 6030 5362 5361
f 6066 5393 5394
f 6066 6031 5393
f 6056 6068 6067
f 6056 6057 6068
f 6064 6066 6068
f 6064 6062 6066
f 5386 5400 5384
f 5386 6067 5400
f 5388 5400 5394
f 5388 5389 5400
f 6052 6048 6053
f 6052 6047 6048
f 6049 6072 6048
f 6049 6073 6072
f 6054 6072 6076
f 6054 6053 6072
f 6052 5379 5380
f 6052 5404 5379
f 5409 5404 6054
f 5409 5403 5404
f 6081 6076 6077
f 6081 6079 6076
f 6079 6086 6080
f 6079 6081 6086
f 5405 5417 5407
f 5405 5409 5417
f 5417 6084 5418
f 5417 6080 6084
f 6095 6056 6071
f 6095 6058 6056
f 6071 5426 6096
f 6071 5425 5426
f 5425 5385 5424
f 5425 5386 5385
f 6097 6095 6094
f 6097 6098 6095
f 6113 6094 6096
f 6113 6112 6094
f 5432 5426 5423
f 5432 6113 5426
f 6085 6090 6086
f 6085 6088 6090
f 5416 6084 5443
f 5416 5418 6084
f 6089 6116 6088
f 6089 6118 6116
f 5443 6091 5444
f 5443 6090 6091
f 5445 6091 6117
f 5445 5444 6091
f 6122 6124 6127
f 6122 6121 6124
f 6116 6122 6117
f 6116 6121 6122
f 6133 6126 6127
f 6133 6131 6126
f 5445 5446 5442
f 5445 5450 5446
f 5450 5458 5449
f 5450 6126 5458
f 6142 6104 6143
f 6142 6103 6104
f 6105 6107 6108
f 6105 6103 6107
f 6106 6115 6108
f 6106 6112 6115
f 5474 6104 5481
f 5474 5476 6104
f 6115 5481 6105
f 6115 5482 5481
f 5428 5482 5432
f 5428 5430 5482
f 6144 6142 6141
f 6144 6145 6142
f 6159 6141 6143
f 6159 6158 6141
f 6160 5469 5470
f 6160 6159 5469
f 5469 5475 5465
f 5469 5476 5475
f 6132 6137 6133
f 6132 6135 6137
f 5457 6131 5490
f 5457 5458 6131
f 6136 6162 6135
f 6136 6164 6162
f 5490 6138 5491
f 5490 6137 6138
f 5492 6138 6163
f 5492 5491 6138
f 6168 6170 6173
f 6168 6167 6170
f 6162 6168 6163
f 6162 6167 6168
f 6180 6172 6173
f 6180 6178 6172
f 5492 5493 5489
f 5492 5496 5493
f 5496 5504 5495
f 5496 6172 5504
f 6223 6218 6222
f 6223 6219 6218
f 6219 6235 6218
f 6219 6236 6235
f 6220 6150 6221
f 6220 6149 6150
f 6151 6153 6154
f 6151 6149 6153
f 6152 6161 6154
f 6152 6158 6161
f 5529 6150 5536
f 5529 5531 6150
f 6161 5536 6151
f 6161 5537 5536
f 6223 6220 6219
f 6223 6224 6220
f 6237 6219 6221
f 6237 6236 6219
f 6238 5524 5525
f 6238 6237 5524
f 5524 5530 5520
f 5524 5531 5530
f 5467 6160 5470
f 5467 5537 6160
f 6179 6186 6180
f 6179 6181 6186
f 5503 6178 5540
f 5503 5504 6178
f 6181 6188 6187
f 6181 6183 6188
f 6189 6240 6241
f 6189 6188 6240
f 6242 6190 6191
f 6242 6240 6190
f 5540 6187 5541
f 5540 6186 6187
f 5545 5541 6189
f 5545 5539 5541
f 5550 5545 5552
f 5550 5544 5545
f 6245 5552 6241
f 6245 5553 5552
f 6242 6250 6244
f 6242 6247 6250
f 6244 6251 6246
f 6244 6250 6251
f 6255 6251 6252
f 6255 6254 6251
f 6259 6255 6258
f 6259 6256 6255
f 5554 6245 6246
f 5554 5553 6245
f 5554 5555 5551
f 5554 5559 5555
f 5566 5559 5568
f 5566 5558 5559
f 6257 5568 6254
f 6257 5569 5568
f 6265 6267 6270
f 6265 6264 6267
f 6257 6265 6266
f 6257 6256 6265
f 6276 6272 6275
f 6276 6273 6272
f 6272 6271 6270
f 6272 6274 6271
f 5569 5573 5567
f 5569 6266 5573
f 5573 5582 5572
f 5573 6269 5582
f 6269 5583 5582
f 6269 6271 5583
f 6281 6283 6286
f 6281 6280 6283
f 6274 6281 6282
f 6274 6273 6281
f 6292 6288 6291
f 6292 6289 6288
f 6288 6287 6286
f 6288 6290 6287
f 5589 6285 5590
f 5589 6282 6285
f 5590 5603 5585
f 5590 6285 5603
f 6287 5600 5603
f 6287 5602 5600
f 6298 6300 6303
f 6298 6297 6300
f 6290 6298 6299
f 6290 6289 6298
f 6311 6305 6310
f 6311 6306 6305
f 6305 6304 6303
f 6305 6307 6304
f 5602 5606 5601
f 5602 6299 5606
f 5608 5606 5620
f 5608 5604 5606
f 6304 5616 5620
f 6304 5618 5616
f 6308 6200 6309
f 6308 6199 6200
f 6204 6208 6203
f 6204 6209 6208
f 6201 6202 6203
f 6201 6199 6202
f 6200 5635 5634
f 6200 6201 5635
f 6311 6308 6306
f 6311 6312 6308
f 5619 6307 6309
f 5619 5618 6307
f 5619 5621 5617
f 5619 5624 5621
f 5631 5624 5634
f 5631 5623 5624
f 6208 6232 6231
f 6208 6210 6232
f 6232 6207 6230
f 6232 6210 6207
f 6234 6235 6239
f 6234 6230 6235
f 6231 5637 5635
f 6231 6233 5637
f 6233 5633 5637
f 6233 5638 5633
f 5518 5638 5639
f 5518 5516 5638
f 6239 5639 6234
f 6239 5640 5639
f 5522 6238 5525
f 5522 5640 6238
f 5587 5583 5589
f 5587 5581 5583
f 6336 6342 6337
f 6336 6341 6342
f 6334 6342 6340
f 6334 6335 6342
f 6334 5692 5693
f 6334 6332 5692
f 5693 5695 5705
f 5693 5691 5695
f 5701 6335 5705
f 5701 5703 6335
f 6349 6336 6338
f 6349 6346 6336
f 6349 6352 6350
f 6349 6351 6352
f 6352 6357 6356
f 6352 6353 6357
f 6337 5704 6338
f 6337 5703 5704
f 5706 5704 5702
f 5706 5710 5704
f 5710 5712 5715
f 5710 5709 5712
f 5715 6354 6351
f 5715 5716 6354
f 5714 6319 5717
f 5714 5718 6319
f 5718 5655 5719
f 5718 5653 5655
f 5719 6365 6319
f 5719 5722 6365
f 6363 6353 6355
f 6363 6360 6353
f 6363 6366 6364
f 6363 6365 6366
f 6366 6371 6370
f 6366 6367 6371
f 6354 5717 6355
f 6354 5716 5717
f 5722 6320 6369
f 5722 5721 6320
f 5721 5658 5724
f 5721 5657 5658
f 6320 5723 5729
f 6320 5724 5723
f 6377 6367 6369
f 6377 6374 6367
f 6377 6380 6378
f 6377 6379 6380
f 6381 6383 6380
f 6381 6386 6383
f 5729 6381 6379
f 5729 5730 6381
f 6386 6392 6387
f 6386 6391 6392
f 5732 5730 5728
f 5732 6391 5730
f 5732 5734 5742
f 5732 5731 5734
f 6394 5742 5743
f 6394 6392 5742
f 5743 5741 5746
f 5743 5740 5741
f 6406 6416 6407
f 6406 6415 6416
f 6404 6416 6413
f 6404 6405 6416
f 5788 5775 5771
f 5788 6404 5775
f 5783 6405 5788
f 5783 5786 6405
f 6323 6408 6409
f 6323 6322 6408
f 6329 6327 6326
f 6329 6330 6327
f 6325 6324 6326
f 6325 6322 6324
f 5785 6323 5787
f 5785 5789 6323
f 5789 5690 5790
f 5789 5688 5690
f 5790 6333 6324
f 5790 5791 6333
f 5791 5686 5692
f 5791 5690 5686
f 6408 6410 6406
f 6408 6411 6410
f 6407 5787 6409
f 6407 5786 5787
f 6332 6329 6333
f 6332 6328 6329
f 6343 6328 6340
f 6343 6331 6328
f 6395 6387 6393
f 6395 6390 6387
f 6393 6398 6396
f 6393 6394 6398
f 6396 6432 6395
f 6396 6434 6432
f 6435 6400 6442
f 6435 6399 6400
f 5755 5748 5745
f 5755 5794 5748
f 5793 5746 5748
f 5793 5792 5746
f 6399 5792 5793
f 6399 6398 5792
f 5794 5757 5797
f 5794 5755 5757
f 5797 6444 6400
f 5797 5800 6444
f 6434 6440 6437
f 6434 6435 6440
f 6442 6445 6443
f 6442 6444 6445
f 6445 6449 6448
f 6445 6446 6449
f 6454 6459 6460
f 6454 6453 6459
f 6453 6447 6458
f 6453 6446 6447
f 6458 5800 5801
f 6458 6447 5800
f 5802 5801 5796
f 5802 5803 5801
f 5803 5805 5811
f 5803 5802 5805
f 6461 5811 5812
f 6461 6459 5811
f 6473 6483 6474
f 6473 6482 6483
f 6471 6483 6480
f 6471 6472 6483
f 5844 5830 5827
f 5844 6471 5830
f 5844 5834 5842
f 5844 5835 5834
f 5842 6474 6472
f 5842 5843 6474
f 6401 6475 6414
f 6401 6402 6475
f 6417 6401 6413
f 6417 6402 6401
f 6403 5773 5775
f 6403 5841 5773
f 6403 5843 5841
f 6403 6414 5843
f 6475 6477 6473
f 6475 6478 6477
f 6460 6465 6463
f 6460 6461 6465
f 6463 6493 6462
f 6463 6495 6493
f 5816 5812 5810
f 5816 5845 5812
f 6496 6467 6505
f 6496 6466 6467
f 6466 5845 5846
f 6466 6465 5845
f 5846 5817 5849
f 5846 5816 5817
f 6467 5848 5854
f 6467 5849 5848
f 6495 6501 6498
f 6495 6496 6501
f 6502 6505 6507
f 6502 6501 6505
f 6506 6510 6507
f 6506 6508 6510
f 5854 6508 6506
f 5854 5855 6508
f 5855 5856 5862
f 5855 5853 5856
f 6521 6532 6522
f 6521 6531 6532
f 5887 6528 5888
f 5887 6520 6528
f 5880 6520 5887
f 5880 5884 6520
f 6468 6523 6481
f 6468 6469 6523
f 6484 6468 6480
f 6484 6469 6468
f 5885 6481 6524
f 5885 5883 6481
f 5829 5883 5882
f 5829 5830 5883
f 6523 6525 6521
f 6523 6526 6525
f 6522 5885 6524
f 6522 5884 5885
f 6515 6513 6512
f 6515 6516 6513
f 6510 6515 6512
f 6510 6514 6515
f 6515 6518 6519
f 6515 6514 6518
f 6541 6516 6515
f 6541 6543 6516
f 5860 6518 5862
f 5860 5889 6518
f 6519 5890 6542
f 6519 5889 5890
f 5889 5861 5896
f 5889 5860 5861
f 5889 5897 5890
f 5889 5896 5897
f 6551 6555 6556
f 6551 6550 6555
f 6550 6541 6542
f 6550 6549 6541
f 5905 5892 5891
f 5905 6555 5892
f 5892 5895 5891
f 5892 5897 5895
f 6530 6532 6533
f 6530 6528 6532
f 6567 6530 6568
f 6567 6529 6530
f 6569 6533 6534
f 6569 6568 6533
f 5888 5871 5870
f 5888 5919 5871
f 5910 6529 5911
f 5910 5919 6529
f 6570 6561 6567
f 6570 6563 6561
f 6566 6561 6562
f 6566 6565 6561
f 5911 5916 5909
f 5911 6565 5916
f 6556 6582 6559
f 6556 6558 6582
f 5905 5923 5928
f 5905 5904 5923
f 6587 5928 5929
f 6587 6558 5928
f 6584 6587 6588
f 6584 6582 6587
f 6588 6591 6590
f 6588 6589 6591
f 6589 5927 5931
f 6589 5929 5927
f 6562 6594 6574
f 6562 6564 6594
f 6566 5915 5916
f 6566 5945 5915
f 5946 6574 6595
f 5946 5945 6574
f 6594 6598 6595
f 6594 6597 6598
f 6603 6598 6599
f 6603 6602 6598
f 5946 5953 5943
f 5946 6602 5953
f 6590 6616 6593
f 6590 6592 6616
f 6591 5961 6592
f 6591 5959 5961
f 5934 5931 5930
f 5934 5959 5931
f 6618 6621 6622
f 6618 6616 6621
f 6622 6625 6624
f 6622 6623 6625
f 5961 6623 6621
f 5961 5962 6623
f 5962 5964 5966
f 5962 5957 5964
f 6599 6628 6608
f 6599 6601 6628
f 6603 5952 5953
f 6603 5979 5952
f 5980 6608 6629
f 5980 5979 6608
f 6628 6632 6629
f 6628 6631 6632
f 6637 6632 6633
f 6637 6636 6632
f 5980 5987 5977
f 5980 6636 5987
f 6624 6650 6627
f 6624 6626 6650
f 6625 5965 5994
f 6625 5966 5965
f 6655 5994 5995
f 6655 6626 5994
f 6652 6655 6656
f 6652 6650 6655
f 6656 6659 6658
f 6656 6657 6659
f 6657 5993 5998
f 6657 5995 5993
f 6633 6662 6642
f 6633 6635 6662
f 6637 5986 5987
f 6637 6011 5986
f 6012 6642 6663
f 6012 6011 6642
f 6662 6666 6663
f 6662 6665 6666
f 6671 6666 6667
f 6671 6670 6666
f 6012 6019 6009
f 6012 6670 6019
f 6658 6685 6661
f 6658 6660 6685
f 6659 5997 6028
f 6659 5998 5997
f 6690 6028 6029
f 6690 6660 6028
f 6687 6690 6691
f 6687 6685 6690
f 6691 6694 6693
f 6691 6692 6694
f 6692 6027 6036
f 6692 6029 6027
f 6667 6698 6676
f 6667 6669 6698
f 6671 6018 6019
f 6671 6044 6018
f 6045 6676 6699
f 6045 6044 6676
f 6698 6702 6699
f 6698 6701 6702
f 6706 6702 6703
f 6706 6705 6702
f 6045 6050 6042
f 6045 6705 6050
f 6695 6681 6693
f 6695 6682 6681
f 6719 6696 6720
f 6719 6695 6696
f 6694 6035 6070
f 6694 6036 6035
f 6063 6696 6070
f 6063 6065 6696
f 6721 6719 6718
f 6721 6722 6719
f 6734 6718 6720
f 6734 6733 6718
f 6735 6059 6060
f 6735 6734 6059
f 6059 6064 6057
f 6059 6065 6064
f 6712 6704 6714
f 6712 6703 6704
f 6713 6737 6739
f 6713 6712 6737
f 6706 6049 6050
f 6706 6074 6049
f 6078 6074 6713
f 6078 6073 6074
f 6741 6738 6742
f 6741 6737 6738
f 6739 6749 6740
f 6739 6741 6749
f 6082 6078 6083
f 6082 6077 6078
f 6082 6740 6087
f 6082 6083 6740
f 6728 6736 6729
f 6728 6733 6736
f 6729 6773 6730
f 6729 6772 6773
f 6764 6779 6778
f 6764 6765 6779
f 6774 6777 6779
f 6774 6772 6777
f 6778 6111 6110
f 6778 6780 6111
f 6100 6780 6777
f 6100 6101 6780
f 6101 6106 6111
f 6101 6097 6106
f 6100 6735 6099
f 6100 6736 6735
f 6099 6058 6098
f 6099 6060 6058
f 6748 6754 6749
f 6748 6750 6754
f 6087 6089 6085
f 6087 6119 6089
f 6750 6756 6755
f 6750 6752 6756
f 6757 6783 6786
f 6757 6756 6783
f 6119 6755 6120
f 6119 6754 6755
f 6125 6120 6757
f 6125 6118 6120
f 6788 6784 6789
f 6788 6783 6784
f 6786 6794 6787
f 6786 6788 6794
f 6129 6125 6130
f 6129 6124 6125
f 6129 6787 6134
f 6129 6130 6787
f 6813 6827 6826
f 6813 6814 6827
f 6824 6829 6830
f 6824 6823 6829
f 6830 6828 6827
f 6830 6832 6828
f 6826 6157 6156
f 6826 6828 6157
f 6147 6152 6157
f 6147 6144 6152
f 6833 6766 6767
f 6833 6829 6766
f 6833 6764 6781
f 6833 6767 6764
f 6110 6092 6093
f 6110 6107 6092
f 6781 6148 6834
f 6781 6146 6148
f 6146 6092 6145
f 6146 6093 6092
f 6148 6832 6834
f 6148 6147 6832
f 6793 6800 6794
f 6793 6795 6800
f 6134 6136 6132
f 6134 6165 6136
f 6795 6802 6801
f 6795 6797 6802
f 6803 6836 6838
f 6803 6802 6836
f 6165 6801 6166
f 6165 6800 6801
f 6171 6166 6803
f 6171 6164 6166
f 6839 6837 6842
f 6839 6836 6837
f 6843 6839 6842
f 6843 6840 6839
f 6175 6171 6176
f 6175 6170 6171
f 6841 6176 6838
f 6841 6177 6176
f 6179 6177 6184
f 6179 6175 6177
f 6854 6851 6857
f 6854 6850 6851
f 6841 6850 6852
f 6841 6840 6850
f 6184 6854 6185
f 6184 6852 6854
f 6916 6929 6928
f 6916 6917 6929
f 6936 6931 6935
f 6936 6932 6931
f 6931 6930 6929
f 6931 6933 6930
f 6928 6206 6205
f 6928 6930 6206
f 6811 6815 6810
f 6811 6816 6815
f 6809 6942 6943
f 6809 6808 6942
f 6810 6944 6811
f 6810 6943 6944
f 6808 6227 6226
f 6808 6809 6227
f 6932 6942 6934
f 6932 6941 6942
f 6198 6933 6934
f 6198 6197 6933
f 6197 6212 6211
f 6197 6198 6212
f 6212 6215 6207
f 6212 6216 6215
f 6222 6216 6226
f 6222 6215 6216
f 6815 6821 6822
f 6815 6813 6821
f 6156 6139 6140
f 6156 6153 6139
f 6227 6821 6225
f 6227 6822 6821
f 6225 6139 6224
f 6225 6140 6139
f 6861 6865 6860
f 6861 6866 6865
f 6870 6857 6860
f 6870 6858 6857
f 6192 6183 6185
f 6192 6190 6183
f 6191 6858 6248
f 6191 6192 6858
f 6865 6872 6871
f 6865 6867 6872
f 6877 6879 6876
f 6877 6880 6879
f 6874 6875 6876
f 6874 6872 6875
f 6248 6871 6249
f 6248 6870 6871
f 6253 6249 6873
f 6253 6247 6249
f 6873 6261 6260
f 6873 6874 6261
f 6258 6253 6260
f 6258 6252 6253
f 6879 6885 6884
f 6879 6881 6885
f 6886 6949 6950
f 6886 6885 6949
f 6951 6887 6888
f 6951 6949 6887
f 6884 6263 6261
f 6884 6886 6263
f 6263 6264 6259
f 6263 6268 6264
f 6275 6268 6277
f 6275 6267 6268
f 6954 6277 6950
f 6954 6278 6277
f 6955 6890 6891
f 6955 6951 6890
f 6955 6894 6956
f 6955 6893 6894
f 6898 6900 6897
f 6898 6901 6900
f 6895 6896 6897
f 6895 6893 6896
f 6894 6294 6293
f 6894 6895 6294
f 6279 6954 6956
f 6279 6278 6954
f 6279 6280 6276
f 6279 6284 6280
f 6291 6284 6293
f 6291 6283 6284
f 6900 6908 6907
f 6900 6902 6908
f 6913 6918 6912
f 6913 6919 6918
f 6910 6911 6912
f 6910 6908 6911
f 6907 6296 6294
f 6907 6909 6296
f 6909 6315 6314
f 6909 6910 6315
f 6296 6297 6292
f 6296 6301 6297
f 6310 6301 6314
f 6310 6300 6301
f 6918 6924 6925
f 6918 6916 6924
f 6205 6195 6196
f 6205 6202 6195
f 6315 6924 6313
f 6315 6925 6924
f 6313 6195 6312
f 6313 6196 6195
f 6209 6206 6211
f 6209 6204 6206
f 6973 6347 6348
f 6973 6971 6347
f 6348 6350 6358
f 6348 6346 6350
f 6975 6358 6359
f 6975 6973 6358
f 6359 6357 6361
f 6359 6356 6357
f 6983 6361 6362
f 6983 6981 6361
f 6362 6364 6372
f 6362 6360 6364
f 6985 6372 6373
f 6985 6983 6372
f 6373 6371 6375
f 6373 6370 6371
f 6993 6375 6376
f 6993 6991 6375
f 6376 6378 6384
f 6376 6374 6378
f 6995 6384 6385
f 6995 6993 6384
f 7014 6960 7015
f 7014 6959 6960
f 6411 6959 6412
f 6411 6421 6959
f 6421 6327 6422
f 6421 6325 6327
f 6422 6963 6960
f 6422 6423 6963
f 7016 7006 7014
f 7016 7008 7006
f 7012 7006 7007
f 7012 7011 7006
f 7016 7017 7019
f 7016 7015 7017
f 6412 6420 6410
f 6412 7011 6420
f 7018 6965 7027
f 7018 6964 6965
f 7027 6966 7028
f 7027 6965 6966
f 6964 6423 6424
f 6964 6963 6423
f 6424 6331 6425
f 6424 6330 6331
f 6425 6345 6426
f 6425 6343 6345
f 6426 6972 6966
f 6426 6427 6972
f 6427 6341 6347
f 6427 6345 6341
f 7017 7024 7020
f 7017 7018 7024
f 7029 7030 7031
f 7029 7028 7030
f 6971 6969 6972
f 6971 6968 6969
f 6970 7030 6969
f 6970 7033 7030
f 6976 6968 6974
f 6976 6970 6968
f 6974 6982 6977
f 6974 6975 6982
f 6977 7038 6976
f 6977 7041 7038
f 6981 6979 6982
f 6981 6978 6979
f 6980 7041 6979
f 6980 7044 7041
f 6986 6978 6984
f 6986 6980 6978
f 6984 6992 6987
f 6984 6985 6992
f 6987 7048 6986
f 6987 7051 7048
f 6991 6989 6992
f 6991 6988 6989
f 6990 7051 6989
f 6990 7054 7051
f 6996 6988 6994
f 6996 6990 6988
f 6994 6999 6997
f 6994 6995 6999
f 6997 7058 6996
f 6997 7061 7058
f 6389 6385 6383
f 6389 6430 6385
f 7062 7001 7071
f 7062 7000 7001
f 7000 6430 6431
f 7000 6999 6430
f 6431 6390 6433
f 6431 6389 6390
f 7001 6432 6438
f 7001 6433 6432
f 7061 7067 7064
f 7061 7062 7067
f 7071 7074 7072
f 7071 7073 7074
f 7075 7077 7074
f 7075 7081 7077
f 6438 7075 7073
f 6438 6439 7075
f 7081 7087 7082
f 7081 7086 7087
f 6441 6439 6437
f 6441 7086 6439
f 6441 6443 6450
f 6441 6440 6443
f 7089 6450 6451
f 7089 7087 6450
f 6451 6449 6455
f 6451 6448 6449
f 7108 7004 7109
f 7108 7003 7004
f 6478 7003 6479
f 6478 6488 7003
f 6488 6419 6489
f 6488 6417 6419
f 6489 7013 7004
f 6489 6490 7013
f 6490 6415 6420
f 6490 6419 6415
f 7110 7100 7108
f 7110 7102 7100
f 7106 7100 7101
f 7106 7105 7100
f 7110 7111 7112
f 7110 7109 7111
f 6479 6487 6477
f 6479 7105 6487
f 7012 7009 7013
f 7012 7007 7009
f 7010 7111 7009
f 7010 7114 7111
f 7090 7082 7088
f 7090 7085 7082
f 7088 7093 7091
f 7088 7089 7093
f 7091 7139 7090
f 7091 7142 7139
f 7143 7095 7154
f 7143 7094 7095
f 6462 6457 6454
f 6462 6494 6457
f 6492 6455 6457
f 6492 6491 6455
f 7094 6491 6492
f 7094 7093 6491
f 7095 6493 6499
f 7095 6494 6493
f 7142 7149 7145
f 7142 7143 7149
f 7150 7154 7156
f 7150 7149 7154
f 7155 7159 7156
f 7155 7157 7159
f 6499 7157 7155
f 6499 6500 7157
f 7165 6503 6504
f 7165 7164 6503
f 6503 6500 6498
f 6503 7164 6500
f 7179 7098 7180
f 7179 7097 7098
f 6526 7097 6527
f 6526 6536 7097
f 6536 6486 6537
f 6536 6484 6486
f 6537 7107 7098
f 6537 6538 7107
f 6538 6482 6487
f 6538 6486 6482
f 7181 7171 7179
f 7181 7173 7171
f 7177 7171 7172
f 7177 7176 7171
f 7181 7182 7183
f 7181 7180 7182
f 6527 6535 6525
f 6527 7176 6535
f 7106 7103 7107
f 7106 7101 7103
f 7104 7182 7103
f 7104 7185 7182
f 7159 7163 7161
f 7159 7162 7163
f 7161 7204 7160
f 7161 7207 7204
f 7163 7165 7166
f 7163 7162 7165
f 7208 7167 7218
f 7208 7166 7167
f 6511 6504 6502
f 6511 6540 6504
f 6540 6513 6544
f 6540 6511 6513
f 6544 7219 7167
f 6544 6547 7219
f 7207 7213 7210
f 7207 7208 7213
f 7214 7218 7220
f 7214 7213 7218
f 7219 7223 7220
f 7219 7221 7223
f 7228 6547 6548
f 7228 7221 6547
f 7229 6552 6553
f 7229 7228 6552
f 6549 6548 6543
f 6549 6552 6548
f 6571 7178 7169
f 6571 6572 7178
f 6572 6531 6535
f 6572 6534 6531
f 6571 7232 6573
f 6571 7169 7232
f 7236 7235 7234
f 7236 7241 7235
f 7232 7242 7233
f 7232 7235 7242
f 6575 7239 6576
f 6575 7233 7239
f 6575 6569 6573
f 6575 6570 6569
f 7177 7174 7178
f 7177 7172 7174
f 7175 7234 7174
f 7175 7237 7234
f 7223 7227 7225
f 7223 7226 7227
f 7225 7256 7224
f 7225 7259 7256
f 7259 7264 7263
f 7259 7260 7264
f 7227 7229 7230
f 7227 7226 7229
f 6559 6553 6551
f 6559 6585 6553
f 7230 6578 7262
f 7230 6577 6578
f 6577 6586 6578
f 6577 6585 6586
f 7271 7260 7262
f 7271 7269 7260
f 7272 6580 6581
f 7272 7271 6580
f 6580 6584 6579
f 6580 6586 6584
f 7241 7277 7243
f 7241 7244 7277
f 7240 7242 7243
f 7240 7239 7242
f 6576 6564 6563
f 6576 6604 6564
f 6605 6606 6607
f 6605 6604 6606
f 6606 7275 6607
f 6606 7240 7275
f 7279 7278 7277
f 7279 7285 7278
f 7275 7286 7276
f 7275 7278 7286
f 6597 6609 6600
f 6597 6605 6609
f 6609 7283 6610
f 6609 7276 7283
f 7265 7270 7298
f 7265 7264 7270
f 7298 7303 7302
f 7298 7299 7303
f 7270 7272 7273
f 7270 7269 7272
f 6593 6581 6579
f 6593 6619 6581
f 7273 6612 7301
f 7273 6611 6612
f 6611 6620 6612
f 6611 6619 6620
f 7310 7299 7301
f 7310 7308 7299
f 7311 6614 6615
f 7311 7310 6614
f 6614 6618 6613
f 6614 6620 6618
f 7284 7286 7287
f 7284 7283 7286
f 7314 7287 7288
f 7314 7313 7287
f 6610 6601 6600
f 6610 6638 6601
f 6639 6640 6641
f 6639 6638 6640
f 6640 7315 6641
f 6640 7284 7315
f 7317 7314 7318
f 7317 7313 7314
f 7315 7327 7316
f 7315 7317 7327
f 6631 6643 6634
f 6631 6639 6643
f 6643 7324 6644
f 6643 7316 7324
f 7304 7309 7339
f 7304 7303 7309
f 7339 7344 7343
f 7339 7340 7344
f 7309 7311 7312
f 7309 7308 7311
f 6627 6615 6613
f 6627 6653 6615
f 7312 6646 7342
f 7312 6645 6646
f 6645 6654 6646
f 6645 6653 6654
f 7351 7340 7342
f 7351 7349 7340
f 7352 6648 6649
f 7352 7351 6648
f 6648 6652 6647
f 6648 6654 6652
f 7326 7357 7328
f 7326 7329 7357
f 7325 7327 7328
f 7325 7324 7327
f 6644 6635 6634
f 6644 6672 6635
f 6673 6674 6675
f 6673 6672 6674
f 6674 7355 6675
f 6674 7325 7355
f 7359 7358 7357
f 7359 7365 7358
f 7355 7366 7356
f 7355 7358 7366
f 6665 6677 6668
f 6665 6673 6677
f 6677 7363 6678
f 6677 7356 7363
f 7345 7350 7382
f 7345 7344 7350
f 7378 7382 7383
f 7378 7377 7382
f 7384 7390 7383
f 7384 7391 7390
f 7350 7352 7353
f 7350 7349 7352
f 6661 6649 6647
f 6661 6688 6649
f 7353 6680 7386
f 7353 6679 6680
f 6679 6689 6680
f 6679 6688 6689
f 7392 7384 7386
f 7392 7391 7384
f 7393 6683 6684
f 7393 7392 6683
f 6683 6687 6681
f 6683 6689 6687
f 7365 7398 7367
f 7365 7368 7398
f 7364 7366 7367
f 7364 7363 7366
f 6678 6669 6668
f 6678 6707 6669
f 6708 6709 6710
f 6708 6707 6709
f 6709 7396 6710
f 6709 7364 7396
f 7400 7399 7398
f 7400 7405 7399
f 7396 7406 7397
f 7396 7399 7406
f 6701 6715 6704
f 6701 6708 6715
f 6715 7404 6716
f 6715 7397 7404
f 7388 7373 7387
f 7388 7374 7373
f 7389 7390 7394
f 7389 7387 7390
f 7429 7389 7430
f 7429 7388 7389
f 7416 7415 7414
f 7416 7417 7415
f 7429 7414 7415
f 7429 7426 7414
f 7426 7428 7425
f 7426 7431 7428
f 7431 6732 6731
f 7431 7433 6732
f 6724 7433 7430
f 6724 6725 7433
f 6725 6728 6732
f 6725 6721 6728
f 6724 7393 6723
f 6724 7394 7393
f 6723 6682 6722
f 6723 6684 6682
f 7405 7411 7406
f 7405 7407 7411
f 6738 6716 6743
f 6738 6714 6716
f 7404 6745 6743
f 7404 7411 6745
f 6748 6746 6753
f 6748 6742 6746
f 7408 7435 7407
f 7408 7437 7435
f 7435 7439 7436
f 7435 7438 7439
f 7443 7439 7440
f 7443 7442 7439
f 7442 6745 7436
f 7442 6746 6745
f 7423 7427 7472
f 7423 7422 7427
f 7468 7472 7473
f 7468 7467 7472
f 7470 7480 7479
f 7470 7471 7480
f 7473 7471 7470
f 7473 7475 7471
f 7427 7428 7434
f 7427 7425 7428
f 7434 6761 7477
f 7434 6759 6761
f 6759 6776 6761
f 6759 6775 6776
f 6731 6773 6775
f 6731 6730 6773
f 6761 7475 7477
f 6761 6760 7475
f 6760 6769 6768
f 6760 6761 6769
f 6769 6774 6765
f 6769 6776 6774
f 7451 7441 7453
f 7451 7440 7441
f 7452 7484 7485
f 7452 7451 7484
f 7486 7453 7454
f 7486 7484 7453
f 7443 6751 6753
f 7443 6782 6751
f 6752 6782 6785
f 6752 6751 6782
f 6784 7452 6790
f 6784 6785 7452
f 7489 6790 7485
f 7489 6791 6790
f 6793 6791 6798
f 6793 6789 6791
f 7497 7494 7501
f 7497 7493 7494
f 7486 7492 7488
f 7486 7490 7492
f 7489 7493 7495
f 7489 7488 7493
f 6798 7497 6799
f 6798 7495 7497
f 7551 7555 7556
f 7551 7550 7555
f 7553 7564 7563
f 7553 7554 7564
f 7556 7554 7553
f 7556 7558 7554
f 7559 7463 7464
f 7559 7555 7463
f 7481 7462 7479
f 7481 7464 7462
f 7559 7482 7560
f 7559 7481 7482
f 7480 6762 6835
f 7480 6763 6762
f 6823 7482 6835
f 6823 6825 7482
f 6766 6763 6768
f 6766 6762 6763
f 6807 7558 7560
f 6807 6806 7558
f 6806 6819 6818
f 6806 6807 6819
f 6819 6824 6814
f 6819 6825 6824
f 7505 7509 7504
f 7505 7510 7509
f 7514 7501 7504
f 7514 7502 7501
f 6805 6797 6799
f 6805 6804 6797
f 6837 6805 6844
f 6837 6804 6805
f 7502 6846 6844
f 7502 7514 6846
f 7509 7516 7515
f 7509 7511 7516
f 7517 7569 7570
f 7517 7516 7569
f 7571 7518 7519
f 7571 7569 7518
f 7515 6848 6846
f 7515 7517 6848
f 6848 6849 6843
f 6848 6853 6849
f 6849 6862 6851
f 6849 6853 6862
f 6855 6864 6862
f 6855 6856 6864
f 7574 6855 7570
f 7574 6856 6855
f 7571 7577 7573
f 7571 7575 7577
f 7578 7581 7585
f 7578 7577 7581
f 7574 7578 7579
f 7574 7573 7578
f 7581 7586 7587
f 7581 7580 7586
f 7588 7592 7587
f 7588 7593 7592
f 7592 7584 7585
f 7592 7591 7584
f 6868 7584 6869
f 6868 7579 7584
f 7586 7594 7588
f 7586 7589 7594
f 7595 7598 7602
f 7595 7594 7598
f 7595 7596 7593
f 7595 7601 7596
f 7606 7603 7605
f 7606 7604 7603
f 7604 7613 7603
f 7604 7614 7613
f 7613 7601 7602
f 7613 7612 7601
f 7616 7619 7622
f 7616 7615 7619
f 7616 7617 7614
f 7616 7621 7617
f 7626 7623 7625
f 7626 7624 7623
f 7624 7632 7623
f 7624 7633 7632
f 7632 7621 7622
f 7632 7631 7621
f 7635 7639 7642
f 7635 7634 7639
f 7635 7636 7633
f 7635 7641 7636
f 7639 7644 7645
f 7639 7638 7644
f 7645 7643 7642
f 7645 7647 7643
f 7641 6915 6914
f 7641 7643 6915
f 7648 7529 7530
f 7648 7644 7529
f 7648 7535 7649
f 7648 7534 7535
f 7539 7543 7538
f 7539 7544 7543
f 7536 7537 7538
f 7536 7534 7537
f 7535 6938 6937
f 7535 7536 6938
f 6906 7647 7649
f 6906 6905 7647
f 6905 6922 6921
f 6905 6906 6922
f 6922 6926 6917
f 6922 6927 6926
f 6935 6927 6937
f 6935 6926 6927
f 7543 7566 7565
f 7543 7545 7566
f 7566 7542 7563
f 7566 7545 7542
f 7565 6940 6938
f 7565 7567 6940
f 7564 6811 6947
f 7564 6812 6811
f 6944 7567 6947
f 6944 6946 7567
f 6816 6812 6818
f 6816 6811 6812
f 6940 6941 6936
f 6940 6946 6941
f 6866 6864 6868
f 6866 6861 6864
f 6878 6867 6869
f 6878 6875 6867
f 6877 7591 6948
f 6877 6878 7591
f 6889 6881 6882
f 6889 6887 6881
f 6880 7596 6882
f 6880 6948 7596
f 6888 7612 6957
f 6888 6889 7612
f 6899 6891 6892
f 6899 6896 6891
f 6890 7617 6892
f 6890 6957 7617
f 6898 7631 6958
f 6898 6899 7631
f 6914 6902 6903
f 6914 6911 6902
f 6901 7636 6903
f 6901 6958 7636
f 6919 6915 6921
f 6919 6913 6915
f 7023 7020 7025
f 7023 7019 7020
f 7654 7025 7026
f 7654 7653 7025
f 7026 7029 7034
f 7026 7024 7029
f 7656 7034 7035
f 7656 7654 7034
f 7035 7032 7036
f 7035 7031 7032
f 7664 7669 7667
f 7664 7665 7669
f 7664 7036 7037
f 7664 7662 7036
f 7033 7037 7032
f 7033 7040 7037
f 7040 7042 7046
f 7040 7038 7042
f 7042 7665 7046
f 7042 7045 7665
f 7671 7675 7672
f 7671 7674 7675
f 7675 7680 7678
f 7675 7676 7680
f 7044 7047 7043
f 7044 7050 7047
f 7047 7045 7043
f 7047 7674 7045
f 7050 7052 7056
f 7050 7048 7052
f 7052 7676 7056
f 7052 7055 7676
f 7682 7686 7683
f 7682 7685 7686
f 7054 7057 7053
f 7054 7060 7057
f 7057 7055 7053
f 7057 7685 7055
f 7688 7065 7066
f 7688 7686 7065
f 7060 7063 7065
f 7060 7058 7063
f 7066 7064 7068
f 7066 7063 7064
f 7078 7070 7069
f 7078 7079 7070
f 7069 7072 7078
f 7069 7067 7072
f 7117 7113 7118
f 7117 7112 7113
f 7022 7010 7008
f 7022 7120 7010
f 7022 7123 7122
f 7022 7023 7123
f 7121 7122 7124
f 7121 7120 7122
f 7695 7703 7699
f 7695 7696 7703
f 7695 7118 7119
f 7695 7694 7118
f 7114 7119 7113
f 7114 7121 7119
f 7124 7697 7696
f 7124 7125 7697
f 7657 7708 7698
f 7657 7658 7708
f 7709 7655 7659
f 7709 7658 7655
f 7655 7663 7659
f 7655 7656 7663
f 7653 7125 7123
f 7653 7657 7125
f 7706 7710 7715
f 7706 7705 7710
f 7705 7697 7698
f 7705 7704 7697
f 7708 7712 7710
f 7708 7709 7712
f 7713 7718 7712
f 7713 7720 7718
f 7662 7661 7663
f 7662 7660 7661
f 7714 7660 7668
f 7714 7661 7660
f 7727 7667 7670
f 7727 7668 7667
f 7669 7673 7670
f 7669 7671 7673
f 7728 7721 7726
f 7728 7723 7721
f 7726 7713 7714
f 7726 7721 7713
f 7728 7729 7731
f 7728 7727 7729
f 7730 7672 7679
f 7730 7673 7672
f 7741 7678 7681
f 7741 7679 7678
f 7680 7684 7681
f 7680 7682 7684
f 7729 7736 7732
f 7729 7730 7736
f 7742 7743 7745
f 7742 7741 7743
f 7744 7683 7689
f 7744 7684 7683
f 7755 7690 7756
f 7755 7689 7690
f 7688 7130 7690
f 7688 7128 7130
f 7743 7750 7746
f 7743 7744 7750
f 7751 7755 7757
f 7751 7750 7755
f 7756 7761 7757
f 7756 7758 7761
f 7129 7068 7070
f 7129 7128 7068
f 7130 7691 7759
f 7130 7129 7691
f 7079 7133 7132
f 7079 7080 7133
f 7084 7080 7077
f 7084 7133 7080
f 7132 7769 7691
f 7132 7135 7769
f 7766 7770 7772
f 7766 7765 7770
f 7765 7758 7759
f 7765 7764 7758
f 7769 7774 7770
f 7769 7771 7774
f 7134 7085 7140
f 7134 7084 7085
f 7134 7141 7136
f 7134 7140 7141
f 7778 7135 7136
f 7778 7771 7135
f 7779 7137 7138
f 7779 7778 7137
f 7146 7138 7137
f 7146 7147 7138
f 7141 7144 7146
f 7141 7139 7144
f 7148 7145 7151
f 7148 7144 7145
f 7189 7184 7190
f 7189 7183 7184
f 7116 7104 7102
f 7116 7191 7104
f 7185 7692 7186
f 7185 7191 7692
f 7116 7193 7192
f 7116 7117 7193
f 7192 7789 7692
f 7192 7194 7789
f 7785 7790 7793
f 7785 7784 7790
f 7787 7784 7785
f 7787 7786 7784
f 7789 7796 7790
f 7789 7791 7796
f 7186 7190 7184
f 7186 7786 7190
f 7700 7802 7792
f 7700 7701 7802
f 7702 7703 7707
f 7702 7699 7703
f 7802 7702 7803
f 7802 7701 7702
f 7694 7194 7193
f 7694 7700 7194
f 7800 7804 7807
f 7800 7799 7804
f 7799 7791 7792
f 7799 7798 7791
f 7803 7809 7804
f 7803 7805 7809
f 7707 7706 7716
f 7707 7704 7706
f 7716 7815 7806
f 7716 7717 7815
f 7816 7715 7719
f 7816 7717 7715
f 7718 7724 7719
f 7718 7720 7724
f 7813 7817 7822
f 7813 7812 7817
f 7812 7805 7806
f 7812 7811 7805
f 7815 7819 7817
f 7815 7816 7819
f 7820 7819 7818
f 7820 7824 7819
f 7725 7818 7724
f 7725 7821 7818
f 7761 7767 7763
f 7761 7764 7767
f 7763 7865 7762
f 7763 7868 7865
f 7869 7766 7773
f 7869 7767 7766
f 7882 7772 7775
f 7882 7773 7772
f 7774 7777 7775
f 7774 7776 7777
f 7868 7876 7871
f 7868 7869 7876
f 7883 7884 7887
f 7883 7882 7884
f 7884 7888 7887
f 7884 7885 7888
f 7777 7779 7780
f 7777 7776 7779
f 7886 7781 7898
f 7886 7780 7781
f 7147 7199 7198
f 7147 7148 7199
f 7198 7899 7781
f 7198 7201 7899
f 7895 7900 7902
f 7895 7894 7900
f 7898 7885 7886
f 7898 7894 7885
f 7899 7903 7900
f 7899 7901 7903
f 7160 7153 7150
f 7160 7205 7153
f 7200 7151 7153
f 7200 7199 7151
f 7200 7206 7202
f 7200 7205 7206
f 7906 7910 7907
f 7906 7909 7910
f 7909 7201 7202
f 7909 7901 7201
f 7912 7211 7212
f 7912 7910 7211
f 7206 7209 7211
f 7206 7204 7209
f 7212 7210 7215
f 7212 7209 7210
f 7188 7175 7173
f 7188 7246 7175
f 7237 7783 7238
f 7237 7246 7783
f 7188 7248 7247
f 7188 7189 7248
f 7247 7921 7783
f 7247 7249 7921
f 7917 7922 7925
f 7917 7916 7922
f 7919 7916 7917
f 7919 7918 7916
f 7921 7928 7922
f 7921 7923 7928
f 7238 7245 7236
f 7238 7918 7245
f 7794 7936 7924
f 7794 7795 7936
f 7937 7793 7797
f 7937 7795 7793
f 7796 7801 7797
f 7796 7798 7801
f 7787 7249 7248
f 7787 7794 7249
f 7938 7931 7936
f 7938 7933 7931
f 7931 7923 7924
f 7931 7930 7923
f 7938 7939 7942
f 7938 7937 7939
f 7939 7943 7942
f 7939 7940 7943
f 7941 7800 7808
f 7941 7801 7800
f 7954 7807 7810
f 7954 7808 7807
f 7809 7814 7810
f 7809 7811 7814
f 7950 7955 7960
f 7950 7949 7955
f 7953 7940 7941
f 7953 7949 7940
f 7953 7957 7955
f 7953 7954 7957
f 7958 7961 7957
f 7958 7964 7961
f 7959 7813 7823
f 7959 7814 7813
f 7824 7971 7826
f 7824 7827 7971
f 7969 7822 7826
f 7969 7823 7822
f 7966 7970 7975
f 7966 7965 7970
f 7968 7958 7959
f 7968 7965 7958
f 7968 7972 7970
f 7968 7969 7972
f 7973 7977 7972
f 7973 7979 7977
f 7971 7980 7973
f 7971 7974 7980
f 7889 7896 8038
f 7889 7888 7896
f 7897 8038 7896
f 7897 8041 8038
f 7904 7895 7902
f 7904 7897 7895
f 7903 7908 7905
f 7903 7906 7908
f 7905 8048 7904
f 7905 8051 8048
f 8051 8055 8054
f 8051 8052 8055
f 8053 7907 7913
f 8053 7908 7907
f 8064 7914 8065
f 8064 7913 7914
f 7912 7252 7914
f 7912 7250 7252
f 8062 8066 8068
f 8062 8061 8066
f 8064 8052 8053
f 8064 8061 8052
f 8065 8071 8066
f 8065 8067 8071
f 7224 7217 7214
f 7224 7257 7217
f 7251 7215 7217
f 7251 7250 7215
f 7251 7258 7253
f 7251 7257 7258
f 8073 7252 7253
f 8073 8067 7252
f 8074 7254 7255
f 8074 8073 7254
f 7266 7255 7254
f 7266 7267 7255
f 7258 7263 7266
f 7258 7256 7263
f 7926 8081 8076
f 7926 7927 8081
f 8082 7925 7929
f 8082 7927 7925
f 7928 7934 7929
f 7928 7930 7934
f 7919 7244 7245
f 7919 7281 7244
f 7282 7926 8076
f 7282 7281 7926
f 8078 8083 8088
f 8078 8077 8083
f 8080 8077 8078
f 8080 8079 8077
f 8081 8085 8083
f 8081 8082 8085
f 8086 8085 8084
f 8086 8091 8085
f 7282 7289 7279
f 7282 8079 7289
f 7935 8084 7934
f 7935 8087 8084
f 7944 7951 8101
f 7944 7943 7951
f 7952 8101 7951
f 7952 8104 8101
f 7962 7950 7960
f 7962 7952 7950
f 7961 7967 7963
f 7961 7964 7967
f 7963 8113 7962
f 7963 8116 8113
f 8117 7966 7976
f 8117 7967 7966
f 8130 7975 7978
f 8130 7976 7975
f 7977 7984 7978
f 7977 7979 7984
f 8116 8124 8119
f 8116 8117 8124
f 8131 8132 8135
f 8131 8130 8132
f 8132 8136 8135
f 8132 8133 8136
f 8134 7982 7992
f 8134 7984 7982
f 7992 7983 7993
f 7992 7982 7983
f 8149 7993 7994
f 8149 8147 7993
f 8143 8148 8153
f 8143 8142 8148
f 8146 8133 8134
f 8146 8142 8133
f 8146 8150 8148
f 8146 8147 8150
f 8151 8154 8150
f 8151 8157 8154
f 8152 7998 7999
f 8152 8149 7998
f 8164 8011 8012
f 8164 8162 8011
f 8159 8163 8168
f 8159 8158 8163
f 8161 8151 8152
f 8161 8158 8151
f 8161 8165 8163
f 8161 8162 8165
f 8166 8165 8164
f 8166 8170 8165
f 8056 8063 8218
f 8056 8055 8063
f 8219 8062 8069
f 8219 8063 8062
f 8070 8071 8075
f 8070 8068 8071
f 8233 8070 8234
f 8233 8069 8070
f 8218 8226 8221
f 8218 8219 8226
f 8227 8233 8235
f 8227 8226 8233
f 8234 8240 8235
f 8234 8236 8240
f 7291 8074 7290
f 7291 8075 8074
f 7290 7297 7292
f 7290 7296 7297
f 7267 7295 7296
f 7267 7265 7295
f 8242 7291 7292
f 8242 8236 7291
f 8243 7293 7294
f 8243 8242 7293
f 7305 7294 7293
f 7305 7306 7294
f 7297 7302 7305
f 7297 7295 7302
f 7320 7285 7289
f 7320 7288 7285
f 7326 7323 7330
f 7326 7318 7323
f 8089 8250 8245
f 8089 8090 8250
f 8091 8253 8093
f 8091 8094 8253
f 8251 8088 8093
f 8251 8090 8088
f 8080 7322 7320
f 8080 8089 7322
f 8247 8252 8257
f 8247 8246 8252
f 8249 8246 8247
f 8249 8248 8246
f 8250 8254 8252
f 8250 8251 8254
f 8255 8254 8253
f 8255 8260 8254
f 8248 7322 8245
f 8248 7323 7322
f 8137 8144 8296
f 8137 8136 8144
f 8145 8296 8144
f 8145 8299 8296
f 8155 8143 8153
f 8155 8145 8143
f 8154 8160 8156
f 8154 8157 8160
f 8156 8309 8155
f 8156 8314 8309
f 8310 8314 8315
f 8310 8309 8314
f 8316 8319 8315
f 8316 8322 8319
f 8317 8159 8169
f 8317 8160 8159
f 8170 8329 8172
f 8170 8173 8329
f 8327 8168 8172
f 8327 8169 8168
f 8324 8328 8333
f 8324 8323 8328
f 8326 8316 8317
f 8326 8323 8316
f 8326 8330 8328
f 8326 8327 8330
f 8331 8335 8330
f 8331 8337 8335
f 8332 8173 8174
f 8332 8329 8173
f 8344 8186 8187
f 8344 8342 8186
f 8339 8343 8348
f 8339 8338 8343
f 8341 8331 8332
f 8341 8338 8331
f 8341 8345 8343
f 8341 8342 8345
f 8346 8350 8345
f 8346 8352 8350
f 8347 8191 8192
f 8347 8344 8191
f 8359 8206 8207
f 8359 8357 8206
f 8354 8358 8363
f 8354 8353 8358
f 8356 8346 8347
f 8356 8353 8346
f 8356 8360 8358
f 8356 8357 8360
f 8361 8365 8360
f 8361 8367 8365
f 8359 8368 8361
f 8359 8362 8368
f 8378 8228 8229
f 8378 8377 8228
f 8238 8227 8237
f 8238 8229 8227
f 8239 8240 8244
f 8239 8237 8240
f 8391 8239 8392
f 8391 8238 8239
f 8377 8385 8380
f 8377 8378 8385
f 8386 8391 8393
f 8386 8385 8391
f 8392 8397 8393
f 8392 8394 8397
f 7332 8243 7331
f 7332 8244 8243
f 7331 7338 7333
f 7331 7337 7338
f 7306 7336 7337
f 7306 7304 7336
f 8400 7332 7333
f 8400 8394 7332
f 8401 7334 7335
f 8401 8400 7334
f 7346 7335 7334
f 7346 7347 7335
f 7338 7343 7346
f 7338 7336 7343
f 8258 8408 8403
f 8258 8259 8408
f 8260 8411 8262
f 8260 8263 8411
f 8409 8257 8262
f 8409 8259 8257
f 8249 7329 7330
f 8249 7361 7329
f 7362 8258 8403
f 7362 7361 8258
f 8405 8410 8415
f 8405 8404 8410
f 8407 8404 8405
f 8407 8406 8404
f 8408 8412 8410
f 8408 8409 8412
f 8413 8412 8411
f 8413 8418 8412
f 7362 7369 7359
f 7362 8406 7369
f 8319 8325 8321
f 8319 8322 8325
f 8321 8458 8320
f 8321 8461 8458
f 8461 8465 8464
f 8461 8462 8465
f 8463 8324 8334
f 8463 8325 8324
f 8475 8333 8336
f 8475 8334 8333
f 8335 8340 8336
f 8335 8337 8340
f 8472 8476 8481
f 8472 8471 8476
f 8474 8462 8463
f 8474 8471 8462
f 8474 8478 8476
f 8474 8475 8478
f 8479 8483 8478
f 8479 8485 8483
f 8480 8339 8349
f 8480 8340 8339
f 8490 8348 8351
f 8490 8349 8348
f 8350 8355 8351
f 8350 8352 8355
f 8487 8491 8496
f 8487 8486 8491
f 8489 8479 8480
f 8489 8486 8479
f 8489 8493 8491
f 8489 8490 8493
f 8495 8493 8492
f 8495 8498 8493
f 8494 8354 8364
f 8494 8355 8354
f 8507 8363 8366
f 8507 8364 8363
f 8365 8372 8366
f 8365 8367 8372
f 8492 8501 8495
f 8492 8494 8501
f 8508 8509 8510
f 8508 8507 8509
f 8373 8509 8372
f 8373 8512 8509
f 8524 8528 8526
f 8524 8525 8528
f 8395 8538 8398
f 8395 8396 8538
f 8396 8397 8402
f 8396 8395 8397
f 8536 8544 8546
f 8536 8535 8544
f 8524 8534 8525
f 8524 8527 8534
f 8535 8540 8544
f 8535 8534 8540
f 8540 8543 8544
f 8540 8538 8543
f 8543 8549 8544
f 8543 8545 8549
f 7371 8401 7370
f 7371 8402 8401
f 7370 7380 7372
f 7370 7379 7380
f 7347 7377 7379
f 7347 7345 7377
f 8551 7371 7372
f 8551 8545 7371
f 8552 7375 7376
f 8552 8551 7375
f 7375 7378 7373
f 7375 7380 7378
f 8416 8557 8554
f 8416 8417 8557
f 8418 8561 8420
f 8418 8421 8561
f 8558 8415 8420
f 8558 8417 8415
f 8407 7368 7369
f 8407 7402 7368
f 7403 8416 8554
f 7403 7402 8416
f 8557 8562 8560
f 8557 8558 8562
f 8563 8566 8562
f 8563 8567 8566
f 8566 8559 8560
f 8566 8565 8559
f 7409 8559 7410
f 7409 8556 8559
f 7403 7409 7400
f 7403 8556 7409
f 8561 8568 8563
f 8561 8564 8568
f 8466 8473 8618
f 8466 8465 8473
f 8619 8472 8482
f 8619 8473 8472
f 8631 8481 8484
f 8631 8482 8481
f 8483 8488 8484
f 8483 8485 8488
f 8618 8625 8621
f 8618 8619 8625
f 8626 8630 8632
f 8626 8625 8630
f 8630 8634 8632
f 8630 8631 8634
f 8635 8638 8634
f 8635 8642 8638
f 8636 8487 8497
f 8636 8488 8487
f 8498 8651 8500
f 8498 8502 8651
f 8649 8496 8500
f 8649 8497 8496
f 8644 8650 8655
f 8644 8643 8650
f 8648 8635 8636
f 8648 8643 8635
f 8648 8652 8650
f 8648 8649 8652
f 8653 8652 8651
f 8653 8656 8652
f 8529 8537 8679
f 8529 8528 8537
f 8679 8684 8682
f 8679 8680 8684
f 8681 8536 8547
f 8681 8537 8536
f 8548 8549 8553
f 8548 8546 8549
f 8692 8548 8693
f 8692 8547 8548
f 8688 8694 8696
f 8688 8687 8694
f 8692 8680 8681
f 8692 8687 8680
f 8694 8697 8696
f 8694 8695 8697
f 7419 8695 8693
f 7419 7420 8695
f 7420 7422 7424
f 7420 7416 7422
f 7419 8552 7418
f 7419 8553 8552
f 7418 7374 7417
f 7418 7376 7374
f 7408 7444 7437
f 7408 7410 7444
f 7445 7446 7447
f 7445 7444 7446
f 8565 7448 7446
f 8565 8572 7448
f 7438 7455 7441
f 7438 7445 7455
f 7447 7457 7455
f 7447 7449 7457
f 8572 8570 8580
f 8572 8567 8570
f 8581 8571 8582
f 8581 8570 8571
f 8580 8706 8701
f 8580 8581 8706
f 8709 8582 8583
f 8709 8707 8582
f 8703 8708 8713
f 8703 8702 8708
f 8705 8702 8703
f 8705 8704 8702
f 8706 8710 8708
f 8706 8707 8710
f 8711 8718 8710
f 8711 8719 8718
f 8704 7448 8701
f 8704 7449 7448
f 8709 8720 8711
f 8709 8712 8720
f 8645 8641 8640
f 8645 8646 8641
f 8638 8645 8640
f 8638 8642 8645
f 8658 8644 8655
f 8658 8647 8644
f 8656 8798 8659
f 8656 8660 8798
f 8659 8795 8658
f 8659 8798 8795
f 8814 8690 8689
f 8814 8817 8690
f 8814 8688 8698
f 8814 8689 8688
f 8814 8699 8815
f 8814 8698 8699
f 8697 7423 7478
f 8697 7424 7423
f 7467 8699 7478
f 7467 7469 8699
f 8816 8814 8813
f 8816 8817 8814
f 8829 8813 8815
f 8829 8827 8813
f 8830 7465 7466
f 8830 8829 7465
f 7465 7468 7462
f 7465 7469 7468
f 7458 7457 7459
f 7458 7454 7457
f 8717 8718 8724
f 8717 8713 8718
f 8705 7458 7459
f 8705 7491 7458
f 7496 7491 8716
f 7496 7490 7491
f 8716 7499 7498
f 8716 8717 7499
f 7492 7506 7494
f 7492 7496 7506
f 7498 7508 7506
f 7498 7500 7508
f 8724 8722 8732
f 8724 8719 8722
f 8733 8723 8734
f 8733 8722 8723
f 8732 8835 8832
f 8732 8733 8835
f 8839 8734 8735
f 8839 8836 8734
f 8835 8840 8838
f 8835 8836 8840
f 8841 8844 8840
f 8841 8845 8844
f 8844 8837 8838
f 8844 8843 8837
f 8834 7499 8832
f 8834 7500 7499
f 7512 8837 7513
f 7512 8834 8837
f 8842 8739 8740
f 8842 8839 8739
f 8853 8754 8755
f 8853 8850 8754
f 8849 8841 8842
f 8849 8846 8841
f 8846 8847 8845
f 8846 8851 8847
f 8849 8854 8852
f 8849 8850 8854
f 8855 8858 8854
f 8855 8859 8858
f 8858 8851 8852
f 8858 8857 8851
f 8856 8759 8760
f 8856 8853 8759
f 8867 8773 8774
f 8867 8864 8773
f 8863 8855 8856
f 8863 8860 8855
f 8860 8861 8859
f 8860 8865 8861
f 8863 8868 8866
f 8863 8864 8868
f 8869 8872 8868
f 8869 8873 8872
f 8872 8865 8866
f 8872 8871 8865
f 8876 8882 8887
f 8876 8875 8882
f 8867 8874 8869
f 8867 8870 8874
f 8875 8879 8882
f 8875 8874 8879
f 8879 8883 8884
f 8879 8878 8883
f 8885 8892 8884
f 8885 8893 8892
f 8896 8902 8909
f 8896 8895 8902
f 8883 8894 8885
f 8883 8886 8894
f 8895 8899 8902
f 8895 8894 8899
f 8899 8903 8904
f 8899 8898 8903
f 8905 8914 8904
f 8905 8915 8914
f 8903 8916 8905
f 8903 8906 8916
f 8917 8920 8923
f 8917 8916 8920
f 8917 8918 8915
f 8917 8922 8918
f 8931 8925 8930
f 8931 8926 8925
f 8925 8924 8923
f 8925 8927 8924
f 8922 7541 7540
f 8922 8924 7541
f 8928 8821 8929
f 8928 8820 8821
f 8822 8824 8825
f 8822 8820 8824
f 8823 8831 8825
f 8823 8827 8831
f 7550 8821 7561
f 7550 7552 8821
f 8831 7561 8822
f 8831 7562 7561
f 8931 8928 8926
f 8931 8932 8928
f 7533 8927 8929
f 7533 7532 8927
f 7532 7547 7546
f 7532 7533 7547
f 7547 7551 7542
f 7547 7552 7551
f 7463 8830 7466
f 7463 7562 8830
f 7510 7508 7512
f 7510 7505 7508
f 7520 7511 7513
f 7520 7518 7511
f 7519 8843 7576
f 7519 7520 8843
f 7521 8847 7522
f 7521 7576 8847
f 7521 7582 7575
f 7521 7522 7582
f 7524 7580 7582
f 7524 7523 7580
f 7523 8857 7590
f 7523 7524 8857
f 7525 8861 7526
f 7525 7590 8861
f 7525 7599 7589
f 7525 7526 7599
f 7600 7607 7608
f 7600 7599 7607
f 8871 7609 7607
f 8871 8877 7609
f 7605 7600 7608
f 7605 7598 7600
f 8877 8876 8888
f 8877 8873 8876
f 8891 8892 8897
f 8891 8887 8892
f 8888 7611 7609
f 8888 8890 7611
f 8890 7628 7627
f 8890 8891 7628
f 7611 7615 7606
f 7611 7620 7615
f 7625 7620 7627
f 7625 7619 7620
f 8897 8896 8910
f 8897 8893 8896
f 8913 8914 8919
f 8913 8909 8914
f 8910 7630 7628
f 8910 8912 7630
f 7638 8912 7650
f 7638 7640 8912
f 8919 7650 8913
f 8919 7651 7650
f 7630 7634 7626
f 7630 7640 7634
f 7540 7530 7531
f 7540 7537 7530
f 7529 8918 7531
f 7529 7651 8918
f 7544 7541 7546
f 7544 7539 7541
f 7735 7732 7737
f 7735 7731 7732
f 7747 7739 7738
f 7747 7748 7739
f 7738 7742 7747
f 7738 7736 7742
f 7749 7746 7752
f 7749 7745 7746
f 7734 7725 7723
f 7734 7831 7725
f 7734 7834 7833
f 7734 7735 7834
f 7832 7833 7836
f 7832 7831 7833
f 7821 7829 7820
f 7821 7832 7829
f 7841 7830 7829
f 7841 7842 7830
f 7836 7843 7841
f 7836 7838 7843
f 7835 7737 7739
f 7835 7834 7737
f 7835 7849 7839
f 7835 7848 7849
f 7748 7851 7850
f 7748 7749 7851
f 7849 7850 7853
f 7849 7848 7850
f 7838 7846 7845
f 7838 7839 7846
f 7858 7847 7846
f 7858 7859 7847
f 7853 7860 7858
f 7853 7855 7860
f 7762 7754 7751
f 7762 7866 7754
f 7852 7752 7754
f 7852 7851 7752
f 7852 7867 7856
f 7852 7866 7867
f 7855 7863 7862
f 7855 7856 7863
f 7873 7864 7863
f 7873 7874 7864
f 7867 7870 7873
f 7867 7865 7870
f 7875 7871 7878
f 7875 7870 7871
f 7890 7880 7879
f 7890 7891 7880
f 7879 7883 7890
f 7879 7876 7883
f 7827 7986 7974
f 7827 7830 7986
f 7842 7985 7986
f 7842 7840 7985
f 7844 7843 7845
f 7844 7840 7843
f 7980 7995 7983
f 7980 7987 7995
f 7987 7989 7995
f 7987 7985 7989
f 7997 7990 8000
f 7997 7989 7990
f 7844 8004 7991
f 7844 7847 8004
f 7859 8003 8004
f 7859 7857 8003
f 7861 7860 7862
f 7861 7857 7860
f 7991 8001 7990
f 7991 8005 8001
f 8013 8002 8001
f 8013 8014 8002
f 8005 8007 8013
f 8005 8003 8007
f 8015 8008 8017
f 8015 8007 8008
f 7861 8021 8009
f 7861 7864 8021
f 7874 8020 8021
f 7874 7872 8020
f 7877 7875 7878
f 7877 7872 7875
f 8009 8018 8008
f 8009 8022 8018
f 8028 8019 8018
f 8028 8029 8019
f 8022 8024 8028
f 8022 8020 8024
f 8030 8025 8032
f 8030 8024 8025
f 7877 8036 8026
f 7877 7880 8036
f 7891 8035 8036
f 7891 7889 8035
f 8026 8033 8025
f 8026 8037 8033
f 8042 8034 8033
f 8042 8043 8034
f 8037 8039 8042
f 8037 8035 8039
f 8044 8040 8045
f 8044 8039 8040
f 8041 8046 8040
f 8041 8050 8046
f 8057 8047 8046
f 8057 8058 8047
f 8050 8054 8057
f 8050 8048 8054
f 7946 7935 7933
f 7946 8099 7935
f 7946 8098 8099
f 7946 7944 8098
f 8087 8096 8086
f 8087 8100 8096
f 8106 8097 8096
f 8106 8107 8097
f 8100 8102 8106
f 8100 8098 8102
f 8108 8103 8110
f 8108 8102 8103
f 8104 8111 8103
f 8104 8115 8111
f 8121 8112 8111
f 8121 8122 8112
f 8115 8118 8121
f 8115 8113 8118
f 8123 8119 8126
f 8123 8118 8119
f 8138 8128 8127
f 8138 8139 8128
f 8127 8131 8138
f 8127 8124 8131
f 7998 7997 8000
f 7998 7994 7997
f 8014 7999 8002
f 8014 8011 7999
f 8016 8015 8017
f 8016 8012 8015
f 8016 8179 8167
f 8016 8019 8179
f 8029 8178 8179
f 8029 8027 8178
f 8031 8030 8032
f 8031 8027 8030
f 8167 8176 8166
f 8167 8180 8176
f 8188 8177 8176
f 8188 8189 8177
f 8180 8182 8188
f 8180 8178 8182
f 8190 8183 8193
f 8190 8182 8183
f 8031 8196 8184
f 8031 8034 8196
f 8043 8199 8198
f 8043 8044 8199
f 8197 8198 8201
f 8197 8196 8198
f 8184 8194 8183
f 8184 8197 8194
f 8208 8195 8194
f 8208 8209 8195
f 8201 8210 8208
f 8201 8203 8210
f 8200 8045 8047
f 8200 8199 8045
f 8200 8217 8204
f 8200 8216 8217
f 8058 8215 8216
f 8058 8056 8215
f 8203 8213 8212
f 8203 8204 8213
f 8223 8214 8213
f 8223 8224 8214
f 8217 8220 8223
f 8217 8215 8220
f 8225 8221 8230
f 8225 8220 8221
f 8094 8268 8256
f 8094 8097 8268
f 8107 8267 8268
f 8107 8105 8267
f 8109 8108 8110
f 8109 8105 8108
f 8256 8265 8255
f 8256 8269 8265
f 8274 8266 8265
f 8274 8275 8266
f 8269 8271 8274
f 8269 8267 8271
f 8276 8272 8277
f 8276 8271 8272
f 8109 8281 8273
f 8109 8112 8281
f 8122 8280 8281
f 8122 8120 8280
f 8125 8123 8126
f 8125 8120 8123
f 8273 8278 8272
f 8273 8282 8278
f 8287 8279 8278
f 8287 8288 8279
f 8282 8284 8287
f 8282 8280 8284
f 8289 8285 8290
f 8289 8284 8285
f 8125 8294 8286
f 8125 8128 8294
f 8139 8293 8294
f 8139 8137 8293
f 8286 8291 8285
f 8286 8295 8291
f 8301 8292 8291
f 8301 8302 8292
f 8295 8297 8301
f 8295 8293 8297
f 8303 8298 8306
f 8303 8297 8298
f 8299 8307 8298
f 8299 8312 8307
f 8307 8310 8304
f 8307 8312 8310
f 8189 8174 8177
f 8189 8186 8174
f 8191 8190 8193
f 8191 8187 8190
f 8209 8192 8195
f 8209 8206 8192
f 8211 8210 8212
f 8211 8207 8210
f 8211 8375 8362
f 8211 8214 8375
f 8224 8374 8375
f 8224 8222 8374
f 8228 8225 8230
f 8228 8222 8225
f 8368 8382 8371
f 8368 8376 8382
f 8376 8379 8382
f 8376 8374 8379
f 8384 8380 8388
f 8384 8379 8380
f 8263 8425 8414
f 8263 8266 8425
f 8275 8428 8427
f 8275 8276 8428
f 8426 8427 8430
f 8426 8425 8427
f 8953 8960 8954
f 8953 8959 8960
f 8414 8423 8413
f 8414 8426 8423
f 8432 8424 8423
f 8432 8433 8424
f 8432 8958 8433
f 8432 8952 8958
f 8430 8954 8952
f 8430 8431 8954
f 8429 8277 8279
f 8429 8428 8277
f 8431 8939 8955
f 8431 8429 8939
f 8288 8436 8435
f 8288 8289 8436
f 8435 8970 8939
f 8435 8438 8970
f 8966 8953 8955
f 8966 8961 8953
f 8966 8973 8968
f 8966 8970 8973
f 8972 8968 8973
f 8972 8967 8968
f 8981 8974 8973
f 8981 8982 8974
f 8981 8970 8971
f 8981 8973 8970
f 8438 8971 8970
f 8438 8439 8971
f 8437 8290 8292
f 8437 8436 8290
f 8437 8447 8440
f 8437 8446 8447
f 8302 8445 8446
f 8302 8300 8445
f 8305 8303 8306
f 8305 8300 8303
f 8983 8972 8974
f 8983 8975 8972
f 8439 8443 8442
f 8439 8440 8443
f 8452 8444 8443
f 8452 8453 8444
f 8447 8449 8452
f 8447 8445 8449
f 8454 8450 8455
f 8454 8449 8450
f 8320 8308 8304
f 8320 8459 8308
f 8305 8459 8451
f 8305 8308 8459
f 8451 8456 8450
f 8451 8460 8456
f 8467 8457 8456
f 8467 8468 8457
f 8460 8464 8467
f 8460 8458 8464
f 8514 8505 8504
f 8514 8515 8505
f 8504 8508 8514
f 8504 8501 8508
f 8516 8511 8518
f 8516 8510 8511
f 8383 8373 8371
f 8383 8522 8373
f 8383 8521 8522
f 8383 8381 8521
f 8387 8384 8388
f 8387 8381 8384
f 8512 8519 8511
f 8512 8523 8519
f 8530 8520 8519
f 8530 8531 8520
f 8523 8526 8530
f 8523 8521 8526
f 8398 8390 8386
f 8398 8541 8390
f 8387 8541 8527
f 8387 8390 8541
f 8959 8965 8960
f 8959 8962 8965
f 8421 8573 8564
f 8421 8424 8573
f 8574 8575 8576
f 8574 8573 8575
f 8958 8577 8575
f 8958 8965 8577
f 8568 8584 8571
f 8568 8574 8584
f 8576 8586 8584
f 8576 8578 8586
f 8963 9025 8962
f 8963 9026 9025
f 8980 9025 9032
f 8980 8979 9025
f 8979 8579 8577
f 8979 8980 8579
f 9035 9032 9033
f 9035 9034 9032
f 9039 9035 9038
f 9039 9036 9035
f 8578 8589 8588
f 8578 8579 8589
f 8597 8590 8589
f 8597 8598 8590
f 8594 8599 8597
f 8594 8595 8599
f 9037 8594 9034
f 9037 8595 8594
f 8985 8987 8995
f 8985 8982 8987
f 8986 8996 8998
f 8986 8985 8996
f 9049 8997 9050
f 9049 8996 8997
f 8998 9053 8999
f 8998 9049 9053
f 8593 8442 8444
f 8593 8592 8442
f 8995 8592 8593
f 8995 8987 8592
f 8453 8605 8604
f 8453 8454 8605
f 8604 9050 8997
f 8604 8607 9050
f 9051 9044 9057
f 9051 9043 9044
f 9037 9043 9048
f 9037 9036 9043
f 9058 9055 9054
f 9058 9062 9055
f 9058 9051 9057
f 9058 9052 9051
f 9058 9050 9052
f 9058 9054 9050
f 8601 9051 8602
f 8601 9048 9051
f 9051 8611 8610
f 9051 9052 8611
f 8607 9052 9050
f 8607 8608 9052
f 8606 8455 8457
f 8606 8605 8455
f 8606 8617 8609
f 8606 8616 8617
f 8468 8615 8616
f 8468 8466 8615
f 9063 9053 9055
f 9063 9056 9053
f 8608 8613 8612
f 8608 8609 8613
f 8622 8614 8613
f 8622 8623 8614
f 8617 8620 8622
f 8617 8615 8620
f 8624 8621 8627
f 8624 8620 8621
f 8502 8665 8654
f 8502 8505 8665
f 8515 8664 8665
f 8515 8513 8664
f 8517 8516 8518
f 8517 8513 8516
f 9132 9135 9134
f 9132 9133 9135
f 9145 9133 9132
f 9145 9146 9133
f 8654 8662 8653
f 8654 8666 8662
f 8671 8663 8662
f 8671 8672 8663
f 8666 8668 8671
f 8666 8664 8668
f 8673 8669 8674
f 8673 8668 8669
f 8517 8677 8670
f 8517 8520 8677
f 8531 8676 8677
f 8531 8529 8676
f 9152 9148 9155
f 9152 9147 9148
f 9149 9148 9146
f 9149 9154 9148
f 9157 9152 9158
f 9157 9151 9152
f 9156 9158 9155
f 9156 9160 9158
f 9154 8674 8675
f 9154 9149 8674
f 8670 8675 8669
f 8670 8678 8675
f 8678 8682 8685
f 8678 8676 8682
f 8682 9156 8685
f 8682 8683 9156
f 8683 8684 8691
f 8683 8682 8684
f 9166 9157 9159
f 9166 9161 9157
f 9167 9160 9171
f 9167 9159 9160
f 9167 9172 9168
f 9167 9171 9172
f 8587 8586 8588
f 8587 8583 8586
f 8587 8726 8712
f 8587 8590 8726
f 8598 8725 8726
f 8598 8596 8725
f 8600 8599 8601
f 8600 8596 8599
f 8720 8736 8723
f 8720 8727 8736
f 8727 8729 8736
f 8727 8725 8729
f 8738 8730 8741
f 8738 8729 8730
f 9061 9067 9060
f 9061 9068 9067
f 9067 9058 9060
f 9067 9062 9058
f 8600 8744 8731
f 8600 8602 8744
f 8610 8747 8746
f 8610 8611 8747
f 8745 8746 8749
f 8745 8744 8746
f 8731 8742 8730
f 8731 8745 8742
f 8756 8743 8742
f 8756 8757 8743
f 8749 8758 8756
f 8749 8751 8758
f 8748 8612 8614
f 8748 8747 8612
f 8748 8765 8752
f 8748 8764 8765
f 8623 8767 8766
f 8623 8624 8767
f 8765 8766 8769
f 8765 8764 8766
f 8751 8762 8761
f 8751 8752 8762
f 8775 8763 8762
f 8775 8776 8763
f 8769 8777 8775
f 8769 8771 8777
f 9081 9191 9082
f 9081 9190 9191
f 9095 9191 9192
f 9095 9094 9191
f 9204 9095 9205
f 9204 9094 9095
f 9096 9208 9097
f 9096 9204 9208
f 8639 8629 8626
f 8639 8781 8629
f 8768 8627 8629
f 8768 8767 8627
f 8770 9095 9192
f 8770 8768 9095
f 8781 8641 8782
f 8781 8639 8641
f 8782 9205 9095
f 8782 8785 9205
f 9206 9199 9212
f 9206 9198 9199
f 9197 9190 9194
f 9197 9191 9190
f 9191 9198 9192
f 9191 9197 9198
f 9213 9210 9209
f 9213 9216 9210
f 9213 9206 9212
f 9213 9207 9206
f 9213 9205 9207
f 9213 9209 9205
f 9203 8770 9192
f 9203 8771 8770
f 8779 9206 8780
f 8779 9203 9206
f 9206 8790 8789
f 9206 9207 8790
f 8785 9207 9205
f 8785 8786 9207
f 9101 9211 9102
f 9101 9208 9211
f 9122 9117 9116
f 9122 9123 9117
f 9115 9114 9116
f 9115 9113 9114
f 9114 9220 9221
f 9114 9113 9220
f 8784 8647 8796
f 8784 8646 8647
f 8784 8797 8787
f 8784 8796 8797
f 9222 9218 9224
f 9222 9217 9218
f 9210 9220 9211
f 9210 9217 9220
f 9225 9222 9224
f 9225 9223 9222
f 8786 8793 8792
f 8786 8787 8793
f 8806 8794 8793
f 8806 8807 8794
f 8806 9225 8807
f 8806 9223 9225
f 8797 8799 8806
f 8797 8795 8799
f 8799 9223 8806
f 8799 8803 9223
f 9223 8802 9221
f 9223 8803 8802
f 9142 9122 9141
f 9142 9124 9122
f 9121 9142 9140
f 9121 9124 9142
f 9145 9144 9150
f 9145 9140 9144
f 8804 9141 8802
f 8804 9143 9141
f 8660 8809 8801
f 8660 8663 8809
f 8801 9143 8804
f 8801 8809 9143
f 8672 8811 8810
f 8672 8673 8811
f 8810 9150 9144
f 8810 8811 9150
f 9169 9174 9175
f 9169 9168 9174
f 9245 9173 9232
f 9245 9174 9173
f 8690 9172 8691
f 8690 8818 9172
f 9173 8819 9232
f 9173 8818 8819
f 9236 9248 9245
f 9236 9238 9248
f 9236 9243 9237
f 9236 9242 9243
f 8828 8819 8816
f 8828 9242 8819
f 8739 8738 8741
f 8739 8735 8738
f 8757 8740 8743
f 8757 8754 8740
f 8759 8758 8761
f 8759 8755 8758
f 8776 8760 8763
f 8776 8773 8760
f 8778 8777 8779
f 8778 8774 8777
f 9219 9213 9215
f 9219 9216 9213
f 9255 9215 9214
f 9255 9257 9215
f 8778 8880 8870
f 8778 8780 8880
f 8789 8878 8880
f 8789 8788 8878
f 8791 8790 8792
f 8791 8788 8790
f 9218 9258 9226
f 9218 9219 9258
f 9224 9267 9227
f 9224 9226 9267
f 9229 9224 9227
f 9229 9225 9224
f 8791 8900 8886
f 8791 8794 8900
f 8807 8898 8900
f 8807 8805 8898
f 8805 9225 8907
f 8805 8807 9225
f 9263 9257 9260
f 9263 9258 9257
f 9269 9268 9271
f 9269 9267 9268
f 9231 9270 9280
f 9231 9230 9270
f 8907 9230 8908
f 8907 9229 9230
f 8921 8908 9231
f 8921 8906 8908
f 9276 9269 9272
f 9276 9270 9269
f 9283 9280 9281
f 9283 9282 9280
f 9288 9283 9287
f 9288 9284 9283
f 8930 8921 8933
f 8930 8920 8921
f 9285 8933 9282
f 9285 8934 8933
f 9234 9295 9296
f 9234 9233 9295
f 9233 8932 8935
f 9233 8936 8932
f 8826 8936 8937
f 8826 8824 8936
f 9244 8937 9234
f 9244 8938 8937
f 8823 8938 8828
f 8823 8826 8938
f 9284 9295 9286
f 9284 9292 9295
f 9298 9297 9299
f 9298 9296 9297
f 8935 9285 9286
f 8935 8934 9285
f 9239 9243 9244
f 9239 9237 9243
f 9298 9240 9239
f 9298 9301 9240
f 9357 9348 9351
f 9357 9349 9348
f 9315 9350 9316
f 9315 9348 9350
f 9327 9324 9323
f 9327 9328 9324
f 9322 9321 9323
f 9322 9320 9321
f 9321 9368 9369
f 9321 9320 9368
f 9349 9368 9350
f 9349 9365 9368
f 9366 9365 9364
f 9366 9370 9365
f 8947 9370 8946
f 8947 9372 9370
f 9372 8943 9369
f 9372 8944 8943
f 9335 9327 9334
f 9335 9329 9327
f 9376 9334 9373
f 9376 9335 9334
f 9336 9380 9337
f 9336 9377 9380
f 9381 9376 9379
f 9381 9377 9376
f 9386 9382 9381
f 9386 9387 9382
f 9378 9386 9379
f 9378 9385 9386
f 8943 9375 9373
f 8943 8944 9375
f 9378 8949 8950
f 9378 9375 8949
f 9388 9380 9382
f 9388 9383 9380
f 9355 9409 9410
f 9355 9354 9409
f 9358 9356 9359
f 9358 9354 9356
f 9367 9357 9359
f 9367 9364 9357
f 9355 8967 8976
f 9355 8969 8967
f 8976 9367 9356
f 8976 8977 9367
f 9409 9411 9408
f 9409 9412 9411
f 9408 9424 9410
f 9408 9423 9424
f 8961 8957 8956
f 8961 8969 8957
f 8957 8964 8956
f 8957 9424 8964
f 9366 8941 8942
f 9366 8977 8941
f 8989 8941 8975
f 8989 8942 8941
f 8988 8946 8989
f 8988 8945 8946
f 8947 8948 8949
f 8947 8945 8948
f 9000 8983 8986
f 9000 8990 8983
f 8992 8990 9000
f 8992 8988 8990
f 8993 9002 9004
f 8993 8992 9002
f 9007 8948 8994
f 9007 8950 8948
f 9009 9008 9010
f 9009 9007 9008
f 9011 9385 9009
f 9011 9392 9385
f 9005 8994 8993
f 9005 9008 8994
f 9006 9014 9005
f 9006 9015 9014
f 9016 9010 9014
f 9016 9012 9010
f 9390 9392 9396
f 9390 9387 9392
f 9391 9397 9398
f 9391 9390 9397
f 9430 9396 9427
f 9430 9397 9396
f 9398 9434 9399
f 9398 9431 9434
f 9435 9430 9433
f 9435 9431 9430
f 9439 9436 9435
f 9439 9440 9436
f 9432 9439 9433
f 9432 9438 9439
f 9011 9429 9427
f 9011 9012 9429
f 9432 9018 9019
f 9432 9429 9018
f 9441 9434 9436
f 9441 9437 9434
f 9445 9442 9449
f 9445 9441 9442
f 9443 9442 9440
f 9443 9448 9442
f 9450 9453 9452
f 9450 9451 9453
f 9460 9451 9450
f 9460 9461 9451
f 9448 9460 9449
f 9448 9459 9460
f 9468 9464 9477
f 9468 9463 9464
f 9466 9463 9468
f 9466 9462 9463
f 9469 9472 9471
f 9469 9470 9472
f 9482 9470 9469
f 9482 9483 9470
f 9426 9418 9419
f 9426 9423 9418
f 9516 9419 9420
f 9516 9515 9419
f 9520 9517 9521
f 9520 9515 9517
f 9524 9520 9521
f 9524 9522 9520
f 9425 8963 8964
f 9425 9027 8963
f 9425 9028 9027
f 9425 9426 9028
f 9531 9527 9528
f 9531 9530 9527
f 9028 9530 9029
f 9028 9522 9530
f 9029 9030 9026
f 9029 9031 9030
f 9033 9031 9040
f 9033 9030 9031
f 9040 9533 9041
f 9040 9531 9533
f 9039 9041 9045
f 9039 9038 9041
f 9002 9003 9004
f 9002 8999 9003
f 9071 9003 9056
f 9071 9006 9003
f 9070 9015 9071
f 9070 9013 9015
f 9016 9017 9018
f 9016 9013 9017
f 9078 9063 9066
f 9078 9072 9063
f 9074 9072 9078
f 9074 9070 9072
f 9075 9080 9083
f 9075 9074 9080
f 9086 9017 9076
f 9086 9019 9017
f 9088 9087 9090
f 9088 9086 9087
f 9091 9438 9088
f 9091 9444 9438
f 9084 9076 9075
f 9084 9087 9076
f 9085 9098 9084
f 9085 9099 9098
f 9100 9090 9098
f 9100 9092 9090
f 9443 9091 9089
f 9443 9444 9091
f 9107 9089 9093
f 9107 9106 9089
f 9108 9107 9109
f 9108 9106 9107
f 9110 9459 9108
f 9110 9465 9459
f 9104 9092 9103
f 9104 9093 9092
f 9105 9118 9104
f 9105 9119 9118
f 9120 9109 9118
f 9120 9111 9109
f 9464 9465 9478
f 9464 9461 9465
f 9482 9481 9488
f 9482 9477 9481
f 9112 9478 9110
f 9112 9480 9478
f 9137 9480 9136
f 9137 9481 9480
f 9126 9111 9125
f 9126 9112 9111
f 9129 9126 9121
f 9129 9130 9126
f 9130 9134 9136
f 9130 9129 9134
f 9486 9488 9493
f 9486 9483 9488
f 9487 9494 9497
f 9487 9486 9494
f 9503 9499 9498
f 9503 9504 9499
f 9497 9496 9498
f 9497 9494 9496
f 9139 9493 9137
f 9139 9495 9493
f 9495 9151 9162
f 9495 9153 9151
f 9162 9507 9496
f 9162 9163 9507
f 9147 9139 9135
f 9147 9153 9139
f 9537 9504 9503
f 9537 9539 9504
f 9508 9163 9164
f 9508 9507 9163
f 9508 9165 9538
f 9508 9164 9165
f 9543 9541 9547
f 9543 9540 9541
f 9541 9537 9538
f 9541 9540 9537
f 9546 9557 9547
f 9546 9554 9557
f 9166 9165 9161
f 9166 9170 9165
f 9176 9170 9169
f 9176 9546 9170
f 9529 9524 9526
f 9529 9527 9524
f 9562 9526 9525
f 9562 9564 9526
f 9528 9565 9534
f 9528 9529 9565
f 9535 9575 9576
f 9535 9534 9575
f 9179 9533 9535
f 9179 9177 9533
f 9570 9564 9567
f 9570 9565 9564
f 9575 9571 9577
f 9575 9570 9571
f 9581 9576 9577
f 9581 9578 9576
f 9047 9059 9044
f 9047 9180 9059
f 9045 9178 9047
f 9045 9177 9178
f 9536 9179 9579
f 9536 9178 9179
f 9061 9180 9181
f 9061 9059 9180
f 9589 9181 9536
f 9589 9184 9181
f 9590 9586 9592
f 9590 9585 9586
f 9578 9585 9579
f 9578 9584 9585
f 9594 9589 9590
f 9594 9591 9589
f 9069 9079 9066
f 9069 9188 9079
f 9069 9183 9188
f 9069 9068 9183
f 9189 9183 9185
f 9189 9188 9183
f 9187 9079 9188
f 9187 9077 9079
f 9080 9081 9083
f 9080 9077 9081
f 9600 9596 9597
f 9600 9599 9596
f 9184 9599 9185
f 9184 9591 9599
f 9195 9602 9196
f 9195 9600 9602
f 9193 9189 9195
f 9193 9187 9189
f 9194 9196 9200
f 9194 9193 9196
f 9082 9099 9085
f 9082 9096 9099
f 9100 9101 9103
f 9100 9097 9101
f 9102 9119 9105
f 9102 9115 9119
f 9120 9123 9125
f 9120 9117 9123
f 9612 9556 9558
f 9612 9559 9556
f 9557 9555 9558
f 9557 9554 9555
f 9176 9247 9249
f 9176 9175 9247
f 9609 9249 9250
f 9609 9555 9249
f 9613 9614 9612
f 9613 9621 9614
f 9622 9610 9618
f 9622 9611 9610
f 9622 9609 9611
f 9622 9613 9609
f 9241 9251 9238
f 9241 9610 9251
f 9247 9251 9250
f 9247 9248 9251
f 9587 9581 9583
f 9587 9584 9581
f 9628 9583 9582
f 9628 9630 9583
f 9586 9631 9593
f 9586 9587 9631
f 9592 9639 9595
f 9592 9593 9639
f 9598 9594 9595
f 9598 9596 9594
f 9636 9630 9633
f 9636 9631 9630
f 9641 9640 9643
f 9641 9639 9640
f 9597 9642 9603
f 9597 9598 9642
f 9604 9652 9653
f 9604 9603 9652
f 9254 9602 9604
f 9254 9252 9602
f 9647 9641 9644
f 9647 9642 9641
f 9652 9648 9654
f 9652 9647 9648
f 9658 9653 9654
f 9658 9655 9653
f 9202 9214 9199
f 9202 9256 9214
f 9200 9253 9202
f 9200 9252 9253
f 9605 9254 9656
f 9605 9253 9254
f 9255 9605 9261
f 9255 9256 9605
f 9670 9664 9672
f 9670 9663 9664
f 9655 9663 9656
f 9655 9662 9663
f 9673 9669 9670
f 9673 9671 9669
f 9671 9261 9669
f 9671 9262 9261
f 9264 9679 9265
f 9264 9678 9679
f 9262 9264 9260
f 9262 9678 9264
f 9265 9273 9264
f 9265 9274 9273
f 9268 9264 9273
f 9268 9263 9264
f 9272 9275 9277
f 9272 9271 9275
f 9279 9289 9278
f 9279 9290 9289
f 9281 9278 9289
f 9281 9276 9278
f 9288 9291 9293
f 9288 9287 9291
f 9700 9694 9698
f 9700 9695 9694
f 9293 9694 9294
f 9293 9692 9694
f 9297 9294 9305
f 9297 9292 9294
f 9695 9299 9305
f 9695 9303 9299
f 9708 9619 9697
f 9708 9620 9619
f 9711 9621 9623
f 9711 9624 9621
f 9618 9709 9623
f 9618 9620 9709
f 9619 9304 9697
f 9619 9302 9304
f 9302 9240 9301
f 9302 9241 9240
f 9703 9710 9708
f 9703 9705 9710
f 9696 9703 9697
f 9696 9702 9703
f 9711 9710 9712
f 9711 9709 9710
f 9304 9696 9697
f 9304 9303 9696
f 9661 9665 9660
f 9661 9666 9665
f 9665 9658 9660
f 9665 9662 9658
f 9664 9674 9672
f 9664 9667 9674
f 9677 9673 9675
f 9677 9676 9673
f 9729 9675 9674
f 9729 9731 9675
f 9679 9677 9680
f 9679 9676 9677
f 9681 9732 9739
f 9681 9680 9732
f 9682 9739 9740
f 9682 9681 9739
f 9309 9274 9308
f 9309 9275 9274
f 9685 9308 9682
f 9685 9309 9308
f 9737 9731 9734
f 9737 9732 9731
f 9742 9741 9744
f 9742 9740 9741
f 9687 9743 9750
f 9687 9686 9743
f 9688 9750 9751
f 9688 9687 9750
f 9277 9310 9279
f 9277 9309 9310
f 9309 9686 9310
f 9309 9685 9686
f 9313 9290 9312
f 9313 9291 9290
f 9693 9312 9688
f 9693 9313 9312
f 9748 9742 9745
f 9748 9743 9742
f 9753 9752 9755
f 9753 9751 9752
f 9691 9692 9693
f 9691 9690 9692
f 9690 9754 9699
f 9690 9691 9754
f 9698 9763 9701
f 9698 9699 9763
f 9706 9700 9701
f 9706 9702 9700
f 9759 9753 9756
f 9759 9754 9753
f 9765 9764 9766
f 9765 9763 9764
f 9765 9707 9706
f 9765 9768 9707
f 9803 9807 9806
f 9803 9804 9807
f 9817 9804 9803
f 9817 9819 9804
f 9786 9783 9782
f 9786 9787 9783
f 9781 9780 9782
f 9781 9779 9780
f 9780 9823 9824
f 9780 9779 9823
f 9805 9807 9804
f 9805 9808 9807
f 9804 9823 9805
f 9804 9820 9823
f 9821 9820 9819
f 9821 9825 9820
f 9326 9825 9325
f 9326 9827 9825
f 9827 9318 9824
f 9827 9319 9318
f 9793 9786 9792
f 9793 9788 9786
f 9831 9792 9828
f 9831 9793 9792
f 9794 9836 9795
f 9794 9832 9836
f 9837 9831 9834
f 9837 9832 9831
f 9835 9837 9834
f 9835 9839 9837
f 9318 9830 9828
f 9318 9319 9830
f 9833 9330 9331
f 9833 9830 9330
f 9339 9833 9338
f 9339 9835 9833
f 9843 9836 9838
f 9843 9840 9836
f 9844 9839 9847
f 9844 9838 9839
f 9844 9848 9845
f 9844 9847 9848
f 9798 9814 9813
f 9798 9799 9814
f 9815 9870 9871
f 9815 9814 9870
f 9817 9816 9822
f 9817 9813 9816
f 9815 9346 9352
f 9815 9347 9346
f 9352 9822 9816
f 9352 9353 9822
f 9870 9872 9869
f 9870 9873 9872
f 9869 9884 9871
f 9869 9883 9884
f 9344 9885 9345
f 9344 9884 9885
f 9345 9361 9344
f 9345 9362 9361
f 9351 9347 9361
f 9351 9346 9347
f 9316 9325 9317
f 9316 9322 9325
f 9821 9315 9317
f 9821 9353 9315
f 9326 9328 9330
f 9326 9324 9328
f 9329 9338 9331
f 9329 9336 9338
f 9339 9340 9341
f 9339 9337 9340
f 9846 9853 9855
f 9846 9845 9853
f 9887 9854 9888
f 9887 9853 9854
f 9855 9889 9856
f 9855 9887 9889
f 9340 9848 9341
f 9340 9384 9848
f 9384 9393 9854
f 9384 9383 9393
f 9400 9388 9391
f 9400 9393 9388
f 9402 9394 9400
f 9402 9395 9394
f 9394 9892 9888
f 9394 9395 9892
f 9894 9889 9891
f 9894 9893 9889
f 9898 9895 9902
f 9898 9894 9895
f 9895 9892 9896
f 9895 9891 9892
f 9903 9898 9904
f 9903 9897 9898
f 9910 9905 9904
f 9910 9911 9905
f 9901 9910 9902
f 9901 9909 9910
f 9901 9404 9405
f 9901 9896 9404
f 9919 9914 9927
f 9919 9913 9914
f 9912 9903 9905
f 9912 9906 9903
f 9917 9913 9919
f 9917 9912 9913
f 9920 9917 9921
f 9920 9916 9917
f 9932 9922 9921
f 9932 9933 9922
f 9940 9936 9945
f 9940 9935 9936
f 9934 9920 9922
f 9934 9923 9920
f 9938 9935 9940
f 9938 9934 9935
f 9886 9878 9879
f 9886 9883 9878
f 9972 9879 9880
f 9972 9971 9879
f 9973 9967 9978
f 9973 9966 9967
f 9970 9967 9965
f 9970 9977 9967
f 9976 9973 9978
f 9976 9971 9973
f 9422 9977 9421
f 9422 9979 9977
f 9979 9414 9976
f 9979 9415 9414
f 9418 9415 9422
f 9418 9411 9415
f 9343 9362 9345
f 9343 9358 9362
f 9885 9414 9413
f 9885 9886 9414
f 9343 9413 9412
f 9343 9345 9413
f 9402 9403 9404
f 9402 9399 9403
f 9446 9403 9437
f 9446 9405 9403
f 9454 9447 9455
f 9454 9446 9447
f 9456 9909 9454
f 9456 9915 9909
f 9447 9452 9455
f 9447 9445 9452
f 9914 9915 9928
f 9914 9911 9915
f 9932 9931 9937
f 9932 9927 9931
f 9458 9928 9456
f 9458 9930 9928
f 9474 9930 9473
f 9474 9931 9930
f 9462 9458 9453
f 9462 9467 9458
f 9467 9471 9473
f 9467 9466 9471
f 9936 9937 9946
f 9936 9933 9937
f 9951 9949 9956
f 9951 9945 9949
f 9956 9950 9951
f 9956 9952 9950
f 9476 9946 9474
f 9476 9948 9946
f 9491 9948 9490
f 9491 9949 9948
f 9484 9476 9472
f 9484 9489 9476
f 9500 9484 9487
f 9500 9489 9484
f 9502 9490 9500
f 9502 9492 9490
f 9981 9953 9952
f 9981 9983 9953
f 9987 9985 9991
f 9987 9984 9985
f 9985 9981 9982
f 9985 9984 9981
f 9990 9999 9991
f 9990 9997 9999
f 9491 9986 9982
f 9491 9492 9986
f 9990 9505 9506
f 9990 9986 9505
f 9968 9964 10006
f 9968 9963 9964
f 10014 10006 10010
f 10014 10007 10006
f 9970 9968 9980
f 9970 9965 9968
f 9511 9980 10009
f 9511 9510 9980
f 9519 9510 9511
f 9519 9518 9510
f 9516 9421 9518
f 9516 9420 9421
f 10007 10019 10009
f 10007 10017 10019
f 9513 10020 9514
f 9513 10019 10020
f 9517 9513 9512
f 9517 9519 9513
f 9502 9504 9505
f 9502 9499 9504
f 10003 9998 9999
f 10003 10000 9998
f 9544 9504 9539
f 9544 9506 9504
f 9550 9545 9551
f 9550 9544 9545
f 9552 9997 9550
f 9552 10003 9997
f 9545 9549 9551
f 9545 9543 9549
f 9553 9556 9560
f 9553 9549 9556
f 10023 10001 10000
f 10023 10025 10001
f 10028 10023 10024
f 10028 10027 10023
f 10028 10032 10029
f 10028 10031 10032
f 9552 10031 10024
f 9552 9553 10031
f 10018 10015 10041
f 10018 10014 10015
f 10020 10018 10021
f 10020 10017 10018
f 10022 10042 10052
f 10022 10021 10042
f 9514 9525 9512
f 9514 9563 9525
f 9562 10022 9568
f 9562 9563 10022
f 10048 10041 10044
f 10048 10042 10041
f 10052 10049 10054
f 10052 10048 10049
f 10057 10054 10056
f 10057 10055 10054
f 9566 10055 9569
f 9566 9568 10055
f 9567 9569 9572
f 9567 9566 9569
f 10030 10036 10037
f 10030 10029 10036
f 10070 10035 10064
f 10070 10036 10035
f 9559 10032 9560
f 9559 9616 10032
f 10035 9617 10064
f 10035 9616 9617
f 10065 10073 10070
f 10065 10067 10073
f 10065 10069 10066
f 10065 10068 10069
f 9625 9617 9614
f 9625 10068 9617
f 10061 10056 10059
f 10061 10057 10056
f 10083 10059 10058
f 10083 10085 10059
f 10063 10086 10095
f 10063 10062 10086
f 9574 9582 9571
f 9574 9629 9582
f 9572 9627 9574
f 9572 9626 9627
f 9626 10062 9627
f 9626 10061 10062
f 9628 10063 9634
f 9628 9629 10063
f 10091 10085 10088
f 10091 10086 10085
f 10095 10092 10097
f 10095 10091 10092
f 10100 10096 10097
f 10100 10098 10096
f 10098 9634 10096
f 10098 9635 9634
f 10107 10103 10104
f 10107 10106 10103
f 9635 9637 9633
f 9635 10106 9637
f 9640 9637 9645
f 9640 9636 9637
f 9645 10109 9646
f 9645 10107 10109
f 9644 9646 9649
f 9644 9643 9646
f 9713 9719 9720
f 9713 9712 9719
f 10067 10078 10079
f 10067 10066 10078
f 10126 10077 10114
f 10126 10078 10077
f 9624 10069 9625
f 9624 9715 10069
f 10077 9716 10114
f 10077 9715 9716
f 10118 10129 10126
f 10118 10120 10129
f 10118 10124 10119
f 10118 10123 10124
f 9720 9716 9713
f 9720 10123 9716
f 10105 10100 10102
f 10105 10103 10100
f 10135 10102 10101
f 10135 10137 10102
f 10104 10138 10110
f 10104 10105 10138
f 10111 10145 10147
f 10111 10110 10145
f 9723 10109 10111
f 9723 9721 10109
f 10143 10137 10140
f 10143 10138 10137
f 10148 10145 10146
f 10148 10147 10145
f 10153 10148 10152
f 10153 10149 10148
f 9651 9659 9648
f 9651 9724 9659
f 9649 9722 9651
f 9649 9721 9722
f 10112 9723 10151
f 10112 9722 9723
f 9661 9724 9725
f 9661 9659 9724
f 10161 9725 10112
f 10161 9728 9725
f 10149 10159 10151
f 10149 10156 10159
f 10162 10159 10160
f 10162 10161 10159
f 10167 10162 10166
f 10167 10163 10162
f 10113 9728 10165
f 10113 9727 9728
f 9667 9727 9730
f 9667 9666 9727
f 9729 10113 9735
f 9729 9730 10113
f 10175 10171 10177
f 10175 10170 10171
f 10163 10175 10165
f 10163 10170 10175
f 10180 10176 10177
f 10180 10178 10176
f 10178 9735 10176
f 10178 9736 9735
f 10190 10184 10185
f 10190 10189 10184
f 10194 10190 10193
f 10194 10191 10190
f 9736 9738 9734
f 9736 10189 9738
f 9741 9738 9747
f 9741 9737 9738
f 10191 9744 9747
f 10191 9746 9744
f 10202 10197 10198
f 10202 10201 10197
f 9746 9749 9745
f 9746 10201 9749
f 9752 9749 9757
f 9752 9748 9749
f 9757 10204 9758
f 9757 10202 10204
f 9756 9758 9760
f 9756 9755 9758
f 10217 10212 10216
f 10217 10213 10212
f 9760 10212 9761
f 9760 10210 10212
f 9764 9761 9771
f 9764 9759 9761
f 10213 9766 9771
f 10213 9769 9766
f 10116 10228 10229
f 10116 10115 10228
f 9707 9718 9705
f 9707 9772 9718
f 10115 9768 9770
f 10115 9772 9768
f 9774 9718 9773
f 9774 9719 9718
f 10125 9773 10116
f 10125 9774 9773
f 10222 10230 10228
f 10222 10224 10230
f 10214 10222 10215
f 10214 10221 10222
f 10231 10230 10232
f 10231 10229 10230
f 9770 10214 10215
f 9770 9769 10214
f 10121 10124 10125
f 10121 10119 10124
f 10231 10122 10121
f 10231 10234 10122
f 10183 10186 10182
f 10183 10187 10186
f 10186 10180 10182
f 10186 10184 10180
f 10185 10195 10193
f 10185 10188 10195
f 10199 10194 10196
f 10199 10197 10194
f 10253 10196 10195
f 10253 10255 10196
f 10255 10200 10199
f 10255 10258 10200
f 10198 10205 10203
f 10198 10200 10205
f 10211 10203 10206
f 10211 10204 10203
f 10262 10206 10205
f 10262 10265 10206
f 10208 10210 10211
f 10208 10207 10210
f 10265 10209 10208
f 10265 10268 10209
f 10207 10218 10216
f 10207 10209 10218
f 10220 10225 10219
f 10220 10226 10225
f 10225 10217 10219
f 10225 10221 10217
f 9785 10286 9784
f 9785 10287 10286
f 10290 9789 9790
f 10290 10289 9789
f 9818 9800 9798
f 9818 10297 9800
f 9806 10298 9818
f 9806 9811 10298
f 9810 10298 9811
f 9810 10296 10298
f 9776 9784 9777
f 9776 9781 9784
f 9809 10285 9810
f 9809 10284 10285
f 9776 9809 9808
f 9776 9777 9809
f 9785 9787 9789
f 9785 9783 9787
f 9788 9796 9790
f 9788 9794 9796
f 10291 9795 9841
f 10291 9796 9795
f 10292 9842 10293
f 10292 9841 9842
f 9842 9849 10294
f 9842 9840 9849
f 9857 9843 9846
f 9857 9849 9843
f 9859 9850 9857
f 9859 9851 9850
f 10300 9851 10301
f 10300 9850 9851
f 10303 9861 9862
f 10303 10302 9861
f 9882 10313 9881
f 9882 10314 10313
f 9878 9875 9882
f 9878 9872 9875
f 9876 10299 10316
f 9876 9874 10299
f 9799 9874 9873
f 9799 9800 9874
f 10315 9876 10316
f 10315 9875 9876
f 9859 9860 9861
f 9859 9856 9860
f 9899 9860 9893
f 9899 9862 9860
f 9897 9864 9899
f 9897 9863 9864
f 10304 9863 9907
f 10304 9864 9863
f 10305 9908 10306
f 10305 9907 9908
f 9908 9918 10307
f 9908 9906 9918
f 10307 9916 9924
f 10307 9918 9916
f 10308 9925 10309
f 10308 9924 9925
f 10309 9926 10310
f 10309 9925 9926
f 9926 9939 10311
f 9926 9923 9939
f 9939 9942 9943
f 9939 9938 9942
f 10318 9944 10319
f 10318 9943 9944
f 9944 9950 9954
f 9944 9942 9950
f 10321 9954 9955
f 10321 10320 9954
f 9962 10317 10324
f 9962 9961 10317
f 9975 9961 9962
f 9975 9974 9961
f 9972 9881 9974
f 9972 9880 9881
f 9966 9962 9960
f 9966 9975 9962
f 9962 9969 9960
f 9962 10326 9969
f 9988 9953 9983
f 9988 9955 9953
f 9994 9989 9995
f 9994 9988 9989
f 10323 9995 10329
f 10323 9994 9995
f 9989 9993 9995
f 9989 9987 9993
f 10329 9996 10330
f 10329 9995 9996
f 9996 9998 10002
f 9996 9993 9998
f 10325 10012 10328
f 10325 10011 10012
f 10012 9963 9969
f 10012 9964 9963
f 10013 10325 10335
f 10013 10011 10325
f 10010 10336 10016
f 10010 10013 10336
f 10001 10332 10002
f 10001 10026 10332
f 10026 10033 10334
f 10026 10025 10033
f 10038 10027 10030
f 10038 10033 10027
f 10341 10038 10039
f 10341 10340 10038
f 10015 10337 10045
f 10015 10016 10337
f 10046 10338 10344
f 10046 10045 10338
f 10047 10344 10345
f 10047 10046 10344
f 10050 10347 10051
f 10050 10346 10347
f 10047 10050 10044
f 10047 10346 10050
f 10039 10072 10074
f 10039 10037 10072
f 10341 10076 10342
f 10341 10074 10076
f 10353 10080 10081
f 10353 10350 10080
f 10072 10080 10075
f 10072 10073 10080
f 10076 10350 10351
f 10076 10075 10350
f 10051 10058 10049
f 10051 10084 10058
f 10083 10349 10089
f 10083 10084 10349
f 10090 10355 10356
f 10090 10089 10355
f 10093 10358 10094
f 10093 10357 10358
f 10090 10093 10088
f 10090 10357 10093
f 10081 10128 10130
f 10081 10079 10128
f 10354 10131 10361
f 10354 10130 10131
f 10363 10132 10133
f 10363 10362 10132
f 10128 10132 10131
f 10128 10129 10132
f 10094 10101 10092
f 10094 10136 10101
f 10135 10360 10141
f 10135 10136 10360
f 10142 10365 10366
f 10142 10141 10365
f 10142 10144 10140
f 10142 10367 10144
f 10146 10144 10154
f 10146 10143 10144
f 10154 10369 10155
f 10154 10368 10369
f 10153 10155 10157
f 10153 10152 10155
f 10157 10372 10158
f 10157 10370 10372
f 10160 10158 10168
f 10160 10156 10158
f 10168 10373 10169
f 10168 10372 10373
f 10167 10169 10172
f 10167 10166 10169
f 10233 10237 10238
f 10233 10232 10237
f 10122 10133 10120
f 10122 10240 10133
f 10242 10241 10243
f 10242 10240 10241
f 10364 10243 10382
f 10364 10242 10243
f 10238 10383 10239
f 10238 10380 10383
f 10239 10234 10233
f 10239 10241 10234
f 10174 10181 10171
f 10174 10248 10181
f 10172 10247 10174
f 10172 10246 10247
f 10247 10374 10375
f 10247 10246 10374
f 10183 10248 10249
f 10183 10181 10248
f 10252 10376 10385
f 10252 10249 10376
f 10377 10252 10387
f 10377 10251 10252
f 10188 10251 10254
f 10188 10187 10251
f 10253 10377 10259
f 10253 10254 10377
f 10260 10388 10389
f 10260 10259 10388
f 10261 10258 10257
f 10261 10264 10258
f 10260 10261 10257
f 10260 10390 10261
f 10266 10264 10270
f 10266 10262 10264
f 10392 10266 10270
f 10392 10269 10266
f 10220 10272 10274
f 10220 10218 10272
f 10274 10273 10277
f 10274 10272 10273
f 10271 10268 10267
f 10271 10273 10268
f 10269 10271 10267
f 10269 10394 10271
f 10278 10396 10397
f 10278 10277 10396
f 10227 10236 10224
f 10227 10280 10236
f 10378 10278 10398
f 10378 10276 10278
f 10227 10276 10280
f 10227 10226 10276
f 10282 10236 10281
f 10282 10237 10236
f 10282 10379 10381
f 10282 10281 10379

