{
	"class_name" : "PinholeCameraParameters",
	"extrinsic" : 
	[
		0.067212493044984112,
		0.74972801215093532,
		-0.65832392374490312,
		0.0,
		0.84737243321880351,
		-0.39122506386341183,
		-0.35903051238845152,
		0.0,
		-0.52672805146443702,
		-0.5337142092930226,
		-0.66159406179257774,
		0.0,
		6.904763773907252e-05,
		0.00077019830452063065,
		2.4229489725409321,
		1.0
	],
	"intrinsic" : 
	{
		"height" : 1080,
		"intrinsic_matrix" : 
		[
			935.30743608719376,
			0.0,
			0.0,
			0.0,
			935.30743608719376,
			0.0,
			959.5,
			539.5,
			1.0
		],
		"width" : 1920
	},
	"version_major" : 1,
	"version_minor" : 0
}