{
	"class_name" : "PinholeCameraParameters",
	"extrinsic" : 
	[
		-0.060392720449912576,
		0.79417227694552572,
		-0.60468430924559147,
		0.0,
		0.8083511777492054,
		-0.31648388076667355,
		-0.49639331849485913,
		0.0,
		-0.58559464883836787,
		-0.51877581646220305,
		-0.62285677286663865,
		0.0,
		-6.2041660631617646e-05,
		0.00081585605884737511,
		2.4230040767113419,
		1.0
	],
	"intrinsic" : 
	{
		"height" : 1080,
		"intrinsic_matrix" : 
		[
			935.30743608719376,
			0.0,
			0.0,
			0.0,
			935.30743608719376,
			0.0,
			959.5,
			539.5,
			1.0
		],
		"width" : 1920
	},
	"version_major" : 1,
	"version_minor" : 0
}