# https://github.com/mikedh/trimesh
v -0.06649608 -0.32807404 -0.44960666
v -0.03503840 -0.31446674 -0.46257210
v -0.06098464 -0.32873511 -0.45092836
v -0.03043949 -0.31474879 -0.46271005
v -0.00401363 -0.32808396 -0.44962490
v 0.00085789 -0.32802293 -0.44950911
v -0.28285816 -0.28831610 -0.44949162
v -0.25958562 -0.29839581 -0.44874254
v -0.28905201 -0.26007533 -0.46649337
v -0.28862643 -0.27881551 -0.45626649
v -0.27141953 -0.27039969 -0.47158888
v -0.27182001 -0.27885601 -0.46660870
v -0.26173544 -0.28431526 -0.46494490
v -0.26470733 -0.27639300 -0.47086850
v -0.25161099 -0.29916078 -0.45418900
v -0.23856135 -0.30095190 -0.45127067
v -0.22035544 -0.29839981 -0.45449376
v -0.23155198 -0.27014804 -0.47142613
v -0.24164781 -0.28455523 -0.46447039
v -0.23854436 -0.27626795 -0.47057521
v -0.23285137 -0.27888128 -0.46965492
v -0.21308048 -0.26207876 -0.46743304
v -0.21131790 -0.27885407 -0.46264267
v -0.19795385 -0.27211553 -0.46239120
v -0.15785834 -0.28424367 -0.44747287
v -0.13111113 -0.29667285 -0.44702625
v -0.16424057 -0.26043054 -0.46673083
v -0.18107964 -0.27121854 -0.46066248
v -0.16181903 -0.27881360 -0.45266992
v -0.15028353 -0.26267993 -0.46789575
v -0.15295005 -0.27881050 -0.45454568
v -0.13077569 -0.29025835 -0.45311469
v -0.13646524 -0.27307117 -0.46450609
v -0.12660810 -0.29615277 -0.44823807
v -0.09236994 -0.31153685 -0.45891559
v -0.10114156 -0.30715457 -0.45749873
v -0.09533909 -0.31004697 -0.45051789
v -0.09533460 -0.30888787 -0.45981324
v -0.09432139 -0.30955112 -0.45989093
v -0.10217857 -0.26125103 -0.46723402
v -0.12238265 -0.29021093 -0.45321393
v -0.11665557 -0.27312386 -0.46463090
v -0.10602799 -0.27882314 -0.46614823
v -0.08886969 -0.26047790 -0.46683699
v -0.08497557 -0.27881998 -0.46543568
v -0.07492502 -0.28358585 -0.46644408
v -0.07490172 -0.27402580 -0.46639872
v -0.04297157 -0.31002247 -0.46542811
v -0.06406997 -0.31915718 -0.45775777
v -0.06406985 -0.30520576 -0.46631369
v -0.03280875 -0.31001315 -0.46418452
v -0.03732139 -0.30099583 -0.46485519
v -0.02971333 -0.30382231 -0.46342903
v -0.02532883 -0.31000772 -0.46407178
v -0.03280818 -0.31949523 -0.45560876
v -0.05386262 -0.28421926 -0.46512628
v -0.05388706 -0.27334246 -0.46507782
v -0.04307033 -0.27878326 -0.46523789
v -0.02440660 -0.27875894 -0.46149844
v -0.00948270 -0.28644177 -0.46053913
v -0.00947392 -0.27103907 -0.46052635
v -0.00154934 -0.32174474 -0.45243666
v -0.00155502 -0.30323464 -0.46241641
v 0.02184250 -0.31389806 -0.45637685
v 0.02726183 -0.30875373 -0.45908323
v 0.02969141 -0.30997023 -0.45704812
v 0.02969045 -0.30763483 -0.45912695
v 0.03308594 -0.30826893 -0.45858961
v 0.00609090 -0.28671682 -0.45994300
v 0.00608520 -0.27073938 -0.45993030
v 0.02189113 -0.27872735 -0.46025527
v 0.03705525 -0.27871710 -0.45932120
v 0.05516617 -0.28855899 -0.45616513
v 0.05336944 -0.27067411 -0.45976692
v 0.06094548 -0.29938990 -0.45470405
v 0.07589633 -0.30180818 -0.45205161
v 0.09220368 -0.30997425 -0.44072840
v 0.09220123 -0.29566798 -0.45303082
v 0.11114988 -0.30048567 -0.45065981
v 0.06591555 -0.28937656 -0.45450443
v 0.06764859 -0.26976359 -0.45793480
v 0.08633670 -0.27870584 -0.45629263
v 0.09772379 -0.27870268 -0.45554072
v 0.11988147 -0.29074723 -0.45165107
v 0.11792591 -0.26864380 -0.45557266
v 0.12346248 -0.29754940 -0.45092329
v 0.13135815 -0.29828057 -0.44840133
v 0.15475008 -0.28909528 -0.44955331
v 0.12742913 -0.29037538 -0.45237616
v 0.12952289 -0.26911363 -0.45649409
v 0.14955394 -0.27871901 -0.45477551
v 0.15989211 -0.27872479 -0.45459875
v 0.18131748 -0.26784691 -0.45370549
v 0.18984008 -0.26691073 -0.45177686
v -0.29303628 -0.24760288 -0.46537432
v -0.28279740 -0.24762300 -0.46945727
v -0.28973669 -0.23372629 -0.46717888
v -0.27403939 -0.23014969 -0.46893519
v -0.25834361 -0.24764511 -0.47238064
v -0.29740396 -0.25486833 -0.45300770
v -0.30348742 -0.23724896 -0.44994223
v -0.28670010 -0.19300272 -0.46413434
v -0.29132205 -0.21636802 -0.46167302
v -0.27731895 -0.19602989 -0.46562058
v -0.27251530 -0.21639200 -0.46507299
v -0.26299706 -0.22054738 -0.46748990
v -0.26249567 -0.21175224 -0.46648836
v -0.24484105 -0.24765044 -0.47242746
v -0.25153688 -0.24957816 -0.47191435
v -0.25153387 -0.24587671 -0.47222275
v -0.22029386 -0.24764177 -0.46904162
v -0.22961727 -0.22897124 -0.46950960
v -0.20990291 -0.22688526 -0.47058779
v -0.20051557 -0.24763297 -0.47012275
v -0.22849493 -0.20162651 -0.46840125
v -0.23964718 -0.22015634 -0.46828568
v -0.24010876 -0.21219213 -0.46734571
v -0.23249364 -0.21640784 -0.46899039
v -0.21093872 -0.20381907 -0.46953544
v -0.20735353 -0.21639904 -0.47043991
v -0.20173234 -0.21932139 -0.46999574
v -0.20144416 -0.21317725 -0.46942323
v -0.17772226 -0.24761790 -0.47023523
v -0.18905987 -0.25190970 -0.46730807
v -0.18905613 -0.24435435 -0.46934605
v -0.15781744 -0.24760485 -0.46944499
v -0.16733634 -0.22856577 -0.46983123
v -0.14734557 -0.22664145 -0.47084108
v -0.13918224 -0.24758464 -0.46968240
v -0.16757119 -0.20464709 -0.47007930
v -0.17701623 -0.21995659 -0.46874985
v -0.17734295 -0.21245807 -0.46808690
v -0.16999899 -0.21636747 -0.46906275
v -0.14711955 -0.20649314 -0.47107103
v -0.14497802 -0.21634173 -0.47044802
v -0.13953078 -0.21900815 -0.47066942
v -0.13973440 -0.21386984 -0.47108415
v -0.11247592 -0.24756719 -0.46895608
v -0.12658207 -0.25176996 -0.46760923
v -0.12658189 -0.24411826 -0.46910617
v -0.09533328 -0.24755126 -0.46616265
v -0.10162464 -0.23496985 -0.46670449
v -0.09113342 -0.23913170 -0.46461433
v -0.08677924 -0.24754569 -0.46466753
v -0.09845611 -0.19121805 -0.46360865
v -0.11625548 -0.22157881 -0.46548542
v -0.11592979 -0.21132094 -0.46615621
v -0.10525738 -0.21627851 -0.46465731
v -0.09348010 -0.18872476 -0.46237272
v -0.08773562 -0.21625425 -0.46004611
v -0.07125381 -0.22471386 -0.45913434
v -0.07104889 -0.20757133 -0.45875341
v -0.06407069 -0.25461185 -0.46185109
v -0.06407756 -0.23915751 -0.45928434
v -0.03287529 -0.24754687 -0.46030703
v -0.03281113 -0.24757735 -0.46030772
v -0.03274031 -0.24755003 -0.46030352
v -0.03290047 -0.24747008 -0.46029457
v -0.03281112 -0.24751469 -0.46029681
v -0.03281115 -0.24743341 -0.46029857
v -0.03273800 -0.24747804 -0.46030241
v -0.05819184 -0.22598466 -0.45655745
v -0.05839546 -0.20629126 -0.45620736
v -0.03906345 -0.21622705 -0.45725811
v -0.02708765 -0.21621916 -0.45621246
v -0.00766893 -0.22572151 -0.45694882
v -0.00683799 -0.20585549 -0.45531684
v -0.00154872 -0.25613543 -0.45861456
v -0.00154816 -0.23868884 -0.45837885
v 0.02716192 -0.24873109 -0.45898452
v 0.02971080 -0.24990016 -0.45903188
v 0.03202146 -0.24861053 -0.45909461
v 0.02708574 -0.24614327 -0.45894831
v 0.02971163 -0.24745572 -0.45900264
v 0.02971226 -0.24485609 -0.45895824
v 0.03183756 -0.24639226 -0.45918718
v 0.00412600 -0.22615933 -0.45603043
v 0.00332855 -0.20543131 -0.45446211
v 0.02400924 -0.21618797 -0.45608506
v 0.03562186 -0.21618484 -0.45642239
v 0.05427410 -0.22511013 -0.45799297
v 0.05500554 -0.20654926 -0.45656145
v 0.06096970 -0.25625613 -0.45821947
v 0.06097932 -0.23899904 -0.45891148
v 0.08736946 -0.24989174 -0.45769629
v 0.09223579 -0.25327951 -0.45721465
v 0.09799667 -0.25033757 -0.45722821
v 0.08773030 -0.24520141 -0.45787379
v 0.09224075 -0.24745804 -0.45746902
v 0.09224435 -0.24229111 -0.45753476
v 0.09744224 -0.24486116 -0.45750391
v 0.06767948 -0.22512823 -0.45792937
v 0.06697127 -0.20653042 -0.45650199
v 0.08617065 -0.21619257 -0.45667177
v 0.09797858 -0.21619305 -0.45590496
v 0.11782739 -0.22614047 -0.45579433
v 0.11707127 -0.20704094 -0.45733562
v 0.12349689 -0.25740400 -0.45579273
v 0.12351301 -0.23797168 -0.45668471
v 0.15032256 -0.24969025 -0.45774209
v 0.15477581 -0.25287715 -0.45725155
v 0.16074401 -0.25045231 -0.45695078
v 0.15077841 -0.24546456 -0.45796296
v 0.15477945 -0.24746546 -0.45776638
v 0.15478212 -0.24406336 -0.45825034
v 0.15814127 -0.24578817 -0.45826268
v 0.12948905 -0.22587118 -0.45630205
v 0.13029471 -0.20732607 -0.45786273
v 0.14814863 -0.21620560 -0.45762593
v 0.16231266 -0.21620506 -0.45928293
v 0.17852040 -0.22429138 -0.45935017
v 0.17769580 -0.20897537 -0.46102533
v 0.18605919 -0.25779611 -0.45486552
v 0.18606794 -0.23970759 -0.45994395
v 0.20443964 -0.25395799 -0.45333728
v 0.20908928 -0.24338777 -0.45564637
v 0.21734138 -0.24752310 -0.45109913
v 0.21734437 -0.23939864 -0.45568532
v 0.21144876 -0.19682509 -0.46570331
v 0.19489026 -0.22305188 -0.46180093
v 0.19570927 -0.21020544 -0.46341878
v 0.20847340 -0.21623892 -0.46192199
v 0.22256765 -0.19536924 -0.46493059
v 0.22545151 -0.21626210 -0.46027124
v 0.24173048 -0.20755857 -0.45785090
v 0.25402030 -0.20604831 -0.45476234
v -0.28733283 -0.18513046 -0.46248981
v -0.28276044 -0.18513560 -0.46323568
v -0.28515571 -0.18033922 -0.46259308
v -0.27882990 -0.17729418 -0.46411115
v -0.27367929 -0.18514454 -0.46471751
v -0.29751718 -0.19248845 -0.45285189
v -0.29333985 -0.17983446 -0.45491624
v -0.28299010 -0.12325414 -0.46046817
v -0.28540781 -0.15388852 -0.44990486
v -0.28216755 -0.12373292 -0.46070680
v -0.27842277 -0.15389377 -0.45318156
v -0.25926733 -0.16175005 -0.46010321
v -0.25722191 -0.14400664 -0.45604813
v -0.23359227 -0.18515754 -0.46684277
v -0.25150764 -0.19071940 -0.46465737
v -0.25149968 -0.17808221 -0.46164277
v -0.22025861 -0.18515983 -0.46762556
v -0.22697771 -0.17170238 -0.46691498
v -0.21496071 -0.17455593 -0.46549183
v -0.20737228 -0.18514657 -0.46666324
v -0.24288012 -0.16091932 -0.46177953
v -0.24494188 -0.14481395 -0.45764995
v -0.22732580 -0.15389544 -0.45873737
v -0.21462607 -0.15388525 -0.45583016
v -0.19653325 -0.16198330 -0.45964420
v -0.19602832 -0.14526945 -0.45866811
v -0.17356698 -0.18511426 -0.46818638
v -0.18904006 -0.19064415 -0.46484309
v -0.18903404 -0.17823330 -0.46211484
v -0.15780854 -0.18509437 -0.46795803
v -0.16478035 -0.17113629 -0.46730909
v -0.15174016 -0.17293212 -0.46645385
v -0.14410928 -0.18506798 -0.46725732
v -0.16344959 -0.13393374 -0.46601251
v -0.18119997 -0.16164386 -0.46033448
v -0.18167925 -0.14557445 -0.45935127
v -0.16792139 -0.15384750 -0.46496254
v -0.15295500 -0.13224421 -0.46522284
v -0.14856166 -0.15380968 -0.46328336
v -0.13596544 -0.16002539 -0.46360263
v -0.13588691 -0.14748505 -0.46346152
v -0.10102364 -0.18499881 -0.46334031
v -0.12658639 -0.19038856 -0.46538419
v -0.12658562 -0.17955287 -0.46513778
v -0.09534729 -0.18498856 -0.46214572
v -0.09687407 -0.18193410 -0.46203864
v -0.09417314 -0.18263763 -0.46168715
v -0.09266779 -0.18498513 -0.46185169
v -0.11917197 -0.16195796 -0.45971277
v -0.11923598 -0.14546962 -0.45956624
v -0.10240009 -0.15373427 -0.45901990
v -0.08936050 -0.15371639 -0.45684615
v -0.06941343 -0.16400109 -0.45555103
v -0.06917516 -0.14317892 -0.45509893
v -0.06408975 -0.19501694 -0.45600784
v -0.06408688 -0.17517814 -0.45657659
v -0.04365557 -0.19036624 -0.45504984
v -0.03282472 -0.19474837 -0.45553985
v -0.02217508 -0.19026217 -0.45510536
v -0.04313181 -0.17979714 -0.45532498
v -0.03282490 -0.18494359 -0.45419556
v -0.03282333 -0.17359750 -0.45479667
v -0.02096855 -0.17901200 -0.45451444
v -0.05909334 -0.16433594 -0.45485982
v -0.05930540 -0.14283603 -0.45442396
v -0.03731850 -0.15368439 -0.45386910
v -0.02867221 -0.15368026 -0.45312971
v -0.00547771 -0.16536050 -0.45265558
v -0.00422683 -0.14072710 -0.45018107
v -0.00154500 -0.19612359 -0.45360750
v -0.00154206 -0.17321679 -0.45261270
v 0.01486220 -0.19235118 -0.45290083
v 0.02972953 -0.19792604 -0.45378855
v 0.04254712 -0.19132659 -0.45385262
v 0.01355647 -0.17683315 -0.45227021
v 0.02973465 -0.18491763 -0.45256478
v 0.02974051 -0.16742221 -0.45156837
v 0.04327652 -0.17815825 -0.45349711
v 0.00216294 -0.16558784 -0.45216838
v 0.00098263 -0.14054880 -0.44981652
v 0.02649957 -0.15365326 -0.45118701
v 0.03299700 -0.15365204 -0.45118260
v 0.05626591 -0.16454527 -0.45410523
v 0.05764174 -0.14143333 -0.45139259
v 0.06100384 -0.19504613 -0.45559141
v 0.06101868 -0.17448446 -0.45493761
v 0.08343908 -0.18935996 -0.45569956
v 0.09227926 -0.19358894 -0.45576957
v 0.09973256 -0.18866900 -0.45634359
v 0.08283462 -0.18021506 -0.45540088
v 0.09228744 -0.18494527 -0.45605367
v 0.09229714 -0.17584471 -0.45553115
v 0.09979920 -0.18119828 -0.45631117
v 0.06583975 -0.16448925 -0.45419079
v 0.06447875 -0.14148498 -0.45146450
v 0.08732166 -0.15369903 -0.45445058
v 0.09793502 -0.15370250 -0.45566422
v 0.11698867 -0.16273177 -0.45756608
v 0.11705767 -0.14461502 -0.45745510
v 0.12355398 -0.19377704 -0.45797214
v 0.12357604 -0.17608276 -0.45788619
v 0.15405700 -0.18534143 -0.45952404
v 0.15484253 -0.18575352 -0.45951238
v 0.15548724 -0.18527102 -0.45959106
v 0.15405022 -0.18455225 -0.45951980
v 0.15484338 -0.18494882 -0.45955607
v 0.15484394 -0.18426268 -0.45957160
v 0.15541542 -0.18466330 -0.45962748
v 0.15377936 -0.12465115 -0.46105215
v 0.13070264 -0.16221485 -0.45856413
v 0.13065849 -0.14512739 -0.45845145
v 0.14717303 -0.15369786 -0.45968536
v 0.15630640 -0.12528282 -0.46136171
v 0.16362177 -0.15369757 -0.46177483
v 0.17666657 -0.15986988 -0.46315971
v 0.17647436 -0.14773223 -0.46357125
v 0.20558345 -0.18497302 -0.46569043
v 0.18610491 -0.19100219 -0.46338743
v 0.18611458 -0.17935714 -0.46427718
v 0.21738157 -0.18498182 -0.46703565
v 0.21091561 -0.17202930 -0.46625856
v 0.22500727 -0.16973746 -0.46739426
v 0.23090276 -0.18498810 -0.46650255
v 0.21075976 -0.13574362 -0.46647707
v 0.19670321 -0.15876460 -0.46534139
v 0.19689250 -0.14882752 -0.46571535
v 0.20659408 -0.15371153 -0.46578509
v 0.22520459 -0.13804407 -0.46761164
v 0.22913007 -0.15371093 -0.46762550
v 0.23775738 -0.15845425 -0.46592444
v 0.23739356 -0.14934877 -0.46667546
v 0.24863961 -0.19207087 -0.46119523
v 0.24864501 -0.17951134 -0.46435130
v 0.27070141 -0.18964292 -0.45500600
v 0.27317697 -0.18167175 -0.45624721
v 0.27991217 -0.18505555 -0.45108050
v 0.27991426 -0.17600763 -0.45508721
v 0.30856293 -0.17077969 -0.44516438
v 0.27450451 -0.13331419 -0.46516001
v 0.25926110 -0.15875113 -0.46532559
v 0.25964218 -0.14908414 -0.46610236
v 0.27072453 -0.15374418 -0.46245813
v 0.28448743 -0.13159417 -0.46427581
v 0.28812861 -0.15375975 -0.46045375
v 0.31057191 -0.16884714 -0.44508830
v 0.30481246 -0.14454050 -0.45674068
v 0.31119189 -0.16977753 -0.44445664
v 0.31187445 -0.16981250 -0.44417897
v 0.31157577 -0.16908626 -0.44460943
v 0.31583190 -0.14281057 -0.45317543
v -0.31737119 -0.07938721 -0.45154646
v -0.28323686 -0.12267136 -0.46044579
v -0.28269777 -0.12267104 -0.46055037
v -0.28324255 -0.12157983 -0.46072266
v -0.28179106 -0.12086236 -0.46108335
v -0.28172505 -0.12267075 -0.46066287
v -0.28418031 -0.12341077 -0.45943624
v -0.28735045 -0.12034602 -0.45784569
v -0.28269574 -0.12266429 -0.44930345
v -0.29212391 -0.07924477 -0.46967354
v -0.30749586 -0.08225253 -0.45728737
v -0.29105628 -0.09147161 -0.46137825
v -0.27133524 -0.08286109 -0.47152239
v -0.27228591 -0.09145423 -0.46533495
v -0.25998849 -0.09849846 -0.46170682
v -0.26247057 -0.08687566 -0.46670318
v -0.25147635 -0.13285229 -0.45540565
v -0.25145257 -0.11307979 -0.45669675
v -0.22771811 -0.12637995 -0.45646784
v -0.22023258 -0.12934904 -0.45685673
v -0.21527395 -0.12510954 -0.45774812
v -0.22675574 -0.11937148 -0.45695114
v -0.22022904 -0.12263043 -0.45399472
v -0.22022553 -0.11943450 -0.45862287
v -0.21704088 -0.12104049 -0.45863315
v -0.23023963 -0.08024277 -0.47032896
v -0.24462956 -0.10020936 -0.45825523
v -0.24194327 -0.08528996 -0.46360499
v -0.23023692 -0.09140522 -0.46470881
v -0.21124279 -0.07808358 -0.46926621
v -0.21125862 -0.09139080 -0.46256834
v -0.19795476 -0.09802361 -0.46262050
v -0.19948283 -0.08627367 -0.46569955
v -0.16772124 -0.12259674 -0.46530730
v -0.18900414 -0.13165440 -0.45780617
v -0.18898863 -0.11554678 -0.46175307
v -0.15777877 -0.12258014 -0.46446580
v -0.16227442 -0.11357619 -0.46486783
v -0.15431538 -0.11565518 -0.46384940
v -0.15163136 -0.12256783 -0.46347308
v -0.16308120 -0.07079985 -0.46575460
v -0.18099275 -0.09898919 -0.46069455
v -0.17938122 -0.08534510 -0.46393347
v -0.16708684 -0.09134782 -0.46343058
v -0.15356329 -0.06844706 -0.46462578
v -0.14977804 -0.09131566 -0.46076998
v -0.13428932 -0.09914910 -0.46037394
v -0.13485289 -0.08401785 -0.46154058
v -0.12656642 -0.13115454 -0.45883721
v -0.12654749 -0.11408012 -0.45923936
v -0.10277770 -0.12620747 -0.45680133
v -0.09532220 -0.13034135 -0.45659804
v -0.08592312 -0.12716201 -0.45583439
v -0.10247976 -0.11889590 -0.45694730
v -0.09531550 -0.12247124 -0.45525989
v -0.09530909 -0.11312672 -0.45586523
v -0.08420657 -0.11691470 -0.45497963
v -0.12018459 -0.10053280 -0.45759767
v -0.11960126 -0.08256640 -0.45874494
v -0.10033844 -0.09124234 -0.45501676
v -0.09121917 -0.09122787 -0.45305842
v -0.06739384 -0.10348639 -0.45159769
v -0.06760044 -0.07918093 -0.45206794
v -0.06406737 -0.13373524 -0.45357150
v -0.06405069 -0.11043127 -0.45210367
v -0.04885318 -0.13046059 -0.45247775
v -0.03280620 -0.13910925 -0.45214289
v -0.01201115 -0.13280445 -0.45005238
v -0.05076564 -0.11346126 -0.45151931
v -0.03279494 -0.12243237 -0.45017278
v -0.03277706 -0.10309863 -0.45080182
v -0.01095349 -0.11151356 -0.44952157
v -0.06086607 -0.10365091 -0.45125037
v -0.06061757 -0.07899521 -0.45170319
v -0.03550551 -0.09120023 -0.45033157
v -0.03019391 -0.09119754 -0.44998008
v -0.00340845 -0.10489703 -0.44858396
v -0.00353097 -0.07761298 -0.44889310
v -0.00153175 -0.13566929 -0.44952315
v -0.00151264 -0.10886636 -0.44892916
v 0.00705488 -0.13374050 -0.44905838
v 0.02974919 -0.14300874 -0.45001656
v 0.05000408 -0.13252534 -0.45014817
v 0.00614796 -0.11061547 -0.44859129
v 0.02975645 -0.12240371 -0.44828570
v 0.02977540 -0.09820764 -0.44823006
v 0.05311867 -0.11075259 -0.44860601
v 0.00039979 -0.10488474 -0.44859400
v 0.00057755 -0.07762114 -0.44890368
v 0.02804707 -0.09117089 -0.44817916
v 0.03158364 -0.09117047 -0.44830820
v 0.05898844 -0.10473230 -0.44875669
v 0.05900927 -0.07762997 -0.44876713
v 0.06103804 -0.13476211 -0.45116466
v 0.06105125 -0.10901482 -0.44906363
v 0.07445231 -0.13135307 -0.45124906
v 0.09232442 -0.13635236 -0.45313770
v 0.10435828 -0.12845437 -0.45404685
v 0.07101928 -0.11177991 -0.44955879
v 0.09233017 -0.12244420 -0.45206991
v 0.09234101 -0.10653092 -0.45217800
v 0.10438526 -0.11642754 -0.45405331
v 0.06334253 -0.10451009 -0.44919172
v 0.06336121 -0.07785197 -0.44920182
v 0.08826540 -0.09119108 -0.45270491
v 0.09694614 -0.09119017 -0.45370704
v 0.11724594 -0.10044629 -0.45718300
v 0.11701246 -0.08219094 -0.45771417
v 0.15283543 -0.12244111 -0.46097535
v 0.12361005 -0.13133317 -0.45785171
v 0.12362058 -0.11355558 -0.45785549
v 0.15488681 -0.12244088 -0.46126854
v 0.15374006 -0.12014603 -0.46109959
v 0.15635489 -0.11951204 -0.46141121
v 0.15819067 -0.12244079 -0.46159229
v 0.15364711 -0.06255677 -0.46131814
v 0.13083342 -0.09962085 -0.45879942
v 0.13109675 -0.08301970 -0.45933819
v 0.14637673 -0.09119422 -0.46144336
v 0.15660340 -0.06326649 -0.46166474
v 0.16447024 -0.09119789 -0.46342495
v 0.17622548 -0.09686930 -0.46421063
v 0.17596579 -0.08580159 -0.46476951
v 0.20519517 -0.12244437 -0.46596664
v 0.18615320 -0.12780976 -0.46478155
v 0.18616404 -0.11724214 -0.46512103
v 0.21741499 -0.12244240 -0.46734321
v 0.21042536 -0.10843709 -0.46686363
v 0.22514451 -0.10702241 -0.46755245
v 0.23259865 -0.12244636 -0.46741509
v 0.20979646 -0.07531172 -0.46756262
v 0.19739710 -0.09561752 -0.46668336
v 0.19765039 -0.08702368 -0.46716905
v 0.20599973 -0.09120303 -0.46715689
v 0.22585577 -0.07672933 -0.46824920
v 0.22943568 -0.09120256 -0.46818987
v 0.23726231 -0.09539501 -0.46707064
v 0.23716925 -0.08712198 -0.46728975
v 0.26885596 -0.12246487 -0.46529561
v 0.24866787 -0.12698883 -0.46635231
v 0.24867535 -0.11816662 -0.46685442
v 0.27993491 -0.12246937 -0.46521845
v 0.27487826 -0.11233789 -0.46481675
v 0.28674877 -0.10889304 -0.46652594
v 0.29105291 -0.12248614 -0.46526366
v 0.27541488 -0.06919146 -0.46434635
v 0.25960720 -0.09592843 -0.46598059
v 0.25973526 -0.08660638 -0.46621621
v 0.27019852 -0.09122333 -0.46367323
v 0.28626353 -0.07252410 -0.46599096
v 0.29135212 -0.09124386 -0.46684784
v 0.30094922 -0.09660511 -0.46462250
v 0.30091298 -0.08598608 -0.46473056
v 0.31120986 -0.13065480 -0.45899343
v 0.31122148 -0.11596556 -0.46212766
v 0.33395004 -0.12686384 -0.45523363
v 0.33621100 -0.11945128 -0.45636207
v 0.34250474 -0.12261317 -0.45280200
v 0.34251130 -0.11503443 -0.45569444
v 0.32088199 -0.09730060 -0.46326584
v 0.32095143 -0.08538996 -0.46337959
v 0.33378959 -0.09135099 -0.46140063
v 0.35004047 -0.09139509 -0.45888752
v 0.37126648 -0.07840914 -0.44892293
v 0.37544984 -0.07745535 -0.44697234
v -0.32311034 -0.07125735 -0.44915241
v -0.32838529 -0.05195512 -0.45179653
v -0.32035264 -0.03814703 -0.45760918
v -0.32034814 -0.02005448 -0.45763171
v -0.30078575 -0.06028048 -0.46927243
v -0.31385288 -0.06991351 -0.45649016
v -0.31382775 -0.05346067 -0.46210447
v -0.28261182 -0.06026948 -0.47175440
v -0.29288298 -0.03969822 -0.47048411
v -0.27085763 -0.03679038 -0.47196633
v -0.26107341 -0.06022941 -0.47101587
v -0.29135758 -0.01544529 -0.46897763
v -0.30379614 -0.03467387 -0.46457261
v -0.30376455 -0.02350018 -0.46459869
v -0.29457578 -0.02907127 -0.46857610
v -0.27213481 -0.01870845 -0.47065935
v -0.26949218 -0.02904205 -0.47080690
v -0.26432174 -0.03168625 -0.47054505
v -0.26466078 -0.02672048 -0.47123584
v -0.24217461 -0.06019262 -0.47129047
v -0.25140885 -0.06532650 -0.46562785
v -0.25140080 -0.05680467 -0.46906888
v -0.22020113 -0.06015194 -0.47026479
v -0.23251864 -0.03550267 -0.47269490
v -0.21043244 -0.04061395 -0.47017214
v -0.20348883 -0.06013996 -0.46872514
v -0.23165266 -0.02070693 -0.47185701
v -0.23812227 -0.03130451 -0.47127578
v -0.23780885 -0.02694118 -0.47189856
v -0.23379609 -0.02896019 -0.47199231
v -0.21155432 -0.01493455 -0.46904773
v -0.20844163 -0.02891162 -0.46829265
v -0.20055886 -0.03291683 -0.46801910
v -0.20019540 -0.02453769 -0.46731448
v -0.16911465 -0.06011284 -0.46611363
v -0.18897511 -0.06578971 -0.46466905
v -0.18896654 -0.05491660 -0.46557489
v -0.15773337 -0.06010041 -0.46495044
v -0.16275649 -0.05005054 -0.46548730
v -0.15401343 -0.05266361 -0.46418455
v -0.15059745 -0.06009132 -0.46403369
v -0.16004018 -0.00232806 -0.46286881
v -0.17922860 -0.03477201 -0.46429312
v -0.17964658 -0.02257246 -0.46343899
v -0.16725382 -0.02887667 -0.46393526
v -0.15606037 -0.00088373 -0.46215564
v -0.14977312 -0.02885898 -0.46074316
v -0.13464294 -0.03628505 -0.46123627
v -0.13430429 -0.02106317 -0.46058524
v -0.12650111 -0.06814112 -0.45994616
v -0.12648737 -0.05239458 -0.46081799
v -0.10328162 -0.06403087 -0.45653504
v -0.09526648 -0.07140860 -0.45484567
v -0.08259632 -0.06633080 -0.45421198
v -0.10263288 -0.05633396 -0.45686057
v -0.09525450 -0.06001331 -0.45489085
v -0.09524555 -0.05173379 -0.45641530
v -0.08493652 -0.05485527 -0.45540226
v -0.11910107 -0.03705642 -0.45967346
v -0.11940438 -0.02025894 -0.45902446
v -0.10199970 -0.02879900 -0.45849532
v -0.08917868 -0.02878476 -0.45702422
v -0.06891480 -0.03944308 -0.45481300
v -0.06904814 -0.01823340 -0.45513487
v -0.06401043 -0.07215789 -0.45179647
v -0.06398614 -0.04876871 -0.45372340
v -0.05108675 -0.06913874 -0.45134318
v -0.03275290 -0.08027258 -0.45031711
v -0.01060318 -0.07101158 -0.44937560
v -0.04855973 -0.05206805 -0.45261317
v -0.03273094 -0.05996635 -0.45042548
v -0.03271659 -0.04215169 -0.45160544
v -0.01225103 -0.04973371 -0.45023713
v -0.05961817 -0.04001565 -0.45364323
v -0.05946271 -0.01763518 -0.45394582
v -0.03630034 -0.02874258 -0.45210281
v -0.02925637 -0.02873775 -0.45179066
v -0.00402849 -0.04175250 -0.44999999
v -0.00358531 -0.01527170 -0.44917580
v -0.00147736 -0.07352615 -0.44887298
v -0.00144736 -0.04685149 -0.44985899
v 0.00703440 -0.07131392 -0.44902456
v 0.02978893 -0.08383117 -0.44838470
v 0.05282600 -0.07144536 -0.44878337
v 0.00866938 -0.04938354 -0.44984841
v 0.02981074 -0.05994408 -0.44891238
v 0.02983461 -0.03825518 -0.44951257
v 0.05008313 -0.04983440 -0.45017532
v 0.00116926 -0.04172540 -0.45003629
v 0.00076405 -0.01528983 -0.44920743
v 0.02741052 -0.02871645 -0.44961524
v 0.03241667 -0.02871509 -0.44987991
v 0.05804533 -0.04128025 -0.45077240
v 0.05762351 -0.01659947 -0.45166534
v 0.06107959 -0.07332748 -0.44912219
v 0.06110062 -0.04750168 -0.45097497
v 0.07257739 -0.06982880 -0.45035106
v 0.09236299 -0.07416344 -0.45306304
v 0.10240769 -0.06496636 -0.45513564
v 0.07574683 -0.05164917 -0.45192364
v 0.09237282 -0.05995417 -0.45320952
v 0.09237982 -0.04646347 -0.45344254
v 0.10240075 -0.05494886 -0.45515019
v 0.06454495 -0.04090320 -0.45150912
v 0.06504011 -0.01701402 -0.45247379
v 0.08776118 -0.02872418 -0.45384032
v 0.09753095 -0.02872439 -0.45482609
v 0.11677714 -0.03745531 -0.45827892
v 0.11672092 -0.02006401 -0.45842206
v 0.15257221 -0.05995826 -0.46121150
v 0.12365051 -0.06850403 -0.45861143
v 0.12366167 -0.05140660 -0.45864004
v 0.15495068 -0.05995873 -0.46153256
v 0.15358995 -0.05723803 -0.46138367
v 0.15687370 -0.05612589 -0.46193519
v 0.15913653 -0.05995892 -0.46209988
v 0.15100330 -0.00544077 -0.46403524
v 0.13134022 -0.03668853 -0.45978212
v 0.13141786 -0.02082875 -0.45992592
v 0.14605469 -0.02872666 -0.46224266
v 0.16019399 -0.00790530 -0.46525204
v 0.16529608 -0.02872457 -0.46502873
v 0.17543639 -0.03354368 -0.46598408
v 0.17554206 -0.02381180 -0.46578974
v 0.20293844 -0.05996366 -0.46718997
v 0.18622568 -0.06445816 -0.46656883
v 0.18623406 -0.05546599 -0.46658862
v 0.21749136 -0.05996604 -0.46882182
v 0.20955914 -0.04408256 -0.46787149
v 0.22591236 -0.04318591 -0.46829522
v 0.23382178 -0.05997570 -0.46802515
v 0.21058586 -0.01140782 -0.46690762
v 0.19791809 -0.03269083 -0.46765956
v 0.19783567 -0.02467629 -0.46748668
v 0.20594519 -0.02873012 -0.46747285
v 0.22495034 -0.01231890 -0.46733141
v 0.22944051 -0.02874457 -0.46810713
v 0.23734555 -0.03293710 -0.46712917
v 0.23836316 -0.02356991 -0.46512181
v 0.27011272 -0.06001321 -0.46472144
v 0.24874598 -0.06423976 -0.46693656
v 0.24875891 -0.05560897 -0.46670449
v 0.28002450 -0.06002311 -0.46470034
v 0.27573416 -0.05142860 -0.46405530
v 0.28480697 -0.05051917 -0.46449497
v 0.29080728 -0.06004105 -0.46510935
v 0.25939026 -0.03381949 -0.46536261
v 0.25830787 -0.02266562 -0.46317500
v 0.27203733 -0.02882152 -0.46019518
v 0.28867167 -0.02884340 -0.46127200
v 0.30351830 -0.03667945 -0.45965365
v 0.30761135 -0.01704407 -0.45150423
v 0.31128454 -0.06622916 -0.46297550
v 0.31130576 -0.05299602 -0.46106535
v 0.33722028 -0.06281835 -0.45689821
v 0.34255934 -0.06671874 -0.45626274
v 0.35992545 -0.06886890 -0.45079005
v 0.33603051 -0.05688695 -0.45630035
v 0.34256795 -0.06016598 -0.45503742
v 0.34259647 -0.04073486 -0.44980896
v 0.31750250 -0.03835066 -0.45632899
v 0.31404209 -0.01598104 -0.44932231
v 0.34113467 -0.02896509 -0.44687101
v 0.34386322 -0.02897099 -0.44640145
v 0.37384528 -0.07379218 -0.44788849
v 0.37755322 -0.07400812 -0.44560391
v -0.32641894 -0.00717111 -0.45079991
v -0.29327580 0.00213389 -0.46553731
v -0.31377390 -0.00690654 -0.45767632
v -0.28254959 0.00214474 -0.46769908
v -0.28720203 0.01145950 -0.46483856
v -0.27483904 0.01759309 -0.46794909
v -0.26162896 0.00218193 -0.47074455
v -0.31063017 0.01616232 -0.44602633
v -0.28585273 0.03335404 -0.45119065
v -0.27654856 0.03337634 -0.45655876
v -0.26177806 0.02824933 -0.46557122
v -0.25825089 0.04209863 -0.45853674
v -0.24221195 0.00222273 -0.47138923
v -0.25135958 -0.00009106 -0.47133955
v -0.25135455 0.00519221 -0.46994078
v -0.22015648 0.00227671 -0.46846703
v -0.22821499 0.01841042 -0.46849746
v -0.21422547 0.01414665 -0.46639132
v -0.20657519 0.00230259 -0.46725410
v -0.24117543 0.02802762 -0.46511149
v -0.24469550 0.04242625 -0.45799708
v -0.22826093 0.03348294 -0.46106827
v -0.21413502 0.03350332 -0.45680553
v -0.19637570 0.02538928 -0.45980561
v -0.19353874 0.04452109 -0.45417911
v -0.16275255 0.00236672 -0.46305841
v -0.18893157 -0.00365402 -0.46412995
v -0.18892094 0.00958756 -0.46158868
v -0.15768763 0.00237300 -0.46241075
v -0.15991299 0.00682417 -0.46276450
v -0.15583555 0.00607380 -0.46238828
v -0.15445670 0.00237559 -0.46214733
v -0.16011426 0.05994194 -0.46306753
v -0.18114844 0.02571702 -0.46044448
v -0.18399312 0.04427917 -0.45471430
v -0.16509169 0.03359735 -0.45979211
v -0.15561175 0.06076939 -0.46266100
v -0.15106627 0.03361522 -0.45815080
v -0.13450439 0.02609403 -0.46111742
v -0.13395809 0.04172794 -0.46006650
v -0.12645251 -0.00541045 -0.46053773
v -0.12643777 0.01054057 -0.45990127
v -0.09826726 0.00090947 -0.45905247
v -0.09520590 -0.00082088 -0.45895457
v -0.09107116 0.00038312 -0.45852426
v -0.09850051 0.00408905 -0.45893595
v -0.09520346 0.00244464 -0.45878854
v -0.09520056 0.00607628 -0.45877594
v -0.09106170 0.00451898 -0.45852497
v -0.11940473 0.02505364 -0.45900112
v -0.11992338 0.04278940 -0.45797339
v -0.10178308 0.03367950 -0.45820302
v -0.08939526 0.03369122 -0.45654526
v -0.06918511 0.02334037 -0.45549285
v -0.06877828 0.04446571 -0.45472175
v -0.06395338 -0.00805031 -0.45515525
v -0.06394242 0.01301057 -0.45516360
v -0.04655069 -0.00443687 -0.45364797
v -0.03269504 -0.01370024 -0.45244697
v -0.01221469 -0.00772028 -0.45027423
v -0.04655916 0.00942152 -0.45365483
v -0.03268461 0.00249510 -0.45163926
v -0.03267166 0.01972842 -0.45195788
v -0.01503616 0.01131176 -0.45170400
v -0.05884914 0.02318965 -0.45516860
v -0.05919793 0.04462884 -0.45441031
v -0.03638962 0.03373539 -0.45242101
v -0.02912093 0.03374141 -0.45203623
v -0.00480132 0.02153104 -0.45168120
v -0.00426753 0.04647305 -0.45066267
v -0.00141855 -0.01083530 -0.44939518
v -0.00139973 0.01500985 -0.45109642
v 0.00846472 -0.00817259 -0.44975126
v 0.02985485 -0.01797898 -0.45011625
v 0.04755707 -0.00632228 -0.45148000
v 0.01122280 0.01182669 -0.45111793
v 0.02987100 0.00251151 -0.45093456
v 0.02988102 0.01836738 -0.45244831
v 0.04457936 0.00985496 -0.45298409
v 0.00206672 0.02158975 -0.45177460
v 0.00157280 0.04642511 -0.45074609
v 0.02535698 0.03375410 -0.45383906
v 0.03468885 0.03375294 -0.45434940
v 0.05584155 0.02343785 -0.45530424
v 0.05576928 0.04396411 -0.45548570
v 0.06113035 -0.00912888 -0.45261449
v 0.06114634 0.01291683 -0.45509955
v 0.08152299 -0.00292555 -0.45479202
v 0.09241007 -0.00679039 -0.45554939
v 0.09884038 -0.00069876 -0.45697573
v 0.08407693 0.00667599 -0.45605901
v 0.09241674 0.00250801 -0.45616451
v 0.09242231 0.00901960 -0.45694467
v 0.09820086 0.00539401 -0.45730078
v 0.09228627 0.06463651 -0.46040058
v 0.06687098 0.02384100 -0.45608562
v 0.06698534 0.04355425 -0.45627284
v 0.08550772 0.03374079 -0.45845631
v 0.09265853 0.06458041 -0.46042770
v 0.09996134 0.03373867 -0.45960861
v 0.11559700 0.02621981 -0.46074340
v 0.11530244 0.04095124 -0.46135855
v 0.14708167 0.00249907 -0.46401870
v 0.12369344 -0.00543004 -0.45987576
v 0.12370047 0.00991998 -0.46090418
v 0.15498529 0.00250010 -0.46552444
v 0.15017197 0.01211583 -0.46488726
v 0.16061054 0.01372095 -0.46567476
v 0.16773355 0.00249793 -0.46640602
v 0.15068960 0.05634710 -0.46442783
v 0.13296860 0.02737089 -0.46301800
v 0.13326864 0.03981300 -0.46360773
v 0.14494705 0.03373767 -0.46455476
v 0.16008843 0.05482188 -0.46517044
v 0.16584632 0.03372894 -0.46612260
v 0.17527902 0.02909536 -0.46640557
v 0.17561537 0.03868477 -0.46574786
v 0.20326696 0.00248511 -0.46711266
v 0.18627293 -0.00141439 -0.46780285
v 0.18627837 0.00648748 -0.46764097
v 0.21755704 0.00248043 -0.46706557
v 0.21087572 0.01584572 -0.46665874
v 0.22222763 0.01176570 -0.46459001
v 0.22776367 0.00246240 -0.46501291
v 0.19757922 0.02936317 -0.46692330
v 0.19726074 0.03838788 -0.46628907
v 0.20783208 0.03370166 -0.46385098
v 0.22517550 0.03367145 -0.45944607
v 0.24388190 0.02300921 -0.45420420
v 0.24883184 -0.00507219 -0.46044505
v 0.24886128 0.01258497 -0.45510429
v 0.26886100 -0.00323707 -0.45413750
v 0.28010705 -0.01172735 -0.45265955
v 0.30389613 -0.00956487 -0.44773674
v 0.26351273 0.01067872 -0.45147139
v 0.28013137 0.00234312 -0.44531167
v 0.25264651 0.02176990 -0.45172852
v 0.31137797 -0.01129883 -0.44800904
v 0.31663686 -0.01069867 -0.44659048
v 0.34261957 -0.02607205 -0.44535738
v 0.34267640 0.00218875 -0.42863318
v -0.28252253 0.04387757 -0.44980958
v -0.26361471 0.05518437 -0.45080477
v -0.25131655 0.05370555 -0.45400530
v -0.23168066 0.05891551 -0.45459366
v -0.22010334 0.05580287 -0.45596802
v -0.20852582 0.05896876 -0.45468149
v -0.20689562 0.07137038 -0.45387900
v -0.19236174 0.08392419 -0.45191070
v -0.16201565 0.06485066 -0.46279156
v -0.18888858 0.05361832 -0.45379519
v -0.18886724 0.07663514 -0.45248780
v -0.15765613 0.06485797 -0.46290603
v -0.16065605 0.07086378 -0.46362048
v -0.15373214 0.07270690 -0.46454665
v -0.15304877 0.06486282 -0.46292302
v -0.16127609 0.12005776 -0.46428919
v -0.18387179 0.08543143 -0.45491549
v -0.16653338 0.09610147 -0.46279177
v -0.15292253 0.11798321 -0.46534109
v -0.14747061 0.09612654 -0.46534961
v -0.13768718 0.09180391 -0.46759927
v -0.13782141 0.10033831 -0.46788222
v -0.12640947 0.05735201 -0.46115825
v -0.12639822 0.07156003 -0.46292496
v -0.09552772 0.06473696 -0.46042827
v -0.09514586 0.06455738 -0.46043387
v -0.09466571 0.06468887 -0.46037948
v -0.09545033 0.06508044 -0.46046683
v -0.09514549 0.06492840 -0.46039560
v -0.09514531 0.06518372 -0.46049184
v -0.09483122 0.06508566 -0.46046218
v -0.10527213 0.10715229 -0.47079602
v -0.11515865 0.09176406 -0.46747452
v -0.11501572 0.10041960 -0.46775991
v -0.10690983 0.09617075 -0.46856633
v -0.08685657 0.11091678 -0.46891361
v -0.08496845 0.09619200 -0.46531844
v -0.07327133 0.08997184 -0.46378040
v -0.07378788 0.10190232 -0.46483368
v -0.06390297 0.05470580 -0.45573398
v -0.06388193 0.07360943 -0.45891193
v -0.04614597 0.05821332 -0.45382816
v -0.03264232 0.04897461 -0.45257211
v -0.01464924 0.05599658 -0.45153368
v -0.04297581 0.07014593 -0.45539045
v -0.03262194 0.06497244 -0.45225284
v -0.03260212 0.07949232 -0.45327479
v -0.01539756 0.07357470 -0.45190811
v -0.05631441 0.08813754 -0.46006277
v -0.05574017 0.10372318 -0.46117562
v -0.03802940 0.09621207 -0.45578724
v -0.02844050 0.09621359 -0.45316988
v -0.00451677 0.08377922 -0.45121714
v -0.00465712 0.10848386 -0.45153692
v -0.00136636 0.05222610 -0.45059052
v -0.00133814 0.07750106 -0.45105624
v 0.01048720 0.05528709 -0.45075411
v 0.02990159 0.04991842 -0.45285809
v 0.04363667 0.05813012 -0.45349446
v 0.01125153 0.07431411 -0.45111141
v 0.02991385 0.06499179 -0.45187506
v 0.02993297 0.08225169 -0.45175934
v 0.04437939 0.07220599 -0.45312852
v 0.00175787 0.08368990 -0.45101780
v 0.00195010 0.10858482 -0.45132953
v 0.02637555 0.09622735 -0.45190808
v 0.03396580 0.09622896 -0.45279020
v 0.05601074 0.08579171 -0.45506877
v 0.05602539 0.10665557 -0.45506793
v 0.09210467 0.06498042 -0.46040598
v 0.06118198 0.05527117 -0.45649606
v 0.06119753 0.07503332 -0.45581236
v 0.09245868 0.06498023 -0.46044284
v 0.09226498 0.06536797 -0.46042249
v 0.09270220 0.06546631 -0.46047094
v 0.09295866 0.06498041 -0.46047738
v 0.06711397 0.08650459 -0.45646870
v 0.06713195 0.10593973 -0.45646849
v 0.08538005 0.09622055 -0.45881256
v 0.10048118 0.09621559 -0.46057612
v 0.11467372 0.08965865 -0.46269828
v 0.11570363 0.10377365 -0.46065995
v 0.14682734 0.06497078 -0.46421558
v 0.12372346 0.05862734 -0.46308923
v 0.12373492 0.07141985 -0.46289754
v 0.15501356 0.06496494 -0.46477556
v 0.15013927 0.07471800 -0.46500105
v 0.15936165 0.07363005 -0.46444112
v 0.16390936 0.06495951 -0.46453863
v 0.13385317 0.09067189 -0.46470904
v 0.13289115 0.10270675 -0.46276334
v 0.14519593 0.09619606 -0.46417320
v 0.16426650 0.09618014 -0.46289471
v 0.17788273 0.08897665 -0.46128511
v 0.18019718 0.10562399 -0.45665509
v 0.18630248 0.05931306 -0.46440458
v 0.18631107 0.07199572 -0.46152973
v 0.21192369 0.06206001 -0.45712405
v 0.21761030 0.05743848 -0.45621517
v 0.20993377 0.06872748 -0.45613104
v 0.21761449 0.06488449 -0.45335996
v 0.19318855 0.08737196 -0.45807320
v 0.19106029 0.10702798 -0.45375150
v -0.16277358 0.12737627 -0.46321350
v -0.15761502 0.12738410 -0.46459848
v -0.15979174 0.13174607 -0.46282202
v -0.15321843 0.13618526 -0.46504831
v -0.14009991 0.12740970 -0.46942741
v -0.17135495 0.12048160 -0.45373118
v -0.16250408 0.12982500 -0.45818222
v -0.15760976 0.12737602 -0.44575983
v -0.15761095 0.13559987 -0.45653728
v -0.13613927 0.15283719 -0.46461764
v -0.12163982 0.12743486 -0.47394109
v -0.12638153 0.12570764 -0.47286785
v -0.12637901 0.12985192 -0.47146973
v -0.09512047 0.12745792 -0.47265959
v -0.10708083 0.15139759 -0.47266033
v -0.08345796 0.15078080 -0.47232649
v -0.07517187 0.12746012 -0.47060299
v -0.11447376 0.15498556 -0.46885672
v -0.10732643 0.15872635 -0.46949574
v -0.08318760 0.15873453 -0.46887845
v -0.07615636 0.15541613 -0.46965572
v -0.07138138 0.16682827 -0.46011430
v -0.06384835 0.12327009 -0.46785331
v -0.06384484 0.13229865 -0.46656746
v -0.03446081 0.12651388 -0.45958689
v -0.03256524 0.12385248 -0.45872495
v -0.02796155 0.12516159 -0.45822003
v -0.03485305 0.12860638 -0.45939320
v -0.03256286 0.12746158 -0.45872191
v -0.03256092 0.13230999 -0.45811066
v -0.02616980 0.13064881 -0.45731926
v -0.05317679 0.15375502 -0.46629894
v -0.05836626 0.16889687 -0.45594943
v -0.04005704 0.15871920 -0.45995021
v -0.02775270 0.15871112 -0.45451236
v -0.00503385 0.14682806 -0.45234841
v -0.00129938 0.11536621 -0.45189211
v -0.00127437 0.14049973 -0.44994068
v 0.01529314 0.12013228 -0.45307869
v 0.02995835 0.11372102 -0.45350504
v 0.04101826 0.12194636 -0.45482153
v 0.01221973 0.13632926 -0.45153123
v 0.02997263 0.12746537 -0.45241868
v 0.04682678 0.13586779 -0.45190281
v 0.00134819 0.14568098 -0.45003876
v 0.05862447 0.14570047 -0.44993252
v 0.06122911 0.11731005 -0.45559675
v 0.06126029 0.13992259 -0.45093942
v 0.08750935 0.12495886 -0.45773840
v 0.09250409 0.12364502 -0.45831928
v 0.09626696 0.12557217 -0.45833579
v 0.08348644 0.13195926 -0.45572603
v 0.09250875 0.12744933 -0.45737752
v 0.10812696 0.13521653 -0.45236799
v 0.06409325 0.14588434 -0.45028839
v 0.12251850 0.14430481 -0.44706687
v 0.12377847 0.11961973 -0.46014696
v 0.12380692 0.14113574 -0.44825369
v 0.15042853 0.12508857 -0.45776629
v 0.15506157 0.12348015 -0.45811057
v 0.16263199 0.12360700 -0.45626235
v 0.13759515 0.13612489 -0.45135605
v 0.15506566 0.12738949 -0.45528886
v 0.12498073 0.14417960 -0.44681609
v 0.18635300 0.11601691 -0.45291656
v 0.19532350 0.11617854 -0.44877201
v -0.09510107 0.18212716 -0.45675799
v -0.07831940 0.18160754 -0.45228779
v -0.06383835 0.17802428 -0.45234218
v -0.05545148 0.17855860 -0.44921157
v -0.03255400 0.17077117 -0.45098531
v -0.25162709 -0.30031142 -0.44478565
v -0.12661044 -0.29763702 -0.44478095
v -0.09702485 -0.31086069 -0.42998034
v -0.09581155 -0.31094500 -0.42868263
v -0.06653556 -0.32810611 -0.43984693
v -0.09471380 -0.31129137 -0.42850897
v -0.06678501 -0.31540427 -0.41351324
v -0.07002065 -0.32861930 -0.44476935
v -0.09534936 -0.31160107 -0.42993382
v -0.06407408 -0.33050233 -0.44477251
v -0.06046875 -0.32924417 -0.43756521
v -0.05181035 -0.33176965 -0.44475770
v -0.06015595 -0.31784177 -0.41351336
v -0.04015499 -0.32467860 -0.42178667
v -0.03699122 -0.31835458 -0.40204000
v -0.00515931 -0.32922670 -0.43748561
v -0.02410622 -0.32739228 -0.42041522
v -0.02747696 -0.32065207 -0.40318257
v -0.00980967 -0.32652086 -0.41346532
v -0.01134772 -0.33051938 -0.44471121
v -0.03280691 -0.33050948 -0.43936870
v -0.00154955 -0.32985348 -0.44470298
v 0.00239562 -0.32956234 -0.43680933
v 0.00521794 -0.32899904 -0.44469130
v 0.00717010 -0.32742757 -0.41343540
v 0.02198400 -0.32545054 -0.42130864
v 0.02129483 -0.32684386 -0.40619275
v 0.03626997 -0.32313535 -0.42243081
v 0.03695948 -0.32451278 -0.40498352
v 0.05357274 -0.32477331 -0.41333902
v 0.05692464 -0.32969600 -0.39013171
v 0.02970328 -0.32389009 -0.43597215
v 0.04907221 -0.31967834 -0.43865824
v 0.06095745 -0.32043800 -0.43421006
v 0.06095273 -0.31334171 -0.44458842
v 0.07637515 -0.31790781 -0.43684101
v 0.06762797 -0.32334945 -0.41330540
v 0.08790520 -0.31859916 -0.42459348
v 0.08501454 -0.32442719 -0.40482014
v 0.06449283 -0.32916880 -0.38905787
v 0.09605797 -0.31768748 -0.42502886
v 0.09884955 -0.32326010 -0.40420476
v 0.11888868 -0.31918675 -0.41317049
v 0.11970197 -0.32942796 -0.38944894
v 0.09220785 -0.31643730 -0.43211678
v 0.10073873 -0.31425020 -0.43314016
v 0.12348115 -0.31505001 -0.42328060
v 0.12346587 -0.30328086 -0.44447124
v 0.12755528 -0.31813782 -0.41314510
v 0.14968170 -0.32018772 -0.40251061
v 0.12682149 -0.32896811 -0.38850629
v 0.15870705 -0.31790185 -0.40133053
v -0.29053515 -0.28263116 -0.44473973
v -0.28286746 -0.28673536 -0.44078577
v -0.25820592 -0.29768926 -0.44149736
v -0.29648110 -0.27198511 -0.44472599
v -0.29633561 -0.25429872 -0.43582702
v -0.28721693 -0.27878916 -0.43603328
v -0.28715402 -0.25614047 -0.42479789
v -0.27360994 -0.27877080 -0.42624563
v -0.25994489 -0.28607780 -0.42815709
v -0.26357308 -0.27509105 -0.42087993
v -0.24986497 -0.27874774 -0.41356593
v -0.27367646 -0.26591411 -0.41994125
v -0.26311046 -0.27046320 -0.41354221
v -0.25163239 -0.29748604 -0.43861550
v -0.23832597 -0.28333706 -0.41359007
v -0.24227950 -0.29907650 -0.44012302
v -0.23242989 -0.28593427 -0.41718030
v -0.20922993 -0.28766149 -0.41802847
v -0.22037880 -0.29440156 -0.43697593
v -0.23435211 -0.28208652 -0.41191339
v -0.20693691 -0.28306139 -0.41142014
v -0.23787941 -0.28059083 -0.40987632
v -0.23961727 -0.27513906 -0.40637541
v -0.23287129 -0.27873597 -0.40727600
v -0.20213172 -0.28404739 -0.41356736
v -0.19276179 -0.29078454 -0.43749231
v -0.17996739 -0.27875951 -0.41353500
v -0.20871744 -0.27874517 -0.40569025
v -0.20260696 -0.28092152 -0.40922233
v -0.19656596 -0.27053118 -0.39714369
v -0.19248979 -0.29274482 -0.44473875
v -0.18911867 -0.29096204 -0.44473761
v -0.18044412 -0.29008961 -0.44474661
v -0.15786220 -0.28314394 -0.44258302
v -0.13018417 -0.29620239 -0.44299701
v -0.17502293 -0.27725372 -0.41654599
v -0.16963130 -0.27876925 -0.42127407
v -0.17470939 -0.27636853 -0.41352829
v -0.17227460 -0.27628464 -0.41476712
v -0.17163070 -0.27498755 -0.41165128
v -0.14871180 -0.27876446 -0.42646721
v -0.13490036 -0.28610712 -0.42821833
v -0.13977134 -0.27627629 -0.41848361
v -0.13144410 -0.27873987 -0.41354376
v -0.14467660 -0.27387992 -0.41597176
v -0.14579350 -0.27163965 -0.41000095
v -0.13960081 -0.27345058 -0.41354647
v -0.12661165 -0.29605925 -0.44149455
v -0.09706397 -0.31002140 -0.42828721
v -0.11356061 -0.28389135 -0.41354787
v -0.09534924 -0.31002057 -0.42723256
v -0.10814723 -0.28440464 -0.41070950
v -0.08688776 -0.29307377 -0.40635443
v -0.07168472 -0.30999911 -0.40970841
v -0.11311892 -0.28086990 -0.40927348
v -0.11820798 -0.27149117 -0.39908105
v -0.10443813 -0.27872625 -0.40045613
v -0.09118001 -0.27871868 -0.39059252
v -0.06692889 -0.29151633 -0.38793308
v -0.06407973 -0.31261581 -0.40827665
v -0.06407750 -0.30016005 -0.39381224
v -0.03842960 -0.31280404 -0.39504194
v -0.03280793 -0.31541774 -0.39513573
v -0.01903989 -0.31687981 -0.39093482
v -0.05311303 -0.29984725 -0.38769829
v -0.03280426 -0.31000042 -0.38646120
v -0.06215613 -0.29244882 -0.38606259
v -0.00153708 -0.31985432 -0.39371136
v 0.01057592 -0.31957918 -0.38818771
v 0.02971683 -0.32403067 -0.39071608
v 0.09222518 -0.33084929 -0.38717288
v 0.14911722 -0.31000143 -0.42590845
v 0.14824998 -0.30674374 -0.43199152
v 0.15475897 -0.31000590 -0.42437962
v 0.15386683 -0.30822185 -0.42782795
v 0.15585911 -0.30779898 -0.42760855
v 0.15475668 -0.30526540 -0.43108234
v 0.17232051 -0.31004384 -0.40610641
v 0.15476558 -0.32271892 -0.39105526
v 0.16918093 -0.31724900 -0.39011887
v 0.18182915 -0.30161181 -0.41294616
v 0.18196982 -0.29031178 -0.43612364
v 0.17186892 -0.28728971 -0.44429564
v 0.19325253 -0.29564857 -0.41289502
v 0.18604916 -0.30482274 -0.40243638
v 0.18604660 -0.27930322 -0.44423229
v 0.19306105 -0.28738189 -0.43016946
v 0.20505956 -0.28553051 -0.41621381
v 0.20632149 -0.28806004 -0.40818775
v 0.19908315 -0.30096263 -0.38804492
v 0.21733505 -0.28881392 -0.38642684
v 0.19829708 -0.26926160 -0.44416016
v 0.21675840 -0.27881497 -0.41276610
v 0.20832482 -0.27879000 -0.42610514
v 0.22670034 -0.26627159 -0.41900650
v 0.22868741 -0.27025676 -0.40840977
v 0.24445403 -0.25592700 -0.41264218
v 0.22529043 -0.27884379 -0.39731318
v 0.24281912 -0.26903859 -0.39292607
v 0.21733642 -0.26446509 -0.43692458
v 0.23101470 -0.25438374 -0.43521887
v 0.24862747 -0.25007880 -0.41761848
v 0.25038350 -0.25110638 -0.41261664
v 0.25128812 -0.26591623 -0.38659066
v -0.29183823 -0.24755323 -0.42457229
v -0.30249459 -0.23773462 -0.43888414
v -0.30613774 -0.22799128 -0.44465181
v -0.28284755 -0.24754414 -0.41879988
v -0.29174656 -0.22971401 -0.42009625
v -0.27272972 -0.22732794 -0.40791529
v -0.26682192 -0.24751845 -0.40587905
v -0.30658886 -0.20444597 -0.44462934
v -0.30074891 -0.19408733 -0.43797147
v -0.28586036 -0.21631557 -0.41338339
v -0.29370505 -0.21633524 -0.42280442
v -0.29051232 -0.20054287 -0.42124522
v -0.27338666 -0.20389569 -0.40717310
v -0.27151543 -0.21629617 -0.40476361
v -0.25766131 -0.22581086 -0.39435428
v -0.25839049 -0.20747764 -0.39581150
v -0.25162640 -0.25545937 -0.39759779
v -0.25160262 -0.23604852 -0.39061379
v -0.23458156 -0.25457114 -0.39082581
v -0.22039269 -0.26037365 -0.39149016
v -0.19858807 -0.25836790 -0.38702014
v -0.24180363 -0.23675585 -0.38715827
v -0.22037880 -0.24745217 -0.37872475
v -0.24783283 -0.22810076 -0.38976088
v -0.24720095 -0.20500052 -0.39089447
v -0.18913850 -0.25960365 -0.38927972
v -0.17905346 -0.25804317 -0.38734514
v -0.15787981 -0.25728002 -0.39302242
v -0.13887830 -0.25693944 -0.38842139
v -0.15786646 -0.24742934 -0.37451875
v -0.12660559 -0.25824350 -0.39195850
v -0.11811923 -0.25883394 -0.38651773
v -0.09534440 -0.26907766 -0.38708711
v 0.24458212 -0.23395959 -0.44195232
v 0.24751550 -0.23082449 -0.44173050
v 0.24487138 -0.23005620 -0.44397819
v 0.24863091 -0.23786670 -0.43209854
v 0.25303042 -0.24759640 -0.41481188
v 0.25793093 -0.24761045 -0.40791914
v 0.24863362 -0.22705656 -0.44396672
v 0.25108126 -0.22950235 -0.43904829
v 0.26974678 -0.22729421 -0.41801140
v 0.27337104 -0.23456031 -0.40338993
v 0.26136205 -0.25690311 -0.38758892
v 0.27214247 -0.24376070 -0.39294687
v 0.27991143 -0.24766874 -0.37836653
v 0.27991414 -0.23730388 -0.39161235
v 0.26660678 -0.20967834 -0.44391108
v 0.28978837 -0.21639156 -0.41244188
v 0.27325249 -0.21635106 -0.43052393
v 0.29293561 -0.21114555 -0.41506740
v 0.29414549 -0.21356814 -0.41100681
v 0.29899877 -0.20952693 -0.41241789
v 0.29345274 -0.21639939 -0.40820161
v 0.29833534 -0.21363264 -0.40684858
v 0.27991450 -0.20390685 -0.43762857
v 0.29666567 -0.19347879 -0.43654856
v 0.31118673 -0.19220173 -0.42659938
v 0.31119198 -0.17065848 -0.44383669
v 0.31807452 -0.19893014 -0.41238567
v 0.33586013 -0.19837090 -0.40326810
v 0.31911620 -0.20872861 -0.39691606
v 0.34730783 -0.19490489 -0.40150273
v -0.29370356 -0.18510580 -0.42348477
v -0.29641214 -0.17828602 -0.43579352
v -0.29424047 -0.15962718 -0.44457942
v -0.28277424 -0.18510015 -0.41949573
v -0.28843290 -0.17376526 -0.42326048
v -0.27616483 -0.17192386 -0.42233855
v -0.25808123 -0.18507949 -0.41007453
v -0.29367805 -0.14841418 -0.44456774
v -0.28742003 -0.15388247 -0.43518251
v -0.27720621 -0.15388104 -0.43348360
v -0.25634450 -0.17545587 -0.41333106
v -0.26067942 -0.16032201 -0.42618477
v -0.25859943 -0.14536175 -0.43033826
v -0.28269893 -0.12726180 -0.43121812
v -0.24087512 -0.16379993 -0.41334033
v -0.25154588 -0.19038835 -0.40270531
v -0.25153619 -0.18249524 -0.40818286
v -0.23788053 -0.15584356 -0.41732475
v -0.23453449 -0.15654549 -0.41469204
v -0.23262745 -0.16036078 -0.41008592
v -0.23525578 -0.19248956 -0.39031345
v -0.22840284 -0.18097652 -0.39371371
v -0.22030187 -0.18500316 -0.38111055
v -0.22027893 -0.16982040 -0.39015317
v -0.23900291 -0.15072560 -0.41958123
v -0.27950647 -0.12424452 -0.43050790
v -0.25146890 -0.12976938 -0.42760602
v -0.23004451 -0.15383479 -0.41334972
v -0.23309763 -0.15384692 -0.41890687
v -0.23330435 -0.14869075 -0.41592196
v -0.21689257 -0.12925695 -0.40109459
v -0.21278933 -0.15380250 -0.39707804
v 0.33281696 -0.18516552 -0.42320275
v 0.31422046 -0.17099145 -0.44230631
v 0.31773621 -0.16620983 -0.44382128
v 0.34246159 -0.18518119 -0.41781810
v 0.33943707 -0.17911610 -0.42499319
v 0.34679818 -0.17652488 -0.42366830
v 0.36643982 -0.18522453 -0.40860254
v 0.34245843 -0.20058551 -0.38892612
v 0.36769968 -0.19786012 -0.38392624
v 0.33671355 -0.15098521 -0.44378024
v 0.34109327 -0.15388003 -0.44097427
v 0.34458295 -0.15388662 -0.43953061
v 0.37069881 -0.17912929 -0.41226044
v 0.36573210 -0.16155015 -0.42757672
v 0.36916375 -0.14292163 -0.43441862
v 0.34248558 -0.14950435 -0.44155908
v 0.38078740 -0.17118539 -0.41224664
v 0.37374851 -0.18263364 -0.40702355
v 0.38596773 -0.15741323 -0.41914493
v 0.39181739 -0.15882406 -0.41466340
v 0.39592367 -0.16706021 -0.40567684
v 0.39706549 -0.18131235 -0.39253056
v 0.40503001 -0.18530937 -0.38120031
v 0.40503204 -0.17542388 -0.39154947
v 0.38292980 -0.14748923 -0.42527646
v 0.36424202 -0.13352954 -0.43891177
v 0.37379023 -0.13413045 -0.43526733
v 0.40002251 -0.15401724 -0.41221559
v 0.39213452 -0.15399173 -0.41771781
v 0.39764041 -0.13759562 -0.42047560
v 0.41403687 -0.14072849 -0.40547642
v 0.41456354 -0.15406218 -0.39987287
v 0.42988068 -0.14494447 -0.39373887
v 0.43981245 -0.14195794 -0.38766438
v -0.31877661 -0.08077597 -0.43470475
v -0.32374793 -0.08081026 -0.44453013
v -0.31389904 -0.09987465 -0.44453746
v -0.30919790 -0.10471955 -0.44454572
v -0.26916152 -0.09569513 -0.41543612
v -0.28268945 -0.12093244 -0.42977044
v -0.27997184 -0.12129088 -0.43027502
v -0.26714289 -0.09167365 -0.41318113
v -0.30561668 -0.08410888 -0.42800403
v -0.32578719 -0.06991027 -0.43855169
v -0.31383225 -0.06347016 -0.41964120
v -0.26755661 -0.09142931 -0.41330317
v -0.29286021 -0.09145409 -0.42407611
v -0.29404718 -0.08307670 -0.41746116
v -0.26669440 -0.09208180 -0.41330427
v -0.26724836 -0.09097151 -0.41307423
v -0.26711151 -0.09142887 -0.41312087
v -0.26690111 -0.09154769 -0.41306567
v -0.26686454 -0.09127376 -0.41299346
v -0.25145227 -0.11616810 -0.42626828
v -0.23898503 -0.12261771 -0.41959170
v -0.24388039 -0.10752028 -0.41334909
v -0.22022051 -0.12259194 -0.40366194
v -0.22406986 -0.11487702 -0.40161484
v -0.21866032 -0.11948067 -0.39931577
v -0.21702385 -0.12258593 -0.39935914
v -0.21636786 -0.12450841 -0.39583296
v -0.22019821 -0.11363584 -0.39326972
v -0.21750930 -0.12123386 -0.39640552
v -0.24012390 -0.09572899 -0.40469581
v -0.24099259 -0.08620103 -0.40292627
v 0.37356743 -0.10720143 -0.44358325
v 0.37373975 -0.10699949 -0.44355232
v 0.37352252 -0.10692934 -0.44370905
v 0.37381727 -0.10718125 -0.44349888
v 0.39914501 -0.12276177 -0.42495060
v 0.37381870 -0.10574243 -0.44370979
v 0.37394845 -0.10694724 -0.44344518
v 0.40508765 -0.12278472 -0.41984576
v 0.40153503 -0.11566523 -0.42435262
v 0.41829291 -0.09656934 -0.41467941
v 0.42437035 -0.12284918 -0.40613317
v 0.37881789 -0.07834611 -0.44373176
v 0.37386352 -0.06033739 -0.44377139
v 0.38548291 -0.07009174 -0.43788704
v 0.39730847 -0.09153962 -0.42796126
v 0.40136927 -0.06789839 -0.42417112
v 0.41995907 -0.09162116 -0.41384083
v 0.42226252 -0.09458753 -0.41217741
v 0.42120931 -0.09205003 -0.41303706
v 0.42125025 -0.09115979 -0.41311797
v 0.42250147 -0.09162896 -0.41217858
v 0.41846865 -0.08698846 -0.41452375
v 0.42205071 -0.08910738 -0.41218147
v 0.43636912 -0.13134955 -0.39510551
v 0.43638846 -0.11609450 -0.39848164
v 0.44790852 -0.13276006 -0.38651395
v 0.45120668 -0.11470372 -0.38816041
v 0.46765217 -0.12294123 -0.37120771
v 0.46769211 -0.09259315 -0.38114858
v 0.44295949 -0.10075594 -0.39388686
v 0.44376093 -0.08339396 -0.39545217
v 0.46734655 -0.09173243 -0.38141310
v 0.46790487 -0.09173317 -0.38114181
v -0.33137715 -0.05343017 -0.43573469
v -0.32339719 -0.03509657 -0.42527342
v -0.32339990 -0.02308382 -0.42522788
v -0.30688331 -0.02908078 -0.41321176
v -0.33355895 -0.03481245 -0.44448572
v -0.33357966 -0.02336503 -0.44447660
v -0.31382346 -0.05855582 -0.41669047
v -0.31083646 -0.06027488 -0.41473979
v -0.30853099 -0.04973184 -0.41323191
v -0.28258359 -0.06024797 -0.40705907
v -0.29310697 -0.03919601 -0.40815926
v -0.27600881 -0.04714328 -0.40421063
v -0.26985508 -0.06023331 -0.40404290
v -0.32654923 -0.00710587 -0.43805987
v -0.31376499 -0.00387770 -0.42518538
v -0.31375018 0.01541397 -0.44445765
v -0.30252695 -0.02035754 -0.41320461
v -0.29479867 -0.02236096 -0.40985891
v -0.30066645 -0.03157146 -0.40822411
v -0.30016065 -0.02708473 -0.40922421
v -0.29516867 -0.02907471 -0.40723237
v -0.27380535 -0.01529419 -0.40638304
v -0.27326220 -0.02904441 -0.40060973
v -0.25585982 -0.04009299 -0.39115575
v -0.25136545 -0.01350316 -0.38223311
v -0.25136110 -0.06794108 -0.39786091
v -0.25133228 -0.04899719 -0.39085028
v -0.24082491 -0.07054394 -0.38737756
v -0.24624234 -0.04715566 -0.38464415
v -0.24910769 -0.04240627 -0.38652644
v -0.25126356 -0.01345984 -0.38214704
v 0.37011543 -0.04651335 -0.44191167
v 0.31138641 -0.00679201 -0.44396314
v 0.37197953 -0.04274185 -0.43997258
v 0.36832196 -0.01903595 -0.43259037
v 0.35597867 -0.03566907 -0.44385332
v 0.34751832 -0.02654043 -0.44388786
v 0.37388083 -0.04652273 -0.44001257
v 0.39934534 -0.06033639 -0.42506570
v 0.37848008 -0.04009557 -0.43457514
v 0.40516829 -0.06035906 -0.42005861
v 0.39878130 -0.04756774 -0.42157251
v 0.41529936 -0.04025166 -0.40668753
v 0.42394787 -0.06042376 -0.40591758
v 0.38370544 -0.02325068 -0.42415011
v 0.34341881 0.00181672 -0.42858842
v 0.37397218 0.00063243 -0.41537392
v 0.40425533 -0.02916120 -0.41229972
v 0.39437053 -0.02912139 -0.42199349
v 0.39342314 -0.02146814 -0.41620076
v 0.40020591 -0.00805206 -0.40169621
v 0.41591963 -0.02920038 -0.40234241
v 0.42890590 -0.03726882 -0.39605147
v 0.43645576 -0.06714758 -0.39871085
v 0.43647650 -0.05167110 -0.39449376
v 0.45318267 -0.06775147 -0.38913247
v 0.46769446 -0.09083620 -0.38116774
v 0.44900775 -0.05113485 -0.38704932
v 0.46773547 -0.06052531 -0.37322283
v 0.44049850 -0.04086524 -0.38883641
v -0.29918599 0.00211473 -0.42049623
v -0.31060243 0.01614784 -0.44288555
v -0.30911356 0.02003869 -0.44446555
v -0.28252435 0.00213339 -0.41490728
v -0.28777435 0.01262760 -0.42359078
v -0.27227002 0.02262925 -0.41864109
v -0.26937979 0.00215864 -0.40424553
v -0.29082596 0.03750465 -0.44450769
v -0.28635612 0.03334561 -0.43681458
v -0.27391118 0.03336007 -0.42730719
v -0.26323125 0.02603477 -0.41330373
v -0.26377705 0.03024789 -0.41957390
v -0.26084471 0.03944846 -0.42546695
v -0.25760764 0.03338566 -0.41332459
v -0.28251693 0.04016342 -0.44111630
v -0.25129279 -0.01338901 -0.38217160
v -0.25129199 0.01443954 -0.38880184
v -0.25124595 -0.01340716 -0.38211182
v -0.24713215 0.01571654 -0.38418502
v -0.25952870 0.05313373 -0.44051021
v -0.25130010 0.05380554 -0.43509609
v -0.25130317 0.05924172 -0.44467640
v -0.22778106 0.06085044 -0.43297377
v -0.24188426 0.04583538 -0.41339925
v -0.22287798 0.05910636 -0.42632437
v -0.22905231 0.04670249 -0.40680218
v -0.24701869 0.02206958 -0.39066228
v -0.24185774 0.03960561 -0.40102410
v -0.21803533 0.06063239 -0.42710158
v -0.21253297 0.04962474 -0.40540749
v -0.18989590 0.04803676 -0.38437361
v -0.22008297 0.05903732 -0.43198854
v -0.21238899 0.06088636 -0.43302625
v -0.18793571 0.04820549 -0.38404763
v 0.24816424 0.04846284 -0.44270080
v 0.24619296 0.04785912 -0.44420439
v 0.24890590 0.04421002 -0.44419575
v 0.26288038 0.02495652 -0.44414186
v 0.28015760 0.01851904 -0.43653071
v 0.29567468 0.01004529 -0.43612629
v 0.25021601 0.04790173 -0.44157663
v 0.24656923 0.05038051 -0.44303191
v 0.24891447 0.05103460 -0.44051504
v 0.27438873 0.03353309 -0.43247837
v 0.27365518 0.05163705 -0.42184299
v 0.29389587 0.03345848 -0.41653997
v 0.29761907 0.03166462 -0.41623354
v 0.29667211 0.03428328 -0.41432643
v 0.30163378 0.03343233 -0.41263098
v 0.29421982 0.03667877 -0.41427577
v 0.29684594 0.03545443 -0.41264397
v 0.31142348 0.01070365 -0.42959386
v 0.32202619 0.02326428 -0.41256446
v 0.34213743 0.00245855 -0.42848954
v 0.34221011 0.00312284 -0.42774799
v 0.34293076 0.00269062 -0.42796332
v 0.34267712 0.00244645 -0.42834765
v 0.34299701 0.00234716 -0.42837748
v 0.33186814 0.02384263 -0.40775639
v 0.35130411 0.01920153 -0.40539372
v 0.32357398 0.02983341 -0.40546262
v 0.31681269 0.04365181 -0.39185551
v 0.34148961 0.03327181 -0.38371995
v 0.37296027 0.00412567 -0.41243339
v 0.34349230 0.03326480 -0.38255766
v 0.37092263 0.02073869 -0.38729694
v 0.37397733 0.00274782 -0.41375297
v 0.37563995 0.00208743 -0.41326034
v 0.38229004 0.00206519 -0.40823066
v 0.37459868 0.00332064 -0.41242790
v 0.40158224 0.00016532 -0.39477703
v 0.40526873 -0.00308877 -0.39405489
v 0.39160356 0.00883661 -0.38980436
v 0.40528238 0.00198409 -0.38560164
v 0.37603003 0.01961532 -0.38504750
v -0.19764252 0.06474551 -0.41796643
v -0.21105698 0.06925593 -0.43369764
v -0.19070195 0.06475183 -0.41264591
v -0.22006087 0.04037683 -0.38564968
v -0.18941088 0.06588724 -0.41358221
v -0.19183314 0.08339345 -0.43891934
v -0.19849078 0.08522799 -0.44487363
v -0.18749414 0.06746190 -0.41358939
v -0.18883914 0.05775736 -0.39957461
v -0.18884462 0.06529701 -0.41249537
v -0.18885428 0.09752589 -0.44492024
v -0.18302801 0.08624456 -0.43325463
v -0.16695836 0.08351015 -0.41994697
v -0.16122019 0.07203211 -0.40163329
v -0.18009673 0.05348695 -0.38665229
v -0.16081068 0.06638755 -0.39638695
v -0.15759404 0.06477928 -0.39131010
v -0.15759775 0.06793373 -0.39643040
v -0.13672020 0.07524525 -0.38757604
v -0.18175839 0.10815461 -0.44495016
v -0.15597126 0.09607028 -0.41369185
v -0.16738880 0.09606867 -0.42537364
v -0.15222859 0.11660273 -0.42398763
v -0.14502695 0.10218661 -0.41066164
v -0.14559013 0.09607507 -0.40646309
v -0.12877831 0.08288808 -0.38727981
v -0.13699916 0.10106203 -0.40375686
v -0.15761054 0.12103297 -0.43254244
v -0.12633890 0.07947251 -0.38434735
v -0.12501973 0.07979046 -0.38305309
v -0.15298009 0.12505925 -0.43169707
v -0.12547828 0.08130950 -0.38411424
v -0.12005264 0.10544170 -0.39503333
v 0.21720150 0.09585815 -0.44427010
v 0.21763651 0.09571753 -0.44409004
v 0.23850998 0.07523204 -0.43901086
v 0.21685791 0.09646374 -0.44427007
v 0.18636462 0.12830567 -0.44429585
v 0.21638763 0.12660587 -0.42918319
v 0.21750097 0.09607402 -0.44399711
v 0.21744105 0.12679085 -0.42831451
v 0.21794878 0.09607268 -0.44364312
v 0.24162737 0.08769177 -0.42955297
v 0.23891613 0.10159290 -0.42408872
v 0.25151402 0.09594055 -0.41280186
v 0.21817923 0.12621507 -0.42802477
v 0.24076454 0.11080942 -0.41280866
v 0.24893308 0.07335933 -0.43005985
v 0.26415908 0.06473169 -0.42040327
v 0.25830677 0.08339225 -0.41278267
v 0.28022966 0.06466072 -0.40557000
v 0.27444875 0.07621288 -0.40285075
v 0.28257549 0.06930374 -0.39936477
v 0.28594935 0.06463408 -0.39987546
v 0.28024656 0.08165631 -0.38845140
v 0.28734252 0.06815320 -0.39344054
v 0.26081717 0.09213111 -0.40519154
v 0.25757235 0.10289714 -0.39867216
v 0.31152269 0.05103779 -0.38544655
v 0.31510302 0.05070875 -0.38300771
v 0.34278175 0.03395282 -0.38147557
v -0.13856858 0.12737845 -0.41985917
v -0.15120590 0.13058332 -0.43258896
v -0.12871078 0.12737952 -0.41256630
v -0.12792145 0.13052641 -0.41375121
v -0.13265595 0.14934175 -0.43242711
v -0.14522314 0.15247476 -0.44503897
v -0.11949749 0.14110649 -0.41375569
v -0.12634882 0.12525475 -0.40949428
v -0.12634999 0.12854037 -0.41143125
v -0.12635311 0.16817428 -0.44505030
v -0.11345392 0.15594780 -0.41922849
v -0.10915963 0.15555109 -0.41532862
v -0.10671136 0.15065058 -0.40974081
v -0.10660280 0.12161657 -0.39231849
v -0.10224440 0.13096406 -0.39450872
v -0.09508884 0.12738438 -0.38549018
v -0.09508717 0.13740170 -0.39307997
v -0.12075332 0.17153321 -0.44504932
v -0.10234311 0.15868402 -0.41376045
v -0.10824407 0.15868293 -0.41872326
v -0.08567031 0.17111719 -0.41996652
v -0.08308813 0.16594553 -0.41012412
v -0.07319650 0.17124222 -0.41375002
v -0.08426719 0.15868580 -0.40413126
v -0.07285899 0.16528773 -0.40051565
v -0.09509486 0.17625965 -0.43626419
v -0.07229733 0.17859097 -0.44079930
v -0.06383368 0.17864218 -0.43645540
v -0.06383444 0.18030071 -0.44502974
v -0.05464883 0.17894968 -0.44042194
v -0.05623089 0.17477015 -0.41373104
v -0.03978416 0.17552496 -0.42212042
v -0.04009766 0.17487596 -0.40559375
v -0.05657294 0.16705635 -0.39694324
v -0.00739915 0.16819111 -0.43261433
v -0.02523548 0.17533505 -0.42199451
v -0.02491918 0.17468536 -0.40565294
v -0.00920522 0.17408004 -0.41361231
v -0.01712806 0.16639681 -0.44489017
v -0.03255004 0.17171034 -0.43844908
v -0.00126541 0.15587598 -0.44482517
v 0.02232392 0.15484068 -0.44475210
v 0.03000987 0.15624394 -0.44351575
v 0.00562124 0.16742584 -0.43105757
v 0.02764903 0.15867704 -0.44001502
v 0.00744530 0.17252332 -0.41354275
v 0.01940671 0.16869846 -0.41851923
v 0.02208809 0.17401788 -0.40577167
v 0.03251719 0.15867373 -0.43971846
v 0.05205955 0.16503546 -0.42616999
v 0.04087216 0.16822597 -0.41821685
v 0.03824303 0.17347619 -0.40598390
v 0.05088020 0.16903013 -0.41337234
v 0.03702200 0.15517575 -0.44471377
v 0.06127884 0.15283540 -0.44463727
v 0.08096483 0.15286237 -0.44457626
v 0.09255346 0.15467657 -0.44255844
v 0.07093777 0.16461703 -0.42531717
v 0.08785391 0.15862322 -0.43512756
v 0.07209960 0.16828677 -0.41329765
v 0.08070020 0.16609570 -0.41702551
v 0.08209881 0.16884975 -0.40810728
v 0.09980539 0.15859938 -0.43001899
v 0.11063629 0.16098434 -0.41802374
v 0.13327014 0.15853155 -0.41310459
v 0.10608287 0.16282345 -0.41531602
v 0.10514433 0.16469994 -0.41010019
v 0.11028490 0.16267952 -0.41316551
v 0.11102161 0.14940339 -0.44450253
v 0.13895074 0.15747143 -0.41308904
v 0.12381367 0.14609018 -0.44447330
v 0.13488410 0.15397421 -0.42229366
v 0.12855606 0.14536978 -0.44445959
v 0.14034899 0.15678667 -0.41395861
v 0.16654061 0.15011305 -0.41722083
v 0.15508924 0.14473204 -0.43743870
v 0.17597684 0.13774134 -0.43911177
v 0.14000708 0.15746941 -0.41255710
v 0.16795395 0.15290429 -0.41020697
v 0.13893071 0.15797520 -0.41198844
v 0.13207382 0.16591389 -0.39822459
v 0.14112781 0.15851647 -0.40978816
v 0.17493235 0.15011844 -0.41298550
v 0.16415635 0.15846561 -0.39978313
v 0.17496230 0.15426105 -0.40455398
v 0.18637268 0.13773097 -0.43390161
v 0.21693462 0.12724011 -0.42817459
v 0.19561771 0.14565408 -0.41291857
v 0.21766686 0.12723750 -0.42757559
v 0.20953017 0.14345744 -0.40536597
v 0.22268629 0.13713583 -0.40216422
v 0.23310721 0.12714091 -0.40485537
v 0.21769384 0.14454517 -0.38844010
v 0.23439328 0.13542426 -0.38874143
v 0.19561088 0.15199928 -0.40002730
v 0.24897023 0.11841857 -0.39534074
v 0.25705737 0.11547519 -0.38543427
v -0.03255638 0.17370988 -0.38989723
v -0.01371564 0.18050495 -0.38853645
v -0.00126266 0.18021461 -0.39415371
v 0.01210085 0.18092623 -0.38888711
v 0.03003571 0.17925823 -0.39248127
v 0.05210270 0.17880656 -0.38667551
v 0.06132924 0.17711630 -0.38789129
v 0.06762096 0.17731221 -0.38514552
v 0.09260686 0.17448823 -0.38991004
v 0.12192432 0.17506440 -0.38279313
v 0.12389057 0.17470515 -0.38305572
v 0.12522484 0.17474304 -0.38246632
v 0.15515259 0.16641775 -0.38572130
v -0.00153460 -0.31575388 -0.38214555
v 0.01016707 -0.31979686 -0.37626070
v 0.02341722 -0.32265729 -0.36012593
v 0.02215409 -0.32520956 -0.34274340
v 0.05418445 -0.33244374 -0.36844045
v 0.07145004 -0.34127778 -0.35073304
v 0.04017534 -0.33091605 -0.35597157
v 0.04125068 -0.33306783 -0.34666508
v 0.04839676 -0.33520201 -0.35077310
v 0.04881981 -0.33782822 -0.34383595
v 0.05325326 -0.32951343 -0.38203114
v 0.02972935 -0.32448289 -0.37365976
v 0.07603998 -0.34241566 -0.35072732
v 0.06097388 -0.33128718 -0.38202727
v 0.07577207 -0.34211430 -0.35240203
v 0.07713562 -0.34232879 -0.35125121
v 0.10697722 -0.34305254 -0.35153425
v 0.07729027 -0.34263745 -0.35004413
v 0.10672511 -0.34355727 -0.34950730
v 0.09224275 -0.35021260 -0.32387584
v 0.07362276 -0.33196849 -0.38199750
v 0.07893373 -0.34127563 -0.35537121
v 0.07488561 -0.34300351 -0.34727225
v 0.10423757 -0.34127590 -0.35790622
v 0.10875048 -0.34304923 -0.35064086
v 0.10896356 -0.34237581 -0.35283583
v 0.12212414 -0.34128070 -0.35059243
v 0.11064602 -0.34406057 -0.34506750
v 0.10894839 -0.33290857 -0.38190633
v 0.09222890 -0.33495033 -0.37880090
v 0.12349028 -0.33122414 -0.38186648
v 0.13454436 -0.33670214 -0.35970888
v 0.13216326 -0.32997841 -0.38182911
v 0.13800338 -0.33904573 -0.35054073
v 0.14071080 -0.33810833 -0.35211998
v 0.14028978 -0.33894959 -0.34936437
v 0.13769631 -0.33985811 -0.34768197
v 0.16436844 -0.32923988 -0.35645843
v 0.16556373 -0.33162642 -0.34556916
v 0.17860553 -0.32494247 -0.35034013
v 0.18359053 -0.32816646 -0.32393679
v 0.15476567 -0.32829154 -0.37525252
v 0.17470136 -0.32001829 -0.37596709
v 0.18605533 -0.31789905 -0.36595505
v 0.18605012 -0.31226581 -0.38159996
v 0.19035853 -0.31869143 -0.35026968
v 0.18717875 -0.32684875 -0.32126328
v -0.18913734 -0.25352594 -0.38229457
v -0.12660298 -0.25261539 -0.38228095
v -0.11057912 -0.25506681 -0.37424165
v -0.09781411 -0.25241405 -0.36411643
v -0.09548627 -0.24778190 -0.33544591
v -0.07091877 -0.26994991 -0.36851636
v -0.09193143 -0.25424942 -0.36319515
v -0.09507778 -0.24793600 -0.33552268
v -0.07010196 -0.25955868 -0.35091940
v -0.06473313 -0.26382101 -0.32093799
v -0.08567312 -0.27388430 -0.38225079
v -0.09533674 -0.26130074 -0.37353998
v -0.06407524 -0.28762341 -0.38222307
v -0.05901032 -0.29183644 -0.38221601
v -0.02621693 -0.29688680 -0.35993323
v -0.03280208 -0.29796541 -0.37257278
v -0.02064249 -0.30393308 -0.37260574
v -0.02469968 -0.29389858 -0.34327686
v -0.03276156 -0.28774872 -0.32399592
v -0.01717935 -0.30227250 -0.32737303
v -0.04953482 -0.27764839 -0.35310867
v -0.04658232 -0.27876562 -0.35087067
v -0.04762077 -0.27876326 -0.35247687
v -0.04977492 -0.27605170 -0.35087776
v -0.04786495 -0.27765468 -0.35143009
v -0.04787811 -0.27768400 -0.35033146
v -0.05723907 -0.26994002 -0.33319315
v -0.04642735 -0.27877039 -0.34688351
v -0.00205281 -0.30896771 -0.35082209
v -0.00151588 -0.30956817 -0.35177138
v -0.00030079 -0.31004259 -0.35142800
v -0.00063180 -0.31004354 -0.35037789
v -0.00126449 -0.30954188 -0.35082152
v -0.00151439 -0.30954280 -0.34981692
v 0.00961081 -0.32013276 -0.32506227
v 0.02974756 -0.33383334 -0.32322228
v 0.15475935 -0.33926216 -0.32019991
v 0.20340273 -0.31010985 -0.35885766
v 0.21517472 -0.31013727 -0.33555093
v 0.20552695 -0.30420306 -0.37173679
v 0.21369210 -0.30283031 -0.36213288
v 0.22343066 -0.29797524 -0.35963559
v 0.21733746 -0.29509759 -0.37329024
v 0.21691039 -0.30928472 -0.33488795
v 0.21820885 -0.30840319 -0.33532280
v 0.20901918 -0.31428286 -0.33034813
v 0.21655872 -0.30974999 -0.33407152
v 0.21733680 -0.31014267 -0.33058238
v 0.21733837 -0.30931729 -0.33404505
v 0.23041323 -0.30363658 -0.32784024
v 0.23917687 -0.29127380 -0.34997952
v 0.23952541 -0.28543025 -0.36305830
v 0.25827271 -0.27893806 -0.34987405
v 0.22768609 -0.28403321 -0.38136807
v 0.24862950 -0.29537034 -0.32021591
v 0.24862503 -0.27013308 -0.38126805
v 0.24963608 -0.29507908 -0.31911841
v 0.25838083 -0.27303335 -0.36168569
v 0.25428391 -0.26609147 -0.38124132
v 0.26261544 -0.27561593 -0.34985676
v 0.27009737 -0.26730919 -0.35565743
v 0.26669869 -0.27411288 -0.34741813
v 0.25264621 -0.29056427 -0.32663307
v 0.26262039 -0.27728635 -0.34653023
v 0.28312764 -0.25411582 -0.36222112
v 0.28705448 -0.26196966 -0.34123516
v 0.27991006 -0.25342622 -0.36834008
v 0.28476691 -0.25011355 -0.36787355
v -0.23826632 -0.22517872 -0.38224441
v -0.20581472 -0.21840885 -0.35207611
v -0.22036678 -0.23164566 -0.37454686
v -0.20820057 -0.24134995 -0.37275457
v -0.20520550 -0.21719551 -0.35046190
v -0.18946306 -0.23200597 -0.31985164
v -0.23669970 -0.20804968 -0.38219839
v -0.20724149 -0.21619473 -0.35096014
v -0.22863084 -0.21621330 -0.36561829
v -0.20385139 -0.21789917 -0.35096464
v -0.20621160 -0.21317324 -0.35246706
v -0.20807852 -0.20941962 -0.34754622
v -0.20670459 -0.21619599 -0.34693289
v -0.22032014 -0.19815174 -0.37314838
v -0.18912224 -0.24028388 -0.36531934
v -0.18190014 -0.23302233 -0.35100061
v -0.18907298 -0.23214768 -0.32033166
v -0.16527091 -0.24372503 -0.37035859
v -0.16159597 -0.23994258 -0.36290568
v -0.15462568 -0.24096063 -0.36341769
v -0.15786339 -0.24264535 -0.36905068
v -0.15139194 -0.24418893 -0.36989361
v -0.16393888 -0.23522885 -0.34144813
v -0.15243393 -0.23659512 -0.34076390
v -0.18817790 -0.23225759 -0.32010448
v -0.15783882 -0.24742569 -0.30737308
v -0.15783939 -0.23860206 -0.33091491
v -0.14710467 -0.24205509 -0.32994694
v -0.21192154 -0.18917283 -0.37074375
v -0.13275351 -0.23507714 -0.35097826
v -0.12659058 -0.24124777 -0.36335677
v -0.10852718 -0.24744035 -0.36000001
v -0.09656567 -0.24744956 -0.33590460
v -0.12162767 -0.23752362 -0.35097009
v -0.12657493 -0.24130325 -0.33867824
v -0.09578463 -0.24768227 -0.33504781
v -0.09532034 -0.24776626 -0.33512169
v 0.29285455 -0.24770877 -0.35892421
v 0.29325715 -0.24102211 -0.37209117
v 0.30168292 -0.24773324 -0.34493834
v 0.27992675 -0.27341986 -0.32124901
v 0.29810095 -0.25682920 -0.32494605
v 0.30713987 -0.23961671 -0.34968901
v 0.30728936 -0.22817193 -0.37320969
v 0.30125058 -0.22709478 -0.38104653
v 0.32014096 -0.22989017 -0.34965923
v 0.31120870 -0.24174261 -0.33762318
v 0.31119230 -0.21981280 -0.38101763
v 0.31992972 -0.22337726 -0.36350501
v 0.32947674 -0.22176138 -0.35227865
v 0.32998812 -0.22278173 -0.34649163
v 0.32213017 -0.23760527 -0.32377437
v 0.34250805 -0.22110406 -0.32054695
v 0.32923990 -0.20985612 -0.38098544
v 0.34214002 -0.21651652 -0.34961456
v 0.33325893 -0.21648768 -0.36251301
v 0.35355321 -0.20739082 -0.35416949
v 0.35467064 -0.20962197 -0.34612459
v 0.36349967 -0.20580345 -0.34956807
v 0.34865665 -0.21654700 -0.33059391
v 0.36726832 -0.20743521 -0.33126551
v 0.34246299 -0.20518014 -0.37529138
v 0.37011382 -0.19907334 -0.37907496
v 0.37374398 -0.19866455 -0.37641692
v 0.37374312 -0.19664922 -0.38088310
v 0.38328055 -0.19614376 -0.37608746
v 0.38144857 -0.20065846 -0.34953442
v 0.40084621 -0.19369976 -0.36095789
v 0.39893490 -0.19754180 -0.33995521
v 0.37791350 -0.20508607 -0.32650799
v 0.40797478 -0.19119765 -0.36220253
v 0.40954858 -0.19435036 -0.33832842
v 0.40503424 -0.19085698 -0.36792609
v 0.41184762 -0.18873410 -0.36854729
v -0.20990571 -0.16429934 -0.35614687
v -0.20983261 -0.18497503 -0.36130208
v -0.21044227 -0.18005818 -0.37147242
v -0.21350950 -0.17150766 -0.34196895
v -0.21517600 -0.18497185 -0.33778098
v -0.21574661 -0.18723130 -0.33296254
v -0.22024897 -0.18498300 -0.32790995
v -0.22023953 -0.17452705 -0.32996526
v -0.21761298 -0.18365334 -0.33389464
v -0.20966849 -0.15376551 -0.35084933
v -0.22372514 -0.15377645 -0.32657546
v -0.20925879 -0.15377101 -0.36014685
v -0.20830725 -0.14635855 -0.35456449
v -0.21428192 -0.13435394 -0.34107551
v -0.20911320 -0.15935372 -0.38214612
v -0.21018919 -0.14876200 -0.38213557
v -0.20795529 -0.12868652 -0.37263513
v 0.43085545 -0.18536457 -0.35217100
v 0.43013203 -0.17282303 -0.37765995
v 0.43294477 -0.18537030 -0.34774309
v 0.40504622 -0.19490632 -0.32903960
v 0.41631305 -0.19098860 -0.32817480
v 0.43527859 -0.18329455 -0.34942681
v 0.43512771 -0.16853811 -0.37834564
v 0.43298465 -0.16806230 -0.38075656
v 0.43867972 -0.18066363 -0.34942165
v 0.43631721 -0.18295439 -0.34457675
v 0.43633455 -0.16323610 -0.38074684
v 0.43901479 -0.16706116 -0.37536520
v 0.45611209 -0.16242960 -0.35354072
v 0.45663545 -0.16348450 -0.34472314
v 0.44544363 -0.17433119 -0.32269257
v 0.46760324 -0.15846050 -0.32021782
v 0.44799364 -0.14433171 -0.38073173
v 0.46649471 -0.15416400 -0.34939247
v 0.45868796 -0.15415260 -0.36284018
v 0.47111493 -0.12988213 -0.36157498
v 0.47616887 -0.14001726 -0.34228355
v 0.47142142 -0.15418726 -0.32571414
v 0.46764439 -0.12913936 -0.36816502
v 0.47103125 -0.12463135 -0.36675408
v -0.28263271 -0.12260852 -0.31707457
v -0.28261617 -0.10065843 -0.32415169
v -0.28532597 -0.09141345 -0.32496190
v -0.27918622 -0.09141616 -0.32635224
v -0.25660720 -0.08109248 -0.33003396
v -0.22760391 -0.09510934 -0.38211346
v -0.21385315 -0.10999100 -0.36015210
v -0.22016332 -0.10234489 -0.37662685
v -0.20896959 -0.12256561 -0.36087024
v -0.21071759 -0.11783763 -0.37123975
v -0.21837778 -0.11904161 -0.33691278
v -0.21716639 -0.12257250 -0.33664212
v -0.22016424 -0.13153027 -0.33065432
v -0.21854180 -0.12337923 -0.33433148
v -0.22014879 -0.12257829 -0.33241224
v -0.22014487 -0.11957167 -0.33362430
v -0.21878251 -0.12189312 -0.33445105
v -0.22921273 -0.08686398 -0.38211325
v -0.23815116 -0.06922552 -0.37548551
v -0.22422600 -0.09139514 -0.35079676
v -0.22616513 -0.09139037 -0.37003613
v -0.23068736 -0.08134227 -0.35584772
v -0.23166224 -0.08330972 -0.34672526
v -0.24330270 -0.08384381 -0.33558047
v -0.23060755 -0.09140780 -0.34052232
v 0.47357702 -0.12294532 -0.36208892
v 0.47187757 -0.12083292 -0.36717412
v 0.48317254 -0.12295465 -0.34151676
v 0.48056361 -0.12942871 -0.32726520
v 0.48626667 -0.11368095 -0.32441926
v 0.48494524 -0.09501181 -0.34938458
v 0.48444358 -0.09287369 -0.35165307
v 0.48534974 -0.09174508 -0.34938255
v 0.48443949 -0.09062140 -0.35163498
v 0.48505291 -0.08828005 -0.34938037
v 0.48563007 -0.09406464 -0.34473747
v 0.48518336 -0.08988470 -0.34563807
v 0.46824899 -0.09201129 -0.38071704
v 0.46824580 -0.09145804 -0.38071647
v 0.47324491 -0.06328686 -0.36781383
v -0.28259116 -0.07928140 -0.32560188
v -0.26808769 -0.06745730 -0.32789278
v -0.28256953 -0.06022063 -0.32303739
v -0.26812705 -0.05302636 -0.32793048
v -0.24661866 -0.02902707 -0.35081962
v -0.25656068 -0.03936493 -0.33007151
v -0.25484604 -0.01701052 -0.32668707
v -0.24155624 -0.06021773 -0.35569835
v -0.24347289 -0.06022451 -0.34687018
v -0.24414471 -0.04593677 -0.35080898
v -0.25131863 -0.06762434 -0.33594614
v -0.25129971 -0.05286425 -0.33601314
v -0.24450123 -0.04802397 -0.37867796
v -0.24596772 -0.03929302 -0.37140208
v -0.24734581 -0.04263679 -0.38209036
v -0.25120100 -0.01352220 -0.38190466
v -0.25124112 -0.01345642 -0.38208833
v -0.25121871 -0.01339358 -0.38205129
v -0.24314168 -0.01406575 -0.35082418
v 0.43519905 -0.01500709 -0.37812874
v 0.43304250 -0.00510855 -0.34946173
v 0.43328428 -0.01528907 -0.38081110
v 0.43652534 -0.02024115 -0.38080177
v 0.44925883 -0.03852115 -0.38076794
v 0.47228563 -0.05147696 -0.36049408
v 0.46774709 -0.05221152 -0.36923325
v 0.47575223 -0.06053820 -0.36102915
v 0.47262833 -0.05809376 -0.36750031
v 0.47707540 -0.04194055 -0.34304476
v 0.48506561 -0.06054697 -0.34239849
v 0.48569295 -0.06954092 -0.32470775
v 0.48243651 -0.05322579 -0.32634038
v 0.43956909 -0.01671659 -0.37470344
v 0.42892736 -0.00986834 -0.37701085
v 0.46657959 -0.02933948 -0.34939051
v 0.45890355 -0.02931728 -0.36295968
v 0.44322419 -0.01146684 -0.34944454
v 0.45595601 -0.02173519 -0.35322931
v 0.45602787 -0.02159431 -0.34553289
v 0.46988752 -0.02937279 -0.32230848
v -0.25775102 -0.01019084 -0.32276025
v -0.24177527 0.00218901 -0.35558772
v -0.23973732 0.00218698 -0.34504551
v -0.25126159 -0.00817804 -0.33004463
v -0.24518532 0.01474491 -0.37904632
v -0.23587090 0.02551975 -0.38213280
v -0.23032211 0.02275896 -0.35619095
v -0.22924680 0.02062399 -0.34442312
v -0.24319725 0.01376512 -0.32355437
v -0.22636688 0.03659458 -0.38216358
v -0.21315101 0.03343792 -0.35085610
v -0.22511691 0.03343800 -0.37201160
v -0.22281368 0.03341759 -0.32512879
v -0.19278587 0.04512976 -0.37428686
v -0.20660056 0.03779541 -0.35304692
v -0.20671035 0.03801875 -0.34857476
v -0.20219539 0.03790716 -0.35087350
v -0.19489592 0.04296196 -0.33178043
v -0.19555843 0.04572812 -0.38223034
v -0.22005922 0.03865805 -0.37956768
v -0.18883179 0.04745299 -0.38224420
v -0.18700479 0.04727444 -0.37858540
v -0.18684584 0.04810978 -0.38224807
v -0.17787112 0.04282894 -0.35091451
v -0.16626354 0.04734677 -0.35789597
v -0.16696659 0.04592163 -0.34470475
v -0.18568416 0.04594583 -0.32581553
v -0.15156081 0.05272596 -0.36061847
v -0.15085396 0.05131281 -0.34205371
v -0.12970529 0.05802358 -0.35102719
v -0.15758322 0.05252084 -0.37278259
v -0.14614636 0.05905957 -0.37240565
v -0.12633069 0.06162407 -0.35739490
v -0.12633757 0.07818671 -0.38238800
v -0.12445807 0.06104791 -0.35104325
v 0.35773927 0.03184660 -0.35040656
v 0.35788512 0.03213515 -0.34919554
v 0.31152716 0.05421858 -0.38122290
v 0.31602812 0.05115893 -0.37895301
v 0.35611755 0.03319913 -0.34973422
v 0.33310643 0.04511140 -0.35576570
v 0.33437678 0.04761112 -0.34255719
v 0.34866565 0.03323714 -0.36931181
v 0.35926303 0.03150453 -0.34972349
v 0.36219186 0.02943046 -0.35729530
v 0.35735160 0.03319401 -0.34759325
v 0.36024803 0.03136085 -0.34604871
v 0.34362024 0.03367988 -0.38112706
v 0.34278202 0.03415323 -0.38068062
v 0.38365337 0.02113590 -0.34964067
v 0.37403727 0.02152955 -0.38104534
v 0.37751979 0.02107662 -0.37405008
v 0.37830570 0.01974333 -0.38103151
v 0.40074646 0.01105042 -0.36068025
v 0.40814292 0.00761433 -0.36238283
v 0.40530205 0.00773496 -0.36814600
v 0.42094827 0.00191756 -0.35733467
v 0.41152382 0.00505395 -0.36834228
v 0.39996606 0.01257572 -0.33925402
v 0.40870839 0.00873128 -0.33730346
v 0.42272907 0.00189961 -0.34256902
v 0.40529352 0.01087502 -0.32939112
v 0.41239387 0.00545060 -0.33031043
v 0.38041332 0.02390407 -0.33108610
v 0.43654254 -0.00587307 -0.33390948
v 0.44278800 -0.01062444 -0.32125813
v 0.46776289 -0.02759450 -0.31894711
v -0.22001463 0.03616878 -0.32090250
v -0.15756400 0.05173181 -0.32879287
v -0.14331651 0.05762256 -0.32820040
v -0.12061635 0.06479917 -0.35391784
v -0.11946929 0.06479513 -0.34761772
v -0.12632534 0.06111307 -0.34368330
v -0.12433240 0.07944635 -0.38138735
v -0.12329770 0.08197248 -0.38239437
v -0.10395551 0.08257565 -0.35787988
v -0.10306363 0.08079112 -0.34344554
v -0.11274412 0.07362625 -0.32655799
v -0.09507240 0.08954557 -0.32305256
v -0.10899428 0.10306522 -0.38243204
v -0.08774802 0.09611285 -0.35113770
v -0.10219812 0.09610498 -0.36817914
v -0.08393033 0.10505504 -0.35562086
v -0.08304463 0.10328049 -0.34755597
v -0.08831805 0.09608734 -0.33335850
v -0.09509148 0.11115347 -0.37491912
v -0.08382900 0.12175778 -0.37243465
v 0.27604353 0.09369928 -0.38134304
v 0.29378474 0.09142219 -0.35204944
v 0.28025469 0.09057385 -0.37870976
v 0.29742646 0.07309878 -0.37419575
v 0.29444665 0.09273113 -0.34842944
v 0.27134299 0.10025001 -0.38135278
v 0.24897742 0.12658386 -0.38139537
v 0.26173952 0.11777078 -0.37496421
v 0.29165435 0.09568083 -0.34991568
v 0.27764726 0.09578053 -0.37610611
v 0.27367291 0.11378182 -0.35903031
v 0.27670160 0.11974661 -0.33788884
v 0.30503890 0.07746257 -0.34987599
v 0.29295573 0.09567092 -0.34397161
v 0.30496439 0.08661056 -0.33175489
v 0.31154686 0.06635077 -0.35364938
v 0.31472528 0.06445534 -0.35144460
v 0.31580979 0.06444746 -0.34770924
v 0.31279188 0.06693521 -0.34985459
v 0.33003223 0.05802110 -0.32772911
v 0.34279954 0.04820596 -0.32597011
v 0.31589147 0.07783714 -0.32068604
v 0.31282142 0.08126999 -0.32106075
v -0.07020822 0.12738001 -0.35432127
v -0.07277627 0.13855265 -0.37794882
v -0.06883297 0.12737343 -0.34862125
v -0.07456997 0.11708577 -0.32519290
v -0.06631903 0.13235073 -0.35112408
v -0.06739847 0.14659494 -0.37526798
v -0.05011458 0.15861677 -0.35106692
v -0.07066900 0.14645281 -0.38242394
v -0.06381073 0.14079158 -0.32410595
v -0.06382804 0.15290806 -0.38241631
v -0.06314582 0.14261225 -0.32010478
v -0.04964119 0.16006976 -0.35396847
v -0.04816912 0.16646595 -0.38238838
v -0.04907076 0.16037446 -0.35106266
v -0.04623972 0.16251934 -0.35301101
v -0.04074347 0.17346935 -0.34358442
v -0.05886536 0.14790252 -0.32967585
v -0.04991870 0.16033904 -0.34759897
v -0.02791396 0.18062320 -0.36203203
v -0.03156787 0.18789586 -0.33631685
v -0.03255103 0.17683277 -0.37323403
v -0.01684435 0.18204811 -0.37449884
v -0.00125871 0.18353494 -0.38225555
v 0.02538967 0.18750691 -0.36883211
v 0.02931943 0.18837640 -0.36576799
v 0.03075723 0.18839043 -0.36577180
v 0.03004197 0.18786366 -0.36746997
v 0.03746388 0.18610953 -0.37017372
v 0.06133157 0.17945945 -0.38202447
v 0.07441229 0.18067484 -0.37544063
v 0.08972520 0.18394360 -0.36339208
v 0.09547050 0.18401077 -0.36341465
v 0.12194744 0.18576109 -0.35056481
v 0.09261359 0.18188640 -0.37020591
v 0.11886311 0.17659231 -0.37930685
v 0.12389380 0.17767090 -0.37459812
v 0.12389159 0.17528923 -0.38180354
v 0.12633666 0.17529379 -0.38057461
v 0.12609693 0.18526943 -0.35055164
v 0.14944810 0.17820226 -0.36037713
v 0.15213181 0.18351583 -0.33787623
v 0.17929012 0.16685766 -0.36734644
v 0.16198549 0.17601001 -0.35924339
v 0.15900005 0.18195884 -0.33862555
v 0.17793426 0.17259392 -0.35037529
v 0.16686860 0.16427198 -0.38168827
v 0.15516020 0.17076106 -0.37555274
v 0.18642208 0.15975842 -0.38162026
v 0.20593372 0.15248542 -0.38155001
v 0.22948326 0.15053324 -0.35402513
v 0.21770099 0.14919928 -0.37693191
v 0.23920202 0.13777994 -0.37651908
v 0.23020400 0.15194723 -0.34699079
v 0.19719347 0.16320683 -0.36005303
v 0.21590923 0.15828022 -0.35021579
v 0.20811829 0.15832120 -0.36236000
v 0.19828549 0.16588344 -0.35030273
v 0.20456263 0.16328393 -0.35276306
v 0.20496921 0.16408971 -0.34737927
v 0.23941502 0.14613077 -0.35010648
v 0.22534168 0.15823543 -0.33414754
v 0.24219467 0.14937899 -0.33242762
v 0.24899092 0.13533340 -0.36675632
v 0.26323563 0.12696029 -0.35713249
v 0.27003014 0.12691703 -0.33945280
v 0.25416785 0.13728447 -0.35003996
v 0.27444977 0.12397885 -0.33137676
v 0.28029019 0.11733328 -0.32949954
v 0.26464748 0.13471842 -0.32652029
v 0.25204429 0.14557444 -0.32482916
v -0.01114777 0.18985495 -0.35590446
v -0.02460539 0.18983410 -0.33929455
v -0.03253757 0.18736799 -0.33411384
v -0.03112916 0.18912783 -0.33463860
v -0.03253572 0.18982558 -0.33069026
v -0.02622252 0.19297862 -0.33217189
v -0.00355637 0.19444630 -0.35092521
v -0.00420323 0.20837119 -0.32552448
v -0.00125080 0.19241314 -0.35606796
v 0.02151448 0.18982421 -0.36224538
v 0.00111887 0.19456559 -0.35091162
v 0.03004202 0.18981399 -0.36264265
v 0.04363985 0.18978795 -0.35964561
v 0.02498313 0.19988346 -0.34025401
v 0.03508778 0.19985718 -0.34022298
v 0.03003582 0.20555662 -0.32727802
v 0.00176843 0.20843911 -0.32566103
v 0.06008640 0.19224641 -0.35074323
v 0.06079575 0.20586951 -0.32055408
v 0.06133679 0.19093908 -0.35311902
v 0.06838380 0.18974027 -0.35423908
v 0.06231420 0.19169687 -0.35073733
v 0.09262124 0.18969601 -0.34993798
v 0.08991745 0.19509245 -0.33772868
v 0.09483914 0.19410172 -0.33722368
v 0.11102737 0.18966579 -0.34415987
v 0.09262663 0.19707966 -0.33131552
v 0.10378671 0.19523111 -0.32940573
v 0.06174963 0.20574577 -0.32030746
v 0.12390217 0.18714395 -0.34553689
v 0.14827757 0.18614960 -0.33138835
v 0.15518127 0.18438125 -0.33220902
v 0.17166114 0.18132392 -0.32652000
v 0.18644530 0.17697079 -0.32519689
v 0.19106224 0.17620482 -0.32136601
v 0.21771124 0.16493464 -0.32229644
v -0.00601717 -0.31914794 -0.28819716
v -0.00465402 -0.32886043 -0.26328051
v 0.04087750 -0.35030454 -0.29270118
v 0.03985308 -0.35235837 -0.28266925
v 0.02975357 -0.35387701 -0.26322731
v 0.05044109 -0.36221698 -0.26219416
v -0.00149104 -0.31821212 -0.30448771
v -0.00149780 -0.31362802 -0.31950870
v 0.00703911 -0.32143092 -0.31521624
v 0.02412832 -0.34132206 -0.28819060
v 0.00868343 -0.33041954 -0.28819370
v 0.01694153 -0.33571625 -0.29099959
v 0.01643291 -0.33673689 -0.28589472
v 0.00690190 -0.33408660 -0.27372557
v 0.01845788 -0.34132379 -0.27954751
v 0.03467016 -0.34130552 -0.30962652
v 0.05239262 -0.35533893 -0.28818908
v 0.05390611 -0.34982947 -0.30525839
v 0.03600398 -0.33817652 -0.31946740
v 0.02975139 -0.33580166 -0.31672019
v 0.06747949 -0.35958087 -0.28816956
v 0.06099843 -0.36368227 -0.27041599
v 0.06099745 -0.34717783 -0.31944707
v 0.06606971 -0.35184401 -0.30928558
v 0.07594247 -0.34943977 -0.31942427
v 0.08489026 -0.35783100 -0.29640886
v 0.09909338 -0.35883489 -0.29688692
v 0.09224424 -0.35287753 -0.31359652
v 0.08759191 -0.36323741 -0.27713424
v 0.09649009 -0.36406335 -0.27670226
v 0.07848784 -0.36567628 -0.26560530
v 0.09225044 -0.36566797 -0.26901159
v 0.10837397 -0.36449847 -0.26432371
v 0.11642699 -0.35840046 -0.28802988
v 0.11888456 -0.35230672 -0.31009787
v 0.10861634 -0.34947544 -0.31934947
v 0.13287653 -0.35381284 -0.28795606
v 0.12351015 -0.36157978 -0.26599258
v 0.12349510 -0.34815887 -0.31930766
v 0.13023576 -0.35018557 -0.30578238
v 0.14325903 -0.34955615 -0.29203939
v 0.14462067 -0.35227489 -0.28241512
v 0.13149036 -0.36092725 -0.26064390
v 0.15477401 -0.35445189 -0.26313952
v 0.15226656 -0.34005094 -0.31918764
v 0.16990723 -0.34133232 -0.28779086
v 0.15250361 -0.34129867 -0.31466764
v 0.17155661 -0.34018147 -0.29009044
v 0.17032148 -0.34116885 -0.28787142
v 0.17034137 -0.34120870 -0.28772742
v 0.17050572 -0.34112796 -0.28778866
v 0.17021766 -0.34133258 -0.28741768
v 0.17054762 -0.34118870 -0.28749958
v 0.16897577 -0.33421749 -0.31910288
v 0.15475892 -0.33966514 -0.31836566
v 0.18604675 -0.32785416 -0.31900921
v 0.18836047 -0.32803515 -0.31436542
v 0.18837869 -0.32688716 -0.31899253
v 0.19663173 -0.33127558 -0.28765315
v 0.21251097 -0.31976640 -0.29838735
v 0.20935693 -0.32607186 -0.27990723
v 0.19538763 -0.33508632 -0.27505055
v 0.22007814 -0.31565496 -0.30040321
v 0.22253548 -0.32056743 -0.27705714
v 0.21732461 -0.31549755 -0.30585116
v 0.22271009 -0.31285140 -0.30582714
v 0.24862881 -0.29580322 -0.31862202
v -0.19055881 -0.25041011 -0.28839910
v -0.19040549 -0.26442781 -0.25979376
v -0.18907765 -0.24914318 -0.29179227
v -0.18907247 -0.23207520 -0.31965569
v -0.15888345 -0.24794927 -0.30455667
v -0.18745886 -0.25068283 -0.28839800
v -0.15833464 -0.24841926 -0.30353811
v -0.16328879 -0.25833255 -0.27822706
v -0.18762077 -0.26455086 -0.26004177
v -0.15741980 -0.24826254 -0.30361539
v -0.15299758 -0.25711340 -0.27760273
v -0.12924895 -0.25279289 -0.28837410
v -0.15783805 -0.24810879 -0.30437484
v -0.15677467 -0.24795848 -0.30456346
v -0.12657450 -0.25071514 -0.29490361
v -0.12656978 -0.24306954 -0.31964028
v -0.10244320 -0.25102580 -0.30753320
v -0.12395498 -0.25268841 -0.28836530
v -0.09818093 -0.25320718 -0.30109227
v -0.10027590 -0.25741422 -0.27767545
v -0.06480674 -0.26389688 -0.31802738
v -0.05235682 -0.27880627 -0.28821981
v -0.09130394 -0.25548294 -0.29994529
v -0.08879287 -0.26050723 -0.27918872
v -0.07256003 -0.26455134 -0.28828710
v -0.06987074 -0.26899698 -0.26867294
v -0.06494930 -0.26358506 -0.31955606
v -0.09530928 -0.25267839 -0.30656177
v -0.04936052 -0.28076729 -0.28821427
v -0.06404254 -0.26408914 -0.31955484
v -0.04966402 -0.28009161 -0.29077926
v -0.03961153 -0.28222907 -0.31951463
v -0.04627356 -0.28302526 -0.29032105
v -0.02720203 -0.29898793 -0.29831323
v -0.03275646 -0.28907937 -0.31437328
v -0.01574274 -0.31008333 -0.29533648
v -0.01872246 -0.30305898 -0.31089091
v -0.04519414 -0.28518322 -0.28502640
v -0.02882964 -0.30223724 -0.27650502
v -0.01960153 -0.31007862 -0.27914670
v -0.01591589 -0.31848353 -0.26416284
v -0.03274672 -0.29996586 -0.26752818
v -0.02632019 -0.30685997 -0.26936480
v -0.05037352 -0.28079835 -0.28423432
v 0.22879285 -0.31017900 -0.29735985
v 0.23531288 -0.31019735 -0.28074962
v 0.21733281 -0.32705534 -0.26344028
v 0.23253718 -0.31778044 -0.26420075
v 0.24467297 -0.30232114 -0.28735477
v 0.24862850 -0.29617411 -0.31542179
v 0.25669634 -0.29409924 -0.28729257
v 0.24862586 -0.30285633 -0.27259085
v 0.24977626 -0.29514986 -0.31804118
v 0.25569963 -0.29105443 -0.31858242
v 0.26801014 -0.28644121 -0.29097113
v 0.26860601 -0.28762826 -0.28291032
v 0.25845143 -0.29951251 -0.26091269
v 0.27993444 -0.28585362 -0.25932932
v 0.27607504 -0.27705672 -0.31847447
v 0.27722770 -0.27899817 -0.28718650
v 0.27533224 -0.27898434 -0.30929047
v 0.29019082 -0.26824939 -0.29252142
v 0.29096961 -0.26980865 -0.28252530
v 0.30758831 -0.25506160 -0.28704956
v 0.28527004 -0.27901933 -0.26653492
v 0.27992761 -0.27481422 -0.31637362
v 0.30060577 -0.25809142 -0.31305397
v 0.31123072 -0.25149027 -0.29442847
v 0.31122464 -0.24753338 -0.31833279
v 0.31284624 -0.25102782 -0.28702635
v -0.31936884 -0.20609847 -0.26798719
v -0.28277540 -0.24747741 -0.24409336
v -0.28274834 -0.22927050 -0.26363200
v -0.25835487 -0.23530123 -0.26049212
v -0.29126984 -0.20218033 -0.28127217
v -0.30547541 -0.20911823 -0.27404946
v -0.29143932 -0.21626021 -0.27453533
v -0.24950022 -0.21625425 -0.28828570
v -0.27218875 -0.20604675 -0.28318071
v -0.25969958 -0.20152363 -0.28826958
v -0.27208084 -0.21625733 -0.27834052
v -0.25860980 -0.22475955 -0.27129227
v -0.26378313 -0.21295890 -0.28166431
v -0.23872191 -0.22194916 -0.28829440
v -0.25150496 -0.23491819 -0.26312962
v -0.23952669 -0.21989918 -0.29560778
v -0.23252006 -0.22296330 -0.29165804
v -0.21105017 -0.22900864 -0.29472521
v -0.19413704 -0.24744973 -0.29092619
v -0.18948993 -0.23201990 -0.31944641
v -0.22456771 -0.23890691 -0.27698880
v -0.21824898 -0.24341582 -0.27474329
v -0.20939165 -0.24747431 -0.27818733
v -0.20853689 -0.25336581 -0.26684591
v -0.22838512 -0.24344158 -0.26864621
v -0.22028738 -0.24749124 -0.26946217
v -0.22028565 -0.24577472 -0.27184886
v -0.21873750 -0.24671328 -0.27193645
v -0.24021044 -0.21190293 -0.29698393
v -0.25144166 -0.19062276 -0.29943871
v -0.23186615 -0.19082549 -0.30972540
v -0.22757041 -0.21623658 -0.30494016
v -0.21624009 -0.21622333 -0.31151974
v -0.19073458 -0.23098002 -0.31965259
v -0.21274868 -0.21244915 -0.31960735
v -0.22025460 -0.20486636 -0.31388700
v -0.15783158 -0.26040426 -0.26628333
v -0.13253446 -0.26010594 -0.26009056
v -0.12657309 -0.25779465 -0.26768899
v -0.12091466 -0.26026532 -0.25992551
v -0.09530367 -0.26049721 -0.26617414
v 0.30678570 -0.26120520 -0.25802720
v 0.31583872 -0.24780099 -0.28931987
v 0.31660551 -0.24780378 -0.28432903
v 0.31122673 -0.25457892 -0.27347761
v 0.32219774 -0.23764575 -0.31281757
v 0.33340198 -0.22961669 -0.29351926
v 0.34250912 -0.22114301 -0.31596959
v 0.33410624 -0.23103337 -0.27975154
v 0.32786995 -0.24050900 -0.26406389
v 0.34251124 -0.22429998 -0.25956768
v 0.34948108 -0.21658410 -0.28696260
v 0.34852573 -0.21657091 -0.30621946
v 0.36742085 -0.20731807 -0.30549872
v 0.35502648 -0.21034566 -0.29007855
v 0.35509425 -0.21048632 -0.28390375
v 0.36437413 -0.20417047 -0.28694385
v 0.35029486 -0.21659642 -0.27125889
v 0.34696060 -0.21878326 -0.31826222
v 0.37377831 -0.20576942 -0.31822279
v 0.37656173 -0.20374104 -0.31265298
v 0.37997988 -0.20405769 -0.31821564
v 0.37884268 -0.19546674 -0.28693381
v 0.40320113 -0.18905143 -0.30070856
v 0.40631744 -0.18791042 -0.30127826
v 0.40504384 -0.18950734 -0.30462652
v 0.41015726 -0.18792200 -0.30510524
v 0.43631408 -0.17822580 -0.31814295
v -0.33275715 -0.19124615 -0.26650593
v -0.34511226 -0.18506910 -0.26244625
v -0.34510300 -0.17438594 -0.26734379
v -0.33753175 -0.18127619 -0.26888600
v -0.34994420 -0.13228312 -0.27760610
v -0.35185158 -0.15382093 -0.27061158
v -0.31830251 -0.15382126 -0.28830957
v -0.33468577 -0.14339471 -0.28312930
v -0.32554889 -0.14595805 -0.28832400
v -0.33304325 -0.15382259 -0.28118548
v -0.32707313 -0.15623289 -0.28349274
v -0.32763401 -0.15197538 -0.28462434
v -0.30303633 -0.18505383 -0.28285110
v -0.30686045 -0.17099743 -0.28829688
v -0.31390762 -0.19058231 -0.27725130
v -0.31389391 -0.18175909 -0.28169894
v -0.30167580 -0.15723613 -0.29512012
v -0.28267169 -0.18503687 -0.29243943
v -0.29001290 -0.17033461 -0.29656363
v -0.27732939 -0.17436805 -0.29856381
v -0.26655108 -0.18503785 -0.29582310
v -0.30404416 -0.14803645 -0.29987305
v -0.31387141 -0.13029045 -0.30375475
v -0.29418325 -0.12836613 -0.30968753
v -0.29173160 -0.15382184 -0.30134755
v -0.27565202 -0.15382294 -0.30550182
v -0.25606662 -0.16477555 -0.31021842
v -0.25422278 -0.14103650 -0.31381840
v -0.28263959 -0.13563864 -0.31041330
v -0.25142938 -0.17667964 -0.30496711
v -0.23741630 -0.17640969 -0.31249517
v -0.24784924 -0.16583663 -0.31234339
v -0.23349792 -0.16042535 -0.31952411
v -0.24930052 -0.14030796 -0.31526893
v -0.23850618 -0.14464021 -0.31949326
v -0.25999150 -0.13391733 -0.31518131
v -0.25139424 -0.13636258 -0.31575650
v -0.24693683 -0.13598377 -0.31723440
v 0.36759377 -0.19790216 -0.25879195
v 0.39210969 -0.18538320 -0.27775937
v 0.37379777 -0.19471756 -0.26825929
v 0.40504727 -0.18537307 -0.29367363
v 0.41083863 -0.18537079 -0.29964972
v 0.40111351 -0.17750637 -0.27521971
v 0.41115543 -0.17322242 -0.27735054
v 0.39368629 -0.17970912 -0.26560384
v 0.40506375 -0.17089228 -0.26400447
v 0.42808920 -0.16894904 -0.28687787
v 0.42781234 -0.16128305 -0.27265128
v 0.43631542 -0.17448337 -0.30870980
v 0.45004410 -0.15801737 -0.28684658
v 0.44313654 -0.17318088 -0.31472498
v 0.45325816 -0.15677443 -0.28813705
v 0.46760383 -0.15721583 -0.31656629
v 0.45280102 -0.15586004 -0.28600669
v 0.45529670 -0.15419021 -0.28684163
v 0.46142471 -0.13535264 -0.27737910
v 0.45016596 -0.15598395 -0.28324994
v 0.45337006 -0.15418869 -0.28403300
v 0.46954483 -0.15419452 -0.31420246
v 0.47331923 -0.13436478 -0.29674512
v 0.47025472 -0.15551588 -0.31807879
v 0.47257495 -0.15171576 -0.31807849
v 0.48117319 -0.12975177 -0.30920339
v -0.37653595 -0.07597959 -0.25767532
v -0.35448787 -0.12255779 -0.27746978
v -0.34508830 -0.12256382 -0.28494251
v -0.33594549 -0.10429002 -0.29486102
v -0.32908693 -0.12257570 -0.29597145
v -0.35470629 -0.10330274 -0.28241563
v -0.36665893 -0.13336864 -0.26193035
v -0.36671370 -0.11173835 -0.26195055
v -0.34946245 -0.09133348 -0.28841016
v -0.35628790 -0.08254203 -0.28402066
v -0.37528911 -0.07672333 -0.25916526
v -0.35749367 -0.09132731 -0.28202546
v -0.33514017 -0.09134780 -0.29973584
v -0.32088423 -0.09994650 -0.30554646
v -0.32029927 -0.08220787 -0.30669260
v -0.33963364 -0.07100382 -0.29857898
v -0.31386411 -0.11288337 -0.30775425
v -0.29815722 -0.11483622 -0.31168634
v -0.30971175 -0.10283452 -0.31126484
v -0.29396451 -0.09706701 -0.31953984
v -0.25156793 -0.10711128 -0.31937313
v -0.31013596 -0.07948370 -0.31214768
v -0.29505885 -0.08517918 -0.31954283
v -0.31384146 -0.07047264 -0.30897620
v -0.30201885 -0.06988873 -0.31364867
v -0.25139245 -0.10698520 -0.31942192
v -0.25171337 -0.10683782 -0.31947395
v -0.25136667 -0.10704668 -0.31940171
v -0.25127822 -0.10705504 -0.31942907
v -0.25136647 -0.10681964 -0.31947351
v -0.25134149 -0.10698581 -0.31942302
v -0.25126740 -0.10696137 -0.31947345
v 0.46570829 -0.12299959 -0.27213377
v 0.46762994 -0.12299996 -0.27492720
v 0.48125613 -0.09585426 -0.28882903
v 0.47796428 -0.12299484 -0.29727593
v 0.48686522 -0.11339208 -0.31204790
v 0.46662959 -0.12100048 -0.27217317
v 0.46118096 -0.12621228 -0.26796055
v 0.46479946 -0.12158671 -0.26975873
v 0.48111185 -0.09178286 -0.28678930
v 0.46712148 -0.06173775 -0.27170095
v 0.46438965 -0.09178981 -0.26205525
v 0.48163497 -0.09178111 -0.29012245
v 0.48152006 -0.08822051 -0.28857237
v 0.48853001 -0.10217854 -0.31808108
v 0.48675343 -0.08226035 -0.31805956
v 0.48618519 -0.06979717 -0.31165224
v -0.37672973 -0.07550509 -0.25739497
v -0.37692443 -0.04484442 -0.25748888
v -0.37656322 -0.04422707 -0.25774512
v -0.36271143 -0.06011877 -0.28163248
v -0.37628400 -0.07520387 -0.25822094
v -0.37627241 -0.04527819 -0.25868413
v -0.34506264 -0.06013303 -0.29553995
v -0.33906710 -0.04817583 -0.29800737
v -0.33630079 -0.06014220 -0.29962519
v -0.35549182 -0.03924176 -0.28323650
v -0.34653324 -0.02892987 -0.28837511
v -0.37512124 -0.04336880 -0.25946340
v -0.35615730 -0.02891786 -0.27939194
v -0.33477736 -0.02895724 -0.29904288
v -0.32297426 -0.03541537 -0.30123571
v -0.32413709 -0.02369809 -0.29887658
v -0.33450934 -0.01877200 -0.29342067
v -0.34237230 -0.00302914 -0.27534816
v -0.31382126 -0.05192497 -0.30485591
v -0.29778486 -0.05260859 -0.31152219
v -0.30529588 -0.03609417 -0.30253026
v -0.28255147 -0.04121840 -0.31342173
v -0.30406219 -0.02311115 -0.30008209
v -0.31377670 -0.00002336 -0.29276732
v -0.28913385 -0.02900562 -0.30636412
v -0.28612643 -0.00500667 -0.30030495
v -0.27844590 -0.02901474 -0.31135118
v -0.28052455 -0.00178352 -0.30191523
v -0.26800105 -0.03628050 -0.31952167
v -0.26381627 -0.01968698 -0.31952387
v -0.27063102 -0.00374812 -0.30983931
v -0.25125280 0.00094742 -0.31951258
v 0.40347928 -0.00172640 -0.27299851
v 0.45088634 -0.02938378 -0.28677806
v 0.40860313 -0.00485872 -0.27455691
v 0.42845008 -0.01426607 -0.28682137
v 0.42826304 -0.02200368 -0.27199411
v 0.46654433 -0.06058986 -0.27170360
v 0.45176134 -0.03009476 -0.28677678
v 0.45172897 -0.02977199 -0.28755596
v 0.46769878 -0.06058965 -0.27304593
v 0.45271534 -0.03057834 -0.28737429
v 0.47417170 -0.04772189 -0.29594475
v 0.47940028 -0.06058284 -0.29655904
v 0.48294163 -0.05298376 -0.31001467
v 0.46586341 -0.06150420 -0.27021116
v 0.45802951 -0.05576288 -0.26629868
v 0.45074639 -0.02800858 -0.28953475
v 0.43652755 -0.00930495 -0.30919382
v 0.43653151 -0.00777309 -0.31814337
v 0.44210285 -0.01097016 -0.31533086
v 0.45657879 -0.02938215 -0.29569477
v 0.44876292 -0.03272598 -0.28008381
v 0.46878153 -0.02937843 -0.31600255
v 0.47046047 -0.03072578 -0.31805015
v 0.46919286 -0.02866239 -0.31805041
v 0.46776178 -0.02782061 -0.31727204
v -0.31806433 0.00222373 -0.29042679
v -0.33303887 0.00224942 -0.27867040
v -0.34501973 -0.00057257 -0.27127564
v -0.34321052 0.00136289 -0.27178878
v -0.34501848 0.00226754 -0.26997873
v -0.34152156 0.00401316 -0.27094448
v -0.31623781 0.00714699 -0.28828281
v -0.32127374 0.02534922 -0.27206343
v -0.31377295 0.00412356 -0.29209739
v -0.29877216 0.00220557 -0.29577872
v -0.30836424 0.01302408 -0.28828618
v -0.28251252 0.00219261 -0.29885542
v -0.27697664 0.00218969 -0.30113256
v -0.29421192 0.02558268 -0.28436285
v -0.26978040 0.02763118 -0.28536797
v -0.30247107 0.02912295 -0.27964878
v -0.29379731 0.03344076 -0.27960065
v -0.26371503 0.02708982 -0.28825888
v -0.26015037 0.03341778 -0.28825945
v -0.27011827 0.03342497 -0.28179735
v -0.26490858 0.03144653 -0.28430927
v -0.26397938 0.03632794 -0.28245088
v -0.25124806 0.01324200 -0.31040576
v -0.24545068 0.01488939 -0.31661069
v -0.24644600 0.02258988 -0.30989975
v -0.22949882 0.02866917 -0.31951705
v -0.24182166 0.03960524 -0.30064595
v -0.22353488 0.03517766 -0.31952208
v -0.24482256 0.05178909 -0.28828448
v -0.22670518 0.05130621 -0.29723108
v -0.19046098 0.04738513 -0.31622154
v -0.21551923 0.05566315 -0.29941601
v -0.18966325 0.06291951 -0.28829634
v -0.20541102 0.04073145 -0.31954059
v -0.22001639 0.03984696 -0.31631809
v -0.18879622 0.04590026 -0.31956178
v -0.18748693 0.04774482 -0.31694168
v -0.18551530 0.04741659 -0.31956854
v -0.18810676 0.06331360 -0.28829837
v -0.16057226 0.05866270 -0.30095711
v -0.15538038 0.06035730 -0.30181280
v -0.15755738 0.05736091 -0.30766693
v -0.14925252 0.06056876 -0.30816957
v -0.12631929 0.06613712 -0.31971550
v 0.33625215 0.06108914 -0.30608386
v 0.34043208 0.05960899 -0.30041477
v 0.34114116 0.06101563 -0.27319267
v 0.36438495 0.03908554 -0.29903063
v 0.37308431 0.03310525 -0.28704917
v 0.34830451 0.05334979 -0.29725611
v 0.34693110 0.05606253 -0.27564979
v 0.36319700 0.04266383 -0.28709149
v 0.36611801 0.04080223 -0.27163833
v 0.35680401 0.04015255 -0.31839842
v 0.34280390 0.05523044 -0.30735779
v 0.40069851 0.00183146 -0.27351439
v 0.38329431 0.02039917 -0.28698853
v 0.37404296 0.02719341 -0.31834108
v 0.38014442 0.02362031 -0.30608025
v 0.38493252 0.02296676 -0.31831157
v 0.40526831 0.00184470 -0.28692096
v 0.40217131 0.00807250 -0.29945299
v 0.40680322 0.00491407 -0.30101758
v 0.40528074 0.00721754 -0.30523682
v 0.41161636 0.00185745 -0.29935241
v 0.40937358 0.00391277 -0.30459470
v 0.40168080 0.00003933 -0.26943514
v 0.40525126 -0.00519777 -0.26769456
v 0.39682269 0.00604393 -0.26702893
v 0.38031095 0.02375348 -0.26831502
v -0.28252617 0.05594701 -0.26830304
v -0.27459213 0.06072591 -0.26870728
v -0.28252915 0.06470494 -0.26391774
v -0.26059064 0.07568792 -0.26172873
v -0.25268531 0.08173566 -0.25986999
v -0.23068964 0.06468552 -0.27800301
v -0.25127298 0.05892747 -0.27676940
v -0.25129136 0.07724503 -0.26326811
v -0.22002649 0.06468584 -0.28289863
v -0.22271441 0.07006264 -0.27537048
v -0.21781144 0.06912825 -0.27489990
v -0.19602580 0.06467698 -0.28467640
v -0.22003394 0.07498248 -0.26755062
v -0.19192465 0.07873379 -0.25860256
v -0.24989107 0.08175335 -0.25990391
v -0.18479890 0.06467547 -0.28630385
v -0.18878618 0.06387156 -0.28669086
v -0.15755086 0.06469601 -0.29036942
v -0.14726475 0.06471670 -0.29885003
v -0.16089830 0.07139306 -0.27603877
v -0.15356752 0.07265754 -0.27667886
v -0.18717426 0.07950098 -0.25783452
v -0.15754381 0.07802601 -0.26601565
v -0.13176011 0.07563910 -0.28838861
v -0.13142812 0.08547830 -0.26735777
v -0.12631288 0.07206054 -0.30304450
v -0.11598103 0.08540048 -0.28840971
v -0.11466055 0.07457177 -0.31389052
v -0.10737352 0.08940008 -0.29174164
v -0.09506902 0.09076180 -0.31712762
v -0.10837459 0.09139936 -0.28611225
v -0.10217561 0.09601396 -0.28842771
v -0.11629696 0.09036870 -0.27713665
v -0.10704482 0.09600322 -0.28114778
v -0.09161115 0.09605027 -0.31285727
v -0.08688445 0.11094676 -0.29593012
v -0.09196421 0.12110415 -0.27589664
v -0.09093715 0.09399552 -0.31978849
v -0.08563226 0.10078454 -0.31979176
v -0.07551711 0.11754696 -0.31393796
v -0.06380735 0.14122339 -0.31977490
v 0.27636719 0.12490933 -0.30500051
v 0.27847299 0.12322341 -0.30120632
v 0.28005528 0.12638143 -0.27201241
v 0.30021983 0.09990908 -0.29591596
v 0.30570659 0.09559916 -0.28729343
v 0.28601593 0.11542684 -0.29728016
v 0.28124768 0.12492158 -0.27273759
v 0.29956067 0.10288370 -0.28732139
v 0.30148438 0.10115892 -0.27617812
v 0.29412314 0.10254997 -0.31861228
v 0.28029528 0.12011713 -0.30640763
v 0.33513954 0.06435417 -0.29897344
v 0.33726436 0.06432912 -0.27431667
v 0.32005411 0.08135015 -0.28723443
v 0.32079083 0.07537755 -0.31387487
v 0.31155533 0.08373074 -0.31853032
v 0.31374329 0.08218266 -0.31414384
v 0.31387976 0.08116175 -0.31852126
v 0.33976394 0.06280679 -0.27002329
v 0.34279484 0.06004034 -0.26938671
v 0.33293241 0.06925133 -0.26663554
v 0.34278381 0.06430422 -0.25311524
v 0.31713334 0.08553679 -0.26718053
v -0.07641724 0.12728213 -0.29479152
v -0.08727507 0.12726335 -0.27670556
v -0.09504072 0.12207503 -0.27021280
v -0.09178930 0.12563117 -0.27118543
v -0.09503701 0.12725039 -0.26454359
v -0.08979411 0.12987928 -0.27019221
v -0.07307513 0.14584394 -0.28847104
v -0.06769487 0.15852642 -0.28846771
v -0.07481828 0.15392406 -0.27926973
v -0.07137293 0.16656306 -0.27238077
v -0.06380585 0.14217514 -0.31824052
v -0.06326362 0.14267023 -0.31950104
v -0.06313000 0.14361569 -0.31841812
v -0.06272166 0.14348431 -0.31977206
v -0.05691929 0.16729543 -0.30597797
v -0.05178377 0.16818112 -0.31974095
v -0.04627440 0.18292716 -0.31094956
v -0.05742398 0.17705056 -0.28844658
v 0.12390621 0.19492939 -0.31929004
v 0.15252572 0.18823723 -0.30487862
v 0.15441313 0.18803345 -0.30278489
v 0.15617788 0.18754843 -0.30253771
v 0.18269929 0.18200706 -0.28781325
v 0.15517461 0.18763979 -0.30450413
v 0.16352157 0.18537788 -0.30769095
v 0.18644626 0.17973164 -0.30738813
v 0.18644524 0.17809212 -0.31907922
v 0.19171946 0.17652708 -0.31641936
v 0.19199212 0.17840794 -0.28778043
v 0.20806031 0.17016274 -0.29368860
v 0.20878780 0.17159873 -0.28101426
v 0.23465307 0.15948290 -0.29022133
v 0.23811960 0.15817511 -0.28760827
v 0.23201919 0.16085146 -0.28896707
v 0.23176567 0.16135719 -0.28604832
v 0.23431948 0.16011372 -0.28762439
v 0.23528467 0.16010213 -0.28376180
v 0.22513469 0.16192354 -0.31890678
v 0.21771297 0.16579607 -0.31515765
v 0.27559239 0.12686914 -0.30069020
v 0.27967009 0.12684311 -0.27209103
v 0.25898913 0.14683703 -0.28751206
v 0.26825282 0.13290036 -0.30908638
v 0.24900670 0.14883612 -0.31878302
v 0.25421751 0.14773348 -0.30835694
v 0.25493366 0.14549015 -0.31875122
v 0.27989355 0.12664632 -0.27158582
v 0.28028607 0.12624140 -0.27148005
v 0.27908346 0.12744400 -0.27118480
v 0.28028503 0.12683949 -0.26932535
v 0.25635767 0.14984639 -0.27096385
v -0.07059784 0.17755011 -0.26061907
v -0.04730403 0.18978462 -0.29667753
v -0.05249622 0.18977430 -0.28279439
v -0.06378826 0.18120149 -0.27131307
v -0.04057921 0.19381595 -0.30808246
v -0.03783782 0.20039864 -0.29873973
v -0.03253050 0.19954759 -0.30892175
v -0.04039896 0.20551282 -0.28065851
v -0.05439338 0.20070150 -0.26188821
v -0.01740335 0.22101900 -0.28837371
v -0.03470626 0.22100505 -0.26151586
v -0.01711665 0.22101933 -0.28882769
v -0.01672162 0.22118656 -0.28870809
v -0.01698522 0.22121038 -0.28846890
v -0.01701540 0.22127056 -0.28824720
v -0.01676944 0.22125821 -0.28837273
v -0.01591347 0.22199090 -0.28642154
v -0.00872043 0.20915005 -0.31963688
v -0.00125790 0.21127006 -0.31962395
v 0.00935454 0.21069881 -0.31959304
v 0.04434057 0.21826164 -0.28959900
v 0.03003578 0.21148369 -0.31478101
v 0.04463275 0.21884029 -0.28720781
v 0.01271815 0.22265138 -0.29165530
v 0.03171160 0.22095504 -0.28828180
v 0.01767661 0.22097988 -0.29487380
v 0.01316024 0.22343080 -0.28831691
v 0.01544795 0.22309384 -0.28937191
v 0.01574450 0.22368428 -0.28695750
v 0.00776988 0.22758594 -0.27510929
v 0.04697081 0.21836407 -0.28825223
v 0.05722480 0.20942788 -0.31128126
v 0.04194115 0.22093506 -0.28079060
v 0.04785096 0.21876532 -0.28391629
v 0.05911277 0.20644195 -0.31948167
v 0.07267456 0.21231532 -0.28820491
v 0.06133367 0.20620357 -0.31947827
v 0.06254837 0.20653974 -0.31704956
v 0.06255271 0.20593701 -0.31947497
v 0.08251089 0.20985068 -0.29370102
v 0.10000496 0.20438966 -0.29636553
v 0.09262706 0.20427695 -0.31107420
v 0.11173922 0.19917576 -0.31324673
v 0.08137517 0.21210986 -0.28377977
v 0.10131515 0.20698965 -0.28116456
v 0.09262650 0.21262743 -0.26097479
v 0.12104715 0.20377126 -0.25819793
v 0.07064977 0.21456957 -0.27554315
v 0.11814710 0.20109317 -0.28804311
v 0.12390359 0.19749828 -0.30381727
v 0.15031892 0.18955939 -0.30113277
v 0.12783815 0.19746210 -0.28800696
v 0.12389435 0.20242333 -0.26230568
v 0.15517184 0.18954304 -0.28835690
v 0.15420662 0.19145617 -0.27325335
v 0.15586288 0.19091819 -0.27297905
v 0.16101685 0.18952322 -0.27518767
v 0.14033225 0.19695902 -0.26492462
v 0.15516871 0.19145696 -0.27132371
v 0.15756954 0.19072488 -0.27107847
v 0.18644726 0.18200006 -0.27282208
v 0.19612104 0.17867164 -0.26133409
v 0.21772701 0.16944245 -0.26205349
v -0.03251809 0.22329190 -0.25828448
v 0.03003402 0.22705387 -0.26010188
v 0.06056965 -0.37345216 -0.22559127
v 0.06101144 -0.37318256 -0.22682454
v 0.06100026 -0.36683467 -0.25689507
v 0.06141501 -0.37337297 -0.22558828
v 0.12351227 -0.36365157 -0.25667831
v -0.00380684 -0.35807797 -0.19560447
v -0.03574641 -0.31603837 -0.21309784
v -0.00920107 -0.33338571 -0.24154973
v -0.00699925 -0.34129319 -0.22572720
v -0.02500270 -0.32552043 -0.21784419
v -0.01394856 -0.33494881 -0.22572929
v -0.00567664 -0.35273150 -0.20282719
v -0.01378699 -0.33795780 -0.21906157
v -0.00735772 -0.32862246 -0.25695258
v 0.00790910 -0.35373840 -0.22571748
v -0.00148902 -0.35854229 -0.19769454
v -0.00149075 -0.33322221 -0.25695351
v 0.00780070 -0.34763390 -0.23837768
v 0.01671265 -0.34783494 -0.25694925
v 0.02218830 -0.35742068 -0.23376350
v 0.03459682 -0.36287713 -0.23645772
v 0.02975405 -0.35782313 -0.24868223
v 0.05882426 -0.37256658 -0.22669125
v 0.04663997 -0.36411628 -0.24973428
v 0.02855670 -0.37014863 -0.21123999
v 0.03036325 -0.37135941 -0.21062970
v 0.04669929 -0.37256414 -0.21846354
v 0.01967310 -0.36751023 -0.20499811
v 0.02976291 -0.37131861 -0.20940790
v 0.03170613 -0.37158996 -0.20904949
v -0.02613835 -0.31336036 -0.24463220
v 0.06840833 -0.37256786 -0.22926882
v 0.07629518 -0.37257037 -0.21787560
v 0.06101334 -0.37345394 -0.22381276
v 0.08532156 -0.36909926 -0.24463072
v 0.09089883 -0.36984211 -0.23976818
v 0.09366152 -0.36977157 -0.23972544
v 0.09226155 -0.36966357 -0.24258828
v 0.10096978 -0.36821386 -0.24546477
v 0.09180186 -0.37163386 -0.21028283
v 0.09275427 -0.37160799 -0.21029295
v 0.09054306 -0.37170920 -0.20895027
v 0.09227181 -0.37161794 -0.20933184
v 0.09465657 -0.37138087 -0.20861140
v 0.12111319 -0.36775014 -0.22537985
v 0.12351878 -0.36604628 -0.23843627
v 0.12606820 -0.36747801 -0.22536607
v 0.12352505 -0.36755517 -0.21533677
v 0.13640651 -0.36338335 -0.25018811
v 0.15041967 -0.36384514 -0.23657602
v 0.16068539 -0.36078358 -0.23500769
v 0.15478142 -0.35998952 -0.24722716
v 0.15123725 -0.36545712 -0.21323469
v 0.15972412 -0.36271474 -0.21458201
v 0.14176326 -0.36605275 -0.20317692
v 0.15479495 -0.36437088 -0.20557186
v 0.17796139 -0.35640931 -0.22520277
v 0.17960396 -0.35053593 -0.24355438
v 0.18218720 -0.35309410 -0.20169087
v 0.17234334 -0.35012281 -0.25648060
v 0.20002976 -0.34472951 -0.22508880
v 0.18604776 -0.34521136 -0.25643170
v 0.19927564 -0.34380758 -0.22993971
v 0.20262201 -0.34322253 -0.22599055
v 0.20264930 -0.34327543 -0.22413023
v 0.20566440 -0.33556208 -0.25631705
v 0.20557168 -0.34139526 -0.22505337
v 0.20416138 -0.34139183 -0.22997576
v 0.19731914 -0.34576151 -0.21633452
v 0.20521151 -0.34139434 -0.21806175
v 0.22593486 -0.32732284 -0.23199980
v 0.22645405 -0.32835317 -0.21840119
v 0.24551076 -0.31649217 -0.22484094
v 0.21733823 -0.32942724 -0.25026384
v 0.23497108 -0.31900048 -0.24931717
v 0.24864912 -0.31351405 -0.23139964
v 0.24863224 -0.30832979 -0.25607216
v 0.25014120 -0.31319809 -0.22481394
v -0.31513640 -0.24977160 -0.22595835
v -0.31732297 -0.26645020 -0.20134373
v -0.31399769 -0.24842305 -0.22782037
v -0.28442627 -0.24830253 -0.24237174
v -0.31239691 -0.25069749 -0.22595647
v -0.28420454 -0.25033334 -0.24011895
v -0.29124463 -0.26442671 -0.21876818
v -0.30960423 -0.26752692 -0.20350364
v -0.28117347 -0.25068578 -0.23993635
v -0.27381477 -0.26542440 -0.21922061
v -0.25967157 -0.26377839 -0.22585732
v -0.26016742 -0.27176964 -0.21186820
v -0.28277817 -0.24925447 -0.24243692
v -0.22029412 -0.28199568 -0.19610664
v -0.27855068 -0.24959157 -0.24365599
v -0.25154421 -0.25683147 -0.24456832
v -0.25151864 -0.24220678 -0.25708121
v -0.23901479 -0.25684088 -0.25085270
v -0.24045822 -0.26967829 -0.22583503
v -0.23139301 -0.26969635 -0.23036058
v -0.23331186 -0.27353549 -0.22321299
v -0.24006002 -0.27462375 -0.21754889
v -0.22633387 -0.27877700 -0.20660982
v -0.19654772 -0.27060130 -0.24213216
v -0.20737979 -0.27336279 -0.22850940
v -0.20613658 -0.27585602 -0.22434671
v -0.20333485 -0.27606872 -0.22580910
v -0.21168312 -0.27877754 -0.21176866
v -0.20306982 -0.27715519 -0.22257756
v -0.19335042 -0.26523829 -0.25713140
v -0.22030216 -0.26162803 -0.24853662
v -0.18907291 -0.26557091 -0.25712937
v -0.18515161 -0.26702276 -0.24927622
v -0.18533596 -0.26496691 -0.25712743
v -0.17664805 -0.27231520 -0.22580233
v -0.16952050 -0.27091745 -0.22972739
v -0.17048116 -0.27285096 -0.22285087
v -0.17717999 -0.27500507 -0.21828254
v -0.14735912 -0.26837593 -0.23099962
v -0.14618586 -0.27072066 -0.22179168
v -0.13727711 -0.26894420 -0.22580281
v -0.13548586 -0.27207690 -0.21241575
v -0.15782067 -0.26461175 -0.25005594
v -0.09524612 -0.28030759 -0.19520713
v -0.06646450 -0.29565454 -0.19568039
v -0.13034363 -0.26120538 -0.25521505
v -0.12656902 -0.26133972 -0.25358760
v -0.12657124 -0.26039684 -0.25710216
v -0.12242478 -0.26102269 -0.25502208
v -0.11630200 -0.26797217 -0.22577071
v -0.10483977 -0.26659709 -0.23184517
v -0.10606378 -0.26907170 -0.22090614
v -0.11812412 -0.27153596 -0.21129200
v -0.09723647 -0.27878022 -0.19842365
v -0.07512884 -0.27425548 -0.23477049
v -0.07328919 -0.27877912 -0.22572684
v -0.08263773 -0.27280414 -0.22872491
v -0.08188141 -0.27431321 -0.22350003
v -0.07786261 -0.27519995 -0.22572866
v -0.09085001 -0.27878204 -0.20326385
v -0.07020788 -0.28820822 -0.20686457
v -0.07784885 -0.27697662 -0.22212647
v -0.07571553 -0.26898888 -0.25698435
v -0.09529690 -0.26336080 -0.24933375
v -0.04149101 -0.31003505 -0.21446785
v -0.05509119 -0.29220480 -0.22571854
v -0.06399161 -0.29617336 -0.19795533
v -0.06402159 -0.27486449 -0.25697163
v -0.05602039 -0.28642303 -0.24098152
v -0.04976612 -0.28729892 -0.25696403
v -0.03274510 -0.31005037 -0.23477359
v -0.03463178 -0.30628294 -0.23944651
v -0.03198829 -0.30853972 -0.24057415
v -0.03274564 -0.30696458 -0.24287528
v -0.03079805 -0.31005430 -0.24035786
v -0.03099127 -0.30917865 -0.24220675
v -0.04129258 -0.31431314 -0.20580806
v -0.03273650 -0.32595518 -0.20212722
v 0.21736115 -0.33328602 -0.19782212
v 0.23675220 -0.31988233 -0.19959077
v 0.25421697 -0.31023651 -0.22756441
v 0.25442696 -0.31023550 -0.22191116
v 0.24865714 -0.31377712 -0.21772116
v 0.26080689 -0.30069157 -0.24992467
v 0.27346516 -0.29731923 -0.23385867
v 0.29397222 -0.28227633 -0.22622129
v 0.27993983 -0.28778183 -0.25152469
v 0.27364421 -0.29765183 -0.21539846
v 0.29390821 -0.28240716 -0.22292046
v 0.26537725 -0.30296379 -0.20184755
v 0.27996331 -0.29464296 -0.20126240
v 0.29636684 -0.28058338 -0.22459108
v 0.29655847 -0.28000495 -0.22651701
v 0.29995972 -0.27468011 -0.23330742
v 0.29769963 -0.27904394 -0.22458375
v 0.29696509 -0.28040981 -0.22185840
v 0.28561622 -0.28185785 -0.25587755
v 0.29766253 -0.27018607 -0.25583756
v 0.30747902 -0.26155406 -0.25394088
v 0.31122324 -0.25896576 -0.24687371
v 0.31122106 -0.25741893 -0.25580022
v 0.31620127 -0.25773633 -0.22453660
v 0.31266475 -0.26485890 -0.19608621
v -0.37771434 -0.18788964 -0.22576930
v -0.38137722 -0.20577444 -0.20461230
v -0.33506858 -0.22728062 -0.23139787
v -0.31606147 -0.24749528 -0.22698744
v -0.34078845 -0.23873225 -0.21466660
v -0.32178116 -0.24750543 -0.22203946
v -0.33062714 -0.25482124 -0.20299040
v -0.34518808 -0.24755621 -0.19574675
v -0.34518644 -0.24151796 -0.20723468
v -0.33962142 -0.24475138 -0.20747477
v -0.37632024 -0.18662563 -0.22882473
v -0.35752439 -0.19128367 -0.24764568
v -0.35242414 -0.21631961 -0.22583511
v -0.37095577 -0.19586006 -0.22578672
v -0.35703093 -0.20888552 -0.22954433
v -0.35871580 -0.21225692 -0.22378367
v -0.36513659 -0.21194428 -0.21701905
v -0.35791960 -0.21633065 -0.22014061
v -0.33671319 -0.21629561 -0.24019784
v -0.31948787 -0.22637379 -0.24612349
v -0.32713801 -0.20727727 -0.25710917
v -0.34513903 -0.20058343 -0.24923342
v -0.31399393 -0.24448146 -0.23197800
v -0.28819856 -0.24476795 -0.24425828
v -0.31396461 -0.21980470 -0.25715169
v -0.31066847 -0.22856446 -0.25053462
v -0.30237198 -0.22607517 -0.25714153
v -0.28277397 -0.27526176 -0.19638222
v -0.15778273 -0.27801150 -0.19486891
v 0.32514119 -0.24782358 -0.23145653
v 0.32548550 -0.24783307 -0.21739791
v 0.32917204 -0.24116188 -0.24678475
v 0.33606160 -0.23494455 -0.23366731
v 0.34251377 -0.22531599 -0.25135601
v 0.33623892 -0.23528087 -0.21515629
v 0.31595668 -0.26112488 -0.19562668
v 0.33194146 -0.24256386 -0.20358033
v 0.34254372 -0.22827929 -0.19905776
v 0.35255855 -0.21661600 -0.22447094
v 0.35119551 -0.21661127 -0.23837543
v 0.35562691 -0.21155272 -0.22699960
v 0.35561049 -0.21151897 -0.22191685
v 0.37275809 -0.18749143 -0.22444977
v 0.35265359 -0.21662501 -0.21344283
v 0.34832296 -0.21950312 -0.25570801
v 0.35793597 -0.20891561 -0.25569761
v 0.36758423 -0.19790122 -0.25258857
v 0.37380800 -0.18622534 -0.22610922
v 0.37380296 -0.18999252 -0.25568274
v 0.37400621 -0.18579064 -0.22444907
v -0.39295003 -0.15594573 -0.22680932
v -0.37903962 -0.18509939 -0.22712883
v -0.39410704 -0.15826175 -0.22355291
v -0.38191056 -0.18510363 -0.22296083
v -0.39239705 -0.19269718 -0.20254077
v -0.40755811 -0.18513680 -0.18048497
v -0.40752476 -0.16568561 -0.20037787
v -0.39652485 -0.17961532 -0.20459041
v -0.39427966 -0.15385118 -0.22576135
v -0.41005880 -0.12773156 -0.21271296
v -0.41116276 -0.15387999 -0.20178127
v -0.39301202 -0.15384819 -0.22798733
v -0.38888115 -0.15687366 -0.23181769
v -0.38670456 -0.14863804 -0.23619500
v -0.39360189 -0.15044418 -0.22747359
v -0.37631467 -0.18131538 -0.23333202
v -0.36570603 -0.17476377 -0.25173569
v -0.37270290 -0.16585793 -0.24982382
v -0.36524260 -0.16391683 -0.25704843
v -0.37432930 -0.14016926 -0.25314376
v -0.36977792 -0.14146110 -0.25708717
v -0.37629411 -0.13515379 -0.25098556
v -0.37253499 -0.13631609 -0.25520957
v 0.36646613 -0.19734284 -0.19689488
v 0.37454718 -0.18539542 -0.22481747
v 0.37438300 -0.18539537 -0.22416170
v 0.37380844 -0.18607889 -0.22308192
v 0.38761458 -0.17667758 -0.24877501
v 0.39341632 -0.16211018 -0.22837056
v 0.40507251 -0.16488226 -0.25028279
v 0.39270648 -0.16068844 -0.22115144
v 0.38132977 -0.17353591 -0.19696146
v 0.40127367 -0.15418532 -0.22439092
v 0.39441657 -0.15417972 -0.21447483
v 0.41261712 -0.15418649 -0.24055241
v 0.43115008 -0.14377260 -0.24521068
v 0.41503823 -0.14284699 -0.23004466
v 0.40793037 -0.12862758 -0.21156013
v 0.41697282 -0.16012645 -0.25562876
v 0.43633926 -0.14630228 -0.25559250
v 0.43882585 -0.14106528 -0.25062352
v 0.44258553 -0.14170416 -0.25558901
v 0.43634972 -0.13191167 -0.24221238
v 0.44362298 -0.13495246 -0.25194806
v -0.41129994 -0.12261875 -0.21206492
v -0.40750402 -0.12260959 -0.21720368
v -0.39530492 -0.09818633 -0.22929493
v -0.39197028 -0.12258890 -0.23368475
v -0.41104439 -0.11552793 -0.21372521
v -0.41269672 -0.12521990 -0.20755874
v -0.41466159 -0.11904407 -0.20658471
v -0.39877701 -0.09136996 -0.22588325
v -0.41224438 -0.06963350 -0.21502501
v -0.41574210 -0.09139046 -0.21110463
v -0.39462394 -0.09136217 -0.23135819
v -0.38354662 -0.09970313 -0.24262303
v -0.39627239 -0.08260006 -0.23028502
v -0.37682444 -0.07599820 -0.25717145
v -0.37629548 -0.10998037 -0.25107992
v -0.37256312 -0.10881341 -0.25528276
v -0.37628531 -0.07845270 -0.25717056
v -0.37430039 -0.10495158 -0.25315976
v -0.37146068 -0.10452364 -0.25716150
v -0.37726393 -0.07523838 -0.25668153
v 0.42774850 -0.12298077 -0.22863990
v 0.41289753 -0.12297566 -0.21261774
v 0.40510061 -0.12749135 -0.20647185
v 0.40768901 -0.12426318 -0.20743714
v 0.40510142 -0.12297059 -0.20300934
v 0.40511322 -0.10747919 -0.20095231
v 0.40839821 -0.12132887 -0.20707887
v 0.40473491 -0.06143687 -0.20910309
v 0.40365180 -0.09178038 -0.19602098
v 0.42585233 -0.10197026 -0.22431362
v 0.42652956 -0.09178349 -0.22430336
v 0.40759891 -0.06547435 -0.21112427
v 0.42418081 -0.08496550 -0.22430041
v 0.41153151 -0.09178247 -0.20587438
v 0.42304921 -0.09407037 -0.21972759
v 0.42274675 -0.08980064 -0.22033513
v 0.43636501 -0.11769582 -0.23491073
v 0.45017612 -0.11427545 -0.24866411
v 0.44383144 -0.09994979 -0.24064818
v 0.45897236 -0.09611840 -0.25552908
v 0.44340444 -0.08317408 -0.24153213
v 0.45824516 -0.08709024 -0.25552565
v 0.43641505 -0.06837215 -0.23988402
v 0.44831914 -0.07024673 -0.24957485
v -0.41344345 -0.06014638 -0.21326497
v -0.40750372 -0.06014047 -0.22203511
v -0.39533815 -0.03581434 -0.22937131
v -0.39544094 -0.06013389 -0.23551747
v -0.37769502 -0.04523004 -0.25645068
v -0.41202193 -0.05110249 -0.21482471
v -0.41873395 -0.06576899 -0.20466381
v -0.41645297 -0.05567311 -0.20581672
v -0.39691961 -0.02891350 -0.22591990
v -0.41372830 -0.02890560 -0.20714937
v -0.39369303 -0.02891502 -0.22953022
v -0.38826469 -0.02530325 -0.23314261
v -0.39365596 -0.02537839 -0.22768092
v -0.39684927 -0.01899236 -0.22094476
v -0.37694436 -0.04418219 -0.25716209
v -0.37627098 -0.04301119 -0.25715902
v -0.37133226 -0.01824974 -0.24725176
v -0.36414570 -0.01937845 -0.25711292
v -0.37626308 -0.00321620 -0.23687194
v -0.36452174 -0.00746606 -0.25121951
v 0.40458316 -0.06059436 -0.20896859
v 0.40515825 -0.06059450 -0.20987165
v 0.41370550 -0.04357885 -0.23140691
v 0.42287916 -0.06058096 -0.23107073
v 0.40407303 -0.05842370 -0.20976868
v 0.40452233 -0.06091090 -0.20836411
v 0.40441298 -0.06022278 -0.20830894
v 0.39521211 -0.00319806 -0.24497582
v 0.40171188 -0.02939592 -0.22431025
v 0.39629734 -0.01600804 -0.23102780
v 0.39413080 -0.02031461 -0.21976577
v 0.39556247 -0.02939910 -0.21231571
v 0.41213584 -0.02939443 -0.24168921
v 0.43468192 -0.04322354 -0.25198662
v 0.41953453 -0.02225444 -0.25553849
v 0.40522867 -0.01425713 -0.24797577
v 0.43644699 -0.04689582 -0.25170377
v 0.43891001 -0.04621691 -0.25429454
v 0.43645638 -0.04127068 -0.25552374
v 0.43730488 -0.04413765 -0.25381750
v 0.43877569 -0.04382985 -0.25552371
v -0.38211578 0.00228713 -0.22879513
v -0.39052713 0.00229241 -0.21874966
v -0.40750140 -0.00966743 -0.20430197
v -0.40123591 -0.00082911 -0.20714970
v -0.40749195 0.00230611 -0.18854353
v -0.39712948 0.00747986 -0.20508531
v -0.38012928 0.01000969 -0.22585435
v -0.36762270 0.03349350 -0.22581157
v -0.38314283 0.02477049 -0.20837255
v -0.37626293 0.00620465 -0.23370358
v -0.36083448 0.01017637 -0.24934280
v -0.36418656 0.02994736 -0.23290431
v -0.34501112 0.02454168 -0.25256813
v -0.36301437 0.03586562 -0.23055671
v -0.35412681 0.03348549 -0.23881842
v -0.36361909 0.03945313 -0.22579885
v -0.35625219 0.04225896 -0.23019323
v -0.36869472 0.04155452 -0.20969084
v -0.34046537 0.03348190 -0.24794868
v -0.31534696 0.04752515 -0.25393274
v -0.33831370 0.05132735 -0.23473060
v -0.33416715 0.02805596 -0.25704753
v -0.31377354 0.04513740 -0.25708243
v -0.31275874 0.04808466 -0.25505438
v -0.30979037 0.04710401 -0.25707722
v -0.31377262 0.05244209 -0.25040650
v -0.30977535 0.05109856 -0.25508648
v -0.18878166 0.07968989 -0.25702849
v 0.36734372 0.04201307 -0.24245399
v 0.37337935 0.03303550 -0.22447050
v 0.36553824 0.04735431 -0.22453940
v 0.36678591 0.04143957 -0.20765212
v 0.36428085 0.04382753 -0.25581819
v 0.39173400 0.00180296 -0.23322272
v 0.38704097 0.00180116 -0.21781911
v 0.38142264 0.01666168 -0.22440331
v 0.38728875 0.01079485 -0.24899817
v 0.37401372 0.03076467 -0.25574362
v 0.37928653 0.02271812 -0.24512202
v 0.38183779 0.02135888 -0.25569099
v 0.38758138 -0.00700245 -0.19989376
v 0.37900281 0.01488557 -0.19563733
v 0.34890854 0.06122832 -0.24333476
v 0.37702638 0.02044588 -0.19923896
v -0.34711790 0.06473444 -0.21123856
v -0.34502020 0.06473479 -0.21351571
v -0.32484230 0.06473725 -0.23136583
v -0.34600556 0.06670651 -0.21117783
v -0.34284964 0.06908160 -0.21237311
v -0.35268301 0.06090493 -0.20636043
v -0.34713987 0.06579596 -0.20912941
v -0.34502155 0.06890514 -0.20811495
v -0.32043976 0.07808185 -0.22585763
v -0.30223760 0.09601501 -0.22590716
v -0.32303506 0.08964233 -0.21314812
v -0.31377363 0.07114093 -0.23866060
v -0.30011797 0.07352033 -0.25027132
v -0.30008167 0.09409189 -0.22974342
v -0.28253868 0.08295934 -0.25061509
v -0.29909930 0.09695138 -0.22778316
v -0.29610190 0.09601436 -0.23003539
v -0.29922998 0.09814971 -0.22591469
v -0.29704821 0.09825367 -0.22703455
v -0.29666656 0.09901919 -0.22441773
v -0.30080897 0.09866587 -0.22062761
v -0.27352899 0.09600819 -0.23912030
v -0.26274788 0.10019750 -0.23428246
v -0.27115750 0.10447992 -0.23016083
v -0.27221623 0.10660054 -0.22064519
v -0.26285386 0.10417937 -0.22592615
v -0.25716794 0.08328685 -0.25709909
v -0.25129810 0.08358482 -0.25709677
v -0.24537705 0.08330798 -0.25709239
v -0.22004452 0.08583155 -0.25201723
v -0.18958363 0.07990441 -0.25662845
v -0.23994163 0.10025238 -0.23439619
v -0.22894225 0.09598675 -0.23933774
v -0.23983829 0.10430662 -0.22589016
v -0.23289062 0.10158323 -0.22866921
v -0.23056409 0.10624535 -0.22075775
v -0.20669043 0.09597141 -0.23036736
v -0.19260140 0.08413035 -0.24940982
v -0.20361134 0.09678268 -0.22745484
v -0.20515008 0.09742476 -0.22655866
v -0.20596439 0.09905197 -0.22429742
v -0.20361108 0.09759650 -0.22583166
v -0.18878172 0.08001656 -0.25645214
v -0.18821159 0.08001962 -0.25674352
v -0.18471570 0.08437873 -0.24889854
v -0.15753697 0.08609249 -0.25212038
v -0.17391516 0.09670077 -0.22730348
v -0.17155783 0.09595056 -0.22902055
v -0.17391597 0.09745091 -0.22580734
v -0.17248715 0.09731137 -0.22648582
v -0.17203419 0.09821729 -0.22467455
v -0.14850782 0.09594440 -0.23899716
v -0.13586114 0.10200399 -0.23790708
v -0.14541784 0.10297474 -0.22931412
v -0.14710420 0.10634367 -0.22061044
v -0.13432099 0.11112261 -0.22581217
v -0.14240845 0.08839165 -0.25706872
v -0.12629117 0.09531780 -0.25709331
v -0.12062559 0.10593808 -0.24576905
v -0.11475249 0.10584339 -0.25711504
v -0.11022249 0.11963819 -0.24908878
v -0.12197667 0.11861189 -0.22582406
v 0.30412072 0.10376204 -0.24123904
v 0.31751549 0.09550954 -0.22475877
v 0.30344319 0.11062396 -0.22481695
v 0.31051278 0.11012568 -0.19552244
v 0.30057344 0.10570696 -0.25606760
v 0.32456645 0.09034809 -0.22473451
v 0.31153306 0.09255473 -0.25602666
v 0.32055718 0.08893587 -0.23793632
v 0.31978875 0.08405872 -0.25599578
v 0.33799928 0.07382493 -0.23554084
v 0.34423289 0.06721015 -0.23883174
v 0.34277493 0.06751923 -0.24190849
v 0.34693852 0.06428821 -0.23819159
v 0.34515715 0.06548436 -0.24148029
v 0.33309960 0.08357532 -0.21874064
v 0.34704980 0.07286101 -0.21333535
v 0.35405189 0.06426209 -0.21464060
v 0.35646108 0.05739344 -0.20208326
v 0.34274080 0.07938012 -0.20149308
v 0.35012761 0.06794852 -0.20531389
v 0.28960407 0.12213922 -0.24515942
v 0.32400432 0.09236031 -0.21845970
v -0.28255522 0.10967894 -0.20149490
v -0.25448528 0.11324298 -0.19623026
v -0.25131553 0.11278695 -0.19690338
v -0.24834229 0.11314116 -0.19612628
v -0.22006363 0.11304151 -0.20314094
v -0.19569162 0.11505158 -0.19805010
v -0.18881088 0.11354692 -0.19848166
v -0.18317547 0.11442152 -0.19741559
v -0.15753736 0.11006561 -0.20160767
v -0.13834289 0.11760084 -0.20056798
v -0.11332840 0.12722580 -0.23233074
v -0.11661826 0.12721220 -0.22100246
v -0.12627149 0.12006657 -0.21153477
v -0.10413253 0.13179374 -0.24606782
v -0.10215669 0.14149077 -0.23439749
v -0.09503585 0.14472350 -0.25028378
v -0.10393499 0.14504562 -0.21915442
v -0.11433755 0.13686013 -0.20053197
v -0.09509183 0.15850025 -0.22592327
v -0.09902567 0.15847288 -0.20262782
v -0.08884726 0.15850978 -0.24481584
v -0.08597289 0.17162876 -0.23250650
v -0.08795178 0.17556842 -0.21743166
v -0.08544144 0.15371767 -0.25720620
v -0.07847285 0.16680163 -0.25721413
v -0.07304607 0.17877284 -0.25259316
v -0.06378733 0.19039811 -0.25720334
v 0.12389410 0.20319708 -0.25676477
v 0.18516026 0.18681231 -0.22527267
v 0.18646596 0.18573207 -0.23269469
v 0.18644653 0.18266848 -0.25654155
v 0.19768199 0.17942904 -0.25087786
v 0.18851176 0.18535392 -0.22526154
v 0.21051742 0.17495170 -0.23356910
v 0.21179676 0.17742340 -0.21549645
v 0.23834580 0.16305225 -0.23495421
v 0.24962041 0.15807007 -0.22501856
v 0.22843096 0.16803853 -0.23005700
v 0.22726709 0.17037313 -0.21895379
v 0.23691805 0.16511521 -0.22505845
v 0.23941058 0.16406584 -0.21304916
v 0.23062688 0.16459134 -0.25636452
v 0.21773532 0.17107838 -0.24995673
v 0.26138401 0.15148740 -0.22497606
v 0.24900842 0.15530428 -0.25628984
v 0.25868157 0.15209916 -0.23694155
v 0.26101720 0.14847165 -0.25624445
v 0.27354112 0.14027625 -0.23382568
v 0.28331593 0.13288161 -0.23748413
v 0.28027102 0.13387942 -0.24407452
v 0.28851935 0.12679149 -0.23638365
v 0.28532508 0.12932783 -0.24304274
v 0.27293497 0.14147455 -0.21665391
v 0.28372401 0.13366099 -0.21271229
v 0.28951341 0.12676404 -0.21386451
v 0.30741233 0.11316279 -0.19560070
v 0.28027827 0.13498628 -0.20516086
v 0.28672406 0.12998709 -0.20602635
v 0.25894386 0.15231070 -0.21351494
v -0.07613564 0.18977141 -0.23215379
v -0.08006060 0.18976693 -0.21785721
v -0.09503701 0.16756552 -0.19920322
v -0.08459585 0.18452345 -0.20511010
v -0.07684531 0.19884849 -0.20124152
v -0.07002056 0.20222045 -0.22598496
v -0.05476465 0.22101001 -0.22595529
v -0.06855128 0.21012497 -0.20422520
v -0.06378587 0.19956806 -0.24555677
v -0.05723438 0.20211892 -0.25392434
v -0.05448407 0.21468720 -0.23859543
v -0.04101667 0.21676013 -0.25715780
v -0.05058544 0.22343479 -0.23079206
v -0.03538468 0.22243521 -0.25714421
v -0.05003222 0.22475064 -0.22594751
v -0.04560081 0.22611335 -0.22848816
v -0.04502356 0.22726536 -0.22280785
v -0.05178661 0.22462903 -0.21871109
v -0.00465214 0.23319516 -0.25031030
v -0.02271839 0.23263994 -0.23172206
v -0.02365422 0.23450550 -0.21914551
v -0.00926926 0.23616725 -0.22587076
v -0.02022339 0.22713280 -0.25712574
v -0.03251850 0.22402798 -0.25562805
v -0.00125138 0.23205739 -0.25710300
v 0.00219338 0.23314604 -0.25021595
v 0.00960290 0.23116006 -0.25708246
v 0.00684926 0.23603004 -0.22582799
v 0.02037433 0.23285151 -0.23176171
v 0.02169415 0.23546042 -0.21850482
v 0.05137947 0.22655654 -0.23705857
v 0.04081193 0.23063931 -0.23060611
v 0.03959747 0.23307616 -0.21963082
v 0.04997800 0.22942427 -0.22570136
v 0.05653060 0.23164880 -0.20404975
v 0.03917848 0.22548187 -0.25701657
v 0.03003377 0.22864528 -0.25318310
v 0.06133401 0.21921480 -0.25694096
v 0.08063929 0.21487218 -0.25688815
v 0.10512511 0.21450058 -0.22867410
v 0.09263085 0.21385916 -0.25335541
v 0.12156124 0.20402282 -0.25560361
v 0.10545829 0.21515116 -0.22269981
v 0.07488544 0.22294308 -0.22982749
v 0.08519482 0.22081588 -0.22557575
v 0.08071039 0.22083069 -0.23301636
v 0.07553744 0.22374798 -0.22560400
v 0.07796866 0.22276458 -0.22656670
v 0.07805675 0.22293681 -0.22453861
v 0.07106978 0.22676089 -0.21374482
v 0.11184796 0.21364999 -0.22550893
v 0.09656708 0.22078633 -0.20207684
v 0.11520743 0.21385862 -0.21165836
v 0.12389558 0.20383465 -0.25406215
v 0.13308851 0.20785281 -0.22545271
v 0.13101447 0.20161884 -0.25318512
v 0.15027808 0.19929370 -0.23615055
v 0.15853174 0.19619964 -0.23766232
v 0.15517008 0.19569850 -0.24412894
v 0.17766452 0.18945077 -0.22970492
v 0.16261700 0.19321595 -0.24472572
v 0.14829573 0.20327991 -0.21667343
v 0.16023082 0.19950265 -0.21475264
v 0.18071124 0.18943569 -0.22240882
v 0.15521723 0.20196822 -0.20347720
v 0.17008251 0.19683962 -0.20225218
v 0.12935489 0.21053496 -0.20500952
v 0.18648000 0.18657191 -0.21956116
v 0.20280081 0.18186910 -0.20205578
v 0.21779042 0.17450947 -0.20206976
v -0.03251236 0.23312494 -0.20072985
v -0.00420810 0.23803848 -0.19605386
v -0.00121270 0.23835546 -0.19818130
v 0.00220517 0.23824021 -0.19624534
v 0.03007377 0.23699367 -0.20253223
v 0.09266170 0.22277868 -0.19526216
v -0.00148729 -0.36028025 -0.19444007
v 0.06103004 -0.37312758 -0.19425488
v 0.12353165 -0.36827776 -0.19409984
v -0.02258004 -0.35225791 -0.16861638
v -0.00486441 -0.35860848 -0.19274858
v -0.02250607 -0.35212481 -0.15768173
v -0.06398717 -0.29783636 -0.19444080
v -0.04918818 -0.31827134 -0.18703894
v -0.03482260 -0.34129208 -0.16311395
v -0.04364854 -0.33191165 -0.16781399
v -0.04423085 -0.33309066 -0.15899172
v -0.02699628 -0.34128612 -0.18296644
v -0.00677856 -0.36193228 -0.16309974
v -0.02991424 -0.34130397 -0.13733491
v -0.00730329 -0.35108286 -0.14345889
v -0.01020586 -0.35255623 -0.19444741
v -0.02635591 -0.33809808 -0.19445340
v -0.03272829 -0.33360308 -0.19060965
v -0.00148033 -0.36166406 -0.18493360
v 0.00181379 -0.36601546 -0.16307922
v 0.02539439 -0.37038106 -0.18089581
v 0.02949927 -0.37200254 -0.17839181
v 0.03000752 -0.37214446 -0.17846137
v 0.02978852 -0.37214428 -0.17890058
v 0.03048291 -0.37223437 -0.17902721
v 0.02522082 -0.36341044 -0.15194240
v 0.03352137 -0.36514798 -0.15104750
v 0.02981084 -0.35997686 -0.14100550
v 0.05585961 -0.35953721 -0.13422945
v 0.00223497 -0.35326385 -0.13907836
v 0.05933794 -0.36914375 -0.16295528
v 0.06104390 -0.36999434 -0.16810045
v 0.06256198 -0.36953139 -0.16294961
v 0.06105825 -0.36219090 -0.14215755
v 0.08765333 -0.37024114 -0.18086690
v 0.09092935 -0.36984533 -0.17718598
v 0.09374543 -0.36962661 -0.17707202
v 0.09228203 -0.36987787 -0.17987633
v 0.09843583 -0.36947784 -0.18160158
v 0.08798345 -0.36392274 -0.15156467
v 0.09688284 -0.36337876 -0.15182060
v 0.06496521 -0.35888267 -0.13356371
v 0.09230210 -0.35953945 -0.14072208
v 0.11954817 -0.36455661 -0.16284797
v 0.12057462 -0.35395485 -0.13753466
v 0.12354022 -0.36553556 -0.17688230
v 0.12836486 -0.36291164 -0.16283467
v 0.13760567 -0.36397153 -0.18703094
v 0.14854637 -0.36004379 -0.17215896
v 0.16400813 -0.35418546 -0.16918626
v 0.15480512 -0.36075106 -0.18431237
v 0.14649683 -0.35593820 -0.15547910
v 0.16589080 -0.35043287 -0.15819530
v 0.15481366 -0.34522212 -0.13349217
v 0.12722020 -0.35327446 -0.13888501
v 0.17442149 -0.34928188 -0.16272250
v 0.18021581 -0.35111374 -0.18222834
v 0.19242178 -0.34135884 -0.16266397
v 0.17508881 -0.34597325 -0.15345263
v 0.17972174 -0.35379761 -0.19393565
v 0.18607283 -0.35113531 -0.19391666
v 0.19953564 -0.33918598 -0.16700411
v 0.20994452 -0.33769864 -0.19379318
v 0.20011476 -0.33815756 -0.16264398
v 0.20411953 -0.33658537 -0.16501598
v 0.20466715 -0.33549976 -0.15968516
v 0.19730408 -0.33694544 -0.15382361
v 0.22562876 -0.32666272 -0.16988677
v 0.22467694 -0.32473725 -0.15418637
v 0.24598177 -0.31560916 -0.16239679
v 0.21736391 -0.33337173 -0.18974227
v 0.23686263 -0.31993443 -0.18775856
v 0.24868330 -0.31390452 -0.16973460
v 0.24866733 -0.31329715 -0.19360332
v 0.25009462 -0.31303218 -0.16236970
v -0.35194558 -0.25095925 -0.18236008
v -0.34882581 -0.25486392 -0.17533177
v -0.35081238 -0.25889221 -0.15333027
v -0.32202208 -0.27118492 -0.17859524
v -0.31082636 -0.27878323 -0.16337547
v -0.33712196 -0.26372197 -0.17091477
v -0.33479890 -0.26837417 -0.15813561
v -0.32656240 -0.27272019 -0.16338870
v -0.32457763 -0.27378291 -0.15333524
v -0.32150352 -0.26689202 -0.19469033
v -0.34519315 -0.25514174 -0.18278694
v -0.30010310 -0.28224421 -0.16336247
v -0.31400323 -0.27096984 -0.19469297
v -0.30108595 -0.28148302 -0.16879821
v -0.29642865 -0.28266913 -0.16530545
v -0.27110362 -0.28670537 -0.16727281
v -0.29609829 -0.28332508 -0.16107658
v -0.27164838 -0.28781766 -0.15877405
v -0.28273886 -0.28928238 -0.13727990
v -0.29137409 -0.27445659 -0.19464807
v -0.28866440 -0.27876753 -0.18282509
v -0.30129808 -0.28171554 -0.15748705
v -0.27960849 -0.27876511 -0.18828766
v -0.26283279 -0.28738898 -0.16328248
v -0.26123905 -0.28468409 -0.17510834
v -0.25651878 -0.28939149 -0.14200912
v -0.27900317 -0.27687711 -0.19462308
v -0.28277358 -0.27664399 -0.19357133
v -0.24040246 -0.28779683 -0.16323152
v -0.25152940 -0.27968651 -0.19455159
v -0.24204072 -0.28492394 -0.17553726
v -0.22664082 -0.28196123 -0.19451217
v -0.23185077 -0.28688112 -0.16726887
v -0.20896702 -0.28741944 -0.16750218
v -0.22029185 -0.28257012 -0.19260603
v -0.23176557 -0.28703791 -0.15907532
v -0.20903721 -0.28758270 -0.15876940
v -0.22024778 -0.29020637 -0.13757333
v -0.24668747 -0.28960848 -0.14155614
v -0.20129527 -0.28549325 -0.16316770
v -0.19819960 -0.28524292 -0.17611846
v -0.19887233 -0.28456429 -0.15160507
v -0.21395983 -0.28195298 -0.19450051
v -0.17591049 -0.28381529 -0.16318262
v -0.18904290 -0.28321961 -0.19449824
v -0.17858154 -0.28395519 -0.17357096
v -0.17112935 -0.28329968 -0.16545342
v -0.14275998 -0.28008094 -0.16380210
v -0.17115186 -0.28324932 -0.16094209
v -0.14275011 -0.28006473 -0.16251431
v -0.15772994 -0.28122497 -0.13305058
v -0.15878636 -0.27825588 -0.19449489
v -0.15945689 -0.27875936 -0.19113690
v -0.17793545 -0.28334141 -0.15403992
v -0.15276128 -0.27876759 -0.18445233
v -0.14140667 -0.28019974 -0.16315314
v -0.14096186 -0.27993980 -0.16546337
v -0.14062934 -0.28027123 -0.16018333
v -0.15621479 -0.27797434 -0.19449347
v -0.15778223 -0.27822623 -0.19422920
v -0.11353502 -0.28418565 -0.16313522
v -0.12651239 -0.27612889 -0.19446334
v -0.11491127 -0.28284878 -0.17127836
v -0.09780106 -0.28005967 -0.19444600
v -0.10741501 -0.28564200 -0.16656347
v -0.08627693 -0.29216897 -0.16982415
v -0.09524366 -0.28085959 -0.19340406
v -0.06731776 -0.29608348 -0.19277197
v -0.10725537 -0.28595462 -0.15953548
v -0.08648096 -0.29261404 -0.15618391
v -0.09518798 -0.28867152 -0.13669869
v -0.07573982 -0.30035138 -0.13764606
v -0.11576730 -0.28373420 -0.15323794
v -0.06464811 -0.30866203 -0.16309781
v -0.06395868 -0.30651397 -0.17019850
v -0.06297272 -0.31005648 -0.16358809
v -0.06313391 -0.31005698 -0.16268787
v -0.06364779 -0.30945215 -0.16309716
v -0.06394915 -0.30916119 -0.16129412
v -0.05406436 -0.32075089 -0.13668141
v -0.03269920 -0.33842766 -0.13317849
v 0.21739176 -0.32468200 -0.13968021
v 0.23089492 -0.31692845 -0.14012393
v 0.25524104 -0.31023106 -0.16560686
v 0.25498372 -0.31023180 -0.15920831
v 0.24868974 -0.31261805 -0.15758307
v 0.26624799 -0.30339184 -0.18474820
v 0.27432519 -0.29895893 -0.17222020
v 0.29053998 -0.28923061 -0.16726613
v 0.27997202 -0.29550761 -0.18521598
v 0.27415067 -0.29859084 -0.15249836
v 0.29072005 -0.28888500 -0.15727657
v 0.26448154 -0.30250812 -0.13895360
v 0.28000611 -0.29539573 -0.13919599
v 0.29837039 -0.28450906 -0.16214921
v 0.29963544 -0.28305990 -0.17009997
v 0.30405793 -0.27908066 -0.16211399
v 0.29951921 -0.28293538 -0.15441859
v 0.29381174 -0.28595629 -0.19338173
v 0.31126857 -0.26706591 -0.19330285
v 0.31319082 -0.26538208 -0.18946551
v 0.31336105 -0.26450956 -0.19329508
v 0.31715852 -0.26053318 -0.19034502
v 0.31890857 -0.26307493 -0.16206872
v 0.31565821 -0.26783383 -0.13952756
v -0.39352056 -0.21947534 -0.16483116
v -0.39356306 -0.21956173 -0.16169402
v -0.38131204 -0.23449636 -0.13446571
v -0.40809798 -0.18540697 -0.17913447
v -0.39549634 -0.21638462 -0.16328162
v -0.40798524 -0.18598852 -0.17844072
v -0.41308326 -0.19615158 -0.15316321
v -0.39430672 -0.21638170 -0.16795322
v -0.38520086 -0.22995539 -0.16329375
v -0.38371700 -0.22463423 -0.17983124
v -0.39635503 -0.21638748 -0.15451397
v -0.38973162 -0.20743915 -0.19452029
v -0.40755996 -0.18630138 -0.17944837
v -0.36437625 -0.24759951 -0.16933498
v -0.36852536 -0.24761494 -0.15936434
v -0.37417114 -0.24318711 -0.16330189
v -0.37637824 -0.24076863 -0.14955147
v -0.36702618 -0.23664787 -0.18988380
v -0.37636530 -0.22658728 -0.19454865
v -0.37478676 -0.23039117 -0.19137932
v -0.37307104 -0.23032048 -0.19455332
v -0.35818094 -0.25413421 -0.14113072
v -0.34516144 -0.26276189 -0.14008370
v 0.33040980 -0.24788404 -0.17156988
v 0.33143711 -0.24788842 -0.15198535
v 0.33378422 -0.24349754 -0.18201728
v 0.33770615 -0.23818293 -0.17276852
v 0.34255421 -0.23034874 -0.18638204
v 0.33816698 -0.23909888 -0.15080740
v 0.32455006 -0.25689059 -0.13743724
v 0.33421552 -0.24372250 -0.14224079
v 0.34256798 -0.22998783 -0.13743719
v 0.35431594 -0.21665087 -0.16199565
v 0.35371011 -0.21664575 -0.17093742
v 0.35623351 -0.21274574 -0.16394652
v 0.35609719 -0.21247309 -0.15990222
v 0.35308659 -0.21665481 -0.15179247
v 0.35043752 -0.22057669 -0.19323261
v 0.35938227 -0.20822173 -0.19322339
v 0.36650121 -0.19736388 -0.18956888
v 0.37381107 -0.18340723 -0.19321191
v -0.42885733 -0.15390435 -0.16325153
v -0.44069180 -0.14018591 -0.13583438
v -0.40847382 -0.18513769 -0.17840859
v -0.41911596 -0.18514180 -0.15342672
v -0.42682594 -0.16121434 -0.16325480
v -0.40828893 -0.18477225 -0.17923009
v -0.42621109 -0.15695155 -0.16934758
v -0.41407689 -0.15716711 -0.19447678
v -0.41919369 -0.19095275 -0.14185643
v -0.40758890 -0.20468056 -0.13788471
v -0.42986298 -0.17400268 -0.13652235
v -0.42660758 -0.15044825 -0.17015600
v -0.41491744 -0.15018478 -0.19448377
v -0.42374349 -0.13076094 -0.18700650
v -0.43039078 -0.13942936 -0.16326162
v -0.43200541 -0.16272742 -0.14562717
v 0.37227049 -0.18540342 -0.16273795
v 0.37215221 -0.18540421 -0.16113421
v 0.36373591 -0.19599165 -0.13577533
v 0.37290025 -0.18357643 -0.16196580
v 0.38293576 -0.15415607 -0.16195884
v 0.37381464 -0.18258540 -0.16760024
v 0.37381318 -0.17621620 -0.14358298
v 0.38007346 -0.17290536 -0.19007987
v 0.38190705 -0.16168825 -0.17702261
v 0.38503644 -0.16417819 -0.19319150
v 0.37482980 -0.17029212 -0.13122360
v 0.38535732 -0.15007730 -0.17011675
v 0.39243835 -0.14785799 -0.19317338
v 0.39449078 -0.12824008 -0.18282539
v 0.38507330 -0.14543162 -0.16195059
v 0.37603122 -0.16756505 -0.13514920
v 0.38286453 -0.14758709 -0.14881505
v -0.44179183 -0.13679521 -0.13354556
v -0.44375324 -0.10953750 -0.13457309
v -0.43613121 -0.09142513 -0.16333985
v -0.44238871 -0.10343570 -0.13932458
v -0.44175214 -0.07879971 -0.13811271
v -0.43148136 -0.12266232 -0.16691375
v -0.43343872 -0.12266694 -0.16061264
v -0.43396705 -0.11308543 -0.16329467
v -0.43878567 -0.13284697 -0.14292954
v -0.43877214 -0.11467621 -0.14732248
v -0.42678690 -0.11300478 -0.18856496
v -0.43133074 -0.09962196 -0.17974722
v -0.42409194 -0.09970019 -0.19457716
v -0.43225157 -0.08227719 -0.18163404
v -0.42593235 -0.08218225 -0.19461575
v -0.42890370 -0.07086751 -0.18971968
v -0.43659073 -0.06448126 -0.16340408
v 0.39383578 -0.12295201 -0.17191105
v 0.38996261 -0.12293704 -0.15386713
v 0.39642918 -0.11863192 -0.18185002
v 0.40261686 -0.09302727 -0.19308425
v 0.39363536 -0.10007641 -0.16604960
v 0.39226753 -0.09734486 -0.15909003
v 0.38517147 -0.13286400 -0.13638496
v 0.38843238 -0.11462750 -0.13799879
v 0.40287140 -0.09065627 -0.19308068
v 0.39832023 -0.06398176 -0.18085781
v 0.39439484 -0.09175616 -0.16188076
v 0.39910457 -0.09177146 -0.18108283
v 0.39430040 -0.08214666 -0.16667715
v 0.39407372 -0.08259173 -0.15727314
v 0.39261657 -0.09175290 -0.15559480
v -0.44356382 -0.07340813 -0.13454629
v -0.44143686 -0.04590377 -0.13352913
v -0.43108314 -0.02892003 -0.16343443
v -0.44025075 -0.04304733 -0.13519959
v -0.43581575 -0.06017044 -0.16487859
v -0.43669105 -0.06017110 -0.16238663
v -0.43523449 -0.05314956 -0.16342072
v -0.43875182 -0.06525739 -0.15324293
v -0.43874478 -0.05265497 -0.14838126
v -0.42652112 -0.05064839 -0.18854788
v -0.42869920 -0.03450045 -0.17459750
v -0.41984892 -0.03508680 -0.19468322
v -0.42735893 -0.02467497 -0.17192146
v -0.41702384 -0.02415169 -0.19468033
v -0.41081926 0.00064249 -0.18070225
v -0.42777616 -0.01959207 -0.16342194
v -0.43209863 -0.01993617 -0.14542475
v 0.39675963 -0.06058398 -0.17326412
v 0.39632985 -0.06058209 -0.15061167
v 0.39741734 -0.05673013 -0.18131052
v 0.39442825 -0.03475703 -0.19307062
v 0.39109355 -0.03252861 -0.16335978
v 0.39099994 -0.03234302 -0.16033325
v 0.39483306 -0.06570952 -0.14108302
v 0.39561081 -0.05583582 -0.14144148
v 0.39079851 -0.02222113 -0.19307628
v 0.38637805 -0.00760292 -0.18685545
v 0.39068526 -0.02941473 -0.16179726
v 0.39055267 -0.02941460 -0.16383073
v 0.39012644 -0.02823913 -0.16238604
v 0.39015573 -0.02818005 -0.16117643
v 0.39053929 -0.02941438 -0.15978813
v -0.41123152 0.00230747 -0.17716141
v -0.42029896 0.00230920 -0.15418769
v -0.40959528 0.00336028 -0.18008578
v -0.40923354 0.00579932 -0.17727949
v -0.40748736 0.00641604 -0.18108253
v -0.41359138 0.01453550 -0.15387113
v -0.42901123 -0.00846459 -0.13701120
v -0.42151678 0.00932760 -0.14073986
v -0.40746272 0.02965312 -0.13404965
v -0.39739302 0.03352624 -0.16336659
v -0.39507639 0.03352335 -0.16979653
v -0.38374490 0.04163444 -0.17959505
v -0.39377442 0.03735245 -0.16527526
v -0.39416233 0.03813380 -0.16105732
v -0.38448370 0.04827169 -0.16334276
v -0.40281439 0.03352993 -0.14141686
v -0.38909227 0.02431222 -0.19460699
v -0.37625480 0.04114545 -0.19458464
v -0.37399405 0.04686312 -0.19005835
v -0.37156099 0.04677378 -0.19457427
v -0.36793390 0.05328621 -0.19041638
v -0.37359059 0.05944151 -0.16331951
v 0.37359086 0.01717532 -0.13071585
v 0.36515599 0.03979212 -0.17554840
v 0.36702031 0.03298469 -0.16189444
v 0.36216670 0.04062284 -0.16193554
v 0.37320429 0.01811043 -0.13204382
v 0.36313653 0.03776454 -0.15231328
v 0.36480927 0.04404195 -0.19324315
v 0.38237458 0.00177772 -0.16602859
v 0.38269007 0.00177538 -0.15743181
v 0.37795156 0.00976934 -0.16183141
v 0.37395576 0.01652426 -0.13220571
v 0.37837127 0.01519774 -0.19092034
v 0.37397683 0.02472326 -0.19315772
v 0.37604359 0.01946316 -0.18898848
v 0.37695798 0.01888750 -0.19313388
v 0.38538957 -0.00811173 -0.13624191
v 0.35466737 0.05827256 -0.18365721
v -0.38637090 0.05421501 -0.13714167
v -0.36671099 0.06475051 -0.16809262
v -0.36895198 0.06474929 -0.15966839
v -0.37623841 0.06027165 -0.15435208
v -0.35693341 0.07070874 -0.18490718
v -0.35181695 0.07835738 -0.17216980
v -0.34502497 0.08244051 -0.18781921
v -0.35323864 0.08120932 -0.15593523
v -0.36512828 0.07483020 -0.13763165
v -0.34501171 0.08682101 -0.13667074
v -0.33140898 0.09602913 -0.16337532
v -0.33102995 0.09602809 -0.16661286
v -0.32720450 0.09824175 -0.16780515
v -0.32996547 0.09713706 -0.16393179
v -0.32994735 0.09710106 -0.16284232
v -0.32857215 0.09771385 -0.16337983
v -0.33141655 0.09602883 -0.15935546
v -0.32701695 0.09842719 -0.15858011
v -0.33192784 0.08946401 -0.19462007
v -0.31379139 0.10115594 -0.19467109
v -0.30698651 0.10485545 -0.18103544
v -0.30122846 0.10537930 -0.19466774
v -0.30300006 0.10569707 -0.16337158
v -0.29237428 0.10763431 -0.16917300
v -0.29151478 0.10934445 -0.15669006
v -0.30734685 0.10521297 -0.14498605
v -0.27479061 0.11175033 -0.17121708
v -0.27568033 0.11352647 -0.15456590
v -0.25579423 0.11829151 -0.16332211
v -0.28255308 0.10865533 -0.18833657
v -0.25412259 0.11306117 -0.19323410
v -0.25131479 0.11469772 -0.18853673
v -0.25131550 0.11335967 -0.19463915
v -0.24361709 0.11550120 -0.19077933
v -0.24775860 0.12015762 -0.16331133
v -0.22285953 0.12167086 -0.17616826
v -0.21785618 0.12283210 -0.17675002
v -0.18935758 0.12614328 -0.16331735
v -0.22006772 0.12064761 -0.18227690
v -0.20342088 0.11892249 -0.18729782
v -0.18881284 0.12410972 -0.16957307
v -0.18881287 0.11600995 -0.19460694
v -0.17828441 0.11686143 -0.18932955
v -0.18828534 0.12617853 -0.16331723
v -0.16091463 0.12046596 -0.17555679
v -0.15430868 0.12074648 -0.17569172
v -0.15753931 0.11643220 -0.18431275
v -0.14478725 0.12082563 -0.18528622
v -0.12626708 0.12603195 -0.19453028
v 0.31091854 0.11052737 -0.19237152
v 0.30512577 0.11392659 -0.16225752
v 0.30684650 0.10639571 -0.14028561
v 0.31057954 0.11065131 -0.19354156
v 0.31150159 0.10996426 -0.19353959
v 0.33329290 0.09076133 -0.19346708
v 0.34567183 0.07014183 -0.17480469
v 0.34273022 0.07754274 -0.18443984
v 0.34916013 0.06423794 -0.17449728
v 0.34886494 0.06730869 -0.18080689
v 0.34393856 0.06664278 -0.14763233
v 0.34540680 0.06421459 -0.14774391
v 0.34627700 0.06243611 -0.14460903
v 0.34273109 0.06420548 -0.13251957
v 0.34272557 0.06701226 -0.14501503
v 0.34447762 0.06508932 -0.14552665
v 0.31973821 0.10286079 -0.17701283
v 0.30315477 0.11528940 -0.18937391
v 0.32786542 0.09547412 -0.16221449
v 0.32825285 0.09547468 -0.16449812
v 0.32636553 0.09696756 -0.16221923
v 0.32750237 0.09625555 -0.16260827
v 0.32739073 0.09603187 -0.16193660
v 0.32593641 0.09664842 -0.15985875
v 0.32754993 0.09547348 -0.16133469
v -0.28254592 0.11302102 -0.14055465
v -0.26590991 0.11892894 -0.13932472
v -0.22434038 0.12723397 -0.14978099
v -0.25130492 0.12148792 -0.15176043
v -0.22006196 0.12723471 -0.15316539
v -0.22050139 0.12811208 -0.14807522
v -0.21954598 0.12825927 -0.14815016
v -0.20461112 0.12723148 -0.15538821
v -0.22182132 0.12811029 -0.14675096
v -0.22006039 0.12828529 -0.14710449
v -0.21802740 0.12824409 -0.14661512
v -0.17276722 0.12721474 -0.15527639
v -0.18881172 0.12638931 -0.16162793
v -0.15753962 0.12719859 -0.15100572
v -0.13648115 0.12717593 -0.16836692
v -0.15802406 0.12816581 -0.14813010
v -0.15697376 0.12832846 -0.14821167
v -0.15951572 0.12818553 -0.14665358
v -0.15753949 0.12829313 -0.14709595
v -0.15341944 0.12925008 -0.14558169
v -0.12831673 0.13127576 -0.16324785
v -0.12626050 0.13066368 -0.17024434
v -0.12158187 0.13652393 -0.16326050
v -0.12625867 0.13308993 -0.15137357
v -0.11585401 0.13760836 -0.18934472
v -0.10425991 0.15384287 -0.19461097
v -0.10670304 0.15055390 -0.16724858
v -0.10636063 0.14986841 -0.15901366
v -0.11974595 0.13952284 -0.13523531
v -0.09498396 0.15079325 -0.13576117
v -0.09930504 0.16060507 -0.19463709
v -0.10081270 0.15842770 -0.16332072
v -0.10101654 0.15845202 -0.18262598
v -0.08957814 0.17879567 -0.17357187
v -0.08786823 0.17538442 -0.15486491
v -0.09059846 0.15839654 -0.14078164
v -0.09503662 0.16931671 -0.18923321
v -0.08631512 0.18536595 -0.18343511
v 0.18366684 0.18356697 -0.16265328
v 0.18494301 0.17204197 -0.13459709
v 0.21784161 0.15483892 -0.13277005
v 0.18654647 0.18424651 -0.17289811
v 0.18651898 0.18869370 -0.19397533
v 0.20096056 0.18093084 -0.18669847
v 0.19148715 0.17948790 -0.16262527
v 0.20961197 0.17290929 -0.16999859
v 0.20813420 0.16993430 -0.15661459
v 0.18959615 0.17067489 -0.13731860
v 0.21480063 0.15802328 -0.13728182
v 0.23438293 0.15896775 -0.16436507
v 0.23509929 0.15802416 -0.16247587
v 0.23266166 0.15958837 -0.16326725
v 0.23290533 0.15910128 -0.16194677
v 0.23384915 0.15884019 -0.16248150
v 0.23041667 0.15802404 -0.15641150
v 0.23387551 0.15845846 -0.16161317
v 0.23392560 0.16611305 -0.19378993
v 0.21780413 0.17264223 -0.18655801
v 0.25796995 0.14454633 -0.16237043
v 0.24905702 0.15801302 -0.19372995
v 0.25633824 0.14966108 -0.17911693
v 0.26186734 0.14879814 -0.19368839
v 0.27785146 0.13161021 -0.17552619
v 0.28139225 0.12894623 -0.17684877
v 0.28028578 0.13075072 -0.17997390
v 0.28444561 0.12673026 -0.17586599
v 0.28331444 0.12824896 -0.17947085
v 0.27887684 0.12954903 -0.14809285
v 0.28091204 0.12794507 -0.14728487
v 0.28268790 0.12670840 -0.14786169
v 0.28400171 0.12485036 -0.14479576
v 0.28029552 0.12670507 -0.14270981
v 0.28029472 0.12806669 -0.14598696
v 0.28130764 0.12721485 -0.14615595
v 0.24915139 0.14241156 -0.13122033
v -0.08250297 0.18971267 -0.17277060
v -0.07884781 0.19783431 -0.18718065
v -0.07899714 0.18968827 -0.15574440
v -0.07331615 0.17881100 -0.13679722
v -0.07074124 0.20362368 -0.16338952
v -0.06900194 0.21056640 -0.18428566
v -0.05101762 0.22095102 -0.16338462
v -0.07152387 0.20923236 -0.19473058
v -0.06375144 0.19796728 -0.14668167
v -0.06379616 0.21568525 -0.19471401
v -0.05334513 0.20007017 -0.13719949
v -0.03245171 0.21175961 -0.13653293
v -0.04956139 0.22237393 -0.16623133
v -0.04609152 0.22775936 -0.19468436
v -0.04875598 0.22218671 -0.16338056
v -0.04712743 0.22296338 -0.16438584
v -0.04744416 0.22232649 -0.16268559
v -0.05009300 0.21898055 -0.15944362
v -0.04880966 0.22162092 -0.16202828
v -0.04581733 0.22093597 -0.15873615
v -0.02159541 0.23041765 -0.16806842
v -0.02037411 0.22798257 -0.15976052
v -0.01170033 0.23114008 -0.16327100
v -0.02500680 0.22088456 -0.14689302
v -0.01080347 0.22688180 -0.15122867
v -0.03250659 0.23175901 -0.18923643
v 0.03015260 0.21985237 -0.13229771
v -0.00373655 0.23780105 -0.19329159
v -0.00120767 0.23792905 -0.19174989
v -0.00121014 0.23825566 -0.19454588
v 0.00213817 0.23820193 -0.19286096
v 0.00824230 0.23331261 -0.16321120
v 0.02145399 0.23482582 -0.17016053
v 0.01997218 0.23182690 -0.15767278
v 0.00731107 0.22801676 -0.14885703
v 0.02902889 0.22081310 -0.13406765
v 0.05727617 0.23236056 -0.18615243
v 0.03887952 0.23458824 -0.16999578
v 0.04037791 0.23160484 -0.15771233
v 0.05094651 0.23117590 -0.16307634
v 0.03130256 0.22081116 -0.13412140
v 0.05201243 0.22702642 -0.15060191
v 0.05474634 0.23316097 -0.19438475
v 0.03009252 0.23679604 -0.18648025
v 0.06137527 0.23188086 -0.19436319
v 0.10642617 0.21690802 -0.16485822
v 0.10585832 0.21575642 -0.16044162
v 0.09274826 0.21135157 -0.13634910
v 0.11620482 0.20116194 -0.13550332
v 0.06852892 0.22931525 -0.18006201
v 0.08124954 0.22650531 -0.19430062
v 0.09359533 0.22076067 -0.16296495
v 0.07434331 0.22622137 -0.16301049
v 0.07920042 0.22506456 -0.16514154
v 0.07901172 0.22467047 -0.16105057
v 0.07363953 0.22420885 -0.15614209
v 0.08226599 0.22076380 -0.15260759
v 0.09815961 0.22076888 -0.18328401
v 0.11139180 0.21465234 -0.16292331
v 0.11347686 0.21560201 -0.17320584
v 0.09522493 0.22206151 -0.19425645
v 0.09266381 0.22300278 -0.19315480
v 0.13220426 0.20587248 -0.16286771
v 0.12401743 0.20040700 -0.14090493
v 0.12394702 0.21300289 -0.19417819
v 0.12948644 0.21061724 -0.18311200
v 0.13362800 0.20993346 -0.19414769
v 0.14964908 0.20063940 -0.17284150
v 0.15905114 0.19699435 -0.17461646
v 0.15524545 0.19925770 -0.18334830
v 0.17349230 0.18937668 -0.16923289
v 0.16723758 0.19539167 -0.18438172
v 0.15360831 0.19275895 -0.14880773
v 0.15630102 0.19140962 -0.14812337
v 0.16252226 0.18938133 -0.15070666
v 0.16678810 0.18362169 -0.14130472
v 0.14891788 0.19258739 -0.14394528
v 0.15529631 0.18938980 -0.14359286
v 0.15529327 0.19109413 -0.14626478
v 0.15721938 0.19035113 -0.14614585
v 0.06106310 -0.35842735 -0.13161324
v -0.06393564 -0.30969548 -0.13171202
v -0.05018061 -0.31881529 -0.12481282
v -0.03900835 -0.32272446 -0.10966244
v -0.01025505 -0.33450240 -0.11398417
v -0.02481319 -0.32578933 -0.10812081
v -0.00956647 -0.32632250 -0.10032040
v -0.02898110 -0.33944932 -0.13172822
v -0.03269601 -0.33670852 -0.12942201
v -0.00144228 -0.34847131 -0.13169280
v 0.00900171 -0.35172600 -0.13167214
v 0.02981422 -0.35212833 -0.12622079
v 0.05898201 -0.35797316 -0.13057038
v 0.00990334 -0.33702019 -0.10891426
v 0.01947779 -0.34131557 -0.11088699
v 0.00933592 -0.33158445 -0.10030106
v 0.01661850 -0.33646563 -0.10272136
v 0.01906890 -0.33156142 -0.09540401
v 0.04373115 -0.34131747 -0.10369897
v 0.05289332 -0.34876439 -0.11521356
v 0.04611733 -0.34064171 -0.10161483
v 0.04478183 -0.33999345 -0.10092679
v 0.04390512 -0.33823889 -0.09872246
v 0.04618814 -0.33982417 -0.10026354
v 0.06106323 -0.35762092 -0.13023108
v 0.06262304 -0.35771203 -0.13082945
v 0.06526029 -0.35272932 -0.12319221
v 0.09230654 -0.35193869 -0.12625659
v 0.07482306 -0.33944425 -0.10400581
v 0.08006395 -0.34129757 -0.10707577
v 0.07464359 -0.33723164 -0.10029209
v 0.07819160 -0.33825827 -0.10181513
v 0.07978918 -0.33505845 -0.09717313
v 0.10247810 -0.34130719 -0.11120320
v 0.11155861 -0.33767080 -0.10756761
v 0.10523341 -0.33591968 -0.10299240
v 0.10283905 -0.33113471 -0.09520601
v 0.11162049 -0.33390808 -0.10029754
v 0.11455037 -0.35243046 -0.13156839
v 0.12355840 -0.35110706 -0.13156833
v 0.14397435 -0.34673095 -0.13154694
v 0.15481439 -0.34372112 -0.13033193
v 0.13473876 -0.33686420 -0.10918556
v 0.15115798 -0.34131485 -0.12421930
v 0.13466430 -0.33226630 -0.10028116
v 0.14323670 -0.33322516 -0.10432252
v 0.14647059 -0.32678199 -0.09297648
v 0.15733840 -0.34131753 -0.12648515
v 0.18027726 -0.33153662 -0.11981429
v 0.16488460 -0.33016795 -0.10581489
v 0.16139698 -0.32319260 -0.09114258
v 0.18002610 -0.32227111 -0.10017598
v 0.15881595 -0.34331572 -0.13152668
v 0.18609467 -0.33546123 -0.13145612
v 0.19012773 -0.32974929 -0.12338474
v 0.19667578 -0.33101922 -0.13141035
v 0.19036484 -0.31859580 -0.10014583
v 0.21463786 -0.31570178 -0.11291385
v 0.21934405 -0.31402963 -0.11373382
v 0.21740782 -0.31769547 -0.11944714
v 0.22420382 -0.31357279 -0.11903132
v 0.24870667 -0.30781308 -0.13115869
v -0.37636948 -0.23936731 -0.13199584
v -0.35836864 -0.25424859 -0.12298317
v -0.35065103 -0.25867176 -0.11082342
v -0.34788755 -0.25321031 -0.08777746
v -0.32257473 -0.27186611 -0.11469300
v -0.33661667 -0.26467058 -0.10780795
v -0.34009317 -0.25770727 -0.09004155
v -0.32394978 -0.26771080 -0.10068745
v -0.31582469 -0.26519644 -0.07322802
v -0.32955819 -0.27101460 -0.13205554
v -0.34515035 -0.26297972 -0.12406769
v -0.31395578 -0.27644196 -0.13205992
v -0.29544899 -0.28515267 -0.13204683
v -0.27172500 -0.28808016 -0.10531662
v -0.28272873 -0.28861088 -0.12710315
v -0.27139586 -0.28745401 -0.09632690
v -0.29927698 -0.27785251 -0.10264622
v -0.29611105 -0.27880949 -0.10072084
v -0.29729801 -0.27880847 -0.10277589
v -0.29898956 -0.27746773 -0.10072241
v -0.29799697 -0.27816585 -0.10104778
v -0.29791528 -0.27800387 -0.10031992
v -0.30397606 -0.27315620 -0.08931118
v -0.26292616 -0.28711304 -0.10062746
v -0.25605059 -0.28985077 -0.12277353
v -0.27768528 -0.27882689 -0.07932803
v -0.26200464 -0.28387582 -0.09046946
v -0.26010996 -0.29010591 -0.13195059
v -0.24043898 -0.28807104 -0.10054217
v -0.25148714 -0.29089293 -0.13192388
v -0.24737100 -0.29032356 -0.12367503
v -0.24470310 -0.29102871 -0.13190857
v -0.23114663 -0.28818336 -0.10520552
v -0.20689379 -0.28347337 -0.10278850
v -0.22023056 -0.28988624 -0.12628874
v -0.23179166 -0.28687558 -0.09647882
v -0.20650503 -0.28270864 -0.09852163
v -0.24138299 -0.28441650 -0.08934423
v -0.22540250 -0.27884382 -0.07965453
v -0.20289017 -0.28220868 -0.10045939
v -0.20123939 -0.28217897 -0.10716516
v -0.18279329 -0.27883101 -0.10046598
v -0.21154152 -0.27884501 -0.08645259
v -0.20227104 -0.28114060 -0.09584729
v -0.20580922 -0.28602633 -0.13182807
v -0.18898790 -0.28337049 -0.13180722
v -0.16308878 -0.28148535 -0.13182974
v -0.15772799 -0.28132680 -0.13056953
v -0.17428704 -0.27787411 -0.10237625
v -0.16766199 -0.27881810 -0.11186936
v -0.17409891 -0.27729654 -0.10046895
v -0.17262492 -0.27740592 -0.10118075
v -0.17242353 -0.27700430 -0.09955726
v -0.17590655 -0.27625081 -0.09529742
v -0.14694551 -0.27880561 -0.11023575
v -0.14119780 -0.27792349 -0.10226277
v -0.13396820 -0.27880779 -0.10047824
v -0.14264785 -0.27767432 -0.10106008
v -0.14280930 -0.27735028 -0.09976304
v -0.14146987 -0.27758366 -0.10049259
v -0.13860472 -0.27533063 -0.09351192
v -0.15237367 -0.28148043 -0.13182975
v -0.11245773 -0.28209230 -0.10043548
v -0.12645356 -0.28220755 -0.13180494
v -0.11410224 -0.28209391 -0.10702663
v -0.10822578 -0.28533462 -0.13177550
v -0.10871729 -0.28301248 -0.10253268
v -0.08446868 -0.28866279 -0.10529141
v -0.09518325 -0.28803024 -0.12712833
v -0.07502180 -0.30000624 -0.12614641
v -0.10904567 -0.28235292 -0.09864973
v -0.08383767 -0.28739780 -0.09605029
v -0.11267333 -0.28066856 -0.09670709
v -0.09982091 -0.27879798 -0.07834952
v -0.07019280 -0.29753569 -0.10032942
v -0.09323511 -0.27879640 -0.07294304
v -0.07244575 -0.28591979 -0.08608094
v -0.06392361 -0.30447525 -0.11157432
v -0.05469741 -0.31007364 -0.10494944
v -0.06101935 -0.30427504 -0.10031685
v -0.03266990 -0.31005836 -0.09544463
v -0.03614633 -0.30310357 -0.08812027
v -0.03008850 -0.30489668 -0.08721475
v -0.02238223 -0.31005436 -0.08978844
v -0.03267065 -0.29583859 -0.07750322
v -0.01677757 -0.30210447 -0.07665615
v -0.05939797 -0.28990471 -0.07804982
v -0.00142617 -0.31683636 -0.08667931
v 0.01627300 -0.31682500 -0.07781356
v 0.02981190 -0.32133424 -0.07895318
v 0.04908176 -0.31968400 -0.07495786
v 0.02981273 -0.31005257 -0.06507595
v 0.06104621 -0.32220048 -0.07590693
v 0.07110663 -0.32062975 -0.07401522
v 0.09228975 -0.32232681 -0.07849463
v 0.11008561 -0.31894815 -0.07571813
v 0.09230636 -0.31005713 -0.05802459
v 0.12356269 -0.32057026 -0.07922113
v 0.13951403 -0.31773201 -0.07692780
v 0.15483524 -0.31815639 -0.08054300
v 0.16488953 -0.31511292 -0.07952721
v 0.15484470 -0.31009296 -0.06932658
v 0.20194285 -0.31014639 -0.09217434
v 0.18612251 -0.31471843 -0.09092706
v 0.21741882 -0.31017357 -0.10403937
v 0.22588548 -0.31018934 -0.11140031
v 0.21427485 -0.30387169 -0.08754373
v 0.22160003 -0.30186206 -0.08852954
v 0.20145769 -0.30217859 -0.07643964
v 0.21743158 -0.29905075 -0.07880580
v 0.24298915 -0.29877523 -0.09992996
v 0.24336982 -0.28926373 -0.07934925
v 0.24871686 -0.30234605 -0.11568619
v 0.25723690 -0.29326439 -0.09987894
v 0.26055294 -0.30054414 -0.12519406
v 0.26973081 -0.28973567 -0.10518190
v 0.28001121 -0.29144514 -0.12482674
v 0.26819694 -0.28667283 -0.09601394
v 0.28511083 -0.27907166 -0.09974691
v 0.25682765 -0.28655365 -0.08478463
v 0.27157569 -0.27904955 -0.08541628
v 0.29116684 -0.27907875 -0.10868551
v 0.30315524 -0.27161407 -0.11463018
v 0.29342827 -0.27462912 -0.10193978
v 0.29247731 -0.27272567 -0.09653389
v 0.30286163 -0.26472062 -0.09966266
v 0.29378867 -0.28594831 -0.13095336
v 0.31130910 -0.27148542 -0.13087712
v 0.31425607 -0.26643017 -0.12497525
v 0.31663215 -0.26614851 -0.13085181
v 0.32105878 -0.25862736 -0.12596560
v 0.31443921 -0.25412676 -0.09961048
v -0.39288408 -0.21826185 -0.10159899
v -0.38077933 -0.23423332 -0.12977716
v -0.39283255 -0.21816236 -0.09981535
v -0.42057958 -0.19165167 -0.12290319
v -0.39420184 -0.21643259 -0.10068230
v -0.41362906 -0.19725488 -0.11033151
v -0.41212934 -0.19429494 -0.08963090
v -0.39504313 -0.21642570 -0.10684691
v -0.38980299 -0.22076276 -0.10068013
v -0.39350945 -0.21643674 -0.09758354
v -0.38896263 -0.21944027 -0.09465521
v -0.38864303 -0.22588086 -0.13199833
v -0.40039352 -0.21279871 -0.13201340
v -0.40759337 -0.20600653 -0.12682518
v -0.37636137 -0.23669387 -0.12263786
v -0.36087468 -0.24765027 -0.10843942
v -0.35406849 -0.24766740 -0.08948097
v -0.37053972 -0.23604816 -0.10066563
v -0.35034564 -0.25029033 -0.08236112
v -0.34510958 -0.25339124 -0.08211979
v -0.35674000 -0.24186341 -0.07914201
v -0.34509057 -0.24768962 -0.06277275
v -0.37185889 -0.22760999 -0.07828303
v -0.28266165 -0.27444741 -0.07152425
v -0.22015829 -0.27452344 -0.07130700
v -0.15768954 -0.27053785 -0.07326344
v -0.09518537 -0.27746215 -0.06970699
v 0.28001943 -0.26748097 -0.07429515
v 0.29794499 -0.25678867 -0.07509664
v 0.32156956 -0.24788328 -0.10471150
v 0.31937888 -0.24787737 -0.09556071
v 0.31130698 -0.25234494 -0.09065632
v 0.33095050 -0.24208480 -0.12099519
v 0.33469391 -0.23215768 -0.10730518
v 0.34256494 -0.22648475 -0.12586166
v 0.33337992 -0.22952858 -0.09311540
v 0.31998432 -0.23658304 -0.07269483
v 0.34540755 -0.21664506 -0.09953500
v 0.33850855 -0.21662705 -0.07639777
v 0.34885013 -0.21665071 -0.11819351
v 0.35270941 -0.20570362 -0.10499077
v 0.35175192 -0.20379648 -0.09309864
v 0.34875691 -0.21975152 -0.13076377
v 0.35509467 -0.21039158 -0.13074982
v 0.36282349 -0.19553751 -0.12524360
v 0.37381175 -0.17217003 -0.13071609
v -0.44194970 -0.14144257 -0.12574941
v -0.43903995 -0.15392247 -0.10079227
v -0.44444790 -0.13395920 -0.10080674
v -0.44124138 -0.14073694 -0.07439390
v -0.44211453 -0.13995138 -0.13204458
v -0.42566225 -0.18516172 -0.10736454
v -0.42233193 -0.18518069 -0.09248854
v -0.43258661 -0.17267163 -0.10078973
v -0.43099976 -0.17343970 -0.12812892
v -0.43880782 -0.15221031 -0.13204798
v -0.43516734 -0.16587612 -0.12474079
v -0.43421096 -0.16722412 -0.13204288
v -0.41579330 -0.18930471 -0.08096394
v -0.40757024 -0.19674645 -0.07927112
v -0.42490876 -0.17652020 -0.07643880
v -0.44317386 -0.13610506 -0.12986398
v -0.43377292 -0.16449520 -0.07962985
v 0.36327767 -0.18540171 -0.10475333
v 0.36139542 -0.18540066 -0.09329388
v 0.34254420 -0.20848867 -0.07237805
v 0.35482091 -0.19152826 -0.07776041
v 0.36041161 -0.17645589 -0.07495104
v 0.36693645 -0.17168181 -0.09948338
v 0.37304178 -0.15415567 -0.09948204
v 0.36642838 -0.16241324 -0.08296601
v 0.36913913 -0.14318901 -0.07752760
v 0.37381104 -0.17105003 -0.12818204
v 0.37468106 -0.17021765 -0.13028090
v 0.37473360 -0.16886023 -0.12887073
v 0.37520123 -0.16908798 -0.13071494
v 0.37916186 -0.14389202 -0.12000524
v 0.38252902 -0.14289314 -0.13072316
v 0.38325894 -0.13380766 -0.12599725
v 0.37683332 -0.12899590 -0.09947100
v -0.44715029 -0.12267677 -0.10499541
v -0.44582152 -0.11056871 -0.12857226
v -0.44702804 -0.12267927 -0.09670897
v -0.44206801 -0.13668494 -0.07117493
v -0.44630700 -0.11082546 -0.07332763
v -0.44954866 -0.10115790 -0.10087230
v -0.44875187 -0.09708239 -0.11218762
v -0.44785225 -0.08488435 -0.11398929
v -0.45039338 -0.09143019 -0.10089318
v -0.44824576 -0.07913429 -0.10090085
v -0.44913048 -0.09671542 -0.09030904
v -0.44718999 -0.08422244 -0.08646302
v -0.44576070 -0.10356024 -0.13210323
v -0.44453114 -0.07869226 -0.13213933
v -0.44435844 -0.07301427 -0.12934034
v 0.36866620 -0.13598043 -0.07078534
v 0.37053806 -0.10894346 -0.06982028
v 0.38200018 -0.09172668 -0.09943014
v 0.37158674 -0.10510164 -0.07261924
v 0.37345979 -0.07649302 -0.06884531
v 0.37901562 -0.12292029 -0.10207797
v 0.37763450 -0.12291950 -0.09754767
v 0.37939906 -0.11175086 -0.09945228
v 0.37379196 -0.12894183 -0.08742213
v 0.37379804 -0.11490741 -0.08340570
v 0.38631588 -0.11356403 -0.12446309
v 0.38397273 -0.09718770 -0.11037911
v 0.38956347 -0.09948035 -0.13067970
v 0.38465929 -0.08694856 -0.10900639
v 0.39110839 -0.08476791 -0.13065092
v 0.39202118 -0.06709171 -0.12153712
v 0.38355359 -0.07994787 -0.09940715
v -0.44485003 -0.06019313 -0.10395228
v -0.44192481 -0.04615030 -0.13058808
v -0.44436181 -0.06019330 -0.09809469
v -0.44320893 -0.07359653 -0.07184629
v -0.44268259 -0.05231423 -0.10089879
v -0.44086671 -0.04243457 -0.12791923
v -0.43525118 -0.02896545 -0.10087719
v -0.44159231 -0.04313279 -0.13218254
v -0.43873394 -0.05040595 -0.08127034
v -0.43873489 -0.03525817 -0.13217488
v -0.43589512 -0.04600648 -0.07101791
v -0.43295574 -0.01908323 -0.12062756
v -0.43337938 -0.01598581 -0.13215911
v -0.43108445 -0.00950564 -0.12833768
v -0.43043309 -0.01424667 -0.10086855
v -0.43498212 -0.04085163 -0.07708579
v -0.43053365 -0.02150797 -0.08593411
v 0.37337524 -0.07589958 -0.06833436
v 0.38631442 -0.02938229 -0.09930091
v 0.38957429 -0.06055899 -0.10722038
v 0.38564402 -0.06054468 -0.09346601
v 0.38633415 -0.03569767 -0.09931523
v 0.37382904 -0.07542884 -0.06950632
v 0.39288875 -0.05446838 -0.12108137
v 0.38728926 -0.03159651 -0.10373910
v 0.39270872 -0.03560523 -0.13055152
v 0.37694860 -0.04648779 -0.06959853
v 0.38629538 -0.02617486 -0.10573755
v 0.38925236 -0.02147160 -0.13053459
v 0.37395540 0.01621723 -0.13053150
v 0.38528985 -0.00815591 -0.12482537
v 0.38357988 -0.01752242 -0.09927351
v 0.38036957 -0.03846909 -0.08105243
v 0.37823096 -0.01810404 -0.07667299
v -0.42671537 0.00228424 -0.10686182
v -0.42300183 0.00227313 -0.09301029
v -0.42410141 0.01061971 -0.12482707
v -0.41614285 0.01968800 -0.10779223
v -0.40746075 0.03064930 -0.13066329
v -0.41425288 0.01592309 -0.09203938
v -0.42320576 -0.00561952 -0.07732679
v -0.41874617 0.00793617 -0.07955538
v -0.40741712 0.02284518 -0.07490548
v -0.40235555 0.03353077 -0.10083458
v -0.40432367 0.03353114 -0.12582777
v -0.39526039 0.04040270 -0.10425700
v -0.39501557 0.03992305 -0.09762439
v -0.37939012 0.05841886 -0.10079218
v -0.40052748 0.03352658 -0.08336623
v -0.40571108 0.03265699 -0.13210462
v -0.40332437 0.03559953 -0.13209960
v -0.38611886 0.05409509 -0.12712389
v -0.37621871 0.06267115 -0.10499071
v -0.37623477 0.06721418 -0.13206781
v -0.37527159 0.06288026 -0.10078408
v 0.37355617 0.01715771 -0.13033199
v 0.36669058 0.01376577 -0.07155938
v 0.34029073 0.06297342 -0.11628817
v 0.34119415 0.06110746 -0.11350492
v 0.33853912 0.05577397 -0.08791854
v 0.37215102 0.01916287 -0.12690938
v 0.36063939 0.03523386 -0.10381588
v 0.36209154 0.03295417 -0.09923118
v 0.35032117 0.04903020 -0.10737884
v 0.35461777 0.04044164 -0.09551368
v 0.35973263 0.03569625 -0.09924266
v 0.36272085 0.02859575 -0.09046808
v 0.36006787 0.03466380 -0.09581178
v 0.37328985 0.01769084 -0.13053399
v 0.35855162 0.04087291 -0.13061309
v 0.34273708 0.05995436 -0.11717310
v 0.37395477 0.01607300 -0.12795147
v 0.38001019 0.00177402 -0.10226327
v 0.37862995 0.00178143 -0.09687920
v 0.37652081 0.00692247 -0.09921729
v 0.37393558 0.00742240 -0.08789913
v 0.37515175 -0.01314512 -0.06860373
v -0.37982756 0.05096324 -0.07131220
v -0.37282658 0.06476878 -0.10247817
v -0.37136957 0.06476629 -0.09834540
v -0.37620449 0.05958312 -0.09039555
v -0.36486760 0.07469885 -0.12635535
v -0.35207132 0.07892428 -0.10929833
v -0.33411449 0.08652236 -0.10549428
v -0.34500417 0.08658794 -0.12733699
v -0.35051894 0.07584062 -0.09063267
v -0.33555600 0.08361425 -0.09453350
v -0.35529712 0.06991708 -0.07990586
v -0.34496707 0.07520055 -0.07982847
v -0.32628348 0.08981638 -0.10074193
v -0.32544371 0.09206732 -0.10863604
v -0.31516242 0.09600246 -0.10074013
v -0.31983495 0.08645751 -0.08163327
v -0.33718690 0.09210147 -0.13205659
v -0.31378689 0.10497206 -0.13207719
v -0.30749148 0.10535441 -0.11946473
v -0.30429137 0.10690106 -0.13206704
v -0.30196077 0.10363367 -0.10073406
v -0.29078722 0.11073854 -0.10811461
v -0.29341531 0.10544699 -0.09598194
v -0.30236956 0.10022703 -0.09224409
v -0.27635989 0.11490070 -0.11017773
v -0.27355939 0.10931291 -0.09399147
v -0.25498387 0.11979736 -0.10065053
v -0.25343361 0.10936715 -0.07366889
v -0.28254062 0.11410972 -0.12296626
v -0.26701999 0.11947903 -0.12412523
v -0.25128466 0.12221482 -0.11066079
v -0.25129825 0.12384948 -0.13198145
v -0.24872264 0.12208912 -0.10063820
v -0.22032726 0.12657051 -0.08524740
v -0.24979120 0.11009771 -0.07218332
v -0.21979314 0.12669727 -0.08518334
v -0.18879448 0.12892817 -0.13197038
v -0.12625828 0.13603720 -0.13197306
v 0.27296764 0.12301321 -0.11902513
v 0.27641582 0.11888997 -0.11143131
v 0.27373677 0.11351650 -0.09057292
v 0.30185506 0.10137049 -0.11151285
v 0.30283859 0.09541327 -0.09955475
v 0.28970692 0.10784136 -0.10584174
v 0.29229534 0.10265012 -0.09596113
v 0.29821080 0.10001548 -0.09957428
v 0.29859787 0.09809819 -0.09417038
v 0.30356431 0.10707693 -0.13092560
v 0.28030345 0.11912742 -0.11911100
v 0.33785561 0.06419421 -0.11262198
v 0.33075815 0.06418778 -0.08975762
v 0.31878451 0.07874975 -0.09950373
v 0.33748108 0.06682485 -0.11771444
v 0.31151289 0.09959009 -0.13090472
v 0.31844252 0.08675402 -0.11693622
v 0.32334867 0.08575271 -0.13085309
v 0.33257300 0.05909592 -0.07861608
v 0.34274217 0.04837181 -0.07572942
v 0.31172928 0.07969285 -0.06828008
v 0.31157428 0.07985747 -0.06829080
v -0.28249931 0.10275379 -0.07276349
v -0.23193690 0.12720442 -0.11034326
v -0.22495374 0.12966132 -0.11876598
v -0.22003148 0.12717296 -0.08932446
v -0.22145739 0.13001890 -0.11489445
v -0.21863937 0.13002418 -0.11489266
v -0.22005135 0.13027813 -0.11784733
v -0.21448405 0.12998877 -0.11909749
v -0.21755591 0.12716892 -0.08618993
v -0.22002788 0.12654328 -0.08463423
v -0.21909782 0.12670185 -0.08448099
v -0.19125032 0.13211296 -0.10064767
v -0.18878762 0.13172650 -0.10974344
v -0.18613702 0.13247514 -0.10064961
v -0.18878105 0.13111174 -0.09273922
v -0.16534659 0.13108627 -0.12022896
v -0.15975414 0.13162462 -0.11407811
v -0.15501334 0.13218854 -0.11380093
v -0.15752780 0.13193184 -0.11870203
v -0.14412998 0.13385913 -0.12302664
v -0.15918779 0.13049620 -0.08665632
v -0.15561341 0.13094044 -0.08688416
v -0.16268982 0.12973014 -0.08237617
v -0.15749589 0.12711406 -0.06827500
v -0.15751037 0.13014887 -0.08346655
v -0.15214892 0.12980981 -0.08228650
v -0.12978651 0.13422251 -0.10065253
v -0.12625173 0.13549638 -0.11738595
v -0.12213034 0.13535371 -0.10064600
v -0.12623353 0.13188104 -0.09108846
v -0.11831854 0.13880740 -0.12799457
v -0.10243772 0.14205131 -0.10880616
v -0.08432755 0.14833838 -0.10560853
v -0.09497829 0.14921866 -0.12736082
v -0.09984533 0.13689280 -0.08985350
v -0.08690727 0.14315587 -0.09297721
v -0.10616329 0.13269866 -0.07931075
v -0.09491383 0.12705773 -0.06188519
v -0.09493662 0.13486350 -0.08103077
v -0.07175910 0.13860035 -0.07326712
v -0.07578763 0.15129820 -0.10057952
v -0.07566721 0.15469611 -0.10790836
v -0.07083602 0.16685364 -0.11764739
v -0.06484710 0.15832494 -0.10056112
v -0.08836709 0.15507728 -0.13195673
v -0.07898162 0.16637824 -0.13196668
v -0.06362635 0.14112265 -0.07223120
v -0.06086131 0.14126036 -0.07055230
v -0.03233460 0.15346566 -0.07147712
v -0.06941828 0.17685080 -0.12912251
v -0.06371169 0.17770997 -0.12449528
v -0.06372580 0.18480799 -0.13197619
v -0.05275675 0.16775738 -0.10054883
v -0.04295459 0.16840965 -0.09544115
v -0.05984767 0.14643006 -0.07676151
v -0.05178244 0.16205630 -0.09298507
v -0.03816544 0.15824674 -0.08077665
v -0.02507586 0.17492807 -0.09212333
v -0.02923227 0.15822397 -0.07532508
v -0.00605399 0.16884388 -0.07907032
v 0.02679244 0.18259448 -0.08816907
v 0.00302195 0.16974801 -0.07722176
v 0.03322824 0.18344466 -0.08773512
v 0.05814830 0.17040956 -0.07578722
v 0.09281295 0.15507528 -0.07045792
v 0.08619983 0.17625269 -0.09124845
v 0.06523459 0.17009296 -0.07641243
v 0.09066357 0.15814278 -0.07323618
v 0.10121557 0.17256732 -0.09306232
v 0.11609021 0.17348027 -0.10024717
v 0.09598860 0.15814131 -0.07530286
v 0.11409202 0.16378842 -0.08889693
v 0.16981623 0.15573747 -0.10119741
v 0.16875269 0.15360326 -0.09780613
v 0.15536134 0.14154923 -0.07701306
v 0.17646740 0.13730127 -0.07374602
v 0.12404262 0.18296790 -0.11314742
v 0.12402942 0.19690424 -0.13156614
v 0.14229414 0.18288286 -0.12235673
v 0.15887356 0.15807465 -0.10007977
v 0.13589092 0.16572571 -0.10017377
v 0.14345375 0.16561872 -0.10391069
v 0.14155063 0.16180262 -0.09829814
v 0.13721223 0.16059680 -0.09516859
v 0.14268234 0.15809639 -0.09417631
v 0.16915645 0.15806037 -0.10368279
v 0.17291056 0.15418607 -0.10002292
v 0.17280301 0.15622765 -0.10368501
v 0.18265863 0.17172164 -0.13130970
v 0.15532127 0.17695150 -0.12199992
v 0.19636178 0.14625357 -0.09992046
v 0.18662740 0.13783258 -0.07771588
v 0.18659247 0.16972876 -0.13129079
v 0.19658743 0.15237382 -0.11123478
v 0.21385191 0.15602085 -0.13119005
v 0.20835042 0.14576426 -0.10601136
v 0.22511519 0.14124647 -0.10820565
v 0.21784395 0.15354726 -0.12894043
v 0.21118316 0.14008763 -0.09089965
v 0.22246338 0.13590460 -0.08877358
v 0.20150134 0.13490801 -0.07602373
v 0.21786651 0.12668882 -0.06136532
v 0.21786761 0.13398319 -0.08052871
v 0.22676405 0.13114572 -0.07967974
v 0.24606529 0.13275264 -0.09974051
v 0.24904343 0.14238630 -0.13100395
v 0.24852042 0.14262792 -0.13108861
v 0.26031116 0.12668028 -0.10533084
v 0.25546256 0.12667696 -0.09650601
v 0.25118738 0.13086867 -0.09972204
v 0.24909578 0.12960178 -0.09386926
v 0.24927710 0.14224839 -0.13098988
v 0.24908483 0.14241287 -0.13108703
v 0.24911149 0.14237148 -0.13103341
v 0.24914554 0.14237520 -0.13108680
v 0.25913897 0.11606855 -0.07340197
v 0.28030914 0.10356748 -0.07236584
v -0.03794702 0.18957242 -0.11346687
v -0.04076006 0.19375047 -0.12042949
v -0.03241033 0.18955719 -0.11020174
v -0.03393850 0.19260615 -0.11470958
v -0.03031594 0.19375852 -0.11412250
v -0.03242748 0.19911700 -0.12102693
v -0.00637242 0.18950263 -0.09783760
v -0.00292959 0.19315767 -0.10048286
v -0.00573301 0.20978186 -0.12268348
v -0.01807301 0.21367854 -0.13193050
v 0.00898716 0.18948020 -0.09540410
v 0.00096659 0.19362652 -0.10047480
v -0.00108437 0.18519267 -0.09184612
v -0.00109523 0.19089380 -0.09766341
v -0.00114767 0.21773863 -0.13189515
v 0.00392937 0.21023256 -0.12173176
v 0.02736810 0.21942070 -0.13182379
v 0.03021134 0.18946129 -0.09494340
v 0.02393795 0.20197916 -0.10988146
v 0.03621826 0.20153487 -0.11006289
v 0.03015482 0.21875344 -0.13078645
v 0.05298753 0.18944542 -0.09612251
v 0.03023817 0.17551637 -0.07773729
v 0.05991478 0.19262652 -0.10038737
v 0.05645168 0.21013707 -0.12168840
v 0.03282472 0.21947201 -0.13181116
v 0.06527457 0.18944252 -0.09848673
v 0.06274934 0.19193089 -0.10038090
v 0.06151493 0.18563461 -0.09274435
v 0.06150821 0.19043675 -0.09839337
v 0.06145862 0.21640134 -0.13172662
v 0.06561598 0.20925888 -0.12341948
v 0.07706853 0.21290752 -0.13168949
v 0.09277729 0.18943472 -0.10618626
v 0.08928777 0.19641322 -0.11250510
v 0.09535502 0.19459945 -0.11339067
v 0.09276448 0.20326646 -0.12290903
v 0.10336776 0.18942678 -0.11065081
v 0.10853875 0.19731852 -0.12384501
v -0.00142413 -0.30276585 -0.06895154
v 0.06104318 -0.31658000 -0.06896211
v 0.12356617 -0.31533191 -0.06897151
v 0.18613601 -0.30330268 -0.06883577
v -0.37773478 -0.26473048 -0.00967908
v -0.34558076 -0.24874476 -0.02290442
v -0.37476480 -0.26488665 -0.00998797
v -0.31484100 -0.26422378 -0.06739693
v -0.34446859 -0.24888781 -0.02297510
v -0.31828687 -0.25656193 -0.03800590
v -0.31584334 -0.26424113 -0.06933105
v -0.31388041 -0.26508635 -0.06933054
v -0.31279561 -0.26434070 -0.06715499
v -0.30697736 -0.26670268 -0.06932674
v -0.32702726 -0.25670189 -0.06272409
v -0.30898944 -0.25736400 -0.03798632
v -0.29014871 -0.26266649 -0.04609442
v -0.28646311 -0.25534049 -0.02618084
v -0.25880551 -0.27063358 -0.05436545
v -0.27494544 -0.26297683 -0.04589128
v -0.27862769 -0.25557557 -0.02627785
v -0.25814250 -0.26114130 -0.03788409
v -0.27539977 -0.27520496 -0.06930434
v -0.28265536 -0.27196112 -0.06587161
v -0.25141007 -0.27652016 -0.06921938
v -0.24459310 -0.27001932 -0.05554720
v -0.22871910 -0.27456337 -0.06915990
v -0.24520203 -0.25994307 -0.03784357
v -0.22811109 -0.26356125 -0.04547340
v -0.19369748 -0.26799554 -0.05953336
v -0.21278781 -0.26230577 -0.04608808
v -0.19249320 -0.25476715 -0.03779642
v -0.20891561 -0.27322137 -0.06913120
v -0.22015284 -0.27203804 -0.06572449
v -0.18892847 -0.27180824 -0.06912154
v -0.18411142 -0.26802599 -0.05945388
v -0.17440228 -0.27047044 -0.06910987
v -0.18529266 -0.25482094 -0.03778756
v -0.16416463 -0.26053962 -0.04693115
v -0.15843876 -0.24910411 -0.02286081
v -0.12897584 -0.26571059 -0.06400315
v -0.15204415 -0.25884637 -0.04776558
v -0.15705889 -0.24880423 -0.02270943
v -0.13075539 -0.25619692 -0.03772330
v -0.13649389 -0.26820737 -0.06909452
v -0.15768546 -0.26571143 -0.06253454
v -0.12644379 -0.26760817 -0.06908855
v -0.12407599 -0.26554033 -0.06433494
v -0.10318525 -0.27479482 -0.06905208
v -0.12236213 -0.25569510 -0.03771754
v -0.10225980 -0.26167971 -0.04628747
v -0.07120273 -0.27043790 -0.05442423
v -0.08780138 -0.26231289 -0.04595015
v -0.06978043 -0.25923395 -0.03767083
v -0.09296145 -0.27768064 -0.06903699
v -0.09518564 -0.27663016 -0.06795647
v -0.06392795 -0.28217381 -0.06898810
v -0.04695303 -0.28593922 -0.06896593
v -0.03267501 -0.28648016 -0.06511049
v -0.00792950 -0.29767144 -0.06569272
v -0.05545576 -0.27164245 -0.05199941
v -0.03879692 -0.27879256 -0.05670375
v -0.05691627 -0.26157248 -0.03766965
v -0.04334739 -0.26887113 -0.04262692
v -0.03851142 -0.25919557 -0.02785395
v -0.02311761 -0.27879348 -0.04979996
v -0.01017646 -0.28567028 -0.05142928
v -0.01504436 -0.27677965 -0.04168201
v 0.00035257 -0.27880397 -0.03762720
v -0.01954929 -0.27380931 -0.04015000
v -0.02341525 -0.26607811 -0.03129365
v -0.01449587 -0.27366805 -0.03764888
v -0.00142649 -0.29767814 -0.06241729
v 0.01197672 -0.28323108 -0.03761289
v 0.01233102 -0.30130449 -0.06204496
v 0.01933621 -0.28911147 -0.04277033
v 0.03604175 -0.29758304 -0.04702033
v 0.02980911 -0.30345920 -0.05657113
v 0.03872055 -0.30559087 -0.05773935
v 0.01617931 -0.28280053 -0.03561115
v 0.04059859 -0.28847563 -0.03277099
v 0.01235395 -0.28064728 -0.03393586
v 0.00644890 -0.27107525 -0.02212930
v 0.01891589 -0.27882615 -0.02812877
v 0.05301185 -0.29398116 -0.03761764
v 0.03652741 -0.27883524 -0.01973443
v 0.05136725 -0.28476000 -0.02572792
v 0.06105107 -0.30397302 -0.04980845
v 0.06694130 -0.29828185 -0.03763319
v 0.08815604 -0.30798253 -0.05537676
v 0.09032488 -0.30609238 -0.05131265
v 0.09407580 -0.30652755 -0.05153408
v 0.09230800 -0.30799639 -0.05433379
v 0.09556135 -0.30843198 -0.05493179
v 0.08348028 -0.29239714 -0.03084169
v 0.10065135 -0.29341805 -0.03034468
v 0.06861013 -0.28691620 -0.02142572
v 0.09206378 -0.27884841 -0.00687355
v 0.11663510 -0.29618183 -0.03764974
v 0.09257006 -0.27884844 -0.00680816
v 0.11595820 -0.28683782 -0.02161399
v 0.12357756 -0.30347914 -0.05085558
v 0.13148117 -0.29431123 -0.03763695
v 0.14439014 -0.30486187 -0.05850291
v 0.14840847 -0.29721025 -0.04680812
v 0.16308609 -0.29366779 -0.04499598
v 0.15485106 -0.30215281 -0.05723026
v 0.17237739 -0.30136663 -0.06197069
v 0.14473806 -0.28987315 -0.03209535
v 0.16649064 -0.28687450 -0.03356205
v 0.13216801 -0.28590640 -0.02348961
v 0.14984694 -0.27887082 -0.01634207
v 0.17491266 -0.28769687 -0.03755805
v 0.16156822 -0.27887872 -0.01967056
v 0.17461984 -0.28299567 -0.02930569
v 0.18613614 -0.29849869 -0.06082891
v 0.20046720 -0.28154615 -0.03747563
v 0.19401659 -0.29845208 -0.06486279
v 0.20308560 -0.28150362 -0.03876683
v 0.21743175 -0.29106060 -0.06265986
v 0.20259376 -0.28052184 -0.03666356
v 0.20867307 -0.27892417 -0.03744543
v 0.20057869 -0.28011858 -0.03505258
v 0.20324969 -0.27891430 -0.03454131
v 0.22783148 -0.27895930 -0.04788941
v 0.23772599 -0.27434826 -0.04662403
v 0.23015527 -0.27310303 -0.04030614
v 0.22869128 -0.27017516 -0.03298084
v 0.23826504 -0.26863703 -0.03735102
v 0.23488739 -0.28768536 -0.06866740
v 0.24873163 -0.28219089 -0.06862421
v 0.25585189 -0.27049625 -0.05435205
v 0.26690322 -0.27248681 -0.06854856
v 0.25523487 -0.26073992 -0.03730065
v 0.27601120 -0.25579804 -0.04886773
v 0.28274110 -0.25324494 -0.05012845
v 0.28001869 -0.25916895 -0.05855110
v 0.28975093 -0.25267726 -0.05768588
v 0.31129599 -0.24184507 -0.06837694
v -0.38143516 -0.26077425 -0.00942087
v -0.40758076 -0.24771085 -0.00411256
v -0.40756786 -0.22168487 -0.00947395
v -0.38860524 -0.23825255 -0.01297428
v -0.40869832 -0.18578827 -0.05432654
v -0.40816543 -0.18643148 -0.05314934
v -0.40905589 -0.21648216 -0.00985037
v -0.38720024 -0.21175614 -0.04751994
v -0.37827599 -0.21649730 -0.03801541
v -0.40547869 -0.18938248 -0.05166416
v -0.38798192 -0.20860726 -0.03804439
v -0.40308827 -0.21648526 -0.01579773
v -0.38514060 -0.22327404 -0.02447414
v -0.38781938 -0.21239138 -0.02982934
v -0.39137477 -0.20838040 -0.06934604
v -0.40755987 -0.18704517 -0.05466636
v -0.34710312 -0.24770683 -0.02340492
v -0.36733630 -0.22980964 -0.03799701
v -0.37632465 -0.26045090 -0.01260724
v -0.37630576 -0.23880398 -0.02017856
v -0.37632278 -0.22173139 -0.06932258
v -0.36897278 -0.22476895 -0.05459516
v -0.36786434 -0.22786270 -0.06930779
v -0.34506699 -0.24770305 -0.03187970
v -0.34785327 -0.24215631 -0.05086923
v -0.34399992 -0.24553375 -0.05256981
v -0.34508339 -0.24510567 -0.05495269
v -0.33930707 -0.24769162 -0.05075978
v -0.34312293 -0.24671488 -0.05463796
v -0.34506333 -0.25267503 -0.01990436
v -0.34021819 -0.25011837 -0.01995426
v -0.31382388 -0.25780600 -0.01767651
v -0.30052823 -0.25661078 -0.01335607
v -0.28259909 -0.25461933 -0.01879720
v -0.27410981 -0.25186127 -0.01803094
v -0.22209206 -0.24759808 -0.02315795
v -0.25136214 -0.25471017 -0.02363365
v -0.22012156 -0.24759799 -0.02343242
v -0.22044192 -0.24695545 -0.02249056
v -0.21980454 -0.24696425 -0.02248576
v -0.21663815 -0.24759693 -0.02391178
v -0.22219245 -0.24656156 -0.02113505
v -0.22011968 -0.24622937 -0.02148388
v -0.21567482 -0.24537098 -0.01994022
v -0.18890266 -0.25160098 -0.02975197
v -0.15941624 -0.24844605 -0.02122333
v -0.15767354 -0.24843650 -0.02166110
v -0.15656987 -0.24812567 -0.02153853
v -0.15767205 -0.24757457 -0.02027539
v -0.10418752 -0.24753985 -0.02656338
v -0.12642932 -0.25153250 -0.02974325
v -0.09518313 -0.24753553 -0.02666094
v -0.09648612 -0.24492626 -0.02335819
v -0.09399111 -0.24515612 -0.02324156
v -0.08875154 -0.24753663 -0.02526160
v -0.11001396 -0.24012682 -0.01462564
v -0.09517923 -0.24268536 -0.01962541
v -0.08784476 -0.24387053 -0.01837483
v -0.06393517 -0.25293025 -0.02687080
v -0.04136084 -0.25188035 -0.01767242
v -0.03268716 -0.25452894 -0.01852061
v -0.01260808 -0.25759208 -0.01194278
v -0.03268903 -0.24754563 -0.00743641
v -0.00144458 -0.26103601 -0.01063282
v 0.00242288 -0.26124591 -0.00827577
v 0.02981856 -0.27127752 -0.01007281
v 0.09233356 -0.27860829 -0.00645444
v 0.15487620 -0.27319002 -0.00911546
v 0.21744680 -0.26277936 -0.01421224
v 0.23409039 -0.25602871 -0.01339306
v 0.26979384 -0.24777478 -0.02671901
v 0.24873604 -0.25513667 -0.02250467
v 0.28001684 -0.24779516 -0.03723287
v 0.28993517 -0.24781209 -0.04786819
v 0.27704206 -0.24184376 -0.02456108
v 0.28524739 -0.23732787 -0.02680328
v 0.26896048 -0.24224880 -0.01608305
v 0.28000674 -0.23476659 -0.01507631
v 0.30315226 -0.23157893 -0.03715467
v 0.31865260 -0.21658710 -0.03712130
v 0.30258065 -0.22350262 -0.02327026
v 0.31129158 -0.23712620 -0.05857236
v 0.31762218 -0.23539779 -0.06519855
v 0.32034466 -0.22316378 -0.05023676
v 0.33039358 -0.22269323 -0.06833901
v 0.32408631 -0.21378526 -0.04272973
v 0.33748952 -0.21409363 -0.06832337
v 0.32365376 -0.21011344 -0.03710899
v 0.33603281 -0.19834056 -0.04621400
v 0.31313419 -0.20283246 -0.00965951
v 0.34439752 -0.18910785 -0.05081738
v 0.34253484 -0.19934298 -0.05967828
v 0.34739327 -0.18780139 -0.05511348
v -0.44096103 -0.14045879 -0.06524801
v -0.42914042 -0.15395045 -0.03821618
v -0.44178364 -0.13979684 -0.06954294
v -0.40907058 -0.18521927 -0.05300255
v -0.42593160 -0.15943015 -0.03820493
v -0.41120329 -0.18339463 -0.05559035
v -0.43881935 -0.14681052 -0.06953353
v -0.42875373 -0.15950099 -0.04934001
v -0.43189242 -0.16609140 -0.06950362
v -0.40755635 -0.18522626 -0.03555700
v -0.40984735 -0.18064360 -0.02477665
v -0.40718445 -0.18449157 -0.02283930
v -0.40643054 -0.18523161 -0.02302805
v -0.40755677 -0.19197613 -0.01910190
v -0.40637064 -0.18582317 -0.02187392
v -0.40755442 -0.18523075 -0.02073526
v -0.40755397 -0.18349034 -0.02159938
v -0.40685189 -0.18488051 -0.02211601
v -0.44177815 -0.13683143 -0.06806137
v -0.43880653 -0.12999196 -0.05287340
v -0.43298852 -0.13433513 -0.03824478
v -0.42860574 -0.15936576 -0.02737775
v -0.43074864 -0.14639083 -0.02308780
v 0.33488032 -0.18534951 -0.02527399
v 0.34251958 -0.18536136 -0.04127199
v 0.35195732 -0.16651805 -0.04321942
v 0.34703594 -0.18536706 -0.05042890
v 0.35114357 -0.18106663 -0.05697835
v 0.33852613 -0.17739338 -0.02542733
v 0.31437489 -0.19938062 -0.00744753
v 0.33250412 -0.18034512 -0.01647276
v 0.35457003 -0.15413645 -0.03700723
v 0.34059793 -0.15411574 -0.00962628
v 0.35621110 -0.15413864 -0.04088268
v 0.35611391 -0.15006579 -0.03903749
v 0.35405874 -0.14595446 -0.03290309
v 0.36247158 -0.16411322 -0.06825649
v 0.36714268 -0.14185964 -0.06822692
v 0.36684477 -0.13506927 -0.06475236
v -0.44573116 -0.11054271 -0.06609352
v -0.44143480 -0.10840550 -0.00834292
v -0.44427687 -0.10158441 -0.05858516
v -0.44258291 -0.07963075 -0.06198920
v -0.43924952 -0.09145588 -0.03830205
v -0.44081876 -0.10504504 -0.01109396
v -0.44034785 -0.07740401 -0.01024747
v -0.44589701 -0.10351790 -0.06957522
v -0.44343311 -0.07814756 -0.06962279
v -0.43879741 -0.11889620 -0.04588761
v -0.43647471 -0.12270257 -0.03942762
v -0.43553606 -0.12270309 -0.03662857
v -0.43659332 -0.11829700 -0.03826997
v -0.43879154 -0.11429739 -0.02145557
v -0.43338993 -0.13562533 -0.00967124
v -0.44285700 -0.07377264 -0.06757692
v -0.43875808 -0.06706211 -0.05208227
v -0.43874413 -0.05832183 -0.06961246
v -0.43575054 -0.06620892 -0.03832517
v 0.36063021 -0.12291056 -0.04355661
v 0.36926267 -0.10957918 -0.06592215
v 0.35401911 -0.12291186 -0.02709820
v 0.34251744 -0.14547381 -0.01010986
v 0.34942093 -0.12635002 -0.01792273
v 0.34252697 -0.12289388 -0.00488119
v 0.35017771 -0.11909956 -0.01753000
v 0.36106887 -0.09746820 -0.03689891
v 0.36587143 -0.09938851 -0.05228034
v 0.37178087 -0.07816684 -0.06401867
v 0.36211812 -0.09171399 -0.03687978
v 0.36241886 -0.08328365 -0.03685661
v 0.35993791 -0.09345827 -0.03339121
v 0.36020979 -0.08969773 -0.03283892
v 0.37028593 -0.10555794 -0.06818330
v 0.37326017 -0.07640888 -0.06810854
v 0.37317735 -0.07580040 -0.06778142
v 0.37383416 -0.06971896 -0.06809514
v -0.44047174 -0.07496418 -0.00793786
v -0.42539817 -0.02897796 -0.03831366
v -0.43545970 -0.06020531 -0.03997609
v -0.43465149 -0.06020216 -0.03628463
v -0.42843747 -0.03966946 -0.03831897
v -0.43875837 -0.07100134 -0.01672321
v -0.43543279 -0.04623921 -0.06795143
v -0.42842340 -0.03431931 -0.04901293
v -0.43459171 -0.04252886 -0.06960071
v -0.43141371 -0.04822875 -0.01074190
v -0.42509940 -0.02694799 -0.04237876
v -0.42786938 -0.01876366 -0.06959069
v -0.41661429 -0.00234355 -0.05853202
v -0.42423683 -0.02663906 -0.03831219
v -0.41849032 -0.01984771 -0.03372485
v -0.42626888 -0.03216365 -0.03193201
v -0.42429852 -0.02774852 -0.03585525
v -0.40545279 -0.00166216 -0.02458921
v 0.36520836 -0.06051093 -0.04112135
v 0.35968143 -0.06050136 -0.02972887
v 0.35276976 -0.06557824 -0.01611014
v 0.34258366 -0.06047864 -0.00217233
v 0.35273829 -0.05542573 -0.01610206
v 0.36386359 -0.04056484 -0.03674876
v 0.36405593 -0.02932366 -0.03672406
v 0.36223128 -0.02138350 -0.03670936
v 0.36110273 -0.03217805 -0.03100119
v 0.36076945 -0.02680025 -0.03166664
v 0.37385374 -0.04770653 -0.06250294
v 0.37599230 -0.04600957 -0.06698095
v 0.37511441 -0.04368784 -0.06552792
v 0.37632626 -0.04371335 -0.06804600
v 0.37459958 -0.01447029 -0.06656937
v 0.37527728 -0.01445810 -0.06797943
v 0.37389731 -0.01274070 -0.06591369
v 0.37390232 -0.01009250 -0.06796898
v 0.37478822 -0.01332447 -0.06753117
v -0.41316652 0.00225766 -0.05104356
v -0.41330424 0.00520678 -0.05687639
v -0.40740639 0.00225440 -0.03715598
v -0.41017532 0.00780215 -0.05114399
v -0.39706451 0.02292757 -0.04352915
v -0.40740833 0.01603985 -0.06081080
v -0.40298489 0.00225457 -0.02483473
v -0.40742809 -0.01037504 -0.01633332
v -0.40282002 -0.00003839 -0.02033320
v -0.39378917 0.00905536 -0.01578602
v -0.39038652 0.03073696 -0.03821404
v -0.39039668 0.03213398 -0.04097410
v -0.38579717 0.03949764 -0.05019373
v -0.38760257 0.03350821 -0.03820611
v -0.38688007 0.02861105 -0.02841648
v -0.40137675 0.03050421 -0.06955206
v -0.38848111 0.04298723 -0.06951118
v -0.37972692 0.05091402 -0.06770740
v -0.37617400 0.05237840 -0.06297976
v -0.37618092 0.05396650 -0.06947853
v -0.36855716 0.04955411 -0.03815804
v -0.34797636 0.05856153 -0.02554299
v -0.36938393 0.04235025 -0.02042404
v -0.34327757 0.06146385 -0.02407806
v 0.31068456 0.06258224 -0.03685232
v 0.30770165 0.04487234 -0.01313616
v 0.35060325 0.01762258 -0.04440460
v 0.35893640 0.00182991 -0.04417830
v 0.36372831 0.01229754 -0.06282299
v 0.34529558 0.00710368 -0.02371402
v 0.34817320 0.00184903 -0.02383715
v 0.34602401 0.00017083 -0.01939598
v 0.34264994 0.00186047 -0.01579655
v 0.34265774 0.00604263 -0.01899117
v 0.34507498 0.00306034 -0.01987236
v 0.31149963 0.06310432 -0.03906171
v 0.32861611 0.05713298 -0.05950250
v 0.33729574 0.03300545 -0.03673203
v 0.31408742 0.05902737 -0.03683657
v 0.33203852 0.04286908 -0.04170243
v 0.32995784 0.03873954 -0.03389057
v 0.31982392 0.04027625 -0.02227275
v 0.33131012 0.03301936 -0.02828891
v 0.34856689 0.03298639 -0.05625358
v 0.35976157 0.02446452 -0.06793685
v 0.35132799 0.03726154 -0.06795181
v 0.34273484 0.04431153 -0.06231455
v -0.35258621 0.06474020 -0.04994121
v -0.35070765 0.06762689 -0.05666457
v -0.34491494 0.06472063 -0.03635076
v -0.34700042 0.06886765 -0.05169556
v -0.34218803 0.07022429 -0.05100582
v -0.34494185 0.07059103 -0.05669710
v -0.33725363 0.06470338 -0.02626862
v -0.34489614 0.05584533 -0.01802548
v -0.33909512 0.06180001 -0.01954013
v -0.31905884 0.07545365 -0.03805593
v -0.31627440 0.08289687 -0.06425805
v -0.31917840 0.08307429 -0.06939251
v -0.30577216 0.08051307 -0.03804446
v -0.31365871 0.07253343 -0.02229803
v -0.31372556 0.08552594 -0.06939054
v -0.30938953 0.08465543 -0.06070872
v -0.29368618 0.08714195 -0.04244471
v -0.29220679 0.08419729 -0.03217066
v -0.30183318 0.07437035 -0.01266508
v -0.28241986 0.08390284 -0.01272128
v -0.28849953 0.09896455 -0.06936523
v -0.26974598 0.09590789 -0.03800467
v -0.28738892 0.09594730 -0.05951761
v -0.26155055 0.10120958 -0.04860235
v -0.26748505 0.09719926 -0.03864921
v -0.26729995 0.09683048 -0.03753722
v -0.26598322 0.09761588 -0.03799846
v -0.26824158 0.09590323 -0.03518049
v -0.26572952 0.09700771 -0.03577993
v -0.26074421 0.10680864 -0.06929700
v -0.28249374 0.10099737 -0.06682706
v -0.25124097 0.10903769 -0.06927180
v -0.24848872 0.10879248 -0.06376024
v -0.24821812 0.11003453 -0.06926776
v -0.24099711 0.10669039 -0.03793450
v -0.22652373 0.11403202 -0.04703391
v -0.22847694 0.11006653 -0.03080481
v -0.24198778 0.10227028 -0.02507778
v -0.21487790 0.11690450 -0.04846993
v -0.21298131 0.11313364 -0.02925082
v -0.19434546 0.11583737 -0.03792518
v -0.19376765 0.10636055 -0.01677812
v -0.21999480 0.11882327 -0.05775347
v -0.20898044 0.12161531 -0.05911845
v -0.18873942 0.12105364 -0.05005991
v -0.18876484 0.12669495 -0.06928078
v -0.16235822 0.12466130 -0.05604403
v -0.18283527 0.11531658 -0.03792611
v -0.15982421 0.12239861 -0.05124722
v -0.16468635 0.11259267 -0.02950888
v -0.18336400 0.10611106 -0.01727395
v -0.15550841 0.12314837 -0.05162457
v -0.15098806 0.11413984 -0.02872650
v -0.13038279 0.11865099 -0.03791037
v -0.12871924 0.10884301 -0.01170997
v -0.15748392 0.12442707 -0.05493858
v -0.15210447 0.12440316 -0.05629361
v -0.12618861 0.12165269 -0.04876010
v -0.12620991 0.12604681 -0.06926937
v -0.10077926 0.12412188 -0.05651271
v -0.12185448 0.11840808 -0.03790578
v -0.09713788 0.12258090 -0.05132959
v -0.10188171 0.11304194 -0.02921822
v -0.12351359 0.10875684 -0.01187386
v -0.09298748 0.12321797 -0.05164302
v -0.08856148 0.11439188 -0.02850907
v -0.06601103 0.12215850 -0.03781257
v -0.06708943 0.10783658 -0.01348578
v -0.09490645 0.12441704 -0.05488843
v -0.09146071 0.12532425 -0.05528594
v -0.06359638 0.12481001 -0.04218546
v -0.06362286 0.13928655 -0.06917442
v -0.06156978 0.12294785 -0.03780162
v -0.03606511 0.11936820 -0.02582954
v -0.06058560 0.10836569 -0.01239048
v -0.02922814 0.12085163 -0.02506746
v 0.15317544 0.12234069 -0.02396591
v 0.15773956 0.12202142 -0.02411189
v 0.18491791 0.12331404 -0.03731069
v 0.18662083 0.12445540 -0.04184234
v 0.18662688 0.13486925 -0.06862295
v 0.21427341 0.12489286 -0.05464691
v 0.18860418 0.12274633 -0.03729756
v 0.21629664 0.12355009 -0.05126840
v 0.21221548 0.11543885 -0.02718449
v 0.22012763 0.12215205 -0.05054893
v 0.22504838 0.11227019 -0.02869452
v 0.24159139 0.11167895 -0.03705766
v 0.24102691 0.10302752 -0.02187239
v 0.21786588 0.12413778 -0.05410814
v 0.29059619 0.08479695 -0.04224041
v 0.30959356 0.06420723 -0.03781126
v 0.28664178 0.07694034 -0.02767300
v 0.30666056 0.06421012 -0.03444375
v 0.29541022 0.05665819 -0.01367816
v 0.28024358 0.06424872 -0.00687932
v 0.28026140 0.07333229 -0.01675742
v 0.28719026 0.06768993 -0.01782625
v 0.22596306 0.12262804 -0.05686683
v 0.24908793 0.11642270 -0.05759035
v 0.24909303 0.12037880 -0.06840026
v 0.25721145 0.11510011 -0.06428052
v 0.27216095 0.09540755 -0.03695782
v 0.26157266 0.10164665 -0.03698925
v 0.26692417 0.09987326 -0.03921028
v 0.26621222 0.09845629 -0.03544536
v 0.26189876 0.09820119 -0.03140992
v 0.26715586 0.09541429 -0.03202005
v 0.28546670 0.09540385 -0.05789304
v 0.31143075 0.07988492 -0.06800310
v 0.28643301 0.09846131 -0.06824216
v 0.28030968 0.10188541 -0.06500871
v 0.31151554 0.07914750 -0.06686461
v 0.31164125 0.07973690 -0.06811108
v 0.31151626 0.07988408 -0.06817435
v 0.31154537 0.07982858 -0.06811580
v 0.31157413 0.07982828 -0.06817414
v -0.21993840 0.10452074 -0.01097496
v -0.15743095 0.10534508 -0.01138921
v -0.09487710 0.11033683 -0.01383921
v -0.05184126 0.12697303 -0.04365424
v -0.05396266 0.13780265 -0.06430235
v -0.03228667 0.12694243 -0.03972080
v -0.03554039 0.13341944 -0.05014998
v -0.02840357 0.13472024 -0.04946296
v -0.03231901 0.14406788 -0.06197886
v -0.01856218 0.12692112 -0.02886460
v -0.03226776 0.11252542 -0.01479138
v -0.01058593 0.11608692 -0.01111507
v -0.00655315 0.13801120 -0.03765247
v -0.00787369 0.14939378 -0.05529689
v -0.02419176 0.15414542 -0.06907798
v 0.00537303 0.13961399 -0.03763695
v -0.00098055 0.13154851 -0.02830441
v -0.00104441 0.16133364 -0.06904039
v 0.00668658 0.15023133 -0.05356980
v 0.02062545 0.14619140 -0.04363691
v 0.03911667 0.14453970 -0.04445509
v 0.02751583 0.13245417 -0.02473921
v 0.03263139 0.13152063 -0.02426806
v 0.02661248 0.12872489 -0.02008626
v 0.03031342 0.12687360 -0.01774496
v 0.03031144 0.12913565 -0.02080306
v 0.03345385 0.12844114 -0.02035802
v 0.01465930 0.16596127 -0.06903581
v 0.02416352 0.15815412 -0.05676995
v 0.03558227 0.15815398 -0.05835297
v 0.05430300 0.14140518 -0.03761344
v 0.05330083 0.15077418 -0.05240874
v 0.04643405 0.16624264 -0.06900629
v 0.03025728 0.16509268 -0.06554211
v 0.06767077 0.13905770 -0.03759443
v 0.06158639 0.13243976 -0.02638979
v 0.06154302 0.16440381 -0.06898701
v 0.06862728 0.14957386 -0.05478656
v 0.08717332 0.15532133 -0.06893247
v 0.08617919 0.14018194 -0.04656895
v 0.09833112 0.13782384 -0.04771697
v 0.09281701 0.15199570 -0.06584483
v 0.09240270 0.12774615 -0.02234574
v 0.09320030 0.12750122 -0.02222187
v 0.09206089 0.12722723 -0.02148221
v 0.09286356 0.12682484 -0.02080271
v 0.09286314 0.12727569 -0.02165773
v 0.09353010 0.12715790 -0.02154766
v 0.12270258 0.12964821 -0.03748520
v 0.12354703 0.14301480 -0.06772859
v 0.11731551 0.14586154 -0.06885435
v 0.13312741 0.12678176 -0.03294976
v 0.12529083 0.12912227 -0.03747629
v 0.12412935 0.12820175 -0.03465777
v 0.12409790 0.14366829 -0.06883483
v 0.12454522 0.14290717 -0.06793786
v 0.12558012 0.14320147 -0.06882988
v 0.15538120 0.12675889 -0.04321402
v 0.15407558 0.12937781 -0.05174800
v 0.15663642 0.12927434 -0.05178959
v 0.15537828 0.13094930 -0.05515184
v 0.16788512 0.12674558 -0.04674791
v 0.16362953 0.13088170 -0.05716086
v 0.14303163 0.12058231 -0.01559547
v 0.15537451 0.12065788 -0.01870575
v 0.17547950 0.11668088 -0.01162695
v 0.18660505 0.11807400 -0.01997772
v 0.19197282 0.11379771 -0.00869541
v 0.21782394 0.10609688 -0.01120267
v -0.40897611 -0.31287387 0.03851187
v -0.40571311 -0.31388786 0.03801119
v -0.37957105 -0.31654853 0.02430826
v -0.38138801 -0.33076349 0.04547077
v -0.34508896 -0.34156248 0.05552817
v -0.37635264 -0.31261757 0.01931732
v -0.36924779 -0.32430810 0.02432914
v -0.35719970 -0.33427888 0.02787955
v -0.36688510 -0.33516639 0.03667223
v -0.34586206 -0.34130976 0.05410663
v -0.33655077 -0.32716179 0.03151025
v -0.34480861 -0.34130910 0.05509491
v -0.44776946 -0.29903498 0.05108309
v -0.44698021 -0.27893165 0.02424921
v -0.45128936 -0.27258378 0.02425246
v -0.45064914 -0.28274649 0.03188634
v -0.45255202 -0.27702418 0.02808134
v -0.41300929 -0.31012678 0.03718438
v -0.42974895 -0.29196179 0.02426046
v -0.43882725 -0.30097842 0.04266744
v -0.42696941 -0.28265634 0.01677601
v -0.40759933 -0.31012389 0.03452758
v -0.41674182 -0.29187864 0.01778403
v -0.40056157 -0.29606098 0.01570372
v -0.38515574 -0.31012249 0.01990154
v -0.41331598 -0.31298935 0.04276392
v -0.40759358 -0.31650680 0.04309633
v -0.42800817 -0.27414140 0.01469941
v -0.43883982 -0.25320774 0.01325776
v -0.41893551 -0.25337213 0.00300887
v -0.41729775 -0.27892488 0.01243383
v -0.39997149 -0.27892235 0.00830964
v -0.38261312 -0.28826582 0.00560530
v -0.38199300 -0.26615405 -0.00687694
v -0.40759075 -0.26148272 0.00180737
v -0.37635052 -0.30505818 0.01417859
v -0.35568273 -0.31011403 0.01403401
v -0.37633213 -0.27080247 -0.00687526
v -0.37172469 -0.28990740 0.00233204
v -0.34509665 -0.31010982 0.01222542
v -0.34656027 -0.30718869 0.01022847
v -0.34345916 -0.30683783 0.01040851
v -0.31987730 -0.31009007 0.02749351
v -0.31821069 -0.32349408 0.05353092
v -0.36446786 -0.26923954 -0.00685008
v -0.34786269 -0.27890444 -0.00128456
v -0.34200943 -0.27889726 -0.00068125
v -0.31670994 -0.30434498 0.02448035
v -0.32160169 -0.28673106 0.00874852
v -0.31697646 -0.26642364 -0.00043017
v -0.34507966 -0.27373272 -0.00423460
v -0.30425918 -0.29094446 0.02451269
v -0.31383628 -0.30739403 0.02986289
v -0.30017844 -0.28082037 0.02058502
v -0.29717037 -0.28092366 0.02349566
v -0.29683074 -0.28159830 0.02591158
v -0.30059481 -0.30106106 0.04914598
v -0.28257748 -0.28249881 0.05396874
v -0.30383015 -0.27323875 0.01327163
v -0.31913620 -0.26062146 -0.00407119
v -0.31381676 -0.26071426 -0.00160863
v -0.31381464 -0.25700378 -0.00671826
v -0.29676634 -0.25473097 0.00182836
v -0.29472551 -0.27884600 0.02453973
v -0.29652992 -0.27885002 0.02117660
v -0.28013259 -0.25250241 0.01140023
v -0.27473354 -0.26326811 0.03236935
v -0.28026605 -0.27881315 0.05119354
v -0.28257853 -0.25234324 0.00658901
v -0.27673391 -0.25054047 0.00604179
v -0.25134516 -0.24577591 -0.00659219
v -0.18888615 -0.23843433 -0.00651134
v -0.12641519 -0.23607843 -0.00641353
v -0.06392601 -0.24154106 -0.00639133
v -0.00144403 -0.25835943 -0.00634162
v 0.00678721 -0.25907916 -0.00220812
v 0.02560389 -0.25606048 0.01358947
v 0.05568615 -0.26862285 0.00448988
v 0.03446370 -0.25688344 0.01400012
v 0.05683212 -0.25615001 0.02501008
v 0.04209407 -0.27271041 -0.00628935
v 0.02982553 -0.26488957 0.00071196
v 0.06107464 -0.27622297 -0.00631216
v 0.06680200 -0.26895878 0.00515525
v 0.09152935 -0.27844697 -0.00633336
v 0.06564794 -0.25674143 0.02500637
v 0.08424310 -0.26381907 0.01745767
v 0.09001348 -0.25228122 0.03829976
v 0.11706091 -0.26978582 0.00679219
v 0.10032739 -0.26358765 0.01734398
v 0.09461524 -0.25216389 0.03836042
v 0.11772689 -0.25937796 0.02498687
v 0.09296376 -0.27853417 -0.00633360
v 0.09233372 -0.27841204 -0.00611450
v 0.12359680 -0.27696556 -0.00631743
v 0.12978955 -0.26943168 0.00608327
v 0.14448585 -0.27368557 -0.00628136
v 0.12914008 -0.25869480 0.02499282
v 0.14836134 -0.26066798 0.01589628
v 0.18467276 -0.26475203 -0.00326044
v 0.16078748 -0.25944820 0.01529707
v 0.17756900 -0.26755649 -0.00623430
v 0.15487686 -0.26910427 -0.00137029
v 0.18615234 -0.26614848 -0.00622304
v 0.18726952 -0.26438829 -0.00398538
v 0.18961847 -0.26500738 -0.00621018
v 0.18615767 -0.25419679 0.01194648
v 0.21677260 -0.24902359 0.01018242
v 0.21796621 -0.24872971 0.01003787
v 0.21744354 -0.24980022 0.00845541
v 0.21998437 -0.24895769 0.00825211
v 0.24873391 -0.24598372 -0.00603073
v -0.45078307 -0.24770463 0.01829890
v -0.46524382 -0.24771097 0.03751136
v -0.46723139 -0.24913004 0.04134945
v -0.46761307 -0.24648522 0.04115938
v -0.45090616 -0.22354317 0.02432266
v -0.44934565 -0.21648124 0.02433567
v -0.44843400 -0.20448911 0.02433842
v -0.45255855 -0.21835527 0.02808615
v -0.45237771 -0.21443033 0.02844738
v -0.43883440 -0.24149099 0.01186165
v -0.42035329 -0.24132390 0.00230755
v -0.43098140 -0.22424963 0.00876035
v -0.41273472 -0.21906234 -0.00688484
v -0.43166232 -0.20800081 0.00738948
v -0.41353834 -0.21349432 -0.00688485
v -0.43880475 -0.18944339 0.01590147
v -0.42398137 -0.19343027 0.00051253
v -0.27002165 -0.24760766 0.01525098
v -0.25804526 -0.24758674 0.02797830
v -0.26399207 -0.25685731 0.04953588
v -0.25379732 -0.24264398 0.02463208
v -0.25133109 -0.24286817 0.01519039
v -0.24744292 -0.23982409 0.02463824
v -0.25132602 -0.24409848 0.03159958
v -0.23670548 -0.23928933 0.00074424
v -0.22733159 -0.23308890 0.01629261
v -0.20966244 -0.22672623 0.01950784
v -0.22009885 -0.23439273 0.00247595
v -0.19743918 -0.23623538 -0.00224285
v -0.22853515 -0.23064792 0.03184542
v -0.20863500 -0.22467974 0.02889406
v -0.23589341 -0.23964724 0.04821423
v -0.22006738 -0.22805861 0.05009022
v -0.20069021 -0.22387241 0.02472270
v -0.20064531 -0.22013615 0.03235348
v -0.18887955 -0.23498496 -0.00043874
v -0.17609107 -0.22204360 0.02475940
v -0.18218182 -0.23530591 -0.00314263
v -0.17007272 -0.22265401 0.02160843
v -0.15764698 -0.23377757 0.00226626
v -0.13280953 -0.23513895 -0.00322085
v -0.17146695 -0.21985249 0.02653410
v -0.14943483 -0.21632111 0.02479860
v -0.17611675 -0.21921338 0.03054878
v -0.17058215 -0.21632649 0.03005823
v -0.14292555 -0.21631980 0.02296319
v -0.13833129 -0.21999781 0.01745570
v -0.14143312 -0.21574949 0.02366841
v -0.12585817 -0.21630757 0.02482777
v -0.14250880 -0.21530591 0.02430034
v -0.14304759 -0.21422347 0.02585558
v -0.14129820 -0.21491218 0.02480823
v -0.12641284 -0.23388538 -0.00251384
v -0.11139056 -0.21752761 0.02484597
v -0.12101724 -0.23463133 -0.00370987
v -0.10989072 -0.21806757 0.02395980
v -0.08314259 -0.22350729 0.02127827
v -0.09517040 -0.23213089 0.00151830
v -0.07583311 -0.23787437 -0.00042975
v -0.11034168 -0.21716480 0.02528028
v -0.08148696 -0.22019990 0.02684206
v -0.11127092 -0.21679242 0.02583660
v -0.11216559 -0.21490450 0.02763307
v -0.10987180 -0.21629630 0.02665579
v -0.07687379 -0.22162145 0.02489063
v -0.08319947 -0.21629757 0.03222398
v -0.07717229 -0.21865891 0.02962499
v -0.06467646 -0.20147717 0.05463932
v -0.06392613 -0.23655306 0.00289453
v -0.05243958 -0.22458513 0.02491429
v -0.04823198 -0.23977068 0.00147971
v -0.04106484 -0.23078048 0.01767014
v -0.02596861 -0.23414052 0.01602335
v -0.03268810 -0.23923287 0.00511399
v -0.02414838 -0.24328120 0.00501137
v -0.04454958 -0.22379977 0.02867416
v -0.02214664 -0.22653729 0.03008052
v -0.05201793 -0.22002691 0.03237234
v -0.06343953 -0.20115156 0.05529462
v -0.04081630 -0.21631984 0.03990412
v -0.00808970 -0.23425408 0.02498444
v -0.02616683 -0.21633631 0.04328111
v -0.00983199 -0.22355919 0.03943125
v -0.00143016 -0.24335232 0.01649353
v 0.01174865 -0.24760118 0.01840161
v 0.00268922 -0.23938058 0.02500078
v 0.02983822 -0.24763376 0.02717935
v 0.02561314 -0.23917958 0.03644901
v 0.03291095 -0.24151844 0.03761933
v 0.04422947 -0.24764195 0.03347363
v 0.02985089 -0.23241717 0.04834899
v 0.05076130 -0.23719588 0.05114571
v 0.00421142 -0.22638933 0.04508941
v 0.06109903 -0.25157401 0.03289269
v 0.08842932 -0.24958414 0.04259712
v 0.09234548 -0.25017616 0.04191090
v 0.09627628 -0.24958867 0.04259740
v 0.09234742 -0.24762610 0.04552194
v 0.14765772 -0.24762283 0.03701915
v 0.12360741 -0.25290471 0.03554484
v 0.15488087 -0.24762544 0.03478488
v 0.18269987 -0.24764521 0.02332625
v 0.15344764 -0.24475563 0.03919758
v 0.15653715 -0.24431750 0.03898040
v 0.14263073 -0.24149905 0.04674666
v 0.15487975 -0.24073325 0.04407085
v 0.18522117 -0.24576749 0.02505818
v 0.18269575 -0.22855949 0.04936916
v 0.18616149 -0.24675205 0.02327115
v 0.20346716 -0.24766719 0.01645986
v 0.18732448 -0.24532299 0.02506298
v 0.21744274 -0.24768363 0.01175512
v 0.21965098 -0.24768773 0.01062400
v 0.21029891 -0.23340809 0.03360311
v 0.22623746 -0.23010489 0.03198598
v 0.19027381 -0.22791170 0.04807933
v 0.21526203 -0.21642725 0.05203484
v 0.23985285 -0.22999106 0.02520750
v 0.22052103 -0.21643388 0.05019968
v 0.23873577 -0.22211322 0.03650456
v 0.24723861 -0.20230636 0.05353445
v 0.24873085 -0.23846307 0.00669125
v 0.26231912 -0.22056344 0.02526611
v 0.26048338 -0.23799434 -0.00012382
v 0.26616836 -0.22012892 0.02346233
v 0.27999890 -0.22637874 -0.00102872
v 0.26541996 -0.21863347 0.02633909
v 0.26979566 -0.21650563 0.02527731
v 0.26278603 -0.21806008 0.02839123
v 0.25409049 -0.20624110 0.04571126
v 0.26608452 -0.21650095 0.02873759
v 0.28663778 -0.21652380 0.00733942
v 0.31047556 -0.20170689 -0.00435760
v 0.28939968 -0.20411718 0.01909135
v 0.28295997 -0.19125624 0.03787911
v 0.29127583 -0.22217283 -0.00593622
v 0.31124407 -0.20212489 -0.00588950
v 0.31158105 -0.20127915 -0.00521419
v 0.31200588 -0.20132332 -0.00588825
v 0.31124175 -0.19960476 -0.00322576
v 0.31241038 -0.20035920 -0.00530443
v -0.45550087 -0.15614197 0.02322162
v -0.44614524 -0.18522978 0.02065808
v -0.45747960 -0.16011447 0.02738540
v -0.45446205 -0.18524337 0.03219127
v -0.46394882 -0.18829131 0.04302804
v -0.47000894 -0.18526429 0.05601151
v -0.47001389 -0.17280862 0.04620711
v -0.46467721 -0.18257999 0.04266059
v -0.45648232 -0.15397567 0.02430853
v -0.47461587 -0.13197073 0.03528937
v -0.47476503 -0.15401013 0.04607129
v -0.45522177 -0.15397272 0.02269457
v -0.45267347 -0.15571600 0.02081707
v -0.45157513 -0.15112685 0.01861728
v -0.45605430 -0.15069185 0.02266048
v -0.43880436 -0.17988881 0.01366621
v -0.42656219 -0.17571613 -0.00078923
v -0.43351531 -0.16428694 0.00365615
v -0.42653221 -0.16344871 -0.00691468
v -0.43529320 -0.14184308 0.00006735
v -0.43043387 -0.14252152 -0.00693880
v -0.43880174 -0.13450940 0.00066496
v -0.43879193 -0.11718257 -0.00700173
v -0.43430412 -0.13607895 -0.00471451
v -0.15758148 -0.19974650 0.04774786
v -0.13905731 -0.19434619 0.04970599
v -0.15755320 -0.18510848 0.06473273
v -0.12635699 -0.19584951 0.04637989
v -0.11234830 -0.19369522 0.04910252
v -0.09513622 -0.19867179 0.04731231
v -0.06453439 -0.20037639 0.05588396
v -0.09511296 -0.18508631 0.05626595
v -0.06389391 -0.20054126 0.05589426
v -0.06349857 -0.20049955 0.05600871
v -0.03264365 -0.20640112 0.05128897
v 0.21742657 -0.21282226 0.05456320
v 0.24707928 -0.20003895 0.05564298
v 0.24869756 -0.20002566 0.05480834
v 0.30288106 -0.18528140 0.02112686
v 0.28935176 -0.18526125 0.03619058
v 0.25863793 -0.19588757 0.05149712
v 0.27995524 -0.18910351 0.04279651
v 0.28300875 -0.18677957 0.04239858
v 0.27995235 -0.18524745 0.04663715
v 0.28479663 -0.18283257 0.04329190
v 0.30548072 -0.17379920 0.02529311
v 0.31490320 -0.15405536 0.02532154
v 0.30220714 -0.16064104 0.03850158
v 0.30400690 -0.14562336 0.04210522
v 0.31122690 -0.17968354 0.01409352
v 0.32453755 -0.17635366 0.00077257
v 0.32101250 -0.15991403 0.01366293
v 0.33747664 -0.15662339 -0.00581430
v 0.32245994 -0.14967822 0.01655839
v 0.33901703 -0.15236697 -0.00580745
v 0.33543211 -0.12641355 0.00626719
v 0.31785265 -0.13605127 0.02535169
v -0.47626865 -0.12274574 0.03675230
v -0.47000751 -0.12273556 0.02708385
v -0.46084458 -0.10438457 0.01774998
v -0.45814660 -0.12271951 0.01456254
v -0.44507307 -0.11023013 -0.00386997
v -0.47543260 -0.11184868 0.03442301
v -0.47727060 -0.12639645 0.04355730
v -0.47625732 -0.11961067 0.04304103
v -0.46537048 -0.09147403 0.02419168
v -0.47551537 -0.09148414 0.04438727
v -0.45856869 -0.09146646 0.01580917
v -0.45842713 -0.08335567 0.02012092
v -0.46399784 -0.07217345 0.03382449
v -0.44240132 -0.10527238 -0.00702287
v -0.44156876 -0.07722480 -0.00708007
v -0.44145527 -0.07447212 -0.00573583
v -0.43875721 -0.07018346 -0.00708201
v 0.29913056 -0.13236934 0.05048387
v 0.30073175 -0.11244904 0.05131766
v 0.32158041 -0.09164211 0.02545458
v 0.30576718 -0.10171885 0.04562975
v 0.30519623 -0.08206216 0.04449030
v 0.32673323 -0.12285566 0.01766538
v 0.31787604 -0.12283859 0.02868046
v 0.32118958 -0.10304893 0.02542923
v 0.31123754 -0.12822697 0.03615083
v 0.31124935 -0.11662053 0.03777150
v 0.33648586 -0.11986072 0.00680529
v 0.32505235 -0.09350976 0.02174560
v 0.34254903 -0.10145900 -0.00082548
v 0.32507810 -0.08981301 0.02179846
v 0.33704427 -0.06323150 0.00722139
v 0.33557314 -0.09167238 0.00823327
v 0.32096258 -0.07974043 0.02547765
v 0.34416190 -0.09168969 -0.00248403
v 0.34619659 -0.09350707 -0.00568248
v 0.34675646 -0.08959942 -0.00566821
v 0.34256881 -0.08127542 -0.00044819
v -0.44988605 -0.06019020 0.01856271
v -0.46117517 -0.06020869 0.03538888
v -0.46996149 -0.07208265 0.04575830
v -0.46589530 -0.06224957 0.04183415
v -0.46351019 -0.05698756 0.04302126
v -0.44545603 -0.04674688 0.02411649
v -0.43044001 -0.02892170 0.02409027
v -0.44703221 -0.03625326 0.03876236
v -0.43873984 -0.05138185 0.00653534
v -0.43184587 -0.04800835 -0.00364666
v -0.42848915 -0.03430625 0.01335606
v -0.42239398 -0.03641146 -0.00708039
v -0.42542851 -0.02660276 0.01945341
v -0.41474080 -0.02531300 -0.00707940
v -0.42590737 -0.02332117 0.02408988
v -0.41773570 -0.01821730 0.01876554
v -0.41125974 -0.00527232 0.03596822
v -0.43569878 -0.01632756 0.04932278
v -0.40335518 -0.00589111 0.01264014
v -0.40658912 0.00055243 0.03889578
v -0.40744838 -0.01407989 0.00037612
v -0.40062520 -0.00112471 0.00517432
v 0.29820624 -0.06946538 0.05010018
v 0.28002667 -0.06036904 0.06698037
v 0.29755902 -0.05164951 0.04980667
v 0.31644005 -0.02923083 0.02556424
v 0.30860859 -0.00355711 0.02559849
v 0.30379450 -0.03730647 0.04170608
v 0.30244035 -0.02247330 0.03899722
v 0.32699227 -0.06044381 0.01772247
v 0.31768227 -0.06041985 0.02869025
v 0.31862831 -0.04582809 0.02553879
v 0.31129086 -0.06577821 0.03621447
v 0.31129938 -0.05533826 0.03563693
v 0.33680630 -0.05758580 0.00711040
v 0.32374012 -0.03245452 0.01915546
v 0.34260476 -0.03352296 -0.00342266
v 0.32295242 -0.02523946 0.01756944
v 0.31137046 -0.00005576 0.02163938
v 0.33000886 -0.00438806 0.00374657
v 0.34071892 -0.02928037 -0.00177482
v 0.34312454 -0.02928566 -0.00450174
v 0.34404984 -0.03000654 -0.00553173
v 0.34385616 -0.02866493 -0.00552958
v 0.34260994 -0.02724117 -0.00450892
v -0.39438897 0.00227739 0.01511347
v -0.39005923 0.01093742 -0.00003599
v -0.40411612 0.00229813 0.03811129
v -0.40746480 0.00058606 0.04063042
v -0.40597576 0.00155812 0.04051692
v -0.40746444 0.00230021 0.04453016
v -0.40283003 0.00461382 0.04210050
v -0.38287598 0.01566211 0.02425027
v -0.38085777 0.02257290 0.00245839
v -0.38151485 0.02321984 0.04484092
v -0.38323891 0.02141511 -0.00694232
v -0.36593330 0.02269886 0.02432290
v -0.37614682 0.02745034 -0.00691375
v -0.36801058 0.02599680 0.00937712
v -0.35832912 0.02907768 0.02215759
v -0.35833251 0.02908181 0.02654836
v -0.35888910 0.04047283 -0.00687127
v -0.34969568 0.03346412 0.02438153
v -0.35530442 0.03347210 0.01393549
v -0.36732560 0.02672008 0.03785727
v -0.35300004 0.03347280 0.03942330
v -0.33473176 0.04438381 0.01895430
v -0.33485472 0.04462605 0.03001734
v -0.32102636 0.04987495 0.02446573
v -0.31649625 0.04616373 0.04999572
v -0.34488750 0.04479442 -0.00116598
v -0.32917714 0.05682117 0.00098234
v -0.31362858 0.05951545 0.01423019
v -0.31364065 0.06747930 -0.00675789
v -0.30987787 0.05714995 0.02449643
v -0.28292513 0.06348881 0.03964135
v -0.31248227 0.04788179 0.05345619
v -0.28196025 0.06379807 0.03979960
v 0.24756162 0.06150801 0.02545154
v 0.24438749 0.04425290 0.04758130
v 0.29136670 0.02426541 0.02114356
v 0.30777076 0.00193164 0.02380575
v 0.28497031 0.01161806 0.03630422
v 0.29813832 0.00194914 0.03217663
v 0.28576705 -0.00085327 0.04394945
v 0.28009510 0.00198887 0.04813411
v 0.28010988 0.00785650 0.04405764
v 0.28411457 0.00397382 0.04312542
v 0.24897414 0.06298419 0.02278578
v 0.27155638 0.05994607 0.00556279
v 0.27814502 0.03311871 0.02553176
v 0.25256109 0.05714120 0.02546152
v 0.27158666 0.04709922 0.01850473
v 0.26804233 0.04008307 0.02897358
v 0.25755724 0.04014499 0.03943374
v 0.26899114 0.03314743 0.03438158
v 0.29005334 0.03308945 0.01406022
v 0.30433044 0.02456771 0.00856679
v 0.30100965 0.04343116 -0.00562757
v 0.28021988 0.05317125 0.00436529
v 0.31138486 0.00634185 0.01676195
v 0.32241574 0.01198598 -0.00006437
v 0.31144345 0.03278517 -0.00559280
v 0.31508365 0.02113409 0.00174057
v 0.32056117 0.02202492 -0.00556228
v -0.34490299 0.04099556 0.05186162
v -0.30116490 0.06463533 0.01828824
v -0.29848874 0.07268950 0.00084547
v -0.28236607 0.06460758 0.03793883
v -0.28781450 0.07547735 0.01434964
v -0.27483678 0.07970261 0.01650474
v -0.28240177 0.08055118 0.00095136
v -0.28018069 0.06460480 0.03911535
v -0.28236496 0.06276629 0.04112389
v -0.27969009 0.06326783 0.04154806
v -0.25883693 0.07998005 0.02461581
v -0.25873917 0.08779775 0.00851156
v -0.26715702 0.08823499 -0.00669114
v -0.24196222 0.08291629 0.02465260
v -0.25112125 0.07187444 0.03927148
v -0.25118133 0.09416968 -0.00665866
v -0.24209502 0.08925609 0.01151612
v -0.23134907 0.08745146 0.02049392
v -0.20727476 0.08980440 0.02168049
v -0.22839081 0.08155317 0.03179841
v -0.20977971 0.08477148 0.03019210
v -0.23312980 0.07118067 0.04693514
v -0.21986334 0.06454855 0.05964822
v -0.21987559 0.07350498 0.04478755
v -0.20142195 0.07378255 0.04953214
v -0.22753665 0.09963149 -0.00662396
v -0.22547078 0.09581164 0.00450792
v -0.21274757 0.09580715 0.00774397
v -0.20068523 0.08861580 0.02467326
v -0.20019723 0.09171411 0.01650467
v -0.20766807 0.10194608 -0.00661582
v -0.21992896 0.10089080 -0.00407873
v -0.17610149 0.08967390 0.02466145
v -0.18863407 0.07588939 0.04731730
v -0.18868068 0.10152231 -0.00661164
v -0.17654626 0.09229777 0.01764609
v -0.17045319 0.09063967 0.02207928
v -0.14282541 0.09371362 0.02362400
v -0.16941379 0.08857518 0.02827886
v -0.14331648 0.09273108 0.02621042
v -0.17865904 0.07520938 0.05093155
v -0.15736884 0.06459205 0.06160293
v -0.15739080 0.07714151 0.04656817
v -0.14075242 0.07289997 0.04862282
v -0.17064932 0.10241373 -0.00660852
v -0.16586263 0.09580121 0.01030225
v -0.14546341 0.09580576 0.01730374
v -0.14060144 0.09345823 0.02467438
v -0.14071122 0.09473988 0.02254062
v -0.13827047 0.10535447 -0.00659189
v -0.15742354 0.10177463 -0.00361530
v -0.11154976 0.09372061 0.02470622
v -0.12612934 0.07402286 0.04359872
v -0.12615623 0.10731764 -0.00658528
v -0.11145308 0.09485334 0.02282351
v -0.10980463 0.09438272 0.02400308
v -0.08184767 0.09052163 0.02217836
v -0.10780808 0.09040098 0.02741863
v -0.08658896 0.08106866 0.03215881
v -0.10556953 0.06992564 0.04573383
v -0.09485781 0.06457764 0.04890028
v -0.09486041 0.07021505 0.04322416
v -0.08763739 0.06817216 0.04403369
v -0.11916755 0.10790479 -0.00657105
v -0.10880253 0.09579092 0.02129581
v -0.08459532 0.09576402 0.01405098
v -0.07460926 0.08656222 0.02483826
v -0.07577990 0.09232625 0.01795642
v -0.07386720 0.10621712 -0.00645960
v -0.09487148 0.10703103 -0.00088817
v -0.05427923 0.08302511 0.02492589
v -0.06356773 0.07062890 0.03708957
v -0.06356645 0.10482354 -0.00642421
v -0.05286027 0.09078283 0.01503229
v -0.04380082 0.08750638 0.02084832
v -0.02048331 0.08797720 0.02114167
v -0.03523956 0.07040571 0.03765091
v -0.02910495 0.07080840 0.03745861
v -0.03519206 0.06594787 0.04206584
v -0.03227810 0.06448980 0.04351382
v -0.03227694 0.06653963 0.04164702
v -0.02890686 0.06616516 0.04231382
v -0.05146665 0.10529490 -0.00639365
v -0.03969725 0.09570542 0.00852929
v -0.02450427 0.09569150 0.00920921
v -0.01195171 0.08635537 0.02502058
v -0.01308829 0.09215567 0.01794448
v -0.00522459 0.10703805 0.00223210
v -0.03226206 0.10372327 -0.00231471
v 0.01137714 0.08908553 0.02505538
v -0.00098832 0.07267278 0.04155247
v 0.01225234 0.09324042 0.02022485
v 0.01632670 0.09232623 0.02339333
v 0.01809027 0.08879734 0.02848917
v 0.01420513 0.07245210 0.04874269
v 0.03025901 0.06442873 0.06195577
v 0.03028627 0.07763433 0.04734023
v 0.05385463 0.07617100 0.05253445
v 0.00487760 0.10543176 0.00544261
v -0.00460278 0.11309373 -0.00446582
v -0.00096939 0.11276618 -0.00329192
v -0.00096962 0.11526883 -0.00627835
v 0.00354470 0.11352450 -0.00401180
v 0.03495167 0.09562278 0.02507141
v 0.01777596 0.09564380 0.01883494
v 0.04387147 0.09975410 0.02300083
v 0.04494076 0.09761301 0.02608075
v 0.04723136 0.09817801 0.02508082
v 0.04436858 0.09561291 0.02822430
v 0.05090503 0.09064426 0.03504249
v 0.04705441 0.09672096 0.02730712
v 0.03031941 0.11225124 0.00208305
v 0.06153895 0.07805930 0.05248443
v 0.06675956 0.07739211 0.05377186
v 0.09274897 0.06438664 0.06716622
v 0.09279791 0.08347087 0.05033556
v 0.11807726 0.07700837 0.05345791
v 0.05192432 0.11605135 -0.00138499
v 0.06160051 0.11445697 0.00029705
v 0.06159992 0.11886084 -0.00622546
v 0.07114768 0.11596607 -0.00142775
v 0.07350814 0.10298920 0.02510180
v 0.08258337 0.10626240 0.01974960
v 0.08013374 0.10138207 0.02802723
v 0.06751694 0.08593930 0.04445641
v 0.07392645 0.09885637 0.03168059
v 0.08250588 0.09557049 0.03572725
v 0.10255367 0.10740228 0.01919035
v 0.10516200 0.10216692 0.02844107
v 0.11289184 0.10438003 0.02513984
v 0.10258061 0.09556707 0.03688298
v 0.11809169 0.08592099 0.04450442
v 0.11253653 0.09963803 0.03331116
v 0.09287013 0.11507051 0.00358652
v 0.12403031 0.07791921 0.05231807
v 0.13061576 0.07669369 0.05314831
v 0.15521391 0.06444530 0.07087334
v 0.15526843 0.08158433 0.04942229
v 0.17788297 0.07571473 0.05215731
v 0.11224552 0.11709982 -0.00022393
v 0.12412317 0.11558007 0.00271730
v 0.12412861 0.11966459 -0.00616432
v 0.13526937 0.11671875 -0.00055940
v 0.13574947 0.10347246 0.02516913
v 0.14475533 0.10562190 0.02012950
v 0.14290828 0.10196796 0.02838687
v 0.13056037 0.08647372 0.04340913
v 0.13604978 0.09920646 0.03247872
v 0.14459339 0.09557319 0.03500063
v 0.18219177 0.09556922 0.02522846
v 0.16784807 0.10173913 0.02209600
v 0.16908619 0.09925489 0.02703237
v 0.17289998 0.09951262 0.02519931
v 0.16792479 0.09558274 0.03117817
v 0.17616950 0.09033325 0.03573310
v 0.17256035 0.09721777 0.02847574
v 0.15535194 0.11424676 0.00327450
v 0.19886857 0.08901680 0.02528332
v 0.18649007 0.07646085 0.04935823
v 0.19953160 0.09293067 0.02004019
v 0.20575450 0.08834365 0.02170656
v 0.22656608 0.08191720 0.01858031
v 0.24587294 0.06431963 0.02389691
v 0.21390325 0.07201880 0.03713553
v 0.21947503 0.06786076 0.03923819
v 0.23238930 0.06434718 0.03369571
v 0.22322632 0.06162301 0.04374902
v 0.21065053 0.06791409 0.04448801
v 0.21771562 0.06437974 0.04462099
v 0.21772149 0.06647429 0.04203181
v 0.21970379 0.06536192 0.04197898
v 0.19148457 0.10622376 0.00382717
v 0.18137749 0.11372782 -0.00342789
v 0.18658738 0.11276304 -0.00273684
v 0.18659246 0.11419414 -0.00602617
v 0.18955946 0.11260182 -0.00452694
v 0.20947689 0.09552632 0.01070831
v 0.22257638 0.09550323 0.00370160
v 0.24564821 0.08324169 0.00095119
v 0.22699437 0.10006903 -0.00584967
v 0.21781057 0.10194103 -0.00265401
v 0.24899051 0.06962633 0.01479328
v 0.25898716 0.07488430 -0.00076118
v 0.24902937 0.08628958 -0.00577588
v 0.25111502 0.08196075 -0.00157930
v 0.25476271 0.08272205 -0.00576069
v -0.44133985 -0.31531239 0.08691268
v -0.43878552 -0.31415671 0.07892323
v -0.43881348 -0.30793428 0.05556482
v -0.42629856 -0.31950986 0.06182173
v -0.43327117 -0.32118174 0.08689773
v -0.41855252 -0.33214277 0.08223319
v -0.41870472 -0.33246952 0.09134226
v -0.38916832 -0.33858109 0.08133284
v -0.39350653 -0.33820072 0.08529133
v -0.39343455 -0.33834100 0.08838423
v -0.39076865 -0.33902499 0.08687247
v -0.38892251 -0.33833978 0.09288968
v -0.39108548 -0.33309379 0.05556789
v -0.40757477 -0.32984993 0.06131208
v -0.37633300 -0.34086934 0.05558841
v -0.34605673 -0.34179309 0.05565264
v -0.34508887 -0.34168777 0.05584449
v -0.36184356 -0.34017459 0.08458845
v -0.34975910 -0.34131289 0.06500289
v -0.36114350 -0.34042338 0.08689022
v -0.36027014 -0.34047416 0.08646607
v -0.36017454 -0.34028229 0.08740990
v -0.36195570 -0.34006071 0.08941631
v -0.34447682 -0.34130794 0.05687996
v -0.33299750 -0.33422589 0.08339082
v -0.33360353 -0.33301079 0.09106339
v -0.32279631 -0.32793880 0.08694365
v -0.34482232 -0.34144202 0.05565585
v -0.34242550 -0.33997637 0.05566104
v -0.31738210 -0.32390529 0.05749026
v -0.31384176 -0.32182747 0.06340787
v -0.31383908 -0.32180902 0.05572271
v -0.31019074 -0.31734717 0.08698084
v -0.45776591 -0.28570300 0.08356756
v -0.44449276 -0.31018716 0.08405305
v -0.44909036 -0.29970893 0.06074024
v -0.45764583 -0.28547502 0.09021873
v -0.44428587 -0.31018797 0.08969202
v -0.44386113 -0.29713890 0.11575602
v -0.45974752 -0.27896857 0.08695261
v -0.46066821 -0.27896166 0.07438861
v -0.46539760 -0.25699347 0.07593609
v -0.46190202 -0.26394105 0.09451395
v -0.45816058 -0.27897257 0.09454139
v -0.45581019 -0.28606790 0.05558109
v -0.46174574 -0.27479872 0.05559126
v -0.43876892 -0.31514245 0.09687088
v -0.42881513 -0.32081708 0.11325951
v -0.40753183 -0.33243889 0.11370040
v -0.46714345 -0.24917704 0.06984133
v -0.34509003 -0.33155143 0.11327022
v -0.32784992 -0.31866235 0.11118811
v -0.30528137 -0.31003648 0.08272298
v -0.30624864 -0.31002957 0.09079149
v -0.31385684 -0.31586280 0.09863500
v -0.29927969 -0.30170625 0.06304970
v -0.29081053 -0.29358608 0.07964998
v -0.28257734 -0.28308684 0.05795383
v -0.29144406 -0.29233289 0.09380813
v -0.30358931 -0.29953235 0.11310747
v -0.27772442 -0.27878168 0.08708267
v -0.28535682 -0.27875784 0.11280214
v -0.27865157 -0.27880263 0.06367984
v -0.27070153 -0.27129528 0.08336192
v -0.27143002 -0.26984608 0.09156976
v -0.25645322 -0.25775912 0.08714806
v -0.28002229 -0.28008670 0.05581899
v -0.27627343 -0.27565867 0.05583091
v -0.26054689 -0.25856698 0.06049640
v -0.25133413 -0.25172395 0.07878511
v -0.25132114 -0.25016421 0.05590425
v -0.24966063 -0.25088584 0.08716428
v 0.06110498 -0.23591140 0.05631543
v 0.12361254 -0.23799737 0.05624215
v -0.46790069 -0.24347669 0.07343105
v -0.46750602 -0.24773258 0.07256185
v -0.46753150 -0.24648032 0.07003855
v -0.46550333 -0.23876303 0.09815434
v -0.46425769 -0.24774282 0.09978242
v -0.45975721 -0.25285619 0.10780013
v -0.46213999 -0.24382000 0.10660603
v -0.47474670 -0.18764801 0.06892688
v -0.47093844 -0.21651205 0.08698311
v -0.47464859 -0.19458550 0.07598375
v -0.47240973 -0.19018796 0.10019860
v -0.46928966 -0.21650521 0.05712453
v -0.46285895 -0.21651994 0.10407201
v -0.46919715 -0.21691990 0.05564741
v -0.46910843 -0.21604593 0.05564835
v -0.47002348 -0.21287552 0.05746862
v -0.28261587 -0.27439237 0.11611734
v -0.26453611 -0.25656042 0.11178331
v -0.24484470 -0.24752809 0.08393371
v -0.24622326 -0.24752645 0.08973247
v -0.25134695 -0.25082231 0.09375353
v -0.23567858 -0.23974212 0.06376760
v -0.22748463 -0.23272401 0.07899952
v -0.22006676 -0.22825080 0.06195426
v -0.22863571 -0.23044771 0.09429006
v -0.24293581 -0.23612025 0.11421522
v -0.20742555 -0.21630163 0.08726777
v -0.22110184 -0.21630099 0.11648151
v -0.20692615 -0.21630356 0.08231191
v -0.20128055 -0.21313965 0.08093914
v -0.20546515 -0.21427456 0.08625728
v -0.20578580 -0.21363565 0.08860935
v -0.20076868 -0.20896436 0.08728421
v -0.20920181 -0.22173727 0.05598668
v -0.18881479 -0.20953986 0.05602045
v -0.18554617 -0.20396656 0.06256636
v -0.18064353 -0.20478591 0.05603083
v -0.17059438 -0.19161999 0.06516339
v -0.18599921 -0.19070631 0.08731497
v -0.12632844 -0.18387711 0.05609829
v -0.06389319 -0.20009719 0.05620571
v -0.05856529 -0.19803724 0.05887638
v -0.03322820 -0.18628426 0.07246702
v -0.00694148 -0.20629066 0.06741022
v -0.03184087 -0.18667810 0.07266677
v -0.00210783 -0.18658766 0.08759287
v -0.01950619 -0.20978045 0.05629613
v -0.03263387 -0.18877786 0.07003246
v -0.00139867 -0.21498471 0.05633044
v 0.01703430 -0.22281310 0.05637078
v 0.02985821 -0.22339769 0.05987538
v 0.05738021 -0.23389179 0.05818481
v 0.00496607 -0.20712608 0.06907472
v 0.02417088 -0.21641435 0.06775217
v -0.00049283 -0.18692940 0.08759628
v 0.02119033 -0.20247547 0.08065838
v 0.03644918 -0.21642657 0.06958093
v 0.05710877 -0.22803903 0.06433034
v 0.04985058 -0.21205646 0.07889515
v 0.03944401 -0.20434836 0.08160041
v 0.05162144 -0.20414039 0.08763035
v 0.06110569 -0.23352028 0.05930009
v 0.06595160 -0.23445015 0.05873397
v 0.06729061 -0.22585264 0.06868748
v 0.09236065 -0.23256722 0.06435886
v 0.11628611 -0.23566221 0.05991232
v 0.07409662 -0.21377370 0.08229595
v 0.07997309 -0.21640983 0.08109860
v 0.07277282 -0.20848960 0.08758804
v 0.07902524 -0.21184443 0.08529128
v 0.08490601 -0.20007852 0.09573528
v 0.10567329 -0.21639377 0.08289794
v 0.11391057 -0.22230630 0.07567566
v 0.10962036 -0.21476427 0.08427193
v 0.10639003 -0.21319354 0.08593282
v 0.10139462 -0.20321430 0.09413607
v 0.11067677 -0.21103014 0.08753344
v 0.12361167 -0.23424383 0.06073722
v 0.12911077 -0.23474085 0.05898527
v 0.13057680 -0.22503269 0.07015374
v 0.15487573 -0.22658995 0.06134349
v 0.13624856 -0.21337011 0.08148088
v 0.14476973 -0.21636686 0.07643713
v 0.13460529 -0.20708798 0.08749060
v 0.14279179 -0.20929249 0.08394118
v 0.14923871 -0.19641110 0.09748901
v 0.16231716 -0.21636891 0.07111447
v 0.17743382 -0.20946744 0.07368818
v 0.16471453 -0.20477621 0.08170158
v 0.15830258 -0.19197512 0.09972167
v 0.18079619 -0.19585356 0.08753806
v 0.17350411 -0.22568750 0.05626736
v 0.18615313 -0.22175132 0.05628581
v 0.19292331 -0.20754316 0.06983782
v 0.21178174 -0.21360244 0.05635023
v 0.18990383 -0.19266839 0.08755959
v 0.21268113 -0.19464764 0.07669685
v 0.22108120 -0.19250664 0.07563715
v 0.21742423 -0.20770955 0.06071975
v 0.24434122 -0.19866732 0.05861574
v 0.24869709 -0.19831029 0.05645406
v -0.47597468 -0.18528117 0.07431419
v -0.47289374 -0.18529774 0.10117967
v -0.47540545 -0.18257044 0.06859501
v -0.47662461 -0.17198394 0.07796890
v -0.47378090 -0.17764455 0.09880681
v -0.47213656 -0.18639024 0.10375123
v -0.46995616 -0.19043443 0.10523671
v -0.46995062 -0.18530029 0.10807686
v -0.47216481 -0.18419492 0.10376652
v -0.47777554 -0.15791035 0.05561627
v -0.47752678 -0.15024887 0.05561325
v -0.48118389 -0.12837613 0.06561270
v -0.47929880 -0.15404218 0.08694284
v -0.47840387 -0.15403378 0.07252826
v -0.48048291 -0.14384195 0.08181812
v -0.47445154 -0.13183349 0.09807039
v -0.47192323 -0.15405995 0.11431000
v -0.22009724 -0.21450742 0.11759461
v -0.20313837 -0.19355586 0.11138523
v -0.19381925 -0.17201121 0.11607467
v -0.19073345 -0.16756319 0.11470433
v -0.17205432 -0.18511155 0.07895648
v -0.18290500 -0.18511134 0.09027285
v -0.18880504 -0.18923223 0.09557636
v -0.18879282 -0.17553940 0.10650036
v -0.16254577 -0.18261667 0.06920317
v -0.16333471 -0.17353477 0.07752196
v -0.15754233 -0.18003111 0.06916609
v -0.14728364 -0.17998436 0.06658607
v -0.16917467 -0.16185878 0.09133730
v -0.14947328 -0.15391564 0.08737293
v -0.18408628 -0.16482233 0.10920991
v -0.16818836 -0.15392375 0.09727818
v -0.14338747 -0.15391144 0.08439053
v -0.13862780 -0.15717947 0.08082174
v -0.14035554 -0.15237276 0.08429487
v -0.14326039 -0.15118314 0.08601122
v -0.15173456 -0.13421580 0.09725580
v -0.13600470 -0.14216806 0.08739436
v -0.12631269 -0.17350677 0.06413908
v -0.11340474 -0.17594677 0.06259403
v -0.11903846 -0.16225061 0.07065689
v -0.09508625 -0.17144099 0.06495216
v -0.08011313 -0.17760879 0.06431298
v -0.11569223 -0.14887957 0.07733528
v -0.10462269 -0.15390043 0.07531208
v -0.12194306 -0.13132687 0.08742015
v -0.10349835 -0.13961737 0.08026223
v -0.08547264 -0.15389821 0.07536606
v -0.07277765 -0.16056028 0.07410294
v -0.07501104 -0.14947334 0.07858786
v -0.08655536 -0.13964534 0.08029963
v -0.06385689 -0.17603275 0.06931887
v -0.03464393 -0.18509434 0.07287857
v -0.05144628 -0.15713134 0.08099374
v -0.03263122 -0.18509535 0.07347672
v -0.03678907 -0.17676446 0.07604080
v -0.01985073 -0.15967047 0.09042812
v -0.00284676 -0.18514276 0.08832359
v -0.05010473 -0.15199490 0.08366542
v -0.06379209 -0.12437809 0.08403958
v -0.03582321 -0.15390700 0.08750954
v -0.04632273 -0.15389757 0.08371828
v -0.04584303 -0.14919537 0.08512338
v -0.02219448 -0.14344557 0.09278258
v -0.01947912 -0.15391879 0.09257835
v -0.01422771 -0.15665893 0.09303934
v -0.01243766 -0.14940552 0.09661603
v 0.00272081 -0.18514884 0.08965447
v -0.00138470 -0.18556169 0.08842985
v -0.00138344 -0.18445525 0.08897530
v 0.02985650 -0.18517713 0.09565142
v 0.02537180 -0.17619222 0.09876276
v 0.03286640 -0.17917287 0.10026105
v 0.03763080 -0.18517718 0.09937191
v 0.00753359 -0.16065641 0.10106064
v 0.00503035 -0.14470194 0.10609870
v 0.02482551 -0.15396850 0.10877150
v 0.03334773 -0.15397653 0.11202987
v 0.05763851 -0.16609839 0.11192629
v 0.06110166 -0.19209263 0.10144809
v 0.06111179 -0.17402747 0.10997194
v 0.08617692 -0.18825644 0.10628283
v 0.09236015 -0.18966043 0.10542608
v 0.10048951 -0.18922032 0.10723221
v 0.07868770 -0.17834441 0.11005558
v 0.09236019 -0.18516365 0.10882269
v 0.11897393 -0.17187285 0.11647471
v 0.06372246 -0.16697524 0.11368001
v 0.12322941 -0.16916113 0.11801378
v 0.12362041 -0.19378638 0.10481103
v 0.12362097 -0.17028902 0.11731976
v 0.14774352 -0.18870586 0.10671177
v 0.15488042 -0.18847428 0.10481058
v 0.15856977 -0.18698543 0.10499031
v 0.12899238 -0.17223087 0.11610703
v 0.15487790 -0.18513902 0.10809707
v 0.16342787 -0.18087745 0.10741554
v 0.12403609 -0.16913731 0.11796585
v 0.18165478 -0.16506748 0.10979296
v 0.18514679 -0.13932712 0.11674173
v 0.19589701 -0.18517362 0.09243514
v 0.18614766 -0.18827644 0.09377667
v 0.18614405 -0.17873898 0.10040276
v 0.21741351 -0.18518622 0.08396545
v 0.23176387 -0.18519057 0.07915628
v 0.21000341 -0.17038769 0.09578564
v 0.22720218 -0.16565472 0.09344701
v 0.19190460 -0.16380620 0.10726251
v 0.18755023 -0.13973753 0.11593048
v 0.21058789 -0.15395014 0.10514212
v 0.24006173 -0.16797635 0.08762328
v 0.25518760 -0.15398321 0.08764850
v 0.22663295 -0.15396366 0.10039280
v 0.23708683 -0.15799895 0.09566484
v 0.23834172 -0.14868116 0.09816373
v 0.24868323 -0.17908838 0.07540718
v 0.26571384 -0.17812023 0.06496291
v 0.26153749 -0.15676102 0.08211525
v 0.27995092 -0.16383618 0.06139380
v 0.26228148 -0.15195592 0.08359838
v 0.26994002 -0.15399215 0.07644008
v 0.25874934 -0.14286129 0.08766165
v 0.27478224 -0.13313088 0.07728089
v 0.28418529 -0.15400203 0.06494778
v 0.28143761 -0.12572464 0.07359786
v 0.28841943 -0.15824169 0.05649194
v 0.29155350 -0.14822188 0.05650433
v 0.28438449 -0.12499855 0.06993429
v -0.47964406 -0.12276918 0.07609767
v -0.47246763 -0.12279257 0.10132240
v -0.47984675 -0.11781155 0.06626421
v -0.47596490 -0.11072561 0.07726849
v -0.47164086 -0.11935595 0.10087301
v -0.47250867 -0.12409028 0.10390253
v -0.46990472 -0.12281721 0.11905403
v -0.47184640 -0.12183224 0.10356754
v -0.46991640 -0.11594792 0.10603861
v -0.47637850 -0.09470052 0.05551765
v -0.47591949 -0.08850493 0.05550971
v -0.47081697 -0.09152386 0.08688142
v -0.47400132 -0.09149854 0.06365097
v -0.46940771 -0.06129184 0.07167990
v -0.46520603 -0.06970356 0.09783603
v -0.46550125 -0.09155843 0.10942572
v -0.46993011 -0.06334923 0.06960610
v -0.46910831 -0.06066111 0.07074629
v -0.15748204 -0.12520537 0.10427152
v -0.15590528 -0.12350184 0.10381328
v -0.15748021 -0.12271570 0.10547724
v -0.15746810 -0.11464261 0.10708655
v -0.15538251 -0.12166862 0.10407495
v -0.15960228 -0.09152794 0.11438329
v -0.15446351 -0.09152830 0.11277173
v -0.13453740 -0.09880905 0.10204780
v -0.13361126 -0.08334360 0.10385750
v -0.12085062 -0.12271103 0.09012388
v -0.12624900 -0.12475400 0.09151655
v -0.12624268 -0.12006786 0.09272243
v -0.09501655 -0.12270342 0.08408895
v -0.07999875 -0.09277812 0.08675688
v -0.07020101 -0.12269252 0.08421554
v -0.10649058 -0.09971769 0.09153786
v -0.08161752 -0.09149037 0.08740323
v -0.10447975 -0.07935424 0.09350900
v -0.11463022 -0.09554365 0.09551162
v -0.11534721 -0.08674988 0.09697708
v -0.10763356 -0.09150711 0.09333310
v -0.07959840 -0.09148870 0.08690821
v -0.07911088 -0.09172991 0.08691811
v -0.07913452 -0.09127191 0.08696744
v -0.07318835 -0.09148967 0.08740728
v -0.07968585 -0.09081975 0.08706634
v -0.07699008 -0.08678429 0.08740316
v -0.06378791 -0.12134510 0.08473179
v -0.05958841 -0.12269064 0.08532935
v -0.05445471 -0.10409796 0.08742847
v -0.03254935 -0.12270974 0.09222348
v -0.04556440 -0.09662861 0.09001289
v -0.02563033 -0.10893190 0.09623056
v -0.02179267 -0.12271981 0.09777352
v -0.04530370 -0.08586802 0.09024823
v -0.04915331 -0.09251571 0.08947933
v -0.04924778 -0.09037036 0.08967516
v -0.04665878 -0.09149186 0.09037245
v -0.02600771 -0.07323545 0.09661300
v -0.02314628 -0.09149900 0.09998512
v -0.00775222 -0.10065991 0.10585976
v -0.00813122 -0.08276497 0.10503130
v -0.00132802 -0.13217801 0.10651533
v -0.00130676 -0.11209257 0.10884596
v 0.01102686 -0.13216501 0.11268643
v 0.02990762 -0.14419696 0.11403322
v 0.00869042 -0.11211669 0.11383543
v 0.02992031 -0.12273893 0.11818337
v 0.00254714 -0.10328040 0.11112706
v 0.00289012 -0.08006269 0.11047149
v 0.09241860 -0.12275254 0.12644531
v 0.18366003 -0.13709201 0.11749421
v 0.15489805 -0.12273136 0.12492540
v 0.18614514 -0.13737361 0.11681526
v 0.19541228 -0.13371471 0.11412179
v 0.21742271 -0.13000441 0.10679281
v 0.22312579 -0.12558740 0.10601185
v 0.21742366 -0.12273888 0.10870482
v 0.21742722 -0.11101919 0.10901728
v 0.22395644 -0.11948543 0.10643137
v 0.21335788 -0.09150967 0.11061914
v 0.26136172 -0.09157325 0.08771531
v 0.22428983 -0.09152715 0.10512227
v 0.23871697 -0.09717111 0.09886673
v 0.23867740 -0.08596325 0.09877545
v 0.25811240 -0.12277618 0.09236747
v 0.26252925 -0.09523505 0.08771684
v 0.24869579 -0.12707046 0.09624359
v 0.24870068 -0.11791913 0.09733815
v 0.26382792 -0.09211154 0.08664902
v 0.27996993 -0.12278983 0.07543049
v 0.26945469 -0.10175422 0.08264094
v 0.28168130 -0.11938433 0.07384305
v 0.28249002 -0.12279214 0.07339479
v 0.28528765 -0.12014464 0.06949726
v 0.26380295 -0.09101199 0.08659822
v 0.27659404 -0.06208003 0.07045706
v 0.26587152 -0.09157578 0.08472200
v 0.25663137 -0.07610176 0.08771031
v 0.28558609 -0.09158199 0.06771626
v 0.29505587 -0.09910792 0.05657927
v 0.29381883 -0.08470270 0.05659867
v 0.28001976 -0.06848381 0.06811593
v -0.46908036 -0.06025210 0.07158206
v -0.46853063 -0.05955135 0.07045418
v -0.46182680 -0.06029465 0.09849569
v -0.46115872 -0.06467760 0.10695203
v -0.45703194 -0.05387446 0.10900662
v -0.45196256 -0.03367626 0.08679777
v -0.45073962 -0.03255784 0.07963070
v -0.44902575 -0.02899601 0.08678865
v -0.45021373 -0.03309046 0.09499440
v -0.45609805 -0.03588372 0.05541961
v -0.43871516 -0.01520969 0.05537133
v -0.43805003 -0.01397584 0.05670241
v -0.43741301 -0.01396125 0.05536916
v -0.43501750 -0.01146437 0.05722389
v -0.43449253 -0.00612850 0.08674824
v -0.43628114 -0.01578263 0.11339881
v -0.15742424 -0.08311255 0.11451228
v -0.14451560 -0.06677371 0.10955279
v -0.15739284 -0.06034365 0.11650974
v -0.15736160 -0.03849657 0.11405203
v -0.14365180 -0.05347920 0.10996622
v -0.15833546 0.00004683 0.10200497
v -0.16040735 -0.02914492 0.11261046
v -0.15610243 -0.00034488 0.10180550
v -0.15379532 -0.02913696 0.11160809
v -0.13342166 -0.03742808 0.10408045
v -0.13408066 -0.02148383 0.10270367
v -0.10723364 -0.06031289 0.09689406
v -0.12616700 -0.06834081 0.10351817
v -0.12614127 -0.05187149 0.10436916
v -0.09491678 -0.06030155 0.09350157
v -0.10251781 -0.04507023 0.09541520
v -0.08453310 -0.03960995 0.09267978
v -0.07053933 -0.06028917 0.09084246
v -0.10248129 -0.01312483 0.09539673
v -0.11747045 -0.03607150 0.10137832
v -0.11678571 -0.02280455 0.10003360
v -0.10548425 -0.02910167 0.09743364
v -0.08450551 -0.01857534 0.09266709
v -0.06865449 -0.00794367 0.08741830
v -0.08216425 -0.02909328 0.09322974
v -0.07644390 -0.03190545 0.09305073
v -0.07655410 -0.02638756 0.09281140
v -0.05639706 -0.06028527 0.09106621
v -0.06369022 -0.06179550 0.09043951
v -0.06368568 -0.05858719 0.09080496
v -0.03246342 -0.06029540 0.09379242
v -0.04543376 -0.03428818 0.09006056
v -0.02469125 -0.04482581 0.09536540
v -0.02149326 -0.06030244 0.09762268
v -0.06360940 0.00086008 0.08489994
v -0.05476147 -0.01559868 0.08744596
v -0.04610036 -0.02526350 0.08938241
v -0.04918092 -0.03024995 0.08977120
v -0.04912280 -0.02799515 0.08966129
v -0.04668751 -0.02909571 0.09013497
v -0.02327508 -0.01611768 0.09400764
v -0.02183465 -0.02910173 0.09758542
v -0.00998218 -0.03592325 0.10118038
v -0.01088156 -0.02320623 0.09933115
v -0.00124405 -0.07007290 0.10708381
v -0.00120809 -0.05118258 0.10582215
v 0.01079138 -0.06991108 0.11278635
v 0.01209500 -0.05136258 0.11214960
v 0.03001676 -0.06031894 0.11898026
v 0.03006653 -0.03596156 0.11540041
v 0.00430170 -0.03923346 0.10781282
v 0.00523057 -0.01988805 0.10600537
v 0.02742021 -0.02912023 0.11350407
v 0.03196454 -0.02912057 0.11505587
v 0.05997872 -0.01489344 0.11609667
v 0.09250952 -0.06032922 0.12640373
v 0.06261356 -0.01478167 0.11632117
v 0.12301835 -0.01431734 0.11725014
v 0.15495333 -0.06027587 0.12615034
v 0.18378679 -0.04587163 0.11754859
v 0.12462908 -0.01432647 0.11722837
v 0.18523614 -0.04368036 0.11680199
v 0.18203852 -0.01768466 0.11036241
v 0.18621273 -0.04554847 0.11697683
v 0.21744664 -0.06872111 0.10737689
v 0.22177963 -0.06244397 0.10532731
v 0.19776449 -0.05043405 0.11299129
v 0.21745025 -0.06027659 0.10712138
v 0.21745756 -0.05451587 0.10604206
v 0.22127613 -0.05837302 0.10507476
v 0.21276158 -0.00739606 0.09848983
v 0.18754849 -0.04332857 0.11610044
v 0.19157457 -0.01877900 0.10818139
v 0.21103792 -0.02906196 0.10590942
v 0.24760056 -0.02911068 0.08771130
v 0.22566301 -0.01414590 0.09514073
v 0.24148032 -0.01248012 0.08771641
v 0.22741789 -0.02907875 0.09901492
v 0.23720101 -0.03316423 0.09580125
v 0.23639029 -0.02583668 0.09417741
v 0.25613537 -0.06034712 0.08403311
v 0.25011143 -0.06034010 0.08837617
v 0.25051934 -0.05681569 0.08770324
v 0.24875021 -0.06122452 0.08946351
v 0.24875081 -0.05956239 0.08924037
v 0.27614382 -0.05842824 0.07023487
v 0.26039627 -0.03312708 0.07975872
v 0.28004399 -0.04055853 0.06231578
v 0.25949723 -0.02422622 0.07794952
v 0.24880518 -0.00193444 0.07973047
v 0.26615918 -0.00490776 0.06529322
v 0.27705932 -0.02917135 0.06260227
v 0.28117904 -0.02918058 0.05890084
v 0.28404552 -0.03117883 0.05666175
v 0.28297612 -0.02772902 0.05666369
v 0.28005612 -0.02546272 0.05851535
v -0.42226076 0.00227610 0.07848942
v -0.42503297 0.00225288 0.09360006
v -0.41598019 0.00655078 0.06678072
v -0.41181934 0.01099806 0.07542862
v -0.39796180 0.02124620 0.08060695
v -0.40746289 0.01254845 0.06592193
v -0.41300842 0.01338182 0.09683953
v -0.39667970 0.02377151 0.09164933
v -0.43007362 -0.00911492 0.11385116
v -0.41802809 0.00752789 0.10776567
v -0.40742826 0.01608011 0.10941410
v -0.38898566 0.02782352 0.08677124
v -0.38580292 0.02748536 0.07472156
v -0.37900940 0.03348191 0.08681607
v -0.38616300 0.02783085 0.09813140
v -0.38667387 0.02313753 0.05546271
v -0.37618887 0.03014458 0.05551205
v -0.36630255 0.03922799 0.07533744
v -0.35575753 0.03889760 0.05559519
v -0.36496860 0.04230367 0.08687860
v -0.35466346 0.04520234 0.08102278
v -0.35361424 0.04726851 0.09385663
v -0.36728060 0.04018720 0.10040051
v -0.31729785 0.04536717 0.06306622
v -0.33574951 0.04637843 0.08047391
v -0.33680961 0.04849338 0.09452590
v -0.32255036 0.04684585 0.08699755
v -0.31861827 0.04403235 0.10834457
v -0.32247818 0.04462275 0.05570909
v -0.34490427 0.04453467 0.06118306
v -0.31362817 0.04667145 0.05573849
v -0.30966830 0.04506341 0.06367751
v -0.30995229 0.04718762 0.05575119
v -0.30433804 0.04604721 0.08704609
v -0.29285902 0.04367065 0.08192039
v -0.29352677 0.04234078 0.09155338
v -0.30829489 0.04366748 0.10766262
v -0.27090248 0.04167008 0.08298460
v -0.27032268 0.04050534 0.09074043
v -0.26361996 0.03956737 0.08717027
v -0.26203611 0.03803579 0.09659316
v -0.28236717 0.05073828 0.06452370
v -0.21983895 0.02313678 0.11350325
v -0.19944504 0.01223880 0.11317742
v -0.26535892 0.05608881 0.06301545
v -0.25110587 0.05465033 0.06733815
v -0.25110692 0.06188133 0.05591372
v -0.23210040 0.05843800 0.06544537
v -0.23922312 0.04078812 0.08724496
v -0.22829174 0.04766589 0.08004998
v -0.23230495 0.03962827 0.09042850
v -0.24098995 0.03881184 0.09827738
v -0.22880110 0.03329114 0.10062263
v -0.21099237 0.04682686 0.08047973
v -0.20712411 0.03909623 0.09017678
v -0.20018965 0.04135932 0.08726466
v -0.21047485 0.03329005 0.09980880
v -0.19833420 0.02741349 0.09906875
v -0.20168228 0.03582968 0.09235214
v -0.21985723 0.05839329 0.06850585
v -0.15979776 0.00208109 0.10177624
v -0.18857689 0.01289565 0.10906070
v -0.15731664 0.00208410 0.10115967
v -0.14205699 0.03266091 0.08692782
v -0.16225597 0.01195073 0.09805165
v -0.15307651 0.00208819 0.10089374
v -0.17168237 -0.00510598 0.11022851
v -0.21122566 0.06023908 0.06726558
v -0.18860947 0.05744062 0.07296941
v -0.18862483 0.07081366 0.05592979
v -0.16671868 0.05990677 0.06689108
v -0.14617176 0.03335232 0.08727718
v -0.17603010 0.03945713 0.08728155
v -0.16789944 0.04345473 0.08219579
v -0.17130186 0.03662905 0.08894205
v -0.17760764 0.02865982 0.09662153
v -0.17482997 0.03519168 0.09104075
v -0.17104307 0.03332058 0.09111728
v -0.14206231 0.03335788 0.08656806
v -0.14087068 0.03168233 0.08727896
v -0.14142084 0.03306925 0.08669788
v -0.14091475 0.03415376 0.08568019
v -0.15735947 0.05758642 0.06807269
v -0.11223824 0.00212438 0.09429623
v -0.11502385 0.02423318 0.08730903
v -0.12608440 -0.00318480 0.09799236
v -0.12607650 0.00670194 0.09653261
v -0.11234681 0.03148036 0.08352295
v -0.09484185 0.00212932 0.09057993
v -0.10767508 0.02779320 0.08451899
v -0.08575231 0.02027650 0.08081742
v -0.06791037 0.00212241 0.08526461
v -0.11486326 0.03775543 0.07848661
v -0.14480646 0.05831668 0.06530427
v -0.12611510 0.05390109 0.06580622
v -0.12612100 0.06277218 0.05596773
v -0.11480261 0.05462848 0.06164815
v -0.10724072 0.03336227 0.08084951
v -0.08645360 0.03335566 0.07286136
v -0.07305472 0.02719577 0.07506530
v -0.06370378 0.04881486 0.05639849
v -0.09484999 0.04773378 0.06324229
v -0.06360727 0.00408675 0.08348630
v -0.05885828 0.00211573 0.08506406
v -0.05494341 0.02634360 0.07346624
v -0.03236467 0.00210070 0.08769169
v -0.04012702 0.01765440 0.07965589
v -0.02374396 0.01922320 0.08050546
v -0.01367779 0.00208912 0.09380345
v -0.06348004 0.04883869 0.05635095
v -0.06376284 0.04903001 0.05624172
v -0.06357980 0.04898791 0.05624979
v -0.06357978 0.04908549 0.05615085
v -0.06343350 0.04901121 0.05622453
v -0.03906984 0.03328998 0.06977361
v -0.02475467 0.03327191 0.07140437
v -0.00803438 0.01592587 0.08756399
v -0.01235357 0.02893073 0.07890147
v -0.00731530 0.04257753 0.06889220
v -0.03228968 0.04444680 0.06186599
v 0.01108008 0.02633348 0.08759347
v -0.00113544 -0.00359316 0.09891857
v -0.00112214 0.00638634 0.09616047
v 0.01329993 0.03199210 0.08508866
v 0.01562031 0.03111781 0.08653746
v 0.02417113 0.01399991 0.09722791
v 0.02725601 0.00064239 0.10462230
v 0.03011622 -0.00585977 0.10716783
v 0.04033247 -0.00302342 0.10830738
v 0.02816088 0.00305699 0.10417331
v 0.03012779 0.00207486 0.10492235
v 0.03013045 0.00386412 0.10408900
v 0.03307278 0.00354130 0.10466620
v 0.01061980 0.03719018 0.07969464
v -0.00995159 0.05331520 0.06078134
v -0.00101003 0.05211933 0.06290116
v -0.00099903 0.05887957 0.05633179
v 0.01420972 0.05642978 0.06395806
v 0.02614710 0.03324512 0.08761001
v 0.01582435 0.03324588 0.08507110
v 0.04032195 0.04423821 0.08211362
v 0.04395415 0.03694680 0.08947424
v 0.04881440 0.03923095 0.08762683
v 0.04356672 0.03325127 0.09207539
v 0.04925457 0.02979684 0.09453468
v 0.04780447 0.03524886 0.09162516
v 0.03024471 0.05771189 0.06862707
v 0.06135696 -0.01161689 0.11502532
v 0.06139020 0.01152243 0.10653073
v 0.07029337 -0.00907014 0.11438713
v 0.11762549 -0.01042655 0.11575458
v 0.08174318 0.00749643 0.10868500
v 0.09262284 0.00205799 0.11163665
v 0.09263854 0.01198348 0.10822560
v 0.10531749 0.00839622 0.10959502
v 0.03803468 0.06054292 0.06810173
v 0.06148131 0.05769096 0.07413255
v 0.06153034 0.07419534 0.05638255
v 0.08730182 0.06167498 0.06932139
v 0.07215948 0.04304206 0.08763444
v 0.08683231 0.05264442 0.07792451
v 0.08098494 0.04106618 0.09156344
v 0.07150321 0.02772549 0.09868650
v 0.07359630 0.03669632 0.09452802
v 0.08210389 0.03324563 0.09774697
v 0.09871987 0.05242493 0.07803962
v 0.10447484 0.04089426 0.09148411
v 0.11455138 0.04568227 0.08765277
v 0.10333551 0.03324857 0.09754986
v 0.11460340 0.02693855 0.10028742
v 0.11224914 0.03719741 0.09554419
v 0.09274130 0.06077735 0.07023858
v 0.12382279 -0.01228121 0.11637520
v 0.12386797 0.01241885 0.10833690
v 0.13104217 -0.00990791 0.11524107
v 0.16580847 -0.00325720 0.10859120
v 0.14382337 0.00771790 0.10886571
v 0.15506908 0.00210778 0.10954448
v 0.15508546 0.01016185 0.10726491
v 0.16202565 0.00557571 0.10670166
v 0.09808856 0.06172092 0.06937849
v 0.12397011 0.05923071 0.07726970
v 0.12402014 0.07349718 0.05644149
v 0.15407880 0.06387889 0.07146032
v 0.13366136 0.04502481 0.08764833
v 0.15347598 0.06099171 0.07375621
v 0.14364071 0.04145567 0.09173477
v 0.13352922 0.02729008 0.09960710
v 0.13584375 0.03695307 0.09501591
v 0.14385749 0.03327514 0.09629828
v 0.18925628 0.03328059 0.08767759
v 0.15716265 0.06053734 0.07398548
v 0.16707915 0.04065033 0.09132570
v 0.17490704 0.04154260 0.08765125
v 0.16684335 0.03329093 0.09544693
v 0.17410152 0.02993826 0.09435031
v 0.17315423 0.03568769 0.09244028
v 0.15521157 0.06362668 0.07161562
v 0.20531794 0.00211400 0.09714283
v 0.19873761 0.02681558 0.08768372
v 0.18628198 -0.00675768 0.10537361
v 0.18631260 0.00865030 0.10069174
v 0.20041499 0.03170555 0.08455548
v 0.21754950 0.00210304 0.09267873
v 0.20468533 0.02787546 0.08500141
v 0.22601987 0.01889879 0.08056071
v 0.23964351 0.00208550 0.08316773
v 0.19896714 0.03630046 0.08163764
v 0.15670563 0.06370058 0.07128245
v 0.18643047 0.05676701 0.07229487
v 0.18647322 0.06965309 0.05647060
v 0.20129594 0.05625599 0.06393416
v 0.20534202 0.03326787 0.08102938
v 0.22502814 0.03324878 0.07134058
v 0.24384107 0.02265436 0.06663429
v 0.23532438 0.04202234 0.05661793
v 0.21766526 0.04710917 0.06350084
v 0.24883407 0.00995598 0.07199065
v 0.25811669 0.01300058 0.06126172
v 0.24889007 0.03028998 0.05663608
v 0.25184143 0.02060131 0.06256998
v 0.25673932 0.02153540 0.05665302
v -0.34489739 0.04301815 0.11346004
v -0.28237337 0.03832235 0.11593802
v -0.43874899 -0.30389103 0.11830299
v -0.41720295 -0.31500456 0.12905002
v -0.41052163 -0.31615776 0.13689688
v -0.38417092 -0.33358204 0.13390826
v -0.40248293 -0.32021061 0.13891473
v -0.38367289 -0.32483831 0.14946207
v -0.39278054 -0.33397588 0.11815189
v -0.40752017 -0.32088563 0.12849088
v -0.37630498 -0.33804226 0.11813352
v -0.36836982 -0.33363351 0.13405946
v -0.36183286 -0.33293182 0.11813913
v -0.36886293 -0.32497084 0.14945394
v -0.35405660 -0.32797158 0.14276296
v -0.34730452 -0.31443289 0.16291574
v -0.33948731 -0.32125977 0.13941917
v -0.34410527 -0.31202462 0.16412617
v -0.34509057 -0.32657534 0.12550744
v -0.33305609 -0.31605843 0.12779093
v -0.31386799 -0.30926883 0.11820636
v -0.44267720 -0.29654762 0.12029491
v -0.44374800 -0.28957975 0.12838992
v -0.44785544 -0.27248186 0.13666937
v -0.43591377 -0.27895525 0.14967443
v -0.44607472 -0.26243579 0.14971358
v -0.44472900 -0.29159465 0.11833132
v -0.45165813 -0.26981694 0.11835249
v -0.43874550 -0.29742485 0.12402891
v -0.41347283 -0.31015879 0.13690186
v -0.42698026 -0.28664663 0.14964002
v -0.40751699 -0.31014419 0.14473328
v -0.41651028 -0.29215887 0.15623358
v -0.40263700 -0.30035532 0.16029860
v -0.39186537 -0.31011111 0.15731119
v -0.40753290 -0.28647992 0.17707855
v -0.38699347 -0.29980195 0.17546140
v -0.45151603 -0.25697458 0.12478501
v -0.42935413 -0.28515226 0.16210367
v -0.43238169 -0.26968902 0.16826022
v -0.37631997 -0.31851029 0.16637915
v -0.32719719 -0.31002235 0.14280069
v -0.34071177 -0.31002355 0.16293314
v -0.35056198 -0.31275892 0.16785711
v -0.34510809 -0.31346080 0.16684657
v -0.34336540 -0.31089371 0.16600376
v -0.34510681 -0.31002131 0.16991051
v -0.34122694 -0.30808404 0.16708578
v -0.31857559 -0.30060425 0.14951208
v -0.31906232 -0.28920093 0.17046165
v -0.31387571 -0.30470526 0.13887720
v -0.30020195 -0.28266490 0.14957817
v -0.30460495 -0.29902267 0.12287815
v -0.29042882 -0.28266355 0.11827553
v -0.29777882 -0.27969661 0.14912036
v -0.29781795 -0.27961928 0.15002070
v -0.28604269 -0.27704203 0.11829096
v -0.29719836 -0.27875865 0.14959154
v -0.29542595 -0.27875781 0.14394093
v -0.29996961 -0.28047919 0.15303402
v -0.29734379 -0.27875698 0.15140468
v -0.27705809 -0.25865689 0.13956413
v -0.28208295 -0.24859914 0.16476060
v -0.28261891 -0.27183172 0.12177187
v -0.26890635 -0.25437954 0.12714651
v -0.25136808 -0.24237666 0.11840878
v -0.44824335 -0.24774365 0.14494617
v -0.45438915 -0.23997095 0.12623869
v -0.44806045 -0.24774821 0.15442136
v -0.44075140 -0.23315161 0.18006773
v -0.44815117 -0.22886415 0.14972965
v -0.45085859 -0.21998861 0.14278069
v -0.45176229 -0.21397066 0.14459796
v -0.44892940 -0.21652204 0.14973010
v -0.45117193 -0.21024257 0.14972979
v -0.44183359 -0.22901787 0.17482652
v -0.44950208 -0.21172118 0.15940298
v -0.45714873 -0.22292620 0.11836056
v -0.45985985 -0.21147648 0.11835124
v -0.43873152 -0.25789458 0.17010765
v -0.43342382 -0.26067412 0.17835826
v -0.46023428 -0.19015115 0.12917572
v -0.26832592 -0.24752079 0.14117178
v -0.28101170 -0.24752393 0.16449624
v -0.28262264 -0.24937706 0.16622575
v -0.28176185 -0.24795276 0.16573022
v -0.28262338 -0.24752039 0.17288935
v -0.28031158 -0.24636805 0.16645993
v -0.25923368 -0.23181993 0.14969715
v -0.24084234 -0.21630381 0.14974122
v -0.25775361 -0.22553766 0.16823202
v -0.25137222 -0.23740776 0.12942491
v -0.24559236 -0.23479706 0.12131117
v -0.23983085 -0.22038656 0.14154752
v -0.22427592 -0.21838707 0.11848149
v -0.23733836 -0.21470697 0.14654726
v -0.22157413 -0.21556535 0.11849003
v -0.23730639 -0.21317486 0.14975151
v -0.23254213 -0.20992514 0.14656675
v -0.23906091 -0.21298665 0.15640232
v -0.21545616 -0.19436337 0.13882154
v -0.22009729 -0.21316548 0.12006957
v -0.20781800 -0.19122472 0.12805980
v -0.46132788 -0.16815872 0.14266708
v -0.46991768 -0.15676232 0.11969064
v -0.45846432 -0.18530229 0.13979597
v -0.46285939 -0.18177107 0.13049117
v -0.45957452 -0.16468768 0.15506893
v -0.45489037 -0.18531823 0.15788686
v -0.45052201 -0.19502190 0.17518070
v -0.45368373 -0.17722622 0.17359866
v -0.47095954 -0.15458429 0.11833308
v -0.47090244 -0.15356936 0.11833233
v -0.46415520 -0.15409751 0.14974672
v -0.47070652 -0.15406461 0.11992557
v -0.46637529 -0.12986833 0.13754475
v -0.46091136 -0.14079817 0.15640569
v -0.46093252 -0.15410423 0.16313916
v -0.46990833 -0.14518325 0.12278973
v -0.46772599 -0.12391795 0.13291861
v -0.22047193 -0.18509603 0.16529600
v -0.22009735 -0.18509586 0.16463326
v -0.21003635 -0.18510032 0.13922960
v -0.19691949 -0.17355621 0.12265083
v -0.22027218 -0.18474679 0.16530900
v -0.21826941 -0.18145812 0.16366765
v -0.22098897 -0.18554047 0.16592835
v -0.22048117 -0.18490435 0.16567613
v -0.22009562 -0.18311572 0.16648218
v -0.20299846 -0.15674497 0.14990583
v -0.19853964 -0.15977146 0.13813180
v -0.20175163 -0.15390274 0.14991345
v -0.19685645 -0.13885611 0.14994766
v -0.20314185 -0.15517949 0.15247579
v -0.20250377 -0.15198848 0.15375674
v -0.19266781 -0.16756850 0.11859547
v -0.18877190 -0.15542129 0.11861420
v -0.18628304 -0.14078109 0.12358437
v -0.18266083 -0.14135535 0.11863793
v -0.18874419 -0.12813412 0.13908921
v -0.18275394 -0.13532206 0.12164575
v 0.06021303 -0.13930285 0.12078268
v 0.05312030 -0.14238052 0.11891818
v 0.06114349 -0.14632083 0.11890461
v 0.08849741 -0.15590373 0.11885996
v 0.09237344 -0.15517010 0.11945576
v 0.06222754 -0.13944077 0.12105613
v 0.05721315 -0.13639542 0.12087446
v 0.06115480 -0.13714027 0.12135341
v 0.06778798 -0.13505332 0.12221086
v 0.09190992 -0.15396722 0.11978336
v 0.09288266 -0.15396699 0.11987048
v 0.12035718 -0.14162344 0.12536617
v 0.10831964 -0.16192067 0.11882506
v 0.09237835 -0.15083545 0.12042198
v 0.12362204 -0.16616727 0.11879858
v 0.13398583 -0.16437542 0.11878435
v 0.15487999 -0.15621956 0.11990020
v 0.12692598 -0.14163858 0.12538746
v 0.10902756 -0.13105366 0.12614208
v 0.12363949 -0.13458610 0.12634224
v 0.13707647 -0.13163728 0.12550652
v 0.15392058 -0.15393917 0.12068059
v 0.15572384 -0.15393832 0.12044188
v 0.15913284 -0.15606312 0.11875986
v 0.16994525 -0.14641900 0.11874706
v 0.15488358 -0.14906543 0.12119877
v 0.18614933 -0.12244634 0.11873324
v -0.46241081 -0.10790713 0.14150465
v -0.46703529 -0.12283917 0.13543850
v -0.46772429 -0.12175408 0.13291673
v -0.45722023 -0.09755179 0.15267497
v -0.45992750 -0.12285474 0.16040194
v -0.45916885 -0.12821448 0.17078823
v -0.45662338 -0.11623339 0.17205724
v -0.45668837 -0.09161246 0.14968854
v -0.45765847 -0.09160359 0.14284551
v -0.45628589 -0.08753821 0.14763974
v -0.45585898 -0.08839161 0.15130745
v -0.45641506 -0.09161363 0.15404634
v -0.46283984 -0.09509848 0.11828029
v -0.46172684 -0.08748741 0.11827824
v -0.45748064 -0.06653793 0.12774514
v -0.19141941 -0.12271089 0.14864172
v -0.19251071 -0.12271089 0.15187229
v -0.20370482 -0.13085517 0.17380339
v -0.19959530 -0.11251693 0.17588165
v -0.19115853 -0.11787600 0.14998846
v -0.18790218 -0.09151594 0.15000929
v -0.19131425 -0.06563468 0.15002252
v -0.19522709 -0.10062797 0.16831130
v -0.19350784 -0.08069605 0.17171203
v -0.18873541 -0.11968465 0.14390796
v -0.17796917 -0.11249107 0.12407380
v -0.18155620 -0.09998739 0.13302231
v -0.16734788 -0.09647110 0.11870940
v -0.18141696 -0.08318080 0.13326648
v -0.16713770 -0.08668417 0.11872083
v -0.18865222 -0.06357235 0.14354496
v -0.17675954 -0.07000338 0.12467638
v 0.01951060 -0.09674028 0.11884141
v 0.02995623 -0.09707873 0.12163666
v 0.05033857 -0.11255546 0.12430459
v 0.02024235 -0.08666638 0.11882997
v 0.02810040 -0.09152035 0.12256070
v 0.03206274 -0.09152296 0.12304044
v 0.05688182 -0.10281965 0.12747924
v 0.05714012 -0.08001471 0.12703660
v 0.02997343 -0.08452392 0.12234394
v 0.06118845 -0.11086328 0.12633117
v 0.07674187 -0.11491743 0.12664750
v 0.06550100 -0.10284097 0.12746510
v 0.09243629 -0.10738835 0.12677938
v 0.10641475 -0.11575884 0.12745994
v 0.06532814 -0.08001297 0.12702273
v 0.04879916 -0.06970558 0.12506160
v 0.06124850 -0.07125098 0.12817383
v 0.07752562 -0.06780700 0.12698039
v 0.08803100 -0.09152552 0.12768087
v 0.09712622 -0.09152635 0.12817207
v 0.11840582 -0.10186288 0.12935813
v 0.11857678 -0.08104123 0.12908384
v 0.09247968 -0.07442488 0.12739311
v 0.12366773 -0.11194569 0.12843335
v 0.13972172 -0.11515474 0.12681237
v 0.12875110 -0.10205135 0.12894975
v 0.15490952 -0.10543710 0.12573268
v 0.18111570 -0.10962477 0.12125489
v 0.12864356 -0.08084176 0.12868153
v 0.10555319 -0.06684379 0.12791309
v 0.12371390 -0.07063328 0.12934673
v 0.14190960 -0.06679865 0.12788478
v 0.15072754 -0.09149902 0.12715071
v 0.15900406 -0.09149092 0.12692428
v 0.18493585 -0.10588494 0.12116566
v 0.18498459 -0.07703498 0.12106823
v 0.15493158 -0.07508869 0.12697008
v 0.18615380 -0.10815664 0.12083630
v 0.18867745 -0.10836552 0.11999276
v 0.18729979 -0.10595679 0.12101979
v 0.19229299 -0.10404275 0.11873717
v 0.18727048 -0.07696432 0.12092672
v 0.19212341 -0.07884143 0.11872195
v 0.17982481 -0.07269262 0.12189426
v 0.18616396 -0.07475980 0.12090464
v 0.18618894 -0.05962954 0.11873694
v 0.18881176 -0.07453544 0.12003633
v -0.45078284 -0.06035257 0.14355323
v -0.45293087 -0.05185404 0.12543289
v -0.44887456 -0.06036186 0.15482908
v -0.44314259 -0.07372559 0.17880781
v -0.44492450 -0.04772873 0.14964908
v -0.44601363 -0.03731579 0.13307524
v -0.43635154 -0.02909361 0.14961454
v -0.45017174 -0.03891463 0.11821328
v -0.43860412 -0.04955813 0.17139888
v -0.43865013 -0.02084585 0.11818437
v -0.43401507 -0.04704159 0.17876834
v -0.43438759 -0.01768407 0.12673524
v -0.43481988 -0.01532998 0.11817172
v -0.42473787 -0.00646853 0.12516406
v -0.42898962 -0.01711117 0.14960027
v -0.40902311 -0.00112535 0.16366449
v -0.43410921 -0.04024370 0.17201887
v -0.42935795 -0.02273627 0.16241167
v -0.40657955 0.00053887 0.16449982
v -0.19197825 -0.06034106 0.14835617
v -0.19253121 -0.06033758 0.15196627
v -0.19604009 -0.07224306 0.17765522
v -0.19528177 -0.04799495 0.17799295
v -0.19713670 -0.04336626 0.15000430
v -0.20057806 -0.02914735 0.14998494
v -0.20215926 -0.02499497 0.14997764
v -0.19946717 -0.03391985 0.15959281
v -0.20171037 -0.02660866 0.15505438
v -0.18864036 -0.05634362 0.14200474
v -0.17869808 -0.04970164 0.12370349
v -0.18368793 -0.03983198 0.12858598
v -0.17010641 -0.03551301 0.11873397
v -0.18707176 -0.01506128 0.12172544
v -0.18070850 -0.01748498 0.11871232
v -0.18857694 -0.01184247 0.12213797
v -0.18857543 -0.00771426 0.11868863
v -0.18611637 -0.01232820 0.11993437
v 0.05377438 -0.04848163 0.12259875
v 0.05886297 -0.04228004 0.12371896
v 0.04490621 -0.03653216 0.11883487
v 0.06129962 -0.04736827 0.12413254
v 0.07198347 -0.05007065 0.12418859
v 0.06133577 -0.02564466 0.11884533
v 0.06368158 -0.04235473 0.12358568
v 0.09256744 -0.03209411 0.12034597
v 0.11095877 -0.05110845 0.12523046
v 0.08506868 -0.02538653 0.11886421
v 0.09203008 -0.02913951 0.11995381
v 0.09308303 -0.02914019 0.11988883
v 0.12090863 -0.04185134 0.12454326
v 0.10314350 -0.02385649 0.11886449
v 0.09257531 -0.02775421 0.11956403
v 0.12375577 -0.04786598 0.12515047
v 0.13656291 -0.05109797 0.12521416
v 0.12380641 -0.02061865 0.11884707
v 0.12658414 -0.04188290 0.12446277
v 0.15500227 -0.03200611 0.12026721
v 0.14455482 -0.02386544 0.11882202
v 0.15451199 -0.02908127 0.11979669
v 0.15547369 -0.02908047 0.11973796
v 0.16454436 -0.03384215 0.11879246
v 0.15731001 -0.02793186 0.11880732
v 0.15500936 -0.02792507 0.11938532
v -0.41442099 0.00217853 0.13741128
v -0.41350096 0.00523969 0.13080277
v -0.40738848 0.00215771 0.15900314
v -0.41044319 0.00827124 0.13694331
v -0.40098387 0.01499116 0.14033912
v -0.40740773 0.01073363 0.12957853
v -0.40399298 0.00215433 0.16360189
v -0.40738469 -0.00175410 0.16727623
v -0.40419471 0.00055581 0.16691478
v -0.38500810 0.01333648 0.17657028
v -0.38535053 0.02056833 0.14960454
v -0.38459119 0.02623855 0.13516217
v -0.37715635 0.01877785 0.17899692
v -0.38831106 0.02389936 0.11816631
v -0.36273190 0.02899071 0.14962304
v -0.37616682 0.03286943 0.11819722
v -0.36313835 0.03079752 0.14437318
v -0.35909101 0.03053675 0.14818951
v -0.35884744 0.03004678 0.15131387
v -0.35420656 0.03807181 0.11825047
v -0.34266466 0.03338053 0.14966518
v -0.35574946 0.03340481 0.14004822
v -0.37260073 0.02131389 0.17390430
v -0.35304722 0.03338490 0.16467381
v -0.32533318 0.03729458 0.14181551
v -0.33130807 0.03746127 0.14763477
v -0.33126020 0.03735986 0.15169924
v -0.32628444 0.03931068 0.14969942
v -0.32913530 0.04127149 0.11830992
v -0.34489369 0.04319939 0.12319663
v -0.31363302 0.04124938 0.11834433
v -0.26709941 0.03265162 0.14944793
v -0.26718187 0.03248758 0.15021814
v -0.28239885 0.03101543 0.17995295
v -0.25464022 0.01597536 0.17940086
v -0.30384701 0.03919538 0.13800828
v -0.29724064 0.04079359 0.11839475
v -0.27136719 0.03333715 0.14978558
v -0.30261266 0.04255868 0.14974362
v -0.29515225 0.03904536 0.14688781
v -0.29484537 0.03966097 0.15291655
v -0.28759232 0.03334239 0.17067972
v -0.26835427 0.03333801 0.14658406
v -0.26635340 0.03253013 0.14979342
v -0.26583469 0.03241509 0.14794992
v -0.27565500 0.03670358 0.11844479
v -0.28237435 0.04126344 0.12239438
v -0.24118432 0.02195054 0.14983124
v -0.25114346 0.01605407 0.17781760
v -0.25110874 0.02809072 0.11851218
v -0.24447289 0.02433843 0.13181891
v -0.23843978 0.02401521 0.11853999
v -0.22555129 0.01347071 0.13994674
v -0.21719995 0.00733965 0.13689958
v -0.21983841 0.01287635 0.12882893
v -0.21345803 0.00205984 0.13746829
v -0.20971778 0.00711225 0.12919885
v -0.22319478 0.00872704 0.16221458
v -0.21850577 0.00480421 0.16419072
v -0.21650353 0.00207689 0.16388091
v -0.21574475 0.00002068 0.16763331
v -0.23753494 0.01091238 0.17436981
v -0.21987864 0.00209423 0.17713735
v -0.21987261 0.00612635 0.16758065
v -0.21687368 0.00357905 0.16705887
v -0.34489784 0.03885074 0.17831673
v -0.31754878 0.05091397 0.17915025
v -0.31363812 0.05187307 0.17526448
v -0.30982944 0.05086474 0.17920196
v -0.37633139 -0.30632940 0.18077388
v -0.41454244 -0.28239217 0.18090454
v -0.40754786 -0.28925395 0.18606247
v -0.39026892 -0.30141103 0.18776685
v -0.41966933 -0.27283627 0.18095484
v -0.43872377 -0.23941422 0.18107358
v -0.42775548 -0.25782633 0.18653411
v -0.41092888 -0.27887738 0.18769690
v -0.41448897 -0.26156378 0.20358062
v -0.40329388 -0.27885947 0.18940815
v -0.38221663 -0.28854895 0.19261058
v -0.38625324 -0.27312934 0.20075542
v -0.36816049 -0.27877113 0.21211629
v -0.39942870 -0.26385969 0.20471102
v -0.38369739 -0.26232198 0.21219650
v -0.37634504 -0.30010054 0.19216239
v -0.36430621 -0.28588179 0.21208170
v -0.36560294 -0.29978272 0.18617037
v -0.35741863 -0.28540072 0.20877251
v -0.32990974 -0.27955335 0.21174501
v -0.34511542 -0.29625258 0.18956554
v -0.35903841 -0.28216377 0.21380340
v -0.32969192 -0.27911577 0.21233739
v -0.36315301 -0.28115526 0.21690515
v -0.36377776 -0.27572486 0.21820161
v -0.35778460 -0.27875128 0.21802728
v -0.32935214 -0.27904943 0.21215189
v -0.32918471 -0.27906400 0.21151158
v -0.32910538 -0.27874321 0.21215318
v -0.32985678 -0.27874297 0.21285483
v -0.32935852 -0.27888963 0.21244572
v -0.32912648 -0.27836403 0.21291173
v -0.32949686 -0.28658432 0.18086167
v -0.31387305 -0.27918682 0.18089506
v -0.30770269 -0.26930702 0.19327873
v -0.30312228 -0.26851350 0.18091559
v -0.29116169 -0.25178176 0.19231415
v -0.30701891 -0.26123023 0.21221358
v -0.44096595 -0.23325963 0.18221624
v -0.44015285 -0.23070294 0.18397343
v -0.44614059 -0.20838033 0.19607460
v -0.42907158 -0.21652804 0.21245314
v -0.44209924 -0.19214992 0.21251124
v -0.44063312 -0.23117931 0.18109070
v -0.45025682 -0.20672062 0.18112831
v -0.43872261 -0.23492932 0.18669531
v -0.42529237 -0.24770662 0.20561875
v -0.42838416 -0.22705919 0.21242246
v -0.40753701 -0.24764645 0.22536358
v -0.41046101 -0.24180150 0.22501472
v -0.40685138 -0.24627478 0.22723792
v -0.40449274 -0.24764015 0.22639239
v -0.40753588 -0.24249859 0.23051924
v -0.37675595 -0.23221479 0.24334383
v -0.44888175 -0.19584535 0.18627068
v -0.42705524 -0.22045447 0.22033338
v -0.42717871 -0.21245037 0.22061831
v -0.37633586 -0.25396174 0.22499534
v -0.35556328 -0.25276899 0.23307073
v -0.34511745 -0.25774604 0.23293296
v -0.33435845 -0.25289857 0.23323056
v -0.34511280 -0.24753428 0.23664975
v -0.29008588 -0.24751276 0.20032728
v -0.29082888 -0.24748941 0.22378823
v -0.31388763 -0.25687498 0.23097587
v -0.28596878 -0.24584520 0.19492236
v -0.28474069 -0.24329174 0.19871843
v -0.27875721 -0.23975897 0.20049307
v -0.28263003 -0.24387445 0.19477452
v -0.28499940 -0.24279383 0.22554305
v -0.27840674 -0.23899449 0.22364940
v -0.29843557 -0.23960243 0.23581201
v -0.28265673 -0.24019712 0.23154902
v -0.26266509 -0.22497645 0.21229164
v -0.26029041 -0.22299424 0.19883323
v -0.25534099 -0.21625930 0.21232009
v -0.26091409 -0.22236393 0.22456211
v -0.26219204 -0.22650099 0.18099150
v -0.25138009 -0.21667540 0.18102658
v -0.24430341 -0.20774463 0.19524428
v -0.24103670 -0.20584938 0.18106692
v -0.23538809 -0.19270217 0.18910444
v -0.24382812 -0.20016123 0.21236277
v -0.24950117 -0.20252854 0.23976970
v -0.45799732 -0.16157651 0.20881389
v -0.44272682 -0.18533622 0.21049206
v -0.45190138 -0.17634735 0.18781568
v -0.45799792 -0.16157202 0.21629375
v -0.44272548 -0.18533644 0.21454924
v -0.44172430 -0.17122847 0.24232170
v -0.46178451 -0.15412366 0.21255803
v -0.45995057 -0.15411872 0.20112728
v -0.46108168 -0.14045683 0.20566919
v -0.46348053 -0.13565420 0.22178587
v -0.45856151 -0.15411843 0.22116101
v -0.45655489 -0.16078043 0.18114662
v -0.45920557 -0.14877315 0.18114328
v -0.43869537 -0.18992078 0.22171971
v -0.42976326 -0.19644186 0.23929600
v -0.46121889 -0.12719254 0.19246969
v -0.23442905 -0.18506275 0.20393415
v -0.23760279 -0.18503810 0.21929544
v -0.22911546 -0.18058015 0.19227165
v -0.22762908 -0.17003608 0.20432413
v -0.22008269 -0.16361411 0.18606740
v -0.22921304 -0.16686875 0.21895853
v -0.24812783 -0.19896324 0.24197583
v -0.23978019 -0.17520684 0.23786381
v -0.22309893 -0.15384500 0.21245711
v -0.22716171 -0.15381044 0.22959432
v -0.21660711 -0.15388174 0.18814439
v -0.21372193 -0.13532861 0.20321891
v -0.21618989 -0.13040113 0.22420472
v -0.21543618 -0.15620473 0.18121377
v -0.21337336 -0.15055639 0.18123062
v -0.20770060 -0.12884910 0.19073725
v -0.45936710 -0.10192028 0.20731001
v -0.46101362 -0.12286931 0.20125161
v -0.45890415 -0.11738854 0.19130209
v -0.46168417 -0.10654811 0.21997142
v -0.46438760 -0.12287334 0.22543004
v -0.45637402 -0.12962060 0.23495360
v -0.45856053 -0.11722171 0.23384225
v -0.45929909 -0.09162435 0.21247138
v -0.45731443 -0.09162191 0.20624334
v -0.45670059 -0.08664048 0.20996928
v -0.45664057 -0.08675973 0.21490902
v -0.44812292 -0.07943952 0.21246544
v -0.45854056 -0.09162518 0.22114399
v -0.45369214 -0.09969987 0.18109564
v -0.44461355 -0.07899783 0.18108827
v -0.44342256 -0.07358447 0.18351102
v -0.43860173 -0.07004825 0.19302809
v -0.43860310 -0.06230355 0.18108267
v -0.43487710 -0.06781894 0.21246292
v -0.20903508 -0.12266549 0.20240554
v -0.20348623 -0.11443976 0.18866724
v -0.21353759 -0.12261558 0.22484265
v -0.22010398 -0.13426788 0.23392925
v -0.21490204 -0.12519145 0.23069078
v -0.22011000 -0.12256485 0.24658814
v -0.21148713 -0.11829486 0.23239273
v -0.20155387 -0.09714603 0.21255873
v -0.19945899 -0.09638976 0.20270339
v -0.19772595 -0.08483148 0.19928491
v -0.19903420 -0.09143816 0.21255796
v -0.20062643 -0.09520774 0.22012566
v -0.19871834 -0.10212807 0.18132885
v -0.19578131 -0.07942989 0.18133551
v -0.19671887 -0.07189954 0.18534219
v -0.18873835 -0.06423359 0.20458539
v -0.18738073 -0.06296550 0.21256045
v -0.18726835 -0.07729561 0.24053492
v -0.43915546 -0.07573424 0.24354278
v -0.42878073 -0.06037135 0.20751955
v -0.42693758 -0.06037516 0.21830975
v -0.43860638 -0.07509619 0.24198788
v -0.43031302 -0.04889443 0.18523452
v -0.42829823 -0.03959011 0.18106298
v -0.41767940 -0.03974355 0.20710278
v -0.41672540 -0.04165306 0.21872970
v -0.42070884 -0.05370685 0.23482808
v -0.40736619 -0.02922471 0.24374409
v -0.41864210 -0.02347663 0.18103868
v -0.40778154 -0.02911399 0.21242282
v -0.41654879 -0.02911679 0.19948447
v -0.39992955 -0.01278287 0.20421790
v -0.39945275 -0.01373624 0.22014001
v -0.40730435 -0.02913717 0.24366342
v -0.40737984 -0.01046244 0.19040743
v -0.39645514 -0.00332724 0.19122902
v -0.25373110 -0.00295918 0.21252409
v -0.19591361 -0.04829919 0.18492252
v -0.25116611 -0.00018383 0.20785552
v -0.25114644 0.01510856 0.18115987
v -0.22514461 -0.00050250 0.19423805
v -0.24839438 -0.00339633 0.21253297
v -0.22301598 -0.00409511 0.20000002
v -0.19499806 -0.03837387 0.19392057
v -0.19816905 -0.02293883 0.20025697
v -0.18171221 -0.02901698 0.21250011
v -0.21542867 -0.00681135 0.20136526
v -0.19653007 -0.01350443 0.21250549
v -0.19995593 -0.03906666 0.18129037
v -0.20626155 -0.02229389 0.18125346
v -0.21989399 -0.00572046 0.19295402
v -0.18872812 -0.05584387 0.20374312
v -0.18590246 -0.06022937 0.21114106
v -0.18347242 -0.06020876 0.21517660
v -0.18230817 -0.04738485 0.21253142
v -0.18285598 -0.07272836 0.24067138
v -0.17119861 -0.05330230 0.23482969
v -0.15755992 -0.03907724 0.23844865
v -0.17598605 -0.03185806 0.21821889
v -0.17582214 -0.02627244 0.21790385
v -0.16727221 -0.02894692 0.22411549
v -0.15440026 -0.02887139 0.23726454
v -0.38911068 0.00213738 0.20590511
v -0.37855917 0.01655800 0.18224256
v -0.38819760 0.00213413 0.21846715
v -0.39206862 -0.00553633 0.23578990
v -0.38439962 0.01361483 0.23963830
v -0.38073924 0.01131926 0.21241789
v -0.37687698 0.01849697 0.18250020
v -0.36659962 0.03337394 0.21244524
v -0.37914780 0.02074855 0.23775262
v -0.37729195 0.01833898 0.18103021
v -0.37614471 0.01946067 0.18103223
v -0.36395705 0.03680892 0.20554420
v -0.35038599 0.03611065 0.18107259
v -0.36401361 0.04035630 0.21245480
v -0.35246563 0.04945829 0.20438835
v -0.36738783 0.04023531 0.22622351
v -0.34135422 0.05751682 0.20035392
v -0.34489438 0.04727239 0.18808123
v -0.28569996 0.03169607 0.18111733
v -0.27330980 0.02035556 0.20595446
v -0.28240156 0.03039281 0.18260328
v -0.25862664 0.00214760 0.20877692
v -0.25553516 0.01553383 0.18335286
v -0.27977812 0.00750391 0.22547194
v -0.27246758 0.00217614 0.22315955
v -0.28245005 0.00219327 0.23975167
v -0.27581686 0.00550148 0.23146543
v -0.29728833 0.04078518 0.18111855
v -0.32458568 0.05443145 0.18661422
v -0.31364119 0.05431153 0.18111125
v -0.30950034 0.05103092 0.18319334
v -0.28767973 0.03338130 0.21247461
v -0.28595772 0.03335273 0.18824929
v -0.29302496 0.04340044 0.20743401
v -0.28060082 0.06095467 0.22627145
v -0.28158817 0.03342491 0.24205445
v -0.22961339 0.00217263 0.22331803
v -0.25118273 -0.00409563 0.22509705
v -0.21992062 0.00216597 0.21938904
v -0.22115476 0.00462686 0.22693451
v -0.21894678 0.00414718 0.22717266
v -0.21573080 0.00218133 0.22605446
v -0.22634488 0.00538841 0.23137559
v -0.21993491 0.00630558 0.23021479
v -0.20863029 0.00786543 0.23375615
v -0.18870151 -0.00337138 0.22362213
v -0.16809562 -0.00300434 0.23324868
v -0.15752774 -0.01618837 0.23718372
v -0.15751407 0.00233158 0.23777166
v -0.35328114 0.06461404 0.22394745
v -0.34489471 0.06459904 0.21012625
v -0.33238190 0.08960885 0.20933783
v -0.33294526 0.06459315 0.20279433
v -0.35025960 0.07533218 0.22277264
v -0.36050695 0.05681289 0.23596630
v -0.35617340 0.07025129 0.23378849
v -0.33200845 0.09583206 0.21245611
v -0.35202146 0.11282387 0.22097099
v -0.35473472 0.09583752 0.22406881
v -0.33023220 0.09583209 0.21052478
v -0.32791120 0.09447211 0.20972212
v -0.32862839 0.09647542 0.21116120
v -0.32015276 0.09583170 0.21245448
v -0.32995427 0.09719747 0.21176641
v -0.32731959 0.09973310 0.21245290
v -0.31365168 0.07057436 0.20045856
v -0.30384248 0.06460436 0.20753549
v -0.30227947 0.08733881 0.21245779
v -0.28243345 0.06462132 0.22458366
v -0.28907269 0.07790445 0.22144648
v -0.28153884 0.06641734 0.22720587
v -0.28097409 0.06462426 0.22737280
v -0.27988368 0.06335111 0.22938399
v -0.28245664 0.06465510 0.24220273
v -0.28035486 0.06566907 0.22914533
v -0.29998419 0.09388514 0.21636638
v -0.29968032 0.09748193 0.21575610
v -0.28697392 0.09586876 0.23464239
v -0.28195041 0.09588335 0.24268568
v -0.35237646 0.12708808 0.22433320
v -0.34489983 0.12708175 0.21914442
v -0.34877500 0.13482645 0.22419408
v -0.33834386 0.14017820 0.22151659
v -0.32755417 0.12707005 0.21941030
v -0.35922128 0.11994469 0.23525313
v -0.35449213 0.13189283 0.23287439
v -0.35074657 0.15834932 0.23201808
v -0.33607155 0.15832336 0.22599781
v -0.32363677 0.15266934 0.22372124
v -0.32279152 0.16482295 0.22540370
v -0.31365305 0.12310490 0.22039583
v -0.31365541 0.13093066 0.22016561
v -0.29330930 0.12166345 0.23350590
v -0.28245750 0.09846698 0.24240635
v -0.29305166 0.13240391 0.23335749
v -0.28247032 0.12713578 0.24752316
v -0.30501765 0.15135026 0.22636960
v -0.30592567 0.16619983 0.22813162
v -0.34493616 0.17884663 0.23339704
v -0.33471707 0.18446994 0.23311500
v -0.34495997 0.18961430 0.24436860
v -0.33392799 0.19509101 0.23348869
v -0.31857112 0.21005514 0.23384747
v -0.31527245 0.23493674 0.24042894
v -0.31368357 0.18208617 0.22733352
v -0.31369412 0.19748956 0.22818571
v -0.30057231 0.18053333 0.23702656
v -0.30143973 0.19907576 0.23741496
v -0.28251886 0.18963557 0.25756803
v -0.30847520 0.21043731 0.23308092
v -0.31204975 0.23477559 0.24010611
v -0.31626257 0.23772952 0.24222289
v -0.31374553 0.23766212 0.24109676
v -0.31077272 0.23796032 0.24198936
v -0.37631750 -0.23202814 0.24356338
v -0.31388280 -0.24258938 0.24352781
v -0.41636288 -0.22089109 0.24367714
v -0.40753478 -0.22260010 0.24671644
v -0.37633902 -0.23200575 0.24357429
v -0.41663563 -0.21192196 0.24370259
v -0.43869770 -0.17694846 0.24382487
v -0.42110935 -0.19208634 0.25258583
v -0.41031033 -0.21645620 0.24922873
v -0.41202214 -0.19425508 0.26386762
v -0.40475875 -0.21644945 0.24920517
v -0.37632692 -0.23198551 0.24358255
v -0.38385537 -0.20834033 0.25874621
v -0.40301841 -0.19421755 0.26384696
v -0.37631747 -0.23200443 0.24358252
v -0.37629160 -0.23200782 0.24357639
v -0.37630585 -0.23198332 0.24358684
v -0.34510887 -0.22999977 0.25038075
v -0.32261902 -0.23626755 0.24791393
v -0.36797464 -0.20910645 0.26031584
v -0.37628728 -0.18942520 0.26646644
v -0.35153127 -0.21634015 0.25646824
v -0.35322559 -0.20141101 0.26741195
v -0.33797854 -0.21631825 0.25784260
v -0.31847739 -0.22729909 0.25278562
v -0.32340878 -0.21022612 0.26270270
v -0.33625796 -0.20277214 0.26809901
v -0.31389251 -0.23696896 0.25371677
v -0.30338329 -0.23712310 0.24880323
v -0.30498248 -0.22297528 0.26139241
v -0.28267929 -0.23590186 0.25338349
v -0.30087954 -0.21364745 0.26962063
v -0.31384864 -0.18623236 0.27263421
v -0.29541197 -0.21624810 0.26911014
v -0.29535681 -0.21042547 0.27193138
v -0.27216735 -0.21621174 0.26459181
v -0.25583327 -0.20500094 0.25241086
v -0.27223575 -0.20584124 0.26964915
v -0.26886389 -0.22312790 0.24359015
v -0.25142676 -0.20470880 0.24360928
v -0.25018242 -0.20184429 0.24609885
v -0.24971165 -0.20146054 0.24361600
v -0.25142172 -0.19640388 0.25200942
v -0.24868710 -0.19923653 0.24498639
v -0.44089442 -0.17080563 0.24493687
v -0.44010183 -0.16829793 0.24665335
v -0.44191828 -0.14171882 0.25034308
v -0.44228429 -0.16791271 0.24384350
v -0.44666323 -0.14248715 0.24386539
v -0.43869820 -0.17133963 0.24711244
v -0.41471481 -0.18525423 0.26300246
v -0.43478084 -0.16577713 0.25166985
v -0.40750071 -0.18524437 0.26564321
v -0.41469550 -0.17084882 0.26662529
v -0.39072579 -0.18521774 0.26775262
v -0.39416987 -0.15859815 0.27732590
v -0.43135032 -0.14579043 0.25851893
v -0.44626316 -0.13468394 0.24766552
v -0.43866825 -0.13269682 0.25542855
v -0.40345594 -0.15402080 0.27504751
v -0.41972545 -0.15404633 0.26833302
v -0.41829038 -0.14446528 0.27028474
v -0.38494414 -0.16786097 0.27499932
v -0.39486328 -0.14800960 0.27805075
v -0.39321643 -0.15400822 0.27773508
v -0.39037582 -0.15549567 0.27801591
v -0.39029139 -0.15243073 0.27818274
v -0.37628016 -0.18289541 0.27035823
v -0.36748889 -0.18517841 0.27055418
v -0.36852485 -0.16970477 0.27497768
v -0.34506530 -0.18514404 0.27132514
v -0.31656492 -0.18509416 0.27356839
v -0.35753715 -0.16017951 0.27809525
v -0.33205137 -0.15916386 0.27759475
v -0.35511395 -0.14292812 0.28052408
v -0.36249202 -0.15581843 0.27869818
v -0.36258501 -0.15202412 0.27889976
v -0.35851768 -0.15396221 0.27924076
v -0.31739843 -0.17798868 0.27493891
v -0.33420911 -0.14435026 0.27978802
v -0.33119300 -0.15392582 0.27851468
v -0.32740074 -0.15594614 0.27903092
v -0.32720253 -0.15169032 0.27942514
v -0.31384805 -0.18443176 0.27360889
v -0.31126070 -0.18508506 0.27362958
v -0.31001419 -0.17742983 0.27492923
v -0.28263614 -0.18502297 0.27618608
v -0.26842132 -0.15663324 0.27345714
v -0.26225215 -0.18499413 0.26944458
v -0.29435641 -0.16158174 0.27878332
v -0.27525994 -0.15380965 0.27489215
v -0.29348165 -0.14438578 0.27965409
v -0.30008480 -0.15572584 0.27866462
v -0.30026263 -0.15181313 0.27903217
v -0.29582471 -0.15384799 0.27970806
v -0.26771033 -0.15379359 0.27345470
v -0.26555371 -0.15523736 0.27198532
v -0.26589340 -0.15268953 0.27267110
v -0.26795846 -0.15187359 0.27391925
v -0.25140530 -0.17949942 0.26388323
v -0.24123940 -0.17446609 0.24873494
v -0.24259076 -0.16057016 0.26123661
v -0.23573807 -0.16158682 0.24367601
v -0.24148023 -0.14805084 0.26344299
v -0.23344561 -0.14714065 0.24369094
v -0.25136635 -0.12258372 0.27481651
v -0.22741863 -0.12619610 0.25563246
v -0.44806284 -0.11195970 0.24856433
v -0.44259834 -0.10328563 0.25177553
v -0.43887034 -0.07627102 0.24434429
v -0.45189184 -0.10061502 0.24382809
v -0.43972525 -0.07656776 0.24381825
v -0.43865293 -0.11412866 0.25763589
v -0.42616510 -0.12284984 0.26886418
v -0.43095523 -0.09955980 0.25923118
v -0.40744084 -0.12283015 0.27437419
v -0.41753161 -0.10262622 0.26961637
v -0.39435291 -0.09669885 0.27766144
v -0.38670397 -0.12280282 0.28031892
v -0.43788412 -0.07673348 0.24527161
v -0.43912950 -0.07574768 0.24408029
v -0.43860754 -0.07569930 0.24443857
v -0.43860662 -0.07517115 0.24381784
v -0.40061298 -0.09161089 0.27512005
v -0.41833305 -0.09162438 0.26573607
v -0.41107559 -0.06777161 0.26317716
v -0.39336774 -0.08846252 0.27668849
v -0.38147220 -0.07095837 0.27510163
v -0.39299402 -0.09160318 0.27750456
v -0.39037132 -0.09302889 0.27797228
v -0.39046004 -0.09026009 0.27779344
v -0.36132395 -0.12276261 0.28249142
v -0.37622368 -0.12578703 0.28106061
v -0.37621772 -0.11955300 0.28153631
v -0.34500298 -0.12274171 0.28208533
v -0.35396755 -0.10479577 0.28167343
v -0.33543432 -0.10364160 0.28109956
v -0.32688251 -0.12270959 0.28155419
v -0.37616873 -0.06130476 0.27319336
v -0.37309927 -0.06649939 0.27508891
v -0.35500771 -0.08041107 0.28063849
v -0.36330557 -0.09428203 0.28051382
v -0.36314383 -0.08899505 0.28020242
v -0.35716975 -0.09154710 0.28188771
v -0.33439469 -0.08143808 0.28010103
v -0.33239028 -0.09151681 0.28110740
v -0.32596275 -0.09490687 0.28184146
v -0.32569253 -0.08782634 0.28237706
v -0.30010891 -0.12264712 0.28179240
v -0.31379589 -0.12601207 0.28163815
v -0.31378987 -0.11891960 0.28251368
v -0.28258473 -0.12260640 0.28129482
v -0.25142324 -0.12255082 0.27485403
v -0.29440868 -0.09892956 0.27873930
v -0.27236938 -0.10223582 0.28036344
v -0.29241553 -0.07999740 0.28073600
v -0.29991984 -0.09323324 0.27857295
v -0.30007631 -0.08952127 0.27889270
v -0.29598176 -0.09144662 0.27933809
v -0.25149253 -0.12229807 0.27488306
v -0.27462786 -0.07597882 0.28269005
v -0.27026600 -0.09138840 0.28161940
v -0.26248080 -0.09582320 0.28383943
v -0.26165104 -0.08606686 0.28550568
v -0.25136632 -0.12252685 0.27483466
v -0.25113526 -0.12208916 0.27488253
v -0.22577067 -0.11972769 0.25646025
v -0.23078857 -0.10120131 0.26994798
v -0.22011493 -0.11492713 0.25547284
v -0.23369321 -0.09539127 0.27691802
v -0.22877534 -0.09130897 0.27488050
v -0.23853624 -0.09410874 0.28046611
v -0.23914212 -0.08790429 0.28170037
v -0.23277767 -0.09129781 0.28078008
v -0.20985132 -0.09130177 0.26416153
v -0.19341022 -0.08024412 0.25274590
v -0.21015319 -0.07997587 0.26920611
v -0.21601927 -0.06826791 0.28630766
v -0.20613490 -0.09832351 0.24370557
v -0.18884914 -0.08032282 0.24367201
v -0.18714975 -0.07740582 0.24706137
v -0.18622117 -0.07702453 0.24366480
v -0.18888856 -0.06166821 0.27145323
v -0.18110415 -0.07181963 0.24749857
v -0.41093415 -0.06039171 0.26126087
v -0.41202733 -0.05806360 0.25714338
v -0.40737915 -0.06038886 0.26200789
v -0.40898108 -0.05718093 0.26108584
v -0.40369290 -0.05301522 0.26316437
v -0.40736631 -0.02950657 0.24397328
v -0.38849437 -0.06036909 0.26892710
v -0.38643599 -0.03445724 0.26441285
v -0.38393626 -0.02129360 0.25939327
v -0.36629966 -0.02910599 0.27508488
v -0.40730661 -0.02916709 0.24378790
v -0.40725073 -0.02907947 0.24378784
v -0.37616754 -0.05887872 0.27213410
v -0.37294096 -0.06035366 0.27347749
v -0.36880231 -0.04561287 0.27508831
v -0.34495211 -0.06031649 0.27635291
v -0.35849124 -0.03322154 0.27714354
v -0.33167890 -0.03375181 0.27742848
v -0.31812668 -0.06028597 0.27727270
v -0.38931745 -0.00691805 0.25038302
v -0.37614700 -0.00130173 0.26824400
v -0.36753267 -0.01512634 0.27508837
v -0.35096344 -0.00985928 0.28467178
v -0.36146542 -0.03001246 0.27690950
v -0.36186647 -0.02778341 0.27771056
v -0.35922039 -0.02909351 0.27774706
v -0.31784204 -0.02905311 0.27509248
v -0.33948362 -0.00877461 0.28520930
v -0.33086365 -0.02906373 0.27813616
v -0.32742527 -0.03097320 0.27891091
v -0.32608396 -0.02577989 0.28159672
v -0.30430436 -0.06025256 0.27976036
v -0.30823663 -0.04930719 0.27508122
v -0.31372994 -0.06176952 0.27804938
v -0.31373054 -0.05847608 0.27865839
v -0.30112603 -0.03206911 0.26902804
v -0.28251091 -0.06020375 0.28209770
v -0.29449144 -0.03623956 0.27148846
v -0.26798600 -0.03121497 0.27393302
v -0.27027065 -0.06017508 0.28447974
v -0.30299497 -0.02413793 0.26526976
v -0.29124188 -0.00219530 0.25506580
v -0.29370269 -0.02903279 0.26630229
v -0.30902025 -0.00720622 0.27507460
v -0.26829255 -0.02898308 0.27219832
v -0.26504770 -0.03262152 0.27504137
v -0.26618165 -0.02966600 0.27367389
v -0.26470852 -0.02683018 0.27074406
v -0.26003659 -0.02896697 0.27503103
v -0.28245866 -0.00563049 0.25555426
v -0.25131932 -0.06712739 0.28893393
v -0.25133118 -0.04891660 0.29727927
v -0.18973139 -0.06001223 0.27432102
v -0.19262597 -0.06001242 0.27660853
v -0.22821601 -0.06408446 0.29446077
v -0.22014579 -0.06708618 0.29392332
v -0.21391693 -0.06312878 0.29348800
v -0.23636958 -0.05194178 0.29856846
v -0.22016537 -0.05999634 0.30341184
v -0.27158552 -0.00323138 0.25404653
v -0.25123045 -0.00328534 0.26400596
v -0.25119859 0.00099899 0.24383785
v -0.24361204 -0.01300520 0.27500647
v -0.24419655 -0.03738638 0.29190755
v -0.24902627 -0.01556966 0.30148163
v -0.18941164 -0.05897217 0.27473664
v -0.18889193 -0.05968002 0.27407628
v -0.18856846 -0.05935789 0.27473292
v -0.18889725 -0.05922371 0.27628404
v -0.16877046 -0.05446661 0.25358173
v -0.16315156 -0.04896896 0.26458204
v -0.14967480 -0.04403373 0.26696697
v -0.15758681 -0.04142754 0.24981630
v -0.16346091 -0.04837418 0.28442165
v -0.14942782 -0.04341316 0.28190529
v -0.17620808 -0.05065455 0.29939675
v -0.15772419 -0.04815781 0.29595041
v -0.18872768 0.01374710 0.24360752
v -0.13863237 -0.03549053 0.27453175
v -0.13808382 -0.03264780 0.26670566
v -0.13433331 -0.02110516 0.25928009
v -0.12721542 -0.02867335 0.27447894
v -0.13479222 -0.03591662 0.28899127
v -0.15157638 -0.03183055 0.24351457
v -0.14495242 -0.02253443 0.24347055
v -0.13631347 -0.00819145 0.24837604
v -0.12633307 -0.00880191 0.25201356
v -0.11533296 -0.01956715 0.27441302
v -0.10423866 -0.01547215 0.28088558
v -0.11729640 -0.02214704 0.28724849
v -0.09047329 -0.00677494 0.28511462
v -0.38242984 0.01459698 0.24693009
v -0.37893051 0.02052721 0.24936235
v -0.36717322 0.03336817 0.27508584
v -0.38100508 0.02017427 0.24377690
v -0.37614679 0.00911198 0.26107308
v -0.36964807 0.00211932 0.27183422
v -0.36998543 0.01445923 0.27509063
v -0.37614611 0.03136047 0.24378750
v -0.34496027 0.00217822 0.28699601
v -0.34884018 0.00994212 0.28679484
v -0.34239048 0.00733146 0.28809643
v -0.33179855 0.00219283 0.28409413
v -0.34498653 0.02128250 0.30018029
v -0.36818427 0.04101880 0.25976577
v -0.36726058 0.04454915 0.24379919
v -0.36705786 0.05354634 0.24835023
v -0.37085921 0.05401105 0.27507734
v -0.36423731 0.02969263 0.28245074
v -0.36808345 0.04091566 0.29012513
v -0.30228052 0.03346770 0.27502277
v -0.32123625 0.02532203 0.29129559
v -0.31659979 0.04630979 0.30056822
v -0.30324724 0.00220574 0.26984078
v -0.30709177 0.00222133 0.27838144
v -0.30377418 0.02214233 0.27503687
v -0.31374058 -0.00034080 0.28016683
v -0.31374726 0.00578442 0.28216532
v -0.29236525 0.00715054 0.25450045
v -0.29994562 0.03163306 0.27135044
v -0.28245369 0.02894948 0.24603507
v -0.29973724 0.03509405 0.27176586
v -0.28741908 0.06221469 0.25688288
v -0.28822818 0.03344469 0.25530225
v -0.29959390 0.03642956 0.27501783
v -0.28158218 0.03343153 0.24552929
v -0.28022894 0.03231696 0.24378577
v -0.28127632 0.03401623 0.24378149
v -0.28246009 0.04172447 0.24791428
v -0.24226952 0.00226645 0.27052733
v -0.23205887 0.00233699 0.28450078
v -0.23678559 0.01063562 0.25097969
v -0.22889066 0.02003935 0.26818398
v -0.21028498 0.02179978 0.26894271
v -0.21997878 0.01495674 0.25297153
v -0.19749877 0.01349759 0.24801725
v -0.22395912 0.01013026 0.28654748
v -0.21548274 0.01155903 0.28579602
v -0.24430451 -0.00971861 0.30255881
v -0.22686049 0.00576124 0.29380000
v -0.22012895 0.00242338 0.30079597
v -0.22010522 0.01056494 0.29444426
v -0.20075731 0.02623879 0.27472496
v -0.19201016 0.03361525 0.27466181
v -0.19755393 0.02673033 0.28847986
v -0.18874311 0.01530747 0.24876559
v -0.18494545 0.01600259 0.24547012
v -0.18408167 0.02260564 0.25286800
v -0.15751836 0.02244708 0.24899119
v -0.13382952 0.01426956 0.24708675
v -0.17674406 0.03717568 0.26750004
v -0.16743238 0.03362563 0.26309830
v -0.17828280 0.04377542 0.27455005
v -0.16926736 0.04154318 0.27058852
v -0.16604614 0.04814446 0.28161734
v -0.18334892 0.04378743 0.29453713
v -0.15120082 0.03363588 0.25599712
v -0.13070914 0.02246247 0.25204572
v -0.13440514 0.04123469 0.25936434
v -0.14913705 0.04803528 0.26725358
v -0.15270680 0.05511326 0.28495082
v -0.13251790 0.05273250 0.27427796
v -0.12630868 0.01483574 0.24972823
v -0.09763886 0.00254224 0.26005810
v -0.12174827 0.02264917 0.25234288
v -0.09511138 0.00255976 0.26298276
v -0.09702168 0.00638513 0.26068899
v -0.09196153 0.00884674 0.26187921
v -0.07472153 0.00265799 0.27959526
v -0.09523691 -0.01096098 0.29660314
v -0.08266097 -0.00356718 0.29600596
v -0.11803196 0.04106271 0.25970474
v -0.10332771 0.03377130 0.25953725
v -0.12003762 0.05236167 0.27422783
v -0.10383197 0.04759993 0.26734236
v -0.08468732 0.03382403 0.26382363
v -0.07107972 0.01701005 0.27417475
v -0.07631317 0.03066708 0.26780483
v -0.07688965 0.03647279 0.26893222
v -0.05894265 0.03389103 0.27410153
v -0.08427412 0.04339378 0.26939896
v -0.07337053 0.04613975 0.27412093
v -0.06391715 0.00784085 0.28446263
v -0.05061675 0.01168743 0.29857719
v -0.03268534 0.02095050 0.29870003
v -0.05189352 0.03030158 0.28129181
v -0.05121130 0.03684792 0.27993798
v -0.04453975 0.03391569 0.28150776
v -0.02654649 0.03395450 0.29296190
v -0.00341875 0.04761591 0.30114701
v -0.00011628 0.04829660 0.30248740
v -0.38161299 0.07756404 0.30357108
v -0.36758128 0.09590046 0.27502984
v -0.37938005 0.08348130 0.29988986
v -0.37090033 0.06462688 0.27243781
v -0.37232783 0.06462900 0.27698946
v -0.37195063 0.07307160 0.27506313
v -0.37616968 0.06923152 0.28425500
v -0.36301631 0.07367446 0.25036976
v -0.36726809 0.08916953 0.26160672
v -0.36514142 0.08574359 0.24378715
v -0.36911175 0.05256614 0.30274713
v -0.31664613 0.05054726 0.30474901
v -0.34502763 0.06472371 0.31484556
v -0.36701035 0.10233788 0.26210812
v -0.36465132 0.10573141 0.24375029
v -0.36512679 0.11702237 0.24926063
v -0.36555237 0.10586795 0.27501631
v -0.36913773 0.10449512 0.29212010
v -0.28700125 0.06469285 0.26161116
v -0.29324037 0.06474546 0.28519297
v -0.31379801 0.05114857 0.30212295
v -0.28603557 0.06646578 0.25757307
v -0.28463468 0.06899599 0.26148927
v -0.28246593 0.08615761 0.24858126
v -0.28769135 0.07505935 0.28536442
v -0.29186711 0.06942113 0.29517129
v -0.28042775 0.09597589 0.27486885
v -0.28553054 0.09604840 0.30014163
v -0.28111398 0.09589322 0.24639559
v -0.27645865 0.11509532 0.26527917
v -0.27842739 0.11898012 0.28623882
v -0.28127539 0.09529313 0.24370101
v -0.28153792 0.09634610 0.24369916
v -0.27722138 0.12452633 0.25660554
v -0.15770806 0.05385004 0.29544270
v -0.14778848 0.06011546 0.29475176
v -0.09997603 0.06511709 0.28728029
v -0.12642628 0.05893716 0.28643730
v -0.09516029 0.06512217 0.28687707
v -0.09606639 0.06692901 0.28876564
v -0.09442746 0.06660537 0.28892404
v -0.09121297 0.06512964 0.28769171
v -0.10033926 0.06771640 0.29223055
v -0.09517007 0.06784824 0.29100913
v -0.08132665 0.07206225 0.29655212
v -0.06389760 0.05875923 0.28679717
v -0.03984911 0.06157716 0.29318723
v -0.03265379 0.05617917 0.29408485
v -0.01262881 0.05519478 0.29954275
v -0.03265367 0.06518057 0.29694468
v -0.00142850 0.05110209 0.30212986
v 0.00166361 0.05116003 0.30356151
v -0.36079454 0.15843345 0.27494842
v -0.36209530 0.12716010 0.26793903
v -0.36252353 0.12719312 0.28181186
v -0.36086145 0.15790179 0.27494887
v -0.36021450 0.13477671 0.25170523
v -0.36080530 0.15822282 0.27452841
v -0.35879481 0.15144300 0.24369100
v -0.36898229 0.11520783 0.30260190
v -0.37145412 0.14048009 0.30376375
v -0.36070937 0.15854667 0.27472079
v -0.35431334 0.16306353 0.24366817
v -0.35027078 0.18700866 0.25659952
v -0.36073169 0.15870449 0.27494785
v -0.36168280 0.15735283 0.27711603
v -0.36112106 0.15895925 0.27599329
v -0.28945282 0.15486908 0.24360324
v -0.27510607 0.14202136 0.26657081
v -0.28248033 0.14332066 0.25113022
v -0.27519149 0.12717783 0.26286513
v -0.27844056 0.12918609 0.25720274
v -0.27725536 0.13789201 0.28501442
v -0.27793488 0.12726673 0.28802788
v -0.28260237 0.11030248 0.29884517
v -0.27950332 0.12573780 0.29188168
v -0.28260952 0.12730265 0.30056050
v -0.27869365 0.12923038 0.29227486
v -0.29078540 0.16252109 0.24358976
v -0.27482122 0.15845823 0.27470163
v -0.28594422 0.15838309 0.25048172
v -0.28031111 0.18521506 0.26130971
v -0.27603331 0.17661890 0.28370500
v -0.27439114 0.15849656 0.28950387
v -0.28251418 0.18450269 0.25655010
v -0.28174344 0.18924977 0.25870833
v -0.35111105 0.18966231 0.26231498
v -0.35375547 0.18971151 0.28608292
v -0.34865761 0.19149117 0.25740480
v -0.34945351 0.19858071 0.26368010
v -0.34498245 0.20456254 0.25175139
v -0.35109836 0.20185009 0.28434965
v -0.36395922 0.18026435 0.29994124
v -0.35819125 0.19630870 0.29701447
v -0.34242672 0.22092831 0.27476329
v -0.34668764 0.22098641 0.30270648
v -0.33907744 0.22087887 0.25538865
v -0.33674818 0.23558579 0.26739755
v -0.34057283 0.24322391 0.28584054
v -0.33400249 0.21536364 0.24355534
v -0.32336038 0.23166800 0.24350363
v -0.29783785 0.21317860 0.24349952
v -0.28168815 0.19131868 0.25992882
v -0.28252131 0.19202428 0.25790298
v -0.28140718 0.18964143 0.25965211
v -0.28175685 0.19002184 0.25871333
v -0.27950042 0.19592908 0.28711450
v -0.27824399 0.18973033 0.28803787
v -0.27773464 0.18730606 0.29264134
v -0.28262466 0.20632818 0.29845279
v -0.27842632 0.19183871 0.29229093
v -0.30750999 0.23335662 0.24347368
v -0.31981733 0.23951375 0.24651149
v -0.31375149 0.24250346 0.24347065
v -0.30534875 0.24069485 0.24765766
v -0.28587064 0.22093144 0.27462283
v -0.29054353 0.22089021 0.25944746
v -0.28905556 0.23916098 0.26551083
v -0.28347999 0.25050229 0.28930891
v -0.28655785 0.22100011 0.29791439
v -0.33291328 0.27641284 0.27118450
v -0.33014333 0.25215405 0.26650923
v -0.33641148 0.26946479 0.28165042
v -0.33739814 0.25219399 0.28646061
v -0.34506267 0.22998834 0.30144337
v -0.33626252 0.24780694 0.29468718
v -0.33726382 0.25611860 0.29418373
v -0.33281952 0.28340530 0.27466664
v -0.33081093 0.28339911 0.27188969
v -0.32594386 0.27991754 0.26771978
v -0.32790524 0.28491762 0.27162999
v -0.33088887 0.28633255 0.27320305
v -0.33266091 0.28987807 0.27789375
v -0.32233691 0.29758757 0.27465767
v -0.33401412 0.28343397 0.28379583
v -0.31378877 0.26028156 0.25836650
v -0.29422039 0.25215852 0.26483467
v -0.28407502 0.25223163 0.28944179
v -0.30530027 0.27625951 0.26038074
v -0.28937191 0.26578492 0.26580253
v -0.28354958 0.25409856 0.28923681
v -0.28436252 0.25136217 0.29104283
v -0.28411213 0.25298226 0.29091552
v -0.28262785 0.25225097 0.29612577
v -0.28261980 0.25380287 0.29095036
v -0.30193555 0.28715962 0.26712358
v -0.28768951 0.28344110 0.27458978
v -0.29490715 0.28341609 0.26805103
v -0.30926526 0.30557710 0.27463749
v -0.29567918 0.28845337 0.27209628
v -0.28910980 0.30167139 0.28369233
v -0.27669904 0.28350201 0.29395407
v -0.33003670 0.30719498 0.29777730
v -0.32469180 0.32492056 0.30044156
v -0.31680426 0.33331761 0.29993391
v -0.31381515 0.31115082 0.28169364
v -0.31381989 0.32048491 0.28622532
v -0.29314741 0.30946860 0.29548350
v -0.28261659 0.30309749 0.29601741
v -0.29845777 0.32266927 0.29814398
v -0.28263223 0.31478441 0.30919251
v -0.31174406 0.33246163 0.30165651
v -0.18896690 -0.05651603 0.30578059
v -0.24171340 -0.03961777 0.30604318
v -0.22018951 -0.04740403 0.31520969
v -0.20928505 -0.05446423 0.31596366
v -0.24870110 -0.01456428 0.30608475
v -0.22433141 -0.02875959 0.31421024
v -0.20600820 -0.02864451 0.33412904
v -0.20351827 -0.02975359 0.33462417
v -0.20413744 -0.02813112 0.33585009
v -0.20298040 -0.02862720 0.33684319
v -0.20314574 -0.02562938 0.33684030
v -0.22018801 -0.00962486 0.31540620
v -0.18900320 -0.05268483 0.32256508
v -0.18307951 -0.04786583 0.33676967
v -0.17603597 -0.05071239 0.31214976
v -0.16572617 -0.04394451 0.32903481
v -0.14541829 -0.03486624 0.33337650
v -0.15777963 -0.04828877 0.31542653
v -0.16733430 -0.04076850 0.34277111
v -0.14451636 -0.03301674 0.33879772
v -0.21461616 -0.00028044 0.31859541
v -0.17994966 -0.03502557 0.34964627
v -0.18241963 -0.01958654 0.35451913
v -0.16228575 -0.02847372 0.35894287
v -0.14088798 -0.03116574 0.33651403
v -0.13914588 -0.03155527 0.33041096
v -0.13656802 -0.02845627 0.33649263
v -0.14854231 -0.02845801 0.34905022
v -0.14065988 -0.03004060 0.33966142
v -0.13528188 -0.02144032 0.35035807
v -0.13837890 -0.03825501 0.30553946
v -0.12652665 -0.03102188 0.30547488
v -0.11790861 -0.02151709 0.32260913
v -0.11263075 -0.01985387 0.30540586
v -0.11801934 -0.01437477 0.33639634
v -0.10248014 -0.01149348 0.32793981
v -0.09188494 -0.00404022 0.32420489
v -0.09528641 -0.00821593 0.31538141
v -0.08530736 -0.00221019 0.31584662
v -0.06397670 0.00529698 0.30523926
v -0.34690946 0.03249286 0.30624133
v -0.34500197 0.03243206 0.30674747
v -0.35011861 0.03600717 0.30624634
v -0.37618512 0.06357665 0.30628639
v -0.34532756 0.03345335 0.30688733
v -0.34462568 0.03345513 0.30698931
v -0.34123772 0.03157522 0.30623275
v -0.33362809 0.03916869 0.30621016
v -0.34500822 0.03867335 0.30883348
v -0.31380665 0.05250927 0.30615947
v -0.20741922 0.00256191 0.32769734
v -0.20777464 0.00873345 0.31514391
v -0.19671154 0.00263636 0.34057269
v -0.19396442 0.01245181 0.33674422
v -0.19407409 0.02327273 0.31580138
v -0.17931916 0.03392613 0.33659077
v -0.20502496 0.02615731 0.30576676
v -0.18908323 -0.00381259 0.34963870
v -0.18908933 0.00888235 0.34903651
v -0.18895614 0.03686431 0.30563268
v -0.17724305 -0.00694342 0.36182362
v -0.15790607 -0.02082487 0.36386371
v -0.13329318 -0.00945838 0.36421719
v -0.17669412 0.01214883 0.36148539
v -0.17991468 0.04036690 0.32368535
v -0.18240714 0.04613441 0.30556586
v -0.17582989 0.03864722 0.33655632
v -0.16491944 0.05099395 0.32799417
v -0.16045929 0.06010709 0.34942615
v -0.17737223 0.03006870 0.34430054
v -0.17657378 0.03704010 0.34268504
v -0.15582803 0.06121292 0.32284924
v -0.15737720 0.06421477 0.35144097
v -0.15779707 0.06091765 0.31877679
v -0.10038222 0.00286690 0.34937274
v -0.12666483 -0.00990023 0.36179388
v -0.09535496 0.00285803 0.34511641
v -0.08106343 0.00281794 0.32784754
v -0.09724569 0.00662244 0.34998488
v -0.09339100 0.00681568 0.34988159
v -0.10178252 0.00607600 0.35504383
v -0.09537292 0.00939209 0.35508618
v -0.15418823 0.06336528 0.31907627
v -0.12648670 0.06909803 0.30524433
v -0.07005690 0.01483970 0.33625668
v -0.07105687 0.02547131 0.35347062
v -0.06402000 0.00964429 0.32267806
v -0.05549867 0.01991348 0.33626151
v -0.05282348 0.01281403 0.31074733
v -0.04426806 0.02581744 0.33215365
v -0.03271369 0.02314309 0.31056613
v -0.04543869 0.02814901 0.33921000
v -0.06392565 0.07729315 0.30521691
v -0.03094451 0.03406359 0.33625466
v -0.05453262 0.02799826 0.34840900
v -0.04281559 0.03409055 0.34738624
v -0.02253271 0.03403381 0.32544470
v -0.00611269 0.04497687 0.31439558
v -0.02162507 0.04307292 0.33175927
v -0.02275882 0.04532916 0.34186453
v -0.01034907 0.04756190 0.33624804
v -0.02081821 0.02805674 0.30514371
v -0.00143561 0.04581003 0.30510625
v 0.00028631 0.04789970 0.30854085
v 0.00121453 0.04829386 0.30510247
v -0.00142528 0.06073356 0.30511194
v 0.00824348 0.05446347 0.30991936
v 0.00286158 0.05663286 0.33623856
v -0.38024676 0.07825828 0.30831236
v -0.37829298 0.08240179 0.31047124
v -0.38065544 0.08252779 0.30628157
v -0.37619683 0.07824802 0.31037182
v -0.35938710 0.07190034 0.31464893
v -0.37620002 0.09650907 0.30625483
v -0.37113607 0.08541192 0.31639904
v -0.33153099 0.09195878 0.33523145
v -0.34503543 0.07146057 0.31843948
v -0.33699256 0.06876868 0.31775761
v -0.32969707 0.09565644 0.33746868
v -0.36903062 0.10799394 0.30622786
v -0.37003136 0.11470070 0.30929995
v -0.33131629 0.09606803 0.33726758
v -0.35440546 0.09599978 0.32491431
v -0.35511672 0.10713094 0.33180219
v -0.32902923 0.09514861 0.33726087
v -0.32769263 0.09607454 0.33725345
v -0.33308131 0.10326349 0.34083503
v -0.32971427 0.09607185 0.33770758
v -0.32927880 0.09586022 0.33768296
v -0.32913202 0.09643330 0.33797520
v -0.31383628 0.07467610 0.31755754
v -0.30208915 0.07454337 0.31194496
v -0.30546093 0.08886278 0.32281756
v -0.28780192 0.09345894 0.30600038
v -0.30400363 0.10183049 0.32572114
v -0.28632826 0.09791730 0.30598611
v -0.29038206 0.12346426 0.31765559
v -0.30574763 0.11104096 0.33714223
v -0.15106045 0.06518850 0.32421574
v -0.15598145 0.06525453 0.35100177
v -0.15790054 0.06272361 0.35322204
v -0.15645672 0.06453753 0.35267198
v -0.13101329 0.07409799 0.33631927
v -0.12654269 0.07212134 0.32256728
v -0.12120940 0.07598555 0.33630744
v -0.12661900 0.07280559 0.35127974
v -0.11208019 0.07360034 0.31239069
v -0.10207564 0.07882828 0.32751405
v -0.08639029 0.08295716 0.32958120
v -0.09523430 0.07643170 0.31516322
v -0.06942361 0.07804403 0.30794677
v -0.10245533 0.07955827 0.34471971
v -0.08608156 0.08366659 0.34268254
v -0.11408225 0.07466881 0.36115348
v -0.09533864 0.08060719 0.35944012
v -0.07496548 0.08714850 0.33629563
v -0.05457132 0.09645886 0.33632794
v -0.07340190 0.09026179 0.34873646
v -0.06393263 0.07912432 0.30852300
v -0.06033805 0.07898833 0.30700046
v -0.05567737 0.08907409 0.32168776
v -0.03266763 0.07992864 0.31340528
v -0.00886017 0.07711492 0.30883566
v -0.03277748 0.05162454 0.35864425
v -0.01985279 0.05888113 0.35824877
v -0.04916772 0.09727745 0.33468720
v -0.04687608 0.09644925 0.33342481
v -0.04910650 0.09797935 0.33633372
v -0.04762254 0.09788849 0.33561915
v -0.04643355 0.10027152 0.33823967
v -0.05126698 0.09937786 0.34212312
v -0.02093874 0.09644551 0.32857439
v -0.00856409 0.08797767 0.31938273
v -0.01451955 0.09898485 0.33127588
v -0.01915055 0.10064758 0.33423993
v -0.02189712 0.10612312 0.34115356
v -0.01137147 0.10780862 0.33632949
v -0.00142936 0.07508711 0.31661528
v 0.01669875 0.06526947 0.32718271
v 0.01407961 0.06530211 0.34397811
v -0.00147650 0.05995872 0.34690440
v 0.00458647 0.08684506 0.31709641
v 0.02301790 0.07883669 0.32744300
v 0.02169932 0.08148034 0.34375006
v 0.01100152 0.07470711 0.36117986
v 0.02977388 0.08894635 0.36360511
v 0.01097876 0.09969565 0.32985035
v 0.03882051 0.09650363 0.33625934
v 0.01826252 0.09647279 0.32819161
v 0.00740830 0.11005545 0.33631122
v 0.01821579 0.10447191 0.33229825
v 0.04053694 0.10632542 0.34118176
v 0.03860237 0.09653208 0.34985545
v -0.37761950 0.15856090 0.33729231
v -0.38167712 0.17908718 0.33726326
v -0.36751577 0.12729204 0.33295164
v -0.37108144 0.13773237 0.33730209
v -0.37220764 0.14086209 0.30816263
v -0.37375253 0.14539140 0.31112674
v -0.37259752 0.14470351 0.30614027
v -0.34510672 0.12735182 0.34960139
v -0.34711742 0.13137352 0.35080495
v -0.34356725 0.13045113 0.35125673
v -0.34018683 0.12735778 0.35033920
v -0.37173477 0.16959795 0.31517375
v -0.36934566 0.17066365 0.30610892
v -0.37629348 0.18168142 0.32110271
v -0.36787790 0.17833260 0.31027541
v -0.36623859 0.15307057 0.34826437
v -0.37088853 0.16879433 0.35745493
v -0.34796131 0.15865582 0.36266300
v -0.34293553 0.15866159 0.36388239
v -0.32026553 0.14938213 0.35557836
v -0.31669253 0.17155027 0.36265269
v -0.29332703 0.12735331 0.32682735
v -0.30242813 0.12738471 0.34282315
v -0.31390315 0.12274303 0.34638548
v -0.31391263 0.13459773 0.35148132
v -0.28940228 0.13071901 0.31812379
v -0.28941658 0.14086449 0.32819855
v -0.28264585 0.14260331 0.31384274
v -0.29387116 0.14976913 0.34144628
v -0.28913665 0.15862814 0.33700112
v -0.29047674 0.17431182 0.34477326
v -0.30405498 0.15288857 0.34852490
v -0.30847719 0.16884035 0.35726848
v -0.29383546 0.15864840 0.34592253
v -0.27876940 0.15857066 0.31357521
v -0.28040865 0.18531212 0.32360137
v -0.27533072 0.15489444 0.30585578
v -0.27574307 0.16199115 0.30583966
v -0.27870181 0.18784572 0.31936198
v -0.03272939 0.11143067 0.36004129
v -0.01377828 0.11827242 0.36136645
v 0.02012430 0.12770897 0.34708023
v -0.00143828 0.11918730 0.35336983
v 0.02985128 0.12771378 0.34668523
v 0.02816937 0.13107501 0.35025471
v 0.03160380 0.13121696 0.35018238
v 0.03646735 0.12772004 0.34861946
v 0.05051281 0.11742108 0.36220503
v 0.01447494 0.13540015 0.35959542
v 0.02984649 0.13791268 0.35702017
v 0.04366349 0.13463768 0.35882124
v -0.38174629 0.18980929 0.33453631
v -0.38173482 0.18982659 0.33992893
v -0.37703001 0.20524636 0.36794189
v -0.38187152 0.20090474 0.33723444
v -0.37588048 0.22105838 0.33719033
v -0.37720013 0.20636231 0.36665571
v -0.37847048 0.23471668 0.36409461
v -0.37631547 0.19505987 0.32672012
v -0.37634850 0.18282506 0.35124308
v -0.36263347 0.19854891 0.31285167
v -0.36797562 0.21375254 0.32266217
v -0.34873328 0.21915495 0.30596891
v -0.36544782 0.17975053 0.36285102
v -0.34514558 0.16431861 0.36545336
v -0.32092008 0.17780891 0.36466476
v -0.34517750 0.18996431 0.37412956
v -0.31427968 0.20542704 0.36790830
v -0.36602473 0.22635373 0.32654551
v -0.34734276 0.22213216 0.30595922
v -0.36898011 0.23757070 0.33712751
v -0.34756368 0.24736643 0.32394364
v -0.34309196 0.24827686 0.32347664
v -0.31412333 0.20575930 0.36773187
v -0.34507865 0.23505391 0.31292740
v -0.29455453 0.18989754 0.34660318
v -0.31393239 0.17818472 0.36040086
v -0.31395355 0.20540240 0.36769801
v -0.28900361 0.21783614 0.30576962
v -0.28267825 0.18986186 0.33040491
v -0.27928814 0.19662136 0.32470569
v -0.28265625 0.20449491 0.31401220
v -0.27943030 0.18984184 0.32294962
v -0.27928188 0.19152357 0.31964636
v -0.29217190 0.20887604 0.34303319
v -0.29056039 0.22498256 0.30577147
v -0.34000000 0.24973555 0.31892580
v -0.28882170 0.22111928 0.33691260
v -0.28917533 0.22105977 0.31877238
v -0.28916091 0.23946095 0.34603763
v -0.31348920 0.20605148 0.36714527
v -0.29294184 0.22115995 0.34760499
v -0.27975380 0.24649687 0.32424352
v -0.28265640 0.23905078 0.31473160
v -0.28001699 0.25099567 0.32002026
v -0.37781706 0.23751320 0.36750686
v -0.36266369 0.25235292 0.34390515
v -0.37639835 0.23919427 0.36342460
v -0.34510651 0.25230828 0.32585505
v -0.34026560 0.26199952 0.32629719
v -0.33969823 0.25230387 0.32415926
v -0.34066325 0.25450554 0.31925276
v -0.35251573 0.26712653 0.34523892
v -0.36593547 0.26281685 0.36295405
v -0.33719212 0.28359985 0.33702889
v -0.35068810 0.28367198 0.35714173
v -0.33514786 0.28356448 0.32575011
v -0.33282536 0.29022932 0.33372200
v -0.33391902 0.29241949 0.34143686
v -0.33279216 0.27735084 0.30583951
v -0.33356541 0.28926557 0.30585003
v -0.29096943 0.25242075 0.34836838
v -0.28268331 0.25237370 0.33464867
v -0.27712086 0.26345327 0.32689619
v -0.27939606 0.25233093 0.32297373
v -0.27970591 0.25380176 0.31986713
v -0.28682977 0.26068866 0.34838003
v -0.29521394 0.24620697 0.35871112
v -0.29218012 0.25719526 0.35720241
v -0.32788044 0.30615178 0.31286699
v -0.27729106 0.28361470 0.33696985
v -0.28633237 0.28370699 0.36086559
v -0.27155831 0.28359410 0.32797131
v -0.27508020 0.29965484 0.32896256
v -0.27562398 0.30074525 0.34550226
v -0.27267975 0.27855200 0.30576861
v -0.27226639 0.28872976 0.30577511
v -0.27765575 0.31231803 0.31890652
v -0.31937826 0.31482172 0.33431822
v -0.32281893 0.32589155 0.31033754
v -0.32129189 0.31483990 0.34075090
v -0.34516084 0.29609984 0.36199445
v -0.32529193 0.30498868 0.36250830
v -0.31956995 0.32773301 0.36539358
v -0.31751782 0.32208398 0.33706430
v -0.31953725 0.33607322 0.31720906
v -0.31013536 0.34607339 0.33706945
v -0.31668976 0.33330470 0.36269927
v -0.32034439 0.33361542 0.30586058
v -0.31384379 0.34438363 0.30586070
v -0.30231264 0.33614761 0.30584648
v -0.27709809 0.32594603 0.32695815
v -0.28263885 0.32353932 0.31705815
v -0.27634788 0.31483185 0.32454771
v -0.27961051 0.31633368 0.31989369
v -0.27759781 0.32506946 0.34751067
v -0.27703136 0.31490719 0.34974253
v -0.28271019 0.29710352 0.36142844
v -0.27799404 0.31257087 0.35490233
v -0.28274602 0.31504941 0.38274834
v -0.27594119 0.31831303 0.35592335
v -0.30552268 0.35332209 0.32252684
v -0.28353286 0.34610137 0.33703583
v -0.29222503 0.34605902 0.32501453
v -0.30650651 0.36257911 0.33707637
v -0.29410607 0.35438913 0.33290735
v -0.28630519 0.37010127 0.34896156
v -0.30816454 0.35602009 0.35674733
v -0.27565071 0.34617722 0.35412759
v -0.28267261 0.36963639 0.35646537
v -0.16551161 -0.00099896 0.37943476
v -0.15997453 -0.00126472 0.38522121
v -0.15616269 -0.00071172 0.38492996
v -0.15792382 -0.00902518 0.37729579
v -0.14471570 -0.00376058 0.37653553
v -0.12667529 -0.00549784 0.36747551
v -0.16211739 0.00282117 0.38526535
v -0.16509147 0.00638725 0.37962234
v -0.17117631 0.02739516 0.36760637
v -0.15793324 0.00283254 0.38753346
v -0.16108099 0.00912652 0.38628927
v -0.14849597 0.02174703 0.39248756
v -0.14809662 0.00284475 0.38803178
v -0.16898620 0.03957099 0.36756057
v -0.16394259 0.03408226 0.37949964
v -0.14558102 0.03412556 0.39209494
v -0.14033303 0.03215947 0.39464730
v -0.14033386 0.03611336 0.39464715
v -0.13694325 0.03414561 0.39858678
v -0.15793478 0.04556618 0.37321770
v -0.12667742 0.00796454 0.38848165
v -0.12029847 0.01564967 0.39859682
v -0.11207232 0.01122180 0.37468782
v -0.10510124 0.02229136 0.39262593
v -0.08332174 0.02706969 0.39497507
v -0.09539342 0.01972752 0.37456587
v -0.10562269 0.02334178 0.40394595
v -0.08294467 0.02783569 0.40168899
v -0.09541740 0.03401186 0.42953399
v -0.14276713 0.05776815 0.37544167
v -0.12667644 0.06250411 0.39278179
v -0.12665051 0.06707012 0.36740541
v -0.12284844 0.05774846 0.39853922
v -0.11819016 0.02704737 0.41279176
v -0.11791694 0.04105378 0.41222876
v -0.07821739 0.03111141 0.39851701
v -0.07678806 0.03121985 0.39260733
v -0.07401779 0.03418825 0.39851609
v -0.07777375 0.03221386 0.40246758
v -0.08271385 0.02781578 0.36736518
v -0.06408693 0.03800832 0.36736089
v -0.05835194 0.04404670 0.37877402
v -0.05332470 0.04438155 0.36736178
v -0.05640317 0.05005403 0.39851654
v -0.03505008 0.06087924 0.38519970
v -0.06318618 0.04891981 0.42780638
v -0.03183930 0.06348515 0.38390145
v -0.03279046 0.06124009 0.38088682
v -0.02901094 0.06349313 0.38107401
v -0.00149327 0.07286091 0.36741596
v -0.12067425 0.06539686 0.39554301
v -0.11889544 0.06541058 0.40240824
v -0.11239666 0.07384586 0.37448627
v -0.10092319 0.07643572 0.38844359
v -0.08424415 0.08762224 0.39403850
v -0.09536514 0.07891397 0.37618798
v -0.09981261 0.07422738 0.40969858
v -0.08539197 0.08536953 0.40413904
v -0.10898910 0.05866819 0.42086253
v -0.10552040 0.07049495 0.41912323
v -0.09541639 0.06547780 0.43119994
v -0.09540729 0.07540989 0.41907328
v -0.07645253 0.09004855 0.39852348
v -0.07604087 0.09291493 0.39116850
v -0.07091692 0.09661100 0.39854038
v -0.07443382 0.09133138 0.40912008
v -0.07973003 0.08876635 0.36738092
v -0.04206539 0.06541476 0.40951413
v -0.06404802 0.09904565 0.36740845
v -0.03279327 0.06539271 0.39209461
v -0.02909337 0.06538374 0.38479868
v -0.03878506 0.07735074 0.40818465
v -0.02640397 0.07817216 0.40778843
v -0.05989620 0.05195379 0.42756981
v -0.04683075 0.07242829 0.42111796
v -0.03281148 0.07821688 0.42054424
v -0.05656418 0.10470100 0.38235876
v -0.05155155 0.10591994 0.36743897
v -0.05433775 0.10838167 0.39859110
v -0.03531901 0.12267812 0.38562766
v -0.05612019 0.10429000 0.41385829
v -0.01217404 0.08667121 0.39859807
v 0.00471849 0.09660757 0.39861631
v -0.02995691 0.12219173 0.38587520
v -0.01123718 0.09071568 0.41041261
v -0.03275340 0.12391163 0.38115597
v -0.00149596 0.07699078 0.37534821
v 0.00517144 0.07762621 0.37074330
v 0.00833498 0.09080990 0.38707080
v 0.02977029 0.09294094 0.36922199
v 0.00973300 0.10097261 0.38987148
v -0.02756571 0.12518603 0.38050687
v -0.00144714 0.13210346 0.36752039
v 0.02269406 0.09658226 0.38151598
v 0.00899254 0.10682980 0.39863566
v 0.01990046 0.10814048 0.39286968
v 0.02312053 0.11465929 0.40762836
v 0.00830499 0.10241229 0.41016710
v 0.03246075 0.09657483 0.37278962
v 0.03446086 0.11840920 0.38773951
v 0.03215363 0.12298882 0.41177490
v 0.03385145 0.09452692 0.36740908
v 0.04658327 0.10495733 0.36742780
v 0.05184945 0.11676419 0.37203336
v -0.37639695 0.20322192 0.36825997
v -0.03457439 0.12784509 0.41334620
v -0.03278944 0.12782411 0.40378082
v -0.02655054 0.12778586 0.38618666
v -0.03332540 0.12888217 0.41371307
v -0.03188787 0.12967588 0.41331741
v -0.03552334 0.12649709 0.41557503
v -0.03387350 0.12837960 0.41475889
v -0.03281474 0.12786357 0.42043930
v -0.03280830 0.12992033 0.41526368
v -0.00669938 0.13819242 0.39867657
v -0.00600648 0.14793840 0.42091990
v -0.00146790 0.13694116 0.38038069
v 0.00922619 0.14923379 0.39867318
v 0.01286395 0.13621941 0.37465781
v 0.01969773 0.14793098 0.39312810
v 0.02979911 0.13938843 0.37729859
v 0.04713453 0.12781665 0.39171934
v 0.04519432 0.13545831 0.37541273
v 0.02289821 0.14150822 0.40741593
v 0.04065210 0.12785442 0.40876672
v 0.02971134 0.12331454 0.41648802
v 0.03381037 0.12582247 0.41625530
v 0.04063536 0.13331766 0.41967809
v 0.03188037 0.15903056 0.39868319
v 0.00845033 0.15340202 0.40997115
v 0.02322967 0.15907207 0.41685325
v 0.04230675 0.15901172 0.39247650
v 0.05079200 0.14826126 0.39866716
v 0.04995751 0.15448079 0.38965136
v 0.04669762 0.16029659 0.39614025
v 0.05233405 0.15902187 0.39869303
v 0.04423851 0.16137432 0.39751628
v 0.04339250 0.16306210 0.40070838
v 0.04688159 0.16194905 0.39869353
v 0.05077911 0.15366095 0.40943342
v 0.04983241 0.16345388 0.40753183
v -0.37674436 0.20539145 0.36842710
v -0.37666601 0.20583184 0.36878386
v -0.37713665 0.23608609 0.36965764
v -0.37693667 0.20583297 0.36825517
v -0.37787610 0.23607394 0.36821240
v -0.37639958 0.20529380 0.36879471
v -0.37362707 0.20418148 0.36962813
v -0.37474179 0.20724131 0.37155735
v -0.34518930 0.20145917 0.37799996
v -0.37249231 0.23291075 0.37601843
v -0.37769949 0.23745790 0.36885175
v -0.37643412 0.24351895 0.38144222
v -0.37640825 0.24368259 0.36820129
v -0.35580322 0.22127509 0.38924637
v -0.35631192 0.23036222 0.39474455
v -0.33547679 0.22128305 0.38750601
v -0.32085595 0.23002312 0.38177082
v -0.33494928 0.23199257 0.39388907
v -0.31437612 0.20580178 0.36807001
v -0.31395444 0.20646797 0.36806908
v -0.30997258 0.23289166 0.37601578
v -0.30281606 0.23129439 0.36803365
v -0.31399256 0.24692443 0.38792455
v -0.30485472 0.24144599 0.37258339
v 0.02973003 0.16289964 0.42794305
v -0.36620677 0.28381082 0.39928728
v -0.37159148 0.25255987 0.39684892
v -0.37163806 0.26223576 0.39928347
v -0.36619809 0.26298198 0.37325436
v -0.36799377 0.27658862 0.38501078
v -0.36231405 0.27512777 0.36817360
v -0.34524852 0.25259608 0.40377593
v -0.31986177 0.25259912 0.39624786
v -0.35414803 0.27039412 0.40593952
v -0.33888155 0.26537308 0.40841010
v -0.36380664 0.28675556 0.39337981
v -0.35302860 0.28763381 0.36817595
v -0.36369121 0.28948727 0.39928848
v -0.35026062 0.30491763 0.38877279
v -0.36312523 0.28155804 0.40379071
v -0.36354864 0.28650871 0.40463272
v -0.35555589 0.28385040 0.40985718
v -0.31753507 0.25966176 0.39916325
v -0.29942897 0.28386930 0.39914614
v -0.34209248 0.30878943 0.38683480
v -0.33742636 0.28388241 0.41470376
v -0.32431155 0.27854988 0.40979880
v -0.32078630 0.29279524 0.41684979
v -0.34519210 0.30718026 0.37985554
v -0.31399655 0.25678939 0.39078337
v -0.30187494 0.26210240 0.37407085
v -0.29904014 0.28321514 0.39785239
v -0.29107666 0.27956057 0.36807373
v -0.29917637 0.28464928 0.39758286
v -0.29235786 0.28855437 0.36809218
v -0.33651251 0.31064963 0.37941402
v -0.28326416 0.31479323 0.38334659
v -0.29887649 0.28483725 0.39914605
v -0.35097143 0.31510228 0.41199386
v -0.34522006 0.31503916 0.39374766
v -0.33932456 0.31502071 0.38666365
v -0.32957667 0.32277995 0.37598050
v -0.34846649 0.32151312 0.41164982
v -0.33297235 0.33964351 0.40260500
v -0.35067397 0.31241468 0.41752642
v -0.34527755 0.30443609 0.42013645
v -0.33251411 0.30877039 0.42113116
v -0.35016131 0.31756291 0.41727191
v -0.34528750 0.31515041 0.42558283
v -0.34529024 0.33573797 0.42510125
v -0.32778898 0.34265146 0.39926973
v -0.32390714 0.34057823 0.38794917
v -0.32503581 0.34632584 0.39926609
v -0.32647073 0.34318012 0.40556812
v -0.32691073 0.34907037 0.40469614
v -0.31720689 0.33219850 0.36820415
v -0.28306147 0.31505388 0.38375938
v -0.29539192 0.31515545 0.40842918
v -0.31404600 0.30601823 0.41738886
v -0.28405342 0.31570292 0.38295770
v -0.31393558 0.34229958 0.36820382
v -0.28294998 0.31545871 0.38380459
v -0.28274673 0.31556532 0.38334864
v -0.29007483 0.32972205 0.40745026
v -0.30042860 0.32400703 0.42346722
v -0.30875498 0.35666153 0.37852812
v -0.30179828 0.35575229 0.36818275
v -0.28078216 0.34636641 0.39915568
v -0.30701995 0.36361200 0.39920670
v -0.28536409 0.37230569 0.38626128
v -0.28752300 0.36819842 0.41000000
v -0.28760839 0.34645039 0.42071182
v -0.27487212 0.34630001 0.38374943
v -0.27274492 0.34125155 0.36810422
v -0.27319425 0.35098681 0.36812213
v -0.28272730 0.37114131 0.38047636
v -0.32238507 0.36620992 0.42620826
v -0.31404233 0.36985457 0.41472554
v -0.29367590 0.37225509 0.42012393
v -0.09578352 0.03406077 0.42965022
v -0.09541756 0.03406114 0.42974046
v -0.09575876 0.03441441 0.42964980
v -0.09553964 0.03424472 0.42989203
v -0.09526928 0.03424500 0.42994404
v -0.06544823 0.04854166 0.43229076
v -0.09528475 0.03417790 0.42964935
v -0.09541750 0.03478313 0.42991796
v -0.06412131 0.04862228 0.42966369
v -0.06347872 0.04921524 0.43094373
v -0.06325684 0.04942283 0.42966512
v -0.06865301 0.05212112 0.43191755
v -0.06412512 0.05197193 0.43386269
v -0.06138657 0.05121951 0.43103093
v -0.08202806 0.07216536 0.43859175
v -0.06906869 0.08602516 0.43955368
v -0.07473990 0.08636644 0.42971024
v -0.06413393 0.07249963 0.44686419
v -0.05063996 0.07435041 0.43642944
v -0.06411070 0.09427786 0.42973128
v -0.05282139 0.09242541 0.45222846
v -0.02008124 0.09101914 0.45801377
v -0.03282814 0.08201995 0.43706650
v -0.02005536 0.09110922 0.46366864
v -0.04727723 0.10387793 0.42976516
v -0.03089371 0.09675866 0.46085110
v -0.04464559 0.09674121 0.45318508
v -0.01602391 0.09436731 0.46086523
v -0.01512427 0.09465509 0.45671529
v -0.01183551 0.09675028 0.46086997
v -0.02290000 0.10808888 0.45522660
v -0.02169558 0.10568634 0.46531719
v -0.02074317 0.09677783 0.46783459
v -0.01511597 0.09465930 0.46505487
v -0.01281868 0.10117948 0.46965000
v -0.02099542 0.09075983 0.42977679
v -0.03283621 0.11831772 0.44056746
v -0.00154983 0.10266357 0.42978495
v 0.00429541 0.10644956 0.44145247
v 0.00732214 0.10784426 0.42978501
v -0.02103200 0.12201972 0.43947941
v 0.00335543 0.11808542 0.46091765
v 0.02740232 0.12337269 0.44764218
v 0.03061841 0.12604697 0.44631073
v 0.02968404 0.12475041 0.44380003
v 0.03251727 0.12650111 0.44396347
v -0.01907744 0.12794065 0.45221645
v -0.02082369 0.13390779 0.43939063
v -0.01632289 0.12798333 0.46823341
v -0.00822400 0.14120750 0.46094918
v -0.00910618 0.15105149 0.44484240
v 0.00539166 0.15915588 0.46098989
v -0.01135997 0.14838757 0.42982811
v 0.01117416 0.12796018 0.46730125
v -0.00160824 0.12071638 0.47541791
v -0.00160828 0.13498393 0.47487402
v -0.00154451 0.15625417 0.42983696
v 0.02967654 0.12792753 0.45170650
v 0.03497865 0.13848341 0.45068294
v 0.03280072 0.12791890 0.44693643
v 0.03787506 0.13199008 0.44131404
v 0.01816795 0.15092231 0.46509391
v 0.01059905 0.16259538 0.45409849
v 0.02286367 0.16252027 0.42984229
v 0.02714294 0.15913835 0.46101367
v 0.01125452 0.16473928 0.46100637
v 0.01691306 0.16484070 0.45816538
v 0.01705414 0.16516075 0.46399975
v 0.00940019 0.15455171 0.47020239
v 0.01163063 0.16157438 0.46580279
v 0.01948969 0.15917075 0.47186095
v 0.03620809 0.15910622 0.44280893
v 0.04004070 0.15393722 0.42984110
v 0.03817559 0.16330066 0.42985654
v 0.02972317 0.16473994 0.43266857
v -0.31407446 0.31754810 0.43027234
v -0.32537258 0.32518762 0.43593758
v -0.32047936 0.33724424 0.44300282
v -0.32119009 0.35501409 0.44443533
v -0.33512902 0.34132904 0.43037361
v -0.33635610 0.35088959 0.43038869
v -0.31408846 0.32734847 0.43725902
v -0.30742770 0.32752520 0.43357575
v -0.30806285 0.33692014 0.44228327
v -0.29518062 0.34030893 0.43024576
v -0.30736583 0.35538808 0.44369179
v -0.29382741 0.35197270 0.43025514
v -0.32328963 0.36668095 0.43491888
v -0.31410566 0.36934641 0.44466686
v -0.31407690 0.37262797 0.43030983
v -0.30245927 0.36791942 0.43607265
f 2 51 4
f 51 2 48
f 48 52 51
f 51 52 53
f 4 51 54
f 51 53 54
f 9 96 11
f 96 9 95
f 95 97 96
f 96 97 98
f 11 96 99
f 18 111 22
f 111 18 108
f 96 98 99
f 108 112 111
f 111 112 113
f 22 111 114
f 27 126 30
f 126 27 123
f 111 113 114
f 123 127 126
f 126 127 128
f 30 126 129
f 40 141 44
f 141 40 138
f 126 128 129
f 138 142 141
f 141 142 143
f 44 141 144
f 141 143 144
f 102 228 104
f 228 102 227
f 227 229 228
f 228 229 230
f 104 228 231
f 115 243 119
f 243 115 240
f 228 230 231
f 240 244 243
f 243 244 245
f 119 243 246
f 130 256 134
f 256 130 253
f 243 245 246
f 253 257 256
f 256 257 258
f 134 256 259
f 145 271 149
f 271 145 268
f 256 258 259
f 268 272 271
f 271 272 273
f 149 271 274
f 271 273 274
f 219 346 223
f 346 219 343
f 343 347 346
f 346 347 348
f 223 346 349
f 346 348 349
f 234 379 236
f 379 234 378
f 378 380 379
f 379 380 381
f 236 379 382
f 379 381 382
f 260 413 264
f 413 260 410
f 410 414 413
f 413 414 415
f 264 413 416
f 413 415 416
f 335 488 339
f 488 335 485
f 485 489 488
f 488 489 490
f 339 488 491
f 350 503 354
f 503 350 500
f 488 490 491
f 500 504 503
f 503 504 505
f 354 503 506
f 365 518 369
f 518 365 515
f 503 505 506
f 515 519 518
f 518 519 520
f 369 518 521
f 518 520 521
f 386 549 389
f 549 386 546
f 546 550 549
f 549 550 551
f 389 549 552
f 402 564 406
f 564 402 561
f 549 551 552
f 561 565 564
f 564 565 566
f 406 564 567
f 417 579 421
f 579 417 576
f 564 566 567
f 576 580 579
f 579 580 581
f 421 579 582
f 579 581 582
f 492 654 496
f 654 492 651
f 651 655 654
f 654 655 656
f 496 654 657
f 507 669 511
f 669 507 666
f 654 656 657
f 666 670 669
f 669 670 671
f 511 669 672
f 522 684 526
f 684 522 681
f 669 671 672
f 681 685 684
f 684 685 686
f 526 684 687
f 684 686 687
f 553 711 557
f 711 553 709
f 709 712 711
f 711 712 713
f 557 711 714
f 568 723 572
f 723 568 720
f 711 713 714
f 720 724 723
f 723 724 725
f 572 723 726
f 583 736 587
f 736 583 733
f 723 725 726
f 733 737 736
f 736 737 738
f 587 736 739
f 736 738 739
f 658 813 662
f 813 658 810
f 810 814 813
f 813 814 815
f 662 813 816
f 673 828 677
f 828 673 825
f 813 815 816
f 825 829 828
f 828 829 830
f 677 828 831
f 828 830 831
f 740 860 744
f 860 740 857
f 857 861 860
f 860 861 862
f 744 860 863
f 860 862 863
f 802 921 806
f 921 802 918
f 918 922 921
f 921 922 923
f 806 921 924
f 817 934 821
f 934 817 931
f 921 923 924
f 931 935 934
f 934 935 936
f 821 934 937
f 934 936 937
f 864 953 867
f 953 864 952
f 952 954 953
f 953 954 955
f 867 953 956
f 880 965 884
f 965 880 962
f 953 955 956
f 962 966 965
f 965 966 967
f 884 965 968
f 965 967 968
f 1032 1033 1027
f 1032 1027 1030
f 1034 1033 1032
f 1030 1 1032
f 1 3 1032
f 1032 3 1034
f 1044 1045 1038
f 1044 1038 1042
f 1046 1045 1044
f 1042 5 1044
f 5 6 1044
f 1044 6 1046
f 1080 1076 1082
f 1080 1078 1075
f 1080 1075 1076
f 1078 10 1075
f 1075 10 7
f 1076 1075 7
f 10 12 7
f 1088 1077 1023
f 1023 1090 1088
f 1023 1077 8
f 1023 8 15
f 15 16 1023
f 1023 16 1090
f 1085 1084 1083
f 1083 1077 1088
f 1083 1084 1082
f 1091 1094 1089
f 1092 1091 1093
f 1091 1090 1093
f 12 14 13
f 8 13 15
f 13 19 15
f 19 20 21
f 19 16 15
f 21 23 17
f 1095 1092 1099
f 1100 1101 1099
f 1092 1100 1099
f 1106 1100 1105
f 1111 1108 1115
f 1111 1107 1108
f 1105 1093 17
f 17 23 1105
f 24 28 1106
f 1107 29 25
f 1108 1107 25
f 29 31 25
f 1122 1109 1024
f 1125 1026 1028
f 1025 1026 1123
f 1031 1026 1025
f 1028 1026 1031
f 1026 1125 1123
f 1024 1109 26
f 1024 26 34
f 34 36 1024
f 1031 1025 37
f 1118 1117 1116
f 1116 1109 1122
f 1116 1117 1115
f 1122 1123 1124
f 1127 1126 1125
f 31 33 32
f 26 32 34
f 32 41 34
f 41 42 43
f 41 36 34
f 37 36 38
f 43 45 38
f 1028 1027 1029
f 1033 1036 1035
f 1039 1036 1043
f 1036 1037 1035
f 3 1 49
f 35 1 1030
f 39 35 37
f 35 49 1
f 50 48 49
f 1043 1034 55
f 4 55 2
f 1125 1128 1127
f 37 38 39
f 45 47 46
f 39 46 50
f 46 56 50
f 56 57 58
f 52 56 58
f 1040 1039 1041
f 1039 1038 1041
f 1045 1048 1047
f 1050 1048 1054
f 1048 1049 1047
f 6 5 62
f 1042 1043 55
f 54 63 62
f 62 64 6
f 6 64 1046
f 64 65 66
f 59 61 60
f 60 53 59
f 60 69 63
f 69 70 71
f 69 65 63
f 66 65 67
f 71 72 67
f 1054 1055 1050
f 1051 1050 1052
f 1056 1059 1052
f 1055 1057 1056
f 1067 1060 1058
f 1057 1058 1056
f 1063 1060 1067
f 1060 1061 1059
f 66 1055 1054
f 1057 68 75
f 75 76 1057
f 1067 1058 77
f 66 67 68
f 72 74 73
f 68 73 75
f 73 80 75
f 80 81 82
f 80 76 75
f 77 76 78
f 82 83 78
f 1067 1068 1063
f 1064 1063 1065
f 1069 1071 1065
f 1068 1070 1069
f 1072 1148 1074
f 1146 1071 1069
f 77 1068 1067
f 1070 79 86
f 86 87 1070
f 1070 87 1147
f 1147 1149 1146
f 1148 1146 1149
f 1149 1150 1148
f 1150 1149 1151
f 1149 1147 1151
f 77 78 79
f 83 85 84
f 79 84 86
f 84 89 86
f 89 90 91
f 89 87 86
f 91 92 88
f 1074 1148 1152
f 1161 1156 1160
f 1150 1156 1155
f 1160 1156 1157
f 1158 1161 1162
f 1162 1163 1158
f 1167 1163 1162
f 1167 1162 1168
f 1162 1161 1168
f 1157 1151 88
f 88 92 1157
f 93 94 1160
f 1160 94 1166
f 1182 1081 1086
f 1079 1081 1179
f 1179 1180 1079
f 1081 1182 1179
f 9 100 95
f 100 101 95
f 1078 1079 100
f 1183 1180 1179
f 1182 1183 1179
f 1189 1183 1188
f 1189 1186 1181
f 1186 103 1181
f 95 101 97
f 101 1180 1181
f 1084 1086 1082
f 1086 1084 1087
f 1084 1085 1087
f 20 14 109
f 11 14 12
f 99 110 109
f 20 18 21
f 110 108 109
f 1182 1185 1184
f 105 107 106
f 106 98 105
f 106 116 110
f 116 117 118
f 112 116 118
f 1101 1110 1112
f 1110 1113 1112
f 1111 1113 1110
f 1113 1114 1112
f 28 24 124
f 22 24 23
f 114 125 124
f 28 27 29
f 125 123 124
f 120 122 121
f 121 113 120
f 121 131 125
f 131 132 133
f 127 131 133
f 1117 1119 1115
f 1120 1119 1121
f 1119 1117 1121
f 1117 1118 1121
f 42 33 139
f 30 33 31
f 129 140 139
f 42 40 43
f 140 138 139
f 135 137 136
f 136 128 135
f 136 146 140
f 146 147 148
f 142 146 148
f 57 47 153
f 44 47 45
f 144 154 153
f 153 155 57
f 159 156 155
f 156 59 58
f 155 158 159
f 150 152 151
f 151 143 150
f 151 162 154
f 162 163 164
f 162 158 154
f 159 158 160
f 164 165 160
f 70 61 168
f 159 157 156
f 161 157 159
f 157 168 61
f 168 170 70
f 174 171 170
f 171 72 71
f 170 173 174
f 159 160 161
f 165 167 166
f 161 166 169
f 166 177 169
f 177 178 179
f 177 173 169
f 174 173 175
f 179 180 175
f 81 74 183
f 174 172 171
f 176 172 174
f 172 183 74
f 183 185 81
f 189 186 185
f 186 83 82
f 185 188 189
f 174 175 176
f 180 182 181
f 176 181 184
f 181 192 184
f 192 193 194
f 192 188 184
f 189 188 190
f 194 195 190
f 90 85 198
f 189 187 186
f 191 187 189
f 187 198 85
f 198 200 90
f 204 201 200
f 201 92 91
f 200 203 204
f 189 190 191
f 195 197 196
f 191 196 199
f 196 207 199
f 207 208 209
f 207 203 199
f 204 203 205
f 209 210 205
f 1167 1169 1170
f 1168 1166 1174
f 94 93 213
f 204 202 201
f 206 202 204
f 202 213 93
f 213 215 94
f 94 215 1166
f 215 216 217
f 204 205 206
f 210 212 211
f 206 211 214
f 211 220 214
f 220 221 222
f 220 216 214
f 217 216 218
f 222 224 218
f 1174 1175 1169
f 1170 1169 1171
f 1176 1177 1171
f 1216 1177 1176
f 1215 1216 1176
f 1217 1177 1216
f 217 1175 1174
f 217 1212 1175
f 1219 1213 1218
f 1213 1219 1215
f 1213 1212 1214
f 1215 1212 1213
f 1218 1213 1214
f 1227 1221 1220
f 1227 1220 1228
f 1220 1219 1228
f 218 224 1214
f 225 226 1218
f 1218 226 1226
f 1187 1190 1242
f 1242 1243 1187
f 1188 1190 1189
f 1190 1245 1242
f 102 232 227
f 232 233 227
f 1186 1187 232
f 1246 1243 1242
f 1245 1246 1242
f 1246 1245 1247
f 1250 1249 1244
f 1249 235 1244
f 227 233 229
f 233 1243 1244
f 1245 1191 1248
f 117 107 241
f 104 107 105
f 231 242 241
f 117 115 118
f 242 240 241
f 1247 1253 1251
f 1253 1247 1252
f 1253 1254 1251
f 1260 1259 1256
f 1256 1261 1260
f 1260 1261 1269
f 1270 1260 1269
f 1270 1266 1259
f 1270 1259 1260
f 237 239 238
f 238 230 237
f 238 247 242
f 247 248 249
f 244 247 249
f 132 122 254
f 119 122 120
f 246 255 254
f 132 130 133
f 255 253 254
f 250 252 251
f 251 245 250
f 251 261 255
f 261 262 263
f 257 261 263
f 147 137 269
f 134 137 135
f 259 270 269
f 147 145 148
f 270 268 269
f 265 267 266
f 266 258 265
f 266 275 270
f 275 276 277
f 272 275 277
f 163 152 281
f 149 152 150
f 274 282 281
f 281 283 163
f 287 284 283
f 284 165 164
f 283 286 287
f 278 280 279
f 279 273 278
f 279 290 282
f 290 291 292
f 290 286 282
f 287 286 288
f 292 293 288
f 178 167 296
f 287 285 284
f 289 285 287
f 285 296 167
f 296 298 178
f 302 299 298
f 299 180 179
f 298 301 302
f 287 288 289
f 293 295 294
f 289 294 297
f 294 305 297
f 305 306 307
f 305 301 297
f 302 301 303
f 307 308 303
f 193 182 311
f 302 300 299
f 304 300 302
f 300 311 182
f 311 313 193
f 317 314 313
f 314 195 194
f 313 316 317
f 302 303 304
f 308 310 309
f 304 309 312
f 309 320 312
f 320 321 322
f 320 316 312
f 317 316 318
f 322 323 318
f 208 197 326
f 317 315 314
f 319 315 317
f 315 326 197
f 326 328 208
f 332 329 328
f 329 210 209
f 328 331 332
f 317 318 319
f 323 325 324
f 319 324 327
f 324 336 327
f 336 337 338
f 336 331 327
f 332 331 333
f 338 340 333
f 221 212 344
f 332 330 329
f 334 330 332
f 330 344 212
f 221 219 222
f 345 343 344
f 332 333 334
f 340 342 341
f 334 341 345
f 341 351 345
f 351 352 353
f 347 351 353
f 1227 1229 1230
f 1228 1226 1234
f 226 225 358
f 223 225 224
f 349 359 358
f 358 360 226
f 226 360 1226
f 360 361 362
f 355 357 356
f 356 348 355
f 356 366 359
f 366 367 368
f 366 361 359
f 362 361 363
f 368 370 363
f 1234 1235 1229
f 1230 1229 1231
f 1236 1238 1231
f 1235 1237 1236
f 1239 1277 1241
f 1274 1238 1236
f 362 1235 1234
f 1237 364 373
f 373 374 1237
f 1237 374 1275
f 1275 1278 1274
f 1277 1274 1278
f 1278 1279 1277
f 1283 1284 1276
f 362 363 364
f 370 372 371
f 364 371 373
f 371 375 373
f 375 374 373
f 374 375 1276
f 1276 1275 374
f 1241 1277 1280
f 1287 1279 1285
f 1279 1287 1286
f 1285 1288 1287
f 1290 1292 1293
f 1293 1294 1290
f 1301 1294 1293
f 1301 1293 1302
f 1292 1298 1302
f 1293 1292 1302
f 1250 1255 1249
f 1255 1250 1251
f 234 383 378
f 383 384 378
f 385 384 383
f 1310 1316 1308
f 1310 1308 1309
f 1315 1319 1312
f 1320 1311 1313
f 1309 377 1310
f 377 387 1310
f 378 384 380
f 1268 1267 1254
f 1254 1266 1268
f 1270 1271 1266
f 1327 1268 1328
f 1269 1271 1270
f 1271 1330 1328
f 248 239 393
f 236 239 237
f 1267 385 1255
f 1267 1314 385
f 382 394 393
f 393 395 248
f 399 396 395
f 396 250 249
f 395 398 399
f 1315 1312 1322
f 1329 1322 1327
f 1313 1314 1312
f 1327 1328 1329
f 1332 1331 1330
f 385 1314 1313
f 390 392 391
f 391 381 390
f 391 403 394
f 403 404 405
f 403 398 394
f 399 398 400
f 405 407 400
f 1330 1272 1333
f 262 252 411
f 399 397 396
f 401 397 399
f 397 411 252
f 262 260 263
f 412 410 411
f 1330 1333 1332
f 399 400 401
f 407 409 408
f 401 408 412
f 408 418 412
f 418 419 420
f 414 418 420
f 276 267 425
f 264 267 265
f 416 426 425
f 425 427 276
f 431 428 427
f 428 278 277
f 427 430 431
f 422 424 423
f 423 415 422
f 423 434 426
f 434 435 436
f 434 430 426
f 431 430 432
f 436 437 432
f 291 280 440
f 431 429 428
f 433 429 431
f 429 440 280
f 440 442 291
f 446 443 442
f 443 293 292
f 442 445 446
f 431 432 433
f 437 439 438
f 433 438 441
f 438 449 441
f 449 450 451
f 449 445 441
f 446 445 447
f 451 452 447
f 306 295 455
f 446 444 443
f 448 444 446
f 444 455 295
f 455 457 306
f 461 458 457
f 458 308 307
f 457 460 461
f 446 447 448
f 452 454 453
f 448 453 456
f 453 464 456
f 464 465 466
f 464 460 456
f 461 460 462
f 466 467 462
f 321 310 470
f 461 459 458
f 463 459 461
f 459 470 310
f 470 472 321
f 476 473 472
f 473 323 322
f 472 475 476
f 461 462 463
f 467 469 468
f 463 468 471
f 468 479 471
f 479 480 481
f 479 475 471
f 476 475 477
f 481 482 477
f 337 325 486
f 476 474 473
f 478 474 476
f 474 486 325
f 337 335 338
f 487 485 486
f 476 477 478
f 482 484 483
f 478 483 487
f 483 493 487
f 493 494 495
f 489 493 495
f 352 342 501
f 339 342 340
f 491 502 501
f 352 350 353
f 502 500 501
f 497 499 498
f 498 490 497
f 498 508 502
f 508 509 510
f 504 508 510
f 367 357 516
f 354 357 355
f 506 517 516
f 367 365 368
f 517 515 516
f 512 514 513
f 513 505 512
f 513 523 517
f 523 524 525
f 519 523 525
f 1284 1283 1289
f 1289 1285 1284
f 376 372 530
f 369 372 370
f 521 531 530
f 530 532 376
f 376 532 1283
f 532 533 534
f 527 529 528
f 528 520 527
f 528 536 531
f 536 537 538
f 536 533 531
f 534 533 535
f 538 539 535
f 1288 1299 1300
f 1300 1298 1288
f 1298 1303 1302
f 1342 1343 1300
f 1302 1303 1301
f 1346 1303 1343
f 534 1299 1289
f 534 1339 1299
f 1345 1340 1344
f 1340 1345 1342
f 1340 1339 1341
f 1342 1339 1340
f 1344 1340 1341
f 1346 1343 1347
f 1347 1348 1346
f 1347 1345 1353
f 535 539 1341
f 540 541 1344
f 1344 541 1350
f 1304 1346 1349
f 1358 1359 1357
f 1357 1359 1356
f 1357 1348 1355
f 1348 1357 1356
f 1355 1358 1357
f 1308 1317 1309
f 1318 1317 1308
f 1308 1316 1318
f 1320 1321 1316
f 1378 1318 1379
f 1319 1321 1320
f 1321 1381 1379
f 387 377 547
f 542 377 1309
f 1317 542 1309
f 542 547 377
f 387 386 388
f 548 546 547
f 1375 1374 1373
f 1376 1372 1373
f 1373 1372 1378
f 1378 1379 1380
f 1383 1382 1381
f 543 1372 1376
f 543 544 548
f 544 543 1376
f 544 554 548
f 554 555 556
f 550 554 556
f 1381 1323 1384
f 404 392 562
f 389 392 390
f 552 563 562
f 404 402 405
f 563 561 562
f 1381 1384 1383
f 558 560 559
f 559 551 558
f 559 569 563
f 569 570 571
f 565 569 571
f 419 409 577
f 406 409 407
f 567 578 577
f 419 417 420
f 578 576 577
f 573 575 574
f 574 566 573
f 574 584 578
f 584 585 586
f 580 584 586
f 435 424 591
f 421 424 422
f 582 592 591
f 591 593 435
f 597 594 593
f 594 437 436
f 593 596 597
f 588 590 589
f 589 581 588
f 589 600 592
f 600 601 602
f 600 596 592
f 597 596 598
f 602 603 598
f 450 439 606
f 597 595 594
f 599 595 597
f 595 606 439
f 606 608 450
f 612 609 608
f 609 452 451
f 608 611 612
f 597 598 599
f 603 605 604
f 599 604 607
f 604 615 607
f 615 616 617
f 615 611 607
f 612 611 613
f 617 618 613
f 465 454 621
f 612 610 609
f 614 610 612
f 610 621 454
f 621 623 465
f 627 624 623
f 624 467 466
f 623 626 627
f 612 613 614
f 618 620 619
f 614 619 622
f 619 630 622
f 630 631 632
f 630 626 622
f 627 626 628
f 632 633 628
f 480 469 636
f 627 625 624
f 629 625 627
f 625 636 469
f 636 638 480
f 642 639 638
f 639 482 481
f 638 641 642
f 627 628 629
f 633 635 634
f 629 634 637
f 634 645 637
f 645 646 647
f 645 641 637
f 642 641 643
f 647 648 643
f 494 484 652
f 642 640 639
f 644 640 642
f 640 652 484
f 494 492 495
f 653 651 652
f 642 643 644
f 648 650 649
f 644 649 653
f 649 659 653
f 659 660 661
f 655 659 661
f 509 499 667
f 496 499 497
f 657 668 667
f 509 507 510
f 668 666 667
f 663 665 664
f 664 656 663
f 664 674 668
f 674 675 676
f 670 674 676
f 524 514 682
f 511 514 512
f 672 683 682
f 524 522 525
f 683 681 682
f 678 680 679
f 679 671 678
f 679 688 683
f 688 689 690
f 685 688 690
f 537 529 694
f 526 529 527
f 687 695 694
f 694 696 537
f 700 697 696
f 697 539 538
f 696 699 700
f 691 693 692
f 692 686 691
f 692 702 695
f 702 703 704
f 702 699 695
f 700 699 701
f 704 705 701
f 1351 1403 1409
f 1360 1354 1412
f 1410 1354 1352
f 1412 1354 1410
f 541 540 706
f 700 698 697
f 698 706 540
f 698 1351 706
f 706 707 541
f 541 707 1350
f 1351 707 706
f 707 1352 1350
f 707 1351 1352
f 1405 1411 1409
f 1405 1403 1407
f 1409 1403 1405
f 1412 1410 1413
f 1419 1413 1420
f 1411 1416 1420
f 1413 1411 1420
f 705 1408 1407
f 701 705 1407
f 1360 1358 1355
f 1358 1360 1361
f 1359 1358 1361
f 1412 1414 1415
f 1374 1385 1377
f 1386 1385 1374
f 1387 1385 1386
f 1389 1393 1435
f 1432 1386 1388
f 555 545 710
f 708 545 1377
f 1385 708 1377
f 1385 1387 708
f 708 710 545
f 708 1387 710
f 555 553 556
f 1433 715 1387
f 1436 1433 1432
f 1435 1436 1432
f 1436 1435 1437
f 1440 1439 1434
f 1439 716 1434
f 709 715 712
f 715 1433 1434
f 1435 1393 1438
f 570 560 721
f 557 560 558
f 714 722 721
f 570 568 571
f 722 720 721
f 1445 1444 1443
f 1445 1443 1442
f 1437 1443 1441
f 1443 1437 1442
f 1443 1444 1441
f 717 719 718
f 718 713 717
f 718 727 722
f 727 728 729
f 724 727 729
f 585 575 734
f 572 575 573
f 726 735 734
f 585 583 586
f 735 733 734
f 730 732 731
f 731 725 730
f 731 741 735
f 741 742 743
f 737 741 743
f 601 590 748
f 587 590 588
f 739 749 748
f 748 750 601
f 754 751 750
f 751 603 602
f 750 753 754
f 745 747 746
f 746 738 745
f 746 757 749
f 757 758 759
f 757 753 749
f 754 753 755
f 759 760 755
f 616 605 763
f 754 752 751
f 756 752 754
f 752 763 605
f 763 765 616
f 769 766 765
f 766 618 617
f 765 768 769
f 754 755 756
f 760 762 761
f 756 761 764
f 761 772 764
f 772 773 774
f 772 768 764
f 769 768 770
f 774 775 770
f 631 620 778
f 769 767 766
f 771 767 769
f 767 778 620
f 778 780 631
f 784 781 780
f 781 633 632
f 780 783 784
f 769 770 771
f 775 777 776
f 771 776 779
f 776 787 779
f 787 788 789
f 787 783 779
f 784 783 785
f 789 790 785
f 646 635 793
f 784 782 781
f 786 782 784
f 782 793 635
f 793 795 646
f 799 796 795
f 796 648 647
f 795 798 799
f 784 785 786
f 790 792 791
f 786 791 794
f 791 803 794
f 803 804 805
f 803 798 794
f 799 798 800
f 805 807 800
f 660 650 811
f 799 797 796
f 801 797 799
f 797 811 650
f 660 658 661
f 812 810 811
f 799 800 801
f 807 809 808
f 801 808 812
f 808 818 812
f 818 819 820
f 814 818 820
f 675 665 826
f 662 665 663
f 816 827 826
f 675 673 676
f 827 825 826
f 822 824 823
f 823 815 822
f 823 832 827
f 832 833 834
f 829 832 834
f 689 680 837
f 677 680 678
f 831 838 837
f 837 839 689
f 843 840 839
f 840 691 690
f 839 842 843
f 1466 1472 1468
f 1467 1466 1468
f 1475 1477 1470
f 1475 1470 1469
f 836 830 835
f 844 836 1468
f 836 844 838
f 844 1468 1469
f 844 842 838
f 842 844 1469
f 1404 1471 1483
f 1483 1485 1404
f 703 693 845
f 843 841 840
f 841 845 693
f 841 1404 845
f 845 846 703
f 1404 846 845
f 848 847 846
f 847 705 704
f 1479 1480 1478
f 1483 1471 1478
f 1477 1479 1478
f 1484 1490 1486
f 1488 1486 1487
f 1485 1486 1488
f 1470 1471 843
f 848 1485 1488
f 1408 1417 1406
f 1406 1417 1418
f 1418 1416 1406
f 1419 1421 1422
f 1416 1421 1420
f 1498 1499 1418
f 1420 1421 1419
f 1408 705 847
f 848 1489 1417
f 1495 1487 1491
f 1501 1498 1495
f 1487 1489 1488
f 1498 1501 1499
f 1501 1500 1499
f 1488 1489 848
f 1440 1446 1439
f 1446 1440 1441
f 1439 849 716
f 1439 1446 849
f 849 717 716
f 1452 1451 1444
f 1453 1451 1452
f 1454 1456 1463
f 1454 1453 1452
f 1463 1456 1460
f 1455 1457 1456
f 728 719 851
f 1451 1453 850
f 850 851 719
f 850 1453 851
f 851 852 728
f 1453 852 851
f 853 730 729
f 852 1453 1454
f 1460 1464 1463
f 1507 1464 1460
f 1507 1508 1464
f 742 732 858
f 854 858 732
f 742 740 743
f 859 857 858
f 1518 1517 1512
f 1511 1507 1509
f 1513 1508 1512
f 1512 1517 1513
f 1519 1518 1514
f 1514 1520 1519
f 1519 1520 1527
f 1528 1519 1527
f 1528 1518 1519
f 855 1508 1513
f 1517 856 1513
f 855 856 859
f 856 855 1513
f 865 856 1517
f 856 865 859
f 861 865 866
f 758 747 871
f 744 747 745
f 863 872 871
f 871 873 758
f 877 874 873
f 874 760 759
f 873 876 877
f 868 870 869
f 869 862 868
f 869 881 872
f 881 882 883
f 881 876 872
f 877 876 878
f 883 885 878
f 773 762 888
f 877 875 874
f 879 875 877
f 875 888 762
f 888 890 773
f 894 891 890
f 891 775 774
f 890 893 894
f 877 878 879
f 885 887 886
f 879 886 889
f 886 897 889
f 897 898 899
f 897 893 889
f 894 893 895
f 899 900 895
f 788 777 903
f 894 892 891
f 896 892 894
f 892 903 777
f 903 905 788
f 909 906 905
f 906 790 789
f 905 908 909
f 894 895 896
f 900 902 901
f 896 901 904
f 901 912 904
f 912 913 914
f 912 908 904
f 909 908 910
f 914 915 910
f 804 792 919
f 909 907 906
f 911 907 909
f 907 919 792
f 804 802 805
f 920 918 919
f 909 910 911
f 915 917 916
f 911 916 920
f 916 925 920
f 925 926 927
f 922 925 927
f 819 809 932
f 806 809 807
f 924 933 932
f 819 817 820
f 933 931 932
f 928 930 929
f 929 923 928
f 929 938 933
f 938 939 940
f 935 938 940
f 833 824 944
f 821 824 822
f 937 945 944
f 944 946 833
f 949 947 946
f 947 835 834
f 946 948 949
f 1546 1548 1541
f 1543 1546 1540
f 1546 1541 1540
f 941 943 942
f 942 936 941
f 942 950 945
f 950 948 945
f 948 950 1540
f 1467 1473 1466
f 1466 1473 1474
f 1474 1472 1466
f 1481 1476 1557
f 1472 1476 1475
f 1554 1555 1474
f 1557 1476 1555
f 1467 835 947
f 949 1542 1473
f 1550 1551 1549
f 1554 1542 1549
f 1548 1550 1549
f 1554 1556 1555
f 1557 1558 1559
f 1541 1542 949
f 1481 1479 1477
f 1479 1481 1482
f 1480 1479 1482
f 1557 1559 1560
f 1529 1527 1530
f 1528 1534 1526
f 864 957 952
f 957 958 952
f 959 958 957
f 952 958 954
f 954 958 960
f 958 959 960
f 960 955 954
f 1529 1537 1534
f 1568 1537 1529
f 1568 1569 1537
f 882 870 963
f 867 870 868
f 1537 959 1534
f 1537 1569 959
f 956 964 963
f 882 880 883
f 964 962 963
f 1578 1577 1572
f 1571 1568 1570
f 1573 1569 1572
f 1572 1577 1573
f 1579 1578 1574
f 1574 1580 1579
f 1579 1580 1586
f 1587 1579 1586
f 1587 1578 1579
f 1577 961 1573
f 969 961 1577
f 961 969 964
f 966 969 970
f 898 887 974
f 884 887 885
f 968 975 974
f 974 976 898
f 980 977 976
f 977 900 899
f 976 979 980
f 971 973 972
f 972 967 971
f 972 983 975
f 983 984 985
f 983 979 975
f 980 979 981
f 985 986 981
f 913 902 988
f 980 978 977
f 982 978 980
f 978 988 902
f 988 990 913
f 994 991 990
f 991 915 914
f 990 993 994
f 1602 1611 1608
f 1606 1602 1608
f 1612 1616 1610
f 1612 1610 1609
f 980 981 982
f 982 987 989
f 996 987 1608
f 987 996 989
f 996 1608 1609
f 996 993 989
f 993 996 1609
f 926 917 998
f 994 992 991
f 995 992 994
f 992 998 917
f 998 1000 926
f 1004 1001 1000
f 1001 928 927
f 1000 1003 1004
f 1617 1625 1622
f 1610 1616 1621
f 1626 1630 1624
f 1626 1624 1623
f 1622 997 1621
f 995 997 999
f 997 995 1621
f 1006 997 1622
f 997 1006 999
f 1006 1622 1623
f 1006 1003 999
f 1003 1006 1623
f 939 930 1008
f 1004 1002 1001
f 1005 1002 1004
f 1002 1008 930
f 1008 1010 939
f 1014 1011 1010
f 1011 941 940
f 1010 1013 1014
f 1637 1639 1632
f 1624 1630 1636
f 1641 1639 1637
f 1637 1645 1641
f 1643 1641 1642
f 1638 1639 1640
f 1638 1007 1636
f 1005 1007 1009
f 1007 1005 1636
f 1015 1007 1638
f 1007 1015 1009
f 1015 1638 1640
f 1015 1013 1009
f 1013 1015 1640
f 1544 1644 1653
f 1552 1547 1656
f 1654 1547 1545
f 1656 1547 1654
f 951 943 1016
f 1014 1012 1011
f 1012 1016 943
f 1012 1544 1016
f 1016 1017 951
f 951 1017 1543
f 1544 1017 1016
f 1017 1545 1543
f 1017 1544 1545
f 1650 1642 1646
f 1655 1653 1650
f 1642 1644 1643
f 1653 1655 1654
f 1656 1657 1658
f 1643 1644 1014
f 1552 1550 1548
f 1550 1552 1553
f 1551 1550 1553
f 1656 1658 1659
f 1588 1586 1589
f 1587 1593 1585
f 1585 1018 970
f 1585 1593 1018
f 1018 971 970
f 1588 1594 1593
f 1590 1588 1589
f 1595 1590 1598
f 1596 1594 1595
f 1597 1599 1607
f 1597 1596 1595
f 1607 1599 1603
f 1598 1600 1599
f 984 973 1020
f 1594 1596 1019
f 1019 1020 973
f 1019 1596 1020
f 1020 1021 984
f 1596 1021 1020
f 1022 986 985
f 1021 1596 1597
f 1605 1603 1604
f 1602 1603 1605
f 1613 1614 1611
f 1611 1614 1612
f 1613 1615 1614
f 1606 986 1022
f 1606 1022 1607
f 1618 1617 1616
f 1620 1618 1619
f 1617 1618 1620
f 1627 1628 1625
f 1625 1628 1626
f 1627 1629 1628
f 1633 1631 1630
f 1635 1633 1634
f 1631 1633 1635
f 1632 1631 1635
f 1683 1692 1690
f 1691 1682 1688
f 1690 1692 1693
f 1693 1695 1690
f 1693 1692 1699
f 1688 1053 1691
f 1053 1062 1691
f 1691 1062 1698
f 1696 1694 1702
f 1703 1704 1702
f 1703 1694 1701
f 1694 1703 1702
f 1710 1709 1708
f 1706 1066 1708
f 1066 1073 1708
f 1708 1073 1710
f 1097 1085 1096
f 1096 1085 1089
f 1098 1097 1096
f 1094 1096 1089
f 1098 1096 1094
f 1103 1104 1102
f 1103 1095 1099
f 1102 1095 1103
f 1103 1101 1104
f 1099 1101 1103
f 1130 1118 1129
f 1129 1118 1124
f 1131 1130 1129
f 1126 1129 1124
f 1131 1129 1126
f 1029 1035 1134
f 1134 1128 1029
f 1135 1128 1134
f 1137 1136 1037
f 1140 1136 1137
f 1040 1137 1037
f 1140 1139 1136
f 1737 1745 1730
f 1737 1730 1735
f 1742 1746 1739
f 1747 1738 1740
f 1132 1127 1133
f 1141 1737 1133
f 1133 1135 1141
f 1737 1141 1738
f 1135 1139 1141
f 1738 1141 1139
f 1754 1741 1678
f 1679 1680 1755
f 1689 1680 1679
f 1684 1680 1689
f 1041 1047 1142
f 1040 1138 1137
f 1137 1138 1140
f 1138 1142 1678
f 1144 1143 1049
f 1678 1142 1143
f 1051 1144 1049
f 1143 1679 1678
f 1742 1739 1753
f 1757 1753 1754
f 1740 1741 1739
f 1754 1755 1757
f 1756 1757 1755
f 1140 1741 1740
f 1685 1684 1686
f 1684 1682 1686
f 1682 1683 1686
f 1699 1698 1707
f 1707 1701 1699
f 1688 1689 1144
f 1051 1052 1053
f 1061 1062 1059
f 1707 1698 1145
f 1064 1145 1061
f 1706 1701 1707
f 1704 1709 1711
f 1709 1712 1711
f 1715 1712 1719
f 1712 1713 1711
f 1706 1707 1145
f 1064 1065 1066
f 1072 1073 1071
f 1719 1710 1153
f 1074 1153 1072
f 1719 1720 1715
f 1716 1715 1717
f 1721 1723 1717
f 1720 1722 1721
f 1762 1723 1721
f 1763 1723 1762
f 1074 1154 1153
f 1722 1720 1154
f 1074 1152 1154
f 1159 1164 1722
f 1722 1164 1764
f 1764 1765 1762
f 1766 1765 1767
f 1765 1764 1767
f 1155 1159 1152
f 1155 1158 1159
f 1164 1163 1165
f 1769 1766 1775
f 1776 1777 1775
f 1766 1776 1775
f 1780 1776 1778
f 1783 1782 1780
f 1778 1767 1165
f 1165 1172 1778
f 1173 1178 1780
f 1780 1178 1783
f 1184 1192 1188
f 1195 1185 1087
f 1196 1185 1195
f 1097 1197 1195
f 1201 1197 1198
f 1098 1102 1198
f 1201 1200 1197
f 1797 1800 1794
f 1801 1799 1793
f 1801 1793 1795
f 1193 1194 1192
f 1192 1184 1193
f 1193 1196 1202
f 1196 1200 1202
f 1793 1202 1200
f 1807 1796 1725
f 1725 1810 1807
f 1198 1199 1201
f 1199 1104 1204
f 1199 1204 1725
f 1206 1205 1114
f 1725 1204 1205
f 1208 1205 1206
f 1120 1206 1114
f 1797 1794 1802
f 1808 1802 1807
f 1795 1796 1794
f 1811 1815 1808
f 1812 1811 1813
f 1811 1810 1813
f 1201 1796 1795
f 1813 1810 1208
f 1823 1814 1726
f 1727 1728 1824
f 1736 1728 1727
f 1731 1728 1736
f 1120 1207 1206
f 1206 1207 1208
f 1207 1209 1726
f 1130 1210 1209
f 1726 1209 1210
f 1131 1132 1211
f 1210 1727 1726
f 1816 1812 1822
f 1826 1822 1823
f 1813 1814 1812
f 1823 1824 1826
f 1825 1826 1824
f 1208 1814 1813
f 1732 1731 1733
f 1731 1730 1733
f 1750 1749 1746
f 1745 1749 1748
f 1747 1749 1745
f 1746 1749 1747
f 1749 1750 1748
f 1735 1211 1132
f 1735 1736 1211
f 1170 1172 1167
f 1777 1782 1784
f 1782 1785 1784
f 1789 1785 1791
f 1785 1786 1784
f 1170 1173 1172
f 1170 1171 1173
f 1178 1222 1783
f 1217 1223 1222
f 1222 1223 1224
f 1221 1223 1217
f 1223 1221 1225
f 1224 1223 1225
f 1791 1792 1789
f 1789 1792 1830
f 1792 1831 1830
f 1224 1792 1791
f 1224 1831 1792
f 1841 1836 1840
f 1830 1835 1832
f 1836 1831 1837
f 1840 1836 1837
f 1838 1841 1842
f 1842 1843 1838
f 1847 1843 1842
f 1847 1842 1848
f 1842 1841 1848
f 1225 1232 1837
f 1233 1240 1840
f 1840 1240 1846
f 1188 1192 1191
f 1803 1800 1804
f 1801 1806 1799
f 1203 1257 1194
f 1192 1194 1191
f 1258 1248 1257
f 1203 1262 1257
f 1799 1262 1203
f 1264 1263 1262
f 1870 1876 1867
f 1867 1876 1878
f 1252 1248 1258
f 1256 1252 1258
f 1261 1263 1265
f 1263 1264 1265
f 1803 1821 1806
f 1868 1821 1803
f 1868 1869 1821
f 1821 1264 1806
f 1821 1869 1264
f 1867 1869 1868
f 1882 1881 1878
f 1882 1273 1881
f 1265 1881 1273
f 1230 1232 1227
f 1847 1849 1850
f 1848 1846 1854
f 1230 1233 1232
f 1230 1231 1233
f 1239 1240 1238
f 1854 1846 1281
f 1241 1281 1239
f 1854 1855 1849
f 1850 1849 1851
f 1856 1859 1851
f 1855 1857 1856
f 1865 1860 1858
f 1857 1858 1856
f 1863 1860 1865
f 1860 1861 1859
f 1241 1282 1281
f 1857 1855 1282
f 1241 1280 1282
f 1291 1295 1857
f 1865 1858 1296
f 1286 1291 1280
f 1286 1290 1291
f 1295 1294 1297
f 1296 1295 1297
f 1865 1866 1863
f 1863 1866 1884
f 1866 1885 1884
f 1296 1866 1865
f 1296 1885 1866
f 1895 1890 1894
f 1884 1889 1886
f 1890 1885 1891
f 1894 1890 1891
f 1892 1895 1896
f 1896 1897 1892
f 1901 1897 1896
f 1901 1896 1902
f 1896 1895 1902
f 1297 1305 1891
f 1306 1307 1894
f 1894 1307 1900
f 1315 1324 1319
f 1879 1876 1880
f 1876 1879 1878
f 1269 1273 1272
f 1918 1927 1914
f 1928 1925 1913
f 1928 1913 1915
f 1325 1326 1324
f 1325 1315 1322
f 1324 1315 1325
f 1331 1337 1329
f 1915 1913 1335
f 1332 1335 1331
f 1916 1883 1879
f 1916 1917 1883
f 1883 1334 1882
f 1334 1333 1272
f 1334 1336 1333
f 1915 1917 1914
f 1914 1917 1916
f 1336 1332 1333
f 1335 1332 1336
f 1304 1305 1301
f 1901 1903 1904
f 1902 1900 1906
f 1307 1306 1362
f 1304 1306 1305
f 1349 1363 1362
f 1362 1364 1307
f 1307 1364 1900
f 1364 1365 1366
f 1356 1363 1349
f 1368 1359 1369
f 1368 1369 1370
f 1368 1365 1363
f 1366 1365 1367
f 1370 1371 1367
f 1906 1907 1903
f 1903 1907 1933
f 1907 1934 1933
f 1366 1907 1906
f 1366 1934 1907
f 1941 1940 1939
f 1933 1938 1935
f 1939 1940 1938
f 1939 1934 1945
f 1371 1946 1945
f 1367 1371 1945
f 1319 1324 1323
f 1391 1375 1390
f 1390 1375 1380
f 1392 1391 1390
f 1382 1390 1380
f 1392 1390 1382
f 1930 1929 1927
f 1926 1929 1955
f 1955 1960 1926
f 1927 1929 1928
f 1338 1397 1326
f 1324 1326 1323
f 1398 1384 1397
f 1338 1399 1397
f 1925 1399 1338
f 1925 1926 1399
f 1952 1963 1961
f 1952 1961 1957
f 1956 1957 1955
f 1960 1961 1962
f 1395 1396 1394
f 1394 1383 1395
f 1395 1398 1401
f 1398 1400 1401
f 1962 1401 1400
f 1400 1960 1962
f 1419 1423 1414
f 1361 1415 1425
f 1415 1426 1425
f 1425 1427 1369
f 1430 1428 1427
f 1428 1371 1370
f 1427 1429 1430
f 1967 1980 1970
f 1969 1967 1970
f 1982 1976 1972
f 1983 1973 1971
f 1424 1414 1423
f 1431 1424 1970
f 1424 1431 1426
f 1431 1970 1971
f 1431 1429 1426
f 1429 1431 1971
f 1946 1947 1941
f 1974 1977 1942
f 1942 1940 1941
f 1947 1975 1974
f 1946 1371 1428
f 1430 1975 1947
f 1972 1975 1973
f 1974 1975 1972
f 1973 1975 1430
f 1388 1375 1391
f 1391 1389 1388
f 1389 1391 1392
f 1966 1963 1952
f 1963 1965 1964
f 1989 1992 1965
f 1990 1989 1966
f 1402 1447 1396
f 1394 1396 1393
f 1448 1438 1447
f 1402 1449 1447
f 1964 1449 1402
f 1964 1965 1449
f 1994 1992 1989
f 1994 1995 1998
f 1999 1994 1998
f 1999 1997 1993
f 1442 1438 1448
f 1459 1445 1458
f 1448 1450 1458
f 1993 1458 1450
f 1450 1992 1993
f 2001 2009 2008
f 2006 2001 2008
f 2008 2009 2010
f 2008 1462 2006
f 1465 1462 2008
f 2010 1465 2008
f 2027 2024 2023
f 2027 2023 2030
f 1492 1480 1493
f 1484 1480 1492
f 1492 1493 1494
f 1490 1484 1492
f 1490 1492 1494
f 1500 1502 1422
f 1422 1502 1503
f 1500 1504 1502
f 1505 1503 1502
f 1502 1504 1505
f 2039 2038 2032
f 2031 2023 2024
f 2023 2032 2030
f 2032 2023 2031
f 2041 2039 2037
f 2037 2046 2041
f 2043 2041 2042
f 2038 2039 2040
f 1495 1491 1497
f 1497 1491 1496
f 1506 1497 2038
f 1506 2038 2040
f 1504 1506 2040
f 1969 1981 1967
f 2044 2048 1968
f 1981 2045 2044
f 1982 1985 1986
f 1984 1985 1980
f 1980 1985 1983
f 1983 1985 1982
f 1984 1986 1985
f 1969 1423 1503
f 1505 2045 1981
f 2042 2045 2043
f 2044 2045 2042
f 2043 2045 1505
f 2002 1998 2003
f 1999 2007 1997
f 1455 1445 1459
f 1459 1457 1455
f 1997 2007 1510
f 1510 1461 1457
f 2004 2002 2003
f 2001 2002 2004
f 2011 2012 2009
f 2018 2012 2015
f 2011 2013 2012
f 1465 1515 1462
f 2006 1510 2007
f 1516 1509 1515
f 1465 1521 1515
f 2010 1521 1465
f 1523 1522 1521
f 1511 1509 1516
f 1514 1511 1516
f 1520 1522 1524
f 1522 1523 1524
f 2015 2019 2018
f 2017 2015 2016
f 2020 2017 2022
f 2021 2019 2020
f 2058 2020 2022
f 2059 2058 2022
f 2019 1523 2018
f 1535 1525 2021
f 2021 1536 1535
f 2061 1536 2021
f 2063 2061 2058
f 2063 2064 2068
f 2069 2063 2068
f 2069 2067 2062
f 1523 1525 1524
f 1532 1533 1531
f 1532 1525 1535
f 1532 1535 1538
f 1535 1536 1538
f 2062 1538 1536
f 1536 2061 2062
f 2083 2079 2076
f 2080 2084 2075
f 2084 2077 2075
f 1563 1551 1564
f 1556 1551 1563
f 1558 1556 1563
f 2077 1561 2075
f 1561 1559 1558
f 2025 2078 2090
f 2027 2028 2029
f 2091 2028 2026
f 2026 2028 2036
f 1562 2078 2025
f 1482 1560 1565
f 1565 1566 1493
f 2025 1566 1565
f 1567 1496 1494
f 1566 2025 2026
f 2087 2076 2079
f 2093 2090 2087
f 2076 2078 2077
f 2090 2093 2091
f 2093 2092 2091
f 1560 1559 1562
f 1562 1559 1561
f 2035 2036 2030
f 2035 1496 1567
f 2035 1567 2036
f 1527 1531 1530
f 2070 2068 2071
f 2069 2073 2067
f 1539 1575 1533
f 1531 1533 1530
f 1576 1570 1575
f 1539 1581 1575
f 2067 1581 1539
f 1583 1582 1581
f 1571 1570 1576
f 1574 1571 1576
f 1580 1582 1584
f 1582 1583 1584
f 2070 2074 2073
f 2098 2074 2070
f 2098 2099 2074
f 2074 1583 2073
f 2074 2099 1583
f 2102 2098 2100
f 2104 2103 2102
f 2105 2099 2103
f 2103 2107 2105
f 2107 2109 2110
f 1584 2105 1591
f 1601 1592 2107
f 2110 1601 2107
f 1647 1632 1648
f 1637 1632 1647
f 1647 1648 1649
f 1645 1637 1647
f 1645 1647 1649
f 2139 2151 2145
f 2143 2139 2145
f 2152 2150 2147
f 2153 2148 2146
f 1650 1646 1652
f 1652 1646 1651
f 1662 1652 2145
f 1662 2145 2146
f 1657 1655 1662
f 2148 1660 2146
f 1660 1658 1657
f 2081 2149 2160
f 2083 2085 2086
f 2161 2085 2082
f 2084 2085 2083
f 1661 2149 2081
f 1553 1659 1663
f 1663 1664 1564
f 1564 1664 2080
f 2081 1664 1663
f 1664 2082 2080
f 1664 2081 2082
f 2157 2147 2150
f 2163 2160 2157
f 2147 2149 2148
f 2160 2163 2161
f 2163 2162 2161
f 1659 1658 1661
f 1661 1658 1660
f 1586 1591 1589
f 2111 2109 2104
f 2111 2112 2109
f 2118 2112 2116
f 2111 2113 2112
f 1591 1592 1589
f 1590 1589 1592
f 1601 1600 1598
f 2110 2118 1665
f 1665 1604 1600
f 2116 2119 2118
f 2168 2119 2116
f 2123 2122 2179
f 2177 2122 2121
f 2121 2122 2124
f 2124 2122 2123
f 2179 2122 2177
f 1613 1605 1667
f 1666 1604 1665
f 2119 2120 1666
f 1666 2120 1667
f 1615 1668 1669
f 2120 1668 1667
f 1669 1619 1615
f 1668 2120 2121
f 2174 2168 2169
f 2178 2176 2174
f 2176 2168 2174
f 2176 2178 2177
f 2179 2181 2182
f 2123 2125 2124
f 2180 2123 2179
f 2180 2125 2123
f 2129 2128 2190
f 2188 2128 2127
f 2127 2128 2131
f 2131 2128 2129
f 2190 2128 2188
f 1627 1620 1671
f 1670 1619 1669
f 2125 2126 1670
f 1670 2126 1671
f 1629 1672 1673
f 2126 1672 1671
f 1673 1634 1629
f 1672 2126 2127
f 2189 2187 2185
f 2187 2180 2185
f 2187 2189 2188
f 2190 2191 2192
f 2129 2132 2131
f 2133 2130 2136
f 2134 2132 2133
f 2135 2137 2144
f 2135 2134 2133
f 2144 2137 2140
f 2136 2138 2137
f 1674 1634 1673
f 2132 2134 1674
f 1674 2134 1675
f 1675 1676 1648
f 2134 1676 1675
f 1677 1651 1649
f 1676 2134 2135
f 2190 2192 2193
f 2142 2140 2141
f 2139 2140 2142
f 2152 2155 2156
f 2154 2155 2151
f 2151 2155 2153
f 2153 2155 2152
f 2154 2156 2155
f 2143 1651 1677
f 2143 1677 2144
f 2207 2213 2206
f 2206 2213 2219
f 2227 2221 2226
f 2207 2206 2220
f 2221 2206 2219
f 2206 2221 2220
f 2224 2227 2229
f 2229 2232 2224
f 2230 2229 2231
f 2226 2228 2227
f 2222 1687 2226
f 1700 1683 1690
f 2226 1700 2228
f 1695 1700 1690
f 2231 2228 1697
f 1696 1697 1695
f 2243 2238 2242
f 2233 2230 2237
f 2230 2238 2237
f 2242 2238 2239
f 2240 2243 2244
f 2244 2245 2240
f 2249 2245 2244
f 2249 2244 2250
f 2244 2243 2250
f 2239 2231 1697
f 2242 2239 1705
f 1705 1696 1702
f 1702 1704 1705
f 2242 1714 2248
f 2259 2260 2251
f 2259 2251 2257
f 2261 2260 2259
f 2257 1718 2259
f 1718 1724 2259
f 2259 1724 2261
f 2292 2301 2299
f 2300 2291 2297
f 2299 2301 2303
f 2303 2308 2299
f 2304 2303 2305
f 2300 2302 2301
f 2297 1734 2300
f 1734 1751 2300
f 2302 1752 1743
f 2305 2302 1743
f 2306 2204 2310
f 2306 2210 2204
f 2210 2214 2204
f 2216 2215 2213
f 2223 2215 2212
f 2211 2212 2210
f 2215 2216 2214
f 2211 2307 1744
f 2211 1744 1758
f 1681 1759 1756
f 1760 1759 1681
f 1685 1760 1681
f 1759 2212 2211
f 2305 2307 2304
f 2304 2307 2306
f 1743 1742 1744
f 1753 1757 1758
f 1756 1758 1757
f 2222 2219 2223
f 1686 1683 1687
f 2222 2223 1760
f 1685 1686 1687
f 2249 2252 2253
f 2250 2248 2258
f 1714 1704 1711
f 1713 1714 1711
f 2258 2248 1761
f 1716 1761 1713
f 2253 2252 2254
f 2252 2251 2254
f 2260 2263 2262
f 2266 2263 2268
f 2263 2264 2262
f 2257 2258 1761
f 1716 1717 1718
f 1724 1770 2261
f 1763 1771 1770
f 1770 1771 1772
f 1768 1771 1763
f 1771 1768 1773
f 1772 1771 1773
f 1769 1773 1768
f 2268 2269 2266
f 2266 2269 2315
f 2270 2323 2320
f 1772 2269 2268
f 2270 1774 1779
f 1779 1781 2270
f 2270 1781 2323
f 2315 2319 2316
f 2321 2319 2320
f 2320 2319 2315
f 2325 2326 2321
f 2330 2326 2325
f 2330 2325 2331
f 2329 2331 2324
f 1772 1773 1774
f 1773 1769 1774
f 1787 1777 1788
f 1787 1781 1779
f 1781 1787 2324
f 2324 2323 1781
f 2348 2369 2356
f 2348 2356 2354
f 2354 2356 2357
f 2357 2361 2354
f 2356 2369 2372
f 2357 2356 2372
f 1797 1805 1800
f 2359 2271 2363
f 2359 2273 2271
f 2273 2276 2271
f 2283 2277 2275
f 2274 2275 2273
f 2280 2277 2283
f 2277 2278 2276
f 2274 2360 1798
f 2274 1798 1809
f 1809 1817 2274
f 2283 2275 1818
f 2358 2360 2359
f 2375 2374 2373
f 1798 2360 2374
f 2375 1805 2374
f 1802 1808 1809
f 1817 1815 1819
f 1818 1817 1819
f 1816 1819 1815
f 2283 2284 2280
f 2281 2280 2282
f 2285 2288 2282
f 2284 2286 2285
f 2298 2289 2287
f 2286 2287 2285
f 2293 2289 2298
f 2289 2290 2288
f 1818 2284 2283
f 2286 1820 1827
f 1729 1828 1825
f 1829 1828 1729
f 1732 1829 1729
f 1828 2287 2286
f 1818 1819 1820
f 1819 1816 1820
f 1822 1826 1827
f 1825 1827 1826
f 2294 2293 2295
f 2293 2291 2295
f 2291 2292 2295
f 2297 2298 1829
f 1732 1733 1734
f 1750 1751 1748
f 1751 1750 1752
f 1752 1750 1746
f 2330 2332 2333
f 2331 2329 2336
f 1788 1777 1784
f 1786 1788 1784
f 2336 2329 1833
f 1790 1833 1786
f 2336 2337 2332
f 2333 2332 2334
f 2338 2340 2334
f 2337 2339 2338
f 2383 2340 2338
f 2384 2340 2383
f 1790 1834 1833
f 2339 2337 1834
f 1790 1832 1834
f 1839 1844 2339
f 2339 1844 2386
f 2386 2387 2383
f 2392 2389 2387
f 2387 2386 2388
f 1835 1839 1832
f 1835 1838 1839
f 1844 1843 1845
f 2400 2401 2394
f 2388 2399 2393
f 2402 2401 2400
f 2399 2388 1845
f 1845 1852 2399
f 1853 1862 2400
f 2400 1862 2402
f 2345 2426 2349
f 2426 2345 2421
f 2415 2430 2425
f 2415 2425 2422
f 2422 2425 2427
f 2427 2428 2426
f 2425 2430 2433
f 2427 2425 2433
f 2429 2370 2350
f 2429 2438 2370
f 2371 2369 2370
f 2376 2373 2372
f 2376 2371 1873
f 1800 1805 1804
f 2439 1873 2371
f 2426 2428 2429
f 2435 2440 2438
f 2435 2428 2434
f 2434 2436 2435
f 2438 2440 2439
f 2439 2440 2441
f 2443 1877 2441
f 2441 1877 1874
f 2375 2373 2376
f 1875 1872 1873
f 1872 1871 1804
f 1872 1875 1871
f 1873 1874 1875
f 1875 1870 1871
f 1874 1870 1875
f 2392 2395 2396
f 2395 2392 2393
f 1850 1852 1847
f 2394 2395 2393
f 2396 2395 2397
f 2395 2394 2397
f 2450 2404 2405
f 2401 2404 2403
f 2405 2404 2406
f 1850 1853 1852
f 1850 1851 1853
f 1861 1862 1859
f 2406 2402 1887
f 1864 1887 1861
f 2450 2452 2448
f 2453 2452 2450
f 2406 2407 2405
f 2450 2405 2451
f 2405 2407 2451
f 2408 2460 2458
f 1864 1888 1887
f 2408 2407 1888
f 1864 1886 1888
f 1893 1898 2408
f 2408 1898 2460
f 2459 2456 2458
f 2458 2456 2451
f 2461 2463 2459
f 2464 2463 2461
f 2461 2460 2462
f 1889 1893 1886
f 1889 1892 1893
f 1898 1897 1899
f 2462 2470 2468
f 2471 2468 2470
f 2470 2462 1899
f 1905 2471 2470
f 1899 1905 2470
f 2413 2475 2416
f 2475 2413 2474
f 2474 2478 2475
f 2476 2481 2485
f 2477 2431 2417
f 2477 2489 2431
f 2432 2430 2431
f 2437 2434 2433
f 2437 2432 1908
f 2490 1908 2432
f 2475 2476 2477
f 2486 2491 2489
f 2486 2476 2485
f 2485 2487 2486
f 2489 2491 2490
f 2490 2491 2492
f 2495 1910 2492
f 2492 1910 1909
f 1910 1911 1909
f 2436 2444 2445
f 2445 2442 2436
f 2446 2442 2445
f 2442 2446 2443
f 1908 2444 2437
f 1908 2493 2444
f 2443 1920 1877
f 2501 1922 2446
f 2503 2498 2502
f 2498 2503 2500
f 2498 2493 2499
f 2500 2493 2498
f 2502 2498 2499
f 2500 2503 2501
f 2502 2504 2503
f 2501 2503 2504
f 1909 1911 2499
f 1912 1931 2502
f 2504 1932 1923
f 1921 1880 1920
f 1922 1921 1920
f 1924 1921 1922
f 1921 1919 1880
f 1921 1924 1919
f 1922 1923 1924
f 1924 1918 1919
f 1923 1918 1924
f 2469 2464 2468
f 2505 2465 2506
f 1904 1905 1901
f 2506 2510 2505
f 2513 2507 2516
f 2506 2469 2508
f 2469 2472 2508
f 2472 2509 2508
f 2471 1936 2472
f 1904 1935 1936
f 1935 1937 1936
f 2508 2507 2506
f 2508 2509 2507
f 2519 2516 2518
f 2518 2509 1937
f 1937 1943 2518
f 1940 1944 1943
f 1940 1943 1938
f 2481 2488 2485
f 2527 2482 2524
f 2524 2530 2527
f 2528 2531 2534
f 2488 2487 2485
f 2529 2488 2527
f 2496 2494 2487
f 2529 2539 2496
f 2497 2494 2496
f 2494 2497 2495
f 2495 1948 1910
f 1948 1911 1910
f 2540 1950 2497
f 2527 2528 2529
f 2535 2541 2539
f 2535 2528 2534
f 2534 2536 2535
f 2539 2541 2540
f 2545 2547 2542
f 2541 2543 2545
f 1950 2540 2542
f 1931 1912 1958
f 1950 1949 1948
f 1951 1949 1950
f 1949 1958 1912
f 1931 1930 1932
f 1959 1956 1958
f 1932 1930 1927
f 2542 2547 2549
f 2550 2549 2547
f 1951 1953 1959
f 1953 1951 2549
f 1954 1952 1953
f 1956 1959 1957
f 2517 2513 2516
f 2558 2514 2561
f 2560 2568 2554
f 2559 2560 2554
f 2562 2560 2559
f 2562 2561 2563
f 2572 2568 2560
f 2572 2560 2562
f 1982 1987 1976
f 2561 2517 2564
f 2517 2520 2564
f 2520 2565 2564
f 1944 1940 1942
f 2519 1944 1978
f 2519 1978 2520
f 1977 1979 1978
f 2564 2563 2561
f 2564 2565 2563
f 2576 2574 2575
f 2575 2565 1979
f 1987 2576 2575
f 1977 1976 1979
f 2537 2531 2538
f 2531 2537 2534
f 2537 2536 2534
f 2544 2543 2536
f 2578 2586 2544
f 2548 2546 2589
f 2543 2546 2545
f 2586 2587 2544
f 2589 2546 2587
f 2584 2578 2579
f 2588 2586 2584
f 2586 2578 2584
f 2586 2588 2587
f 2589 2591 2592
f 2590 2548 2589
f 2590 2551 2548
f 2600 2601 2552
f 1988 1954 2550
f 2551 1988 2550
f 2551 2552 1988
f 1988 1991 1954
f 1988 2552 1991
f 1990 1966 1991
f 2601 1996 2552
f 2596 2604 2602
f 2600 2590 2595
f 2600 2602 2601
f 2601 2602 2603
f 2605 2000 2603
f 1990 1996 1995
f 1996 2601 2603
f 1998 1995 2000
f 2608 2614 2613
f 2611 2608 2613
f 2613 2614 2615
f 2613 2005 2611
f 2014 2005 2613
f 2615 2014 2613
f 2027 2033 2024
f 2553 2555 2638
f 2633 2553 2638
f 2634 2636 2626
f 2631 2625 2635
f 2639 2636 2634
f 2639 2638 2640
f 2641 2639 2640
f 2635 2636 2637
f 2031 2024 2034
f 2034 2024 2033
f 2051 2034 2635
f 2051 2635 2637
f 2046 2037 2051
f 2641 2049 2637
f 2049 2047 2046
f 2642 2556 2569
f 2568 2571 2569
f 2571 2570 2569
f 2577 2572 2574
f 1984 1968 2052
f 2050 2643 2570
f 1968 2048 2052
f 1986 2053 2054
f 2570 2053 2052
f 2053 2570 2571
f 2642 2640 2638
f 2640 2643 2641
f 2642 2643 2640
f 2048 2047 2050
f 2050 2047 2049
f 2576 2577 2574
f 2576 1987 2054
f 2576 2054 2577
f 2606 2604 2596
f 2609 2607 2656
f 2606 2607 2604
f 2612 2607 2609
f 2605 2055 2000
f 2605 2612 2055
f 2653 2657 2656
f 2656 2657 2658
f 2608 2609 2610
f 2618 2617 2665
f 2616 2617 2614
f 2619 2617 2618
f 2611 2055 2612
f 2004 2003 2005
f 2014 2013 2011
f 2615 2619 2056
f 2056 2016 2013
f 2656 2658 2659
f 2663 2667 2665
f 2665 2667 2668
f 2618 2620 2619
f 2666 2618 2665
f 2666 2620 2618
f 2673 2675 2621
f 2022 2017 2060
f 2057 2016 2056
f 2620 2621 2057
f 2057 2621 2060
f 2059 2022 2060
f 2675 2065 2621
f 2674 2673 2671
f 2673 2666 2671
f 2674 2678 2676
f 2676 2678 2679
f 2675 2676 2677
f 2059 2065 2064
f 2064 2065 2066
f 2677 2682 2685
f 2686 2685 2682
f 2677 2685 2066
f 2686 2072 2685
f 2066 2685 2072
f 2083 2088 2079
f 2700 2623 2622
f 2622 2623 2632
f 2622 2703 2700
f 2632 2623 2627
f 2092 2094 2029
f 2029 2094 2095
f 2092 2096 2094
f 2702 2705 2693
f 2698 2692 2704
f 2702 2701 2700
f 2704 2705 2706
f 2706 2705 2703
f 2087 2079 2089
f 2089 2079 2088
f 2097 2089 2704
f 2097 2704 2706
f 2096 2097 2706
f 2706 2703 2096
f 2629 2627 2628
f 2625 2627 2629
f 2626 2625 2629
f 2631 2033 2095
f 2631 2095 2632
f 2683 2679 2684
f 2679 2683 2682
f 2068 2072 2071
f 2712 2687 2683
f 2722 2723 2688
f 2687 2101 2686
f 2687 2688 2101
f 2101 2100 2071
f 2688 2108 2106
f 2723 2108 2688
f 2719 2726 2724
f 2718 2712 2713
f 2722 2712 2718
f 2722 2724 2723
f 2723 2724 2725
f 2102 2100 2106
f 2115 2104 2114
f 2106 2108 2114
f 2725 2114 2108
f 2108 2723 2725
f 2152 2158 2150
f 2751 2690 2689
f 2689 2690 2699
f 2689 2754 2751
f 2699 2690 2694
f 2162 2164 2086
f 2086 2164 2165
f 2162 2166 2164
f 2753 2756 2744
f 2749 2743 2755
f 2753 2752 2751
f 2755 2756 2757
f 2757 2756 2754
f 2157 2150 2159
f 2159 2150 2158
f 2167 2159 2755
f 2167 2755 2757
f 2166 2167 2757
f 2757 2754 2166
f 2696 2694 2695
f 2692 2694 2696
f 2693 2692 2696
f 2698 2088 2165
f 2698 2165 2699
f 2729 2726 2719
f 2726 2728 2727
f 2764 2767 2728
f 2765 2764 2729
f 2111 2104 2115
f 2115 2113 2111
f 2170 2117 2113
f 2767 2172 2728
f 2768 2767 2764
f 2768 2770 2772
f 2767 2768 2769
f 2172 2767 2769
f 2171 2117 2170
f 2172 2171 2170
f 2173 2171 2172
f 2171 2169 2117
f 2171 2173 2169
f 2775 2786 2781
f 2769 2774 2780
f 2787 2785 2783
f 2788 2784 2782
f 2781 2175 2780
f 2175 2173 2780
f 2184 2175 2781
f 2184 2781 2782
f 2181 2178 2184
f 2784 2183 2782
f 2183 2182 2181
f 2800 2799 2794
f 2793 2783 2785
f 2794 2783 2793
f 2794 2799 2797
f 2802 2800 2798
f 2798 2806 2802
f 2804 2802 2803
f 2799 2800 2801
f 2784 2797 2183
f 2799 2186 2797
f 2185 2182 2186
f 2196 2186 2799
f 2196 2799 2801
f 2191 2189 2196
f 2804 2194 2801
f 2194 2192 2191
f 2730 2805 2812
f 2733 2732 2816
f 2813 2732 2731
f 2731 2732 2735
f 2735 2732 2733
f 2816 2732 2813
f 2136 2130 2197
f 2195 2805 2730
f 2130 2193 2197
f 2138 2198 2199
f 2730 2198 2197
f 2199 2141 2138
f 2198 2730 2731
f 2811 2803 2807
f 2814 2812 2811
f 2803 2805 2804
f 2812 2814 2813
f 2816 2817 2818
f 2193 2192 2195
f 2195 2192 2194
f 2733 2736 2735
f 2737 2734 2740
f 2738 2736 2737
f 2739 2741 2750
f 2739 2738 2737
f 2750 2741 2745
f 2740 2742 2741
f 2154 2142 2201
f 2200 2141 2199
f 2736 2738 2200
f 2200 2738 2201
f 2156 2202 2203
f 2738 2202 2201
f 2202 2738 2739
f 2816 2818 2819
f 2747 2745 2746
f 2743 2745 2747
f 2744 2743 2747
f 2749 2158 2203
f 2749 2203 2750
f 2776 2772 2777
f 2772 2776 2774
f 2776 2775 2774
f 2778 2776 2777
f 2775 2776 2778
f 2787 2790 2791
f 2789 2790 2786
f 2786 2790 2788
f 2788 2790 2787
f 2789 2791 2790
f 2836 2845 2842
f 2844 2835 2841
f 2842 2845 2847
f 2847 2852 2842
f 2848 2847 2849
f 2844 2846 2845
f 2841 2205 2844
f 2205 2217 2844
f 2846 2218 2208
f 2849 2846 2208
f 2850 2828 2854
f 2850 2829 2828
f 2829 2831 2828
f 2859 2831 2829
f 2860 2831 2859
f 2830 2851 2209
f 2830 2209 2225
f 2225 2234 2830
f 2830 2234 2862
f 2849 2851 2848
f 2848 2851 2850
f 2862 2863 2859
f 2864 2863 2865
f 2863 2862 2865
f 2208 2207 2209
f 2220 2224 2225
f 2234 2232 2235
f 2233 2235 2232
f 2873 2866 2832
f 2832 2876 2873
f 2832 2866 2236
f 2832 2236 2241
f 2241 2246 2832
f 2832 2246 2876
f 2868 2864 2872
f 2874 2872 2873
f 2865 2866 2864
f 2877 2880 2874
f 2878 2877 2879
f 2877 2876 2879
f 2235 2233 2236
f 2237 2240 2241
f 2246 2245 2247
f 2890 2885 2889
f 2881 2878 2884
f 2878 2885 2884
f 2889 2885 2887
f 2888 2890 2891
f 2891 2892 2888
f 2894 2892 2891
f 2894 2891 2895
f 2891 2890 2895
f 2887 2879 2247
f 2247 2255 2887
f 2256 2265 2889
f 2889 2265 2893
f 2937 2938 2929
f 2937 2929 2935
f 2939 2938 2937
f 2935 2272 2937
f 2272 2279 2937
f 2937 2279 2939
f 2834 2976 2837
f 2976 2834 2970
f 2961 2974 2971
f 2973 2960 2968
f 2971 2974 2977
f 2977 2978 2976
f 2978 2977 2979
f 2973 2975 2974
f 2968 2296 2973
f 2314 2292 2299
f 2973 2314 2975
f 2308 2314 2299
f 2979 2975 2312
f 2309 2312 2308
f 2835 2858 2841
f 2835 2836 2838
f 2980 2981 2858
f 2311 2205 2841
f 2858 2311 2841
f 2311 2313 2310
f 2216 2217 2214
f 2217 2216 2218
f 2218 2216 2213
f 2976 2978 2980
f 2979 2981 2978
f 2978 2981 2980
f 2313 2309 2310
f 2312 2309 2313
f 2253 2255 2249
f 2894 2898 2899
f 2895 2893 2901
f 2253 2256 2255
f 2253 2254 2256
f 2264 2265 2262
f 2901 2893 2317
f 2267 2317 2264
f 2901 2902 2898
f 2899 2898 2900
f 2903 2905 2900
f 2902 2904 2903
f 2986 2905 2903
f 2987 2905 2986
f 2267 2318 2317
f 2904 2902 2318
f 2267 2316 2318
f 2322 2327 2904
f 2904 2327 2989
f 2989 2990 2986
f 2991 2990 2992
f 2990 2989 2992
f 2319 2322 2316
f 2319 2321 2322
f 2327 2326 2328
f 2999 3000 2998
f 2994 2991 2997
f 2998 3000 2997
f 2991 2998 2997
f 3002 2992 2328
f 2335 3003 3002
f 2328 2335 3002
f 3013 3021 3011
f 3011 3021 3027
f 3012 2906 3014
f 3012 2908 2906
f 2908 2910 2906
f 3012 3031 2908
f 2918 2911 2909
f 2914 2911 2918
f 2911 2912 2910
f 2918 2909 2342
f 3032 2342 2909
f 3034 3028 3033
f 3028 3034 3031
f 3028 3011 3027
f 3031 3034 3032
f 3033 3035 3034
f 3032 3034 3035
f 3029 2341 3033
f 2341 2346 3033
f 3035 2347 2343
f 2347 2351 2343
f 2918 2920 2914
f 2915 2914 2916
f 2921 2924 2916
f 2920 2922 2921
f 2936 2925 2923
f 2922 2923 2921
f 2930 2925 2936
f 2925 2926 2924
f 2342 2920 2918
f 2922 2344 2355
f 2355 2365 2922
f 2936 2923 2366
f 2342 2343 2344
f 2351 2353 2352
f 2344 2352 2355
f 2353 2348 2352
f 2365 2361 2367
f 2366 2365 2367
f 2362 2367 2361
f 2931 2930 2932
f 2930 2929 2932
f 2938 2941 2940
f 2944 2941 2948
f 2941 2942 2940
f 2364 2272 2935
f 2368 2364 2366
f 2364 2368 2363
f 2278 2279 2276
f 2948 2939 2377
f 2281 2377 2278
f 2366 2367 2368
f 2368 2362 2363
f 2367 2362 2368
f 2948 2951 2944
f 2945 2944 2946
f 2952 2955 2946
f 2951 2953 2952
f 2969 2956 2954
f 2953 2954 2952
f 2962 2956 2969
f 2956 2957 2955
f 2282 2288 2379
f 2281 2378 2377
f 2953 2951 2378
f 2378 2379 2953
f 2381 2380 2290
f 2953 2379 2380
f 2294 2381 2290
f 2380 2954 2953
f 2963 2962 2964
f 2962 2960 2964
f 2960 2961 2964
f 2295 2292 2296
f 2968 2969 2381
f 2294 2295 2296
f 2333 2335 2330
f 3003 3004 2999
f 2999 3004 3005
f 3004 3006 3005
f 3038 3007 3005
f 3039 3007 3038
f 2334 2340 2385
f 3003 2382 3004
f 3006 3004 2382
f 2382 2385 3006
f 2384 2385 2340
f 3006 2390 3040
f 3040 3041 3038
f 3047 3043 3041
f 3041 3040 3042
f 2389 2390 2384
f 2390 2389 2391
f 3042 3053 3048
f 3054 3048 3053
f 3053 3042 2391
f 2398 3054 3053
f 2391 2398 3053
f 3061 3067 3059
f 3059 3067 3070
f 3060 3009 3062
f 3060 3019 3009
f 3019 3022 3009
f 3060 3074 3019
f 3024 3023 3021
f 3030 3023 3020
f 3023 3024 3022
f 3030 3020 2410
f 3075 2410 3020
f 3071 3076 3074
f 3071 3059 3070
f 3070 3072 3071
f 3074 3076 3075
f 3075 3076 3077
f 3079 2414 3077
f 3077 2414 2411
f 2414 2418 2411
f 3029 3027 3030
f 2346 2341 2423
f 2409 2341 3029
f 2412 2409 2410
f 2409 2423 2341
f 2346 2345 2347
f 2424 2421 2423
f 2410 2411 2412
f 2418 2420 2419
f 2412 2419 2424
f 2420 2415 2419
f 2421 2424 2422
f 2350 2348 2353
f 2349 2353 2351
f 2349 2350 2353
f 3047 3049 3050
f 3049 3047 3048
f 2396 2398 2392
f 3050 3049 3051
f 3056 3058 3051
f 3055 3057 3056
f 3083 3058 3056
f 3084 3058 3083
f 2397 2403 2449
f 3054 2447 3055
f 3057 3055 2447
f 2447 2449 3057
f 2448 2449 2403
f 3057 2454 3086
f 3086 3087 3083
f 3091 3089 3087
f 3087 3086 3088
f 2452 2454 2448
f 2454 2452 2455
f 2453 2455 2452
f 3098 3099 3094
f 3088 3097 3093
f 3100 3099 3098
f 3097 3088 2455
f 3098 3097 2457
f 2457 2453 2456
f 2466 3098 2457
f 2463 2466 2459
f 2467 2466 2463
f 2464 2467 2463
f 3067 3073 3070
f 3104 3068 3103
f 3103 3107 3104
f 3105 3110 3113
f 3073 3072 3070
f 3106 3073 3104
f 3080 3078 3072
f 3106 3117 3080
f 3081 3078 3080
f 3078 3081 3079
f 2413 2479 2474
f 2479 2480 2474
f 3079 3081 2479
f 3120 3114 3119
f 3104 3105 3106
f 3114 3120 3117
f 3114 3105 3113
f 3117 3120 3118
f 3119 3121 3120
f 3118 3120 3121
f 3116 2473 3119
f 2473 2483 3119
f 2474 2480 2478
f 2480 3118 3121
f 2481 2478 2484
f 2417 2415 2420
f 2416 2420 2418
f 2416 2417 2420
f 3091 3095 3096
f 3095 3091 3093
f 3094 3095 3093
f 3094 3099 3101
f 3123 3101 3139
f 3099 3102 3101
f 3102 3099 3100
f 2505 2511 2465
f 2505 2512 2511
f 2511 3102 3100
f 2467 2464 2465
f 3141 3143 3133
f 3123 3132 3124
f 3139 3132 3123
f 3140 3141 3139
f 3142 3141 3140
f 3144 3142 2515
f 2510 2512 2505
f 3142 3140 2512
f 2513 2515 2510
f 3110 3115 3113
f 3148 3111 3147
f 3147 3152 3148
f 3149 3155 3157
f 3150 3115 3148
f 3150 3122 3115
f 3150 3151 3122
f 2483 2473 2525
f 2521 2473 3116
f 3122 2521 3116
f 2521 2525 2473
f 2483 2482 2484
f 2526 2524 2525
f 2484 2482 2481
f 3158 3163 3162
f 3148 3149 3150
f 3149 3151 3150
f 3162 3163 3164
f 2522 3151 3161
f 3162 2523 3161
f 2522 2523 2526
f 2523 2522 3161
f 2532 2523 3162
f 2523 2532 2526
f 2530 2532 2533
f 2531 2530 2533
f 3130 3134 3168
f 3167 3130 3168
f 3168 3171 3167
f 3175 3169 3179
f 3170 3135 3145
f 3170 3145 3183
f 3143 3146 3145
f 3146 3143 3144
f 2558 2566 2514
f 2558 2567 2566
f 2566 3146 3144
f 2515 2513 2514
f 3186 3185 3180
f 3170 3169 3168
f 3183 3186 3180
f 3169 3180 3179
f 3184 3186 3183
f 3185 3186 3187
f 3187 3186 3184
f 3185 2557 3181
f 2559 2554 2573
f 2573 3185 3187
f 2567 2573 3187
f 3187 3184 2567
f 3159 3155 3160
f 3155 3159 3157
f 3159 3158 3157
f 3165 3163 3158
f 3188 3197 3165
f 3166 3163 3165
f 3163 3166 3164
f 3164 2580 2533
f 3198 2582 3166
f 3195 3201 3199
f 3194 3188 3189
f 3197 3188 3194
f 3197 3199 3198
f 3202 3206 3200
f 3199 3201 3202
f 2582 3198 3200
f 2581 2538 2580
f 2582 2581 2580
f 2583 2581 2582
f 2581 2579 2538
f 2581 2583 2579
f 3207 3211 3210
f 3200 3206 3209
f 3210 3211 3212
f 3210 2585 3209
f 2585 2583 3209
f 2593 2585 3210
f 2591 2588 2593
f 2591 2593 2594
f 2597 2599 2598
f 2595 2592 2598
f 2598 2592 2597
f 2599 2596 2598
f 2598 2596 2595
f 3175 3176 3177
f 3221 3176 3174
f 3174 3176 3182
f 3174 3224 3221
f 2633 2644 2553
f 2553 2644 2645
f 2633 2646 2644
f 2645 2555 2553
f 3223 3226 3217
f 3220 3216 3225
f 3223 3222 3221
f 3225 3226 3227
f 3227 3226 3224
f 3225 2630 3220
f 2634 2626 2647
f 2647 3225 3227
f 2646 2647 3227
f 3227 3224 2646
f 3181 3182 3179
f 2557 2554 2556
f 3181 2645 3182
f 2556 2555 2557
f 3203 3201 3195
f 3208 3204 3233
f 3203 3204 3201
f 3201 3204 3202
f 3232 3235 3233
f 3233 3235 3236
f 3208 3207 3206
f 3234 3208 3233
f 3213 3211 3207
f 3234 3243 3213
f 3214 3211 3213
f 3211 3214 3212
f 3212 2648 2594
f 2648 2597 2594
f 3244 2650 3214
f 3241 3247 3245
f 3243 3234 3240
f 3243 3245 3244
f 3248 3253 3246
f 3245 3247 3248
f 2650 3244 3246
f 2650 2649 2648
f 2651 2649 2650
f 2649 2654 2599
f 2653 2606 2654
f 2655 2653 2654
f 3254 3263 3259
f 3246 3253 3258
f 3264 3268 3261
f 3264 3261 3260
f 3259 2652 3258
f 2651 2652 2655
f 2652 2651 3258
f 2662 2652 3259
f 2652 2662 2655
f 2662 3259 3260
f 3261 2660 3260
f 2660 2658 2657
f 3215 3262 3274
f 3274 3275 3215
f 2616 2610 2664
f 2661 3262 3215
f 2610 2659 2664
f 2663 2616 2664
f 3275 2669 3215
f 3269 3276 3274
f 3274 3262 3269
f 3268 3270 3269
f 3274 3276 3275
f 3279 3283 3277
f 3276 3278 3279
f 2659 2658 2661
f 2661 2658 2660
f 2663 2669 2667
f 2667 2669 2670
f 2670 2668 2667
f 3284 3290 3289
f 3277 3283 3288
f 3289 3290 3291
f 3277 3288 2670
f 3289 2672 3288
f 2671 2668 2672
f 2680 2672 3289
f 2678 2674 2680
f 2678 2680 2681
f 2679 2678 2681
f 2701 2707 2624
f 2624 2707 2708
f 2701 2709 2707
f 2710 2708 2707
f 2708 2628 2624
f 2707 2709 2710
f 3299 3301 3295
f 3298 3294 3300
f 3303 3301 3299
f 3299 3308 3303
f 3305 3303 3304
f 3300 3301 3302
f 3300 2697 3298
f 2702 2693 2711
f 2711 3300 3302
f 2709 2711 3302
f 3220 3230 3216
f 3306 3310 3218
f 3217 3216 3218
f 3230 3307 3306
f 2630 2626 2629
f 2710 3307 3230
f 2629 2628 2630
f 3304 3307 3305
f 3306 3307 3304
f 3305 3307 2710
f 3249 3247 3241
f 3249 3250 3247
f 3247 3250 3248
f 3249 3251 3250
f 3255 3254 3253
f 3257 3255 3256
f 3254 3255 3257
f 3265 3266 3263
f 3263 3266 3264
f 3265 3267 3266
f 3271 3270 3268
f 3273 3271 3272
f 3270 3271 3273
f 3280 3281 3278
f 3278 3281 3279
f 3280 3282 3281
f 3285 3284 3283
f 3287 3285 3286
f 3284 3285 3287
f 3290 3292 3291
f 3326 3329 3292
f 3327 3326 3293
f 3291 2714 2681
f 3329 2716 3292
f 3330 3329 3326
f 3330 3332 3334
f 3329 3330 3331
f 2716 3329 3331
f 2715 2684 2714
f 2716 2715 2714
f 2717 2715 2716
f 2715 2713 2684
f 2715 2717 2713
f 3331 3336 3339
f 3340 3339 3336
f 2720 2717 3339
f 2721 2719 2720
f 2720 2719 2718
f 2752 2758 2691
f 2691 2758 2759
f 2752 2760 2758
f 2761 2759 2758
f 2759 2695 2691
f 2758 2760 2761
f 3359 3361 3352
f 3357 3351 3360
f 3363 3361 3359
f 3359 3368 3363
f 3365 3363 3364
f 3360 3361 3362
f 3360 2748 3357
f 2753 2744 2762
f 2762 3360 3362
f 2760 2762 3362
f 3298 3314 3294
f 3366 3370 3296
f 3295 3294 3296
f 3314 3367 3366
f 2697 2693 2696
f 2761 3367 3314
f 2696 2695 2697
f 3364 3367 3365
f 3366 3367 3364
f 3365 3367 2761
f 3337 3334 3338
f 3334 3337 3336
f 3375 3341 3337
f 3383 3384 3342
f 2763 2721 3340
f 3341 2763 3340
f 3341 3342 2763
f 2763 2766 2721
f 2763 3342 2766
f 2765 2729 2766
f 3384 2771 3342
f 3381 3387 3385
f 3380 3375 3376
f 3383 3375 3380
f 3383 3385 3384
f 3384 3385 3386
f 3388 2773 3386
f 2765 2771 2770
f 2771 3384 3386
f 2772 2770 2773
f 3393 3400 3399
f 3397 3393 3399
f 3399 3400 3401
f 3399 2779 3397
f 2792 2779 3399
f 3401 2792 3399
f 2787 2795 2785
f 3405 3418 3412
f 3410 3405 3412
f 3419 3417 3414
f 3420 3415 3413
f 2793 2785 2796
f 2796 2785 2795
f 2810 2796 3412
f 2810 3412 3413
f 2806 2798 2810
f 3415 2808 3413
f 2808 2807 2806
f 3343 3416 3428
f 3428 3430 3343
f 2809 3416 3343
f 2815 2809 3343
f 3343 2820 2815
f 3430 2820 3343
f 3425 3414 3417
f 3429 3428 3425
f 3414 3416 3415
f 3429 3436 3431
f 3433 3431 3432
f 3430 3431 3433
f 2809 2807 2808
f 2814 2811 2815
f 2817 2820 2821
f 2821 2818 2817
f 3434 3438 3344
f 3434 3344 3345
f 3345 3344 3348
f 3347 3349 3358
f 3347 3346 3345
f 3358 3349 3353
f 3348 3350 3349
f 2740 2734 2823
f 2822 3435 3346
f 2734 2819 2823
f 2742 2824 2825
f 3346 2824 2823
f 2825 2746 2742
f 2824 3346 3347
f 3432 3435 3433
f 3434 3435 3432
f 2819 2818 2822
f 2822 2818 2821
f 3355 3353 3354
f 3351 3353 3355
f 3352 3351 3355
f 2748 2744 2747
f 3357 2825 3358
f 2747 2746 2748
f 3389 3387 3381
f 3389 3390 3387
f 3398 3390 3394
f 3389 3391 3390
f 3388 2826 2773
f 3388 3398 2826
f 3396 3394 3395
f 3393 3394 3396
f 3402 3403 3400
f 3411 3403 3406
f 3402 3404 3403
f 3397 2826 3398
f 2778 2777 2779
f 2792 2791 2789
f 3401 3411 2827
f 3408 3406 3407
f 3405 3406 3408
f 3419 3422 3423
f 3421 3422 3418
f 3418 3422 3420
f 3420 3422 3419
f 3421 3423 3422
f 3410 2795 2827
f 3410 2827 3411
f 3456 3459 3454
f 3454 3459 3462
f 3469 3455 3451
f 3451 3471 3469
f 3451 3455 2833
f 3451 2833 2843
f 2843 2855 3451
f 3451 2855 3471
f 3456 3454 3463
f 3470 3463 3469
f 3467 3466 3462
f 3472 3476 3470
f 3473 3472 3474
f 3472 3471 3474
f 2833 3455 3466
f 2833 2839 2843
f 2839 2833 3466
f 2840 2836 2839
f 2855 2852 2856
f 2853 2856 2852
f 3482 3475 3452
f 3452 3485 3482
f 2828 2831 2861
f 3452 3475 2857
f 2861 2854 2828
f 2860 2861 2831
f 3452 2869 3485
f 3477 3473 3481
f 3483 3481 3482
f 3474 3475 3473
f 3486 3490 3483
f 3487 3486 3488
f 3486 3485 3488
f 2857 2853 2854
f 2856 2853 2857
f 2867 2869 2860
f 2869 2867 2870
f 2868 2870 2867
f 3496 3489 3453
f 3453 3498 3496
f 3453 3489 2871
f 3453 2871 2875
f 2875 2882 3453
f 3453 2882 3498
f 3491 3487 3494
f 3497 3494 3496
f 3488 3489 3487
f 3499 3502 3497
f 3500 3499 3501
f 3499 3498 3501
f 2870 2868 2871
f 2872 2874 2875
f 2882 2880 2883
f 2881 2883 2880
f 3503 3500 3506
f 3507 3508 3506
f 3500 3507 3506
f 3511 3507 3510
f 3513 3512 3511
f 3510 3501 2883
f 3511 3510 2886
f 2886 2881 2884
f 2896 3511 2886
f 2892 2896 2888
f 2897 2896 2892
f 2894 2897 2892
f 3530 3539 3537
f 3538 3529 3535
f 3537 3539 3540
f 3540 3542 3537
f 3540 3539 3546
f 3535 2907 3538
f 2907 2913 3538
f 3538 2913 3545
f 3556 3550 3555
f 3543 3541 3549
f 3550 3541 3548
f 3541 3550 3549
f 3554 3556 3558
f 3558 3561 3554
f 3559 3558 3560
f 3555 3557 3556
f 3552 2917 3555
f 2917 2927 3555
f 3557 2928 2919
f 3560 3557 2919
f 2928 2933 2919
f 3571 3566 3570
f 3562 3559 3565
f 3559 3566 3565
f 3570 3566 3568
f 3569 3571 3572
f 3572 3574 3569
f 3572 3571 3578
f 3568 3560 2919
f 2919 2933 3568
f 2934 2943 3570
f 3570 2943 3577
f 3588 3582 3587
f 3575 3573 3581
f 3582 3573 3580
f 3573 3582 3581
f 3586 3588 3590
f 3590 3594 3586
f 3591 3590 3592
f 3587 3589 3588
f 3584 2947 3587
f 2947 2958 3587
f 3589 2959 2949
f 3592 3589 2949
f 2959 2965 2949
f 3600 3593 3457
f 3461 3460 3459
f 3458 3460 3601
f 3468 3460 3458
f 3457 3593 2950
f 3457 2950 2972
f 2834 2982 2970
f 2983 2982 2834
f 2837 2983 2834
f 2982 3458 3457
f 3595 3591 3599
f 3603 3599 3600
f 3592 3593 3591
f 3600 3601 3603
f 3602 3603 3601
f 2965 2967 2966
f 2950 2966 2972
f 2967 2961 2966
f 2970 2972 2971
f 3467 3462 3468
f 2838 2836 2840
f 3467 3468 2983
f 2837 2838 2840
f 3508 3512 3514
f 3512 3515 3514
f 3518 3515 3521
f 3515 3516 3514
f 3513 2897 2984
f 3521 3513 2984
f 3521 3522 3518
f 3519 3518 3520
f 3523 3525 3520
f 3522 3524 3523
f 3609 3525 3523
f 3610 3525 3609
f 2900 2905 2988
f 2899 2985 2984
f 3524 3522 2985
f 2985 2988 3524
f 2987 2988 2905
f 3524 2995 3612
f 3612 3613 3609
f 3614 3613 3615
f 3613 3612 3615
f 2993 2995 2987
f 2995 2993 2996
f 2994 2996 2993
f 3617 3614 3620
f 3621 3622 3620
f 3614 3621 3620
f 3625 3621 3624
f 3627 3626 3625
f 3624 3615 2996
f 3625 3624 3001
f 3001 2994 2997
f 2997 3000 3001
f 3625 3008 3627
f 3632 3635 3631
f 3631 3635 3638
f 3526 3527 3644
f 3536 3527 3526
f 3644 3648 3526
f 3531 3527 3536
f 3536 3526 3016
f 3648 3016 3526
f 3650 3640 3649
f 3632 3631 3639
f 3640 3631 3638
f 3631 3640 3639
f 3645 3646 3644
f 3649 3651 3650
f 3648 3650 3651
f 3642 3010 3649
f 3010 3025 3649
f 3651 3026 3017
f 3532 3531 3533
f 3531 3529 3533
f 3529 3530 3533
f 3546 3545 3553
f 3553 3548 3546
f 3015 2907 3535
f 3018 3015 3016
f 3015 3018 3014
f 2912 2913 2910
f 3553 3545 3036
f 2915 3036 2912
f 3016 3017 3018
f 3018 3013 3014
f 3017 3013 3018
f 3552 3548 3553
f 3552 3553 3036
f 2915 2916 2917
f 2926 2927 2924
f 2927 2926 2928
f 3578 3577 3585
f 3585 3580 3578
f 2931 2934 2933
f 2931 2932 2934
f 2942 2943 2940
f 3585 3577 3037
f 2945 3037 2942
f 3584 3580 3585
f 3584 3585 3037
f 2945 2946 2947
f 2957 2958 2955
f 2958 2957 2959
f 2964 2961 2967
f 2963 2967 2965
f 2963 2964 2967
f 3622 3626 3629
f 3628 3626 3627
f 3628 3656 3654
f 3655 3629 3654
f 3008 3000 3007
f 3008 3044 3627
f 3039 3045 3044
f 3044 3628 3627
f 3656 3657 3654
f 3663 3659 3657
f 3657 3656 3658
f 3043 3045 3039
f 3045 3043 3046
f 3658 3668 3664
f 3669 3664 3668
f 3668 3658 3046
f 3052 3669 3668
f 3046 3052 3668
f 3637 3636 3635
f 3634 3636 3674
f 3643 3636 3634
f 3674 3677 3634
f 3643 3634 3064
f 3677 3064 3634
f 3672 3683 3678
f 3672 3678 3676
f 3675 3676 3674
f 3677 3678 3679
f 3684 3069 3679
f 3679 3069 3065
f 3642 3638 3643
f 3063 3010 3642
f 3066 3063 3064
f 3063 3066 3062
f 3024 3025 3022
f 3025 3024 3026
f 3026 3024 3021
f 3064 3065 3066
f 3066 3061 3062
f 3065 3061 3066
f 3663 3665 3666
f 3665 3663 3664
f 3050 3052 3047
f 3665 3670 3688
f 3671 3695 3693
f 3051 3058 3085
f 3669 3082 3670
f 3671 3670 3082
f 3082 3085 3671
f 3084 3085 3058
f 3671 3090 3695
f 3696 3699 3692
f 3688 3691 3689
f 3693 3691 3688
f 3695 3696 3693
f 3697 3696 3695
f 3700 3697 3092
f 3089 3090 3084
f 3697 3695 3090
f 3091 3092 3089
f 3686 3683 3672
f 3683 3685 3684
f 3710 3715 3685
f 3711 3710 3686
f 3068 3108 3103
f 3108 3109 3103
f 3684 3685 3108
f 3069 3068 3067
f 3707 3718 3716
f 3707 3716 3712
f 3711 3712 3710
f 3715 3716 3717
f 3719 3112 3717
f 3103 3109 3107
f 3109 3715 3717
f 3110 3107 3112
f 3692 3699 3702
f 3701 3699 3700
f 3701 3724 3722
f 3723 3702 3722
f 3700 3092 3125
f 3127 3724 3701
f 3724 3726 3722
f 3732 3727 3726
f 3732 3726 3733
f 3730 3733 3725
f 3730 3725 3131
f 3725 3128 3131
f 3128 3136 3131
f 3096 3126 3125
f 3125 3126 3127
f 3129 3127 3126
f 3096 3124 3126
f 3124 3129 3126
f 3127 3129 3128
f 3137 3138 3136
f 3137 3133 3138
f 3132 3133 3137
f 3721 3718 3707
f 3718 3720 3719
f 3741 3746 3720
f 3742 3741 3721
f 3111 3153 3147
f 3153 3154 3147
f 3719 3720 3153
f 3112 3111 3110
f 3739 3749 3747
f 3739 3747 3743
f 3742 3743 3741
f 3746 3747 3748
f 3750 3156 3748
f 3147 3154 3152
f 3154 3746 3748
f 3155 3152 3156
f 3732 3734 3735
f 3754 3734 3731
f 3731 3756 3754
f 3733 3734 3732
f 3167 3172 3130
f 3167 3173 3172
f 3172 3731 3730
f 3756 3758 3754
f 3764 3759 3758
f 3764 3758 3765
f 3762 3765 3757
f 3762 3757 3178
f 3171 3173 3167
f 3757 3756 3173
f 3175 3178 3171
f 3138 3133 3135
f 3136 3138 3134
f 3135 3134 3138
f 3752 3749 3739
f 3749 3751 3750
f 3769 3771 3751
f 3770 3769 3752
f 3750 3190 3156
f 3771 3192 3751
f 3772 3771 3769
f 3772 3774 3778
f 3771 3772 3773
f 3192 3771 3773
f 3191 3160 3190
f 3192 3191 3190
f 3193 3191 3192
f 3191 3189 3160
f 3191 3193 3189
f 3780 3787 3786
f 3773 3779 3785
f 3786 3787 3788
f 3786 3196 3785
f 3196 3193 3785
f 3196 3195 3194
f 3788 3205 3786
f 3764 3766 3767
f 3798 3766 3763
f 3763 3802 3798
f 3765 3766 3764
f 3222 3228 3177
f 3222 3229 3228
f 3228 3763 3762
f 3178 3175 3177
f 3800 3804 3793
f 3797 3792 3803
f 3800 3799 3798
f 3803 3804 3805
f 3805 3804 3802
f 3803 3219 3797
f 3223 3217 3231
f 3231 3803 3805
f 3229 3231 3805
f 3805 3802 3229
f 3781 3778 3782
f 3778 3781 3779
f 3781 3780 3779
f 3783 3781 3782
f 3780 3781 3783
f 3787 3789 3788
f 3809 3812 3789
f 3810 3809 3790
f 3203 3195 3205
f 3788 3237 3205
f 3237 3238 3232
f 3788 3789 3237
f 3813 3812 3809
f 3813 3815 3818
f 3812 3813 3814
f 3232 3238 3235
f 3235 3238 3239
f 3239 3236 3235
f 3820 3828 3827
f 3814 3819 3826
f 3827 3828 3829
f 3814 3826 3239
f 3827 3242 3826
f 3240 3236 3242
f 3242 3241 3240
f 3829 3252 3827
f 3857 3873 3861
f 3860 3857 3861
f 3875 3867 3863
f 3876 3864 3862
f 3861 3297 3860
f 3299 3295 3315
f 3315 3861 3862
f 3308 3299 3315
f 3864 3312 3862
f 3312 3309 3308
f 3797 3807 3792
f 3865 3868 3794
f 3793 3792 3794
f 3807 3866 3865
f 3219 3217 3218
f 3797 3219 3311
f 3797 3311 3807
f 3310 3313 3311
f 3863 3866 3864
f 3865 3866 3863
f 3310 3309 3313
f 3313 3309 3312
f 3821 3818 3822
f 3818 3821 3819
f 3821 3820 3819
f 3823 3821 3822
f 3820 3821 3823
f 3830 3831 3828
f 3837 3831 3834
f 3830 3832 3831
f 3249 3241 3252
f 3252 3251 3249
f 3829 3837 3316
f 3316 3256 3251
f 3834 3838 3837
f 3836 3834 3835
f 3839 3836 3842
f 3840 3838 3839
f 3844 3843 3886
f 3841 3843 3846
f 3841 3840 3839
f 3846 3843 3844
f 3265 3257 3318
f 3317 3256 3316
f 3838 3840 3317
f 3317 3840 3318
f 3267 3319 3320
f 3840 3319 3318
f 3320 3272 3267
f 3319 3840 3841
f 3884 3887 3886
f 3886 3887 3888
f 3844 3847 3846
f 3848 3845 3851
f 3849 3847 3848
f 3853 3852 3895
f 3850 3852 3854
f 3850 3849 3848
f 3854 3852 3853
f 3280 3273 3322
f 3321 3272 3320
f 3847 3849 3321
f 3321 3849 3322
f 3282 3323 3324
f 3849 3323 3322
f 3324 3286 3282
f 3323 3849 3850
f 3886 3888 3889
f 3893 3897 3895
f 3895 3897 3898
f 3853 3855 3854
f 3896 3853 3895
f 3896 3855 3853
f 3903 3906 3856
f 3293 3287 3328
f 3325 3286 3324
f 3855 3856 3325
f 3325 3856 3328
f 3327 3293 3328
f 3906 3333 3856
f 3904 3903 3902
f 3903 3896 3902
f 3904 3909 3908
f 3908 3909 3913
f 3914 3908 3913
f 3914 3912 3907
f 3912 3335 3907
f 3327 3333 3332
f 3333 3906 3907
f 3334 3332 3335
f 3940 3942 3932
f 3938 3931 3941
f 3944 3942 3940
f 3940 3949 3944
f 3946 3944 3945
f 3941 3942 3943
f 3941 3356 3938
f 3359 3352 3374
f 3374 3941 3943
f 3368 3359 3374
f 3946 3372 3943
f 3372 3369 3368
f 3860 3874 3857
f 3947 3951 3858
f 3874 3948 3947
f 3875 3878 3879
f 3877 3878 3873
f 3873 3878 3876
f 3876 3878 3875
f 3877 3879 3878
f 3297 3295 3296
f 3860 3297 3371
f 3860 3371 3874
f 3370 3373 3371
f 3945 3948 3946
f 3947 3948 3945
f 3370 3369 3373
f 3373 3369 3372
f 3915 3913 3916
f 3914 3918 3912
f 3912 3377 3335
f 3912 3918 3377
f 3915 3919 3918
f 3957 3919 3915
f 3957 3958 3919
f 3378 3338 3377
f 3378 3376 3338
f 3378 3379 3376
f 3961 3957 3959
f 3963 3962 3961
f 3964 3958 3962
f 3962 3966 3964
f 3966 3969 3970
f 3379 3958 3964
f 3966 3382 3964
f 3382 3379 3964
f 3382 3381 3380
f 3970 3392 3966
f 3993 4006 4001
f 3999 3993 4001
f 4008 4003 4002
f 4008 4002 4014
f 4001 4006 4007
f 4001 3409 3999
f 3424 3409 4001
f 4007 3424 4001
f 3419 3426 3417
f 4022 4021 4016
f 4015 4002 4003
f 4002 4016 4014
f 4016 4002 4015
f 4024 4022 4019
f 4019 4029 4024
f 4026 4024 4025
f 4021 4022 4023
f 3425 3417 3427
f 3427 3417 3426
f 3441 3427 4021
f 3441 4021 4023
f 3436 3429 3441
f 4026 3439 4023
f 3439 3437 3436
f 4027 4031 3920
f 4027 3920 3923
f 3923 3920 3926
f 3925 3927 3939
f 3925 3924 3923
f 3939 3927 3933
f 3926 3928 3927
f 3348 3344 3442
f 3440 4028 3924
f 3344 3438 3442
f 3350 3443 3444
f 3924 3443 3442
f 3444 3354 3350
f 3443 3924 3925
f 4025 4028 4026
f 4027 4028 4025
f 3438 3437 3440
f 3440 3437 3439
f 3935 3933 3934
f 3931 3933 3935
f 3932 3931 3935
f 3356 3352 3355
f 3938 3444 3939
f 3355 3354 3356
f 3971 3969 3963
f 3971 3972 3969
f 3982 3972 3977
f 3971 3973 3972
f 3389 3381 3392
f 3392 3391 3389
f 3970 3982 3445
f 3445 3395 3391
f 3977 3984 3982
f 3979 3977 3978
f 3985 3979 3988
f 3986 3984 3985
f 3987 3989 4000
f 3987 3986 3985
f 4000 3989 3994
f 3988 3990 3989
f 3402 3396 3447
f 3446 3395 3445
f 3984 3986 3446
f 3446 3986 3447
f 3404 3448 3449
f 3986 3448 3447
f 3449 3407 3404
f 3448 3986 3987
f 3996 3994 3995
f 3993 3994 3996
f 4008 4010 4011
f 4009 4010 4006
f 4009 4011 4010
f 3999 3449 4000
f 3408 3407 3409
f 3424 3423 3421
f 4007 4018 3450
f 4017 4018 4014
f 4017 3426 3450
f 4017 3450 4018
f 3456 3464 3459
f 4046 4050 4041
f 4046 4041 4044
f 4051 4048 4055
f 4051 4047 4048
f 3465 3456 3463
f 3464 3456 3465
f 3480 4046 3465
f 4046 3480 4047
f 3476 3480 3470
f 4048 4047 3478
f 3477 3478 3476
f 4061 4049 4037
f 4037 4062 4061
f 4037 4049 3479
f 4037 3479 3484
f 3484 3492 4037
f 4037 3492 4062
f 4061 4063 4056
f 4056 4049 4061
f 4056 4057 4055
f 4062 4063 4061
f 4066 4064 4070
f 4066 4065 4063
f 3478 3477 3479
f 3481 3483 3484
f 3492 3490 3493
f 3491 3493 3490
f 4076 4079 4071
f 4064 4075 4070
f 4080 4078 4084
f 4080 4077 4078
f 4075 4064 3493
f 4076 4075 3495
f 3495 3491 3494
f 3505 4076 3495
f 4076 3505 4077
f 3502 3505 3497
f 4078 4077 3504
f 3503 3504 3502
f 4090 4091 4085
f 4078 4089 4084
f 4092 4091 4090
f 4089 4078 3504
f 4090 4089 3509
f 3509 3503 3506
f 3506 3508 3509
f 4090 3517 4092
f 4110 4115 4103
f 4110 4103 4108
f 4114 4116 4112
f 4117 4111 4113
f 4108 3534 4110
f 3547 3530 3537
f 4110 3547 4111
f 3542 3547 3537
f 4113 4111 3544
f 3543 3544 3542
f 4129 4123 4128
f 4114 4112 4122
f 4112 4123 4122
f 4128 4123 4126
f 4127 4129 4131
f 4131 4134 4127
f 4132 4131 4133
f 4128 4130 4129
f 4126 4113 3544
f 4128 4126 3551
f 3551 3543 3549
f 3564 4128 3551
f 4128 3564 4130
f 3561 3564 3554
f 4133 4130 3563
f 3562 3563 3561
f 4135 4132 4138
f 4139 4140 4138
f 4132 4139 4138
f 4144 4139 4143
f 4148 4146 4153
f 4148 4145 4146
f 4143 4133 3563
f 4144 4143 3567
f 3567 3562 3565
f 3579 4144 3567
f 4144 3579 4145
f 3574 3579 3569
f 4146 4145 3576
f 3575 3576 3574
f 4155 4163 4161
f 4146 4160 4153
f 4161 4163 4165
f 4165 4169 4161
f 4166 4165 4167
f 4162 4164 4163
f 4160 4146 3576
f 4162 4160 3583
f 3583 3575 3581
f 3598 4162 3583
f 4162 3598 4164
f 3594 3598 3586
f 4167 4164 3596
f 3595 3596 3594
f 4176 4168 4038
f 4179 4040 4042
f 4039 4040 4177
f 4045 4040 4039
f 4042 4040 4045
f 4040 4179 4177
f 4038 4168 3597
f 4038 3597 3604
f 3461 3605 3602
f 3606 3605 3461
f 3605 4039 4038
f 4170 4166 4173
f 4178 4173 4176
f 4167 4168 4166
f 4176 4177 4178
f 4181 4180 4179
f 3596 3595 3597
f 3599 3603 3604
f 3602 3604 3603
f 4042 4041 4043
f 4050 4053 4052
f 4051 4053 4050
f 4053 4054 4052
f 4044 3606 3464
f 4044 4045 3606
f 4179 4182 4181
f 4057 4058 4055
f 4059 4058 4060
f 4058 4057 4060
f 4065 4068 4067
f 4066 4068 4065
f 4068 4069 4067
f 4071 4072 4070
f 4073 4072 4074
f 4072 4071 4074
f 4079 4082 4081
f 4080 4082 4079
f 4082 4083 4081
f 4085 4086 4084
f 4087 4086 4088
f 4086 4085 4088
f 4203 4094 4095
f 4091 4094 4093
f 4095 4094 4096
f 3517 3508 3514
f 3516 3517 3514
f 4096 4092 3607
f 3519 3607 3516
f 4203 4205 4201
f 4206 4205 4203
f 4096 4097 4095
f 4203 4095 4204
f 4095 4097 4204
f 4098 4213 4211
f 3520 3525 3611
f 3519 3608 3607
f 4098 4097 3608
f 3608 3611 4098
f 3610 3611 3525
f 4098 3618 4213
f 4212 4209 4211
f 4211 4209 4204
f 4214 4216 4212
f 4217 4216 4214
f 4214 4213 4215
f 3616 3618 3610
f 3618 3616 3619
f 3617 3619 3616
f 4226 4227 4221
f 4215 4225 4220
f 4228 4227 4226
f 4225 4215 3619
f 4226 4225 3623
f 3623 3617 3620
f 3620 3622 3623
f 4226 3630 4228
f 4233 4235 4231
f 4231 4235 4238
f 3632 3641 3635
f 4245 4232 4099
f 4100 4101 4246
f 4109 4101 4100
f 4104 4101 4109
f 4099 4232 3633
f 4099 3633 3647
f 3528 3652 3645
f 3653 3652 3528
f 3532 3653 3528
f 3652 4100 4099
f 4233 4231 4239
f 4248 4239 4245
f 4243 4242 4238
f 4245 4246 4248
f 4247 4248 4246
f 3633 4232 4242
f 4243 3641 4242
f 3639 3646 3647
f 3645 3647 3646
f 4105 4104 4106
f 4104 4103 4106
f 4120 4119 4116
f 4115 4119 4118
f 4117 4119 4115
f 4116 4119 4117
f 4119 4120 4118
f 3533 3530 3534
f 4108 4109 3653
f 3532 3533 3534
f 4140 4147 4149
f 4147 4150 4149
f 4148 4150 4147
f 4150 4151 4149
f 4154 4156 4153
f 4157 4156 4158
f 4156 4154 4158
f 4154 4155 4158
f 4217 4222 4223
f 4222 4217 4220
f 4221 4222 4220
f 4223 4222 4224
f 4222 4221 4224
f 4229 4227 4228
f 4229 4263 4260
f 4261 4230 4260
f 3630 3622 3629
f 3630 3660 4228
f 3655 3661 3660
f 3660 4229 4228
f 4263 4264 4260
f 4268 4266 4264
f 4264 4263 4265
f 3659 3661 3655
f 3661 3659 3662
f 4265 4273 4270
f 4274 4270 4273
f 4273 4265 3662
f 3667 4274 4273
f 3662 3667 4273
f 4237 4236 4235
f 4234 4236 4282
f 4244 4236 4234
f 4282 4285 4234
f 3637 3680 3675
f 3681 3680 3637
f 3680 3682 3675
f 4278 4287 4284
f 4286 4277 4281
f 4283 4284 4282
f 4286 4288 4287
f 4285 4287 4288
f 4281 3673 4286
f 3687 3672 3676
f 4286 3687 4288
f 4288 3687 3682
f 3682 4285 4288
f 4243 4238 4244
f 4243 3681 3641
f 4243 4244 3681
f 4268 4271 4272
f 4271 4268 4270
f 3666 3667 3663
f 4271 4275 4294
f 4276 4304 4303
f 4274 3690 4275
f 4276 4275 3690
f 3666 3689 3690
f 3694 3698 4276
f 4276 3698 4304
f 4305 4307 4300
f 4294 4299 4295
f 4303 4299 4294
f 4304 4305 4303
f 4306 4305 4304
f 3691 3694 3689
f 3703 3692 3704
f 3703 3698 3694
f 3698 3703 4306
f 4306 4304 3698
f 4277 4292 4281
f 4311 4279 4313
f 4277 4278 4279
f 4311 4312 4292
f 3705 3673 4281
f 4292 3705 4281
f 3705 3713 3673
f 3711 3686 3713
f 3714 3711 3713
f 4319 4318 4317
f 4316 4311 4313
f 4319 4317 4316
f 4323 4312 4317
f 3706 4312 4323
f 3706 3708 3714
f 3708 3706 4323
f 3709 3707 3708
f 3711 3714 3712
f 4300 4307 4310
f 4309 4307 4308
f 4309 4336 4331
f 4332 4310 4331
f 3704 3692 3702
f 3704 3728 4308
f 3723 3729 3728
f 3728 4309 4308
f 4337 4339 4328
f 4333 4337 4328
f 4333 4332 4331
f 4338 4337 4336
f 4340 4338 3736
f 3727 3729 3723
f 4338 4336 3729
f 3732 3736 3727
f 4318 4325 4324
f 4343 4320 4345
f 4318 4319 4320
f 4343 4344 4325
f 3737 3709 4324
f 4325 3737 4324
f 3737 3744 3709
f 3742 3721 3744
f 3745 3742 3744
f 4347 4343 4345
f 4349 4348 4347
f 4350 4344 4348
f 4348 4352 4350
f 4352 4354 4355
f 3738 4344 4350
f 4352 3740 4350
f 3738 3740 3745
f 3740 3738 4350
f 4355 3753 4352
f 3742 3745 3743
f 4328 4339 4342
f 4341 4339 4340
f 4341 4366 4362
f 4363 4342 4362
f 3755 3760 3735
f 3755 3761 3760
f 3760 4341 4340
f 3736 3732 3735
f 4367 4370 4361
f 4364 4367 4361
f 4364 4363 4362
f 4368 4367 4366
f 4371 4368 3768
f 3759 3761 3755
f 4368 4366 3761
f 3764 3768 3759
f 4357 4354 4349
f 4354 4356 4355
f 4377 4379 4356
f 4378 4377 4357
f 3752 3739 3753
f 4355 3775 3753
f 3775 3776 3770
f 4355 4356 3775
f 4380 4379 4377
f 4380 4382 4386
f 4379 4380 4381
f 3770 3776 3774
f 3774 3776 3777
f 4381 4387 4392
f 4393 4392 4387
f 4381 4392 3777
f 4393 3784 4392
f 3777 4392 3784
f 4361 4370 4374
f 4372 4398 4414
f 4373 4370 4371
f 4416 4374 4415
f 3791 4398 4372
f 3801 3791 4372
f 3799 3806 3767
f 3806 4373 4371
f 3768 3764 3767
f 3806 4372 4373
f 4404 4405 4403
f 4403 4398 4411
f 4414 4398 4403
f 4414 4417 4415
f 4417 4416 4415
f 4411 4398 3791
f 3795 3791 3801
f 3791 3795 4411
f 3795 3793 3796
f 3801 3799 3800
f 4388 4386 4389
f 4386 4388 4387
f 3778 3784 3782
f 4390 4388 4389
f 4395 4390 4397
f 4396 4394 4395
f 4421 4395 4397
f 4422 4421 4397
f 3790 3783 3811
f 4394 3808 4393
f 4394 4396 3808
f 3808 4396 3811
f 3810 3790 3811
f 4424 3816 4396
f 4425 4424 4421
f 4427 4425 4426
f 4424 4425 4427
f 3810 3816 3815
f 3815 3816 3817
f 4432 4426 4429
f 4434 4433 4432
f 4433 4426 4432
f 4433 4437 4436
f 4437 4438 4439
f 4427 4436 3817
f 3817 4436 3824
f 3833 3825 4437
f 4439 3833 4437
f 4469 4401 4400
f 4400 4401 4413
f 4400 4472 4469
f 4413 4401 4406
f 3870 4400 4413
f 3870 4472 4400
f 4471 4474 4462
f 4467 4461 4473
f 4471 4470 4469
f 4473 4474 4475
f 4475 4474 4472
f 4473 3859 4467
f 3880 3859 4473
f 4475 3871 3881
f 4408 4406 4407
f 4404 4406 4408
f 4405 4404 4408
f 3796 3793 3794
f 4412 3796 3869
f 3872 3870 3869
f 3868 3872 3869
f 3870 3872 3871
f 3868 3867 3872
f 3872 3867 3871
f 3818 3824 3822
f 4440 4438 4434
f 4440 4441 4438
f 4448 4441 4444
f 4440 4442 4441
f 3824 3825 3822
f 3823 3822 3825
f 3833 3832 3830
f 4439 4448 3882
f 3882 3835 3832
f 4444 4449 4448
f 4446 4444 4445
f 4450 4446 4452
f 4451 4449 4450
f 4453 4455 4483
f 4481 4450 4452
f 3842 3836 3885
f 3883 3835 3882
f 4449 4451 3883
f 3883 4451 3885
f 3884 3842 3885
f 4482 3890 4451
f 4484 4482 4481
f 4483 4484 4481
f 4484 4483 4485
f 4486 4484 4485
f 4482 4484 4486
f 3884 3890 3887
f 3887 3890 3891
f 3891 3888 3887
f 4483 4455 4488
f 4456 4487 4492
f 4492 4495 4456
f 3851 3845 3894
f 3892 4487 4456
f 3845 3889 3894
f 3893 3851 3894
f 4495 3899 4456
f 4493 4492 4491
f 4485 4487 4486
f 4493 4500 4496
f 4498 4496 4497
f 4495 4496 4498
f 3889 3888 3892
f 3892 3888 3891
f 3893 3899 3897
f 3897 3899 3900
f 3900 3898 3897
f 4457 4499 4507
f 4507 4510 4457
f 3901 4499 4457
f 3905 3901 4457
f 4457 3910 3905
f 4510 3910 4457
f 4506 4497 4501
f 4508 4507 4506
f 4497 4499 4498
f 4508 4514 4511
f 4513 4511 4512
f 4510 4511 4513
f 3901 3898 3900
f 3904 3902 3905
f 3909 3910 3911
f 4523 4522 4521
f 4520 4512 4515
f 4523 4521 4520
f 4521 4512 4520
f 4513 4524 3911
f 4525 3917 4524
f 3911 4524 3917
f 4559 4553 4552
f 4559 4552 4565
f 4573 4572 4567
f 4566 4552 4553
f 4552 4567 4565
f 4567 4552 4566
f 4575 4573 4570
f 4570 4578 4575
f 4577 4575 4576
f 4572 4573 4574
f 4572 3921 4568
f 3929 3921 4572
f 4574 3922 3930
f 4577 3922 4574
f 3922 3936 3930
f 4587 4459 4458
f 4458 4459 4468
f 4458 4591 4587
f 4468 4459 4463
f 3953 4458 4468
f 3953 4591 4458
f 4593 4592 4585
f 4584 4576 4579
f 4585 4576 4584
f 4585 4592 4586
f 4589 4588 4587
f 4592 4593 4594
f 4594 4593 4591
f 4577 4586 3922
f 3922 4586 3936
f 3940 3932 3956
f 3956 4592 4594
f 3949 3940 3956
f 3954 3950 3949
f 4465 4463 4464
f 4461 4463 4465
f 4462 4461 4465
f 4467 3859 3952
f 3955 3953 3952
f 3951 3955 3952
f 3880 3879 3877
f 3879 3880 3881
f 3881 3875 3879
f 3953 3955 3954
f 3951 3950 3955
f 3955 3950 3954
f 3913 3917 3916
f 4522 4529 4525
f 4530 4529 4522
f 4531 4529 4530
f 4533 4537 4599
f 4597 4530 4532
f 4529 3960 4525
f 4529 4531 3960
f 3960 3959 3916
f 4531 3967 3965
f 4598 3967 4531
f 4600 4598 4597
f 4599 4600 4597
f 4600 4599 4601
f 4602 4600 4601
f 4598 4600 4602
f 3961 3959 3965
f 3975 3963 3974
f 3976 3975 3974
f 3965 3967 3974
f 3968 3980 3976
f 4599 4537 4603
f 4540 4542 4614
f 4607 4540 4614
f 4612 4611 4605
f 4605 4601 4604
f 4605 4611 4606
f 4615 4612 4608
f 4615 4614 4616
f 4617 4615 4616
f 4611 4612 4613
f 4602 4606 3968
f 3968 4606 3980
f 3991 3981 4611
f 4613 3983 3992
f 4617 3983 4613
f 3983 3997 3992
f 4614 4542 4618
f 4545 4548 4630
f 4623 4545 4630
f 4628 4627 4621
f 4621 4616 4620
f 4621 4627 4622
f 4631 4628 4624
f 4631 4630 4632
f 4633 4631 4632
f 4627 4628 4629
f 4617 4622 3983
f 3983 4622 3997
f 4012 3998 4627
f 4629 4004 4013
f 4633 4004 4629
f 4634 4549 4556
f 4556 4549 4560
f 4559 4561 4562
f 4558 4561 4569
f 4558 4557 4556
f 4560 4562 4561
f 4005 4635 4557
f 4020 4005 4557
f 4557 4033 4020
f 4034 4558 4569
f 4634 4632 4630
f 4632 4635 4633
f 4634 4635 4632
f 4005 4003 4004
f 4019 4015 4020
f 4029 4033 4035
f 4033 4034 4035
f 4035 4030 4029
f 4568 4569 4565
f 4568 3921 4032
f 4036 4034 4032
f 4031 4036 4032
f 3929 3928 3926
f 3928 3929 3930
f 4034 4036 4035
f 4031 4030 4036
f 4036 4030 4035
f 3937 3932 3935
f 3936 3937 3934
f 3935 3934 3937
f 3971 3963 3975
f 3975 3973 3971
f 3973 3975 3976
f 3980 3981 3978
f 3979 3978 3981
f 3991 3990 3988
f 3990 3991 3992
f 3997 3998 3995
f 3996 3995 3998
f 4012 4011 4009
f 4011 4012 4013
f 4013 4008 4011
f 4647 4648 4643
f 4647 4643 4646
f 4649 4648 4647
f 4646 4107 4647
f 4107 4121 4647
f 4647 4121 4649
f 4114 4124 4116
f 4660 4661 4654
f 4660 4654 4658
f 4662 4661 4660
f 4125 4114 4122
f 4124 4114 4125
f 4136 4660 4125
f 4134 4136 4127
f 4137 4136 4134
f 4670 4671 4665
f 4670 4665 4668
f 4672 4671 4670
f 4142 4135 4138
f 4141 4135 4142
f 4138 4140 4142
f 4670 4152 4672
f 4682 4683 4676
f 4682 4676 4680
f 4684 4683 4682
f 4680 4159 4682
f 4171 4155 4161
f 4169 4171 4161
f 4172 4171 4169
f 4692 4696 4687
f 4692 4687 4690
f 4697 4694 4701
f 4697 4693 4694
f 4175 4170 4173
f 4174 4170 4175
f 4185 4692 4175
f 4692 4185 4693
f 4180 4185 4178
f 4694 4693 4183
f 4181 4183 4180
f 4708 4695 4636
f 4636 4710 4708
f 4043 4052 4186
f 4636 4695 4184
f 4186 4182 4043
f 4188 4187 4054
f 4636 4186 4187
f 4190 4187 4188
f 4059 4188 4054
f 4704 4703 4702
f 4702 4695 4708
f 4702 4703 4701
f 4711 4715 4709
f 4712 4711 4713
f 4711 4710 4713
f 4184 4181 4182
f 4183 4181 4184
f 4713 4710 4190
f 4723 4714 4637
f 4637 4725 4723
f 4060 4067 4191
f 4059 4189 4188
f 4188 4189 4190
f 4189 4191 4637
f 4193 4192 4069
f 4637 4191 4192
f 4195 4192 4193
f 4073 4193 4069
f 4716 4712 4720
f 4724 4720 4723
f 4713 4714 4712
f 4726 4730 4724
f 4727 4726 4728
f 4726 4725 4728
f 4190 4714 4713
f 4728 4725 4195
f 4737 4729 4638
f 4638 4739 4737
f 4074 4081 4196
f 4073 4194 4193
f 4193 4194 4195
f 4194 4196 4638
f 4198 4197 4083
f 4638 4196 4197
f 4200 4197 4198
f 4087 4198 4083
f 4731 4727 4734
f 4738 4734 4737
f 4728 4729 4727
f 4740 4744 4738
f 4741 4740 4742
f 4740 4739 4742
f 4195 4729 4728
f 4742 4739 4200
f 4751 4743 4639
f 4639 4753 4751
f 4088 4093 4202
f 4087 4199 4198
f 4198 4199 4200
f 4199 4202 4639
f 4201 4202 4093
f 4639 4207 4753
f 4745 4741 4748
f 4752 4748 4751
f 4742 4743 4741
f 4754 4756 4752
f 4757 4756 4754
f 4754 4753 4755
f 4200 4743 4742
f 4205 4207 4201
f 4207 4205 4208
f 4206 4208 4205
f 4766 4767 4761
f 4755 4765 4760
f 4768 4767 4766
f 4765 4755 4208
f 4766 4765 4210
f 4210 4206 4209
f 4218 4766 4210
f 4216 4218 4212
f 4219 4218 4216
f 4217 4219 4216
f 4233 4240 4235
f 4641 4798 4644
f 4798 4641 4791
f 4102 4249 4247
f 4250 4249 4102
f 4249 4251 4247
f 4252 4249 4250
f 4105 4250 4102
f 4252 4251 4249
f 4783 4796 4792
f 4795 4782 4789
f 4792 4796 4799
f 4799 4800 4798
f 4800 4799 4801
f 4795 4797 4796
f 4241 4233 4239
f 4240 4233 4241
f 4253 4795 4241
f 4795 4253 4797
f 4797 4253 4251
f 4643 4650 4646
f 4802 4803 4650
f 4648 4652 4651
f 4655 4652 4659
f 4652 4653 4651
f 4650 4803 4252
f 4105 4106 4107
f 4120 4121 4118
f 4659 4649 4254
f 4798 4800 4802
f 4801 4803 4800
f 4800 4803 4802
f 4252 4803 4801
f 4656 4655 4657
f 4655 4654 4657
f 4812 4664 4666
f 4661 4664 4663
f 4666 4664 4669
f 4658 4254 4124
f 4658 4659 4254
f 4662 4137 4255
f 4669 4662 4255
f 4137 4141 4255
f 4812 4813 4810
f 4814 4813 4812
f 4666 4665 4667
f 4671 4674 4673
f 4677 4674 4681
f 4674 4675 4673
f 4152 4140 4149
f 4668 4255 4141
f 4668 4669 4255
f 4151 4152 4149
f 4681 4672 4256
f 4157 4256 4151
f 4812 4815 4814
f 4678 4677 4679
f 4677 4676 4679
f 4826 4686 4688
f 4683 4686 4685
f 4688 4686 4691
f 4158 4155 4159
f 4680 4681 4256
f 4157 4158 4159
f 4684 4172 4257
f 4691 4684 4257
f 4172 4174 4257
f 4826 4827 4824
f 4828 4827 4826
f 4688 4687 4689
f 4696 4699 4698
f 4697 4699 4696
f 4699 4700 4698
f 4690 4257 4174
f 4690 4691 4257
f 4826 4829 4828
f 4703 4705 4701
f 4706 4705 4707
f 4705 4703 4707
f 4703 4704 4707
f 4757 4762 4763
f 4762 4757 4760
f 4761 4762 4760
f 4763 4762 4764
f 4762 4761 4764
f 4847 4770 4771
f 4767 4770 4769
f 4771 4770 4772
f 4768 4219 4258
f 4772 4768 4258
f 4847 4849 4845
f 4850 4849 4847
f 4772 4773 4771
f 4847 4771 4848
f 4771 4773 4848
f 4774 4857 4856
f 4224 4230 4262
f 4223 4259 4258
f 4774 4773 4259
f 4259 4262 4774
f 4261 4262 4230
f 4774 4267 4857
f 4858 4860 4854
f 4856 4853 4848
f 4857 4858 4856
f 4859 4858 4857
f 4861 4859 4269
f 4266 4267 4261
f 4859 4857 4267
f 4268 4269 4266
f 4877 4780 4784
f 4779 4780 4871
f 4790 4780 4779
f 4871 4873 4779
f 4784 4780 4790
f 4780 4877 4871
f 4237 4289 4283
f 4290 4289 4237
f 4289 4291 4283
f 4869 4875 4872
f 4874 4868 4870
f 4879 4878 4877
f 4874 4876 4875
f 4873 4875 4876
f 4870 4280 4874
f 4293 4278 4284
f 4874 4293 4876
f 4876 4293 4291
f 4291 4873 4876
f 4784 4782 4785
f 4782 4783 4785
f 4789 4290 4240
f 4789 4790 4290
f 4877 4880 4879
f 4854 4860 4862
f 4892 4863 4865
f 4860 4863 4862
f 4865 4863 4866
f 4861 4269 4296
f 4866 4861 4296
f 4892 4896 4891
f 4899 4893 4901
f 4866 4867 4865
f 4892 4865 4894
f 4865 4867 4894
f 4867 4895 4894
f 4272 4297 4296
f 4272 4295 4297
f 4295 4298 4297
f 4894 4893 4892
f 4894 4895 4893
f 4905 4901 4904
f 4904 4895 4298
f 4298 4301 4904
f 4301 4300 4302
f 4299 4300 4301
f 4868 4886 4870
f 4887 4886 4868
f 4917 4887 4888
f 4916 4887 4917
f 4918 4917 4888
f 4279 4278 4280
f 4314 4280 4870
f 4886 4314 4870
f 4314 4315 4313
f 4911 4910 4909
f 4914 4907 4909
f 4909 4907 4916
f 4916 4917 4919
f 4918 4919 4917
f 4315 4907 4914
f 4321 4315 4914
f 4322 4319 4321
f 4321 4319 4316
f 4899 4902 4903
f 4902 4899 4901
f 4902 4906 4926
f 4906 4927 4926
f 4905 4302 4326
f 4905 4326 4906
f 4326 4302 4334
f 4332 4334 4310
f 4332 4335 4334
f 4935 4936 4934
f 4926 4933 4928
f 4934 4936 4933
f 4934 4927 4940
f 4940 4927 4327
f 4329 4327 4335
f 4327 4329 4940
f 4329 4328 4330
f 4335 4332 4333
f 4910 4922 4915
f 4923 4922 4910
f 4924 4922 4923
f 4946 4923 4925
f 4947 4946 4925
f 4320 4319 4322
f 4346 4322 4915
f 4922 4346 4915
f 4922 4924 4346
f 4924 4353 4351
f 4950 4353 4924
f 4945 4954 4951
f 4945 4951 4948
f 4947 4948 4946
f 4950 4951 4952
f 4347 4345 4351
f 4359 4349 4358
f 4351 4353 4358
f 4952 4358 4353
f 4353 4950 4952
f 4941 4942 4935
f 4962 4963 4937
f 4936 4935 4937
f 4943 4973 4972
f 4941 4330 4360
f 4941 4360 4942
f 4943 4942 4360
f 4360 4330 4365
f 4360 4365 4943
f 4363 4365 4342
f 4943 4369 4973
f 4974 4976 4968
f 4962 4967 4963
f 4972 4967 4962
f 4973 4974 4972
f 4975 4974 4973
f 4375 4361 4376
f 4364 4361 4375
f 4369 4375 4975
f 4975 4973 4369
f 4957 4954 4945
f 4958 4961 4983
f 4954 4956 4955
f 4981 4982 4956
f 4357 4349 4359
f 4955 4383 4359
f 4383 4384 4378
f 4955 4956 4383
f 4984 4982 4981
f 4983 4984 4981
f 4984 4983 4985
f 4986 4984 4985
f 4982 4984 4986
f 4378 4384 4382
f 4382 4384 4385
f 4983 4961 4987
f 4994 4993 4992
f 4994 4992 4991
f 4992 4985 4991
f 4986 4996 4385
f 4997 4391 4996
f 4385 4996 4391
f 5018 5010 5007
f 5018 5007 5024
f 5008 5011 4969
f 5008 4969 4978
f 4976 4980 4978
f 4980 4976 4977
f 4980 4979 4978
f 4376 4361 4374
f 4399 5009 4979
f 4418 4399 4979
f 4376 4419 4977
f 4419 4980 4977
f 4419 4979 4980
f 5008 5009 5007
f 5026 5024 5025
f 5025 5009 4399
f 4409 4399 4418
f 4399 4409 5025
f 4409 4405 4410
f 4418 4416 4417
f 4386 4391 4389
f 4993 4998 4997
f 4999 4998 4993
f 5000 4998 4999
f 5002 5004 5030
f 5028 4999 5001
f 4397 4390 4423
f 4998 4420 4997
f 4998 5000 4420
f 4420 5000 4423
f 4422 4397 4423
f 5029 4430 5000
f 5031 5029 5028
f 5030 5031 5028
f 5031 5030 5032
f 5033 5031 5032
f 5029 5031 5033
f 4422 4430 4428
f 4428 4430 4431
f 4431 4429 4428
f 5030 5004 5034
f 5043 5042 5038
f 5038 5032 5037
f 5038 5042 5039
f 5044 5043 5040
f 5040 5045 5044
f 5044 5045 5049
f 5050 5044 5049
f 5050 5043 5044
f 5033 5039 4431
f 5042 4435 5039
f 4432 4429 4435
f 4435 4434 4432
f 5048 4443 5042
f 5051 5060 5059
f 5057 5051 5059
f 5059 5060 5061
f 5059 4447 5057
f 4454 4447 5059
f 5061 4454 5059
f 5130 5120 5118
f 5130 5118 5136
f 5119 5121 5005
f 5119 5005 5016
f 5016 5005 5019
f 5119 5016 5140
f 5018 5020 5021
f 5017 5020 5027
f 5019 5021 5020
f 4470 4476 4402
f 4402 4476 4477
f 4470 4478 4476
f 4477 4407 4402
f 5143 5142 5137
f 5140 5143 5137
f 5118 5137 5136
f 5141 5143 5140
f 5142 5143 5144
f 5144 5143 5141
f 5142 4466 5138
f 4471 4462 4479
f 4479 5142 5144
f 4478 4479 5144
f 5144 5141 4478
f 5026 5027 5024
f 4410 4405 4408
f 5026 4477 5027
f 4408 4407 4410
f 5052 5049 5053
f 5050 5058 5048
f 4440 4434 4443
f 4443 4442 4440
f 5048 5058 4480
f 4480 4445 4442
f 5054 5052 5053
f 5051 5052 5054
f 5062 5063 5060
f 5070 5063 5066
f 5062 5064 5063
f 5057 4480 5058
f 4446 4445 4447
f 4454 4453 4452
f 5061 5070 4489
f 4489 4455 4453
f 5066 5071 5070
f 5068 5066 5067
f 5072 5068 5075
f 5073 5071 5072
f 5074 5076 5083
f 5074 5073 5072
f 5083 5076 5079
f 5075 5077 5076
f 4490 4455 4489
f 5071 5073 4490
f 4490 4488 4455
f 5073 4502 4494
f 4503 5074 5083
f 4491 4488 4494
f 4493 4491 4494
f 4500 4502 4504
f 4502 4503 4504
f 4504 4501 4500
f 5079 5084 5083
f 5081 5079 5080
f 5085 5081 5088
f 5086 5084 5085
f 5087 5089 5096
f 5087 5086 5085
f 5096 5089 5092
f 5088 5090 5089
f 5084 4503 5083
f 4509 4505 5086
f 5086 4516 4509
f 4517 5087 5096
f 4503 4505 4504
f 4505 4501 4504
f 4508 4506 4509
f 4514 4516 4518
f 4516 4517 4518
f 4518 4515 4514
f 5092 5097 5096
f 5094 5092 5093
f 5098 5094 5100
f 5099 5097 5098
f 5101 5103 5150
f 5148 5098 5100
f 5097 4517 5096
f 4526 4519 5099
f 5099 4527 4526
f 5149 4527 5099
f 5151 5149 5148
f 5150 5151 5148
f 5151 5150 5152
f 5153 5151 5152
f 5149 5151 5153
f 4517 4519 4518
f 4519 4515 4518
f 4535 4523 4534
f 4536 4535 4534
f 4526 4527 4534
f 4528 4538 4536
f 5150 5103 5154
f 5163 5162 5158
f 5158 5152 5157
f 5158 5162 5159
f 5164 5163 5160
f 5160 5166 5164
f 5173 5163 5164
f 5153 5159 4528
f 4528 5159 4538
f 4541 4539 5162
f 5172 4541 5162
f 5182 5181 5176
f 5175 5165 5167
f 5165 5176 5174
f 5176 5165 5175
f 5184 5182 5179
f 5179 5187 5184
f 5186 5184 5185
f 5181 5182 5183
f 5181 4543 5177
f 4546 4543 5181
f 5183 4544 4547
f 5186 4544 5183
f 4544 4550 4547
f 5104 5105 5202
f 5196 5104 5202
f 5200 5199 5194
f 5193 5185 5188
f 5194 5185 5193
f 5194 5199 5195
f 5203 5200 5197
f 5203 5202 5204
f 5205 5203 5204
f 5199 5200 5201
f 5186 5195 4544
f 4544 5195 4550
f 4563 4551 5199
f 5201 4554 4564
f 5205 4554 5201
f 5206 5106 5107
f 5107 5106 5110
f 5109 5111 5117
f 5109 5108 5107
f 5117 5111 5113
f 5110 5112 5111
f 4555 5207 5108
f 4571 4555 5108
f 5108 4580 4571
f 4581 5109 5117
f 5206 5204 5202
f 5204 5207 5205
f 5206 5207 5204
f 4555 4553 4554
f 4570 4566 4571
f 4578 4580 4582
f 4580 4581 4582
f 4582 4579 4578
f 5113 5126 5117
f 5115 5113 5114
f 5127 5115 5131
f 5128 5126 5127
f 5130 5132 5133
f 5129 5132 5139
f 5129 5128 5127
f 5131 5133 5132
f 5126 4581 5117
f 4590 4583 5128
f 4588 4595 4460
f 4460 4595 4596
f 4596 4464 4460
f 4595 5128 5129
f 4581 4583 4582
f 4583 4579 4582
f 4589 4584 4590
f 4590 4588 4589
f 5138 5139 5136
f 4466 4462 4465
f 5138 4596 5139
f 4465 4464 4466
f 4532 4523 4535
f 4535 4533 4532
f 4533 4535 4536
f 5173 5178 5172
f 5178 5173 5174
f 4541 4609 4539
f 4538 4539 4537
f 4610 4603 4609
f 4607 4610 4609
f 5172 5178 4619
f 4619 4542 4540
f 4604 4603 4610
f 4608 4604 4610
f 4610 4607 4608
f 5177 5178 5174
f 4546 4625 4543
f 5177 4619 5178
f 4626 4618 4625
f 4545 4546 4547
f 4623 4626 4625
f 4620 4618 4626
f 4624 4620 4626
f 4626 4623 4624
f 4550 4551 4548
f 4549 4548 4551
f 4563 4562 4560
f 4562 4563 4564
f 4564 4559 4562
f 5214 5235 5215
f 5235 5214 5231
f 5227 5241 5234
f 5227 5234 5232
f 5232 5234 5236
f 5236 5237 5235
f 5234 5241 5244
f 5236 5234 5244
f 5238 5219 5216
f 5219 5220 5216
f 5238 5249 5219
f 5221 5253 5224
f 5250 5220 5219
f 5249 5250 5219
f 5252 5246 5251
f 5235 5237 5238
f 5246 5252 5249
f 5246 5237 5245
f 5253 5250 5254
f 5254 5255 5253
f 5254 5252 5259
f 5247 4640 5251
f 4640 4642 5251
f 5251 4642 5258
f 5224 5253 5256
f 5262 5255 5260
f 5255 5262 5261
f 5260 5263 5262
f 5265 5267 5268
f 5268 5269 5265
f 5277 5269 5268
f 5277 5268 5278
f 5267 5272 5278
f 5268 5267 5278
f 4718 4704 4717
f 4717 4704 4709
f 4719 4718 4717
f 4715 4717 4709
f 4719 4717 4715
f 5296 5297 5291
f 5296 5291 5294
f 5298 5297 5296
f 4722 4716 4720
f 4721 4716 4722
f 4732 5296 4722
f 4730 4732 4724
f 4733 4732 4730
f 5308 5309 5302
f 5308 5302 5306
f 5310 5309 5308
f 4736 4731 4734
f 4735 4731 4736
f 4746 5308 4736
f 4744 4746 4738
f 4747 4746 4744
f 5317 5318 5313
f 5317 5313 5315
f 5319 5318 5317
f 4750 4745 4748
f 4749 4745 4750
f 4758 5317 4750
f 4756 4758 4752
f 4759 4758 4756
f 4757 4759 4756
f 5326 5228 5327
f 5326 5242 5228
f 5326 5335 5242
f 5243 5241 5242
f 5248 5245 5244
f 5248 5243 4776
f 5336 4776 5243
f 5331 5339 5337
f 5330 5326 5327
f 5335 5326 5330
f 5335 5337 5336
f 5336 5337 5338
f 5340 4781 5338
f 5338 4781 4777
f 4781 4786 4777
f 5247 5245 5248
f 5259 5258 5264
f 5264 5260 5259
f 4642 4640 4793
f 4775 4640 5247
f 4778 4775 4776
f 4775 4793 4640
f 4794 4791 4793
f 5264 5258 4804
f 4644 4804 4641
f 4776 4777 4778
f 4786 4788 4787
f 4778 4787 4794
f 4788 4783 4787
f 4791 4794 4792
f 5263 5273 5274
f 5274 5272 5263
f 5273 5275 5274
f 5277 5279 5280
f 5276 5272 5274
f 5275 5276 5274
f 4645 4651 4806
f 4644 4805 4804
f 5275 5273 4805
f 4805 4806 5275
f 4808 4807 4653
f 5275 4806 4807
f 4656 4808 4653
f 4807 5276 5275
f 5282 5283 5279
f 5279 5283 5343
f 5284 5350 5347
f 4657 4663 4811
f 4656 4809 4808
f 5284 5283 4809
f 4809 4811 5284
f 4810 4811 4663
f 5284 4816 5350
f 5343 5346 5344
f 5348 5346 5347
f 5347 5346 5343
f 5351 5355 5348
f 5352 5351 5353
f 5351 5350 5353
f 4813 4816 4810
f 4816 4813 4817
f 4814 4817 4813
f 5361 5354 5285
f 5285 5363 5361
f 4667 4673 4819
f 5285 5354 4818
f 4819 4815 4667
f 4821 4820 4675
f 5285 4819 4820
f 4823 4820 4821
f 4678 4821 4675
f 5356 5352 5359
f 5362 5359 5361
f 5353 5354 5352
f 5364 5367 5362
f 5368 5367 5364
f 5364 5363 5365
f 4818 4814 4815
f 4817 4814 4818
f 5365 5363 4823
f 5378 5366 5286
f 5286 5380 5378
f 4679 4685 4825
f 4678 4822 4821
f 4821 4822 4823
f 4822 4825 5286
f 4824 4825 4685
f 5286 4830 5380
f 5374 5373 5372
f 5372 5366 5378
f 5372 5373 5371
f 5381 5385 5379
f 5382 5381 5383
f 5381 5380 5383
f 4823 5366 5365
f 4827 4830 4824
f 4830 4827 4831
f 4828 4831 4827
f 5394 5384 5287
f 5287 5396 5394
f 4689 4698 4833
f 5287 5384 4832
f 4833 4829 4689
f 4835 4834 4700
f 5287 4833 4834
f 4837 4834 4835
f 4706 4835 4700
f 5386 5382 5390
f 5395 5390 5394
f 5383 5384 5382
f 5397 5401 5395
f 5398 5397 5399
f 5397 5396 5399
f 4832 4828 4829
f 4831 4828 4832
f 5399 5396 4837
f 5409 5400 5288
f 5412 5290 5292
f 5289 5290 5410
f 5295 5290 5289
f 5292 5290 5295
f 5290 5412 5410
f 4706 4836 4835
f 4835 4836 4837
f 4836 4838 5288
f 4718 4839 4838
f 5288 4838 4839
f 4719 4721 4840
f 4839 5289 5288
f 5402 5398 5406
f 5411 5406 5409
f 5399 5400 5398
f 5409 5410 5411
f 5414 5413 5412
f 4837 5400 5399
f 5292 5291 5293
f 5297 5300 5299
f 5303 5300 5307
f 5300 5301 5299
f 5294 4840 4721
f 5294 5295 4840
f 5298 4733 4841
f 5307 5298 4841
f 4733 4735 4841
f 5412 5415 5414
f 5304 5303 5305
f 5303 5302 5305
f 5426 5312 5314
f 5309 5312 5311
f 5314 5312 5316
f 5306 4841 4735
f 5306 5307 4841
f 5310 4747 4842
f 5316 5310 4842
f 4747 4749 4842
f 5426 5428 5424
f 5429 5428 5426
f 5426 5314 5427
f 5313 5318 5320
f 5427 5320 5434
f 5437 5321 5322
f 5434 5320 5435
f 5322 5321 5323
f 5321 5437 5435
f 5315 4842 4749
f 5315 5316 4842
f 5319 4759 4843
f 5323 5319 4843
f 5436 5432 5434
f 5434 5432 5427
f 5434 5435 5436
f 5440 5439 5437
f 5323 5324 5322
f 5437 5322 5438
f 5322 5324 5438
f 5325 5449 5447
f 4764 4769 4846
f 4763 4844 4843
f 5325 5324 4844
f 4844 4846 5325
f 4845 4846 4769
f 5325 4851 5449
f 5448 5443 5447
f 5447 5443 5438
f 5450 5452 5448
f 5453 5452 5450
f 5450 5449 5451
f 4849 4851 4845
f 4851 4849 4852
f 4850 4852 4849
f 5462 5463 5458
f 5451 5461 5457
f 5464 5463 5462
f 5461 5451 4852
f 5462 5461 4855
f 4855 4850 4853
f 4853 4854 4855
f 5462 4864 5464
f 5469 5475 5467
f 5467 5475 5478
f 5468 5332 5470
f 5468 5341 5332
f 5468 5482 5341
f 5342 5339 5341
f 5339 5342 5340
f 5340 4881 4781
f 4881 4786 4781
f 5483 4883 5342
f 5479 5484 5482
f 5479 5467 5478
f 5478 5480 5479
f 5482 5484 5483
f 5483 5484 5485
f 4890 4869 4889
f 4889 4869 4872
f 4878 4889 4872
f 4879 4884 4878
f 4785 4783 4788
f 4883 4882 4881
f 4885 4882 4883
f 4882 4885 4880
f 4883 4884 4885
f 4885 4879 4880
f 4884 4879 4885
f 5368 5375 5376
f 5375 5368 5371
f 5373 5375 5371
f 5376 5375 5377
f 5375 5373 5377
f 5373 5374 5377
f 5453 5459 5460
f 5459 5453 5457
f 5458 5459 5457
f 5458 5463 5465
f 5505 5465 5516
f 5463 5466 5465
f 5466 5463 5464
f 4864 4854 4862
f 4864 4897 5464
f 4891 4898 4897
f 4897 5466 5464
f 5518 5520 5513
f 5505 5512 5506
f 5516 5512 5505
f 5517 5518 5516
f 5519 5518 5517
f 5521 5519 4900
f 4896 4898 4891
f 5519 5517 4898
f 4899 4900 4896
f 5475 5481 5478
f 5525 5476 5524
f 5524 5529 5525
f 5526 5532 5534
f 5481 5480 5478
f 5527 5481 5525
f 5488 5486 5480
f 5490 5486 5488
f 5486 5490 5487
f 5489 5490 5488
f 4888 4869 4890
f 5489 5528 4908
f 5489 4908 4920
f 5487 4921 4890
f 5487 5490 4921
f 4921 5490 5489
f 5525 5526 5527
f 5526 5528 5527
f 5538 5537 5534
f 4908 5528 5537
f 4908 4912 4920
f 4912 4908 5537
f 4913 4911 4912
f 4918 4920 4919
f 5513 5520 5523
f 5522 5520 5521
f 5522 5551 5546
f 5547 5523 5546
f 5521 4900 4929
f 4931 5551 5522
f 5552 5554 5543
f 5548 5552 5543
f 5548 5547 5546
f 5556 5553 5558
f 5556 5554 5552
f 5553 5551 4931
f 4903 4930 4929
f 4929 4930 4931
f 4932 4931 4930
f 4903 4928 4930
f 4928 4932 4930
f 5553 5559 5558
f 5560 5558 5559
f 4932 4938 5559
f 4938 4936 4939
f 4933 4936 4938
f 5535 5532 5536
f 5532 5535 5534
f 5562 5539 5535
f 5570 5571 5540
f 4944 4913 5538
f 5539 4944 5538
f 5539 5540 4944
f 4944 4949 4913
f 4944 5540 4949
f 4947 4925 4949
f 5571 4953 5540
f 5568 5574 5572
f 5567 5562 5563
f 5570 5562 5567
f 5570 5572 5571
f 5571 5572 5573
f 4960 4945 4959
f 4959 4945 4948
f 5573 4959 4953
f 4953 5571 5573
f 5543 5554 5557
f 5555 5596 5591
f 5561 5556 5558
f 5592 5557 5591
f 4965 5555 5561
f 4965 5596 5555
f 5597 5599 5587
f 5593 5597 5587
f 5593 5592 5591
f 5602 5598 5603
f 5602 5599 5597
f 5598 5596 4965
f 5560 5561 5558
f 4939 4936 4937
f 5560 4939 4964
f 4966 4965 4964
f 4963 4966 4964
f 5598 5604 5603
f 5605 5603 5604
f 4966 4970 5604
f 4970 4968 4971
f 4967 4968 4970
f 5576 5574 5568
f 5576 5577 5574
f 5582 5577 5580
f 5576 5578 5577
f 4957 4945 4960
f 4960 4958 4957
f 5575 5582 4988
f 4988 4961 4958
f 5580 5583 5582
f 5607 5583 5580
f 5607 5608 5583
f 4989 4961 4988
f 4989 4987 4961
f 4989 4990 4987
f 5620 5619 5615
f 5614 5607 5609
f 5617 5608 5615
f 5615 5619 5617
f 5621 5620 5618
f 5618 5622 5621
f 5621 5622 5624
f 5625 5621 5624
f 5625 5620 5621
f 4990 5608 5617
f 5619 4995 5617
f 4995 4990 5617
f 4995 4994 4991
f 5623 5003 5619
f 5652 5644 5642
f 5652 5642 5658
f 5643 5645 5588
f 5643 5588 5600
f 5643 5600 5662
f 5599 5601 5600
f 5606 5602 5603
f 5013 5601 5606
f 5013 5663 5601
f 5665 5664 5659
f 5662 5665 5659
f 5642 5659 5658
f 5663 5665 5662
f 5664 5665 5666
f 5666 5665 5663
f 5664 5006 5660
f 5022 5006 5664
f 5666 5014 5023
f 5605 5606 5603
f 4971 4968 4969
f 5605 4971 5012
f 5015 5013 5012
f 5011 5015 5012
f 5013 5015 5014
f 5011 5010 5015
f 5015 5010 5014
f 5628 5624 5629
f 5625 5632 5623
f 5001 4994 5003
f 5003 5002 5001
f 5623 5632 5035
f 5035 5004 5002
f 5628 5633 5632
f 5630 5628 5629
f 5634 5630 5636
f 5635 5633 5634
f 5637 5639 5670
f 5668 5634 5636
f 5036 5004 5035
f 5633 5635 5036
f 5036 5034 5004
f 5635 5046 5041
f 5669 5046 5635
f 5671 5669 5668
f 5670 5671 5668
f 5671 5670 5672
f 5673 5671 5672
f 5669 5671 5673
f 5037 5034 5041
f 5040 5037 5041
f 5045 5046 5047
f 5670 5639 5674
f 5683 5682 5678
f 5678 5672 5677
f 5678 5682 5679
f 5684 5683 5680
f 5680 5686 5684
f 5693 5683 5684
f 5673 5679 5047
f 5047 5679 5055
f 5065 5056 5682
f 5692 5065 5682
f 5702 5701 5696
f 5695 5685 5687
f 5685 5696 5694
f 5696 5685 5695
f 5703 5702 5699
f 5699 5705 5703
f 5712 5702 5703
f 5701 5069 5697
f 5078 5069 5701
f 5711 5078 5701
f 5721 5720 5715
f 5714 5704 5706
f 5704 5715 5713
f 5715 5704 5714
f 5722 5721 5718
f 5718 5724 5722
f 5731 5721 5722
f 5720 5082 5716
f 5091 5082 5720
f 5730 5091 5720
f 5740 5739 5734
f 5733 5723 5725
f 5723 5734 5732
f 5734 5723 5733
f 5741 5740 5737
f 5737 5743 5741
f 5750 5740 5741
f 5739 5095 5735
f 5102 5095 5739
f 5749 5102 5739
f 5752 5742 5744
f 5742 5753 5751
f 5753 5742 5752
f 5753 5754 5751
f 5759 5758 5756
f 5756 5760 5759
f 5759 5760 5770
f 5771 5759 5770
f 5771 5765 5758
f 5771 5758 5759
f 5826 5838 5816
f 5824 5826 5816
f 5827 5826 5824
f 5824 5830 5827
f 5843 5838 5826
f 5843 5826 5827
f 5829 5832 5640
f 5829 5640 5650
f 5650 5640 5653
f 5829 5650 5848
f 5652 5654 5655
f 5651 5654 5661
f 5653 5655 5654
f 5123 5651 5661
f 5123 5849 5651
f 5851 5850 5845
f 5848 5851 5845
f 5828 5845 5844
f 5849 5851 5848
f 5850 5851 5852
f 5852 5851 5849
f 5850 5116 5846
f 5134 5116 5850
f 5852 5124 5135
f 5660 5661 5658
f 5660 5006 5122
f 5125 5123 5122
f 5121 5125 5122
f 5022 5021 5019
f 5021 5022 5023
f 5023 5018 5021
f 5123 5125 5124
f 5121 5120 5125
f 5125 5120 5124
f 5049 5055 5053
f 5693 5698 5692
f 5698 5693 5694
f 5055 5056 5053
f 5054 5053 5056
f 5065 5064 5062
f 5692 5698 5145
f 5145 5067 5064
f 5697 5698 5694
f 5712 5717 5711
f 5717 5712 5713
f 5697 5145 5698
f 5068 5067 5069
f 5078 5077 5075
f 5711 5717 5146
f 5146 5080 5077
f 5716 5717 5713
f 5731 5736 5730
f 5736 5731 5732
f 5716 5146 5717
f 5081 5080 5082
f 5091 5090 5088
f 5730 5736 5147
f 5147 5093 5090
f 5735 5736 5732
f 5750 5755 5749
f 5755 5750 5751
f 5735 5147 5736
f 5094 5093 5095
f 5102 5101 5100
f 5749 5755 5155
f 5155 5103 5101
f 5767 5766 5754
f 5754 5765 5767
f 5768 5766 5767
f 5772 5770 5773
f 5765 5769 5767
f 5769 5768 5767
f 5156 5103 5155
f 5766 5768 5156
f 5156 5154 5103
f 5768 5168 5161
f 5169 5769 5778
f 5157 5154 5161
f 5160 5157 5161
f 5166 5168 5170
f 5168 5169 5170
f 5170 5167 5166
f 5772 5784 5778
f 5774 5772 5773
f 5785 5774 5788
f 5786 5784 5785
f 5787 5789 5800
f 5787 5786 5785
f 5800 5789 5794
f 5788 5790 5789
f 5784 5169 5778
f 5180 5171 5786
f 5786 5189 5180
f 5190 5787 5800
f 5169 5171 5170
f 5171 5167 5170
f 5179 5175 5180
f 5187 5189 5191
f 5189 5190 5191
f 5191 5188 5187
f 5794 5806 5800
f 5796 5794 5795
f 5807 5796 5810
f 5808 5806 5807
f 5809 5811 5823
f 5809 5808 5807
f 5823 5811 5817
f 5810 5812 5811
f 5806 5190 5800
f 5198 5192 5808
f 5196 5208 5104
f 5104 5208 5209
f 5209 5105 5104
f 5208 5808 5809
f 5190 5192 5191
f 5192 5188 5191
f 5197 5193 5198
f 5198 5196 5197
f 5817 5839 5823
f 5819 5817 5818
f 5841 5839 5840
f 5838 5842 5840
f 5842 5841 5840
f 5847 5843 5844
f 5110 5106 5211
f 5210 5105 5209
f 5839 5841 5210
f 5210 5841 5211
f 5112 5212 5213
f 5841 5212 5211
f 5213 5114 5112
f 5212 5841 5842
f 5846 5847 5844
f 5846 5213 5847
f 5115 5114 5116
f 5134 5133 5131
f 5133 5134 5135
f 5135 5130 5133
f 5867 5870 5860
f 5867 5860 5865
f 5871 5869 5876
f 5871 5868 5869
f 5865 5217 5867
f 5217 5222 5867
f 5868 5223 5218
f 5869 5868 5218
f 5223 5225 5218
f 5869 5880 5876
f 5881 5876 5880
f 5880 5869 5218
f 5225 5881 5880
f 5218 5225 5880
f 5889 5892 5886
f 5886 5892 5893
f 5887 5853 5890
f 5887 5854 5853
f 5854 5857 5853
f 5866 5858 5856
f 5855 5856 5854
f 5861 5858 5866
f 5858 5859 5857
f 5855 5888 5226
f 5855 5226 5233
f 5214 5239 5231
f 5240 5239 5214
f 5215 5240 5214
f 5239 5856 5855
f 5886 5888 5887
f 5898 5897 5893
f 5226 5888 5897
f 5226 5229 5233
f 5229 5226 5897
f 5230 5227 5229
f 5231 5233 5232
f 5862 5861 5863
f 5861 5860 5863
f 5870 5873 5872
f 5871 5873 5870
f 5873 5874 5872
f 5865 5866 5240
f 5215 5216 5217
f 5221 5222 5220
f 5222 5221 5223
f 5878 5877 5879
f 5883 5885 5879
f 5882 5884 5883
f 5905 5885 5883
f 5906 5885 5905
f 5881 5257 5882
f 5884 5882 5257
f 5224 5256 5257
f 5266 5270 5884
f 5884 5270 5908
f 5908 5909 5905
f 5913 5911 5909
f 5909 5908 5910
f 5261 5266 5256
f 5261 5265 5266
f 5270 5269 5271
f 5910 5919 5915
f 5920 5915 5919
f 5919 5910 5271
f 5281 5920 5919
f 5271 5281 5919
f 5894 5892 5895
f 5892 5894 5893
f 5930 5935 5927
f 5927 5935 5938
f 5928 5902 5894
f 5928 5929 5902
f 5228 5227 5230
f 5328 5230 5898
f 5902 5328 5898
f 5328 5329 5327
f 5927 5929 5928
f 5941 5940 5938
f 5329 5929 5940
f 5333 5329 5940
f 5334 5331 5333
f 5333 5331 5330
f 5913 5916 5917
f 5916 5913 5915
f 5280 5281 5277
f 5917 5916 5918
f 5922 5924 5918
f 5921 5923 5922
f 5945 5924 5922
f 5946 5924 5945
f 5920 5345 5921
f 5923 5921 5345
f 5280 5344 5345
f 5349 5357 5923
f 5923 5357 5948
f 5948 5949 5945
f 5953 5951 5949
f 5949 5948 5950
f 5346 5349 5344
f 5346 5348 5349
f 5357 5355 5358
f 5356 5358 5355
f 5961 5962 5956
f 5950 5960 5955
f 5963 5962 5961
f 5960 5950 5358
f 5961 5960 5360
f 5360 5356 5359
f 5369 5961 5360
f 5367 5369 5362
f 5370 5369 5367
f 5368 5370 5367
f 5388 5374 5387
f 5387 5374 5379
f 5389 5388 5387
f 5385 5387 5379
f 5389 5387 5385
f 5392 5393 5391
f 5392 5386 5390
f 5391 5386 5392
f 5405 5404 5403
f 5401 5403 5395
f 5405 5403 5401
f 5975 5979 5970
f 5975 5970 5973
f 5980 5977 5983
f 5980 5976 5977
f 5408 5402 5406
f 5407 5402 5408
f 5418 5975 5408
f 5975 5418 5976
f 5413 5418 5411
f 5977 5976 5416
f 5414 5416 5413
f 5988 5978 5925
f 5925 5989 5988
f 5293 5299 5419
f 5925 5978 5417
f 5419 5415 5293
f 5421 5420 5301
f 5925 5419 5420
f 5423 5420 5421
f 5304 5421 5301
f 5988 5990 5984
f 5984 5978 5988
f 5984 5985 5983
f 5989 5990 5988
f 5994 5991 5998
f 5994 5993 5990
f 5417 5414 5415
f 5416 5414 5417
f 5991 5989 5423
f 6004 5992 5926
f 5926 6005 6004
f 5305 5311 5425
f 5304 5422 5421
f 5421 5422 5423
f 5422 5425 5926
f 5424 5425 5311
f 5926 5430 6005
f 6004 6006 5999
f 5999 5992 6004
f 5999 6000 5998
f 6005 6006 6004
f 6009 6007 6013
f 6009 6008 6006
f 5423 5992 5991
f 5428 5430 5424
f 5430 5428 5431
f 5429 5431 5428
f 6019 6020 6014
f 6007 6018 6013
f 6021 6020 6019
f 6018 6007 5431
f 6019 6018 5433
f 5433 5429 5432
f 5441 6019 5433
f 5439 5441 5436
f 5442 5441 5439
f 5445 5446 5444
f 5445 5440 5443
f 5444 5440 5445
f 5456 5455 5454
f 5452 5454 5448
f 5456 5454 5452
f 5453 5456 5452
f 5937 5936 5935
f 5934 5936 6028
f 5942 5936 5934
f 6028 6030 5934
f 5942 5934 5472
f 6030 5472 5934
f 6031 6030 6028
f 6031 6032 6040
f 6041 6031 6040
f 6041 6038 6037
f 6038 5477 6037
f 6037 5477 5473
f 5941 5938 5942
f 5332 5331 5334
f 5471 5334 5941
f 5474 5471 5472
f 5471 5474 5470
f 5472 5473 5474
f 5474 5469 5470
f 5473 5469 5474
f 5953 5957 5958
f 5957 5953 5955
f 5956 5957 5955
f 5958 5957 5959
f 5957 5956 5959
f 5964 5962 5963
f 5964 6053 6049
f 6050 5965 6049
f 5963 5370 5491
f 5493 6053 5964
f 6053 6054 6049
f 6058 6057 6054
f 6054 6053 6055
f 6055 6053 5493
f 6067 6056 5966
f 5966 6068 6067
f 5376 5492 5491
f 5491 5492 5493
f 5492 5494 5966
f 5388 5495 5494
f 5966 5494 5495
f 5498 5495 5496
f 5389 5391 5496
f 6067 6069 6062
f 6062 6056 6067
f 6062 6063 6061
f 6068 6069 6067
f 6073 6070 6076
f 6073 6072 6069
f 5493 6056 6055
f 6070 6068 5498
f 6080 6071 5967
f 6083 5969 5971
f 5968 5969 6081
f 5974 5969 5968
f 5971 5969 5974
f 5969 6083 6081
f 5404 5499 5393
f 5496 5497 5498
f 5497 5393 5499
f 5497 5499 5967
f 5404 5500 5499
f 5967 5499 5500
f 5405 5407 5501
f 5500 5968 5967
f 6080 6082 6077
f 6077 6071 6080
f 6077 6078 6076
f 6083 6084 6081
f 6090 6084 6089
f 6090 6087 6082
f 6090 6082 6084
f 5498 6071 6070
f 5971 5970 5972
f 6099 5982 5986
f 5979 5982 5981
f 5980 5982 5979
f 5973 5501 5407
f 5973 5974 5501
f 6083 6086 6085
f 6099 6100 6096
f 6101 6100 6099
f 5985 5986 5983
f 5986 5985 5987
f 5993 5996 5995
f 5994 5996 5993
f 5996 5997 5995
f 6099 6102 6101
f 6000 6001 5998
f 6002 6001 6003
f 6001 6000 6003
f 6008 6011 6010
f 6009 6011 6008
f 6011 6012 6010
f 6014 6015 6013
f 6016 6015 6017
f 6015 6014 6017
f 6132 6023 6024
f 6020 6023 6022
f 6024 6023 6025
f 6021 5442 5502
f 6025 6021 5502
f 5442 5444 5502
f 6132 6134 6129
f 6135 6134 6132
f 6025 6026 6024
f 6132 6024 6133
f 6024 6026 6133
f 6027 6145 6144
f 5455 5504 5446
f 6027 6026 5503
f 5503 5446 5504
f 5503 5504 6027
f 5455 5507 5504
f 6027 5504 5507
f 5510 5507 5508
f 6146 6148 6140
f 6144 6139 6133
f 6145 6146 6144
f 6149 6147 6152
f 6149 6148 6146
f 6147 6145 5510
f 5460 5509 5508
f 5508 5509 5510
f 5511 5510 5509
f 5460 5506 5509
f 5506 5511 5509
f 6147 6154 6152
f 6155 6152 6154
f 5511 5514 6154
f 5514 5513 5515
f 5512 5513 5514
f 6043 6042 6040
f 6039 6042 6157
f 6157 6159 6039
f 6040 6042 6041
f 5476 5530 5524
f 5530 5531 5524
f 6038 6039 5530
f 5477 5476 5475
f 6160 6159 6157
f 6160 6161 6168
f 6169 6160 6168
f 6169 6167 6166
f 6167 5533 6166
f 5524 5531 5529
f 5531 6159 6166
f 5532 5529 5533
f 6058 6064 6065
f 6064 6058 6061
f 6063 6064 6061
f 6065 6064 6066
f 6064 6063 6066
f 6187 6075 6079
f 6072 6075 6074
f 6073 6075 6072
f 6187 6190 6184
f 6191 6188 6196
f 6078 6079 6076
f 6187 6079 6189
f 6078 6087 6088
f 6189 6088 6202
f 6090 6091 6087
f 6202 6088 6203
f 6089 6091 6090
f 6091 6205 6203
f 6199 6198 6197
f 6189 6188 6187
f 6188 6197 6196
f 6197 6198 6196
f 6202 6203 6204
f 6207 6206 6205
f 6205 6092 6208
f 6205 6208 6207
f 6140 6148 6150
f 6245 6151 6153
f 6148 6151 6150
f 6149 6151 6148
f 6244 6250 6236
f 6241 6244 6236
f 6246 6244 6241
f 6246 6245 6247
f 6252 6250 6244
f 6252 6244 6246
f 6245 6153 6248
f 6153 6156 6248
f 6156 6249 6248
f 6155 5515 5541
f 6155 5541 6156
f 5541 5515 5549
f 5547 5549 5523
f 5547 5550 5549
f 6248 6247 6245
f 6248 6249 6247
f 6256 6254 6255
f 6255 6249 5542
f 5544 5542 5550
f 5542 5544 6255
f 5544 5543 5545
f 5550 5547 5548
f 6170 6168 6171
f 6169 6173 6167
f 6167 5564 5533
f 6167 6173 5564
f 6170 6174 6173
f 6258 6174 6170
f 6258 6259 6174
f 5565 5536 5564
f 5565 5563 5536
f 5565 5566 5563
f 6263 6258 6260
f 6265 6264 6263
f 6267 6259 6264
f 6264 6268 6267
f 6268 6269 6270
f 5566 6259 6267
f 6268 5569 6267
f 5569 5566 6267
f 5569 5568 5567
f 6270 5579 6268
f 6200 6191 6196
f 6285 6192 6288
f 6288 6289 6285
f 6290 6289 6288
f 6198 6200 6196
f 6200 6198 6201
f 6198 6199 6201
f 6209 6213 6304
f 6301 6209 6304
f 6288 6291 6290
f 6304 6305 6301
f 6306 6305 6304
f 6304 6213 6307
f 6304 6307 6306
f 6236 6250 6253
f 6251 6359 6354
f 6257 6252 6254
f 6355 6253 6354
f 5585 6251 6257
f 5585 6359 6251
f 6360 6362 6348
f 6356 6360 6348
f 6356 6355 6354
f 6365 6361 6366
f 6365 6362 6360
f 6361 6359 5585
f 6256 6257 6254
f 6256 5545 5584
f 5586 5585 5584
f 5584 5545 5594
f 5592 5594 5557
f 5592 5595 5594
f 6361 6367 6366
f 6368 6366 6367
f 5589 5586 5595
f 5586 5589 6367
f 5589 5587 5590
f 5595 5592 5593
f 6272 6269 6265
f 6269 6271 6270
f 6370 6372 6271
f 6371 6370 6272
f 5576 5568 5579
f 5579 5578 5576
f 5610 5581 5578
f 6372 5612 6271
f 6373 6372 6370
f 6375 6373 6374
f 6372 6373 6375
f 5612 6372 6375
f 5611 5581 5610
f 5612 5611 5610
f 5613 5611 5612
f 5611 5609 5581
f 5611 5613 5609
f 6381 6374 6377
f 6383 6382 6381
f 6382 6374 6381
f 6382 6386 6385
f 6386 6387 6388
f 6386 5616 6385
f 5616 5613 6385
f 5626 5616 6386
f 5622 5618 5626
f 5622 5626 5627
f 5624 5622 5627
f 6393 6401 6400
f 6398 6393 6400
f 6400 6401 6402
f 6400 5631 6398
f 5638 5631 6400
f 6402 5638 6400
f 6279 6281 6432
f 6430 6279 6432
f 6432 6434 6430
f 6441 6433 6448
f 6432 6281 6435
f 6292 6296 6458
f 6453 6292 6458
f 6433 6450 6448
f 6450 6433 6449
f 6450 6451 6448
f 6459 6457 6454
f 6459 6458 6460
f 6467 6462 6457
f 6467 6457 6459
f 6461 6297 6308
f 6308 6297 6309
f 6461 6308 6472
f 6310 6314 6475
f 6473 6308 6309
f 6472 6308 6473
f 6461 6460 6458
f 6472 6474 6469
f 6460 6469 6468
f 6469 6470 6468
f 6475 6476 6473
f 6476 6475 6477
f 6484 6479 6474
f 6484 6474 6476
f 6475 6314 6478
f 6477 6487 6485
f 6487 6477 6486
f 6487 6488 6485
f 6494 6493 6490
f 6490 6495 6494
f 6494 6495 6508
f 6509 6494 6508
f 6509 6503 6493
f 6509 6493 6494
f 6344 6349 6573
f 6568 6344 6573
f 6572 6577 6560
f 6569 6572 6560
f 6574 6572 6569
f 6574 6573 6575
f 6582 6577 6572
f 6582 6572 6574
f 6576 6350 6363
f 6576 6363 6587
f 6362 6364 6363
f 6369 6365 6366
f 5647 6364 6369
f 5647 6588 6364
f 6590 6589 6584
f 6576 6575 6573
f 6587 6590 6584
f 6575 6584 6583
f 6588 6590 6587
f 6589 6590 6591
f 6591 6590 6588
f 6589 5641 6585
f 5656 5641 6589
f 6591 5648 5657
f 6368 6369 6366
f 5590 5587 5588
f 6368 5590 5646
f 5649 5647 5646
f 5645 5649 5646
f 5647 5649 5648
f 5645 5644 5649
f 5649 5644 5648
f 6389 6387 6383
f 6389 6390 6387
f 6399 6390 6394
f 6389 6391 6390
f 6388 5667 5627
f 6388 6399 5667
f 6396 6394 6395
f 6393 6394 6396
f 6403 6404 6401
f 6411 6404 6407
f 6403 6405 6404
f 6398 5667 6399
f 5630 5629 5631
f 5638 5637 5636
f 6402 6411 5675
f 5675 5639 5637
f 6407 6414 6411
f 6409 6407 6408
f 6415 6409 6418
f 6416 6414 6415
f 6417 6419 6429
f 6417 6416 6415
f 6429 6419 6423
f 6418 6420 6419
f 5676 5639 5675
f 6414 6416 5676
f 5676 5674 5639
f 6416 5688 5681
f 5689 6417 6429
f 5677 5674 5681
f 5680 5677 5681
f 5686 5688 5690
f 5688 5689 5690
f 5690 5687 5686
f 6423 6437 6429
f 6425 6423 6424
f 6438 6425 6442
f 6439 6437 6438
f 6441 6443 6444
f 6440 6443 6452
f 6440 6439 6438
f 6442 6444 6443
f 6437 5689 6429
f 5700 5691 6439
f 6439 5707 5700
f 5708 6440 6452
f 5689 5691 5690
f 5691 5687 5690
f 5699 5695 5700
f 5705 5707 5709
f 5707 5708 5709
f 5709 5706 5705
f 6464 6463 6451
f 6451 6462 6464
f 6465 6463 6464
f 6462 6466 6464
f 6466 6465 6464
f 6471 6467 6468
f 6463 5708 6452
f 5719 5710 6465
f 6465 5726 5719
f 5727 6466 6471
f 5708 5710 5709
f 5710 5706 5709
f 5718 5714 5719
f 5724 5726 5728
f 5726 5727 5728
f 5728 5725 5724
f 6481 6480 6470
f 6470 6479 6481
f 6482 6480 6481
f 6479 6483 6481
f 6483 6482 6481
f 6489 6484 6485
f 6480 5727 6471
f 5738 5729 6482
f 6482 5745 5738
f 5746 6483 6489
f 5727 5729 5728
f 5729 5725 5728
f 5737 5733 5738
f 5743 5745 5747
f 5745 5746 5747
f 5747 5744 5743
f 6505 6504 6488
f 6488 6503 6505
f 6506 6504 6505
f 6510 6508 6511
f 6503 6507 6505
f 6507 6506 6505
f 6504 5746 6489
f 5757 5748 6506
f 6506 5761 5757
f 5762 6507 6516
f 5746 5748 5747
f 5748 5744 5747
f 5756 5752 5757
f 5760 5761 5763
f 5761 5762 5763
f 6510 6525 6516
f 6512 6510 6511
f 6526 6512 6529
f 6527 6525 6526
f 6528 6530 6541
f 6528 6527 6526
f 6541 6530 6535
f 6529 6531 6530
f 6525 5762 6516
f 5779 5764 6527
f 6527 5780 5779
f 5781 6528 6541
f 5762 5764 5763
f 5776 5777 5775
f 5776 5764 5779
f 5776 5779 5791
f 5793 5792 5791
f 5779 5780 5791
f 5780 5781 5782
f 5782 5797 5793
f 6535 6550 6541
f 6537 6535 6536
f 6551 6537 6554
f 6552 6550 6551
f 6553 6555 6567
f 6553 6552 6551
f 6567 6555 6561
f 6554 6556 6555
f 6550 5781 6541
f 5801 5783 6552
f 6552 5802 5801
f 5803 6553 6567
f 5781 5783 5782
f 5798 5799 5797
f 5798 5783 5801
f 5798 5801 5813
f 5815 5814 5813
f 5801 5802 5813
f 5802 5803 5804
f 5804 5820 5815
f 6561 6578 6567
f 6563 6561 6562
f 6580 6578 6579
f 6577 6581 6579
f 6581 6580 6579
f 6586 6582 6583
f 6578 5803 6567
f 5825 5805 6580
f 6580 5834 5825
f 5835 6581 6586
f 5803 5805 5804
f 5821 5822 5820
f 5821 5805 5825
f 5821 5816 5822
f 5830 5834 5836
f 5834 5835 5836
f 5836 5831 5830
f 6585 6586 6583
f 6585 5641 5833
f 5837 5835 5833
f 5832 5837 5833
f 5656 5655 5653
f 5655 5656 5657
f 5657 5652 5655
f 5835 5837 5836
f 5832 5831 5837
f 5837 5831 5836
f 5770 5775 5773
f 5775 5777 5773
f 5774 5773 5777
f 5792 5790 5788
f 5790 5792 5793
f 5797 5799 5795
f 5796 5795 5799
f 5814 5812 5810
f 5812 5814 5815
f 5822 5816 5819
f 5820 5822 5818
f 5819 5818 5822
f 6602 6603 6597
f 6602 6597 6600
f 6604 6603 6602
f 6600 5864 6602
f 5864 5875 6602
f 6602 5875 6604
f 5889 5896 5892
f 6620 6613 6594
f 6623 6596 6598
f 6595 6596 6621
f 6601 6596 6595
f 6598 6596 6601
f 6596 6623 6621
f 5853 5857 5899
f 6594 6613 5891
f 5899 5890 5853
f 5901 5900 5859
f 6594 5899 5900
f 5862 5901 5859
f 5900 6595 6594
f 6616 6615 6614
f 6618 6613 6614
f 6614 6613 6620
f 6620 6621 6622
f 6625 6624 6623
f 5891 6613 6618
f 6619 5896 6618
f 5891 5889 5890
f 6598 6597 6599
f 6603 6606 6605
f 6608 6606 6610
f 6606 6607 6605
f 6600 6601 5901
f 5862 5863 5864
f 5874 5875 5872
f 6610 6604 5903
f 5878 5903 5874
f 6623 6626 6625
f 6610 6611 6608
f 6608 6611 6633
f 6612 6644 6642
f 5879 5885 5907
f 5878 5904 5903
f 6612 6611 5904
f 5904 5907 6612
f 5906 5907 5885
f 6612 5912 6644
f 6633 6640 6634
f 6643 6640 6642
f 6642 6640 6633
f 6646 6647 6643
f 6649 6647 6646
f 6649 6646 6650
f 6648 6650 6645
f 6648 6645 5914
f 5911 5912 5906
f 6645 6644 5912
f 5913 5914 5911
f 5892 5896 5895
f 5930 5939 5935
f 6615 6629 6619
f 6658 6617 6660
f 6615 6616 6617
f 6658 6659 6629
f 6629 5932 6619
f 5932 5931 5895
f 5932 5933 5931
f 6665 6664 6663
f 6662 6658 6660
f 6665 6663 6662
f 6669 6659 6663
f 5933 6659 6669
f 6670 5939 6669
f 5933 5930 5931
f 6649 6653 6654
f 6650 6648 6655
f 6648 5914 5943
f 6655 6648 5943
f 6655 6656 6653
f 6653 6656 6674
f 6657 6684 6683
f 5918 5924 5947
f 5917 5944 5943
f 6657 6656 5944
f 5944 5947 6657
f 5946 5947 5924
f 6657 5952 6684
f 6685 6687 6681
f 6674 6680 6675
f 6683 6680 6674
f 6684 6685 6683
f 6686 6685 6684
f 6688 6686 5954
f 5951 5952 5946
f 6686 6684 5952
f 5953 5954 5951
f 5937 6033 6029
f 6034 6033 5937
f 6033 6036 6029
f 6035 6033 6034
f 6035 6036 6033
f 6699 6705 6695
f 6706 6704 6703
f 6706 6703 6696
f 6704 6044 6703
f 6029 6036 6032
f 6040 6032 6044
f 6664 6673 6670
f 6697 6666 6700
f 6664 6665 6666
f 6697 6698 6673
f 6670 6034 5939
f 6673 6698 6035
f 6696 6698 6695
f 6695 6698 6697
f 6035 6698 6696
f 6681 6687 6689
f 6713 6690 6692
f 6687 6690 6689
f 6692 6690 6693
f 6688 5954 6045
f 6693 6688 6045
f 6713 6716 6712
f 6717 6716 6713
f 6693 6694 6692
f 6713 6692 6714
f 6692 6694 6714
f 6694 6715 6714
f 5959 5965 6051
f 5958 6046 6045
f 6050 6051 5965
f 6050 6052 6051
f 6722 6723 6721
f 6722 6715 6727
f 6728 6722 6727
f 6730 6729 6728
f 6727 6715 6047
f 6728 6727 6048
f 6048 6047 6052
f 6047 6048 6727
f 6059 6728 6048
f 6048 6052 6059
f 6060 6059 6057
f 6058 6060 6057
f 6085 6093 6089
f 5972 5981 6097
f 6097 6086 5972
f 6098 6086 6097
f 6096 6097 5981
f 6096 6098 6097
f 6094 6095 6093
f 6093 6085 6094
f 6094 6098 6103
f 6105 6104 6103
f 6105 6103 6100
f 5987 5995 6108
f 6108 6102 5987
f 6109 6102 6108
f 6111 6110 5997
f 6114 6110 6111
f 6002 6111 5997
f 6114 6113 6110
f 6735 6738 6733
f 6735 6733 6734
f 6742 6737 6743
f 6742 6736 6737
f 6106 6101 6107
f 6116 6735 6107
f 6107 6109 6116
f 6735 6116 6736
f 6109 6113 6116
f 6736 6116 6113
f 6003 6010 6118
f 6002 6112 6111
f 6111 6112 6114
f 6115 6114 6112
f 6121 6120 6012
f 6124 6120 6121
f 6016 6121 6012
f 6124 6123 6120
f 6747 6750 6744
f 6737 6745 6743
f 6754 6749 6755
f 6754 6748 6749
f 6747 6745 6117
f 6117 6115 6119
f 6115 6117 6745
f 6126 6747 6117
f 6117 6119 6126
f 6747 6126 6748
f 6119 6123 6126
f 6748 6126 6123
f 6017 6022 6130
f 6016 6122 6121
f 6121 6122 6124
f 6125 6124 6122
f 6129 6130 6022
f 6129 6131 6130
f 6749 6756 6755
f 6757 6755 6756
f 6127 6125 6131
f 6125 6127 6756
f 6127 6131 6136
f 6138 6137 6136
f 6138 6136 6134
f 6142 6143 6141
f 6142 6135 6139
f 6141 6135 6142
f 6142 6140 6143
f 6139 6140 6142
f 6707 6705 6708
f 6706 6710 6704
f 6043 6162 6158
f 6162 6164 6158
f 6044 6043 6040
f 6163 6164 6162
f 6763 6767 6760
f 6760 6767 6768
f 6158 6164 6161
f 6161 6164 6165
f 6164 6163 6165
f 6707 6711 6710
f 6761 6711 6707
f 6761 6762 6711
f 6711 6163 6710
f 6711 6762 6163
f 6760 6762 6761
f 6773 6772 6768
f 6773 6172 6772
f 6165 6772 6172
f 6775 6776 6724
f 6775 6724 6731
f 6775 6731 6784
f 6729 6732 6731
f 6732 6729 6730
f 6730 6060 6175
f 6177 6785 6732
f 6786 6788 6780
f 6775 6779 6776
f 6784 6779 6775
f 6785 6786 6784
f 6787 6786 6785
f 6789 6787 6180
f 6787 6178 6180
f 6178 6181 6180
f 6066 6074 6185
f 6065 6176 6175
f 6175 6176 6177
f 6179 6177 6176
f 6184 6185 6074
f 6184 6186 6185
f 6177 6179 6178
f 6182 6183 6181
f 6182 6179 6186
f 6182 6186 6193
f 6195 6194 6193
f 6195 6193 6190
f 6191 6195 6190
f 6089 6093 6092
f 6211 6199 6210
f 6210 6199 6204
f 6212 6211 6210
f 6206 6210 6204
f 6212 6210 6206
f 6104 6217 6095
f 6093 6095 6092
f 6218 6208 6217
f 6104 6219 6217
f 6222 6219 6220
f 6105 6106 6220
f 6222 6221 6219
f 6796 6793 6797
f 6796 6795 6792
f 6796 6792 6793
f 6215 6216 6214
f 6214 6207 6215
f 6215 6218 6223
f 6218 6221 6223
f 6792 6223 6221
f 6733 6739 6734
f 6740 6739 6733
f 6733 6738 6740
f 6738 6741 6740
f 6746 6742 6743
f 6734 6220 6106
f 6739 6794 6222
f 6225 6741 6746
f 6225 6802 6741
f 6801 6803 6798
f 6798 6794 6801
f 6798 6799 6797
f 6802 6803 6801
f 6810 6804 6811
f 6810 6806 6803
f 6222 6794 6793
f 6804 6802 6225
f 6752 6751 6744
f 6744 6750 6752
f 6750 6753 6752
f 6758 6754 6755
f 6751 6225 6746
f 6751 6805 6225
f 6227 6753 6758
f 6227 6816 6753
f 6815 6817 6812
f 6812 6805 6815
f 6812 6813 6811
f 6816 6817 6815
f 6824 6818 6825
f 6824 6820 6817
f 6225 6805 6804
f 6818 6816 6227
f 6757 6758 6755
f 6829 6819 6759
f 6759 6830 6829
f 6137 6228 6128
f 6757 6128 6226
f 6226 6128 6228
f 6226 6228 6759
f 6137 6229 6228
f 6759 6228 6229
f 6232 6229 6230
f 6138 6141 6230
f 6829 6831 6826
f 6826 6819 6829
f 6826 6827 6825
f 6830 6831 6829
f 6832 6831 6830
f 6227 6819 6818
f 6834 6832 6235
f 6832 6233 6235
f 6233 6237 6235
f 6230 6231 6232
f 6234 6232 6231
f 6231 6143 6242
f 6240 6242 6150
f 6240 6243 6242
f 6232 6234 6233
f 6238 6239 6237
f 6238 6234 6243
f 6238 6236 6239
f 6243 6240 6241
f 6769 6767 6770
f 6767 6769 6768
f 6168 6172 6171
f 6839 6774 6769
f 6839 6840 6774
f 6774 6261 6773
f 6261 6260 6171
f 6261 6262 6260
f 6843 6839 6841
f 6845 6844 6843
f 6846 6840 6844
f 6844 6848 6846
f 6848 6850 6851
f 6262 6840 6846
f 6848 6266 6846
f 6266 6262 6846
f 6266 6265 6263
f 6851 6273 6848
f 6858 6859 6781
f 6858 6781 6790
f 6858 6790 6867
f 6788 6791 6790
f 6791 6788 6789
f 6789 6180 6274
f 6180 6181 6274
f 6276 6868 6791
f 6869 6871 6863
f 6858 6862 6859
f 6867 6862 6858
f 6868 6869 6867
f 6870 6869 6868
f 6872 6870 6280
f 6870 6277 6280
f 6277 6282 6280
f 6194 6286 6183
f 6274 6275 6276
f 6278 6276 6275
f 6275 6183 6286
f 6192 6194 6195
f 6285 6287 6286
f 6195 6191 6192
f 6276 6278 6277
f 6283 6284 6282
f 6283 6278 6287
f 6283 6287 6293
f 6295 6294 6293
f 6295 6293 6289
f 6302 6291 6201
f 6303 6291 6302
f 6209 6211 6212
f 6301 6303 6302
f 6299 6300 6298
f 6298 6290 6299
f 6299 6303 6311
f 6313 6312 6311
f 6313 6311 6305
f 6796 6800 6795
f 6800 6796 6797
f 6224 6318 6216
f 6214 6216 6213
f 6319 6307 6318
f 6224 6320 6318
f 6795 6320 6224
f 6322 6321 6320
f 6316 6317 6315
f 6315 6306 6316
f 6316 6319 6324
f 6326 6325 6324
f 6319 6321 6324
f 6321 6322 6323
f 6323 6327 6326
f 6808 6807 6799
f 6799 6806 6808
f 6806 6809 6808
f 6814 6810 6811
f 6807 6322 6800
f 6807 6876 6322
f 6329 6809 6814
f 6329 6880 6809
f 6882 6881 6877
f 6879 6882 6877
f 6878 6876 6877
f 6877 6876 6879
f 6877 6881 6878
f 6880 6882 6879
f 6886 6883 6887
f 6323 6878 6327
f 6330 6328 6881
f 6885 6330 6881
f 6883 6880 6329
f 6822 6821 6813
f 6813 6820 6822
f 6820 6823 6822
f 6828 6824 6825
f 6821 6329 6814
f 6821 6884 6329
f 6332 6823 6828
f 6332 6892 6823
f 6894 6893 6888
f 6891 6894 6888
f 6888 6884 6891
f 6892 6894 6891
f 6897 6895 6898
f 6329 6884 6883
f 6893 6331 6889
f 6334 6331 6893
f 6896 6334 6893
f 6895 6892 6332
f 6836 6835 6827
f 6827 6833 6836
f 6837 6835 6836
f 6833 6838 6836
f 6838 6833 6834
f 6838 6837 6836
f 6835 6332 6828
f 6337 6333 6837
f 6834 6235 6338
f 6837 6340 6337
f 6235 6237 6338
f 6895 6899 6898
f 6900 6898 6899
f 6335 6333 6337
f 6333 6335 6899
f 6335 6337 6345
f 6347 6346 6345
f 6337 6340 6345
f 6340 6341 6342
f 6342 6351 6347
f 6338 6339 6341
f 6343 6341 6339
f 6339 6239 6357
f 6355 6357 6253
f 6355 6358 6357
f 6341 6343 6342
f 6352 6353 6351
f 6352 6343 6358
f 6352 6348 6353
f 6358 6355 6356
f 6853 6850 6845
f 6854 6857 6904
f 6850 6852 6851
f 6902 6903 6852
f 6272 6265 6273
f 6851 6378 6273
f 6378 6379 6371
f 6851 6852 6378
f 6905 6903 6902
f 6904 6905 6902
f 6905 6904 6906
f 6907 6905 6906
f 6903 6905 6907
f 6371 6379 6376
f 6376 6379 6380
f 6380 6377 6376
f 6904 6857 6908
f 6918 6917 6913
f 6913 6906 6912
f 6913 6917 6915
f 6919 6918 6916
f 6916 6920 6919
f 6919 6920 6922
f 6923 6919 6922
f 6923 6918 6919
f 6907 6915 6380
f 6917 6384 6915
f 6381 6377 6384
f 6384 6383 6381
f 6921 6392 6917
f 6926 6937 6932
f 6930 6926 6932
f 6939 6934 6933
f 6939 6933 6944
f 6932 6937 6938
f 6932 6397 6930
f 6406 6397 6932
f 6938 6406 6932
f 6952 6951 6946
f 6945 6933 6934
f 6933 6946 6944
f 6946 6933 6945
f 6954 6952 6949
f 6949 6959 6954
f 6956 6954 6955
f 6951 6952 6953
f 6951 6410 6947
f 6421 6410 6951
f 6953 6412 6422
f 6956 6412 6953
f 6412 6426 6422
f 6957 6961 6864
f 6957 6864 6873
f 6871 6875 6873
f 6875 6871 6872
f 6875 6874 6873
f 6413 6958 6874
f 6431 6413 6874
f 6430 6436 6279
f 6436 6875 6872
f 6436 6874 6875
f 6955 6958 6956
f 6957 6958 6955
f 6427 6428 6426
f 6427 6413 6431
f 6427 6431 6445
f 6447 6446 6445
f 6447 6445 6434
f 6441 6447 6434
f 6294 6455 6284
f 6282 6284 6281
f 6456 6435 6455
f 6292 6294 6295
f 6453 6456 6455
f 6449 6435 6456
f 6454 6449 6456
f 6456 6453 6454
f 6298 6300 6296
f 6297 6296 6300
f 6312 6310 6309
f 6310 6312 6313
f 6325 6491 6317
f 6315 6317 6314
f 6492 6478 6491
f 6325 6496 6491
f 6500 6496 6497
f 6326 6327 6497
f 6500 6499 6496
f 6486 6478 6492
f 6490 6486 6492
f 6495 6499 6501
f 6499 6500 6501
f 6886 6890 6885
f 6890 6886 6887
f 6330 6517 6328
f 6497 6498 6500
f 6502 6500 6498
f 6498 6328 6517
f 6330 6519 6517
f 6885 6519 6330
f 6522 6521 6519
f 6500 6502 6501
f 6514 6515 6513
f 6514 6502 6518
f 6514 6518 6532
f 6534 6533 6532
f 6518 6521 6532
f 6521 6522 6523
f 6523 6538 6534
f 6889 6890 6887
f 6897 6901 6896
f 6901 6897 6898
f 6334 6542 6331
f 6889 6331 6520
f 6524 6522 6520
f 6520 6331 6542
f 6334 6544 6542
f 6896 6544 6334
f 6547 6546 6544
f 6522 6524 6523
f 6539 6540 6538
f 6539 6524 6543
f 6539 6543 6557
f 6559 6558 6557
f 6543 6546 6557
f 6546 6547 6548
f 6548 6564 6559
f 6900 6901 6898
f 6346 6570 6336
f 6900 6336 6545
f 6549 6547 6545
f 6545 6336 6570
f 6344 6346 6347
f 6568 6571 6570
f 6547 6549 6548
f 6565 6566 6564
f 6565 6549 6571
f 6565 6560 6566
f 6571 6568 6569
f 6353 6348 6350
f 6351 6353 6349
f 6350 6349 6353
f 6927 6922 6928
f 6923 6931 6921
f 6389 6383 6392
f 6392 6391 6389
f 6921 6931 6592
f 6592 6395 6391
f 6929 6927 6928
f 6926 6927 6929
f 6939 6941 6942
f 6940 6941 6937
f 6940 6942 6941
f 6930 6592 6931
f 6396 6395 6397
f 6406 6405 6403
f 6938 6948 6593
f 6593 6408 6405
f 6947 6948 6944
f 6947 6593 6948
f 6409 6408 6410
f 6421 6420 6418
f 6420 6421 6422
f 6426 6428 6424
f 6425 6424 6428
f 6446 6444 6442
f 6444 6446 6447
f 6447 6441 6444
f 6508 6513 6511
f 6513 6515 6511
f 6512 6511 6515
f 6533 6531 6529
f 6531 6533 6534
f 6538 6540 6536
f 6537 6536 6540
f 6558 6556 6554
f 6556 6558 6559
f 6566 6560 6563
f 6564 6566 6562
f 6563 6562 6566
f 6978 6973 6980
f 6978 6975 6972
f 6978 6972 6973
f 6631 6616 6630
f 6630 6616 6622
f 6624 6630 6622
f 6973 6972 6627
f 6625 6627 6624
f 6986 6974 6971
f 6971 6988 6986
f 6599 6605 6632
f 6971 6974 6628
f 6632 6626 6599
f 6636 6635 6607
f 6971 6632 6635
f 6638 6635 6636
f 6609 6636 6607
f 6983 6982 6981
f 6981 6974 6986
f 6981 6982 6980
f 6989 6992 6987
f 6990 6989 6991
f 6989 6988 6991
f 6628 6625 6626
f 6627 6625 6628
f 6991 6988 6638
f 6609 6637 6636
f 6636 6637 6638
f 6639 6638 6637
f 6609 6634 6637
f 6634 6639 6637
f 6993 6990 6997
f 6998 6999 6997
f 6990 6998 6997
f 7004 6998 7003
f 7006 7005 7004
f 7004 7003 6641
f 6639 6641 7003
f 6651 7004 6641
f 6647 6651 6643
f 6652 6651 6647
f 6649 6652 6647
f 7016 7009 6976
f 7019 6979 6984
f 6977 6979 7017
f 6979 7019 7017
f 6976 7009 6661
f 6671 6660 6617
f 6631 6672 6671
f 6975 6672 6631
f 6976 6671 6672
f 6975 6977 6672
f 6672 6977 6976
f 7012 7011 7010
f 7014 7009 7010
f 7010 7009 7016
f 7016 7017 7018
f 7021 7020 7019
f 6661 7009 7014
f 6667 6661 7014
f 6668 6665 6667
f 6667 6665 6662
f 6982 6984 6980
f 6984 6982 6985
f 6982 6983 6985
f 7019 7022 7021
f 6999 7005 7008
f 7007 7005 7006
f 7007 7036 7033
f 7034 7008 7033
f 7006 6652 6676
f 6678 7036 7007
f 7036 7037 7033
f 7038 7037 7039
f 7037 7036 7039
f 7039 7036 6678
f 6654 6677 6676
f 6676 6677 6678
f 6679 6678 6677
f 6654 6675 6677
f 6675 6679 6677
f 7041 7038 7044
f 7045 7046 7044
f 7038 7045 7044
f 7049 7045 7048
f 7051 7050 7049
f 7049 7048 6682
f 6679 6682 7048
f 6680 6681 6682
f 7049 6691 7051
f 7058 7061 7055
f 7055 7061 7062
f 6699 6709 6705
f 7011 7025 7015
f 7056 7013 7059
f 7011 7012 7013
f 7056 7057 7025
f 6666 6665 6668
f 6701 6668 7015
f 7025 6701 7015
f 6701 6702 6700
f 7055 7057 7056
f 7067 7066 7062
f 6702 7057 7066
f 7067 6709 7066
f 6702 6699 6700
f 7046 7050 7053
f 7052 7050 7051
f 7052 7073 7071
f 7072 7053 7071
f 6691 6681 6689
f 6691 6718 7051
f 6712 6719 6718
f 6718 7052 7051
f 7073 7074 7071
f 7079 7076 7074
f 7074 7073 7075
f 6716 6719 6712
f 6719 6716 6720
f 6717 6720 6716
f 7075 7084 7081
f 7085 7081 7084
f 7084 7075 6720
f 6725 6717 6721
f 6725 6723 6726
f 6721 6723 6725
f 7063 7061 7064
f 7061 7063 7062
f 6705 6709 6708
f 7090 7094 7087
f 7087 7094 7095
f 6763 6771 6767
f 7088 7070 7063
f 7088 7089 7070
f 7070 6765 7067
f 6765 6764 6708
f 6765 6766 6764
f 7087 7089 7088
f 7101 7100 7095
f 6766 7089 7100
f 7101 6771 7100
f 6766 6763 6764
f 7079 7082 7083
f 7082 7079 7081
f 7082 7086 7106
f 7086 7107 7106
f 6726 6723 6724
f 7085 6726 6777
f 7085 6777 7086
f 6776 6778 6777
f 7115 7116 7114
f 7106 7113 7108
f 7114 7116 7113
f 7114 7107 7118
f 7118 7107 6778
f 6778 6782 7118
f 6782 6780 6783
f 6779 6780 6782
f 7096 7094 7097
f 7094 7096 7095
f 6767 6771 6770
f 7098 7096 7097
f 7103 7098 7105
f 7104 7102 7103
f 7125 7103 7105
f 7126 7125 7105
f 7102 6842 7101
f 7102 7104 6842
f 6842 6841 6770
f 7104 6849 6847
f 7128 6849 7104
f 7130 7128 7125
f 7130 7131 7135
f 7136 7130 7135
f 7136 7134 7129
f 6843 6841 6847
f 6856 6845 6855
f 6847 6849 6855
f 7129 6855 6849
f 6849 7128 7129
f 7119 7120 7115
f 7115 7120 7121
f 7158 7122 7121
f 7157 7158 7121
f 7159 7122 7158
f 6783 6780 6781
f 7119 6783 6860
f 7119 6860 7120
f 6859 6861 6860
f 7150 7151 7149
f 7149 7143 7154
f 7157 7143 7149
f 7157 7160 7158
f 7160 7159 7158
f 7154 7143 6861
f 6861 6865 7154
f 6865 6863 6866
f 6862 6863 6865
f 7137 7135 7138
f 7136 7140 7134
f 6853 6845 6856
f 6856 6854 6853
f 7134 7140 6909
f 6909 6857 6854
f 7137 7141 7140
f 7168 7141 7137
f 7168 7169 7141
f 6910 6857 6909
f 6910 6908 6857
f 6910 6911 6908
f 7173 7168 7170
f 7175 7174 7173
f 7177 7169 7174
f 7174 7178 7177
f 7178 7179 7180
f 6911 7169 7177
f 7178 6914 7177
f 6914 6911 7177
f 6924 6914 7178
f 6920 6916 6924
f 6920 6924 6925
f 6922 6920 6925
f 7199 7191 7187
f 7195 7200 7186
f 7200 7188 7186
f 7195 7186 6943
f 7186 6935 6943
f 7188 6935 7186
f 7189 7192 7142
f 7189 7142 7144
f 7144 7142 7147
f 7152 7148 7206
f 7146 7148 7156
f 7146 7145 7144
f 7156 7148 7152
f 6936 7190 7145
f 6950 6936 7145
f 7145 6963 6950
f 6964 7146 7156
f 7187 7190 7188
f 7189 7190 7187
f 7204 7207 7206
f 7206 7207 7208
f 6936 6934 6935
f 6949 6945 6950
f 6959 6963 6965
f 6963 6964 6965
f 6965 6960 6959
f 7150 7152 7153
f 7151 7150 7153
f 6866 6863 6864
f 7155 6866 6962
f 6966 6964 6962
f 6961 6966 6962
f 7206 7208 7209
f 6964 6966 6965
f 6961 6960 6966
f 6966 6960 6965
f 7181 7179 7175
f 7184 7182 7218
f 7181 7182 7179
f 7185 7182 7184
f 7180 6967 6925
f 7180 7185 6967
f 7217 7221 7218
f 7219 7224 7227
f 7184 7196 7185
f 7220 7184 7218
f 7220 7196 7184
f 7234 7201 7198
f 7200 7201 7199
f 7236 7201 7234
f 6940 6929 6969
f 6968 6928 6967
f 7196 7197 6968
f 6968 7197 6969
f 7197 6970 6969
f 6970 7198 7195
f 6943 6939 6942
f 6970 7197 7198
f 7229 7230 7228
f 7218 7219 7220
f 7228 7219 7227
f 7227 7229 7228
f 7233 7235 7234
f 7236 7237 7238
f 7202 7236 7239
f 7236 7238 7239
f 7224 7231 7227
f 7248 7225 7247
f 7247 7249 7248
f 7248 7249 7250
f 7231 7229 7227
f 7229 7231 7232
f 7230 7229 7232
f 7248 7250 7251
f 6995 6983 6994
f 6994 6983 6987
f 6996 6995 6994
f 6992 6994 6987
f 6996 6994 6992
f 7001 7002 7000
f 7001 6993 6997
f 7000 6993 7001
f 7001 6999 7002
f 6997 6999 7001
f 7290 7285 7292
f 7290 7287 7284
f 7290 7284 7285
f 7027 7012 7026
f 7026 7012 7018
f 7020 7026 7018
f 7285 7284 7023
f 7021 7023 7020
f 7296 7286 7282
f 7282 7297 7296
f 7282 7286 7024
f 7028 7022 6985
f 6995 7029 7028
f 7282 7028 7029
f 7032 7029 7030
f 6996 7000 7030
f 7296 7298 7293
f 7293 7286 7296
f 7293 7294 7292
f 7297 7298 7296
f 7303 7299 7305
f 7303 7301 7298
f 7024 7021 7022
f 7023 7021 7024
f 7299 7297 7032
f 7309 7300 7283
f 7283 7310 7309
f 7030 7031 7032
f 7031 7002 7035
f 7031 7035 7283
f 7034 7035 7008
f 7283 7042 7310
f 7309 7311 7306
f 7306 7300 7309
f 7306 7307 7305
f 7310 7311 7309
f 7315 7312 7317
f 7315 7313 7311
f 7032 7300 7299
f 7040 7042 7034
f 7042 7040 7043
f 7041 7043 7040
f 7321 7322 7318
f 7312 7320 7317
f 7323 7322 7321
f 7320 7312 7043
f 7321 7320 7047
f 7047 7041 7044
f 7044 7046 7047
f 7321 7054 7323
f 7058 7065 7061
f 7331 7326 7288
f 7334 7291 7295
f 7289 7291 7332
f 7291 7334 7332
f 7288 7326 7060
f 7068 7059 7013
f 7027 7069 7068
f 7287 7069 7027
f 7288 7068 7069
f 7287 7289 7069
f 7069 7289 7288
f 7331 7333 7327
f 7329 7326 7327
f 7327 7326 7331
f 7334 7335 7332
f 7342 7335 7341
f 7342 7338 7333
f 7342 7333 7335
f 7060 7326 7329
f 7330 7065 7329
f 7060 7058 7059
f 7294 7295 7292
f 7334 7295 7336
f 7294 7301 7302
f 7336 7302 7349
f 7352 7304 7308
f 7303 7304 7301
f 7349 7302 7350
f 7304 7352 7350
f 7351 7344 7349
f 7349 7344 7336
f 7349 7350 7351
f 7355 7354 7352
f 7307 7308 7305
f 7352 7308 7353
f 7307 7313 7314
f 7353 7314 7365
f 7368 7316 7319
f 7315 7316 7313
f 7365 7314 7366
f 7316 7368 7366
f 7367 7360 7365
f 7365 7360 7353
f 7365 7366 7367
f 7372 7369 7377
f 7318 7319 7317
f 7368 7319 7370
f 7318 7322 7324
f 7370 7324 7381
f 7322 7325 7324
f 7325 7322 7323
f 7054 7046 7053
f 7054 7077 7323
f 7072 7078 7077
f 7077 7325 7323
f 7370 7369 7368
f 7381 7383 7378
f 7369 7378 7377
f 7378 7379 7377
f 7382 7383 7381
f 7384 7383 7382
f 7386 7384 7080
f 7076 7078 7072
f 7384 7382 7078
f 7079 7080 7076
f 7061 7065 7064
f 7090 7099 7094
f 7328 7339 7330
f 7340 7339 7328
f 7328 7338 7340
f 7342 7343 7338
f 7394 7340 7395
f 7341 7343 7342
f 7343 7397 7395
f 7339 7092 7330
f 7092 7091 7064
f 7092 7093 7091
f 7394 7396 7390
f 7392 7389 7390
f 7390 7389 7394
f 7397 7398 7395
f 7406 7398 7405
f 7406 7401 7396
f 7406 7396 7398
f 7093 7389 7392
f 7393 7099 7392
f 7093 7090 7091
f 7397 7345 7400
f 7356 7361 7416
f 7413 7356 7416
f 7397 7400 7399
f 7416 7417 7413
f 7418 7417 7416
f 7416 7361 7419
f 7380 7372 7377
f 7430 7373 7433
f 7416 7419 7418
f 7433 7435 7430
f 7436 7435 7433
f 7379 7380 7377
f 7433 7380 7434
f 7379 7385 7387
f 7434 7387 7446
f 7385 7388 7387
f 7388 7385 7386
f 7386 7080 7109
f 7111 7448 7388
f 7447 7441 7446
f 7446 7441 7434
f 7449 7451 7447
f 7452 7451 7449
f 7449 7448 7450
f 7450 7448 7111
f 7083 7110 7109
f 7109 7110 7111
f 7112 7111 7110
f 7083 7108 7110
f 7108 7112 7110
f 7461 7462 7457
f 7450 7460 7456
f 7463 7462 7461
f 7461 7460 7117
f 7112 7117 7460
f 7113 7116 7117
f 7461 7123 7463
f 7094 7099 7097
f 7391 7402 7393
f 7403 7402 7391
f 7391 7401 7403
f 7404 7402 7403
f 7406 7407 7401
f 7405 7407 7406
f 7407 7468 7466
f 7105 7098 7127
f 7402 7124 7393
f 7402 7404 7124
f 7124 7404 7127
f 7126 7105 7127
f 7467 7132 7404
f 7469 7467 7466
f 7468 7469 7466
f 7469 7468 7470
f 7471 7469 7470
f 7467 7469 7471
f 7126 7132 7131
f 7131 7132 7133
f 7472 7409 7420
f 7420 7409 7421
f 7472 7420 7478
f 7422 7426 7481
f 7479 7420 7421
f 7478 7420 7479
f 7475 7474 7473
f 7472 7470 7468
f 7478 7479 7480
f 7483 7482 7481
f 7471 7476 7133
f 7477 7139 7476
f 7133 7476 7139
f 7481 7426 7484
f 7437 7442 7502
f 7497 7437 7502
f 7501 7506 7492
f 7481 7484 7483
f 7498 7501 7492
f 7503 7501 7498
f 7503 7502 7504
f 7508 7506 7501
f 7508 7501 7503
f 7502 7442 7505
f 7452 7458 7459
f 7458 7452 7456
f 7514 7513 7512
f 7514 7512 7511
f 7504 7512 7510
f 7512 7504 7511
f 7512 7513 7510
f 7457 7458 7456
f 7457 7462 7464
f 7518 7464 7532
f 7462 7465 7464
f 7465 7462 7463
f 7123 7116 7122
f 7123 7161 7463
f 7159 7162 7161
f 7161 7465 7463
f 7518 7531 7519
f 7533 7531 7532
f 7532 7531 7518
f 7536 7539 7533
f 7537 7536 7538
f 7536 7535 7538
f 7164 7151 7165
f 7160 7151 7164
f 7164 7165 7166
f 7166 7167 7163
f 7546 7547 7545
f 7540 7537 7544
f 7545 7547 7544
f 7537 7545 7544
f 7549 7538 7163
f 7167 7550 7549
f 7163 7167 7549
f 7135 7139 7138
f 7474 7485 7477
f 7486 7485 7474
f 7488 7493 7565
f 7562 7486 7487
f 7561 7486 7562
f 7485 7171 7477
f 7171 7170 7138
f 7171 7172 7170
f 7560 7557 7558
f 7558 7557 7561
f 7558 7564 7560
f 7561 7562 7563
f 7567 7566 7565
f 7564 7570 7571
f 7172 7557 7560
f 7564 7176 7560
f 7176 7172 7560
f 7176 7175 7173
f 7571 7183 7564
f 7565 7493 7568
f 7492 7506 7509
f 7507 7584 7579
f 7515 7508 7510
f 7580 7509 7579
f 7193 7507 7515
f 7193 7584 7507
f 7585 7587 7576
f 7565 7568 7567
f 7581 7585 7576
f 7581 7580 7579
f 7589 7586 7591
f 7589 7587 7585
f 7586 7584 7193
f 7199 7203 7191
f 7526 7525 7513
f 7527 7525 7526
f 7595 7526 7528
f 7596 7595 7528
f 7147 7142 7205
f 7525 7193 7515
f 7142 7192 7205
f 7204 7147 7205
f 7597 7210 7527
f 7586 7592 7591
f 7593 7591 7592
f 7598 7597 7595
f 7600 7598 7599
f 7597 7598 7600
f 7203 7593 7592
f 7192 7191 7194
f 7204 7210 7207
f 7207 7210 7211
f 7211 7208 7207
f 7543 7601 7611
f 7611 7612 7543
f 7212 7601 7543
f 7153 7209 7213
f 7213 7214 7165
f 7543 7214 7213
f 7216 7215 7214
f 7215 7167 7166
f 7609 7616 7613
f 7608 7599 7603
f 7599 7601 7600
f 7611 7613 7612
f 7617 7622 7614
f 7613 7616 7617
f 7209 7208 7212
f 7212 7208 7211
f 7216 7612 7614
f 7550 7551 7546
f 7546 7551 7552
f 7554 7631 7556
f 7629 7553 7552
f 7628 7629 7552
f 7550 7167 7215
f 7216 7615 7551
f 7623 7630 7628
f 7628 7615 7623
f 7622 7624 7623
f 7631 7629 7632
f 7632 7633 7631
f 7630 7637 7638
f 7632 7630 7638
f 7614 7615 7216
f 7556 7631 7634
f 7644 7645 7643
f 7643 7645 7642
f 7643 7633 7641
f 7633 7643 7642
f 7641 7644 7643
f 7573 7570 7559
f 7570 7572 7571
f 7660 7664 7572
f 7661 7660 7573
f 7181 7175 7183
f 7571 7222 7183
f 7222 7223 7217
f 7571 7572 7222
f 7658 7670 7665
f 7658 7665 7662
f 7661 7662 7660
f 7664 7665 7666
f 7671 7226 7666
f 7217 7223 7221
f 7223 7664 7666
f 7224 7221 7226
f 7576 7587 7590
f 7588 7678 7675
f 7594 7589 7591
f 7676 7590 7675
f 7241 7588 7594
f 7202 7203 7199
f 7241 7678 7588
f 7678 7679 7675
f 7683 7681 7679
f 7679 7678 7680
f 7243 7230 7244
f 7235 7230 7243
f 7243 7244 7245
f 7237 7235 7243
f 7237 7243 7245
f 7680 7678 7241
f 7593 7594 7591
f 7242 7241 7240
f 7202 7239 7240
f 7239 7242 7240
f 7680 7688 7685
f 7689 7685 7688
f 7246 7689 7688
f 7239 7238 7242
f 7618 7616 7609
f 7618 7619 7616
f 7616 7619 7617
f 7618 7620 7619
f 7625 7624 7622
f 7627 7625 7626
f 7624 7625 7627
f 7646 7640 7695
f 7639 7640 7637
f 7637 7640 7638
f 7693 7696 7695
f 7695 7696 7697
f 7646 7644 7641
f 7644 7646 7647
f 7645 7644 7647
f 7695 7697 7698
f 7673 7670 7658
f 7670 7672 7671
f 7710 7713 7672
f 7711 7710 7673
f 7225 7252 7247
f 7252 7253 7247
f 7671 7672 7252
f 7226 7225 7224
f 7709 7718 7714
f 7709 7714 7712
f 7711 7712 7710
f 7713 7714 7715
f 7719 7254 7715
f 7247 7253 7249
f 7253 7713 7715
f 7683 7686 7687
f 7686 7683 7685
f 7232 7251 7258
f 7251 7259 7258
f 7258 7260 7244
f 7263 7261 7260
f 7261 7246 7245
f 7260 7262 7263
f 7736 7729 7725
f 7735 7737 7724
f 7737 7726 7724
f 7255 7257 7256
f 7256 7250 7255
f 7256 7264 7259
f 7264 7262 7259
f 7262 7264 7724
f 7686 7690 7727
f 7690 7728 7727
f 7689 7246 7261
f 7263 7728 7690
f 7725 7728 7726
f 7727 7728 7725
f 7726 7728 7263
f 7721 7718 7709
f 7718 7720 7719
f 7743 7745 7720
f 7744 7743 7721
f 7719 7266 7254
f 7266 7255 7254
f 7745 7268 7720
f 7746 7745 7743
f 7746 7748 7751
f 7745 7746 7747
f 7268 7745 7747
f 7736 7738 7739
f 7737 7735 7741
f 7265 7257 7272
f 7268 7267 7266
f 7269 7267 7268
f 7267 7272 7257
f 7272 7274 7265
f 7265 7274 7735
f 7274 7275 7276
f 7747 7753 7756
f 7757 7756 7753
f 7772 7763 7759
f 7768 7773 7758
f 7773 7760 7758
f 7269 7270 7273
f 7270 7269 7756
f 7270 7277 7273
f 7277 7275 7273
f 7275 7277 7758
f 7741 7742 7738
f 7738 7742 7761
f 7742 7762 7761
f 7276 7742 7741
f 7276 7762 7742
f 7759 7762 7760
f 7761 7762 7759
f 7760 7762 7276
f 7754 7751 7755
f 7751 7754 7753
f 7779 7784 7777
f 7777 7784 7785
f 7778 7769 7754
f 7772 7774 7775
f 7793 7774 7771
f 7773 7774 7772
f 7278 7271 7280
f 7279 7271 7757
f 7769 7279 7757
f 7769 7770 7279
f 7279 7280 7271
f 7279 7770 7280
f 7280 7281 7278
f 7278 7281 7768
f 7770 7281 7280
f 7281 7771 7768
f 7281 7770 7771
f 7786 7795 7792
f 7786 7777 7785
f 7785 7787 7786
f 7803 7797 7796
f 7803 7796 7804
f 7795 7802 7804
f 7796 7795 7804
f 7788 7784 7789
f 7784 7788 7785
f 7788 7787 7785
f 7790 7788 7789
f 7787 7788 7790
f 7803 7806 7807
f 7805 7806 7802
f 7802 7806 7804
f 7804 7806 7803
f 7805 7807 7806
f 7337 7346 7341
f 7347 7348 7346
f 7347 7337 7344
f 7346 7337 7347
f 7359 7358 7357
f 7354 7357 7351
f 7359 7357 7354
f 7363 7364 7362
f 7363 7355 7360
f 7362 7355 7363
f 7376 7375 7374
f 7371 7374 7367
f 7376 7374 7371
f 7372 7376 7371
f 7341 7346 7345
f 7399 7410 7405
f 7358 7414 7348
f 7346 7348 7345
f 7415 7400 7414
f 7356 7358 7359
f 7413 7415 7414
f 7411 7412 7410
f 7410 7399 7411
f 7411 7415 7423
f 7425 7424 7423
f 7425 7423 7417
f 7375 7431 7364
f 7362 7364 7361
f 7432 7419 7431
f 7373 7375 7376
f 7430 7432 7431
f 7376 7372 7373
f 7428 7429 7427
f 7427 7418 7428
f 7428 7432 7438
f 7440 7439 7438
f 7440 7438 7435
f 7444 7445 7443
f 7444 7436 7441
f 7443 7436 7444
f 7455 7454 7453
f 7451 7453 7447
f 7455 7453 7451
f 7452 7455 7451
f 7405 7410 7408
f 7410 7412 7408
f 7409 7408 7412
f 7424 7422 7421
f 7422 7424 7425
f 7490 7475 7489
f 7489 7475 7480
f 7491 7490 7489
f 7482 7489 7480
f 7491 7489 7482
f 7439 7499 7429
f 7427 7429 7426
f 7500 7484 7499
f 7437 7439 7440
f 7497 7500 7499
f 7495 7496 7494
f 7494 7483 7495
f 7495 7492 7496
f 7500 7497 7498
f 7454 7516 7445
f 7443 7445 7442
f 7517 7505 7516
f 7454 7520 7516
f 7524 7520 7521
f 7524 7523 7520
f 7824 7821 7825
f 7824 7823 7820
f 7824 7820 7821
f 7511 7505 7517
f 7530 7514 7529
f 7517 7523 7529
f 7820 7529 7523
f 7831 7822 7819
f 7819 7833 7831
f 7459 7522 7521
f 7521 7522 7524
f 7459 7519 7522
f 7534 7541 7819
f 7819 7541 7833
f 7828 7827 7826
f 7826 7822 7831
f 7826 7827 7825
f 7834 7837 7832
f 7835 7834 7836
f 7834 7833 7836
f 7524 7822 7821
f 7531 7534 7519
f 7531 7533 7534
f 7541 7539 7542
f 7540 7542 7539
f 7838 7835 7843
f 7844 7845 7843
f 7835 7844 7843
f 7850 7844 7849
f 7852 7851 7850
f 7849 7836 7542
f 7850 7849 7548
f 7548 7540 7544
f 7544 7547 7548
f 7850 7555 7852
f 7487 7475 7490
f 7490 7488 7487
f 7488 7490 7491
f 7863 7860 7864
f 7863 7861 7859
f 7863 7859 7860
f 7575 7559 7574
f 7574 7559 7563
f 7566 7574 7563
f 7860 7859 7569
f 7567 7569 7566
f 7494 7496 7493
f 7583 7568 7582
f 7580 7582 7509
f 7580 7583 7582
f 7860 7865 7864
f 7866 7864 7865
f 7865 7860 7569
f 7577 7576 7578
f 7583 7580 7581
f 7824 7830 7823
f 7830 7824 7825
f 7528 7514 7530
f 7823 7604 7530
f 7604 7605 7596
f 7606 7605 7604
f 7596 7605 7602
f 7602 7605 7607
f 7605 7606 7607
f 7607 7603 7602
f 7869 7829 7871
f 7827 7828 7829
f 7869 7870 7839
f 7839 7606 7830
f 7839 7870 7606
f 7872 7869 7871
f 7874 7873 7872
f 7875 7870 7873
f 7873 7878 7875
f 7878 7883 7884
f 7878 7610 7875
f 7608 7603 7610
f 7610 7609 7608
f 7884 7621 7878
f 7845 7851 7853
f 7895 7854 7855
f 7851 7854 7853
f 7855 7854 7856
f 7555 7547 7553
f 7554 7555 7553
f 7856 7852 7635
f 7556 7635 7554
f 7895 7897 7893
f 7898 7897 7895
f 7856 7857 7855
f 7895 7855 7896
f 7855 7857 7896
f 7858 7907 7905
f 7556 7636 7635
f 7858 7857 7636
f 7556 7634 7636
f 7648 7649 7858
f 7858 7649 7907
f 7906 7903 7905
f 7905 7903 7896
f 7908 7910 7906
f 7912 7910 7908
f 7908 7907 7909
f 7642 7648 7634
f 7651 7645 7652
f 7651 7652 7653
f 7651 7649 7648
f 7653 7654 7650
f 7921 7922 7916
f 7909 7920 7915
f 7923 7922 7921
f 7920 7909 7650
f 7650 7654 7920
f 7655 7656 7921
f 7921 7656 7923
f 7930 7927 7862
f 7863 7867 7861
f 7862 7931 7930
f 7867 7863 7864
f 7573 7559 7575
f 7862 7927 7657
f 7862 7657 7663
f 7861 7667 7575
f 7933 7932 7928
f 7930 7933 7928
f 7929 7927 7928
f 7928 7927 7930
f 7928 7932 7929
f 7931 7933 7930
f 7937 7940 7934
f 7657 7927 7929
f 7932 7659 7929
f 7657 7659 7663
f 7659 7657 7929
f 7938 7674 7932
f 7661 7663 7662
f 7935 7931 7669
f 7866 7867 7864
f 7949 7936 7868
f 7868 7950 7949
f 7866 7578 7668
f 7668 7578 7677
f 7668 7677 7868
f 7676 7677 7590
f 7868 7682 7950
f 7951 7953 7944
f 7937 7934 7943
f 7935 7936 7934
f 7950 7951 7949
f 7952 7951 7950
f 7669 7936 7935
f 7954 7952 7684
f 7681 7682 7676
f 7952 7950 7682
f 7683 7684 7681
f 7885 7883 7874
f 7885 7886 7883
f 7892 7886 7890
f 7885 7887 7886
f 7618 7609 7621
f 7621 7620 7618
f 7884 7892 7691
f 7691 7626 7620
f 7890 7901 7892
f 7957 7901 7890
f 7962 7965 7902
f 7639 7627 7694
f 7692 7626 7691
f 7901 7902 7692
f 7692 7902 7694
f 7693 7639 7694
f 7965 7699 7902
f 7961 7957 7958
f 7963 7962 7961
f 7962 7957 7961
f 7963 7970 7966
f 7968 7966 7967
f 7965 7966 7968
f 7693 7699 7696
f 7696 7699 7700
f 7700 7697 7696
f 7911 7969 7977
f 7912 7917 7918
f 7977 7978 7911
f 7917 7912 7915
f 7701 7969 7911
f 7647 7698 7702
f 7702 7703 7652
f 7911 7703 7702
f 7706 7704 7703
f 7704 7654 7653
f 7975 7984 7979
f 7974 7967 7971
f 7967 7969 7968
f 7977 7979 7978
f 7985 7990 7980
f 7979 7984 7985
f 7698 7697 7701
f 7701 7697 7700
f 7706 7978 7980
f 7916 7917 7915
f 7918 7917 7919
f 7917 7916 7919
f 7924 7981 7996
f 7925 7922 7923
f 7998 7926 7997
f 7656 7655 7707
f 7706 7705 7704
f 7705 7707 7655
f 7705 7924 7707
f 7707 7708 7656
f 7656 7708 7923
f 7924 7708 7707
f 7708 7925 7923
f 7708 7924 7925
f 7991 8000 7996
f 7996 7981 7991
f 7990 7992 7991
f 8006 8002 8001
f 8006 8001 8007
f 8000 8005 8007
f 8001 8000 8007
f 7980 7981 7706
f 7939 7942 8014
f 8014 8016 7939
f 7940 7942 7941
f 7942 8019 8014
f 7673 7658 7674
f 7938 7716 7674
f 7716 7717 7711
f 7938 7939 7716
f 8012 8023 8017
f 8012 8017 8015
f 8021 8020 8019
f 8016 8017 8018
f 7723 7709 7722
f 7722 7709 7712
f 8018 7722 7717
f 7717 8016 8018
f 8019 7945 8022
f 7944 7953 7956
f 7955 7953 7954
f 7955 8037 8033
f 8034 7956 8033
f 7954 7684 7731
f 7733 8037 7955
f 8019 8022 8021
f 8037 8038 8033
f 8041 8040 8038
f 8038 8037 8039
f 8039 8037 7733
f 7736 7740 7729
f 7687 7732 7731
f 7731 7732 7733
f 7734 7733 7732
f 7687 7730 7732
f 7730 7734 7732
f 8039 8048 8046
f 8049 8046 8048
f 7740 8049 8048
f 7730 7729 7734
f 7986 7984 7975
f 7986 7987 7984
f 7984 7987 7985
f 7986 7988 7987
f 7993 7992 7990
f 7995 7993 7994
f 7992 7993 7995
f 8008 8009 8005
f 8005 8009 8007
f 8007 8009 8006
f 8053 8056 8055
f 8055 8056 8057
f 8010 8055 8058
f 8055 8057 8058
f 8063 8013 8064
f 8063 8025 8013
f 8063 8070 8025
f 8026 8023 8025
f 8023 8026 8024
f 7721 7709 7723
f 8024 7749 7723
f 7749 7750 7744
f 8024 8026 7749
f 8067 8080 8073
f 8066 8063 8064
f 8070 8063 8066
f 8070 8073 8072
f 8072 8073 8074
f 8081 7752 8074
f 7744 7750 7748
f 7750 8072 8074
f 7751 7748 7752
f 8047 8041 8046
f 8087 8042 8091
f 7739 7740 7736
f 8091 8096 8087
f 8097 8100 8090
f 8100 8093 8090
f 8097 8090 7776
f 8090 7766 7776
f 8093 7766 8090
f 8091 8047 8094
f 8047 8050 8094
f 8050 8095 8094
f 8049 7765 8050
f 7739 7764 7765
f 7764 7767 7765
f 8094 8092 8091
f 8092 8095 8093
f 8094 8095 8092
f 7764 7763 7767
f 7767 7763 7766
f 8082 8080 8067
f 8084 8083 8110
f 8082 8083 8080
f 8086 8083 8084
f 8081 7781 7752
f 8081 8086 7781
f 8108 8114 8110
f 8111 8116 8118
f 7779 7791 7784
f 8084 8098 8086
f 8112 8084 8110
f 8112 8098 8084
f 8112 8113 8098
f 8100 8097 8105
f 8123 8101 8124
f 7782 7755 7781
f 7782 7780 7755
f 7782 7783 7780
f 7794 7798 7775
f 7794 7799 7798
f 7776 7772 7775
f 7798 7799 7800
f 8110 8111 8112
f 8111 8113 8112
f 8122 8121 8118
f 8124 8128 8123
f 8132 8125 8134
f 7783 8113 8121
f 8122 7791 8121
f 7783 7779 7780
f 7797 7799 7794
f 7799 7797 7801
f 7800 7799 7801
f 8105 8106 8104
f 8124 8104 8126
f 8104 8106 8126
f 8106 8127 8126
f 7800 8106 8105
f 7800 8127 8106
f 8126 8125 8124
f 8126 8127 8125
f 8138 8134 8137
f 7808 8138 8137
f 7801 7808 8137
f 8119 8116 8120
f 8116 8119 8118
f 7784 7791 7789
f 8140 8131 8119
f 8140 8141 8131
f 8132 8135 8136
f 8135 8132 8134
f 7805 7790 7812
f 8131 7809 8122
f 7807 7814 7815
f 7817 7815 7814
f 7814 7816 7817
f 8146 8140 8142
f 8148 8147 8146
f 8150 8141 8147
f 8147 8151 8150
f 8164 8157 8153
f 8165 8154 8152
f 7810 8141 8150
f 8151 7811 8150
f 7810 7811 7813
f 7811 7810 8150
f 7818 7811 8151
f 7811 7818 7813
f 7818 8151 8152
f 7818 7816 7813
f 7816 7818 8152
f 8135 8139 8155
f 8139 8156 8155
f 8138 7808 7815
f 7817 8156 8139
f 8153 8156 8154
f 8155 8156 8153
f 8154 8156 7817
f 8166 8163 8148
f 8164 8167 8168
f 8166 8167 8163
f 8163 8167 8165
f 8165 8167 8164
f 8166 8168 8167
f 7841 7828 7840
f 7840 7828 7832
f 7842 7841 7840
f 7837 7840 7832
f 7842 7840 7837
f 7847 7848 7846
f 7847 7838 7843
f 7846 7838 7847
f 7847 7845 7848
f 7843 7845 7847
f 8181 8173 8174
f 8172 8173 8178
f 8175 8173 8172
f 8178 8179 8172
f 8174 8173 8175
f 8173 8181 8178
f 7876 7871 7829
f 7877 7871 7876
f 7841 7879 7876
f 7842 7846 7880
f 8182 8179 8178
f 8181 8182 8178
f 8182 8181 8183
f 8186 8185 8180
f 7872 7871 7877
f 7889 7874 7888
f 7877 7882 7888
f 8180 7888 7882
f 7882 8179 8180
f 8175 8176 8174
f 8181 8174 8184
f 8174 8176 8184
f 8177 8194 8192
f 8177 8176 7881
f 7881 7848 7894
f 7881 7894 8177
f 7893 7894 7853
f 8177 7899 8194
f 8190 8189 8188
f 8184 8183 8181
f 8183 8188 8187
f 8188 8189 8187
f 8195 8198 8193
f 8196 8195 8197
f 8195 8194 8197
f 7897 7899 7893
f 7899 7897 7900
f 7898 7900 7897
f 8199 8196 8207
f 8208 8209 8207
f 8196 8208 8207
f 8212 8208 8211
f 8214 8213 8212
f 8211 8197 7900
f 8212 8211 7904
f 7904 7898 7903
f 7913 8212 7904
f 7910 7913 7906
f 7914 7913 7910
f 7912 7914 7910
f 7937 7946 7940
f 7947 7948 7946
f 7947 7937 7943
f 7946 7937 7947
f 7947 7944 7948
f 7943 7944 7947
f 8186 8191 8185
f 8191 8186 8187
f 7885 7874 7889
f 7889 7887 7885
f 8185 8191 7959
f 7959 7891 7887
f 8202 8201 8189
f 8203 8201 8202
f 8222 8202 8204
f 8223 8222 8204
f 7960 7891 7959
f 8201 8203 7960
f 7960 7958 7891
f 8203 7972 7964
f 8224 7972 8203
f 8225 8224 8222
f 8227 8225 8226
f 8224 8225 8227
f 7961 7958 7964
f 7963 7961 7964
f 7970 7972 7973
f 7973 7971 7970
f 8209 8213 8215
f 8241 8216 8218
f 8213 8216 8215
f 8218 8216 8219
f 8214 7914 7982
f 8219 8214 7982
f 8234 8226 8229
f 8236 8235 8234
f 8235 8226 8234
f 8235 8240 8238
f 8241 8243 8239
f 8244 8243 8241
f 8240 8248 8249
f 8227 8238 7973
f 8240 7976 8238
f 7974 7971 7976
f 7976 7975 7974
f 8249 7989 8240
f 8219 8220 8218
f 8241 8218 8242
f 8218 8220 8242
f 8221 8259 8258
f 7919 7926 7999
f 7918 7983 7982
f 8221 8220 7983
f 7983 7999 8221
f 7998 7999 7926
f 8221 8003 8259
f 8260 8262 8254
f 8258 8253 8242
f 8259 8260 8258
f 8265 8261 8270
f 8265 8262 8260
f 8002 8003 7998
f 8003 8002 8004
f 8261 8273 8270
f 8274 8270 8273
f 8273 8261 8004
f 8011 8274 8273
f 8004 8011 8273
f 7940 7946 7945
f 8028 8012 8027
f 8027 8012 8015
f 8029 8028 8027
f 8020 8027 8015
f 8029 8027 8020
f 7946 7948 7945
f 8036 8022 8035
f 8034 8035 7956
f 8034 8036 8035
f 8031 8032 8030
f 8030 8021 8031
f 8031 8036 8043
f 8045 8044 8043
f 8045 8043 8040
f 8041 8045 8040
f 8250 8248 8236
f 8255 8251 8278
f 8250 8251 8248
f 8257 8251 8255
f 7986 7975 7989
f 7989 7988 7986
f 8249 8257 8051
f 8051 7994 7988
f 8277 8280 8278
f 8278 8280 8281
f 8255 8263 8257
f 8279 8255 8278
f 8279 8263 8255
f 8254 8262 8266
f 8262 8267 8266
f 8265 8267 8262
f 8288 8290 8264
f 8267 8268 8266
f 8008 7995 8054
f 8052 7994 8051
f 8263 8264 8052
f 8052 8264 8054
f 8053 8008 8054
f 8010 8011 8006
f 8290 8060 8264
f 8289 8288 8286
f 8288 8279 8286
f 8289 8295 8291
f 8291 8295 8300
f 8290 8291 8292
f 8053 8060 8056
f 8056 8060 8061
f 8061 8057 8056
f 8271 8275 8293
f 8275 8294 8293
f 8274 8059 8275
f 8010 8058 8059
f 8058 8062 8059
f 8306 8307 8305
f 8293 8304 8296
f 8305 8307 8304
f 8303 8306 8305
f 8058 8057 8062
f 8062 8057 8061
f 8318 8313 8276
f 8276 8319 8318
f 8276 8313 8065
f 8071 8064 8013
f 8028 8075 8071
f 8276 8071 8075
f 8078 8075 8076
f 8029 8030 8076
f 8318 8320 8314
f 8316 8313 8314
f 8314 8313 8318
f 8319 8320 8318
f 8326 8321 8328
f 8326 8322 8320
f 8065 8313 8316
f 8068 8065 8316
f 8069 8067 8068
f 8068 8067 8066
f 8321 8319 8078
f 8044 8088 8032
f 8076 8077 8078
f 8079 8078 8077
f 8077 8032 8088
f 8042 8044 8045
f 8087 8089 8088
f 8045 8041 8042
f 8332 8333 8329
f 8321 8331 8328
f 8334 8333 8332
f 8332 8331 8085
f 8085 8079 8089
f 8079 8085 8331
f 8102 8332 8085
f 8085 8089 8102
f 8103 8102 8096
f 8099 8103 8096
f 8308 8300 8309
f 8300 8308 8303
f 8308 8306 8303
f 8310 8308 8309
f 8306 8308 8310
f 8307 8306 8310
f 8315 8323 8317
f 8324 8323 8315
f 8315 8322 8324
f 8325 8323 8324
f 8344 8327 8330
f 8326 8327 8322
f 8327 8344 8339
f 8107 8069 8317
f 8323 8107 8317
f 8323 8325 8107
f 8107 8109 8069
f 8107 8325 8109
f 8108 8082 8109
f 8341 8115 8325
f 8338 8348 8342
f 8338 8342 8340
f 8347 8346 8344
f 8341 8342 8343
f 8349 8117 8343
f 8108 8115 8114
f 8115 8341 8343
f 8116 8114 8117
f 8329 8330 8328
f 8344 8330 8345
f 8329 8333 8335
f 8345 8335 8362
f 8333 8336 8335
f 8336 8333 8334
f 8123 8129 8101
f 8123 8130 8129
f 8129 8336 8334
f 8103 8099 8101
f 8364 8366 8356
f 8362 8355 8345
f 8363 8364 8362
f 8365 8364 8363
f 8367 8365 8133
f 8128 8130 8123
f 8365 8363 8130
f 8132 8133 8128
f 8350 8348 8338
f 8357 8351 8372
f 8350 8351 8348
f 8361 8351 8357
f 8349 8143 8117
f 8349 8361 8143
f 8371 8375 8372
f 8372 8375 8376
f 8357 8368 8361
f 8373 8357 8372
f 8373 8368 8357
f 8356 8366 8370
f 8373 8374 8368
f 8369 8366 8367
f 8369 8392 8389
f 8390 8370 8389
f 8144 8120 8143
f 8144 8142 8120
f 8144 8145 8142
f 8367 8133 8159
f 8161 8392 8369
f 8385 8384 8383
f 8388 8374 8384
f 8384 8393 8388
f 8392 8394 8389
f 8400 8396 8394
f 8393 8398 8399
f 8394 8392 8395
f 8145 8374 8388
f 8393 8149 8388
f 8149 8145 8388
f 8149 8148 8146
f 8399 8169 8393
f 8395 8392 8161
f 8164 8170 8157
f 8136 8160 8159
f 8159 8160 8161
f 8162 8161 8160
f 8136 8158 8160
f 8158 8162 8160
f 8395 8406 8405
f 8407 8405 8406
f 8170 8407 8406
f 8158 8157 8162
f 8401 8398 8385
f 8400 8402 8403
f 8401 8402 8398
f 8401 8403 8402
f 8166 8148 8169
f 8169 8168 8166
f 8399 8408 8171
f 8407 8408 8405
f 8407 8170 8171
f 8407 8171 8408
f 8415 8413 8416
f 8415 8414 8412
f 8415 8412 8413
f 8206 8190 8205
f 8205 8190 8193
f 8198 8205 8193
f 8413 8412 8200
f 8199 8200 8198
f 8420 8421 8417
f 8413 8418 8416
f 8422 8421 8420
f 8418 8413 8200
f 8420 8418 8210
f 8210 8199 8207
f 8207 8209 8210
f 8420 8217 8422
f 8415 8419 8414
f 8419 8415 8416
f 8204 8190 8206
f 8414 8230 8206
f 8230 8231 8223
f 8232 8231 8230
f 8223 8231 8228
f 8228 8231 8233
f 8231 8232 8233
f 8233 8229 8228
f 8424 8423 8417
f 8417 8421 8424
f 8421 8425 8424
f 8425 8421 8422
f 8217 8209 8215
f 8423 8232 8419
f 8423 8426 8232
f 8217 8245 8422
f 8239 8246 8245
f 8245 8425 8422
f 8432 8431 8427
f 8429 8432 8427
f 8428 8426 8427
f 8427 8426 8429
f 8427 8431 8428
f 8430 8432 8429
f 8435 8437 8433
f 8431 8237 8428
f 8234 8229 8237
f 8237 8236 8234
f 8436 8252 8431
f 8243 8246 8239
f 8246 8243 8247
f 8244 8247 8243
f 8435 8433 8439
f 8440 8441 8439
f 8433 8440 8439
f 8449 8440 8447
f 8451 8450 8449
f 8447 8434 8247
f 8449 8447 8256
f 8256 8244 8253
f 8253 8254 8256
f 8449 8269 8451
f 8442 8437 8443
f 8438 8448 8436
f 8250 8236 8252
f 8436 8282 8252
f 8282 8283 8277
f 8284 8283 8282
f 8277 8283 8280
f 8280 8283 8285
f 8283 8284 8285
f 8285 8281 8280
f 8442 8452 8448
f 8458 8452 8442
f 8441 8450 8453
f 8458 8459 8452
f 8469 8454 8455
f 8450 8454 8453
f 8455 8454 8456
f 8269 8254 8266
f 8452 8284 8448
f 8452 8459 8284
f 8268 8269 8266
f 8456 8451 8297
f 8272 8297 8268
f 8461 8458 8460
f 8463 8462 8461
f 8464 8459 8462
f 8462 8468 8464
f 8469 8473 8465
f 8476 8470 8483
f 8468 8474 8475
f 8468 8287 8464
f 8286 8281 8287
f 8301 8287 8468
f 8295 8289 8301
f 8295 8301 8302
f 8300 8295 8302
f 8456 8457 8455
f 8469 8455 8471
f 8455 8457 8471
f 8457 8472 8471
f 8272 8298 8297
f 8272 8296 8298
f 8296 8299 8298
f 8471 8470 8469
f 8471 8472 8470
f 8485 8483 8484
f 8484 8472 8299
f 8299 8311 8484
f 8311 8307 8312
f 8304 8307 8311
f 8477 8474 8463
f 8476 8478 8479
f 8477 8478 8474
f 8477 8479 8478
f 8475 8337 8302
f 8475 8486 8337
f 8485 8486 8483
f 8312 8307 8310
f 8485 8337 8486
f 8310 8309 8312
f 8353 8338 8352
f 8352 8338 8340
f 8354 8353 8352
f 8346 8352 8340
f 8354 8352 8346
f 8359 8360 8358
f 8359 8347 8355
f 8358 8347 8359
f 8359 8356 8360
f 8355 8356 8359
f 8350 8338 8353
f 8377 8380 8371
f 8381 8377 8378
f 8354 8358 8378
f 8381 8380 8377
f 8371 8380 8375
f 8375 8380 8382
f 8380 8381 8382
f 8382 8376 8375
f 8493 8488 8487
f 8487 8494 8493
f 8378 8379 8381
f 8379 8360 8391
f 8379 8391 8487
f 8390 8391 8370
f 8487 8397 8494
f 8493 8495 8489
f 8491 8488 8489
f 8489 8488 8493
f 8494 8495 8493
f 8496 8495 8494
f 8383 8376 8386
f 8387 8385 8386
f 8386 8385 8383
f 8498 8496 8404
f 8396 8397 8390
f 8496 8494 8397
f 8400 8404 8396
f 8490 8499 8492
f 8500 8499 8490
f 8490 8497 8500
f 8501 8499 8500
f 8497 8502 8500
f 8502 8497 8498
f 8502 8501 8500
f 8409 8387 8492
f 8499 8409 8492
f 8499 8501 8409
f 8409 8410 8387
f 8409 8501 8410
f 8501 8411 8410
f 8411 8502 8498
f 8404 8400 8403
f 8411 8501 8502
f 8435 8444 8437
f 8445 8446 8444
f 8445 8435 8439
f 8444 8435 8445
f 8445 8441 8446
f 8439 8441 8445
f 8437 8444 8443
f 8444 8446 8443
f 8467 8460 8466
f 8465 8466 8453
f 8465 8467 8466
f 8461 8460 8467
f 8481 8463 8480
f 8482 8481 8480
f 8482 8480 8473
f 8476 8482 8473
f 8477 8463 8481
f 8481 8479 8477
f 8479 8481 8482
f 8482 8476 8479
f 1089 1083 1088
f 1089 1085 1083
f 1083 1076 1077
f 1083 1082 1076
f 1088 1091 1089
f 1088 1090 1091
f 1091 1095 1094
f 1091 1092 1095
f 1076 8 1077
f 1076 7 8
f 13 7 12
f 13 8 7
f 14 19 13
f 14 20 19
f 21 16 19
f 21 17 16
f 16 1093 1090
f 16 17 1093
f 1101 1106 1110
f 1101 1100 1106
f 1100 1093 1105
f 1100 1092 1093
f 1106 1111 1110
f 1106 1107 1111
f 1106 23 24
f 1106 1105 23
f 29 1106 28
f 29 1107 1106
f 1122 1025 1123
f 1122 1024 1025
f 37 1024 36
f 37 1025 1024
f 1124 1116 1122
f 1124 1118 1116
f 1116 1108 1109
f 1116 1115 1108
f 1124 1125 1126
f 1124 1123 1125
f 1108 26 1109
f 1108 25 26
f 32 25 31
f 32 26 25
f 33 41 32
f 33 42 41
f 43 36 41
f 43 38 36
f 1030 1028 1031
f 1030 1027 1028
f 1029 1125 1028
f 1029 1128 1125
f 1035 1027 1033
f 1035 1029 1027
f 1039 1037 1036
f 1039 1040 1037
f 1033 1043 1036
f 1033 1034 1043
f 1030 37 35
f 1030 1031 37
f 50 35 39
f 50 49 35
f 48 3 49
f 48 2 3
f 1034 2 55
f 1034 3 2
f 46 38 45
f 46 39 38
f 47 56 46
f 47 57 56
f 52 50 56
f 52 48 50
f 53 58 59
f 53 52 58
f 1042 1039 1043
f 1042 1038 1039
f 1047 1038 1045
f 1047 1041 1038
f 1050 1049 1048
f 1050 1051 1049
f 1045 1054 1048
f 1045 1046 1054
f 1042 4 5
f 1042 55 4
f 62 4 54
f 62 5 4
f 64 63 65
f 64 62 63
f 66 1046 64
f 66 1054 1046
f 60 54 53
f 60 63 54
f 61 69 60
f 61 70 69
f 71 65 69
f 71 67 65
f 1056 1050 1055
f 1056 1052 1050
f 1063 1061 1060
f 1063 1064 1061
f 1059 1058 1060
f 1059 1056 1058
f 68 1055 66
f 68 1057 1055
f 77 1057 76
f 77 1058 1057
f 73 67 72
f 73 68 67
f 74 80 73
f 74 81 80
f 82 76 80
f 82 78 76
f 1069 1063 1068
f 1069 1065 1063
f 1146 1070 1147
f 1146 1069 1070
f 1071 1148 1072
f 1071 1146 1148
f 79 1068 77
f 79 1070 1068
f 84 78 83
f 84 79 78
f 85 89 84
f 85 90 89
f 91 87 89
f 91 88 87
f 87 1151 1147
f 87 88 1151
f 1155 1148 1150
f 1155 1152 1148
f 1158 1156 1161
f 1158 1155 1156
f 1156 1151 1157
f 1156 1150 1151
f 1160 1168 1161
f 1160 1166 1168
f 1160 92 93
f 1160 1157 92
f 1079 1080 1081
f 1079 1078 1080
f 1080 1086 1081
f 1080 1082 1086
f 9 1078 100
f 9 10 1078
f 10 11 12
f 10 9 11
f 100 1180 101
f 100 1079 1180
f 1184 1183 1182
f 1184 1188 1183
f 1180 1189 1181
f 1180 1183 1189
f 97 1181 103
f 97 101 1181
f 98 103 105
f 98 97 103
f 1087 1182 1086
f 1087 1185 1182
f 109 11 99
f 109 14 11
f 108 20 109
f 108 18 20
f 21 22 23
f 21 18 22
f 106 99 98
f 106 110 99
f 107 116 106
f 107 117 116
f 112 110 116
f 112 108 110
f 113 118 120
f 113 112 118
f 1119 1114 1113
f 1119 1120 1114
f 1111 1119 1113
f 1111 1115 1119
f 124 22 114
f 124 24 22
f 123 28 124
f 123 27 28
f 29 30 31
f 29 27 30
f 121 114 113
f 121 125 114
f 122 131 121
f 122 132 131
f 127 125 131
f 127 123 125
f 128 133 135
f 128 127 133
f 139 30 129
f 139 33 30
f 138 42 139
f 138 40 42
f 43 44 45
f 43 40 44
f 136 129 128
f 136 140 129
f 137 146 136
f 137 147 146
f 142 140 146
f 142 138 140
f 143 148 150
f 143 142 148
f 153 44 144
f 153 47 44
f 156 57 155
f 156 58 57
f 155 154 158
f 155 153 154
f 151 144 143
f 151 154 144
f 152 162 151
f 152 163 162
f 164 158 162
f 164 160 158
f 59 157 61
f 59 156 157
f 169 157 161
f 169 168 157
f 171 70 170
f 171 71 70
f 170 169 173
f 170 168 169
f 166 160 165
f 166 161 160
f 167 177 166
f 167 178 177
f 179 173 177
f 179 175 173
f 72 172 74
f 72 171 172
f 184 172 176
f 184 183 172
f 186 81 185
f 186 82 81
f 185 184 188
f 185 183 184
f 181 175 180
f 181 176 175
f 182 192 181
f 182 193 192
f 194 188 192
f 194 190 188
f 83 187 85
f 83 186 187
f 199 187 191
f 199 198 187
f 201 90 200
f 201 91 90
f 200 199 203
f 200 198 199
f 196 190 195
f 196 191 190
f 197 207 196
f 197 208 207
f 209 203 207
f 209 205 203
f 1174 1167 1168
f 1174 1169 1167
f 92 202 93
f 92 201 202
f 214 202 206
f 214 213 202
f 215 214 216
f 215 213 214
f 217 1166 215
f 217 1174 1166
f 211 205 210
f 211 206 205
f 212 220 211
f 212 221 220
f 222 216 220
f 222 218 216
f 1176 1169 1175
f 1176 1171 1169
f 1215 1175 1212
f 1215 1176 1175
f 1220 1215 1219
f 1220 1216 1215
f 1217 1220 1221
f 1217 1216 1220
f 1218 1228 1219
f 1218 1226 1228
f 217 1214 1212
f 217 218 1214
f 1218 224 225
f 1218 1214 224
f 1188 1245 1190
f 1188 1191 1245
f 1187 1189 1190
f 1187 1186 1189
f 102 1186 232
f 102 103 1186
f 103 104 105
f 103 102 104
f 232 1243 233
f 232 1187 1243
f 1247 1250 1246
f 1247 1251 1250
f 1243 1250 1244
f 1243 1246 1250
f 229 1244 235
f 229 233 1244
f 230 235 237
f 230 229 235
f 241 104 231
f 241 107 104
f 240 117 241
f 240 115 117
f 118 119 120
f 118 115 119
f 1254 1259 1266
f 1254 1253 1259
f 1245 1252 1247
f 1245 1248 1252
f 1253 1256 1259
f 1253 1252 1256
f 238 231 230
f 238 242 231
f 239 247 238
f 239 248 247
f 244 242 247
f 244 240 242
f 245 249 250
f 245 244 249
f 254 119 246
f 254 122 119
f 253 132 254
f 253 130 132
f 133 134 135
f 133 130 134
f 251 246 245
f 251 255 246
f 252 261 251
f 252 262 261
f 257 255 261
f 257 253 255
f 258 263 265
f 258 257 263
f 269 134 259
f 269 137 134
f 268 147 269
f 268 145 147
f 148 149 150
f 148 145 149
f 266 259 258
f 266 270 259
f 267 275 266
f 267 276 275
f 272 270 275
f 272 268 270
f 273 277 278
f 273 272 277
f 281 149 274
f 281 152 149
f 284 163 283
f 284 164 163
f 283 282 286
f 283 281 282
f 279 274 273
f 279 282 274
f 280 290 279
f 280 291 290
f 292 286 290
f 292 288 286
f 165 285 167
f 165 284 285
f 297 285 289
f 297 296 285
f 299 178 298
f 299 179 178
f 298 297 301
f 298 296 297
f 294 288 293
f 294 289 288
f 295 305 294
f 295 306 305
f 307 301 305
f 307 303 301
f 180 300 182
f 180 299 300
f 312 300 304
f 312 311 300
f 314 193 313
f 314 194 193
f 313 312 316
f 313 311 312
f 309 303 308
f 309 304 303
f 310 320 309
f 310 321 320
f 322 316 320
f 322 318 316
f 195 315 197
f 195 314 315
f 327 315 319
f 327 326 315
f 329 208 328
f 329 209 208
f 328 327 331
f 328 326 327
f 324 318 323
f 324 319 318
f 325 336 324
f 325 337 336
f 338 331 336
f 338 333 331
f 210 330 212
f 210 329 330
f 345 330 334
f 345 344 330
f 343 221 344
f 343 219 221
f 222 223 224
f 222 219 223
f 341 333 340
f 341 334 333
f 342 351 341
f 342 352 351
f 347 345 351
f 347 343 345
f 348 353 355
f 348 347 353
f 1234 1227 1228
f 1234 1229 1227
f 358 223 349
f 358 225 223
f 360 359 361
f 360 358 359
f 362 1226 360
f 362 1234 1226
f 356 349 348
f 356 359 349
f 357 366 356
f 357 367 366
f 368 361 366
f 368 363 361
f 1236 1229 1235
f 1236 1231 1229
f 1274 1237 1275
f 1274 1236 1237
f 1238 1277 1239
f 1238 1274 1277
f 364 1235 362
f 364 1237 1235
f 1284 1279 1278
f 1284 1285 1279
f 1284 1275 1276
f 1284 1278 1275
f 371 363 370
f 371 364 363
f 372 375 371
f 372 376 375
f 1283 375 376
f 1283 1276 375
f 1292 1288 1298
f 1292 1287 1288
f 1286 1277 1279
f 1286 1280 1277
f 1290 1287 1292
f 1290 1286 1287
f 234 1249 383
f 234 235 1249
f 1249 385 383
f 1249 1255 385
f 235 236 237
f 235 234 236
f 1312 1320 1313
f 1312 1319 1320
f 1310 1320 1316
f 1310 1311 1320
f 388 1310 387
f 388 1311 1310
f 380 1311 388
f 380 384 1311
f 384 1313 1311
f 384 385 1313
f 381 388 390
f 381 380 388
f 1255 1254 1267
f 1255 1251 1254
f 1267 1327 1314
f 1267 1268 1327
f 1269 1330 1271
f 1269 1272 1330
f 1328 1266 1271
f 1328 1268 1266
f 393 236 382
f 393 239 236
f 396 248 395
f 396 249 248
f 395 394 398
f 395 393 394
f 1327 1312 1314
f 1327 1322 1312
f 1329 1330 1331
f 1329 1328 1330
f 391 382 381
f 391 394 382
f 392 403 391
f 392 404 403
f 405 398 403
f 405 400 398
f 250 397 252
f 250 396 397
f 412 397 401
f 412 411 397
f 410 262 411
f 410 260 262
f 263 264 265
f 263 260 264
f 408 400 407
f 408 401 400
f 409 418 408
f 409 419 418
f 414 412 418
f 414 410 412
f 415 420 422
f 415 414 420
f 425 264 416
f 425 267 264
f 428 276 427
f 428 277 276
f 427 426 430
f 427 425 426
f 423 416 415
f 423 426 416
f 424 434 423
f 424 435 434
f 436 430 434
f 436 432 430
f 278 429 280
f 278 428 429
f 441 429 433
f 441 440 429
f 443 291 442
f 443 292 291
f 442 441 445
f 442 440 441
f 438 432 437
f 438 433 432
f 439 449 438
f 439 450 449
f 451 445 449
f 451 447 445
f 293 444 295
f 293 443 444
f 456 444 448
f 456 455 444
f 458 306 457
f 458 307 306
f 457 456 460
f 457 455 456
f 453 447 452
f 453 448 447
f 454 464 453
f 454 465 464
f 466 460 464
f 466 462 460
f 308 459 310
f 308 458 459
f 471 459 463
f 471 470 459
f 473 321 472
f 473 322 321
f 472 471 475
f 472 470 471
f 468 462 467
f 468 463 462
f 469 479 468
f 469 480 479
f 481 475 479
f 481 477 475
f 323 474 325
f 323 473 474
f 487 474 478
f 487 486 474
f 485 337 486
f 485 335 337
f 338 339 340
f 338 335 339
f 483 477 482
f 483 478 477
f 484 493 483
f 484 494 493
f 489 487 493
f 489 485 487
f 490 495 497
f 490 489 495
f 501 339 491
f 501 342 339
f 500 352 501
f 500 350 352
f 353 354 355
f 353 350 354
f 498 491 490
f 498 502 491
f 499 508 498
f 499 509 508
f 504 502 508
f 504 500 502
f 505 510 512
f 505 504 510
f 516 354 506
f 516 357 354
f 515 367 516
f 515 365 367
f 368 369 370
f 368 365 369
f 513 506 505
f 513 517 506
f 514 523 513
f 514 524 523
f 519 517 523
f 519 515 517
f 520 525 527
f 520 519 525
f 530 369 521
f 530 372 369
f 532 531 533
f 532 530 531
f 534 1283 532
f 534 1289 1283
f 528 521 520
f 528 531 521
f 529 536 528
f 529 537 536
f 538 533 536
f 538 535 533
f 1288 1289 1299
f 1288 1285 1289
f 1342 1299 1339
f 1342 1300 1299
f 1346 1301 1303
f 1346 1304 1301
f 1298 1343 1303
f 1298 1300 1343
f 1347 1342 1345
f 1347 1343 1342
f 1353 1348 1347
f 1353 1355 1348
f 1344 1353 1345
f 1344 1350 1353
f 534 1341 1339
f 534 535 1341
f 1344 539 540
f 1344 1341 539
f 1356 1346 1348
f 1356 1349 1346
f 1317 1378 1372
f 1317 1318 1378
f 1319 1381 1321
f 1319 1323 1381
f 1379 1316 1321
f 1379 1318 1316
f 543 1317 1372
f 543 542 1317
f 548 542 543
f 548 547 542
f 546 387 547
f 546 386 387
f 388 389 390
f 388 386 389
f 1380 1373 1378
f 1380 1375 1373
f 1377 1373 1374
f 1377 1376 1373
f 1380 1381 1382
f 1380 1379 1381
f 544 1377 545
f 544 1376 1377
f 545 554 544
f 545 555 554
f 550 548 554
f 550 546 548
f 551 556 558
f 551 550 556
f 562 389 552
f 562 392 389
f 561 404 562
f 561 402 404
f 405 406 407
f 405 402 406
f 559 552 551
f 559 563 552
f 560 569 559
f 560 570 569
f 565 563 569
f 565 561 563
f 566 571 573
f 566 565 571
f 577 406 567
f 577 409 406
f 576 419 577
f 576 417 419
f 420 421 422
f 420 417 421
f 574 567 566
f 574 578 567
f 575 584 574
f 575 585 584
f 580 578 584
f 580 576 578
f 581 586 588
f 581 580 586
f 591 421 582
f 591 424 421
f 594 435 593
f 594 436 435
f 593 592 596
f 593 591 592
f 589 582 581
f 589 592 582
f 590 600 589
f 590 601 600
f 602 596 600
f 602 598 596
f 437 595 439
f 437 594 595
f 607 595 599
f 607 606 595
f 609 450 608
f 609 451 450
f 608 607 611
f 608 606 607
f 604 598 603
f 604 599 598
f 605 615 604
f 605 616 615
f 617 611 615
f 617 613 611
f 452 610 454
f 452 609 610
f 622 610 614
f 622 621 610
f 624 465 623
f 624 466 465
f 623 622 626
f 623 621 622
f 619 613 618
f 619 614 613
f 620 630 619
f 620 631 630
f 632 626 630
f 632 628 626
f 467 625 469
f 467 624 625
f 637 625 629
f 637 636 625
f 639 480 638
f 639 481 480
f 638 637 641
f 638 636 637
f 634 628 633
f 634 629 628
f 635 645 634
f 635 646 645
f 647 641 645
f 647 643 641
f 482 640 484
f 482 639 640
f 653 640 644
f 653 652 640
f 651 494 652
f 651 492 494
f 495 496 497
f 495 492 496
f 649 643 648
f 649 644 643
f 650 659 649
f 650 660 659
f 655 653 659
f 655 651 653
f 656 661 663
f 656 655 661
f 667 496 657
f 667 499 496
f 666 509 667
f 666 507 509
f 510 511 512
f 510 507 511
f 664 657 656
f 664 668 657
f 665 674 664
f 665 675 674
f 670 668 674
f 670 666 668
f 671 676 678
f 671 670 676
f 682 511 672
f 682 514 511
f 681 524 682
f 681 522 524
f 525 526 527
f 525 522 526
f 679 672 671
f 679 683 672
f 680 688 679
f 680 689 688
f 685 683 688
f 685 681 683
f 686 690 691
f 686 685 690
f 694 526 687
f 694 529 526
f 697 537 696
f 697 538 537
f 696 695 699
f 696 694 695
f 692 687 686
f 692 695 687
f 693 702 692
f 693 703 702
f 704 699 702
f 704 701 699
f 1353 1352 1354
f 1353 1350 1352
f 1352 1409 1410
f 1352 1351 1409
f 1360 1353 1354
f 1360 1355 1353
f 539 698 540
f 539 697 698
f 1351 700 1403
f 1351 698 700
f 1411 1406 1416
f 1411 1405 1406
f 1405 1408 1406
f 1405 1407 1408
f 1413 1409 1411
f 1413 1410 1409
f 1413 1414 1412
f 1413 1419 1414
f 700 1407 1403
f 700 701 1407
f 1412 1361 1360
f 1412 1415 1361
f 1386 1375 1388
f 1386 1374 1375
f 1387 1432 1433
f 1387 1386 1432
f 1435 1388 1389
f 1435 1432 1388
f 709 555 710
f 709 553 555
f 709 1387 715
f 709 710 1387
f 556 557 558
f 556 553 557
f 1437 1440 1436
f 1437 1441 1440
f 1433 1440 1434
f 1433 1436 1440
f 712 1434 716
f 712 715 1434
f 713 716 717
f 713 712 716
f 721 557 714
f 721 560 557
f 720 570 721
f 720 568 570
f 571 572 573
f 571 568 572
f 1435 1442 1437
f 1435 1438 1442
f 718 714 713
f 718 722 714
f 719 727 718
f 719 728 727
f 724 722 727
f 724 720 722
f 725 729 730
f 725 724 729
f 734 572 726
f 734 575 572
f 733 585 734
f 733 583 585
f 586 587 588
f 586 583 587
f 731 726 725
f 731 735 726
f 732 741 731
f 732 742 741
f 737 735 741
f 737 733 735
f 738 743 745
f 738 737 743
f 748 587 739
f 748 590 587
f 751 601 750
f 751 602 601
f 750 749 753
f 750 748 749
f 746 739 738
f 746 749 739
f 747 757 746
f 747 758 757
f 759 753 757
f 759 755 753
f 603 752 605
f 603 751 752
f 764 752 756
f 764 763 752
f 766 616 765
f 766 617 616
f 765 764 768
f 765 763 764
f 761 755 760
f 761 756 755
f 762 772 761
f 762 773 772
f 774 768 772
f 774 770 768
f 618 767 620
f 618 766 767
f 779 767 771
f 779 778 767
f 781 631 780
f 781 632 631
f 780 779 783
f 780 778 779
f 776 770 775
f 776 771 770
f 777 787 776
f 777 788 787
f 789 783 787
f 789 785 783
f 633 782 635
f 633 781 782
f 794 782 786
f 794 793 782
f 796 646 795
f 796 647 646
f 795 794 798
f 795 793 794
f 791 785 790
f 791 786 785
f 792 803 791
f 792 804 803
f 805 798 803
f 805 800 798
f 648 797 650
f 648 796 797
f 812 797 801
f 812 811 797
f 810 660 811
f 810 658 660
f 661 662 663
f 661 658 662
f 808 800 807
f 808 801 800
f 809 818 808
f 809 819 818
f 814 812 818
f 814 810 812
f 815 820 822
f 815 814 820
f 826 662 816
f 826 665 662
f 825 675 826
f 825 673 675
f 676 677 678
f 676 673 677
f 823 816 815
f 823 827 816
f 824 832 823
f 824 833 832
f 829 827 832
f 829 825 827
f 830 834 835
f 830 829 834
f 837 677 831
f 837 680 677
f 840 689 839
f 840 690 689
f 839 838 842
f 839 837 838
f 1475 1468 1472
f 1475 1469 1468
f 835 1468 836
f 835 1467 1468
f 836 831 830
f 836 838 831
f 1470 842 1469
f 1470 843 842
f 691 841 693
f 691 840 841
f 1404 843 1471
f 1404 841 843
f 847 703 846
f 847 704 703
f 1485 846 1404
f 1485 848 846
f 1478 1484 1483
f 1478 1480 1484
f 1470 1478 1471
f 1470 1477 1478
f 1486 1483 1484
f 1486 1485 1483
f 1491 1486 1490
f 1491 1487 1486
f 1498 1417 1489
f 1498 1418 1417
f 1416 1499 1421
f 1416 1418 1499
f 1421 1500 1422
f 1421 1499 1500
f 848 1408 847
f 848 1417 1408
f 1487 1498 1489
f 1487 1495 1498
f 1446 1444 1451
f 1446 1441 1444
f 1452 1445 1455
f 1452 1444 1445
f 1457 1460 1456
f 1457 1461 1460
f 1454 1455 1456
f 1454 1452 1455
f 717 850 719
f 717 849 850
f 849 1451 850
f 849 1446 1451
f 853 728 852
f 853 729 728
f 1463 852 1454
f 1463 853 852
f 1461 1507 1460
f 1461 1509 1507
f 730 854 732
f 730 853 854
f 853 1464 854
f 853 1463 1464
f 855 1464 1508
f 855 854 1464
f 859 854 855
f 859 858 854
f 857 742 858
f 857 740 742
f 743 744 745
f 743 740 744
f 1512 1514 1518
f 1512 1511 1514
f 1507 1512 1508
f 1507 1511 1512
f 1528 1517 1518
f 1528 1526 1517
f 865 1526 866
f 865 1517 1526
f 861 859 865
f 861 857 859
f 862 866 868
f 862 861 866
f 871 744 863
f 871 747 744
f 874 758 873
f 874 759 758
f 873 872 876
f 873 871 872
f 869 863 862
f 869 872 863
f 870 881 869
f 870 882 881
f 883 876 881
f 883 878 876
f 760 875 762
f 760 874 875
f 889 875 879
f 889 888 875
f 891 773 890
f 891 774 773
f 890 889 893
f 890 888 889
f 886 878 885
f 886 879 878
f 887 897 886
f 887 898 897
f 899 893 897
f 899 895 893
f 775 892 777
f 775 891 892
f 904 892 896
f 904 903 892
f 906 788 905
f 906 789 788
f 905 904 908
f 905 903 904
f 901 895 900
f 901 896 895
f 902 912 901
f 902 913 912
f 914 908 912
f 914 910 908
f 790 907 792
f 790 906 907
f 920 907 911
f 920 919 907
f 918 804 919
f 918 802 804
f 805 806 807
f 805 802 806
f 916 910 915
f 916 911 910
f 917 925 916
f 917 926 925
f 922 920 925
f 922 918 920
f 923 927 928
f 923 922 927
f 932 806 924
f 932 809 806
f 931 819 932
f 931 817 819
f 820 821 822
f 820 817 821
f 929 924 923
f 929 933 924
f 930 938 929
f 930 939 938
f 935 933 938
f 935 931 933
f 936 940 941
f 936 935 940
f 944 821 937
f 944 824 821
f 947 833 946
f 947 834 833
f 946 945 948
f 946 944 945
f 942 937 936
f 942 945 937
f 943 950 942
f 943 951 950
f 1543 950 951
f 1543 1540 950
f 1541 948 1540
f 1541 949 948
f 1554 1473 1542
f 1554 1474 1473
f 1472 1555 1476
f 1472 1474 1555
f 1481 1475 1476
f 1481 1477 1475
f 949 1467 947
f 949 1473 1467
f 1549 1556 1554
f 1549 1551 1556
f 1541 1549 1542
f 1541 1548 1549
f 1557 1556 1558
f 1557 1555 1556
f 1557 1482 1481
f 1557 1560 1482
f 1527 1534 1528
f 1527 1529 1534
f 864 1526 957
f 864 866 1526
f 1526 959 957
f 1526 1534 959
f 866 867 868
f 866 864 867
f 1530 1568 1529
f 1530 1570 1568
f 963 867 956
f 963 870 867
f 962 882 963
f 962 880 882
f 883 884 885
f 883 880 884
f 1572 1574 1578
f 1572 1571 1574
f 1568 1572 1569
f 1568 1571 1572
f 1587 1577 1578
f 1587 1585 1577
f 1573 959 1569
f 1573 960 959
f 961 956 955
f 961 964 956
f 960 961 955
f 960 1573 961
f 969 1585 970
f 969 1577 1585
f 966 964 969
f 966 962 964
f 967 970 971
f 967 966 970
f 974 884 968
f 974 887 884
f 977 898 976
f 977 899 898
f 976 975 979
f 976 974 975
f 972 968 967
f 972 975 968
f 973 983 972
f 973 984 983
f 985 979 983
f 985 981 979
f 900 978 902
f 900 977 978
f 989 978 982
f 989 988 978
f 991 913 990
f 991 914 913
f 990 989 993
f 990 988 989
f 1612 1608 1611
f 1612 1609 1608
f 986 1608 987
f 986 1606 1608
f 987 981 986
f 987 982 981
f 1610 993 1609
f 1610 994 993
f 915 992 917
f 915 991 992
f 999 992 995
f 999 998 992
f 1001 926 1000
f 1001 927 926
f 1000 999 1003
f 1000 998 999
f 1622 1616 1617
f 1622 1621 1616
f 1626 1622 1625
f 1626 1623 1622
f 994 1621 995
f 994 1610 1621
f 1624 1003 1623
f 1624 1004 1003
f 928 1002 930
f 928 1001 1002
f 1009 1002 1005
f 1009 1008 1002
f 1011 939 1010
f 1011 940 939
f 1010 1009 1013
f 1010 1008 1009
f 1631 1639 1638
f 1631 1632 1639
f 1638 1630 1631
f 1638 1636 1630
f 1646 1641 1645
f 1646 1642 1641
f 1641 1640 1639
f 1641 1643 1640
f 1004 1636 1005
f 1004 1624 1636
f 1643 1013 1640
f 1643 1014 1013
f 1546 1545 1547
f 1546 1543 1545
f 1545 1653 1654
f 1545 1544 1653
f 1552 1546 1547
f 1552 1548 1546
f 941 1012 943
f 941 1011 1012
f 1544 1014 1644
f 1544 1012 1014
f 1642 1653 1644
f 1642 1650 1653
f 1656 1655 1657
f 1656 1654 1655
f 1656 1553 1552
f 1656 1659 1553
f 1586 1593 1587
f 1586 1588 1593
f 1588 1595 1594
f 1588 1590 1595
f 1600 1603 1599
f 1600 1604 1603
f 1597 1598 1599
f 1597 1595 1598
f 971 1019 973
f 971 1018 1019
f 1018 1594 1019
f 1018 1593 1594
f 1022 984 1021
f 1022 985 984
f 1607 1021 1597
f 1607 1022 1021
f 1603 1606 1607
f 1603 1602 1606
f 1602 1613 1611
f 1602 1605 1613
f 1615 1618 1614
f 1615 1619 1618
f 1618 1612 1614
f 1618 1616 1612
f 1617 1627 1625
f 1617 1620 1627
f 1629 1633 1628
f 1629 1634 1633
f 1633 1626 1628
f 1633 1630 1626
f 1692 1682 1691
f 1692 1683 1682
f 1693 1696 1695
f 1693 1694 1696
f 1699 1694 1693
f 1699 1701 1694
f 1691 1699 1692
f 1691 1698 1699
f 1704 1708 1709
f 1704 1703 1708
f 1706 1703 1701
f 1706 1708 1703
f 1098 1095 1102
f 1098 1094 1095
f 1131 1127 1132
f 1131 1126 1127
f 1134 1037 1136
f 1134 1035 1037
f 1135 1136 1139
f 1135 1134 1136
f 1739 1747 1740
f 1739 1746 1747
f 1737 1747 1745
f 1737 1738 1747
f 1737 1132 1133
f 1737 1735 1132
f 1128 1133 1127
f 1128 1135 1133
f 1139 1740 1738
f 1139 1140 1740
f 1684 1681 1680
f 1684 1685 1681
f 1754 1679 1755
f 1754 1678 1679
f 1756 1680 1681
f 1756 1755 1680
f 1140 1678 1741
f 1140 1138 1678
f 1138 1041 1142
f 1138 1040 1041
f 1142 1049 1143
f 1142 1047 1049
f 1143 1689 1679
f 1143 1144 1689
f 1754 1739 1741
f 1754 1753 1739
f 1688 1684 1689
f 1688 1682 1684
f 1052 1062 1053
f 1052 1059 1062
f 1688 1051 1053
f 1688 1144 1051
f 1698 1061 1145
f 1698 1062 1061
f 1715 1713 1712
f 1715 1716 1713
f 1709 1719 1712
f 1709 1710 1719
f 1065 1073 1066
f 1065 1071 1073
f 1706 1064 1066
f 1706 1145 1064
f 1710 1072 1153
f 1710 1073 1072
f 1721 1715 1720
f 1721 1717 1715
f 1762 1722 1764
f 1762 1721 1722
f 1720 1153 1154
f 1720 1719 1153
f 1154 1159 1722
f 1154 1152 1159
f 1763 1765 1768
f 1763 1762 1765
f 1765 1769 1768
f 1765 1766 1769
f 1159 1163 1164
f 1159 1158 1163
f 1164 1767 1764
f 1164 1165 1767
f 1165 1167 1172
f 1165 1163 1167
f 1777 1780 1782
f 1777 1776 1780
f 1776 1767 1778
f 1776 1766 1767
f 1780 1172 1173
f 1780 1778 1172
f 1097 1087 1085
f 1097 1195 1087
f 1097 1198 1197
f 1097 1098 1198
f 1196 1197 1200
f 1196 1195 1197
f 1794 1801 1795
f 1794 1800 1801
f 1185 1193 1184
f 1185 1196 1193
f 1202 1194 1193
f 1202 1203 1194
f 1202 1799 1203
f 1202 1793 1799
f 1200 1795 1793
f 1200 1201 1795
f 1112 1104 1101
f 1112 1204 1104
f 1199 1102 1104
f 1199 1198 1102
f 1201 1725 1796
f 1201 1199 1725
f 1204 1114 1205
f 1204 1112 1114
f 1205 1810 1725
f 1205 1208 1810
f 1807 1794 1796
f 1807 1802 1794
f 1807 1811 1808
f 1807 1810 1811
f 1811 1816 1815
f 1811 1812 1816
f 1731 1729 1728
f 1731 1732 1729
f 1823 1727 1824
f 1823 1726 1727
f 1825 1728 1729
f 1825 1824 1728
f 1130 1121 1118
f 1130 1209 1121
f 1208 1726 1814
f 1208 1207 1726
f 1207 1121 1209
f 1207 1120 1121
f 1130 1211 1210
f 1130 1131 1211
f 1210 1736 1727
f 1210 1211 1736
f 1823 1812 1814
f 1823 1822 1812
f 1735 1731 1736
f 1735 1730 1731
f 1748 1730 1745
f 1748 1733 1730
f 1789 1786 1785
f 1789 1790 1786
f 1782 1791 1785
f 1782 1783 1791
f 1171 1178 1173
f 1171 1177 1178
f 1178 1217 1222
f 1178 1177 1217
f 1224 1783 1222
f 1224 1791 1783
f 1225 1227 1232
f 1225 1221 1227
f 1830 1790 1789
f 1830 1832 1790
f 1838 1836 1841
f 1838 1835 1836
f 1836 1830 1831
f 1836 1835 1830
f 1840 1848 1841
f 1840 1846 1848
f 1224 1837 1831
f 1224 1225 1837
f 1840 1232 1233
f 1840 1837 1232
f 1800 1806 1801
f 1800 1803 1806
f 1191 1257 1248
f 1191 1194 1257
f 1258 1262 1263
f 1258 1257 1262
f 1799 1264 1262
f 1799 1806 1264
f 1261 1258 1263
f 1261 1256 1258
f 1269 1265 1273
f 1269 1261 1265
f 1804 1868 1803
f 1804 1871 1868
f 1868 1870 1867
f 1868 1871 1870
f 1867 1881 1869
f 1867 1878 1881
f 1881 1264 1869
f 1881 1265 1264
f 1854 1847 1848
f 1854 1849 1847
f 1231 1240 1233
f 1231 1238 1240
f 1846 1239 1281
f 1846 1240 1239
f 1856 1849 1855
f 1856 1851 1849
f 1863 1861 1860
f 1863 1864 1861
f 1859 1858 1860
f 1859 1856 1858
f 1855 1281 1282
f 1855 1854 1281
f 1282 1291 1857
f 1282 1280 1291
f 1296 1857 1295
f 1296 1858 1857
f 1291 1294 1295
f 1291 1290 1294
f 1297 1301 1305
f 1297 1294 1301
f 1884 1864 1863
f 1884 1886 1864
f 1892 1890 1895
f 1892 1889 1890
f 1890 1884 1885
f 1890 1889 1884
f 1894 1902 1895
f 1894 1900 1902
f 1296 1891 1885
f 1296 1297 1891
f 1894 1305 1306
f 1894 1891 1305
f 1914 1928 1915
f 1914 1927 1928
f 1337 1326 1325
f 1337 1338 1326
f 1325 1329 1337
f 1325 1322 1329
f 1337 1925 1338
f 1337 1913 1925
f 1331 1913 1337
f 1331 1335 1913
f 1882 1879 1883
f 1882 1878 1879
f 1880 1916 1879
f 1880 1919 1916
f 1882 1272 1273
f 1882 1334 1272
f 1336 1883 1917
f 1336 1334 1883
f 1916 1918 1914
f 1916 1919 1918
f 1915 1336 1917
f 1915 1335 1336
f 1906 1901 1902
f 1906 1903 1901
f 1362 1304 1349
f 1362 1306 1304
f 1364 1363 1365
f 1364 1362 1363
f 1366 1900 1364
f 1366 1906 1900
f 1368 1356 1359
f 1368 1363 1356
f 1370 1365 1368
f 1370 1367 1365
f 1933 1904 1903
f 1933 1935 1904
f 1939 1933 1934
f 1939 1938 1933
f 1939 1946 1941
f 1939 1945 1946
f 1366 1945 1934
f 1366 1367 1945
f 1392 1383 1394
f 1392 1382 1383
f 1926 1928 1929
f 1926 1925 1928
f 1956 1929 1930
f 1956 1955 1929
f 1323 1397 1384
f 1323 1326 1397
f 1398 1399 1400
f 1398 1397 1399
f 1399 1960 1400
f 1399 1926 1960
f 1960 1957 1961
f 1960 1955 1957
f 1964 1961 1963
f 1964 1962 1961
f 1384 1395 1383
f 1384 1398 1395
f 1401 1396 1395
f 1401 1402 1396
f 1401 1964 1402
f 1401 1962 1964
f 1361 1369 1359
f 1361 1425 1369
f 1428 1369 1427
f 1428 1370 1369
f 1427 1426 1429
f 1427 1425 1426
f 1983 1972 1973
f 1983 1982 1972
f 1983 1970 1980
f 1983 1971 1970
f 1423 1970 1424
f 1423 1969 1970
f 1424 1415 1414
f 1424 1426 1415
f 1973 1429 1971
f 1973 1430 1429
f 1974 1941 1947
f 1974 1942 1941
f 1430 1946 1428
f 1430 1947 1946
f 1976 1974 1972
f 1976 1977 1974
f 1393 1392 1394
f 1393 1389 1392
f 1989 1963 1966
f 1989 1965 1963
f 1393 1447 1438
f 1393 1396 1447
f 1448 1449 1450
f 1448 1447 1449
f 1449 1992 1450
f 1449 1965 1992
f 1994 1990 1995
f 1994 1989 1990
f 1992 1999 1993
f 1992 1994 1999
f 1442 1458 1445
f 1442 1448 1458
f 1458 1997 1459
f 1458 1993 1997
f 1491 1494 1496
f 1491 1490 1494
f 1419 1503 1423
f 1419 1422 1503
f 2032 2037 2039
f 2032 2031 2037
f 2032 2035 2030
f 2032 2038 2035
f 2047 2041 2046
f 2047 2042 2041
f 2041 2040 2039
f 2041 2043 2040
f 1496 2038 1497
f 1496 2035 2038
f 1501 1497 1506
f 1501 1495 1497
f 1500 1506 1504
f 1500 1501 1506
f 2043 1504 2040
f 2043 1505 1504
f 2044 1967 1981
f 2044 1968 1967
f 1967 1984 1980
f 1967 1968 1984
f 1505 1969 1503
f 1505 1981 1969
f 2047 2044 2042
f 2047 2048 2044
f 1998 2007 1999
f 1998 2002 2007
f 1457 1997 1510
f 1457 1459 1997
f 2002 2006 2007
f 2002 2001 2006
f 2001 2011 2009
f 2001 2004 2011
f 2013 2015 2012
f 2013 2016 2015
f 2018 2009 2012
f 2018 2010 2009
f 1461 2006 1462
f 1461 1510 2006
f 1461 1515 1509
f 1461 1462 1515
f 1516 1521 1522
f 1516 1515 1521
f 2010 1523 1521
f 2010 2018 1523
f 1520 1516 1522
f 1520 1514 1516
f 1527 1524 1531
f 1527 1520 1524
f 2015 2020 2019
f 2015 2017 2020
f 2021 2058 2061
f 2021 2020 2058
f 2019 1525 1523
f 2019 2021 1525
f 2063 2059 2064
f 2063 2058 2059
f 2061 2069 2062
f 2061 2063 2069
f 1524 1532 1531
f 1524 1525 1532
f 1538 1533 1532
f 1538 1539 1533
f 1538 2067 1539
f 1538 2062 2067
f 2084 2076 2077
f 2084 2083 2076
f 2080 1563 1564
f 2080 2075 1563
f 2075 1558 1563
f 2075 1561 1558
f 2026 2090 2091
f 2026 2025 2090
f 2027 2036 2028
f 2027 2030 2036
f 2028 2092 2029
f 2028 2091 2092
f 1482 1493 1480
f 1482 1565 1493
f 2025 1560 1562
f 2025 1565 1560
f 1567 1493 1566
f 1567 1494 1493
f 2036 1566 2026
f 2036 1567 1566
f 2076 2090 2078
f 2076 2087 2090
f 1562 2077 2078
f 1562 1561 2077
f 2068 2073 2069
f 2068 2070 2073
f 1530 1575 1570
f 1530 1533 1575
f 1576 1581 1582
f 1576 1575 1581
f 2067 1583 1581
f 2067 2073 1583
f 1580 1576 1582
f 1580 1574 1576
f 1586 1584 1591
f 1586 1580 1584
f 2071 2098 2070
f 2071 2100 2098
f 2107 2104 2109
f 2107 2103 2104
f 2098 2103 2099
f 2098 2102 2103
f 2105 1583 2099
f 2105 1584 1583
f 1591 2107 1592
f 1591 2105 2107
f 1646 1649 1651
f 1646 1645 1649
f 2153 2147 2148
f 2153 2152 2147
f 2153 2145 2151
f 2153 2146 2145
f 1651 2145 1652
f 1651 2143 2145
f 1655 1652 1662
f 1655 1650 1652
f 2146 1657 1662
f 2146 1660 1657
f 2084 2082 2085
f 2084 2080 2082
f 2082 2160 2161
f 2082 2081 2160
f 2085 2162 2086
f 2085 2161 2162
f 1553 1564 1551
f 1553 1663 1564
f 2081 1659 1661
f 2081 1663 1659
f 2147 2160 2149
f 2147 2157 2160
f 1661 2148 2149
f 1661 1660 2148
f 2113 2116 2112
f 2113 2117 2116
f 2118 2109 2112
f 2118 2110 2109
f 1601 1590 1592
f 1601 1598 1590
f 1600 2110 1665
f 1600 1601 2110
f 2117 2168 2116
f 2117 2169 2168
f 2120 2168 2176
f 2120 2119 2168
f 2121 2176 2177
f 2121 2120 2176
f 1665 2119 1666
f 1665 2118 2119
f 1605 1666 1667
f 1605 1604 1666
f 1615 1667 1668
f 1615 1613 1667
f 2124 1668 2121
f 2124 1669 1668
f 2179 2178 2181
f 2179 2177 2178
f 2126 2180 2187
f 2126 2125 2180
f 2127 2187 2188
f 2127 2126 2187
f 1669 2125 1670
f 1669 2124 2125
f 1620 1670 1671
f 1620 1619 1670
f 1629 1671 1672
f 1629 1627 1671
f 2131 1672 2127
f 2131 1673 1672
f 2185 2179 2182
f 2185 2180 2179
f 2190 2189 2191
f 2190 2188 2189
f 2190 2130 2129
f 2190 2193 2130
f 2129 2133 2132
f 2129 2130 2133
f 2138 2140 2137
f 2138 2141 2140
f 2135 2136 2137
f 2135 2133 2136
f 1635 1648 1632
f 1635 1675 1648
f 1673 2132 1674
f 1673 2131 2132
f 1635 1674 1675
f 1635 1634 1674
f 1677 1648 1676
f 1677 1649 1648
f 2144 1676 2135
f 2144 1677 1676
f 2140 2143 2144
f 2140 2139 2143
f 2139 2154 2151
f 2139 2142 2154
f 2224 2221 2227
f 2224 2220 2221
f 2222 2221 2219
f 2222 2226 2221
f 2229 2233 2232
f 2229 2230 2233
f 2228 2229 2227
f 2228 2231 2229
f 1700 1687 1683
f 1700 2226 1687
f 1695 2228 1700
f 1695 1697 2228
f 2240 2238 2243
f 2240 2237 2238
f 2238 2231 2239
f 2238 2230 2231
f 2242 2250 2243
f 2242 2248 2250
f 1705 1697 1696
f 1705 2239 1697
f 1714 1705 1704
f 1714 2242 1705
f 2301 2291 2300
f 2301 2292 2291
f 2303 2309 2308
f 2303 2304 2309
f 2302 2303 2301
f 2302 2305 2303
f 1752 2300 1751
f 1752 2302 2300
f 1746 1743 1752
f 1746 1742 1743
f 2211 2306 2307
f 2211 2210 2306
f 2214 2212 2215
f 2214 2210 2212
f 2223 2213 2215
f 2223 2219 2213
f 2211 1756 1759
f 2211 1758 1756
f 1759 2223 2212
f 1759 1760 2223
f 2306 2309 2304
f 2306 2310 2309
f 2305 1744 2307
f 2305 1743 1744
f 1753 1744 1742
f 1753 1758 1744
f 2222 1685 1687
f 2222 1760 1685
f 2258 2249 2250
f 2258 2252 2249
f 2248 1713 1761
f 2248 1714 1713
f 2257 2252 2258
f 2257 2251 2252
f 2262 2251 2260
f 2262 2254 2251
f 2266 2264 2263
f 2266 2267 2264
f 2260 2268 2263
f 2260 2261 2268
f 1717 1724 1718
f 1717 1723 1724
f 2257 1716 1718
f 2257 1761 1716
f 1724 1763 1770
f 1724 1723 1763
f 1772 2261 1770
f 1772 2268 2261
f 2315 2267 2266
f 2315 2316 2267
f 2315 2270 2320
f 2315 2269 2270
f 1774 2269 1772
f 1774 2270 2269
f 2320 2325 2321
f 2320 2323 2325
f 2331 2323 2324
f 2331 2325 2323
f 1775 1774 1769
f 1775 1779 1774
f 1787 1775 1777
f 1787 1779 1775
f 2329 1787 1788
f 2329 2324 1787
f 2357 2362 2361
f 2357 2358 2362
f 2372 2358 2357
f 2372 2373 2358
f 2274 2359 2360
f 2274 2273 2359
f 2280 2278 2277
f 2280 2281 2278
f 2276 2275 2277
f 2276 2273 2275
f 1818 2274 1817
f 1818 2275 2274
f 2359 2362 2358
f 2359 2363 2362
f 2358 2374 2360
f 2358 2373 2374
f 1802 1798 1797
f 1802 1809 1798
f 1798 1805 1797
f 1798 2374 1805
f 1809 1815 1817
f 1809 1808 1815
f 2285 2280 2284
f 2285 2282 2280
f 2293 2290 2289
f 2293 2294 2290
f 2288 2287 2289
f 2288 2285 2287
f 1820 2284 1818
f 1820 2286 2284
f 2286 1825 1828
f 2286 1827 1825
f 1828 2298 2287
f 1828 1829 2298
f 1822 1820 1816
f 1822 1827 1820
f 2297 2293 2298
f 2297 2291 2293
f 1733 1751 1734
f 1733 1748 1751
f 2297 1732 1734
f 2297 1829 1732
f 2336 2330 2331
f 2336 2332 2330
f 2329 1786 1833
f 2329 1788 1786
f 2338 2332 2337
f 2338 2334 2332
f 2383 2339 2386
f 2383 2338 2339
f 2337 1833 1834
f 2337 2336 1833
f 1834 1839 2339
f 1834 1832 1839
f 2384 2387 2389
f 2384 2383 2387
f 2388 2392 2387
f 2388 2393 2392
f 1839 1843 1844
f 1839 1838 1843
f 1844 2388 2386
f 1844 1845 2388
f 1845 1847 1852
f 1845 1843 1847
f 2393 2400 2394
f 2393 2399 2400
f 2400 1852 1853
f 2400 2399 1852
f 2426 2422 2427
f 2426 2421 2422
f 2433 2428 2427
f 2433 2434 2428
f 2349 2429 2350
f 2349 2426 2429
f 2348 2370 2369
f 2348 2350 2370
f 2372 2371 2376
f 2372 2369 2371
f 2371 2438 2439
f 2371 2370 2438
f 2440 2436 2442
f 2440 2435 2436
f 2428 2438 2429
f 2428 2435 2438
f 2443 2440 2442
f 2443 2441 2440
f 2441 1873 2439
f 2441 1874 1873
f 1876 1874 1877
f 1876 1870 1874
f 2375 1804 1805
f 2375 1872 1804
f 2375 1873 1872
f 2375 2376 1873
f 2403 2394 2401
f 2403 2397 2394
f 2401 2406 2404
f 2401 2402 2406
f 2404 2448 2403
f 2404 2450 2448
f 1851 1862 1853
f 1851 1859 1862
f 2402 1861 1887
f 2402 1862 1861
f 2451 2408 2458
f 2451 2407 2408
f 2407 1887 1888
f 2407 2406 1887
f 1888 1893 2408
f 1888 1886 1893
f 2450 2456 2453
f 2450 2451 2456
f 2458 2461 2459
f 2458 2460 2461
f 2462 2464 2461
f 2462 2468 2464
f 1893 1897 1898
f 1893 1892 1897
f 1898 2462 2460
f 1898 1899 2462
f 1899 1901 1905
f 1899 1897 1901
f 2481 2475 2478
f 2481 2476 2475
f 2416 2477 2417
f 2416 2475 2477
f 2415 2431 2430
f 2415 2417 2431
f 2433 2432 2437
f 2433 2430 2432
f 2432 2489 2490
f 2432 2431 2489
f 2491 2487 2494
f 2491 2486 2487
f 2476 2489 2477
f 2476 2486 2489
f 2495 2491 2494
f 2495 2492 2491
f 2492 1908 2490
f 2492 1909 1908
f 2436 2437 2444
f 2436 2434 2437
f 2500 2444 2493
f 2500 2445 2444
f 2446 2500 2501
f 2446 2445 2500
f 1922 2443 2446
f 1922 1920 2443
f 1877 1880 1876
f 1877 1920 1880
f 1908 2499 2493
f 1908 1909 2499
f 2502 1911 1912
f 2502 2499 1911
f 1932 2502 1931
f 1932 2504 2502
f 2504 1922 2501
f 2504 1923 1922
f 1927 1923 1932
f 1927 1918 1923
f 2465 2469 2506
f 2465 2464 2469
f 2506 2513 2510
f 2506 2507 2513
f 2469 2471 2472
f 2469 2468 2471
f 1904 2471 1905
f 1904 1936 2471
f 2472 1937 2509
f 2472 1936 1937
f 2518 2507 2509
f 2518 2516 2507
f 2519 1943 1944
f 2519 2518 1943
f 1938 1937 1935
f 1938 1943 1937
f 2488 2482 2527
f 2488 2481 2482
f 2531 2527 2530
f 2531 2528 2527
f 2487 2529 2496
f 2487 2488 2529
f 2497 2539 2540
f 2497 2496 2539
f 1950 2495 2497
f 1950 1948 2495
f 2541 2536 2543
f 2541 2535 2536
f 2528 2539 2529
f 2528 2535 2539
f 2545 2540 2541
f 2545 2542 2540
f 1911 1949 1912
f 1911 1948 1949
f 1959 1949 1951
f 1959 1958 1949
f 1956 1931 1958
f 1956 1930 1931
f 1950 2549 1951
f 1950 2542 2549
f 1953 2550 1954
f 1953 2549 2550
f 1957 1953 1952
f 1957 1959 1953
f 2514 2517 2561
f 2514 2513 2517
f 2559 2561 2562
f 2559 2558 2561
f 2563 2572 2562
f 2563 2574 2572
f 2517 2519 2520
f 2517 2516 2519
f 2520 1979 2565
f 2520 1978 1979
f 1978 1942 1977
f 1978 1944 1942
f 2575 2563 2565
f 2575 2574 2563
f 1987 1979 1976
f 1987 2575 1979
f 2538 2578 2537
f 2538 2579 2578
f 2536 2578 2544
f 2536 2537 2578
f 2543 2587 2546
f 2543 2544 2587
f 2548 2545 2546
f 2548 2547 2545
f 2589 2588 2591
f 2589 2587 2588
f 2550 2548 2551
f 2550 2547 2548
f 2552 2590 2600
f 2552 2551 2590
f 1954 1966 1952
f 1954 1991 1966
f 1990 2552 1996
f 1990 1991 2552
f 2595 2589 2592
f 2595 2590 2589
f 2600 2596 2602
f 2600 2595 2596
f 2605 2602 2604
f 2605 2603 2602
f 1995 2603 2000
f 1995 1996 2603
f 2625 2636 2635
f 2625 2626 2636
f 2634 2638 2639
f 2634 2633 2638
f 2639 2637 2636
f 2639 2641 2637
f 2033 2635 2034
f 2033 2631 2635
f 2037 2034 2051
f 2037 2031 2034
f 2637 2046 2051
f 2637 2049 2046
f 2642 2555 2556
f 2642 2638 2555
f 2569 2554 2568
f 2569 2556 2554
f 2642 2570 2643
f 2642 2569 2570
f 2571 2572 2577
f 2571 2568 2572
f 2570 2048 2050
f 2570 2052 2048
f 1986 2052 2053
f 1986 1984 2052
f 2577 2053 2571
f 2577 2054 2053
f 1982 2054 1987
f 1982 1986 2054
f 2050 2641 2643
f 2050 2049 2641
f 2612 2604 2607
f 2612 2605 2604
f 2653 2607 2606
f 2653 2656 2607
f 2000 2003 1998
f 2000 2055 2003
f 2609 2611 2612
f 2609 2608 2611
f 2656 2610 2609
f 2656 2659 2610
f 2608 2616 2614
f 2608 2610 2616
f 2619 2614 2617
f 2619 2615 2614
f 2663 2617 2616
f 2663 2665 2617
f 2014 2004 2005
f 2014 2011 2004
f 2003 2611 2005
f 2003 2055 2611
f 2013 2615 2056
f 2013 2014 2615
f 2621 2666 2673
f 2621 2620 2666
f 2056 2620 2057
f 2056 2619 2620
f 2017 2057 2060
f 2017 2016 2057
f 2059 2621 2065
f 2059 2060 2621
f 2671 2665 2668
f 2671 2666 2665
f 2676 2673 2674
f 2676 2675 2673
f 2679 2677 2676
f 2679 2682 2677
f 2677 2065 2675
f 2677 2066 2065
f 2068 2066 2072
f 2068 2064 2066
f 2624 2627 2623
f 2624 2628 2627
f 2623 2701 2624
f 2623 2700 2701
f 2632 2094 2622
f 2632 2095 2094
f 2027 2095 2033
f 2027 2029 2095
f 2703 2094 2096
f 2703 2622 2094
f 2692 2705 2704
f 2692 2693 2705
f 2702 2703 2705
f 2702 2700 2703
f 2088 2704 2089
f 2088 2698 2704
f 2093 2089 2097
f 2093 2087 2089
f 2092 2097 2096
f 2092 2093 2097
f 2627 2631 2632
f 2627 2625 2631
f 2686 2683 2687
f 2686 2682 2683
f 2684 2712 2683
f 2684 2713 2712
f 2688 2712 2722
f 2688 2687 2712
f 2686 2071 2072
f 2686 2101 2071
f 2106 2101 2688
f 2106 2100 2101
f 2722 2719 2724
f 2722 2718 2719
f 2727 2724 2726
f 2727 2725 2724
f 2102 2114 2104
f 2102 2106 2114
f 2114 2727 2115
f 2114 2725 2727
f 2691 2694 2690
f 2691 2695 2694
f 2690 2752 2691
f 2690 2751 2752
f 2699 2164 2689
f 2699 2165 2164
f 2083 2165 2088
f 2083 2086 2165
f 2754 2164 2166
f 2754 2689 2164
f 2743 2756 2755
f 2743 2744 2756
f 2753 2754 2756
f 2753 2751 2754
f 2158 2755 2159
f 2158 2749 2755
f 2163 2159 2167
f 2163 2157 2159
f 2162 2167 2166
f 2162 2163 2167
f 2694 2698 2699
f 2694 2692 2698
f 2764 2726 2729
f 2764 2728 2726
f 2113 2727 2170
f 2113 2115 2727
f 2172 2727 2728
f 2172 2170 2727
f 2768 2765 2770
f 2768 2764 2765
f 2772 2769 2768
f 2772 2774 2769
f 2781 2774 2775
f 2781 2780 2774
f 2788 2783 2784
f 2788 2787 2783
f 2788 2781 2786
f 2788 2782 2781
f 2172 2780 2173
f 2172 2769 2780
f 2173 2174 2169
f 2173 2175 2174
f 2178 2175 2184
f 2178 2174 2175
f 2782 2181 2184
f 2782 2183 2181
f 2794 2798 2800
f 2794 2793 2798
f 2784 2794 2797
f 2784 2783 2794
f 2807 2802 2806
f 2807 2803 2802
f 2802 2801 2800
f 2802 2804 2801
f 2183 2186 2182
f 2183 2797 2186
f 2189 2186 2196
f 2189 2185 2186
f 2801 2191 2196
f 2801 2194 2191
f 2731 2812 2813
f 2731 2730 2812
f 2730 2193 2195
f 2730 2197 2193
f 2138 2197 2198
f 2138 2136 2197
f 2735 2198 2731
f 2735 2199 2198
f 2803 2812 2805
f 2803 2811 2812
f 2816 2814 2817
f 2816 2813 2814
f 2195 2804 2805
f 2195 2194 2804
f 2816 2734 2733
f 2816 2819 2734
f 2733 2737 2736
f 2733 2734 2737
f 2742 2745 2741
f 2742 2746 2745
f 2739 2740 2741
f 2739 2737 2740
f 2199 2736 2200
f 2199 2735 2736
f 2142 2200 2201
f 2142 2141 2200
f 2156 2201 2202
f 2156 2154 2201
f 2750 2202 2739
f 2750 2203 2202
f 2152 2203 2158
f 2152 2156 2203
f 2745 2749 2750
f 2745 2743 2749
f 2775 2789 2786
f 2775 2778 2789
f 2845 2835 2844
f 2845 2836 2835
f 2847 2853 2852
f 2847 2848 2853
f 2846 2847 2845
f 2846 2849 2847
f 2218 2844 2217
f 2218 2846 2844
f 2213 2208 2218
f 2213 2207 2208
f 2830 2850 2851
f 2830 2829 2850
f 2859 2830 2862
f 2859 2829 2830
f 2850 2853 2848
f 2850 2854 2853
f 2860 2863 2867
f 2860 2859 2863
f 2863 2868 2867
f 2863 2864 2868
f 2849 2209 2851
f 2849 2208 2209
f 2220 2209 2207
f 2220 2225 2209
f 2225 2232 2234
f 2225 2224 2232
f 2234 2865 2862
f 2234 2235 2865
f 2873 2864 2866
f 2873 2872 2864
f 2873 2877 2874
f 2873 2876 2877
f 2877 2881 2880
f 2877 2878 2881
f 2865 2236 2866
f 2865 2235 2236
f 2237 2236 2233
f 2237 2241 2236
f 2241 2245 2246
f 2241 2240 2245
f 2246 2879 2876
f 2246 2247 2879
f 2247 2249 2255
f 2247 2245 2249
f 2888 2885 2890
f 2888 2884 2885
f 2885 2879 2887
f 2885 2878 2879
f 2889 2895 2890
f 2889 2893 2895
f 2889 2255 2256
f 2889 2887 2255
f 2974 2960 2973
f 2974 2961 2960
f 2976 2971 2977
f 2976 2970 2971
f 2975 2977 2974
f 2975 2979 2977
f 2314 2296 2292
f 2314 2973 2296
f 2308 2975 2314
f 2308 2312 2975
f 2837 2980 2838
f 2837 2976 2980
f 2835 2980 2858
f 2835 2838 2980
f 2204 2217 2205
f 2204 2214 2217
f 2313 2858 2981
f 2313 2311 2858
f 2204 2311 2310
f 2204 2205 2311
f 2979 2313 2981
f 2979 2312 2313
f 2901 2894 2895
f 2901 2898 2894
f 2254 2265 2256
f 2254 2262 2265
f 2893 2264 2317
f 2893 2265 2264
f 2903 2898 2902
f 2903 2900 2898
f 2986 2904 2989
f 2986 2903 2904
f 2902 2317 2318
f 2902 2901 2317
f 2318 2322 2904
f 2318 2316 2322
f 2987 2990 2993
f 2987 2986 2990
f 2990 2994 2993
f 2990 2991 2994
f 2322 2326 2327
f 2322 2321 2326
f 2327 2992 2989
f 2327 2328 2992
f 2328 2330 2335
f 2328 2326 2330
f 2998 2992 3002
f 2998 2991 2992
f 2998 3003 2999
f 2998 3002 3003
f 2914 2912 2911
f 2914 2915 2912
f 2910 2909 2911
f 2910 2908 2909
f 2909 3031 3032
f 2909 2908 3031
f 3012 3013 3011
f 3012 3014 3013
f 3011 3031 3012
f 3011 3028 3031
f 3029 3028 3027
f 3029 3033 3028
f 2347 3033 2346
f 2347 3035 3033
f 3035 2342 3032
f 3035 2343 2342
f 2921 2914 2920
f 2921 2916 2914
f 2930 2926 2925
f 2930 2931 2926
f 2924 2923 2925
f 2924 2921 2923
f 2344 2920 2342
f 2344 2922 2920
f 2366 2922 2365
f 2366 2923 2922
f 2352 2343 2351
f 2352 2344 2343
f 2354 2352 2348
f 2354 2355 2352
f 2355 2361 2365
f 2355 2354 2361
f 2935 2930 2936
f 2935 2929 2930
f 2940 2929 2938
f 2940 2932 2929
f 2944 2942 2941
f 2944 2945 2942
f 2938 2948 2941
f 2938 2939 2948
f 2271 2279 2272
f 2271 2276 2279
f 2935 2366 2364
f 2935 2936 2366
f 2271 2364 2363
f 2271 2272 2364
f 2939 2278 2377
f 2939 2279 2278
f 2952 2944 2951
f 2952 2946 2944
f 2962 2957 2956
f 2962 2963 2957
f 2955 2954 2956
f 2955 2952 2954
f 2951 2377 2378
f 2951 2948 2377
f 2378 2282 2379
f 2378 2281 2282
f 2379 2290 2380
f 2379 2288 2290
f 2380 2969 2954
f 2380 2381 2969
f 2968 2962 2969
f 2968 2960 2962
f 2968 2294 2296
f 2968 2381 2294
f 3000 3005 3007
f 3000 2999 3005
f 3038 3006 3040
f 3038 3005 3006
f 2333 3003 2335
f 2333 2382 3003
f 2382 2334 2385
f 2382 2333 2334
f 3006 2384 2390
f 3006 2385 2384
f 3039 3041 3043
f 3039 3038 3041
f 3042 3047 3041
f 3042 3048 3047
f 2390 3042 3040
f 2390 2391 3042
f 2391 2392 2398
f 2391 2389 2392
f 3022 3020 3023
f 3022 3019 3020
f 3020 3074 3075
f 3020 3019 3074
f 3030 3021 3023
f 3030 3027 3021
f 3076 3072 3078
f 3076 3071 3072
f 3060 3061 3059
f 3060 3062 3061
f 3059 3074 3060
f 3059 3071 3074
f 3079 3076 3078
f 3079 3077 3076
f 3077 2410 3075
f 3077 2411 2410
f 3029 2410 2409
f 3029 3030 2410
f 2424 2409 2412
f 2424 2423 2409
f 2421 2346 2423
f 2421 2345 2346
f 2347 2349 2351
f 2347 2345 2349
f 2419 2411 2418
f 2419 2412 2411
f 2422 2419 2415
f 2422 2424 2419
f 3049 3054 3055
f 3049 3048 3054
f 3056 3049 3055
f 3056 3051 3049
f 3083 3057 3086
f 3083 3056 3057
f 2396 3054 2398
f 2396 2447 3054
f 2447 2397 2449
f 2447 2396 2397
f 3057 2448 2454
f 3057 2449 2448
f 3084 3087 3089
f 3084 3083 3087
f 3088 3091 3087
f 3088 3093 3091
f 2454 3088 3086
f 2454 2455 3088
f 3093 3098 3094
f 3093 3097 3098
f 2457 2455 2453
f 2457 3097 2455
f 2457 2459 2466
f 2457 2456 2459
f 3100 2466 2467
f 3100 3098 2466
f 3073 3068 3104
f 3073 3067 3068
f 3110 3104 3107
f 3110 3105 3104
f 3072 3106 3080
f 3072 3073 3106
f 3081 3117 3118
f 3081 3080 3117
f 2413 3079 2479
f 2413 2414 3079
f 2414 2416 2418
f 2414 2413 2416
f 2479 3118 2480
f 2479 3081 3118
f 3105 3117 3106
f 3105 3114 3117
f 3116 3114 3113
f 3116 3119 3114
f 2484 3119 2483
f 2484 3121 3119
f 2478 3121 2484
f 2478 2480 3121
f 3123 3096 3095
f 3123 3124 3096
f 3123 3094 3101
f 3123 3095 3094
f 3139 3102 3140
f 3139 3101 3102
f 3100 2465 2511
f 3100 2467 2465
f 3140 2511 2512
f 3140 3102 2511
f 3133 3139 3141
f 3133 3132 3139
f 3141 3144 3143
f 3141 3142 3144
f 3142 2510 2515
f 3142 2512 2510
f 3115 3111 3148
f 3115 3110 3111
f 3155 3148 3152
f 3155 3149 3148
f 3116 3115 3122
f 3116 3113 3115
f 2522 3122 3151
f 2522 2521 3122
f 2526 2521 2522
f 2526 2525 2521
f 2524 2483 2525
f 2524 2482 2483
f 3149 3161 3151
f 3149 3157 3161
f 3162 3157 3158
f 3162 3161 3157
f 2532 3164 2533
f 2532 3162 3164
f 2530 2526 2532
f 2530 2524 2526
f 3168 3175 3171
f 3168 3169 3175
f 3170 3134 3135
f 3170 3168 3134
f 3145 3133 3143
f 3145 3135 3133
f 3183 3146 3184
f 3183 3145 3146
f 3144 2514 2566
f 3144 2515 2514
f 3184 2566 2567
f 3184 3146 2566
f 3183 3169 3170
f 3183 3180 3169
f 3180 3181 3179
f 3180 3185 3181
f 2557 2573 2554
f 2557 3185 2573
f 2558 2573 2567
f 2558 2559 2573
f 3160 3188 3159
f 3160 3189 3188
f 3158 3188 3165
f 3158 3159 3188
f 3166 3197 3198
f 3166 3165 3197
f 2582 3164 3166
f 2582 2580 3164
f 2533 2538 2531
f 2533 2580 2538
f 3197 3195 3199
f 3197 3194 3195
f 3202 3198 3199
f 3202 3200 3198
f 3210 3206 3207
f 3210 3209 3206
f 2582 3209 2583
f 2582 3200 3209
f 2583 2584 2579
f 2583 2585 2584
f 2588 2585 2593
f 2588 2584 2585
f 2593 3212 2594
f 2593 3210 3212
f 2592 2594 2597
f 2592 2591 2594
f 3175 3182 3176
f 3175 3179 3182
f 3176 3222 3177
f 3176 3221 3222
f 3182 2644 3174
f 3182 2645 2644
f 3224 2644 2646
f 3224 3174 2644
f 3216 3226 3225
f 3216 3217 3226
f 3223 3224 3226
f 3223 3221 3224
f 2630 2647 2626
f 2630 3225 2647
f 2633 2647 2646
f 2633 2634 2647
f 2555 3181 2557
f 2555 2645 3181
f 3208 3202 3204
f 3208 3206 3202
f 3232 3204 3203
f 3232 3233 3204
f 3207 3234 3213
f 3207 3208 3234
f 3214 3243 3244
f 3214 3213 3243
f 2650 3212 3214
f 2650 2648 3212
f 3240 3233 3236
f 3240 3234 3233
f 3243 3241 3245
f 3243 3240 3241
f 3248 3244 3245
f 3248 3246 3244
f 2599 2606 2596
f 2599 2654 2606
f 2597 2649 2599
f 2597 2648 2649
f 2655 2649 2651
f 2655 2654 2649
f 3259 3253 3254
f 3259 3258 3253
f 3264 3259 3263
f 3264 3260 3259
f 2650 3258 2651
f 2650 3246 3258
f 2657 2655 2662
f 2657 2653 2655
f 3260 2657 2662
f 3260 2660 2657
f 3215 2659 2661
f 3215 2664 2659
f 2663 3215 2669
f 2663 2664 3215
f 3276 3270 3278
f 3276 3269 3270
f 3261 3269 3262
f 3261 3268 3269
f 3279 3275 3276
f 3279 3277 3275
f 2661 3261 3262
f 2661 2660 3261
f 3277 2669 3275
f 3277 2670 2669
f 3289 3283 3284
f 3289 3288 3283
f 2670 2672 2668
f 2670 3288 2672
f 2674 2672 2680
f 2674 2671 2672
f 2680 3291 2681
f 2680 3289 3291
f 3294 3301 3300
f 3294 3295 3301
f 3309 3303 3308
f 3309 3304 3303
f 3303 3302 3301
f 3303 3305 3302
f 2697 2711 2693
f 2697 3300 2711
f 2701 2711 2709
f 2701 2702 2711
f 3305 2709 3302
f 3305 2710 2709
f 3306 3216 3230
f 3306 3218 3216
f 2628 3220 2630
f 2628 2708 3220
f 2710 3220 2708
f 2710 3230 3220
f 3309 3306 3304
f 3309 3310 3306
f 3251 3255 3250
f 3251 3256 3255
f 3255 3248 3250
f 3255 3253 3248
f 3254 3265 3263
f 3254 3257 3265
f 3267 3271 3266
f 3267 3272 3271
f 3271 3264 3266
f 3271 3268 3264
f 3270 3280 3278
f 3270 3273 3280
f 3282 3285 3281
f 3282 3286 3285
f 3285 3279 3281
f 3285 3283 3279
f 3284 3293 3290
f 3284 3287 3293
f 3326 3290 3293
f 3326 3292 3290
f 2716 3291 3292
f 2716 2714 3291
f 2681 2684 2679
f 2681 2714 2684
f 3330 3327 3332
f 3330 3326 3327
f 3334 3331 3330
f 3334 3336 3331
f 2716 3339 2717
f 2716 3331 3339
f 2720 3340 2721
f 2720 3339 3340
f 2717 2718 2713
f 2717 2720 2718
f 3351 3361 3360
f 3351 3352 3361
f 3369 3363 3368
f 3369 3364 3363
f 3363 3362 3361
f 3363 3365 3362
f 2748 2762 2744
f 2748 3360 2762
f 2752 2762 2760
f 2752 2753 2762
f 3365 2760 3362
f 3365 2761 2760
f 3366 3294 3314
f 3366 3296 3294
f 2695 3298 2697
f 2695 2759 3298
f 2761 3298 2759
f 2761 3314 3298
f 3369 3366 3364
f 3369 3370 3366
f 3340 3337 3341
f 3340 3336 3337
f 3338 3375 3337
f 3338 3376 3375
f 3342 3375 3383
f 3342 3341 3375
f 2721 2729 2719
f 2721 2766 2729
f 2765 3342 2771
f 2765 2766 3342
f 3383 3381 3385
f 3383 3380 3381
f 3388 3385 3387
f 3388 3386 3385
f 2770 3386 2773
f 2770 2771 3386
f 3420 3414 3415
f 3420 3419 3414
f 3420 3412 3418
f 3420 3413 3412
f 2795 3412 2796
f 2795 3410 3412
f 2798 2796 2810
f 2798 2793 2796
f 3413 2806 2810
f 3413 2808 2806
f 3414 3428 3416
f 3414 3425 3428
f 3431 3428 3429
f 3431 3430 3428
f 3437 3431 3436
f 3437 3432 3431
f 2809 3415 3416
f 2809 2808 3415
f 2809 2811 2807
f 2809 2815 2811
f 2817 2815 2820
f 2817 2814 2815
f 3433 2820 3430
f 3433 2821 2820
f 3434 3346 3435
f 3434 3345 3346
f 3350 3353 3349
f 3350 3354 3353
f 3347 3348 3349
f 3347 3345 3348
f 3346 2819 2822
f 3346 2823 2819
f 2742 2823 2824
f 2742 2740 2823
f 3358 2824 3347
f 3358 2825 2824
f 3437 3434 3432
f 3437 3438 3434
f 2822 3433 3435
f 2822 2821 3433
f 3353 3357 3358
f 3353 3351 3357
f 2746 3357 2748
f 2746 2825 3357
f 3391 3394 3390
f 3391 3395 3394
f 3398 3387 3390
f 3398 3388 3387
f 2773 2777 2772
f 2773 2826 2777
f 3394 3397 3398
f 3394 3393 3397
f 3393 3402 3400
f 3393 3396 3402
f 3404 3406 3403
f 3404 3407 3406
f 3411 3400 3403
f 3411 3401 3400
f 2792 2778 2779
f 2792 2789 2778
f 2777 3397 2779
f 2777 2826 3397
f 2791 3401 2827
f 2791 2792 3401
f 2787 2827 2795
f 2787 2791 2827
f 3406 3410 3411
f 3406 3405 3410
f 3405 3421 3418
f 3405 3408 3421
f 3454 3466 3455
f 3454 3462 3466
f 3469 3454 3455
f 3469 3463 3454
f 3469 3472 3470
f 3469 3471 3472
f 3472 3477 3476
f 3472 3473 3477
f 2839 3467 2840
f 2839 3466 3467
f 2842 2839 2836
f 2842 2843 2839
f 2843 2852 2855
f 2843 2842 2852
f 2855 3474 3471
f 2855 2856 3474
f 2854 3452 2857
f 2854 2861 3452
f 3452 2860 2869
f 3452 2861 2860
f 3482 3473 3475
f 3482 3481 3473
f 3482 3486 3483
f 3482 3485 3486
f 3486 3491 3490
f 3486 3487 3491
f 3474 2857 3475
f 3474 2856 2857
f 2869 3488 3485
f 2869 2870 3488
f 3496 3487 3489
f 3496 3494 3487
f 3496 3499 3497
f 3496 3498 3499
f 3499 3503 3502
f 3499 3500 3503
f 3488 2871 3489
f 3488 2870 2871
f 2872 2871 2868
f 2872 2875 2871
f 2875 2880 2882
f 2875 2874 2880
f 2882 3501 3498
f 2882 2883 3501
f 3508 3511 3512
f 3508 3507 3511
f 3507 3501 3510
f 3507 3500 3501
f 2886 2883 2881
f 2886 3510 2883
f 2886 2888 2896
f 2886 2884 2888
f 3513 2896 2897
f 3513 3511 2896
f 3539 3529 3538
f 3539 3530 3529
f 3540 3543 3542
f 3540 3541 3543
f 3546 3541 3540
f 3546 3548 3541
f 3538 3546 3539
f 3538 3545 3546
f 3554 3550 3556
f 3554 3549 3550
f 3552 3550 3548
f 3552 3555 3550
f 3558 3562 3561
f 3558 3559 3562
f 3557 3558 3556
f 3557 3560 3558
f 2928 3555 2927
f 2928 3557 3555
f 3569 3566 3571
f 3569 3565 3566
f 3566 3560 3568
f 3566 3559 3560
f 3572 3575 3574
f 3572 3573 3575
f 3578 3573 3572
f 3578 3580 3573
f 3570 3578 3571
f 3570 3577 3578
f 3570 2933 2934
f 3570 3568 2933
f 3586 3582 3588
f 3586 3581 3582
f 3584 3582 3580
f 3584 3587 3582
f 3590 3595 3594
f 3590 3591 3595
f 3589 3590 3588
f 3589 3592 3590
f 2959 3587 2958
f 2959 3589 3587
f 3600 3458 3601
f 3600 3457 3458
f 3468 3459 3460
f 3468 3462 3459
f 3602 3460 3461
f 3602 3601 3460
f 3457 2970 2982
f 3457 2972 2970
f 2982 3468 3458
f 2982 2983 3468
f 3600 3591 3593
f 3600 3599 3591
f 3592 2950 3593
f 3592 2949 2950
f 2966 2949 2965
f 2966 2950 2949
f 2971 2966 2961
f 2971 2972 2966
f 3467 2837 2840
f 3467 2983 2837
f 3518 3516 3515
f 3518 3519 3516
f 3512 3521 3515
f 3512 3513 3521
f 2899 2897 2894
f 2899 2984 2897
f 3523 3518 3522
f 3523 3520 3518
f 3609 3524 3612
f 3609 3523 3524
f 3522 2984 2985
f 3522 3521 2984
f 2985 2900 2988
f 2985 2899 2900
f 3524 2987 2995
f 3524 2988 2987
f 3610 3613 3616
f 3610 3609 3613
f 3613 3617 3616
f 3613 3614 3617
f 2995 3615 3612
f 2995 2996 3615
f 3622 3625 3626
f 3622 3621 3625
f 3621 3615 3624
f 3621 3614 3615
f 3001 2996 2994
f 3001 3624 2996
f 3008 3001 3000
f 3008 3625 3001
f 3531 3528 3527
f 3531 3532 3528
f 3645 3527 3528
f 3645 3644 3527
f 3646 3640 3650
f 3646 3639 3640
f 3642 3640 3638
f 3642 3649 3640
f 3648 3646 3650
f 3648 3644 3646
f 3026 3649 3025
f 3026 3651 3649
f 3651 3016 3648
f 3651 3017 3016
f 3021 3017 3026
f 3021 3013 3017
f 3535 3531 3536
f 3535 3529 3531
f 2906 2913 2907
f 2906 2910 2913
f 3535 3016 3015
f 3535 3536 3016
f 2906 3015 3014
f 2906 2907 3015
f 3545 2912 3036
f 3545 2913 2912
f 2916 2927 2917
f 2916 2924 2927
f 3552 2915 2917
f 3552 3036 2915
f 2928 2931 2933
f 2928 2926 2931
f 2932 2943 2934
f 2932 2940 2943
f 3577 2942 3037
f 3577 2943 2942
f 2946 2958 2947
f 2946 2955 2958
f 3584 2945 2947
f 3584 3037 2945
f 2959 2963 2965
f 2959 2957 2963
f 3626 3654 3629
f 3626 3628 3654
f 3008 3039 3044
f 3008 3007 3039
f 3656 3044 3045
f 3656 3628 3044
f 3655 3657 3659
f 3655 3654 3657
f 3658 3663 3657
f 3658 3664 3663
f 3045 3658 3656
f 3045 3046 3658
f 3046 3047 3052
f 3046 3043 3047
f 3643 3635 3636
f 3643 3638 3635
f 3675 3636 3637
f 3675 3674 3636
f 3677 3676 3678
f 3677 3674 3676
f 3684 3678 3683
f 3684 3679 3678
f 3679 3064 3677
f 3679 3065 3064
f 3067 3065 3069
f 3067 3061 3065
f 3009 3025 3010
f 3009 3022 3025
f 3642 3064 3063
f 3642 3643 3064
f 3009 3063 3062
f 3009 3010 3063
f 3665 3669 3670
f 3665 3664 3669
f 3688 3666 3665
f 3688 3689 3666
f 3688 3671 3693
f 3688 3670 3671
f 3050 3669 3052
f 3050 3082 3669
f 3082 3051 3085
f 3082 3050 3051
f 3671 3084 3090
f 3671 3085 3084
f 3692 3693 3696
f 3692 3691 3693
f 3696 3700 3699
f 3696 3697 3700
f 3697 3089 3092
f 3697 3090 3089
f 3710 3683 3686
f 3710 3685 3683
f 3068 3684 3108
f 3068 3069 3684
f 3108 3715 3109
f 3108 3685 3715
f 3715 3712 3716
f 3715 3710 3712
f 3719 3716 3718
f 3719 3717 3716
f 3107 3717 3112
f 3107 3109 3717
f 3699 3722 3702
f 3699 3701 3722
f 3700 3127 3701
f 3700 3125 3127
f 3096 3092 3091
f 3096 3125 3092
f 3723 3726 3727
f 3723 3722 3726
f 3733 3724 3725
f 3733 3726 3724
f 3127 3725 3724
f 3127 3128 3725
f 3132 3129 3124
f 3132 3137 3129
f 3128 3137 3136
f 3128 3129 3137
f 3741 3718 3721
f 3741 3720 3718
f 3111 3719 3153
f 3111 3112 3719
f 3153 3746 3154
f 3153 3720 3746
f 3746 3743 3747
f 3746 3741 3743
f 3750 3747 3749
f 3750 3748 3747
f 3152 3748 3156
f 3152 3154 3748
f 3733 3731 3734
f 3733 3730 3731
f 3734 3755 3735
f 3734 3754 3755
f 3730 3130 3172
f 3730 3131 3130
f 3134 3131 3136
f 3134 3130 3131
f 3756 3172 3173
f 3756 3731 3172
f 3755 3758 3759
f 3755 3754 3758
f 3765 3756 3757
f 3765 3758 3756
f 3757 3171 3178
f 3757 3173 3171
f 3769 3749 3752
f 3769 3751 3749
f 3192 3750 3751
f 3192 3190 3750
f 3156 3160 3155
f 3156 3190 3160
f 3772 3770 3774
f 3772 3769 3770
f 3778 3773 3772
f 3778 3779 3773
f 3786 3779 3780
f 3786 3785 3779
f 3192 3785 3193
f 3192 3773 3785
f 3193 3194 3189
f 3193 3196 3194
f 3196 3205 3195
f 3196 3786 3205
f 3765 3763 3766
f 3765 3762 3763
f 3766 3799 3767
f 3766 3798 3799
f 3762 3177 3228
f 3762 3178 3177
f 3802 3228 3229
f 3802 3763 3228
f 3792 3804 3803
f 3792 3793 3804
f 3800 3802 3804
f 3800 3798 3802
f 3219 3231 3217
f 3219 3803 3231
f 3222 3231 3229
f 3222 3223 3231
f 3780 3790 3787
f 3780 3783 3790
f 3809 3787 3790
f 3809 3789 3787
f 3232 3205 3237
f 3232 3203 3205
f 3237 3812 3238
f 3237 3789 3812
f 3813 3810 3815
f 3813 3809 3810
f 3818 3814 3813
f 3818 3819 3814
f 3814 3238 3812
f 3814 3239 3238
f 3827 3819 3820
f 3827 3826 3819
f 3239 3242 3236
f 3239 3826 3242
f 3242 3252 3241
f 3242 3827 3252
f 3876 3863 3864
f 3876 3875 3863
f 3876 3861 3873
f 3876 3862 3861
f 3297 3315 3295
f 3297 3861 3315
f 3862 3308 3315
f 3862 3312 3308
f 3865 3792 3807
f 3865 3794 3792
f 3807 3313 3866
f 3807 3311 3313
f 3311 3218 3310
f 3311 3219 3218
f 3867 3865 3863
f 3867 3868 3865
f 3313 3864 3866
f 3313 3312 3864
f 3820 3830 3828
f 3820 3823 3830
f 3832 3834 3831
f 3832 3835 3834
f 3837 3828 3831
f 3837 3829 3828
f 3251 3829 3316
f 3251 3252 3829
f 3834 3839 3838
f 3834 3836 3839
f 3841 3842 3843
f 3841 3839 3842
f 3884 3843 3842
f 3884 3886 3843
f 3316 3838 3317
f 3316 3837 3838
f 3257 3317 3318
f 3257 3256 3317
f 3267 3318 3319
f 3267 3265 3318
f 3846 3319 3841
f 3846 3320 3319
f 3886 3845 3844
f 3886 3889 3845
f 3844 3848 3847
f 3844 3845 3848
f 3850 3851 3852
f 3850 3848 3851
f 3893 3852 3851
f 3893 3895 3852
f 3320 3847 3321
f 3320 3846 3847
f 3273 3321 3322
f 3273 3272 3321
f 3282 3322 3323
f 3282 3280 3322
f 3854 3323 3850
f 3854 3324 3323
f 3856 3896 3903
f 3856 3855 3896
f 3324 3855 3325
f 3324 3854 3855
f 3287 3325 3328
f 3287 3286 3325
f 3327 3856 3333
f 3327 3328 3856
f 3902 3895 3898
f 3902 3896 3895
f 3908 3903 3904
f 3908 3906 3903
f 3906 3914 3907
f 3906 3908 3914
f 3332 3907 3335
f 3332 3333 3907
f 3931 3942 3941
f 3931 3932 3942
f 3950 3944 3949
f 3950 3945 3944
f 3944 3943 3942
f 3944 3946 3943
f 3356 3374 3352
f 3356 3941 3374
f 3943 3368 3374
f 3943 3372 3368
f 3947 3857 3874
f 3947 3858 3857
f 3857 3877 3873
f 3857 3858 3877
f 3874 3373 3948
f 3874 3371 3373
f 3371 3296 3370
f 3371 3297 3296
f 3950 3947 3945
f 3950 3951 3947
f 3373 3946 3948
f 3373 3372 3946
f 3913 3918 3914
f 3913 3915 3918
f 3335 3338 3334
f 3335 3377 3338
f 3916 3957 3915
f 3916 3959 3957
f 3377 3919 3378
f 3377 3918 3919
f 3379 3919 3958
f 3379 3378 3919
f 3966 3963 3969
f 3966 3962 3963
f 3957 3962 3958
f 3957 3961 3962
f 3379 3380 3376
f 3379 3382 3380
f 3382 3392 3381
f 3382 3966 3392
f 4016 4019 4022
f 4016 4015 4019
f 4016 4017 4014
f 4016 4021 4017
f 4030 4024 4029
f 4030 4025 4024
f 4024 4023 4022
f 4024 4026 4023
f 3426 4021 3427
f 3426 4017 4021
f 3429 3427 3441
f 3429 3425 3427
f 4023 3436 3441
f 4023 3439 3436
f 4027 3924 4028
f 4027 3923 3924
f 3928 3933 3927
f 3928 3934 3933
f 3925 3926 3927
f 3925 3923 3926
f 3924 3438 3440
f 3924 3442 3438
f 3350 3442 3443
f 3350 3348 3442
f 3939 3443 3925
f 3939 3444 3443
f 4030 4027 4025
f 4030 4031 4027
f 3440 4026 4028
f 3440 3439 4026
f 3933 3938 3939
f 3933 3931 3938
f 3354 3938 3356
f 3354 3444 3938
f 3973 3977 3972
f 3973 3978 3977
f 3982 3969 3972
f 3982 3970 3969
f 3391 3970 3445
f 3391 3392 3970
f 3977 3985 3984
f 3977 3979 3985
f 3990 3994 3989
f 3990 3995 3994
f 3987 3988 3989
f 3987 3985 3988
f 3445 3984 3446
f 3445 3982 3984
f 3396 3446 3447
f 3396 3395 3446
f 3404 3447 3448
f 3404 3402 3447
f 4000 3448 3987
f 4000 3449 3448
f 3994 3999 4000
f 3994 3993 3999
f 3993 4009 4006
f 3993 3996 4009
f 4018 4006 4010
f 4018 4007 4006
f 4008 4018 4010
f 4008 4014 4018
f 3424 3408 3409
f 3424 3421 3408
f 3407 3999 3409
f 3407 3449 3999
f 3423 4007 3450
f 3423 3424 4007
f 3419 3450 3426
f 3419 3423 3450
f 4046 4051 4050
f 4046 4047 4051
f 4046 3464 3465
f 4046 4044 3464
f 3465 3470 3480
f 3465 3463 3470
f 3476 4047 3480
f 3476 3478 4047
f 4057 4063 4065
f 4057 4056 4063
f 4056 4048 4049
f 4056 4055 4048
f 4062 4066 4063
f 4062 4064 4066
f 4048 3479 4049
f 4048 3478 3479
f 3481 3479 3477
f 3481 3484 3479
f 3484 3490 3492
f 3484 3483 3490
f 3492 4064 4062
f 3492 3493 4064
f 4070 4076 4071
f 4070 4075 4076
f 4076 4080 4079
f 4076 4077 4080
f 3495 3493 3491
f 3495 4075 3493
f 3495 3497 3505
f 3495 3494 3497
f 3502 4077 3505
f 3502 3504 4077
f 4084 4090 4085
f 4084 4089 4090
f 3509 3504 3503
f 3509 4089 3504
f 3517 3509 3508
f 3517 4090 3509
f 4112 4117 4113
f 4112 4116 4117
f 4110 4117 4115
f 4110 4111 4117
f 3547 3534 3530
f 3547 4110 3534
f 3542 4111 3547
f 3542 3544 4111
f 4127 4123 4129
f 4127 4122 4123
f 4123 4113 4126
f 4123 4112 4113
f 4131 4135 4134
f 4131 4132 4135
f 4130 4131 4129
f 4130 4133 4131
f 3551 3544 3543
f 3551 4126 3544
f 3551 3554 3564
f 3551 3549 3554
f 3561 4130 3564
f 3561 3563 4130
f 4140 4144 4147
f 4140 4139 4144
f 4139 4133 4143
f 4139 4132 4133
f 4144 4148 4147
f 4144 4145 4148
f 3567 3563 3562
f 3567 4143 3563
f 3567 3569 3579
f 3567 3565 3569
f 3574 4145 3579
f 3574 3576 4145
f 4163 4154 4162
f 4163 4155 4154
f 4153 4162 4154
f 4153 4160 4162
f 4165 4170 4169
f 4165 4166 4170
f 4164 4165 4163
f 4164 4167 4165
f 3583 3576 3575
f 3583 4160 3576
f 3583 3586 3598
f 3583 3581 3586
f 3594 4164 3598
f 3594 3596 4164
f 4176 4039 4177
f 4176 4038 4039
f 4038 3602 3605
f 4038 3604 3602
f 3605 4045 4039
f 3605 3606 4045
f 3606 3459 3464
f 3606 3461 3459
f 4176 4166 4168
f 4176 4173 4166
f 4178 4179 4180
f 4178 4177 4179
f 4167 3597 4168
f 4167 3596 3597
f 3599 3597 3595
f 3599 3604 3597
f 4044 4042 4045
f 4044 4041 4042
f 4043 4179 4042
f 4043 4182 4179
f 4052 4041 4050
f 4052 4043 4041
f 4058 4054 4053
f 4058 4059 4054
f 4051 4058 4053
f 4051 4055 4058
f 4067 4057 4065
f 4067 4060 4057
f 4072 4069 4068
f 4072 4073 4069
f 4066 4072 4068
f 4066 4070 4072
f 4081 4071 4079
f 4081 4074 4071
f 4086 4083 4082
f 4086 4087 4083
f 4080 4086 4082
f 4080 4084 4086
f 4093 4085 4091
f 4093 4088 4085
f 4091 4096 4094
f 4091 4092 4096
f 4094 4201 4093
f 4094 4203 4201
f 4092 3516 3607
f 4092 3517 3516
f 4204 4098 4211
f 4204 4097 4098
f 4097 3607 3608
f 4097 4096 3607
f 3608 3520 3611
f 3608 3519 3520
f 4098 3610 3618
f 4098 3611 3610
f 4203 4209 4206
f 4203 4204 4209
f 4211 4214 4212
f 4211 4213 4214
f 4215 4217 4214
f 4215 4220 4217
f 3618 4215 4213
f 3618 3619 4215
f 4220 4226 4221
f 4220 4225 4226
f 3623 3619 3617
f 3623 4225 3619
f 3630 3623 3622
f 3630 4226 3623
f 4104 4102 4101
f 4104 4105 4102
f 4245 4100 4246
f 4245 4099 4100
f 4247 4101 4102
f 4247 4246 4101
f 4099 3645 3652
f 4099 3647 3645
f 3652 4109 4100
f 3652 3653 4109
f 4231 4242 4232
f 4231 4238 4242
f 4245 4231 4232
f 4245 4239 4231
f 3639 3633 3632
f 3639 3647 3633
f 3633 3641 3632
f 3633 4242 3641
f 4108 4104 4109
f 4108 4103 4104
f 4118 4103 4115
f 4118 4106 4103
f 4108 3532 3534
f 4108 3653 3532
f 4156 4151 4150
f 4156 4157 4151
f 4148 4156 4150
f 4148 4153 4156
f 4230 4221 4227
f 4230 4224 4221
f 4227 4260 4230
f 4227 4229 4260
f 3630 3655 3660
f 3630 3629 3655
f 4263 3660 3661
f 4263 4229 3660
f 4261 4264 4266
f 4261 4260 4264
f 4265 4268 4264
f 4265 4270 4268
f 3661 4265 4263
f 3661 3662 4265
f 3662 3663 3667
f 3662 3659 3663
f 4244 4235 4236
f 4244 4238 4235
f 4283 4236 4237
f 4283 4282 4236
f 3680 4244 4234
f 3680 3681 4244
f 3681 3635 3641
f 3681 3637 3635
f 3680 4285 3682
f 3680 4234 4285
f 4287 4277 4286
f 4287 4278 4277
f 4285 4284 4287
f 4285 4282 4284
f 3687 3673 3672
f 3687 4286 3673
f 3687 3675 3682
f 3687 3676 3675
f 4271 4274 4275
f 4271 4270 4274
f 4294 4272 4271
f 4294 4295 4272
f 4294 4276 4303
f 4294 4275 4276
f 3666 4274 3667
f 3666 3690 4274
f 3690 3694 4276
f 3690 3689 3694
f 4300 4303 4305
f 4300 4299 4303
f 4305 4308 4307
f 4305 4306 4308
f 3703 3691 3692
f 3703 3694 3691
f 4308 3703 3704
f 4308 4306 3703
f 4277 4311 4292
f 4277 4279 4311
f 3673 3686 3672
f 3673 3713 3686
f 3706 4292 4312
f 3706 3705 4292
f 3714 3705 3706
f 3714 3713 3705
f 4311 4317 4312
f 4311 4316 4317
f 4324 4317 4318
f 4324 4323 4317
f 3708 4324 3709
f 3708 4323 4324
f 3712 3708 3707
f 3712 3714 3708
f 4307 4331 4310
f 4307 4309 4331
f 3704 3723 3728
f 3704 3702 3723
f 4336 3728 3729
f 4336 4309 3728
f 4333 4336 4337
f 4333 4331 4336
f 4337 4340 4339
f 4337 4338 4340
f 4338 3727 3736
f 4338 3729 3727
f 4318 4343 4325
f 4318 4320 4343
f 3709 3721 3707
f 3709 3744 3721
f 3738 4325 4344
f 3738 3737 4325
f 3745 3737 3738
f 3745 3744 3737
f 4352 4349 4354
f 4352 4348 4349
f 4343 4348 4344
f 4343 4347 4348
f 3740 3753 3739
f 3740 4352 3753
f 3743 3740 3739
f 3743 3745 3740
f 4339 4362 4342
f 4339 4341 4362
f 4340 3735 3760
f 4340 3736 3735
f 4366 3760 3761
f 4366 4341 3760
f 4364 4366 4367
f 4364 4362 4366
f 4367 4371 4370
f 4367 4368 4371
f 4368 3759 3768
f 4368 3761 3759
f 4377 4354 4357
f 4377 4356 4354
f 3770 3753 3775
f 3770 3752 3753
f 3775 4379 3776
f 3775 4356 4379
f 4380 4378 4382
f 4380 4377 4378
f 4386 4381 4380
f 4386 4387 4381
f 4381 3776 4379
f 4381 3777 3776
f 3778 3777 3784
f 3778 3774 3777
f 4370 4415 4374
f 4370 4373 4415
f 4373 4414 4415
f 4373 4372 4414
f 4371 3767 3806
f 4371 3768 3767
f 3799 4372 3806
f 3799 3801 4372
f 4403 4417 4414
f 4403 4405 4417
f 4403 4412 4404
f 4403 4411 4412
f 4412 3795 3796
f 4412 4411 3795
f 3795 3800 3793
f 3795 3801 3800
f 4393 4388 4394
f 4393 4387 4388
f 4388 4395 4394
f 4388 4390 4395
f 4396 4421 4424
f 4396 4395 4421
f 4393 3782 3784
f 4393 3808 3782
f 3783 3808 3811
f 3783 3782 3808
f 3810 4396 3816
f 3810 3811 4396
f 4425 4422 4428
f 4425 4421 4422
f 4429 4425 4428
f 4429 4426 4425
f 4427 3816 4424
f 4427 3817 3816
f 3818 3817 3824
f 3818 3815 3817
f 4437 4434 4438
f 4437 4433 4434
f 4427 4433 4436
f 4427 4426 4433
f 3824 4437 3825
f 3824 4436 4437
f 4402 4406 4401
f 4402 4407 4406
f 4401 4470 4402
f 4401 4469 4470
f 4461 4474 4473
f 4461 4462 4474
f 4471 4472 4474
f 4471 4469 4472
f 4473 3881 3880
f 4473 4475 3881
f 3870 4475 4472
f 3870 3871 4475
f 3871 3875 3881
f 3871 3867 3875
f 4406 4412 4413
f 4406 4404 4412
f 3870 4412 3869
f 3870 4413 4412
f 3869 3794 3868
f 3869 3796 3794
f 4442 4444 4441
f 4442 4445 4444
f 4448 4438 4441
f 4448 4439 4438
f 3833 3823 3825
f 3833 3830 3823
f 3832 4439 3882
f 3832 3833 4439
f 4444 4450 4449
f 4444 4446 4450
f 4451 4481 4482
f 4451 4450 4481
f 4483 4452 4453
f 4483 4481 4452
f 3882 4449 3883
f 3882 4448 4449
f 3836 3883 3885
f 3836 3835 3883
f 3884 4451 3890
f 3884 3885 4451
f 4486 3890 4482
f 4486 3891 3890
f 4456 3889 3892
f 4456 3894 3889
f 3893 4456 3899
f 3893 3894 4456
f 4483 4491 4485
f 4483 4488 4491
f 4485 4492 4487
f 4485 4491 4492
f 4496 4492 4493
f 4496 4495 4492
f 4501 4496 4500
f 4501 4497 4496
f 3892 4486 4487
f 3892 3891 4486
f 4498 3899 4495
f 4498 3900 3899
f 4497 4507 4499
f 4497 4506 4507
f 4511 4507 4508
f 4511 4510 4507
f 4515 4511 4514
f 4515 4512 4511
f 3901 4498 4499
f 3901 3900 4498
f 3901 3902 3898
f 3901 3905 3902
f 3909 3905 3910
f 3909 3904 3905
f 4513 3910 4510
f 4513 3911 3910
f 3913 3911 3917
f 3913 3909 3911
f 4513 4521 4524
f 4513 4512 4521
f 4525 4521 4522
f 4525 4524 4521
f 4567 4570 4573
f 4567 4566 4570
f 4567 4568 4565
f 4567 4572 4568
f 4579 4575 4578
f 4579 4576 4575
f 4575 4574 4573
f 4575 4577 4574
f 4572 3930 3929
f 4572 4574 3930
f 4460 4463 4459
f 4460 4464 4463
f 4459 4588 4460
f 4459 4587 4588
f 4585 4589 4593
f 4585 4584 4589
f 4577 4585 4586
f 4577 4576 4585
f 4589 4591 4593
f 4589 4587 4591
f 3936 4592 3937
f 3936 4586 4592
f 3937 3956 3932
f 3937 4592 3956
f 4594 3949 3956
f 4594 3954 3949
f 3953 4594 4591
f 3953 3954 4594
f 4463 4467 4468
f 4463 4461 4467
f 3880 3858 3859
f 3880 3877 3858
f 3953 4467 3952
f 3953 4468 4467
f 3952 3858 3951
f 3952 3859 3858
f 4530 4523 4532
f 4530 4522 4523
f 4531 4597 4598
f 4531 4530 4597
f 4599 4532 4533
f 4599 4597 4532
f 4525 3916 3917
f 4525 3960 3916
f 3965 3960 4531
f 3965 3959 3960
f 3961 3974 3963
f 3961 3965 3974
f 3967 3976 3974
f 3967 3968 3976
f 4602 3967 4598
f 4602 3968 3967
f 4599 4604 4601
f 4599 4603 4604
f 4605 4608 4612
f 4605 4604 4608
f 4602 4605 4606
f 4602 4601 4605
f 4608 4614 4615
f 4608 4607 4614
f 4615 4613 4612
f 4615 4617 4613
f 3980 4611 3981
f 3980 4606 4611
f 4611 3992 3991
f 4611 4613 3992
f 4614 4620 4616
f 4614 4618 4620
f 4621 4624 4628
f 4621 4620 4624
f 4617 4621 4622
f 4617 4616 4621
f 4624 4630 4631
f 4624 4623 4630
f 4631 4629 4628
f 4631 4633 4629
f 3997 4627 3998
f 3997 4622 4627
f 4627 4013 4012
f 4627 4629 4013
f 4004 4008 4013
f 4004 4003 4008
f 4634 4548 4549
f 4634 4630 4548
f 4634 4557 4635
f 4634 4556 4557
f 4558 4560 4561
f 4558 4556 4560
f 4559 4569 4561
f 4559 4565 4569
f 4557 4034 4033
f 4557 4558 4034
f 4005 4633 4635
f 4005 4004 4633
f 4005 4015 4003
f 4005 4020 4015
f 4029 4020 4033
f 4029 4019 4020
f 3929 3920 3921
f 3929 3926 3920
f 4034 4568 4032
f 4034 4569 4568
f 4032 3920 4031
f 4032 3921 3920
f 3934 3930 3936
f 3934 3928 3930
f 3978 3976 3980
f 3978 3973 3976
f 3991 3979 3981
f 3991 3988 3979
f 3995 3992 3997
f 3995 3990 3992
f 4012 3996 3998
f 4012 4009 3996
f 4660 4124 4125
f 4660 4658 4124
f 4125 4127 4136
f 4125 4122 4127
f 4662 4136 4137
f 4662 4660 4136
f 4137 4135 4141
f 4137 4134 4135
f 4670 4141 4142
f 4670 4668 4141
f 4152 4142 4140
f 4152 4670 4142
f 4171 4159 4155
f 4171 4682 4159
f 4684 4171 4172
f 4684 4682 4171
f 4172 4170 4174
f 4172 4169 4170
f 4692 4697 4696
f 4692 4693 4697
f 4692 4174 4175
f 4692 4690 4174
f 4175 4178 4185
f 4175 4173 4178
f 4180 4693 4185
f 4180 4183 4693
f 4182 4636 4184
f 4182 4186 4636
f 4186 4054 4187
f 4186 4052 4054
f 4187 4710 4636
f 4187 4190 4710
f 4709 4702 4708
f 4709 4704 4702
f 4702 4694 4695
f 4702 4701 4694
f 4708 4711 4709
f 4708 4710 4711
f 4711 4716 4715
f 4711 4712 4716
f 4694 4184 4695
f 4694 4183 4184
f 4190 4637 4714
f 4190 4189 4637
f 4189 4060 4191
f 4189 4059 4060
f 4191 4069 4192
f 4191 4067 4069
f 4192 4725 4637
f 4192 4195 4725
f 4723 4712 4714
f 4723 4720 4712
f 4723 4726 4724
f 4723 4725 4726
f 4726 4731 4730
f 4726 4727 4731
f 4195 4638 4729
f 4195 4194 4638
f 4194 4074 4196
f 4194 4073 4074
f 4196 4083 4197
f 4196 4081 4083
f 4197 4739 4638
f 4197 4200 4739
f 4737 4727 4729
f 4737 4734 4727
f 4737 4740 4738
f 4737 4739 4740
f 4740 4745 4744
f 4740 4741 4745
f 4200 4639 4743
f 4200 4199 4639
f 4199 4088 4202
f 4199 4087 4088
f 4639 4201 4207
f 4639 4202 4201
f 4751 4741 4743
f 4751 4748 4741
f 4751 4754 4752
f 4751 4753 4754
f 4755 4757 4754
f 4755 4760 4757
f 4207 4755 4753
f 4207 4208 4755
f 4760 4766 4761
f 4760 4765 4766
f 4210 4208 4206
f 4210 4765 4208
f 4210 4212 4218
f 4210 4209 4212
f 4768 4218 4219
f 4768 4766 4218
f 4796 4782 4795
f 4796 4783 4782
f 4798 4792 4799
f 4798 4791 4792
f 4797 4799 4796
f 4797 4801 4799
f 4795 4240 4241
f 4795 4789 4240
f 4241 4248 4253
f 4241 4239 4248
f 4253 4247 4251
f 4253 4248 4247
f 4251 4801 4797
f 4251 4252 4801
f 4644 4802 4645
f 4644 4798 4802
f 4643 4802 4650
f 4643 4645 4802
f 4651 4643 4648
f 4651 4645 4643
f 4655 4653 4652
f 4655 4656 4653
f 4648 4659 4652
f 4648 4649 4659
f 4106 4121 4107
f 4106 4118 4121
f 4646 4105 4107
f 4646 4250 4105
f 4646 4252 4250
f 4646 4650 4252
f 4649 4120 4254
f 4649 4121 4120
f 4254 4116 4124
f 4254 4120 4116
f 4658 4655 4659
f 4658 4654 4655
f 4663 4654 4661
f 4663 4657 4654
f 4661 4669 4664
f 4661 4662 4669
f 4664 4810 4663
f 4664 4812 4810
f 4668 4666 4669
f 4668 4665 4666
f 4667 4812 4666
f 4667 4815 4812
f 4673 4665 4671
f 4673 4667 4665
f 4677 4675 4674
f 4677 4678 4675
f 4671 4681 4674
f 4671 4672 4681
f 4672 4151 4256
f 4672 4152 4151
f 4680 4677 4681
f 4680 4676 4677
f 4685 4676 4683
f 4685 4679 4676
f 4683 4691 4686
f 4683 4684 4691
f 4686 4824 4685
f 4686 4826 4824
f 4680 4157 4159
f 4680 4256 4157
f 4690 4688 4691
f 4690 4687 4688
f 4689 4826 4688
f 4689 4829 4826
f 4698 4687 4696
f 4698 4689 4687
f 4705 4700 4699
f 4705 4706 4700
f 4697 4705 4699
f 4697 4701 4705
f 4769 4761 4767
f 4769 4764 4761
f 4767 4772 4770
f 4767 4768 4772
f 4770 4845 4769
f 4770 4847 4845
f 4223 4219 4217
f 4223 4258 4219
f 4848 4774 4856
f 4848 4773 4774
f 4773 4258 4259
f 4773 4772 4258
f 4259 4224 4262
f 4259 4223 4224
f 4774 4261 4267
f 4774 4262 4261
f 4847 4853 4850
f 4847 4848 4853
f 4854 4856 4858
f 4854 4853 4856
f 4858 4861 4860
f 4858 4859 4861
f 4859 4266 4269
f 4859 4267 4266
f 4289 4790 4779
f 4289 4290 4790
f 4290 4235 4240
f 4290 4237 4235
f 4289 4873 4291
f 4289 4779 4873
f 4875 4868 4874
f 4875 4869 4868
f 4873 4872 4875
f 4873 4871 4872
f 4872 4877 4878
f 4872 4871 4877
f 4293 4280 4278
f 4293 4874 4280
f 4293 4283 4291
f 4293 4284 4283
f 4789 4784 4790
f 4789 4782 4784
f 4785 4877 4784
f 4785 4880 4877
f 4860 4866 4863
f 4860 4861 4866
f 4863 4891 4862
f 4863 4892 4891
f 4272 4269 4268
f 4272 4296 4269
f 4892 4899 4896
f 4892 4893 4899
f 4867 4296 4297
f 4867 4866 4296
f 4867 4298 4895
f 4867 4297 4298
f 4904 4893 4895
f 4904 4901 4893
f 4905 4301 4302
f 4905 4904 4301
f 4299 4298 4295
f 4299 4301 4298
f 4887 4869 4888
f 4887 4868 4869
f 4886 4916 4907
f 4886 4887 4916
f 4315 4886 4907
f 4315 4314 4886
f 4279 4314 4313
f 4279 4280 4314
f 4919 4909 4916
f 4919 4911 4909
f 4915 4909 4910
f 4915 4914 4909
f 4321 4915 4322
f 4321 4914 4915
f 4315 4316 4313
f 4315 4321 4316
f 4902 4905 4906
f 4902 4901 4905
f 4926 4903 4902
f 4926 4928 4903
f 4310 4302 4300
f 4310 4334 4302
f 4906 4327 4927
f 4906 4326 4327
f 4326 4335 4327
f 4326 4334 4335
f 4934 4926 4927
f 4934 4933 4926
f 4934 4941 4935
f 4934 4940 4941
f 4941 4329 4330
f 4941 4940 4329
f 4329 4333 4328
f 4329 4335 4333
f 4923 4911 4925
f 4923 4910 4911
f 4924 4946 4950
f 4924 4923 4946
f 4320 4346 4345
f 4320 4322 4346
f 4351 4346 4924
f 4351 4345 4346
f 4950 4948 4951
f 4950 4946 4948
f 4955 4951 4954
f 4955 4952 4951
f 4347 4358 4349
f 4347 4351 4358
f 4358 4955 4359
f 4358 4952 4955
f 4962 4935 4942
f 4962 4937 4935
f 4962 4943 4972
f 4962 4942 4943
f 4342 4330 4328
f 4342 4365 4330
f 4943 4363 4369
f 4943 4365 4363
f 4968 4972 4974
f 4968 4967 4972
f 4974 4977 4976
f 4974 4975 4977
f 4977 4375 4376
f 4977 4975 4375
f 4363 4375 4369
f 4363 4364 4375
f 4981 4954 4957
f 4981 4956 4954
f 4983 4957 4958
f 4983 4981 4957
f 4378 4359 4383
f 4378 4357 4359
f 4383 4982 4384
f 4383 4956 4982
f 4986 4384 4982
f 4986 4385 4384
f 4386 4385 4391
f 4386 4382 4385
f 4983 4991 4985
f 4983 4987 4991
f 4986 4992 4996
f 4986 4985 4992
f 4997 4992 4993
f 4997 4996 4992
f 4978 4968 4976
f 4978 4969 4968
f 5008 4979 5009
f 5008 4978 4979
f 4376 4416 4419
f 4376 4374 4416
f 4416 4979 4419
f 4416 4418 4979
f 5010 5008 5007
f 5010 5011 5008
f 5025 5007 5009
f 5025 5024 5007
f 5026 4409 4410
f 5026 5025 4409
f 4409 4417 4405
f 4409 4418 4417
f 4999 4994 5001
f 4999 4993 4994
f 5000 5028 5029
f 5000 4999 5028
f 5030 5001 5002
f 5030 5028 5001
f 4997 4389 4391
f 4997 4420 4389
f 4390 4420 4423
f 4390 4389 4420
f 4422 5000 4430
f 4422 4423 5000
f 5033 4430 5029
f 5033 4431 4430
f 5030 5037 5032
f 5030 5034 5037
f 5038 5040 5043
f 5038 5037 5040
f 5033 5038 5039
f 5033 5032 5038
f 5050 5042 5043
f 5050 5048 5042
f 4431 4435 4429
f 4431 5039 4435
f 4435 4443 4434
f 4435 5042 4443
f 5017 5019 5020
f 5017 5016 5019
f 5140 5017 5141
f 5140 5016 5017
f 5018 5027 5020
f 5018 5024 5027
f 5027 4476 5017
f 5027 4477 4476
f 5141 4476 4478
f 5141 5017 4476
f 5120 5119 5118
f 5120 5121 5119
f 5140 5118 5119
f 5140 5137 5118
f 5137 5138 5136
f 5137 5142 5138
f 4466 4479 4462
f 4466 5142 4479
f 4470 4479 4478
f 4470 4471 4479
f 4407 5026 4410
f 4407 4477 5026
f 5049 5058 5050
f 5049 5052 5058
f 4442 5048 4480
f 4442 4443 5048
f 5052 5057 5058
f 5052 5051 5057
f 5051 5062 5060
f 5051 5054 5062
f 5064 5066 5063
f 5064 5067 5066
f 5070 5060 5063
f 5070 5061 5060
f 4454 4446 4447
f 4454 4452 4446
f 4445 5057 4447
f 4445 4480 5057
f 4453 5061 4489
f 4453 4454 5061
f 5066 5072 5071
f 5066 5068 5072
f 5077 5079 5076
f 5077 5080 5079
f 5074 5075 5076
f 5074 5072 5075
f 4489 5071 4490
f 4489 5070 5071
f 4494 4490 5073
f 4494 4488 4490
f 5073 4503 4502
f 5073 5074 4503
f 4500 4494 4502
f 4500 4493 4494
f 5079 5085 5084
f 5079 5081 5085
f 5090 5092 5089
f 5090 5093 5092
f 5087 5088 5089
f 5087 5085 5088
f 5084 4505 4503
f 5084 5086 4505
f 5086 4517 4516
f 5086 5087 4517
f 4505 4506 4501
f 4505 4509 4506
f 4514 4509 4516
f 4514 4508 4509
f 5092 5098 5097
f 5092 5094 5098
f 5099 5148 5149
f 5099 5098 5148
f 5150 5100 5101
f 5150 5148 5100
f 5097 4519 4517
f 5097 5099 4519
f 4519 4520 4515
f 4519 4526 4520
f 4520 4534 4523
f 4520 4526 4534
f 4527 4536 4534
f 4527 4528 4536
f 5153 4527 5149
f 5153 4528 4527
f 5150 5157 5152
f 5150 5154 5157
f 5158 5160 5163
f 5158 5157 5160
f 5153 5158 5159
f 5153 5152 5158
f 5167 5164 5166
f 5167 5165 5164
f 5165 5173 5164
f 5165 5174 5173
f 5173 5162 5163
f 5173 5172 5162
f 4538 5162 4539
f 4538 5159 5162
f 5176 5179 5182
f 5176 5175 5179
f 5176 5177 5174
f 5176 5181 5177
f 5188 5184 5187
f 5188 5185 5184
f 5184 5183 5182
f 5184 5186 5183
f 5181 4547 4546
f 5181 5183 4547
f 5194 5197 5200
f 5194 5193 5197
f 5186 5194 5195
f 5186 5185 5194
f 5197 5202 5203
f 5197 5196 5202
f 5203 5201 5200
f 5203 5205 5201
f 4550 5199 4551
f 4550 5195 5199
f 5199 4564 4563
f 5199 5201 4564
f 4554 4559 4564
f 4554 4553 4559
f 5206 5105 5106
f 5206 5202 5105
f 5206 5108 5207
f 5206 5107 5108
f 5112 5113 5111
f 5112 5114 5113
f 5109 5110 5111
f 5109 5107 5110
f 5108 4581 4580
f 5108 5109 4581
f 4555 5205 5207
f 4555 4554 5205
f 4555 4566 4553
f 4555 4571 4566
f 4578 4571 4580
f 4578 4570 4571
f 5113 5127 5126
f 5113 5115 5127
f 5129 5131 5132
f 5129 5127 5131
f 5130 5139 5132
f 5130 5136 5139
f 5126 4583 4581
f 5126 5128 4583
f 4588 5128 4595
f 4588 4590 5128
f 5139 4595 5129
f 5139 4596 4595
f 4583 4584 4579
f 4583 4590 4584
f 4464 5138 4466
f 4464 4596 5138
f 4537 4536 4538
f 4537 4533 4536
f 4537 4609 4603
f 4537 4539 4609
f 4541 4607 4609
f 4541 4540 4607
f 4540 5172 4619
f 4540 4541 5172
f 4542 5177 4543
f 4542 4619 5177
f 4542 4625 4618
f 4542 4543 4625
f 4546 4623 4625
f 4546 4545 4623
f 4548 4547 4550
f 4548 4545 4547
f 4563 4549 4551
f 4563 4560 4549
f 5235 5232 5236
f 5235 5231 5232
f 5244 5237 5236
f 5244 5245 5237
f 5215 5238 5216
f 5215 5235 5238
f 5220 5253 5221
f 5220 5250 5253
f 5237 5249 5238
f 5237 5246 5249
f 5247 5246 5245
f 5247 5251 5246
f 5254 5249 5252
f 5254 5250 5249
f 5259 5255 5254
f 5259 5260 5255
f 5251 5259 5252
f 5251 5258 5259
f 5267 5263 5272
f 5267 5262 5263
f 5261 5253 5255
f 5261 5256 5253
f 5265 5262 5267
f 5265 5261 5262
f 4719 4716 4721
f 4719 4715 4716
f 5296 4721 4722
f 5296 5294 4721
f 4722 4724 4732
f 4722 4720 4724
f 5298 4732 4733
f 5298 5296 4732
f 4733 4731 4735
f 4733 4730 4731
f 5308 4735 4736
f 5308 5306 4735
f 4736 4738 4746
f 4736 4734 4738
f 5310 4746 4747
f 5310 5308 4746
f 4747 4745 4749
f 4747 4744 4745
f 5317 4749 4750
f 5317 5315 4749
f 4750 4752 4758
f 4750 4748 4752
f 5319 4758 4759
f 5319 5317 4758
f 5227 5242 5241
f 5227 5228 5242
f 5244 5243 5248
f 5244 5241 5243
f 5243 5335 5336
f 5243 5242 5335
f 5335 5331 5337
f 5335 5330 5331
f 5340 5337 5339
f 5340 5338 5337
f 5338 4776 5336
f 5338 4777 4776
f 5247 4776 4775
f 5247 5248 4776
f 4794 4775 4778
f 4794 4793 4775
f 4791 4642 4793
f 4791 4641 4642
f 5258 4641 4804
f 5258 4642 4641
f 4787 4777 4786
f 4787 4778 4777
f 4792 4787 4783
f 4792 4794 4787
f 5263 5264 5273
f 5263 5260 5264
f 5278 5276 5282
f 5278 5272 5276
f 5282 5277 5278
f 5282 5279 5277
f 5273 4804 4805
f 5273 5264 4804
f 4805 4645 4806
f 4805 4644 4645
f 4806 4653 4807
f 4806 4651 4653
f 4807 5282 5276
f 4807 4808 5282
f 5343 5280 5279
f 5343 5344 5280
f 5343 5284 5347
f 5343 5283 5284
f 5283 4808 4809
f 5283 5282 4808
f 4809 4657 4811
f 4809 4656 4657
f 5284 4810 4816
f 5284 4811 4810
f 5347 5351 5348
f 5347 5350 5351
f 5351 5356 5355
f 5351 5352 5356
f 4816 5353 5350
f 4816 4817 5353
f 4815 5285 4818
f 4815 4819 5285
f 4819 4675 4820
f 4819 4673 4675
f 4820 5363 5285
f 4820 4823 5363
f 5361 5352 5354
f 5361 5359 5352
f 5361 5364 5362
f 5361 5363 5364
f 5365 5368 5364
f 5365 5371 5368
f 5353 4818 5354
f 5353 4817 4818
f 4823 5286 5366
f 4823 4822 5286
f 4822 4679 4825
f 4822 4678 4679
f 5286 4824 4830
f 5286 4825 4824
f 5379 5372 5378
f 5379 5374 5372
f 5372 5365 5366
f 5372 5371 5365
f 5378 5381 5379
f 5378 5380 5381
f 5381 5386 5385
f 5381 5382 5386
f 4830 5383 5380
f 4830 4831 5383
f 4829 5287 4832
f 4829 4833 5287
f 4833 4700 4834
f 4833 4698 4700
f 4834 5396 5287
f 4834 4837 5396
f 5394 5382 5384
f 5394 5390 5382
f 5394 5397 5395
f 5394 5396 5397
f 5397 5402 5401
f 5397 5398 5402
f 5383 4832 5384
f 5383 4831 4832
f 5409 5289 5410
f 5409 5288 5289
f 4718 4707 4704
f 4718 4838 4707
f 4837 5288 5400
f 4837 4836 5288
f 4836 4707 4838
f 4836 4706 4707
f 4718 4840 4839
f 4718 4719 4840
f 4839 5295 5289
f 4839 4840 5295
f 5409 5398 5400
f 5409 5406 5398
f 5411 5412 5413
f 5411 5410 5412
f 5294 5292 5295
f 5294 5291 5292
f 5293 5412 5292
f 5293 5415 5412
f 5299 5291 5297
f 5299 5293 5291
f 5303 5301 5300
f 5303 5304 5301
f 5297 5307 5300
f 5297 5298 5307
f 5306 5303 5307
f 5306 5302 5303
f 5311 5302 5309
f 5311 5305 5302
f 5309 5316 5312
f 5309 5310 5316
f 5312 5424 5311
f 5312 5426 5424
f 5315 5314 5316
f 5315 5313 5314
f 5427 5313 5320
f 5427 5314 5313
f 5435 5318 5321
f 5435 5320 5318
f 5318 5323 5321
f 5318 5319 5323
f 4763 4759 4757
f 4763 4843 4759
f 5426 5432 5429
f 5426 5427 5432
f 5436 5437 5439
f 5436 5435 5437
f 5438 5325 5447
f 5438 5324 5325
f 5324 4843 4844
f 5324 5323 4843
f 4844 4764 4846
f 4844 4763 4764
f 5325 4845 4851
f 5325 4846 4845
f 5437 5443 5440
f 5437 5438 5443
f 5447 5450 5448
f 5447 5449 5450
f 5451 5453 5450
f 5451 5457 5453
f 4851 5451 5449
f 4851 4852 5451
f 5457 5462 5458
f 5457 5461 5462
f 4855 4852 4850
f 4855 5461 4852
f 4864 4855 4854
f 4864 5462 4855
f 5331 5341 5339
f 5331 5332 5341
f 5342 5482 5483
f 5342 5341 5482
f 4883 5340 5342
f 4883 4881 5340
f 5484 5480 5486
f 5484 5479 5480
f 5468 5469 5467
f 5468 5470 5469
f 5467 5482 5468
f 5467 5479 5482
f 5487 5484 5486
f 5487 5485 5484
f 4889 5487 4890
f 4889 5485 5487
f 4878 5485 4889
f 4878 4884 5485
f 5485 4883 5483
f 5485 4884 4883
f 4786 4882 4788
f 4786 4881 4882
f 4785 4882 4880
f 4785 4788 4882
f 5505 5460 5459
f 5505 5506 5460
f 5505 5458 5465
f 5505 5459 5458
f 5516 5466 5517
f 5516 5465 5466
f 4864 4891 4897
f 4864 4862 4891
f 5517 4897 4898
f 5517 5466 4897
f 5513 5516 5518
f 5513 5512 5516
f 5518 5521 5520
f 5518 5519 5521
f 5519 4896 4900
f 5519 4898 4896
f 5481 5476 5525
f 5481 5475 5476
f 5532 5525 5529
f 5532 5526 5525
f 5480 5527 5488
f 5480 5481 5527
f 5489 5527 5528
f 5489 5488 5527
f 4918 4890 4921
f 4918 4888 4890
f 5489 4918 4921
f 5489 4920 4918
f 5526 5537 5528
f 5526 5534 5537
f 4912 5538 4913
f 4912 5537 5538
f 4919 4912 4911
f 4919 4920 4912
f 5520 5546 5523
f 5520 5522 5546
f 5521 4931 5522
f 5521 4929 4931
f 4903 4900 4899
f 4903 4929 4900
f 5548 5551 5552
f 5548 5546 5551
f 5551 5556 5552
f 5551 5553 5556
f 5559 4931 4932
f 5559 5553 4931
f 5560 4938 4939
f 5560 5559 4938
f 4933 4932 4928
f 4933 4938 4932
f 5538 5535 5539
f 5538 5534 5535
f 5536 5562 5535
f 5536 5563 5562
f 5540 5562 5570
f 5540 5539 5562
f 4913 4925 4911
f 4913 4949 4925
f 4947 5540 4953
f 4947 4949 5540
f 5570 5568 5572
f 5570 5567 5568
f 5575 5572 5574
f 5575 5573 5572
f 4959 5575 4960
f 4959 5573 5575
f 4959 4947 4953
f 4959 4948 4947
f 5554 5591 5557
f 5554 5555 5591
f 5555 5556 5561
f 5555 5554 5556
f 5593 5596 5597
f 5593 5591 5596
f 5596 5602 5597
f 5596 5598 5602
f 4965 5560 4964
f 4965 5561 5560
f 4964 4937 4963
f 4964 4939 4937
f 5604 4965 4966
f 5604 5598 4965
f 5605 4970 4971
f 5605 5604 4970
f 4967 4966 4963
f 4967 4970 4966
f 5578 5580 5577
f 5578 5581 5580
f 5582 5574 5577
f 5582 5575 5574
f 4958 5575 4988
f 4958 4960 5575
f 5581 5607 5580
f 5581 5609 5607
f 4988 5583 4989
f 4988 5582 5583
f 4990 5583 5608
f 4990 4989 5583
f 5615 5618 5620
f 5615 5614 5618
f 5607 5615 5608
f 5607 5614 5615
f 5625 5619 5620
f 5625 5623 5619
f 4990 4991 4987
f 4990 4995 4991
f 4995 5003 4994
f 4995 5619 5003
f 5600 5587 5599
f 5600 5588 5587
f 5601 5602 5606
f 5601 5599 5602
f 5662 5601 5663
f 5662 5600 5601
f 5644 5643 5642
f 5644 5645 5643
f 5662 5642 5643
f 5662 5659 5642
f 5659 5660 5658
f 5659 5664 5660
f 5664 5023 5022
f 5664 5666 5023
f 5013 5666 5663
f 5013 5014 5666
f 5014 5018 5023
f 5014 5010 5018
f 5013 5605 5012
f 5013 5606 5605
f 5012 4969 5011
f 5012 4971 4969
f 5624 5632 5625
f 5624 5628 5632
f 5002 5623 5035
f 5002 5003 5623
f 5628 5634 5633
f 5628 5630 5634
f 5635 5668 5669
f 5635 5634 5668
f 5670 5636 5637
f 5670 5668 5636
f 5035 5633 5036
f 5035 5632 5633
f 5041 5036 5635
f 5041 5034 5036
f 5045 5041 5046
f 5045 5040 5041
f 5673 5046 5669
f 5673 5047 5046
f 5049 5047 5055
f 5049 5045 5047
f 5670 5677 5672
f 5670 5674 5677
f 5678 5680 5683
f 5678 5677 5680
f 5673 5678 5679
f 5673 5672 5678
f 5687 5684 5686
f 5687 5685 5684
f 5685 5693 5684
f 5685 5694 5693
f 5693 5682 5683
f 5693 5692 5682
f 5055 5682 5056
f 5055 5679 5682
f 5696 5699 5702
f 5696 5695 5699
f 5696 5697 5694
f 5696 5701 5697
f 5706 5703 5705
f 5706 5704 5703
f 5704 5712 5703
f 5704 5713 5712
f 5712 5701 5702
f 5712 5711 5701
f 5715 5718 5721
f 5715 5714 5718
f 5715 5716 5713
f 5715 5720 5716
f 5725 5722 5724
f 5725 5723 5722
f 5723 5731 5722
f 5723 5732 5731
f 5731 5720 5721
f 5731 5730 5720
f 5734 5737 5740
f 5734 5733 5737
f 5734 5735 5732
f 5734 5739 5735
f 5744 5741 5743
f 5744 5742 5741
f 5742 5750 5741
f 5742 5751 5750
f 5750 5739 5740
f 5750 5749 5739
f 5754 5758 5765
f 5754 5753 5758
f 5753 5756 5758
f 5753 5752 5756
f 5831 5827 5830
f 5831 5828 5827
f 5828 5843 5827
f 5828 5844 5843
f 5651 5653 5654
f 5651 5650 5653
f 5848 5651 5849
f 5848 5650 5651
f 5652 5661 5654
f 5652 5658 5661
f 5831 5829 5828
f 5831 5832 5829
f 5848 5828 5829
f 5848 5845 5828
f 5845 5846 5844
f 5845 5850 5846
f 5850 5135 5134
f 5850 5852 5135
f 5123 5852 5849
f 5123 5124 5852
f 5124 5130 5135
f 5124 5120 5130
f 5022 5005 5006
f 5022 5019 5005
f 5123 5660 5122
f 5123 5661 5660
f 5122 5005 5121
f 5122 5006 5005
f 5065 5054 5056
f 5065 5062 5054
f 5064 5692 5145
f 5064 5065 5692
f 5078 5068 5069
f 5078 5075 5068
f 5067 5697 5069
f 5067 5145 5697
f 5077 5711 5146
f 5077 5078 5711
f 5091 5081 5082
f 5091 5088 5081
f 5080 5716 5082
f 5080 5146 5716
f 5090 5730 5147
f 5090 5091 5730
f 5102 5094 5095
f 5102 5100 5094
f 5093 5735 5095
f 5093 5147 5735
f 5101 5749 5155
f 5101 5102 5749
f 5755 5754 5766
f 5755 5751 5754
f 5769 5771 5778
f 5769 5765 5771
f 5770 5778 5771
f 5770 5772 5778
f 5155 5766 5156
f 5155 5755 5766
f 5161 5156 5768
f 5161 5154 5156
f 5768 5169 5168
f 5768 5769 5169
f 5166 5161 5168
f 5166 5160 5161
f 5772 5785 5784
f 5772 5774 5785
f 5790 5794 5789
f 5790 5795 5794
f 5787 5788 5789
f 5787 5785 5788
f 5784 5171 5169
f 5784 5786 5171
f 5786 5190 5189
f 5786 5787 5190
f 5171 5175 5167
f 5171 5180 5175
f 5187 5180 5189
f 5187 5179 5180
f 5794 5807 5806
f 5794 5796 5807
f 5812 5817 5811
f 5812 5818 5817
f 5809 5810 5811
f 5809 5807 5810
f 5806 5192 5190
f 5806 5808 5192
f 5196 5808 5208
f 5196 5198 5808
f 5823 5208 5809
f 5823 5209 5208
f 5192 5193 5188
f 5192 5198 5193
f 5817 5840 5839
f 5817 5819 5840
f 5840 5816 5838
f 5840 5819 5816
f 5842 5843 5847
f 5842 5838 5843
f 5209 5839 5210
f 5209 5823 5839
f 5106 5210 5211
f 5106 5105 5210
f 5112 5211 5212
f 5112 5110 5211
f 5847 5212 5842
f 5847 5213 5212
f 5134 5115 5116
f 5134 5131 5115
f 5114 5846 5116
f 5114 5213 5846
f 5867 5871 5870
f 5867 5868 5871
f 5223 5867 5222
f 5223 5868 5867
f 5855 5887 5888
f 5855 5854 5887
f 5861 5859 5858
f 5861 5862 5859
f 5857 5856 5858
f 5857 5854 5856
f 5855 5231 5239
f 5855 5233 5231
f 5239 5866 5856
f 5239 5240 5866
f 5887 5889 5886
f 5887 5890 5889
f 5886 5897 5888
f 5886 5893 5897
f 5229 5898 5230
f 5229 5897 5898
f 5232 5229 5227
f 5232 5233 5229
f 5865 5861 5866
f 5865 5860 5861
f 5872 5860 5870
f 5872 5863 5860
f 5877 5874 5873
f 5877 5878 5874
f 5871 5877 5873
f 5871 5876 5877
f 5216 5222 5217
f 5216 5220 5222
f 5865 5215 5217
f 5865 5240 5215
f 5223 5224 5225
f 5223 5221 5224
f 5877 5881 5882
f 5877 5876 5881
f 5883 5877 5882
f 5883 5879 5877
f 5905 5884 5908
f 5905 5883 5884
f 5224 5881 5225
f 5224 5257 5881
f 5257 5266 5884
f 5257 5256 5266
f 5906 5909 5911
f 5906 5905 5909
f 5910 5913 5909
f 5910 5915 5913
f 5266 5269 5270
f 5266 5265 5269
f 5270 5910 5908
f 5270 5271 5910
f 5271 5277 5281
f 5271 5269 5277
f 5898 5894 5902
f 5898 5893 5894
f 5895 5928 5894
f 5895 5931 5928
f 5329 5902 5929
f 5329 5328 5902
f 5228 5328 5327
f 5228 5230 5328
f 5928 5930 5927
f 5928 5931 5930
f 5927 5940 5929
f 5927 5938 5940
f 5333 5941 5334
f 5333 5940 5941
f 5329 5330 5327
f 5329 5333 5330
f 5916 5920 5921
f 5916 5915 5920
f 5922 5916 5921
f 5922 5918 5916
f 5945 5923 5948
f 5945 5922 5923
f 5280 5920 5281
f 5280 5345 5920
f 5345 5349 5923
f 5345 5344 5349
f 5946 5949 5951
f 5946 5945 5949
f 5950 5953 5949
f 5950 5955 5953
f 5349 5355 5357
f 5349 5348 5355
f 5357 5950 5948
f 5357 5358 5950
f 5955 5961 5956
f 5955 5960 5961
f 5360 5358 5356
f 5360 5960 5358
f 5360 5362 5369
f 5360 5359 5362
f 5963 5369 5370
f 5963 5961 5369
f 5389 5386 5391
f 5389 5385 5386
f 5403 5393 5392
f 5403 5404 5393
f 5392 5395 5403
f 5392 5390 5395
f 5405 5402 5407
f 5405 5401 5402
f 5975 5980 5979
f 5975 5976 5980
f 5975 5407 5408
f 5975 5973 5407
f 5408 5411 5418
f 5408 5406 5411
f 5413 5976 5418
f 5413 5416 5976
f 5415 5925 5417
f 5415 5419 5925
f 5419 5301 5420
f 5419 5299 5301
f 5420 5989 5925
f 5420 5423 5989
f 5985 5990 5993
f 5985 5984 5990
f 5984 5977 5978
f 5984 5983 5977
f 5989 5994 5990
f 5989 5991 5994
f 5977 5417 5978
f 5977 5416 5417
f 5423 5926 5992
f 5423 5422 5926
f 5422 5305 5425
f 5422 5304 5305
f 5926 5424 5430
f 5926 5425 5424
f 6000 6006 6008
f 6000 5999 6006
f 5999 5991 5992
f 5999 5998 5991
f 6005 6009 6006
f 6005 6007 6009
f 5430 6007 6005
f 5430 5431 6007
f 6013 6019 6014
f 6013 6018 6019
f 5433 5431 5429
f 5433 6018 5431
f 5433 5436 5441
f 5433 5432 5436
f 6021 5441 5442
f 6021 6019 5441
f 5442 5440 5444
f 5442 5439 5440
f 5454 5446 5445
f 5454 5455 5446
f 5445 5448 5454
f 5445 5443 5448
f 5942 5935 5936
f 5942 5938 5935
f 6029 5936 5937
f 6029 6028 5936
f 6031 6029 6032
f 6031 6028 6029
f 6030 6041 6037
f 6030 6031 6041
f 6037 5472 6030
f 6037 5473 5472
f 5475 5473 5477
f 5475 5469 5473
f 5941 5472 5471
f 5941 5942 5472
f 5332 5471 5470
f 5332 5334 5471
f 5965 5956 5962
f 5965 5959 5956
f 5962 6049 5965
f 5962 5964 6049
f 5963 5493 5964
f 5963 5491 5493
f 5376 5370 5368
f 5376 5491 5370
f 6050 6054 6057
f 6050 6049 6054
f 6055 6058 6054
f 6055 6061 6058
f 5388 5377 5374
f 5388 5494 5377
f 5493 5966 6056
f 5493 5492 5966
f 5492 5377 5494
f 5492 5376 5377
f 5388 5496 5495
f 5388 5389 5496
f 5495 6068 5966
f 5495 5498 6068
f 6063 6069 6072
f 6063 6062 6069
f 6062 6055 6056
f 6062 6061 6055
f 6068 6073 6069
f 6068 6070 6073
f 6080 5968 6081
f 6080 5967 5968
f 5497 5391 5393
f 5497 5496 5391
f 5498 5967 6071
f 5498 5497 5967
f 5404 5501 5500
f 5404 5405 5501
f 5500 5974 5968
f 5500 5501 5974
f 6078 6082 6087
f 6078 6077 6082
f 6077 6070 6071
f 6077 6076 6070
f 6080 6084 6082
f 6080 6081 6084
f 6085 6084 6083
f 6085 6089 6084
f 5973 5971 5974
f 5973 5970 5971
f 5972 6083 5971
f 5972 6086 6083
f 5981 5970 5979
f 5981 5972 5970
f 5980 5986 5982
f 5980 5983 5986
f 5982 6096 5981
f 5982 6099 6096
f 5987 6099 5986
f 5987 6102 6099
f 5995 5985 5993
f 5995 5987 5985
f 6001 5997 5996
f 6001 6002 5997
f 5994 6001 5996
f 5994 5998 6001
f 6010 6000 6008
f 6010 6003 6000
f 6015 6012 6011
f 6015 6016 6012
f 6009 6015 6011
f 6009 6013 6015
f 6022 6014 6020
f 6022 6017 6014
f 6020 6025 6023
f 6020 6021 6025
f 6023 6129 6022
f 6023 6132 6129
f 6133 6027 6144
f 6133 6026 6027
f 5503 5444 5446
f 5503 5502 5444
f 6026 5502 5503
f 6026 6025 5502
f 5455 5508 5507
f 5455 5456 5508
f 5460 5456 5453
f 5460 5508 5456
f 5507 6145 6027
f 5507 5510 6145
f 6132 6139 6135
f 6132 6133 6139
f 6140 6144 6146
f 6140 6139 6144
f 6145 6149 6146
f 6145 6147 6149
f 6154 5510 5511
f 6154 6147 5510
f 6155 5514 5515
f 6155 6154 5514
f 5512 5511 5506
f 5512 5514 5511
f 6039 6041 6042
f 6039 6038 6041
f 6158 6042 6043
f 6158 6157 6042
f 5476 6038 5530
f 5476 5477 6038
f 5530 6159 5531
f 5530 6039 6159
f 6160 6158 6161
f 6160 6157 6158
f 6159 6169 6166
f 6159 6160 6169
f 5529 6166 5533
f 5529 5531 6166
f 6074 6063 6072
f 6074 6066 6063
f 6073 6079 6075
f 6073 6076 6079
f 6075 6184 6074
f 6075 6187 6184
f 6187 6191 6190
f 6187 6188 6191
f 6189 6078 6088
f 6189 6079 6078
f 6089 6205 6091
f 6089 6092 6205
f 6203 6087 6091
f 6203 6088 6087
f 6204 6197 6202
f 6204 6199 6197
f 6202 6188 6189
f 6202 6197 6188
f 6204 6205 6206
f 6204 6203 6205
f 6149 6153 6151
f 6149 6152 6153
f 6151 6240 6150
f 6151 6245 6240
f 6241 6245 6246
f 6241 6240 6245
f 6247 6252 6246
f 6247 6254 6252
f 6153 6155 6156
f 6153 6152 6155
f 5523 5515 5513
f 5523 5549 5515
f 6156 5542 6249
f 6156 5541 5542
f 5541 5550 5542
f 5541 5549 5550
f 6255 6247 6249
f 6255 6254 6247
f 6256 5544 5545
f 6256 6255 5544
f 5544 5548 5543
f 5544 5550 5548
f 6168 6173 6169
f 6168 6170 6173
f 5533 5536 5532
f 5533 5564 5536
f 6171 6258 6170
f 6171 6260 6258
f 5564 6174 5565
f 5564 6173 6174
f 5566 6174 6259
f 5566 5565 6174
f 6268 6265 6269
f 6268 6264 6265
f 6258 6264 6259
f 6258 6263 6264
f 5566 5567 5563
f 5566 5569 5567
f 5569 5579 5568
f 5569 6268 5579
f 6192 6200 6288
f 6192 6191 6200
f 6201 6288 6200
f 6201 6291 6288
f 6250 6354 6253
f 6250 6251 6354
f 6251 6252 6257
f 6251 6250 6252
f 6356 6359 6360
f 6356 6354 6359
f 6359 6365 6360
f 6359 6361 6365
f 5557 5545 5543
f 5557 5594 5545
f 5585 6256 5584
f 5585 6257 6256
f 5584 5595 5586
f 5584 5594 5595
f 6367 5585 5586
f 6367 6361 5585
f 6368 5589 5590
f 6368 6367 5589
f 5589 5593 5587
f 5589 5595 5593
f 6370 6269 6272
f 6370 6271 6269
f 5578 6270 5610
f 5578 5579 6270
f 5612 6270 6271
f 5612 5610 6270
f 6373 6371 6376
f 6373 6370 6371
f 6377 6373 6376
f 6377 6374 6373
f 6386 6383 6387
f 6386 6382 6383
f 6375 6382 6385
f 6375 6374 6382
f 5612 6385 5613
f 5612 6375 6385
f 5613 5614 5609
f 5613 5616 5614
f 5618 5616 5626
f 5618 5614 5616
f 5626 6388 5627
f 5626 6386 6388
f 6432 6441 6434
f 6432 6433 6441
f 6451 6457 6462
f 6451 6450 6457
f 6432 6449 6433
f 6432 6435 6449
f 6450 6454 6457
f 6450 6449 6454
f 6454 6458 6459
f 6454 6453 6458
f 6460 6467 6459
f 6460 6468 6467
f 6461 6296 6297
f 6461 6458 6296
f 6475 6309 6310
f 6475 6473 6309
f 6470 6474 6479
f 6470 6469 6474
f 6472 6460 6461
f 6472 6469 6460
f 6472 6476 6474
f 6472 6473 6476
f 6477 6484 6476
f 6477 6485 6484
f 6488 6493 6503
f 6488 6487 6493
f 6475 6486 6477
f 6475 6478 6486
f 6487 6490 6493
f 6487 6486 6490
f 6569 6573 6574
f 6569 6568 6573
f 6575 6582 6574
f 6575 6583 6582
f 6576 6349 6350
f 6576 6573 6349
f 6363 6348 6362
f 6363 6350 6348
f 6364 6365 6369
f 6364 6362 6365
f 6587 6364 6588
f 6587 6363 6364
f 6587 6575 6576
f 6587 6584 6575
f 6584 6585 6583
f 6584 6589 6585
f 6589 5657 5656
f 6589 6591 5657
f 5647 6591 6588
f 5647 5648 6591
f 5648 5652 5657
f 5648 5644 5652
f 5647 6368 5646
f 5647 6369 6368
f 5646 5588 5645
f 5646 5590 5588
f 6391 6394 6390
f 6391 6395 6394
f 6399 6387 6390
f 6399 6388 6387
f 5627 5629 5624
f 5627 5667 5629
f 6394 6398 6399
f 6394 6393 6398
f 6393 6403 6401
f 6393 6396 6403
f 6405 6407 6404
f 6405 6408 6407
f 6411 6401 6404
f 6411 6402 6401
f 5638 5630 5631
f 5638 5636 5630
f 5629 6398 5631
f 5629 5667 6398
f 5637 6402 5675
f 5637 5638 6402
f 6407 6415 6414
f 6407 6409 6415
f 6420 6423 6419
f 6420 6424 6423
f 6417 6418 6419
f 6417 6415 6418
f 5675 6414 5676
f 5675 6411 6414
f 5681 5676 6416
f 5681 5674 5676
f 6416 5689 5688
f 6416 6417 5689
f 5686 5681 5688
f 5686 5680 5681
f 6423 6438 6437
f 6423 6425 6438
f 6440 6442 6443
f 6440 6438 6442
f 6441 6452 6443
f 6441 6448 6452
f 6437 5691 5689
f 6437 6439 5691
f 6439 5708 5707
f 6439 6440 5708
f 5691 5695 5687
f 5691 5700 5695
f 5705 5700 5707
f 5705 5699 5700
f 6452 6451 6463
f 6452 6448 6451
f 6466 6467 6471
f 6466 6462 6467
f 6463 5710 5708
f 6463 6465 5710
f 6465 5727 5726
f 6465 6466 5727
f 5710 5714 5706
f 5710 5719 5714
f 5724 5719 5726
f 5724 5718 5719
f 6471 6470 6480
f 6471 6468 6470
f 6483 6484 6489
f 6483 6479 6484
f 6480 5729 5727
f 6480 6482 5729
f 6482 5746 5745
f 6482 6483 5746
f 5729 5733 5725
f 5729 5738 5733
f 5743 5738 5745
f 5743 5737 5738
f 6489 6488 6504
f 6489 6485 6488
f 6507 6509 6516
f 6507 6503 6509
f 6508 6516 6509
f 6508 6510 6516
f 6504 5748 5746
f 6504 6506 5748
f 6506 5762 5761
f 6506 6507 5762
f 5748 5752 5744
f 5748 5757 5752
f 5760 5757 5761
f 5760 5756 5757
f 5770 5763 5775
f 5770 5760 5763
f 6510 6526 6525
f 6510 6512 6526
f 6531 6535 6530
f 6531 6536 6535
f 6528 6529 6530
f 6528 6526 6529
f 6525 5764 5762
f 6525 6527 5764
f 6527 5781 5780
f 6527 6528 5781
f 5763 5776 5775
f 5763 5764 5776
f 5791 5777 5776
f 5791 5792 5777
f 5780 5793 5791
f 5780 5782 5793
f 6535 6551 6550
f 6535 6537 6551
f 6556 6561 6555
f 6556 6562 6561
f 6553 6554 6555
f 6553 6551 6554
f 6550 5783 5781
f 6550 6552 5783
f 6552 5803 5802
f 6552 6553 5803
f 5782 5798 5797
f 5782 5783 5798
f 5813 5799 5798
f 5813 5814 5799
f 5802 5815 5813
f 5802 5804 5815
f 6561 6579 6578
f 6561 6563 6579
f 6579 6560 6577
f 6579 6563 6560
f 6581 6582 6586
f 6581 6577 6582
f 6578 5805 5803
f 6578 6580 5805
f 6580 5835 5834
f 6580 6581 5835
f 5804 5821 5820
f 5804 5805 5821
f 5821 5824 5816
f 5821 5825 5824
f 5830 5825 5834
f 5830 5824 5825
f 5656 5640 5641
f 5656 5653 5640
f 5835 6585 5833
f 5835 6586 6585
f 5833 5640 5832
f 5833 5641 5640
f 5792 5774 5777
f 5792 5788 5774
f 5795 5793 5797
f 5795 5790 5793
f 5814 5796 5799
f 5814 5810 5796
f 5818 5815 5820
f 5818 5812 5815
f 6620 6595 6621
f 6620 6594 6595
f 5890 6594 5891
f 5890 5899 6594
f 5899 5859 5900
f 5899 5857 5859
f 5900 6601 6595
f 5900 5901 6601
f 6622 6614 6620
f 6622 6616 6614
f 6619 6614 6615
f 6619 6618 6614
f 6622 6623 6624
f 6622 6621 6623
f 5891 5896 5889
f 5891 6618 5896
f 6600 6598 6601
f 6600 6597 6598
f 6599 6623 6598
f 6599 6626 6623
f 6605 6597 6603
f 6605 6599 6597
f 6608 6607 6606
f 6608 6609 6607
f 6603 6610 6606
f 6603 6604 6610
f 5863 5875 5864
f 5863 5872 5875
f 6600 5862 5864
f 6600 5901 5862
f 6604 5874 5903
f 6604 5875 5874
f 6633 6609 6608
f 6633 6634 6609
f 6633 6612 6642
f 6633 6611 6612
f 6611 5903 5904
f 6611 6610 5903
f 5904 5879 5907
f 5904 5878 5879
f 6612 5906 5912
f 6612 5907 5906
f 6642 6646 6643
f 6642 6644 6646
f 6650 6644 6645
f 6650 6646 6644
f 6645 5911 5914
f 6645 5912 5911
f 6615 6658 6629
f 6615 6617 6658
f 6619 5895 5896
f 6619 5932 5895
f 5933 6629 6659
f 5933 5932 6629
f 6658 6663 6659
f 6658 6662 6663
f 6670 6663 6664
f 6670 6669 6663
f 5933 5939 5930
f 5933 6669 5939
f 6655 6649 6650
f 6655 6653 6649
f 5917 5914 5913
f 5917 5943 5914
f 6674 6654 6653
f 6674 6675 6654
f 6674 6657 6683
f 6674 6656 6657
f 6656 5943 5944
f 6656 6655 5943
f 5944 5918 5947
f 5944 5917 5918
f 6657 5946 5952
f 6657 5947 5946
f 6681 6683 6685
f 6681 6680 6683
f 6685 6688 6687
f 6685 6686 6688
f 6686 5951 5954
f 6686 5952 5951
f 6034 5935 5939
f 6034 5937 5935
f 6695 6706 6696
f 6695 6705 6706
f 6032 6703 6044
f 6032 6036 6703
f 6036 6696 6703
f 6036 6035 6696
f 6664 6697 6673
f 6664 6666 6697
f 6670 6035 6034
f 6670 6673 6035
f 6697 6699 6695
f 6697 6700 6699
f 6687 6693 6690
f 6687 6688 6693
f 6690 6712 6689
f 6690 6713 6712
f 5958 5954 5953
f 5958 6045 5954
f 6694 6045 6046
f 6694 6693 6045
f 6694 6047 6715
f 6694 6046 6047
f 6046 5959 6051
f 6046 5958 5959
f 6046 6052 6047
f 6046 6051 6052
f 6723 6728 6729
f 6723 6722 6728
f 6713 6721 6717
f 6713 6714 6721
f 6722 6714 6715
f 6722 6721 6714
f 6730 6059 6060
f 6730 6728 6059
f 6052 6057 6059
f 6052 6050 6057
f 6086 6094 6085
f 6086 6098 6094
f 6103 6095 6094
f 6103 6104 6095
f 6098 6100 6103
f 6098 6096 6100
f 6105 6101 6106
f 6105 6100 6101
f 6108 5997 6110
f 6108 5995 5997
f 6109 6110 6113
f 6109 6108 6110
f 6735 6742 6738
f 6735 6736 6742
f 6735 6106 6107
f 6735 6734 6106
f 6102 6107 6101
f 6102 6109 6107
f 6113 6737 6736
f 6113 6114 6737
f 6112 6003 6118
f 6112 6002 6003
f 6112 6119 6115
f 6112 6118 6119
f 6118 6012 6120
f 6118 6010 6012
f 6119 6120 6123
f 6119 6118 6120
f 6743 6747 6744
f 6743 6745 6747
f 6747 6754 6750
f 6747 6748 6754
f 6745 6114 6115
f 6745 6737 6114
f 6123 6749 6748
f 6123 6124 6749
f 6122 6017 6130
f 6122 6016 6017
f 6122 6131 6125
f 6122 6130 6131
f 6756 6124 6125
f 6756 6749 6124
f 6757 6127 6128
f 6757 6756 6127
f 6136 6128 6127
f 6136 6137 6128
f 6131 6134 6136
f 6131 6129 6134
f 6138 6135 6141
f 6138 6134 6135
f 6705 6710 6706
f 6705 6707 6710
f 6043 6704 6162
f 6043 6044 6704
f 6704 6163 6162
f 6704 6710 6163
f 6168 6165 6172
f 6168 6161 6165
f 6708 6761 6707
f 6708 6764 6761
f 6761 6763 6760
f 6761 6764 6763
f 6760 6772 6762
f 6760 6768 6772
f 6772 6163 6762
f 6772 6165 6163
f 6731 6723 6729
f 6731 6724 6723
f 6784 6732 6785
f 6784 6731 6732
f 6730 6177 6732
f 6730 6175 6177
f 6065 6060 6058
f 6065 6175 6060
f 6780 6784 6786
f 6780 6779 6784
f 6786 6789 6788
f 6786 6787 6789
f 6177 6787 6785
f 6177 6178 6787
f 6176 6066 6185
f 6176 6065 6066
f 6176 6186 6179
f 6176 6185 6186
f 6178 6182 6181
f 6178 6179 6182
f 6193 6183 6182
f 6193 6194 6183
f 6186 6190 6193
f 6186 6184 6190
f 6212 6207 6214
f 6212 6206 6207
f 6092 6217 6208
f 6092 6095 6217
f 6104 6220 6219
f 6104 6105 6220
f 6218 6219 6221
f 6218 6217 6219
f 6208 6215 6207
f 6208 6218 6215
f 6223 6216 6215
f 6223 6224 6216
f 6223 6795 6224
f 6223 6792 6795
f 6221 6793 6792
f 6221 6222 6793
f 6739 6801 6794
f 6739 6740 6801
f 6741 6742 6746
f 6741 6738 6742
f 6801 6741 6802
f 6801 6740 6741
f 6734 6222 6220
f 6734 6739 6222
f 6799 6803 6806
f 6799 6798 6803
f 6798 6793 6794
f 6798 6797 6793
f 6802 6810 6803
f 6802 6804 6810
f 6746 6744 6751
f 6746 6743 6744
f 6751 6815 6805
f 6751 6752 6815
f 6753 6754 6758
f 6753 6750 6754
f 6815 6753 6816
f 6815 6752 6753
f 6813 6817 6820
f 6813 6812 6817
f 6812 6804 6805
f 6812 6811 6804
f 6816 6824 6817
f 6816 6818 6824
f 6227 6757 6226
f 6227 6758 6757
f 6227 6759 6819
f 6227 6226 6759
f 6137 6230 6229
f 6137 6138 6230
f 6229 6830 6759
f 6229 6232 6830
f 6827 6831 6833
f 6827 6826 6831
f 6826 6818 6819
f 6826 6825 6818
f 6831 6834 6833
f 6831 6832 6834
f 6232 6832 6830
f 6232 6233 6832
f 6150 6143 6140
f 6150 6242 6143
f 6231 6141 6143
f 6231 6230 6141
f 6231 6243 6234
f 6231 6242 6243
f 6233 6238 6237
f 6233 6234 6238
f 6238 6241 6236
f 6238 6243 6241
f 6773 6769 6774
f 6773 6768 6769
f 6770 6839 6769
f 6770 6841 6839
f 6773 6171 6172
f 6773 6261 6171
f 6262 6774 6840
f 6262 6261 6774
f 6848 6845 6850
f 6848 6844 6845
f 6839 6844 6840
f 6839 6843 6844
f 6262 6263 6260
f 6262 6266 6263
f 6266 6273 6265
f 6266 6848 6273
f 6790 6780 6788
f 6790 6781 6780
f 6867 6791 6868
f 6867 6790 6791
f 6789 6276 6791
f 6789 6274 6276
f 6863 6867 6869
f 6863 6862 6867
f 6869 6872 6871
f 6869 6870 6872
f 6276 6870 6868
f 6276 6277 6870
f 6275 6181 6183
f 6275 6274 6181
f 6275 6287 6278
f 6275 6286 6287
f 6194 6285 6286
f 6194 6192 6285
f 6277 6283 6282
f 6277 6278 6283
f 6293 6284 6283
f 6293 6294 6284
f 6287 6289 6293
f 6287 6285 6289
f 6295 6290 6298
f 6295 6289 6290
f 6211 6201 6199
f 6211 6302 6201
f 6211 6301 6302
f 6211 6209 6301
f 6213 6212 6214
f 6213 6209 6212
f 6291 6299 6290
f 6291 6303 6299
f 6311 6300 6299
f 6311 6312 6300
f 6303 6305 6311
f 6303 6301 6305
f 6313 6306 6315
f 6313 6305 6306
f 6213 6318 6307
f 6213 6216 6318
f 6319 6320 6321
f 6319 6318 6320
f 6795 6322 6320
f 6795 6800 6322
f 6307 6316 6306
f 6307 6319 6316
f 6324 6317 6316
f 6324 6325 6317
f 6321 6326 6324
f 6321 6323 6326
f 6800 6799 6807
f 6800 6797 6799
f 6807 6879 6876
f 6807 6808 6879
f 6809 6810 6814
f 6809 6806 6810
f 6879 6809 6880
f 6879 6808 6809
f 6886 6881 6882
f 6886 6885 6881
f 6880 6886 6882
f 6880 6883 6886
f 6878 6322 6876
f 6878 6323 6322
f 6327 6881 6328
f 6327 6878 6881
f 6814 6813 6821
f 6814 6811 6813
f 6821 6891 6884
f 6821 6822 6891
f 6823 6824 6828
f 6823 6820 6824
f 6891 6823 6892
f 6891 6822 6823
f 6888 6883 6884
f 6888 6887 6883
f 6888 6889 6887
f 6888 6893 6889
f 6897 6893 6894
f 6897 6896 6893
f 6892 6897 6894
f 6892 6895 6897
f 6828 6827 6835
f 6828 6825 6827
f 6835 6333 6332
f 6835 6837 6333
f 6834 6341 6838
f 6834 6338 6341
f 6837 6341 6340
f 6837 6838 6341
f 6899 6332 6333
f 6899 6895 6332
f 6900 6335 6336
f 6900 6899 6335
f 6345 6336 6335
f 6345 6346 6336
f 6340 6347 6345
f 6340 6342 6347
f 6253 6239 6236
f 6253 6357 6239
f 6339 6237 6239
f 6339 6338 6237
f 6339 6358 6343
f 6339 6357 6358
f 6342 6352 6351
f 6342 6343 6352
f 6352 6356 6348
f 6352 6358 6356
f 6902 6850 6853
f 6902 6852 6850
f 6904 6853 6854
f 6904 6902 6853
f 6371 6273 6378
f 6371 6272 6273
f 6378 6903 6379
f 6378 6852 6903
f 6907 6379 6903
f 6907 6380 6379
f 6904 6912 6906
f 6904 6908 6912
f 6913 6916 6918
f 6913 6912 6916
f 6907 6913 6915
f 6907 6906 6913
f 6923 6917 6918
f 6923 6921 6917
f 6380 6384 6377
f 6380 6915 6384
f 6384 6392 6383
f 6384 6917 6392
f 6946 6949 6952
f 6946 6945 6949
f 6946 6947 6944
f 6946 6951 6947
f 6960 6954 6959
f 6960 6955 6954
f 6954 6953 6952
f 6954 6956 6953
f 6951 6422 6421
f 6951 6953 6422
f 6873 6863 6871
f 6873 6864 6863
f 6957 6874 6958
f 6957 6873 6874
f 6872 6279 6436
f 6872 6280 6279
f 6430 6874 6436
f 6430 6431 6874
f 6281 6280 6282
f 6281 6279 6280
f 6960 6957 6955
f 6960 6961 6957
f 6413 6956 6958
f 6413 6412 6956
f 6412 6427 6426
f 6412 6413 6427
f 6445 6428 6427
f 6445 6446 6428
f 6431 6434 6445
f 6431 6430 6434
f 6281 6455 6435
f 6281 6284 6455
f 6294 6453 6455
f 6294 6292 6453
f 6296 6295 6298
f 6296 6292 6295
f 6312 6297 6300
f 6312 6309 6297
f 6314 6313 6315
f 6314 6310 6313
f 6314 6491 6478
f 6314 6317 6491
f 6325 6497 6496
f 6325 6326 6497
f 6492 6496 6499
f 6492 6491 6496
f 6495 6492 6499
f 6495 6490 6492
f 6508 6501 6513
f 6508 6495 6501
f 6498 6327 6328
f 6498 6497 6327
f 6498 6518 6502
f 6498 6517 6518
f 6518 6519 6521
f 6518 6517 6519
f 6885 6522 6519
f 6885 6890 6522
f 6501 6514 6513
f 6501 6502 6514
f 6532 6515 6514
f 6532 6533 6515
f 6521 6534 6532
f 6521 6523 6534
f 6522 6889 6520
f 6522 6890 6889
f 6520 6543 6524
f 6520 6542 6543
f 6543 6544 6546
f 6543 6542 6544
f 6896 6547 6544
f 6896 6901 6547
f 6523 6539 6538
f 6523 6524 6539
f 6557 6540 6539
f 6557 6558 6540
f 6546 6559 6557
f 6546 6548 6559
f 6547 6900 6545
f 6547 6901 6900
f 6545 6571 6549
f 6545 6570 6571
f 6346 6568 6570
f 6346 6344 6568
f 6349 6347 6351
f 6349 6344 6347
f 6548 6565 6564
f 6548 6549 6565
f 6565 6569 6560
f 6565 6571 6569
f 6922 6931 6923
f 6922 6927 6931
f 6391 6921 6592
f 6391 6392 6921
f 6927 6930 6931
f 6927 6926 6930
f 6926 6940 6937
f 6926 6929 6940
f 6948 6937 6941
f 6948 6938 6937
f 6939 6948 6941
f 6939 6944 6948
f 6406 6396 6397
f 6406 6403 6396
f 6395 6930 6397
f 6395 6592 6930
f 6405 6938 6593
f 6405 6406 6938
f 6421 6409 6410
f 6421 6418 6409
f 6408 6947 6410
f 6408 6593 6947
f 6424 6422 6426
f 6424 6420 6422
f 6446 6425 6428
f 6446 6442 6425
f 6533 6512 6515
f 6533 6529 6512
f 6536 6534 6538
f 6536 6531 6534
f 6558 6537 6540
f 6558 6554 6537
f 6562 6559 6564
f 6562 6556 6559
f 6630 6975 6631
f 6630 6972 6975
f 6624 6972 6630
f 6624 6627 6972
f 6626 6971 6628
f 6626 6632 6971
f 6632 6607 6635
f 6632 6605 6607
f 6635 6988 6971
f 6635 6638 6988
f 6987 6981 6986
f 6987 6983 6981
f 6981 6973 6974
f 6981 6980 6973
f 6986 6989 6987
f 6986 6988 6989
f 6989 6993 6992
f 6989 6990 6993
f 6973 6628 6974
f 6973 6627 6628
f 6999 7004 7005
f 6999 6998 7004
f 6998 6991 7003
f 6998 6990 6991
f 7003 6638 6639
f 7003 6991 6638
f 6640 6639 6634
f 6640 6641 6639
f 6641 6643 6651
f 6641 6640 6643
f 7006 6651 6652
f 7006 7004 6651
f 6977 6978 6979
f 6977 6975 6978
f 7016 6977 7017
f 7016 6976 6977
f 6978 6984 6979
f 6978 6980 6984
f 6631 6617 6616
f 6631 6671 6617
f 6660 6976 6661
f 6660 6671 6976
f 7018 7010 7016
f 7018 7012 7010
f 7015 7010 7011
f 7015 7014 7010
f 7018 7019 7020
f 7018 7017 7019
f 6667 7015 6668
f 6667 7014 7015
f 6661 6662 6660
f 6661 6667 6662
f 6985 7019 6984
f 6985 7022 7019
f 7005 7033 7008
f 7005 7007 7033
f 7006 6678 7007
f 7006 6676 6678
f 6654 6652 6649
f 6654 6676 6652
f 7034 7037 7040
f 7034 7033 7037
f 7037 7041 7040
f 7037 7038 7041
f 7046 7049 7050
f 7046 7045 7049
f 7045 7039 7048
f 7045 7038 7039
f 7048 6678 6679
f 7048 7039 6678
f 6680 6679 6675
f 6680 6682 6679
f 6691 6682 6681
f 6691 7049 6682
f 7011 7056 7025
f 7011 7013 7056
f 6702 7025 7057
f 6702 6701 7025
f 6666 6701 6700
f 6666 6668 6701
f 7056 7058 7055
f 7056 7059 7058
f 7055 7066 7057
f 7055 7062 7066
f 6702 6709 6699
f 6702 7066 6709
f 7050 7071 7053
f 7050 7052 7071
f 6691 6712 6718
f 6691 6689 6712
f 7073 6718 6719
f 7073 7052 6718
f 7072 7074 7076
f 7072 7071 7074
f 7075 7079 7074
f 7075 7081 7079
f 6719 7075 7073
f 6719 6720 7075
f 7085 6725 6726
f 7085 7084 6725
f 6725 6720 6717
f 6725 7084 6720
f 7067 7063 7070
f 7067 7062 7063
f 7064 7088 7063
f 7064 7091 7088
f 7067 6708 6709
f 7067 6765 6708
f 6766 7070 7089
f 6766 6765 7070
f 7088 7090 7087
f 7088 7091 7090
f 7087 7100 7089
f 7087 7095 7100
f 6766 6771 6763
f 6766 7100 6771
f 7082 7085 7086
f 7082 7081 7085
f 7106 7083 7082
f 7106 7108 7083
f 7086 6778 7107
f 7086 6777 6778
f 6777 6724 6776
f 6777 6726 6724
f 7114 7106 7107
f 7114 7113 7106
f 7114 7119 7115
f 7114 7118 7119
f 7119 6782 6783
f 7119 7118 6782
f 6779 6778 6776
f 6779 6782 6778
f 7101 7096 7102
f 7101 7095 7096
f 7096 7103 7102
f 7096 7098 7103
f 7104 7125 7128
f 7104 7103 7125
f 7101 6770 6771
f 7101 6842 6770
f 6847 6842 7104
f 6847 6841 6842
f 7130 7126 7131
f 7130 7125 7126
f 7128 7136 7129
f 7128 7130 7136
f 6843 6855 6845
f 6843 6847 6855
f 6855 7134 6856
f 6855 7129 7134
f 7116 7121 7122
f 7116 7115 7121
f 7157 7120 7143
f 7157 7121 7120
f 7120 6861 7143
f 7120 6860 6861
f 6860 6781 6859
f 6860 6783 6781
f 7149 7160 7157
f 7149 7151 7160
f 7149 7155 7150
f 7149 7154 7155
f 7155 6865 6866
f 7155 7154 6865
f 6862 6861 6859
f 6862 6865 6861
f 7135 7140 7136
f 7135 7137 7140
f 6854 7134 6909
f 6854 6856 7134
f 7138 7168 7137
f 7138 7170 7168
f 6909 7141 6910
f 6909 7140 7141
f 6911 7141 7169
f 6911 6910 7141
f 7178 7175 7179
f 7178 7174 7175
f 7168 7174 7169
f 7168 7173 7174
f 6911 6912 6908
f 6911 6914 6912
f 6916 6914 6924
f 6916 6912 6914
f 6924 7180 6925
f 6924 7178 7180
f 7200 7187 7188
f 7200 7199 7187
f 6935 6939 6943
f 6935 6934 6939
f 7189 7145 7190
f 7189 7144 7145
f 7146 7147 7148
f 7146 7144 7147
f 7204 7148 7147
f 7204 7206 7148
f 7145 6964 6963
f 7145 7146 6964
f 7191 7189 7187
f 7191 7192 7189
f 6936 7188 7190
f 6936 6935 7188
f 6936 6945 6934
f 6936 6950 6945
f 6959 6950 6963
f 6959 6949 6950
f 7152 7155 7156
f 7152 7150 7155
f 7206 7153 7152
f 7206 7209 7153
f 6964 7155 6962
f 6964 7156 7155
f 6962 6864 6961
f 6962 6866 6864
f 7185 7179 7182
f 7185 7180 7179
f 7217 7182 7181
f 7217 7218 7182
f 6925 6928 6922
f 6925 6967 6928
f 7224 7218 7221
f 7224 7219 7218
f 7197 7220 7233
f 7197 7196 7220
f 7236 7199 7201
f 7236 7202 7199
f 7200 7198 7201
f 7200 7195 7198
f 7198 7233 7234
f 7198 7197 7233
f 6967 7196 6968
f 6967 7185 7196
f 6929 6968 6969
f 6929 6928 6968
f 6942 6969 6970
f 6942 6940 6969
f 7195 6942 6970
f 7195 6943 6942
f 7228 7235 7233
f 7228 7230 7235
f 7219 7233 7220
f 7219 7228 7233
f 7236 7235 7237
f 7236 7234 7235
f 7231 7225 7248
f 7231 7224 7225
f 7248 7232 7231
f 7248 7251 7232
f 6996 6993 7000
f 6996 6992 6993
f 7026 7287 7027
f 7026 7284 7287
f 7020 7284 7026
f 7020 7023 7284
f 6995 6985 6983
f 6995 7028 6985
f 7022 7282 7024
f 7022 7028 7282
f 6995 7030 7029
f 6995 6996 7030
f 7029 7297 7282
f 7029 7032 7297
f 7294 7298 7301
f 7294 7293 7298
f 7293 7285 7286
f 7293 7292 7285
f 7297 7303 7298
f 7297 7299 7303
f 7285 7024 7286
f 7285 7023 7024
f 7008 7002 6999
f 7008 7035 7002
f 7031 7000 7002
f 7031 7030 7000
f 7032 7283 7300
f 7032 7031 7283
f 7283 7034 7042
f 7283 7035 7034
f 7307 7311 7313
f 7307 7306 7311
f 7306 7299 7300
f 7306 7305 7299
f 7310 7315 7311
f 7310 7312 7315
f 7042 7312 7310
f 7042 7043 7312
f 7317 7321 7318
f 7317 7320 7321
f 7047 7043 7041
f 7047 7320 7043
f 7054 7047 7046
f 7054 7321 7047
f 7289 7290 7291
f 7289 7287 7290
f 7331 7289 7332
f 7331 7288 7289
f 7290 7295 7291
f 7290 7292 7295
f 7027 7013 7012
f 7027 7068 7013
f 7059 7288 7060
f 7059 7068 7288
f 7328 7333 7338
f 7328 7327 7333
f 7330 7327 7328
f 7330 7329 7327
f 7331 7335 7333
f 7331 7332 7335
f 7337 7335 7334
f 7337 7341 7335
f 7060 7065 7058
f 7060 7329 7065
f 7336 7294 7302
f 7336 7295 7294
f 7350 7301 7304
f 7350 7302 7301
f 7303 7308 7304
f 7303 7305 7308
f 7334 7344 7337
f 7334 7336 7344
f 7351 7352 7354
f 7351 7350 7352
f 7353 7307 7314
f 7353 7308 7307
f 7366 7313 7316
f 7366 7314 7313
f 7315 7319 7316
f 7315 7317 7319
f 7352 7360 7355
f 7352 7353 7360
f 7367 7368 7371
f 7367 7366 7368
f 7368 7372 7371
f 7368 7369 7372
f 7370 7318 7324
f 7370 7319 7318
f 7381 7325 7382
f 7381 7324 7325
f 7054 7072 7077
f 7054 7053 7072
f 7382 7077 7078
f 7382 7325 7077
f 7379 7383 7385
f 7379 7378 7383
f 7381 7369 7370
f 7381 7378 7369
f 7383 7386 7385
f 7383 7384 7386
f 7384 7076 7080
f 7384 7078 7076
f 7339 7394 7389
f 7339 7340 7394
f 7341 7397 7343
f 7341 7345 7397
f 7395 7338 7343
f 7395 7340 7338
f 7330 7064 7065
f 7330 7092 7064
f 7093 7339 7389
f 7093 7092 7339
f 7391 7396 7401
f 7391 7390 7396
f 7393 7390 7391
f 7393 7392 7390
f 7394 7398 7396
f 7394 7395 7398
f 7399 7398 7397
f 7399 7405 7398
f 7093 7099 7090
f 7093 7392 7099
f 7373 7380 7433
f 7373 7372 7380
f 7434 7379 7387
f 7434 7380 7379
f 7446 7388 7448
f 7446 7387 7388
f 7386 7111 7388
f 7386 7109 7111
f 7083 7080 7079
f 7083 7109 7080
f 7433 7441 7436
f 7433 7434 7441
f 7446 7449 7447
f 7446 7448 7449
f 7450 7452 7449
f 7450 7456 7452
f 7456 7461 7457
f 7456 7460 7461
f 7460 7111 7112
f 7460 7450 7111
f 7113 7112 7108
f 7113 7117 7112
f 7123 7117 7116
f 7123 7461 7117
f 7405 7468 7407
f 7405 7408 7468
f 7466 7401 7407
f 7466 7403 7401
f 7404 7466 7467
f 7404 7403 7466
f 7393 7097 7099
f 7393 7124 7097
f 7098 7124 7127
f 7098 7097 7124
f 7126 7404 7132
f 7126 7127 7404
f 7471 7132 7467
f 7471 7133 7132
f 7135 7133 7139
f 7135 7131 7133
f 7472 7408 7409
f 7472 7468 7408
f 7481 7421 7422
f 7481 7479 7421
f 7480 7473 7478
f 7480 7475 7473
f 7471 7473 7476
f 7471 7470 7473
f 7478 7470 7472
f 7478 7473 7470
f 7477 7473 7474
f 7477 7476 7473
f 7480 7481 7482
f 7480 7479 7481
f 7498 7502 7503
f 7498 7497 7502
f 7504 7508 7503
f 7504 7510 7508
f 7502 7511 7504
f 7502 7505 7511
f 7518 7459 7458
f 7518 7519 7459
f 7518 7457 7464
f 7518 7458 7457
f 7532 7465 7535
f 7532 7464 7465
f 7123 7159 7161
f 7123 7122 7159
f 7535 7161 7162
f 7535 7465 7161
f 7532 7536 7533
f 7532 7535 7536
f 7536 7540 7539
f 7536 7537 7540
f 7159 7164 7162
f 7159 7160 7164
f 7166 7162 7164
f 7166 7163 7162
f 7162 7538 7535
f 7162 7163 7538
f 7545 7538 7549
f 7545 7537 7538
f 7545 7550 7546
f 7545 7549 7550
f 7486 7475 7487
f 7486 7474 7475
f 7485 7561 7557
f 7485 7486 7561
f 7565 7487 7488
f 7565 7562 7487
f 7477 7138 7139
f 7477 7171 7138
f 7172 7485 7557
f 7172 7171 7485
f 7564 7559 7570
f 7564 7558 7559
f 7563 7558 7561
f 7563 7559 7558
f 7563 7565 7566
f 7563 7562 7565
f 7172 7173 7170
f 7172 7176 7173
f 7176 7183 7175
f 7176 7564 7183
f 7506 7579 7509
f 7506 7507 7579
f 7507 7508 7515
f 7507 7506 7508
f 7581 7584 7585
f 7581 7579 7584
f 7584 7589 7585
f 7584 7586 7589
f 7515 7513 7525
f 7515 7510 7513
f 7526 7514 7528
f 7526 7513 7514
f 7527 7595 7597
f 7527 7526 7595
f 7525 7194 7193
f 7525 7527 7194
f 7527 7192 7194
f 7527 7205 7192
f 7204 7527 7210
f 7204 7205 7527
f 7598 7596 7602
f 7598 7595 7596
f 7603 7598 7602
f 7603 7599 7598
f 7592 7193 7194
f 7592 7586 7193
f 7203 7194 7191
f 7203 7592 7194
f 7600 7210 7597
f 7600 7211 7210
f 7153 7165 7151
f 7153 7213 7165
f 7543 7209 7212
f 7543 7213 7209
f 7215 7165 7214
f 7215 7166 7165
f 7612 7214 7543
f 7612 7216 7214
f 7611 7609 7613
f 7611 7608 7609
f 7599 7611 7601
f 7599 7608 7611
f 7617 7612 7613
f 7617 7614 7612
f 7212 7600 7601
f 7212 7211 7600
f 7547 7552 7553
f 7547 7546 7552
f 7628 7551 7615
f 7628 7552 7551
f 7553 7631 7554
f 7553 7629 7631
f 7216 7550 7215
f 7216 7551 7550
f 7630 7624 7637
f 7630 7623 7624
f 7614 7623 7615
f 7614 7622 7623
f 7632 7628 7630
f 7632 7629 7628
f 7638 7633 7632
f 7638 7641 7633
f 7642 7631 7633
f 7642 7634 7631
f 7660 7570 7573
f 7660 7572 7570
f 7217 7183 7222
f 7217 7181 7183
f 7222 7664 7223
f 7222 7572 7664
f 7664 7662 7665
f 7664 7660 7662
f 7671 7665 7670
f 7671 7666 7665
f 7221 7666 7226
f 7221 7223 7666
f 7587 7675 7590
f 7587 7588 7675
f 7588 7589 7594
f 7588 7587 7589
f 7676 7679 7681
f 7676 7675 7679
f 7680 7683 7679
f 7680 7685 7683
f 7238 7245 7246
f 7238 7237 7245
f 7202 7593 7203
f 7202 7240 7593
f 7241 7593 7240
f 7241 7594 7593
f 7688 7241 7242
f 7688 7680 7241
f 7246 7242 7238
f 7246 7688 7242
f 7620 7625 7619
f 7620 7626 7625
f 7625 7617 7619
f 7625 7622 7617
f 7624 7639 7637
f 7624 7627 7639
f 7646 7638 7640
f 7646 7641 7638
f 7693 7640 7639
f 7693 7695 7640
f 7695 7647 7646
f 7695 7698 7647
f 7710 7670 7673
f 7710 7672 7670
f 7225 7671 7252
f 7225 7226 7671
f 7252 7713 7253
f 7252 7672 7713
f 7713 7712 7714
f 7713 7710 7712
f 7719 7714 7718
f 7719 7715 7714
f 7249 7715 7254
f 7249 7253 7715
f 7250 7254 7255
f 7250 7249 7254
f 7232 7244 7230
f 7232 7258 7244
f 7261 7244 7260
f 7261 7245 7244
f 7260 7259 7262
f 7260 7258 7259
f 7737 7725 7726
f 7737 7736 7725
f 7256 7251 7250
f 7256 7259 7251
f 7257 7264 7256
f 7257 7265 7264
f 7735 7264 7265
f 7735 7724 7264
f 7726 7262 7724
f 7726 7263 7262
f 7686 7689 7690
f 7686 7685 7689
f 7727 7687 7686
f 7727 7730 7687
f 7263 7689 7261
f 7263 7690 7689
f 7729 7727 7725
f 7729 7730 7727
f 7743 7718 7721
f 7743 7720 7718
f 7268 7719 7720
f 7268 7266 7719
f 7746 7744 7748
f 7746 7743 7744
f 7751 7747 7746
f 7751 7753 7747
f 7741 7736 7737
f 7741 7738 7736
f 7255 7267 7257
f 7255 7266 7267
f 7273 7267 7269
f 7273 7272 7267
f 7274 7273 7275
f 7274 7272 7273
f 7276 7735 7274
f 7276 7741 7735
f 7773 7759 7760
f 7773 7772 7759
f 7268 7756 7269
f 7268 7747 7756
f 7270 7757 7271
f 7270 7756 7757
f 7271 7277 7270
f 7271 7278 7277
f 7768 7277 7278
f 7768 7758 7277
f 7760 7275 7758
f 7760 7276 7275
f 7761 7739 7738
f 7761 7764 7739
f 7763 7761 7759
f 7763 7764 7761
f 7757 7754 7769
f 7757 7753 7754
f 7755 7778 7754
f 7755 7780 7778
f 7770 7778 7792
f 7770 7769 7778
f 7773 7771 7774
f 7773 7768 7771
f 7771 7792 7793
f 7771 7770 7792
f 7774 7794 7775
f 7774 7793 7794
f 7795 7787 7802
f 7795 7786 7787
f 7778 7779 7777
f 7778 7780 7779
f 7777 7792 7778
f 7777 7786 7792
f 7796 7792 7795
f 7796 7793 7792
f 7794 7796 7797
f 7794 7793 7796
f 7787 7805 7802
f 7787 7790 7805
f 7357 7348 7347
f 7357 7358 7348
f 7347 7351 7357
f 7347 7344 7351
f 7359 7355 7362
f 7359 7354 7355
f 7374 7364 7363
f 7374 7375 7364
f 7363 7367 7374
f 7363 7360 7367
f 7345 7414 7400
f 7345 7348 7414
f 7358 7413 7414
f 7358 7356 7413
f 7361 7359 7362
f 7361 7356 7359
f 7400 7411 7399
f 7400 7415 7411
f 7423 7412 7411
f 7423 7424 7412
f 7415 7417 7423
f 7415 7413 7417
f 7425 7418 7427
f 7425 7417 7418
f 7361 7431 7419
f 7361 7364 7431
f 7375 7430 7431
f 7375 7373 7430
f 7419 7428 7418
f 7419 7432 7428
f 7438 7429 7428
f 7438 7439 7429
f 7432 7435 7438
f 7432 7430 7435
f 7440 7436 7443
f 7440 7435 7436
f 7453 7445 7444
f 7453 7454 7445
f 7444 7447 7453
f 7444 7441 7447
f 7424 7409 7412
f 7424 7421 7409
f 7426 7425 7427
f 7426 7422 7425
f 7491 7483 7494
f 7491 7482 7483
f 7426 7499 7484
f 7426 7429 7499
f 7439 7497 7499
f 7439 7437 7497
f 7442 7440 7443
f 7442 7437 7440
f 7484 7495 7483
f 7484 7500 7495
f 7495 7498 7492
f 7495 7500 7498
f 7442 7516 7505
f 7442 7445 7516
f 7454 7521 7520
f 7454 7455 7521
f 7517 7520 7523
f 7517 7516 7520
f 7459 7455 7452
f 7459 7521 7455
f 7511 7529 7514
f 7511 7517 7529
f 7529 7823 7530
f 7529 7820 7823
f 7523 7821 7820
f 7523 7524 7821
f 7524 7819 7822
f 7524 7522 7819
f 7522 7534 7819
f 7522 7519 7534
f 7832 7826 7831
f 7832 7828 7826
f 7826 7821 7822
f 7826 7825 7821
f 7831 7834 7832
f 7831 7833 7834
f 7834 7838 7837
f 7834 7835 7838
f 7534 7539 7541
f 7534 7533 7539
f 7541 7836 7833
f 7541 7542 7836
f 7845 7850 7851
f 7845 7844 7850
f 7844 7836 7849
f 7844 7835 7836
f 7548 7542 7540
f 7548 7849 7542
f 7555 7548 7547
f 7555 7850 7548
f 7493 7491 7494
f 7493 7488 7491
f 7574 7861 7575
f 7574 7859 7861
f 7566 7859 7574
f 7566 7569 7859
f 7509 7496 7492
f 7509 7582 7496
f 7493 7582 7568
f 7493 7496 7582
f 7866 7577 7578
f 7866 7865 7577
f 7568 7577 7567
f 7568 7583 7577
f 7577 7569 7567
f 7577 7865 7569
f 7577 7581 7576
f 7577 7583 7581
f 7596 7530 7604
f 7596 7528 7530
f 7823 7606 7604
f 7823 7830 7606
f 7830 7827 7839
f 7830 7825 7827
f 7827 7869 7839
f 7827 7829 7869
f 7878 7874 7883
f 7878 7873 7874
f 7869 7873 7870
f 7869 7872 7873
f 7875 7606 7870
f 7875 7607 7606
f 7607 7610 7603
f 7607 7875 7610
f 7610 7621 7609
f 7610 7878 7621
f 7851 7856 7854
f 7851 7852 7856
f 7854 7893 7853
f 7854 7895 7893
f 7852 7554 7635
f 7852 7555 7554
f 7896 7858 7905
f 7896 7857 7858
f 7857 7635 7636
f 7857 7856 7635
f 7636 7648 7858
f 7636 7634 7648
f 7895 7903 7898
f 7895 7896 7903
f 7905 7908 7906
f 7905 7907 7908
f 7909 7912 7908
f 7909 7915 7912
f 7651 7642 7645
f 7651 7648 7642
f 7653 7649 7651
f 7653 7650 7649
f 7649 7909 7907
f 7649 7650 7909
f 7915 7921 7916
f 7915 7920 7921
f 7921 7654 7655
f 7921 7920 7654
f 7661 7575 7667
f 7661 7573 7575
f 7862 7661 7667
f 7862 7663 7661
f 7861 7669 7667
f 7861 7867 7669
f 7667 7931 7862
f 7667 7669 7931
f 7934 7941 7935
f 7934 7940 7941
f 7941 7932 7933
f 7941 7938 7932
f 7931 7941 7933
f 7931 7935 7941
f 7659 7674 7658
f 7659 7932 7674
f 7662 7659 7658
f 7662 7663 7659
f 7590 7578 7576
f 7590 7677 7578
f 7669 7866 7668
f 7669 7867 7866
f 7669 7868 7936
f 7669 7668 7868
f 7868 7676 7682
f 7868 7677 7676
f 7944 7949 7951
f 7944 7943 7949
f 7949 7934 7936
f 7949 7943 7934
f 7951 7954 7953
f 7951 7952 7954
f 7952 7681 7684
f 7952 7682 7681
f 7887 7890 7886
f 7887 7891 7890
f 7892 7883 7886
f 7892 7884 7883
f 7620 7884 7691
f 7620 7621 7884
f 7891 7957 7890
f 7891 7958 7957
f 7902 7957 7962
f 7902 7901 7957
f 7691 7901 7692
f 7691 7892 7901
f 7627 7692 7694
f 7627 7626 7692
f 7693 7902 7699
f 7693 7694 7902
f 7966 7962 7963
f 7966 7965 7962
f 7971 7966 7970
f 7971 7967 7966
f 7968 7699 7965
f 7968 7700 7699
f 7647 7652 7645
f 7647 7702 7652
f 7911 7698 7701
f 7911 7702 7698
f 7704 7652 7703
f 7704 7653 7652
f 7978 7703 7911
f 7978 7706 7703
f 7977 7975 7979
f 7977 7974 7975
f 7967 7977 7969
f 7967 7974 7977
f 7985 7978 7979
f 7985 7980 7978
f 7701 7968 7969
f 7701 7700 7968
f 7926 7916 7922
f 7926 7919 7916
f 7922 7997 7926
f 7922 7925 7997
f 7925 7996 7997
f 7925 7924 7996
f 7654 7705 7655
f 7654 7704 7705
f 7924 7706 7981
f 7924 7705 7706
f 8000 7992 8005
f 8000 7991 7992
f 7980 7991 7981
f 7980 7990 7991
f 8001 7996 8000
f 8001 7997 7996
f 7998 8001 8002
f 7998 7997 8001
f 7940 8019 7942
f 7940 7945 8019
f 7939 7941 7942
f 7939 7938 7941
f 7711 7674 7716
f 7711 7673 7674
f 7716 8016 7717
f 7716 7939 8016
f 8016 8015 8017
f 8016 8014 8015
f 8015 8019 8020
f 8015 8014 8019
f 8024 8017 8023
f 8024 8018 8017
f 7722 8024 7723
f 7722 8018 8024
f 7722 7711 7717
f 7722 7712 7711
f 7953 8033 7956
f 7953 7955 8033
f 7954 7733 7955
f 7954 7731 7733
f 7687 7684 7683
f 7687 7731 7684
f 8034 8038 8040
f 8034 8033 8038
f 8039 8041 8038
f 8039 8046 8041
f 8048 7733 7734
f 8048 8039 7733
f 7740 7734 7729
f 7740 8048 7734
f 7988 7993 7987
f 7988 7994 7993
f 7993 7985 7987
f 7993 7990 7985
f 7992 8008 8005
f 7992 7995 8008
f 8055 8006 8009
f 8055 8010 8006
f 8053 8009 8008
f 8053 8055 8009
f 8012 8025 8023
f 8012 8013 8025
f 8026 8070 8072
f 8026 8025 8070
f 7744 7723 7749
f 7744 7721 7723
f 7749 8072 7750
f 7749 8026 8072
f 8070 8067 8073
f 8070 8066 8067
f 8081 8073 8080
f 8081 8074 8073
f 7748 8074 7752
f 7748 7750 8074
f 8042 8047 8091
f 8042 8041 8047
f 8091 8099 8096
f 8091 8092 8099
f 8100 8092 8093
f 8100 8099 8092
f 7766 7772 7776
f 7766 7763 7772
f 8047 8049 8050
f 8047 8046 8049
f 7739 8049 7740
f 7739 7765 8049
f 8050 7767 8095
f 8050 7765 7767
f 7767 8093 8095
f 7767 7766 8093
f 8086 8080 8083
f 8086 8081 8080
f 8108 8083 8082
f 8108 8110 8083
f 7752 7755 7751
f 7752 7781 7755
f 8116 8110 8114
f 8116 8111 8110
f 8101 8104 8124
f 8101 8099 8104
f 8105 8099 8100
f 8105 8104 8099
f 7781 8098 7782
f 7781 8086 8098
f 7783 8098 8113
f 7783 7782 8098
f 8097 7775 7798
f 8097 7776 7775
f 7800 8097 7798
f 7800 8105 8097
f 8111 8121 8113
f 8111 8118 8121
f 8124 8132 8128
f 8124 8125 8132
f 7783 7791 7779
f 7783 8121 7791
f 7801 7803 7808
f 7801 7797 7803
f 8137 8125 8127
f 8137 8134 8125
f 7800 8137 8127
f 7800 7801 8137
f 8122 8119 8131
f 8122 8118 8119
f 8120 8140 8119
f 8120 8142 8140
f 8122 7789 7791
f 8122 7809 7789
f 7810 8131 8141
f 7810 7809 8131
f 7790 7809 7812
f 7790 7789 7809
f 7813 7809 7810
f 7813 7812 7809
f 7807 7812 7814
f 7807 7805 7812
f 7814 7813 7816
f 7814 7812 7813
f 7803 7815 7808
f 7803 7807 7815
f 8151 8148 8163
f 8151 8147 8148
f 8140 8147 8141
f 8140 8146 8147
f 8165 8153 8154
f 8165 8164 8153
f 8165 8151 8163
f 8165 8152 8151
f 8154 7816 8152
f 8154 7817 7816
f 8135 8138 8139
f 8135 8134 8138
f 8155 8136 8135
f 8155 8158 8136
f 7817 8138 7815
f 7817 8139 8138
f 8157 8155 8153
f 8157 8158 8155
f 7842 7838 7846
f 7842 7837 7838
f 7841 7829 7828
f 7841 7876 7829
f 7841 7880 7879
f 7841 7842 7880
f 7877 7879 7882
f 7877 7876 7879
f 7879 8175 8172
f 7879 7880 8175
f 7879 8179 7882
f 7879 8172 8179
f 8183 8186 8182
f 8183 8187 8186
f 8179 8186 8180
f 8179 8182 8186
f 7872 7888 7874
f 7872 7877 7888
f 7888 8185 7889
f 7888 8180 8185
f 8184 8177 8192
f 8184 8176 8177
f 7853 7848 7845
f 7853 7894 7848
f 7881 7846 7848
f 7881 7880 7846
f 8176 7880 7881
f 8176 8175 7880
f 8177 7893 7899
f 8177 7894 7893
f 8193 8188 8192
f 8193 8190 8188
f 8192 8183 8184
f 8192 8188 8183
f 8192 8195 8193
f 8192 8194 8195
f 8195 8199 8198
f 8195 8196 8199
f 7899 8197 8194
f 7899 7900 8197
f 8209 8212 8213
f 8209 8208 8212
f 8208 8197 8211
f 8208 8196 8197
f 7904 7900 7898
f 7904 8211 7900
f 7904 7906 7913
f 7904 7903 7906
f 8214 7913 7914
f 8214 8212 7913
f 7887 8185 7959
f 7887 7889 8185
f 8191 8189 8201
f 8191 8187 8189
f 8202 8190 8204
f 8202 8189 8190
f 8203 8222 8224
f 8203 8202 8222
f 7959 8201 7960
f 7959 8191 8201
f 7964 7960 8203
f 7964 7958 7960
f 8225 8223 8228
f 8225 8222 8223
f 8229 8225 8228
f 8229 8226 8225
f 7970 7964 7972
f 7970 7963 7964
f 8227 7972 8224
f 8227 7973 7972
f 8213 8219 8216
f 8213 8214 8219
f 8216 8239 8215
f 8216 8241 8239
f 7918 7914 7912
f 7918 7982 7914
f 8240 8236 8248
f 8240 8235 8236
f 8227 8235 8238
f 8227 8226 8235
f 7973 7976 7971
f 7973 8238 7976
f 7976 7989 7975
f 7976 8240 7989
f 8242 8221 8258
f 8242 8220 8221
f 8220 7982 7983
f 8220 8219 7982
f 7983 7919 7999
f 7983 7918 7919
f 8221 7998 8003
f 8221 7999 7998
f 8241 8253 8244
f 8241 8242 8253
f 8254 8258 8260
f 8254 8253 8258
f 8259 8265 8260
f 8259 8261 8265
f 8003 8261 8259
f 8003 8004 8261
f 8004 8006 8011
f 8004 8002 8006
f 8029 8021 8030
f 8029 8020 8021
f 7956 7948 7944
f 7956 8035 7948
f 7945 8035 8022
f 7945 7948 8035
f 8022 8031 8021
f 8022 8036 8031
f 8043 8032 8031
f 8043 8044 8032
f 8036 8040 8043
f 8036 8034 8040
f 8257 8248 8251
f 8257 8249 8248
f 8277 8251 8250
f 8277 8278 8251
f 7988 8249 8051
f 7988 7989 8249
f 8264 8279 8288
f 8264 8263 8279
f 8271 8268 8267
f 8271 8272 8268
f 8265 8271 8267
f 8265 8270 8271
f 8051 8263 8052
f 8051 8257 8263
f 7995 8052 8054
f 7995 7994 8052
f 8053 8264 8060
f 8053 8054 8264
f 8286 8278 8281
f 8286 8279 8278
f 8291 8288 8289
f 8291 8290 8288
f 8300 8292 8291
f 8300 8303 8292
f 8292 8060 8290
f 8292 8061 8060
f 8271 8274 8275
f 8271 8270 8274
f 8293 8272 8271
f 8293 8296 8272
f 8010 8274 8011
f 8010 8059 8274
f 8275 8062 8294
f 8275 8059 8062
f 8292 8305 8294
f 8292 8303 8305
f 8305 8293 8294
f 8305 8304 8293
f 8062 8292 8294
f 8062 8061 8292
f 8028 8013 8012
f 8028 8071 8013
f 8064 8276 8065
f 8064 8071 8276
f 8028 8076 8075
f 8028 8029 8076
f 8075 8319 8276
f 8075 8078 8319
f 8315 8320 8322
f 8315 8314 8320
f 8317 8314 8315
f 8317 8316 8314
f 8319 8326 8320
f 8319 8321 8326
f 8068 8317 8069
f 8068 8316 8317
f 8065 8066 8064
f 8065 8068 8066
f 8077 8030 8032
f 8077 8076 8030
f 8077 8089 8079
f 8077 8088 8089
f 8044 8087 8088
f 8044 8042 8087
f 8328 8332 8329
f 8328 8331 8332
f 8331 8078 8079
f 8331 8321 8078
f 8334 8102 8103
f 8334 8332 8102
f 8089 8096 8102
f 8089 8087 8096
f 8339 8322 8327
f 8339 8324 8322
f 8325 8339 8341
f 8325 8324 8339
f 8326 8330 8327
f 8326 8328 8330
f 8069 8082 8067
f 8069 8109 8082
f 8108 8325 8115
f 8108 8109 8325
f 8341 8340 8342
f 8341 8339 8340
f 8340 8344 8346
f 8340 8339 8344
f 8349 8342 8348
f 8349 8343 8342
f 8114 8343 8117
f 8114 8115 8343
f 8345 8329 8335
f 8345 8330 8329
f 8362 8336 8363
f 8362 8335 8336
f 8334 8101 8129
f 8334 8103 8101
f 8363 8129 8130
f 8363 8336 8129
f 8344 8355 8347
f 8344 8345 8355
f 8356 8362 8364
f 8356 8355 8362
f 8364 8367 8366
f 8364 8365 8367
f 8365 8128 8133
f 8365 8130 8128
f 8361 8348 8351
f 8361 8349 8348
f 8371 8351 8350
f 8371 8372 8351
f 8117 8120 8116
f 8117 8143 8120
f 8366 8389 8370
f 8366 8369 8389
f 8143 8368 8144
f 8143 8361 8368
f 8145 8368 8374
f 8145 8144 8368
f 8367 8161 8369
f 8367 8159 8161
f 8136 8133 8132
f 8136 8159 8133
f 8393 8385 8398
f 8393 8384 8385
f 8383 8372 8376
f 8383 8373 8372
f 8373 8384 8374
f 8373 8383 8384
f 8390 8394 8396
f 8390 8389 8394
f 8395 8400 8394
f 8395 8405 8400
f 8145 8146 8142
f 8145 8149 8146
f 8149 8169 8148
f 8149 8393 8169
f 8406 8161 8162
f 8406 8395 8161
f 8170 8162 8157
f 8170 8406 8162
f 8408 8398 8402
f 8408 8399 8398
f 8400 8408 8402
f 8400 8405 8408
f 8168 8399 8171
f 8168 8169 8399
f 8164 8171 8170
f 8164 8168 8171
f 8205 8414 8206
f 8205 8412 8414
f 8198 8412 8205
f 8198 8200 8412
f 8416 8420 8417
f 8416 8418 8420
f 8210 8200 8199
f 8210 8418 8200
f 8217 8210 8209
f 8217 8420 8210
f 8223 8206 8230
f 8223 8204 8206
f 8414 8232 8230
f 8414 8419 8232
f 8419 8417 8423
f 8419 8416 8417
f 8423 8429 8426
f 8423 8424 8429
f 8429 8425 8430
f 8429 8424 8425
f 8217 8239 8245
f 8217 8215 8239
f 8430 8245 8246
f 8430 8425 8245
f 8433 8438 8434
f 8433 8437 8438
f 8438 8431 8432
f 8438 8436 8431
f 8430 8438 8432
f 8430 8434 8438
f 8428 8232 8426
f 8428 8233 8232
f 8233 8237 8229
f 8233 8428 8237
f 8237 8252 8236
f 8237 8431 8252
f 8246 8434 8430
f 8246 8247 8434
f 8441 8449 8450
f 8441 8440 8449
f 8440 8434 8447
f 8440 8433 8434
f 8256 8247 8244
f 8256 8447 8247
f 8269 8256 8254
f 8269 8449 8256
f 8437 8448 8438
f 8437 8442 8448
f 8277 8252 8282
f 8277 8250 8252
f 8436 8284 8282
f 8436 8448 8284
f 8443 8458 8442
f 8443 8460 8458
f 8450 8456 8454
f 8450 8451 8456
f 8454 8465 8453
f 8454 8469 8465
f 8451 8268 8297
f 8451 8269 8268
f 8468 8463 8474
f 8468 8462 8463
f 8458 8462 8459
f 8458 8461 8462
f 8469 8476 8473
f 8469 8470 8476
f 8464 8284 8459
f 8464 8285 8284
f 8285 8287 8281
f 8285 8464 8287
f 8289 8287 8301
f 8289 8286 8287
f 8301 8475 8302
f 8301 8468 8475
f 8457 8297 8298
f 8457 8456 8297
f 8457 8299 8472
f 8457 8298 8299
f 8484 8470 8472
f 8484 8483 8470
f 8485 8311 8312
f 8485 8484 8311
f 8304 8299 8296
f 8304 8311 8299
f 8486 8474 8478
f 8486 8475 8474
f 8476 8486 8478
f 8476 8483 8486
f 8302 8309 8300
f 8302 8337 8309
f 8309 8485 8312
f 8309 8337 8485
f 8354 8347 8358
f 8354 8346 8347
f 8371 8353 8377
f 8371 8350 8353
f 8353 8378 8377
f 8353 8354 8378
f 8370 8360 8356
f 8370 8391 8360
f 8379 8358 8360
f 8379 8378 8358
f 8381 8487 8488
f 8381 8379 8487
f 8487 8390 8397
f 8487 8391 8390
f 8490 8495 8497
f 8490 8489 8495
f 8492 8489 8490
f 8492 8491 8489
f 8495 8498 8497
f 8495 8496 8498
f 8491 8381 8488
f 8491 8382 8381
f 8386 8492 8387
f 8386 8491 8492
f 8382 8386 8376
f 8382 8491 8386
f 8496 8396 8404
f 8496 8397 8396
f 8387 8401 8385
f 8387 8410 8401
f 8403 8410 8411
f 8403 8401 8410
f 8498 8403 8411
f 8498 8404 8403
f 8453 8446 8441
f 8453 8466 8446
f 8443 8466 8460
f 8443 8446 8466
f 8461 8480 8463
f 8461 8467 8480
f 8467 8473 8480
f 8467 8465 8473

