# https://github.com/mikedh/trimesh
v 0.32860312 0.35766196 0.50078940
v 0.25990963 0.39156330 0.49800539
v 0.26090363 0.39356863 0.50073445
v 0.26117113 0.38609102 0.49276304
v 0.27146226 0.37063718 0.47994015
v 0.24376857 0.37220743 0.47218969
v 0.32842332 0.35778049 0.50078923
v 0.30734503 0.37226838 0.50077862
v 0.28027505 0.38610515 0.50075245
v 0.28431952 0.38333973 0.49937731
v 0.28736427 0.38277501 0.50076014
v 0.28477159 0.38424888 0.50075781
v 0.22291617 0.39751330 0.49499869
v 0.20724469 0.40039593 0.49354386
v 0.25236651 0.39571854 0.50072569
v 0.23538497 0.39964724 0.50071245
v 0.21966629 0.40400809 0.50069904
v 0.21031395 0.40657300 0.50069058
v 0.25387120 0.38940567 0.49410513
v 0.23362045 0.39107478 0.49074131
v 0.24292800 0.37244666 0.47218877
v 0.24313866 0.37199649 0.47176871
v 0.24270932 0.37200537 0.47175053
v 0.21702993 0.36275464 0.45525768
v 0.21986943 0.38607788 0.48316085
v 0.21018568 0.38607442 0.48054284
v 0.24105462 0.37272397 0.47218695
v 0.21439126 0.37190717 0.46508378
v 0.21438357 0.38024426 0.47507173
v 0.20243075 0.38009036 0.47214681
v 0.15729389 0.38792109 0.47118455
v 0.15729105 0.39074746 0.47444692
v 0.16204751 0.40508527 0.49116954
v 0.15276897 0.40562165 0.49089673
v 0.18735665 0.41156438 0.50067139
v 0.18453272 0.41210818 0.50066954
v 0.15744567 0.41428292 0.50065506
v 0.15709578 0.41431251 0.50065488
v 0.16158471 0.38821924 0.47211266
v 0.19165216 0.39453524 0.48378140
v 0.18072513 0.39525616 0.48233196
v 0.18583500 0.38481784 0.47213018
v 0.21142270 0.36345091 0.45490408
v 0.18961710 0.37556100 0.46458480
v 0.18613864 0.35805032 0.44357106
v 0.15860680 0.38606995 0.46948782
v 0.18121767 0.37641096 0.46287584
v 0.18549138 0.35823107 0.44357044
v 0.16309199 0.36906460 0.45204800
v 0.15166976 0.38888246 0.47210819
v 0.15572625 0.38606918 0.46897256
v 0.10016233 0.38610947 0.47207877
v 0.10016229 0.38615549 0.47214338
v 0.10633766 0.40225577 0.49256617
v 0.09281688 0.39997178 0.49370271
v 0.12972885 0.41260996 0.50064301
v 0.12749791 0.41222557 0.50064290
v 0.10392381 0.40706721 0.50064409
v 0.09539791 0.40515095 0.50064254
v 0.10031297 0.38614312 0.47209957
v 0.13257527 0.39650571 0.47979009
v 0.12433073 0.39595687 0.48088500
v 0.12873790 0.38936913 0.47210410
v 0.15082270 0.37045431 0.45134774
v 0.13511840 0.37815228 0.45936149
v 0.13170643 0.36339715 0.44354770
v 0.10020324 0.38606778 0.47201785
v 0.12211181 0.37841088 0.45884424
v 0.12562403 0.36374667 0.44354761
v 0.10555083 0.36823940 0.45245525
v 0.10008136 0.38610831 0.47209954
v 0.10012828 0.38606784 0.47203150
v 0.05283362 0.39494592 0.49620897
v 0.03110194 0.39083132 0.49826631
v 0.07776806 0.40225342 0.50064373
v 0.06434547 0.40021539 0.50064015
v 0.05143114 0.39775044 0.50064087
v 0.03207481 0.39277971 0.50064462
v 0.07919841 0.39273834 0.48732644
v 0.06294250 0.39173305 0.48932400
v 0.07158253 0.37780100 0.47209477
v 0.09539940 0.36704960 0.45305231
v 0.07420346 0.37440461 0.46686482
v 0.06925198 0.37412110 0.46743694
v 0.04303366 0.35753080 0.45781761
v 0.04973771 0.38606876 0.48557284
v 0.03346224 0.38606724 0.49117368
v 0.06266263 0.37624872 0.47209847
v 0.04302238 0.35756066 0.45785505
v 0.04300737 0.37650356 0.47688720
v 0.02592580 0.39164573 0.50064611
v 0.02628447 0.38849735 0.49578518
v 0.04301219 0.35752872 0.45781869
v -0.01414027 0.36192986 0.48419186
v 0.00902588 0.38605899 0.50065351
v 0.02303407 0.38037699 0.48928523
v -0.00515691 0.37548354 0.49538654
v 0.00147308 0.38335383 0.50065690
v -0.00201566 0.38177934 0.50065941
v -0.01866766 0.36652994 0.49093020
v -0.02282508 0.37482876 0.50067246
v -0.03646514 0.36998034 0.50067556
v -0.04705833 0.36612508 0.50067902
v -0.07020691 0.35964459 0.50067776
v -0.07200647 0.35889700 0.50067693
v -0.15790218 -0.17158896 -0.44265783
v -0.12872376 -0.21380025 -0.43132493
v -0.12870827 -0.19039644 -0.44395852
v -0.10689476 -0.20289341 -0.44473082
v -0.15652716 -0.17173836 -0.44295654
v -0.13076720 -0.18524225 -0.44550967
v -0.12626176 -0.18523914 -0.44626784
v -0.10333684 -0.19629040 -0.44778514
v -0.10615102 -0.17698207 -0.45345074
v -0.10012019 -0.20223446 -0.44679901
v -0.08863386 -0.20523944 -0.44706237
v -0.07153832 -0.21377544 -0.44433418
v -0.07153029 -0.20296443 -0.45018578
v -0.05842401 -0.20722207 -0.44902354
v -0.07497634 -0.16356733 -0.45910197
v -0.09620242 -0.19559269 -0.44916636
v -0.09314537 -0.17789298 -0.45527631
v -0.07837607 -0.18521205 -0.45504266
v -0.06759755 -0.16445392 -0.45953816
v -0.06407966 -0.18520489 -0.45618954
v -0.04919870 -0.19322580 -0.45381749
v -0.05120724 -0.17918915 -0.45786488
v -0.04294531 -0.20415331 -0.45062125
v -0.02804074 -0.20692056 -0.44870740
v -0.01436418 -0.21374840 -0.44474524
v -0.01435472 -0.20174120 -0.44952768
v 0.00419398 -0.20445941 -0.44623756
v -0.01835273 -0.16465077 -0.45959485
v -0.03695919 -0.19350547 -0.45322609
v -0.03492967 -0.17889000 -0.45726788
v -0.02114845 -0.18518083 -0.45487827
v -0.01069866 -0.16384801 -0.45919067
v -0.00803659 -0.18516967 -0.45385808
v 0.01085774 -0.19606388 -0.44797534
v 0.00778496 -0.17733255 -0.45417678
v 0.01422920 -0.20154509 -0.44543445
v 0.02044323 -0.20253560 -0.44431484
v 0.04279866 -0.21369693 -0.43666118
v 0.04281816 -0.19046998 -0.44387776
v 0.01696801 -0.19669853 -0.44668764
v 0.01978372 -0.17639287 -0.45230746
v 0.04048183 -0.18513086 -0.44589585
v 0.04490569 -0.18512706 -0.44537655
v 0.06850676 -0.17373273 -0.44702560
v 0.09997093 -0.21366405 -0.42858505
v 0.07422370 -0.17363295 -0.44683313
v 0.30444247 0.34546548 0.47001588
v 0.32854298 0.35754126 0.50060648
v 0.33853066 0.33755478 0.49651599
v 0.31772217 0.35753387 0.49192911
v 0.31072041 0.34861195 0.47760135
v 0.32408503 0.34860054 0.49099150
v 0.32874542 0.35754126 0.50078934
v 0.34554613 0.33442917 0.50080299
v 0.34474248 0.33089638 0.49695843
v 0.33575028 0.32897022 0.48666239
v 0.31652215 0.33498245 0.47224301
v 0.32617766 0.32896721 0.47699171
v 0.32854694 0.32071534 0.47638163
v 0.32328925 0.32633525 0.47224826
v 0.34885645 0.32897422 0.50080705
v 0.35818136 0.30253938 0.50083667
v 0.34573102 0.32606053 0.49498734
v 0.28546429 0.36453125 0.47950065
v 0.29999411 0.36379522 0.48824799
v 0.30000252 0.34961760 0.47223520
v 0.30000597 0.34559864 0.46751943
v 0.27147073 0.35750949 0.46583557
v 0.28749719 0.34949619 0.46597022
v 0.27147391 0.35184616 0.46077517
v 0.24537033 0.37056470 0.47097021
v 0.26592335 0.35472599 0.46071693
v 0.26606882 0.34667718 0.45252737
v 0.30339950 0.33984283 0.46543717
v 0.29004890 0.33326894 0.45230347
v 0.30715996 0.32183909 0.45790792
v 0.30110073 0.30261657 0.44368848
v 0.28463510 0.32894653 0.44587043
v 0.28085446 0.32894501 0.44366473
v 0.28742459 0.32725564 0.44705194
v 0.29450500 0.31137276 0.44368082
v 0.28471518 0.32690346 0.44468871
v 0.28246185 0.32238889 0.44038934
v 0.24292906 0.37112290 0.47086388
v 0.22620848 0.35749429 0.45199674
v 0.24294549 0.35296810 0.45269865
v 0.25064871 0.34207916 0.44365162
v 0.23774523 0.34706223 0.44364205
v 0.21440633 0.35749048 0.44922125
v 0.24665968 0.31834510 0.42249846
v 0.25304556 0.33311099 0.43529758
v 0.26154882 0.32893479 0.43498427
v 0.26092416 0.33635509 0.43994826
v 0.21636549 0.32891068 0.41891453
v 0.24087539 0.31672981 0.41927323
v 0.23523024 0.33545619 0.43057299
v 0.22130185 0.34371334 0.43622905
v 0.18586321 0.35633683 0.44126451
v 0.18310075 0.35749191 0.44218877
v 0.18586078 0.35773775 0.44308168
v 0.18677001 0.35749292 0.44311750
v 0.15731516 0.35748231 0.43689224
v 0.18903013 0.34004667 0.42131644
v 0.21284661 0.32890949 0.41825947
v 0.20829052 0.34520441 0.43546376
v 0.18290019 0.34019387 0.42101431
v 0.15987103 0.35236901 0.43183079
v 0.12876493 0.34748584 0.42358190
v 0.11640584 0.35748744 0.43737468
v 0.12875661 0.35993391 0.43865782
v 0.14198369 0.35748446 0.43693811
v 0.07633275 0.35750130 0.44590941
v 0.10018516 0.35749036 0.44009909
v -0.15949295 -0.16987561 -0.44253820
v -0.18585871 -0.15670417 -0.43558472
v -0.16579376 -0.14667384 -0.44571441
v 0.12979697 0.34215686 0.41705337
v 0.15484895 0.35253555 0.43174478
v -0.16049337 -0.13918367 -0.44790524
v -0.16203603 -0.11862934 -0.45103520
v 0.12766013 0.34207702 0.41721362
v 0.10311186 0.35164276 0.43218783
v -0.15728879 -0.17016384 -0.44305918
v -0.15727051 -0.14576387 -0.44815099
v -0.14455914 -0.16461232 -0.44778246
v -0.12869626 -0.16508251 -0.45148563
v -0.12568893 -0.15817857 -0.45419094
v -0.13431874 -0.15387121 -0.45289025
v -0.12869258 -0.15668023 -0.45380512
v -0.12869081 -0.15404657 -0.45438021
v -0.12639177 -0.15552972 -0.45454514
v -0.13190073 -0.10603131 -0.45897108
v -0.15288961 -0.13803416 -0.45019284
v -0.15106857 -0.12001631 -0.45380837
v -0.13604534 -0.12811418 -0.45617133
v -0.12469155 -0.10746033 -0.45968074
v -0.12035881 -0.12810597 -0.45804101
v -0.10891475 -0.13356094 -0.45905036
v -0.10936375 -0.12309137 -0.45996940
v 0.07159560 0.36189806 0.45232904
v -0.07928973 -0.15664352 -0.45953673
v -0.10010071 -0.16342860 -0.45640662
v -0.10009646 -0.15091977 -0.45847985
v -0.07150492 -0.15663770 -0.46021131
v -0.07648822 -0.14667305 -0.46063703
v -0.06537972 -0.14440314 -0.46175885
v -0.05998129 -0.15662903 -0.46138513
v 0.04328015 0.35750824 0.45770004
v 0.07160018 0.35642383 0.44569847
v 0.07291275 0.35488078 0.44354439
v 0.06996557 0.35422745 0.44354510
v 0.04295269 0.35754311 0.45786369
v 0.04297670 0.35750827 0.45780602
v 0.04302241 0.35750830 0.45778218
v 0.02227562 0.36786246 0.47602898
v -0.07877052 -0.11407672 -0.46296692
v -0.09035158 -0.13264191 -0.46084407
v -0.08992954 -0.12394021 -0.46168113
v -0.08160637 -0.12807742 -0.46160537
v -0.06301426 -0.11641572 -0.46412763
v -0.06045762 -0.12805806 -0.46341577
v -0.05390358 -0.13134444 -0.46334735
v -0.05423721 -0.12510175 -0.46402928
v -0.02669507 -0.15660751 -0.46177158
v -0.04291433 -0.16073638 -0.46165276
v -0.04291189 -0.15305997 -0.46278036
v -0.01432228 -0.15659873 -0.46128625
v -0.02264510 -0.13995500 -0.46392727
v -0.00606029 -0.14009261 -0.46383595
v -0.00431411 -0.15659294 -0.46057087
v -0.02546281 -0.12176420 -0.46677586
v -0.03079955 -0.13022971 -0.46552458
v -0.03055204 -0.12609150 -0.46601832
v -0.02659760 -0.12803587 -0.46589404
v -0.00320216 -0.12164347 -0.46670091
v -0.00206086 -0.12801901 -0.46579498
v 0.00226758 -0.13030082 -0.46530822
v 0.00188613 -0.12611651 -0.46607977
v 0.07419163 0.34063411 0.42013475
v 0.09680280 0.35071135 0.43265292
v 0.01425744 -0.16277069 -0.45745870
v 0.01426430 -0.15193178 -0.46054551
v 0.04017942 -0.15788724 -0.45420876
v 0.04283452 -0.16366130 -0.45197585
v 0.04801470 -0.15914124 -0.45294392
v 0.04110050 -0.15568867 -0.45467025
v 0.04283871 -0.15655643 -0.45415604
v 0.04284003 -0.15478626 -0.45465422
v 0.04554366 -0.15520328 -0.45418590
v 0.06848571 0.34007052 0.42126602
v 0.04900844 0.34555352 0.43525133
v 0.03323906 -0.11867719 -0.46520397
v 0.02537894 -0.13119088 -0.46348533
v 0.02588296 -0.12531786 -0.46449339
v 0.03180512 -0.12799901 -0.46338850
v 0.05097353 -0.11561172 -0.46366686
v 0.05263896 -0.12797982 -0.46081698
v 0.06317984 -0.13400240 -0.45777053
v 0.06174223 -0.12338862 -0.46066713
v 0.07141714 -0.16705602 -0.44876057
v 0.07142950 -0.14841457 -0.45356798
v 0.08640072 -0.16333038 -0.44870389
v 0.09143202 -0.15223850 -0.45122308
v 0.10001068 -0.15652384 -0.44903144
v 0.10001663 -0.14858240 -0.45153761
v 0.11315021 -0.14995381 -0.44894022
v 0.09392057 -0.11163084 -0.46165824
v 0.07921097 -0.13448197 -0.45678055
v 0.08071017 -0.12293442 -0.45976716
v 0.09187783 -0.12795913 -0.45753968
v 0.10547259 -0.11023249 -0.46095300
v 0.10746677 -0.12795675 -0.45609060
v 0.12390439 -0.13753133 -0.45062730
v 0.12132340 -0.12096670 -0.45582530
v -0.00449586 0.36230904 0.48158908
v 0.01443592 0.36808044 0.47950113
v 0.01444205 0.36041075 0.47211730
v 0.01445361 0.35032645 0.45790386
v 0.02197599 0.34247705 0.44356436
v 0.00328344 0.33515126 0.44356841
v 0.12860112 -0.14550170 -0.44776380
v 0.13676509 -0.14630714 -0.44530007
v 0.15716717 -0.15650335 -0.43551028
v 0.15718877 -0.13349299 -0.44399911
v -0.01413696 0.35748655 0.47867700
v -0.00054431 0.35070276 0.46463591
v -0.00320885 0.33568481 0.44694659
v -0.01412991 0.34554589 0.46382457
v -0.01886462 0.35984531 0.48405391
v -0.04100009 0.34405479 0.47299463
v 0.13241139 -0.13842793 -0.44882804
v 0.13485137 -0.11989176 -0.45367816
v 0.15462850 -0.12794451 -0.44635412
v 0.15907595 -0.12794372 -0.44499266
v 0.02324007 0.33444545 0.43254435
v 0.03559854 0.34263527 0.43671417
v -0.01762199 0.32892588 0.44357535
v -0.00232717 0.32893053 0.43856978
v 0.00249791 0.33125305 0.43892860
v -0.00140310 0.33208376 0.44199455
v -0.04223530 0.34295857 0.47213811
v -0.02671279 0.32892281 0.44697428
v -0.04272118 0.36103451 0.49354753
v -0.07127997 0.33203575 0.47057602
v -0.05569457 0.35746714 0.49420235
v -0.07129243 0.35747075 0.49873701
v -0.07128289 0.33764964 0.47651121
v -0.06739323 0.34968069 0.49030748
v -0.07582042 0.34840211 0.49094421
v -0.04271460 0.34371936 0.47318187
v -0.07601731 0.35746974 0.50067490
v -0.04462226 0.34224308 0.47213840
v -0.04258013 0.34306368 0.47240594
v -0.04288157 0.34303042 0.47247225
v -0.04271424 0.34277982 0.47213817
v -0.02733772 0.32677692 0.44465151
v -0.02991514 0.32741925 0.44658342
v -0.03044949 0.32484972 0.44358066
v -0.02612823 0.32435992 0.44129834
v -0.06738380 0.32890528 0.46435806
v -0.05189925 0.32382160 0.45376140
v -0.05071743 0.31636953 0.44358873
v -0.06262100 0.31764543 0.44921789
v -0.07690869 0.33171833 0.47213838
v -0.07350433 0.32890430 0.46769759
v -0.11864849 0.33787423 0.49618605
v -0.09600619 0.34975323 0.50066578
v -0.10475647 0.34769589 0.50066561
v -0.12047522 0.34152460 0.50066400
v -0.09334715 0.33668166 0.48513320
v -0.10758788 0.33546767 0.48755327
v -0.09985283 0.32512391 0.47213736
v -0.07743368 0.31263509 0.45172244
v -0.09550600 0.31896207 0.46345919
v -0.10311516 0.31788179 0.46561876
v -0.12762052 0.30193716 0.45705646
v -0.12242666 0.32889813 0.48414195
v -0.11370613 0.32154071 0.47213715
v -0.12843119 0.30489907 0.46015307
v -0.12843122 0.31990385 0.47663116
v -0.14265363 0.32889834 0.50067055
v -0.12901814 0.30149075 0.45727879
v -0.14269860 0.32885668 0.50064975
v -0.14270358 0.32886660 0.50067049
v -0.14275374 0.32882977 0.50067055
v -0.16323146 0.31274450 0.50067198
v -0.17115414 -0.10688573 -0.44842744
v -0.18581375 -0.09956099 -0.44232601
v -0.18578936 -0.07448654 -0.44324222
v -0.17137414 -0.09234202 -0.44854814
v -0.18649058 -0.07098541 -0.44290242
v -0.18483576 -0.07098468 -0.44339263
v -0.16197723 -0.08049844 -0.45100099
v -0.16169713 -0.06119077 -0.45048332
v -0.13427463 -0.09954084 -0.45854223
v -0.15723750 -0.10828531 -0.45256248
v -0.15722202 -0.09092620 -0.45278949
v -0.12864807 -0.09953848 -0.45962158
v -0.13166292 -0.09350099 -0.45875132
v -0.12435630 -0.09097154 -0.46001241
v -0.11839762 -0.09953353 -0.46084416
v -0.12930395 -0.04379486 -0.45645949
v -0.15123989 -0.07928947 -0.45340800
v -0.15151805 -0.06236728 -0.45283517
v -0.13628128 -0.07096985 -0.45677435
v -0.12751552 -0.04456826 -0.45684505
v -0.11935723 -0.07096447 -0.45998144
v -0.10987795 -0.07541612 -0.46110594
v -0.11000189 -0.06663510 -0.46137023
v -0.08675091 -0.09951530 -0.46333435
v -0.10006718 -0.10338460 -0.46227050
v -0.10006191 -0.09584416 -0.46263754
v -0.07147118 -0.09950159 -0.46435326
v -0.08039332 -0.08165653 -0.46463546
v -0.06028191 -0.07716985 -0.46686104
v -0.04823925 -0.09948533 -0.46727785
v -0.08142872 -0.06232242 -0.46569568
v -0.08850706 -0.07370329 -0.46449289
v -0.08841036 -0.06828526 -0.46468294
v -0.08321714 -0.07094511 -0.46494612
v -0.03000014 -0.07090946 -0.46996590
v -0.05954716 -0.06613885 -0.46759486
v -0.05845571 -0.07092661 -0.46738377
v -0.05593805 -0.07214039 -0.46755201
v -0.05601088 -0.06978416 -0.46770236
v -0.03903222 -0.09947865 -0.46802279
v -0.02942660 -0.07263148 -0.46996400
v -0.04288302 -0.10062815 -0.46765485
v -0.04288137 -0.09846405 -0.46791589
v -0.02862173 -0.07096707 -0.47008175
v -0.01429226 -0.09946320 -0.46908972
v -0.02843760 -0.07115997 -0.47009033
v -0.00105827 -0.07305428 -0.47101843
v 0.01268996 -0.09944569 -0.46909502
v -0.02862295 -0.07084887 -0.47008446
v -0.02849760 -0.07090856 -0.47009593
v -0.03243876 -0.06315380 -0.46997198
v -0.02841086 -0.07060453 -0.47011688
v -0.00055739 -0.07089162 -0.47110349
v 0.00868996 -0.08822499 -0.46991307
v 0.00062736 -0.07149255 -0.47114018
v 0.00070418 -0.07021345 -0.47129181
v -0.00126210 -0.06831411 -0.47122908
v 0.01608255 -0.09944366 -0.46900406
v 0.01792276 -0.09221143 -0.46989962
v 0.01429761 -0.09988559 -0.46901539
v 0.01429826 -0.09905335 -0.46911451
v 0.02750766 -0.07197890 -0.47212100
v 0.04288321 -0.09942642 -0.46816206
v 0.03052521 -0.07469132 -0.47181275
v 0.05527858 -0.07468601 -0.47179422
v 0.06433587 -0.09940693 -0.46628815
v 0.02737671 -0.06963240 -0.47238871
v 0.01434244 -0.04466852 -0.47464710
v 0.02984228 -0.07087027 -0.47235590
v 0.03222820 -0.06366189 -0.47350866
v 0.05596970 -0.07084912 -0.47233856
v 0.06251514 -0.08148317 -0.46986485
v 0.05828504 -0.07193132 -0.47204340
v 0.05846251 -0.06958761 -0.47239468
v 0.05359104 -0.06362064 -0.47349834
v 0.08106302 -0.09939787 -0.46504444
v 0.08411073 -0.07416797 -0.46985534
v 0.07146484 -0.10183845 -0.46496886
v 0.07146851 -0.09751996 -0.46608272
v 0.08552580 -0.07108738 -0.47037011
v 0.10005391 -0.09939063 -0.46376222
v 0.08615822 -0.07158136 -0.47023124
v 0.10998346 -0.07958427 -0.46545261
v 0.11307243 -0.09939072 -0.46203935
v 0.08548179 -0.07052937 -0.47045946
v 0.07151683 -0.04487688 -0.47509474
v 0.08953627 -0.07082962 -0.46985385
v 0.08603821 -0.07083043 -0.47036645
v 0.08636532 -0.06966889 -0.47043771
v 0.11199939 -0.06606703 -0.46746174
v 0.11268992 -0.07082431 -0.46646884
v 0.11664589 -0.07309362 -0.46529132
v 0.11629370 -0.06890858 -0.46600509
v 0.12863655 -0.10527372 -0.45803696
v 0.12864982 -0.09455796 -0.46014881
v 0.15160453 -0.10219107 -0.45271218
v 0.15720952 -0.11261611 -0.44889709
v 0.15290065 -0.09722146 -0.45335841
v 0.15722513 -0.09938295 -0.45184079
v 0.15723303 -0.09388444 -0.45277059
v 0.17016885 -0.09291705 -0.44905639
v 0.15366548 -0.04948742 -0.45915613
v 0.13817324 -0.07560516 -0.46025044
v 0.13879527 -0.06665009 -0.46148008
v 0.14871612 -0.07081939 -0.45832485
v 0.15972306 -0.04712415 -0.45797431
v 0.16403422 -0.07081765 -0.45478290
v 0.18288314 -0.08215042 -0.44713116
v 0.18106724 -0.06132554 -0.45082876
v 0.18582420 -0.08720107 -0.44545048
v 0.19049843 -0.08743134 -0.44357783
v 0.21436791 -0.09937550 -0.42920449
v 0.18796650 -0.08295947 -0.44551182
v 0.18950164 -0.06017036 -0.44852123
v -0.18578318 -0.06799110 -0.44299155
v -0.16948411 -0.05054546 -0.44764212
v -0.18575697 -0.04241296 -0.44206095
v -0.16796070 -0.03351305 -0.44689739
v -0.16055121 -0.02472998 -0.44827870
v -0.15999183 -0.00238720 -0.44720763
v 0.35863119 0.30040190 0.50008082
v -0.12968068 -0.04239340 -0.45629936
v -0.15718892 -0.05191595 -0.45103633
v -0.15717126 -0.03221965 -0.44970691
v -0.12860163 -0.04239304 -0.45652962
v -0.12920430 -0.04118594 -0.45636389
v -0.12747988 -0.04015369 -0.45687869
v -0.12576680 -0.04239191 -0.45717430
v 0.35909051 0.30040237 0.50083953
v -0.12954709 0.01276563 -0.45677379
v -0.15270674 -0.02365967 -0.45041069
v -0.15334043 -0.00334271 -0.44911769
v -0.13503452 -0.01382221 -0.45440271
v -0.12675425 0.01115621 -0.45757645
v -0.11980608 -0.01381510 -0.45901385
v -0.11008157 -0.01801982 -0.46163139
v -0.11017573 -0.00970626 -0.46183246
v -0.08914899 -0.04237755 -0.46459031
v -0.10002000 -0.04588886 -0.46301660
v -0.10001677 -0.03890191 -0.46306658
v -0.07143147 -0.04236544 -0.46696651
v -0.08245471 -0.02030522 -0.46676874
v -0.05783119 -0.01519968 -0.46929479
v -0.04363326 -0.04234538 -0.46959448
v -0.08275072 -0.00789475 -0.46707168
v -0.08762492 -0.01571624 -0.46619409
v -0.08756705 -0.01193887 -0.46630570
v -0.08406533 -0.01379834 -0.46674353
v -0.05264646 -0.01377489 -0.47000220
v -0.05774983 -0.01251561 -0.46937442
v -0.05357247 -0.00669212 -0.47000155
v -0.05744107 -0.01377768 -0.46936226
v -0.05681721 -0.01407942 -0.46940103
v -0.05682820 -0.01348651 -0.46942350
v -0.04224527 -0.04234453 -0.46969420
v -0.04152245 -0.03971630 -0.46999052
v -0.04283850 -0.04251890 -0.46964297
v -0.04283842 -0.04217838 -0.46965805
v -0.02999255 -0.01522501 -0.47291082
v -0.01424739 -0.04233057 -0.47215757
v -0.02536180 -0.02009706 -0.47314936
v -0.00482180 -0.02350767 -0.47484148
v 0.00627025 -0.04231811 -0.47397870
v -0.03012927 -0.01216190 -0.47318697
v -0.04281088 0.01386084 -0.47188419
v -0.02678894 -0.01376051 -0.47346020
v -0.02443297 -0.00557871 -0.47406995
v -0.00281295 -0.01374837 -0.47571576
v 0.00334121 -0.01701854 -0.47650510
v 0.00356491 -0.01024857 -0.47694185
v -0.00595999 -0.00169234 -0.47599185
v 0.33971685 0.30599007 0.48096645
v 0.35711223 0.30142665 0.49878865
v 0.01434640 -0.03968177 -0.47519690
v 0.02612526 -0.04230273 -0.47580832
v 0.02466950 -0.01771534 -0.47790954
v 0.04293414 -0.04228926 -0.47661680
v 0.03645446 -0.02931849 -0.47771564
v 0.04938286 -0.02941635 -0.47775656
v 0.05897529 -0.04227859 -0.47616184
v 0.32854399 0.30039799 0.46476632
v 0.32853895 0.29024017 0.46307436
v 0.32433391 0.30250180 0.46008706
v 0.30932066 0.30039111 0.44836196
v 0.32516173 0.29870474 0.45967537
v 0.32022351 0.28375542 0.44967407
v 0.34301454 0.29316831 0.47933072
v 0.02442722 -0.00949077 -0.47840530
v 0.01437670 0.01037735 -0.47887984
v 0.03316912 -0.01372015 -0.47893316
v 0.03808907 0.00509394 -0.47932708
v 0.05270069 -0.01370604 -0.47900766
v 0.06132851 -0.01777769 -0.47805220
v 0.06142864 -0.00953056 -0.47824073
v 0.04781317 0.00519809 -0.47936609
v 0.35711187 0.29883149 0.49769989
v 0.35937878 0.29587859 0.50084531
v 0.07152259 -0.03935893 -0.47570473
v 0.08024061 -0.04226713 -0.47423643
v 0.08262684 -0.01690369 -0.47630477
v 0.10010614 -0.04225820 -0.47226465
v 0.09057890 -0.02318083 -0.47462326
v 0.11265884 -0.01722573 -0.47163844
v 0.12446079 -0.04225705 -0.46773171
v 0.33900815 0.27707961 0.47229478
v 0.34954214 0.27857822 0.48740357
v 0.08255344 -0.01040406 -0.47646597
v 0.07156864 0.01141118 -0.47682780
v 0.08868636 -0.01369308 -0.47557369
v 0.09087972 -0.00364062 -0.47491246
v 0.11348791 -0.01369178 -0.47175640
v 0.11965649 -0.02415517 -0.46986261
v 0.11521883 -0.01448103 -0.47145015
v 0.11526476 -0.01285846 -0.47153997
v 0.12149190 -0.01369229 -0.46986872
v 0.11252525 -0.00987688 -0.47178173
v 0.12042088 -0.00174336 -0.46987462
v 0.33247012 0.27184010 0.46441436
v 0.31799906 0.27182484 0.44371688
v 0.33128774 0.24878374 0.45527789
v 0.33861864 0.26680329 0.47230566
v 0.35927844 0.27185810 0.50087196
v 0.14273301 -0.04225612 -0.46282452
v 0.12869617 -0.04395283 -0.46645030
v 0.12869938 -0.04076609 -0.46686411
v 0.15729117 -0.04225555 -0.45898986
v 0.15200116 -0.03166974 -0.46084684
v 0.16000330 -0.03684655 -0.45825011
v 0.16173658 -0.04225516 -0.45776236
v 0.15124545 0.00272329 -0.46165204
v 0.14057891 -0.01612429 -0.46498975
v 0.14064118 -0.01131890 -0.46511114
v 0.14632812 -0.01369221 -0.46323380
v 0.16057497 0.00838904 -0.45881790
v 0.16543490 -0.01369146 -0.45750540
v 0.18056378 -0.02264529 -0.45192868
v 0.18073110 -0.00458971 -0.45163676
v 0.34933084 0.26533586 0.48783678
v 0.35525844 0.24697348 0.50089300
v 0.29998738 0.29897213 0.44085991
v 0.29998735 0.30109674 0.44227019
v 0.30168527 0.30038786 0.44284001
v 0.18587212 -0.05208785 -0.45014572
v 0.18589006 -0.03253642 -0.45038366
v 0.19637536 -0.05128908 -0.44650280
v 0.19663937 -0.03334737 -0.44663504
v 0.21446300 -0.04225979 -0.43878025
v 0.18976237 -0.02411636 -0.44898573
v 0.18965150 -0.00314507 -0.44874498
v 0.30741674 0.26496464 0.43000874
v 0.31821275 0.26391646 0.43976992
v 0.31226635 0.27381653 0.43972239
v 0.31551346 0.27182269 0.44120678
v 0.31547850 0.27426335 0.44249386
v 0.29849291 0.25903076 0.41815135
v 0.29427612 0.28036833 0.42657644
v 0.24296460 0.31320354 0.41796038
v -0.16451177 0.00414381 -0.44520339
v -0.18570650 0.01473230 -0.43812376
v -0.16339372 0.02590020 -0.44465470
v -0.15935418 0.03127059 -0.44598269
v -0.15875548 0.05596815 -0.44480106
v -0.13017087 0.01475377 -0.45659006
v -0.15713932 0.00368626 -0.44796306
v -0.15712239 0.02631225 -0.44696674
v -0.12855123 0.01475461 -0.45713818
v -0.12952118 0.01669562 -0.45675012
v -0.12692258 0.01801163 -0.45740432
v -0.12277235 0.01475766 -0.45866245
v -0.15394300 0.03221756 -0.44786662
v -0.15472399 0.05522650 -0.44628647
v -0.13480514 0.04333345 -0.45402324
v -0.12026446 0.04334190 -0.45803416
v -0.10961506 0.03870278 -0.46076047
v -0.10948795 0.04810993 -0.46051663
v -0.09182881 0.01477426 -0.46595752
v -0.09997727 0.01210343 -0.46470699
v -0.09997359 0.01757236 -0.46443206
v -0.07139691 0.01478826 -0.46954283
v -0.04612900 0.01480572 -0.47165132
v -0.08298168 0.03797391 -0.46732524
v -0.05760601 0.04233897 -0.46947092
v -0.08205201 0.05059642 -0.46639746
v -0.08745203 0.04157818 -0.46646515
v -0.08751212 0.04519709 -0.46634287
v -0.08414682 0.04335840 -0.46696869
v -0.05405917 0.03732129 -0.46998975
v -0.04863624 0.04338413 -0.46998030
v -0.05783154 0.04486979 -0.46924436
v -0.05735803 0.04337807 -0.46944588
v -0.05683892 0.04313139 -0.46949562
v -0.05680580 0.04365830 -0.46942979
v -0.04280980 0.01577022 -0.47191298
v -0.03754665 0.01481186 -0.47261658
v -0.02912886 0.04276519 -0.47122312
v -0.01422082 0.01482600 -0.47550130
v -0.02669109 0.03978629 -0.47176555
v -0.00502736 0.03318415 -0.47506231
v -0.00010404 0.01483610 -0.47719324
v -0.02909760 0.04399911 -0.47116065
v -0.02782136 0.04339874 -0.47130603
v -0.03479281 0.05599078 -0.46995729
v -0.02715269 0.04608310 -0.47129661
v -0.00219585 0.04341736 -0.47451690
v 0.00290975 0.04060849 -0.47555885
v 0.00264226 0.04596370 -0.47501618
v -0.00397989 0.05157157 -0.47401017
v 0.01438076 0.01928841 -0.47882184
v 0.03369548 0.01486023 -0.47957522
v 0.02495501 0.03970272 -0.47738689
v 0.04298240 0.01486620 -0.47967762
v 0.03755389 0.02572488 -0.47877538
v 0.04842472 0.02573200 -0.47876614
v 0.05433176 0.01487036 -0.47852612
v 0.02528970 0.04683997 -0.47671816
v 0.01440792 0.07110459 -0.47171271
v 0.03261551 0.04344077 -0.47774914
v 0.03473537 0.05550370 -0.47593188
v 0.05337394 0.04344523 -0.47773209
v 0.06089382 0.03984982 -0.47709277
v 0.06072531 0.04687439 -0.47674873
v 0.05126651 0.05550228 -0.47591901
v 0.07157473 0.01828810 -0.47671932
v 0.08208147 0.01487646 -0.47514498
v 0.08424775 0.04181246 -0.47315750
v 0.10016048 0.01487738 -0.47262597
v 0.08865387 0.03791673 -0.47264558
v 0.11271188 0.03992045 -0.46811235
v 0.12512292 0.01487083 -0.46806633
v 0.08434006 0.04499997 -0.47297370
v 0.07160706 0.07054899 -0.47281584
v 0.10122895 0.04344767 -0.46987468
v 0.08724610 0.04345175 -0.47258884
v 0.08811629 0.04789707 -0.47209707
v 0.11190403 0.04859560 -0.46729544
v 0.11336891 0.04344434 -0.46765614
v 0.11575435 0.04216779 -0.46732002
v 0.11603018 0.04499297 -0.46677327
v 0.13965182 0.01487079 -0.46442500
v 0.12874857 0.01368050 -0.46749562
v 0.12875088 0.01618493 -0.46724868
v 0.15733562 0.01487111 -0.46006322
v 0.15234601 0.02486172 -0.46057874
v 0.16057827 0.02133656 -0.45881534
v 0.16251513 0.01487095 -0.45816749
v 0.13971815 0.04009424 -0.46318558
v 0.13914302 0.04736187 -0.46202004
v 0.14778201 0.04343778 -0.46044943
v 0.16486740 0.04343747 -0.45630246
v 0.18102911 0.03406793 -0.45113027
v 0.18335617 0.05511259 -0.44652435
v 0.18592198 0.00487162 -0.44985503
v 0.18593878 0.02509766 -0.44941077
v 0.19517645 0.00520792 -0.44590950
v 0.19471467 0.02476751 -0.44568324
v 0.21451889 0.01486253 -0.43487442
v 0.18920118 0.03240424 -0.44780755
v 0.18755743 0.05612474 -0.44449851
v -0.04269571 0.28837681 0.41966152
v -0.06251901 0.30034566 0.43370140
v -0.04270080 0.30636913 0.43156254
v -0.09742700 0.30032992 0.44481194
v -0.07128346 0.30034018 0.43700072
v -0.04143895 0.28481081 0.41754970
v -0.04402891 0.28472912 0.41771123
v -0.06855193 0.29488003 0.43205321
v -0.09986348 0.30231440 0.44756037
v -0.11251786 0.30032343 0.44991517
v -0.09986533 0.29965031 0.44495147
v -0.09891555 0.29842964 0.44359425
v -0.10100253 0.29805502 0.44359487
v -0.13181382 0.30200753 0.45955491
v -0.13073401 0.30031469 0.45671481
v -0.12843108 0.30031595 0.45553789
v -0.14571333 0.30896032 0.47778058
v -0.09419075 0.28036723 0.42639738
v -0.07441584 0.29407525 0.43245515
v -0.12255632 0.27173921 0.42682311
v -0.10621896 0.27968773 0.42774630
v -0.12057340 0.28458852 0.43718478
v -0.15700543 0.30719540 0.48692748
v -0.15699682 0.29630902 0.47214204
v -0.15699685 0.28985530 0.46447828
v -0.14539175 0.27706814 0.44359851
v -0.16300523 0.28902403 0.46913889
v -0.18556765 0.27406621 0.47096574
v -0.17078617 0.30031204 0.49379620
v -0.16729547 0.29117149 0.47728407
v -0.18556947 0.27626455 0.47440189
v -0.18014744 0.28944126 0.49183947
v -0.19654924 0.27836186 0.49736488
v -0.17661558 0.30031812 0.50067037
v -0.18262228 0.29439455 0.50067109
v -0.19394046 0.28358904 0.50066894
v -0.16555852 0.27745122 0.45503545
v -0.15653849 0.27172470 0.44359934
v -0.14753561 0.26691079 0.43398726
v -0.14465332 0.27366015 0.43973878
v -0.13859208 0.27172959 0.43534732
v -0.14002220 0.27712715 0.44090411
v -0.18079767 0.27172446 0.46260759
v -0.16879523 0.26923585 0.44857234
v -0.16791071 0.26497579 0.44360274
v -0.17518327 0.26392037 0.44749916
v -0.18819737 0.27304018 0.47213334
v -0.18727100 0.27172455 0.46873152
v -0.19756472 0.26572931 0.47213060
v -0.16116111 0.05963715 -0.44354087
v -0.18567762 0.07187893 -0.43403304
v -0.15922190 0.08512672 -0.44256654
v -0.15777341 0.08685376 -0.44284105
v -0.20183054 0.27568060 0.50066662
v -0.15711147 0.05936538 -0.44501492
v -0.15710640 0.08528066 -0.44331726
v -0.14171827 0.06532098 -0.44919577
v -0.12854120 0.06676395 -0.45319712
v -0.12477861 0.07003801 -0.45388976
v -0.14678645 0.08103188 -0.44666055
v -0.12854065 0.07191792 -0.45273694
v -0.12853898 0.08024774 -0.45160449
v -0.12396936 0.07420574 -0.45348331
v -0.20184927 0.27373022 0.49668896
v -0.15616909 0.08712440 -0.44337878
v -0.13184717 0.10049684 -0.44809431
v -0.12417881 0.10050318 -0.45017660
v -0.10691462 0.09317344 -0.45535690
v -0.10565484 0.10910562 -0.45282745
v -0.19154316 0.25509983 0.45190257
v -0.08485028 0.07194270 -0.46245867
v -0.09996182 0.06723988 -0.46064669
v -0.09996050 0.07737063 -0.45915619
v -0.07137632 0.07195085 -0.46530870
v -0.07833621 0.08586347 -0.46266812
v -0.06237613 0.08994856 -0.46468326
v -0.04686570 0.07196689 -0.46792233
v -0.20748486 0.27174217 0.50066465
v -0.20752053 0.26407349 0.48536411
v -0.07381327 0.12422765 -0.45812273
v -0.09089831 0.09528995 -0.45955563
v -0.09212793 0.10697871 -0.45708358
v -0.08070253 0.10052402 -0.46006843
v -0.06752365 0.12141625 -0.45952487
v -0.06035554 0.10053923 -0.46342006
v -0.05424480 0.09771008 -0.46429735
v -0.05367802 0.10394078 -0.46316457
v -0.03941184 0.07197195 -0.46826836
v -0.04278364 0.07115536 -0.46832943
v -0.04278298 0.07290432 -0.46808743
v -0.01418965 0.07199155 -0.46980980
v 0.01122922 0.07200993 -0.47148883
v -0.02571733 0.09503883 -0.46716762
v -0.00201828 0.09631420 -0.46777433
v -0.22149119 0.25782108 0.50066805
v -0.02194508 0.11361358 -0.46339071
v -0.03007345 0.09896575 -0.46674767
v -0.03043261 0.10251006 -0.46602738
v -0.02672414 0.10056021 -0.46642056
v 0.00839851 0.08402158 -0.46989888
v -0.00532899 0.11145398 -0.46445999
v -0.00121354 0.10057511 -0.46724936
v 0.00124090 0.09945057 -0.46764964
v 0.00151174 0.10197099 -0.46710894
v 0.01440866 0.07286058 -0.47159454
v 0.01832061 0.07201353 -0.47184953
v 0.02317561 0.08952442 -0.46988651
v 0.04300937 0.07201985 -0.47370666
v 0.06560136 0.07202198 -0.47287169
v 0.02949560 0.09902586 -0.46909881
v 0.05672328 0.09941240 -0.46927309
v 0.03189894 0.10694587 -0.46669567
v 0.02817502 0.10004835 -0.46880275
v 0.02803886 0.10126205 -0.46852970
v 0.02928049 0.10058744 -0.46874806
v 0.06044690 0.09433150 -0.46986389
v 0.05480097 0.10561639 -0.46734974
v 0.05688820 0.10059290 -0.46901110
v 0.05772614 0.10018154 -0.46903953
v 0.05786959 0.10114716 -0.46875355
v 0.07160825 0.07335675 -0.47253811
v 0.07585295 0.07202138 -0.47198755
v 0.07713068 0.08304945 -0.46986294
v 0.10020045 0.07201825 -0.46757132
v 0.08987065 0.09267493 -0.46589971
v 0.10790922 0.08739836 -0.46326339
v 0.11648361 0.07201222 -0.46371233
v 0.08385640 0.09853279 -0.46574405
v 0.08325291 0.10324695 -0.46453476
v 0.08866253 0.10058694 -0.46436292
v 0.10954989 0.10057869 -0.45992714
v 0.11981361 0.09527970 -0.45926327
v 0.12239946 0.10844146 -0.45411116
v 0.12879053 0.06779562 -0.46143955
v 0.12879750 0.07689070 -0.46009225
v 0.15464392 0.07063027 -0.45420891
v 0.15738657 0.06853896 -0.45384958
v 0.16899033 0.06620298 -0.44978929
v 0.15405743 0.07366688 -0.45391420
v 0.15738998 0.07200158 -0.45314538
v 0.15739514 0.08162098 -0.45077354
v 0.13605852 0.09352449 -0.45577377
v 0.13354394 0.11012937 -0.45072824
v 0.15439153 0.10056228 -0.44732913
v 0.15957792 0.10056069 -0.44564825
v 0.18596765 0.05945376 -0.44478822
v 0.18916889 0.05931562 -0.44291672
v -0.12853383 0.11286841 -0.44763893
v -0.11525571 0.12244850 -0.44908482
v -0.12852480 0.12908140 -0.44500315
v -0.11184458 0.13742909 -0.44736302
v -0.10340922 0.14684691 -0.44832802
v -0.07454813 0.12910640 -0.45726773
v -0.09995742 0.12086196 -0.45353594
v -0.09994615 0.13891163 -0.45034409
v -0.07137237 0.12910797 -0.45799306
v -0.07286835 0.13209884 -0.45717111
v -0.06967610 0.13249847 -0.45736685
v -0.06545240 0.12911116 -0.45862865
v -0.09567362 0.14765498 -0.44992584
v -0.07504249 0.15767780 -0.44871533
v -0.06728618 0.15768073 -0.44950265
v -0.04894605 0.14956945 -0.45368093
v -0.04585791 0.16888283 -0.44750637
v -0.02273925 0.12913111 -0.45990142
v -0.04277797 0.12475391 -0.46119878
v -0.04277591 0.13489687 -0.45837519
v -0.01417737 0.12913550 -0.45997086
v -0.01698400 0.13474379 -0.45841986
v -0.01135592 0.13476691 -0.45842713
v -0.00506309 0.12914032 -0.46016198
v -0.03623395 0.14993989 -0.45440289
v -0.03941213 0.16862673 -0.44801909
v -0.02002828 0.15769659 -0.45303649
v -0.00827973 0.15769985 -0.45306206
v 0.00743627 0.15041421 -0.45528769
v 0.01025008 0.16779044 -0.44968578
v 0.03400030 0.12915415 -0.46008593
v 0.01441893 0.12524548 -0.46207249
v 0.01442587 0.13419975 -0.45976973
v 0.04302226 0.12915584 -0.45972636
v 0.04029490 0.13460857 -0.45830134
v 0.04534686 0.13379359 -0.45789188
v 0.05049615 0.12915546 -0.45930541
v 0.02135119 0.15033311 -0.45510554
v 0.01858330 0.16786596 -0.44953704
v 0.03828077 0.15771469 -0.45080805
v 0.04721141 0.15771547 -0.44959980
v 0.06669776 0.14836307 -0.45113960
v 0.07162142 0.12417571 -0.45989794
v 0.07162792 0.13643317 -0.45528758
v 0.09826998 0.12817204 -0.45458606
v 0.10022665 0.12712252 -0.45454955
v 0.10451032 0.12700750 -0.45342499
v 0.09665478 0.13093407 -0.45377827
v 0.10022777 0.12914899 -0.45385090
v 0.10023139 0.14592807 -0.44716787
v 0.07628837 0.14808343 -0.45057985
v 0.09957339 0.15771464 -0.44259036
v 0.10074238 0.15771435 -0.44228634
v 0.12882361 0.11871532 -0.44901732
v 0.13774493 0.11930276 -0.44574803
v 0.15740715 0.10619281 -0.44412345
v 0.15741235 0.12912391 -0.43246043
v 0.33582246 0.24692164 0.46168548
v 0.34492719 0.25148183 0.47841525
v 0.33263588 0.24327369 0.45598823
v 0.33588645 0.23960182 0.46172398
v 0.33160374 0.23712835 0.45497155
v 0.32853696 0.24326780 0.44724542
v 0.35468820 0.24329381 0.49969205
v 0.34500748 0.23505297 0.47838551
v 0.35513312 0.24329430 0.50089645
v 0.35548723 0.24007398 0.50089866
v 0.34128386 0.22109979 0.47234559
v 0.34990734 0.22183219 0.48670822
v 0.33409005 0.21471791 0.46122092
v 0.32479084 0.21470720 0.44377530
v 0.33948606 0.20924535 0.47234911
v 0.32852548 0.19026308 0.46012169
v 0.35986990 0.21474087 0.50091124
v 0.35775360 0.18753111 0.50092238
v 0.34898013 0.20855343 0.48854554
v 0.29999650 0.25580937 0.41858211
v 0.32147092 0.24325758 0.43299806
v 0.32631829 0.19057590 0.45586041
v 0.31919664 0.20481575 0.43883428
v 0.31901404 0.21470349 0.43425789
v 0.32231766 0.23080939 0.43569916
v -0.12848496 0.18622382 -0.42780018
v -0.07136064 0.16734892 -0.44618320
v -0.05023850 0.17570548 -0.44505742
v -0.07135025 0.18624464 -0.44033486
v -0.04276203 0.17428660 -0.44594324
v -0.03454699 0.17607838 -0.44541267
v -0.01415384 0.17134583 -0.44812548
v 0.00437094 0.17702404 -0.44632256
v -0.01414422 0.18626657 -0.44206715
v 0.01445765 0.17490609 -0.44711721
v 0.02328370 0.17639831 -0.44568700
v 0.04305355 0.16784421 -0.44634300
v 0.04306405 0.18627861 -0.43898740
v 0.10023427 0.15884441 -0.44183531
v -0.18275294 0.24314246 0.43075293
v -0.15700455 0.25225142 0.42543718
v -0.20824635 0.25448886 0.46918172
v -0.20532776 0.24314594 0.44800192
v -0.18558016 0.24314235 0.43270123
v -0.21051429 0.25562337 0.47394398
v -0.18451127 0.21455550 0.41727254
v -0.18442225 0.24082169 0.43049967
v -0.21415004 0.25415519 0.47869259
v -0.21415024 0.24988472 0.47213066
v -0.21415515 0.23769674 0.45448899
v -0.20897537 0.23277107 0.44359782
v -0.22461355 0.23409623 0.46691185
v -0.23034398 0.24315867 0.49259430
v -0.22903009 0.23631021 0.47957161
v -0.23721671 0.23213628 0.49192542
v -0.23412976 0.24316522 0.50067806
v -0.23899832 0.23570211 0.50068402
v -0.22717886 0.21585339 0.44616038
v -0.24023505 0.21583234 0.47214633
v -0.22607708 0.21456818 0.44359595
v -0.21045455 0.20400907 0.42252994
v -0.20667660 0.22134900 0.43004245
v -0.18759666 0.21455610 0.41903061
v -0.18766239 0.23898450 0.43141687
v -0.22774500 0.21384998 0.44503182
v -0.22747064 0.21257882 0.44359553
v -0.23147844 0.20853627 0.44661161
v -0.24185558 0.21458487 0.47389749
v -0.24133575 0.21388625 0.47214723
v -0.24273258 0.20869541 0.46920750
v -0.24273002 0.21211210 0.47338453
v -0.25441861 0.21459545 0.50069839
v -0.24548757 0.19149888 0.45512956
v -0.25519904 0.21100181 0.49890715
v -0.25551924 0.21164441 0.50070071
v 0.35753980 0.18619199 0.50069445
v 0.35771105 0.18619198 0.50092304
v 0.34342206 0.19362280 0.47919297
v 0.35708246 0.18654490 0.50021642
v 0.32852551 0.18616265 0.46056995
v 0.32852298 0.17256799 0.46488139
v 0.32706219 0.18689349 0.45880380
v 0.32594994 0.18615979 0.45678198
v 0.32703987 0.18541826 0.45881584
v 0.34279406 0.17903860 0.47951698
v 0.35708231 0.18586771 0.50027478
v 0.35743442 0.18548843 0.50092334
v 0.33124048 0.15897271 0.47237390
v 0.34808308 0.16290936 0.49035937
v 0.32943144 0.15761122 0.47055107
v 0.32574382 0.15760812 0.46681386
v 0.33051345 0.15661524 0.47237521
v 0.32852030 0.15523390 0.47118643
v 0.35394043 0.15762202 0.50093895
v 0.34701306 0.15340245 0.49250770
v 0.34986478 0.14348248 0.50094652
v 0.30981147 0.16647857 0.44379255
v 0.29999170 0.17556196 0.42263824
v 0.31409177 0.18614522 0.43673021
v 0.31139567 0.16045153 0.44951299
v 0.30684617 0.15758982 0.44379494
v 0.31087071 0.15421337 0.45056498
v 0.29689282 0.13520257 0.44380403
v 0.29371566 0.14957070 0.42778140
v 0.29693964 0.16879931 0.42132983
v -0.23574051 0.18598561 0.43282866
v -0.21419856 0.19704473 0.42149031
v -0.25099558 0.19013700 0.46200806
v -0.24826670 0.18600094 0.45511708
v -0.25650433 0.17911574 0.46477354
v -0.25053489 0.17039759 0.45009351
v -0.24274886 0.18599424 0.44469130
v -0.25777858 0.19354327 0.47891349
v -0.26920983 0.18603088 0.49968809
v -0.26324058 0.17574611 0.47619277
v -0.26959708 0.18603142 0.50072056
v -0.25074852 0.15741625 0.44361350
v -0.24203560 0.15740466 0.41651395
v -0.23871714 0.17790553 0.43335891
v -0.18674210 -0.21550719 -0.39941192
v -0.18462759 -0.21639669 -0.39985377
v -0.16034630 -0.21986997 -0.41281816
v -0.16231005 -0.23308894 -0.39420190
v -0.12873745 -0.24848351 -0.38723212
v -0.10385342 -0.25848490 -0.38598379
v -0.15731546 -0.21640733 -0.41799968
v -0.13246603 -0.21567093 -0.42893997
v -0.15240863 -0.22362477 -0.41280210
v -0.13247599 -0.22129226 -0.42331830
v -0.13863254 -0.23358917 -0.40838188
v -0.15002802 -0.23538795 -0.39879763
v -0.13460922 -0.24237049 -0.39592984
v -0.09819353 -0.24234590 -0.41270846
v -0.12127058 -0.22870475 -0.41958210
v -0.11624768 -0.23874907 -0.41093114
v -0.11245897 -0.23838960 -0.41273069
v -0.11898982 -0.24235828 -0.40364704
v -0.10785490 -0.24894086 -0.39954174
v -0.11292136 -0.24083327 -0.40968657
v -0.12872651 -0.21745138 -0.42889008
v -0.08711562 -0.24486080 -0.41269234
v -0.10015675 -0.25848693 -0.38783434
v -0.08691512 -0.24340153 -0.41481686
v -0.08470510 -0.24463402 -0.41383737
v -0.06036739 -0.24852836 -0.41575813
v -0.08272555 -0.24859518 -0.40955535
v -0.06400123 -0.25578091 -0.40593076
v -0.09154019 -0.26093611 -0.38842472
v -0.07157421 -0.27090251 -0.38311768
v -0.07157086 -0.26311198 -0.39448151
v -0.06215877 -0.26619330 -0.39366060
v -0.08884092 -0.23935467 -0.41867822
v -0.12084775 -0.21773136 -0.43099004
v -0.10013746 -0.22355103 -0.43227240
v -0.10012633 -0.21101266 -0.44132602
v -0.08891347 -0.22245803 -0.43569165
v -0.08376525 -0.24233925 -0.41686195
v -0.06228627 -0.24233177 -0.42271316
v -0.05189017 -0.25307336 -0.41264606
v -0.05346713 -0.24612089 -0.42024422
v -0.04635214 -0.23143551 -0.43446261
v -0.07154627 -0.22805634 -0.43412766
v -0.03514912 -0.25522906 -0.41262680
v -0.04298390 -0.26488620 -0.40063351
v -0.03341176 -0.24704409 -0.42208877
v -0.02399369 -0.25168550 -0.41730794
v -0.00503482 -0.25215399 -0.41753334
v -0.01550638 -0.26866966 -0.39941972
v -0.01338010 -0.26881635 -0.39934400
v -0.01576347 -0.27019119 -0.39764166
v -0.01440739 -0.27086827 -0.39689475
v -0.01440699 -0.27008238 -0.39792544
v -0.01329089 -0.27030990 -0.39775985
v -0.04031327 -0.23069131 -0.43594152
v -0.04708312 -0.22598776 -0.43918857
v -0.04295906 -0.22691301 -0.43897575
v -0.04295606 -0.22289494 -0.44125015
v -0.03933483 -0.22623500 -0.43943051
v -0.02163621 -0.24231257 -0.42670494
v -0.00740597 -0.24230400 -0.42723185
v 0.00698104 -0.25646001 -0.41259429
v 0.00463345 -0.24702400 -0.42206681
v 0.00926510 -0.23294124 -0.43131626
v -0.01437699 -0.23098350 -0.43554384
v 0.02174136 -0.25574258 -0.41258752
v 0.01417844 -0.26588345 -0.40264449
v 0.02405639 -0.24670328 -0.42143971
v 0.03274937 -0.25081411 -0.41685843
v 0.05327026 -0.24984118 -0.41637081
v 0.04094813 -0.26722410 -0.40010387
v 0.04484692 -0.26666340 -0.40038177
v 0.04091201 -0.26992023 -0.39737323
v 0.04275560 -0.27084059 -0.39627793
v 0.04275612 -0.26957792 -0.39766267
v 0.04509291 -0.26967174 -0.39712587
v 0.01946134 -0.23326033 -0.43065989
v 0.00659572 -0.22420837 -0.43739149
v 0.01420628 -0.22532177 -0.43581903
v 0.01421753 -0.21298432 -0.44120097
v 0.02484916 -0.22267985 -0.43586358
v 0.03412325 -0.24227285 -0.42386109
v 0.05198713 -0.24226208 -0.42274255
v 0.06197020 -0.25207704 -0.41257918
v 0.06026577 -0.24545383 -0.41897470
v 0.06291807 -0.23641461 -0.42426580
v 0.04278903 -0.22484612 -0.43245751
v 0.08512873 -0.24327797 -0.41257384
v 0.07134064 -0.26370698 -0.39834219
v 0.08535761 -0.24253228 -0.41315317
v 0.08587405 -0.24269636 -0.41280079
v 0.08620833 -0.24336582 -0.41201207
v 0.08628814 -0.26400268 -0.39147931
v 0.09991564 -0.27080774 -0.37907049
v 0.09992349 -0.25788397 -0.39183128
v 0.08497246 -0.24156724 -0.41392574
v 0.05551738 -0.22004811 -0.43324116
v 0.07137913 -0.22252184 -0.43027222
v 0.09665507 -0.21532264 -0.42852998
v 0.08754038 -0.24224146 -0.41257429
v 0.08595190 -0.24224228 -0.41318217
v 0.10222083 -0.21817248 -0.42461780
v 0.11045250 -0.23466876 -0.40880269
v 0.12431115 -0.22210106 -0.41259372
v 0.10961445 -0.24223162 -0.40335804
v 0.11894067 -0.23751599 -0.40316373
v 0.09996948 -0.21521716 -0.42764935
v 0.10153051 -0.21444340 -0.42765403
v 0.12854317 -0.21528867 -0.41587120
v 0.13073057 -0.21803573 -0.41259891
v 0.15487979 -0.21807845 -0.40054953
v 0.13519038 -0.23461246 -0.39738125
v 0.15854280 -0.21653922 -0.39978373
v -0.26258537 0.16737159 0.47217539
v -0.25339741 0.15742078 0.45085022
v -0.25918314 0.14919050 0.47218814
v -0.21605836 -0.20035172 -0.38512564
v -0.20188570 -0.18527648 -0.41290858
v -0.21620391 -0.16022871 -0.41294578
v -0.21574309 -0.19831698 -0.38684881
v -0.22116226 -0.17769229 -0.39775157
v -0.18817700 -0.21383980 -0.39971635
v -0.20087692 -0.18667799 -0.41290620
v -0.21449269 -0.20060024 -0.38640475
v -0.20064177 -0.18574333 -0.41384098
v -0.18590605 -0.21383904 -0.40173221
v -0.19918849 -0.18724899 -0.41389030
v -0.17867202 -0.19940472 -0.41993630
v -0.16455083 -0.21382195 -0.41644710
v -0.18929531 -0.21553266 -0.39688891
v -0.18591052 -0.21768947 -0.39664912
v -0.20084380 -0.18460602 -0.41424793
v -0.21444401 -0.15811245 -0.41573766
v -0.19279082 -0.16016927 -0.43065891
v -0.19907817 -0.18527535 -0.41509593
v -0.17906481 -0.18526493 -0.42782199
v -0.16299739 -0.19384949 -0.43003446
v -0.16008754 -0.17237502 -0.44143525
v -0.18586846 -0.16672076 -0.43219173
v -0.15731107 -0.20891909 -0.42262578
v -0.13620748 -0.21006605 -0.43082237
v -0.15729187 -0.17468594 -0.44142988
v -0.15317997 -0.19541763 -0.43316716
v -0.13753052 -0.18965293 -0.44139200
v 0.06814576 -0.20101956 -0.43956158
v 0.07082358 -0.19882551 -0.44004500
v 0.06498044 -0.19619295 -0.44119108
v 0.07139322 -0.20024551 -0.43948326
v 0.08394901 -0.20566435 -0.43489736
v 0.07139686 -0.19476458 -0.44119000
v 0.07203770 -0.19875196 -0.43989864
v 0.09998409 -0.19427454 -0.43659052
v 0.10319561 -0.21205185 -0.42848688
v 0.09700033 -0.18360262 -0.44119295
v 0.09959446 -0.18509597 -0.44039896
v 0.10047883 -0.18509555 -0.44021341
v 0.12327312 -0.19407862 -0.43059942
v 0.12705049 -0.17232835 -0.43813816
v 0.09999085 -0.18405819 -0.44067243
v 0.12854904 -0.21048707 -0.41893235
v 0.13311103 -0.21365084 -0.41488647
v 0.13606796 -0.19186178 -0.42618364
v 0.15710150 -0.21364513 -0.40295440
v 0.14822051 -0.19583529 -0.41800675
v 0.16855522 -0.19076347 -0.40979528
v 0.16140611 -0.21364410 -0.40049443
v 0.15708697 -0.22551087 -0.39239949
v 0.16493510 -0.21756496 -0.39441878
v 0.13121378 -0.17342715 -0.43593836
v 0.12534438 -0.16917700 -0.43958557
v 0.12858471 -0.16956562 -0.43874562
v 0.12858939 -0.16305995 -0.44120848
v 0.13593461 -0.16711918 -0.43753457
v 0.16930532 -0.18506953 -0.41264552
v 0.14857525 -0.18507475 -0.42407572
v 0.16986088 -0.18196981 -0.41419685
v 0.17097764 -0.18421073 -0.41221762
v 0.17328736 -0.18131274 -0.41264915
v 0.17093034 -0.18506916 -0.41169551
v 0.17281663 -0.18648253 -0.40982026
v 0.17200445 -0.18447070 -0.41145036
v 0.15715744 -0.16517550 -0.43126822
v 0.18565901 -0.20345294 -0.39227748
v 0.19319959 -0.20312639 -0.38785523
v 0.21423952 -0.18518059 -0.38416684
v 0.16449146 -0.16016816 -0.43060392
v 0.18571487 -0.15960416 -0.41887045
v 0.19019324 -0.16548309 -0.41266537
v 0.21189201 -0.16124776 -0.40077072
v 0.19119897 -0.19381988 -0.39515495
v 0.19444251 -0.17955005 -0.40162510
v 0.21413751 -0.18506430 -0.38431299
v 0.21557236 -0.15911090 -0.39970508
v 0.21429135 -0.18506432 -0.38421226
v -0.26791915 0.17932667 0.50072354
v -0.22931950 -0.12936556 -0.41356814
v -0.21682028 -0.15671709 -0.41413656
v -0.23106636 -0.13285016 -0.41061699
v -0.22265513 -0.15671961 -0.40885231
v -0.23494686 -0.16076761 -0.39463824
v -0.24303545 -0.15672991 -0.38825387
v -0.24302509 -0.14725272 -0.39395487
v -0.23740044 -0.15391257 -0.39587268
v -0.23059312 -0.12815474 -0.41296375
v -0.24802423 -0.10967565 -0.40373820
v -0.24899161 -0.12816629 -0.39638805
v -0.22927785 -0.12815446 -0.41409373
v -0.22769822 -0.12916787 -0.41498950
v -0.22738270 -0.12682562 -0.41561621
v -0.22991547 -0.12574340 -0.41416883
v -0.21444072 -0.15478189 -0.41681466
v -0.19489393 -0.15218942 -0.43171984
v -0.20753115 -0.13553807 -0.42772576
v -0.18583749 -0.12859038 -0.44125849
v -0.20855212 -0.11971842 -0.42979354
v -0.21440314 -0.10730300 -0.42839903
v -0.20195594 -0.10763569 -0.43528146
v -0.18593581 -0.12813726 -0.44128820
v -0.18578294 -0.12813719 -0.44137684
v -0.18539320 -0.12835903 -0.44148463
v -0.18557820 -0.12800777 -0.44148499
v -0.18583702 -0.12791857 -0.44137594
v 0.16987078 -0.15015358 -0.43329382
v 0.18175592 -0.13823195 -0.43325117
v 0.18526311 -0.11417476 -0.44019943
v 0.16605492 -0.13237566 -0.44122839
v 0.18071793 -0.11618774 -0.44123238
v 0.18572628 -0.15091053 -0.42385200
v 0.19308202 -0.15650149 -0.41635582
v 0.19209382 -0.13587289 -0.42853922
v 0.21427150 -0.15650171 -0.40214893
v 0.20577097 -0.13944817 -0.41843575
v 0.22199267 -0.14110170 -0.40610734
v 0.21738759 -0.15650158 -0.39996138
v 0.22151348 -0.16012472 -0.39478084
v 0.18680632 -0.11468523 -0.43917900
v 0.18476674 -0.11315042 -0.44072610
v 0.18578181 -0.11318187 -0.44028199
v 0.18578932 -0.10877757 -0.44123426
v 0.19499066 -0.10905641 -0.43663871
v 0.22400786 -0.12793827 -0.41269144
v 0.20579490 -0.12793967 -0.42420670
v 0.22091633 -0.11252369 -0.42039871
v 0.22735651 -0.12545486 -0.41145170
v 0.22734511 -0.12793840 -0.41019729
v 0.23437485 -0.13373017 -0.40111259
v 0.23073998 -0.12579477 -0.40840897
v 0.21436304 -0.10221351 -0.42838994
v 0.24284898 -0.14412123 -0.38793451
v 0.24602506 -0.14380996 -0.38572338
v 0.21618509 -0.10028522 -0.42788225
v 0.24496652 -0.14010884 -0.38836220
v 0.24861768 -0.11939255 -0.39561391
v -0.26260316 0.16306984 0.48948765
v -0.24987772 0.14315064 0.45074981
v -0.24579370 0.13494359 0.43239278
v -0.26201439 0.15744990 0.50073349
v -0.26095927 0.15345505 0.49276257
v -0.25986454 0.15164053 0.50073689
v -0.25126493 -0.09959409 -0.40284187
v -0.24296945 -0.09959313 -0.41058969
v -0.23425153 -0.08218586 -0.41855645
v -0.22909501 -0.09958468 -0.42031187
v -0.24944428 -0.08662136 -0.40518153
v -0.26188892 -0.10905078 -0.38925767
v -0.26815471 -0.08700781 -0.38611946
v -0.24088445 -0.07101379 -0.41297472
v -0.25032932 -0.05724849 -0.40610093
v -0.25245976 -0.07102193 -0.40344843
v -0.23195666 -0.07101117 -0.41957358
v -0.22244330 -0.07722357 -0.42539173
v -0.22309691 -0.06545216 -0.42406279
v -0.23375714 -0.06078497 -0.41808182
v -0.21438774 -0.09157966 -0.42893988
v -0.20247340 -0.09123884 -0.43555003
v -0.20982969 -0.08074323 -0.43242788
v -0.19001730 -0.07310201 -0.44149634
v -0.20919466 -0.06186915 -0.43119681
v -0.18936595 -0.06919610 -0.44149595
v -0.21434447 -0.05037374 -0.42885107
v -0.20203710 -0.05055419 -0.43536317
v 0.20145199 -0.07729475 -0.44125119
v 0.21438722 -0.08957949 -0.43187326
v 0.22867952 -0.09937797 -0.41982421
v 0.21673729 -0.09819178 -0.42815727
v 0.24078925 -0.09938036 -0.41164023
v 0.20587519 -0.06654122 -0.44125745
v 0.21264748 -0.07081781 -0.43770826
v 0.21776673 -0.07081856 -0.43457747
v 0.24097629 -0.09546600 -0.41270921
v 0.23385607 -0.07598306 -0.42303771
v 0.23490448 -0.06462935 -0.42509630
v 0.24799287 -0.07082476 -0.41271949
v 0.21443556 -0.06336838 -0.43753716
v 0.24292143 -0.10124274 -0.40898556
v 0.24292764 -0.09815139 -0.41025212
v 0.25728849 -0.10647216 -0.39134619
v 0.26056907 -0.09392543 -0.39297855
v 0.27147272 -0.09938790 -0.38009197
v 0.27151987 -0.07295181 -0.38522476
v 0.22584246 -0.04795467 -0.43268406
v 0.24302459 -0.04675246 -0.42168862
v 0.25091952 -0.05811170 -0.41272414
v 0.25408167 -0.07398936 -0.40639764
v 0.25461817 -0.06818902 -0.40745088
v 0.26940969 -0.07083748 -0.38839769
v 0.27207929 -0.07083967 -0.38528028
v -0.27183264 0.00000188 -0.38523152
v -0.25262362 -0.04244731 -0.40355808
v -0.24291089 -0.04244183 -0.41140047
v -0.23358306 -0.02382310 -0.41796041
v -0.22930324 -0.04243387 -0.42044932
v -0.24996917 -0.02830506 -0.40578026
v -0.26955283 -0.05576597 -0.38541025
v -0.26877257 -0.02952440 -0.38579011
v -0.23989972 -0.01387291 -0.41299355
v -0.24948820 0.00144662 -0.40534437
v -0.27028617 -0.00076566 -0.38676706
v -0.25229374 -0.01388209 -0.40325475
v -0.23144293 -0.01386644 -0.41868070
v -0.22340047 -0.01905986 -0.42337596
v -0.22388574 -0.00915729 -0.42239225
v -0.23292619 -0.00519150 -0.41732970
v -0.21432877 -0.03470127 -0.42840588
v -0.20157181 -0.03450986 -0.43514484
v -0.20910090 -0.02292364 -0.43110627
v -0.18573388 -0.01687926 -0.44000494
v -0.20856768 -0.00529642 -0.43008247
v -0.21428746 0.00784180 -0.42672437
v -0.19880572 0.00817831 -0.43380114
v -0.18684931 -0.01383855 -0.43929201
v -0.18498105 -0.01383769 -0.44002709
v -0.18073228 -0.01633616 -0.44152245
v -0.17974438 -0.01084316 -0.44152409
v -0.18572760 -0.01011345 -0.43966639
v 0.20704627 -0.01741790 -0.44127485
v 0.21448763 -0.02032114 -0.43796554
v 0.22583367 -0.03658566 -0.43267307
v 0.20679703 -0.00985074 -0.44128022
v 0.21308100 -0.01369919 -0.43845353
v 0.21729590 -0.01370131 -0.43568411
v 0.23520586 -0.02013603 -0.42557412
v 0.23432958 -0.00817729 -0.42379752
v 0.25157410 -0.01372803 -0.41273659
v 0.21450263 -0.00463299 -0.43675256
v 0.24303719 -0.03779895 -0.42166740
v 0.25006089 -0.04227550 -0.41624025
v 0.26029509 -0.04228409 -0.40409583
v 0.25287551 -0.02266128 -0.41273427
v 0.26712900 -0.04451297 -0.39622995
v 0.27153358 -0.06581866 -0.38668159
v 0.26754534 -0.04026983 -0.39643556
v 0.27157989 -0.04229259 -0.39102834
v 0.27160627 -0.02782571 -0.39122733
v 0.22163248 0.01130159 -0.43057418
v 0.24310377 0.01437047 -0.41369498
v 0.24561319 0.00981432 -0.41274649
v 0.25588441 -0.01520101 -0.40979940
v 0.25574839 -0.01212018 -0.40951923
v 0.26330930 -0.01373676 -0.40083408
v 0.27404103 -0.01374500 -0.38901168
v -0.27224678 0.00079280 -0.38485557
v -0.27378762 0.02777328 -0.38565022
v -0.27256390 0.03010363 -0.38675934
v -0.27214724 0.05677880 -0.38596931
v -0.25112861 0.01468464 -0.40286738
v -0.27144223 0.00096205 -0.38559479
v -0.27141896 0.02731590 -0.38774920
v -0.24285510 0.01468979 -0.40916026
v -0.23139732 0.03758265 -0.41585717
v -0.22718042 0.01470057 -0.41944540
v -0.24872562 0.02644349 -0.40461248
v -0.23517478 0.04326802 -0.41302007
v -0.24713263 0.06323662 -0.40303898
v -0.26881409 0.03156333 -0.38966998
v -0.26964360 0.05576697 -0.38799608
v -0.25148344 0.04325859 -0.40175140
v -0.23009026 0.04327022 -0.41609600
v -0.22577856 0.04049971 -0.41855818
v -0.22618613 0.04563644 -0.41773856
v -0.23085368 0.04788129 -0.41532218
v -0.21427643 0.02104781 -0.42567042
v -0.19774304 0.02074399 -0.43328103
v -0.20749968 0.03576429 -0.42803082
v -0.18569392 0.03369911 -0.43673468
v -0.20679522 0.05011346 -0.42663872
v -0.21425149 0.06748210 -0.42175424
v -0.19327506 0.06807470 -0.43106151
v -0.18924905 0.04330231 -0.43442434
v -0.18318142 0.04330837 -0.43652329
v -0.17067869 0.03581088 -0.44152659
v -0.16819695 0.05206352 -0.44152296
v -0.18568334 0.05633483 -0.43502739
v 0.19900414 0.03567129 -0.44130713
v 0.21452910 0.02681951 -0.43300340
v 0.22069323 0.01794195 -0.43010622
v 0.19349164 0.05395360 -0.44131556
v 0.18597537 0.07145181 -0.44131798
v 0.19931243 0.06438017 -0.43466121
v 0.21032946 0.04342759 -0.43289804
v 0.21247186 0.06782774 -0.42497471
v 0.22469470 0.04342280 -0.42103422
v 0.23076025 0.04149304 -0.41661686
v 0.23047107 0.04505493 -0.41603529
v 0.23523268 0.04341625 -0.41276783
v 0.22170153 0.05769540 -0.41990685
v 0.23247428 0.05068794 -0.41277215
v 0.24310465 0.01523990 -0.41353950
v 0.24382049 0.01484350 -0.41310617
v 0.24540019 0.01484178 -0.41160125
v 0.24382101 0.01627396 -0.41274941
v 0.26489636 0.01143504 -0.39508995
v 0.27164543 -0.00335358 -0.38938856
v 0.26326069 0.01903078 -0.39427298
v 0.27167088 0.01481467 -0.38489592
v 0.25156587 0.03755861 -0.40108830
v 0.24973983 0.05107645 -0.39743888
v -0.27299753 0.05832061 -0.38527986
v -0.24813582 0.07183566 -0.40139335
v -0.27140167 0.05851356 -0.38645765
v -0.24282965 0.07184058 -0.40488914
v -0.22282760 0.07185519 -0.41729498
v -0.24585620 0.07789595 -0.40176496
v -0.23405650 0.08938653 -0.40748867
v -0.26504621 0.08293082 -0.38764518
v -0.24788861 0.10041381 -0.39458892
v -0.22443110 0.09222765 -0.41299942
v -0.22226696 0.10043672 -0.41299227
v -0.23189282 0.10042964 -0.40628019
v -0.22701548 0.09891686 -0.40996325
v -0.22664863 0.10231705 -0.40923154
v -0.21424901 0.07585900 -0.42099279
v -0.19257778 0.07532667 -0.43071261
v -0.20506732 0.09533253 -0.42320389
v -0.18567485 0.08283907 -0.43272957
v -0.20450905 0.10500606 -0.42208439
v -0.19250780 0.10045295 -0.42785549
v -0.21125497 0.12308253 -0.41295993
v -0.18794534 0.12445796 -0.42492202
v -0.18110496 0.10045980 -0.43239152
v -0.15865894 0.11320492 -0.43836415
v -0.18438166 0.12650262 -0.42593557
v -0.16104643 0.08815507 -0.44150889
v -0.15710273 0.09703884 -0.44149825
v -0.15592586 0.11359625 -0.43914011
v -0.14923209 0.11083905 -0.44148028
v -0.15709557 0.11637951 -0.43826145
v -0.15285821 0.11689030 -0.43935865
v 0.18231595 0.08444528 -0.43948591
v 0.12882710 0.13626173 -0.44128552
v 0.18399853 0.08826183 -0.43735364
v 0.18075211 0.10960343 -0.43086004
v 0.17326316 0.09263556 -0.44131592
v 0.16478220 0.10424405 -0.44131345
v 0.18598336 0.08443690 -0.43764094
v 0.21068738 0.07199188 -0.42512596
v 0.19093835 0.09122780 -0.43142831
v 0.21455652 0.07199065 -0.42193544
v 0.20941839 0.08226432 -0.42192841
v 0.22407837 0.09101408 -0.40804091
v 0.23198253 0.07198150 -0.40722036
v 0.19535208 0.10547427 -0.42262131
v 0.16454343 0.12555891 -0.43059799
v 0.18598829 0.12678851 -0.41743863
v 0.21276993 0.10055027 -0.41280293
v 0.20354719 0.10055287 -0.41933626
v 0.20366979 0.10734253 -0.41619030
v 0.21341009 0.12680651 -0.39970401
v 0.22441676 0.10054544 -0.40396357
v 0.23872621 0.09066465 -0.39308110
v 0.24313481 0.06490023 -0.39864552
v 0.24313754 0.08255162 -0.39165750
v 0.25292334 0.06257182 -0.38912803
v 0.24747282 0.08408000 -0.38642934
v 0.24483675 0.08794688 -0.38766038
v -0.24280575 0.11730188 -0.39286435
v -0.23551984 0.12537162 -0.39505970
v -0.24279425 0.12900293 -0.38960373
v -0.23349026 0.13366608 -0.39403877
v -0.22071356 0.14982629 -0.39738947
v -0.21752921 0.16857308 -0.39100808
v -0.21104959 0.12903483 -0.41136435
v -0.21422705 0.12725519 -0.40940517
v -0.21422304 0.13141949 -0.40818235
v -0.18565062 0.12904501 -0.42482495
v -0.18307294 0.13419794 -0.42462227
v -0.18302840 0.12904669 -0.42589059
v -0.19833857 0.15445468 -0.41132659
v -0.19329707 0.15762642 -0.41290197
v -0.19474199 0.16797757 -0.40771842
v -0.20230278 0.15523933 -0.40815371
v -0.20499791 0.16269812 -0.40275908
v -0.19843993 0.15762401 -0.40994644
v -0.17594993 0.15763372 -0.42208397
v -0.16306192 0.14934325 -0.42946833
v -0.16498226 0.16400650 -0.42560190
v -0.17713340 0.16920799 -0.41866195
v -0.15707754 0.13979104 -0.43433297
v -0.14814121 0.13888764 -0.43697962
v -0.15287450 0.14755210 -0.43304986
v -0.12850258 0.15500474 -0.44008270
v -0.15110052 0.16596916 -0.42950124
v -0.15705587 0.18270206 -0.41986483
v -0.12963209 0.18564971 -0.42766544
v -0.12972206 0.15765649 -0.43896389
v -0.12751994 0.15765730 -0.43944302
v -0.10027683 0.17160615 -0.44066846
v -0.12299631 0.15490587 -0.44140407
v -0.12848864 0.17929101 -0.43056408
v -0.09993144 0.16982402 -0.44136348
v -0.09964464 0.17166696 -0.44078916
v -0.09735747 0.17066707 -0.44136059
v -0.11457078 0.17926979 -0.43404377
v -0.09992998 0.17244244 -0.44038007
v -0.09835881 0.17273846 -0.44057316
v -0.04275408 0.18805464 -0.44130185
v 0.01446202 0.18694490 -0.44127125
v 0.07124040 0.17158411 -0.44044471
v 0.06849440 0.17042008 -0.44127354
v 0.07165253 0.16947722 -0.44127294
v 0.12574391 0.14187738 -0.43974277
v 0.07216779 0.17148522 -0.44024673
v 0.08568974 0.16498354 -0.44127142
v 0.06919453 0.17322719 -0.44004250
v 0.07165527 0.17283052 -0.43960729
v 0.09887745 0.18353042 -0.42561173
v 0.12699413 0.14525089 -0.43761694
v 0.12258388 0.16574392 -0.42879131
v 0.10211641 0.18254322 -0.42511979
v 0.12837419 0.18533970 -0.41271627
v 0.10796160 0.15385081 -0.44127434
v 0.10211139 0.15865144 -0.44127065
v 0.10023853 0.16532147 -0.43746531
v 0.12882826 0.14206985 -0.43859258
v 0.14004196 0.13780993 -0.43569326
v 0.13231294 0.14689648 -0.43432584
v 0.16440995 0.14311428 -0.42004800
v 0.15741256 0.13433239 -0.42963439
v 0.16166677 0.13124864 -0.42915982
v 0.16967249 0.15363571 -0.41075468
v 0.13782650 0.16298628 -0.42331046
v 0.16192234 0.15768221 -0.41276413
v 0.14753509 0.15768857 -0.42155746
v 0.12981147 0.18431476 -0.41271797
v 0.14705986 0.16556135 -0.41667491
v 0.15411627 0.17967276 -0.40176126
v 0.18084043 0.13940163 -0.41278344
v 0.16944808 0.15767916 -0.40828395
v 0.17481337 0.15455820 -0.40654832
v 0.18365526 0.16963570 -0.38889119
v 0.18598764 0.13044365 -0.41543913
v 0.18894804 0.12911563 -0.41426840
v 0.20909485 0.12910965 -0.40127933
v 0.18782663 0.13279353 -0.41279066
v 0.21401115 0.12883291 -0.39828086
v 0.21456188 0.12825911 -0.39813188
v 0.21353690 0.12962022 -0.39804363
v 0.21456176 0.12910782 -0.39764065
v 0.19290373 0.15030997 -0.39809370
v 0.18666962 0.17126328 -0.38564101
v -0.21983814 0.17471640 -0.38717687
v -0.19239445 0.18620048 -0.40197498
v -0.21420318 0.17536314 -0.39127171
v -0.18562664 0.18620385 -0.40617156
v -0.16323699 0.18621251 -0.41593283
v -0.18841878 0.19178675 -0.40137374
v -0.18110904 0.19524097 -0.40308458
v -0.19678719 0.19177890 -0.39301133
v -0.18563703 0.20347366 -0.38992900
v -0.16078216 0.19366944 -0.41283041
v -0.16473395 0.20817477 -0.39958853
v -0.15705386 0.18868600 -0.41777426
v -0.14903668 0.20225996 -0.41280779
v -0.12923096 0.18659675 -0.42746368
v -0.13050051 0.19025400 -0.42507213
v -0.12848476 0.18704489 -0.42749977
v -0.12680492 0.18706429 -0.42792729
v -0.14079647 0.21083730 -0.41081074
v -0.12649277 0.21479753 -0.41276714
v -0.14552073 0.21204913 -0.40730363
v -0.13991350 0.21479611 -0.40705651
v -0.11591180 0.21480080 -0.41617641
v -0.11101483 0.21161474 -0.41912818
v -0.11248323 0.21652032 -0.41618645
v -0.11564498 0.21768743 -0.41419420
v -0.11726782 0.22092882 -0.40968424
v -0.11095016 0.22130579 -0.41274151
v -0.09991713 0.19550601 -0.43131313
v -0.08650295 0.19381496 -0.43462041
v -0.09161649 0.20881796 -0.42471537
v -0.07133947 0.20074710 -0.43427438
v -0.04961035 0.19711015 -0.43786672
v -0.08928043 0.21845931 -0.42003396
v -0.07995136 0.21480966 -0.42406842
v -0.09170428 0.22696200 -0.41271779
v -0.08118659 0.22367817 -0.41714692
v -0.06407166 0.21481520 -0.42677611
v -0.04634092 0.20413232 -0.43409884
v -0.05133967 0.22051072 -0.42408049
v -0.06272656 0.22619987 -0.41839141
v -0.04642392 0.23601353 -0.41268045
v -0.04274713 0.19882767 -0.43786305
v -0.03648276 0.19741522 -0.43815905
v -0.03962385 0.20365883 -0.43504831
v -0.01413846 0.20267518 -0.43519038
v 0.00566373 0.19615898 -0.43687302
v -0.03477675 0.22116238 -0.42536473
v -0.02020609 0.21483085 -0.42913347
v -0.03951763 0.23698625 -0.41267651
v -0.02155943 0.22856238 -0.41954356
v -0.00779230 0.21483444 -0.42858985
v 0.00984485 0.20517242 -0.43202198
v 0.00572867 0.22038907 -0.42378101
v -0.00642572 0.22802010 -0.41926485
v 0.00950619 0.23348108 -0.41266072
v 0.01446585 0.19786601 -0.43588609
v 0.02473731 0.19542834 -0.43613192
v 0.02051189 0.20659336 -0.42918167
v 0.04306616 0.19703466 -0.43235135
v 0.05463817 0.19205824 -0.43275851
v 0.02457826 0.21903202 -0.42105275
v 0.03329284 0.21484451 -0.42171013
v 0.02090005 0.23057637 -0.41266081
v 0.03237140 0.22202902 -0.41626319
v 0.03898359 0.23522763 -0.40246132
v 0.05549046 0.21484640 -0.41643995
v 0.05945290 0.21276665 -0.41684467
v 0.05847075 0.21594448 -0.41487932
v 0.06885207 0.21484567 -0.41268408
v 0.05595499 0.21767798 -0.41409674
v 0.05095331 0.22767809 -0.40624958
v 0.05900726 0.21810943 -0.41268060
v 0.07166235 0.19354209 -0.42721915
v 0.09596045 0.18627593 -0.42483938
v 0.08314897 0.20921037 -0.41268685
v 0.10025315 0.18627417 -0.42331433
v 0.08840266 0.20998180 -0.41025683
v 0.10923694 0.20419480 -0.40737703
v 0.12792929 0.18626426 -0.41226214
v 0.08432230 0.21319644 -0.40938860
v 0.08188070 0.21893430 -0.40449667
v 0.08958670 0.21484232 -0.40546429
v 0.10749628 0.21483546 -0.39855760
v 0.12181044 0.20758298 -0.39821243
v 0.12883724 0.18596022 -0.41210926
v 0.12883772 0.18703370 -0.41117719
v 0.15507688 0.18508561 -0.39730987
v 0.15740579 0.18347855 -0.39709315
v 0.17877185 0.17556033 -0.38784188
v 0.15201390 0.18894891 -0.39577278
v 0.15740567 0.18624979 -0.39468166
v 0.13384858 0.20554318 -0.39415380
v 0.18597640 0.17243095 -0.38520503
v 0.18678676 0.17236039 -0.38466167
v -0.12850139 0.23168306 -0.39260885
v -0.11606908 0.23716837 -0.39222458
v -0.12850647 0.24338275 -0.37953967
v -0.07767989 0.24339399 -0.40157869
v -0.09991831 0.23743764 -0.40081510
v -0.07132421 0.24339636 -0.40262800
v -0.07269591 0.24613772 -0.39976567
v -0.06975702 0.24652949 -0.39995897
v -0.05904030 0.24339873 -0.40452850
v -0.08471336 0.25008374 -0.39171025
v -0.07132855 0.25127321 -0.39445049
v -0.04580972 0.26076213 -0.39023331
v -0.03282384 0.24340193 -0.40771973
v -0.04272710 0.24155223 -0.40897775
v -0.04272872 0.24873468 -0.40199721
v -0.01412805 0.24340585 -0.40796739
v -0.01754242 0.25023001 -0.40177613
v -0.01085134 0.24994993 -0.40163347
v 0.00090806 0.24340776 -0.40587598
v -0.01413322 0.26390803 -0.38809317
v -0.03961261 0.26080352 -0.39030963
v 0.01289159 0.25927070 -0.38721910
v 0.01447440 0.24021509 -0.40626407
v 0.01447456 0.25316095 -0.39312387
v 0.03952945 0.24163757 -0.39658937
v 0.04308242 0.24039271 -0.39685428
v 0.05017903 0.23986770 -0.39482039
v 0.02836150 0.25075811 -0.39100075
v 0.04308115 0.24341109 -0.39377683
v 0.01577789 0.25899112 -0.38666001
v 0.07168605 0.23375399 -0.39334708
v 0.08162042 0.23408502 -0.38905245
v 0.10027926 0.22589217 -0.38963473
v 0.10028336 0.24339956 -0.37160206
v 0.33202097 0.13080563 0.48492941
v 0.32851815 0.12905271 0.48254737
v 0.31561521 0.13549876 0.46456307
v 0.30863273 0.11909227 0.46805635
v 0.33555317 0.12905286 0.49019754
v 0.33116013 0.12773277 0.48536238
v 0.32851753 0.12532254 0.48481831
v 0.33149153 0.12310120 0.48965910
v 0.34463483 0.12905174 0.50095415
v 0.33580485 0.11447125 0.50096184
v 0.30793038 0.11077156 0.47239742
v 0.31687245 0.10047726 0.49571964
v 0.32232410 0.10047857 0.50096780
v 0.29997626 0.13183460 0.44941664
v 0.29496375 0.12902771 0.44631523
v 0.29997104 0.12325741 0.45536634
v 0.28945923 0.12902083 0.43853903
v 0.28272355 0.10640833 0.44678956
v 0.30306220 0.11165570 0.46619564
v 0.29220265 0.10697980 0.45685005
v 0.29996359 0.10071801 0.47239971
v 0.28191042 0.10045863 0.45139611
v 0.27507928 0.10045321 0.44381440
v 0.27972326 0.11241852 0.43782431
v 0.29116675 0.09058379 0.47240388
v 0.27142343 0.07926811 0.46181858
v 0.31632021 0.09633440 0.49890059
v 0.31681028 0.09535401 0.50097042
v 0.30911133 0.09533574 0.49069285
v 0.30525118 0.08246846 0.50097901
v 0.29638964 0.08975888 0.47955638
v 0.29854986 0.07472906 0.50098443
v 0.26623535 0.08227392 0.45292556
v 0.24766195 0.09091966 0.42479491
v 0.26217926 0.09039240 0.43879658
v 0.26382804 0.10044149 0.43047544
v 0.23997787 0.08905974 0.42108527
v -0.12976563 -0.27295169 -0.34231925
v -0.12748984 -0.27345446 -0.34256893
v -0.10257787 -0.27575183 -0.35556072
v -0.10287899 -0.28790942 -0.33241570
v -0.10015966 -0.27363870 -0.36099768
v -0.10015742 -0.26093638 -0.38412985
v -0.07911731 -0.27467549 -0.37358266
v -0.09685610 -0.27751774 -0.35555288
v -0.07606482 -0.27987826 -0.36531970
v -0.07943499 -0.28661585 -0.34909952
v -0.09649054 -0.28886604 -0.33432466
v -0.06482141 -0.28439155 -0.36304411
v -0.06149796 -0.29103059 -0.35128850
v -0.05307544 -0.29105288 -0.35549346
v -0.05306042 -0.29523745 -0.34706020
v -0.07157534 -0.27732325 -0.37301394
v -0.01439282 -0.30742058 -0.33088821
v -0.05676480 -0.27829260 -0.37718776
v -0.04299142 -0.28148681 -0.37669629
v -0.04298995 -0.27702773 -0.38405445
v -0.03454804 -0.28094023 -0.37982804
v -0.03114815 -0.29453689 -0.35547137
v -0.02583618 -0.29371542 -0.35832715
v -0.02701107 -0.29606572 -0.35378283
v -0.03115886 -0.29697627 -0.35054898
v -0.02448021 -0.29943174 -0.34704390
v -0.00147823 -0.29668656 -0.35681510
v -0.00087514 -0.29789025 -0.35468507
v 0.00077616 -0.29764158 -0.35544705
v -0.00225408 -0.29941741 -0.35116285
v 0.00075266 -0.29855263 -0.35372064
v -0.01440804 -0.28521937 -0.37692606
v 0.04276583 -0.30679190 -0.33055779
v 0.01041310 -0.28325561 -0.38213766
v 0.01417321 -0.28389412 -0.38153729
v 0.01417353 -0.28213203 -0.38401392
v 0.01744327 -0.28349674 -0.38237756
v 0.02813188 -0.29872432 -0.35543194
v 0.02892783 -0.29848725 -0.35588869
v 0.02872426 -0.29889420 -0.35517800
v 0.02814173 -0.29907236 -0.35477382
v 0.02929249 -0.29940102 -0.35378933
v 0.05441505 -0.29413500 -0.35805732
v 0.05547754 -0.29625708 -0.35385692
v 0.05918124 -0.29512471 -0.35542473
v 0.05284800 -0.29939473 -0.34702748
v 0.05926518 -0.29717529 -0.35099071
v 0.04275517 -0.28505945 -0.37682906
v 0.09990026 -0.30033326 -0.32735553
v 0.06130927 -0.28010121 -0.37898976
v 0.07133417 -0.28087801 -0.37553969
v 0.07133847 -0.27402526 -0.38400206
v 0.08814460 -0.27669668 -0.37559816
v 0.08134442 -0.29083952 -0.35542586
v 0.09407718 -0.28247416 -0.36388195
v 0.08984872 -0.29091990 -0.35119852
v 0.08120956 -0.29497486 -0.34661019
v 0.09822907 -0.29937667 -0.33021787
v 0.10366554 -0.27831647 -0.36596313
v 0.10777608 -0.28655308 -0.34902796
v 0.12537135 -0.27700990 -0.35544863
v 0.10081601 -0.29937550 -0.32870835
v 0.12472259 -0.28882974 -0.33438045
v 0.09991302 -0.27562279 -0.37212390
v 0.10550843 -0.27360162 -0.37251645
v 0.12847999 -0.27307427 -0.36000523
v 0.13055073 -0.27494320 -0.35545242
v 0.15654489 -0.27178746 -0.34168893
v 0.13101983 -0.28763065 -0.33199131
v 0.15743139 -0.27156126 -0.34157661
v -0.24452822 -0.21674594 -0.34294033
v -0.24067058 -0.21870494 -0.34391463
v -0.21906050 -0.22294526 -0.35575044
v -0.22099173 -0.23460215 -0.34009737
v -0.17369521 -0.24649853 -0.35772237
v -0.17491838 -0.24893600 -0.35239464
v -0.18594867 -0.25514823 -0.33348280
v -0.16931131 -0.26264140 -0.33305207
v -0.21451086 -0.21869400 -0.36543274
v -0.21449520 -0.20265770 -0.38433895
v -0.19948781 -0.22062619 -0.37679461
v -0.18435962 -0.24240024 -0.35568917
v -0.20666784 -0.22954482 -0.35573053
v -0.19569135 -0.23333916 -0.36024731
v -0.19758768 -0.23711717 -0.35306612
v -0.20476031 -0.23789153 -0.34667978
v -0.19573592 -0.24240559 -0.34670606
v -0.17565189 -0.24239683 -0.36369848
v -0.16808330 -0.24949834 -0.35565865
v -0.16805121 -0.24597351 -0.36282980
v -0.17045082 -0.23466787 -0.38424766
v -0.18592489 -0.22845349 -0.37729794
v -0.13282421 -0.27093256 -0.34334743
v -0.15033951 -0.25694945 -0.35562867
v -0.15735185 -0.26301643 -0.33977550
v -0.15732765 -0.24013439 -0.38422063
v -0.15036875 -0.24970526 -0.37028593
v -0.13810152 -0.24705073 -0.38418779
v -0.12875260 -0.27093074 -0.34604433
v -0.13510936 -0.25822061 -0.36353520
v -0.12396261 -0.26137459 -0.36509925
v -0.12873919 -0.25281686 -0.37894398
v -0.10857345 -0.27092376 -0.35977554
v -0.10699569 -0.26005587 -0.38072205
v -0.13370836 -0.27340639 -0.33883786
v -0.12875482 -0.27519473 -0.33917305
v -0.07157522 -0.29741526 -0.32797667
v 0.12281775 -0.25934780 -0.38117701
v 0.12779610 -0.25580615 -0.38261706
v 0.12590735 -0.25521290 -0.38401803
v 0.12849289 -0.25995713 -0.37712058
v 0.13527158 -0.27079442 -0.35885099
v 0.12849808 -0.25384110 -0.38401940
v 0.12955919 -0.25544342 -0.38189432
v 0.15704548 -0.27078763 -0.34297290
v 0.15066439 -0.25800428 -0.36335909
v 0.16675343 -0.25138980 -0.36006725
v 0.15853567 -0.27078715 -0.34193578
v 0.15704414 -0.27235731 -0.34040526
v 0.15883860 -0.27168399 -0.34029418
v 0.15057278 -0.23896492 -0.38403863
v 0.15439849 -0.24221355 -0.37869626
v 0.16242728 -0.24221140 -0.37332785
v 0.17535827 -0.25024405 -0.35548389
v 0.17445451 -0.24531722 -0.36170089
v 0.17806911 -0.23549229 -0.36892027
v 0.18742640 -0.24220604 -0.35549361
v 0.15707286 -0.23713195 -0.38150242
v 0.18562382 -0.25985527 -0.33365729
v 0.19109854 -0.25922450 -0.32966787
v 0.21420810 -0.24421491 -0.32796556
v 0.17739493 -0.22379827 -0.37993485
v 0.18564540 -0.22305378 -0.37433189
v 0.18565163 -0.21254313 -0.38407373
v 0.19616795 -0.23470017 -0.35550135
v 0.20467159 -0.23270449 -0.35076106
v 0.19282335 -0.24929506 -0.34131575
v 0.19718620 -0.23947023 -0.35003495
v 0.21069711 -0.24219547 -0.33397159
v 0.21963689 -0.22447696 -0.34666553
v 0.21550007 -0.24219349 -0.32953709
v -0.27329358 -0.20041540 -0.32808435
v -0.26200509 -0.18530583 -0.35583499
v -0.27534771 -0.16422370 -0.35585830
v -0.27335864 -0.19787084 -0.33069903
v -0.27860910 -0.17801888 -0.34126619
v -0.24709406 -0.21386772 -0.34351081
v -0.25924349 -0.18908677 -0.35582960
v -0.27164277 -0.20097180 -0.33002275
v -0.25860834 -0.18656197 -0.35834730
v -0.24308743 -0.21386620 -0.34777102
v -0.25438246 -0.19124797 -0.35879570
v -0.23723316 -0.20217490 -0.36423460
v -0.22569120 -0.21385881 -0.36135906
v -0.21826689 -0.20145604 -0.38245875
v -0.24840121 -0.21652433 -0.33884782
v -0.24309151 -0.22213936 -0.33735573
v -0.25927263 -0.18337981 -0.35968506
v -0.27160615 -0.15990008 -0.36217141
v -0.25337800 -0.16190267 -0.37529612
v -0.25343186 -0.18530220 -0.36366370
v -0.23841843 -0.18529400 -0.37509871
v -0.21961825 -0.19700806 -0.38435084
v -0.23354673 -0.18054017 -0.38438278
v -0.24305269 -0.17327064 -0.37838316
v 0.20808960 -0.21363579 -0.36673790
v 0.20332918 -0.20819025 -0.37525046
v 0.21422143 -0.21363336 -0.36191332
v 0.21185860 -0.20890778 -0.36744356
v 0.21846634 -0.20515102 -0.36557123
v 0.21423925 -0.18558273 -0.38384929
v 0.22951886 -0.21363011 -0.34890139
v 0.23824213 -0.22563082 -0.32925755
v 0.23580149 -0.19964108 -0.35554498
v 0.23376054 -0.19030857 -0.36602986
v 0.23726736 -0.17633283 -0.37302399
v 0.25155133 -0.18506904 -0.35556409
v 0.21436825 -0.18512869 -0.38410884
v 0.21458648 -0.18489103 -0.38410908
v 0.24279958 -0.20727450 -0.34284714
v 0.25538334 -0.20562941 -0.33328736
v 0.27139878 -0.19201098 -0.33049154
v 0.23525387 -0.16699906 -0.38033944
v 0.24282782 -0.16626152 -0.37508273
v 0.24284270 -0.15075283 -0.38413218
v 0.25496924 -0.18079874 -0.35556731
v 0.26000452 -0.17928091 -0.35267770
v 0.25470990 -0.18745908 -0.35078341
v 0.25581035 -0.18377537 -0.35298041
v 0.26182103 -0.18506882 -0.34615165
v 0.27650332 -0.16669703 -0.34640071
v 0.27458173 -0.18507040 -0.33337879
v -0.28614199 -0.12872975 -0.35614616
v -0.27639470 -0.15674642 -0.35825846
v -0.28665555 -0.12975715 -0.35508510
v -0.28233188 -0.15674794 -0.35049736
v -0.28929222 -0.16218266 -0.33614385
v -0.30014893 -0.15674902 -0.32397169
v -0.30014345 -0.13996750 -0.33320135
v -0.29253149 -0.15293761 -0.33777344
v -0.28646699 -0.12818232 -0.35587260
v -0.30149052 -0.10234687 -0.34296417
v -0.30306453 -0.12818065 -0.33316919
v -0.28610349 -0.12818240 -0.35634384
v -0.28523681 -0.12881365 -0.35713530
v -0.28447315 -0.12678833 -0.35865802
v -0.28628689 -0.12734284 -0.35629237
v -0.27159974 -0.15212965 -0.36509243
v -0.25698203 -0.14976342 -0.37710828
v -0.26664183 -0.13751258 -0.37453243
v -0.25802433 -0.13567469 -0.38442093
v -0.26892978 -0.11653361 -0.37914556
v -0.26360273 -0.11787285 -0.38442364
v -0.27156749 -0.11057272 -0.37779322
v -0.26748621 -0.11185080 -0.38238645
v 0.26276493 -0.15650913 -0.36554575
v 0.25178576 -0.14669369 -0.37966996
v 0.25104302 -0.13812876 -0.38414082
v 0.27140823 -0.15651050 -0.35886836
v 0.26746577 -0.14862065 -0.36592746
v 0.28496861 -0.12945493 -0.35635331
v 0.28314960 -0.15651846 -0.34717822
v 0.28790307 -0.16476017 -0.33307648
v 0.26024774 -0.12234749 -0.38415360
v 0.26711807 -0.12794423 -0.37553397
v 0.28505418 -0.12795681 -0.35693455
v 0.28605610 -0.12863167 -0.35560501
v 0.28591377 -0.12815201 -0.35599402
v 0.28597137 -0.12770613 -0.35610816
v 0.28636500 -0.12795791 -0.35560513
v 0.28822178 -0.12296865 -0.35560700
v 0.27145153 -0.11251355 -0.37644732
v 0.30000824 -0.14340089 -0.32934400
v 0.30122223 -0.14285670 -0.32764855
v 0.27826473 -0.10279094 -0.37328553
v 0.30111521 -0.14114675 -0.32925105
v 0.30539510 -0.11906216 -0.33778489
v -0.30234855 -0.09961317 -0.34271127
v -0.30012226 -0.09961308 -0.34531280
v -0.29040721 -0.08021176 -0.36046338
v -0.28529012 -0.09961174 -0.36273849
v -0.30221915 -0.09541065 -0.34369960
v -0.30478764 -0.10194778 -0.33926335
v -0.30690449 -0.09621698 -0.33820152
v -0.29589409 -0.07104236 -0.35588145
v -0.30467519 -0.05168632 -0.34621286
v -0.30753627 -0.07104553 -0.34220701
v -0.28935415 -0.07103944 -0.36296219
v -0.27346089 -0.08339413 -0.38058540
v -0.27292502 -0.05815983 -0.38160694
v -0.29091832 -0.06080522 -0.36099830
v -0.27154070 -0.08636908 -0.38232657
v -0.27034178 -0.08591538 -0.38383001
v -0.27096978 -0.08474807 -0.38329253
v -0.27002293 -0.08455860 -0.38442883
v -0.27110270 -0.05715082 -0.38362178
v -0.27042198 -0.05728748 -0.38443381
v -0.27150786 -0.05615617 -0.38325852
v -0.27076650 -0.05637322 -0.38406342
v 0.29394510 -0.09940630 -0.35865960
v 0.27962327 -0.09532425 -0.37396002
v 0.29814786 -0.09940974 -0.35467160
v 0.29792756 -0.09518144 -0.35561734
v 0.29126287 -0.07632793 -0.36657208
v 0.29178450 -0.06488150 -0.36757773
v 0.30293533 -0.07086594 -0.35562924
v 0.27307057 -0.07161438 -0.38416848
v 0.27330196 -0.06995287 -0.38416913
v 0.30003643 -0.10160124 -0.35123515
v 0.30003938 -0.09794149 -0.35267544
v 0.31163844 -0.10790516 -0.33284825
v 0.31487769 -0.09255584 -0.33446676
v 0.28496423 -0.04900175 -0.37660205
v 0.30013248 -0.04349856 -0.35799932
v 0.30238605 -0.04683398 -0.35563666
v 0.30999401 -0.07523945 -0.34689465
v 0.31034830 -0.06684885 -0.34758371
v -0.30644262 -0.04247832 -0.34480378
v -0.30006033 -0.04247522 -0.35096338
v -0.29152414 -0.02543488 -0.36165458
v -0.28829840 -0.04246945 -0.36428291
v -0.30427748 -0.03402540 -0.34583777
v -0.31703216 -0.05096912 -0.33312267
v -0.31388864 -0.03555653 -0.33469397
v -0.29627940 -0.01390615 -0.35589343
v -0.30512035 0.00442992 -0.34673345
v -0.30719152 -0.01391126 -0.34167081
v -0.28954351 -0.01390218 -0.36348671
v -0.27310672 -0.02654259 -0.38117719
v -0.29225957 -0.00085826 -0.36242011
v -0.27254891 -0.00016156 -0.38445333
v -0.27147657 -0.02899766 -0.38279447
v -0.27043179 -0.02869586 -0.38391766
v -0.27145824 -0.01282087 -0.38444746
v -0.27097872 -0.02767757 -0.38344795
v -0.27003485 -0.02745355 -0.38444015
v -0.27388257 0.00160959 -0.38323510
v 0.28442991 -0.03588765 -0.37632740
v 0.29098460 -0.01884896 -0.36582416
v 0.29052222 -0.00914529 -0.36487621
v 0.29727352 -0.01376575 -0.35564902
v 0.29371083 0.00180608 -0.35565907
v 0.27786708 -0.01686875 -0.38418907
v 0.27718022 -0.01097645 -0.38419211
v 0.30013683 -0.04121927 -0.35783488
v 0.30149788 -0.04231875 -0.35631916
v 0.30316138 -0.04231968 -0.35412592
v 0.30143201 -0.03973493 -0.35563910
v 0.31773266 -0.04780348 -0.33588746
v 0.31638753 -0.03616980 -0.33521318
v 0.32870471 -0.04233496 -0.31582621
v 0.28071895 0.01027698 -0.37445578
v 0.30767262 -0.02054890 -0.34210390
v 0.30566347 -0.00496777 -0.33805749
v -0.30761260 0.01465201 -0.34543696
v -0.30000135 0.01465715 -0.35433918
v -0.29363823 0.02736961 -0.36383748
v -0.29095161 0.01466435 -0.36565584
v -0.27787021 0.02573168 -0.38124454
v -0.30660036 0.02787765 -0.34825099
v -0.31583086 0.00673257 -0.33371615
v -0.32067585 0.02499955 -0.33130145
v -0.30205649 0.04321934 -0.35592616
v -0.30737072 0.05697105 -0.34905928
v -0.30940253 0.04321483 -0.34622526
v -0.29127863 0.04322652 -0.36709231
v -0.29427797 0.06041951 -0.36453378
v -0.27514490 0.03081846 -0.38446987
v -0.27387202 0.05628786 -0.38448128
v -0.27660394 0.06012091 -0.38188457
v -0.27139509 0.07276011 -0.38447922
v 0.26553810 0.04030173 -0.38422233
v 0.28125396 0.03392946 -0.36039132
v 0.27169001 0.03269154 -0.37888011
v 0.28704286 0.01479548 -0.36225301
v 0.27905536 0.01849332 -0.37362280
v 0.28379118 0.03899528 -0.35350257
v 0.29340497 0.01478873 -0.35225877
v 0.26268491 0.04789321 -0.38422766
v 0.26311773 0.06765016 -0.37426969
v 0.28155240 0.04336088 -0.35568556
v 0.26910314 0.04337843 -0.37903622
v 0.26926124 0.06703337 -0.36752605
v 0.28181663 0.05169333 -0.35153374
v 0.28389630 0.04335900 -0.35153022
v 0.29655978 0.03274781 -0.33450067
v 0.30020934 0.00807094 -0.34224570
v 0.30023086 0.02668965 -0.33189216
v 0.30757272 0.00418887 -0.33080792
v 0.30188936 0.02823644 -0.32797477
v 0.30093518 0.02976601 -0.32854882
v -0.31009674 0.07177877 -0.34674054
v -0.29995415 0.07178359 -0.35732770
v -0.29308337 0.08551913 -0.36335945
v -0.29170573 0.07178835 -0.36609572
v -0.30685103 0.08560523 -0.34857997
v -0.32757699 0.05796060 -0.32786414
v -0.32408571 0.08385366 -0.32960951
v -0.29864377 0.10035510 -0.35594654
v -0.30219820 0.12436184 -0.34393921
v -0.30819586 0.10034822 -0.34392285
v -0.28968954 0.10036311 -0.36401105
v -0.27356896 0.08827831 -0.38011575
v -0.27759764 0.10843839 -0.37202948
v -0.29048747 0.11005300 -0.36077899
v -0.27138850 0.08504903 -0.38238263
v -0.26980519 0.08530691 -0.38368490
v -0.27053577 0.08695053 -0.38277349
v -0.26789087 0.08785076 -0.38447374
v -0.26831812 0.11162567 -0.37836486
v -0.26068825 0.10934284 -0.38446006
v -0.27136490 0.11997525 -0.37387341
v -0.26315659 0.11879165 -0.38035455
v 0.24155937 0.11322922 -0.38114828
v 0.23832971 0.11240735 -0.38430133
v 0.26758844 0.07194119 -0.36792079
v 0.25581798 0.07990059 -0.37792903
v 0.24313980 0.10047391 -0.38428599
v 0.24736111 0.08835667 -0.38426942
v 0.27171636 0.07193704 -0.36091509
v 0.26610893 0.08315313 -0.36439797
v 0.27663273 0.08176862 -0.34637970
v 0.28014693 0.07192392 -0.34566373
v 0.28886139 0.06333968 -0.33287615
v 0.28401238 0.07807271 -0.33531600
v 0.24802369 0.10992165 -0.37454823
v 0.23800308 0.11737642 -0.38174081
v 0.24313679 0.11920609 -0.37552142
v 0.26527810 0.10050265 -0.35575470
v 0.26102403 0.10050909 -0.36294040
v 0.26081702 0.10728963 -0.35915244
v 0.26541719 0.11649585 -0.34779066
v 0.27638331 0.10049233 -0.33657494
v -0.30183864 0.12892507 -0.34261850
v -0.29991466 0.12892689 -0.34464341
v -0.28283763 0.12894772 -0.36165982
v -0.30086094 0.13082156 -0.34260115
v -0.29750600 0.13374647 -0.34405452
v -0.30512065 0.12631956 -0.33905748
v -0.30265152 0.13029438 -0.34028691
v -0.29991189 0.13762251 -0.33730286
v -0.27903581 0.14434236 -0.35589761
v -0.26761013 0.15754913 -0.35587174
v -0.28104264 0.15294534 -0.34672496
v -0.27673578 0.16643915 -0.33809203
v -0.27134889 0.13516764 -0.36829785
v -0.25788337 0.13653651 -0.37771249
v -0.26103231 0.15358593 -0.36380967
v -0.24277323 0.15208906 -0.38166636
v -0.25962698 0.16013058 -0.36099720
v -0.24862123 0.15757552 -0.37271979
v -0.26039940 0.16424492 -0.35585523
v -0.25158396 0.16852684 -0.36131638
v -0.24027069 0.15758665 -0.37939990
v -0.23805818 0.17673483 -0.36538345
v -0.23713863 0.15477231 -0.38440078
v -0.23123741 0.16336387 -0.38438469
v -0.22531158 0.17744908 -0.37880829
v -0.21420547 0.18326449 -0.38433906
v 0.20738278 0.15407933 -0.38428876
v 0.21455340 0.15109217 -0.38101682
v 0.23048517 0.13705075 -0.37800163
v 0.18995708 0.16996470 -0.38426214
v 0.18597603 0.17342405 -0.38425523
v 0.18776800 0.17285079 -0.38336328
v 0.21160553 0.15766209 -0.37840784
v 0.20903152 0.17520177 -0.36450735
v 0.22311273 0.15765420 -0.36720705
v 0.23170777 0.15477934 -0.36151856
v 0.23040769 0.15922098 -0.35892624
v 0.23409982 0.15764543 -0.35578746
v 0.22573997 0.16383681 -0.35886461
v 0.23082824 0.16163680 -0.35578269
v 0.24313065 0.13454750 -0.36671078
v 0.25073969 0.12907675 -0.35959339
v 0.26019466 0.12906791 -0.34727272
v 0.24823439 0.13929269 -0.35579816
v 0.26724783 0.12683827 -0.33930671
v 0.27169672 0.11822616 -0.33610690
v 0.26535439 0.13222978 -0.33836439
v 0.27169201 0.12905833 -0.33196068
v 0.25123432 0.15146580 -0.34348094
v 0.24699633 0.16802436 -0.33503145
v -0.27660945 0.17446929 -0.32993343
v -0.24716552 0.18616356 -0.34372216
v -0.27134511 0.17527336 -0.33415502
v -0.24278358 0.18616946 -0.34922266
v -0.22983214 0.18618143 -0.36360151
v -0.24435633 0.18930905 -0.34309328
v -0.23967940 0.19239083 -0.34462062
v -0.24947755 0.18950957 -0.33818436
v -0.24278978 0.19678855 -0.33620685
v -0.22102112 0.19980919 -0.35575637
v -0.20249785 0.21478096 -0.35570940
v -0.22204256 0.20831129 -0.34283203
v -0.21421459 0.19413723 -0.37163794
v -0.20559229 0.19617689 -0.38000226
v -0.20163967 0.21307430 -0.35912275
v -0.18564415 0.21040031 -0.38207626
v -0.20055431 0.21540174 -0.35694557
v -0.19644454 0.21478248 -0.36268130
v -0.20068280 0.21627966 -0.35570446
v -0.19895229 0.21674746 -0.35668421
v -0.19431880 0.22601257 -0.35007161
v -0.21006727 0.22491571 -0.33544776
v -0.18268992 0.21478483 -0.37834573
v -0.15890044 0.22725894 -0.38057038
v -0.17803025 0.22812806 -0.36232907
v -0.18399779 0.24006665 -0.34301716
v -0.17972803 0.21182787 -0.38425821
v -0.15707619 0.22543477 -0.38421562
v -0.15601103 0.22801647 -0.38207844
v -0.15325817 0.22717497 -0.38420877
v -0.15707898 0.23750898 -0.36734951
v -0.14841628 0.23341787 -0.37986413
v -0.09992391 0.25230563 -0.38411850
v 0.07168920 0.24205711 -0.38407445
v 0.12536320 0.22562060 -0.37714523
v 0.11669316 0.22303522 -0.38412273
v 0.12885222 0.21659485 -0.38413876
v 0.14298496 0.20760867 -0.38417029
v 0.15740770 0.20333311 -0.37845525
v 0.17202304 0.19355303 -0.37725383
v 0.13423942 0.22372040 -0.37336808
v 0.10387145 0.24160530 -0.37160188
v 0.12885280 0.24333908 -0.35565567
v 0.15109697 0.21481904 -0.37154835
v 0.14871815 0.22598678 -0.36118698
v 0.15546571 0.23948902 -0.34327045
v 0.17078839 0.21481046 -0.35745621
v 0.17233388 0.21416402 -0.35695148
v 0.17199257 0.21511438 -0.35626805
v 0.17320099 0.21480936 -0.35566184
v 0.17121574 0.21575508 -0.35612965
v 0.16807857 0.22203028 -0.35203660
v 0.17207476 0.21558350 -0.35565919
v 0.18597129 0.19226035 -0.36772901
v 0.19950287 0.18623307 -0.36248398
v 0.19257554 0.19944586 -0.35570645
v 0.21453899 0.18622108 -0.35164222
v 0.20959756 0.19610187 -0.34640133
v 0.21733165 0.19181070 -0.34427744
v 0.22154154 0.18621248 -0.34499007
v 0.21452880 0.21023425 -0.32946473
v 0.22573823 0.19181105 -0.33589759
v 0.19517283 0.20971718 -0.34554842
v 0.18954630 0.22549784 -0.33429462
v 0.24310283 0.17494036 -0.33330247
v 0.24719301 0.17395483 -0.32930174
v -0.15941675 0.24337184 -0.35678700
v -0.16960703 0.24336697 -0.34936738
v -0.18564428 0.24102114 -0.34020329
v -0.18366088 0.24236852 -0.34037650
v -0.18564498 0.24336031 -0.33708483
v -0.17917746 0.24659660 -0.33812562
v -0.15793493 0.24508405 -0.35561371
v -0.16018994 0.26077309 -0.33326414
v -0.15708001 0.24425758 -0.35738418
v -0.15560688 0.24632011 -0.35561004
v -0.13362305 0.24593979 -0.37243047
v -0.13244012 0.25124815 -0.36593127
v -0.11810993 0.26418516 -0.35944054
v -0.12850846 0.24844666 -0.37239453
v -0.11051002 0.25238615 -0.37883770
v -0.13751513 0.26139891 -0.35029685
v -0.11532030 0.26976532 -0.35445011
v -0.15229775 0.26244366 -0.33658740
v -0.13401061 0.27195174 -0.33799666
v -0.11315772 0.26982838 -0.35554481
v -0.10822536 0.27195951 -0.35553971
v -0.11686637 0.27195764 -0.35026616
v -0.11339337 0.27112851 -0.35388413
v -0.11062993 0.27555361 -0.34835058
v -0.09992464 0.25607222 -0.38089967
v -0.09637401 0.25590658 -0.38233936
v -0.09571441 0.26189098 -0.37568501
v -0.07133688 0.26491311 -0.38056055
v -0.08881063 0.27512637 -0.36185306
v -0.07837162 0.27196568 -0.37004268
v -0.08902554 0.27871755 -0.35551825
v -0.08218938 0.27887252 -0.35896796
v -0.07864659 0.28595817 -0.34850276
v -0.06613913 0.27196729 -0.37368059
v -0.05015147 0.27886122 -0.36927378
v -0.06206194 0.28197283 -0.36049658
v -0.06590384 0.28964198 -0.34664589
v -0.04900179 0.28806007 -0.35547593
v -0.05586129 0.26424065 -0.38408226
v -0.04273833 0.26658398 -0.38407397
v -0.02291061 0.26759073 -0.38406020
v -0.01413551 0.26923558 -0.38268375
v -0.03586006 0.27937186 -0.37028581
v -0.01638236 0.27197355 -0.37956643
v -0.03701208 0.28905475 -0.35546684
v -0.02139735 0.28606233 -0.36251080
v -0.01163099 0.27197289 -0.37904185
v 0.00657813 0.27837688 -0.36828268
v -0.00642969 0.28511882 -0.36203545
v 0.00889819 0.28942895 -0.35545105
v -0.00028037 0.26505634 -0.38405353
v 0.01447329 0.26213127 -0.38405231
v 0.01984345 0.26037014 -0.38405278
v 0.04307715 0.25945619 -0.37778953
v 0.05990749 0.25180858 -0.37817878
v 0.02351267 0.27721712 -0.36596137
v 0.03480332 0.27196765 -0.36751264
v 0.02119687 0.28707695 -0.35545033
v 0.03306401 0.28054297 -0.35974485
v 0.03996412 0.29433414 -0.34425837
v 0.05412421 0.27196646 -0.36196557
v 0.06091604 0.26843643 -0.36252975
v 0.05897535 0.27355817 -0.35864961
v 0.07118353 0.27196360 -0.35547400
v 0.05526502 0.27618602 -0.35756999
v 0.04888300 0.28891408 -0.34697330
v 0.05996368 0.27712655 -0.35546020
v 0.07168715 0.25248608 -0.37366021
v 0.08358159 0.26717210 -0.35548970
v 0.09757994 0.24475059 -0.37115064
v 0.09700999 0.24993630 -0.36652645
v 0.10144640 0.24572474 -0.36863968
v 0.10028361 0.24454516 -0.37037510
v 0.10143431 0.24397394 -0.37037903
v 0.08821198 0.26750040 -0.35326105
v 0.10909595 0.26102650 -0.35005647
v 0.08428609 0.27027142 -0.35210764
v 0.08193495 0.27599794 -0.34740749
v 0.08996335 0.27195954 -0.34752274
v 0.12882239 0.24344902 -0.35555723
v 0.10649090 0.27195176 -0.33939278
v 0.12313876 0.26336625 -0.33838135
v 0.12885280 0.24340260 -0.35558608
v 0.12889114 0.24338821 -0.35557655
v 0.12922707 0.24338806 -0.35537082
v 0.12886871 0.24342000 -0.35555726
v 0.15540299 0.24237299 -0.34032291
v 0.15740806 0.24120991 -0.34024745
v 0.16684362 0.23865126 -0.33663288
v 0.15184875 0.24615559 -0.33853805
v 0.15740725 0.24337478 -0.33814400
v 0.13252743 0.26134330 -0.33435988
v 0.18595998 0.23112261 -0.33120102
v 0.18945183 0.23082528 -0.32887286
v -0.12851648 0.27925289 -0.33063996
v -0.10531420 0.28892919 -0.32964408
v -0.09994169 0.28905278 -0.33256856
v -0.08761158 0.29240844 -0.33309788
v -0.07135664 0.29405108 -0.33796060
v -0.06285498 0.29628330 -0.33694255
v -0.07135820 0.30053124 -0.32596427
v -0.01592382 0.30053252 -0.34204295
v -0.04276213 0.29556990 -0.34553626
v -0.01416143 0.30053273 -0.34233853
v -0.01441596 0.30104005 -0.34141567
v -0.01387749 0.30109990 -0.34144536
v -0.01206220 0.30053234 -0.34220979
v -0.01612465 0.30151251 -0.34018159
v -0.01416197 0.30147552 -0.34068978
v -0.00950297 0.30285725 -0.33883339
v 0.01445384 0.29625112 -0.34688577
v 0.03970478 0.29884917 -0.33948272
v 0.04306259 0.29791000 -0.33985257
v 0.04881735 0.29765174 -0.33829010
v 0.04306097 0.30052456 -0.33666372
v 0.07167408 0.29159904 -0.33760804
v 0.08181167 0.29130381 -0.33197016
v 0.10026271 0.28220117 -0.33205432
v -0.24268319 0.10249397 0.47109181
v -0.25175834 0.13337232 0.46243173
v -0.24837013 0.12884039 0.45508027
v -0.24795088 0.12622070 0.46052977
v -0.24598904 0.12228050 0.45463201
v -0.24268085 0.10172732 0.47293189
v -0.25473300 0.13488090 0.48045665
v -0.25193828 0.12885886 0.49110597
v -0.25014237 0.12512647 0.48275280
v -0.24782249 0.11855158 0.49163032
v -0.25167513 0.12886545 0.50074649
v -0.24768028 0.11882589 0.50074887
v -0.24225654 0.10048287 0.47220421
v -0.24170835 0.10026964 0.47025591
v -0.23572516 0.10025640 0.44363171
v -0.23293963 0.09119918 0.44816506
v -0.23140743 0.09427538 0.44064566
v -0.23246017 0.10025176 0.43556812
v -0.24233274 0.10027104 0.47289908
v -0.24206777 0.09996441 0.47220430
v -0.24403965 0.10028689 0.50075454
v -0.23878923 0.07944859 0.49035138
v -0.23920184 0.07861280 0.50075483
v -0.24453047 0.12882872 0.43023604
v -0.24380398 0.12669170 0.43040863
v -0.21467607 -0.28541592 -0.27026334
v -0.19188914 -0.28282011 -0.29016009
v -0.21433015 -0.28547442 -0.27038047
v -0.17832573 -0.28620905 -0.29184252
v -0.16496268 -0.28613439 -0.29848796
v -0.16601890 -0.29387930 -0.28720748
v -0.12877493 -0.31257117 -0.27642232
v -0.10918410 -0.31825882 -0.27435657
v -0.15735714 -0.27921930 -0.31504065
v -0.15735501 -0.27102605 -0.32705653
v -0.14615463 -0.27962431 -0.32144397
v -0.14697002 -0.29169723 -0.29846886
v -0.13948721 -0.29234993 -0.30203512
v -0.14092797 -0.29522443 -0.29632550
v -0.14617944 -0.29639208 -0.29224753
v -0.13936174 -0.29949653 -0.29105523
v -0.11359729 -0.29860640 -0.30018470
v -0.11318830 -0.29947871 -0.29843843
v -0.11476865 -0.29888579 -0.29873723
v -0.11462986 -0.29916331 -0.29828215
v -0.11430886 -0.29915401 -0.29843986
v -0.11478300 -0.29947948 -0.29781830
v -0.11391010 -0.30003977 -0.29731715
v -0.11432657 -0.29933420 -0.29814991
v -0.10868245 -0.28945392 -0.32699552
v -0.12876128 -0.28707561 -0.32080996
v -0.08969223 -0.30710143 -0.29840654
v -0.10017014 -0.31797189 -0.27828315
v -0.10016572 -0.29114291 -0.32698709
v -0.08968929 -0.30328265 -0.30603531
v -0.08212136 -0.30695152 -0.30214226
v -0.06299406 -0.31089017 -0.30409300
v -0.07744499 -0.31628487 -0.28997627
v -0.06769440 -0.32028624 -0.28795958
v -0.08237130 -0.32263160 -0.27871105
v -0.07156353 -0.32802299 -0.27309051
v -0.07156491 -0.32330373 -0.28173584
v -0.06521185 -0.32484657 -0.28091481
v -0.07770646 -0.29640433 -0.32695991
v -0.07392858 -0.29946434 -0.32225314
v -0.07021830 -0.29946271 -0.32424024
v -0.04859922 -0.31676030 -0.29835966
v -0.04803942 -0.30867121 -0.31680965
v -0.06952366 -0.29843774 -0.32694969
v -0.07157543 -0.29817668 -0.32630858
v -0.03838955 -0.31886116 -0.29834837
v -0.04296450 -0.32324976 -0.28883046
v -0.04298014 -0.30550277 -0.32691792
v -0.03891342 -0.30966225 -0.31879398
v -0.03016996 -0.30731735 -0.32690507
v -0.02031765 -0.31613794 -0.30668890
v -0.00909718 -0.31742328 -0.30732560
v -0.01438830 -0.31108189 -0.32106525
v -0.01457050 -0.32760605 -0.28424814
v -0.01421118 -0.32767293 -0.28421432
v -0.01479077 -0.32779062 -0.28384373
v -0.01437380 -0.32799876 -0.28347671
v -0.01437396 -0.32777837 -0.28394157
v -0.01401912 -0.32782114 -0.28387415
v 0.01045076 -0.32049078 -0.29831979
v 0.01187446 -0.31137916 -0.32223970
v 0.00493805 -0.30907553 -0.32688034
v 0.01796519 -0.32045096 -0.29831415
v 0.01420263 -0.32399249 -0.29033580
v 0.01419321 -0.30945310 -0.32687405
v 0.01652627 -0.31136397 -0.32221121
v 0.02307863 -0.30925059 -0.32687026
v 0.03715165 -0.31673309 -0.30696806
v 0.04874495 -0.31602627 -0.30661353
v 0.04276889 -0.31082574 -0.32115176
v 0.04051782 -0.32344240 -0.28628850
v 0.04524479 -0.32303894 -0.28648704
v 0.03794347 -0.32554987 -0.28160968
v 0.04278396 -0.32796746 -0.27646935
v 0.04278183 -0.32482350 -0.28245527
v 0.04902827 -0.32483849 -0.28090429
v 0.06571998 -0.31669471 -0.29830420
v 0.06684335 -0.30917418 -0.31787032
v 0.05734164 -0.30667916 -0.32686293
v 0.07774680 -0.31515068 -0.29830706
v 0.07135054 -0.32128826 -0.28499037
v 0.07133653 -0.30516949 -0.32686174
v 0.07654389 -0.30846176 -0.31645882
v 0.09640041 -0.30112755 -0.32687533
v 0.09127058 -0.31066075 -0.30395311
v 0.11039542 -0.30695605 -0.30211255
v 0.09990062 -0.30079511 -0.32616773
v 0.09346498 -0.31503594 -0.29048228
v 0.10845099 -0.31085259 -0.29257673
v 0.08649191 -0.32122603 -0.27732193
v 0.09991884 -0.32793370 -0.25959665
v 0.09991573 -0.31775278 -0.27894723
v 0.12496350 -0.31539381 -0.27152878
v 0.11774581 -0.30647600 -0.29832196
v 0.11813875 -0.30331522 -0.30622369
v 0.14189067 -0.29935512 -0.29833767
v 0.10139604 -0.30012336 -0.32687792
v 0.12847401 -0.31455949 -0.27162120
v 0.12846854 -0.29145023 -0.32689092
v 0.13022174 -0.31450883 -0.27064946
v 0.15704429 -0.30520946 -0.27272764
v 0.14218444 -0.29878506 -0.29947808
v 0.13585126 -0.28877008 -0.32689607
v 0.14263366 -0.29911286 -0.29833806
v 0.14301068 -0.29884315 -0.29859406
v 0.14289583 -0.29907268 -0.29819718
v 0.14089578 -0.30121383 -0.29462010
v 0.14262861 -0.29922873 -0.29808596
v 0.14327420 -0.29935440 -0.29730070
v 0.16548041 -0.28765905 -0.30419558
v 0.16740057 -0.29149741 -0.29443336
v 0.17927447 -0.28344882 -0.29836756
v 0.16291550 -0.29934248 -0.28154099
v 0.17898688 -0.29168069 -0.28306845
v 0.15703940 -0.28343403 -0.31894642
v 0.17069942 -0.27760738 -0.31945929
v 0.18561675 -0.27556753 -0.30796641
v 0.18562150 -0.26428467 -0.32692689
v 0.18931648 -0.27816448 -0.29837659
v 0.21336050 -0.27244213 -0.28496584
v 0.18954837 -0.28897429 -0.27767956
v 0.21481043 -0.27196744 -0.28473046
v -0.27326843 -0.21710069 -0.29867035
v -0.27479511 -0.23130223 -0.27637005
v -0.23408324 -0.25295174 -0.30385309
v -0.23738927 -0.25956631 -0.29001409
v -0.21556307 -0.28475729 -0.27049276
v -0.24309425 -0.27100158 -0.26546550
v -0.24309880 -0.26202819 -0.27982005
v -0.23527908 -0.26707977 -0.28038201
v -0.27165326 -0.21613568 -0.30320597
v -0.27164453 -0.20331672 -0.32725391
v -0.25863969 -0.22164398 -0.32071137
v -0.25599256 -0.24243264 -0.29861876
v -0.26025751 -0.23668300 -0.29863054
v -0.25683829 -0.24133937 -0.29916763
v -0.25707257 -0.24180757 -0.29830739
v -0.25884566 -0.24097252 -0.29570004
v -0.25689971 -0.24243321 -0.29764843
v -0.23772106 -0.24242586 -0.31642133
v -0.21783783 -0.26438087 -0.29856133
v -0.22014806 -0.25108594 -0.31592110
v -0.23232511 -0.23703945 -0.32717946
v -0.24309722 -0.23330778 -0.32263234
v -0.20893312 -0.27097559 -0.29574323
v -0.21263550 -0.26717108 -0.29855329
v -0.21453300 -0.28417641 -0.27216700
v -0.21453902 -0.26890343 -0.29440424
v -0.21453308 -0.24545757 -0.32714757
v -0.21098027 -0.25314105 -0.32002723
v -0.20333090 -0.25109345 -0.32712936
v -0.18595485 -0.27096063 -0.31057063
v -0.18667993 -0.26951110 -0.31208313
v -0.18542801 -0.26990873 -0.31228030
v -0.18595371 -0.26826933 -0.31415409
v -0.18369800 -0.27095920 -0.31167650
v -0.18296459 -0.26946601 -0.31429708
v -0.18595462 -0.29751107 -0.27095604
v 0.19692373 -0.27076516 -0.30403101
v 0.19496171 -0.26115400 -0.32227021
v 0.21420392 -0.27075663 -0.28712481
v 0.20903745 -0.26043954 -0.30750853
v 0.22263873 -0.25389820 -0.30425748
v 0.21420741 -0.24604785 -0.32502893
v 0.21634386 -0.27075523 -0.28519538
v 0.21420455 -0.27324000 -0.28288352
v 0.21659318 -0.27194861 -0.28293428
v 0.23312277 -0.25142893 -0.29841900
v 0.23265982 -0.24634749 -0.30673474
v 0.23982403 -0.23086746 -0.32105702
v 0.24397898 -0.24218369 -0.29842925
v 0.21662317 -0.24339983 -0.32695824
v 0.22740179 -0.23559672 -0.32697108
v 0.24279195 -0.25893790 -0.27481747
v 0.24612953 -0.25813186 -0.27154204
v 0.24052548 -0.22677082 -0.32585520
v 0.24279085 -0.22632237 -0.32383001
v 0.24279144 -0.22365476 -0.32698897
v 0.25298810 -0.23399077 -0.29844013
v 0.26531163 -0.22575670 -0.29023844
v 0.24766399 -0.25159761 -0.27960801
v 0.25358135 -0.23867919 -0.29143396
v 0.27391100 -0.21866032 -0.28669724
v -0.28917414 -0.19184747 -0.30198342
v -0.27451113 -0.21386883 -0.30010659
v -0.27396461 -0.20075090 -0.32609755
v -0.29006669 -0.19363280 -0.29455167
v -0.27546445 -0.21386968 -0.29677027
v -0.27890757 -0.22453110 -0.27373064
v -0.30017543 -0.19080868 -0.27290520
v -0.28578359 -0.20666757 -0.27720463
v -0.30433327 -0.15884317 -0.31512138
v -0.29560295 -0.18531081 -0.29872665
v -0.30430937 -0.16506711 -0.30886745
v -0.30794775 -0.17234144 -0.29225549
v -0.30344802 -0.18531597 -0.27672985
v -0.29087952 -0.18530968 -0.30868834
v -0.27557245 -0.19762264 -0.32726303
v -0.28669986 -0.17857432 -0.32728776
v -0.30015472 -0.16530164 -0.31729802
v 0.26686758 -0.21362217 -0.31047663
v 0.26542065 -0.21063964 -0.31571576
v 0.27139115 -0.21362117 -0.30167261
v 0.26968405 -0.21020991 -0.31103241
v 0.27586719 -0.20468663 -0.30827442
v 0.27139503 -0.20241551 -0.31834459
v 0.27813342 -0.21362352 -0.28754902
v 0.27138755 -0.22669287 -0.27763730
v 0.27915484 -0.21750213 -0.28030208
v 0.29946592 -0.19961464 -0.27017540
v 0.28997827 -0.19364047 -0.29847449
v 0.28955314 -0.18893072 -0.30618805
v 0.29284048 -0.17794615 -0.31274742
v 0.29623809 -0.18508020 -0.29847953
v 0.29979768 -0.19916733 -0.27029198
v 0.27731588 -0.18802470 -0.32702613
v 0.28321826 -0.17917584 -0.32702976
v 0.29316819 -0.16739300 -0.32362556
v 0.30000198 -0.16415206 -0.31373155
v 0.30000767 -0.14643134 -0.32704219
v 0.30573857 -0.16798812 -0.29848462
v 0.30766588 -0.17846552 -0.28524491
v -0.33445331 -0.14537096 -0.27309677
v -0.32808730 -0.12818024 -0.29875284
v -0.33389607 -0.11012416 -0.29875389
v -0.33348519 -0.13762866 -0.27986929
v -0.33671346 -0.12197466 -0.28634551
v -0.30965513 -0.15675025 -0.30827260
v -0.31709048 -0.15674996 -0.29295120
v -0.32177550 -0.14294060 -0.29875648
v -0.32866323 -0.14778706 -0.28082833
v -0.30607390 -0.15378222 -0.31599393
v -0.31952715 -0.13331361 -0.30901194
v -0.30666238 -0.13144727 -0.32731187
v -0.32008889 -0.16673219 -0.27448952
v -0.32115844 -0.12141357 -0.31228703
v -0.30933991 -0.12357426 -0.32731205
v -0.32865080 -0.10478805 -0.30910179
v -0.31792173 -0.10852294 -0.32193923
v 0.30921596 -0.15653135 -0.30308440
v 0.31723559 -0.15654060 -0.28988656
v 0.30190745 -0.14319924 -0.32609534
v 0.30222702 -0.14114505 -0.32704306
v 0.31770080 -0.13473962 -0.30187061
v 0.32142359 -0.14218712 -0.29139113
v 0.32069427 -0.16049169 -0.28026187
v 0.32319951 -0.15384625 -0.28151327
v 0.32860464 -0.15655239 -0.27140343
v 0.32861036 -0.14476964 -0.27832770
v 0.31079197 -0.11907618 -0.32704949
v 0.32313088 -0.10218154 -0.31552866
v 0.32259533 -0.12798764 -0.29849455
v 0.31815499 -0.12798187 -0.30614841
v 0.32459950 -0.10748806 -0.30875182
v 0.33387190 -0.10991977 -0.28946924
v 0.33390206 -0.12800097 -0.28049958
v -0.33526301 -0.09961065 -0.30206805
v -0.34047365 -0.09960702 -0.29282722
v -0.34612471 -0.10513095 -0.27894926
v -0.35714257 -0.09960312 -0.26208645
v -0.35712603 -0.07222348 -0.27079991
v -0.34839702 -0.09522060 -0.28009087
v -0.35739839 -0.07103260 -0.27075258
v -0.34278175 -0.07122959 -0.29875898
v -0.34281301 -0.07103998 -0.29875901
v -0.34281641 -0.07092041 -0.29875910
v -0.34427577 -0.07103924 -0.29595435
v -0.34284636 -0.07106989 -0.29869923
v -0.34284952 -0.07101327 -0.29870567
v -0.32864299 -0.09281760 -0.31234032
v -0.32082012 -0.08924812 -0.32339764
v -0.32481226 -0.08149914 -0.31965923
v -0.31902710 -0.08051682 -0.32731581
v -0.32609171 -0.05929456 -0.32226947
v -0.32206303 -0.06004864 -0.32732525
v -0.32860821 -0.05263074 -0.31906241
v -0.32420892 -0.05456119 -0.32512391
v 0.32625017 -0.09943683 -0.31159061
v 0.32488540 -0.09756203 -0.31465700
v 0.32190722 -0.07425820 -0.32707387
v 0.32863635 -0.09943877 -0.30660582
v 0.32706696 -0.09629567 -0.31121379
v 0.33779359 -0.08118775 -0.29337180
v 0.33729759 -0.09944866 -0.28856429
v 0.34101784 -0.10564196 -0.27805477
v 0.34456611 -0.09150276 -0.27629584
v 0.32249418 -0.06779934 -0.32707754
v 0.33719531 -0.07089277 -0.29852259
v 0.32578039 -0.07088765 -0.32130665
v 0.33170784 -0.04835398 -0.30980265
v 0.33925980 -0.06349191 -0.29482919
v 0.34008673 -0.07089486 -0.29279283
v 0.32869697 -0.04833701 -0.31581256
v 0.32998323 -0.04297499 -0.31345385
v -0.33951753 -0.04247622 -0.30424476
v -0.34919250 -0.04246990 -0.28846261
v -0.35712308 -0.06842416 -0.27151081
v -0.35293943 -0.04455448 -0.28241506
v -0.35709780 -0.04246632 -0.26997262
v -0.35241872 -0.04012301 -0.28216034
v -0.34228614 -0.01498620 -0.29880315
v -0.34217879 -0.01390889 -0.29880404
v -0.34226122 -0.01278622 -0.29880500
v -0.34254268 -0.01418951 -0.29824296
v -0.34249780 -0.01358372 -0.29815465
v -0.32858571 -0.03374036 -0.31625336
v -0.32227200 -0.03135908 -0.32417852
v -0.32469457 -0.02431085 -0.31957179
v -0.31981251 -0.02381064 -0.32733938
v -0.32466379 -0.00352738 -0.31956798
v -0.31977296 -0.00402888 -0.32735208
v -0.32854483 0.00606812 -0.31596971
v -0.32247281 0.00340864 -0.32431638
v 0.31786636 -0.01920770 -0.32710850
v 0.33096111 -0.03783740 -0.31057081
v 0.32871059 -0.03870632 -0.31463185
v 0.33077958 -0.04233607 -0.31177890
v 0.32996100 -0.04170849 -0.31344244
v 0.33825457 -0.02329614 -0.29380667
v 0.34173012 -0.04234092 -0.29078370
v 0.35054514 -0.05327133 -0.27335382
v 0.35013106 -0.03164113 -0.27359489
v 0.31382680 -0.00631238 -0.32711762
v 0.31465769 0.00772814 -0.31991011
v 0.33452725 -0.01377833 -0.29856896
v 0.32371294 -0.01377562 -0.31705821
v 0.32410094 0.00545162 -0.30819643
v 0.33670473 -0.00111698 -0.29225892
v 0.33908904 -0.01378054 -0.29070720
v -0.33932385 0.01465352 -0.30422449
v -0.34568697 0.01465908 -0.29024029
v -0.34924331 0.01074835 -0.28063917
v -0.35705283 0.01465815 -0.25638068
v -0.34948784 0.01844864 -0.28076798
v -0.34268045 0.04300717 -0.29884478
v -0.34268153 0.04321712 -0.29884487
v -0.34267950 0.04342862 -0.29884496
v -0.34272793 0.04315972 -0.29873019
v -0.34272835 0.04327404 -0.29873112
v -0.32852936 0.02551916 -0.32055768
v -0.32529420 0.02731049 -0.32575777
v -0.32661763 0.03084258 -0.32355717
v -0.32440978 0.03099069 -0.32737765
v -0.32827118 0.05725095 -0.32691354
v -0.32798663 0.05722934 -0.32739633
v -0.32851231 0.05797850 -0.32642582
v -0.32810488 0.05769648 -0.32719278
v 0.29741144 0.05478525 -0.32148808
v 0.29409561 0.05455016 -0.32716930
v 0.32106268 0.01478180 -0.30901375
v 0.30461556 0.02687214 -0.32495511
v 0.30023772 0.03411986 -0.32715246
v 0.30177575 0.02983570 -0.32714850
v 0.32877535 0.01477990 -0.29925281
v 0.31780201 0.03675100 -0.30191976
v 0.33327574 0.02376862 -0.28883952
v 0.33702296 0.01477767 -0.28845698
v 0.34586662 0.00622070 -0.27578416
v 0.34255907 0.02166862 -0.27746367
v 0.31077263 0.04708768 -0.30612153
v 0.29414564 0.06068892 -0.32412347
v 0.30024952 0.06499562 -0.31246325
v 0.31770182 0.04333946 -0.29863679
v 0.31574315 0.04333975 -0.30109653
v 0.31574982 0.04581562 -0.29987603
v 0.31796950 0.05025896 -0.29518989
v 0.33327901 0.04333678 -0.27908066
v -0.33942086 0.07177860 -0.30431429
v -0.34570408 0.07177922 -0.29025394
v -0.34958541 0.06804664 -0.28085744
v -0.35704508 0.07177158 -0.25955170
v -0.34930179 0.07564866 -0.28071707
v -0.33797556 0.09075876 -0.29885641
v -0.33602369 0.10034437 -0.29885483
v -0.33959642 0.09717390 -0.29252547
v -0.33852044 0.10458656 -0.29037455
v -0.32849625 0.08378068 -0.32284915
v -0.32642642 0.08502475 -0.32637110
v -0.32700902 0.08754699 -0.32443395
v -0.32532889 0.08764374 -0.32740492
v -0.32325089 0.10939717 -0.31693688
v -0.31754607 0.10915989 -0.32739460
v -0.31681252 0.12046965 -0.32155633
v -0.32601154 0.12398212 -0.29883987
v 0.29022884 0.08118185 -0.32218814
v 0.29310116 0.09335196 -0.31292376
v 0.29201949 0.10653061 -0.31078017
v 0.30207178 0.10047352 -0.29869604
v 0.29763418 0.12381950 -0.29872462
v 0.28347987 0.09459635 -0.32721731
v 0.28143999 0.10535672 -0.32722861
v 0.30024743 0.07648864 -0.30781266
v 0.30596337 0.07190564 -0.30151856
v 0.31330580 0.07190309 -0.29213774
v 0.30566615 0.08276033 -0.29867443
v 0.32258952 0.06879917 -0.28130552
v 0.32878596 0.05871444 -0.27780843
v 0.32107925 0.07575515 -0.28055808
v 0.32878363 0.07189751 -0.26999405
v 0.28269297 0.12354966 -0.31847748
v 0.30969840 0.09564941 -0.28906536
v 0.30880314 0.10617936 -0.28729549
v -0.33905435 0.11991377 -0.27558050
v -0.33409306 0.14039095 -0.27309448
v -0.33106017 0.14578786 -0.27545080
v -0.32277310 0.12892269 -0.30168760
v -0.32490143 0.12892178 -0.29704878
v -0.32847929 0.12574334 -0.29249337
v -0.32847837 0.13473585 -0.28721347
v -0.31156215 0.13475400 -0.31891936
v -0.31341332 0.15594897 -0.29958707
v -0.29990834 0.15007220 -0.32363695
v -0.31373364 0.15659028 -0.29835472
v -0.31309465 0.15750317 -0.29880938
v -0.31160644 0.16267809 -0.29621941
v -0.31614104 0.15554914 -0.29491410
v -0.31368509 0.15750268 -0.29780111
v -0.29710585 0.15751500 -0.32174462
v -0.29486561 0.17601295 -0.30800122
v -0.29477388 0.15494880 -0.32734507
v -0.28753093 0.16372146 -0.32732800
v -0.28188473 0.17710346 -0.32203689
v -0.27134946 0.18178958 -0.32728493
v 0.26237220 0.15296587 -0.32726973
v 0.27168441 0.14444464 -0.32069111
v 0.29431036 0.12904054 -0.30169541
v 0.28034532 0.13337828 -0.31731904
v 0.29753846 0.12903866 -0.29737923
v 0.25368512 0.16661870 -0.32726425
v 0.24309698 0.18186200 -0.32725263
v 0.25199929 0.17635320 -0.32282019
v 0.26716840 0.15761633 -0.31825519
v 0.26631358 0.17545584 -0.30765238
v 0.28493372 0.15760653 -0.30081126
v 0.28886053 0.15181476 -0.29874545
v 0.28636906 0.15720338 -0.29955244
v 0.28625658 0.15789591 -0.29932901
v 0.28693607 0.15760510 -0.29874903
v 0.28515771 0.15922114 -0.29955563
v 0.28645685 0.15858698 -0.29874939
v 0.30024055 0.12672892 -0.29411700
v 0.30024293 0.13189822 -0.29301581
v 0.31342989 0.12134910 -0.27678320
v 0.31160659 0.13762230 -0.27588135
v 0.30531675 0.14839111 -0.28035539
v 0.30227920 0.16983700 -0.27428189
v -0.30402938 0.18609697 -0.28655183
v -0.29991484 0.18610053 -0.29158390
v -0.28721994 0.18611756 -0.30667940
v -0.30157942 0.18942551 -0.28615010
v -0.29684415 0.19226179 -0.28755283
v -0.31210613 0.17998961 -0.27841914
v -0.30513388 0.18870458 -0.28188726
v -0.29992634 0.19595473 -0.27955779
v -0.27863413 0.20069471 -0.29871511
v -0.25728825 0.21474694 -0.29866797
v -0.27948999 0.20855495 -0.28639922
v -0.27135426 0.19375515 -0.31393540
v -0.25990036 0.19471288 -0.32152510
v -0.25719935 0.21463868 -0.29888436
v -0.24279346 0.20740353 -0.32353953
v -0.25713560 0.21479148 -0.29875636
v -0.25688350 0.21474735 -0.29908258
v -0.25714061 0.21484569 -0.29866767
v -0.25701433 0.21490127 -0.29874438
v -0.25680190 0.21532734 -0.29837722
v -0.25776193 0.21541606 -0.29732987
v -0.23856717 0.21476418 -0.31874573
v -0.21471575 0.22856808 -0.32615745
v -0.23517892 0.22809035 -0.30528030
v -0.23953019 0.23675305 -0.28764385
v -0.23480102 0.21076766 -0.32719767
v -0.21421742 0.22814432 -0.32715192
v -0.21396618 0.22881480 -0.32664865
v -0.21355760 0.22873634 -0.32715026
v -0.21421929 0.23059475 -0.32409590
v -0.21293972 0.22970544 -0.32650995
v 0.21303177 0.21403475 -0.32718688
v 0.21452750 0.21345972 -0.32652897
v 0.23497246 0.19642100 -0.32317966
v 0.20795439 0.21807209 -0.32717365
v 0.18595734 0.23493493 -0.32711598
v 0.19341153 0.23279929 -0.32340756
v 0.21387020 0.21478239 -0.32587433
v 0.21003745 0.23437893 -0.30840862
v 0.21622762 0.21477966 -0.32379121
v 0.23558478 0.20797642 -0.31223723
v 0.23240064 0.21835974 -0.30587223
v 0.24535510 0.21474397 -0.29870111
v 0.22253866 0.22728315 -0.30489880
v 0.23367020 0.22449613 -0.29867101
v 0.24309228 0.19483522 -0.31598115
v 0.25923589 0.18617667 -0.30678618
v 0.25309426 0.20617791 -0.29871944
v 0.27167395 0.18616785 -0.29556659
v 0.26403987 0.20141692 -0.29208037
v 0.27530351 0.19342300 -0.28810275
v 0.27950796 0.18616289 -0.28838730
v 0.28747293 0.19405203 -0.27659178
v 0.25442910 0.21178879 -0.29282850
v 0.25222486 0.21988484 -0.28841034
v 0.26642993 0.21472500 -0.28066480
v 0.27377942 0.21471936 -0.27439839
v 0.30024427 0.17392886 -0.27432692
v 0.30310059 0.17329912 -0.27164540
v -0.22018832 0.24335337 -0.30156928
v -0.22857562 0.24334735 -0.29144859
v -0.24282682 0.23874277 -0.28206274
v -0.23904578 0.24144821 -0.28246105
v -0.24283347 0.24333477 -0.27660054
v -0.23395991 0.24777997 -0.27990586
v -0.21654317 0.24796399 -0.29858631
v -0.21852300 0.26189661 -0.27853665
v -0.21423231 0.24617335 -0.30421409
v -0.20865676 0.25452721 -0.29856917
v -0.19667295 0.24887323 -0.31833300
v -0.19454342 0.26112050 -0.30394131
v -0.18564755 0.25555542 -0.31889063
v -0.19693135 0.26588067 -0.29551503
v -0.18371662 0.27194080 -0.29851818
v -0.20588513 0.26601931 -0.28674015
v -0.19487441 0.27193815 -0.28835204
v -0.17503504 0.27194247 -0.30581450
v -0.16771515 0.27561307 -0.30582210
v -0.17354508 0.27626473 -0.30065903
v -0.17478293 0.27872020 -0.29511732
v -0.16729584 0.28013667 -0.29849049
v -0.16592970 0.26208389 -0.32704329
v -0.15708157 0.26653609 -0.32703003
v -0.15017915 0.27931803 -0.31320059
v -0.13877727 0.27708149 -0.32700446
v -0.15073389 0.28776723 -0.29846519
v -0.13388333 0.28981966 -0.30736673
v -0.12469549 0.29286054 -0.30887064
v -0.12852252 0.28530765 -0.32031450
v -0.11057156 0.29155588 -0.32165459
v -0.09994247 0.29222432 -0.32695046
v -0.04276318 0.30562240 -0.32688165
v 0.01444279 0.31057158 -0.32686770
v 0.07167049 0.29967844 -0.32688856
v 0.09369541 0.29722834 -0.31590319
v 0.09903021 0.29804617 -0.31139871
v 0.12369968 0.28108770 -0.31671199
v 0.10201230 0.29699740 -0.31087965
v 0.12477187 0.29237312 -0.29838991
v 0.11341403 0.27851862 -0.32695276
v 0.10026073 0.29403812 -0.31586647
v 0.12883759 0.26975060 -0.32698071
v 0.13978520 0.26312479 -0.32700506
v 0.16922574 0.26700893 -0.30093813
v 0.15739866 0.25892198 -0.32053453
v 0.17177820 0.25055289 -0.31998551
v 0.17030317 0.26916206 -0.29711953
v 0.13711444 0.27792454 -0.31042045
v 0.16345489 0.27190587 -0.29847524
v 0.14854144 0.27191964 -0.30930024
v 0.13588759 0.28636324 -0.29841018
v 0.14651105 0.27870846 -0.30183423
v 0.14895245 0.28358418 -0.29259834
v 0.17466471 0.26591906 -0.29850164
v 0.16932617 0.27189982 -0.29379091
v 0.17394234 0.26962876 -0.29395917
v 0.18595296 0.24966109 -0.31116807
v 0.20081633 0.24333793 -0.30601031
v 0.19197497 0.25537688 -0.29854941
v 0.21451524 0.24332011 -0.29503673
v 0.21041329 0.25151685 -0.28841767
v 0.21718690 0.24865890 -0.28701279
v 0.22264390 0.24330701 -0.28842035
v 0.21451643 0.25835258 -0.27679953
v 0.22866464 0.25036642 -0.27729160
v 0.19317028 0.26482260 -0.28442514
v 0.24309167 0.23472282 -0.28154698
v 0.25363356 0.23426840 -0.27541488
v 0.27167800 0.21929920 -0.27248341
v -0.18570921 0.28407902 -0.27603257
v -0.16903114 0.29217634 -0.27588430
v -0.13343044 0.30052447 -0.28660110
v -0.15713054 0.29308528 -0.28361511
v -0.12854791 0.30052620 -0.29034999
v -0.11114363 0.30052963 -0.30399594
v -0.12964875 0.30271944 -0.28525347
v -0.12709005 0.30344838 -0.28561321
v -0.13337095 0.30293182 -0.28175884
v -0.12855446 0.30449226 -0.28217316
v -0.10294269 0.30651224 -0.29839024
v -0.10188831 0.31673425 -0.27366826
v -0.09994768 0.30372387 -0.30477232
v -0.09611572 0.30819678 -0.29838139
v -0.07804497 0.30387169 -0.31597883
v -0.07536379 0.30853060 -0.30863523
v -0.06619157 0.31085941 -0.30745968
v -0.07135793 0.30602628 -0.31537741
v -0.05882168 0.30679381 -0.31887788
v -0.07888156 0.31555587 -0.29158652
v -0.06253231 0.31817532 -0.29287580
v -0.07136789 0.32633969 -0.27116787
v -0.09743880 0.31734234 -0.27487817
v -0.05159480 0.31817234 -0.29832360
v -0.05114881 0.32319057 -0.28650647
v -0.04276239 0.31038737 -0.31802607
v -0.03219147 0.32165024 -0.29831260
v -0.03277790 0.30982572 -0.32188842
v -0.02422648 0.32063028 -0.30254170
v -0.00196233 0.32489616 -0.30039719
v -0.01416491 0.31376761 -0.31920487
v 0.00961096 0.31239474 -0.32445571
v -0.02575940 0.32369563 -0.29560885
v -0.00110621 0.32660520 -0.29705787
v -0.03256387 0.32500508 -0.29012522
v -0.02136799 0.32909444 -0.28413591
v 0.00166036 0.32604861 -0.29829988
v -0.00396598 0.32908982 -0.29010648
v 0.00174066 0.32748783 -0.29509932
v 0.01444183 0.31304452 -0.32334498
v 0.02778367 0.32715875 -0.29830027
v 0.02006249 0.31199944 -0.32406268
v 0.03033743 0.32589933 -0.29989102
v 0.05302456 0.32042110 -0.30263337
v 0.04305480 0.31317812 -0.31891870
v 0.05865168 0.30830407 -0.32038060
v 0.02960334 0.32736313 -0.29744369
v 0.05476232 0.32388860 -0.29571739
v 0.02773035 0.32806519 -0.29627469
v 0.03166158 0.32907519 -0.29247552
v 0.06148764 0.32082003 -0.29831189
v 0.05062262 0.32906613 -0.28486478
v 0.06171674 0.32470375 -0.28959951
v 0.07166627 0.30853659 -0.31436944
v 0.09536421 0.30050385 -0.31017810
v 0.07913188 0.31541920 -0.29832396
v 0.10025777 0.30049855 -0.30649036
v 0.09378430 0.31340498 -0.29051322
v 0.10494195 0.30985343 -0.28875035
v 0.11634775 0.30047745 -0.29213274
v 0.10024769 0.31812775 -0.27522388
v 0.11964209 0.31015053 -0.27439326
v 0.07884797 0.32194868 -0.28412718
v 0.12882598 0.29586041 -0.28916904
v 0.14557394 0.29454577 -0.27823749
v 0.15739340 0.28865302 -0.27826828
v 0.15739293 0.30043513 -0.25716972
v -0.01416225 0.33489522 -0.27264705
v 0.04304716 0.33492094 -0.27266851
v 0.28736240 0.07987218 0.47872534
v 0.27142498 0.07189014 0.46905118
v 0.26614246 0.07453139 0.46077639
v 0.24807388 0.07187698 0.44645071
v 0.26200399 0.06717499 0.46285725
v 0.29406184 0.07189354 0.49803317
v 0.27987537 0.06766536 0.48248941
v 0.27142173 0.05970184 0.48063383
v 0.27918202 0.05635292 0.49449882
v 0.29622307 0.07189403 0.50098652
v 0.28102535 0.05265999 0.50101119
v 0.25665730 0.05070378 0.47245586
v 0.26332906 0.04332175 0.48865461
v 0.27285936 0.04332677 0.50102407
v 0.24378009 0.07006952 0.44385368
v 0.24048908 0.06709695 0.44385910
v 0.24287914 0.07089020 0.44188526
v 0.24288204 0.07475716 0.43807030
v 0.24472265 0.07187469 0.44292817
v 0.22525580 0.04998726 0.44722784
v 0.24831015 0.05215498 0.46156588
v 0.23363012 0.04835228 0.45397538
v 0.24285194 0.03493430 0.47247976
v 0.22486812 0.04330944 0.45134369
v 0.20913008 0.04330277 0.44389337
v 0.21881434 0.06289031 0.43406552
v 0.23873621 0.03108814 0.47248504
v 0.21429682 0.02269041 0.46218061
v 0.26162603 0.03435060 0.49655446
v 0.26258200 0.03243737 0.50103676
v 0.24630180 0.03248256 0.47938061
v 0.24136817 0.03051173 0.47544530
v 0.18577576 0.05998810 0.42014098
v 0.20430627 0.03474995 0.44818065
v 0.19653642 0.03630247 0.44389746
v 0.19795699 0.04121739 0.43973219
v 0.20170335 0.03996370 0.44222671
v 0.19417864 0.04915776 0.43214554
v 0.20241866 0.04329902 0.43912765
v 0.17836158 0.02951827 0.44388896
v 0.16577715 0.03186748 0.43816799
v 0.16398424 0.04327291 0.42883641
v 0.17617591 0.03859132 0.43449232
v 0.18101326 0.05280191 0.42481756
v 0.12945570 0.01633445 0.44384265
v 0.13533130 0.03565013 0.42862499
v 0.15017369 0.02876062 0.43660456
v 0.15196501 0.04326267 0.42577800
v 0.12779857 0.01635291 0.44384024
v 0.10692345 0.02831790 0.43633386
v 0.10416076 0.04322591 0.42329371
v 0.12192722 0.03568515 0.42869526
v 0.07383779 0.01920405 0.44375622
v 0.07745409 0.03481646 0.42696255
v 0.09371145 0.02744715 0.43588686
v 0.09641683 0.04322069 0.42259830
v 0.06964748 0.01845437 0.44375181
v 0.04688951 0.02239295 0.43332320
v 0.04308386 0.04318897 0.41525692
v 0.06638258 0.03409974 0.42553204
v 0.01498277 0.02943030 0.41620907
v 0.04000964 0.02059584 0.43242359
v 0.04297496 0.04318891 0.41521978
v 0.01405134 0.02927340 0.41589636
v -0.13430509 -0.33914527 -0.23258138
v -0.12223169 -0.34110343 -0.23355086
v -0.10612306 -0.33995223 -0.24129219
v -0.10496812 -0.34714329 -0.22235721
v -0.10016763 -0.33451000 -0.25421691
v -0.10016997 -0.32445723 -0.26984668
v -0.08207148 -0.33327773 -0.26078656
v -0.09353599 -0.34127742 -0.24127835
v -0.07695380 -0.33880591 -0.25015193
v -0.07993329 -0.34477299 -0.23535275
v -0.09471349 -0.34775928 -0.22358775
v -0.06511465 -0.34089923 -0.24909428
v -0.06215673 -0.34679988 -0.23635414
v -0.05188020 -0.34585425 -0.24124129
v -0.05141347 -0.35076445 -0.22959358
v -0.07156144 -0.33573869 -0.25938427
v -0.01434957 -0.36087358 -0.21483874
v -0.05692848 -0.33532822 -0.26282215
v -0.04295895 -0.33772305 -0.26063490
v -0.04296217 -0.33363569 -0.26978695
v -0.03218904 -0.33691466 -0.26440054
v -0.03354462 -0.34682110 -0.24123296
v -0.02294789 -0.34516400 -0.24693248
v -0.02507039 -0.34941328 -0.23764858
v -0.03398223 -0.35126108 -0.23059312
v -0.01985260 -0.35658175 -0.22366980
v -0.00580624 -0.34510642 -0.24695164
v -0.00367270 -0.34936482 -0.23762119
v 0.00392229 -0.34859139 -0.24121742
v -0.00887924 -0.35657719 -0.22361621
v 0.00414693 -0.35236135 -0.23281136
v -0.01436703 -0.33836675 -0.26067474
v 0.04280791 -0.35920385 -0.21401697
v 0.00243448 -0.33639240 -0.26388159
v 0.01421494 -0.33815569 -0.26152611
v 0.01421291 -0.33369535 -0.26976022
v 0.02652956 -0.33610928 -0.26360524
v 0.02421291 -0.34796309 -0.24121472
v 0.03487828 -0.34381318 -0.24757603
v 0.03220180 -0.34917662 -0.23753175
v 0.02398655 -0.35203233 -0.23217377
v 0.03900876 -0.35655099 -0.22027476
v 0.04989816 -0.34217542 -0.24838790
v 0.05273527 -0.34784377 -0.23687297
v 0.06337782 -0.34393221 -0.24121556
v 0.04600230 -0.35654598 -0.21907155
v 0.06322537 -0.35039383 -0.22895694
v 0.04278925 -0.33687460 -0.25992978
v 0.05527152 -0.33420372 -0.26171696
v 0.07135792 -0.33507463 -0.25544545
v 0.07135592 -0.32793573 -0.26975304
v 0.09622172 -0.32978541 -0.25733709
v 0.07826815 -0.34176850 -0.24121809
v 0.09816481 -0.33144617 -0.25373670
v 0.09260228 -0.34259003 -0.23427254
v 0.07843743 -0.34930888 -0.22681698
v 0.10119156 -0.33047611 -0.25422060
v 0.10597278 -0.34002405 -0.23299891
v 0.12763703 -0.32962945 -0.24123046
v 0.12804058 -0.34267792 -0.21364936
v 0.09991922 -0.32966343 -0.25635418
v 0.10210247 -0.32902414 -0.25658193
v 0.12849107 -0.32865003 -0.24269034
v 0.12847494 -0.31548074 -0.26977539
v 0.12915903 -0.32925314 -0.24123061
v 0.12888455 -0.34257081 -0.21343645
v -0.24306229 -0.30538863 -0.21576653
v -0.22242233 -0.31783807 -0.21681210
v -0.24712048 -0.27302277 -0.25775540
v -0.24618524 -0.27720755 -0.25263858
v -0.25073397 -0.28634462 -0.23483092
v -0.24672924 -0.29960242 -0.22020665
v -0.21608242 -0.28682673 -0.26687384
v -0.22353786 -0.29957604 -0.24142055
v -0.23412541 -0.28892684 -0.24676025
v -0.23057711 -0.29601863 -0.23964864
v -0.22756289 -0.29710764 -0.24142486
v -0.23340568 -0.29958653 -0.23220234
v -0.22536738 -0.30300534 -0.23457041
v -0.22778800 -0.29857022 -0.23940729
v -0.21492615 -0.28546953 -0.26997647
v -0.24309008 -0.27562615 -0.25804475
v -0.20566425 -0.31043836 -0.24140602
v -0.21449862 -0.31822559 -0.22156350
v -0.21453230 -0.28565422 -0.26997611
v -0.20494756 -0.30427709 -0.25082982
v -0.19443631 -0.31114894 -0.24719137
v -0.17976847 -0.31576014 -0.24948548
v -0.18846127 -0.32307786 -0.22963178
v -0.18450288 -0.32525295 -0.22853835
v -0.19252411 -0.32483375 -0.22381622
v -0.18593198 -0.32812446 -0.22145338
v -0.18593566 -0.32607746 -0.22608392
v -0.18354112 -0.32692379 -0.22590697
v -0.20854276 -0.28826261 -0.26996884
v -0.18729641 -0.29954222 -0.26725879
v -0.18522234 -0.29954004 -0.26847827
v -0.15779133 -0.32724476 -0.24135175
v -0.16002290 -0.31115457 -0.26461640
v -0.18440983 -0.29876712 -0.26994029
v -0.18595432 -0.29855534 -0.26944953
v -0.15611866 -0.32808626 -0.24072528
v -0.15706941 -0.32748717 -0.24135093
v -0.15736912 -0.32774022 -0.24065691
v -0.15737152 -0.30825180 -0.26991338
v -0.15539260 -0.31182259 -0.26595581
v -0.15072110 -0.31047297 -0.26990658
v -0.12877037 -0.32805893 -0.25519425
v -0.12886541 -0.32786933 -0.25550073
v -0.12869082 -0.32789958 -0.25551578
v -0.12877053 -0.32770327 -0.25577331
v -0.12829927 -0.32805851 -0.25535956
v -0.12812346 -0.32773519 -0.25591788
v -0.15377229 -0.34059113 -0.21456683
v -0.12875012 -0.34548673 -0.21833622
v -0.07154202 -0.35271192 -0.21466351
v 0.09993838 -0.34960222 -0.21614501
v 0.13110122 -0.32791829 -0.24253571
v 0.14971787 -0.32791263 -0.23064294
v 0.13173544 -0.31526420 -0.26814839
v 0.15191299 -0.31762987 -0.25037688
v 0.16413453 -0.31374973 -0.24845427
v 0.15704806 -0.30900228 -0.26496795
v 0.15680028 -0.32736135 -0.22724727
v 0.15754752 -0.32696444 -0.22744618
v 0.14591825 -0.33349371 -0.22139725
v 0.15658449 -0.32766512 -0.22672798
v 0.15707630 -0.32791013 -0.22573736
v 0.15707521 -0.32748568 -0.22676113
v 0.15866885 -0.32711336 -0.22617887
v 0.17804164 -0.31271258 -0.24126756
v 0.17771813 -0.30570966 -0.25401223
v 0.16527826 -0.30345428 -0.26980430
v 0.19775954 -0.30365974 -0.24128781
v 0.18565720 -0.31844461 -0.22237453
v 0.18562211 -0.29459351 -0.26982433
v 0.19791311 -0.30133507 -0.24530530
v 0.20112699 -0.30172339 -0.24248992
v 0.20170398 -0.30287138 -0.23951975
v 0.19389918 -0.31772956 -0.21684532
v 0.21424285 -0.30876440 -0.21746734
v 0.19606951 -0.29026315 -0.26983705
v 0.20777602 -0.29932263 -0.24129747
v 0.20218506 -0.29932350 -0.24580975
v 0.22395515 -0.29021716 -0.24585882
v 0.22556211 -0.29342189 -0.23836355
v 0.23549706 -0.28534216 -0.24131797
v 0.22235765 -0.29931873 -0.22899342
v 0.23498137 -0.29286352 -0.22841141
v 0.21420652 -0.28546485 -0.26292777
v 0.22861573 -0.27795005 -0.26278484
v 0.24279147 -0.27548340 -0.25079444
v 0.24279279 -0.26191902 -0.26987395
v 0.24663508 -0.27841511 -0.24132499
v 0.24709313 -0.28930289 -0.22129977
v -0.27945459 -0.26067662 -0.21685891
v -0.30239275 -0.21833754 -0.22951113
v -0.27977598 -0.23630559 -0.25383028
v -0.28073096 -0.24246575 -0.24152473
v -0.29277337 -0.22875278 -0.23469704
v -0.28359658 -0.23781841 -0.24153391
v -0.28144711 -0.24694686 -0.23257773
v -0.28389326 -0.24044402 -0.23747925
v -0.27697119 -0.23082268 -0.27009028
v -0.25297809 -0.27101424 -0.25080323
v -0.26274806 -0.27102852 -0.23702899
v -0.26739109 -0.26251507 -0.24148810
v -0.27164260 -0.26438686 -0.22819632
v -0.25233144 -0.26638719 -0.26036900
v -0.27165478 -0.23914230 -0.27007359
v -0.26708642 -0.25216275 -0.26092169
v -0.26220971 -0.25199938 -0.27004719
v -0.26404127 -0.28153235 -0.21670976
v -0.28403878 -0.22197089 -0.26391673
v 0.25225627 -0.27074510 -0.24605364
v 0.26465920 -0.27075216 -0.23042099
v 0.24823786 -0.25918436 -0.26715890
v 0.25340766 -0.25116199 -0.26987973
v 0.26462078 -0.25723243 -0.24885769
v 0.26967326 -0.26731569 -0.22877914
v 0.26540497 -0.27374902 -0.22406469
v 0.26923916 -0.26967674 -0.22598335
v 0.27140000 -0.27075773 -0.22247258
v 0.27139589 -0.26793420 -0.22565243
v 0.26505250 -0.23901835 -0.26988634
v 0.28166777 -0.24218276 -0.24134290
v 0.26761818 -0.24217914 -0.26236740
v 0.28343385 -0.23769434 -0.24358776
v 0.28438973 -0.23960389 -0.24005428
v 0.29197219 -0.22962363 -0.24134777
v 0.28402942 -0.24218464 -0.23804307
v 0.28908235 -0.23879659 -0.23456319
v 0.27138466 -0.23389658 -0.26575050
v 0.28624189 -0.22104457 -0.26304322
v 0.29998136 -0.21655083 -0.24718516
v 0.30210415 -0.21787490 -0.24135210
v 0.30435827 -0.23228642 -0.22151624
v -0.32150787 -0.18533635 -0.24161814
v -0.33494246 -0.16932809 -0.24162762
v -0.33583534 -0.17823681 -0.22741064
v -0.30577487 -0.21392079 -0.23010889
v -0.31690314 -0.19026823 -0.24161279
v -0.31658998 -0.18748610 -0.24591956
v -0.30446416 -0.18746561 -0.27016652
v -0.30018830 -0.21391173 -0.23831448
v -0.30946052 -0.19531441 -0.24659328
v -0.29690537 -0.20732346 -0.25258064
v -0.30017892 -0.19528516 -0.26517639
v -0.29302722 -0.21389627 -0.25227284
v -0.29129341 -0.20943698 -0.26030979
v -0.30758041 -0.21763147 -0.22360885
v -0.30018455 -0.22827318 -0.22011834
v -0.32795146 -0.20002551 -0.21343520
v -0.31965098 -0.18010285 -0.25207126
v -0.31058732 -0.18009998 -0.27017438
v -0.32867360 -0.16502197 -0.25815660
v -0.32867005 -0.15631717 -0.27019355
v -0.32245106 -0.16791630 -0.26706910
v -0.32826078 -0.19922420 -0.21392635
v 0.29980442 -0.19944575 -0.26982537
v 0.29993343 -0.19930287 -0.26981127
v 0.29987788 -0.19930133 -0.26991606
v 0.29998574 -0.19972928 -0.26916790
v 0.30474544 -0.21363905 -0.24373204
v 0.30983669 -0.21364686 -0.23643786
v 0.29998592 -0.19916429 -0.26991615
v 0.30012345 -0.19921818 -0.26964158
v 0.31938720 -0.19527656 -0.24645370
v 0.32277060 -0.20203541 -0.23290063
v 0.31629109 -0.21980435 -0.22094068
v 0.32201084 -0.21037906 -0.22379878
v 0.32859796 -0.21368100 -0.20819855
v 0.32859379 -0.20341252 -0.22196043
v 0.31590527 -0.17875820 -0.26992822
v 0.32925695 -0.18511197 -0.24137205
v 0.32094753 -0.18510035 -0.25465178
v 0.33469367 -0.16873398 -0.24957353
v 0.33828598 -0.17591766 -0.23677891
v 0.33679491 -0.18512261 -0.22919349
v 0.32859898 -0.16713730 -0.26095086
v 0.33461836 -0.15956387 -0.25866687
v -0.18516880 0.01529480 0.42976576
v -0.18367524 0.04310630 0.41883546
v -0.34947205 -0.14134243 -0.24821375
v -0.34077770 -0.15675855 -0.24769968
v -0.33823991 -0.14727074 -0.26539919
v -0.35511678 -0.15266909 -0.22941552
v -0.35253769 -0.15677719 -0.22968000
v -0.35343012 -0.15865533 -0.22548836
v -0.35717031 -0.15678583 -0.22261721
v -0.35716718 -0.15309918 -0.22552384
v -0.35523701 -0.15581277 -0.22639525
v -0.35968220 -0.10087482 -0.25719041
v -0.35897911 -0.12818679 -0.24164164
v -0.36075157 -0.10683448 -0.25230843
v -0.36531097 -0.11597487 -0.23554361
v -0.36563599 -0.12819602 -0.23007935
v -0.35041392 -0.12818122 -0.25668728
v -0.33999789 -0.13678272 -0.27019405
v -0.34651753 -0.12284651 -0.27019334
v -0.35714579 -0.10605636 -0.25914297
v 0.34049946 -0.15656596 -0.24972710
v 0.33694178 -0.15239933 -0.25982893
v 0.34771609 -0.15657373 -0.23666029
v 0.35192588 -0.16823637 -0.21547098
v 0.35052425 -0.14324085 -0.24140099
v 0.34858990 -0.13369079 -0.25274634
v 0.35030419 -0.12064327 -0.25616831
v 0.35683370 -0.12802826 -0.24141243
v 0.33784652 -0.13261518 -0.26995024
v 0.34109187 -0.12178257 -0.26995867
v 0.35720080 -0.14868495 -0.22560163
v 0.36408466 -0.14575611 -0.21628967
v 0.34727710 -0.10877673 -0.26500696
v 0.35721684 -0.10360789 -0.24970108
v 0.36101323 -0.10706317 -0.24143058
v 0.36294737 -0.13658163 -0.22432603
v 0.36516815 -0.12170687 -0.22876358
v -0.21374755 0.02902449 0.47220623
v -0.23146883 0.07730123 0.46352592
v -0.23562893 0.07522424 0.48297247
v -0.36128375 -0.09960310 -0.25384617
v -0.36860251 -0.09960984 -0.23311082
v -0.35992318 -0.09820886 -0.25731319
v -0.35760397 -0.07127220 -0.27020505
v -0.36290002 -0.08804581 -0.25014991
v -0.36751536 -0.07878427 -0.23778169
v -0.37388957 -0.10801247 -0.21899015
v -0.37417817 -0.09107962 -0.21884203
v -0.35761267 -0.07078815 -0.27020538
v -0.36117959 -0.04451066 -0.25799090
v -0.36696538 -0.07103150 -0.24165508
v -0.35850579 -0.07103234 -0.26743948
v -0.36434171 -0.05696100 -0.24869499
v -0.36776477 -0.06380896 -0.23805086
v -0.36872381 -0.07103503 -0.23634237
v 0.35023460 -0.08867924 -0.26648533
v 0.35359457 -0.08155315 -0.26271921
v 0.35474780 -0.05913364 -0.26499376
v 0.36629137 -0.07092085 -0.24145755
v 0.34975851 -0.08144999 -0.26998302
v 0.35209060 -0.05920798 -0.26999637
v 0.35722464 -0.09373865 -0.25289562
v 0.36157575 -0.09947569 -0.24361086
v 0.36499819 -0.09947898 -0.23755027
v 0.36444932 -0.08504694 -0.24144715
v 0.37336230 -0.10570136 -0.22094157
v 0.37511733 -0.09414908 -0.22182627
v 0.35331613 -0.05465935 -0.26803240
v 0.35725677 -0.05212040 -0.26098961
v 0.36685157 -0.06156516 -0.24146768
v 0.36896178 -0.07348505 -0.23633446
v 0.36918125 -0.06857868 -0.23677288
v -0.21970914 0.07168952 0.44644016
v -0.21623568 0.06743456 0.44364020
v -0.21411228 0.06941257 0.43909767
v -0.21759766 0.07168632 0.44189787
v -0.22589032 0.06332118 0.46630979
v -0.23596311 0.07171302 0.48982847
v -0.23070207 0.06573543 0.48051089
v -0.23225267 0.05092727 0.49687058
v -0.23671606 0.07172126 0.50075489
v -0.36302310 -0.04246663 -0.25298038
v -0.36934036 -0.04247335 -0.23353389
v -0.36129031 -0.04036362 -0.25805214
v -0.36253935 -0.03153685 -0.25049686
v -0.35707957 -0.02280065 -0.26579762
v -0.36620027 -0.02419404 -0.23655719
v -0.37461853 -0.05125596 -0.21862580
v -0.37442666 -0.03380121 -0.21873106
v -0.35716128 0.01460379 -0.25605938
v -0.36321074 -0.01391246 -0.24170573
v -0.35725194 0.01425946 -0.25580570
v -0.36472291 -0.00069914 -0.23511040
v -0.36673588 -0.01391718 -0.23251428
v -0.35564232 -0.01390488 -0.26738796
v -0.35482192 -0.01503261 -0.27025226
v -0.35448799 -0.01260963 -0.27025461
v -0.35705385 0.01328659 -0.25668943
v 0.35305029 -0.03018439 -0.26791334
v 0.35459942 -0.02538453 -0.26466593
v 0.35408551 -0.00273246 -0.26361740
v 0.36784080 -0.01380195 -0.24151531
v 0.35149974 -0.02517498 -0.27003080
v 0.35039097 -0.00296584 -0.27005339
v 0.35727647 -0.03284531 -0.26049006
v 0.36610237 -0.04236139 -0.24590139
v 0.37195066 -0.04236678 -0.23414636
v 0.36805701 -0.02081711 -0.24150813
v 0.37794802 -0.04631259 -0.22326693
v 0.37770092 -0.03830565 -0.22314818
v 0.38583595 -0.04238182 -0.20656642
v 0.35125291 0.00352301 -0.26703387
v 0.35731047 0.00747132 -0.25611603
v 0.36685821 -0.00436281 -0.24152692
v 0.36984754 -0.01552613 -0.23806939
v 0.36965474 -0.01188622 -0.23768255
v -0.23270342 0.05183832 0.50075233
v -0.21888208 0.05262892 0.46262851
v -0.22514895 0.05189398 0.47220391
v -0.21408784 0.02967034 0.47220621
v -0.20122121 0.04311952 0.44364581
v -0.21090747 0.03203309 0.46584177
v -0.20072550 0.04129949 0.44364673
v -0.20032321 0.04261171 0.44263241
v -0.19061673 0.02469273 0.43445387
v -0.20057364 0.04387537 0.44213244
v -0.19630207 0.04311551 0.43661177
v -0.23043999 0.04315540 0.49660540
v -0.35720438 0.01465802 -0.25592932
v -0.36574870 0.01464144 -0.23180346
v -0.35715508 0.01470931 -0.25605643
v -0.35728347 0.01511992 -0.25577468
v -0.35705242 0.01578774 -0.25657094
v -0.36524242 0.03104491 -0.23566665
v -0.37079805 0.00775571 -0.22057247
v -0.37150005 0.02185984 -0.22022822
v -0.35799447 0.07129631 -0.25652024
v -0.36364037 0.04320651 -0.24175319
v -0.35912436 0.06760991 -0.25396425
v -0.36618835 0.05346675 -0.23662764
v -0.36712164 0.04319959 -0.23335901
v -0.35521740 0.04321740 -0.26665020
v -0.35406005 0.04172385 -0.27030462
v -0.35407993 0.04470162 -0.27030572
v -0.35704562 0.06322744 -0.26031321
v 0.34872675 0.02475064 -0.26579112
v 0.35135424 0.03502881 -0.25815627
v 0.34987986 0.05015115 -0.25522137
v 0.35940313 0.04332107 -0.24157684
v 0.35308701 0.06340216 -0.24159817
v 0.34255475 0.03644649 -0.27010292
v 0.33964774 0.04876636 -0.27011895
v 0.35732013 0.02040524 -0.25282317
v 0.36344272 0.01476175 -0.24461292
v 0.36710811 0.01475620 -0.23664689
v 0.36283410 0.02580032 -0.24156100
v 0.37513334 0.00938165 -0.22189797
v 0.37333375 0.02101038 -0.22101048
v 0.33849651 0.06703609 -0.26072562
v 0.36598039 0.03769701 -0.23034336
v 0.36336970 0.05153731 -0.22514281
v -0.21392024 0.02902186 0.47254074
v -0.23147808 0.04315746 0.50075060
v -0.21549518 0.03026419 0.47502011
v -0.23007745 0.03973339 0.49904186
v -0.23036417 0.03916011 0.50074995
v -0.35856953 0.07177007 -0.25528416
v -0.36763534 0.07175834 -0.23278622
v -0.35791001 0.07220311 -0.25647822
v -0.35837597 0.07442860 -0.25471777
v -0.35704553 0.07521901 -0.25776929
v -0.36444378 0.08654432 -0.23488592
v -0.37477744 0.06287961 -0.21861389
v -0.37179095 0.07912178 -0.22011440
v -0.35882556 0.10032710 -0.24176896
v -0.35740140 0.12821245 -0.22781773
v -0.36413857 0.10031818 -0.22737426
v -0.35179114 0.10033274 -0.25980428
v -0.35079211 0.11637658 -0.24977358
v -0.34919488 0.09640761 -0.27031261
v -0.34676722 0.10547705 -0.27030867
v -0.34477842 0.12277001 -0.26215729
v 0.32269666 0.09742217 -0.27016500
v 0.33756489 0.08948707 -0.24709909
v 0.32877541 0.08824960 -0.26405907
v 0.34509566 0.07188855 -0.24771950
v 0.33566716 0.07533845 -0.25931862
v 0.34051973 0.09540136 -0.23910038
v 0.35146585 0.07188346 -0.23867634
v 0.35614043 0.08555806 -0.21365438
v 0.32130939 0.10419740 -0.27017385
v 0.32064837 0.12496138 -0.25998110
v 0.33762291 0.10045373 -0.24162936
v 0.32564402 0.10046020 -0.26391578
v 0.32534713 0.12217365 -0.25249994
v 0.33755380 0.11142987 -0.23615305
v 0.34019414 0.10045104 -0.23593462
v 0.35732031 0.06566701 -0.22918671
v 0.36377141 0.06081755 -0.21627225
v -0.35730425 0.12889193 -0.22759883
v -0.35706165 0.12889217 -0.22815564
v -0.34695882 0.12890525 -0.25098002
v -0.33864915 0.13811192 -0.26521096
v -0.35721257 0.12919368 -0.22762805
v -0.35475463 0.13350898 -0.22977839
v -0.35749972 0.12867275 -0.22725873
v -0.35738599 0.12905392 -0.22731549
v -0.35706285 0.13212076 -0.22586142
v -0.34185272 0.15563671 -0.24172527
v -0.34011573 0.15482533 -0.24703668
v -0.34121025 0.15748219 -0.24172366
v -0.34203395 0.15673923 -0.24024174
v -0.34159970 0.15865934 -0.23936851
v -0.33367169 0.14579777 -0.27028376
v -0.32847971 0.15776953 -0.27027065
v -0.32568333 0.16897936 -0.26465806
v -0.32327840 0.16918099 -0.27025592
v -0.32179946 0.17513165 -0.26690820
v -0.32816508 0.18538131 -0.24169004
v 0.32335824 0.12902051 -0.25322264
v 0.31904924 0.13388887 -0.26079059
v 0.31187117 0.14912818 -0.27020752
v 0.32876611 0.12901458 -0.24289584
v 0.32311550 0.14033687 -0.25027969
v 0.33286107 0.13720018 -0.23148116
v 0.33548507 0.12900710 -0.23074000
v 0.34190741 0.12242658 -0.22080222
v 0.33830714 0.13377205 -0.22261332
v 0.30514175 0.16941930 -0.27021584
v 0.30024397 0.18201564 -0.27021915
v 0.30526304 0.17437924 -0.26771033
v 0.32420322 0.15757445 -0.24167517
v 0.31951940 0.15757886 -0.25169989
v 0.31961700 0.16780192 -0.24679029
v 0.32558855 0.17973565 -0.23061509
v 0.33324766 0.15756413 -0.22207379
v -0.34212303 0.17857413 -0.21994328
v -0.33416513 0.19752696 -0.21593815
v -0.33053955 0.20236354 -0.21713337
v -0.32765266 0.18607000 -0.24211718
v -0.32796416 0.18606961 -0.24141674
v -0.32850957 0.18554275 -0.24063824
v -0.32851183 0.18783931 -0.23814797
v -0.31408209 0.19316524 -0.26301682
v -0.31078696 0.20776109 -0.24510030
v -0.29994172 0.20605507 -0.26588076
v -0.31185603 0.20988923 -0.23926271
v -0.30638215 0.21467304 -0.24163939
v -0.32271868 0.20617320 -0.22471945
v -0.31059274 0.21466511 -0.23433788
v -0.29509237 0.21469010 -0.26046568
v -0.27314532 0.22726089 -0.26663992
v -0.29165494 0.22663420 -0.24757788
v -0.29540101 0.23409742 -0.23191190
v -0.29184541 0.21064700 -0.27017495
v -0.27139345 0.22625023 -0.27013397
v -0.27056208 0.22818087 -0.26846477
v -0.26926234 0.22795047 -0.27012891
v -0.27140528 0.23431535 -0.25952998
v -0.26752001 0.23095763 -0.26818755
v 0.29422119 0.19741996 -0.26720697
v 0.24309699 0.24675456 -0.27011633
v 0.26614314 0.24050033 -0.25866389
v 0.27028361 0.24045408 -0.25449350
v 0.29442444 0.20625179 -0.25856856
v 0.29050180 0.21922934 -0.25071177
v 0.29989541 0.21469735 -0.24166712
v 0.27513421 0.23638295 -0.25246882
v 0.29169595 0.22613367 -0.24165830
v 0.28267810 0.20921686 -0.27020603
v 0.27644625 0.21709889 -0.27019978
v 0.27168620 0.23116396 -0.26196206
v 0.30024374 0.19564568 -0.26066521
v 0.31265724 0.18613911 -0.24788496
v 0.32385141 0.18612890 -0.22988808
v 0.30832309 0.20229074 -0.24167681
v 0.32634768 0.18490767 -0.22620347
v 0.32878298 0.17911524 -0.22391622
v 0.32531688 0.18786356 -0.22568567
v 0.32878762 0.18612337 -0.21953234
v 0.30971527 0.20987894 -0.23205407
v 0.30492127 0.22430663 -0.22243744
v -0.27556232 0.24328892 -0.24365087
v -0.28094992 0.24328145 -0.23682427
v -0.29998654 0.23469394 -0.22306299
v -0.29459584 0.24056645 -0.22463165
v -0.29999554 0.24325472 -0.21388263
v -0.28890979 0.24881428 -0.22177668
v -0.27314782 0.24673957 -0.24157545
v -0.27575308 0.26188374 -0.22164050
v -0.27142075 0.24510886 -0.24520183
v -0.26807344 0.25000361 -0.24156919
v -0.25294837 0.24837315 -0.26086855
v -0.25051033 0.25862247 -0.24817052
v -0.24285030 0.25454307 -0.26140323
v -0.25323439 0.26404852 -0.23762877
v -0.23882157 0.27190188 -0.24152002
v -0.26442182 0.26460519 -0.22704050
v -0.25049910 0.27188712 -0.22822678
v -0.23198614 0.27191058 -0.24830636
v -0.22437572 0.27612889 -0.24991098
v -0.23065318 0.27603561 -0.24356700
v -0.23186034 0.27844375 -0.23824246
v -0.22430919 0.28048840 -0.24149598
v -0.22423097 0.26261404 -0.27004045
v -0.21428286 0.26955932 -0.27002206
v -0.20825566 0.28017473 -0.25793526
v -0.19933459 0.27874833 -0.26999199
v -0.20835562 0.28858975 -0.24146679
v -0.18928055 0.29343051 -0.25216961
v -0.18330747 0.29565579 -0.25326991
v -0.18572846 0.29107499 -0.26041716
v -0.17606378 0.29568508 -0.26051444
v -0.15714833 0.29982111 -0.26992553
v 0.12882274 0.30829069 -0.26981989
v 0.18359053 0.28378758 -0.26522079
v 0.18447457 0.29743302 -0.24137181
v 0.17943050 0.28289452 -0.26994088
v 0.18595244 0.27983069 -0.26995897
v 0.20705287 0.26813075 -0.27002138
v 0.21452123 0.26623443 -0.26722735
v 0.23687363 0.25445503 -0.26698768
v 0.18937662 0.28273034 -0.26312682
v 0.16086863 0.29869613 -0.25734410
v 0.21050559 0.27185673 -0.26198849
v 0.18819690 0.29595649 -0.24138196
v 0.20632166 0.28398806 -0.24750283
v 0.21060932 0.29252392 -0.23109561
v 0.22239542 0.27184600 -0.25433460
v 0.23480123 0.26586318 -0.25347352
v 0.23110203 0.27410996 -0.24605046
v 0.24074838 0.27183008 -0.24152821
v 0.22609809 0.27730101 -0.24421923
v 0.22231355 0.28487647 -0.23495197
v 0.23152313 0.27721310 -0.24150142
v 0.24310184 0.25368515 -0.26235977
v 0.26802409 0.24326861 -0.25406158
v 0.25351575 0.26403803 -0.24156183
v 0.27169552 0.24326599 -0.25032949
v 0.26286978 0.26092061 -0.23613635
v 0.27693605 0.25370985 -0.23257160
v 0.28503105 0.24325669 -0.23402478
v 0.28793132 0.25135410 -0.21925208
v 0.25411379 0.26851994 -0.23495807
v 0.24624392 0.28299522 -0.21917182
v 0.27065137 0.27180535 -0.21517284
v 0.27212119 0.27180433 -0.21383965
v 0.30026317 0.23259331 -0.22036093
v 0.30470705 0.23118529 -0.21533690
v -0.24288467 0.28269953 -0.21837190
v -0.22557497 0.29182574 -0.21857458
v -0.19422969 0.30050886 -0.23141374
v -0.21431826 0.29313004 -0.22676516
v -0.18574460 0.30051464 -0.24080732
v -0.17478088 0.30051863 -0.25020999
v -0.18780883 0.30463251 -0.22922412
v -0.18269172 0.30662882 -0.23021200
v -0.19416527 0.30471554 -0.22297287
v -0.18574998 0.30840507 -0.22321978
v -0.16179076 0.30975834 -0.24138919
v -0.16150856 0.31913307 -0.22150004
v -0.15716439 0.30662069 -0.25356719
v -0.15030873 0.31424299 -0.24136937
v -0.14294156 0.30770534 -0.26280397
v -0.13653074 0.31642026 -0.24767524
v -0.11688336 0.32389921 -0.24389894
v -0.12856819 0.31326371 -0.26196423
v -0.13830066 0.31994194 -0.23677583
v -0.11594630 0.32577726 -0.23964302
v -0.15065101 0.32133138 -0.22586605
v -0.13230689 0.32909009 -0.22021426
v -0.11276016 0.32605171 -0.24129486
v -0.10785803 0.32268512 -0.25410622
v -0.10294452 0.32909727 -0.24127921
v -0.12061493 0.32909298 -0.22868203
v -0.11262720 0.32743853 -0.23798287
v -0.10511832 0.31738678 -0.26983711
v -0.09996918 0.31915262 -0.26982778
v -0.08154672 0.32401815 -0.26980221
v -0.07136878 0.32723862 -0.26885617
v -0.08827758 0.33169320 -0.24644181
v -0.07578039 0.32910103 -0.26099303
v -0.08783880 0.33340707 -0.24125442
v -0.08325370 0.33394343 -0.24367048
v -0.08222988 0.33598885 -0.23780054
v -0.09484653 0.33823797 -0.22298154
v -0.06907911 0.32910144 -0.26521087
v -0.05003135 0.33612669 -0.25527006
v -0.06169076 0.33832285 -0.24583469
v -0.06316990 0.34126782 -0.23513727
v -0.05099751 0.34121919 -0.24121404
v -0.06825779 0.32754892 -0.26978356
v -0.04276417 0.33202422 -0.26976013
v -0.03692005 0.33753830 -0.25808886
v -0.02509073 0.33454895 -0.26975140
v -0.03595689 0.34405679 -0.24120086
v -0.02139761 0.34319311 -0.24824399
v -0.01828709 0.34940052 -0.23103462
v 0.01149885 0.34042200 -0.26386565
v -0.00746752 0.34427375 -0.24878111
v -0.01046711 0.35026067 -0.23059991
v 0.00958202 0.34793338 -0.24118403
v 0.00260913 0.33745688 -0.26973906
v -0.01416212 0.33749402 -0.26554111
v 0.01443972 0.33818403 -0.26973590
v 0.01764946 0.34014732 -0.26332611
v 0.02662861 0.33726710 -0.26973775
v 0.01966179 0.34719533 -0.24118586
v 0.03588363 0.34332529 -0.24832228
v 0.03789037 0.34732872 -0.23205855
v 0.06367217 0.33536124 -0.25383526
v 0.05178360 0.34014830 -0.24674103
v 0.04974743 0.34420961 -0.23361471
v 0.06239839 0.33913842 -0.24119756
v 0.05240072 0.33372724 -0.26974732
v 0.04304526 0.33706427 -0.26574188
v 0.07164939 0.32892779 -0.26975963
v 0.09066837 0.32424223 -0.26976672
v 0.11300598 0.32594207 -0.24275544
v 0.10024587 0.32260466 -0.26656535
v 0.12362687 0.31213498 -0.26721355
v 0.11340475 0.32673761 -0.24009553
v 0.08267321 0.33229190 -0.24773371
v 0.10284340 0.32900688 -0.24121559
v 0.09129880 0.32901928 -0.25189531
v 0.08351632 0.33387008 -0.24120024
v 0.08769570 0.33251783 -0.24295127
v 0.08817773 0.33348039 -0.23897223
v 0.11647339 0.32512811 -0.24123110
v 0.11057413 0.32900181 -0.23330525
v 0.11697605 0.32656217 -0.23636039
v 0.12882398 0.31151339 -0.26338825
v 0.13736677 0.31750023 -0.24126607
v 0.15385830 0.30220297 -0.25735569
v 0.15657310 0.30207369 -0.25477389
v 0.15785129 0.30134970 -0.25513905
v 0.15739290 0.30117261 -0.25596562
v 0.16284366 0.30043039 -0.25288343
v 0.15810570 0.30079016 -0.25595441
v 0.15052009 0.31418991 -0.23389073
v 0.16220446 0.31001851 -0.23183365
v 0.17975748 0.30041659 -0.23825482
v 0.15741298 0.31667084 -0.21889974
v 0.17863902 0.31101882 -0.21645887
v 0.13642049 0.32229301 -0.22787066
v 0.18596983 0.29865831 -0.23786174
v 0.20815489 0.29720116 -0.22394590
v 0.21455620 0.29483160 -0.22437966
v 0.23611313 0.28961346 -0.21644849
v 0.21456641 0.30039412 -0.21306400
v 0.24314196 0.28727728 -0.21531461
v 0.24528299 0.28716573 -0.21403021
v 0.27172118 0.27246234 -0.21336736
v -0.12858874 0.33240363 -0.21444105
v -0.07138241 0.34466541 -0.22046411
v -0.05334163 0.34864074 -0.21793437
v -0.04276997 0.34861702 -0.22315674
v -0.02658524 0.35143882 -0.22072136
v -0.01416133 0.35205767 -0.22412628
v -0.00423007 0.35267404 -0.22195730
v -0.01416000 0.35763258 -0.20732382
v 0.01443812 0.35134506 -0.22862454
v 0.03061270 0.35141078 -0.22071631
v 0.04303968 0.34846169 -0.22234702
v 0.07053697 0.34386659 -0.21319848
v 0.07164978 0.34358442 -0.21319109
v 0.07214759 0.34355864 -0.21289204
v 0.10024583 0.33616021 -0.21623750
v -0.21724798 -0.33371800 -0.18427689
v -0.21447960 -0.33198029 -0.19191071
v -0.21449180 -0.32302839 -0.21284410
v -0.19632995 -0.33335018 -0.20375109
v -0.21082120 -0.33546650 -0.18427336
v -0.19092079 -0.33816200 -0.19352905
v -0.19319057 -0.34273005 -0.17726970
v -0.17905308 -0.34182966 -0.19168064
v -0.17675042 -0.34641454 -0.17911112
v -0.16713709 -0.34773839 -0.18423811
v -0.16495001 -0.35003358 -0.17095214
v -0.18591535 -0.33671927 -0.20282891
v -0.12870654 -0.35913995 -0.15692359
v -0.16229790 -0.33990842 -0.21031494
v -0.15734079 -0.34122267 -0.21047239
v -0.15734309 -0.34031779 -0.21278660
v -0.15510811 -0.34126109 -0.21166864
v -0.14496231 -0.35277665 -0.18422370
v -0.14114918 -0.35290185 -0.18609414
v -0.14150690 -0.35362315 -0.18270996
v -0.14631678 -0.35336056 -0.17763773
v -0.13461290 -0.35665077 -0.16745698
v -0.11392995 -0.35613319 -0.18519774
v -0.11227486 -0.35662779 -0.18420725
v -0.11460728 -0.35626560 -0.18438995
v -0.11456829 -0.35634306 -0.18406524
v -0.11428043 -0.35633987 -0.18420802
v -0.11597300 -0.35663149 -0.18111570
v -0.11421744 -0.35642195 -0.18379405
v -0.11403827 -0.34927833 -0.21275178
v -0.12874207 -0.34877020 -0.20883378
v -0.08770066 -0.36035925 -0.18419874
v -0.10014607 -0.35055369 -0.21274245
v -0.08799400 -0.35877728 -0.18852299
v -0.08390740 -0.36044255 -0.18611088
v -0.06098216 -0.36409706 -0.18793376
v -0.08286588 -0.36251733 -0.18124819
v -0.06258181 -0.36729997 -0.17884740
v -0.07151458 -0.37097663 -0.16284864
v -0.05439351 -0.37660307 -0.16139939
v -0.07916910 -0.35279801 -0.21272559
v -0.07798795 -0.35660774 -0.19984470
v -0.09189255 -0.36268452 -0.17208239
v -0.06776607 -0.35660207 -0.20519611
v -0.05163280 -0.36777321 -0.18419054
v -0.05115959 -0.36266106 -0.19629776
v -0.06661023 -0.35413927 -0.21271572
v -0.07153992 -0.35393757 -0.21138772
v -0.03637616 -0.37204799 -0.18419197
v -0.04292694 -0.37684309 -0.16760743
v -0.04294224 -0.35828432 -0.21270365
v -0.03686465 -0.36480707 -0.20059134
v -0.02350877 -0.36116093 -0.21269852
v -0.02174099 -0.37036908 -0.19106883
v -0.00768557 -0.37182730 -0.19179969
v -0.01434976 -0.36358243 -0.20920154
v -0.01731562 -0.37920260 -0.17290306
v -0.01182688 -0.38010803 -0.17245030
v -0.02294689 -0.38084266 -0.16564827
v -0.01434086 -0.38513738 -0.15604842
v -0.01434298 -0.38160202 -0.16817462
v -0.00823166 -0.38208312 -0.16689280
v 0.00917154 -0.37500063 -0.18418548
v 0.00927826 -0.36589456 -0.20279495
v -0.00440703 -0.36154330 -0.21269229
v 0.01950319 -0.37460518 -0.18418269
v 0.01424439 -0.37925112 -0.17245734
v 0.01423225 -0.36150438 -0.21269090
v 0.01939193 -0.36569604 -0.20240675
v 0.03546913 -0.36022234 -0.21269123
v 0.03520383 -0.36989102 -0.19083515
v 0.05109947 -0.36855486 -0.19017544
v 0.04280927 -0.36071533 -0.21061233
v 0.03879440 -0.37704557 -0.17395365
v 0.04742874 -0.37590811 -0.17451918
v 0.03367268 -0.38053489 -0.16536359
v 0.04283331 -0.38509858 -0.14454997
v 0.04283299 -0.37912703 -0.16694519
v 0.05860386 -0.37721038 -0.16205753
v 0.06362681 -0.36955506 -0.18418244
v 0.06414782 -0.36357510 -0.19823822
v 0.04812912 -0.35920480 -0.21269226
v 0.08078312 -0.36631870 -0.18418136
v 0.07141349 -0.37428752 -0.16262971
v 0.07137451 -0.35690141 -0.21269518
v 0.08028702 -0.36191070 -0.19493905
v 0.08931509 -0.36377406 -0.18780360
v 0.11274474 -0.35951534 -0.18568479
v 0.09065192 -0.36643142 -0.17922555
v 0.11203003 -0.36094692 -0.18195380
v 0.07849900 -0.37433028 -0.15919566
v 0.09998751 -0.36976480 -0.16228151
v 0.09266098 -0.35287103 -0.21269825
v 0.09462655 -0.35650942 -0.20206404
v 0.10898174 -0.35649779 -0.19468704
v 0.11585288 -0.35968378 -0.18417673
v 0.11584312 -0.35808095 -0.18734896
v 0.12728143 -0.35648417 -0.18417722
v 0.12322666 -0.36543101 -0.16629431
v 0.12485153 -0.34403709 -0.21270031
v 0.09994296 -0.35205087 -0.21047553
v 0.12851658 -0.34307632 -0.21270041
v 0.15714547 -0.36093983 -0.15788005
v 0.13101247 -0.34469122 -0.20772648
v 0.12969409 -0.34279045 -0.21270062
v 0.14102207 -0.35286289 -0.18417747
v 0.14640465 -0.34931728 -0.18775094
v 0.14490855 -0.35232079 -0.18210211
v 0.14079037 -0.35443252 -0.18009742
v 0.14943564 -0.35646760 -0.17101258
v 0.16429979 -0.34227508 -0.19126499
v 0.16663411 -0.34691259 -0.17940220
v 0.18041682 -0.33845130 -0.18417925
v 0.16118701 -0.35646176 -0.16372466
v 0.18146753 -0.34643191 -0.16413191
v 0.15709907 -0.33871597 -0.20383683
v 0.16926116 -0.33398500 -0.20451805
v 0.18568774 -0.33218494 -0.19274563
v 0.18566640 -0.32396680 -0.21272442
v 0.18880820 -0.33411282 -0.18418026
v 0.18811791 -0.34457278 -0.16041839
v 0.24457294 0.01474268 0.50019413
v 0.24512246 0.01474320 0.50105906
v -0.26374307 -0.29963851 -0.18434033
v -0.27749828 -0.28286129 -0.18437514
v -0.27710944 -0.29089934 -0.16684645
v -0.25985745 -0.30470842 -0.18433243
v -0.25992075 -0.30222622 -0.18952124
v -0.24888568 -0.30252266 -0.21288115
v -0.25233078 -0.30961853 -0.18931690
v -0.23937576 -0.32084215 -0.19491047
v -0.24305552 -0.31055328 -0.20739964
v -0.22649522 -0.32817328 -0.19029275
v -0.22832395 -0.32080331 -0.20593372
v -0.24972561 -0.31480879 -0.17672735
v -0.24101330 -0.32416579 -0.17203063
v -0.23174313 -0.32818276 -0.17565119
v -0.24302295 -0.32340667 -0.16762716
v -0.23904969 -0.32620504 -0.16802841
v -0.26328439 -0.29367712 -0.19624361
v -0.25597149 -0.29315680 -0.21289721
v -0.27162591 -0.28010827 -0.20246223
v -0.27163237 -0.27359810 -0.21293183
v -0.26656610 -0.28280264 -0.21038756
v -0.26244262 -0.30477303 -0.17407700
v -0.21445376 -0.33817121 -0.16426712
v -0.21091811 -0.34068400 -0.15747033
v -0.18587953 -0.34723300 -0.16043189
v 0.19626194 -0.32789397 -0.18946484
v 0.21354371 -0.32789913 -0.17030105
v 0.19817621 -0.31985903 -0.20649129
v 0.21003748 -0.31943339 -0.19424294
v 0.22029501 -0.31585747 -0.19245934
v 0.21425511 -0.31322610 -0.20580021
v 0.21420661 -0.32770845 -0.17001830
v 0.21446641 -0.32757056 -0.17008728
v 0.21326476 -0.32841781 -0.16940440
v 0.21411669 -0.32780656 -0.16983026
v 0.21430247 -0.32789943 -0.16956653
v 0.21430227 -0.32773444 -0.16984065
v 0.21478131 -0.32766032 -0.16968423
v 0.23547766 -0.31311977 -0.18420677
v 0.23561428 -0.30637524 -0.19829312
v 0.22574201 -0.30506429 -0.21275693
v 0.25490412 -0.30386320 -0.18422075
v 0.24289092 -0.31919092 -0.16677454
v 0.24283358 -0.29595354 -0.21276668
v 0.25481486 -0.30168560 -0.18890277
v 0.25826487 -0.30155113 -0.18532321
v 0.25893053 -0.30287895 -0.18245895
v 0.25213754 -0.31826317 -0.16028690
v 0.27147833 -0.30812472 -0.16005394
v 0.25311562 -0.29018173 -0.21277238
v 0.26259479 -0.29935032 -0.18422508
v 0.25932038 -0.29934576 -0.18854249
v 0.27867422 -0.28524321 -0.19128685
v 0.28091031 -0.28968790 -0.17940113
v 0.27752697 -0.29937023 -0.16777971
v 0.29862979 -0.28653872 -0.15854505
v 0.27142465 -0.28327802 -0.20475620
v 0.28114963 -0.27563825 -0.20336813
v 0.30067208 -0.28573233 -0.15692753
v -0.33204931 -0.22071515 -0.18449789
v -0.33252147 -0.23214284 -0.16363144
v -0.29381436 -0.25835097 -0.19232838
v -0.28435808 -0.27107814 -0.19076112
v -0.28306916 -0.26249820 -0.20723353
v -0.29682612 -0.26443726 -0.17346710
v -0.29102358 -0.27110231 -0.17469084
v -0.29032969 -0.27602288 -0.16520335
v -0.30015334 -0.26415008 -0.16665505
v -0.29566547 -0.26886809 -0.16788237
v -0.32869485 -0.21813937 -0.19282635
v -0.31635416 -0.22205034 -0.20685479
v -0.31197989 -0.24253660 -0.18445067
v -0.31774175 -0.23591357 -0.18446407
v -0.31319809 -0.24005815 -0.18569331
v -0.31362703 -0.24092057 -0.18364590
v -0.31730497 -0.23966849 -0.17870621
v -0.31314030 -0.24254046 -0.18186271
v -0.29721391 -0.24250349 -0.20705232
v -0.29081222 -0.24718310 -0.21297830
v -0.29588628 -0.24034609 -0.21299148
v -0.30018115 -0.23652063 -0.21001136
v 0.29992157 -0.27080649 -0.18430153
v 0.29067785 -0.26115453 -0.20813666
v 0.29997084 -0.27080658 -0.18422258
v 0.30000076 -0.27075759 -0.18424980
v 0.29734498 -0.25384167 -0.20748511
v 0.29379711 -0.25339389 -0.21279538
v 0.30013803 -0.27058133 -0.18424985
v 0.30002630 -0.27127236 -0.18332055
v 0.30002534 -0.27077559 -0.18418767
v 0.30000007 -0.24513504 -0.21279910
v 0.30736047 -0.24917316 -0.19812420
v 0.31664127 -0.24689938 -0.18657675
v 0.31797755 -0.24956921 -0.18060315
v 0.30220449 -0.28404462 -0.15677167
v 0.31594115 -0.26450101 -0.16364396
v 0.32862800 -0.25095153 -0.16004154
v 0.30971786 -0.23279232 -0.21280339
v 0.32207260 -0.24225992 -0.18425730
v 0.31778866 -0.24224958 -0.19119743
v 0.33127978 -0.21903786 -0.19586813
v 0.33586270 -0.22819492 -0.17722958
v 0.33320370 -0.24228793 -0.16485646
v 0.32860070 -0.21842027 -0.20090578
v 0.33178797 -0.21528102 -0.20013157
v 0.23618615 0.02570079 0.47582340
v 0.24284330 0.01912672 0.49229205
v 0.21428993 0.01474823 0.46994576
v 0.20679189 0.01849688 0.46196342
v 0.19492331 0.00505891 0.46790349
v -0.34913489 -0.19782910 -0.19073075
v -0.33663976 -0.21398272 -0.18848726
v -0.35376614 -0.20714812 -0.17367753
v -0.34618488 -0.21400988 -0.17575076
v -0.34736562 -0.21894661 -0.16531393
v -0.35718060 -0.21404508 -0.14509746
v -0.35719126 -0.20665234 -0.16656396
v -0.35326028 -0.21205461 -0.16827367
v -0.36762476 -0.16204670 -0.20404661
v -0.36225128 -0.18541963 -0.18453863
v -0.36631233 -0.17513774 -0.18967417
v -0.36789411 -0.17831793 -0.18099460
v -0.36654499 -0.18543389 -0.17473787
v -0.35178208 -0.18539099 -0.20225453
v -0.32885033 -0.19949561 -0.21274529
v -0.34711531 -0.18032680 -0.21308041
v -0.35718465 -0.17341036 -0.20710590
v -0.32869023 -0.19997256 -0.21243447
v -0.32848892 -0.19975671 -0.21296503
v -0.32868999 -0.19936827 -0.21306613
v -0.32862347 -0.19958906 -0.21293248
v -0.32855621 -0.19958858 -0.21306597
v 0.33602282 -0.21369733 -0.19483861
v 0.33364058 -0.21117404 -0.20105819
v 0.34605595 -0.21372233 -0.17870814
v 0.34902775 -0.22392905 -0.15980670
v 0.35074887 -0.20082882 -0.18427637
v 0.34899205 -0.19123422 -0.19643883
v 0.35344961 -0.17462091 -0.20534758
v 0.35926297 -0.18517192 -0.18428335
v 0.34081799 -0.19123441 -0.21282235
v 0.34972733 -0.17459667 -0.21283442
v 0.35720640 -0.20497313 -0.16675150
v 0.36316377 -0.20244554 -0.15870315
v 0.35369748 -0.16912396 -0.21109122
v 0.35720104 -0.16716756 -0.20541728
v 0.35720041 -0.16056660 -0.21284556
v 0.36542445 -0.17304128 -0.18429133
v 0.36305094 -0.19363120 -0.16740657
v 0.36668184 -0.18037470 -0.17466603
v 0.22362173 0.01007924 0.48212308
v 0.21427870 0.00297409 0.48091108
v 0.22192457 -0.00055852 0.49445051
v 0.24284068 0.01386516 0.49930623
v 0.24355298 0.01331951 0.50106031
v 0.24091662 0.01089884 0.50106257
v 0.22377577 -0.00426645 0.50107318
v -0.38682714 -0.14313540 -0.15658529
v -0.38423687 -0.12823547 -0.18455359
v -0.38719323 -0.10273704 -0.18455826
v -0.38684443 -0.14139511 -0.15833911
v -0.39087921 -0.11918655 -0.16645581
v -0.37356430 -0.15682280 -0.19061780
v -0.37702978 -0.15683410 -0.18021640
v -0.37991852 -0.14526786 -0.18455203
v -0.38568440 -0.14453064 -0.15994880
v -0.37042934 -0.15015961 -0.20545430
v -0.37835574 -0.13517672 -0.19843301
v -0.37254268 -0.13592196 -0.21309257
v -0.37749466 -0.16703856 -0.16010746
v -0.37936428 -0.12025008 -0.20047140
v -0.37452641 -0.11949991 -0.21309587
v -0.38565195 -0.10189511 -0.18905714
v -0.37767470 -0.10991537 -0.20909932
v 0.37067160 -0.15662380 -0.19102123
v 0.37883085 -0.15664199 -0.17350495
v 0.36739582 -0.14741746 -0.20776549
v 0.36910510 -0.13638280 -0.21286097
v 0.37734663 -0.13973913 -0.19014481
v 0.38160771 -0.14826079 -0.17422074
v 0.38061285 -0.15923929 -0.16743293
v 0.38209966 -0.15479834 -0.16817728
v 0.38580692 -0.15665635 -0.15506837
v 0.38580555 -0.14508756 -0.16425061
v 0.37355113 -0.12193105 -0.21286888
v 0.38493720 -0.09993958 -0.19904846
v 0.38481629 -0.12807840 -0.18431775
v 0.37823597 -0.12806492 -0.19775575
v 0.38516438 -0.10079033 -0.19797209
v 0.39130309 -0.11050264 -0.17553890
v 0.39076978 -0.12809147 -0.16567460
v 0.19109832 -0.00223051 0.47250953
v 0.20434168 -0.01381842 0.49238777
v -0.38715944 -0.09964515 -0.18531454
v -0.38767311 -0.09964667 -0.18354538
v -0.39325795 -0.11015147 -0.15982066
v -0.39496422 -0.09005174 -0.16068915
v -0.38748032 -0.09596683 -0.18455954
v -0.38857204 -0.07107140 -0.18456534
v -0.38730860 -0.04591756 -0.18458351
v -0.39253220 -0.07844377 -0.16985619
v -0.39311826 -0.06431466 -0.17105791
v -0.38564801 -0.09730543 -0.18922758
v -0.37790757 -0.08921739 -0.20922932
v -0.38090801 -0.08060446 -0.20363522
v -0.37729904 -0.08115735 -0.21310662
v -0.38081118 -0.06159529 -0.20348550
v -0.37713170 -0.06102163 -0.21311790
v -0.38560611 -0.04463022 -0.18883662
v -0.37826356 -0.05308736 -0.20944236
v 0.38533697 -0.09950582 -0.19837993
v 0.38512841 -0.09916637 -0.19895378
v 0.38208440 -0.07280182 -0.21290734
v 0.38580739 -0.09950687 -0.19685595
v 0.38543931 -0.09877042 -0.19824761
v 0.39362958 -0.08390217 -0.17786622
v 0.39433801 -0.09952333 -0.17431200
v 0.39555025 -0.10439341 -0.16518340
v 0.39720255 -0.09383975 -0.16436362
v 0.38241944 -0.06923924 -0.21291044
v 0.39295599 -0.07094810 -0.18434410
v 0.38381276 -0.07093912 -0.20890264
v 0.39077383 -0.05226796 -0.19370186
v 0.39497769 -0.06068574 -0.17921759
v 0.39551836 -0.07095302 -0.17516318
v 0.38582593 -0.05722503 -0.20606300
v 0.38924763 -0.04409108 -0.20035678
v 0.21194816 -0.01381764 0.50107819
v 0.18574555 0.01929641 0.45304438
v 0.17144650 0.01472185 0.45105192
v 0.18572754 0.00423905 0.46493000
v 0.16153526 0.00599209 0.45382351
v 0.15716076 -0.01150446 0.47130659
v 0.13095327 0.01468804 0.44500965
v 0.15225555 0.00487433 0.45325720
v 0.15718278 0.01471131 0.44628018
v 0.15715952 -0.01304888 0.47288135
v -0.38703978 -0.04250537 -0.18530446
v -0.38765830 -0.04250637 -0.18355772
v -0.39669585 -0.05124823 -0.16158649
v -0.39670303 -0.03379656 -0.16159981
v -0.38717946 -0.03934948 -0.18458793
v -0.38567573 -0.01394722 -0.18460481
v -0.39280081 -0.02102397 -0.17046893
v -0.39146894 -0.00555445 -0.16781148
v -0.38560313 -0.04042419 -0.18874528
v -0.37810326 -0.03196878 -0.20938811
v -0.37962401 -0.02223545 -0.20118749
v -0.37554729 -0.02317850 -0.21314830
v -0.37931430 -0.00594854 -0.20059317
v -0.37496793 -0.00497088 -0.21316296
v -0.37619674 0.00504575 -0.20846860
v -0.38382560 0.01105706 -0.18462329
v 0.38342643 -0.01502953 -0.21295705
v 0.39036226 -0.03334656 -0.19413733
v 0.38584512 -0.02461297 -0.20755333
v 0.39036149 -0.04238614 -0.19638862
v 0.38904524 -0.04078181 -0.20025766
v 0.39454943 -0.02498758 -0.17880177
v 0.39692089 -0.04239274 -0.17562364
v 0.40131733 -0.05013648 -0.16233189
v 0.40067938 -0.03498058 -0.16266325
v 0.38314095 -0.01246361 -0.21295990
v 0.38505861 0.01433012 -0.19910787
v 0.39232305 -0.01383215 -0.18438928
v 0.38448325 -0.01382008 -0.21022417
v 0.38545394 0.01392271 -0.19830491
v 0.39299506 0.00044278 -0.17726287
v 0.39511275 -0.01383718 -0.17434616
v 0.18732837 -0.00115008 0.46929193
v 0.18376389 -0.00150278 0.46858841
v 0.16282797 -0.01101018 0.47248617
v 0.18571958 -0.00432165 0.47250775
v -0.39363539 0.00433462 -0.16008769
v -0.39214611 0.02559470 -0.15934364
v -0.38423473 0.04316462 -0.18462771
v -0.39032817 0.03359888 -0.16552749
v -0.38978234 0.05325513 -0.16442570
v -0.38327610 0.01460773 -0.18578722
v -0.38401008 0.01460638 -0.18383066
v -0.38360757 0.01859251 -0.18462604
v -0.38559860 0.01217317 -0.17976412
v -0.38560027 0.01764231 -0.17854749
v -0.37680572 0.02450410 -0.20878407
v -0.37918961 0.03530513 -0.20036584
v -0.37549156 0.03395882 -0.21318468
v -0.37985474 0.05170680 -0.20170045
v -0.37669832 0.05300942 -0.21319450
v -0.37848574 0.06101823 -0.20963657
v -0.38313243 0.06677658 -0.18463410
v 0.38528275 0.01472899 -0.19842166
v 0.38482842 0.01524414 -0.19922419
v 0.37293416 0.03683683 -0.21301305
v 0.38585734 0.01472811 -0.19666131
v 0.38510901 0.01622573 -0.19796202
v 0.39017224 0.02334411 -0.17445858
v 0.39238450 0.01471863 -0.17339846
v 0.39656937 0.00935897 -0.16476937
v 0.39474404 0.01915853 -0.16569123
v 0.36775398 0.05236043 -0.21303374
v 0.35731846 0.08289902 -0.21306291
v 0.36656892 0.06221102 -0.20841530
v 0.38233620 0.04328140 -0.18445133
v 0.37800300 0.04328953 -0.19729981
v 0.37736410 0.05483823 -0.19024730
v 0.37979802 0.05969417 -0.17625515
v 0.38875970 0.04326703 -0.16167103
v 0.15784772 -0.01384911 0.47386038
v 0.15474395 -0.01264333 0.47247705
v 0.15657462 -0.01385036 0.47365069
v 0.20279916 -0.01942969 0.49827763
v 0.20347060 -0.02077707 0.50107998
v 0.19607228 -0.01774544 0.49323052
v 0.19450429 -0.02480179 0.50107634
v 0.17849806 -0.02090414 0.48692262
v 0.16391376 -0.02887002 0.49354458
v 0.18024105 -0.03148251 0.50106704
v 0.16080967 -0.03508443 0.50104815
v -0.39146012 0.06035453 -0.15899849
v -0.39108089 0.08326374 -0.15880799
v -0.37790969 0.10029913 -0.18463694
v -0.38881269 0.08919701 -0.16247122
v -0.38666290 0.11353706 -0.15815812
v -0.38293380 0.07172865 -0.18597203
v -0.38344675 0.07172699 -0.18355347
v -0.38125050 0.08045031 -0.18463552
v -0.38560867 0.06750698 -0.17620704
v -0.38561070 0.07619395 -0.17569548
v -0.37596789 0.08120178 -0.20837963
v -0.37584075 0.09579127 -0.19365779
v -0.37117565 0.09324726 -0.21320319
v -0.37460110 0.10357031 -0.19117260
v -0.36808318 0.10582747 -0.21320269
v -0.36709327 0.12386382 -0.20393375
v -0.37594056 0.10951094 -0.18463723
v 0.35653615 0.08575536 -0.21267347
v 0.35658202 0.08688439 -0.21159077
v 0.35250008 0.10987771 -0.20343572
v 0.36489320 0.10040288 -0.18451948
v 0.35683039 0.12796630 -0.18454422
v 0.35596013 0.08682756 -0.21306628
v 0.34821698 0.11015917 -0.21308440
v 0.35731944 0.08527260 -0.21131828
v 0.37119105 0.07184735 -0.19143032
v 0.37596124 0.07183536 -0.17515457
v 0.36776799 0.09272879 -0.18451107
v 0.37982559 0.06880432 -0.16716379
v 0.38586614 0.05363565 -0.16107146
v 0.37789062 0.07582109 -0.16620281
v 0.34824824 0.11924736 -0.20855433
v 0.36858740 0.09737577 -0.17847060
v 0.36708790 0.10491867 -0.17547241
v 0.12863070 0.01510953 0.44469064
v 0.12467922 0.01468278 0.44581592
v 0.12862971 0.01348770 0.44624162
v 0.10320982 0.00841874 0.45497268
v 0.08176054 0.01464593 0.44888198
v 0.09677717 0.00802943 0.45477214
v 0.10009442 0.01466151 0.44961616
v -0.38690922 0.11521892 -0.15672170
v -0.37033731 0.12887952 -0.19228002
v -0.37497228 0.12887391 -0.17930929
v -0.38562444 0.11616287 -0.15924905
v -0.36521026 0.13295752 -0.20298621
v -0.36594838 0.14664285 -0.19003499
v -0.35706884 0.15220334 -0.21054757
v -0.36793792 0.15061590 -0.18121526
v -0.38256329 0.14162327 -0.15762168
v -0.36437106 0.15745595 -0.18462707
v -0.36750078 0.15745223 -0.17691642
v -0.35553986 0.15746789 -0.21011153
v -0.35225266 0.17637220 -0.19404764
v -0.35682213 0.18548109 -0.17060617
v -0.35488561 0.15637611 -0.21317345
v -0.35365567 0.15917860 -0.21317026
v -0.34661716 0.18081307 -0.20410404
v 0.35641432 0.12896788 -0.18500319
v 0.34470919 0.13695900 -0.20679867
v 0.35671553 0.12896721 -0.18423721
v 0.35616100 0.13130890 -0.18454720
v 0.34761515 0.15297911 -0.19368432
v 0.34685051 0.16133046 -0.19215928
v 0.35231552 0.15753119 -0.18457264
v 0.34989887 0.17120495 -0.18458460
v 0.33913291 0.15237594 -0.21312270
v 0.33748642 0.16191342 -0.21313179
v 0.35733163 0.12822393 -0.18305990
v 0.35733172 0.13013034 -0.18221673
v 0.36879390 0.12039395 -0.16169837
v 0.36568969 0.13905416 -0.16017023
v 0.33655855 0.18222716 -0.20275167
v 0.36198542 0.14788008 -0.16529572
v 0.35846734 0.17067297 -0.15826106
v 0.13342685 -0.00440239 0.46281767
v 0.12391578 -0.00430717 0.46301311
v 0.12861399 -0.01247246 0.47243735
v -0.34797502 0.18604812 -0.19431260
v -0.33762354 0.19579531 -0.20858085
v -0.35658967 0.18603851 -0.17058285
v -0.35710055 0.18540299 -0.17001072
v -0.35679117 0.18588325 -0.17017263
v -0.35710111 0.18603805 -0.16906682
v -0.35664871 0.18626480 -0.17010109
v -0.34046602 0.20990136 -0.18457475
v -0.33603472 0.20784423 -0.19813946
v -0.33824581 0.21463537 -0.18457001
v -0.34070349 0.21250273 -0.18031655
v -0.33937070 0.21810201 -0.17764319
v -0.33242708 0.20229758 -0.21311508
v -0.32853371 0.20738329 -0.21310654
v -0.32293516 0.22332224 -0.20187245
v -0.31656009 0.22294903 -0.21308851
v -0.31139511 0.23753689 -0.20449419
v -0.32450485 0.23511210 -0.18453915
v 0.31990239 0.21022762 -0.21313877
v 0.33572805 0.19996740 -0.19194517
v 0.32879782 0.19880617 -0.20521402
v 0.34269756 0.18610397 -0.19191943
v 0.33547232 0.18945482 -0.20221238
v 0.33829737 0.20508599 -0.17981106
v 0.34782255 0.18609476 -0.17982820
v 0.35047606 0.19691639 -0.15947624
v 0.31031987 0.22393192 -0.21312347
v 0.30026826 0.23862365 -0.21310519
v 0.30673009 0.23219272 -0.20988493
v 0.33188191 0.21466240 -0.18459252
v 0.32263821 0.21467373 -0.20079383
v 0.32045081 0.22648920 -0.19049190
v 0.32354462 0.23265962 -0.17557615
v 0.33721101 0.21465322 -0.17284191
v 0.35734892 0.17379351 -0.16002452
v 0.35861096 0.17242242 -0.15665527
v 0.10055121 -0.01390752 0.47143474
v 0.09954908 -0.01390846 0.47135893
v 0.10164457 -0.01469524 0.47240281
v 0.10006797 -0.01465324 0.47202793
v 0.10006572 -0.01666318 0.47377917
v 0.09438122 -0.01675621 0.47239390
v 0.15099406 -0.03009561 0.49292454
v 0.15393436 -0.03598608 0.50104064
v 0.13375068 -0.02301316 0.48273909
v 0.13087715 -0.03789100 0.50100696
v 0.12345981 -0.02302211 0.48272258
v 0.10340340 -0.03574051 0.49006313
v 0.12631343 -0.03789575 0.50100070
v -0.33795890 0.23363015 -0.16070026
v -0.31485996 0.24323884 -0.19137375
v -0.32044536 0.24323446 -0.18047296
v -0.32856220 0.23752542 -0.17315035
v -0.30625275 0.24637248 -0.20190933
v -0.30493349 0.25310028 -0.19385976
v -0.30000687 0.25223726 -0.20326269
v -0.30786639 0.25896394 -0.17808275
v -0.32262057 0.25454962 -0.15894783
v -0.29312730 0.27183777 -0.18448092
v -0.30428848 0.27182984 -0.16449139
v -0.28906512 0.27184168 -0.19113661
v -0.28101033 0.27657747 -0.19391461
v -0.28782061 0.27601439 -0.18655699
v -0.28859729 0.27756926 -0.18161464
v -0.28029531 0.28274015 -0.18446498
v -0.28263482 0.26315933 -0.21302396
v -0.27145216 0.27218479 -0.21301296
v -0.26699638 0.28169227 -0.20408994
v -0.25869843 0.27978334 -0.21299261
v -0.26764029 0.29280734 -0.18445042
v -0.24507701 0.29608873 -0.19651340
v -0.24127713 0.29724222 -0.19708240
v -0.24288851 0.29351753 -0.20216878
v -0.23628651 0.29717147 -0.20198677
v -0.21432208 0.29996982 -0.21293508
v 0.18599077 0.31043983 -0.21280134
v 0.29263195 0.25369701 -0.20926446
v 0.24314335 0.28867713 -0.21295317
v 0.24642508 0.28773397 -0.21132161
v 0.26538670 0.28769302 -0.19238889
v 0.26714936 0.29118228 -0.17474368
v 0.28768030 0.27011344 -0.18785195
v 0.28667644 0.27245528 -0.18583988
v 0.28792572 0.27178469 -0.18450348
v 0.28499168 0.27381709 -0.18551144
v 0.28437611 0.27505019 -0.18286088
v 0.28664273 0.27305520 -0.18450037
v 0.28754416 0.27331936 -0.18142827
v 0.27347863 0.27092499 -0.21304244
v 0.27239856 0.27214214 -0.21303989
v 0.27172148 0.27284378 -0.21251751
v 0.30027607 0.25055370 -0.19918351
v 0.31100646 0.24322563 -0.18992923
v 0.31719398 0.24321377 -0.17610466
v 0.30546489 0.25359651 -0.18454677
v 0.32298279 0.24028812 -0.16737570
v 0.32881910 0.23211609 -0.16476041
v 0.31665963 0.24929374 -0.16419691
v 0.32882705 0.24319330 -0.14940840
v 0.30521542 0.26242682 -0.16585135
v 0.07155375 0.01599321 0.44646871
v -0.30001539 0.27854007 -0.15928853
v -0.28318480 0.29201114 -0.16178370
v -0.25978577 0.30045187 -0.17860910
v -0.27145541 0.29517233 -0.17393027
v -0.24288979 0.30046761 -0.19141217
v -0.23662654 0.30047244 -0.19555911
v -0.24715894 0.30900460 -0.17442113
v -0.23697379 0.31230330 -0.17605248
v -0.25949419 0.30876350 -0.16187114
v -0.24288249 0.31763411 -0.16157654
v -0.22093634 0.31371173 -0.18439624
v -0.22130153 0.32174754 -0.16980305
v -0.21432611 0.30761540 -0.19862482
v -0.20475835 0.31962419 -0.18437436
v -0.20181787 0.30853087 -0.20666856
v -0.19609186 0.32116792 -0.18830675
v -0.18575579 0.31593490 -0.20632824
v -0.19731921 0.32362065 -0.18164414
v -0.18106899 0.32906899 -0.18433696
v -0.20443806 0.32466042 -0.17558637
v -0.19435707 0.32906181 -0.17300829
v -0.17411046 0.32907313 -0.18960874
v -0.16920339 0.33133480 -0.18883744
v -0.17277965 0.33169872 -0.18563591
v -0.17352556 0.33319086 -0.18226585
v -0.16943720 0.33312640 -0.18431808
v -0.16800150 0.32020921 -0.21286285
v -0.15717766 0.32438678 -0.21284331
v -0.14814402 0.33433571 -0.19478880
v -0.13357374 0.33157596 -0.21279375
v -0.14772220 0.33875078 -0.18428072
v -0.13793375 0.33896416 -0.18920216
v -0.13525933 0.34430721 -0.17664601
v -0.10189378 0.34146506 -0.20893390
v -0.12084436 0.34217504 -0.19077291
v -0.12353016 0.34753835 -0.17500684
v -0.10457733 0.34847894 -0.18419722
v -0.11154468 0.33759838 -0.21275139
v -0.12858893 0.33368409 -0.21048665
v -0.09999019 0.34048739 -0.21272933
v -0.09851155 0.34188914 -0.20977554
v -0.09628439 0.34151739 -0.21272291
v -0.09624728 0.35016096 -0.18418245
v -0.07466049 0.35110450 -0.19515231
v -0.06873406 0.35234040 -0.19576138
v -0.07138643 0.34973612 -0.20236167
v -0.05881510 0.35136658 -0.20466700
v -0.04277149 0.35181934 -0.21265143
v 0.01443943 0.35622233 -0.21264088
v 0.03773321 0.35496199 -0.20102315
v 0.04182715 0.35516876 -0.19714752
v 0.04459090 0.35454163 -0.19683491
v 0.06846790 0.35122463 -0.18410492
v 0.04305055 0.35410604 -0.20012307
v 0.06822192 0.34502503 -0.21093225
v 0.07165050 0.34408244 -0.21110106
v 0.07164990 0.34372616 -0.21264331
v 0.07228167 0.34362546 -0.21232846
v 0.07565400 0.34961915 -0.18410808
v 0.09317946 0.34344491 -0.19132513
v 0.09506148 0.34718364 -0.17504171
v 0.12035779 0.33479705 -0.19572350
v 0.10950062 0.33911392 -0.18917772
v 0.10764875 0.34282932 -0.17722292
v 0.11913455 0.33813998 -0.18413709
v 0.12721722 0.34162593 -0.15890810
v 0.11016708 0.33395830 -0.21267365
v 0.10024928 0.33753967 -0.20840347
v 0.12883931 0.32893115 -0.21269456
v 0.14645235 0.32350743 -0.21272379
v 0.17000809 0.32553512 -0.18592425
v 0.15742205 0.32089004 -0.20869529
v 0.18162119 0.31250429 -0.21060634
v 0.17051941 0.32655114 -0.18299696
v 0.14007144 0.33206314 -0.19029984
v 0.15921238 0.32897952 -0.18418865
v 0.14753716 0.32898799 -0.19295169
v 0.14087972 0.33352578 -0.18416065
v 0.14474320 0.33217874 -0.18575972
v 0.14517123 0.33302763 -0.18214643
v 0.13238916 0.33976173 -0.16263415
v 0.17356130 0.32530740 -0.18421333
v 0.16820586 0.32897341 -0.17714953
v 0.17383122 0.32687175 -0.18002045
v 0.18599504 0.31236392 -0.20815550
v 0.19615225 0.32066062 -0.18425776
v 0.19659325 0.30938521 -0.20753029
v 0.20820975 0.31312984 -0.19220018
v 0.21867332 0.30856889 -0.19450536
v 0.21457657 0.30657378 -0.20168106
v 0.22138216 0.30378875 -0.20200855
v 0.20490962 0.31974310 -0.17967665
v 0.22190583 0.31499627 -0.17735364
v 0.21460529 0.32527998 -0.15757352
v 0.24194111 0.31401607 -0.15642777
v 0.19568425 0.32432821 -0.17501171
v 0.24243391 0.30182007 -0.18437529
v 0.24316040 0.30093902 -0.18552198
v 0.24463767 0.30036584 -0.18511979
v 0.24556744 0.30036417 -0.18318090
v 0.24356863 0.30118102 -0.18437819
v 0.24316734 0.30794823 -0.16919547
v 0.26361200 0.29628375 -0.16608605
v 0.27173454 0.29087743 -0.16543843
v 0.06671012 0.01463376 0.44617546
v 0.07154951 0.01175203 0.44953245
v 0.04993777 0.00070952 0.45107490
v 0.03408220 -0.00318500 0.44911918
v 0.04299606 0.01461605 0.43889785
v -0.18574679 0.33863890 -0.16058430
v -0.16272554 0.34612739 -0.15853649
v -0.15717018 0.34608722 -0.16121978
v -0.14728922 0.34829032 -0.16066776
v -0.12858492 0.34971017 -0.16600959
v -0.11876315 0.35273153 -0.16505162
v -0.12858300 0.35763764 -0.14936355
v -0.08112629 0.35763627 -0.17475012
v -0.09999188 0.35319570 -0.17531078
v -0.07138887 0.35763687 -0.18076608
v -0.05294465 0.35763472 -0.18919547
v -0.07305574 0.36096311 -0.17154379
v -0.06942885 0.36154881 -0.17183280
v -0.08029220 0.36208126 -0.16545108
v -0.07138995 0.36355668 -0.16692123
v -0.04455279 0.36118221 -0.18411571
v -0.04317146 0.37230891 -0.15637177
v -0.04277362 0.35983020 -0.18850529
v -0.04072639 0.36171892 -0.18411347
v -0.01783901 0.35946783 -0.20020698
v -0.01586687 0.36103943 -0.19666764
v -0.01218243 0.36157456 -0.19639988
v -0.01415876 0.36023533 -0.19967209
v -0.00939811 0.36000594 -0.20074607
v -0.01879306 0.36689168 -0.17446230
v -0.00897538 0.36796755 -0.17499918
v -0.01415431 0.37109590 -0.16310939
v -0.04231319 0.37237623 -0.15650599
v 0.01098664 0.36455378 -0.18409845
v 0.01397536 0.37240124 -0.15652499
v 0.01445064 0.36169916 -0.19223553
v 0.03390602 0.35761958 -0.19380543
v 0.01763601 0.36398217 -0.18409728
v 0.04305622 0.35761783 -0.18816027
v 0.04027998 0.36318043 -0.17260286
v 0.04528238 0.36205333 -0.17204070
v 0.05534936 0.35761243 -0.17596143
v 0.04306541 0.36449713 -0.16639099
v 0.05221388 0.36218429 -0.16526408
v 0.01489413 0.37235153 -0.15642536
v 0.07166550 0.35306931 -0.17505117
v 0.08862980 0.35177547 -0.16403458
v 0.10027536 0.34825730 -0.16519241
v 0.15746288 0.33701050 -0.15964617
v 0.07722864 -0.00534247 0.46094930
v 0.06534016 -0.00584473 0.45994949
v 0.07150897 -0.02289454 0.47236383
v 0.04841969 -0.01394549 0.46142381
v 0.03557340 -0.01395628 0.45751941
v 0.06519513 -0.02505902 0.47235823
v 0.04295621 -0.02486285 0.46687225
v 0.09680954 -0.03600445 0.48992413
v 0.07309965 -0.02661479 0.47555950
v 0.07025596 -0.02696456 0.47486028
v 0.02301757 -0.00261657 0.44372198
v 0.01441750 0.00848887 0.43148872
v 0.01443732 0.02782175 0.41725087
v 0.03298930 0.01460761 0.43443364
v 0.02513045 -0.01040590 0.45084828
v 0.00477431 -0.01398152 0.44371599
v 0.02187395 -0.02077075 0.45734623
v 0.00140275 -0.01657618 0.44371492
v -0.00127973 -0.01675786 0.44232664
v -0.00139733 -0.01398543 0.44069889
v 0.00091874 -0.01479456 0.44209275
v 0.00136301 -0.01273093 0.44120699
v -0.03735236 -0.02288591 0.42593938
v -0.02180399 -0.02733730 0.43703428
v -0.02146141 -0.01399511 0.42969912
v -0.04604902 -0.02500362 0.42171305
v -0.09901088 -0.02744402 0.41685620
v -0.12586896 -0.03745706 0.43199134
v -0.12811647 -0.01401487 0.41574183
v -0.10098424 -0.02718862 0.41736650
v -0.18497285 0.01453842 0.42967531
v -0.21331258 0.02846605 0.47181860
v -0.19728722 0.01455375 0.45206386
v -0.19972169 0.00747143 0.46502522
v -0.19156370 0.00251036 0.45192626
v -0.18554696 0.01453927 0.43084192
v -0.21355912 0.02859020 0.47247082
v -0.20248368 0.00610079 0.47802383
v -0.15210062 -0.02341396 0.42492145
v -0.13196553 -0.03551582 0.43295968
v -0.12886485 -0.01401500 0.41603491
v -0.18332613 -0.01402412 0.44367987
v -0.17851554 -0.02848706 0.45091808
v -0.17575477 -0.02298047 0.43921232
v -0.17690620 -0.01402838 0.43242690
v -0.16461171 -0.02068736 0.43037021
v -0.18482196 0.01308605 0.43011490
v -0.19089366 -0.01132865 0.47222200
v -0.18762991 -0.01400242 0.46807784
v -0.18555912 -0.01950974 0.46947640
v -0.18556075 -0.02555371 0.47800875
v -0.18819985 -0.01532088 0.47222406
v -0.18362716 -0.03868262 0.48845905
v -0.21408719 0.02697308 0.47596905
v -0.21663448 0.01458205 0.49947894
v -0.21707967 0.01458312 0.50075179
v -0.21408570 0.01238758 0.49637341
v -0.21554546 0.01166275 0.50075239
v -0.20169368 -0.01210231 0.49700305
v -0.20229645 -0.01397967 0.50075805
v -0.19540671 -0.02281951 0.49635673
v -0.20071393 -0.01488041 0.49896294
v -0.20101756 -0.01638595 0.50076014
v -0.07367489 -0.38949311 -0.11506166
v -0.06883489 -0.39053041 -0.11558361
v -0.04641926 -0.39213333 -0.12717517
v -0.04389019 -0.40039483 -0.10057922
v -0.04292436 -0.38932911 -0.13551766
v -0.04292374 -0.38155705 -0.15568490
v -0.02043450 -0.38818347 -0.14447269
v -0.03904423 -0.39290810 -0.12717691
v -0.01714808 -0.39074653 -0.13863401
v -0.01996675 -0.39637548 -0.11853203
v -0.04183097 -0.40052944 -0.10085161
v -0.01150626 -0.39079767 -0.13860750
v -0.00867932 -0.39645121 -0.11857399
v 0.00984872 -0.39390713 -0.12717925
v 0.01350921 -0.40012723 -0.10012207
v -0.01433895 -0.38924146 -0.14348379
v -0.00710633 -0.38874510 -0.14504094
v 0.01424587 -0.39052230 -0.13795994
v 0.01424467 -0.38632634 -0.15568820
v 0.04099153 -0.38601899 -0.14234075
v 0.01829358 -0.39321008 -0.12717822
v 0.04222045 -0.38632149 -0.14081162
v 0.03963256 -0.39147642 -0.11609510
v 0.01489274 -0.40004987 -0.09996919
v 0.04331833 -0.38606709 -0.14093699
v 0.04545932 -0.39035487 -0.11553290
v 0.04283294 -0.38592094 -0.14183263
v 0.04396994 -0.38566449 -0.14198795
v 0.07141533 -0.37691885 -0.15566325
v -0.21966617 -0.33866957 -0.12716480
v -0.18583648 -0.35731474 -0.09892000
v -0.21444094 -0.33985230 -0.15051273
v -0.21444531 -0.33971912 -0.15570989
v -0.21137162 -0.34091300 -0.15417251
v -0.20581174 -0.34537843 -0.12715711
v -0.19637749 -0.34920561 -0.13090786
v -0.19654086 -0.34954417 -0.12356797
v -0.18680516 -0.35671937 -0.10055563
v -0.17093322 -0.35606647 -0.12841891
v -0.16878800 -0.35669863 -0.12715304
v -0.17192349 -0.35598773 -0.12750994
v -0.17190214 -0.35602957 -0.12681809
v -0.17130700 -0.35618266 -0.12715331
v -0.17865416 -0.35670984 -0.11298232
v -0.17122006 -0.35635537 -0.12646328
v -0.17345253 -0.35048670 -0.15569064
v -0.18587187 -0.34819782 -0.15144534
v -0.14557391 -0.36186266 -0.12715128
v -0.15729609 -0.35465795 -0.15568861
v -0.14648607 -0.36017483 -0.13413921
v -0.13261600 -0.35860932 -0.15568107
v -0.13994664 -0.36274284 -0.13018444
v -0.12009987 -0.36804727 -0.13284332
v -0.12870458 -0.35998064 -0.15401839
v -0.13836171 -0.36590117 -0.12254475
v -0.12210838 -0.37208003 -0.11945400
v -0.12867719 -0.37452623 -0.10754992
v -0.11609156 -0.37893078 -0.10661265
v -0.15305437 -0.36676556 -0.10702918
v -0.10548627 -0.37445486 -0.12715785
v -0.10421101 -0.36681589 -0.14748734
v -0.11925326 -0.36136383 -0.15567856
v -0.08250707 -0.38518670 -0.11838582
v -0.09619892 -0.37739545 -0.12715665
v -0.10010114 -0.38009328 -0.11695105
v -0.10010991 -0.36528435 -0.15567353
v -0.09724116 -0.36804563 -0.14995639
v -0.09271683 -0.36721110 -0.15567318
v -0.07151361 -0.38517356 -0.12747222
v -0.07413631 -0.37993062 -0.13880169
v -0.06945059 -0.38104960 -0.13936402
v -0.07151300 -0.37836698 -0.14481468
v -0.05990487 -0.38516301 -0.13563585
v -0.06233595 -0.38057944 -0.14599843
v -0.08150958 -0.39018279 -0.10791269
v -0.07151396 -0.39248875 -0.10925668
v -0.01434725 -0.40036935 -0.10531799
v 0.05154161 -0.38508716 -0.13707346
v 0.06392238 -0.38507146 -0.12341794
v 0.04282229 -0.39214051 -0.10938726
v 0.05310759 -0.39021927 -0.10776867
v 0.07052076 -0.38327822 -0.12715085
v 0.07141474 -0.38139358 -0.13448438
v 0.07248326 -0.38292715 -0.12715021
v 0.07141417 -0.38365638 -0.12433955
v 0.08229304 -0.37621641 -0.15023506
v 0.09606439 -0.37718150 -0.13747308
v 0.10426997 -0.37650448 -0.13713449
v 0.09999449 -0.37413496 -0.14684762
v 0.09915477 -0.38334846 -0.11371828
v 0.10093994 -0.38315523 -0.11381357
v 0.09776064 -0.38391921 -0.11175929
v 0.09999683 -0.38503665 -0.10191451
v 0.09999900 -0.38367799 -0.11219722
v 0.10294437 -0.38356334 -0.11140441
v 0.12542884 -0.37872267 -0.12712362
v 0.12741955 -0.36960405 -0.15335874
v 0.12535240 -0.36914766 -0.15565109
v 0.13242164 -0.37734663 -0.12712115
v 0.12858373 -0.38051426 -0.11811591
v 0.12856601 -0.36855796 -0.15565021
v 0.13002332 -0.36929587 -0.15274420
v 0.13711978 -0.36647403 -0.15564856
v 0.15057003 -0.37184840 -0.13479811
v 0.16547078 -0.36841923 -0.13308144
v 0.15714972 -0.36322099 -0.15226558
v 0.15293914 -0.37655622 -0.11707249
v 0.16297418 -0.37342927 -0.11863272
v 0.14728965 -0.38008213 -0.10791451
v 0.15717845 -0.37845808 -0.10956502
v 0.17531449 -0.37596777 -0.10378385
v 0.17664582 -0.36682522 -0.12710378
v 0.17705283 -0.36205882 -0.13828796
v 0.16335720 -0.35956222 -0.15564252
v 0.19818860 -0.36017346 -0.12710217
v 0.18576413 -0.37336501 -0.10378771
v 0.18572937 -0.34873009 -0.15563986
v 0.19797648 -0.35852915 -0.13122284
v 0.20117208 -0.35872734 -0.12822974
v 0.20157386 -0.35952687 -0.12557366
v 0.19013046 -0.37293389 -0.10073920
v 0.21435699 -0.36404562 -0.10233025
v 0.19269663 -0.34566426 -0.15564036
v 0.20824471 -0.35647255 -0.12710217
v 0.20224828 -0.35646880 -0.13151360
v 0.22403164 -0.34730816 -0.13168618
v 0.22592813 -0.35108909 -0.12440757
v 0.23360792 -0.34652928 -0.12710798
v 0.22217050 -0.35648108 -0.11418185
v 0.23459387 -0.35053641 -0.11520545
v 0.21431643 -0.34190279 -0.14836627
v 0.22869508 -0.33510542 -0.14856428
v 0.24290596 -0.33467373 -0.14060012
v 0.24289516 -0.32589597 -0.15566613
v 0.24810305 -0.33829620 -0.12711726
v 0.27087906 -0.32924521 -0.11348924
v 0.24721019 -0.34648713 -0.10709053
v 0.27186811 -0.32866457 -0.11319868
v -0.30167013 -0.27426735 -0.11458423
v -0.27952951 -0.29334989 -0.13990505
v -0.27520913 -0.29967666 -0.12724221
v -0.29581428 -0.27974313 -0.11731264
v -0.28209621 -0.29218394 -0.12726250
v -0.28090957 -0.29475498 -0.11739835
v -0.28078985 -0.28999302 -0.15581448
v -0.26357609 -0.31226116 -0.12721518
v -0.27157980 -0.30106470 -0.15579054
v -0.26614368 -0.30851763 -0.14492422
v -0.26330924 -0.30980277 -0.15576802
v -0.24469876 -0.32480291 -0.13976388
v -0.24223651 -0.32667410 -0.14069650
v -0.24300100 -0.32584530 -0.14263718
v -0.23923746 -0.32819659 -0.13957632
v -0.24108031 -0.32723823 -0.14241703
v -0.24346972 -0.32722467 -0.11340189
v -0.24277401 -0.32778350 -0.11312113
v -0.24189188 -0.32819825 -0.11345708
v -0.24298158 -0.32760352 -0.11261631
v -0.24248272 -0.32794946 -0.11266416
v -0.29945129 -0.27147323 -0.14191791
v -0.26721549 -0.30961454 -0.10734941
v -0.21440631 -0.34195873 -0.09962042
v -0.21389185 -0.34219754 -0.09888565
v 0.25943345 -0.32794386 -0.13537800
v 0.25819206 -0.32129467 -0.14804143
v 0.27151689 -0.32796580 -0.11574546
v 0.26814678 -0.32126224 -0.13806483
v 0.27758041 -0.31579807 -0.13533172
v 0.27148706 -0.31409752 -0.14832838
v 0.27262869 -0.32796845 -0.11340442
v 0.27152020 -0.32918966 -0.11223945
v 0.27242571 -0.32842097 -0.11239804
v 0.27734143 -0.32506773 -0.10994329
v 0.29045141 -0.30871159 -0.12713198
v 0.29103938 -0.30465251 -0.13762490
v 0.30124021 -0.29942292 -0.12713170
v 0.29658747 -0.31019256 -0.10561094
v 0.28045821 -0.30386758 -0.15568361
v 0.30005801 -0.28696132 -0.15569703
v 0.30181229 -0.28687042 -0.15220045
v 0.30129486 -0.28573677 -0.15569715
v 0.30563304 -0.28233927 -0.15291396
v 0.31013727 -0.29093924 -0.12713416
v 0.32603186 -0.27619210 -0.11550784
v 0.30961156 -0.29465544 -0.11757275
v 0.32963151 -0.27277184 -0.11379613
v -0.35768697 -0.21430206 -0.14194408
v -0.35746843 -0.21462849 -0.14139888
v -0.35817769 -0.21608581 -0.11414765
v -0.33646655 -0.23613675 -0.14030260
v -0.33430004 -0.24260961 -0.12736861
v -0.35604578 -0.21631512 -0.14055321
v -0.35373086 -0.22093748 -0.11656570
v -0.33976412 -0.23631486 -0.12737952
v -0.33864045 -0.23834774 -0.11884107
v -0.33727574 -0.23261791 -0.15594158
v -0.35717878 -0.21490079 -0.14211527
v -0.30522880 -0.27115199 -0.11559066
v -0.32064891 -0.25513768 -0.12734054
v -0.32867226 -0.23884711 -0.15592557
v -0.32193071 -0.25013286 -0.14242950
v -0.31717893 -0.25110236 -0.15589753
v -0.30012980 -0.27113488 -0.13968110
v -0.30040884 -0.27057773 -0.14130166
v -0.30001792 -0.27090749 -0.14146599
v -0.30013135 -0.27071121 -0.14179066
v -0.29982242 -0.27113375 -0.14142431
v -0.29988551 -0.27101067 -0.14170179
v -0.30369321 -0.27294531 -0.11123651
v -0.30010951 -0.27616927 -0.11051349
v -0.31205133 -0.26518181 -0.10706728
v -0.32465154 -0.25290066 -0.10676885
v 0.32305396 -0.27086705 -0.13862361
v 0.32261130 -0.26784459 -0.14443722
v 0.32867825 -0.27088171 -0.12096304
v 0.32619748 -0.26595950 -0.13896868
v 0.33571112 -0.25677383 -0.13437210
v 0.32864338 -0.25842860 -0.14764318
v 0.33107606 -0.27088794 -0.11404766
v 0.32869080 -0.27457288 -0.11101207
v 0.33068481 -0.27188581 -0.11185715
v 0.33302301 -0.26872364 -0.11068922
v 0.34568048 -0.24777664 -0.12714085
v 0.34573710 -0.24510829 -0.13271841
v 0.34971830 -0.23554531 -0.14069188
v 0.34996143 -0.24232566 -0.12714183
v 0.34747884 -0.24684250 -0.11810964
v 0.33534759 -0.24565119 -0.15570885
v 0.34386861 -0.23469289 -0.15571398
v 0.35178497 -0.22531267 -0.15299983
v 0.35722756 -0.22209725 -0.14383720
v 0.35721746 -0.21375288 -0.15572497
v 0.36203849 -0.22336525 -0.12715271
v 0.36051750 -0.23131141 -0.10509846
v -0.37441659 -0.18546887 -0.12744702
v -0.35788271 -0.21404746 -0.14133748
v -0.35959682 -0.21405783 -0.11435392
v -0.37304777 -0.18871151 -0.12744458
v -0.35812548 -0.21357277 -0.14216439
v -0.37353992 -0.18758170 -0.13166705
v -0.36919901 -0.19147578 -0.15599096
v -0.35894203 -0.21494845 -0.11224619
v -0.35716441 -0.21725525 -0.11153459
v -0.36025035 -0.21251233 -0.11159377
v -0.37531009 -0.18157555 -0.13521543
v -0.37459314 -0.17671828 -0.15599830
v -0.38568485 -0.14677826 -0.15601191
v -0.37885797 -0.16773006 -0.15258496
v -0.38013816 -0.16800442 -0.12745860
v -0.37346482 -0.18751128 -0.12336843
v -0.37535608 -0.18153277 -0.11958183
v 0.36707139 -0.21377000 -0.13207394
v 0.36899489 -0.21377397 -0.12128422
v 0.36499661 -0.20336372 -0.15184373
v 0.36942399 -0.19338213 -0.15573516
v 0.37694564 -0.19605187 -0.13259056
v 0.37794200 -0.19803348 -0.12076274
v 0.36554325 -0.22391461 -0.10272406
v 0.37431222 -0.20802292 -0.10711819
v 0.37664279 -0.18063197 -0.15573817
v 0.38389939 -0.18522424 -0.12717693
v 0.37936842 -0.18521601 -0.14286672
v 0.38548154 -0.18522260 -0.09930557
v 0.38883173 -0.16269784 -0.13844904
v 0.39153251 -0.16809031 -0.11861326
v 0.38580960 -0.16521329 -0.14574246
v 0.38972816 -0.15862101 -0.14342394
v -0.38687989 -0.14316235 -0.15541412
v -0.38723755 -0.14337993 -0.09970961
v -0.38840416 -0.13983564 -0.15056396
v -0.39430070 -0.12263164 -0.13873512
v -0.39388469 -0.12828113 -0.12747267
v -0.39623061 -0.12086795 -0.12747490
v -0.38905236 -0.13920195 -0.10569423
v -0.39566696 -0.12401225 -0.11894096
v -0.38723454 -0.14178437 -0.15601310
v -0.39342636 -0.11785896 -0.15601453
v -0.38568476 -0.14858486 -0.14400271
v -0.38369605 -0.15687552 -0.12846237
v -0.38382497 -0.15687741 -0.12653445
v -0.38453850 -0.15457758 -0.12746711
v -0.38567856 -0.14957750 -0.11287907
v -0.37929961 -0.16798791 -0.10210021
v -0.39546612 -0.10905179 -0.15110834
v 0.39865860 -0.13100132 -0.12864184
v 0.39125597 -0.15666565 -0.13874674
v 0.39079258 -0.15417477 -0.14395680
v 0.39948776 -0.12934561 -0.12657622
v 0.39637113 -0.15666986 -0.11817612
v 0.38582870 -0.18443085 -0.09900799
v 0.39543307 -0.16147302 -0.10809982
v 0.39888221 -0.15014595 -0.10637921
v 0.39962965 -0.12810756 -0.12719557
v 0.39917511 -0.12810688 -0.12905782
v 0.39969054 -0.12727472 -0.12761217
v 0.39982429 -0.12754220 -0.12691294
v 0.39975026 -0.12810764 -0.12648185
v 0.39308259 -0.13173026 -0.15575615
v 0.39454436 -0.12373482 -0.15575907
v 0.40025985 -0.10675462 -0.14869848
v -0.40276062 -0.07683846 -0.13035738
v -0.39974061 -0.09968604 -0.13453248
v -0.39739507 -0.09127472 -0.15013777
v -0.40328625 -0.07788336 -0.12411229
v -0.40127158 -0.09969394 -0.11967743
v -0.39987129 -0.10687950 -0.10605174
v -0.40368474 -0.09443921 -0.10796919
v -0.40358883 -0.07110517 -0.12749749
v -0.40248892 -0.07110235 -0.13268894
v -0.40315682 -0.06456245 -0.13076691
v -0.40441942 -0.06204158 -0.12297508
v -0.40466768 -0.07111024 -0.11797193
v -0.39655828 -0.07990249 -0.15602379
v -0.39769477 -0.06285574 -0.15603308
v -0.39973521 -0.04973571 -0.14897454
v 0.40523595 -0.09954609 -0.13178244
v 0.40202540 -0.09144004 -0.14958353
v 0.40751624 -0.09954934 -0.12375520
v 0.40800756 -0.11063203 -0.10183437
v 0.41426834 -0.08535479 -0.09871451
v 0.40769696 -0.08612649 -0.12720199
v 0.40599364 -0.07684696 -0.13894498
v 0.40666205 -0.06443988 -0.14027883
v 0.41125482 -0.07098418 -0.12720564
v 0.41231641 -0.04662920 -0.12721586
v 0.41420913 -0.08506288 -0.09906548
v 0.40116709 -0.07863449 -0.15577215
v 0.40250593 -0.06263018 -0.15577796
v 0.40490973 -0.05193691 -0.15103382
v 0.41860476 -0.06089036 -0.10699481
v -0.40554053 -0.02532942 -0.13318683
v -0.40308368 -0.04253235 -0.13625206
v -0.39974338 -0.03532395 -0.14897630
v -0.40712482 -0.02849061 -0.12026696
v -0.40593642 -0.04253967 -0.11735213
v -0.40678021 -0.04623533 -0.10955763
v -0.40747032 -0.03919977 -0.10990679
v -0.40806329 -0.01397938 -0.12751707
v -0.40495336 -0.01397371 -0.13769215
v -0.40573391 -0.00224642 -0.13338381
v -0.41337338 0.01300954 -0.11402685
v -0.41301844 -0.01398442 -0.10123786
v -0.39849806 -0.02178866 -0.15605283
v -0.39590806 -0.00484410 -0.15606412
v -0.39747155 0.00624492 -0.15013260
v 0.41248789 -0.04242014 -0.12818511
v 0.40433356 -0.03316256 -0.15075877
v 0.41298878 -0.04242096 -0.12650086
v 0.41268143 -0.03894025 -0.12722106
v 0.40712795 -0.02084623 -0.14123030
v 0.40661991 -0.00737211 -0.14022660
v 0.41365886 -0.01386357 -0.12724385
v 0.41124436 0.00835176 -0.12726639
v 0.40187263 -0.02185269 -0.15580925
v 0.40086031 -0.00634282 -0.15582529
v 0.41442502 -0.04543184 -0.12120034
v 0.41442433 -0.04003294 -0.12243611
v 0.42142510 -0.05322249 -0.10214421
v 0.42302024 -0.03245291 -0.10295473
v 0.40136647 0.00695156 -0.14930797
v 0.41989529 -0.02268564 -0.10960480
v 0.41986668 -0.00503813 -0.10957314
v -0.40310961 0.03668113 -0.13074405
v -0.40251517 0.01457613 -0.13597926
v -0.39561564 0.02385555 -0.15106615
v -0.41242373 0.01803221 -0.11497790
v -0.41338384 0.01456865 -0.11363249
v -0.41365784 0.01432050 -0.11299983
v -0.41415405 0.01456874 -0.11163217
v -0.41415468 0.01686995 -0.11209684
v -0.41362110 0.01483493 -0.11298119
v -0.40474766 0.04313501 -0.12751824
v -0.41765183 0.04313600 -0.10593772
v -0.40228271 0.04313554 -0.13231382
v -0.40301505 0.04939428 -0.13064535
v -0.40816379 0.05969065 -0.11924186
v -0.39336789 0.03274792 -0.15607265
v -0.39239788 0.05403146 -0.15607363
v -0.39424694 0.06174540 -0.15175575
v 0.40965977 0.01469581 -0.12965085
v 0.39934158 0.02144673 -0.14830665
v 0.41128239 0.01469389 -0.12570438
v 0.38402107 0.07089000 -0.14253005
v 0.38486248 0.06980022 -0.14059734
v 0.40267605 0.03817381 -0.12729394
v 0.40066886 0.04271979 -0.12836125
v 0.40054798 0.04366106 -0.12811989
v 0.40124452 0.04325062 -0.12729852
v 0.39666247 0.05020677 -0.13078323
v 0.40071392 0.04440285 -0.12729971
v 0.40301746 0.04612842 -0.12154108
v 0.39185712 0.04026692 -0.15586790
v 0.39068925 0.04567786 -0.15587351
v 0.38586640 0.06293072 -0.14604454
v 0.41441846 0.01049020 -0.11886530
v 0.41441742 0.02093218 -0.11478850
v 0.42259318 0.00448699 -0.10277668
v 0.41947097 0.02643707 -0.10124242
v 0.41718292 0.03172740 -0.10425153
v -0.40104288 0.09799503 -0.12865193
v -0.40095520 0.07170507 -0.13518354
v -0.39374954 0.08192689 -0.15200827
v -0.40417093 0.09173259 -0.12323947
v -0.40991005 0.07170694 -0.11536647
v -0.41416991 0.06269307 -0.10873267
v -0.41154349 0.07039259 -0.11192087
v -0.41417295 0.07170852 -0.10549235
v -0.41125381 0.07316826 -0.11177437
v -0.40129572 0.10028011 -0.12750940
v -0.40067047 0.10028031 -0.12904769
v -0.40065229 0.10178086 -0.12825991
v -0.40104866 0.10257309 -0.12636396
v -0.40392929 0.10028069 -0.11945438
v -0.39152384 0.08895186 -0.15607543
v -0.38751626 0.11362969 -0.15607911
v -0.38747096 0.11549968 -0.15515672
v -0.38563001 0.12546769 -0.15608223
v 0.38411796 0.07181265 -0.14073001
v 0.38327491 0.07311166 -0.14290723
v 0.37672392 0.09580027 -0.15593189
v 0.38586870 0.07181026 -0.13604957
v 0.38315642 0.07724243 -0.13889511
v 0.39121079 0.08247854 -0.11838767
v 0.39589161 0.07180399 -0.11805064
v 0.40770105 0.06088466 -0.10210557
v 0.39853960 0.07813732 -0.10670757
v 0.37305444 0.10680260 -0.15594766
v 0.37215662 0.12206812 -0.14855596
v 0.38246554 0.10036606 -0.12735240
v 0.37837571 0.10037175 -0.14089653
v 0.37793061 0.11299939 -0.13368857
v 0.38042033 0.11797781 -0.11856420
v 0.38889253 0.10035966 -0.10480484
v -0.39469451 0.12886365 -0.13204621
v -0.39769861 0.12886153 -0.12148295
v -0.40232325 0.12292013 -0.10729381
v -0.39993811 0.13599345 -0.10609958
v -0.39220455 0.14199205 -0.12752013
v -0.38742435 0.15744701 -0.12752026
v -0.39333415 0.15084140 -0.11432460
v -0.39007872 0.16730729 -0.10780227
v -0.38563836 0.14037880 -0.15052658
v -0.38353723 0.14210938 -0.15503412
v -0.38367102 0.14513136 -0.15214615
v -0.38208857 0.14493856 -0.15608382
v -0.37862211 0.16469961 -0.14201434
v -0.37243789 0.16512847 -0.15607354
v -0.36748555 0.18083796 -0.14697839
v -0.37949151 0.17367953 -0.12751690
v 0.36762848 0.15749773 -0.12743683
v 0.37408030 0.12893444 -0.13576902
v 0.37852353 0.12892646 -0.11679523
v 0.36913803 0.15250868 -0.12742999
v 0.36874884 0.13752049 -0.15028061
v 0.36719528 0.15306784 -0.13630405
v 0.36556023 0.14733893 -0.15600264
v 0.38086057 0.12640379 -0.11058112
v 0.38588947 0.11212197 -0.10468048
v 0.37930477 0.13221955 -0.10981077
v 0.36136883 0.16776833 -0.14797826
v 0.35924828 0.17084104 -0.15602274
v 0.35735139 0.17762539 -0.15602635
v 0.35887232 0.17255229 -0.15526253
v 0.36369491 0.17338136 -0.12744987
v 0.36942893 0.15529019 -0.12302433
v 0.36747789 0.16164905 -0.11912328
v -0.38957438 0.17369044 -0.10091268
v -0.36914378 0.18603310 -0.13576940
v -0.37449354 0.18603343 -0.12192491
v -0.38565993 0.17623378 -0.10794915
v -0.36376449 0.18936540 -0.14510772
v -0.36294493 0.19771206 -0.13594320
v -0.35711303 0.20076084 -0.14912120
v -0.36562419 0.20307247 -0.12172712
v -0.37591532 0.19544229 -0.10382513
v -0.35848552 0.21462476 -0.12748474
v -0.36348942 0.21462522 -0.11168189
v -0.35213259 0.21462557 -0.14606085
v -0.35010564 0.22916037 -0.13472271
v -0.35363722 0.23622233 -0.11667459
v -0.35006663 0.21109664 -0.15603080
v -0.34641892 0.21998523 -0.15602174
v -0.34229866 0.23579639 -0.14914197
v -0.32856679 0.24879077 -0.15598451
v 0.35195944 0.19765316 -0.15333202
v 0.35172200 0.20599309 -0.14474514
v 0.34793463 0.21946371 -0.13715869
v 0.35346428 0.21461779 -0.12747863
v 0.34919953 0.22681831 -0.12748228
v 0.35485914 0.22636302 -0.10397455
v 0.34862745 0.20472592 -0.15603468
v 0.34115002 0.22080770 -0.15603662
v 0.35736132 0.19096448 -0.13727336
v 0.36030108 0.18605582 -0.12893207
v 0.36094579 0.18605436 -0.12566800
v 0.35969228 0.19071333 -0.12746495
v 0.36605981 0.17611168 -0.10323502
v 0.36208582 0.19796991 -0.10125902
v 0.33312055 0.24104214 -0.14389773
v 0.36039704 0.20334554 -0.10495029
v -0.34226429 0.24322011 -0.13429473
v -0.34952104 0.24321377 -0.11697981
v -0.35712469 0.23385894 -0.10851948
v -0.35295671 0.24112377 -0.11109529
v -0.35712397 0.24320778 -0.08928885
v -0.34892184 0.24732149 -0.10907200
v -0.33462411 0.25534028 -0.12743351
v -0.31872988 0.27181995 -0.12741186
v -0.33426172 0.26321244 -0.11025544
v -0.32856673 0.25314277 -0.14723255
v -0.32409391 0.25528663 -0.15374051
v -0.31945050 0.26665598 -0.13773200
v -0.31630617 0.26366794 -0.15596351
v -0.31565148 0.27318224 -0.13012522
v -0.30567062 0.27466014 -0.15594704
v -0.31559530 0.27442884 -0.12740825
v -0.31166628 0.27708086 -0.13002974
v -0.31008071 0.28024229 -0.12319922
v -0.31765538 0.27518347 -0.12068763
v -0.29507762 0.29055417 -0.13673677
v -0.29683238 0.29408148 -0.11627769
v -0.30001277 0.28172421 -0.15100183
v -0.28704810 0.29394105 -0.14813182
v -0.27144751 0.30392161 -0.15591227
v 0.24317287 0.31373933 -0.15581515
v 0.27170631 0.30031204 -0.14161952
v 0.27172640 0.30030581 -0.14159329
v 0.29439038 0.28014719 -0.14415713
v 0.31102669 0.27174956 -0.12742956
v 0.27176270 0.30027640 -0.14157867
v 0.29299578 0.28573716 -0.12738654
v 0.29038745 0.28109771 -0.15593684
v 0.27173719 0.30028892 -0.14162341
v 0.31339556 0.26943842 -0.12743565
v 0.30028260 0.27088958 -0.15596431
v 0.31191531 0.26911446 -0.13270652
v 0.31000620 0.26234776 -0.15598798
v 0.32103369 0.25877947 -0.13393445
v 0.33085701 0.24724266 -0.13972008
v 0.32882863 0.24671109 -0.14350653
v 0.33467501 0.24318537 -0.13882919
v 0.33131784 0.24443370 -0.14299443
v 0.31701466 0.26681641 -0.12497780
v 0.33450836 0.25453097 -0.11887167
v 0.34329432 0.24317439 -0.12043837
v 0.35353133 0.23081365 -0.10085402
v 0.32883221 0.26435941 -0.10259307
v 0.34171030 0.24960926 -0.10676430
v 0.31312555 0.27032092 -0.12458184
v 0.30056176 0.28574488 -0.09941018
v -0.28488156 0.30042779 -0.13410085
v -0.28920555 0.30041847 -0.11850216
v -0.29999381 0.29243439 -0.10913800
v -0.29415977 0.29749444 -0.11020155
v -0.27992040 0.31045386 -0.10308400
v -0.27597815 0.30953822 -0.12737572
v -0.27294141 0.31625125 -0.10189387
v -0.27143788 0.30827907 -0.14302585
v -0.26126385 0.32078263 -0.12736621
v -0.26330069 0.31066495 -0.15183620
v -0.25480318 0.32434002 -0.12970172
v -0.24287792 0.32134944 -0.15204223
v -0.25527731 0.32529369 -0.12549569
v -0.24827498 0.32903177 -0.12735179
v -0.26586503 0.32027581 -0.10991238
v -0.25164646 0.32902592 -0.11638573
v -0.23633243 0.32903975 -0.14280692
v -0.22203223 0.33559972 -0.14041285
v -0.23212469 0.33612305 -0.13086751
v -0.23329242 0.33846173 -0.12262348
v -0.22245499 0.34129417 -0.12731455
v -0.23346946 0.32433781 -0.15587075
v -0.21431506 0.33171177 -0.15584496
v -0.20884258 0.33786863 -0.14491376
v -0.19990245 0.33613554 -0.15582114
v -0.20841785 0.34585160 -0.12729143
v -0.19105765 0.34698191 -0.13621962
v -0.18639943 0.35627419 -0.11366047
v -0.18136962 0.34888816 -0.13715477
v -0.18522327 0.35660836 -0.11349183
v -0.18574330 0.34352720 -0.14856972
v -0.16657831 0.34805191 -0.15106715
v -0.15716961 0.34864661 -0.15575221
v -0.09999268 0.36220065 -0.15565369
v 0.07167789 0.35969579 -0.15556204
v 0.09428430 0.35459098 -0.14430162
v 0.09864280 0.35430115 -0.13967203
v 0.12814306 0.34254763 -0.15413913
v 0.10236804 0.35342637 -0.13923870
v 0.12666486 0.35309532 -0.12706153
v 0.12726949 0.34247857 -0.15560205
v 0.10028526 0.35307562 -0.14356352
v 0.12887557 0.34208629 -0.15560332
v 0.12970719 0.34244955 -0.15394650
v 0.13233185 0.34155089 -0.15560697
v 0.13139518 0.35257381 -0.12706511
v 0.15206195 0.34671462 -0.13594565
v 0.15634350 0.35525510 -0.11396198
v 0.18102133 0.33821297 -0.14562666
v 0.16345009 0.34560472 -0.13540846
v 0.15880904 0.35489163 -0.11414522
v 0.17976239 0.34493303 -0.12712473
v 0.17153542 0.33599824 -0.15565747
v 0.15747142 0.34107208 -0.14958978
v 0.18604180 0.33320856 -0.15568495
v 0.21093296 0.32709610 -0.15574023
v 0.21460669 0.32643420 -0.15450120
v 0.24235636 0.31422275 -0.15540516
v 0.19312656 0.33615237 -0.14155410
v 0.21159193 0.32893139 -0.14970934
v 0.19444811 0.34072441 -0.12715493
v 0.20429635 0.33685300 -0.13113374
v 0.20528293 0.33881903 -0.12224011
v 0.22612198 0.32891726 -0.13277599
v 0.23517480 0.32263428 -0.13980076
v 0.22923094 0.32924604 -0.12789975
v 0.23024613 0.32891312 -0.12723860
v 0.22855398 0.32960522 -0.12757993
v 0.22842734 0.32985902 -0.12676263
v 0.22917393 0.32946292 -0.12723620
v 0.22950320 0.32951674 -0.12603121
v 0.24317324 0.31409529 -0.15474553
v 0.27169985 0.30032748 -0.14158538
v 0.25201452 0.31799498 -0.12728925
v 0.27173722 0.30032742 -0.14144409
v 0.26783729 0.30813080 -0.11695668
v 0.27383003 0.30449742 -0.11515697
v 0.27840510 0.30031607 -0.11641117
v 0.27174187 0.30687106 -0.10978833
v 0.27675086 0.30281872 -0.11057052
v 0.24996492 0.32138377 -0.11228603
v 0.30028442 0.28606054 -0.09893076
v 0.30032915 0.28604472 -0.09887698
v -0.24284603 0.33651140 -0.10254326
v -0.22332048 0.34783560 -0.10328683
v -0.21428794 0.34923220 -0.11056628
v -0.16211042 0.35762617 -0.12968850
v -0.17761123 0.35761985 -0.11702926
v -0.18832041 0.35631877 -0.11169678
v -0.18572715 0.35676172 -0.11256173
v -0.18473342 0.35712031 -0.11249125
v -0.18572512 0.35761577 -0.10962366
v -0.15720366 0.37187785 -0.09870692
v -0.15819670 0.35969684 -0.12721080
v -0.15714930 0.37190631 -0.09868099
v -0.15716220 0.35889077 -0.12973446
v -0.15568414 0.36058095 -0.12720652
v -0.13264769 0.35966834 -0.14346652
v -0.13093367 0.36233860 -0.13908444
v -0.12525459 0.36428824 -0.13810365
v -0.12858212 0.36080724 -0.14301409
v -0.12055260 0.36164933 -0.14542533
v -0.13520448 0.37088153 -0.11952214
v -0.12041436 0.37395385 -0.12103457
v -0.12857576 0.38021678 -0.10161943
v -0.15714717 0.37190673 -0.09868180
v -0.10856736 0.37477750 -0.12713149
v -0.10770477 0.37963077 -0.11399677
v -0.09999214 0.36704767 -0.14591424
v -0.08981228 0.37798461 -0.12710518
v -0.08974680 0.36680514 -0.15052758
v -0.08135737 0.37754214 -0.13141954
v -0.05948514 0.38142449 -0.12945259
v -0.07139076 0.37217814 -0.14860810
v -0.08247270 0.37977219 -0.12388055
v -0.05878475 0.38282436 -0.12537636
v -0.09056871 0.38133913 -0.11738295
v -0.07710938 0.38620919 -0.10996249
v -0.05521556 0.38245997 -0.12706044
v -0.04540128 0.37453479 -0.15035307
v -0.06294680 0.38620704 -0.11538991
v -0.05466419 0.38378397 -0.12222184
v -0.04405533 0.37255293 -0.15558416
v -0.03013074 0.38288894 -0.12703997
v -0.04277633 0.37271151 -0.15558305
v -0.03984198 0.37484524 -0.14972848
v -0.04110203 0.37274978 -0.15558222
v -0.02633353 0.38194188 -0.12916532
v -0.00274376 0.38042578 -0.12990887
v -0.01415493 0.37416157 -0.14955345
v -0.02689062 0.38305363 -0.12546337
v -0.00202504 0.38186300 -0.12485181
v -0.03062890 0.38405019 -0.12273524
v -0.01977656 0.38620478 -0.10970181
v 0.00267787 0.38116455 -0.12701966
v 0.01250592 0.37386933 -0.15166129
v -0.00973967 0.38620576 -0.10730524
v 0.00402519 0.38234109 -0.11929542
v 0.01296563 0.37266356 -0.15555887
v 0.02539955 0.37947887 -0.12701076
v 0.01445981 0.37267265 -0.15555832
v 0.01587877 0.37333483 -0.15272708
v 0.01558920 0.37248147 -0.15555809
v 0.03350274 0.37674510 -0.13173383
v 0.04990987 0.37127703 -0.13446268
v 0.04307088 0.36991173 -0.14741799
v 0.05817865 0.36516008 -0.14882240
v 0.03233902 0.37907404 -0.12344950
v 0.05132537 0.37409830 -0.12097225
v 0.04308315 0.38092616 -0.10110794
v 0.02379360 0.38123810 -0.11708815
v 0.06657262 0.36782217 -0.12702130
v 0.07141547 0.37216815 -0.09904848
v 0.07168157 0.36338878 -0.13857529
v 0.09044784 0.35759163 -0.13639857
v 0.07525729 0.36473835 -0.12702605
v 0.10029492 0.35758024 -0.12390715
v 0.09886539 0.36044657 -0.11421129
v 0.10151885 0.36001113 -0.11399705
v 0.11088124 0.35757124 -0.11806478
v 0.10030174 0.36106285 -0.11103984
v 0.10730645 0.36107102 -0.10928980
v 0.07186242 0.37205726 -0.09882817
v 0.12890148 0.35464895 -0.12125295
v 0.15476738 0.35618001 -0.11146366
v 0.15748611 0.35585231 -0.11198127
v 0.16252157 0.35501590 -0.11031649
v 0.15748583 0.35753566 -0.10572088
v 0.18606074 0.34861606 -0.10936270
v 0.19501621 0.34769741 -0.10309179
v 0.21462817 0.34030932 -0.10435309
v -0.07139225 0.39111277 -0.10100183
v -0.01415866 0.38828531 -0.09953597
v 0.10003600 -0.04247516 0.49705428
v 0.08795323 -0.04248668 0.49272180
v 0.11088577 -0.04246859 0.50098145
v 0.10158788 -0.04558707 0.50096917
v 0.09744189 -0.04766165 0.50096387
v 0.06056546 -0.03368721 0.47782898
v 0.07149781 -0.03163439 0.47920930
v 0.04293119 -0.04251651 0.48033261
v 0.02544960 -0.03378359 0.46678585
v 0.04905724 -0.04557874 0.48357338
v 0.04292412 -0.04838893 0.48369884
v 0.05022521 -0.05715119 0.49395797
v 0.03021863 -0.04888127 0.48026931
v 0.07147738 -0.04750021 0.49093938
v 0.07781912 -0.05519233 0.50094092
v 0.06182740 -0.06176751 0.50092727
v 0.05398328 -0.06469007 0.50092036
v 0.02968526 -0.07109266 0.49879766
v 0.03561450 -0.07108775 0.50091076
v 0.01438048 -0.03339722 0.46202910
v 0.01436599 -0.04659552 0.47232133
v -0.00648856 -0.04255894 0.45416033
v 0.00124914 -0.05027983 0.46575651
v -0.01111377 -0.04874189 0.45492643
v -0.01421283 -0.06978642 0.47164911
v -0.01853159 -0.05122634 0.45368266
v -0.01419992 -0.04256463 0.44987449
v 0.00918880 -0.05424215 0.47491002
v -0.01421318 -0.07076556 0.47250196
v 0.01435805 -0.05409392 0.47778761
v 0.02580384 -0.06826677 0.49524558
v 0.00951004 -0.06166479 0.48200631
v -0.01380100 -0.07112705 0.47314689
v -0.01463121 -0.07091887 0.47232077
v -0.01439619 -0.07112753 0.47268677
v -0.01707022 -0.07255721 0.47231990
v 0.02950142 -0.07283667 0.50003612
v 0.02985844 -0.07355171 0.50090754
v 0.02769494 -0.07202954 0.49903503
v 0.02710332 -0.07414387 0.50090599
v -0.13195121 -0.39182335 -0.05911989
v -0.12414689 -0.39425665 -0.06034282
v -0.10628198 -0.39761594 -0.07010543
v -0.10395534 -0.40338266 -0.04933149
v -0.10008450 -0.39317405 -0.08601865
v -0.10009032 -0.38826704 -0.09863234
v -0.08900771 -0.39394152 -0.09310785
v -0.09186381 -0.40162134 -0.07011244
v -0.08048332 -0.40314725 -0.07541451
v -0.08153827 -0.40526870 -0.06587658
v -0.09440145 -0.40515769 -0.05290269
v -0.04578149 -0.40229005 -0.09295837
v -0.06147823 -0.40519765 -0.07438757
v -0.06054450 -0.40705621 -0.06679145
v -0.05386527 -0.40704936 -0.07012746
v -0.05239592 -0.40892303 -0.06052895
v -0.04570307 -0.40082228 -0.09865947
v -0.07150888 -0.39953250 -0.09155403
v -0.04292848 -0.40119770 -0.09866079
v -0.03954684 -0.40280935 -0.09191239
v -0.03927375 -0.40125713 -0.09866181
v -0.03145288 -0.40807050 -0.07013220
v -0.02560277 -0.40764827 -0.07315773
v -0.02585769 -0.40815926 -0.06736263
v -0.03277214 -0.40956837 -0.06185478
v 0.01268781 -0.40094775 -0.09556925
v -0.00440805 -0.40499252 -0.07447840
v -0.00408098 -0.40564644 -0.06611545
v 0.00443999 -0.40470004 -0.07013442
v 0.00792792 -0.40571529 -0.05419677
v 0.01178860 -0.40062264 -0.09866557
v -0.01434862 -0.40334359 -0.09349775
v 0.01423880 -0.40044475 -0.09866541
v 0.01528780 -0.40044475 -0.09656966
v 0.01571825 -0.40013489 -0.09866426
v 0.02261504 -0.40186188 -0.07012945
v 0.03598874 -0.39874092 -0.07757367
v 0.03496429 -0.40078562 -0.06368909
v 0.01909614 -0.40425551 -0.05129028
v 0.04836595 -0.39617467 -0.07884248
v 0.04935884 -0.39817131 -0.06238098
v 0.06662174 -0.39462051 -0.07010045
v 0.04281672 -0.39613003 -0.08989597
v 0.05766398 -0.39249289 -0.09178056
v 0.07140222 -0.39164799 -0.08324815
v 0.07140653 -0.38923362 -0.09862590
v 0.09430073 -0.38788640 -0.08718879
v 0.07527605 -0.39280564 -0.07009314
v 0.09859775 -0.38782614 -0.08295394
v 0.09682661 -0.39137846 -0.05896306
v 0.10115027 -0.38735041 -0.08318892
v 0.10268411 -0.39042470 -0.05848223
v 0.12751865 -0.38716859 -0.07005352
v 0.09999268 -0.38726807 -0.08545886
v 0.10340978 -0.38674295 -0.08604718
v 0.12858695 -0.38661340 -0.07320847
v 0.12858936 -0.38286322 -0.09859431
v 0.12958920 -0.38703933 -0.07005178
v 0.15636438 -0.38666353 -0.05656796
v 0.15789372 -0.38648248 -0.05647604
v 0.18576619 -0.37485039 -0.09856212
v 0.00514435 -0.07619880 0.49071598
v -0.00734031 -0.08590131 0.49350226
v 0.00698790 -0.08497602 0.50089735
v -0.01298632 -0.09718315 0.50088704
v -0.03817682 -0.05176989 0.44371110
v -0.05072092 -0.05848369 0.44370663
v -0.04276913 -0.04599509 0.43687421
v -0.04276679 -0.03616466 0.43087745
v -0.03412103 -0.04257410 0.43938202
v -0.05940427 -0.06645444 0.44606000
v -0.08540203 -0.07073648 0.44392258
v -0.22069740 -0.34078181 -0.07010922
v -0.21550643 -0.34358144 -0.04382145
v -0.18652664 -0.35706446 -0.09862227
v -0.17671111 -0.36706400 -0.07527000
v -0.18583605 -0.35754293 -0.09821089
v -0.17793328 -0.36952293 -0.06370613
v -0.18580349 -0.36712849 -0.04676696
v -0.17128697 -0.37802133 -0.04858429
v -0.20215532 -0.34857124 -0.09862615
v -0.21440543 -0.34198216 -0.09768506
v -0.21440579 -0.34200171 -0.09862934
v -0.21392912 -0.34221637 -0.09839117
v -0.19329986 -0.35672641 -0.07010250
v -0.18788081 -0.35672051 -0.09453609
v -0.20316808 -0.35061151 -0.07010473
v -0.19840661 -0.35332897 -0.07180021
v -0.19845127 -0.35342264 -0.06845145
v -0.21033558 -0.34650582 -0.04966862
v -0.19571042 -0.35672915 -0.06133636
v -0.16137239 -0.37701589 -0.07010008
v -0.15964006 -0.36859879 -0.09387387
v -0.17991596 -0.35967287 -0.09862394
v -0.14600633 -0.38525373 -0.06449014
v -0.15488617 -0.38054949 -0.07009912
v -0.15724106 -0.38163328 -0.06284297
v -0.15725936 -0.36847198 -0.09862964
v -0.15599084 -0.36970997 -0.09610030
v -0.15420917 -0.36945102 -0.09862971
v -0.12866604 -0.38523296 -0.07853805
v -0.12970512 -0.38315928 -0.08333051
v -0.12788881 -0.38367563 -0.08358851
v -0.12866780 -0.38272834 -0.08561571
v -0.12484160 -0.38522866 -0.08245686
v -0.12546730 -0.38362968 -0.08596262
v -0.14279962 -0.39232337 -0.04877029
v -0.12865460 -0.39634722 -0.05029112
v -0.07148200 -0.41258326 -0.04216839
v -0.01432500 -0.41043794 -0.04321723
v 0.04282305 -0.40095329 -0.04792656
v 0.06597909 -0.39665467 -0.04426104
v 0.07140763 -0.39531994 -0.04961908
v 0.08113367 -0.39449525 -0.04639286
v 0.09999558 -0.39148873 -0.05258197
v 0.11046825 -0.39028490 -0.05055916
v 0.14492491 -0.38503271 -0.07819596
v 0.12858735 -0.38743132 -0.06526874
v 0.15397057 -0.38342580 -0.08591073
v 0.15717867 -0.38503748 -0.07045948
v 0.15644743 -0.38356289 -0.08357245
v 0.15801969 -0.38335788 -0.08346894
v 0.15718232 -0.38312694 -0.08525670
v 0.16556960 -0.38084075 -0.08848909
v 0.16662297 -0.38504618 -0.06046902
v 0.15322581 -0.38701925 -0.05378800
v 0.15717442 -0.38665885 -0.05495174
v 0.15983771 -0.38637745 -0.05442702
v 0.18408264 -0.38167530 -0.07001568
v 0.18576816 -0.37830228 -0.08348633
v 0.18804385 -0.38050860 -0.07001317
v 0.18577288 -0.38201350 -0.06394191
v 0.19175129 -0.37374628 -0.09557325
v 0.20801732 -0.37236738 -0.07793970
v 0.22404873 -0.36572501 -0.07461217
v 0.21435949 -0.36637163 -0.09361110
v 0.20876828 -0.37386769 -0.06132311
v 0.22335817 -0.36711812 -0.06469621
v 0.20066234 -0.37821794 -0.04888218
v 0.21437991 -0.37240255 -0.04938950
v 0.23167779 -0.36251742 -0.06999823
v 0.23289636 -0.36072987 -0.07844859
v 0.24140108 -0.35651371 -0.07000135
v 0.23418704 -0.36201993 -0.05898970
v 0.22345136 -0.36103112 -0.09855121
v 0.24294581 -0.35222852 -0.09855562
v 0.25021037 -0.34947726 -0.08407176
v 0.25120699 -0.34635466 -0.09855910
v 0.25359315 -0.34918940 -0.07000551
v 0.26554888 -0.33996272 -0.07829335
v 0.26487970 -0.34131622 -0.06239950
v 0.25142777 -0.35069022 -0.05833271
v 0.27421737 -0.33331603 -0.08162189
v 0.27466878 -0.33420366 -0.05883833
v 0.27154168 -0.33431998 -0.08746198
v 0.27648544 -0.33044955 -0.08675846
v -0.03433621 -0.06529644 0.45542341
v -0.05408993 -0.06818860 0.44964409
v -0.30467638 -0.27345490 -0.08677297
v -0.30235267 -0.27567989 -0.08222166
v -0.30187440 -0.27476534 -0.05773462
v -0.28209338 -0.29597694 -0.07761785
v -0.27730215 -0.29969609 -0.07016580
v -0.29350293 -0.28433821 -0.07787575
v -0.29441220 -0.28249460 -0.06158789
v -0.28313240 -0.29434121 -0.07017512
v -0.28139377 -0.29529011 -0.06135194
v -0.28537205 -0.29233140 -0.09872149
v -0.30009878 -0.27747232 -0.08763026
v -0.26359874 -0.31236506 -0.07015072
v -0.27154911 -0.30597836 -0.09869614
v -0.26700085 -0.30941153 -0.08961231
v -0.26560372 -0.31097832 -0.09868415
v -0.24307927 -0.32798663 -0.08428208
v -0.24292557 -0.32811132 -0.08434428
v -0.24297127 -0.32808048 -0.08445090
v -0.24275546 -0.32820240 -0.08428197
v -0.24286924 -0.32815149 -0.08444067
v -0.24386828 -0.32640004 -0.05676974
v -0.24256890 -0.32741791 -0.05625917
v -0.24115825 -0.32820526 -0.05676503
v -0.23197123 -0.33368897 -0.05037110
v -0.24296302 -0.32694811 -0.05523661
v -0.24192753 -0.32768866 -0.05534734
v -0.26639611 -0.30883133 -0.05187198
v 0.28100339 -0.32798645 -0.07956424
v 0.28926754 -0.31913531 -0.09314592
v 0.28226170 -0.32799131 -0.06107801
v 0.27156380 -0.33732069 -0.05105893
v 0.27891159 -0.33166504 -0.05205482
v 0.29985306 -0.31386876 -0.04158621
v 0.29498816 -0.31773084 -0.07000946
v 0.29804245 -0.31164527 -0.09441987
v 0.31335601 -0.29945070 -0.07000752
v 0.30008331 -0.31368354 -0.04154146
v 0.29686713 -0.31209400 -0.09856905
v 0.30011719 -0.30909336 -0.09857021
v 0.31381744 -0.29884937 -0.07121039
v 0.31621623 -0.29321325 -0.09857215
v 0.31402621 -0.29866433 -0.07000773
v 0.31661806 -0.29505742 -0.07220483
v 0.31682107 -0.29465392 -0.06760841
v 0.31380439 -0.29883602 -0.06877796
v 0.33104044 -0.27555299 -0.08196074
v 0.33084702 -0.27516159 -0.05785853
v 0.32870692 -0.27768147 -0.08768483
v 0.33260655 -0.27284232 -0.08623779
v -0.04047196 -0.08311537 0.46768898
v -0.05986381 -0.07115538 0.44933164
v -0.04760370 -0.08060417 0.46264797
v -0.06824428 -0.04876462 0.43250537
v -0.08535150 -0.07116111 0.44423655
v -0.07134368 -0.09510633 0.46031636
v -0.01834778 -0.09143553 0.49073577
v -0.01480541 -0.09853546 0.50088626
v -0.35727820 -0.21413045 -0.08464364
v -0.35721350 -0.21419302 -0.08451628
v -0.33788779 -0.23762360 -0.08026982
v -0.33257622 -0.24262479 -0.07026262
v -0.35691163 -0.21454412 -0.08434030
v -0.33902931 -0.23492660 -0.07027296
v -0.33651936 -0.23627578 -0.05756129
v -0.34238750 -0.23522767 -0.09882705
v -0.35715044 -0.21430823 -0.08470027
v -0.30689073 -0.27116695 -0.08108918
v -0.30559942 -0.27116820 -0.05870432
v -0.32075271 -0.25543076 -0.07024413
v -0.31406057 -0.26418102 -0.09148335
v -0.32863015 -0.24899721 -0.09879985
v -0.32454443 -0.25280869 -0.09062245
v -0.32363415 -0.25439066 -0.09879074
v -0.30333066 -0.27279720 -0.05430815
v -0.30007255 -0.27630281 -0.05336510
v -0.30800813 -0.26720014 -0.05197707
v -0.32242000 -0.25071287 -0.05407961
v 0.33413947 -0.27089551 -0.08157676
v 0.33651787 -0.26698869 -0.08819541
v 0.33369702 -0.27089843 -0.05821773
v 0.32871228 -0.27777976 -0.05228652
v 0.33228698 -0.27268484 -0.05394092
v 0.33561122 -0.26745111 -0.05228117
v 0.34744292 -0.25123119 -0.07001115
v 0.34899402 -0.24833712 -0.08201773
v 0.35322034 -0.24233752 -0.07001281
v 0.34878224 -0.24812576 -0.05844095
v 0.34705752 -0.25150990 -0.09857613
v 0.35726324 -0.23651141 -0.09857830
v 0.36075678 -0.23154566 -0.09159760
v 0.36201066 -0.23042783 -0.09857910
v 0.36549586 -0.22394118 -0.09446700
v 0.36328509 -0.22579406 -0.07001844
v 0.35897630 -0.22975881 -0.04484830
v -0.08609288 -0.07020298 0.44371000
v -0.11226684 -0.06735985 0.44371933
v -0.09988132 -0.04857836 0.43172795
v -0.12055390 -0.04258354 0.43337029
v -0.09987191 -0.03013915 0.41881013
v -0.11568994 -0.06810852 0.44524547
v -0.13784055 -0.06138785 0.44860750
v -0.12843561 -0.04258345 0.43597370
v -0.37370366 -0.18549542 -0.07032479
v -0.35729229 -0.21406646 -0.08450857
v -0.37246612 -0.18762444 -0.07032286
v -0.35738295 -0.21394989 -0.08469624
v -0.37307122 -0.18716292 -0.07365857
v -0.37023124 -0.19203147 -0.09888080
v -0.35714903 -0.21406725 -0.08275406
v -0.36393303 -0.20045581 -0.06283640
v -0.35613436 -0.21208437 -0.05701448
v -0.35472703 -0.21407764 -0.05721903
v -0.35237736 -0.21645591 -0.05363619
v -0.35712850 -0.21080269 -0.05438117
v -0.35527226 -0.21314970 -0.05508820
v -0.37471408 -0.18217731 -0.07695334
v -0.37595230 -0.17605893 -0.09889853
v -0.38567203 -0.14797638 -0.09892312
v -0.37896356 -0.16782525 -0.09554898
v -0.37904501 -0.17017615 -0.07034062
v -0.37271532 -0.18681204 -0.06769427
v -0.37520260 -0.18168879 -0.06271157
v 0.37087294 -0.21378022 -0.07682054
v 0.37069330 -0.21378279 -0.06331911
v 0.37426019 -0.20799488 -0.09009479
v 0.38544348 -0.18541522 -0.09861130
v 0.37857619 -0.19925421 -0.07704914
v 0.37848914 -0.19907120 -0.06311154
v 0.36131081 -0.22605026 -0.04347355
v 0.37276638 -0.20724618 -0.04920823
v 0.38558969 -0.18510307 -0.09861151
v 0.38629162 -0.18522701 -0.07004263
v 0.38553834 -0.18522260 -0.09802958
v 0.38418508 -0.18523011 -0.04483013
v 0.39242509 -0.16983682 -0.07774928
v 0.39229190 -0.16955586 -0.06221333
v 0.38582903 -0.18450257 -0.09825174
v 0.39607400 -0.16178712 -0.08945632
v -0.38722014 -0.14337206 -0.09815065
v -0.38967052 -0.14463399 -0.04379761
v -0.38904196 -0.13921963 -0.09217909
v -0.39565498 -0.12402134 -0.07894175
v -0.39357910 -0.12831220 -0.07037815
v -0.39657530 -0.12158501 -0.07038378
v -0.39225668 -0.13600469 -0.05500912
v -0.39587268 -0.12425060 -0.06225684
v -0.38800511 -0.14142601 -0.09892690
v -0.39713681 -0.11974844 -0.09893572
v -0.38566738 -0.14932051 -0.08550026
v -0.38353962 -0.15690599 -0.07141714
v -0.38364825 -0.15690690 -0.06934510
v -0.38436568 -0.15430820 -0.07035672
v -0.38566014 -0.15278307 -0.06210773
v -0.38010797 -0.16843142 -0.04454109
v -0.40210563 -0.10577335 -0.09072357
v 0.39781904 -0.15666971 -0.07834980
v 0.39958394 -0.14979714 -0.09121264
v 0.39755106 -0.15667215 -0.06162508
v 0.38585785 -0.18104470 -0.04358042
v 0.39570746 -0.16160086 -0.05084845
v 0.39925039 -0.14997862 -0.04908263
v 0.40345463 -0.13475060 -0.07006344
v 0.40413219 -0.13211057 -0.07806388
v 0.40608165 -0.12216392 -0.08196263
v 0.40544909 -0.12811090 -0.07006399
v 0.41008475 -0.10824005 -0.07007372
v 0.40411142 -0.13208430 -0.06212070
v 0.40708569 -0.12117548 -0.05619428
v 0.40291828 -0.13665150 -0.09862429
v 0.40674812 -0.11766112 -0.09863129
v 0.40847856 -0.11086622 -0.09566694
v -0.08583716 -0.07093815 0.44415632
v -0.11323093 -0.07022281 0.44559237
v -0.08600769 -0.07155434 0.44449770
v -0.08250983 -0.06495081 0.44060311
v -0.11624093 -0.07115646 0.44787526
v -0.11257844 -0.07274648 0.44690087
v -0.13665426 -0.07114933 0.45587277
v -0.12845007 -0.08904351 0.46335766
v -0.15053682 -0.08218849 0.47230017
v -0.40734938 -0.08598913 -0.07783139
v -0.40433228 -0.09972033 -0.07973951
v -0.40568367 -0.09544712 -0.08894078
v -0.40684038 -0.08497642 -0.06350040
v -0.40339130 -0.09973057 -0.06153206
v -0.40162456 -0.10603479 -0.04982003
v -0.40459338 -0.09492089 -0.05131714
v -0.41005409 -0.07113587 -0.07042112
v -0.41668761 -0.04754800 -0.05864293
v -0.40791726 -0.07112868 -0.08641729
v -0.41103292 -0.04885259 -0.08155290
v -0.40969163 -0.07114480 -0.05089413
v -0.40661263 -0.07491761 -0.09896605
v -0.40721247 -0.06763100 -0.09896975
v -0.41119608 -0.04403978 -0.08618914
v 0.41227195 -0.09955505 -0.07115710
v 0.41428265 -0.08534770 -0.09856653
v 0.41227677 -0.09955519 -0.06899939
v 0.40972450 -0.11147703 -0.04386929
v 0.41305405 -0.09679805 -0.07007840
v 0.41433173 -0.08518543 -0.09845325
v 0.42039162 -0.07100172 -0.07008699
v 0.41429493 -0.08521298 -0.09863698
v 0.41443896 -0.09498697 -0.06094209
v 0.41442379 -0.08462138 -0.09863716
v 0.41864279 -0.08737444 -0.04362163
v 0.42016241 -0.06244701 -0.08719352
v 0.42092210 -0.05996360 -0.09864556
v 0.42246795 -0.05270528 -0.09463242
v 0.42220220 -0.05796737 -0.07009136
v 0.41952625 -0.08020161 -0.05168512
v 0.42222887 -0.06450643 -0.05710386
v -0.17625123 -0.03792123 0.46262920
v -0.18141267 -0.04048577 0.48444745
v -0.15975755 -0.04258860 0.44508341
v -0.15591824 -0.04476221 0.44371074
v -0.15755375 -0.04368638 0.44370958
v -0.15700457 -0.04305620 0.44277558
v -0.15829867 -0.04258939 0.44306174
v -0.15700366 -0.04139872 0.44132906
v -0.15340938 -0.04258841 0.44191238
v -0.16818079 -0.05127666 0.46668246
v -0.41768733 -0.04255928 -0.05789856
v -0.41418219 -0.04255420 -0.07260749
v -0.41247231 -0.03914776 -0.08300046
v -0.41174239 -0.04255085 -0.08348511
v -0.41152671 -0.04122605 -0.08602340
v -0.41864103 -0.03364011 -0.06060635
v -0.41762370 -0.04427702 -0.05443422
v -0.41419983 -0.05554432 -0.04966241
v -0.41898155 -0.04016262 -0.05375382
v -0.42128435 0.01101265 -0.08825798
v -0.42020485 -0.01398396 -0.07042353
v -0.42127618 0.00034862 -0.07758632
v -0.42359850 -0.00428812 -0.06557506
v -0.42279208 -0.01398415 -0.05911257
v -0.41365585 -0.01398504 -0.09798148
v -0.41339585 -0.01436297 -0.09897371
v -0.41341853 -0.01361839 -0.09897371
v -0.41415253 -0.01163979 -0.09780134
v 0.42694110 -0.01388800 -0.07011735
v 0.42616147 -0.04244580 -0.07595621
v 0.42587125 -0.04244488 -0.06438384
v 0.42661750 -0.01808573 -0.07011413
v 0.42419362 -0.03304276 -0.09378104
v 0.42603460 -0.01656711 -0.07547582
v 0.42419249 -0.02328045 -0.09866764
v 0.42592126 -0.05098396 -0.04727571
v 0.42795062 -0.03491641 -0.04829976
v 0.42601767 -0.01119067 -0.07551163
v 0.42414194 -0.00445758 -0.09868482
v 0.42276496 0.00457045 -0.09452168
v 0.42648852 -0.00943503 -0.07012117
v 0.42709482 -0.01550877 -0.06687304
v 0.42725182 -0.01242317 -0.06719017
v -0.18186738 -0.04256169 0.48837471
v -0.18556476 -0.04255789 0.49441892
v -0.17546572 -0.04761940 0.48148274
v -0.17580122 -0.06211813 0.49630880
v -0.43104315 0.04314596 -0.07039881
v -0.18961804 -0.04255667 0.50078022
v -0.18747857 -0.04638648 0.50078464
v -0.15227677 -0.06159704 0.46281463
v -0.15978326 -0.05963058 0.46673986
v -0.16440445 -0.06055325 0.47227466
v -0.15701479 -0.07272725 0.47228909
v -0.42538506 0.01457948 -0.07908246
v -0.43014047 0.01458696 -0.06412174
v -0.43053418 0.03896362 -0.07040049
v -0.42307463 0.01903276 -0.08915091
v -0.42997560 0.04161165 -0.07346471
v -0.42093289 0.03975265 -0.09896423
v -0.43142670 0.00595403 -0.04750274
v -0.43638653 0.02571364 -0.04500947
v -0.43001610 0.04471749 -0.07354318
v -0.42108408 0.04659791 -0.09896178
v -0.42227793 0.06765918 -0.08872411
v -0.43058154 0.04742271 -0.07039635
v -0.43303531 0.03855569 -0.06121013
v -0.43237695 0.04708776 -0.06252096
v 0.41254139 0.05564233 -0.09497864
v 0.41885352 0.04323685 -0.07016671
v 0.41297582 0.06888386 -0.07019068
v 0.41136786 0.05599732 -0.09873994
v 0.42419571 0.01467651 -0.07502283
v 0.42415547 0.01467473 -0.06528045
v 0.42162949 0.02907301 -0.07015353
v 0.41959363 0.02637558 -0.09612998
v 0.41442060 0.04611408 -0.09873288
v 0.41873568 0.03327327 -0.09009619
v 0.41876608 0.03113550 -0.09872073
v 0.42742932 0.00689158 -0.04807167
v 0.42464989 0.02385382 -0.04669403
v 0.41063544 0.05941695 -0.09684895
v 0.42190254 0.03642487 -0.05653416
v 0.42012909 0.05182694 -0.05299116
v -0.42446864 0.07171580 -0.07951942
v -0.42950279 0.07172017 -0.06376607
v -0.42093128 0.07509242 -0.08804714
v -0.42079455 0.08495596 -0.07804598
v -0.41418061 0.09205908 -0.09483688
v -0.42331141 0.09000015 -0.06523187
v -0.43457356 0.06152086 -0.04588735
v -0.42919040 0.07924250 -0.04857842
v -0.41874352 0.10028967 -0.07037620
v -0.42166242 0.10029440 -0.05678787
v -0.41200477 0.10028253 -0.09458802
v -0.41044918 0.12137137 -0.08092139
v -0.41385365 0.12819836 -0.05642687
v -0.41103804 0.09870881 -0.09894539
v -0.41028827 0.10223141 -0.09894544
v -0.40740865 0.12546325 -0.08805662
v 0.41149855 0.07179798 -0.07166030
v 0.40346992 0.08060042 -0.09328108
v 0.41238537 0.07179756 -0.06916880
v 0.41297418 0.08533470 -0.04238047
v 0.38582253 0.12887505 -0.08456586
v 0.38586041 0.12883656 -0.08448943
v 0.40606922 0.08853783 -0.07020896
v 0.40180403 0.09871489 -0.07349904
v 0.40112317 0.10131210 -0.07213728
v 0.40192968 0.10035396 -0.07022014
v 0.38656554 0.12757820 -0.08385903
v 0.40103835 0.10209854 -0.07022163
v 0.40730274 0.09322163 -0.05594524
v 0.40167040 0.10185610 -0.06721478
v 0.39338923 0.09660570 -0.09877950
v 0.39059684 0.10271528 -0.09878641
v 0.38589841 0.12841266 -0.08477762
v 0.41443673 0.06828924 -0.06317400
v 0.41980439 0.06019279 -0.04429851
v -0.17245716 -0.07112905 0.49850777
v -0.15472190 -0.08313452 0.47687697
v -0.40337572 0.15051904 -0.07383793
v -0.40805584 0.12885709 -0.08159421
v -0.40551257 0.13320208 -0.08900791
v -0.41171023 0.13382126 -0.05857444
v -0.41367120 0.12886253 -0.05635228
v -0.41418481 0.12771542 -0.05552090
v -0.41378215 0.12866095 -0.05589307
v -0.41418368 0.12886484 -0.05105456
v -0.41362277 0.12914436 -0.05581335
v -0.40203580 0.15743418 -0.07038149
v -0.40134338 0.15743431 -0.07322492
v -0.40088210 0.15935317 -0.07134102
v -0.40110293 0.15979686 -0.06920065
v -0.40265059 0.15743543 -0.06491747
v -0.39826858 0.14946374 -0.09894964
v -0.39233106 0.16838831 -0.09895249
v -0.39039180 0.17409956 -0.09658396
v -0.38566065 0.18210685 -0.09895270
v 0.38583079 0.12891310 -0.08449382
v 0.38579205 0.12896650 -0.08458127
v 0.37504491 0.15204622 -0.09884878
v 0.38589874 0.12891300 -0.08417616
v 0.38575912 0.12919249 -0.08438838
v 0.38909775 0.13529335 -0.05916262
v 0.39172214 0.12890494 -0.05887276
v 0.39493853 0.12438831 -0.05143717
v 0.38591453 0.15490626 -0.04297394
v 0.39129746 0.13159943 -0.05326477
v 0.36934572 0.16576546 -0.09886876
v 0.36702186 0.17658791 -0.09404889
v 0.37924591 0.15746585 -0.07027692
v 0.37708831 0.15747072 -0.08119235
v 0.37597817 0.16614707 -0.07462956
v 0.37716997 0.16852739 -0.06475402
v 0.38488472 0.15745878 -0.04376269
v -0.17362323 -0.07112803 0.50081503
v -0.16787852 -0.07455454 0.49398357
v -0.17228588 -0.07309627 0.49983555
v -0.17286053 -0.07424545 0.50081849
v -0.38917580 0.18601841 -0.07214624
v -0.38992959 0.18601796 -0.06824125
v -0.39597857 0.17690054 -0.04698431
v -0.38764530 0.19000860 -0.07038294
v -0.37483495 0.21461251 -0.07037744
v -0.38565519 0.19013081 -0.07859814
v -0.38564610 0.19607618 -0.05027689
v -0.37811321 0.19654095 -0.09517232
v -0.37502337 0.21097454 -0.07765220
v -0.37176657 0.20728591 -0.09894273
v -0.38421953 0.19959660 -0.04252682
v -0.37328720 0.21651238 -0.07417026
v -0.36628637 0.21921092 -0.09893152
v -0.35834774 0.24259411 -0.08524501
v -0.37318286 0.21820262 -0.07037479
v -0.38090900 0.20506068 -0.05130135
v -0.37390941 0.21713753 -0.06532843
v 0.35601521 0.22751381 -0.09618662
v 0.36205709 0.21459317 -0.07034368
v 0.35344177 0.23525292 -0.07036386
v 0.35540569 0.22789562 -0.09892745
v 0.36818001 0.18602893 -0.07572492
v 0.37075400 0.18602373 -0.06361558
v 0.36520213 0.20168208 -0.07033210
v 0.36272508 0.19764765 -0.09622542
v 0.35738292 0.21993408 -0.09892148
v 0.36187023 0.20481065 -0.08992177
v 0.36132264 0.20229553 -0.09890713
v 0.37605393 0.18108252 -0.05107648
v 0.37165666 0.19315708 -0.04888970
v 0.35425365 0.23045164 -0.09736107
v 0.36564952 0.20857230 -0.05830794
v 0.36030954 0.22594394 -0.04762742
v -0.35827416 0.24320672 -0.08405655
v -0.35971966 0.24319902 -0.05738542
v -0.35793284 0.24361227 -0.08503614
v -0.35765788 0.24427758 -0.08409621
v -0.35367596 0.25010672 -0.08117919
v -0.35712364 0.24461529 -0.08533330
v -0.35832685 0.24563628 -0.05729492
v -0.35093850 0.25556469 -0.06224086
v -0.36083907 0.24133053 -0.05421508
v -0.35923707 0.24426423 -0.05501465
v -0.35710695 0.24738905 -0.05398358
v -0.34135696 0.26882315 -0.07032847
v -0.34001380 0.26896453 -0.07598469
v -0.33844456 0.27179512 -0.07032560
v -0.34068218 0.26963437 -0.06601720
v -0.33991766 0.26318857 -0.09888037
v -0.32857054 0.27254933 -0.09887062
v -0.32286894 0.28039765 -0.08747260
v -0.31874156 0.28118640 -0.09886032
v -0.32132465 0.28590727 -0.07031310
v -0.30113035 0.29811215 -0.08343367
v -0.32676882 0.28430900 -0.04530463
v -0.29942769 0.29927960 -0.08401543
v -0.29998815 0.29856175 -0.08549298
v -0.29874286 0.29977757 -0.08519585
v 0.29621550 0.29210749 -0.07030825
v 0.32437557 0.26950026 -0.09890021
v 0.33651012 0.25849175 -0.07697242
v 0.32883435 0.26557255 -0.09583139
v 0.34861541 0.24315497 -0.07475588
v 0.34339553 0.25044417 -0.09192704
v 0.33654124 0.25853488 -0.06377126
v 0.34866375 0.24314851 -0.06599838
v 0.32886380 0.26835862 -0.04345817
v 0.34373164 0.25058466 -0.04863963
v 0.30061987 0.28585443 -0.09885517
v 0.30028448 0.28609455 -0.09871007
v 0.30028445 0.28607568 -0.09885452
v 0.30033231 0.28604630 -0.09883067
v 0.32368347 0.27171528 -0.07034214
v 0.32306296 0.27172330 -0.08734220
v 0.30905980 0.28274965 -0.07032511
v 0.31703106 0.27663121 -0.07279064
v 0.31714836 0.27685538 -0.06776445
v 0.32532033 0.27170062 -0.04887085
v 0.35739264 0.23249164 -0.04905303
v 0.35926348 0.22979721 -0.04272699
v -0.30598241 0.30038184 -0.05903386
v -0.29998443 0.30039552 -0.07768077
v -0.29815289 0.30039990 -0.08365770
v -0.29155260 0.30462399 -0.08878090
v -0.30184242 0.30411741 -0.05789746
v -0.29616719 0.30800885 -0.05983388
v -0.31879237 0.29095697 -0.04663482
v -0.30462864 0.30270812 -0.05370867
v -0.29997247 0.30686715 -0.05279307
v -0.28037506 0.31835490 -0.07028959
v -0.27449986 0.31780612 -0.09264689
v -0.26635575 0.32899588 -0.07027658
v -0.27834988 0.32164478 -0.05563613
v -0.27439520 0.31620836 -0.09882924
v -0.27140620 0.31835267 -0.09882703
v -0.25999087 0.33188012 -0.07601838
v -0.25052220 0.33285868 -0.09881034
v -0.25950411 0.33378407 -0.07027134
v -0.25343287 0.33637172 -0.07394499
v -0.25233603 0.33855462 -0.06549502
v -0.26148999 0.33337682 -0.06151851
v -0.23663852 0.34519309 -0.07833040
v -0.23787914 0.34768295 -0.06092509
v -0.21487448 0.35637179 -0.07022607
v -0.24284242 0.33862609 -0.09400617
v -0.22563452 0.34899122 -0.09310542
v -0.21426757 0.35643446 -0.07253527
v -0.21428266 0.35261193 -0.09875919
v -0.21388559 0.35682827 -0.07022497
v 0.12890176 0.36279815 -0.09852909
v 0.18606262 0.35205641 -0.09860183
v 0.19799879 0.34918129 -0.09266791
v 0.20972314 0.34766623 -0.07948977
v 0.21159860 0.35140979 -0.05889501
v 0.23446321 0.33444485 -0.08126816
v 0.24780050 0.32887319 -0.07020894
v 0.22268224 0.34136936 -0.07638077
v 0.22033423 0.34605986 -0.06158249
v 0.23300979 0.33708069 -0.07017913
v 0.23811832 0.33807832 -0.05180895
v 0.22779752 0.33549154 -0.09869588
v 0.21463072 0.34349298 -0.09138764
v 0.25537354 0.32465363 -0.07022491
v 0.24319263 0.32734668 -0.09873290
v 0.25336292 0.32475483 -0.07844137
v 0.25509524 0.32054943 -0.09875789
v 0.26233584 0.31913942 -0.07509494
v 0.27609169 0.30897921 -0.08019456
v 0.27174884 0.31055897 -0.08964778
v 0.28663200 0.30028671 -0.07711922
v 0.27991033 0.30437863 -0.08861925
v 0.26161513 0.32058048 -0.06610344
v 0.27683824 0.31044763 -0.06108047
v 0.28829494 0.30027655 -0.06429138
v 0.27175790 0.31606999 -0.04810334
v 0.28383207 0.30630648 -0.04997928
v 0.25453234 0.32591355 -0.06433464
v 0.30030632 0.29204953 -0.05388357
v 0.30615535 0.28890330 -0.04469169
v -0.24281947 0.34519470 -0.04980551
v -0.23084940 0.35158616 -0.04999539
v -0.21125403 0.35759133 -0.07172642
v -0.21240830 0.35758936 -0.06929566
v -0.21426494 0.35677218 -0.06859500
v -0.19327261 0.36138746 -0.08824174
v -0.18922663 0.36464542 -0.08094311
v -0.18002895 0.36895704 -0.07878045
v -0.18570930 0.36424372 -0.08776807
v -0.19078892 0.36778295 -0.06101884
v -0.17815417 0.37267661 -0.06344410
v -0.20160343 0.36553800 -0.04799400
v -0.18568361 0.37207884 -0.04868583
v -0.16647853 0.37630460 -0.07016762
v -0.15715086 0.37190786 -0.09867441
v -0.16411036 0.37887505 -0.05559687
v -0.15715067 0.37190658 -0.09867927
v -0.14363064 0.38461000 -0.07013309
v -0.15714844 0.37190738 -0.09867927
v -0.15712637 0.37192747 -0.09863522
v -0.15713739 0.37191096 -0.09867925
v -0.14223051 0.38495740 -0.07074352
v -0.12857370 0.38185361 -0.09646464
v -0.14229690 0.38509113 -0.06958538
v -0.13821849 0.38618642 -0.07012425
v -0.14431733 0.38470629 -0.06718682
v -0.14070646 0.38618395 -0.06586610
v -0.12234472 0.38619787 -0.08620038
v -0.10916261 0.39130807 -0.08027731
v -0.11703917 0.39173523 -0.07285269
v -0.11789249 0.39344874 -0.06646714
v -0.11001658 0.39469525 -0.07007524
v -0.10129154 0.39914393 -0.04420372
v -0.12196217 0.38289547 -0.09862239
v -0.09999044 0.38871780 -0.09858702
v -0.09263130 0.39314759 -0.08391045
v -0.08081277 0.39091370 -0.09856211
v -0.09165280 0.39815360 -0.07004195
v -0.07997067 0.39760986 -0.07572556
v -0.07842831 0.40067130 -0.06279899
v -0.09912480 0.39966473 -0.04316078
v -0.04915542 0.39412239 -0.08580649
v -0.06295951 0.39796048 -0.07587810
v -0.06448740 0.40103418 -0.06260127
v -0.05071799 0.39889839 -0.06999776
v -0.06051292 0.39164066 -0.09854326
v -0.07139055 0.39354011 -0.09489001
v -0.04278121 0.39122680 -0.09852497
v -0.03597319 0.39369839 -0.08495490
v -0.01968476 0.38896316 -0.09850292
v -0.03440224 0.39806384 -0.06998662
v -0.02375639 0.39560598 -0.07467534
v -0.02261411 0.39787322 -0.06415239
v 0.00504889 0.39108622 -0.07971772
v -0.00360549 0.39370388 -0.07371303
v -0.00462379 0.39574206 -0.06520167
v 0.00373512 0.39334476 -0.06996249
v 0.01282110 0.39881355 -0.04474194
v -0.01031113 0.38812447 -0.09849454
v -0.01415867 0.38895211 -0.09712544
v 0.01446316 0.38573670 -0.09847775
v 0.03547118 0.38239619 -0.09847760
v 0.05535323 0.38209289 -0.07199617
v 0.04308531 0.38187537 -0.09632245
v 0.05559678 0.38257617 -0.06816757
v 0.02680117 0.38816366 -0.07389557
v 0.03837682 0.38618165 -0.06995816
v 0.03336575 0.38619024 -0.07910223
v 0.02744296 0.38885346 -0.06995660
v 0.02973249 0.38809431 -0.07090774
v 0.02993449 0.38849553 -0.06880403
v 0.01874009 0.39620990 -0.04993968
v 0.05973872 0.38148561 -0.06996367
v 0.07077123 0.37281123 -0.09665085
v 0.05187488 0.38616604 -0.05895462
v 0.06079181 0.38277170 -0.06319571
v 0.06995971 0.37275675 -0.09849183
v 0.08132907 0.37681052 -0.06997497
v 0.07169436 0.37219903 -0.09849268
v 0.07208204 0.37227565 -0.09772020
v 0.07211211 0.37209758 -0.09849293
v 0.09283726 0.37249690 -0.07679228
v 0.10665289 0.37024507 -0.07791965
v 0.10030721 0.36808246 -0.08949272
v 0.11677785 0.36579013 -0.09247288
v 0.09088068 0.37640181 -0.06511897
v 0.10867609 0.37427866 -0.06407543
v 0.10030916 0.37925503 -0.04489583
v 0.07978084 0.37992376 -0.05755551
v 0.12165308 0.37203303 -0.06999752
v 0.12345618 0.37726325 -0.05233750
v 0.12890038 0.36664128 -0.08815745
v 0.13586137 0.37146443 -0.07001285
v 0.14586475 0.36334720 -0.09008239
v 0.15360764 0.36527926 -0.08042628
v 0.16067289 0.36390728 -0.08111765
v 0.15748426 0.36279446 -0.08692414
v 0.16388437 0.36072546 -0.08750231
v 0.15093458 0.37061897 -0.06230088
v 0.16312674 0.36881185 -0.06141721
v 0.15747760 0.37481415 -0.04714501
v 0.17892249 0.36822101 -0.04510128
v 0.13407199 0.37699503 -0.05182760
v 0.18454939 0.36052603 -0.07007666
v 0.18606018 0.35902089 -0.07310416
v 0.19062801 0.35750124 -0.07236896
v 0.19377255 0.35749555 -0.06624428
v 0.18718569 0.35975549 -0.07008095
v 0.18605751 0.36253330 -0.06003003
v 0.20791334 0.35411650 -0.05250710
v 0.21463107 0.35069224 -0.05249055
v -0.12853804 0.39396334 -0.04545887
v -0.07135803 0.40240878 -0.04956969
v -0.04995786 0.40409315 -0.04505346
v -0.04274519 0.40334567 -0.04715594
v -0.03714491 0.40328264 -0.04423996
v -0.01414134 0.40092051 -0.04879594
v 0.04308916 0.39236423 -0.04453451
v -0.16087732 -0.39260226 -0.01304626
v -0.15721944 -0.39195254 -0.02638942
v -0.15722822 -0.38957068 -0.04156698
v -0.14740945 -0.39463788 -0.03666887
v -0.15131295 -0.39706257 -0.01304740
v -0.13727525 -0.40252757 -0.01868596
v -0.13735466 -0.40270019 -0.00748769
v -0.10751513 -0.40695933 -0.02669220
v -0.11828178 -0.40593630 -0.01697487
v -0.11820537 -0.40607980 -0.00918776
v -0.11148772 -0.40808836 -0.01304582
v -0.10672931 -0.40619493 0.00214359
v -0.10977304 -0.40435892 -0.04157677
v -0.12864682 -0.40106168 -0.03520925
v -0.10006785 -0.40636277 -0.04158023
v -0.05722770 -0.41386735 -0.01308993
v -0.05722475 -0.41386169 -0.01297377
v -0.08810585 -0.41142315 -0.01773092
v -0.07527053 -0.41185910 -0.04158567
v -0.05974579 -0.41375008 -0.01303136
v -0.08648051 -0.41231674 -0.01304114
v -0.08510871 -0.41247788 -0.01368568
v -0.08499901 -0.41226062 -0.01228705
v -0.08855020 -0.41097271 -0.00744543
v -0.05878756 -0.41374820 -0.01626131
v -0.05710674 -0.41387081 -0.01303040
v -0.05704086 -0.41387537 -0.01328501
v -0.05349419 -0.41374615 -0.01302957
v -0.05739492 -0.41374850 -0.01257645
v -0.05708397 -0.41383219 -0.01286248
v -0.06959666 -0.41280428 -0.04158666
v -0.07148167 -0.41273567 -0.04108103
v -0.04290055 -0.41371456 -0.04158427
v -0.02940666 -0.41290927 -0.01466813
v -0.01945375 -0.41114235 -0.04158564
v -0.02902587 -0.41284621 -0.01302395
v -0.02812918 -0.41282424 -0.01347752
v -0.02805647 -0.41268051 -0.01249817
v -0.03024739 -0.41206813 -0.00969178
v 0.00614235 -0.40754312 -0.02535112
v -0.00253480 -0.40867501 -0.01554462
v -0.00286452 -0.40801245 -0.01017109
v 0.00288976 -0.40791303 -0.01302503
v 0.01069710 -0.40301630 0.00839159
v -0.00592803 -0.40950274 -0.04158709
v -0.01432339 -0.41070083 -0.04008478
v 0.01424834 -0.40599009 -0.04158831
v 0.01931945 -0.40447193 -0.03146228
v 0.02411273 -0.40433195 -0.04158393
v 0.02313372 -0.40285778 -0.01302032
v 0.03441548 -0.40196246 -0.01887524
v 0.03512944 -0.40054718 -0.00643789
v 0.01602579 -0.40118101 0.01205959
v 0.05037553 -0.40018833 -0.01974661
v 0.04965747 -0.39875048 -0.00553385
v 0.06515457 -0.39761567 -0.01298888
v 0.04282705 -0.40166706 -0.03556983
v 0.06641118 -0.39687169 -0.03905229
v 0.07140920 -0.39603871 -0.03488823
v 0.07140847 -0.39606813 -0.04154482
v 0.08063105 -0.39475203 -0.03692935
v 0.07657173 -0.39541033 -0.01297883
v 0.09620835 -0.39264613 -0.02345609
v 0.09738913 -0.39030194 -0.00128317
v 0.10316560 -0.39140075 -0.02407009
v 0.10214452 -0.38936529 -0.00081071
v 0.12632613 -0.38958895 -0.01293446
v 0.09999574 -0.39190519 -0.03065780
v 0.11100060 -0.39056045 -0.03272508
v 0.12858734 -0.38923934 -0.02128369
v 0.12858810 -0.38928539 -0.04149636
v 0.15254742 -0.38737357 -0.02950979
v 0.13067144 -0.38923347 -0.01293094
v 0.15612239 -0.38717461 -0.02613679
v 0.15601029 -0.38743556 0.00019549
v 0.15814656 -0.38699493 -0.02622638
v 0.15826993 -0.38723701 0.00029592
v 0.15717864 -0.38698396 -0.02815441
v 0.16033031 -0.38663599 -0.02876516
v 0.18577868 -0.38321215 -0.04145652
v -0.21584950 -0.34392738 -0.03865224
v -0.20654362 -0.35674018 -0.01305036
v -0.22153558 -0.34252280 -0.01305699
v -0.21505642 -0.34318969 0.01404864
v -0.21603800 -0.34328747 -0.04158197
v -0.20221330 -0.36102238 -0.01304861
v -0.21438387 -0.34465909 -0.04158162
v -0.20258777 -0.35924917 -0.01806663
v -0.19500938 -0.36133263 -0.04157401
v -0.19554158 -0.36579385 -0.01757143
v -0.18156770 -0.37684509 -0.02309021
v -0.18579677 -0.37125200 -0.03431745
v -0.17013682 -0.38528085 -0.01949447
v -0.17540041 -0.38008666 -0.03249478
v -0.19494553 -0.36697340 -0.00793381
v -0.18208256 -0.37790233 -0.00246984
v -0.17144352 -0.38528243 -0.00593858
v -0.18576792 -0.37167853 0.00802431
v -0.17557317 -0.38018841 0.00631756
v -0.22468692 -0.33732077 -0.03644294
v -0.20294091 -0.35961348 -0.00730254
v -0.15720111 -0.39287138 0.00214007
v -0.14911015 -0.39550838 0.01146425
v -0.12861790 -0.40291470 0.01005651
v -0.07144404 -0.40648580 0.01189250
v -0.01428572 -0.40605712 0.01170439
v 0.04284369 -0.39801335 0.00772502
v 0.06153789 -0.39446270 0.01064368
v 0.07141492 -0.39393032 0.00466937
v 0.08885613 -0.39066306 0.00689021
v 0.10000273 -0.38946569 0.00352017
v 0.10692678 -0.38854390 0.00479641
v 0.12858997 -0.38870192 -0.00567295
v 0.17011985 -0.38507164 -0.02072547
v 0.17097238 -0.38508150 -0.00550051
v 0.15283997 -0.38725367 0.00354671
v 0.15719095 -0.38724408 0.00245749
v 0.16014187 -0.38655576 0.00284973
v 0.15719271 -0.38508603 0.01306833
v 0.18463415 -0.38277134 -0.01289395
v 0.18579037 -0.38275298 -0.01754676
v 0.18733183 -0.38200811 -0.01289229
v 0.18579164 -0.38141087 -0.00554176
v 0.20177253 -0.37877947 -0.03346485
v 0.20969370 -0.37570673 -0.02247319
v 0.22215705 -0.36958951 -0.01940244
v 0.21438880 -0.37349623 -0.03295378
v 0.20940229 -0.37513253 -0.00358420
v 0.22248423 -0.36895031 -0.00666981
v 0.19705161 -0.37644291 0.01005347
v 0.21439373 -0.37012863 0.00889574
v 0.23274235 -0.36462849 -0.01286717
v 0.23488811 -0.36272556 -0.02524095
v 0.24377397 -0.35655665 -0.01286410
v 0.23419209 -0.36204132 -0.00188688
v 0.23071355 -0.36467844 -0.04143174
v 0.24298292 -0.35740766 -0.04143488
v 0.25189114 -0.35116422 -0.02365072
v 0.25570109 -0.34861386 -0.04143704
v 0.25354448 -0.34908232 -0.01286685
v 0.26507944 -0.34098506 -0.02066176
v 0.27047905 -0.33020023 0.00031655
v 0.24929640 -0.34858111 0.00310735
v 0.27453911 -0.33393246 -0.02419269
v 0.27193931 -0.32873610 0.00104863
v 0.27157086 -0.33622763 -0.03127367
v 0.27797356 -0.33120149 -0.03035932
v -0.30165607 -0.27197582 -0.02819205
v -0.30085462 -0.27278936 -0.02657676
v -0.27953774 -0.29346204 -0.02556842
v -0.26970714 -0.29969180 -0.01308577
v -0.29791015 -0.27543756 -0.02524900
v -0.28075194 -0.28968394 -0.01309422
v -0.27472430 -0.28868312 0.00893882
v -0.28370708 -0.29152516 -0.04163748
v -0.30004752 -0.27380651 -0.02870329
v -0.26126045 -0.30776924 -0.01308012
v -0.27151930 -0.30336386 -0.04162677
v -0.26444721 -0.30690187 -0.02751018
v -0.26361784 -0.31000724 -0.04162004
v -0.24652496 -0.32105938 -0.02376192
v -0.24154551 -0.32540438 -0.02593246
v -0.24295093 -0.32490715 -0.02898647
v -0.23816016 -0.32820612 -0.02494075
v -0.24019705 -0.32683188 -0.02870797
v -0.24756590 -0.31894213 -0.00343302
v -0.24099207 -0.32433939 -0.00072512
v -0.23651348 -0.32820281 -0.00199349
v -0.21873626 -0.34027418 0.01328975
v -0.24291886 -0.32083195 0.00489446
v -0.23826173 -0.32587570 0.00353807
v -0.26177913 -0.30425644 -0.00393283
v 0.28035396 -0.32800555 -0.02276946
v 0.29979873 -0.31389609 -0.04128179
v 0.27278635 -0.32800901 0.00080657
v 0.27157536 -0.32889369 0.00185480
v 0.27223590 -0.32833925 0.00174238
v 0.27157483 -0.32800925 0.00461646
v 0.27357504 -0.32700986 0.00241162
v 0.29331458 -0.31437135 -0.01288117
v 0.30006251 -0.31366271 -0.04131221
v 0.30736309 -0.29945552 -0.01288662
v 0.29513884 -0.30874458 0.00569795
v 0.30006599 -0.31369832 -0.04144768
v 0.30013028 -0.31362131 -0.04144767
v 0.31143308 -0.29647690 -0.01884705
v 0.31692052 -0.29356763 -0.04144894
v 0.31201279 -0.29465836 -0.01288803
v 0.32555407 -0.27719393 -0.02402182
v 0.30982223 -0.29486921 -0.00370584
v 0.32941747 -0.27232784 -0.02645602
v 0.32870382 -0.27364185 -0.02854062
v 0.33000791 -0.27155197 -0.02782119
v -0.33480304 -0.23459001 -0.02926075
v -0.32607007 -0.24263957 -0.01315155
v -0.33651537 -0.23000053 -0.01316021
v -0.33017641 -0.23000860 0.01213067
v -0.33729246 -0.23271203 -0.04171902
v -0.30235761 -0.27117175 -0.02623123
v -0.31846297 -0.25097537 -0.01314326
v -0.30437452 -0.26900792 -0.02955649
v -0.32859308 -0.24204338 -0.04170895
v -0.32080692 -0.24913362 -0.02614879
v -0.31988326 -0.25254667 -0.04169715
v -0.30002585 -0.27117342 -0.01006889
v -0.30175161 -0.26770040 -0.00057893
v -0.29945406 -0.27005672 0.00060371
v -0.29835543 -0.27117416 0.00033520
v -0.29207265 -0.27513558 0.00513962
v -0.30001062 -0.26869217 0.00240409
v -0.29853249 -0.27043456 0.00190390
v -0.34761184 -0.21884090 -0.03220683
v -0.31925756 -0.24761325 -0.00319179
v 0.32851198 -0.27090320 0.00129633
v 0.32869250 -0.27090293 -0.00145800
v 0.33038577 -0.27090049 -0.02632913
v 0.33145380 -0.26952580 -0.02854451
v 0.32861573 -0.27075222 0.00131038
v 0.32914284 -0.27000141 0.00093482
v 0.32827440 -0.27111167 0.00159453
v 0.32854220 -0.27082875 0.00146040
v 0.32869130 -0.27060971 0.00153263
v 0.34548944 -0.24734759 -0.01289747
v 0.34678131 -0.24613491 -0.02047526
v 0.34905681 -0.24234740 -0.01289925
v 0.34657574 -0.24593848 -0.00572153
v 0.34576946 -0.25087059 -0.04145481
v 0.35728070 -0.23210034 -0.04145770
v 0.35884321 -0.22962743 -0.03833348
v 0.35931158 -0.22907968 -0.04145808
v 0.36108774 -0.22616300 -0.03955779
v 0.36105460 -0.22133374 -0.01290886
v 0.35753420 -0.22833887 0.01511412
v -0.36899182 -0.19145463 -0.04174903
v -0.35458106 -0.20902693 -0.02492693
v -0.35711372 -0.20709915 -0.03095397
v -0.35040611 -0.21408738 -0.02409929
v -0.35288405 -0.21197180 -0.02957222
v -0.35351562 -0.20692919 -0.00247371
v -0.34787554 -0.21409243 -0.00350075
v -0.33360296 -0.22583848 0.01287084
v -0.35709083 -0.19839312 0.00895422
v -0.34894443 -0.21002015 0.00518828
v -0.37762782 -0.17523497 -0.04175944
v -0.38565373 -0.15511043 -0.04177608
v -0.38066322 -0.16871269 -0.03926503
v -0.36881688 -0.18551651 -0.01318982
v -0.36953753 -0.18551607 -0.01687724
v -0.37031785 -0.18339254 -0.01425274
v -0.37016061 -0.18308105 -0.01197470
v -0.36760142 -0.18551877 -0.00564005
v 0.36613888 -0.21378925 -0.01733625
v 0.36597514 -0.21378964 -0.00856895
v 0.37229887 -0.20701376 -0.03396825
v 0.38313261 -0.18659344 -0.04148448
v 0.37611121 -0.19429427 -0.01745470
v 0.37602675 -0.19413196 -0.00847657
v 0.35791153 -0.22775388 0.01532179
v 0.37082279 -0.20628172 0.00886661
v 0.38424778 -0.18442541 -0.04148582
v 0.38079405 -0.18523403 -0.01292945
v 0.38299164 -0.18523109 -0.03575005
v 0.38227722 -0.18523666 0.00845214
v 0.39039943 -0.16573793 -0.02268570
v 0.38999325 -0.16491896 -0.00278169
v 0.38586128 -0.17938510 -0.03856560
v 0.39329475 -0.16038907 -0.03093112
v -0.38954625 -0.14457372 -0.03983787
v -0.38571432 -0.14267808 0.01529793
v -0.39183697 -0.13642713 -0.02941055
v -0.39551345 -0.12391668 -0.02206584
v -0.39382115 -0.12833369 -0.01323831
v -0.39630908 -0.12110341 -0.01324696
v -0.38583925 -0.14243229 0.01492740
v -0.39528781 -0.12369864 -0.00398132
v -0.39121249 -0.13983819 -0.04179217
v -0.39748165 -0.11995483 -0.04181850
v -0.38564840 -0.15167943 -0.02369399
v -0.38316402 -0.15692770 -0.01445096
v -0.38280308 -0.15692863 -0.01178603
v -0.38411164 -0.15385446 -0.01321112
v -0.38563439 -0.14309265 0.01442958
v -0.37539965 -0.16610613 0.01024001
v -0.39980716 -0.10694673 -0.03475034
v 0.39435267 -0.15667562 -0.02298024
v 0.39645672 -0.15138169 -0.03251416
v 0.39356762 -0.15667789 -0.00251036
v 0.38586569 -0.17717524 0.01158617
v 0.39305049 -0.16026670 0.00492439
v 0.39621055 -0.15151314 0.00649747
v 0.40232527 -0.13244049 -0.01295080
v 0.40300664 -0.13096148 -0.01864063
v 0.40557429 -0.12270498 -0.02377217
v 0.40436548 -0.12811635 -0.01295143
v 0.40323907 -0.13119091 -0.00680433
v 0.40681106 -0.12147790 0.00032211
v 0.40256035 -0.13646187 -0.04150257
v 0.40801862 -0.11704428 -0.04150855
v 0.40948802 -0.11135759 -0.03903441
v 0.41445255 -0.10364639 -0.02113740
v 0.41444719 -0.09862475 -0.04152039
v 0.41590977 -0.10246815 -0.01296558
v -0.40555209 -0.08242922 -0.01892524
v -0.40177438 -0.09974167 -0.02134162
v -0.40289986 -0.09408189 -0.03321790
v -0.40515217 -0.08163765 -0.00805506
v -0.40093744 -0.09974244 -0.00561894
v -0.39844880 -0.10762736 0.00889202
v -0.40163100 -0.09345834 0.00728638
v -0.41765833 -0.04430057 -0.02932025
v -0.40829808 -0.07115631 -0.01329997
v -0.41637596 -0.04693683 -0.02540411
v -0.41574723 -0.04570741 -0.00057968
v -0.40934318 -0.07115141 -0.03214032
v -0.40737396 -0.07115909 0.00163403
v -0.40905327 -0.07372947 -0.04186220
v -0.41026878 -0.06917831 -0.04186510
v -0.41420019 -0.05562804 -0.03411266
v 0.41089064 -0.11205664 0.01381046
v 0.42634058 -0.07099887 -0.01298230
v 0.41681764 -0.09956076 -0.01414702
v 0.41715759 -0.09956063 -0.01161658
v 0.42164379 -0.08519021 -0.01297476
v 0.41445723 -0.10475306 -0.00258184
v 0.41915613 -0.08763103 -0.03917561
v 0.42429748 -0.07543951 -0.02185968
v 0.42023173 -0.08238990 -0.04152877
v 0.42036384 -0.08823353 0.01263136
v 0.42628208 -0.06854185 -0.01789496
v 0.42459685 -0.06179090 -0.04153527
v 0.42737770 -0.05025446 -0.03507892
v 0.42690283 -0.06732395 -0.01298423
v 0.42469239 -0.07504720 -0.00488515
v 0.42665833 -0.06891575 -0.00881894
v -0.41821152 -0.04256754 -0.02557705
v -0.41705221 -0.04257318 -0.00044981
v -0.41902706 -0.04014625 -0.03000572
v -0.42570865 -0.01975421 -0.04186432
v -0.42642909 -0.01803878 -0.01531724
v -0.42566997 -0.01955665 -0.01051058
v -0.41645914 -0.04371434 0.00212698
v -0.41418082 -0.04957960 0.00448816
v -0.41722670 -0.04104748 0.00251238
v -0.41417000 -0.04257796 0.02516028
v -0.42972690 -0.00620101 -0.04185970
v -0.43291491 0.00521049 -0.03694597
v -0.42778566 -0.01398962 -0.01329145
v -0.42777336 -0.01398938 -0.01464407
v -0.42801812 -0.01312756 -0.01372185
v -0.42794964 -0.01299150 -0.01279205
v -0.42749700 -0.01398979 -0.01138752
v 0.42981407 -0.04243623 -0.02067284
v 0.43279326 -0.04243460 -0.00382690
v 0.42943943 -0.03565542 -0.03405466
v 0.42871901 -0.02102516 -0.04155443
v 0.43189111 -0.02019714 -0.01616661
v 0.43308222 -0.02257441 -0.00865701
v 0.43182337 -0.04803422 0.00688358
v 0.43405473 -0.03795268 0.00576155
v 0.42953402 -0.00714899 -0.04156680
v 0.42812383 0.00723685 -0.03474215
v 0.43266001 -0.01387631 -0.01300992
v 0.43164951 -0.01387737 -0.01884694
v 0.43121737 -0.00890324 -0.01549938
v 0.43155938 -0.00822131 -0.01018775
v 0.43249387 -0.01387595 -0.00548728
v -0.43905506 0.04317547 -0.01325685
v -0.43338919 0.01459295 -0.01794162
v -0.43240976 0.01459223 -0.00812729
v -0.43559343 0.02883635 -0.01326652
v -0.43742090 0.02623253 -0.03919441
v -0.43817112 0.03342793 -0.03274824
v -0.43767092 0.03140325 -0.04183856
v -0.42984882 0.00673464 0.00885442
v -0.43282872 0.02393985 0.01035409
v -0.43746269 0.05220073 -0.03131184
v -0.43668947 0.05443403 -0.04181711
v -0.43637374 0.06062311 -0.03863910
v -0.43744650 0.06121295 -0.01324518
v -0.43582109 0.03577063 0.00153145
v -0.43739074 0.05214923 0.00469004
v 0.42369294 0.04324785 -0.01304661
v 0.42880303 0.01468364 -0.02020189
v 0.42992964 0.01468392 -0.00529491
v 0.42509288 0.03595779 -0.01304246
v 0.42529845 0.02353320 -0.03616532
v 0.42357925 0.03809110 -0.02335001
v 0.42357486 0.03352479 -0.04159502
v 0.43057367 0.00846168 0.00747311
v 0.42895341 0.02171755 0.00827428
v 0.42183453 0.05014053 -0.02685008
v 0.42076352 0.05435731 -0.04161346
v 0.41445351 0.08072812 -0.04163673
v 0.41960570 0.06009262 -0.03904035
v 0.41997904 0.06077538 -0.01305894
v 0.42470863 0.03921820 -0.00498527
v 0.42109191 0.05090000 0.00225071
v -0.43635044 0.07174388 -0.01642117
v -0.43575624 0.07174648 -0.00975953
v -0.43152821 0.08041909 -0.03620847
v -0.42581797 0.09447229 -0.04180487
v -0.42756844 0.09856982 -0.01411311
v -0.42746794 0.09837116 -0.01227236
v -0.43567210 0.06097461 0.01180254
v -0.43320256 0.08128080 0.01057425
v -0.42307279 0.10475409 -0.04180838
v -0.41649568 0.12771450 -0.02869433
v -0.42696336 0.10031138 -0.01324251
v -0.42661941 0.10030989 -0.01688323
v -0.42233413 0.11253615 -0.01935877
v -0.41657203 0.12404464 -0.00138401
v -0.42639881 0.10031138 -0.00916688
v 0.41320139 0.08544774 -0.04101369
v 0.41226700 0.08496337 0.01437267
v 0.41287768 0.08765452 -0.03848116
v 0.40714091 0.10729715 -0.02698595
v 0.41003817 0.10035074 -0.01308450
v 0.40608999 0.11211747 -0.01309255
v 0.41148615 0.08906806 0.00948435
v 0.40694934 0.10708599 0.00039588
v 0.41254646 0.08702849 -0.04164193
v 0.40366849 0.10923065 -0.04165935
v 0.41445902 0.08205579 -0.03359672
v 0.41774309 0.07179829 -0.01470263
v 0.41729164 0.07179829 -0.01165531
v 0.41651276 0.07588178 -0.01306884
v 0.41447717 0.07957028 0.00247729
v 0.41821584 0.05939818 0.01362400
v 0.40002447 0.12185019 -0.03444241
v -0.41647837 0.12887616 -0.02638145
v -0.41453159 0.12887976 0.00084326
v -0.41602951 0.12980308 -0.02846072
v -0.41536209 0.13125227 -0.02634635
v -0.41417670 0.13425028 -0.03022002
v -0.41434944 0.12926939 0.00083699
v -0.41463274 0.12864052 0.00127124
v -0.41447932 0.12904237 0.00119430
v -0.41414809 0.12887783 0.01066759
v -0.41415438 0.12958808 0.00138568
v -0.40162015 0.15745029 -0.01325546
v -0.40191144 0.15744883 -0.01728666
v -0.40079334 0.15924796 -0.01415375
v -0.40071371 0.15909159 -0.01243533
v -0.40140203 0.15745029 -0.01023434
v -0.40595549 0.15332440 -0.04181240
v -0.40271741 0.16318008 -0.04181307
v -0.39643788 0.17713340 -0.03641234
v -0.38564351 0.19700432 -0.04181413
v 0.38543794 0.15721931 -0.04169924
v 0.39293534 0.14291716 -0.02038881
v 0.38591585 0.15618946 -0.04106368
v 0.39790630 0.12890142 -0.02139597
v 0.39532697 0.13360631 -0.03209882
v 0.39353338 0.14409703 -0.00643456
v 0.39907920 0.12890062 -0.00539698
v 0.40081808 0.12145481 0.00862440
v 0.38593826 0.15592475 0.01467035
v 0.39605033 0.13395424 0.00623154
v 0.38519260 0.15781993 -0.04169993
v 0.37820297 0.18215130 -0.03130333
v 0.38726446 0.15745655 -0.01312693
v 0.38540450 0.15745823 -0.04067484
v 0.38098246 0.17611137 -0.02247538
v 0.38004470 0.17422235 -0.00475503
v 0.38521534 0.15745221 0.01398639
v -0.38838476 0.18602104 -0.01463673
v -0.38814974 0.18602194 -0.01199113
v -0.38958326 0.17372836 0.01330832
v -0.38691115 0.18860252 -0.01325560
v -0.37319720 0.21460123 -0.01325308
v -0.38563442 0.19421938 -0.02964121
v -0.38561773 0.18870139 -0.00790014
v -0.38408813 0.19953133 -0.04103581
v -0.37826365 0.20769030 -0.02706407
v -0.38288835 0.20169024 -0.04181367
v -0.37749383 0.19624928 0.01123950
v -0.37265253 0.21590050 -0.01584778
v -0.37137017 0.22175023 -0.04180931
v -0.35785711 0.24280274 -0.02790496
v -0.37224442 0.21638542 -0.01325219
v -0.36725718 0.22279215 -0.00915601
v -0.37332481 0.21262334 -0.00930236
v -0.37233013 0.21558052 -0.01129497
v -0.35492387 0.23888820 -0.00110540
v 0.36438155 0.21457236 -0.01318659
v 0.35275596 0.23381746 -0.01320914
v 0.35506463 0.22649755 0.01067574
v 0.37717402 0.18601547 -0.02305724
v 0.37538880 0.18601108 -0.00414915
v 0.36776215 0.20674945 -0.01317598
v 0.37415642 0.19190736 -0.03334430
v 0.36632556 0.20922844 -0.02387736
v 0.36789608 0.20555493 -0.04175748
v 0.37680888 0.18144622 0.00570337
v 0.37151903 0.19322824 0.00834444
v 0.36079195 0.22546062 -0.03498200
v 0.36019534 0.22745964 -0.04178755
v 0.35739744 0.23144838 -0.03661146
v 0.35739467 0.23287030 -0.04179326
v 0.35900578 0.22966793 -0.04098326
v 0.36601460 0.20890693 -0.00184302
v -0.35760450 0.24318746 -0.02726142
v -0.35750520 0.24339667 -0.02772865
v -0.35708517 0.24318655 -0.02465975
v -0.35730386 0.24362130 -0.02730301
v -0.35592139 0.24551807 -0.02635416
v -0.35708779 0.24406449 -0.02795732
v -0.35233828 0.24317823 -0.00132534
v -0.35706231 0.23250744 0.00636237
v -0.35263404 0.24095851 0.00325297
v -0.34790510 0.24775644 0.00561753
v -0.33994693 0.26607054 -0.01322687
v -0.33966368 0.26863223 -0.01949041
v -0.33646405 0.27176553 -0.01322432
v -0.33747527 0.26644963 -0.00261591
v -0.34450799 0.26547790 -0.04178215
v -0.32853541 0.28260654 -0.04176980
v -0.32677910 0.28432181 -0.03826454
v -0.32628551 0.28495190 -0.04176809
v -0.32056615 0.29006183 -0.03778676
v -0.32255533 0.28844044 -0.01321706
v -0.32476968 0.28233212 0.00789928
v 0.29933053 0.29824853 -0.01320750
v 0.32693961 0.27073264 -0.04178778
v 0.33636963 0.25813094 -0.02000115
v 0.32886529 0.26850435 -0.04019325
v 0.34622902 0.24313627 -0.01881343
v 0.34410030 0.25075981 -0.03514116
v 0.33611220 0.25760612 -0.00617140
v 0.34572983 0.24313444 -0.00736281
v 0.35113406 0.23199236 0.01223309
v 0.32888398 0.26163119 0.01033700
v 0.33832911 0.24785846 0.00580823
v 0.32259175 0.27483451 -0.04178383
v 0.30032447 0.29676235 -0.02017818
v 0.30031303 0.29402605 -0.04176453
v 0.30673784 0.28918976 -0.03855892
v 0.32644898 0.27168405 -0.01321472
v 0.32652608 0.27169293 -0.03710132
v 0.30294931 0.29499799 -0.01320892
v 0.31879956 0.28007966 -0.01741425
v 0.31877163 0.28001356 -0.00904424
v 0.32259607 0.27168122 0.00277648
v -0.30955100 0.30036303 -0.02269030
v -0.30947047 0.30035353 -0.00370302
v -0.30586267 0.30332446 -0.03043912
v -0.30280104 0.30607253 -0.02463747
v -0.29375115 0.31277150 -0.02128832
v -0.29995504 0.30843800 -0.03151215
v -0.30275786 0.30601561 -0.00175938
v -0.29377159 0.31269330 -0.00508591
v -0.31432953 0.29313889 0.00826238
v -0.30538368 0.30308327 0.00379372
v -0.29990336 0.30034381 0.02772290
v -0.29992428 0.30732653 0.00454991
v -0.28178424 0.32120866 -0.01319748
v -0.27993232 0.32322913 -0.02465149
v -0.26840642 0.32896155 -0.01318901
v -0.27812767 0.32143071 0.00182737
v -0.28377944 0.32087314 -0.04174663
v -0.27138764 0.32804316 -0.04173904
v -0.26106676 0.33294827 -0.02113391
v -0.25811392 0.33663446 -0.04172709
v -0.25940090 0.33360052 -0.01318385
v -0.25221255 0.33872318 -0.01804980
v -0.25259435 0.33794111 -0.00869565
v -0.26050606 0.33238879 -0.00633567
v -0.23814890 0.34824324 -0.02278973
v -0.23774247 0.34744069 -0.00393878
v -0.24280921 0.34634396 -0.03304713
v -0.23198612 0.35214865 -0.03284313
v -0.21424784 0.36016509 -0.04169107
v 0.18605402 0.36684015 -0.04155223
v 0.21365289 0.35697120 -0.02782698
v 0.21429484 0.35678339 -0.02700046
v 0.23979975 0.33974889 -0.03486352
v 0.21522902 0.35626835 -0.02674571
v 0.23681605 0.34465158 -0.01311896
v 0.23733598 0.34022382 -0.04165507
v 0.21463349 0.35646901 -0.02783446
v 0.24320202 0.33689478 -0.04166786
v 0.26204723 0.32398626 -0.04170819
v 0.27883023 0.31439018 -0.02040415
v 0.27176005 0.31761557 -0.03611958
v 0.29685831 0.30024546 -0.01493979
v 0.28541100 0.30708665 -0.03429382
v 0.27907887 0.31487501 -0.00622297
v 0.29706344 0.30024382 -0.01157333
v 0.27177522 0.32099447 0.01146084
v 0.28598610 0.30734766 0.00818547
v 0.25177467 0.33456492 -0.02456226
v 0.26282239 0.32883665 -0.01316812
v 0.26128715 0.32883963 -0.02076076
v 0.25456560 0.33469456 -0.01315347
v 0.25885370 0.33156776 -0.01452371
v 0.25893891 0.33173558 -0.01171513
v 0.26273757 0.32883197 -0.00268259
v 0.30033207 0.29610583 -0.00493643
v 0.30563217 0.28859949 0.01271572
v -0.22138654 0.35755357 -0.01672883
v -0.22074212 0.35754889 -0.00990059
v -0.24278384 0.34271479 0.00850686
v -0.23095807 0.35162476 0.00702075
v -0.21587566 0.36083844 -0.01315086
v -0.21423557 0.36080414 -0.01963854
v -0.21187229 0.36227286 -0.01314692
v -0.21422595 0.36148024 -0.00529335
v -0.20129421 0.36537904 -0.03520983
v -0.19206220 0.37035957 -0.02100690
v -0.17627528 0.37634832 -0.01800367
v -0.18567342 0.37176546 -0.03447689
v -0.19278258 0.37181735 -0.00597804
v -0.17563021 0.37762326 -0.00885535
v -0.20440084 0.36692488 0.01050295
v -0.18564153 0.37548298 0.01010298
v -0.16843654 0.38027498 -0.01310177
v -0.16611917 0.38089147 -0.02361118
v -0.15256567 0.38616121 -0.01307832
v -0.16635564 0.38113865 -0.00309095
v -0.17050579 0.37857157 -0.04164012
v -0.15710793 0.38452989 -0.04162112
v -0.14557330 0.38893893 -0.01860190
v -0.13832480 0.39107236 -0.04159214
v -0.14441976 0.38940999 -0.01306610
v -0.14046191 0.39084467 -0.01539211
v -0.14054434 0.39067128 -0.01081014
v -0.14543204 0.38880301 -0.00779737
v -0.10081875 0.39961189 -0.03977671
v -0.11965252 0.39704722 -0.01844509
v -0.11949403 0.39674538 -0.00774907
v -0.10762875 0.39935347 -0.01300098
v -0.10203035 0.39833263 0.01127765
v -0.10240947 0.39925379 -0.04152506
v -0.12853126 0.39468482 -0.03732917
v -0.09994610 0.39971077 -0.04152040
v -0.09925376 0.39979643 -0.04014101
v -0.09864168 0.39983511 -0.04151831
v -0.09309736 0.40114045 -0.01297827
v -0.07736643 0.40270659 -0.02119981
v -0.07734938 0.40270200 -0.00471984
v -0.09816750 0.39874923 0.01211265
v -0.06613735 0.40440643 -0.02203487
v -0.06611977 0.40440112 -0.00385826
v -0.04701532 0.40617365 -0.01293282
v -0.07134090 0.40312606 -0.03303135
v -0.05052149 0.40437776 -0.03757402
v -0.04272984 0.40521693 -0.03200666
v -0.04273914 0.40473580 -0.04144992
v -0.03478751 0.40445447 -0.03748517
v -0.03884939 0.40705162 -0.01292688
v -0.01872784 0.40554839 -0.02258265
v -0.01774754 0.40746707 -0.00229994
v 0.01378430 0.39977053 -0.04005541
v -0.00939640 0.40533882 -0.02247584
v -0.01035376 0.40728459 -0.00238723
v 0.00946023 0.40468669 -0.01292132
v 0.01281479 0.39963484 -0.04144175
v -0.01412303 0.40411019 -0.03249780
v 0.01447852 0.39947778 -0.04144144
v 0.01524098 0.39970356 -0.03992368
v 0.01787393 0.39876723 -0.04144146
v 0.01985104 0.40404779 -0.01292164
v 0.03570678 0.39995944 -0.01981086
v 0.03713163 0.40277916 -0.00463088
v 0.06305838 0.39177907 -0.02418879
v 0.05203143 0.39688599 -0.01828959
v 0.05065154 0.39965591 -0.00618686
v 0.06225189 0.39579788 -0.01293135
v 0.07140293 0.40008318 0.01493944
v 0.05158685 0.39039683 -0.04144258
v 0.04309123 0.39417604 -0.03744045
v 0.07170689 0.38500565 -0.04145024
v 0.09113950 0.38154691 -0.04146330
v 0.11449949 0.38587564 -0.01308283
v 0.10031220 0.38055772 -0.03869297
v 0.11450876 0.38589394 -0.01286932
v 0.08353922 0.38859817 -0.01788801
v 0.11293170 0.38609958 -0.01296985
v 0.09092127 0.38611704 -0.02272072
v 0.08400255 0.39015231 -0.01294027
v 0.08748715 0.38904086 -0.01440290
v 0.08817007 0.39040315 -0.01080212
v 0.07268824 0.39944595 0.01366837
v 0.11472704 0.38586685 -0.01297168
v 0.11494122 0.38576853 -0.01363082
v 0.11420374 0.38609871 -0.01215818
v 0.11480167 0.38590801 -0.01259151
v 0.11234042 0.38010043 -0.04147797
v 0.14231674 0.38433599 -0.01299425
v 0.12889430 0.38012433 -0.04149213
v 0.14092098 0.38381946 -0.01752029
v 0.14339963 0.37906027 -0.04150505
v 0.14433558 0.38379773 -0.01413715
v 0.16830094 0.37913227 -0.01647219
v 0.15747672 0.37725660 -0.03711230
v 0.18074629 0.36912841 -0.03889645
v 0.14413732 0.38419396 -0.01205220
v 0.16881311 0.38015181 -0.01005719
v 0.14180163 0.38469547 -0.01021845
v 0.14839497 0.38607907 -0.00261094
v 0.17618471 0.37723309 -0.01301758
v 0.16207559 0.38606799 0.00635006
v 0.17852610 0.37929744 0.00047862
v 0.18605387 0.36832809 -0.03466773
v 0.21316707 0.35746130 -0.02660464
v 0.19250178 0.37035832 -0.01303465
v 0.21463284 0.35745859 -0.02054988
v 0.21285236 0.36101252 -0.00058529
v 0.21560150 0.35939220 0.00021739
v 0.21882617 0.35744911 -0.00091494
v 0.21463077 0.36037424 0.00264561
v 0.21710241 0.35868609 0.00241730
v 0.19019878 0.37590498 0.00721618
v 0.24320936 0.34328341 0.01511561
v 0.24333920 0.34320083 0.01534487
v -0.12848125 0.39236158 0.01241278
v -0.07129896 0.40397161 0.00669918
v -0.05178567 0.40501857 0.01105216
v -0.04269397 0.40592849 0.00470930
v -0.03125180 0.40618461 0.00989503
v -0.01408911 0.40777171 0.00482777
v 0.00162090 0.40690422 0.00916992
v 0.01451313 0.40543538 0.00565338
v 0.02333479 0.40484956 0.01119751
v 0.04312207 0.40296325 0.00719425
v 0.10032057 0.39390621 0.01167045
v 0.15748405 0.38890228 0.01411044
v -0.03960546 -0.08701219 0.47072223
v -0.03640674 -0.08860873 0.47550446
v -0.02641466 -0.09968567 0.49270171
v -0.01626218 -0.09967968 0.50088626
v -0.04278242 -0.08705507 0.46905023
v -0.05400468 -0.09104463 0.46668899
v -0.04278353 -0.09032154 0.47230998
v -0.07134430 -0.09972458 0.46520188
v -0.07778752 -0.09650362 0.46123087
v -0.09343867 -0.11077280 0.46906668
v -0.05742893 -0.10667018 0.47963750
v -0.07135137 -0.11875592 0.47706947
v -0.04279124 -0.10672048 0.48683327
v -0.03483070 -0.11561510 0.50088549
v -0.05463059 -0.12581454 0.49596357
v -0.06142624 -0.12827571 0.49219060
v -0.09521176 -0.11634995 0.47230196
v -0.07667636 -0.12828247 0.48295817
v -0.05100379 -0.12826689 0.50087923
v -0.05534414 -0.13001758 0.49738431
v -0.06042409 -0.13494147 0.49754351
v -0.05416923 -0.13411868 0.50087935
v -0.06399244 -0.14207709 0.50087470
v -0.09989560 -0.09311253 0.45695549
v -0.11974126 -0.09536141 0.46237946
v -0.09990068 -0.11271944 0.46973139
v -0.12845185 -0.09971353 0.46929941
v -0.10454381 -0.11168046 0.46998063
v -0.12845746 -0.11608958 0.47840530
v -0.15008210 -0.08889256 0.47577009
v -0.14235213 -0.10665717 0.47964561
v -0.09896952 -0.11493709 0.47043622
v -0.10074223 -0.11484465 0.47062045
v -0.10405339 -0.11607879 0.47230345
v -0.09990329 -0.11799039 0.47230190
v -0.12249094 -0.12827575 0.48425770
v -0.13702965 -0.12827280 0.48945484
v -0.15719117 -0.39022958 0.01550098
v -0.14514725 -0.39352828 0.02151800
v -0.13276640 -0.39358538 0.03395046
v -0.10325274 -0.40273240 0.02196938
v -0.12392955 -0.39457366 0.03445136
v -0.10400452 -0.39321053 0.04407873
v -0.10991146 -0.40445149 0.01551241
v -0.12860541 -0.39860612 0.02310711
v -0.10002762 -0.40509111 0.01551550
v -0.09658204 -0.40293840 0.02239490
v -0.08857155 -0.40521646 0.01552244
v -0.09577073 -0.39368743 0.04408471
v -0.07820071 -0.39873993 0.03657752
v -0.07376848 -0.38990727 0.05603154
v -0.04657017 -0.40318501 0.02296900
v -0.06506345 -0.39793164 0.03618430
v -0.06928369 -0.38947824 0.05624764
v -0.04790515 -0.39530399 0.04411338
v -0.05581638 -0.40594974 0.01553870
v -0.07143813 -0.40390968 0.02045918
v -0.04285758 -0.40612072 0.01554398
v -0.03913106 -0.40319255 0.02299521
v -0.03027534 -0.40575260 0.01554599
v -0.03778080 -0.39532548 0.04411900
v -0.02062293 -0.39786169 0.03617778
v -0.01736655 -0.39135745 0.05532377
v 0.01299022 -0.40072811 0.01813474
v -0.00803265 -0.39767572 0.03609329
v -0.01125174 -0.39123234 0.05538595
v 0.00998315 -0.39375240 0.04413307
v 0.00899546 -0.40208361 0.01555390
v -0.01428344 -0.40346813 0.02068716
v 0.01427951 -0.40122437 0.01555547
v 0.01538844 -0.40054595 0.01777620
v 0.01682027 -0.40070540 0.01555678
v 0.01809676 -0.39279297 0.04413731
v 0.03929791 -0.39222196 0.03340368
v 0.04204584 -0.38672692 0.05764021
v 0.04580973 -0.39107046 0.03283267
v 0.04347719 -0.38641629 0.05779573
v 0.07123806 -0.38546976 0.04416919
v 0.04284171 -0.39303437 0.02590690
v 0.05622479 -0.39181238 0.02317653
v 0.07141508 -0.38569260 0.04301475
v 0.07141500 -0.39220303 0.01559079
v 0.09401111 -0.38809454 0.02690242
v 0.07155980 -0.38540518 0.04416944
v 0.09913795 -0.38682899 0.03076715
v 0.10080229 -0.38669422 0.03070144
v 0.10000408 -0.38709462 0.02890390
v 0.10335181 -0.38676929 0.02823289
v 0.12859371 -0.38698369 0.01564079
v 0.18579023 -0.37833059 0.01567010
v -0.07793149 -0.14369282 0.49316972
v -0.07447167 -0.15063070 0.50087261
v -0.09392562 -0.13658059 0.48426968
v -0.09898173 -0.15497424 0.50085974
v -0.10605453 -0.13642091 0.48458332
v -0.12091205 -0.14172125 0.49414462
v -0.10089674 -0.15489313 0.50085944
v -0.12368764 -0.14727388 0.50085968
v -0.15701576 -0.09163554 0.48472762
v -0.21479394 -0.34293035 0.01640839
v -0.21640827 -0.33240774 0.04404470
v -0.21520762 -0.34290648 0.01548788
v -0.21433420 -0.34371793 0.01548816
v -0.19522381 -0.36146486 0.01549764
v -0.17625536 -0.36633423 0.03925614
v -0.18575433 -0.36717093 0.02071877
v -0.17106664 -0.37794319 0.02244077
v -0.17494863 -0.36373979 0.04756340
v -0.21312259 -0.34367800 0.01790575
v -0.21654740 -0.34136468 0.01659425
v -0.18483041 -0.35673499 0.04405762
v -0.19289558 -0.35673743 0.02979089
v -0.20966962 -0.33745584 0.04404688
v -0.19624782 -0.34920031 0.04028251
v -0.19482243 -0.34637129 0.04923804
v -0.16218254 -0.37524062 0.04405908
v -0.17796120 -0.35673374 0.05711319
v -0.16336061 -0.36478204 0.06018672
v -0.15716955 -0.38205895 0.03763076
v -0.14848912 -0.38526520 0.03972548
v -0.15484208 -0.38063079 0.04405919
v -0.12857927 -0.38524416 0.05096220
v -0.13049389 -0.38140956 0.05642806
v -0.12708142 -0.38225842 0.05685624
v -0.11990018 -0.38523617 0.05401690
v -0.12856928 -0.37865117 0.06164382
v -0.11544752 -0.37867814 0.06491216
v -0.15404755 -0.36790049 0.06644076
v -0.10000407 -0.38941219 0.05246108
v -0.07605791 -0.38753226 0.06069584
v -0.07141823 -0.38824731 0.05989785
v -0.06657411 -0.38762972 0.06080485
v -0.07141624 -0.38521269 0.06564176
v -0.04284737 -0.39074928 0.05522184
v -0.02118899 -0.38864043 0.06186403
v -0.01427836 -0.38942051 0.06053148
v -0.00657006 -0.38903162 0.06227054
v -0.01427705 -0.38518432 0.07367480
v 0.01427683 -0.39046782 0.05474947
v 0.04035528 -0.38638461 0.05967439
v 0.04283885 -0.38625896 0.05899296
v 0.04449589 -0.38596806 0.05926343
v 0.04284215 -0.38514379 0.06527461
v 0.07311496 -0.38511568 0.04502023
v 0.07141513 -0.38534796 0.04463318
v 0.10000612 -0.38510230 0.03804132
v 0.10915515 -0.38509917 0.03448375
v 0.09813416 -0.38136235 0.05660519
v 0.10203826 -0.38106021 0.05645851
v 0.09062919 -0.38042921 0.06316597
v 0.10001305 -0.37967435 0.06120389
v 0.11754064 -0.37636465 0.06725320
v 0.12684837 -0.38159734 0.04421739
v 0.12860045 -0.38256380 0.03914802
v 0.13064718 -0.38101715 0.04422063
v 0.12861170 -0.37693536 0.06057698
v 0.15246201 -0.38273063 0.02757765
v 0.15529539 -0.38129890 0.03184363
v 0.15967667 -0.38014197 0.03242469
v 0.15719447 -0.38190585 0.02835079
v 0.16627464 -0.38056090 0.02541411
v 0.15204200 -0.37479025 0.05336093
v 0.16344440 -0.37264523 0.05229322
v 0.13378082 -0.37341401 0.07021847
v 0.15721372 -0.36900768 0.06658418
v 0.17926608 -0.37206912 0.04423640
v 0.18020312 -0.36523893 0.06163129
v 0.18579096 -0.37581056 0.02565238
v 0.19511649 -0.36648583 0.04424673
v 0.19401334 -0.37492871 0.01978203
v 0.20418409 -0.36472481 0.04016519
v 0.21439371 -0.36684418 0.02083544
v 0.20313820 -0.36263591 0.04729689
v 0.21706453 -0.35655740 0.04426355
v 0.19422786 -0.36241335 0.05598181
v 0.20629464 -0.35655114 0.05664900
v 0.22400600 -0.35655832 0.03490500
v 0.23510489 -0.35015619 0.03145368
v 0.22658968 -0.35236582 0.04216941
v 0.22578675 -0.35076171 0.04716630
v 0.23381096 -0.34633052 0.04426861
v 0.22652778 -0.36261660 0.01569774
v 0.24299020 -0.35103127 0.01570213
v 0.24647433 -0.34576690 0.02266723
v 0.24964389 -0.34561092 0.01570316
v 0.25857267 -0.33450407 0.02348647
v 0.24755843 -0.33713365 0.04426905
v -0.16368586 -0.09969279 0.49751669
v -0.27311367 -0.28708324 0.01879223
v -0.27393714 -0.27619132 0.04401753
v -0.27460301 -0.28699571 0.01546204
v -0.27145481 -0.28976262 0.01546435
v -0.25416291 -0.30530009 0.01547379
v -0.23765020 -0.31775665 0.03498600
v -0.24289162 -0.31593233 0.02361713
v -0.22298244 -0.32820228 0.03970739
v -0.23441026 -0.32396591 0.02552374
v -0.23566365 -0.31383133 0.05112956
v -0.21997947 -0.32820189 0.04688423
v -0.22284400 -0.31821308 0.06831902
v -0.26480263 -0.29204351 0.02873883
v -0.27951756 -0.28139195 0.01949344
v -0.25155953 -0.29966944 0.04403033
v -0.25370991 -0.29967073 0.03714643
v -0.26305735 -0.28784907 0.04402355
v -0.25540081 -0.29618695 0.04228368
v -0.25490269 -0.29520169 0.04626290
v -0.24263507 -0.29966724 0.07221734
v -0.21429548 -0.33130729 0.05026071
v -0.20010762 -0.33539069 0.06552723
v -0.18570334 -0.34606838 0.06727216
v 0.21438888 -0.34721795 0.06816032
v 0.23371589 -0.33765095 0.06820038
v 0.26116908 -0.32800785 0.03518078
v 0.25620094 -0.32800436 0.05087032
v 0.24298194 -0.33496523 0.05820074
v 0.26686850 -0.32566240 0.02762911
v 0.26871055 -0.32229817 0.03283615
v 0.28041768 -0.31031883 0.03882591
v 0.27156827 -0.32169810 0.02681994
v 0.26674664 -0.31838602 0.05373080
v 0.28253329 -0.30608228 0.04756987
v 0.25753057 -0.32099551 0.06555498
v 0.27155480 -0.30810195 0.06849179
v 0.28754726 -0.30285928 0.04425506
v 0.28967375 -0.30328390 0.03660493
v 0.29129905 -0.29946190 0.04425321
v 0.28765529 -0.30126908 0.04787198
v 0.29505903 -0.29024905 0.06267443
v 0.29091614 -0.30913043 0.01568761
v 0.30013216 -0.30125296 0.01568302
v 0.30660558 -0.29166341 0.02863497
v 0.31073472 -0.29048777 0.01567830
v 0.32250598 -0.27400315 0.02685578
v 0.30763260 -0.28591990 0.04423792
v -0.16659270 -0.09969269 0.50084394
v -0.15701756 -0.10373281 0.49278271
v -0.16185367 -0.10935651 0.50085115
v -0.14729421 -0.12370792 0.49174398
v -0.32942805 -0.22926514 0.01719444
v -0.32950467 -0.21609277 0.04396637
v -0.33014706 -0.22917728 0.01540669
v -0.32853612 -0.23093548 0.01540766
v -0.31248355 -0.24888438 0.01542025
v -0.29446346 -0.26015845 0.03522515
v -0.29998228 -0.26016384 0.02420480
v -0.28257376 -0.27115589 0.03843173
v -0.29242393 -0.26738793 0.02594034
v -0.29200429 -0.25527918 0.05033077
v -0.27834305 -0.27115104 0.04748269
v -0.28007600 -0.26123214 0.06821826
v -0.32533801 -0.23156124 0.02179732
v -0.33158916 -0.22684480 0.01693298
v -0.30550706 -0.24263048 0.04398725
v -0.30988032 -0.24263430 0.03525533
v -0.32501358 -0.22108263 0.04397054
v -0.31153411 -0.23723239 0.04127944
v -0.31070352 -0.23558292 0.04751005
v -0.29831636 -0.24262522 0.06933049
v -0.27140069 -0.27588937 0.05351410
v -0.26153046 -0.28048417 0.06765480
v -0.24282494 -0.29937589 0.07245174
v 0.29855901 -0.28440756 0.07201432
v 0.32379055 -0.27091175 0.03239656
v 0.31959936 -0.27091253 0.05395832
v 0.30012071 -0.28369248 0.06980319
v 0.32614458 -0.26963878 0.02867180
v 0.32701015 -0.26754943 0.03162577
v 0.33761948 -0.25306949 0.03885430
v 0.32869232 -0.26627398 0.02762472
v 0.32538790 -0.26430893 0.05519564
v 0.33997411 -0.24836338 0.04721023
v 0.32078713 -0.26696303 0.06244950
v 0.32869202 -0.25796357 0.06496681
v 0.34393242 -0.24426353 0.04420361
v 0.34454003 -0.24391678 0.04108278
v 0.34567553 -0.24235685 0.04420210
v 0.34415495 -0.24353297 0.04655436
v 0.34875685 -0.23658143 0.05574927
v 0.34335157 -0.24967942 0.01565347
v 0.35726938 -0.22873001 0.01564281
v 0.35754883 -0.22835411 0.01620098
v 0.35762647 -0.22825311 0.01564262
v 0.35804430 -0.22768770 0.01602911
v 0.36111778 -0.22148441 0.04418702
v -0.15354699 -0.12826690 0.50085962
v -0.13847016 -0.13680255 0.49660045
v -0.13577434 -0.14219722 0.50086045
v -0.14558072 -0.13111834 0.49516922
v -0.14710514 -0.13701069 0.50086117
v -0.36251619 -0.18824449 0.01537908
v -0.34866127 -0.19727769 0.03807930
v -0.35708383 -0.19446397 0.01984917
v -0.33190006 -0.21409787 0.04226886
v -0.34513724 -0.20812580 0.02370270
v -0.34717894 -0.19432694 0.04833908
v -0.33076358 -0.21409817 0.04509342
v -0.33456996 -0.20285569 0.06947636
v -0.36613473 -0.18099460 0.01537343
v -0.38563395 -0.14282265 0.01533824
v -0.37372905 -0.16527694 0.02131532
v -0.35476124 -0.18553528 0.04394159
v -0.36165044 -0.18553013 0.02451898
v -0.36544535 -0.17372271 0.03803008
v -0.36401820 -0.17088073 0.05125842
v -0.35245076 -0.18553774 0.06329578
v -0.32850376 -0.21596248 0.04769962
v -0.31666014 -0.22244915 0.06662053
v -0.29992515 -0.24015442 0.07131588
v 0.35456109 -0.22673166 0.07139458
v 0.36698312 -0.21379548 0.03933236
v 0.36775050 -0.21379751 0.04941481
v 0.35726473 -0.22388168 0.06434749
v 0.37219682 -0.20697433 0.02308037
v 0.38174310 -0.18729669 0.01561993
v 0.37773007 -0.19755584 0.03801735
v 0.37814432 -0.19838861 0.05074535
v 0.37179899 -0.20677853 0.06547136
v 0.38344815 -0.18403134 0.01561859
v 0.38667977 -0.18523648 0.04417251
v 0.38307300 -0.18523763 0.02119375
v 0.38549846 -0.18522568 0.07201868
v 0.39236349 -0.16966818 0.03638606
v 0.39241320 -0.16976520 0.05190182
v 0.38586518 -0.17821211 0.01912817
v 0.39410168 -0.16079041 0.02577732
v -0.38571522 -0.14267859 0.01537874
v -0.38579479 -0.14247689 0.01565975
v -0.39447844 -0.12291064 0.03301257
v -0.39117059 -0.12835495 0.04388534
v -0.39484119 -0.11820967 0.04387222
v -0.39230329 -0.12075898 0.05907304
v -0.38575608 -0.14257671 0.01533798
v -0.39649647 -0.11948024 0.01531208
v -0.38563386 -0.14278428 0.01563044
v -0.37676638 -0.15694843 0.03948808
v -0.37414205 -0.15695199 0.04966252
v -0.38095498 -0.14759973 0.04390925
v -0.36944607 -0.16315989 0.06440455
v -0.35705116 -0.17794852 0.06870762
v -0.38070422 -0.14512925 0.07001111
v -0.39898238 -0.10736360 0.02197648
v -0.38375497 -0.14080045 0.06873152
v 0.39738101 -0.15667255 0.03564151
v 0.39747405 -0.15087996 0.02408997
v 0.39747858 -0.15666747 0.05264390
v 0.38585433 -0.18429102 0.07226203
v 0.39598662 -0.16172317 0.06350897
v 0.39822754 -0.15048698 0.06462686
v 0.40403643 -0.13585351 0.04415705
v 0.40407640 -0.13202037 0.03634196
v 0.40794426 -0.12034617 0.02861450
v 0.40646169 -0.12811075 0.04415543
v 0.40434858 -0.13228768 0.05252274
v 0.40882343 -0.11945114 0.06146497
v 0.40283358 -0.13659182 0.01560336
v 0.40937734 -0.11637952 0.01559564
v 0.41062015 -0.11192057 0.01751232
v 0.41445610 -0.10005665 0.04314041
v 0.41445798 -0.10206942 0.01558893
v 0.41457903 -0.09979658 0.04415244
v -0.40476596 -0.08090436 0.03898091
v -0.39976358 -0.09975761 0.03678616
v -0.40215760 -0.09372849 0.02355324
v -0.40550232 -0.08239327 0.04945138
v -0.40134853 -0.09976695 0.05171879
v -0.39624420 -0.10875367 0.06711366
v -0.40101147 -0.09318516 0.06471413
v -0.40776849 -0.07117026 0.04384086
v -0.40668818 -0.07116529 0.03026289
v -0.41329530 -0.04432769 0.03042919
v -0.40886790 -0.05319091 0.05281925
v -0.40630278 -0.07117362 0.05666680
v -0.40580752 -0.07535462 0.01527727
v -0.40776110 -0.06794851 0.01527363
v -0.41368768 -0.04281948 0.02931488
v 0.41091359 -0.11204609 0.07095759
v 0.42410296 -0.07099283 0.04414033
v 0.41468528 -0.09955036 0.04403774
v 0.41468734 -0.09955020 0.04426815
v 0.41504255 -0.09837759 0.04415188
v 0.41445592 -0.10019463 0.04544310
v 0.42128548 -0.08869416 0.01899851
v 0.42337543 -0.07635932 0.03341486
v 0.42377588 -0.08062053 0.01558244
v 0.41782764 -0.08694195 0.07103247
v 0.42579588 -0.06805136 0.03825140
v 0.42955929 -0.06426772 0.01557454
v 0.43171635 -0.04808907 0.02419539
v 0.42560023 -0.06471558 0.04413625
v 0.42034677 -0.07937378 0.06093223
v 0.42236775 -0.06461679 0.05688061
v -0.42239171 -0.01811016 0.01527917
v -0.41377008 -0.04178276 0.02995319
v -0.41416788 -0.04112280 0.02882819
v -0.41367128 -0.04257888 0.02980372
v -0.41379055 -0.04238982 0.02936649
v -0.41121700 -0.03669448 0.05517612
v -0.41021425 -0.04258315 0.05614306
v -0.40838718 -0.04547457 0.06100291
v -0.40909934 -0.04005268 0.06064472
v -0.42507404 -0.00852830 0.01528045
v -0.42662841 0.00834570 0.02332550
v -0.41818020 -0.01399453 0.04384045
v -0.42112648 -0.01399323 0.02921672
v -0.42192668 -0.00097484 0.03733981
v -0.41820908 0.00644197 0.05405300
v -0.41218182 -0.01399910 0.06846384
v 0.42714274 -0.01387174 0.04410264
v 0.43115294 -0.04243639 0.03577831
v 0.42660570 -0.04243197 0.05020100
v 0.42695278 -0.01744395 0.04410533
v 0.43395764 -0.03790700 0.02531073
v 0.42751810 -0.01509206 0.04166276
v 0.43276316 -0.01900192 0.01554769
v 0.42033079 -0.05376351 0.06976149
v 0.42187804 -0.03185727 0.06897143
v 0.42757225 -0.01270645 0.04177031
v 0.43308705 -0.00891246 0.01554213
v 0.42935795 0.00785531 0.02297948
v 0.42709690 -0.01058883 0.04409943
v 0.42543131 -0.01717700 0.05072054
v 0.42346001 -0.00859061 0.05465733
v -0.42634994 0.01458971 0.03567009
v -0.41982508 0.01458531 0.05527803
v -0.42973989 0.02239462 0.02177268
v -0.43261194 0.03392771 0.01530054
v -0.42588335 0.03810191 0.04132364
v -0.42280918 0.03195038 0.04944996
v -0.41840842 0.01244591 0.06025849
v -0.41414109 -0.00208475 0.06644333
v -0.41911316 0.01707383 0.06061140
v -0.41412720 0.01457704 0.07723425
v -0.43533370 0.05377676 0.01531144
v -0.43297312 0.06232049 0.02017383
v -0.42550346 0.04315942 0.04385356
v -0.42664126 0.04316055 0.04031720
v -0.42593047 0.04811956 0.04137852
v -0.42364645 0.05267414 0.04861283
v -0.42254952 0.04315358 0.05555519
v 0.41901007 0.04324546 0.04405380
v 0.41256914 0.06799886 0.04404208
v 0.41120064 0.05425461 0.06606377
v 0.42666820 0.01468507 0.03797169
v 0.42476511 0.01468612 0.04923366
v 0.42193216 0.02963619 0.04406317
v 0.42773008 0.02232664 0.02215530
v 0.42246497 0.03697450 0.03152110
v 0.42533594 0.03440445 0.01551163
v 0.41763541 0.00200012 0.07106265
v 0.41638067 0.02801265 0.07166681
v 0.41879308 0.05319628 0.02415327
v 0.41941413 0.05505168 0.01549936
v 0.41447020 0.06600421 0.03245192
v 0.41447833 0.07528352 0.01548644
v 0.41804707 0.05931383 0.01728552
v 0.41621661 0.03071764 0.06912272
v -0.42804760 0.07173827 0.03655092
v -0.42227304 0.07172611 0.05406349
v -0.43010712 0.07973341 0.02161507
v -0.42749733 0.09363492 0.01532273
v -0.42403328 0.09156182 0.03950030
v -0.42108646 0.08567157 0.05117420
v -0.42032897 0.06861012 0.06124613
v -0.42027533 0.07480458 0.06122161
v -0.41409153 0.07170394 0.08488731
v -0.41409785 0.09461081 0.06957954
v -0.42369521 0.10509133 0.01531850
v -0.42115107 0.10029936 0.04386834
v -0.42285317 0.10030518 0.03276080
v -0.41364467 0.12789249 0.03007894
v -0.41148949 0.12361073 0.05551866
v -0.41303387 0.10028326 0.07029045
v -0.41413605 0.12709096 0.02869771
v -0.41359252 0.12860240 0.02931710
v 0.41180083 0.07179916 0.04270525
v 0.41208467 0.08487264 0.01667958
v 0.41085732 0.07180057 0.04584756
v 0.40822005 0.06065519 0.06947579
v 0.40252855 0.08010738 0.06661416
v 0.40728122 0.08619070 0.04403096
v 0.40770799 0.09284779 0.02902777
v 0.40318316 0.10331848 0.03807662
v 0.40319437 0.10034741 0.04402209
v 0.40204123 0.10400979 0.04402049
v 0.40256816 0.09798834 0.04874454
v 0.40182599 0.10196571 0.04725571
v 0.41134202 0.08764194 0.01547823
v 0.40471780 0.10973240 0.01546749
v 0.39961529 0.12205826 0.02289797
v -0.41333833 0.12887378 0.02998705
v -0.41325951 0.12931260 0.02915024
v -0.40972200 0.12886208 0.05594744
v -0.40986338 0.12673499 0.06026534
v -0.40778494 0.13202178 0.06130302
v -0.39927214 0.15627696 0.04386010
v -0.39921623 0.15679924 0.04258933
v -0.39715457 0.16013961 0.03845723
v -0.39878523 0.15743417 0.04385981
v -0.39896399 0.15654753 0.04562937
v -0.39747325 0.15980539 0.04860624
v -0.40306658 0.15190443 0.01530417
v -0.39243245 0.16831598 0.01530087
v -0.38935357 0.17361419 0.01717818
v -0.38558778 0.17943104 0.03069988
v -0.38559949 0.17967941 0.01529862
v -0.38380423 0.18245314 0.04385227
v 0.38529053 0.15712819 0.01543317
v 0.39130104 0.13961942 0.03508805
v 0.38593856 0.15566124 0.01632954
v 0.39563787 0.12889773 0.03457974
v 0.39497927 0.13341755 0.02520819
v 0.39015770 0.13734137 0.05406889
v 0.39347792 0.12890582 0.05451850
v 0.39271766 0.12551881 0.06167979
v 0.38594693 0.14438640 0.06602819
v 0.39140218 0.13164014 0.06102149
v 0.38495490 0.15794447 0.01543242
v 0.37419233 0.18013325 0.02382154
v 0.38210201 0.15745717 0.04400060
v 0.38500673 0.15745255 0.01729857
v 0.37769488 0.16950287 0.03796891
v 0.37703708 0.16818562 0.04935913
v 0.38051149 0.15746593 0.06168358
v -0.39005873 0.17395246 0.07015613
v -0.38181037 0.18600380 0.04196657
v -0.38148642 0.18600105 0.04589679
v -0.38556713 0.17996627 0.05590083
v -0.37656900 0.19578458 0.01981118
v -0.36852175 0.20885718 0.01529728
v -0.36718234 0.20631909 0.03972713
v -0.36689228 0.20574643 0.04826143
v -0.37570429 0.19534129 0.06748614
v -0.36377406 0.21795559 0.01529980
v -0.36065128 0.21457256 0.04385288
v -0.36322761 0.21458659 0.02766311
v -0.35785118 0.21455194 0.07072498
v -0.35151359 0.23209396 0.03510855
v -0.34992117 0.22892419 0.05103173
v -0.35705137 0.22655505 0.02127978
v -0.34848660 0.23888294 0.02530442
v 0.35621235 0.19971073 0.07193532
v 0.35398096 0.22541113 0.02226180
v 0.35573032 0.21457307 0.04396327
v 0.34839696 0.22507584 0.04395626
v 0.35596704 0.20175776 0.06963864
v 0.34978351 0.22122410 0.05725123
v 0.35423899 0.22725944 0.01538168
v 0.37040991 0.18601513 0.03747782
v 0.36906219 0.18601862 0.04981086
v 0.36394164 0.19907102 0.04397346
v 0.35741422 0.19894582 0.06980621
v 0.36872971 0.19462460 0.02107604
v 0.35741413 0.22101948 0.01538778
v 0.36309725 0.20598021 0.02677827
v 0.36534104 0.20426029 0.01540261
v 0.36908054 0.17758450 0.06671575
v 0.35023400 0.23244137 0.01897452
v -0.34379083 0.24316013 0.03621157
v -0.34208590 0.25065562 0.02211276
v -0.34058329 0.24315158 0.04992700
v -0.35700658 0.21559073 0.07189334
v -0.34324893 0.23625073 0.06502605
v -0.33462626 0.25548843 0.04387746
v -0.33381405 0.26280102 0.02599414
v -0.32296404 0.27174634 0.04388333
v -0.33692494 0.26168534 0.01532331
v -0.32844454 0.25486723 0.06731106
v -0.32848364 0.27397075 0.01533014
v -0.32658416 0.25650248 0.07151343
v -0.32139182 0.27895904 0.02948802
v -0.32222515 0.28291923 0.01533440
v -0.31740910 0.27820998 0.04388848
v -0.30084935 0.29844508 0.03056417
v -0.30790120 0.28429776 0.05016000
v -0.32455802 0.26132810 0.06466842
v -0.31821841 0.27579230 0.05197981
v -0.29967833 0.29989579 0.02984029
v -0.29671395 0.29398134 0.05500159
v -0.29990208 0.29977483 0.02933319
v -0.29948390 0.30013397 0.02940825
v 0.27017578 0.29701555 0.05660960
v 0.31174719 0.27167767 0.04393597
v 0.27479193 0.29425600 0.05522791
v 0.29306740 0.28568494 0.04393364
v 0.29361397 0.27923501 0.05903170
v 0.31374085 0.26991650 0.04393588
v 0.31356999 0.27062580 0.04183115
v 0.32215291 0.26831219 0.01536702
v 0.31665927 0.26759729 0.04189516
v 0.33295995 0.25128078 0.03373444
v 0.32888526 0.26045874 0.02098068
v 0.33899033 0.24312592 0.03471744
v 0.33725792 0.24731556 0.02546241
v 0.31844810 0.26401210 0.04777408
v 0.33106434 0.24752253 0.05603279
v 0.33456087 0.24313566 0.05538161
v 0.33661380 0.23926529 0.06210715
v 0.32886130 0.24314275 0.07438574
v 0.32886991 0.24825534 0.06078574
v 0.33236256 0.24488534 0.05997585
v 0.31078598 0.27551270 0.03625925
v 0.31210771 0.28007093 0.01536540
v 0.30034372 0.28919193 0.02184051
v 0.30034095 0.29277319 0.01536140
v 0.30422300 0.28789392 0.01730422
v 0.31241256 0.26947200 0.04835174
v -0.29901969 0.30034295 0.03005805
v -0.29828933 0.30115086 0.02881191
v -0.28948787 0.30033323 0.05297915
v -0.29987979 0.28879553 0.06392875
v -0.29179335 0.29627627 0.06221820
v -0.27749082 0.31268370 0.04390812
v -0.27545166 0.31876206 0.02357814
v -0.27925783 0.31860757 0.01535649
v -0.25897479 0.32506657 0.04392192
v -0.27131045 0.31125221 0.06574114
v -0.27134696 0.32329097 0.01536104
v -0.26029181 0.32568961 0.03743588
v -0.25619394 0.32723361 0.04307510
v -0.25610825 0.32706335 0.04485797
v -0.26784584 0.31288373 0.07074228
v -0.25392449 0.33452487 0.01537343
v -0.25391603 0.32893375 0.04392602
v -0.25467587 0.32893625 0.03918720
v -0.25168860 0.32892519 0.05461885
v -0.23594737 0.34388188 0.03647273
v -0.23558328 0.34316349 0.05104621
v -0.24277520 0.34048277 0.02113978
v -0.22871298 0.35049918 0.02263832
v -0.21420830 0.36169583 0.01539762
v 0.24137445 0.31362927 0.07160904
v 0.21259114 0.35333315 0.05623901
v 0.24527213 0.32884383 0.04396905
v 0.21889362 0.34896153 0.05404829
v 0.23421589 0.33942607 0.04398426
v 0.24065553 0.31714225 0.06738308
v 0.23359841 0.33351630 0.05329657
v 0.26713526 0.30025727 0.05590136
v 0.25387490 0.32158130 0.04395854
v 0.24323675 0.31325880 0.06993758
v 0.25358391 0.32491907 0.03612690
v 0.26526165 0.32556510 0.01537991
v 0.27179337 0.30025253 0.04964646
v 0.26361603 0.31659019 0.03783188
v 0.27556497 0.30781260 0.03343793
v 0.27177790 0.31826124 0.02065053
v 0.28244710 0.30024344 0.03498472
v 0.28289717 0.30579981 0.02409053
v 0.26680937 0.29776448 0.06072631
v 0.27179363 0.29400867 0.06135139
v 0.24346727 0.34287795 0.01592482
v 0.24386495 0.34280741 0.01540897
v 0.24320947 0.34325045 0.01563857
v 0.24320942 0.34329891 0.01540997
v 0.24333055 0.34319645 0.01547025
v -0.21827532 0.35752767 0.04190253
v -0.21793723 0.35752505 0.04582155
v -0.24274261 0.33375108 0.07007356
v -0.22613400 0.34919971 0.06652313
v -0.21525426 0.35966560 0.04394732
v -0.21419027 0.36078247 0.03745007
v -0.21229289 0.36131400 0.04394921
v -0.21418181 0.35975191 0.04839915
v -0.20492457 0.36718920 0.02004194
v -0.19302657 0.37236053 0.03709283
v -0.17530793 0.37815732 0.04000843
v -0.18563056 0.37603533 0.02046535
v -0.19233637 0.37099463 0.05151785
v -0.17586997 0.37701446 0.04853879
v -0.20041400 0.36492765 0.06564304
v -0.18559338 0.37118113 0.06507158
v -0.16818908 0.37986538 0.04399783
v -0.16635340 0.38115722 0.03405519
v -0.16385110 0.37866926 0.05889553
v -0.17334521 0.37999219 0.01543775
v -0.14338243 0.38485575 0.04403136
v -0.15706207 0.38462901 0.01545938
v -0.14392008 0.38496628 0.04167278
v -0.14226273 0.38519648 0.04355802
v -0.14221965 0.38511238 0.04454897
v -0.12841293 0.38454726 0.07180095
v -0.13564946 0.38974911 0.01549235
v -0.13807760 0.38614869 0.04403817
v -0.14019376 0.38615018 0.03894391
v -0.14495029 0.38392502 0.04845858
v -0.10346194 0.39688289 0.02269710
v -0.11698987 0.39182812 0.04123547
v -0.11665180 0.39116120 0.04656351
v -0.11056720 0.39332843 0.04407470
v -0.12506941 0.38614434 0.06590970
v -0.10765311 0.39263642 0.05701964
v -0.10765029 0.39658535 0.01553789
v -0.12847482 0.39135686 0.01809699
v -0.09988713 0.39843538 0.01554928
v -0.09804771 0.39863360 0.01921506
v -0.09696577 0.39901009 0.01555248
v -0.09173240 0.39851099 0.04409766
v -0.07784738 0.40160054 0.03640818
v -0.07847990 0.40030450 0.05116394
v -0.09487613 0.39549395 0.06273711
v -0.06585409 0.40393281 0.03525308
v -0.06521873 0.40268582 0.05236090
v -0.04766875 0.40474424 0.04412417
v -0.07128085 0.40341109 0.02417884
v -0.05127642 0.40476593 0.01987806
v -0.04267655 0.40514272 0.02492624
v -0.04268399 0.40561250 0.01559453
v -0.03239311 0.40560591 0.02072556
v -0.03798576 0.40540534 0.04412703
v -0.01829981 0.40628719 0.03408701
v -0.01917834 0.40449807 0.05327868
v -0.00966506 0.40595335 0.03425359
v -0.00873939 0.40413088 0.05309659
v 0.01016812 0.40599573 0.04412441
v -0.01407289 0.40682244 0.02590776
v 0.00282681 0.40630072 0.02143418
v 0.01452955 0.40632457 0.02732757
v 0.01452156 0.40667999 0.01559632
v 0.02717040 0.40675855 0.02189835
v 0.01883426 0.40614808 0.04412395
v 0.03920686 0.40687543 0.03376465
v 0.03870261 0.40585697 0.05396295
v 0.07154950 0.40022895 0.01594072
v 0.04675784 0.40745729 0.03347047
v 0.04725001 0.40648416 0.05427896
v 0.06735975 0.40596652 0.04411153
v 0.07131738 0.40020210 0.01558591
v 0.04312853 0.40665635 0.02582964
v 0.07172737 0.40014678 0.01558584
v 0.07195422 0.40017962 0.01603840
v 0.07266422 0.39993784 0.01558513
v 0.07687560 0.40439487 0.04410700
v 0.09380253 0.40164858 0.03633928
v 0.09411807 0.40228117 0.05217491
v 0.12299525 0.39446682 0.02733271
v 0.10837696 0.39855617 0.03786460
v 0.10806099 0.39918947 0.05062452
v 0.11994098 0.39673644 0.04407734
v 0.12188435 0.39335626 0.05859010
v 0.11490786 0.39338368 0.01555178
v 0.10032088 0.39645225 0.02073481
v 0.12890300 0.39161700 0.01554055
v 0.17123340 0.38498873 0.04352034
v 0.17116578 0.38485238 0.04466078
v 0.15750602 0.38089967 0.07002607
v 0.18121833 0.36934349 0.07017560
v 0.13646077 0.39280832 0.03062391
v 0.14894147 0.39034176 0.01552866
v 0.16774815 0.38606355 0.04405740
v 0.13931544 0.39383638 0.04406681
v 0.14628530 0.39224273 0.04098238
v 0.14588042 0.39143610 0.04674270
v 0.13757433 0.39170554 0.05530313
v 0.15106009 0.38607618 0.05975231
v 0.16812548 0.38606369 0.03677830
v 0.17265646 0.38428843 0.04405527
v 0.17358615 0.38424304 0.04042412
v 0.16125679 0.38795331 0.01552266
v 0.15748450 0.38939524 0.01718611
v 0.20816098 0.35745883 0.05505974
v 0.19330874 0.37197378 0.04403672
v 0.18608074 0.36841619 0.06589429
v 0.18605293 0.37928751 0.01550252
v 0.19060451 0.37631249 0.02459056
v 0.19309649 0.37528068 0.01549084
v 0.21463701 0.35745373 0.04175548
v 0.21205030 0.36261076 0.03230644
v 0.21596216 0.36012170 0.03105907
v 0.21462588 0.36126852 0.02782263
v 0.21899407 0.35744971 0.03190227
v 0.21787071 0.35907280 0.02810250
v 0.20817184 0.35421741 0.06154409
v 0.21466050 0.34739304 0.06332379
v -0.07123864 0.39987183 0.06580458
v -0.04327812 0.40077603 0.07233975
v -0.04264260 0.40088576 0.07180402
v -0.04189572 0.40083107 0.07228500
v -0.01404602 0.40265536 0.06442954
v 0.01182048 0.40180680 0.07130170
v 0.01455278 0.40221363 0.06912249
v 0.01796247 0.40214133 0.07096286
v 0.04313723 0.40495735 0.06325585
v 0.06471930 0.40391466 0.06913879
v 0.07173131 0.40369126 0.06607325
v 0.07687726 0.40297377 0.07006451
v 0.10032415 0.39916158 0.06610326
v -0.09998781 -0.37596482 0.07264428
v -0.04284521 -0.38462466 0.07268167
v 0.01428151 -0.38683450 0.07270513
v 0.07142445 -0.38079333 0.07274755
v 0.12861761 -0.37373108 0.07279564
v -0.21426553 -0.32319427 0.07260634
v -0.19581568 -0.33325326 0.08182968
v -0.18974453 -0.33630389 0.09094722
v -0.18598732 -0.32880878 0.11514700
v -0.16532825 -0.35065454 0.08903389
v -0.17974487 -0.34005868 0.09283037
v -0.18513061 -0.32928133 0.11491034
v -0.16555712 -0.34505364 0.10118002
v -0.17518498 -0.35148010 0.07261223
v -0.18569259 -0.34175164 0.08010586
v -0.15712816 -0.36316141 0.07261452
v -0.14718713 -0.36601287 0.07262061
v -0.11569776 -0.35954484 0.09976668
v -0.12855768 -0.36854726 0.07855807
v -0.10571913 -0.37381530 0.07550791
v -0.11505245 -0.35825565 0.10198244
v -0.14497131 -0.35457489 0.09691930
v -0.12532543 -0.35669303 0.10119434
v -0.13999793 -0.35670257 0.09551127
v -0.14485016 -0.35268101 0.10118745
v -0.14157210 -0.35417849 0.09992531
v -0.14127599 -0.35358927 0.10274879
v -0.11320852 -0.35880136 0.10119736
v -0.11682309 -0.35668835 0.10630783
v -0.11302655 -0.35792428 0.10367826
v -0.09998680 -0.37313142 0.07701462
v -0.08967996 -0.36464018 0.10121101
v -0.09219317 -0.37483701 0.07654478
v -0.07932936 -0.36938602 0.09485840
v -0.06549346 -0.37339216 0.09286118
v -0.07141244 -0.37682518 0.08274713
v -0.06016877 -0.37959021 0.08132998
v -0.08195083 -0.36414680 0.10495598
v -0.06261557 -0.36764491 0.10672143
v -0.09018995 -0.36116987 0.11020593
v -0.07158285 -0.35667142 0.12940368
v -0.04958774 -0.37171009 0.10123898
v -0.07128642 -0.35667133 0.12956572
v -0.04830113 -0.36546662 0.11885369
v -0.04284118 -0.37875494 0.08834242
v -0.03740362 -0.37434602 0.10124509
v -0.02089157 -0.38188252 0.08366436
v -0.01689179 -0.37995303 0.08959201
v -0.01203794 -0.38071609 0.08921133
v -0.01427613 -0.38167167 0.08521678
v -0.00847627 -0.38228357 0.08407662
v -0.02008567 -0.37355989 0.10971106
v -0.00908801 -0.37484074 0.11035967
v -0.01425773 -0.37105244 0.12260413
v -0.03857094 -0.36667460 0.12128137
v 0.01148348 -0.37955385 0.10126954
v 0.01419129 -0.37078649 0.12957193
v 0.01429202 -0.38157803 0.09407403
v 0.01715047 -0.37946931 0.10127205
v 0.03733855 -0.38239932 0.08424482
v 0.04070448 -0.38085237 0.08915621
v 0.04528260 -0.38030204 0.08943273
v 0.04285361 -0.38162649 0.08524193
v 0.05050747 -0.38132066 0.08318587
v 0.03884720 -0.37712824 0.11153562
v 0.04731794 -0.37627327 0.11111675
v 0.04288044 -0.37284702 0.12172323
v 0.01444233 -0.37078413 0.12956756
v 0.06690980 -0.37609795 0.10130670
v 0.06953572 -0.36896196 0.12601086
v 0.07143053 -0.37866318 0.08835616
v 0.07747096 -0.37309134 0.10131838
v 0.08497155 -0.37761298 0.07952521
v 0.09296377 -0.37101519 0.09411083
v 0.10805849 -0.36909425 0.09508309
v 0.10002061 -0.37517408 0.08207739
v 0.12239960 -0.37394542 0.07589648
v 0.09128740 -0.36765575 0.10687476
v 0.10967670 -0.36588493 0.10600784
v 0.10005365 -0.35917065 0.12860942
v 0.07427733 -0.36807054 0.12424332
v 0.11833774 -0.36456534 0.10136002
v 0.11906643 -0.36129659 0.11080459
v 0.12861915 -0.37257457 0.07626850
v 0.14224891 -0.35792398 0.10137874
v 0.13177189 -0.37241280 0.07437377
v 0.14354238 -0.35778823 0.10076698
v 0.15721552 -0.36521608 0.07715143
v 0.14334990 -0.35740393 0.10179894
v 0.14611797 -0.35656339 0.10138068
v 0.14207605 -0.35741821 0.10308433
v 0.14375366 -0.35656419 0.10302534
v 0.16507107 -0.35655755 0.08851995
v 0.17684817 -0.35122275 0.09072658
v 0.16840522 -0.35035008 0.09828515
v 0.16615847 -0.34585369 0.10674073
v 0.17744333 -0.34470963 0.10139053
v 0.17099330 -0.36343646 0.07282145
v 0.18580428 -0.35830426 0.07282445
v 0.19227159 -0.34873438 0.08575182
v 0.20251907 -0.35062027 0.07282797
v 0.19166847 -0.33970374 0.10138822
v 0.20989147 -0.33697957 0.09160164
v 0.21777740 -0.33476287 0.09048937
v 0.21439040 -0.34052640 0.08083865
v 0.22703049 -0.33430761 0.08079257
v 0.24297585 -0.32898766 0.07282452
v -0.23030992 -0.30322826 0.09938435
v -0.22077659 -0.31718370 0.07586417
v -0.23006296 -0.30274007 0.10270740
v -0.27137116 -0.26843211 0.07257617
v -0.26016089 -0.27980435 0.07819257
v -0.23346055 -0.29966515 0.10116707
v -0.25014925 -0.28582335 0.09422811
v -0.24872603 -0.28299952 0.10950349
v -0.24196163 -0.29966706 0.07432228
v -0.22505343 -0.30659944 0.10116821
v -0.23169562 -0.29966271 0.10751714
v -0.22382583 -0.30435169 0.11056301
v -0.24196507 -0.30009663 0.07259808
v -0.24261132 -0.29956061 0.07259784
v -0.24282452 -0.29931059 0.07277620
v -0.21425736 -0.31962523 0.08401187
v -0.19801116 -0.32819498 0.09305176
v -0.18683998 -0.32818943 0.11487570
v -0.20923397 -0.31817526 0.10116999
v -0.18613908 -0.32841972 0.11568790
v -0.18567736 -0.32866889 0.11569725
v -0.18251063 -0.32976961 0.11704216
v -0.18741441 -0.32732114 0.11632504
v -0.18567760 -0.32818845 0.11682687
v -0.21050633 -0.31018305 0.12225591
v -0.15711726 -0.33986363 0.12458885
v -0.15307759 -0.34042364 0.12773679
v -0.12855136 -0.34922177 0.12601876
v -0.07139403 -0.35658127 0.12973583
v 0.15722603 -0.34080946 0.12205609
v 0.17137417 -0.33507347 0.12272538
v 0.20585734 -0.32799670 0.11139321
v 0.18580654 -0.33447236 0.11433084
v 0.21439019 -0.32799402 0.10447030
v 0.22761582 -0.32799369 0.09370797
v 0.21239585 -0.32401276 0.11365923
v 0.21753219 -0.32171711 0.11251071
v 0.20339641 -0.32250541 0.12114391
v 0.21438983 -0.31787243 0.12070823
v 0.23815580 -0.31837466 0.10137054
v 0.23816453 -0.30892539 0.12031346
v 0.24297312 -0.32164747 0.08867255
v 0.25240016 -0.30914515 0.10136181
v 0.25400117 -0.31923357 0.07832894
v 0.26019454 -0.30531982 0.09842244
v 0.27155048 -0.30540237 0.07578767
v 0.25956300 -0.30406114 0.10366502
v 0.26574779 -0.29944634 0.10135467
v 0.25238580 -0.30430907 0.11108127
v 0.26162848 -0.29944381 0.11009402
v 0.27584240 -0.29945362 0.08139061
v 0.28123635 -0.29027936 0.09675894
v 0.27990216 -0.28761229 0.10726187
v 0.29782626 -0.27547705 0.10133189
v 0.27648413 -0.30192006 0.07281157
v 0.29222423 -0.28913108 0.07279994
v 0.29805973 -0.28415769 0.07382414
v 0.30011722 -0.27857918 0.08600058
v 0.30012029 -0.28269053 0.07279336
v 0.30117244 -0.27302590 0.10132933
v -0.28851411 -0.24840099 0.09823337
v -0.27858841 -0.26049346 0.07618281
v -0.28824914 -0.24787880 0.10376431
v -0.27143642 -0.25691938 0.12964918
v -0.32848734 -0.20899153 0.07252172
v -0.31490523 -0.22157310 0.07932609
v -0.29337767 -0.24261628 0.10112391
v -0.30685121 -0.22795609 0.09376970
v -0.30559590 -0.22544985 0.10969771
v -0.29655483 -0.24262260 0.07928281
v -0.27748942 -0.25885057 0.10113734
v -0.29024664 -0.24260914 0.11039267
v -0.29456019 -0.24530314 0.07255705
v -0.29807308 -0.24169953 0.07255395
v -0.29992342 -0.23953357 0.07409940
v -0.27134711 -0.26597503 0.09078693
v -0.26562968 -0.27114260 0.09829040
v -0.26358730 -0.27114034 0.10502507
v -0.26919267 -0.26685891 0.10114402
v -0.27132186 -0.25719079 0.12904902
v -0.25365087 -0.27656063 0.12087774
v -0.24278407 -0.28520504 0.12248930
v 0.27153990 -0.28789997 0.12411444
v 0.28641015 -0.27832896 0.12303402
v 0.30393863 -0.27090925 0.09941727
v 0.30295169 -0.27090853 0.10274559
v 0.30011255 -0.27273154 0.10497702
v 0.31673151 -0.26493806 0.08107471
v 0.32110602 -0.25575566 0.09462302
v 0.32869142 -0.25350496 0.07833757
v 0.31992701 -0.25340086 0.10684065
v 0.30758396 -0.26035982 0.12613609
v 0.33266103 -0.24235530 0.10131187
v 0.32654732 -0.24235015 0.12560004
v 0.33671570 -0.24235669 0.08880259
v 0.33956346 -0.23554164 0.09790077
v 0.33859420 -0.23360571 0.10568113
v 0.35680446 -0.21470775 0.10129699
v 0.33694029 -0.24648149 0.07275993
v 0.35024801 -0.23158543 0.07274688
v 0.35395604 -0.22642937 0.07439499
v 0.35726136 -0.21484241 0.09920230
v 0.35726207 -0.22268261 0.07274063
v 0.35739824 -0.21406828 0.10129657
v -0.34295961 -0.18595925 0.10085763
v -0.33386683 -0.20250534 0.07520586
v -0.34293967 -0.18591979 0.10126521
v -0.36673403 -0.16181403 0.08192700
v -0.34341049 -0.18553193 0.10107102
v -0.36196750 -0.16683725 0.09171103
v -0.36083445 -0.16461042 0.11151952
v -0.34384993 -0.18553242 0.09886613
v -0.34205237 -0.18691823 0.10107231
v -0.34320238 -0.18553194 0.10198524
v -0.34172776 -0.18654796 0.10310593
v -0.34451520 -0.19180298 0.07250968
v -0.35219106 -0.18310893 0.07250438
v -0.35704553 -0.17552452 0.07750622
v -0.32847756 -0.20606682 0.08504081
v -0.31833273 -0.21407931 0.09603077
v -0.31590271 -0.21407381 0.10738179
v -0.32441199 -0.20597747 0.10109080
v -0.30834085 -0.21828431 0.11960573
v -0.29989672 -0.22720468 0.12196869
v -0.31865343 -0.20469391 0.12475000
v -0.32547399 -0.19681926 0.12368128
v 0.32867828 -0.23890474 0.12813596
v 0.34490973 -0.22190234 0.12368771
v 0.35769764 -0.21379453 0.10107859
v 0.35760847 -0.21379444 0.10147009
v 0.35726121 -0.21406318 0.10183404
v 0.37031454 -0.20603654 0.07925329
v 0.38526449 -0.18551995 0.07272942
v 0.37463552 -0.19137377 0.09822522
v 0.37411225 -0.19032729 0.10385470
v 0.35877079 -0.20025335 0.12910813
v 0.38554236 -0.18506967 0.07272937
v 0.37865242 -0.18521801 0.10130338
v 0.38498834 -0.18522495 0.07445973
v 0.38310117 -0.16214398 0.11284849
v 0.37545335 -0.18521580 0.10909913
v 0.38995731 -0.16484718 0.09111868
v 0.38585445 -0.18378949 0.07344764
v 0.39328182 -0.16036355 0.08331244
v -0.39121559 -0.11970119 0.08366639
v -0.38605726 -0.12838799 0.10101576
v -0.38879079 -0.10621320 0.10099815
v -0.39323404 -0.11789303 0.07243793
v -0.37083006 -0.15696786 0.09366655
v -0.36822999 -0.15697117 0.10972206
v -0.37919372 -0.14417274 0.10103077
v -0.37885284 -0.14605528 0.07585301
v -0.38561875 -0.13468149 0.07245652
v -0.38289675 -0.13995139 0.07790250
v -0.38293689 -0.14132778 0.07246458
v -0.36397183 -0.16045500 0.11881423
v -0.35701090 -0.16657676 0.12013996
v -0.36892256 -0.15101156 0.12127917
v -0.39534563 -0.10920331 0.07730226
v -0.37954003 -0.13664083 0.11750758
v -0.38108325 -0.11859370 0.12059323
v 0.38470578 -0.15664479 0.11502707
v 0.38585389 -0.15664615 0.11092389
v 0.39857477 -0.13125835 0.09972471
v 0.39304706 -0.15665239 0.09061418
v 0.39522687 -0.15197825 0.08234399
v 0.38512081 -0.15518241 0.11486820
v 0.38379675 -0.15767108 0.11662653
v 0.38452017 -0.15597931 0.11626536
v 0.38585269 -0.14911580 0.11936338
v 0.39921013 -0.12808698 0.10131083
v 0.39949742 -0.12808748 0.09998108
v 0.39964160 -0.12704641 0.10078986
v 0.39942700 -0.12661809 0.10204515
v 0.39750186 -0.12808493 0.10662310
v 0.40173084 -0.13602127 0.07273304
v 0.40937737 -0.11635481 0.07272971
v 0.41035646 -0.11176693 0.07477948
v 0.41445562 -0.09772807 0.07272293
v -0.39095140 -0.09979406 0.09831018
v -0.40003029 -0.09270753 0.07963380
v -0.38945282 -0.09979611 0.10292925
v -0.39255983 -0.08582675 0.10098484
v -0.39713106 -0.07393527 0.09549908
v -0.39764252 -0.06896851 0.09652614
v -0.39553830 -0.07119812 0.10097545
v -0.39659515 -0.06464852 0.10097117
v -0.38882178 -0.06016949 0.12303545
v -0.40262887 -0.07695747 0.07240736
v -0.40430549 -0.06624773 0.07240305
v -0.38557643 -0.10511193 0.11161178
v -0.38556886 -0.09108520 0.11841311
v -0.37993798 -0.11128493 0.12675563
v -0.38313481 -0.08672719 0.12834361
v -0.40423459 -0.04755208 0.08171838
v -0.38415733 -0.08410632 0.12674524
v 0.40896407 -0.09952863 0.09855485
v 0.40718725 -0.09952692 0.10492867
v 0.39920020 -0.10618603 0.12225929
v 0.40112114 -0.09189759 0.12321532
v 0.40958276 -0.08979950 0.10129322
v 0.41077071 -0.07096881 0.10128543
v 0.40934348 -0.05261689 0.10127412
v 0.40630436 -0.07711075 0.11358711
v 0.40627933 -0.06484874 0.11352745
v 0.41445276 -0.09029923 0.08281781
v 0.41720679 -0.08663047 0.07409514
v 0.41649529 -0.08321303 0.07680089
v 0.41781434 -0.08357601 0.07271721
v 0.41770613 -0.05994907 0.07921252
v 0.41990411 -0.05942339 0.07270274
v 0.41445088 -0.04993713 0.08621953
v 0.41886172 -0.05449451 0.07490473
v -0.40289789 -0.02008778 0.09791317
v -0.40097040 -0.04259548 0.09326661
v -0.40525767 -0.03813738 0.08222961
v -0.40188473 -0.01806847 0.10297781
v -0.39748752 -0.04260335 0.10691023
v -0.38724852 -0.05607383 0.12869865
v -0.39057201 -0.03082198 0.12702686
v -0.40331897 -0.01400928 0.10094964
v -0.40671471 -0.01400495 0.08724398
v -0.40801430 0.00233259 0.09278825
v -0.40315765 -0.00739499 0.10425671
v -0.40203616 -0.01401103 0.10531225
v -0.41080767 -0.01567061 0.07239106
v -0.41117838 -0.01251594 0.07239178
v -0.41200638 0.01351431 0.08561713
v 0.40996400 -0.04241268 0.09902547
v 0.40790403 -0.04241002 0.10453993
v 0.40255204 -0.05074312 0.12390804
v 0.40109220 -0.03479655 0.12316611
v 0.40829974 -0.03011832 0.10125680
v 0.40721047 -0.01385731 0.10124571
v 0.40640864 -0.00138915 0.10123225
v 0.40458319 -0.01827047 0.11008921
v 0.40436408 -0.00965596 0.10964073
v 0.41445005 -0.03597932 0.08837857
v 0.42011848 -0.03097610 0.07551613
v 0.41776019 -0.02483668 0.07929504
v 0.42024380 -0.02525112 0.07267839
v 0.41637278 -0.00150026 0.07648504
v 0.41775864 -0.00123710 0.07265373
v 0.41445988 0.00424562 0.08031479
v 0.41693360 0.00164924 0.07388882
v -0.41880199 0.04080132 0.07240300
v -0.41090477 0.02099876 0.08989080
v -0.41412038 0.02449023 0.08172235
v -0.41110843 0.01457226 0.08818244
v -0.41219231 0.01553938 0.08571151
v -0.40606841 0.03063393 0.10720544
v -0.40430564 0.01456022 0.11033079
v -0.39683384 0.00590428 0.12387961
v -0.39814079 0.02253196 0.12322049
v -0.41887516 0.04552696 0.07240345
v -0.40867847 0.04312895 0.10096081
v -0.41692677 0.04314189 0.07803527
v -0.41339651 0.07031421 0.08737997
v -0.40596086 0.05543064 0.10711247
v -0.40499830 0.04312348 0.11132836
v -0.41409212 0.06926049 0.08546472
v -0.41375437 0.07153480 0.08651842
v 0.40751681 0.01470067 0.09774502
v 0.40420753 0.01470543 0.10634217
v 0.39987200 0.00772012 0.12250941
v 0.39835006 0.02094801 0.12172890
v 0.40463758 0.03436093 0.10119113
v 0.40509096 0.04815902 0.09137695
v 0.40352079 0.04326525 0.10118052
v 0.40226340 0.04741021 0.10117622
v 0.40252793 0.04092573 0.10586991
v 0.40197068 0.04505051 0.10474329
v 0.40887737 0.05472987 0.07260815
v 0.41446719 0.02648916 0.07759127
v 0.41594195 0.02823215 0.07336038
v 0.41447076 0.03454315 0.07261853
v 0.41529426 0.02979459 0.07427232
v 0.41577587 0.02962227 0.07262178
v 0.40616223 0.06169077 0.07675926
v -0.41335833 0.07316464 0.08741703
v -0.41356224 0.07170240 0.08695024
v -0.41372204 0.07188686 0.08650240
v -0.40575731 0.08832917 0.10692036
v -0.40472680 0.07168251 0.11056599
v -0.39956540 0.06441524 0.12250179
v -0.40100467 0.07821199 0.12177974
v -0.40883368 0.10025962 0.10095835
v -0.41172317 0.10027830 0.07714766
v -0.40638530 0.11343946 0.09437497
v -0.40525630 0.11118562 0.10641866
v -0.40496677 0.10025197 0.11130315
v -0.41278324 0.09962618 0.07241438
v -0.41241837 0.10112017 0.07241438
v -0.40642911 0.12501362 0.08285499
v 0.39418048 0.08833088 0.09511445
v 0.39853758 0.07182322 0.09318025
v 0.39982849 0.07876724 0.07991400
v 0.39136249 0.08271658 0.10999049
v 0.39340973 0.07183932 0.11169203
v 0.39248279 0.06856026 0.11872558
v 0.38590619 0.07186009 0.13643751
v 0.38592225 0.09074838 0.12488243
v 0.39121899 0.07449590 0.11808658
v 0.38996053 0.10038912 0.10113753
v 0.38260907 0.12229370 0.11208151
v 0.38378674 0.10041057 0.12543371
v 0.39320678 0.10037813 0.08712663
v 0.38707665 0.12665838 0.08798519
v 0.39788222 0.09438907 0.07257675
v 0.39498657 0.10489421 0.07256978
v 0.38700321 0.12839973 0.08631512
v -0.40307629 0.12883580 0.09218096
v -0.40341693 0.13418445 0.08134658
v -0.40081894 0.12882197 0.10860521
v -0.39960298 0.12157480 0.12246849
v -0.39176977 0.13995154 0.12637439
v -0.39458326 0.14695741 0.10094977
v -0.39475441 0.15234573 0.09084640
v -0.39092100 0.16630729 0.08316416
v -0.39064121 0.15739182 0.10094926
v -0.38975257 0.14733131 0.12102111
v -0.39981210 0.15026836 0.07241021
v -0.39264804 0.16814867 0.07240938
v -0.38988039 0.17386235 0.07457460
v -0.38554072 0.17810057 0.08523320
v -0.38555163 0.18035433 0.07241090
v -0.38182285 0.17854375 0.10095935
v -0.38047832 0.16661876 0.11945145
v 0.35684475 0.18490215 0.10111522
v 0.35697782 0.17135437 0.12880512
v 0.38029057 0.12895460 0.11258527
v 0.38006648 0.15452847 0.07257012
v 0.38594043 0.12893544 0.09077068
v 0.38642395 0.12989880 0.08733034
v 0.38594201 0.13258789 0.08501816
v 0.38666725 0.12893212 0.08721070
v 0.38675535 0.12933904 0.08643944
v 0.37651259 0.14783412 0.10596499
v 0.37867656 0.12532964 0.11904778
v 0.37406212 0.13490281 0.12135518
v 0.37599951 0.16245010 0.07256625
v 0.35741544 0.18499452 0.09901715
v 0.35741356 0.19758977 0.07253827
v 0.36748457 0.17679292 0.07759924
v 0.37457496 0.15749764 0.10112931
v 0.37626287 0.15748934 0.09196778
v 0.36082187 0.17923123 0.10111812
v 0.37341598 0.16095743 0.09939732
v 0.37317315 0.16047210 0.10261425
v 0.36016792 0.16903849 0.12417896
v 0.37346438 0.15750079 0.10468836
v -0.37866902 0.18595706 0.09753012
v -0.37618253 0.18594819 0.10562980
v -0.37491655 0.19494146 0.07772620
v -0.35844943 0.21382856 0.07241268
v -0.36550516 0.20302278 0.09521601
v -0.36397591 0.19997677 0.10822761
v -0.37322190 0.17778993 0.12337154
v -0.36664242 0.19077842 0.12008937
v -0.35694796 0.20334905 0.12395415
v -0.35755888 0.21482728 0.07241265
v -0.35466343 0.21452615 0.10096642
v -0.35764363 0.21454948 0.07369063
v -0.34728327 0.22370499 0.09638657
v -0.34656227 0.22227424 0.10484555
v -0.35037166 0.21450973 0.11635640
v -0.35700560 0.21540146 0.07283834
v -0.34175962 0.23550065 0.07908955
v -0.32843983 0.25369972 0.07244045
v 0.34102547 0.21036910 0.09898067
v 0.35605127 0.18604361 0.10043221
v 0.35562846 0.19941892 0.07343040
v 0.34043682 0.20919660 0.10379898
v 0.35561264 0.18604456 0.10201647
v 0.35602239 0.17249052 0.12898590
v 0.32885820 0.21046492 0.12757772
v 0.34425676 0.19375664 0.12308940
v 0.32551438 0.24147518 0.08512236
v 0.33734295 0.21459880 0.10109144
v 0.32569298 0.23682198 0.08996102
v 0.32186291 0.22916669 0.10836425
v 0.32662216 0.21461645 0.12517861
v 0.34017295 0.21459681 0.09515871
v 0.35480347 0.20161682 0.07253532
v 0.34296179 0.22164153 0.07252450
v 0.32885623 0.23667514 0.08356093
v -0.33267856 0.24310772 0.09885659
v -0.33187684 0.24310368 0.10272387
v -0.33587560 0.23253186 0.12579328
v -0.33005109 0.24639077 0.10099295
v -0.32842708 0.25130320 0.08465321
v -0.32240328 0.25513667 0.10100059
v -0.32840383 0.24620351 0.10719758
v -0.32635632 0.25638738 0.07348239
v -0.32372293 0.25979134 0.07244205
v -0.31232879 0.26808321 0.09920671
v -0.31202462 0.26747787 0.10311739
v -0.31948069 0.25291532 0.12510900
v -0.31209281 0.27784023 0.07244967
v -0.30835316 0.27169707 0.10101308
v -0.31032738 0.27170563 0.09338652
v -0.30376315 0.27167109 0.12171815
v -0.29317230 0.28690127 0.09342390
v -0.29216307 0.28488365 0.10760920
v -0.29987141 0.28434455 0.07876049
v -0.28773037 0.29422987 0.08067166
v -0.27130696 0.30959886 0.07247017
v 0.24183840 0.29750830 0.10110133
v 0.24276806 0.28558347 0.12875140
v 0.28468764 0.26899189 0.09969887
v 0.28410134 0.26782608 0.10300273
v 0.27175587 0.26605421 0.12678441
v 0.29008842 0.25234875 0.12452288
v 0.24323203 0.29819220 0.09691028
v 0.24323694 0.31175977 0.07253864
v 0.25909585 0.29392081 0.08045487
v 0.28045443 0.27171260 0.10106052
v 0.24604976 0.29464287 0.10109691
v 0.26415312 0.28501692 0.09442355
v 0.26286408 0.28246105 0.10644269
v 0.24419998 0.28504628 0.12767957
v 0.26779842 0.27173558 0.12169998
v 0.28342813 0.27170852 0.09581243
v 0.29011258 0.26356792 0.10106067
v 0.28974262 0.26801249 0.09366942
v 0.28651103 0.27905589 0.07250143
v 0.27178955 0.28556952 0.07944541
v 0.32017064 0.24314916 0.09113632
v 0.31183845 0.24315773 0.10683866
v 0.30419946 0.25094062 0.10106454
v 0.30030167 0.24909076 0.11292215
v 0.32096386 0.24709471 0.08283945
v 0.30033606 0.26903653 0.07249819
v 0.30460817 0.26170295 0.08106604
v 0.30903253 0.26176682 0.07249883
v 0.31029341 0.23388731 0.12463664
v -0.27243137 0.30028608 0.10045945
v -0.27216193 0.30028495 0.10145849
v -0.29983068 0.27384219 0.12848307
v -0.28005248 0.29035231 0.12519385
v -0.27156472 0.30081987 0.10102639
v -0.27129880 0.30208462 0.09744129
v -0.27063540 0.30161199 0.10102697
v -0.27129737 0.30077827 0.10201339
v -0.26707923 0.31249806 0.07458651
v -0.25584909 0.32235050 0.07248136
v -0.25217825 0.31919950 0.09620270
v -0.25081289 0.31646809 0.10723790
v -0.25670868 0.30726439 0.12231100
v -0.24272105 0.31636325 0.12336278
v -0.24636416 0.33072305 0.07248819
v -0.23749977 0.32888576 0.10105383
v -0.24592741 0.32890430 0.07886104
v -0.23168424 0.33537316 0.09782087
v -0.23073725 0.33347571 0.10335161
v -0.22237116 0.34103632 0.10106134
v -0.23292889 0.32887805 0.11002841
v -0.22157648 0.33574384 0.11478008
v -0.24274002 0.33330247 0.07468514
v -0.22533706 0.34879339 0.07808852
v -0.21415770 0.35202801 0.09015616
v -0.21416429 0.35659099 0.07250836
v -0.21068151 0.35052821 0.10106533
v -0.18634398 0.35592404 0.11457371
v -0.21123390 0.34024477 0.12378727
v -0.18506561 0.35647944 0.11485097
v 0.15469901 0.35182077 0.11259539
v 0.16144097 0.34973669 0.11155520
v 0.18084972 0.34693947 0.10116245
v 0.17882146 0.33591017 0.11510117
v 0.22258583 0.31609851 0.09473971
v 0.23899068 0.30029219 0.09898444
v 0.24040192 0.31314385 0.07396026
v 0.21962905 0.31021512 0.11045611
v 0.23497242 0.30029935 0.10523854
v 0.24010828 0.28758869 0.12809674
v 0.21467151 0.30033657 0.13465974
v 0.21468151 0.30814576 0.11931264
v 0.22149354 0.30373254 0.11880730
v 0.18611872 0.35183054 0.08984411
v 0.18608981 0.36506253 0.07260647
v 0.19914955 0.34970832 0.07910926
v 0.20553853 0.32889408 0.10114367
v 0.19652820 0.33668244 0.10115233
v 0.20285574 0.33377972 0.09870683
v 0.20177417 0.33161286 0.10250347
v 0.19794603 0.33137721 0.10608923
v 0.20233779 0.32890019 0.10498318
v 0.21932316 0.32887557 0.08184535
v 0.23693165 0.31772077 0.07254659
v 0.22248365 0.33277419 0.07256582
v 0.21468008 0.33779919 0.07703415
v -0.20040151 0.35748968 0.09419473
v -0.19614092 0.36278522 0.08151639
v -0.18556783 0.35748309 0.11127906
v -0.18886594 0.36407775 0.09007834
v -0.18125084 0.36615494 0.09112017
v -0.18558288 0.36700732 0.08205542
v -0.18283117 0.35748231 0.11398654
v -0.18556550 0.35572627 0.11622533
v -0.18352473 0.35645950 0.11637048
v -0.16277605 0.36909845 0.10109178
v -0.16064063 0.37546420 0.07983290
v -0.16505824 0.37585181 0.07255017
v -0.14912900 0.37321395 0.10111025
v -0.15697269 0.36562318 0.11733367
v -0.15700082 0.37815595 0.07256100
v -0.15156999 0.37724444 0.08339430
v -0.13481656 0.38293350 0.07258867
v -0.13848364 0.37770697 0.09692621
v -0.11608548 0.38213515 0.09915578
v -0.12841107 0.38418177 0.07357289
v -0.13743061 0.37560612 0.10636236
v -0.11672230 0.38085061 0.10377474
v -0.14698973 0.36679789 0.12467387
v -0.12837535 0.37430668 0.12379205
v -0.11227588 0.38249844 0.10114909
v -0.11181203 0.38384593 0.09659648
v -0.09770742 0.38613388 0.10116016
v -0.10802557 0.38006318 0.11323979
v -0.12614574 0.38500762 0.07259873
v -0.09982170 0.39320725 0.07262553
v -0.07118560 0.38185811 0.12758175
v -0.08971887 0.39035523 0.09275876
v -0.08951675 0.39529523 0.07263465
v -0.08703824 0.38921943 0.10116784
v -0.08340598 0.39033332 0.09907845
v -0.08390377 0.38932785 0.10276045
v -0.08744128 0.38808250 0.10505299
v -0.07996564 0.38613576 0.11220305
v -0.06080486 0.39392775 0.09730321
v -0.05997366 0.39227834 0.10424435
v -0.05337141 0.39323255 0.10118596
v -0.06516409 0.38613746 0.11768113
v -0.05264434 0.39040920 0.10969554
v -0.07122567 0.39821613 0.07866798
v -0.01400730 0.38309783 0.12821044
v -0.04314750 0.40071082 0.07290941
v -0.04264158 0.40068129 0.07310278
v -0.04264197 0.40078813 0.07265715
v -0.04206739 0.40074506 0.07294386
v -0.03198651 0.39348525 0.10119545
v -0.02391796 0.39496452 0.09680133
v -0.02511438 0.39256090 0.10439412
v -0.03271694 0.39055216 0.10998240
v -0.01896563 0.38614845 0.11984627
v -0.00427302 0.39524326 0.09666269
v -0.00304052 0.39278886 0.10450900
v 0.00439837 0.39439613 0.10119761
v -0.00920424 0.38614804 0.12013805
v 0.00516221 0.39103144 0.11094119
v -0.01403815 0.40075487 0.07994745
v 0.04317483 0.38301209 0.12814806
v 0.01241651 0.40150887 0.07373293
v 0.01455571 0.40137765 0.07454003
v 0.01455472 0.40173572 0.07266577
v 0.01663036 0.40147537 0.07370027
v 0.02363526 0.39659840 0.10119386
v 0.03445038 0.39731535 0.09560870
v 0.03304785 0.39450333 0.10536545
v 0.02280226 0.39221036 0.11331022
v 0.03939399 0.38613632 0.12217299
v 0.05276824 0.39549512 0.09650050
v 0.05404120 0.39295882 0.10458454
v 0.06130281 0.39382198 0.10117161
v 0.04776182 0.38613251 0.12054186
v 0.06125719 0.38992780 0.10875974
v 0.04314598 0.40120387 0.08017333
v 0.11338942 0.38362592 0.09993016
v 0.11236587 0.38157538 0.10343599
v 0.10036823 0.35754269 0.14296070
v 0.10035162 0.37189132 0.12261342
v 0.11546251 0.36508703 0.12298732
v 0.06721224 0.40266842 0.07489226
v 0.07173415 0.40218356 0.07618234
v 0.07173264 0.40315786 0.07263353
v 0.07527420 0.40217504 0.07439938
v 0.10462764 0.38611317 0.10116722
v 0.08318707 0.39181775 0.10116314
v 0.08887711 0.39179417 0.09832662
v 0.08805622 0.39015123 0.10317761
v 0.08322712 0.38892990 0.10677719
v 0.08977656 0.38611811 0.10862315
v 0.11180655 0.38610929 0.09553289
v 0.11712708 0.38112947 0.10117098
v 0.11669160 0.38404775 0.09705517
v 0.11482666 0.39334604 0.07261808
v 0.10032666 0.39615375 0.07764035
v 0.14726481 0.35752642 0.11031013
v 0.13556178 0.37075880 0.10117190
v 0.12895283 0.36468297 0.11545412
v 0.12891853 0.38896644 0.07261626
v 0.13635404 0.37922892 0.08744523
v 0.15003514 0.38234633 0.07261501
v 0.15754212 0.35751903 0.10434659
v 0.15134875 0.36987177 0.09306604
v 0.16148202 0.36541566 0.09084111
v 0.15751402 0.37652937 0.07738773
v 0.17185925 0.35750484 0.09404187
v 0.17701082 0.36724269 0.07714807
v 0.14229655 0.34990439 0.12306215
v 0.15755597 0.34036666 0.12401292
v -0.15711634 -0.33803523 0.12975492
v -0.15080357 -0.33928782 0.13291301
v -0.13430737 -0.33967072 0.14980264
v -0.13052526 -0.33210507 0.17063506
v -0.10604396 -0.34848529 0.14190118
v -0.12133993 -0.34255841 0.15124743
v -0.12577814 -0.33371219 0.16982877
v -0.10761590 -0.34343073 0.15832196
v -0.11548030 -0.35016859 0.12976490
v -0.12854964 -0.34587026 0.13518342
v -0.09997272 -0.35215253 0.12976661
v -0.09299105 -0.34938604 0.14372140
v -0.07172944 -0.35650408 0.12978077
v -0.09142369 -0.34521830 0.15832531
v -0.08155877 -0.34844449 0.15420648
v -0.07934083 -0.34402227 0.16466147
v -0.05356599 -0.35313219 0.15127185
v -0.06036543 -0.35014850 0.15507466
v -0.06235471 -0.34617382 0.16358693
v -0.05388571 -0.35024616 0.15834072
v -0.07124858 -0.35659873 0.12978099
v -0.07139399 -0.35654065 0.12984633
v -0.04282401 -0.36251843 0.12979090
v -0.03204248 -0.36554205 0.12979738
v -0.00083827 -0.35842428 0.15747343
v -0.01425204 -0.36673999 0.13485453
v -0.00057772 -0.35790405 0.15899460
v -0.03028746 -0.35489079 0.15482944
v -0.01061573 -0.35664627 0.15836072
v -0.02610371 -0.35665059 0.15351458
v -0.03010029 -0.35349935 0.15835387
v -0.02744138 -0.35448837 0.15727395
v -0.02675610 -0.35312346 0.16011959
v 0.00091911 -0.35837340 0.15836455
v 0.01273456 -0.36932892 0.13298546
v -0.00136839 -0.35664248 0.16120675
v 0.00107235 -0.35766098 0.16040088
v 0.01388895 -0.37069774 0.12982047
v 0.02681811 -0.36025578 0.15837342
v 0.01431585 -0.37071207 0.12982070
v 0.01506893 -0.37016013 0.13132314
v 0.01480259 -0.37066749 0.12982097
v 0.03102358 -0.36143985 0.15597761
v 0.05510624 -0.36082426 0.15629688
v 0.04289166 -0.36784744 0.13544482
v 0.03038832 -0.36016715 0.16013734
v 0.05567423 -0.35969317 0.15991515
v 0.02652548 -0.35874254 0.16257223
v 0.03369058 -0.35664392 0.16849551
v 0.05904886 -0.36033368 0.15839244
v 0.06438041 -0.36381093 0.14403600
v 0.07503777 -0.35662934 0.15840659
v 0.05265673 -0.35664177 0.16747257
v 0.05936900 -0.35880736 0.16272554
v 0.06553609 -0.36792868 0.12985945
v 0.07146749 -0.36692256 0.12986438
v 0.08890219 -0.36216778 0.12988561
v 0.10005493 -0.35882515 0.13101652
v 0.08449473 -0.35534215 0.15585962
v 0.09274466 -0.35660613 0.14449784
v 0.08464987 -0.35437164 0.15841512
v 0.08712677 -0.35391945 0.15706795
v 0.08792840 -0.35231772 0.16056620
v 0.08017687 -0.35103074 0.16959870
v 0.10244552 -0.35659111 0.13467193
v 0.12418322 -0.34676325 0.13881832
v 0.10931256 -0.34651831 0.15339926
v 0.10748427 -0.34286839 0.16529325
v 0.12385879 -0.33759761 0.15844549
v 0.10268979 -0.35790500 0.12990177
v 0.12864166 -0.34763148 0.12991607
v 0.13107702 -0.34473512 0.13477984
v 0.13381478 -0.34488228 0.12991786
v 0.13129838 -0.33333087 0.15844856
v 0.15689892 -0.32866204 0.14452069
v 0.15743592 -0.32843360 0.14440683
v 0.15722463 -0.32870951 0.14384681
v 0.15806396 -0.32843003 0.14377703
v 0.18580696 -0.32402912 0.12993066
v -0.27132159 -0.25701508 0.12970667
v -0.24622056 -0.27284139 0.14228418
v -0.24401143 -0.27360412 0.14526151
v -0.22114164 -0.29228607 0.14357165
v -0.20204711 -0.29963464 0.15831541
v -0.24052104 -0.27559739 0.14626087
v -0.22053850 -0.28373951 0.15830851
v -0.22917554 -0.29285398 0.12972958
v -0.24276775 -0.27622402 0.14145537
v -0.20054300 -0.30081949 0.15831548
v -0.21423730 -0.30401635 0.12973103
v -0.20190951 -0.30159324 0.15439501
v -0.20625842 -0.30992788 0.12973475
v -0.19837940 -0.30277455 0.15674420
v -0.18026720 -0.31735775 0.14945123
v -0.18567955 -0.31868169 0.13927750
v -0.17678325 -0.32373050 0.13958769
v -0.19896638 -0.30160111 0.15930079
v -0.17847338 -0.31376660 0.16540053
v -0.18567759 -0.29980871 0.18681689
v -0.16077626 -0.31573248 0.18507551
v -0.20067203 -0.30035603 0.15976122
v -0.20225996 -0.29732305 0.16294461
v -0.15789357 -0.32663435 0.15832999
v -0.15712412 -0.32759419 0.15717293
v -0.15536651 -0.32817155 0.15745181
v -0.15093257 -0.32817140 0.16142412
v -0.15666710 -0.32725835 0.15833037
v -0.15712485 -0.32423544 0.16621624
v -0.13240561 -0.33009174 0.17452995
v -0.12855700 -0.33164319 0.17434198
v -0.12049707 -0.33219033 0.17662802
v -0.12855777 -0.32817268 0.18251343
v -0.09997535 -0.33746499 0.17694171
v -0.08889639 -0.33689272 0.18134265
v -0.07139175 -0.33933043 0.17820750
v -0.05097023 -0.33831498 0.18281594
v -0.07138997 -0.32814240 0.19522583
v -0.04280438 -0.34001246 0.18215136
v -0.03752697 -0.33974749 0.18426646
v -0.01422711 -0.34431604 0.18075114
v 0.04291835 -0.34981886 0.18352410
v 0.10006332 -0.34065771 0.17899111
v 0.11388763 -0.33495092 0.17960185
v 0.13865031 -0.32802072 0.16344601
v 0.12864181 -0.33237433 0.16712984
v 0.15722424 -0.32801098 0.14568503
v 0.15816037 -0.32801095 0.14466278
v 0.15296800 -0.31951845 0.16847607
v 0.16344061 -0.31557059 0.16650692
v 0.14057265 -0.31970459 0.18102095
v 0.15721518 -0.30683094 0.18329491
v 0.17784712 -0.31211197 0.15845215
v 0.17745647 -0.30538368 0.17032728
v 0.18580347 -0.31925511 0.14097562
v 0.19838887 -0.30284727 0.15844788
v 0.19556169 -0.31859788 0.13479464
v 0.20152140 -0.30229473 0.15702218
v 0.21438493 -0.31003916 0.13520691
v 0.20093331 -0.30111986 0.15928577
v 0.20684764 -0.29944184 0.15844442
v 0.19854909 -0.30098301 0.16152988
v 0.20159739 -0.29944021 0.16145052
v 0.22327027 -0.29944450 0.14764792
v 0.23341425 -0.29470718 0.14896439
v 0.22613204 -0.29436570 0.15589803
v 0.22443697 -0.29097360 0.16266960
v 0.23343727 -0.28992417 0.15843391
v 0.22877407 -0.30663323 0.12990889
v 0.24296549 -0.30098519 0.12989870
v 0.24871434 -0.29091227 0.14137730
v 0.25767505 -0.29251504 0.12989122
v 0.24869311 -0.28233075 0.15842919
v 0.26788732 -0.27818680 0.14779826
v 0.27399790 -0.27580318 0.14660558
v 0.27154121 -0.28090805 0.13914715
v 0.27968007 -0.27495906 0.14008364
v 0.30011070 -0.26575768 0.12987053
v -0.27141348 -0.25690785 0.12975258
v -0.30166581 -0.21493828 0.14305702
v -0.30071807 -0.21570928 0.14477785
v -0.27149570 -0.25668764 0.13005501
v -0.28085577 -0.23784053 0.14876875
v -0.27171725 -0.24257457 0.15827140
v -0.29756004 -0.21869642 0.14627762
v -0.28080568 -0.23300405 0.15825753
v -0.27475768 -0.23175131 0.17991468
v -0.27156430 -0.25674069 0.12970640
v -0.28795972 -0.23663428 0.12968875
v -0.29988775 -0.21744542 0.14224935
v -0.27132154 -0.25694612 0.12987539
v -0.24652265 -0.27111271 0.14589250
v -0.26184955 -0.25219738 0.15828198
v -0.24276063 -0.27111030 0.15222245
v -0.24882084 -0.25897866 0.16650721
v -0.23968664 -0.26497597 0.16952002
v -0.23225014 -0.27110320 0.16733398
v -0.24274671 -0.25580066 0.18023643
v -0.23120832 -0.26533255 0.17836502
v -0.26219565 -0.24773020 0.16861269
v -0.21421149 -0.28051099 0.17715973
v -0.20801000 -0.28226697 0.18378562
v 0.21438235 -0.28441849 0.17948011
v 0.22753146 -0.27744180 0.17927560
v 0.21438070 -0.27086365 0.19751553
v 0.25912672 -0.27087796 0.16649932
v 0.24296626 -0.27684516 0.17036206
v 0.27154198 -0.27088404 0.15557906
v 0.27964228 -0.27088842 0.14819615
v 0.26799083 -0.26377192 0.16914891
v 0.27683222 -0.26030755 0.16741085
v 0.25212923 -0.26116654 0.18241388
v 0.27154464 -0.24636650 0.18496150
v 0.29299992 -0.25666890 0.15841646
v 0.31070933 -0.24233378 0.15841103
v 0.29172531 -0.24821992 0.17021489
v 0.29704389 -0.23110217 0.18086013
v 0.30011013 -0.26116645 0.13896197
v 0.30632830 -0.25973013 0.13297445
v 0.31093463 -0.24579287 0.15150231
v 0.32187653 -0.24574807 0.12986051
v 0.31317803 -0.24112268 0.15598634
v 0.32629922 -0.24116047 0.12985902
v 0.31303027 -0.23961192 0.15841158
v 0.31738457 -0.23635189 0.15542111
v 0.33263645 -0.22169286 0.14809680
v 0.32867825 -0.23646577 0.13279994
v 0.34039935 -0.21964189 0.13828100
v 0.35725713 -0.20178899 0.12986368
v -0.35983247 -0.15839300 0.14246660
v -0.35849300 -0.15996633 0.14538080
v -0.33856776 -0.18137364 0.14987975
v -0.33245921 -0.18551826 0.15818372
v -0.35260463 -0.16575596 0.14828001
v -0.33947077 -0.17903669 0.15817720
v -0.33654124 -0.17934307 0.17052162
v -0.34237093 -0.17821294 0.12962589
v -0.35699925 -0.16119055 0.14177963
v -0.30248183 -0.21404907 0.14524239
v -0.31911582 -0.19543163 0.15819879
v -0.30652660 -0.21073610 0.14062178
v -0.32844913 -0.19089346 0.12963685
v -0.32297987 -0.19433123 0.14056948
v -0.32273740 -0.19693917 0.12964214
v -0.29987723 -0.21404475 0.15817362
v -0.30213901 -0.20950441 0.17022920
v -0.29894078 -0.21219029 0.17157860
v -0.29729551 -0.21404013 0.17122197
v -0.28899276 -0.21946767 0.17795464
v -0.29986593 -0.21086645 0.17409135
v -0.29756856 -0.21289161 0.17365538
v -0.32177985 -0.19313304 0.17346612
v 0.29623049 -0.22609432 0.18505581
v 0.32333893 -0.21376321 0.17003867
v 0.30010965 -0.22571033 0.18234076
v 0.32867557 -0.21376860 0.16224547
v 0.33929545 -0.21377757 0.14944977
v 0.32643726 -0.20929305 0.17047204
v 0.33396798 -0.20317827 0.16741760
v 0.31949690 -0.20917234 0.17729908
v 0.32866716 -0.19629258 0.18144986
v 0.34820414 -0.19569759 0.15843228
v 0.35488886 -0.18520644 0.15844345
v 0.34716743 -0.18941656 0.16686022
v 0.35151219 -0.17664790 0.17555892
v 0.35725665 -0.20048241 0.13183700
v 0.35835791 -0.20004663 0.13041483
v 0.35845605 -0.19829693 0.13226373
v 0.35976893 -0.19824038 0.12986593
v 0.36473215 -0.17839892 0.14483015
v 0.37257057 -0.17858072 0.12987831
v 0.37594324 -0.16158625 0.13922395
v 0.36370835 -0.16954929 0.15844908
v -0.36017627 -0.15697373 0.14547226
v -0.36261195 -0.15416650 0.14107375
v -0.37481922 -0.13730842 0.12958956
v -0.35699338 -0.15696374 0.16062881
v -0.36302608 -0.14490271 0.14990562
v -0.35582179 -0.15461676 0.17127523
v -0.35458177 -0.15695612 0.17124148
v -0.35149071 -0.15970175 0.17519876
v -0.35465837 -0.15578830 0.17361212
v -0.37773490 -0.11801989 0.12957594
v -0.37704369 -0.10984184 0.13382994
v -0.36706284 -0.12839100 0.15814558
v -0.36887610 -0.12839137 0.15334859
v -0.36862969 -0.12310193 0.15549876
v -0.36645782 -0.11875963 0.16295406
v -0.35669199 -0.12837073 0.18611148
v 0.35192645 -0.16826707 0.18435749
v 0.37401763 -0.15663990 0.15007444
v 0.36855358 -0.15663832 0.16410242
v 0.35724133 -0.16567054 0.17651115
v 0.37868166 -0.15306549 0.14059290
v 0.37816051 -0.14129539 0.15183672
v 0.38584954 -0.13636386 0.13402641
v 0.37560773 -0.13619789 0.16250841
v 0.36384717 -0.14565939 0.18370701
v 0.38012618 -0.12807329 0.15844488
v 0.38045293 -0.11025830 0.16734605
v 0.37631881 -0.12807298 0.16799575
v 0.38826799 -0.12807564 0.13471095
v 0.38946247 -0.10673726 0.14777616
v 0.38965011 -0.12997313 0.12988080
v 0.39077079 -0.12561995 0.12988071
v 0.39319471 -0.10318151 0.14049202
v -0.38639590 -0.05775016 0.13120617
v -0.37431908 -0.07122619 0.15812522
v -0.38680685 -0.05753860 0.12954143
v -0.37278128 -0.09981222 0.15174478
v -0.36715162 -0.09981123 0.16732982
v -0.37350217 -0.07570331 0.15812592
v -0.38160396 -0.08749385 0.13153535
v -0.38556302 -0.06622880 0.12954584
v -0.37816870 -0.07812659 0.14432874
v -0.38283700 -0.08415101 0.12955576
v -0.36360919 -0.10312060 0.17572656
v -0.35699028 -0.12668274 0.18586423
v -0.36405790 -0.09626974 0.17594919
v -0.35698467 -0.09979669 0.19376053
v -0.38687706 -0.05626011 0.13019718
v -0.38556272 -0.05465633 0.13406371
v -0.37507692 -0.06360081 0.15812176
v -0.37268770 -0.07264939 0.16096905
v -0.37295020 -0.06954187 0.16149415
v 0.38164568 -0.09950276 0.17062899
v 0.38583887 -0.09950608 0.16034578
v 0.39115345 -0.08890308 0.14946200
v 0.39175162 -0.09951129 0.14711280
v 0.39475742 -0.09506407 0.13970882
v 0.38276386 -0.09336860 0.16965151
v 0.37726408 -0.10378061 0.17699665
v 0.37779903 -0.09549032 0.17672689
v 0.38935271 -0.07094452 0.15843275
v 0.38358831 -0.04686507 0.17045133
v 0.38006479 -0.07093578 0.17547078
v 0.39400572 -0.07095007 0.14617068
v 0.39229089 -0.05526505 0.15057994
v 0.40028182 -0.07816470 0.12986776
v 0.40022933 -0.06378049 0.12986043
v 0.39684185 -0.04788368 0.13864294
v -0.38957778 -0.03032819 0.13153191
v -0.38888490 -0.02500704 0.13616264
v -0.39038631 -0.00458058 0.13918574
v -0.38082129 -0.01405187 0.15810513
v -0.39093268 -0.02563784 0.12952545
v -0.39357960 -0.00375272 0.12952009
v -0.38556421 -0.03389349 0.14065224
v -0.37858665 -0.04263495 0.15462862
v -0.37315705 -0.04264116 0.16431740
v -0.37861365 -0.02874261 0.15810937
v -0.36624348 -0.04727730 0.17703754
v -0.36759537 -0.03734233 0.17770994
v -0.35699332 -0.04265001 0.19584939
v -0.39333630 0.00415040 0.13341197
v -0.38555199 0.00987554 0.14878844
v -0.38084221 0.00509800 0.15810400
v -0.37589878 -0.01868501 0.16735846
v -0.37658781 -0.00874545 0.16873136
v 0.38325945 -0.04237853 0.17140639
v 0.38583705 -0.04238064 0.16490537
v 0.39131698 -0.03146150 0.14958508
v 0.39353332 -0.04239003 0.14797047
v 0.39547569 -0.03758757 0.13931982
v 0.38342303 -0.03756400 0.17027906
v 0.37993416 -0.04532109 0.17563614
v 0.37992772 -0.03942881 0.17563584
v 0.38680920 -0.01382643 0.15838498
v 0.38054937 0.00416959 0.16735546
v 0.37955877 -0.01381908 0.17440948
v 0.39264351 -0.01383231 0.14339443
v 0.38936096 0.00773701 0.14757645
v 0.39802849 -0.01991807 0.12982726
v 0.39752162 -0.00801586 0.12981594
v 0.39152497 0.01190305 0.14124443
v -0.39444226 0.02437333 0.13397263
v -0.39163810 0.03492276 0.14173122
v -0.39244658 0.05046424 0.14336465
v -0.38352501 0.04308920 0.15810636
v -0.38780516 0.06709649 0.15810193
v -0.39600244 0.03406119 0.12952051
v -0.39756313 0.05137160 0.12952517
v -0.38554588 0.01860867 0.14993957
v -0.38205022 0.01452480 0.15635300
v -0.37964797 0.01452115 0.16105929
v -0.38149479 0.02262774 0.15810543
v -0.37207478 0.00696565 0.17994118
v -0.37081474 0.02142100 0.17931238
v -0.39596891 0.06260665 0.13474625
v -0.37671062 0.03763320 0.16900915
v -0.37744272 0.04926739 0.17048138
v 0.35692948 0.05724952 0.18616468
v 0.37765381 0.01474375 0.16853690
v 0.38585645 0.01473802 0.15335934
v 0.38840187 0.01980621 0.14659750
v 0.38957408 0.01473442 0.14592363
v 0.39061308 0.01710329 0.14169437
v 0.37764657 0.03116339 0.16440269
v 0.37203526 0.00785349 0.17953001
v 0.36804044 0.02364496 0.18151143
v 0.38347855 0.07065441 0.14280091
v 0.37869346 0.04330913 0.15831664
v 0.38122675 0.06253812 0.14868394
v 0.37547073 0.05107470 0.16219155
v 0.35883039 0.05605374 0.18377545
v 0.37537771 0.04331300 0.16591522
v 0.38984478 0.04329612 0.13766848
v 0.39335689 0.03955708 0.12975498
v 0.39173803 0.04621194 0.12974644
v 0.38589978 0.06343066 0.13980046
v -0.38850528 0.07165291 0.15661077
v -0.39733893 0.08003659 0.13543215
v -0.38765830 0.07165132 0.15916786
v -0.38827273 0.07714999 0.15809993
v -0.39395624 0.09437973 0.14640206
v -0.39377883 0.10624313 0.14604965
v -0.38969067 0.10021669 0.15809295
v -0.39934579 0.09286879 0.12952098
v -0.39898348 0.10778369 0.12951720
v -0.38552818 0.06934501 0.16271488
v -0.38552576 0.07518051 0.16516978
v -0.37409335 0.06308114 0.18096101
v -0.37749082 0.08190148 0.18266144
v -0.39590788 0.11971731 0.13471527
v -0.38551223 0.12794857 0.15641832
v -0.38487700 0.12750901 0.15808469
v -0.38146353 0.08998190 0.17855069
v -0.38171098 0.11067515 0.17905268
v 0.35643432 0.05802496 0.18644440
v 0.35144639 0.08323529 0.18393309
v 0.36635488 0.10043213 0.15828745
v 0.35626316 0.12678723 0.15826842
v 0.35348275 0.08998635 0.17920272
v 0.35054249 0.10793307 0.17327389
v 0.38094774 0.07186674 0.14648932
v 0.37055129 0.07187410 0.16491558
v 0.36854953 0.09430104 0.15829049
v 0.35728297 0.05831363 0.18544260
v 0.35730669 0.08177640 0.17809251
v 0.38313001 0.07325136 0.14262442
v 0.36986306 0.09867622 0.15477708
v 0.38214442 0.09852653 0.12971425
v 0.36942863 0.10262244 0.15389730
v 0.38121653 0.10276832 0.12971170
v 0.35736406 0.12808739 0.15647419
v 0.37124720 0.12163541 0.13664106
v -0.38955292 0.14105454 0.13153021
v -0.38725418 0.14482647 0.13300741
v -0.37302610 0.15733720 0.15807894
v -0.38888484 0.14476998 0.12950617
v -0.38551092 0.13130686 0.15303354
v -0.38476947 0.12878019 0.15771234
v -0.38429505 0.12877949 0.15869360
v -0.38111353 0.13757069 0.15808225
v -0.38550478 0.15074463 0.12950724
v -0.37815222 0.11816160 0.18298644
v -0.37291092 0.13674095 0.18036711
v -0.37337118 0.15948863 0.15378140
v -0.37703300 0.16740361 0.12951279
v -0.36424100 0.18225950 0.14014822
v -0.37206233 0.15901768 0.15807946
v -0.36766753 0.16443981 0.16163567
v -0.37283033 0.15572776 0.16129534
v -0.37201178 0.15812510 0.15965921
v -0.35455823 0.18113911 0.16999963
v 0.34288350 0.15707767 0.15802513
v 0.35615256 0.12898383 0.15766084
v 0.34244990 0.15621452 0.15890826
v 0.35400033 0.12898415 0.15994866
v 0.34043607 0.12316194 0.17839095
v 0.32876742 0.12899652 0.18905766
v 0.32879287 0.14283380 0.17947188
v 0.33658490 0.13288693 0.17645368
v 0.34248203 0.15752757 0.15824991
v 0.32408556 0.17660750 0.16778001
v 0.32408345 0.15753384 0.17736937
v 0.34285325 0.15752751 0.15773830
v 0.34379685 0.15683982 0.15687457
v 0.34233665 0.15907252 0.15747632
v 0.35654715 0.17135946 0.12968376
v 0.35736752 0.13073479 0.15475839
v 0.36628142 0.13879852 0.13414072
v 0.35741585 0.16950567 0.12968433
v 0.36120841 0.14706275 0.13732219
v 0.36541417 0.14725141 0.12968853
v 0.35485378 0.17307509 0.13096441
v -0.36002481 0.18590671 0.14534909
v -0.36029455 0.18758912 0.14212480
v -0.35693371 0.18590033 0.15498123
v -0.35842350 0.18888585 0.14529523
v -0.34879667 0.20217751 0.15194631
v -0.35693812 0.19415200 0.13968737
v -0.35207579 0.18589120 0.16994627
v -0.35694158 0.16708842 0.18178149
v -0.35147193 0.18315797 0.17511015
v -0.34729108 0.19071043 0.17720348
v -0.34136015 0.21188048 0.15809496
v -0.34135017 0.21316461 0.15549108
v -0.33957779 0.21754974 0.15194054
v -0.33994073 0.21446452 0.15809512
v -0.33982021 0.21163015 0.16376206
v -0.34989530 0.21096930 0.12952884
v -0.34343868 0.22125380 0.12953253
v -0.33539340 0.23228605 0.13304092
v -0.32837832 0.23676419 0.14552149
v -0.32838526 0.24068040 0.12954625
v -0.32507005 0.23644373 0.15810534
v -0.32551265 0.22588852 0.18097499
v 0.29373410 0.19709229 0.18352959
v 0.26842970 0.23656294 0.16918766
v 0.30574530 0.21463087 0.15821993
v 0.27779806 0.23109227 0.16645288
v 0.29225278 0.22710638 0.15821856
v 0.29491839 0.20571315 0.17607687
v 0.29106754 0.21969423 0.16834466
v 0.31781572 0.18607727 0.16700637
v 0.31088376 0.20727870 0.15822098
v 0.30026779 0.19581790 0.17771783
v 0.31187630 0.21194129 0.15284587
v 0.32606983 0.21322556 0.12965183
v 0.32883608 0.18607430 0.15655528
v 0.32044262 0.20287171 0.15234697
v 0.33243281 0.19324100 0.14753814
v 0.32885617 0.20758830 0.13317436
v 0.33659008 0.18607137 0.14782903
v 0.33966690 0.19147331 0.13854671
v 0.30967954 0.17652160 0.18208103
v 0.30836070 0.22083205 0.14579073
v 0.32131240 0.21839221 0.12964621
v 0.30029985 0.23333669 0.13850579
v 0.30030072 0.23918873 0.12963173
v 0.30680364 0.23215134 0.13288577
v -0.32113481 0.24305257 0.15449329
v -0.31806171 0.24304765 0.16326720
v -0.31761754 0.25197923 0.13494074
v -0.30344269 0.26985186 0.12957028
v -0.30784270 0.25914404 0.15188447
v -0.30602726 0.25552061 0.16618142
v -0.31924471 0.23330721 0.18213114
v -0.30888706 0.24759321 0.17695865
v -0.29978615 0.25687999 0.17933373
v -0.30131900 0.27240667 0.12957199
v -0.29314822 0.27163392 0.15814085
v -0.30127349 0.27165812 0.13246508
v -0.28818581 0.27695480 0.15548755
v -0.28784168 0.27627006 0.16046347
v -0.28013790 0.28242707 0.15814981
v -0.28989154 0.27162871 0.16689292
v -0.27623260 0.28090775 0.17671192
v -0.29982919 0.27354908 0.13051648
v -0.27913857 0.28988838 0.13351828
v -0.27126455 0.29312032 0.14393386
v -0.27127728 0.29559305 0.12958582
v -0.26707944 0.29187348 0.15815604
v -0.26952630 0.28421175 0.18332583
v 0.21464947 0.26985133 0.18579397
v 0.23580888 0.25380477 0.18308385
v 0.21144001 0.29872876 0.14233512
v 0.21253312 0.29607841 0.14607953
v 0.20857894 0.28821379 0.16642269
v 0.21348172 0.27179855 0.18443158
v 0.24065760 0.28347933 0.13476430
v 0.23624595 0.27177900 0.15820897
v 0.22126904 0.28712612 0.15054721
v 0.22584757 0.27795514 0.16129503
v 0.23107614 0.27606735 0.15820913
v 0.21898989 0.27179340 0.17808643
v 0.23355508 0.26715657 0.16746356
v 0.23095991 0.27381206 0.16226637
v 0.24228056 0.28556496 0.12964822
v 0.21466728 0.29697317 0.14226229
v 0.26316819 0.24320719 0.16821180
v 0.25166315 0.26011959 0.15821490
v 0.24320653 0.25276822 0.17732330
v 0.24321584 0.28488633 0.12964746
v 0.25237992 0.26666206 0.14799486
v 0.26666465 0.26919651 0.12962632
v 0.27175194 0.24319856 0.15847358
v 0.26615155 0.25441444 0.14953873
v 0.27523181 0.25014645 0.14740527
v 0.27175733 0.26099604 0.13500856
v 0.28236055 0.24319287 0.14923528
v 0.28389308 0.24925639 0.13784857
v 0.25743264 0.23604923 0.17967257
v 0.27173403 0.21979739 0.18421918
v -0.25862199 0.30023199 0.15184239
v -0.24746320 0.30021760 0.17005403
v -0.25380546 0.30579895 0.13833120
v -0.24713330 0.30910590 0.14831330
v -0.23627144 0.31311235 0.15031461
v -0.24271148 0.31340849 0.13731390
v -0.24363405 0.30213243 0.17149146
v -0.24102631 0.30352557 0.17079613
v -0.25354981 0.29476607 0.17788574
v -0.24456073 0.30115962 0.17339130
v -0.24266784 0.30021167 0.17974661
v -0.24267495 0.30200267 0.17334102
v -0.22958082 0.30676532 0.17899418
v -0.22279173 0.31758383 0.15816821
v -0.22257385 0.32298779 0.14647779
v -0.20344511 0.32883114 0.15817285
v -0.23129559 0.32314271 0.12960863
v -0.21409358 0.31321099 0.18413372
v -0.21414870 0.33606407 0.12961510
v -0.21208477 0.31350935 0.18573457
v -0.18552670 0.32485816 0.18476512
v -0.20317009 0.33216625 0.15152662
v -0.20770447 0.33993611 0.12961803
v -0.20060600 0.33036566 0.15817358
v -0.19790359 0.33270970 0.15624109
v -0.19889152 0.33072618 0.15912072
v -0.20671977 0.32191855 0.17196351
v -0.20065139 0.32964423 0.15980038
v -0.19547465 0.32882652 0.16688633
v -0.17896253 0.34426212 0.15049282
v -0.17619927 0.33873439 0.16312836
v -0.16208918 0.34718975 0.15819837
v -0.18218690 0.32882157 0.18005946
v -0.16150370 0.33858344 0.17766777
v -0.18555909 0.34714940 0.13876411
v -0.17415622 0.35176101 0.13822308
v -0.15696566 0.35313380 0.14956737
v -0.15696600 0.36162046 0.12964872
v -0.15348081 0.35048178 0.15820293
v -0.13119841 0.35180420 0.16966966
v -0.15392704 0.34010530 0.18070483
v -0.12599306 0.35269806 0.17011566
v 0.04286576 0.35690922 0.17219318
v 0.04352934 0.35685876 0.17216817
v 0.07130123 0.34277394 0.18583044
v 0.10037462 0.32862085 0.18660225
v 0.09980544 0.35726145 0.14370817
v 0.10000689 0.35681930 0.14435072
v 0.09412251 0.34503525 0.16627768
v 0.07247247 0.34255663 0.18539681
v 0.10012309 0.32896140 0.18627016
v 0.13087296 0.32896343 0.15824971
v 0.10126575 0.35575187 0.14488350
v 0.10991990 0.33848098 0.16300529
v 0.11871217 0.33702126 0.15825593
v 0.10100524 0.32896149 0.18551518
v 0.11836576 0.33264923 0.16561161
v 0.10036878 0.35704508 0.14374097
v 0.14077009 0.32395324 0.15824747
v 0.14088777 0.32657290 0.15348013
v 0.14600796 0.32348880 0.15551493
v 0.16579640 0.31686360 0.15220614
v 0.14805090 0.31938547 0.16302265
v 0.16311839 0.31154138 0.16692992
v 0.15752350 0.31060633 0.17760403
v 0.16770877 0.30547279 0.17758244
v 0.13620770 0.33602324 0.14414695
v 0.10261603 0.35641983 0.14286825
v 0.12897299 0.34661350 0.13643631
v 0.12896684 0.35265985 0.12972052
v 0.13442710 0.34597433 0.13243909
v 0.15130340 0.32895648 0.14221299
v 0.13369158 0.31940180 0.17733514
v 0.16043332 0.32895240 0.13545160
v 0.18260695 0.30737263 0.15823068
v 0.18360347 0.31717226 0.13474649
v 0.16304600 0.33169276 0.12971236
v 0.15755984 0.33330315 0.13188693
v 0.20197833 0.30035418 0.15029165
v 0.19263883 0.30036724 0.16149266
v 0.18842584 0.30500945 0.15822889
v 0.18609802 0.30349964 0.16447872
v 0.19905235 0.30816823 0.13615206
v 0.18612918 0.31945908 0.12970228
v 0.18775290 0.31626847 0.13294700
v 0.18986391 0.31650794 0.12969975
v 0.19089153 0.28850171 0.18435365
v -0.14345457 0.35746372 0.15146604
v -0.14174350 0.36416847 0.13725738
v -0.12837122 0.35746527 0.16089261
v -0.13180566 0.36435223 0.14737622
v -0.12411830 0.36597320 0.14819153
v -0.12836938 0.36897534 0.13821384
v -0.11452413 0.35747296 0.16558748
v -0.12837049 0.34893566 0.17674389
v -0.11381955 0.35018420 0.17975652
v -0.10313720 0.36422378 0.15823349
v -0.10286205 0.37489593 0.13586684
v -0.10848790 0.37616506 0.12969103
v -0.09621692 0.36459589 0.15823640
v -0.09977129 0.36086696 0.16498482
v -0.09977196 0.37820244 0.12969849
v -0.09650625 0.37507296 0.13621518
v -0.08447640 0.37947232 0.12970600
v -0.07730825 0.36978054 0.15009910
v -0.06451720 0.37084329 0.15062934
v -0.07118300 0.37883705 0.13334826
v -0.07290352 0.36094627 0.17078641
v -0.06921692 0.36142784 0.17054862
v -0.07443907 0.35912269 0.17413166
v -0.07118166 0.35749325 0.17763399
v -0.07118083 0.35981870 0.17366572
v -0.06632219 0.35992876 0.17493322
v -0.04871453 0.36976820 0.15825398
v -0.04798084 0.37721854 0.14047687
v -0.06173895 0.38140714 0.12971678
v -0.03574672 0.37122810 0.15825760
v -0.04259381 0.36453074 0.17225303
v -0.04259738 0.38287094 0.12972313
v -0.03650395 0.37792820 0.14188513
v -0.02181075 0.38223970 0.12972835
v -0.02258815 0.37470561 0.15256178
v -0.00536549 0.37482667 0.15261927
v -0.01400644 0.38166812 0.13196291
v -0.01900530 0.36753488 0.16753334
v -0.00895024 0.36764836 0.16747791
v -0.02430752 0.36267561 0.17766230
v -0.01400994 0.35752690 0.18573484
v -0.01400737 0.36390743 0.17570260
v -0.00462361 0.36222595 0.17719865
v 0.00747476 0.37177014 0.15825748
v 0.00756986 0.37886092 0.14373401
v -0.00750594 0.38289475 0.12973046
v 0.04151902 0.35754701 0.17168051
v 0.02058282 0.36952591 0.15825030
v 0.01458367 0.36424857 0.17163876
v 0.01458686 0.38533252 0.12972766
v 0.02048593 0.37774229 0.14149389
v 0.03663165 0.38286534 0.12971029
v 0.04318497 0.35754716 0.17109299
v 0.03660300 0.37070787 0.15054920
v 0.04879425 0.36876303 0.14957519
v 0.04317675 0.38052288 0.13250650
v 0.06779753 0.35754269 0.16023648
v 0.04075199 0.35633087 0.17372440
v 0.04318433 0.35605925 0.17325395
v 0.07169961 0.35769731 0.15825161
v 0.07031782 0.37328154 0.13259719
v 0.05984361 0.37779611 0.12970419
v 0.07707135 0.35754216 0.15561080
v 0.07199263 0.35754201 0.15835904
v 0.07184543 0.35767832 0.15825163
v 0.07177736 0.35606006 0.16120994
v 0.07177725 0.35761401 0.15839541
v 0.09534459 0.36005285 0.14148004
v 0.07176442 0.37495345 0.12970302
v 0.07305402 0.37311941 0.13227497
v 0.07606478 0.37398130 0.12970522
v -0.15712696 -0.31680614 0.18690091
v -0.09997597 -0.33108366 0.18687683
v -0.04280373 -0.33698195 0.18689935
v -0.02229046 -0.33212721 0.19715118
v -0.01500211 -0.32964256 0.20195486
v 0.01352197 -0.34318361 0.18856338
v -0.01333595 -0.32987553 0.20207207
v 0.01156884 -0.34374857 0.18691863
v -0.01422669 -0.33108854 0.19968440
v 0.01434538 -0.34434742 0.18691942
v 0.01538847 -0.34340444 0.18900542
v 0.01983855 -0.34510708 0.18692240
v 0.01434466 -0.33812422 0.19539127
v 0.03890465 -0.33609608 0.20520684
v 0.06954384 -0.34429774 0.19082946
v 0.04717348 -0.33660272 0.20546840
v 0.06281568 -0.34669334 0.18694308
v 0.04291735 -0.34352905 0.19348723
v 0.07148846 -0.34644547 0.18694833
v 0.07324638 -0.34411386 0.19046454
v 0.07659282 -0.34490284 0.18695100
v 0.07146547 -0.32814983 0.21533264
v 0.09896397 -0.33022091 0.20230865
v 0.10089090 -0.32973859 0.20206894
v 0.10005030 -0.33127290 0.19961888
v 0.10379212 -0.32992122 0.19936031
v 0.12863488 -0.32425869 0.18697602
v -0.18579952 -0.29970059 0.18690154
v -0.18567760 -0.29976285 0.18696325
v -0.15987803 -0.31528378 0.18827863
v -0.18611494 -0.29942092 0.18690138
v -0.21420544 -0.27464816 0.18688411
v -0.20260942 -0.27956921 0.19269758
v -0.18577278 -0.29963970 0.18709217
v -0.19118692 -0.28213471 0.20670924
v -0.18416111 -0.29964119 0.18993732
v -0.16776212 -0.30328864 0.20819330
v -0.17088418 -0.29913616 0.21444373
v -0.16778147 -0.29965311 0.21547890
v -0.17257515 -0.29730442 0.21430334
v -0.17063296 -0.29811814 0.21547955
v -0.15712702 -0.31567299 0.19043161
v -0.14640056 -0.30676657 0.21547252
v -0.14917794 -0.31788006 0.19087121
v -0.13603663 -0.31323439 0.20866033
v -0.12171700 -0.31452203 0.20800623
v -0.12855908 -0.32103083 0.19759378
v -0.11918340 -0.32349452 0.19648364
v -0.13940527 -0.30649754 0.21889722
v -0.11818483 -0.30747703 0.21938330
v -0.14656292 -0.30337533 0.22292948
v -0.15163547 -0.29084721 0.23309350
v -0.13701417 -0.29964453 0.22709927
v -0.10890575 -0.31032610 0.21545058
v -0.12070532 -0.29963726 0.22836216
v -0.10991448 -0.30396819 0.22413620
v -0.10187885 -0.28726456 0.24019605
v -0.09997475 -0.32145512 0.20200899
v -0.09122135 -0.31068456 0.21544439
v -0.07753011 -0.32508108 0.19809334
v -0.07606846 -0.31880230 0.20583852
v -0.06808357 -0.32153577 0.20446765
v -0.07139038 -0.32487670 0.19952707
v -0.06759313 -0.32624462 0.19926484
v -0.08178256 -0.30739641 0.21934053
v -0.06249778 -0.31037211 0.22083424
v -0.09018898 -0.30412400 0.22446372
v -0.09813821 -0.28717354 0.24037264
v -0.07836998 -0.29961085 0.23005766
v -0.04975765 -0.31425500 0.21544904
v -0.06608592 -0.29960382 0.23340157
v -0.05123946 -0.30544499 0.22716738
v -0.04281053 -0.32348448 0.20617248
v -0.01880878 -0.32809854 0.20346752
v -0.03715890 -0.31682366 0.21544966
v -0.01422757 -0.32809505 0.20403472
v -0.00523088 -0.32809231 0.20567724
v -0.02179821 -0.31299627 0.22216976
v -0.00725243 -0.31414884 0.22275463
v -0.03568998 -0.30672953 0.22976550
v -0.01717107 -0.29956955 0.23813510
v 0.01166218 -0.32273293 0.21546036
v -0.01166160 -0.29956549 0.23886064
v 0.00888492 -0.30837539 0.23310444
v 0.01434283 -0.32610396 0.21149457
v 0.02359288 -0.32808617 0.21084449
v 0.01687227 -0.32303208 0.21546151
v 0.04290750 -0.32808721 0.21575120
v 0.07140885 -0.32807377 0.21545644
v 0.03859165 -0.31947231 0.22543536
v 0.04728193 -0.31932822 0.22536415
v 0.01956100 -0.30860847 0.23357889
v 0.04138370 -0.29954296 0.24099448
v 0.07145233 -0.32804769 0.21548468
v 0.04443958 -0.29954165 0.24093074
v 0.06663498 -0.30899149 0.23439486
v 0.07146534 -0.32806319 0.21546364
v 0.07172500 -0.32807356 0.21535516
v 0.07148176 -0.32804087 0.21548468
v 0.10004497 -0.32805428 0.20486876
v 0.10373192 -0.32805175 0.20306803
v 0.09342808 -0.31486920 0.22316536
v 0.10913901 -0.30983925 0.22067133
v 0.07703216 -0.30821258 0.23285951
v 0.09622619 -0.29950410 0.23645474
v 0.11954229 -0.30990875 0.21550518
v 0.13566644 -0.29946360 0.21551000
v 0.10609932 -0.29949355 0.23189716
v 0.11850434 -0.30366442 0.22386785
v 0.12225866 -0.29153672 0.23138127
v 0.12862581 -0.31894657 0.19735867
v 0.13628627 -0.31756845 0.19080016
v 0.13927531 -0.30309218 0.20825441
v 0.15721267 -0.30375710 0.18914221
v 0.14158072 -0.29813334 0.21286522
v 0.14880222 -0.29944998 0.20375650
v 0.14097822 -0.29560810 0.21551229
v 0.14481896 -0.29563332 0.21360539
v 0.16003519 -0.29943794 0.19262646
v 0.18204445 -0.28889719 0.19447692
v 0.16474372 -0.28594834 0.20879051
v 0.16181658 -0.30173814 0.18698570
v 0.18579814 -0.29134947 0.18698826
v 0.18792899 -0.28727928 0.19124863
v 0.19186118 -0.28818002 0.18698782
v 0.18579087 -0.27621573 0.20484646
v 0.20476851 -0.27566692 0.19646519
v 0.24297343 -0.26248580 0.18699023
v -0.27292699 -0.22992064 0.19007136
v -0.27254930 -0.21650448 0.21536390
v -0.27456826 -0.22993022 0.18681857
v -0.27130148 -0.23246230 0.18682276
v -0.25034028 -0.24635610 0.18685153
v -0.22944883 -0.24450576 0.21444452
v -0.24274506 -0.25007823 0.19062157
v -0.22500846 -0.26222894 0.19228378
v -0.22913250 -0.24387248 0.21608712
v -0.26811114 -0.23148257 0.19320449
v -0.28027469 -0.22381145 0.19129658
v -0.23165543 -0.24254788 0.21542127
v -0.24815351 -0.24255617 0.19767323
v -0.26877469 -0.21905315 0.21536943
v -0.25214022 -0.23279937 0.21051848
v -0.24657509 -0.22165766 0.22583717
v -0.22646289 -0.24656454 0.21542701
v -0.22953980 -0.24254626 0.21756402
v -0.22710094 -0.24391627 0.21816561
v -0.22276595 -0.23683488 0.22683243
v -0.21420391 -0.26503763 0.20331591
v -0.20117518 -0.27109927 0.20893718
v -0.20823807 -0.25916284 0.21544489
v -0.18565966 -0.27110159 0.22508621
v -0.18769802 -0.26701942 0.22770442
v -0.18446341 -0.26871157 0.22855438
v -0.18251592 -0.27110153 0.22817928
v -0.18565333 -0.25548264 0.23754430
v -0.17621478 -0.26637700 0.23447458
v -0.20670199 -0.24931094 0.22899082
v -0.21205500 -0.23039705 0.23968963
v -0.15710516 -0.28258288 0.23845157
v -0.15100516 -0.28232741 0.24099360
v -0.12853767 -0.28853810 0.23848224
v -0.10210586 -0.28428125 0.24295387
v -0.12852612 -0.27108166 0.24995261
v -0.09996382 -0.28477037 0.24286219
v -0.09835654 -0.28454721 0.24322033
v -0.07139280 -0.29162061 0.24001440
v -0.07139096 -0.27105960 0.25656396
v -0.01423621 -0.29563043 0.24203365
v 0.04289491 -0.29701841 0.24275641
v 0.10001516 -0.29167876 0.24012631
v 0.12033300 -0.28106827 0.23992807
v 0.10001910 -0.27093202 0.25031638
v 0.15439485 -0.27088332 0.22840407
v 0.12859896 -0.28135782 0.23639810
v 0.15719159 -0.27088082 0.22703193
v 0.18120973 -0.27086625 0.21325642
v 0.15638058 -0.26926351 0.22899345
v 0.15829566 -0.26867247 0.22870028
v 0.14540845 -0.26500204 0.23568353
v 0.15719295 -0.25742328 0.23653933
v 0.18393679 -0.26716945 0.21554454
v 0.17932808 -0.25014135 0.23121767
v 0.18435176 -0.22944981 0.24127121
v 0.18578690 -0.26953247 0.21288043
v 0.18890071 -0.26464224 0.21554698
v 0.21209134 -0.26971972 0.20012416
v 0.21165393 -0.26541716 0.20399171
v 0.21438068 -0.26857269 0.20012282
v 0.22384933 -0.26613542 0.19653967
v 0.20430967 -0.25075400 0.21978152
v 0.22297585 -0.24230048 0.21556292
v 0.19445318 -0.24792299 0.22678973
v 0.18823916 -0.23048136 0.23920815
v 0.20475030 -0.24230231 0.22489765
v 0.22746824 -0.24230017 0.21315582
v 0.23358381 -0.24720596 0.20575307
v 0.23005408 -0.24092007 0.21280545
v 0.22764526 -0.24024619 0.21453837
v 0.22512089 -0.23520818 0.21911509
v 0.23190890 -0.23583221 0.21556941
v 0.24297288 -0.25872329 0.19126596
v 0.24676821 -0.25848407 0.18888816
v 0.24614041 -0.25342059 0.19332585
v 0.27154431 -0.24376521 0.18772009
v 0.25128752 -0.23632875 0.20363119
v 0.27024540 -0.24230677 0.18958957
v 0.24778451 -0.22336659 0.21558157
v 0.26743203 -0.22195330 0.20540331
v 0.27225941 -0.24230716 0.18842262
v 0.27404675 -0.21875040 0.20380373
v 0.27337557 -0.24322385 0.18699135
v 0.27904633 -0.23855951 0.18699250
v 0.28839082 -0.22217146 0.19286272
v 0.30010855 -0.21986081 0.18699667
v -0.33316278 -0.17594492 0.19622180
v -0.31555343 -0.18546635 0.21532987
v -0.33219495 -0.16443631 0.21531419
v -0.33788091 -0.17594698 0.18674639
v -0.31455663 -0.18629327 0.21533050
v -0.32842308 -0.18430263 0.18675548
v -0.31530425 -0.18662956 0.21300741
v -0.31797987 -0.19454956 0.18676659
v -0.31267220 -0.18840741 0.21386121
v -0.29515481 -0.20461060 0.20576701
v -0.29985899 -0.20524737 0.19666646
v -0.27857947 -0.21400946 0.21171823
v -0.29308969 -0.21064076 0.19768451
v -0.31351352 -0.18672459 0.21596058
v -0.29200584 -0.19829549 0.22176249
v -0.27475065 -0.21400397 0.21708687
v -0.34031239 -0.16526836 0.19268017
v -0.31449831 -0.18582059 0.21604033
v -0.31475899 -0.18484922 0.21656054
v -0.31303227 -0.18546349 0.21755120
v -0.29413787 -0.18543953 0.23244038
v -0.27564210 -0.19537432 0.23522836
v -0.27129933 -0.21548897 0.21833633
v -0.27130008 -0.21002661 0.22330326
v -0.24747194 -0.21635155 0.23203057
v -0.24274258 -0.21945471 0.23240556
v -0.22389059 -0.22340915 0.23911443
v -0.25408053 -0.20831510 0.23532306
v -0.24274094 -0.21398212 0.23670657
v -0.26845828 -0.19686043 0.23822138
v -0.21419725 -0.22693019 0.24132514
v -0.21149901 -0.22690286 0.24262530
v 0.18351489 -0.22689411 0.24299207
v 0.18577819 -0.22713061 0.24233632
v 0.19196060 -0.22493574 0.24103987
v 0.21436703 -0.22139139 0.23368436
v 0.22071619 -0.21691126 0.23303682
v 0.21436569 -0.21374264 0.23826256
v 0.22725071 -0.20730275 0.23631635
v 0.23966610 -0.19617493 0.23761332
v 0.25201195 -0.21373609 0.22011365
v 0.24296147 -0.21721542 0.22254780
v 0.24295719 -0.20686980 0.22933534
v 0.27153829 -0.21373866 0.20898400
v 0.27854005 -0.21374016 0.20480086
v 0.26477587 -0.20023717 0.22312912
v 0.28250152 -0.19179474 0.21889946
v 0.24737129 -0.19503461 0.23533008
v 0.26560748 -0.18517391 0.23234969
v 0.28881243 -0.19118243 0.21558943
v 0.29628178 -0.18518397 0.21558820
v 0.28185487 -0.18517859 0.22350033
v 0.28763294 -0.18700437 0.21924166
v 0.28883782 -0.18214960 0.22165881
v 0.30010518 -0.20461099 0.19729900
v 0.30933544 -0.20408748 0.19161904
v 0.30796209 -0.19160700 0.20273954
v 0.32866374 -0.18878081 0.18879493
v 0.31077993 -0.18159547 0.20839199
v 0.32481727 -0.18519495 0.19469456
v 0.30837065 -0.17319892 0.21558452
v 0.32193124 -0.17007113 0.20801602
v 0.33037812 -0.18519698 0.19043675
v 0.33219200 -0.16371474 0.20483282
v 0.33252746 -0.18713011 0.18700242
v 0.33890873 -0.18007870 0.18700647
v 0.34506941 -0.16484079 0.19308926
v 0.35723415 -0.15497142 0.18700983
v -0.34435076 -0.13163261 0.21363521
v -0.33812934 -0.15691061 0.21045470
v -0.34718084 -0.15202036 0.19610399
v -0.34354240 -0.13001379 0.21611235
v -0.33406222 -0.15690349 0.21812105
v -0.34443176 -0.12834436 0.21527563
v -0.35358581 -0.12836410 0.19351836
v -0.34802556 -0.11770751 0.20994887
v -0.34391010 -0.12593678 0.21647853
v -0.34341180 -0.12834364 0.21668628
v -0.34055811 -0.13048935 0.21957636
v -0.33589047 -0.12152462 0.22890282
v -0.35639495 -0.12866813 0.18670920
v -0.35654715 -0.12814857 0.18670890
v -0.32842961 -0.16028382 0.22207838
v -0.32842773 -0.15101492 0.22706658
v -0.31233931 -0.16311847 0.23583110
v -0.29986230 -0.17378807 0.23805746
v -0.31803176 -0.14779790 0.23866817
v -0.29986417 -0.15687025 0.24672797
v -0.35475054 -0.10090943 0.19985956
v -0.32496566 -0.13914996 0.23694187
v -0.32758331 -0.11488225 0.24217528
v 0.27151492 -0.17050681 0.23683913
v 0.28294557 -0.16233549 0.23560455
v 0.27150577 -0.15661669 0.24359643
v 0.28889698 -0.14792453 0.23858075
v 0.29669192 -0.13897152 0.23741777
v 0.29789636 -0.11593272 0.23983355
v 0.31347996 -0.15663077 0.22228843
v 0.30007505 -0.16221829 0.22677757
v 0.30006760 -0.14805447 0.23273760
v 0.32864439 -0.15663201 0.21165228
v 0.33933362 -0.13525158 0.21197385
v 0.33719781 -0.15663260 0.20556539
v 0.32091001 -0.14118549 0.22213736
v 0.33767328 -0.12806597 0.21556619
v 0.32413837 -0.10847033 0.22535840
v 0.30591381 -0.13649410 0.23245336
v 0.30413675 -0.11785544 0.23598863
v 0.31986219 -0.12806320 0.22660553
v 0.34155828 -0.12806593 0.21283105
v 0.34813893 -0.13327332 0.20515698
v 0.34628955 -0.12470692 0.20884426
v 0.34088096 -0.12397948 0.21351902
v 0.35722929 -0.14521259 0.19272648
v 0.36134601 -0.14441091 0.18906479
v 0.36000896 -0.13957499 0.19256198
v 0.36511111 -0.13841805 0.18700743
v 0.36166388 -0.11821799 0.19586283
v 0.36909550 -0.11971539 0.18699835
v 0.35722402 -0.10661906 0.20131370
v 0.36742008 -0.10869191 0.19208661
v -0.36024311 -0.07285978 0.18669347
v -0.35052505 -0.08687134 0.20743713
v -0.35698515 -0.08655134 0.19435482
v -0.35348895 -0.09979051 0.20272385
v -0.35474750 -0.09867322 0.19985747
v -0.34495923 -0.07573560 0.21752098
v -0.34345794 -0.09978035 0.22278158
v -0.32946000 -0.08601407 0.24330911
v -0.36083293 -0.06930589 0.18669364
v -0.34628183 -0.07122064 0.21526329
v -0.35870606 -0.07122967 0.19013344
v -0.35139757 -0.05383729 0.20657080
v -0.34531593 -0.06599588 0.21787575
v -0.34444219 -0.07122001 0.21874534
v -0.33381969 -0.06233069 0.23303115
v -0.35699075 -0.05415461 0.19522791
v -0.32841703 -0.11286087 0.24146537
v -0.32695663 -0.11331732 0.24311273
v -0.35492080 -0.04368755 0.19994049
v -0.32745677 -0.05789153 0.24190168
v 0.29523036 -0.11136365 0.24173889
v 0.27147162 -0.09949107 0.25496539
v 0.29783756 -0.08631167 0.24303518
v 0.29913679 -0.08430265 0.24232295
v 0.32258990 -0.09948936 0.22682625
v 0.30005395 -0.11106917 0.23873666
v 0.30004391 -0.08646287 0.24162842
v 0.32863000 -0.09948975 0.22259386
v 0.34181908 -0.07313001 0.21443762
v 0.34719881 -0.09949577 0.21054576
v 0.32444951 -0.09113485 0.22565976
v 0.34028363 -0.07092582 0.21553884
v 0.32613501 -0.04735697 0.22731844
v 0.30189249 -0.08336148 0.24043882
v 0.32135430 -0.07092355 0.22957522
v 0.34223840 -0.07092604 0.21417204
v 0.34468648 -0.07268786 0.21201670
v 0.34464854 -0.06920215 0.21208954
v 0.34175959 -0.06860268 0.21437559
v 0.35722524 -0.09269881 0.20195502
v 0.36802399 -0.09061096 0.19238022
v 0.36281252 -0.07963009 0.19814873
v 0.37177840 -0.07794884 0.18698925
v 0.36289167 -0.06231437 0.19830704
v 0.37194896 -0.06400409 0.18698353
v 0.35721976 -0.04829431 0.20367464
v 0.36885029 -0.05084287 0.19278011
v -0.36629117 -0.01872309 0.18668997
v -0.35215035 -0.03295541 0.20582382
v -0.35699499 -0.03661441 0.19795972
v -0.35248718 -0.04265041 0.20323128
v -0.35495192 -0.04162854 0.19995639
v -0.34584624 -0.02033379 0.21839146
v -0.34084633 -0.04264917 0.22147469
v -0.36767036 -0.00873298 0.18668747
v -0.36168236 0.01215334 0.19863737
v -0.34855294 -0.01407596 0.21526101
v -0.36171135 -0.01407568 0.19611368
v -0.35899085 0.01051538 0.20296809
v -0.34655604 -0.00640441 0.21909747
v -0.34521812 -0.01407522 0.22025774
v -0.33164468 -0.02514522 0.23740968
v -0.32899520 -0.00033741 0.24273331
v -0.32842204 -0.05478080 0.23953700
v -0.32843253 -0.02972298 0.24109997
v -0.32640064 -0.05591578 0.24282090
v -0.32718915 -0.02897692 0.24321109
v -0.32772270 -0.02764555 0.24241339
v -0.32834119 0.00011161 0.24363130
v 0.32512632 -0.04236106 0.22805974
v 0.32863575 -0.04236186 0.22536206
v 0.34173191 -0.01619809 0.21431310
v 0.34824124 -0.04236463 0.21104448
v 0.32600257 -0.03709687 0.22717759
v 0.30957049 -0.05188816 0.23935464
v 0.31570578 -0.03589922 0.23627506
v 0.34004825 -0.01379841 0.21551119
v 0.32680285 0.01108341 0.22792520
v 0.32201380 -0.01379728 0.23082939
v 0.34208888 -0.01379872 0.21382383
v 0.34471494 -0.01557966 0.21195146
v 0.34507719 -0.01165915 0.21122681
v 0.34152552 -0.01098323 0.21410070
v 0.35722095 -0.03643164 0.20365660
v 0.36884159 -0.03388806 0.19276401
v 0.36267829 -0.02264203 0.19784161
v 0.37150660 -0.02096372 0.18694772
v 0.36198640 -0.00427202 0.19642460
v 0.36999261 -0.00590252 0.18693203
v 0.35723871 0.00682824 0.19962576
v 0.36573008 0.00471272 0.19116294
v -0.35948965 0.01449220 0.20222402
v -0.36103219 0.01651039 0.19896257
v -0.36707717 0.03802629 0.18668935
v -0.35700446 0.01449247 0.20634605
v -0.35915729 0.01880455 0.20313731
v -0.35002586 0.02844500 0.22257924
v -0.34646201 0.01449453 0.22427982
v -0.33241218 0.02679775 0.24186057
v -0.36850730 0.04883564 0.18668823
v -0.36652505 0.06686156 0.19619991
v -0.35545242 0.04306250 0.21527380
v -0.36229390 0.04306708 0.19730680
v -0.36133501 0.06291962 0.20533985
v -0.35146800 0.06059880 0.22404291
v -0.34858161 0.04306454 0.22701356
v -0.32844391 0.00033648 0.24359244
v -0.32826608 0.00030329 0.24374793
v 0.32624605 0.01476804 0.22856291
v 0.32864764 0.01476724 0.22616307
v 0.34106022 0.03954099 0.21356070
v 0.34476537 0.01476300 0.20924824
v 0.32697064 0.01812430 0.22808190
v 0.31796786 0.00943103 0.23510686
v 0.31960875 0.01928898 0.23427710
v 0.33942261 0.04333027 0.21545097
v 0.32559180 0.06572512 0.22662313
v 0.32328689 0.04333895 0.23327217
v 0.34166783 0.04332940 0.21287076
v 0.34729841 0.03899021 0.20677942
v 0.34048852 0.04827561 0.21297407
v 0.35634711 0.05713499 0.18686838
v 0.35724896 0.02458899 0.19580525
v 0.36276340 0.02628508 0.18965080
v 0.35727787 0.05391209 0.18687117
v 0.35975534 0.03154000 0.19189267
v 0.36379883 0.03230618 0.18689054
v 0.35538113 0.05855175 0.18781707
v -0.36303473 0.07163543 0.20401178
v -0.37015522 0.07822910 0.19437760
v -0.37601423 0.09067249 0.18668020
v -0.35697681 0.07163543 0.21424234
v -0.36306363 0.08381616 0.20707220
v -0.35160255 0.08238723 0.22418244
v -0.35003901 0.07163526 0.22609076
v -0.33773983 0.06200790 0.23919344
v -0.33591416 0.08216643 0.24010442
v -0.37656349 0.11000075 0.18667616
v -0.37128901 0.12158942 0.19379568
v -0.35946676 0.10019366 0.21526583
v -0.36603141 0.10019436 0.20482153
v -0.36330742 0.11606388 0.20731965
v -0.35149336 0.11780585 0.22408149
v -0.34886625 0.10019671 0.22761850
v -0.32904488 0.11383679 0.24257690
v -0.32813790 0.11420135 0.24330671
v 0.29852927 0.08538464 0.24317357
v 0.29927588 0.08701642 0.24228668
v 0.29572177 0.11031982 0.23511539
v 0.32374695 0.07189928 0.22723675
v 0.30011439 0.08530163 0.24221429
v 0.32868785 0.07189833 0.22141275
v 0.33477652 0.08403317 0.20720124
v 0.33967242 0.07189558 0.20663013
v 0.34657034 0.08080845 0.19221818
v 0.32225153 0.08478004 0.22325546
v 0.31343597 0.06428137 0.23732680
v 0.32218453 0.12571937 0.19783331
v 0.32210913 0.10045955 0.21540391
v 0.32014728 0.11185539 0.20969987
v 0.31704146 0.10568363 0.21801303
v 0.30304050 0.08909802 0.23812486
v 0.30940247 0.10548015 0.22544056
v 0.31742340 0.10045948 0.22140591
v 0.33452544 0.10045311 0.19843516
v 0.34604907 0.09179105 0.18685746
v 0.33970079 0.10591941 0.18685257
v 0.32875252 0.11621407 0.19472861
v -0.36407107 0.12875257 0.20452939
v -0.36572623 0.13314168 0.19657946
v -0.36168587 0.15495028 0.18666764
v -0.35695925 0.12875140 0.21454117
v -0.36046436 0.13577428 0.20448580
v -0.34448010 0.15368292 0.21344575
v -0.34786138 0.12875211 0.22500576
v -0.35934722 0.15852067 0.18666857
v -0.35876912 0.15731835 0.19031616
v -0.34616375 0.15731603 0.20825386
v -0.34183514 0.15565866 0.21526384
v -0.34222293 0.15687519 0.21438244
v -0.34211475 0.15786299 0.21416591
v -0.34121349 0.15731506 0.21526299
v -0.35694504 0.16141681 0.18871936
v -0.32840863 0.11495602 0.24288128
v -0.32838839 0.13959195 0.23695908
v -0.32764676 0.11485341 0.24346830
v -0.32270497 0.14019522 0.24100816
v -0.34485298 0.17983894 0.19491792
v -0.32836607 0.18464950 0.21280338
v -0.32676792 0.18268120 0.21526203
v -0.32529753 0.14612001 0.23766935
v -0.32236013 0.16558564 0.23181705
v 0.28758100 0.12101427 0.23765896
v 0.27158904 0.12900302 0.25104284
v 0.27162722 0.15371375 0.24200337
v 0.28326249 0.13483283 0.23548457
v 0.27022359 0.18320318 0.22818731
v 0.27062684 0.15754445 0.24190724
v 0.29210436 0.15755007 0.21536814
v 0.27671924 0.17596908 0.22457182
v 0.28894359 0.16358247 0.21536440
v 0.27549091 0.15754585 0.23620273
v 0.28911018 0.15435317 0.22176683
v 0.28841665 0.16004817 0.22036369
v 0.30843300 0.12900737 0.21126133
v 0.30361074 0.12900969 0.21710563
v 0.30227432 0.13320062 0.21538407
v 0.30016354 0.12545343 0.22250029
v 0.30017120 0.13118519 0.21973638
v 0.31976205 0.13349742 0.19661008
v 0.30705523 0.15011308 0.20050409
v 0.31734657 0.15181948 0.18681680
v 0.30356702 0.16847482 0.19347839
v 0.30970293 0.16707818 0.18680456
v 0.30023527 0.17506745 0.19331825
v 0.30024955 0.18320328 0.18679768
v 0.30454800 0.17396191 0.18895358
v -0.33943996 0.19463274 0.19221279
v -0.33239862 0.20419928 0.19474913
v -0.33724621 0.20460925 0.18667942
v -0.32836607 0.18828543 0.21044326
v -0.32658815 0.18587701 0.21437182
v -0.32327276 0.18587711 0.21780704
v -0.32836771 0.21815023 0.18668520
v -0.31794512 0.21057642 0.20752560
v -0.31252253 0.21134748 0.21372354
v -0.31000701 0.20631826 0.21933582
v -0.31248766 0.17953151 0.23589872
v -0.30746204 0.18971297 0.23339036
v -0.29979455 0.18587837 0.24315134
v -0.29978418 0.19804168 0.23564075
v -0.32284021 0.22597848 0.18668762
v -0.30403334 0.24091002 0.19886231
v -0.30932945 0.21444568 0.21527287
v -0.31219417 0.21444613 0.21151626
v -0.30288100 0.23683900 0.20408326
v -0.29328635 0.23003718 0.22307426
v -0.29402682 0.21443981 0.23233813
v 0.21086067 0.23568958 0.22583671
v 0.24700934 0.21464118 0.21534637
v 0.22156228 0.22932045 0.22266287
v 0.23417102 0.22519116 0.21534052
v 0.23500988 0.22076222 0.22757383
v 0.26797691 0.18608515 0.22778173
v 0.25415623 0.20809245 0.21534926
v 0.25524032 0.21244174 0.21095596
v 0.27167100 0.18608446 0.22249867
v 0.26313332 0.20321831 0.20964044
v 0.27585983 0.19441685 0.20524359
v 0.28043854 0.18608470 0.20545569
v 0.28592908 0.19319713 0.19395897
v 0.26532075 0.18291417 0.23279765
v 0.25603294 0.19390143 0.23743924
v 0.25242275 0.21966980 0.20529610
v 0.24319324 0.23439676 0.19771552
v 0.24320279 0.24216880 0.18678936
v 0.25131065 0.23299165 0.19085220
v 0.26758662 0.21463789 0.19507384
v 0.24730748 0.20451835 0.23555829
v 0.27316710 0.21463746 0.18967845
v 0.27780011 0.21160048 0.18679883
v 0.27406311 0.21580520 0.18679953
v 0.27173060 0.21695027 0.18795486
v -0.30078122 0.24303395 0.20148565
v -0.30083781 0.24356076 0.20046115
v -0.29978493 0.24303314 0.20275933
v -0.30018777 0.24383989 0.20139046
v -0.29873383 0.24513622 0.20203945
v -0.29978523 0.24507377 0.19996877
v -0.28523183 0.24301811 0.22229613
v -0.27426329 0.23025340 0.24231942
v -0.27887255 0.25836641 0.21528310
v -0.27954674 0.26566082 0.20338869
v -0.26586542 0.27160421 0.21528640
v -0.28765929 0.26555309 0.18670771
v -0.27120674 0.25047857 0.23020101
v -0.27122125 0.28164116 0.18672119
v -0.26090044 0.25214970 0.23869669
v -0.24263844 0.24302270 0.25523457
v -0.24263090 0.26403549 0.24006560
v -0.26620862 0.28089416 0.19673556
v -0.26787922 0.28423735 0.18672292
v -0.25962242 0.27701357 0.21528852
v -0.24966457 0.28613663 0.20803118
v -0.25350940 0.27842489 0.21869607
v -0.26121649 0.26730150 0.22387625
v -0.25900996 0.27369460 0.21946821
v -0.25116652 0.27160150 0.22678590
v -0.23953333 0.29397705 0.20411652
v -0.23579648 0.28651613 0.22273722
v -0.23836032 0.27160126 0.23530695
v -0.21802242 0.28193650 0.23592220
v -0.24264546 0.29471400 0.19826837
v -0.23782657 0.29778910 0.19860214
v -0.21409042 0.31233540 0.18673745
v -0.21106210 0.28291366 0.23787011
v 0.15748103 0.27160811 0.24373281
v 0.17985272 0.25438067 0.24073285
v 0.15209021 0.28955984 0.22415978
v 0.15738152 0.27177089 0.24361517
v 0.18231857 0.27179319 0.21529594
v 0.16642016 0.28251269 0.22064099
v 0.17545691 0.27914208 0.21529225
v 0.15775083 0.27177119 0.24327587
v 0.17917435 0.26438281 0.23006848
v 0.17499134 0.27499980 0.22170348
v 0.20429502 0.24321583 0.22442418
v 0.19450438 0.26009709 0.21530752
v 0.18605852 0.25357687 0.23602356
v 0.19609593 0.26753756 0.20680197
v 0.21219178 0.27057031 0.18676594
v 0.21462983 0.24321932 0.21499752
v 0.20836797 0.25575715 0.20730585
v 0.21806273 0.25008249 0.20447837
v 0.21464713 0.26548162 0.18992548
v 0.22451833 0.24322242 0.20599584
v 0.22675931 0.24928489 0.19500019
v 0.20123416 0.23651534 0.23627084
v 0.21460083 0.22545215 0.23846549
v 0.18995731 0.28220516 0.19452180
v 0.20400512 0.27712560 0.18676212
v 0.18607157 0.28868508 0.19192901
v 0.18607657 0.29068923 0.18675743
v 0.18930577 0.28771234 0.18837114
v -0.22484475 0.30020046 0.20990877
v -0.21849900 0.30019963 0.21751025
v -0.21543048 0.30292806 0.21529701
v -0.21408188 0.30876753 0.19820181
v -0.21203420 0.30427399 0.21529764
v -0.21406406 0.29584834 0.22399423
v -0.21406674 0.30172837 0.21834721
v -0.21116486 0.31304958 0.18820007
v -0.19255975 0.31434208 0.20807946
v -0.17618127 0.31887686 0.21034452
v -0.18552262 0.32323343 0.18953115
v -0.18822561 0.30568716 0.22685316
v -0.18102676 0.30915853 0.22512272
v -0.19646770 0.29471877 0.23506895
v -0.18964960 0.30229679 0.23166417
v -0.18548790 0.30021751 0.23493527
v -0.18548933 0.30428326 0.23161751
v -0.17800614 0.30396393 0.23332609
v -0.16556150 0.31751502 0.21530911
v -0.16654868 0.32414767 0.20597318
v -0.18035032 0.32622969 0.18674454
v -0.14578933 0.32251531 0.21531141
v -0.15691109 0.30800667 0.23084438
v -0.15695117 0.33591086 0.18675599
v -0.14512525 0.32634234 0.21034804
v -0.14075646 0.32506362 0.21343146
v -0.13837063 0.32030609 0.21956782
v -0.14098457 0.30657154 0.23591465
v -0.12831990 0.30024603 0.24135086
v -0.12832698 0.30958471 0.23425254
v -0.11447047 0.30717921 0.23650083
v -0.14790355 0.33861029 0.18675753
v -0.11590517 0.32883960 0.21530747
v -0.13944244 0.32883242 0.20891792
v -0.11426912 0.32925990 0.21509790
v -0.11418279 0.32908741 0.21543048
v -0.11388685 0.32918587 0.21530721
v -0.11425976 0.32884032 0.21570785
v -0.11367516 0.32845682 0.21607336
v -0.11392871 0.32897124 0.21556808
v -0.12836286 0.34107599 0.19286707
v -0.09975050 0.30978823 0.23433268
v -0.08622755 0.30779630 0.23708905
v -0.07116716 0.30027616 0.24317026
v -0.07117222 0.31050301 0.23467103
v -0.05670296 0.30752137 0.23678656
v -0.10647289 0.34650990 0.19010651
v -0.09977831 0.34603351 0.19249271
v -0.09977743 0.34943491 0.18676645
v -0.09052911 0.34779641 0.19138226
v -0.08599507 0.32989967 0.21529612
v -0.08451699 0.33077866 0.21433999
v -0.08509141 0.32962856 0.21567929
v -0.08659551 0.32773712 0.21753648
v -0.08587076 0.32925588 0.21608628
v -0.08489113 0.32886061 0.21646184
v -0.03684182 0.32890198 0.21530193
v -0.05796329 0.33104166 0.21422890
v -0.05731916 0.32975331 0.21573867
v -0.05621851 0.33021897 0.21530542
v -0.05754412 0.32888415 0.21662140
v -0.05571638 0.32771629 0.21763694
v -0.05642399 0.32934630 0.21622537
v -0.07118398 0.34707695 0.19584721
v -0.02857675 0.32836649 0.21530056
v -0.04259266 0.30976266 0.23419416
v -0.02848766 0.32872716 0.21493742
v -0.02809981 0.32849744 0.21509507
v -0.00122724 0.32592463 0.21379696
v -0.02756018 0.32741761 0.21604440
v -0.00410932 0.32015377 0.21967240
v -0.02567114 0.30613950 0.23537877
v -0.01401674 0.30031919 0.24215260
v -0.01401713 0.30820742 0.23349407
v -0.00093351 0.30687144 0.23608494
v -0.02876642 0.32937026 0.21438104
v -0.05719000 0.35049230 0.19405892
v -0.04259538 0.34870517 0.19775535
v -0.04259155 0.35732388 0.18678305
v -0.02547696 0.35178033 0.19532293
v -0.02803456 0.32890955 0.21475939
v -0.00164747 0.32893252 0.21145849
v 0.00286529 0.32375062 0.21529473
v 0.00195049 0.32726035 0.21195620
v 0.00424779 0.33290863 0.20737374
v -0.01401247 0.34951591 0.19705094
v 0.02700134 0.32522488 0.21529031
v 0.01455617 0.30931538 0.23320238
v 0.02768525 0.32776541 0.21295038
v 0.03010441 0.32644561 0.21404804
v 0.05662281 0.32727253 0.21446273
v 0.03214008 0.32236737 0.21856731
v 0.05513668 0.32430559 0.21760386
v 0.03004993 0.30688530 0.23607953
v 0.04313355 0.30034053 0.24836671
v 0.04313965 0.30972949 0.23422870
v 0.05857666 0.30806243 0.23724627
v 0.02591671 0.33188361 0.20941991
v 0.00000185 0.35052106 0.19405046
v 0.01456992 0.34788781 0.19605410
v 0.01457597 0.35383683 0.18677491
v 0.02542880 0.34867013 0.19219092
v 0.03075844 0.32893986 0.21150525
v 0.05616646 0.32894033 0.21271977
v 0.05865695 0.32653904 0.21529441
v 0.05837496 0.32802254 0.21346535
v 0.06973946 0.34223160 0.18678141
v 0.04316682 0.34349886 0.19403738
v 0.08195333 0.32073855 0.21529117
v 0.07173806 0.31052849 0.23560521
v 0.07177778 0.34181124 0.18678163
v 0.08275224 0.32563668 0.20869449
v 0.09985226 0.32870010 0.18677214
v 0.08992434 0.32121664 0.21143600
v 0.10889688 0.31746155 0.20955873
v 0.10037430 0.32832122 0.18709123
v 0.09493530 0.31116995 0.22415775
v 0.10392746 0.30753872 0.22597064
v 0.08954021 0.30574724 0.23493309
v 0.10032573 0.30035186 0.24143429
v 0.10033365 0.30524307 0.23198798
v 0.10618730 0.30328420 0.23247117
v 0.12455760 0.30911109 0.21529558
v 0.12582198 0.31779721 0.19300807
v 0.10347560 0.32741117 0.18677199
v 0.13759413 0.30036873 0.21962060
v 0.13157398 0.30567014 0.21529621
v 0.12891833 0.30398053 0.22250433
v 0.12895349 0.31799984 0.18677260
v 0.13075320 0.31647846 0.19037500
v 0.13243586 0.31641614 0.18677053
v 0.15750264 0.30037820 0.20289521
v 0.15699814 0.30138975 0.20152949
v 0.15781735 0.30100679 0.20133813
v 0.15750453 0.30135101 0.20054014
v 0.15861396 0.30037928 0.20157927
v 0.15847024 0.30086243 0.20054272
v 0.13113621 0.28717560 0.24269733
v -0.15709949 -0.27129850 0.24404116
v -0.09996292 -0.28274840 0.24402465
v -0.04494762 -0.28744957 0.24826935
v -0.05295181 -0.29038861 0.24400748
v -0.04281646 -0.29057938 0.24400733
v -0.04077365 -0.28736001 0.24809310
v -0.02952730 -0.29194567 0.24400547
v -0.06472225 -0.27438805 0.25497037
v -0.04281598 -0.27970999 0.25524846
v -0.01616355 -0.27487877 0.26021752
v 0.01062580 -0.28899112 0.25142798
v -0.01214380 -0.27522269 0.26038945
v -0.00346242 -0.29418236 0.24400654
v -0.01423727 -0.28380844 0.25189638
v 0.01434005 -0.29584554 0.24401256
v 0.01816046 -0.28910676 0.25166357
v 0.03548849 -0.29584417 0.24401745
v 0.01432930 -0.27748346 0.25962818
v 0.04089635 -0.27496335 0.26027268
v 0.06970702 -0.28697845 0.24749216
v 0.04474651 -0.27471554 0.26015055
v 0.05609090 -0.29293159 0.24401820
v 0.04288992 -0.28691202 0.25033039
v 0.07144564 -0.29144180 0.24401884
v 0.07333089 -0.28712562 0.24778859
v 0.08087943 -0.28994840 0.24402396
v 0.07144507 -0.28229582 0.24990298
v 0.08068795 -0.28061163 0.24864063
v 0.12860024 -0.26508993 0.24406967
v -0.18881895 -0.24411562 0.24400684
v -0.18565032 -0.24565004 0.24556988
v -0.16367547 -0.26010194 0.24732786
v -0.19818601 -0.23626018 0.24399230
v -0.21419621 -0.22323455 0.24397033
v -0.20154524 -0.22192234 0.25030598
v -0.18712196 -0.24252968 0.24695417
v -0.18786262 -0.21841586 0.26050046
v -0.18359551 -0.24253017 0.24811555
v -0.16124174 -0.25265950 0.25233871
v -0.16460484 -0.23576728 0.25907719
v -0.18260300 -0.22002712 0.26131159
v -0.15709323 -0.25976828 0.24995449
v -0.14559214 -0.26255408 0.24978961
v -0.15167530 -0.25139612 0.25486252
v -0.12851974 -0.26090163 0.25323653
v -0.11883824 -0.26623589 0.25348189
v -0.14816898 -0.23714796 0.26185125
v -0.15706137 -0.21705770 0.26637989
v -0.13737823 -0.24252027 0.26176798
v -0.13627136 -0.22948295 0.26608181
v -0.12022848 -0.24251114 0.26059893
v -0.10848629 -0.24824852 0.26112467
v -0.11014567 -0.23843083 0.26445299
v -0.12134330 -0.22825669 0.26547438
v -0.09995495 -0.26394117 0.25834498
v -0.07420604 -0.26965311 0.25690064
v -0.08880946 -0.24565405 0.26630563
v -0.06321623 -0.25472721 0.26647940
v -0.07139069 -0.26949158 0.25752354
v -0.06963891 -0.27018365 0.25743148
v -0.05786622 -0.24403942 0.27336320
v -0.08771433 -0.24044937 0.26849234
v -0.09993190 -0.21463229 0.27121839
v -0.06350735 -0.24250452 0.27259719
v -0.08379347 -0.24250467 0.26887128
v -0.08322508 -0.23763655 0.27016950
v -0.05526038 -0.24617822 0.27259412
v -0.05907830 -0.23853974 0.27457654
v -0.05784320 -0.24250479 0.27408621
v -0.05631813 -0.24328443 0.27415439
v -0.05530037 -0.24070877 0.27618539
v -0.04281568 -0.26750255 0.26548335
v -0.02500694 -0.27104247 0.26367974
v -0.03679639 -0.25901797 0.27258539
v -0.01424168 -0.27103630 0.26401293
v -0.00362018 -0.27102995 0.26360127
v -0.02336014 -0.25284052 0.27775514
v -0.00589490 -0.25433648 0.27850303
v -0.03352392 -0.24749136 0.28255892
v -0.03670141 -0.23433766 0.28891686
v -0.02093495 -0.24250230 0.28777009
v 0.00898417 -0.26036248 0.27257144
v -0.00835370 -0.24249791 0.28932571
v 0.00576856 -0.24821955 0.28403693
v 0.01121065 -0.23130777 0.29491583
v 0.01432245 -0.26820070 0.26693168
v 0.03295648 -0.27100015 0.26325044
v 0.01992307 -0.25981438 0.27256578
v 0.04288152 -0.27099061 0.26325822
v 0.04915298 -0.27098387 0.26142222
v 0.03402019 -0.25330761 0.27798420
v 0.05326014 -0.25022435 0.27645352
v 0.02312915 -0.24793360 0.28348392
v 0.01760716 -0.23150098 0.29451594
v 0.03522527 -0.24246140 0.28581917
v 0.06192032 -0.25194764 0.27256304
v 0.07793121 -0.24240448 0.27257311
v 0.05220085 -0.24244025 0.28245914
v 0.06041238 -0.24568829 0.27907652
v 0.06184100 -0.23774195 0.28193328
v 0.07144053 -0.26506251 0.26076907
v 0.09211459 -0.26698971 0.25435537
v 0.08405867 -0.24406195 0.26924241
v 0.10001783 -0.26343849 0.25456583
v 0.11985433 -0.26099756 0.24842915
v 0.08480013 -0.24146967 0.27072617
v 0.08729030 -0.24239147 0.26945269
v 0.08377270 -0.23849361 0.27257669
v 0.08736207 -0.23912308 0.27094656
v 0.10922047 -0.24236122 0.26245129
v 0.12543944 -0.25346231 0.25038621
v 0.11951383 -0.23714769 0.26222390
v 0.10905732 -0.23187196 0.26737142
v 0.12860104 -0.25823784 0.24731107
v 0.13175312 -0.25818971 0.24564879
v 0.13055314 -0.25466526 0.24797457
v 0.15719453 -0.24485385 0.24537045
v 0.13564619 -0.23509157 0.25816205
v 0.12859590 -0.21641138 0.26738587
v 0.15561186 -0.24231651 0.24726243
v 0.15480001 -0.21853016 0.26077840
v 0.15819536 -0.24231446 0.24610239
v 0.15873337 -0.21684535 0.25994194
v 0.16012841 -0.24377866 0.24410354
v 0.17031327 -0.23575604 0.24411249
v 0.17369600 -0.22199473 0.25015670
v 0.18577847 -0.22357021 0.24412812
v -0.27490509 -0.17473659 0.25108799
v -0.28434297 -0.17766473 0.24389029
v -0.27130529 -0.18721852 0.24390405
v -0.25900230 -0.19354644 0.24392007
v -0.24274370 -0.19673188 0.24959487
v -0.22678316 -0.20598492 0.25025254
v -0.26621488 -0.17622787 0.25408170
v -0.28457904 -0.16450343 0.25051731
v -0.27130288 -0.16411301 0.25792551
v -0.24792194 -0.18540749 0.25427678
v -0.24896684 -0.16929185 0.26441488
v -0.23521967 -0.18540351 0.25897506
v -0.22235227 -0.19150811 0.26028866
v -0.22473830 -0.18167713 0.26505861
v -0.23414439 -0.17402942 0.26680040
v -0.21857361 -0.16564371 0.27248922
v -0.21418740 -0.20628414 0.25716460
v -0.19097821 -0.21396036 0.26094094
v -0.20110460 -0.18660742 0.27008265
v -0.18563060 -0.21396086 0.26280728
v -0.19621947 -0.19274539 0.26884481
v -0.17231208 -0.21395943 0.26493961
v -0.17270610 -0.18815613 0.27391678
v -0.20048839 -0.18479404 0.27131164
v -0.18905692 -0.18539180 0.27251852
v -0.19925325 -0.18539244 0.27123821
v -0.20299929 -0.17917019 0.27250445
v -0.19917071 -0.18395625 0.27179164
v -0.16659594 -0.19485627 0.27254736
v -0.17484945 -0.17832661 0.27605465
v -0.17248057 -0.18539125 0.27484977
v -0.17003945 -0.18667427 0.27509850
v -0.16989200 -0.18396302 0.27538651
v -0.15705794 -0.21197088 0.26860291
v -0.14910573 -0.21395484 0.26860631
v -0.15056950 -0.20099580 0.27256897
v -0.12849179 -0.21395287 0.27269307
v -0.10314161 -0.21394247 0.27099305
v -0.13818350 -0.19454263 0.27714190
v -0.11845320 -0.19389153 0.27683470
v -0.13533574 -0.17056343 0.27995309
v -0.14551763 -0.18814999 0.27808031
v -0.14578815 -0.18234986 0.27862173
v -0.13975886 -0.18538627 0.27854484
v -0.10324779 -0.20730092 0.27259454
v -0.12121253 -0.17131510 0.27958763
v -0.11694396 -0.18537986 0.27807787
v -0.11128195 -0.18829349 0.27840436
v -0.11084725 -0.18203175 0.27926421
v -0.09993148 -0.21342148 0.27155808
v -0.09826292 -0.21394162 0.27176455
v -0.09785149 -0.20978297 0.27259743
v -0.07136905 -0.21393661 0.27917826
v -0.07854719 -0.19956467 0.27968615
v -0.06643390 -0.20406532 0.28193992
v -0.06220416 -0.21393780 0.28228870
v -0.07191415 -0.15794222 0.28628504
v -0.09010912 -0.18984455 0.28152457
v -0.09066519 -0.18033728 0.28263962
v -0.07950486 -0.18537009 0.28484532
v -0.07103409 -0.15740380 0.28655413
v -0.06551705 -0.18536973 0.28945249
v -0.04597113 -0.19648902 0.29480529
v -0.04583850 -0.17411654 0.29506496
v -0.04281190 -0.22328633 0.29125488
v -0.04280726 -0.20255943 0.29533166
v -0.03097679 -0.22231093 0.29521686
v -0.01425799 -0.22953577 0.29464281
v 0.00726147 -0.22468951 0.29759276
v -0.03554505 -0.20329094 0.29750127
v -0.01425537 -0.21394479 0.30117151
v -0.04072515 -0.19757444 0.29697108
v -0.04081452 -0.17306925 0.29715818
v 0.01430740 -0.22652316 0.29774058
v 0.02142741 -0.22464147 0.29755101
v 0.04286686 -0.22645168 0.29310966
v 0.05483868 -0.21986893 0.29282600
v 0.04286471 -0.21390043 0.29884678
v 0.05998354 -0.20532042 0.29540208
v 0.06846415 -0.19662008 0.29519537
v 0.06893325 -0.17353232 0.29613435
v 0.09055615 -0.21383604 0.28214830
v 0.07143181 -0.22152473 0.28788608
v 0.07143314 -0.20378572 0.29272354
v 0.10000768 -0.21382071 0.27867475
v 0.12327633 -0.21378954 0.26998094
v 0.09572286 -0.20526937 0.28260028
v 0.10607021 -0.20170003 0.28083831
v 0.07522350 -0.19579037 0.29355690
v 0.07467771 -0.17425597 0.29467663
v 0.09378445 -0.18527722 0.28872502
v 0.12438262 -0.20537493 0.27264372
v 0.10816313 -0.18525888 0.28489065
v 0.11852673 -0.18947034 0.28109190
v 0.11940524 -0.18014424 0.28285074
v 0.12859529 -0.21225898 0.26959392
v 0.14353083 -0.21377032 0.26520234
v 0.13622768 -0.19852848 0.27266306
v 0.15718599 -0.21375936 0.26234528
v 0.16472988 -0.19868174 0.26595622
v 0.16122200 -0.21375620 0.26041773
v 0.14478223 -0.18901022 0.27457395
v 0.15764278 -0.18521167 0.27269733
v 0.14932542 -0.17234644 0.27913046
v 0.14098591 -0.18712021 0.27646714
v 0.14047663 -0.18281946 0.27748659
v 0.14469649 -0.18522117 0.27630135
v 0.17013688 -0.18520284 0.27003881
v 0.17410757 -0.18783003 0.26745290
v 0.17283244 -0.18384460 0.26999894
v 0.16986771 -0.18199523 0.27110925
v 0.17988849 -0.16837648 0.27272758
v 0.18577506 -0.20509927 0.25540727
v 0.19673496 -0.20493942 0.24962904
v 0.19279437 -0.19245416 0.25819871
v 0.21436228 -0.19470018 0.24893031
v 0.19541167 -0.18055460 0.26344830
v 0.20810452 -0.18518806 0.25666517
v 0.18764694 -0.16041078 0.27273732
v 0.20929584 -0.16671953 0.26350638
v 0.21833135 -0.18518148 0.25212008
v 0.24036613 -0.17346951 0.24932685
v 0.21738862 -0.16270824 0.26150855
v 0.22855166 -0.19226570 0.24417838
v 0.24294427 -0.18117039 0.24418330
v 0.24471447 -0.17267153 0.24773508
v 0.25045541 -0.17465094 0.24418485
v 0.24293548 -0.16758397 0.25081772
v 0.25030145 -0.16721824 0.24786702
v -0.31666422 -0.13671899 0.24385840
v -0.29986262 -0.14403929 0.25172910
v -0.29047233 -0.15216491 0.25345480
v -0.32500118 -0.11575375 0.24384457
v -0.32841665 -0.09329084 0.24383429
v -0.32397950 -0.11182620 0.24606113
v -0.30547833 -0.12830946 0.25509468
v -0.30448034 -0.10900440 0.26275218
v -0.28819743 -0.12829696 0.26717561
v -0.28387803 -0.12999268 0.26902077
v -0.28439409 -0.12711146 0.27005258
v -0.27549160 -0.12828839 0.27242270
v -0.28890601 -0.12163532 0.26908210
v -0.28284514 -0.12283400 0.27241629
v -0.27129969 -0.15248738 0.26371223
v -0.25913641 -0.15684238 0.26637179
v -0.26215488 -0.13856314 0.27243626
v -0.24273476 -0.15684137 0.27165508
v -0.25313559 -0.13603337 0.27631521
v -0.23400950 -0.13940774 0.27802363
v -0.22012095 -0.15683296 0.27545765
v -0.25935107 -0.13062203 0.27711096
v -0.26029444 -0.12499657 0.27899784
v -0.25333422 -0.12828180 0.27977952
v -0.23375916 -0.12827395 0.28308994
v -0.22306305 -0.13364293 0.28319943
v -0.22172078 -0.12155948 0.28587118
v -0.20219594 -0.15683064 0.27846855
v -0.21416222 -0.15890501 0.27663052
v -0.21416003 -0.15398876 0.27816725
v -0.18558732 -0.15682772 0.28081465
v -0.19044995 -0.14709604 0.28190276
v -0.18038341 -0.14642525 0.28157768
v -0.17479189 -0.15682390 0.28138599
v -0.18772861 -0.10399913 0.28459373
v -0.20558250 -0.13398242 0.28390691
v -0.20693749 -0.12118753 0.28661191
v -0.19361685 -0.12825847 0.28496063
v -0.18321921 -0.10438582 0.28440362
v -0.17718086 -0.12825221 0.28426087
v -0.16564831 -0.13389656 0.28378606
v -0.16539639 -0.12235501 0.28427741
v -0.13731718 -0.15681267 0.28237629
v -0.15701963 -0.16192929 0.28272897
v -0.15701474 -0.15137309 0.28339353
v -0.12845398 -0.15680876 0.28203872
v -0.13277520 -0.14815502 0.28248364
v -0.12431078 -0.14853154 0.28268182
v -0.11925468 -0.15680504 0.28222826
v -0.13383055 -0.11048120 0.28139278
v -0.14828734 -0.13380694 0.28363198
v -0.14852794 -0.12243277 0.28412065
v -0.13697322 -0.12823988 0.28400913
v -0.12322414 -0.11004969 0.28161550
v -0.12012126 -0.12823161 0.28446603
v -0.10762008 -0.13477206 0.28562051
v -0.10799189 -0.12206779 0.28485227
v -0.07228690 -0.15679297 0.28638485
v -0.09990082 -0.16250181 0.28396317
v -0.09989270 -0.15079547 0.28456244
v -0.07133895 -0.15679273 0.28654218
v -0.07176578 -0.15593703 0.28643155
v -0.07096805 -0.15605147 0.28648940
v -0.07084069 -0.15679266 0.28661022
v -0.07740529 -0.11186060 0.28074557
v -0.09197278 -0.13459775 0.28531286
v -0.09157984 -0.12222130 0.28455010
v -0.07926571 -0.12821406 0.28523329
v -0.06569243 -0.11083368 0.28126419
v -0.06389365 -0.12820914 0.28629300
v -0.04877933 -0.13648492 0.28912413
v -0.05093545 -0.12210278 0.28478551
v -0.04280023 -0.16850707 0.29599637
v -0.04278165 -0.14716843 0.29181468
v -0.03545214 -0.16740261 0.29746234
v -0.03040097 -0.14870022 0.29495022
v -0.01424553 -0.15679258 0.30066144
v -0.01422917 -0.14081064 0.29485613
v 0.00769219 -0.14581071 0.29784006
v -0.01762281 -0.10650674 0.28344262
v -0.03749823 -0.13722354 0.29060185
v -0.03533859 -0.12133719 0.28631961
v -0.01958448 -0.12820727 0.29041627
v -0.01125751 -0.10548100 0.28395510
v -0.00952114 -0.12820601 0.29176688
v 0.01206920 -0.14023066 0.29664192
v 0.00884579 -0.11941224 0.29016781
v 0.01432372 -0.14399508 0.29815120
v 0.06334824 -0.16698423 0.29710364
v 0.01924863 -0.14495364 0.29869297
v 0.04287843 -0.15676785 0.30071798
v 0.04289054 -0.13688882 0.29680902
v 0.06246156 -0.14696363 0.29666317
v 0.04291243 -0.09962515 0.28688034
v 0.01618071 -0.14063482 0.29744989
v 0.01908316 -0.11865602 0.29167733
v 0.03948981 -0.12819378 0.29434761
v 0.04292629 -0.09962377 0.28688103
v 0.04605300 -0.12819172 0.29484868
v 0.06817875 -0.13918483 0.29460937
v 0.06714027 -0.11821873 0.29251581
v 0.07144118 -0.16838329 0.29587191
v 0.07145296 -0.14543991 0.29520550
v 0.08589514 -0.16378410 0.29394203
v 0.10001303 -0.16443983 0.29076406
v 0.10616015 -0.15977600 0.28998321
v 0.08696962 -0.15020329 0.29341489
v 0.10001513 -0.15671325 0.29210624
v 0.10002191 -0.14542979 0.29254726
v 0.10806620 -0.15268047 0.29093969
v 0.07469846 -0.13921484 0.29468319
v 0.07575803 -0.11816919 0.29260457
v 0.09611028 -0.12815106 0.29335445
v 0.10398163 -0.12814504 0.29330084
v 0.12304147 -0.13685080 0.29011971
v 0.12405260 -0.11839570 0.29212543
v 0.15089853 -0.15666565 0.28384674
v 0.12859015 -0.16335687 0.28601319
v 0.12859440 -0.14873205 0.28856972
v 0.15717198 -0.15666063 0.28295457
v 0.15445183 -0.15122657 0.28426966
v 0.16033868 -0.15032567 0.28382665
v 0.17577457 -0.15664698 0.27771443
v 0.13430429 -0.13669124 0.28982809
v 0.13330075 -0.11852919 0.29185683
v 0.15089342 -0.12810509 0.28871679
v 0.16413245 -0.12809786 0.28736401
v 0.17735128 -0.13398090 0.28451800
v 0.17856786 -0.12098108 0.28695291
v 0.18804385 -0.15663823 0.27388099
v 0.18575805 -0.15769282 0.27484310
v 0.18575685 -0.15525489 0.27550784
v 0.21434131 -0.15662779 0.26525903
v 0.22248313 -0.14033376 0.26661187
v 0.22210056 -0.15662445 0.26234716
v 0.20274439 -0.13348305 0.27544755
v 0.21428637 -0.12806618 0.27274385
v 0.20674393 -0.11465320 0.27945068
v 0.19683112 -0.13127701 0.27913967
v 0.19589564 -0.12394288 0.28100976
v 0.20239404 -0.12807250 0.27746055
v 0.22653879 -0.12806067 0.26859143
v 0.23183954 -0.13127860 0.26630682
v 0.23122424 -0.12545249 0.26752710
v 0.22557652 -0.12198946 0.26970568
v 0.24292114 -0.14934954 0.25820926
v 0.25794524 -0.14984304 0.25168884
v 0.25015739 -0.13509801 0.25866207
v 0.27149639 -0.13704684 0.24867183
v 0.25108767 -0.12195162 0.26052970
v 0.24289739 -0.10218046 0.26736844
v 0.26749593 -0.10147933 0.25646359
v 0.26721817 -0.12805517 0.25271395
v 0.27440724 -0.12805536 0.25000700
v 0.28397727 -0.13429794 0.24416810
v 0.28788191 -0.11986063 0.24416029
v 0.27147871 -0.10911272 0.25364190
v -0.32896805 -0.08576786 0.24410665
v -0.32872155 -0.08518705 0.24444078
v -0.32919526 -0.08510298 0.24383099
v -0.32841629 -0.08588821 0.24462371
v -0.30820087 -0.09975094 0.26229313
v -0.32841772 -0.07836939 0.24383084
v -0.32755020 -0.08462521 0.24556291
v -0.29984742 -0.09974759 0.26932871
v -0.30675012 -0.08595647 0.26501203
v -0.29059157 -0.08124171 0.27742416
v -0.28425503 -0.09973571 0.27888978
v -0.32605779 -0.05810753 0.24383056
v -0.32359770 -0.05451241 0.24624190
v -0.29813829 -0.07118621 0.27239150
v -0.30960619 -0.07119667 0.26333660
v -0.30683625 -0.05659591 0.26509094
v -0.29058430 -0.06113945 0.27741075
v -0.28912193 -0.07118166 0.27951050
v -0.27978817 -0.07694423 0.28392810
v -0.27943376 -0.06505132 0.28463715
v -0.27128243 -0.10556228 0.28407240
v -0.27127802 -0.09245962 0.28693858
v -0.24755365 -0.10213581 0.28912002
v -0.24271385 -0.10517743 0.28943565
v -0.23526219 -0.10343681 0.29043365
v -0.24941254 -0.09636645 0.29004499
v -0.24271172 -0.09971437 0.29184237
v -0.24270597 -0.08479662 0.29415289
v -0.23230231 -0.09450669 0.29190949
v -0.26636064 -0.08053780 0.29113781
v -0.26668787 -0.06147010 0.29178339
v -0.24452862 -0.07115313 0.29731059
v -0.24099237 -0.07115020 0.29755768
v -0.21707006 -0.08248392 0.29512087
v -0.21433949 -0.05707036 0.30055684
v -0.18853474 -0.09968486 0.28526586
v -0.21414156 -0.10829200 0.28962517
v -0.21413572 -0.08955700 0.29272312
v -0.18556912 -0.09968303 0.28493059
v -0.18683335 -0.09715457 0.28548375
v -0.18399185 -0.09653254 0.28517658
v -0.18111090 -0.09968106 0.28452790
v -0.21048772 -0.08177330 0.29371551
v -0.21383713 -0.05713858 0.30042025
v -0.18968733 -0.07112622 0.29274657
v -0.18066414 -0.07112117 0.29125714
v -0.16346082 -0.07891473 0.28808630
v -0.16230616 -0.06216591 0.29037362
v -0.13864724 -0.09966299 0.28168297
v -0.15699548 -0.10578986 0.28472814
v -0.15698707 -0.09329419 0.28525501
v -0.12841147 -0.09965841 0.28173283
v -0.13291907 -0.09063120 0.28228879
v -0.12161157 -0.08607659 0.28003007
v -0.11629768 -0.09965008 0.28076455
v -0.13002528 -0.04583495 0.28514358
v -0.14973575 -0.07815224 0.28660119
v -0.15090293 -0.06287992 0.28894496
v -0.13640332 -0.07109499 0.28505772
v -0.12545267 -0.04835673 0.28388685
v -0.11818069 -0.07107911 0.28069261
v -0.11042531 -0.07475276 0.27989912
v -0.11030525 -0.06728131 0.28012663
v -0.08495913 -0.09963425 0.28000724
v -0.09984779 -0.10493933 0.28313422
v -0.09983703 -0.09536970 0.28109238
v -0.07127889 -0.09962752 0.27992749
v -0.08129944 -0.07953925 0.27680978
v -0.05834243 -0.07379234 0.27395627
v -0.05668359 -0.09962262 0.27957284
v -0.08305108 -0.06610373 0.27504045
v -0.08756159 -0.07308786 0.27662116
v -0.08763209 -0.06895629 0.27676693
v -0.08387546 -0.07105614 0.27587688
v -0.04301348 -0.07104136 0.27259022
v -0.05768169 -0.06961115 0.27329898
v -0.05447681 -0.06606895 0.27258143
v -0.05742303 -0.07104439 0.27349630
v -0.05652110 -0.07149076 0.27347642
v -0.05660225 -0.07067996 0.27331156
v -0.02529744 -0.09962240 0.28131959
v -0.02990865 -0.07401665 0.27259770
v -0.04273140 -0.10412445 0.28159577
v -0.04272200 -0.09640631 0.27902186
v -0.02873666 -0.07135738 0.27195957
v -0.01417709 -0.09962386 0.28256854
v -0.02797051 -0.07193606 0.27214867
v -0.00640008 -0.08407828 0.27911443
v -0.00568150 -0.09962134 0.28263289
v -0.02878179 -0.07067425 0.27186793
v -0.04266924 -0.04398768 0.26954082
v -0.02332134 -0.07103895 0.27259779
v -0.02808884 -0.07103846 0.27193901
v -0.02758013 -0.06936456 0.27175969
v -0.00218805 -0.06640624 0.27491421
v 0.01202894 -0.04724852 0.27258870
v -0.00165247 -0.07104173 0.27614859
v 0.00245339 -0.07338123 0.27727696
v 0.00183724 -0.06932360 0.27603397
v 0.04288967 -0.09961060 0.28687260
v 0.01435538 -0.10666357 0.28668183
v 0.01436879 -0.09454135 0.28275025
v 0.04291973 -0.09961060 0.28687820
v 0.04289645 -0.09956392 0.28686431
v 0.04293308 -0.09958392 0.28687429
v 0.04293641 -0.09961058 0.28687930
v 0.01442573 -0.04272518 0.27205467
v 0.01584990 -0.04531547 0.27258784
v 0.03371236 -0.06095926 0.27763304
v 0.02492663 -0.07477751 0.28008205
v 0.02583896 -0.06819767 0.27827054
v 0.03244523 -0.07103333 0.28015581
v 0.05027675 -0.05708567 0.27956992
v 0.05171377 -0.07103173 0.28363928
v 0.06331806 -0.07711874 0.28479791
v 0.06230524 -0.06595455 0.28275263
v 0.07147907 -0.10880354 0.29102832
v 0.07149349 -0.09183030 0.28813717
v 0.09255345 -0.10332849 0.29067278
v 0.10004829 -0.10778995 0.29103574
v 0.10713460 -0.10310829 0.29048181
v 0.09465201 -0.09687214 0.28963032
v 0.10005429 -0.09957188 0.29040343
v 0.10005915 -0.09418178 0.28963047
v 0.10680835 -0.09619112 0.29031998
v 0.09786314 -0.04691185 0.28470492
v 0.07839776 -0.07841539 0.28741595
v 0.07948287 -0.06469622 0.28527325
v 0.09317811 -0.07100974 0.28741202
v 0.10216523 -0.04656832 0.28488094
v 0.10665241 -0.07100025 0.28809360
v 0.12306514 -0.07970046 0.29010564
v 0.12246031 -0.06289928 0.28886992
v 0.12861361 -0.10910057 0.29176757
v 0.12862642 -0.09021027 0.29137444
v 0.14539319 -0.10543954 0.29287121
v 0.15717718 -0.10824499 0.29134998
v 0.16552749 -0.10370899 0.29118040
v 0.14583550 -0.09387092 0.29266101
v 0.15717973 -0.09954002 0.29289430
v 0.15718581 -0.08745892 0.29303604
v 0.16698435 -0.09463321 0.29190552
v 0.13374180 -0.08016109 0.29104030
v 0.13435426 -0.06240887 0.28984040
v 0.15243398 -0.07097761 0.29173976
v 0.16180837 -0.07097528 0.29203948
v 0.18002182 -0.07952097 0.28982630
v 0.18062827 -0.06181437 0.29100862
v 0.20573509 -0.09951594 0.28273073
v 0.18574232 -0.10691370 0.28750890
v 0.18574357 -0.09130703 0.28916839
v 0.21431489 -0.09951159 0.28037584
v 0.23665093 -0.09949836 0.26961410
v 0.20958152 -0.09004992 0.28227866
v 0.22189063 -0.08436868 0.27943644
v 0.21334432 -0.04436463 0.28598797
v 0.19231421 -0.07867454 0.28814420
v 0.19169945 -0.06262288 0.28938109
v 0.20681340 -0.07095431 0.28627259
v 0.23560694 -0.08493036 0.27272570
v 0.24368572 -0.07094105 0.27271521
v 0.21639611 -0.04651878 0.28491217
v 0.22454692 -0.07094762 0.28083116
v 0.23098440 -0.07331908 0.27746919
v 0.23151967 -0.06803478 0.27853027
v 0.24289487 -0.09696977 0.26767677
v 0.26773822 -0.09762552 0.25658298
v 0.25495192 -0.07316687 0.26825875
v 0.27147096 -0.09398015 0.25568834
v 0.25514299 -0.06890409 0.26863915
v 0.26042652 -0.07093878 0.26621985
v 0.25031754 -0.05721869 0.27269930
v 0.26259035 -0.06012648 0.26729241
v 0.27831671 -0.07093565 0.25783139
v 0.29881519 -0.05787995 0.24658759
v 0.27586594 -0.05116622 0.26279691
v 0.29644555 -0.08341150 0.24413660
v 0.30004746 -0.06853056 0.24412617
v 0.30082345 -0.05741946 0.24566621
v 0.30269831 -0.05796862 0.24411841
v 0.30004993 -0.05549184 0.24642594
v 0.30187839 -0.05573176 0.24503095
v -0.30945769 -0.04263165 0.26290727
v -0.32533768 -0.02990174 0.24537914
v -0.32652652 -0.02740207 0.24383324
v -0.29985243 -0.04262694 0.26945916
v -0.30623567 -0.02988605 0.26448083
v -0.28787589 -0.01868030 0.27470762
v -0.28416601 -0.04261515 0.27883616
v -0.32816374 0.00007434 0.24383670
v -0.32844388 0.00260567 0.24383761
v -0.32731658 0.00077758 0.24440040
v -0.29101864 -0.01406202 0.27239805
v -0.30811882 -0.01406866 0.26033890
v -0.30340984 0.00740362 0.26166695
v -0.28773633 -0.00972866 0.27456596
v -0.28707469 -0.01405958 0.27541226
v -0.28304690 -0.01657549 0.27743381
v -0.28299507 -0.01148705 0.27754110
v -0.27127218 -0.05021295 0.28759694
v -0.27127486 -0.03579673 0.28601825
v -0.25454611 -0.04851970 0.29260200
v -0.24269733 -0.06244678 0.29661655
v -0.21547791 -0.05617679 0.30031210
v -0.25304282 -0.03742523 0.29185423
v -0.24269554 -0.04259343 0.29677626
v -0.24269566 -0.02792313 0.29402566
v -0.21640867 -0.02944642 0.29983950
v -0.26387972 -0.02093425 0.28618678
v -0.26397389 -0.00705883 0.28637093
v -0.24791688 -0.01403567 0.29053256
v -0.23904467 -0.01403175 0.29367959
v -0.21455348 -0.02786297 0.30011150
v -0.21451744 -0.00014905 0.30018023
v -0.21412235 -0.05665180 0.30058724
v -0.21411610 -0.02864935 0.30028757
v -0.21309303 -0.05633884 0.30047709
v -0.18554327 -0.05891918 0.29491058
v -0.17014471 -0.05024886 0.29444113
v -0.21236123 -0.02917581 0.30011111
v -0.18553862 -0.04256813 0.30072826
v -0.16371806 -0.03165682 0.29764608
v -0.21378051 -0.02796470 0.30031630
v -0.21380872 -0.00005482 0.30036840
v -0.15852512 -0.02669547 0.29787701
v -0.15827335 -0.00104324 0.29835591
v -0.13054554 -0.04252594 0.28570741
v -0.15695778 -0.05230221 0.29199755
v -0.15694784 -0.03032448 0.29692698
v -0.12836683 -0.04252430 0.28544295
v -0.12941755 -0.04042304 0.28574452
v -0.12693915 -0.03967416 0.28537276
v -0.12275331 -0.04251978 0.28399912
v -0.15495472 -0.02628022 0.29705712
v -0.15526016 -0.00139523 0.29764926
v -0.13326873 -0.01397571 0.29123235
v -0.12232597 -0.01396668 0.28900450
v -0.10741979 -0.02059820 0.28579843
v -0.10730614 -0.00720606 0.28599823
v -0.09076887 -0.04249715 0.27705586
v -0.09979147 -0.04643574 0.28040341
v -0.09978768 -0.03846555 0.28061610
v -0.07122325 -0.04248630 0.27345622
v -0.04783399 -0.04247442 0.26998419
v -0.08015859 -0.02460007 0.27786747
v -0.05778720 -0.01564320 0.27340522
v -0.07702185 0.00297112 0.28096053
v -0.09031121 -0.01876411 0.28216189
v -0.09040160 -0.00903012 0.28234419
v -0.08142716 -0.01393823 0.28063640
v -0.05401511 -0.01974547 0.27254805
v -0.04803354 -0.01391419 0.27254638
v -0.05885269 -0.01005875 0.27446720
v -0.05750980 -0.01391940 0.27371314
v -0.05649824 -0.01434529 0.27339545
v -0.05645221 -0.01344691 0.27348623
v -0.04266714 -0.04096390 0.26955476
v -0.03638495 -0.04246950 0.26943085
v -0.02927156 -0.01479930 0.27076498
v -0.01411926 -0.04246321 0.26982549
v -0.02640972 -0.01784138 0.27059028
v -0.00380119 -0.02184032 0.26859805
v 0.01287074 -0.04245963 0.27180809
v -0.02914222 -0.01313718 0.27102071
v -0.02744070 -0.01390263 0.27068546
v -0.03380101 -0.00304282 0.27253917
v -0.02660916 -0.01036965 0.27078679
v -0.00188695 -0.01388855 0.26843899
v 0.00205920 -0.01577148 0.26880220
v 0.00220284 -0.01186139 0.26851523
v -0.00344559 -0.00663801 0.26893407
v 0.01442618 -0.04214225 0.27195203
v 0.01527433 -0.04245937 0.27216184
v 0.02655648 -0.01605549 0.26822871
v 0.04297710 -0.04245770 0.27726918
v 0.03151769 -0.01945594 0.26979548
v 0.05681740 -0.01483072 0.27306667
v 0.05818062 -0.04245742 0.27928311
v 0.02639789 -0.01154084 0.26790524
v 0.01446439 0.01189229 0.26696923
v 0.05537454 -0.01387639 0.27258924
v 0.03067933 -0.01387812 0.26868936
v 0.03400084 -0.00335507 0.26731682
v 0.05701447 -0.01331300 0.27287093
v 0.06040425 -0.00766279 0.27258563
v 0.05711342 -0.01387631 0.27295396
v 0.05751607 -0.01409748 0.27303243
v 0.05749448 -0.01367723 0.27298781
v 0.09366943 -0.04244275 0.28371841
v 0.07153041 -0.04726225 0.28222978
v 0.07153684 -0.03837315 0.28077644
v 0.10010123 -0.04243889 0.28441334
v 0.09608725 -0.03439930 0.28290984
v 0.10345854 -0.03572677 0.28358063
v 0.10494999 -0.04243527 0.28451905
v 0.07159058 0.01419003 0.27155483
v 0.07387492 0.01011985 0.27257729
v 0.09164082 -0.00228239 0.27839577
v 0.08256991 -0.01714316 0.27914673
v 0.08283973 -0.01086858 0.27861845
v 0.08926054 -0.01387300 0.27946290
v 0.10776075 -0.00056030 0.27925575
v 0.11030302 -0.01385929 0.28082085
v 0.11960624 -0.01906857 0.28306538
v 0.11920148 -0.00905379 0.28222811
v 0.12865767 -0.04983941 0.28751367
v 0.12866962 -0.03580428 0.28589493
v 0.15621352 -0.04290833 0.28746441
v 0.15721509 -0.04372401 0.28762299
v 0.15834469 -0.04297087 0.28752890
v 0.15641086 -0.04200395 0.28736544
v 0.15721595 -0.04240651 0.28755218
v 0.15721655 -0.04132337 0.28750342
v 0.15855300 -0.04173771 0.28763142
v 0.13733865 -0.01946141 0.28386718
v 0.13776842 -0.00865459 0.28300136
v 0.14963210 -0.01384305 0.28600097
v 0.16418515 -0.01383947 0.28727877
v 0.17959708 -0.02193538 0.28885490
v 0.18051362 -0.00482998 0.29065171
v 0.21226510 -0.04239091 0.28593940
v 0.18576232 -0.05056112 0.28902292
v 0.18577218 -0.03362679 0.29021955
v 0.21433182 -0.04239078 0.28584531
v 0.21324980 -0.04022443 0.28588712
v 0.21545853 -0.04013916 0.28584462
v 0.21857896 -0.04239020 0.28484872
v 0.19145703 -0.02243342 0.28986144
v 0.19058216 -0.00435786 0.29159597
v 0.20876603 -0.01382696 0.29006284
v 0.22006384 -0.01382561 0.28977865
v 0.23405483 -0.01924771 0.28351438
v 0.23465031 -0.00779922 0.28467923
v 0.24960482 -0.04238327 0.27603388
v 0.24289756 -0.04521840 0.27835336
v 0.24290155 -0.03908616 0.27927697
v 0.27147228 -0.04237943 0.26746774
v 0.27783006 -0.02967136 0.26473078
v 0.27982783 -0.04237503 0.26256976
v 0.25929096 -0.01800642 0.27474648
v 0.26371878 -0.01381265 0.27264583
v 0.25953943 -0.00913424 0.27497944
v 0.25513697 -0.01587552 0.27676642
v 0.25481758 -0.01143519 0.27740490
v 0.25863853 -0.01381541 0.27552828
v 0.28097689 -0.01380272 0.26305729
v 0.29588658 -0.02391006 0.25243306
v 0.29617712 -0.00340523 0.25184795
v 0.27686477 0.00402318 0.26370454
v 0.30005902 -0.03058943 0.24911082
v 0.30412009 -0.03010986 0.24612205
v 0.30204087 -0.02610220 0.24804686
v 0.30692723 -0.02464893 0.24408823
v 0.30189228 -0.00133068 0.24769928
v 0.30644360 -0.00269576 0.24406341
v 0.30007318 0.00322859 0.24953607
v 0.30429888 0.00260079 0.24616894
v -0.33016050 0.02792452 0.24470554
v -0.32924789 0.02958823 0.24545789
v -0.32993966 0.05583775 0.24687213
v -0.33121300 0.03016912 0.24384694
v -0.33343518 0.05484633 0.24385254
v -0.32844302 0.02760778 0.24619547
v -0.30461544 0.01449147 0.26049826
v -0.32659689 0.03062620 0.24753591
v -0.29986554 0.01449230 0.26384562
v -0.30340853 0.02157629 0.26166880
v -0.28740370 0.03940635 0.27423602
v -0.27917323 0.01450037 0.27635169
v -0.32519147 0.05410669 0.25032917
v -0.33169073 0.05898022 0.24548483
v -0.32842934 0.05955736 0.24827471
v -0.29019877 0.04305432 0.27241227
v -0.30849060 0.04305702 0.26109678
v -0.30480975 0.06172460 0.26308057
v -0.28767130 0.04723848 0.27450496
v -0.28698814 0.04305509 0.27522749
v -0.28321332 0.04069284 0.27714109
v -0.28265312 0.04598515 0.27826744
v -0.27128142 0.00995287 0.28151596
v -0.27128667 0.01936998 0.28213960
v -0.24922514 0.01126395 0.28995353
v -0.24269798 0.00455190 0.29168284
v -0.21799417 0.00218869 0.29904431
v -0.24973895 0.01803828 0.29020903
v -0.24270093 0.01452590 0.29332125
v -0.24270913 0.03232826 0.29559383
v -0.26488146 0.03519459 0.28815708
v -0.26580048 0.05184680 0.28997329
v -0.24469122 0.04308036 0.29701936
v -0.24147563 0.04308304 0.29849574
v -0.21411614 0.00059156 0.30030373
v -0.21318468 0.00071784 0.30051729
v -0.16054669 0.00208116 0.29920736
v -0.18554431 0.01453824 0.31265378
v -0.15694444 0.00159366 0.29838985
v -0.14568928 0.00591248 0.29539517
v -0.12835707 0.00652435 0.29078135
v -0.12250980 0.01166365 0.28967255
v -0.12835740 0.01457853 0.29171824
v -0.12836134 0.03420280 0.29653481
v -0.12166198 0.01792815 0.29009077
v -0.12928344 0.04313781 0.29915187
v -0.12716395 0.04313971 0.29859766
v -0.10543421 0.03454309 0.28968832
v -0.10300393 0.05420791 0.29451969
v -0.07880425 0.01462422 0.28296739
v -0.09977010 0.00748008 0.28673941
v -0.09976810 0.02234811 0.28796095
v -0.07118976 0.01463008 0.28192177
v -0.07472255 0.02169802 0.28323117
v -0.06584698 0.02531576 0.28142789
v -0.05292347 0.01464331 0.27765223
v -0.07250924 0.06907804 0.28538439
v -0.09357063 0.03507779 0.28864810
v -0.09612717 0.05382101 0.29373699
v -0.07816776 0.04318234 0.28705877
v -0.02882159 0.04322676 0.27249441
v -0.06891201 0.06724206 0.28446856
v -0.06212487 0.04319797 0.28290784
v -0.05292044 0.03921707 0.28045347
v -0.05265190 0.04745793 0.28097641
v -0.03835054 0.01465180 0.27466154
v -0.02902724 0.04188239 0.27249563
v -0.04263909 0.01308369 0.27564663
v -0.04263749 0.01629533 0.27580401
v -0.02841504 0.04316721 0.27237496
v -0.01409029 0.01466767 0.27067026
v -0.02819498 0.04290661 0.27233496
v -0.00439947 0.03405033 0.26792988
v 0.00494275 0.01468009 0.26778448
v -0.02841210 0.04328417 0.27238059
v -0.02828691 0.04322721 0.27235842
v -0.02887194 0.04426235 0.27249369
v -0.02818751 0.04356211 0.27232715
v -0.00218631 0.04324089 0.26774579
v 0.00281431 0.04062534 0.26728505
v 0.00281033 0.04585462 0.26729167
v -0.00452630 0.05270413 0.26777199
v 0.01446727 0.01741884 0.26708004
v 0.02646503 0.01468864 0.26655939
v 0.02514210 0.03963378 0.26529008
v 0.04303200 0.01469339 0.26752821
v 0.03603565 0.02870343 0.26527232
v 0.05150875 0.03162901 0.26673123
v 0.06783775 0.01469749 0.27069330
v 0.02515394 0.04686685 0.26529768
v 0.01449568 0.06882229 0.26650852
v 0.03229149 0.04325734 0.26547819
v 0.03767183 0.06104663 0.26361373
v 0.05478795 0.04326466 0.26744384
v 0.05955699 0.04103876 0.26808140
v 0.05990957 0.04584259 0.26737678
v 0.04989013 0.05817115 0.26505923
v 0.07159133 0.01525635 0.27145296
v 0.07367039 0.01469903 0.27153045
v 0.08536603 0.04275290 0.27149767
v 0.10013785 0.01470698 0.27611625
v 0.08686014 0.04132686 0.27156878
v 0.10909487 0.03260443 0.27788788
v 0.11695504 0.01471144 0.27844948
v 0.08527166 0.04389170 0.27130523
v 0.07163162 0.07048870 0.26979312
v 0.09071647 0.04327463 0.27253965
v 0.08644732 0.04327523 0.27142078
v 0.08685953 0.04521649 0.27156654
v 0.10658608 0.05900300 0.28038162
v 0.11075794 0.04327221 0.27988744
v 0.11845701 0.03924017 0.28060961
v 0.11945462 0.04829501 0.28257647
v 0.12868775 0.01059199 0.28083399
v 0.12868856 0.01921682 0.28158069
v 0.15631272 0.01425654 0.28733048
v 0.15723407 0.01332147 0.28756958
v 0.15943612 0.01361658 0.28797323
v 0.15619284 0.01523869 0.28738865
v 0.15723461 0.01471775 0.28760794
v 0.15723553 0.01651841 0.28776634
v 0.16051589 0.01635848 0.28850889
v 0.13682666 0.03713071 0.28483632
v 0.13569662 0.05056047 0.28709626
v 0.15115419 0.04327410 0.28890762
v 0.16273932 0.04327737 0.29011765
v 0.18229921 0.03249497 0.29414350
v 0.18305662 0.05480507 0.29559150
v 0.18578279 0.00522558 0.29160994
v 0.18579027 0.02550268 0.29415193
v 0.20268780 0.00889883 0.29273140
v 0.21434832 0.00465959 0.29195029
v 0.22033983 0.01174755 0.28989404
v 0.19957678 0.02211368 0.29426616
v 0.21435086 0.01473478 0.29416716
v 0.21435818 0.03231148 0.29565802
v 0.22133996 0.01823322 0.29038450
v 0.18874151 0.03194678 0.29524454
v 0.18810363 0.05526174 0.29650632
v 0.21224540 0.04328921 0.29689503
v 0.21680740 0.04329075 0.29624489
v 0.23571977 0.03624135 0.28671861
v 0.23650129 0.05114495 0.28823906
v 0.25185323 0.01475573 0.27706918
v 0.24292830 0.01022661 0.28166571
v 0.24293096 0.01991278 0.28292823
v 0.27150014 0.01476196 0.26646715
v 0.27693200 0.02561540 0.26373243
v 0.27939415 0.01476434 0.26226699
v 0.25988880 0.03800187 0.27523577
v 0.26465857 0.04332316 0.27256954
v 0.26075000 0.05034589 0.27607238
v 0.25405926 0.04014855 0.27891296
v 0.25349593 0.04705122 0.28003573
v 0.25915381 0.04331964 0.27641237
v 0.28049514 0.04333229 0.26195726
v 0.29538140 0.03375690 0.25342542
v 0.29592764 0.05345123 0.25232947
v 0.27697951 0.06098923 0.26371658
v 0.30008107 0.02570801 0.25072360
v 0.30530608 0.02644569 0.24664059
v 0.30266392 0.03163648 0.24918354
v 0.30931342 0.03366972 0.24402303
v 0.30232394 0.05538955 0.24845499
v 0.30826002 0.05353709 0.24400067
v 0.30009818 0.06040119 0.24955635
v 0.30011022 0.07865301 0.24397302
v 0.30426252 0.05970052 0.24607477
v -0.33089161 0.08467683 0.24509257
v -0.32966250 0.08715820 0.24634573
v -0.33243084 0.08792144 0.24385390
v -0.32841879 0.08421712 0.24724570
v -0.30696368 0.07162072 0.26168674
v -0.32841048 0.10938305 0.24385028
v -0.32602292 0.08830652 0.24864706
v -0.29986072 0.07161816 0.26728803
v -0.30459043 0.08108072 0.26286709
v -0.28861043 0.09410557 0.27545393
v -0.28446513 0.07161404 0.27899700
v -0.32748306 0.11400940 0.24384937
v -0.32308495 0.11713209 0.24651000
v -0.29188114 0.10017402 0.27242154
v -0.30793896 0.10018438 0.26002577
v -0.30212599 0.12416928 0.26042169
v -0.28837487 0.10577382 0.27522063
v -0.28763229 0.10017271 0.27652904
v -0.28154075 0.09613558 0.28049871
v -0.28225088 0.10350088 0.27907017
v -0.27130470 0.06359249 0.28847155
v -0.27130669 0.07955489 0.28828382
v -0.25772935 0.06413330 0.29418796
v -0.24271646 0.04846044 0.29828140
v -0.25753954 0.07902569 0.29409361
v -0.24272628 0.07163805 0.30089644
v -0.26618791 0.09101450 0.29074347
v -0.26528680 0.10845920 0.28896821
v -0.12836331 0.04601313 0.29955167
v -0.10730939 0.06121219 0.29721743
v -0.07361146 0.07175672 0.28549987
v -0.09976101 0.06081408 0.29426643
v -0.07116843 0.07175935 0.28497824
v -0.07259960 0.07461981 0.28528965
v -0.06886458 0.07636967 0.28441656
v -0.06264387 0.07176659 0.28246689
v -0.09048777 0.08139024 0.29634380
v -0.07623824 0.10032112 0.29086044
v -0.06422754 0.10032869 0.28708500
v -0.05252044 0.09596672 0.28117150
v -0.05192916 0.10530093 0.28234965
v -0.03736903 0.07178604 0.27509052
v -0.04261351 0.06952967 0.27697098
v -0.04261173 0.07415590 0.27720821
v -0.01405984 0.07179917 0.27008942
v -0.00410385 0.09169247 0.26812717
v 0.00393897 0.07180816 0.26720333
v -0.02748150 0.09865713 0.27329567
v -0.02350872 0.10035685 0.27244750
v -0.02706641 0.10287849 0.27370539
v -0.02908618 0.09959638 0.27395889
v -0.02923409 0.10125794 0.27425227
v -0.02773386 0.10035417 0.27363592
v -0.00176363 0.10037015 0.26845127
v 0.00252618 0.09808385 0.26788241
v 0.00238753 0.10251727 0.26816446
v -0.00305247 0.10695840 0.26915693
v 0.01450027 0.07473084 0.26664874
v 0.03059776 0.07182314 0.26444227
v 0.02492786 0.09651079 0.26470715
v 0.04306731 0.07183015 0.26461163
v 0.03810641 0.08177037 0.26316833
v 0.04993988 0.08555162 0.26504773
v 0.06188430 0.07183654 0.26761889
v 0.02514859 0.10404833 0.26512384
v 0.01454797 0.12650308 0.26754770
v 0.03280643 0.10038975 0.26445809
v 0.03654758 0.11583658 0.26471663
v 0.05475443 0.10039968 0.26720902
v 0.05997539 0.09779860 0.26724473
v 0.05978836 0.10281387 0.26761991
v 0.07628576 0.10040466 0.27245259
v 0.05160408 0.11196230 0.26665664
v 0.07163338 0.07321684 0.26973692
v 0.07575468 0.07184003 0.27043134
v 0.07855569 0.08566979 0.27247503
v 0.10018137 0.07183930 0.28032112
v 0.09135863 0.08952675 0.27791238
v 0.10416695 0.07979810 0.28278995
v 0.10759224 0.07183865 0.28307286
v 0.07168764 0.12851413 0.27151269
v 0.07510713 0.12211235 0.27242681
v 0.09636128 0.12121497 0.28282213
v 0.08385415 0.09832887 0.27660704
v 0.08391241 0.10242881 0.27649444
v 0.08944152 0.10040472 0.27947247
v 0.10140223 0.12664215 0.28552550
v 0.10623044 0.10040161 0.28896487
v 0.12406187 0.09080444 0.29165637
v 0.12555206 0.11144587 0.29454207
v 0.12871367 0.06386529 0.28844476
v 0.12873612 0.08172676 0.29226762
v 0.14760090 0.06699979 0.29161775
v 0.15726143 0.06048445 0.29247165
v 0.17534477 0.06279081 0.29584414
v 0.14364964 0.07865328 0.29358643
v 0.15726823 0.07183301 0.29537708
v 0.15729898 0.09741766 0.29953298
v 0.17824991 0.08232151 0.29724976
v 0.13197890 0.08935098 0.29456431
v 0.13090441 0.11254428 0.29674065
v 0.15687174 0.10038973 0.30015376
v 0.15769033 0.10038970 0.30023867
v 0.18469356 0.08725537 0.29875001
v 0.18581261 0.05975406 0.29669300
v 0.18583386 0.08465645 0.29812518
v 0.19450891 0.06190570 0.29674357
v 0.21437031 0.05141716 0.29705468
v 0.22544262 0.06633177 0.29234487
v 0.19196209 0.08305180 0.29798132
v 0.21438989 0.07184637 0.29774451
v 0.21440978 0.09677820 0.29922238
v 0.22733650 0.07832730 0.29326785
v 0.18723957 0.08751638 0.29823038
v 0.21362852 0.10041294 0.29946455
v 0.21558490 0.10041416 0.29869363
v 0.23691103 0.09222010 0.28892261
v 0.23808920 0.10980535 0.29122838
v 0.25574729 0.07187888 0.27892315
v 0.24296050 0.06518872 0.28590509
v 0.24297392 0.07951514 0.28781438
v 0.27153546 0.07188722 0.26865694
v 0.27629036 0.08137974 0.26298666
v 0.27914006 0.07189065 0.26205373
v 0.29460844 0.08342424 0.24671771
v 0.25964779 0.09569483 0.27487862
v 0.26672927 0.12657432 0.25577912
v 0.26149413 0.10044392 0.27249894
v 0.26189858 0.10966650 0.26788232
v 0.25940973 0.10470136 0.27462405
v 0.25411448 0.09728098 0.27881774
v 0.25318840 0.10452940 0.28066957
v 0.25892085 0.10044302 0.27578741
v 0.27801314 0.10044982 0.25685197
v 0.29651868 0.08797428 0.24396336
v 0.28561738 0.10747611 0.24394701
v 0.27157789 0.12027380 0.25384644
v -0.30289486 0.12874813 0.25966147
v -0.30911824 0.13339446 0.25348616
v -0.31687868 0.14878565 0.24384417
v -0.29983550 0.12874746 0.26216310
v -0.30198795 0.13306329 0.26028806
v -0.29169708 0.14500587 0.26625684
v -0.27920076 0.12874436 0.27637571
v -0.31009305 0.16245934 0.24384263
v -0.30486745 0.15731488 0.25394863
v -0.28835583 0.15731359 0.26676822
v -0.28204677 0.15031865 0.27240956
v -0.28465277 0.15642716 0.27063531
v -0.28451476 0.15833607 0.27036038
v -0.27998692 0.15731359 0.27240750
v -0.29980493 0.16845727 0.24941379
v -0.27128237 0.12413139 0.28164586
v -0.27127928 0.13299076 0.28089565
v -0.25465283 0.12278706 0.29265457
v -0.25380689 0.13429722 0.29223144
v -0.24272567 0.12876518 0.29992849
v -0.24272305 0.14657356 0.29558900
v -0.29039958 0.18118072 0.25342262
v -0.27123865 0.18285298 0.26633033
v -0.26470780 0.17280459 0.27240917
v -0.24593103 0.17941850 0.28345016
v -0.26216000 0.15214932 0.28274846
v -0.26104647 0.16138671 0.28053382
v -0.24847135 0.15733263 0.28945464
v -0.24127419 0.18305914 0.28526706
v -0.23982723 0.15733773 0.29517755
v -0.21500263 0.17078096 0.29924250
v -0.21351966 0.17100993 0.29969668
v -0.07118225 0.11851356 0.29187745
v -0.06478964 0.12570760 0.28988028
v -0.07118906 0.12890077 0.29480159
v -0.07119395 0.15252838 0.29847530
v -0.06181218 0.13359156 0.29136637
v -0.07187532 0.15747181 0.29958338
v -0.07035699 0.15747277 0.29926842
v -0.04802535 0.14860985 0.29013845
v -0.04612768 0.16826372 0.29393682
v -0.02941304 0.12892063 0.27902001
v -0.04261102 0.12356322 0.28311592
v -0.04261311 0.13610457 0.28679091
v -0.01403268 0.12892814 0.27568978
v 0.00713902 0.12894227 0.26872888
v -0.02117291 0.14320831 0.27955782
v -0.00307528 0.15083462 0.27574664
v -0.01487268 0.18437153 0.28581259
v -0.03606356 0.14975002 0.28787550
v -0.03817313 0.16733371 0.29207152
v -0.02217308 0.15750119 0.28468680
v 0.00531846 0.14741175 0.27241400
v 0.02468675 0.15752535 0.27240041
v -0.01156384 0.18116128 0.28420925
v -0.00240852 0.15751413 0.27774501
v 0.00246639 0.15531698 0.27679962
v 0.00375002 0.16099930 0.27935788
v 0.01455135 0.13102990 0.26826346
v 0.02635716 0.12895189 0.26652825
v 0.02863026 0.15730248 0.27195162
v 0.04312131 0.12896037 0.26803809
v 0.02973521 0.15576366 0.27152002
v 0.06886712 0.12896612 0.27100813
v 0.05526054 0.15319751 0.27455786
v 0.02864057 0.15774080 0.27197108
v 0.03352157 0.15752724 0.27239811
v 0.02908153 0.15752670 0.27194598
v 0.02806357 0.15910831 0.27239802
v 0.02919984 0.15821591 0.27205420
v 0.03263777 0.16508445 0.27616763
v 0.06818973 0.13597541 0.27241069
v 0.05487980 0.15752880 0.27748391
v 0.05974909 0.15521003 0.27702472
v 0.06217587 0.16227174 0.28185689
v 0.07168847 0.12935457 0.27164140
v 0.07283966 0.12896715 0.27184168
v 0.07290345 0.13139102 0.27241385
v 0.10024428 0.12896374 0.28533459
v 0.09884062 0.13177921 0.28527156
v 0.10096548 0.13040175 0.28596130
v 0.10180778 0.12896347 0.28590053
v 0.11036348 0.13401687 0.29172903
v 0.08021878 0.15174994 0.28392988
v 0.07692920 0.16660440 0.29050064
v 0.09640994 0.15752752 0.29315519
v 0.10247335 0.15752786 0.29653382
v 0.12878451 0.11696245 0.29640424
v 0.13407098 0.11731420 0.29834074
v 0.15730344 0.10149822 0.30045867
v 0.21441525 0.10326054 0.29960743
v 0.23175624 0.12032859 0.29540521
v 0.24963349 0.15754622 0.27244580
v 0.25591239 0.12899825 0.26603308
v 0.24964610 0.12899566 0.27578759
v 0.25066668 0.14426227 0.27246019
v 0.24300949 0.12315321 0.28415436
v 0.26608458 0.13175291 0.25545144
v 0.25523803 0.15546311 0.26828414
v 0.26878688 0.15612388 0.24391721
v 0.24349214 0.14302547 0.30075794
v 0.25405669 0.16081922 0.26589930
v 0.26702437 0.15984696 0.24391416
v 0.25803298 0.17927684 0.25136521
v 0.24941839 0.17337383 0.27243263
v 0.24388906 0.14414713 0.29924121
v 0.25152591 0.16333164 0.28400725
v -0.28763866 0.19195700 0.25204003
v -0.27662185 0.20556213 0.25463209
v -0.27228665 0.22764987 0.24599740
v -0.28619567 0.20764515 0.24384025
v -0.27488959 0.22688411 0.24384539
v -0.27123511 0.19002707 0.26412481
v -0.26556686 0.18589053 0.26956838
v -0.26267767 0.20871431 0.26093274
v -0.24269067 0.18589684 0.28442439
v -0.25280738 0.20618147 0.26827446
v -0.23791593 0.19542670 0.28192115
v -0.23986429 0.18589759 0.28527099
v -0.26883307 0.22634920 0.24860251
v -0.27267021 0.22945563 0.24457642
v -0.27120906 0.22955310 0.24550018
v -0.27120879 0.23214006 0.24384613
v -0.25966495 0.23450263 0.24961884
v -0.23684016 0.21445823 0.27240780
v -0.25311685 0.21445465 0.26476750
v -0.23676729 0.23126411 0.26400918
v -0.23006546 0.21784315 0.27409926
v -0.22228563 0.22662392 0.27241299
v -0.23034008 0.21446143 0.27633047
v -0.22369498 0.20977959 0.28177744
v -0.22649702 0.21634081 0.27616167
v -0.24263999 0.24024680 0.25674447
v -0.21414626 0.17248847 0.29924843
v -0.21411346 0.19576991 0.29210782
v -0.21117488 0.17312378 0.29946658
v -0.20122939 0.19376913 0.29451323
v -0.18555020 0.18594743 0.30314910
v -0.18552381 0.20052527 0.29396009
v -0.15791954 0.19976245 0.30044466
v -0.24007519 0.24174172 0.25685108
v -0.21406572 0.24075630 0.26785710
v -0.20984249 0.23458183 0.27241346
v -0.19193868 0.23017071 0.28024420
v -0.20853940 0.20576075 0.28983167
v -0.20446724 0.21914773 0.28173500
v -0.19161306 0.21449676 0.28876087
v -0.18017462 0.23244035 0.28137091
v -0.18051592 0.21450941 0.29097128
v -0.15721749 0.20053129 0.30037710
v -0.16212183 0.22360042 0.29054248
v -0.15693897 0.20001553 0.30045882
v -0.15584080 0.19970544 0.30038515
v -0.12836087 0.18599468 0.30258656
v -0.12834728 0.20663674 0.29697213
v -0.10854570 0.19590005 0.29654425
v -0.15668482 0.20050715 0.30042627
v -0.15201961 0.22391745 0.29115662
v -0.13046034 0.21454889 0.29670456
v -0.12599809 0.21455243 0.29623953
v -0.10240901 0.20293622 0.29564270
v -0.10409526 0.22451171 0.29226828
v -0.09976190 0.19760449 0.29555407
v -0.07119413 0.16111019 0.29912397
v -0.05497868 0.17794386 0.29476804
v -0.08873346 0.19479209 0.29542831
v -0.07119003 0.18603471 0.29825535
v -0.07118818 0.20255524 0.29492342
v -0.05678425 0.19323999 0.29385877
v -0.07247788 0.24053027 0.28534663
v -0.09686801 0.20318578 0.29515064
v -0.09508125 0.22417694 0.29158837
v -0.07443654 0.21458381 0.29444230
v -0.06970777 0.24021250 0.28518659
v -0.06760683 0.21458903 0.29377714
v -0.04705618 0.20476979 0.29204488
v -0.04865559 0.22282699 0.28882742
v -0.01516956 0.18607226 0.28608793
v -0.04261707 0.17505610 0.29438424
v -0.04261120 0.19636165 0.29300123
v -0.01402104 0.18607274 0.28591117
v -0.01473034 0.18748887 0.28595170
v -0.01326952 0.18757410 0.28590903
v -0.01211662 0.18607330 0.28570935
v -0.01635160 0.23850635 0.28430635
v -0.03797326 0.20496404 0.29166552
v -0.03633869 0.22262003 0.28839839
v -0.01955669 0.21461615 0.28985488
v -0.01156358 0.23826480 0.28418374
v -0.00827547 0.21462062 0.28943557
v 0.01158205 0.20334148 0.29493812
v 0.01244198 0.22678925 0.29666710
v 0.01456573 0.17917018 0.28619477
v 0.01457055 0.19673797 0.29366875
v 0.03935952 0.18419234 0.28853333
v 0.04314915 0.18307520 0.28814489
v 0.04921841 0.18305404 0.28966707
v 0.03388790 0.19071186 0.29126236
v 0.04314806 0.18608700 0.29202750
v 0.01702173 0.20280786 0.29600918
v 0.01627665 0.22719410 0.29747391
v 0.07172538 0.17673668 0.29104674
v 0.08190179 0.17689449 0.29581010
v 0.10029297 0.16507553 0.29712224
v 0.18491523 0.24094971 0.27236804
v 0.18603186 0.24158238 0.26918060
v 0.18605003 0.24692400 0.24383865
v 0.20064503 0.23621152 0.25114542
v 0.18798871 0.23925170 0.27237028
v 0.20676309 0.22754005 0.26593342
v 0.20933926 0.23271120 0.28142333
v 0.22999504 0.21577081 0.27009931
v 0.23161161 0.21461974 0.27239880
v 0.22738761 0.21753602 0.27094024
v 0.22609456 0.22011271 0.27513960
v 0.22971599 0.21636550 0.27239740
v 0.23090582 0.21668714 0.27652952
v 0.22321862 0.21894580 0.24387163
v 0.21459353 0.22490135 0.24899778
v 0.24901089 0.18607996 0.26945922
v 0.24813162 0.18608107 0.27494943
v 0.24567015 0.19125213 0.27241722
v 0.24899083 0.19741990 0.24681762
v 0.24313888 0.20466402 0.24388169
v 0.24568887 0.20290598 0.24899200
v 0.24674445 0.20215447 0.24388413
v 0.25109857 0.17584744 0.29693329
v 0.24869317 0.19753735 0.29812127
v 0.24594986 0.20323163 0.29517606
v -0.23713982 0.24577419 0.25538504
v -0.21795391 0.26122844 0.25165421
v -0.23029676 0.26543829 0.24384667
v -0.21406282 0.24753645 0.26342702
v -0.20677686 0.24304336 0.26877850
v -0.21405347 0.27429244 0.24385321
v -0.20902003 0.26235992 0.25391296
v -0.18548039 0.24305791 0.27525264
v -0.19149971 0.25510469 0.26416543
v -0.17777202 0.25845394 0.26583403
v -0.17061920 0.24307118 0.27925897
v -0.20154777 0.27965921 0.24385773
v -0.19009572 0.27162811 0.25310129
v -0.17927617 0.27163368 0.25624537
v -0.16287836 0.25503719 0.27241158
v -0.16578579 0.26624981 0.26164442
v -0.16097602 0.28185293 0.25201982
v -0.18547493 0.28082785 0.24845986
v -0.14819704 0.26048368 0.27240667
v -0.15690912 0.23611636 0.28633413
v -0.15690044 0.24733080 0.28089795
v -0.14573354 0.26852807 0.26615897
v -0.13958248 0.26561239 0.26938385
v -0.11603762 0.26766223 0.27039260
v -0.13124338 0.24892467 0.28376189
v -0.12409829 0.25156820 0.28244045
v -0.13220741 0.24117020 0.28860131
v -0.12833911 0.23397163 0.29122964
v -0.12333295 0.24061109 0.28916442
v -0.13019265 0.24403438 0.28759727
v -0.12833519 0.24310818 0.28884694
v -0.12833455 0.24477960 0.28750408
v -0.12527667 0.24463682 0.28819385
v -0.15027165 0.27931643 0.25709850
v -0.16257268 0.28877193 0.24670023
v -0.15689668 0.28813457 0.24825691
v -0.15689892 0.29382977 0.24386536
v -0.14970641 0.28953564 0.24745405
v -0.13900101 0.27166131 0.26520231
v -0.11646385 0.27167293 0.26753569
v -0.11068125 0.26497701 0.27239540
v -0.11222447 0.26986948 0.26878634
v -0.10965142 0.27605486 0.26364857
v -0.12831397 0.28696403 0.25150013
v -0.07436045 0.24313790 0.28505901
v -0.08894095 0.26471338 0.27238756
v -0.09975687 0.23424537 0.29014340
v -0.09975085 0.25000212 0.28613824
v -0.08734111 0.26979926 0.26860589
v -0.07117203 0.24313974 0.28454366
v -0.08301687 0.26683277 0.26995695
v -0.05924609 0.26694804 0.27000183
v -0.06526913 0.24314258 0.28370023
v -0.08998910 0.27623069 0.26331475
v -0.10969864 0.29094809 0.24882752
v -0.09973525 0.28933203 0.25056091
v -0.09973940 0.29791999 0.24384663
v -0.08915906 0.29126596 0.24912611
v -0.08292614 0.27169359 0.26734513
v -0.05933687 0.27171022 0.26744223
v -0.05121960 0.26042193 0.27237684
v -0.05492520 0.26977572 0.26850742
v -0.05273838 0.27584398 0.26412457
v -0.07116199 0.28772432 0.25184333
v -0.02244141 0.24316382 0.28242800
v -0.03499869 0.25832129 0.27236563
v -0.04259606 0.23781499 0.28304324
v -0.04259008 0.24651667 0.27908948
v -0.03079288 0.26922593 0.26736701
v -0.01401763 0.24316871 0.28315896
v -0.02505554 0.26525605 0.26912874
v -0.00223475 0.26671824 0.27486032
v -0.00945570 0.24317016 0.28435495
v -0.03336551 0.27679157 0.26223755
v -0.05392091 0.29166225 0.24948759
v -0.04259326 0.29006755 0.25193423
v -0.04259306 0.29815522 0.24382707
v -0.02947418 0.29257596 0.25037038
v -0.00233979 0.27173549 0.27235264
v -0.02513791 0.27172992 0.26605856
v -0.00036575 0.27302027 0.27171099
v -0.00000587 0.27230063 0.27263343
v 0.00082753 0.27284032 0.27235138
v -0.00010871 0.27173629 0.27312064
v 0.00145903 0.27055418 0.27471572
v 0.00068628 0.27214703 0.27317095
v -0.01401351 0.28951848 0.25269562
v 0.01456062 0.23087125 0.29697189
v 0.01455933 0.25304037 0.29206383
v 0.02012947 0.23168945 0.29811868
v 0.02613027 0.25168094 0.29512393
v 0.04313887 0.26346904 0.29675478
v 0.00003992 0.29329494 0.25106433
v 0.01455374 0.29273701 0.25718021
v 0.01455432 0.30103591 0.24381506
v 0.03503988 0.29629058 0.25403729
v 0.02371226 0.28201342 0.27234942
v 0.03765897 0.28938320 0.26354542
v 0.03360414 0.28126889 0.27709949
v 0.02087867 0.26377913 0.28827047
v 0.02467056 0.27591985 0.28068781
v 0.03853130 0.27174348 0.29168597
v 0.04802745 0.29055500 0.26296258
v 0.05209075 0.28242785 0.27767953
v 0.06475024 0.28637677 0.27234688
v 0.04721208 0.27174422 0.29275599
v 0.06473469 0.27904767 0.28692043
v 0.04313297 0.29569399 0.25575882
v 0.05025835 0.29677844 0.25452355
v 0.07172766 0.29492956 0.26154757
v 0.07173533 0.30451566 0.24381357
v 0.09123985 0.29580575 0.25354454
v 0.07935956 0.28506956 0.27234465
v 0.09364006 0.28699070 0.26474029
v 0.09113242 0.28198549 0.27745000
v 0.07937194 0.27839571 0.28561038
v 0.13425210 0.27175727 0.27233723
v 0.10796952 0.28502193 0.26571780
v 0.11034483 0.28025281 0.27657682
v 0.11866575 0.27989611 0.27233446
v 0.12061557 0.27778071 0.28436196
v 0.10031692 0.29285628 0.25433707
v 0.14140752 0.26822093 0.27233785
v 0.14179569 0.27037594 0.26957583
v 0.15728869 0.27167454 0.24381399
v 0.14513221 0.26784810 0.27038670
v 0.16473629 0.25771660 0.26534021
v 0.15748087 0.27148697 0.24395563
v 0.18333548 0.24317665 0.27101967
v 0.17671221 0.25280777 0.24849132
v 0.14619271 0.26571667 0.27535343
v 0.16288278 0.25402865 0.28119141
v 0.18175025 0.24317534 0.27450034
v 0.15744033 0.26325396 0.29662451
v 0.17868654 0.25379184 0.29722613
v 0.13342479 0.28153145 0.25284258
v 0.15404981 0.27348655 0.24381346
v 0.12449945 0.28826135 0.24600783
v 0.12890381 0.28716388 0.24601473
v 0.12890564 0.28782266 0.24380974
v 0.13022853 0.28672093 0.24447013
v 0.14013049 0.26871377 0.27841049
v 0.18602511 0.24161670 0.27547982
v 0.20577884 0.23877291 0.29102609
v 0.21455540 0.23387222 0.29128632
v 0.21454261 0.24316299 0.30430001
v 0.10029546 0.27632451 0.29857534
v 0.01430443 -0.21206021 0.30111516
v -0.02457460 -0.19053274 0.30113333
v -0.01425833 -0.19001839 0.30345336
v 0.00852793 -0.20253836 0.30400547
v -0.02492670 -0.18002883 0.30113381
v -0.01580537 -0.18537137 0.30422512
v -0.01281103 -0.18536954 0.30402631
v 0.01247175 -0.19781642 0.30478165
v 0.01271478 -0.17266400 0.30432433
v -0.01425702 -0.18073978 0.30344784
v 0.01430193 -0.20131670 0.30445558
v 0.01876881 -0.20187657 0.30335063
v 0.01586393 -0.19808398 0.30424112
v 0.04286532 -0.18684381 0.30188000
v 0.01566127 -0.17242268 0.30384696
v 0.00925008 -0.16854097 0.30367005
v 0.01430767 -0.16973676 0.30380425
v 0.01431497 -0.15871581 0.30114883
v 0.01802367 -0.16920827 0.30299893
v 0.04235785 -0.18533675 0.30214307
v 0.04330148 -0.18533583 0.30199936
v 0.04580453 -0.18680197 0.30112812
v 0.04640418 -0.18356359 0.30113059
v 0.04286641 -0.18390729 0.30184245
v -0.20642276 -0.02445426 0.30098760
v -0.18553640 -0.01817937 0.30307597
v -0.20691349 -0.00334302 0.30098465
v -0.21411723 0.00398538 0.30098158
v -0.18711632 -0.01401505 0.30414638
v -0.18422388 -0.01401355 0.30361313
v -0.17512934 -0.01920356 0.30100629
v -0.17382763 -0.00815820 0.30099860
v -0.18554080 0.00026821 0.30812141
v -0.15694872 0.00925171 0.30100122
v -0.22097793 0.02538824 0.30439717
v -0.21778093 0.03246754 0.30827332
v -0.21945378 0.05206194 0.31159246
v -0.23223430 0.03785315 0.30097133
v -0.23553698 0.04667416 0.30096895
v -0.21412365 0.02505310 0.30848897
v -0.19435869 0.01894041 0.31084502
v -0.20763630 0.03530298 0.31393361
v -0.18554512 0.01849718 0.31326649
v -0.17866047 0.01798175 0.31181079
v -0.20570904 0.04896265 0.31779015
v -0.22576030 0.06317963 0.30676869
v -0.21414094 0.06487064 0.31593189
v -0.19551384 0.04310165 0.32087308
v -0.19347674 0.05583440 0.32314557
v -0.17303087 0.04310578 0.32597369
v -0.16815731 0.04000460 0.32329866
v -0.16940686 0.04496545 0.32578540
v -0.17422722 0.04902110 0.32654333
v -0.16041271 0.06482483 0.32948923
v -0.15696262 0.02420957 0.31022799
v -0.15037502 0.02555473 0.30427578
v -0.15069500 0.03510467 0.31349567
v -0.13531274 0.03966326 0.30098897
v -0.14850530 0.04894600 0.31786427
v -0.13257766 0.04524035 0.30098683
v -0.15606406 0.06985465 0.32948801
v -0.12925215 0.06994665 0.31610054
v -0.12796001 0.07087481 0.31563765
v -0.12837158 0.06579497 0.31228054
v -0.12622102 0.07062918 0.31415299
v -0.09976569 0.08238215 0.30096835
v -0.24292840 0.10009917 0.30096984
v -0.24273212 0.10001677 0.30106008
v -0.22818279 0.07891859 0.30797261
v -0.24288327 0.10027284 0.30096987
v -0.24277045 0.10019738 0.30104634
v -0.24266046 0.10019750 0.30111307
v -0.22034287 0.09212843 0.31333119
v -0.22019958 0.10846586 0.31302667
v -0.24273214 0.10037949 0.30106083
v -0.21414518 0.07725577 0.31832564
v -0.19952631 0.07167257 0.32220525
v -0.20236889 0.09773987 0.32450676
v -0.18556364 0.07167870 0.33282909
v -0.19620639 0.09292330 0.32584086
v -0.17685176 0.08911383 0.33504820
v -0.16033474 0.07168752 0.33116055
v -0.18557163 0.07167132 0.37063858
v -0.16606569 0.08143673 0.35347426
v -0.20246051 0.10282366 0.32432622
v -0.22794040 0.12138680 0.30784428
v -0.21416238 0.12159698 0.31511551
v -0.18658790 0.10024833 0.32948977
v -0.19832082 0.10024177 0.32639945
v -0.19612662 0.10773246 0.32575202
v -0.17562014 0.10891452 0.33380502
v -0.18021823 0.10025373 0.34729755
v -0.15332475 0.07168939 0.33131078
v -0.15698341 0.06894305 0.33496711
v -0.12837708 0.07170053 0.31872398
v -0.12648003 0.07549199 0.31711340
v -0.12729803 0.07170196 0.31576079
v -0.13650697 0.08790325 0.33564430
v -0.14729396 0.08112912 0.35315719
v -0.12840955 0.07169312 0.35642004
v -0.12841828 0.09209350 0.35390311
v -0.12968953 0.10027540 0.32946932
v -0.12904792 0.12759538 0.34309027
v -0.11747165 0.10028084 0.32272625
v -0.10284750 0.08908322 0.30709440
v -0.10687876 0.10749374 0.31509453
v -0.12226725 0.11662093 0.32130691
v -0.12405898 0.10027614 0.34929246
v -0.10341826 0.11099422 0.35083202
v -0.09976775 0.08507972 0.30283257
v -0.09867427 0.08547062 0.30151096
v -0.09880973 0.08697307 0.30287629
v -0.09722699 0.08728623 0.30096528
v -0.09684626 0.11165877 0.30680031
v -0.09235825 0.11088941 0.30095208
v -0.09978715 0.11965008 0.31104815
v -0.09417337 0.11739479 0.30374274
v -0.09869798 0.11342117 0.35566947
v 0.12600219 0.12338197 0.32949126
v 0.12562542 0.11154106 0.35178763
v 0.12878840 0.12279931 0.31721276
v 0.12880525 0.13306487 0.30095375
v 0.14163217 0.12109510 0.30739707
v 0.13298556 0.12053022 0.32950076
v 0.15156360 0.11743592 0.32099718
v 0.14935017 0.11303364 0.33583871
v 0.13340455 0.11000983 0.34873948
v 0.17982621 0.10864289 0.31304786
v 0.16238350 0.11880737 0.32031494
v 0.16452792 0.11448430 0.33656931
v 0.18022628 0.11768393 0.32952520
v 0.18428223 0.11310295 0.35494933
v 0.16012311 0.10180037 0.30101231
v 0.15730594 0.10401518 0.30281925
v 0.18584053 0.09337655 0.30102408
v 0.19172463 0.10880259 0.31274182
v 0.21001501 0.10260954 0.30102682
v 0.19134036 0.11799115 0.32952777
v 0.20932810 0.11878901 0.32035658
v 0.20899552 0.11813428 0.33840132
v 0.18735135 0.11316527 0.35507205
v 0.21920314 0.11940528 0.32005572
v 0.21950696 0.11876785 0.33871847
v 0.21441494 0.10574660 0.30368939
v 0.22660369 0.12289661 0.30919561
v 0.24300700 0.14218189 0.30100101
v -0.22159411 0.13934971 0.30466759
v -0.21706986 0.14598200 0.30676657
v -0.22565424 0.14881262 0.30095500
v -0.21415931 0.13920331 0.30868611
v -0.19644371 0.12881395 0.32064301
v -0.21415070 0.16388842 0.30095112
v -0.21007253 0.14716223 0.30911180
v -0.18558651 0.12881942 0.32991207
v -0.19126649 0.14017871 0.32089344
v -0.17960903 0.14076421 0.32117569
v -0.16134796 0.12883624 0.33163851
v -0.16295882 0.11752488 0.35502392
v -0.18560955 0.12882176 0.36596119
v -0.20953690 0.16933675 0.30094975
v -0.19181451 0.15737894 0.31340420
v -0.17903917 0.15738812 0.31398797
v -0.15854053 0.13193034 0.32946587
v -0.16591239 0.15203612 0.31875122
v -0.16325931 0.16541015 0.31347561
v -0.18556532 0.17028177 0.30738801
v -0.13149644 0.12885369 0.34218320
v -0.15515158 0.13252193 0.32946450
v -0.15699892 0.13167016 0.33511591
v -0.14741793 0.15269428 0.32003134
v -0.12841719 0.12885554 0.34232539
v -0.13207924 0.13622734 0.31887496
v -0.12470257 0.13623001 0.31887409
v -0.11996850 0.12886095 0.31939498
v -0.13059761 0.12776574 0.34480596
v -0.12841928 0.12655002 0.34486872
v -0.12546836 0.12737997 0.34518969
v -0.12841971 0.12885530 0.34447125
v -0.14999193 0.16471764 0.31487274
v -0.16937037 0.17787918 0.30712926
v -0.15696678 0.17601427 0.30956855
v -0.15694053 0.19855338 0.30093375
v -0.14427246 0.17803968 0.30726171
v -0.13565089 0.15742567 0.31542239
v -0.12112343 0.15743379 0.31542021
v -0.10505955 0.14842653 0.31144533
v -0.10184314 0.16966683 0.30505991
v -0.12837112 0.17065820 0.30753157
v -0.09979203 0.13727613 0.31268656
v -0.09984658 0.11681395 0.35349000
v -0.09299259 0.13977654 0.30432266
v -0.09559445 0.14736006 0.30930462
v -0.07722251 0.15445597 0.30094007
v -0.09705513 0.11596917 0.35656923
v -0.07127029 0.12887181 0.36141282
v -0.09823827 0.17020059 0.30399841
v -0.08490227 0.16431330 0.30093807
v -0.10330929 0.17349952 0.30269885
v -0.09977122 0.17264934 0.30276215
v -0.09976854 0.17748182 0.30093372
v -0.09698036 0.17313042 0.30232769
v -0.01410008 0.12889940 0.37051937
v 0.04307210 0.12893657 0.36523741
v 0.04308921 0.15750556 0.35794768
v 0.06587299 0.14034151 0.35506243
v 0.04308517 0.15751439 0.35794404
v 0.06876613 0.18022710 0.32941589
v 0.04309566 0.15751439 0.35793927
v 0.06781636 0.14709535 0.35024929
v 0.06438857 0.16451260 0.34337717
v 0.07166710 0.14032902 0.35214239
v 0.11027420 0.14898562 0.32517534
v 0.12190151 0.12895079 0.32603425
v 0.12342624 0.14053939 0.30362684
v 0.10441978 0.13731939 0.33953241
v 0.11041258 0.12895295 0.33864278
v 0.10945872 0.12433147 0.34835011
v 0.09190646 0.13311552 0.34786382
v 0.10022440 0.12895471 0.34744504
v 0.10022764 0.13180117 0.34513712
v 0.10295001 0.13031709 0.34507933
v 0.07170580 0.18167336 0.32059255
v 0.07172236 0.19024879 0.30088627
v 0.08735327 0.17962050 0.30868870
v 0.09556578 0.15752205 0.32941824
v 0.08002234 0.16945335 0.32941401
v 0.08998752 0.16550671 0.32542545
v 0.08751086 0.16056871 0.33093309
v 0.08121020 0.15275800 0.33893567
v 0.08383280 0.15967669 0.33371249
v 0.08768278 0.15752457 0.33280569
v 0.10748968 0.15752110 0.31530803
v 0.11887321 0.14821622 0.30092221
v 0.10832240 0.16154094 0.30089742
v 0.10029067 0.17008334 0.30715957
v 0.15728177 0.10538694 0.35558221
v 0.23130499 0.12897693 0.32370341
v 0.23196362 0.12897143 0.33504027
v 0.21440071 0.11772321 0.34942889
v 0.22625692 0.12303614 0.34973329
v 0.24004404 0.13485585 0.32953736
v 0.25368327 0.15754108 0.32952058
v 0.24300556 0.14224701 0.30303845
v 0.24297027 0.13592735 0.34343934
v 0.24337733 0.14308265 0.30118495
v 0.24474733 0.14500961 0.30448046
v 0.24364330 0.14358565 0.30099946
v 0.24774748 0.14085223 0.35567981
v 0.25379717 0.16101840 0.32256737
v 0.25265175 0.16700661 0.30097085
v 0.25293690 0.17677478 0.30591756
v 0.25511730 0.16184042 0.32951638
v 0.25233600 0.15261592 0.33935678
v 0.25558770 0.15921441 0.33286738
v -0.01407081 0.18605626 0.36192855
v 0.00361622 0.19490409 0.35252833
v 0.00837650 0.20650741 0.34568128
v 0.00956353 0.22395444 0.34803903
v 0.01452880 0.19500506 0.34727126
v 0.02919057 0.20766619 0.30089861
v 0.05241221 0.20463908 0.32442498
v 0.04314281 0.20559880 0.30541450
v 0.06373455 0.18609068 0.32544166
v 0.06253463 0.19577661 0.30547407
v 0.04392591 0.18771248 0.34288132
v 0.04533198 0.18608728 0.34258476
v 0.04308967 0.15809375 0.35766301
v 0.04369464 0.18579555 0.34398463
v 0.04213522 0.18657447 0.34418148
v 0.04311131 0.18608695 0.34409741
v 0.04311152 0.18668886 0.34399450
v 0.04346507 0.18626368 0.34387010
v 0.02623270 0.22308105 0.30089623
v 0.03487159 0.23906118 0.31102931
v 0.04167593 0.21464463 0.32942581
v 0.03580669 0.21464182 0.31553400
v 0.03987367 0.23667444 0.31841350
v 0.03635301 0.22966962 0.33692861
v 0.02420978 0.21002565 0.33865899
v 0.02306099 0.22041342 0.34095490
v 0.03205350 0.21464451 0.33585989
v 0.18599774 0.25193104 0.30088642
v 0.23755702 0.22338203 0.31193921
v 0.25410241 0.21463245 0.32945603
v 0.23913285 0.23534095 0.32944310
v 0.23154315 0.22312060 0.30091542
v 0.25703919 0.18608871 0.32248211
v 0.26180851 0.18609273 0.33890578
v 0.25518870 0.21042469 0.32946053
v 0.25017014 0.19679575 0.30449930
v 0.24306738 0.20848498 0.30092764
v 0.25253421 0.20985845 0.31991884
v 0.24748637 0.20256698 0.30093205
v 0.26355216 0.18210565 0.34775639
v 0.26460701 0.18955269 0.34722534
v 0.27150145 0.18609980 0.36533865
v 0.22321787 0.23882157 0.31082934
v 0.25591117 0.21325299 0.33221743
v 0.25519311 0.21673179 0.33365065
v 0.00748734 0.23244709 0.35445142
v 0.03967199 0.24319364 0.31688449
v 0.03466906 0.24320240 0.33946663
v 0.01453832 0.23474550 0.34633142
v 0.03952346 0.24499817 0.31335002
v 0.04188984 0.24568792 0.31639826
v 0.04531630 0.24754941 0.31732604
v 0.04313815 0.24874669 0.31237721
v 0.03989910 0.24964672 0.34046432
v 0.04818138 0.25331086 0.33862871
v 0.02915340 0.25018650 0.35065526
v 0.04311465 0.26351154 0.35381728
v 0.06504588 0.25652155 0.32940558
v 0.06454402 0.26463902 0.31519493
v 0.07828577 0.27175099 0.32939482
v 0.06252731 0.26664263 0.33961678
v 0.05528925 0.26567397 0.30088043
v 0.07172098 0.26775324 0.30087388
v 0.08355716 0.27419388 0.32451084
v 0.09374781 0.27502048 0.30086163
v 0.08445112 0.27484655 0.32939148
v 0.08759809 0.27494317 0.32779625
v 0.08809260 0.27593324 0.33148101
v 0.07231546 0.28541371 0.35667521
v 0.12078139 0.27795380 0.31698570
v 0.11031589 0.28024530 0.32513779
v 0.10933463 0.28220317 0.33461016
v 0.11925274 0.28111261 0.32938349
v 0.10736359 0.27528220 0.30085838
v 0.10029452 0.27612996 0.30304781
v 0.12886775 0.27319184 0.30085713
v 0.14888683 0.26747414 0.30086321
v 0.15743235 0.26570791 0.30388242
v 0.18087976 0.25489128 0.30343798
v 0.13591051 0.27898061 0.31494832
v 0.15260169 0.27174950 0.31050298
v 0.13749890 0.28300905 0.32938570
v 0.14726901 0.28002185 0.32525864
v 0.14958288 0.28465086 0.33583891
v 0.16557768 0.27174449 0.31715411
v 0.17856483 0.26487854 0.31570873
v 0.17341973 0.27345884 0.32596716
v 0.18366674 0.27173567 0.32940942
v 0.16976640 0.27560514 0.32746854
v 0.16826507 0.27860275 0.33282593
v 0.17338523 0.27511269 0.32940066
v 0.18599515 0.25518954 0.30539799
v 0.19748977 0.26619020 0.32942319
v 0.19932474 0.25077638 0.30755380
v 0.20780601 0.25662386 0.32188335
v 0.21744648 0.24899945 0.31807905
v 0.21453291 0.24742201 0.31303659
v 0.22654074 0.24316984 0.32117546
v 0.21853018 0.24516363 0.31316775
v 0.20366648 0.26490310 0.33283830
v 0.22134782 0.25683451 0.33687645
v 0.23511904 0.24317759 0.33340320
v 0.23588328 0.25389597 0.35440755
v 0.19817857 0.26965114 0.33357784
v 0.19411014 0.27787656 0.34169400
v 0.20954411 0.27173564 0.34802932
v 0.21641111 0.27173722 0.35416102
v 0.24303693 0.23831169 0.33917639
v 0.25389865 0.23436180 0.35254547
v 0.10026664 0.28779349 0.34990343
v 0.11561837 0.29263481 0.35131934
v 0.10025151 0.30031389 0.36608347
v 0.12883498 0.29204196 0.34590316
v 0.14253345 0.29287246 0.35108411
v 0.15740454 0.29121763 0.34820306
v 0.17546748 0.29126924 0.35269997
v 0.15739423 0.30030406 0.36176234
v 0.18596390 0.28883970 0.35231638
v 0.19064158 0.28835908 0.35561457
v 0.21450439 0.27382979 0.35692263
v -0.15801097 -0.00076862 0.41307068
v -0.13143449 0.00849140 0.39782310
v -0.15574610 -0.00097291 0.41266191
v -0.12454204 0.00681375 0.39698577
v -0.10655315 -0.00643812 0.40173709
v -0.07132994 -0.04258769 0.42703164
v -0.07131016 -0.01964302 0.41231894
v -0.07488932 0.00733716 0.39724037
v -0.09373138 -0.00585604 0.40289402
v -0.07470277 -0.01401773 0.40833354
v -0.06888781 0.00976881 0.39845255
v -0.06906526 -0.01401606 0.41064966
v -0.04476580 -0.00175249 0.41106576
v -0.04116029 -0.00130067 0.41196543
v -0.16020367 0.00187122 0.41351524
v -0.16845572 0.02308480 0.40936980
v -0.18617786 0.07136769 0.37196752
v -0.18585832 0.07109745 0.37255618
v -0.18894702 0.06490242 0.39742422
v -0.15080377 0.04310888 0.38654405
v -0.18498997 0.07050849 0.37285048
v -0.17997268 0.06049296 0.39522219
v -0.16389583 0.05786056 0.38653371
v -0.16533339 0.03717564 0.39840293
v -0.16634971 0.04802204 0.39636636
v -0.18557155 0.07072531 0.37179819
v -0.13642347 0.01454620 0.39683649
v -0.14511447 0.03827274 0.38654819
v -0.15698129 0.00198395 0.41168270
v -0.15697733 0.02282573 0.40311360
v -0.14526603 0.04054126 0.38141513
v -0.12840649 0.01454745 0.39078134
v -0.13952887 0.03678069 0.38338980
v -0.12036759 0.03062281 0.38032389
v -0.10161126 0.01454700 0.38745773
v -0.12841581 -0.01117061 0.41371667
v -0.14989293 0.05030467 0.37217686
v -0.18277267 0.07027293 0.37087327
v -0.15699062 0.06160138 0.36640581
v -0.15699330 0.07299393 0.35800260
v -0.14754173 0.06212382 0.36272377
v -0.13855477 0.04311308 0.37827373
v -0.12165399 0.04311782 0.37151194
v -0.10046967 0.01581462 0.38657013
v -0.10985501 0.03886293 0.37805074
v -0.10824512 0.04899510 0.37482518
v -0.12841617 0.05886158 0.36586726
v -0.09817512 0.01454738 0.38740072
v -0.09836660 0.01748468 0.38656878
v -0.09983639 0.01416047 0.38734370
v -0.09983598 0.01475199 0.38698041
v -0.08763819 0.04103015 0.38236201
v -0.07127388 0.01455744 0.39502400
v -0.08380884 0.03966547 0.38482320
v -0.05895908 0.03917312 0.38853675
v -0.06451694 0.01455858 0.39746362
v -0.08868971 0.04627792 0.38026035
v -0.11876018 0.06687053 0.36745095
v -0.09982954 0.06468819 0.37253308
v -0.06355020 0.04313862 0.38655272
v -0.08370218 0.04313033 0.38288206
v -0.07610665 0.06201122 0.37711361
v -0.05745303 0.04410202 0.38703266
v -0.05573066 0.04562783 0.38655245
v -0.05736563 0.04314141 0.38733760
v -0.05643233 0.04259985 0.38763601
v -0.05665604 0.04345896 0.38718709
v -0.04273257 0.00317897 0.40931866
v -0.04270808 0.02086635 0.39915347
v -0.03490412 0.00419632 0.41120565
v -0.02407055 0.01954151 0.40580094
v -0.01414737 0.01458255 0.41380349
v -0.01413570 0.02558429 0.40633357
v -0.04268609 0.06711034 0.37732312
v -0.03354209 0.05342916 0.38654792
v -0.02560723 0.04874634 0.38934076
v -0.03110305 0.04045635 0.39193487
v -0.03009232 0.04483871 0.38992116
v -0.02534164 0.04315377 0.39267582
v -0.00432053 0.05215422 0.39104059
v 0.01285604 0.06853241 0.38653404
v -0.00469100 0.04316403 0.39626306
v 0.00503634 0.04803581 0.39627510
v 0.01446887 0.07122193 0.38546112
v 0.01528642 0.07012014 0.38653305
v 0.03960009 0.06490026 0.39739305
v 0.02132588 0.05059848 0.40138149
v 0.04565053 0.06653635 0.39821056
v 0.06934676 0.05525661 0.41066968
v 0.09981856 0.07114742 0.40055358
v 0.07365881 0.05541594 0.41098899
v 0.10048779 0.07112064 0.40054107
v 0.12807676 0.05692622 0.41401917
v 0.12929574 0.05691068 0.41398901
v -0.21629231 0.08487979 0.41400251
v -0.21290016 0.10023549 0.38653669
v -0.21576798 0.12566864 0.38652301
v -0.21671177 0.08851440 0.40995780
v -0.22236273 0.10633273 0.39871743
v -0.18655315 0.07167064 0.37275973
v -0.19557288 0.07166701 0.39580610
v -0.20703404 0.08591148 0.38653743
v -0.21414447 0.08298112 0.40913874
v -0.18626726 0.07201818 0.37192300
v -0.20578536 0.09433061 0.37474287
v -0.18557402 0.07557048 0.37032270
v -0.19237955 0.06826008 0.40420708
v -0.18555638 0.05319344 0.41004172
v -0.20752546 0.10787386 0.37128884
v -0.21419671 0.12674008 0.38238618
v -0.19184110 0.12570535 0.36915419
v -0.18820168 0.10024968 0.36321855
v -0.18410881 0.10025191 0.36095330
v -0.17265707 0.09379527 0.35799786
v -0.17133963 0.10738333 0.35799521
v -0.18560012 0.11395713 0.36484063
v -0.10631102 0.08275028 0.36122102
v -0.15701325 0.12214269 0.35799003
v -0.10129044 0.08743732 0.36088145
v -0.11347370 0.09280212 0.35798422
v -0.09983788 0.08407137 0.36181596
v -0.07500099 0.07171134 0.37413314
v -0.09984668 0.10156228 0.35797459
v -0.09858789 0.08724044 0.36048713
v -0.07125915 0.07171338 0.37387437
v -0.07248139 0.07415437 0.37348235
v -0.07021631 0.07380150 0.37330666
v -0.06724146 0.07171509 0.37427279
v -0.09022392 0.10976143 0.35796884
v -0.09985542 0.12643127 0.35796422
v -0.07321135 0.10029021 0.36187151
v -0.06958149 0.10029221 0.36133552
v -0.04807020 0.09140308 0.36874822
v -0.04642273 0.11085230 0.36545596
v -0.07126797 0.10769186 0.36166942
v -0.04268483 0.07806103 0.37388939
v -0.02951854 0.07173364 0.37995896
v -0.03725883 0.09144558 0.36882564
v -0.01411082 0.07174063 0.38185918
v -0.01929876 0.08211207 0.37743729
v -0.00734115 0.08528093 0.37900841
v 0.01151762 0.07175609 0.38505697
v -0.03890374 0.11082329 0.36551973
v -0.05647130 0.12147923 0.36484846
v -0.04268221 0.11793319 0.36463901
v -0.01911540 0.12638970 0.36973414
v -0.02081292 0.10031982 0.37138569
v -0.00576970 0.10032628 0.37461397
v 0.00493628 0.09557730 0.37701789
v 0.00568079 0.10582519 0.37553167
v -0.01410142 0.12662914 0.37110353
v 0.01446914 0.07245987 0.38512829
v 0.01636902 0.07175893 0.38558206
v 0.02435813 0.09593715 0.37771001
v 0.04303942 0.07177357 0.39309376
v 0.03420451 0.08946536 0.38108554
v 0.05178005 0.08925059 0.38097566
v 0.05425343 0.07177828 0.39522082
v 0.04302045 0.04364892 0.41489908
v 0.02364567 0.10546798 0.37627387
v -0.01209830 0.12789859 0.37123522
v 0.01448053 0.12217217 0.37302890
v 0.03574268 0.12526934 0.36856538
v 0.03425622 0.10035156 0.37554637
v 0.05173702 0.10036267 0.37532270
v 0.06483775 0.08533812 0.38654137
v 0.06230996 0.09538858 0.37658122
v 0.06668819 0.10971585 0.36784840
v 0.04306200 0.12100068 0.36826187
v 0.09818543 0.07180286 0.39989701
v 0.07866565 0.08591458 0.38655391
v 0.07159010 0.06247577 0.40518114
v 0.07160296 0.07562007 0.39421800
v 0.08117546 0.09565435 0.37710884
v 0.10014721 0.07180399 0.39978164
v 0.09098905 0.09017285 0.38146752
v 0.10936844 0.09022945 0.38152164
v 0.10221753 0.07180474 0.39984900
v 0.10014411 0.06896946 0.40230021
v 0.07683306 0.10946073 0.36837924
v 0.05819713 0.12137682 0.36467135
v 0.07163619 0.11724664 0.36312577
v 0.07165139 0.12983607 0.35796031
v 0.07999951 0.11884748 0.36215073
v 0.09333995 0.10037915 0.37167752
v 0.10704383 0.10038118 0.37175637
v 0.12183199 0.08557429 0.38662177
v 0.12064537 0.09417547 0.37419760
v 0.11957563 0.11007947 0.35802621
v 0.10019174 0.11177787 0.36369491
v 0.13603351 0.08648326 0.38664049
v 0.12868048 0.05928790 0.41170463
v 0.12869570 0.07624234 0.39549503
v 0.12874125 0.10746731 0.35804421
v 0.13722734 0.09462020 0.37510216
v 0.14771193 0.09092179 0.38191736
v 0.17001086 0.09733127 0.38512504
v 0.15234764 0.08163433 0.39604479
v 0.16701514 0.09134866 0.39118561
v 0.13498342 0.06068499 0.41207618
v 0.15204418 0.07442613 0.40355757
v 0.15723920 0.07182854 0.40673354
v 0.15724429 0.07643943 0.40326667
v 0.16944790 0.07793860 0.40707114
v 0.14712995 0.10546441 0.35807046
v 0.15419607 0.10038462 0.36424267
v 0.16485852 0.10038967 0.37326860
v 0.17320639 0.09706404 0.38665849
v 0.17345393 0.09848353 0.38283738
v 0.18124053 0.10039676 0.38665521
v 0.17552933 0.10951017 0.35808137
v 0.15727764 0.10306742 0.35942751
v 0.18579662 0.08217623 0.40736389
v 0.18584493 0.11209636 0.35808098
v 0.19534019 0.08135148 0.41048047
v 0.21433856 0.07185476 0.42291856
v 0.21435511 0.08988840 0.40998393
v 0.18937927 0.11113069 0.36516464
v 0.18902223 0.11308186 0.35807949
v 0.19800416 0.10457745 0.38665572
v 0.20459631 0.10939437 0.38215435
v 0.20264561 0.10551035 0.38921225
v 0.19434243 0.09465869 0.39815617
v 0.19802900 0.10246207 0.39078218
v 0.20532307 0.10040362 0.39713761
v 0.22220272 0.11332417 0.38018984
v 0.22463351 0.10844301 0.39067650
v 0.24152020 0.12614314 0.38664427
v 0.22136360 0.10040899 0.40123159
v 0.23539752 0.10716969 0.40017927
v 0.21439372 0.11604302 0.36590993
v 0.22794798 0.12218520 0.36558628
v 0.24293402 0.12788655 0.38448131
v 0.24295555 0.13412699 0.35807762
v 0.24352038 0.12779118 0.38664278
v 0.24724832 0.11036246 0.40655428
v -0.21656302 0.12881181 0.38534155
v -0.22034049 0.12881432 0.38959002
v -0.23557125 0.12522660 0.40438467
v -0.24274316 0.12882674 0.42329574
v -0.23609667 0.13215536 0.40412089
v -0.21683681 0.13408233 0.38651657
v -0.22464915 0.15354361 0.39418870
v -0.22288114 0.16301244 0.39772514
v -0.21419840 0.13058077 0.38299078
v -0.20833883 0.14054619 0.38651520
v -0.19099793 0.13151169 0.36957380
v -0.19325268 0.14406954 0.37986398
v -0.18561353 0.13258258 0.37038177
v -0.17759481 0.13283528 0.36825734
v -0.19863695 0.15481539 0.38779461
v -0.18284002 0.15739377 0.38650745
v -0.20145133 0.15586440 0.38955769
v -0.20240849 0.15987547 0.39146772
v -0.19875413 0.15739103 0.38884649
v -0.17251405 0.15739594 0.38417554
v -0.16867805 0.15473717 0.38119251
v -0.17045073 0.15829194 0.38472068
v -0.17206006 0.15882191 0.38579571
v -0.17677543 0.16824859 0.39192790
v -0.16993135 0.16022897 0.38650748
v -0.15702763 0.13939929 0.36543316
v -0.14341627 0.13632883 0.36477345
v -0.15010542 0.15006155 0.37182331
v -0.12845017 0.14319909 0.36507729
v -0.10698494 0.13959013 0.36152178
v -0.14613731 0.16079104 0.37975937
v -0.13570519 0.15742280 0.37243664
v -0.14758968 0.16705681 0.38650185
v -0.13887748 0.16518652 0.38262123
v -0.12295859 0.15743126 0.36894906
v -0.10233749 0.14562668 0.36290300
v -0.10748743 0.16411641 0.37316644
v -0.11961554 0.16829711 0.38106734
v -0.09986094 0.14136383 0.36154112
v -0.09414086 0.14029640 0.36081982
v -0.09780066 0.14521746 0.36208063
v -0.07127553 0.14320844 0.36507830
v -0.05764376 0.13569173 0.36542869
v -0.09303099 0.16489741 0.37162516
v -0.09988056 0.18332292 0.38112432
v -0.07701017 0.15745595 0.36941072
v -0.07579173 0.17701791 0.37673199
v -0.06678830 0.15745901 0.36692140
v -0.04747806 0.14796467 0.36753696
v -0.04764977 0.16678423 0.36789370
v -0.06786155 0.17919666 0.37564832
v -0.04268220 0.13940096 0.36550695
v -0.01847261 0.13108276 0.37005353
v -0.03768269 0.14817552 0.36795300
v -0.01409698 0.13406883 0.36965477
v -0.01026085 0.13082010 0.37031877
v -0.03749566 0.16657698 0.36831671
v -0.04267535 0.17773727 0.36992028
v -0.02788554 0.17914893 0.36534923
v -0.01845341 0.15747444 0.36668813
v -0.01078276 0.15747872 0.36455512
v 0.01021590 0.14747790 0.36650574
v 0.01444863 0.17171763 0.35809496
v -0.01407793 0.17042425 0.36443388
v 0.01449260 0.13817205 0.36801088
v 0.03121685 0.13485304 0.36630425
v 0.01832516 0.14703640 0.36560971
v 0.04306988 0.15750472 0.35795215
v 0.01456755 0.17172679 0.35807675
v 0.04136321 0.15837613 0.35795301
v 0.01416202 0.17195669 0.35814223
v 0.01451270 0.17183632 0.35807639
v 0.01451285 0.17210336 0.35796723
v 0.01464416 0.17184745 0.35803273
v 0.24401140 0.12896787 0.38610277
v 0.24501334 0.12896889 0.38768482
v 0.24819523 0.14062479 0.36069608
v 0.25133380 0.14743836 0.35807142
v 0.26084641 0.15025198 0.38299948
v 0.26300359 0.14592172 0.39245313
v 0.25558308 0.12104120 0.40888423
v 0.26283252 0.13329980 0.40525401
v 0.27144817 0.12899637 0.41512650
v 0.27145940 0.14187197 0.40737993
v 0.26070336 0.16293530 0.35806605
v 0.26636070 0.15753792 0.38664123
v 0.26274243 0.15753379 0.37557799
v 0.27339786 0.18228553 0.37424928
v 0.27879760 0.17144465 0.39359176
v 0.27797318 0.15755218 0.40219104
v 0.27149540 0.18121509 0.36989647
v 0.27366593 0.18501535 0.37125143
v -0.22336233 0.17626214 0.41047192
v -0.21420869 0.17634818 0.40572512
v -0.19100079 0.18328948 0.40345693
v -0.18563746 0.18341856 0.40205309
v -0.18301487 0.18466027 0.40208849
v -0.18563674 0.18597144 0.40297955
v -0.18181410 0.18788368 0.40268919
v -0.16218647 0.20541432 0.40479058
v -0.15899143 0.22689237 0.41115949
v -0.14067397 0.18598895 0.39468122
v -0.15705597 0.18083808 0.39678171
v -0.15705119 0.19258776 0.39970493
v -0.12847617 0.18599591 0.39069605
v -0.10387836 0.18600941 0.38450271
v -0.13280785 0.19465810 0.39644754
v -0.12304269 0.19686583 0.39534587
v -0.15125801 0.20606250 0.40350878
v -0.15472826 0.22655095 0.41047123
v -0.13497987 0.21457133 0.40204304
v -0.10209307 0.19042371 0.38649726
v -0.12072353 0.21457896 0.39959151
v -0.10916477 0.20957422 0.39651495
v -0.10838913 0.22036877 0.39806247
v -0.09988254 0.18713121 0.38426173
v -0.09083974 0.18601833 0.38198656
v -0.09767783 0.19042280 0.38649663
v -0.07127960 0.18603021 0.37878966
v -0.05966220 0.20923822 0.38382363
v -0.06275113 0.18603285 0.37648967
v -0.07942866 0.20229766 0.39264321
v -0.05936841 0.21460243 0.38650268
v -0.07197080 0.24178953 0.40008610
v -0.09059452 0.20958059 0.39651775
v -0.09136742 0.22037983 0.39806575
v -0.08119363 0.21459725 0.39525646
v -0.05760075 0.21460290 0.38525701
v -0.05568539 0.21331550 0.38392931
v -0.05622970 0.21534890 0.38501459
v -0.05752879 0.21570690 0.38595217
v -0.05472337 0.21910797 0.38650194
v -0.04267290 0.19321291 0.37217170
v -0.02563920 0.19182596 0.36646873
v -0.03472687 0.20826405 0.37381440
v -0.01406307 0.20589069 0.36233634
v -0.03277017 0.21901301 0.37772241
v -0.01795162 0.21462776 0.36573374
v -0.03698094 0.23181061 0.38649848
v -0.01826322 0.23482801 0.37641528
v -0.01193770 0.21463215 0.36220863
v -0.01175343 0.23857845 0.37454629
v -0.00583370 0.21052535 0.35797340
v -0.00364617 0.21983799 0.35797131
v -0.00295470 0.23766172 0.36668962
v 0.01453028 0.24635875 0.35795891
v 0.27011624 0.21394789 0.35801995
v 0.28182381 0.20679979 0.38267142
v 0.27150926 0.20516545 0.36277530
v 0.27507576 0.18610321 0.37413242
v 0.27415320 0.18743059 0.37100589
v 0.28499901 0.21316540 0.38735366
v 0.28561711 0.18611510 0.39383817
v 0.29212424 0.17578448 0.41127217
v 0.26932833 0.21574362 0.35801774
v 0.24301201 0.24862687 0.35798213
v 0.26121289 0.23804751 0.36711806
v 0.28472587 0.21466780 0.38660011
v 0.27085209 0.21464954 0.35934731
v 0.26795247 0.23610176 0.37584013
v 0.28466469 0.21683991 0.38768414
v 0.28531903 0.21466848 0.38746354
v 0.28857809 0.21183811 0.39227715
v 0.28781235 0.21673709 0.39073595
v 0.29999965 0.19782630 0.41004255
v 0.30280539 0.19900502 0.41380069
v 0.30196479 0.20237118 0.41127238
v 0.30270270 0.22626120 0.40977228
v -0.15994486 0.23031190 0.41361821
v -0.15702823 0.23010567 0.41257656
v -0.14914201 0.23280266 0.41113773
v -0.12845425 0.23242477 0.40616021
v -0.11913598 0.23850447 0.40545070
v -0.12845039 0.24315974 0.40968978
v -0.10848215 0.25315237 0.41076237
v -0.10097951 0.25857627 0.41283521
v -0.07200146 0.24317816 0.40041801
v -0.09986912 0.23500031 0.40283582
v -0.09986713 0.25553146 0.41120088
v -0.07127536 0.24317832 0.40015218
v -0.07153446 0.24369591 0.40052170
v -0.07089311 0.24394281 0.40039822
v -0.06856474 0.24317960 0.39942607
v -0.09844148 0.25888777 0.41221389
v -0.07172429 0.27176479 0.41417152
v -0.07062670 0.27176508 0.41375595
v -0.04804006 0.26283258 0.40435278
v -0.03400983 0.24319665 0.39082193
v -0.04267898 0.24046244 0.39194757
v -0.04268059 0.24754463 0.39519265
v -0.01407371 0.24321076 0.37834454
v -0.00812381 0.24321380 0.37519830
v -0.02154702 0.25810808 0.39331603
v -0.00136738 0.26864222 0.38804722
v -0.03525261 0.26491380 0.40019685
v -0.02186856 0.27177978 0.39951369
v 0.00172590 0.26874700 0.38647819
v 0.00330035 0.27178404 0.38647699
v -0.00124965 0.27178428 0.38937736
v 0.00085787 0.27113113 0.38778257
v 0.00119129 0.27277178 0.38844925
v 0.01452484 0.25451291 0.36391380
v 0.02038858 0.25456500 0.36087805
v 0.01755644 0.26052642 0.36400750
v 0.04311029 0.26916462 0.35923558
v 0.02244686 0.27812535 0.37379217
v 0.04175520 0.27176553 0.36063844
v 0.02022972 0.28889406 0.38647431
v 0.03800939 0.29019111 0.37727237
v 0.04393373 0.27176428 0.35958171
v 0.07162153 0.28597394 0.35805836
v 0.04657240 0.29337099 0.37568021
v 0.04626834 0.27018550 0.35793549
v 0.07168801 0.28577259 0.35792604
v 0.07174300 0.28598505 0.35803604
v 0.07186224 0.28595296 0.35792592
v 0.07168778 0.28614077 0.35812685
v 0.07249092 0.28644148 0.35832685
v 0.12882891 0.29782832 0.35792029
v 0.23849222 0.25520781 0.36023995
v 0.18596029 0.29201001 0.35795170
v 0.19403648 0.29006305 0.36199573
v 0.20897137 0.28927585 0.37774956
v 0.23660533 0.26388270 0.37077916
v 0.23142314 0.27445704 0.38113350
v 0.24323595 0.27177399 0.38652873
v 0.22473727 0.27975786 0.38252032
v 0.23183069 0.27798188 0.38652146
v 0.22404654 0.26696309 0.35797089
v 0.21698143 0.27298078 0.35796851
v 0.21450058 0.27566162 0.35992795
v 0.24300544 0.25390732 0.36511633
v 0.26306996 0.24321243 0.37649673
v 0.25319850 0.26368791 0.38654000
v 0.27149469 0.24321994 0.38435900
v 0.26305029 0.26012805 0.39237946
v 0.27586138 0.25199622 0.39646089
v 0.28198406 0.24322928 0.39559892
v 0.29376015 0.25439826 0.41201627
v 0.25478733 0.26933113 0.39144218
v 0.25347888 0.27554509 0.39405546
v 0.26339614 0.27179077 0.39890197
v 0.27555728 0.27179906 0.40694657
v 0.30000550 0.23211186 0.40886292
v 0.30459923 0.23126049 0.41287455
v -0.07127973 0.27255479 0.41466463
v -0.01410164 0.28685510 0.40749303
v -0.00351722 0.29506588 0.40603271
v -0.01410518 0.30035502 0.41399878
v 0.00782922 0.31131950 0.41169906
v 0.01291213 0.31620669 0.41189307
v 0.02412102 0.30035308 0.39127794
v 0.01449241 0.29620504 0.39476258
v 0.01448137 0.31030995 0.40636089
v 0.04308259 0.30034298 0.38061425
v 0.05249328 0.30033556 0.37689364
v 0.03644122 0.31359980 0.39412472
v 0.05264156 0.31949648 0.39116919
v 0.01677038 0.31693494 0.41043669
v 0.04162544 0.32892650 0.41216406
v 0.06258755 0.31845465 0.38646340
v 0.04600454 0.32892397 0.40911001
v 0.06163784 0.32462630 0.39502639
v 0.07166700 0.30678618 0.37356082
v 0.08086691 0.31874961 0.38645822
v 0.09544118 0.30271792 0.36978588
v 0.09584183 0.30911291 0.37657753
v 0.10342366 0.30667329 0.37536007
v 0.10024638 0.30304256 0.37082151
v 0.10544779 0.30291191 0.36958808
v 0.08932940 0.32211518 0.38984168
v 0.10986136 0.31957665 0.39110214
v 0.08178293 0.32475334 0.39474660
v 0.09204558 0.32890004 0.39867085
v 0.12105107 0.31582034 0.38645387
v 0.10682403 0.32889456 0.40179431
v 0.11944498 0.32395479 0.39631134
v 0.12881574 0.30716282 0.37276304
v 0.13785329 0.31840804 0.38646239
v 0.14864311 0.30467609 0.36783347
v 0.15091333 0.31323469 0.37866107
v 0.16237885 0.31029809 0.37720442
v 0.15738757 0.30507398 0.36982358
v 0.16334850 0.30328238 0.36923498
v 0.14640532 0.32223386 0.38978556
v 0.16711588 0.31980309 0.39101988
v 0.13928086 0.32508194 0.39405406
v 0.14929348 0.32888481 0.39889821
v 0.17909193 0.31399658 0.38649440
v 0.16388845 0.32888860 0.40196395
v 0.17654410 0.32398394 0.39628574
v 0.18594202 0.30474430 0.37763029
v 0.19739765 0.30030656 0.38077432
v 0.19055307 0.30955246 0.38650173
v 0.21446678 0.30032080 0.39243698
v 0.21121331 0.30682877 0.39753562
v 0.21644469 0.30429623 0.39880383
v 0.22096956 0.30032846 0.39753324
v 0.21445143 0.31857350 0.40990222
v 0.23200949 0.30913603 0.40959290
v 0.19304119 0.32173258 0.40080720
v 0.24297540 0.29218727 0.40283933
v 0.25581616 0.29250640 0.40866080
v 0.27147800 0.27972847 0.41114780
v 0.27147633 0.30037090 0.42124212
v 0.04304780 0.33068210 0.41413352
v 0.10020510 0.33600372 0.41144425
v 0.15734230 0.33630100 0.41131058
v -0.07369476 -0.04377081 0.42823398
v -0.07133068 -0.04445565 0.42848259
v -0.06948461 -0.04351034 0.42849281
v -0.16064186 -0.00157036 0.41512787
v -0.15698239 -0.00445119 0.41513175
v -0.13525087 -0.01059941 0.41513750
v -0.18007134 0.01180133 0.42665458
v -0.12714940 -0.01338124 0.41513973
v -0.12841673 -0.01333958 0.41547754
v -0.08441855 -0.03603723 0.42286775
v -0.09986725 -0.02389096 0.41513619
v -0.09115943 -0.02394708 0.41513398
v -0.06699187 -0.04041660 0.42724597
v -0.06202586 -0.01865971 0.41512775
v -0.04274648 -0.00829642 0.41512120
v -0.03701570 -0.00258353 0.41511863
v -0.01416324 0.00188957 0.42306006
v -0.00288413 0.00895061 0.42377156
v -0.18431976 0.01515203 0.42877457
v -0.21414101 0.08216722 0.41507614
v -0.19896044 0.06497118 0.42265791
v -0.17984982 0.04025527 0.41509229
v -0.18110667 0.04532621 0.41508883
v -0.18555160 0.04773727 0.41740367
v 0.01202245 0.02767711 0.41632783
v 0.01258157 0.02981358 0.41512024
v 0.01444038 0.03074686 0.41512057
v 0.04286149 0.04326824 0.41512930
v 0.04357390 0.04346624 0.41512960
v 0.04302021 0.04327245 0.41517109
v 0.07157618 0.04936038 0.41514972
v 0.08424664 0.05115967 0.41516346
v 0.12396491 0.05516709 0.41521776
v 0.10012145 0.04863520 0.41789186
v 0.12867585 0.05522365 0.41522551
v 0.13202232 0.05585716 0.41522992
v 0.15722305 0.05328114 0.42027628
v 0.17920025 0.06084901 0.41857275
v 0.18578610 0.07095860 0.41527158
v 0.20274350 0.06605462 0.42377186
v 0.21433401 0.06717354 0.42722815
v 0.21845680 0.06979793 0.42750460
v -0.21702592 0.08451328 0.41651779
v -0.24405222 0.12817098 0.42868370
v -0.21823287 0.08799814 0.41507572
v -0.22863154 0.10729343 0.41507554
v -0.24273738 0.12640603 0.42813122
v 0.22479343 0.07708631 0.42432165
v 0.22938326 0.09289755 0.41523826
v 0.24290253 0.09862175 0.41523719
v 0.25322723 0.10954422 0.41523135
v 0.27144191 0.11705309 0.42354351
v 0.27885911 0.12529710 0.42580599
v -0.24438143 0.12964919 0.42851865
v -0.24275637 0.14558458 0.42096055
v -0.24121156 0.15662499 0.41505036
v -0.24014050 0.15871872 0.41505009
v -0.23062004 0.17990446 0.42324871
v -0.21420541 0.18888870 0.41504961
v 0.28217903 0.13438061 0.42414141
v 0.28343654 0.15156622 0.41522121
v 0.29074335 0.16721463 0.41521740
v 0.29558226 0.17405677 0.41742593
v 0.29999632 0.18982458 0.41520935
v -0.20869017 0.19750930 0.41780636
v -0.18561582 0.21175608 0.41646591
v -0.18083888 0.21216677 0.41506746
v -0.17374286 0.22049356 0.41507095
v -0.17334095 0.23701617 0.42322430
v -0.15702441 0.23469593 0.41507566
v 0.30478871 0.19801396 0.41760486
v 0.30456156 0.20269279 0.41520327
v 0.30621436 0.22585762 0.41518039
v 0.29999870 0.24709043 0.41515350
v 0.31196147 0.23495170 0.42115927
v -0.14554012 0.25170475 0.42080265
v -0.12844478 0.25870812 0.42157352
v -0.10526158 0.26015773 0.41505843
v -0.09986760 0.26230252 0.41505766
v -0.07287601 0.27256209 0.41505915
v -0.06437851 0.27521724 0.41505536
v -0.07128035 0.27524823 0.41679820
v -0.04269229 0.28033149 0.41504291
v -0.03738241 0.28341129 0.41503948
v -0.03752750 0.28864869 0.41762027
v 0.29762796 0.25633842 0.41632909
v 0.24296594 0.30900055 0.41509074
v 0.29325485 0.26089948 0.41513580
v 0.28181571 0.27698162 0.41511726
v 0.28206208 0.29507190 0.42409092
v -0.02523286 0.30591047 0.42375231
v -0.01411193 0.31189400 0.42353666
v 0.01016030 0.31679916 0.41501957
v 0.01447379 0.31863657 0.41501808
v 0.04058904 0.33015633 0.41501096
v 0.05050078 0.33265033 0.41500732
v 0.04304545 0.33239245 0.41674101
v 0.07162426 0.33633256 0.41500008
v 0.08209933 0.33796066 0.41499728
v 0.12272220 0.34016109 0.41499594
v 0.10019608 0.34460503 0.42283458
v 0.12877029 0.34008017 0.41499722
v 0.13465710 0.34023961 0.41499931
v 0.17276093 0.33661103 0.41502258
v 0.15732700 0.34570915 0.42340010
v 0.18590008 0.33538845 0.41503501
v 0.21034797 0.32685456 0.41506132
v 0.21444590 0.32626057 0.41638947
v 0.24007884 0.31318986 0.41653478
v 0.25253132 0.30985087 0.41988921
v 0.27147549 0.30700356 0.42607188
v 0.27772582 0.30350417 0.42625791
f 15 3 2
f 4 2 9
f 19 2 4
f 15 2 19
f 3 9 2
f 20 13 16
f 17 16 13
f 13 20 25
f 39 31 32
f 39 46 31
f 35 18 14
f 40 14 26
f 35 14 40
f 41 33 36
f 37 36 33
f 31 46 51
f 50 32 31
f 50 31 51
f 60 52 53
f 60 67 52
f 56 38 34
f 32 34 33
f 56 34 61
f 62 54 57
f 58 57 54
f 52 67 72
f 71 53 52
f 71 52 72
f 75 59 55
f 53 55 54
f 75 55 79
f 80 73 76
f 77 76 73
f 73 80 86
f 91 78 74
f 92 74 87
f 91 74 92
f 91 92 95
f 1 158 153
f 166 160 159
f 160 154 159
f 154 160 161
f 5 169 173
f 7 1 153
f 170 8 155
f 10 169 5
f 8 170 11
f 12 11 10
f 152 171 156
f 152 156 162
f 171 152 172
f 179 152 162
f 172 152 179
f 174 171 172
f 174 172 180
f 173 174 175
f 179 180 172
f 153 157 155
f 155 157 156
f 154 157 153
f 171 169 170
f 176 22 6
f 22 176 189
f 22 21 6
f 23 22 189
f 22 23 21
f 21 23 27
f 29 27 28
f 4 5 6
f 9 12 10
f 29 25 27
f 20 19 21
f 177 176 173
f 173 175 177
f 178 177 175
f 190 189 191
f 193 190 191
f 192 193 191
f 28 24 43
f 29 28 30
f 43 45 44
f 44 42 30
f 44 47 42
f 47 49 46
f 48 49 47
f 26 29 30
f 26 25 29
f 39 41 42
f 41 40 42
f 64 65 51
f 64 66 65
f 65 68 63
f 68 70 67
f 69 70 68
f 63 61 50
f 60 62 63
f 62 61 63
f 82 83 72
f 120 249 124
f 249 120 246
f 84 83 245
f 83 84 81
f 81 84 88
f 90 88 89
f 246 250 249
f 249 250 251
f 81 79 71
f 124 249 252
f 133 272 137
f 272 133 269
f 90 86 88
f 249 251 252
f 269 273 272
f 272 273 274
f 80 79 81
f 137 272 275
f 245 217 254
f 217 255 254
f 253 245 254
f 256 253 254
f 272 274 275
f 255 256 254
f 89 85 93
f 93 257 89
f 258 257 93
f 94 320 330
f 96 92 87
f 87 86 90
f 321 96 260
f 97 320 94
f 99 98 97
f 95 92 96
f 260 257 322
f 258 324 323
f 331 322 323
f 330 331 333
f 331 332 333
f 324 325 323
f 321 260 322
f 322 320 321
f 330 334 94
f 334 100 94
f 94 100 97
f 102 101 100
f 348 350 103
f 102 348 103
f 334 330 335
f 346 333 347
f 357 349 352
f 357 365 349
f 358 335 346
f 335 358 355
f 350 348 355
f 355 358 359
f 350 353 351
f 105 104 351
f 356 105 351
f 349 365 370
f 369 352 349
f 369 349 370
f 352 354 353
f 372 354 375
f 353 354 351
f 376 371 373
f 374 373 371
f 371 376 382
f 386 371 382
f 386 374 371
f 237 403 241
f 403 237 400
f 400 404 403
f 403 404 405
f 241 403 406
f 261 418 265
f 418 261 415
f 403 405 406
f 415 419 418
f 418 419 420
f 265 418 421
f 276 436 280
f 436 276 431
f 426 440 435
f 418 420 421
f 426 435 432
f 432 435 437
f 437 438 436
f 435 440 441
f 437 435 441
f 280 436 439
f 297 454 301
f 454 297 449
f 446 438 444
f 438 446 445
f 444 447 446
f 450 453 455
f 455 456 454
f 453 458 460
f 455 453 460
f 301 454 457
f 312 472 316
f 472 312 467
f 464 456 462
f 456 464 463
f 462 465 464
f 468 471 473
f 478 473 479
f 471 476 479
f 473 471 479
f 316 472 475
f 472 474 475
f 407 516 411
f 516 407 513
f 513 517 516
f 516 517 518
f 411 516 519
f 422 532 427
f 532 422 529
f 516 518 519
f 529 533 532
f 532 533 534
f 427 532 535
f 442 440 426
f 448 443 551
f 442 443 440
f 440 443 441
f 540 555 550
f 532 534 535
f 540 550 547
f 547 550 552
f 552 553 551
f 550 555 557
f 552 550 557
f 448 447 444
f 554 448 551
f 459 458 447
f 554 565 459
f 466 461 568
f 458 461 460
f 565 566 459
f 568 461 566
f 164 563 572
f 551 553 554
f 560 567 565
f 560 553 559
f 559 561 560
f 568 566 569
f 569 570 568
f 567 579 581
f 569 567 581
f 167 520 512
f 564 167 512
f 161 160 168
f 564 563 168
f 466 465 462
f 571 466 568
f 477 476 465
f 571 589 477
f 476 480 479
f 589 590 477
f 479 480 478
f 592 480 590
f 160 166 168
f 568 570 571
f 584 591 589
f 584 570 583
f 583 585 584
f 592 590 593
f 593 594 592
f 591 598 600
f 593 591 600
f 572 563 578
f 596 609 573
f 512 520 588
f 481 592 595
f 493 617 497
f 617 493 614
f 564 512 587
f 512 588 587
f 605 606 604
f 604 606 603
f 604 594 602
f 594 604 603
f 602 605 604
f 614 618 617
f 617 618 619
f 597 578 587
f 596 578 597
f 574 181 165
f 497 617 620
f 185 187 183
f 186 187 185
f 183 180 185
f 617 619 620
f 163 164 165
f 162 163 165
f 163 161 164
f 576 574 572
f 572 573 576
f 575 574 576
f 577 576 573
f 575 576 577
f 184 183 187
f 521 657 525
f 657 521 654
f 654 658 657
f 657 658 659
f 525 657 660
f 536 670 541
f 670 536 667
f 657 659 660
f 667 672 670
f 670 672 673
f 671 556 542
f 671 684 556
f 562 558 687
f 555 558 557
f 684 685 556
f 687 558 685
f 679 691 686
f 684 671 678
f 687 685 688
f 688 689 687
f 686 691 692
f 688 686 692
f 562 561 559
f 690 562 687
f 580 579 561
f 690 699 580
f 586 582 702
f 579 582 581
f 699 700 580
f 702 582 700
f 687 689 690
f 696 701 699
f 696 689 695
f 695 697 696
f 702 700 703
f 703 704 702
f 701 706 708
f 703 701 708
f 586 585 583
f 705 586 702
f 599 598 585
f 705 714 599
f 607 601 717
f 598 601 600
f 714 715 599
f 717 601 715
f 702 704 705
f 711 716 714
f 711 704 710
f 710 712 711
f 717 715 718
f 723 718 724
f 716 721 724
f 718 716 724
f 607 605 602
f 605 607 608
f 606 605 608
f 621 733 625
f 733 621 730
f 717 719 720
f 730 734 733
f 733 734 735
f 625 733 736
f 733 735 736
f 342 361 347
f 361 362 347
f 361 363 362
f 362 366 360
f 366 368 365
f 367 368 366
f 360 358 346
f 357 359 360
f 359 358 360
f 378 379 370
f 380 379 758
f 379 380 377
f 377 380 383
f 385 383 384
f 377 375 369
f 385 382 383
f 376 375 377
f 758 753 760
f 753 761 760
f 759 758 760
f 762 759 760
f 761 762 760
f 384 381 387
f 387 763 384
f 764 763 387
f 766 388 385
f 389 386 388
f 390 389 388
f 772 778 391
f 390 772 391
f 778 783 391
f 766 763 773
f 764 775 774
f 776 773 774
f 776 774 786
f 779 773 776
f 772 766 773
f 778 779 781
f 781 779 780
f 777 792 797
f 796 780 777
f 796 777 797
f 674 823 680
f 823 674 820
f 803 785 782
f 820 824 823
f 823 824 825
f 780 782 781
f 803 782 813
f 680 823 826
f 693 691 679
f 698 694 840
f 693 694 691
f 691 694 692
f 803 813 827
f 823 825 826
f 837 842 840
f 840 842 843
f 698 697 695
f 841 698 840
f 707 706 697
f 841 854 707
f 713 709 857
f 706 709 708
f 854 855 707
f 857 709 855
f 856 854 849
f 854 841 849
f 854 856 855
f 857 859 860
f 713 712 710
f 858 713 857
f 722 721 712
f 858 870 722
f 721 725 724
f 870 871 722
f 724 725 723
f 873 725 871
f 872 870 865
f 870 858 865
f 870 872 871
f 873 874 875
f 726 873 876
f 873 875 876
f 829 905 833
f 905 829 902
f 902 906 905
f 905 906 907
f 833 905 908
f 845 917 850
f 917 845 914
f 905 907 908
f 914 918 917
f 917 918 919
f 850 917 920
f 861 930 866
f 930 861 927
f 917 919 920
f 927 931 930
f 930 931 932
f 866 930 933
f 930 932 933
f 956 611 954
f 609 596 612
f 612 955 954
f 629 955 612
f 629 613 630
f 630 962 960
f 597 613 629
f 956 954 957
f 958 956 957
f 964 957 961
f 961 955 960
f 970 965 963
f 960 962 963
f 964 961 965
f 610 609 611
f 958 966 967
f 793 787 794
f 786 787 793
f 793 795 792
f 794 795 793
f 792 786 793
f 995 998 798
f 996 995 819
f 796 797 798
f 998 828 798
f 1001 828 998
f 1001 1006 844
f 1006 1009 844
f 827 813 828
f 998 995 1002
f 996 1004 1003
f 1005 1002 1003
f 1005 1003 1011
f 1007 1002 1005
f 1007 1005 1012
f 1005 1011 1012
f 1001 998 1002
f 1006 1007 1008
f 1025 1008 1021
f 1025 1010 1008
f 969 966 968
f 966 964 968
f 971 1030 1029
f 1032 971 1029
f 1032 1031 972
f 972 1031 968
f 965 970 972
f 1033 1031 1038
f 1041 1043 1034
f 1029 1030 1040
f 1032 1029 1039
f 1029 1040 1039
f 1042 1038 1039
f 1041 1038 1042
f 1033 1035 969
f 1035 975 969
f 975 1035 1036
f 1037 1035 1033
f 1034 1043 1044
f 1033 1034 1037
f 1036 1035 1037
f 1053 1054 1050
f 1018 1013 1019
f 1011 1013 1018
f 1019 1020 1018
f 1024 1022 1023
f 1012 1022 1021
f 1024 1021 1022
f 1086 1105 1096
f 1086 1096 1094
f 1094 1096 1097
f 1097 1099 1094
f 1096 1105 1110
f 1097 1096 1110
f 1100 1098 1112
f 1113 1098 1111
f 1098 1113 1112
f 1111 1114 1113
f 1116 1118 1119
f 1119 1121 1116
f 1118 1127 1132
f 1119 1118 1132
f 1122 1120 1134
f 1135 1120 1133
f 1120 1135 1134
f 1133 1136 1135
f 1138 1140 1141
f 1141 1143 1138
f 1140 1149 1154
f 1141 1140 1154
f 1144 1142 1156
f 1157 1142 1155
f 1142 1157 1156
f 1155 1158 1157
f 1160 1162 1163
f 1163 1164 1160
f 1172 1164 1163
f 1172 1163 1173
f 1162 1168 1173
f 1163 1162 1173
f 1023 1020 1026
f 1026 1061 1023
f 1073 1198 1074
f 1198 1073 1194
f 1190 1204 1197
f 1190 1197 1195
f 1195 1197 1199
f 1199 1200 1198
f 1197 1204 1207
f 1199 1197 1207
f 1201 1079 1075
f 1079 1081 1075
f 1201 1212 1079
f 1093 1082 1080
f 1087 1082 1093
f 1082 1083 1081
f 1093 1080 107
f 1213 107 1080
f 1215 1209 1214
f 1198 1200 1201
f 1209 1215 1212
f 1209 1200 1208
f 1212 1215 1213
f 1214 1216 1215
f 1213 1215 1216
f 1210 106 1214
f 106 110 1214
f 1216 111 108
f 111 112 108
f 1093 1106 1087
f 1088 1087 1089
f 1106 1108 1107
f 1109 1105 1107
f 1108 1109 1107
f 1115 1111 1110
f 107 1106 1093
f 1108 109 115
f 115 116 1108
f 1115 1109 117
f 107 108 109
f 112 114 113
f 109 113 115
f 113 121 115
f 121 122 123
f 121 116 115
f 117 116 118
f 123 125 118
f 1114 1128 1129
f 1129 1127 1114
f 1128 1130 1129
f 1131 1127 1129
f 1130 1131 1129
f 1137 1133 1132
f 117 1128 1115
f 1130 119 128
f 128 129 1130
f 1137 1131 130
f 117 118 119
f 125 127 126
f 119 126 128
f 126 134 128
f 134 135 136
f 134 129 128
f 130 129 131
f 136 138 131
f 1136 1150 1151
f 1151 1149 1136
f 1150 1152 1151
f 1153 1149 1151
f 1152 1153 1151
f 1159 1155 1154
f 130 1150 1137
f 1152 132 141
f 141 142 1152
f 1159 1153 143
f 130 131 132
f 138 140 139
f 132 139 141
f 139 145 141
f 145 146 147
f 145 142 141
f 143 142 144
f 147 148 144
f 1158 1169 1170
f 1170 1168 1158
f 1172 1174 1175
f 1171 1168 1170
f 143 1169 1159
f 143 1217 1169
f 1179 1171 150
f 1221 150 1171
f 1223 1218 1222
f 1218 1223 1220
f 1218 1217 1219
f 1220 1217 1218
f 1222 1218 1219
f 1220 1223 1221
f 1227 1228 1224
f 144 148 1219
f 149 151 1222
f 1222 151 1226
f 150 1221 1224
f 1179 1180 1174
f 1175 1174 1176
f 1181 1182 1176
f 1183 1235 1185
f 1233 1182 1181
f 1232 1233 1181
f 150 1180 1179
f 150 1225 1180
f 1229 1234 1232
f 1232 1225 1229
f 1228 1230 1229
f 1235 1233 1236
f 1246 1236 1247
f 1234 1241 1247
f 1236 1234 1247
f 1224 1225 150
f 1185 1235 1238
f 1235 1237 1238
f 1062 1061 1026
f 1066 1027 1024
f 1028 1025 1027
f 1027 1066 1067
f 1270 1276 1268
f 1268 1276 1279
f 1269 1191 1271
f 1269 1205 1191
f 1269 1283 1205
f 1206 1204 1205
f 1211 1208 1207
f 1211 1206 220
f 1284 220 1206
f 1280 1285 1283
f 1280 1268 1279
f 1279 1281 1280
f 1283 1285 1284
f 1290 1291 1286
f 1285 1287 1290
f 220 1284 1286
f 1210 1208 1211
f 110 106 228
f 219 106 1210
f 221 219 220
f 219 228 106
f 228 230 110
f 234 231 230
f 231 112 111
f 230 233 234
f 1286 1291 1292
f 1293 1292 1291
f 221 224 229
f 224 221 1292
f 224 238 229
f 238 239 240
f 238 233 229
f 234 233 235
f 240 242 235
f 122 114 247
f 234 232 231
f 236 232 234
f 232 247 114
f 122 120 123
f 248 246 247
f 234 235 236
f 242 244 243
f 236 243 248
f 243 262 248
f 262 263 264
f 250 262 264
f 135 127 270
f 124 127 125
f 252 271 270
f 135 133 136
f 271 269 270
f 266 268 267
f 267 251 266
f 267 277 271
f 277 278 279
f 273 277 279
f 146 140 286
f 137 140 138
f 275 287 286
f 286 288 146
f 292 289 288
f 289 148 147
f 288 291 292
f 281 283 282
f 282 274 281
f 282 298 287
f 298 299 300
f 298 291 287
f 292 291 293
f 300 302 293
f 1227 1226 1231
f 1231 1228 1227
f 151 149 305
f 292 290 289
f 294 290 292
f 290 305 149
f 305 307 151
f 151 307 1226
f 307 308 309
f 292 293 294
f 302 304 303
f 294 303 306
f 303 313 306
f 313 314 315
f 313 308 306
f 309 308 310
f 315 317 310
f 1230 1242 1243
f 1243 1241 1230
f 1242 1244 1243
f 1246 1248 1249
f 1245 1241 1243
f 1244 1245 1243
f 309 1242 1231
f 1244 311 326
f 326 327 1244
f 1254 1245 328
f 309 310 311
f 317 319 318
f 311 318 326
f 318 336 326
f 336 337 338
f 336 327 326
f 328 327 329
f 338 339 329
f 1254 1258 1248
f 1249 1248 1250
f 1259 1260 1250
f 1261 1303 1265
f 1301 1260 1259
f 1300 1301 1259
f 328 1258 1254
f 328 1295 1258
f 1296 1302 1300
f 1296 1295 1298
f 1300 1295 1296
f 1303 1301 1304
f 1313 1304 1314
f 1302 1308 1314
f 1304 1302 1314
f 339 1299 1298
f 329 339 1298
f 1265 1303 1306
f 1303 1305 1306
f 1187 1064 1070
f 1186 1068 1063
f 1063 1061 1062
f 1064 1063 1062
f 1267 1069 1067
f 1276 1282 1279
f 1333 1277 1332
f 1332 1336 1333
f 1334 1339 1342
f 1282 1281 1279
f 1335 1282 1333
f 1288 1287 1281
f 1335 1346 1288
f 1289 1287 1288
f 1294 1291 1290
f 1294 1289 393
f 1347 393 1289
f 1333 1334 1335
f 1343 1348 1346
f 1343 1334 1342
f 1342 1344 1343
f 1346 1348 1347
f 1347 1348 1349
f 1351 396 1349
f 1349 396 394
f 396 397 394
f 1293 1291 1294
f 239 225 401
f 392 225 1293
f 395 392 393
f 392 401 225
f 239 237 240
f 402 400 401
f 393 394 395
f 397 399 398
f 395 398 402
f 398 408 402
f 408 409 410
f 404 408 410
f 263 244 416
f 241 244 242
f 406 417 416
f 263 261 264
f 417 415 416
f 412 414 413
f 413 405 412
f 413 423 417
f 423 424 425
f 419 423 425
f 278 268 433
f 265 268 266
f 421 434 433
f 278 276 279
f 434 431 433
f 428 430 429
f 429 420 428
f 430 426 429
f 431 434 432
f 299 283 451
f 280 283 281
f 439 452 451
f 299 297 300
f 452 449 451
f 445 452 439
f 445 450 452
f 449 452 450
f 314 304 469
f 301 304 302
f 457 470 469
f 314 312 315
f 470 467 469
f 463 470 457
f 463 468 470
f 467 470 468
f 478 482 474
f 337 319 485
f 316 319 317
f 475 486 485
f 485 487 337
f 490 488 487
f 488 339 338
f 487 489 490
f 482 484 483
f 483 474 482
f 483 494 486
f 494 495 496
f 494 489 486
f 490 489 491
f 496 498 491
f 1299 1309 1297
f 1297 1309 1310
f 1310 1308 1297
f 1309 1311 1310
f 1313 1315 1316
f 1312 1308 1310
f 1311 1312 1310
f 1299 339 488
f 1311 492 501
f 501 502 1311
f 1320 1312 503
f 1360 1361 1355
f 1359 1360 1354
f 1360 1355 1354
f 490 491 492
f 498 500 499
f 492 499 501
f 499 504 501
f 504 502 501
f 502 504 1354
f 1320 1323 1315
f 1315 1323 1356
f 1323 1357 1356
f 503 1323 1320
f 503 1357 1323
f 1364 1365 1363
f 1356 1362 1358
f 1363 1365 1362
f 1361 1364 1363
f 1355 1357 503
f 1067 1066 1068
f 1326 1068 1186
f 1267 1326 1329
f 1339 1345 1342
f 1382 1340 1381
f 1381 1385 1382
f 1383 1388 1392
f 1345 1344 1342
f 1384 1345 1382
f 1352 1350 1344
f 1384 1396 1352
f 1353 1350 1352
f 1350 1353 1351
f 1351 506 396
f 506 397 396
f 1397 508 1353
f 1382 1383 1384
f 1393 1398 1396
f 1393 1383 1392
f 1392 1394 1393
f 1396 1398 1397
f 1403 1404 1399
f 1398 1400 1403
f 508 1397 1399
f 409 399 514
f 508 507 506
f 509 507 508
f 507 514 399
f 409 407 410
f 515 513 514
f 1399 1404 1405
f 1406 1405 1404
f 509 510 515
f 510 509 1405
f 510 522 515
f 522 523 524
f 517 522 524
f 424 414 530
f 411 414 412
f 519 531 530
f 424 422 425
f 531 529 530
f 526 528 527
f 527 518 526
f 527 537 531
f 537 538 539
f 533 537 539
f 427 430 428
f 535 549 548
f 546 442 548
f 549 546 548
f 543 545 544
f 544 534 543
f 545 540 544
f 546 549 547
f 481 482 478
f 495 484 615
f 481 484 482
f 595 616 615
f 495 493 496
f 616 614 615
f 603 616 595
f 622 606 623
f 622 623 624
f 618 622 624
f 1360 1359 1366
f 1366 1361 1360
f 505 500 634
f 497 500 498
f 620 635 634
f 634 636 505
f 505 636 1359
f 636 637 638
f 1412 1413 1409
f 1411 1412 1408
f 1412 1409 1408
f 626 628 627
f 627 619 626
f 627 639 635
f 639 637 635
f 637 639 1408
f 1364 1373 1374
f 1419 1375 1374
f 1418 1419 1374
f 1420 1375 1419
f 638 1373 1366
f 638 1410 1373
f 1415 1416 1414
f 1418 1410 1414
f 1413 1415 1414
f 1418 1421 1419
f 1421 1420 1419
f 1409 1410 638
f 1388 1395 1392
f 1441 1389 1438
f 1438 1444 1441
f 1442 1445 1450
f 1395 1394 1392
f 1443 1395 1441
f 1401 1400 1394
f 1443 1454 1401
f 1402 1400 1401
f 1407 1404 1403
f 1407 1402 650
f 1455 650 1402
f 1441 1442 1443
f 1451 1456 1454
f 1451 1442 1450
f 1450 1452 1451
f 1454 1456 1455
f 1461 1462 1457
f 1456 1458 1461
f 650 1455 1457
f 1406 1404 1407
f 523 511 655
f 649 511 1406
f 651 649 650
f 649 655 511
f 523 521 524
f 656 654 655
f 1457 1462 1463
f 1464 1463 1462
f 651 652 656
f 652 651 1463
f 652 661 656
f 661 662 663
f 658 661 663
f 538 528 668
f 525 528 526
f 660 669 668
f 538 536 539
f 669 667 668
f 664 666 665
f 665 659 664
f 665 675 669
f 675 676 677
f 672 675 677
f 542 540 545
f 541 545 543
f 541 542 545
f 681 683 682
f 678 673 682
f 682 673 681
f 683 679 682
f 682 679 678
f 723 727 719
f 608 720 731
f 720 732 731
f 623 621 624
f 732 730 731
f 727 729 728
f 728 719 727
f 728 737 732
f 737 738 739
f 734 737 739
f 1412 1411 1417
f 1417 1413 1412
f 640 628 743
f 625 628 626
f 736 744 743
f 743 745 640
f 640 745 1411
f 745 746 747
f 1472 1474 1467
f 1469 1472 1466
f 1472 1467 1466
f 740 742 741
f 741 735 740
f 741 748 744
f 748 746 744
f 746 748 1466
f 1415 1427 1428
f 1481 1429 1428
f 1480 1481 1428
f 1482 1429 1481
f 747 1427 1417
f 747 1468 1427
f 1476 1477 1475
f 1480 1468 1475
f 1474 1476 1475
f 1480 1483 1481
f 1483 1482 1481
f 1467 1468 747
f 1445 1453 1450
f 1493 1446 1491
f 1491 1495 1493
f 1493 1495 1496
f 1453 1452 1450
f 1494 1453 1493
f 1459 1458 1452
f 1494 1504 1459
f 1460 1458 1459
f 1465 1462 1461
f 1465 1460 800
f 1505 800 1460
f 1500 1508 1506
f 1504 1494 1499
f 1504 1506 1505
f 1509 1512 1507
f 1506 1508 1509
f 800 1505 1507
f 1464 1462 1465
f 662 653 804
f 799 653 1464
f 801 799 800
f 799 804 653
f 804 806 662
f 810 807 806
f 807 664 663
f 806 809 810
f 1513 1517 1516
f 1507 1512 1515
f 1516 1517 1518
f 1516 802 1515
f 801 802 805
f 802 801 1515
f 814 802 1516
f 802 814 805
f 814 809 805
f 810 809 811
f 815 816 811
f 676 666 821
f 810 808 807
f 812 808 810
f 808 821 666
f 676 674 677
f 822 820 821
f 810 811 812
f 816 818 817
f 812 817 822
f 817 830 822
f 830 831 832
f 824 830 832
f 680 683 681
f 826 839 838
f 837 693 838
f 839 837 838
f 834 836 835
f 835 825 834
f 835 846 839
f 846 847 848
f 842 846 848
f 851 853 852
f 849 843 852
f 852 843 851
f 862 863 864
f 859 856 862
f 859 862 864
f 726 727 723
f 867 869 868
f 865 860 868
f 868 860 867
f 877 878 879
f 874 872 877
f 874 877 879
f 738 729 883
f 726 729 727
f 876 884 883
f 883 885 738
f 889 886 885
f 886 740 739
f 885 888 889
f 880 882 881
f 881 875 880
f 881 891 884
f 891 892 893
f 891 888 884
f 889 888 890
f 893 894 890
f 1470 1521 1527
f 1478 1473 1530
f 1528 1473 1471
f 1530 1473 1528
f 749 742 895
f 889 887 886
f 887 895 742
f 887 1470 895
f 895 896 749
f 749 896 1469
f 1470 896 895
f 896 1471 1469
f 896 1470 1471
f 1523 1529 1527
f 1523 1521 1525
f 1527 1521 1523
f 1530 1528 1531
f 1537 1531 1538
f 1529 1534 1538
f 1531 1529 1538
f 894 1526 1525
f 890 894 1525
f 1478 1476 1474
f 1476 1478 1479
f 1477 1476 1479
f 1530 1532 1533
f 1510 1508 1500
f 1514 1511 1557
f 1510 1511 1508
f 1508 1511 1509
f 1554 1560 1557
f 1558 1561 1566
f 1514 1513 1512
f 1559 1514 1557
f 1519 1517 1513
f 1559 1570 1519
f 1520 1517 1519
f 1517 1520 1518
f 1518 897 815
f 897 816 815
f 1571 899 1520
f 1557 1558 1559
f 1567 1572 1570
f 1567 1558 1566
f 1566 1568 1567
f 1570 1572 1571
f 1577 1578 1573
f 1572 1574 1577
f 899 1571 1573
f 831 818 903
f 899 898 897
f 900 898 899
f 898 903 818
f 831 829 832
f 904 902 903
f 1579 1583 1582
f 1573 1578 1580
f 1582 1583 1584
f 1582 901 1580
f 900 901 904
f 901 900 1580
f 909 901 1582
f 901 909 904
f 906 909 910
f 847 836 915
f 833 836 834
f 908 916 915
f 847 845 848
f 916 914 915
f 911 913 912
f 912 907 911
f 912 921 916
f 921 922 923
f 918 921 923
f 863 853 928
f 850 853 851
f 920 929 928
f 863 861 864
f 929 927 928
f 924 926 925
f 925 919 924
f 925 934 929
f 934 935 936
f 931 934 936
f 878 869 939
f 866 869 867
f 933 940 939
f 939 941 878
f 945 942 941
f 942 880 879
f 941 944 945
f 1590 1594 1592
f 1591 1590 1592
f 1592 1594 1595
f 938 932 937
f 947 938 1592
f 938 947 940
f 947 944 940
f 945 944 946
f 948 949 946
f 1522 1593 1606
f 1606 1607 1522
f 892 882 950
f 945 943 942
f 943 950 882
f 943 1522 950
f 950 951 892
f 1522 951 950
f 953 952 951
f 952 894 893
f 1599 1608 1606
f 1599 1593 1603
f 1606 1593 1599
f 1606 1608 1607
f 1614 1612 1609
f 1608 1613 1615
f 949 1604 1603
f 946 949 1603
f 953 1607 1610
f 1526 1535 1524
f 1524 1535 1536
f 1536 1534 1524
f 1537 1539 1540
f 1534 1539 1538
f 1623 1624 1536
f 1538 1539 1537
f 1526 894 952
f 953 1611 1535
f 1619 1609 1612
f 1626 1623 1619
f 1609 1611 1610
f 1623 1626 1624
f 1626 1625 1624
f 1610 1611 953
f 1561 1569 1566
f 1636 1562 1634
f 1634 1638 1636
f 1636 1638 1639
f 1569 1568 1566
f 1637 1569 1636
f 1575 1574 1568
f 1637 1644 1575
f 1576 1574 1575
f 1581 1578 1577
f 1581 1576 979
f 1646 979 1576
f 1645 1644 1642
f 1644 1637 1642
f 1645 1650 1647
f 1647 1650 1651
f 1646 1647 1648
f 979 1646 1648
f 1579 1585 1586
f 1586 1583 1579
f 1587 1583 1586
f 1583 1587 1584
f 979 1585 1581
f 979 1649 1585
f 1584 980 910
f 980 911 910
f 1661 982 1587
f 1655 1662 1660
f 1660 1649 1655
f 1654 1656 1655
f 1660 1662 1661
f 1666 1669 1663
f 1662 1665 1666
f 1648 1649 979
f 982 1661 1663
f 1588 1664 1674
f 1674 1675 1588
f 922 913 983
f 982 981 980
f 981 983 913
f 981 1588 983
f 983 984 922
f 1588 984 983
f 987 985 984
f 985 924 923
f 1670 1676 1674
f 1674 1664 1670
f 1669 1671 1670
f 1674 1676 1675
f 1680 1683 1677
f 1676 1679 1680
f 1663 1664 982
f 987 1675 1677
f 1589 1678 1688
f 1688 1689 1589
f 935 926 988
f 987 986 985
f 986 988 926
f 986 1589 988
f 988 989 935
f 1589 989 988
f 991 990 989
f 990 937 936
f 1684 1690 1688
f 1688 1678 1684
f 1683 1685 1684
f 1688 1690 1689
f 1694 1698 1691
f 1690 1693 1694
f 1677 1678 987
f 991 1689 1691
f 1591 1596 1590
f 1590 1596 1597
f 1597 1594 1590
f 1601 1598 1708
f 1705 1706 1597
f 1605 1598 1601
f 1708 1598 1706
f 1591 937 990
f 991 1692 1596
f 1595 992 948
f 1595 1605 992
f 992 949 948
f 1700 1701 1699
f 1705 1692 1699
f 1698 1700 1699
f 1705 1707 1706
f 1708 1709 1710
f 1691 1692 991
f 1600 1601 1602
f 1614 1617 1618
f 1616 1617 1613
f 1613 1617 1615
f 1615 1617 1614
f 1616 1618 1617
f 1604 949 992
f 1604 992 1605
f 1708 1710 1711
f 1657 1651 1658
f 1651 1657 1654
f 1657 1656 1654
f 1659 1657 1658
f 1656 1657 1659
f 1672 1668 1732
f 1667 1668 1665
f 1665 1668 1666
f 1730 1733 1732
f 1732 1733 1734
f 1672 1671 1669
f 1671 1672 1673
f 1686 1682 1742
f 1681 1682 1679
f 1679 1682 1680
f 1732 1734 1735
f 1739 1743 1742
f 1742 1743 1744
f 1686 1685 1683
f 1685 1686 1687
f 1695 1696 1693
f 1693 1696 1694
f 1695 1697 1696
f 1742 1744 1745
f 1702 1700 1698
f 1704 1702 1703
f 1700 1702 1704
f 1701 1700 1704
f 1046 1043 1045
f 1043 1041 1045
f 1048 1761 1045
f 1048 1047 1049
f 1049 1769 1765
f 1042 1047 1048
f 1762 1761 1766
f 1762 1766 1767
f 1766 1761 1765
f 1768 1766 1765
f 1767 1766 1768
f 1044 1043 1046
f 1762 1763 1046
f 1055 1763 1774
f 1055 1053 1044
f 1055 1054 1053
f 1056 1774 1775
f 1764 1763 1762
f 1779 1764 1771
f 1776 1764 1779
f 1775 1774 1776
f 1778 1780 1782
f 1779 1780 1776
f 1772 1771 1767
f 1768 1770 1773
f 1778 1782 1783
f 1873 1879 1872
f 1872 1879 1885
f 1798 1896 1799
f 1896 1798 1890
f 1894 1887 1893
f 1873 1872 1886
f 1887 1872 1885
f 1872 1887 1886
f 1891 1894 1897
f 1897 1898 1896
f 1898 1897 1899
f 1893 1895 1894
f 1888 1076 1893
f 1076 1084 1893
f 1895 1085 1077
f 1899 1895 1077
f 1085 1090 1077
f 1900 1802 1800
f 1802 1805 1800
f 1813 1806 1804
f 1803 1804 1802
f 1809 1806 1813
f 1806 1807 1805
f 1803 1901 1078
f 1803 1078 1095
f 1095 1101 1803
f 1813 1804 1102
f 1896 1898 1900
f 1899 1901 1898
f 1898 1901 1900
f 1090 1092 1091
f 1078 1091 1095
f 1092 1086 1091
f 1101 1099 1103
f 1102 1101 1103
f 1100 1103 1099
f 1813 1815 1809
f 1810 1809 1811
f 1816 1819 1811
f 1815 1817 1816
f 1829 1820 1818
f 1817 1818 1816
f 1824 1820 1829
f 1820 1821 1819
f 1102 1815 1813
f 1817 1104 1117
f 1117 1123 1817
f 1829 1818 1124
f 1102 1103 1104
f 1103 1100 1104
f 1112 1116 1117
f 1123 1121 1125
f 1124 1123 1125
f 1122 1125 1121
f 1829 1831 1824
f 1825 1824 1826
f 1832 1835 1826
f 1831 1833 1832
f 1845 1836 1834
f 1833 1834 1832
f 1840 1836 1845
f 1836 1837 1835
f 1124 1831 1829
f 1833 1126 1139
f 1139 1145 1833
f 1845 1834 1146
f 1124 1125 1126
f 1125 1122 1126
f 1134 1138 1139
f 1145 1143 1147
f 1146 1145 1147
f 1144 1147 1143
f 1845 1847 1840
f 1841 1840 1842
f 1848 1851 1842
f 1847 1849 1848
f 1861 1852 1850
f 1849 1850 1848
f 1856 1852 1861
f 1852 1853 1851
f 1146 1847 1845
f 1849 1148 1161
f 1161 1165 1849
f 1861 1850 1166
f 1146 1147 1148
f 1147 1144 1148
f 1156 1160 1161
f 1165 1164 1167
f 1166 1165 1167
f 1861 1862 1856
f 1857 1856 1858
f 1863 1864 1858
f 1865 1912 1867
f 1909 1864 1863
f 1908 1909 1863
f 1166 1862 1861
f 1166 1905 1862
f 1911 1906 1910
f 1906 1911 1908
f 1906 1905 1907
f 1908 1905 1906
f 1910 1906 1907
f 1912 1909 1913
f 1913 1914 1912
f 1913 1911 1919
f 1167 1177 1907
f 1178 1184 1910
f 1910 1184 1918
f 1867 1912 1915
f 1923 1924 1922
f 1922 1924 1921
f 1922 1914 1920
f 1914 1922 1921
f 1920 1923 1922
f 1868 1948 1869
f 1948 1868 1944
f 1940 1955 1947
f 1940 1947 1945
f 1945 1947 1949
f 1949 1950 1948
f 1947 1955 1958
f 1949 1947 1958
f 1951 1876 1870
f 1876 1880 1870
f 1882 1881 1879
f 1889 1881 1878
f 1877 1878 1876
f 1881 1882 1880
f 1877 1952 1189
f 1877 1189 1196
f 1073 1202 1194
f 1203 1202 1073
f 1074 1203 1073
f 1202 1878 1877
f 1948 1950 1951
f 1950 1952 1951
f 1961 1960 1959
f 1189 1952 1960
f 1189 1192 1196
f 1192 1189 1960
f 1193 1190 1192
f 1194 1196 1195
f 1888 1885 1889
f 1888 1889 1203
f 1074 1075 1076
f 1083 1084 1081
f 1084 1083 1085
f 1089 1086 1092
f 1088 1092 1090
f 1088 1089 1092
f 1175 1177 1172
f 1919 1918 1925
f 1925 1920 1919
f 1175 1178 1177
f 1175 1176 1178
f 1183 1184 1182
f 1925 1918 1239
f 1185 1239 1183
f 1246 1251 1237
f 1923 1929 1930
f 1929 1931 1930
f 1933 1965 1937
f 1963 1932 1930
f 1185 1240 1239
f 1931 1929 1240
f 1185 1238 1240
f 1255 1256 1931
f 1931 1256 1964
f 1964 1966 1963
f 1965 1963 1966
f 1966 1967 1965
f 1967 1966 1968
f 1966 1964 1968
f 1251 1253 1252
f 1252 1237 1251
f 1252 1262 1255
f 1262 1263 1264
f 1262 1256 1255
f 1264 1266 1257
f 1937 1965 1969
f 1973 1974 1972
f 1972 1974 1971
f 1967 1972 1971
f 1975 1968 1257
f 1266 1976 1975
f 1257 1266 1975
f 1992 1998 1990
f 1990 1998 2001
f 1991 1941 1993
f 1991 1956 1941
f 1991 2005 1956
f 1957 1955 1956
f 1962 1959 1958
f 1962 1957 1273
f 2006 1273 1957
f 2002 2007 2005
f 2002 1990 2001
f 2001 2003 2002
f 2005 2007 2006
f 2006 2007 2008
f 2010 1278 2008
f 2008 1278 1274
f 1961 1959 1962
f 1191 1190 1193
f 1272 1193 1961
f 1275 1272 1273
f 1272 1275 1271
f 1273 1274 1275
f 1275 1270 1271
f 1274 1270 1275
f 1249 1251 1246
f 1249 1253 1251
f 1249 1250 1253
f 1261 1263 1260
f 1263 1261 1264
f 1313 1317 1305
f 1976 1980 1973
f 1973 1980 1981
f 1980 1982 1981
f 1984 2016 1988
f 2013 1983 1981
f 1976 1307 1980
f 1982 1980 1307
f 1265 1306 1307
f 1321 1322 1982
f 1982 1322 2014
f 2014 2017 2013
f 2016 2013 2017
f 2017 2018 2016
f 2021 2022 2015
f 1317 1319 1318
f 1318 1305 1317
f 1318 1324 1321
f 1324 1322 1321
f 1322 1324 2015
f 2015 2014 1322
f 1988 2016 2019
f 2026 2027 2025
f 2025 2027 2024
f 2025 2018 2023
f 2018 2025 2024
f 2023 2026 2025
f 1998 2004 2001
f 2036 1999 2035
f 2035 2039 2036
f 2037 2042 2045
f 2004 2003 2001
f 2038 2004 2036
f 2011 2009 2003
f 2038 2049 2011
f 2012 2009 2011
f 2009 2012 2010
f 1277 1337 1332
f 1337 1338 1332
f 2010 2012 1337
f 1278 1277 1276
f 2036 2037 2038
f 2046 2051 2049
f 2046 2037 2045
f 2045 2047 2046
f 2049 2051 2050
f 2050 2051 2052
f 2054 1341 2052
f 1332 1338 1336
f 1338 2050 2052
f 1339 1336 1341
f 1316 1317 1313
f 2022 2021 2029
f 2029 2023 2022
f 1325 1319 1367
f 1316 1319 1317
f 1358 1368 1367
f 1367 1369 1325
f 1325 1369 2021
f 1369 1370 1371
f 1362 1368 1358
f 1376 1365 1377
f 1376 1377 1378
f 1376 1370 1368
f 1371 1370 1372
f 1378 1379 1372
f 2057 2059 2028
f 2027 2026 2028
f 2032 2058 2057
f 1371 2032 2029
f 1371 2058 2032
f 2062 2063 2061
f 2057 2060 2059
f 2061 2063 2060
f 2061 2058 2064
f 1379 2065 2064
f 1372 1379 2064
f 2042 2048 2045
f 2076 2043 2075
f 2075 2079 2076
f 2077 2082 2085
f 2048 2047 2045
f 2078 2048 2076
f 2055 2053 2047
f 2078 2089 2055
f 2056 2053 2055
f 2053 2056 2054
f 1340 1386 1381
f 1386 1387 1381
f 2054 2056 1386
f 1341 1340 1339
f 2092 2086 2091
f 2076 2077 2078
f 2086 2092 2089
f 2086 2077 2085
f 2089 2092 2090
f 2091 2093 2092
f 2090 2092 2093
f 2088 1380 2091
f 1380 1390 2091
f 1381 1387 1385
f 1387 2090 2093
f 1388 1385 1391
f 1377 1365 1375
f 1420 1424 1422
f 1425 1423 1422
f 1423 1379 1378
f 1422 1424 1425
f 1430 1416 1431
f 1421 1416 1430
f 1430 1431 1432
f 1425 1424 1426
f 1432 1433 1426
f 2065 2070 2062
f 2062 2070 2071
f 2103 2072 2071
f 2102 2103 2071
f 2104 2072 2103
f 2065 1379 1423
f 1425 2095 2070
f 2097 2098 2096
f 2096 2095 2100
f 2102 2095 2096
f 2102 2105 2103
f 2105 2104 2103
f 1433 2101 2100
f 1426 1433 2100
f 2082 2087 2085
f 2113 2083 2112
f 2112 2117 2113
f 2114 2120 2123
f 2115 2087 2113
f 2115 2094 2087
f 2115 2116 2094
f 1390 1380 1439
f 1434 1380 2088
f 2094 1434 2088
f 1434 1439 1380
f 1390 1389 1391
f 1440 1438 1439
f 1391 1389 1388
f 2113 2114 2115
f 2114 2116 2115
f 2126 2125 2123
f 1435 2116 2125
f 1435 1436 1440
f 1436 1435 2125
f 1436 1447 1440
f 1447 1448 1449
f 1444 1447 1449
f 1445 1444 1449
f 1431 1416 1429
f 1482 1486 1484
f 1487 1485 1484
f 1485 1433 1432
f 1484 1486 1487
f 2138 2134 2130
f 2136 2139 2129
f 2139 2131 2129
f 1488 1477 1489
f 1483 1477 1488
f 1486 1488 2129
f 2101 2109 2097
f 2132 2135 2099
f 2098 2097 2099
f 2109 2133 2132
f 2101 1433 1485
f 1487 2133 2109
f 2130 2133 2131
f 2132 2133 2130
f 2131 2133 1487
f 2120 2124 2123
f 2150 2121 2149
f 2149 2153 2150
f 2151 2156 2159
f 2152 2124 2150
f 2152 2127 2124
f 2163 2164 2128
f 1448 1437 1492
f 1490 1437 2126
f 2127 1490 2126
f 2127 2128 1490
f 1490 1492 1437
f 1490 2128 1492
f 1448 1446 1449
f 1449 1446 1445
f 2164 1497 2128
f 2150 2151 2152
f 2160 2165 2163
f 2160 2151 2159
f 2159 2161 2160
f 2163 2165 2164
f 2164 2165 2166
f 2168 1498 2166
f 1491 1497 1495
f 1497 2164 2166
f 1501 1503 1502
f 1499 1496 1502
f 1502 1496 1501
f 1503 1500 1502
f 1502 1500 1499
f 1537 1541 1532
f 2173 2140 2137
f 2137 2174 2173
f 2139 2140 2138
f 2177 2140 2173
f 1479 1533 1543
f 1533 1544 1543
f 1543 1545 1489
f 1489 1545 2136
f 1545 2137 2136
f 2171 2183 2175
f 2172 2171 2175
f 2174 2178 2173
f 2177 2173 2178
f 2186 2178 2187
f 1542 1532 1541
f 1547 1542 2175
f 1542 1547 1544
f 1547 2175 2176
f 1547 1546 1544
f 1546 1547 2176
f 2176 2174 1546
f 2141 2177 2180
f 2177 2179 2180
f 2156 2162 2159
f 2192 2157 2191
f 2191 2194 2192
f 2192 2194 2195
f 2162 2161 2159
f 2193 2162 2192
f 2169 2167 2161
f 2193 2203 2169
f 2170 2167 2169
f 2167 2170 2168
f 2168 1548 1498
f 1548 1501 1498
f 2204 1550 2170
f 2200 2207 2205
f 2203 2193 2199
f 2203 2205 2204
f 2208 2211 2206
f 2205 2207 2208
f 1550 2204 2206
f 1550 1549 1548
f 1551 1549 1550
f 1549 1555 1503
f 1554 1510 1555
f 1556 1554 1555
f 2206 2211 2213
f 2214 2213 2211
f 1551 1552 1556
f 1552 1551 2213
f 1552 1563 1556
f 1563 1564 1565
f 1560 1563 1565
f 1561 1560 1565
f 1614 1620 1612
f 1625 1627 1540
f 1540 1627 1628
f 1625 1629 1627
f 1630 1628 1627
f 1627 1629 1630
f 2223 2225 2218
f 2220 2223 2217
f 2223 2218 2217
f 1620 1622 1621
f 1619 1612 1621
f 1621 1612 1620
f 1629 1631 2217
f 2172 2184 2171
f 2171 2184 2185
f 2185 2183 2171
f 2186 2188 2189
f 2183 2188 2187
f 2231 2232 2185
f 2187 2188 2186
f 2172 1541 1628
f 1630 2219 2184
f 2227 2228 2226
f 2231 2219 2226
f 2225 2227 2226
f 2231 2234 2232
f 2234 2233 2232
f 2218 2219 1630
f 2209 2207 2200
f 2212 2210 2244
f 2209 2210 2207
f 2207 2210 2208
f 2242 2246 2244
f 2244 2246 2247
f 2245 2212 2244
f 2245 2215 2212
f 2253 2254 2216
f 1564 1553 1635
f 1633 1553 2214
f 2215 1633 2214
f 2215 2216 1633
f 1633 1635 1553
f 1633 2216 1635
f 1564 1562 1565
f 1565 1562 1561
f 2254 1640 2216
f 2251 2257 2255
f 2253 2245 2250
f 2253 2255 2254
f 2258 2263 2256
f 2255 2257 2258
f 1634 1640 1638
f 1638 1640 1641
f 1641 1639 1638
f 2264 2269 2268
f 2256 2263 2267
f 2268 2269 2270
f 2256 2267 1641
f 2268 1643 2267
f 1642 1639 1643
f 1652 1643 2268
f 1650 1645 1652
f 1650 1652 1653
f 1651 1650 1653
f 1712 1701 1713
f 1707 1701 1712
f 1712 1713 1714
f 1709 1707 1712
f 1709 1712 1714
f 1616 1602 1717
f 1602 1711 1717
f 1711 1718 1717
f 1618 1719 1720
f 1723 1720 1719
f 1719 1722 1723
f 2275 2281 2277
f 2276 2275 2277
f 2284 2287 2279
f 2284 2279 2278
f 1716 1710 1715
f 1724 1716 2277
f 1716 1724 1718
f 1724 2277 2278
f 1724 1722 1718
f 1722 1724 2278
f 2221 2280 2294
f 2229 2224 2297
f 2295 2224 2222
f 2297 2224 2295
f 1632 1622 1725
f 1723 1721 1720
f 1721 1725 1622
f 1721 2221 1725
f 1725 1726 1632
f 1632 1726 2220
f 2221 1726 1725
f 1726 2222 2220
f 1726 2221 2222
f 2289 2290 2288
f 2294 2280 2288
f 2287 2289 2288
f 2294 2296 2295
f 2297 2298 2299
f 2279 2280 1723
f 2229 2227 2225
f 2227 2229 2230
f 2228 2227 2230
f 2297 2299 2300
f 2259 2257 2251
f 2259 2260 2257
f 2257 2260 2258
f 2259 2261 2260
f 2265 2264 2263
f 2271 2269 2264
f 2307 2315 2271
f 2272 2269 2271
f 2269 2272 2270
f 2270 1727 1653
f 2317 1729 2272
f 2313 2307 2308
f 2316 2315 2313
f 2315 2307 2313
f 2316 2322 2318
f 2320 2318 2319
f 2317 2318 2320
f 1729 2317 2320
f 2273 2321 2331
f 2331 2332 2273
f 1667 1659 1731
f 1728 1658 1727
f 1729 1728 1727
f 1728 2273 1731
f 1730 1667 1731
f 2332 1736 2273
f 2327 2335 2333
f 2326 2319 2323
f 2319 2321 2320
f 2331 2333 2332
f 2336 2340 2334
f 2333 2335 2336
f 2320 2321 1729
f 1730 1736 1733
f 1733 1736 1737
f 1737 1734 1733
f 1681 1673 1740
f 1673 1735 1740
f 1735 1741 1740
f 1739 1681 1740
f 1741 1739 1740
f 2341 2349 2346
f 2334 2340 2345
f 2350 2353 2348
f 2350 2348 2347
f 2334 2345 1737
f 2346 1738 2345
f 1747 1738 2346
f 1738 1747 1741
f 1747 2346 2347
f 2348 1746 2347
f 1746 1744 1743
f 1695 1687 1749
f 1687 1745 1749
f 1745 1750 1749
f 1697 1751 1752
f 1755 1752 1751
f 1752 1703 1697
f 1751 1754 1755
f 2354 2362 2358
f 2348 2353 2357
f 2363 2367 2360
f 2363 2360 2359
f 2348 2357 1746
f 2358 1748 2357
f 1756 1748 2358
f 1748 1756 1750
f 1756 2358 2359
f 1756 1754 1750
f 1754 1756 2359
f 2274 2361 2374
f 2374 2376 2274
f 1753 1703 1752
f 1755 1753 1752
f 1753 2274 1757
f 1757 1758 1713
f 2274 1758 1757
f 1760 1759 1758
f 1759 1715 1714
f 2369 2370 2368
f 2374 2361 2368
f 2367 2369 2368
f 2375 2381 2377
f 2379 2377 2378
f 2376 2377 2379
f 2360 2361 1755
f 1760 2376 2379
f 2276 2282 2275
f 2275 2282 2283
f 2283 2281 2275
f 2281 2285 2284
f 2389 2390 2283
f 2276 1715 1759
f 1760 2380 2282
f 2386 2378 2382
f 2392 2389 2386
f 2378 2380 2379
f 2389 2392 2390
f 2392 2391 2390
f 2379 2380 1760
f 2291 2289 2287
f 2293 2291 2292
f 2289 2291 2293
f 2290 2289 2293
f 2337 2335 2327
f 2337 2338 2335
f 2335 2338 2336
f 2337 2339 2338
f 2342 2341 2340
f 2344 2342 2343
f 2341 2342 2344
f 2355 2352 2410
f 2351 2352 2349
f 2349 2352 2350
f 2408 2411 2410
f 2410 2411 2412
f 2355 2354 2353
f 2354 2355 2356
f 2364 2365 2362
f 2362 2365 2363
f 2364 2366 2365
f 2410 2412 2413
f 2371 2369 2367
f 2373 2371 2372
f 2369 2371 2373
f 2370 2369 2373
f 2437 2430 2425
f 2437 2425 2438
f 2437 2443 2430
f 1070 1327 1187
f 2426 2431 1188
f 2427 2426 1327
f 1186 1187 1188
f 2431 1330 1188
f 2435 1331 2432
f 1329 1330 1331
f 1329 1326 1330
f 2428 2426 2427
f 2425 2428 2429
f 2429 2428 2427
f 2432 2431 2433
f 2430 2434 2433
f 2433 2434 2432
f 2445 2436 2434
f 2467 2479 2476
f 2478 2466 2474
f 2476 2479 2480
f 2480 2482 2476
f 2480 2479 2489
f 2474 1801 2478
f 1801 1808 2478
f 2478 1808 2488
f 2498 2492 2497
f 2483 2481 2491
f 2492 2481 2490
f 2481 2492 2491
f 2495 2498 2500
f 2500 2503 2495
f 2501 2500 2502
f 2497 2499 2498
f 2493 1812 2497
f 1812 1822 2497
f 2499 1823 1814
f 2502 2499 1814
f 1823 1827 1814
f 2515 2510 2514
f 2504 2501 2509
f 2501 2510 2509
f 2514 2510 2511
f 2512 2515 2517
f 2517 2520 2512
f 2518 2517 2519
f 2514 2516 2515
f 2511 2502 1814
f 1814 1827 2511
f 1828 1838 2514
f 2516 1839 1830
f 2519 2516 1830
f 1839 1843 1830
f 2532 2527 2531
f 2521 2518 2526
f 2518 2527 2526
f 2531 2527 2528
f 2529 2532 2534
f 2534 2537 2529
f 2535 2534 2536
f 2531 2533 2532
f 2528 2519 1830
f 1830 1843 2528
f 1844 1854 2531
f 2533 1855 1846
f 2536 2533 1846
f 1855 1859 1846
f 2538 2535 2543
f 2544 2545 2543
f 2535 2544 2543
f 2548 2544 2546
f 2552 2551 2548
f 2546 2536 1846
f 1846 1859 2546
f 1860 1866 2548
f 2548 1866 2552
f 2575 2583 2574
f 2574 2583 2589
f 2451 2601 2453
f 2601 2451 2594
f 2599 2591 2598
f 2575 2574 2590
f 2591 2574 2589
f 2574 2591 2590
f 2595 2599 2602
f 2602 2603 2601
f 2603 2602 2604
f 2598 2600 2599
f 2592 1871 2598
f 1871 1883 2598
f 2600 1884 1874
f 2604 2600 1874
f 2605 2458 2454
f 2458 2461 2454
f 2475 2462 2460
f 2459 2460 2458
f 2468 2462 2475
f 2462 2463 2461
f 2459 2606 1875
f 2459 1875 1892
f 1798 1902 1890
f 1903 1902 1798
f 1799 1903 1798
f 1902 2460 2459
f 2601 2603 2605
f 2604 2606 2603
f 2603 2606 2605
f 1874 1873 1875
f 1886 1891 1892
f 1890 1892 1891
f 2469 2468 2470
f 2468 2466 2470
f 2466 2467 2470
f 2489 2488 2494
f 2494 2490 2489
f 2474 2475 1903
f 1799 1800 1801
f 1807 1808 1805
f 2494 2488 1904
f 1810 1904 1807
f 2493 2490 2494
f 2493 2494 1904
f 1810 1811 1812
f 1821 1822 1819
f 1822 1821 1823
f 1825 1828 1827
f 1825 1826 1828
f 1837 1838 1835
f 1838 1837 1839
f 1841 1844 1843
f 1841 1842 1844
f 1853 1854 1851
f 1854 1853 1855
f 2545 2551 2553
f 2551 2554 2553
f 2559 2554 2564
f 2554 2555 2553
f 1857 1860 1859
f 1857 1858 1860
f 1865 1866 1864
f 2564 2552 1916
f 1867 1916 1865
f 2564 2565 2559
f 2560 2559 2561
f 2566 2568 2561
f 2565 2567 2566
f 2569 2610 2571
f 2608 2568 2566
f 1867 1917 1916
f 2567 2565 1917
f 1867 1915 1917
f 1926 1927 2567
f 2567 1927 2609
f 2609 2611 2608
f 2610 2608 2611
f 2611 2612 2610
f 2612 2611 2613
f 2611 2609 2613
f 1921 1926 1915
f 1934 1924 1935
f 1934 1935 1936
f 1934 1927 1926
f 1936 1938 1928
f 2571 2610 2614
f 2619 2620 2618
f 2618 2620 2617
f 2612 2618 2617
f 2621 2613 1928
f 1938 2622 2621
f 1928 1938 2621
f 2636 2642 2633
f 2633 2642 2646
f 2634 2572 2637
f 2634 2580 2572
f 2580 2584 2572
f 2586 2585 2583
f 2593 2585 2582
f 2581 2582 2580
f 2585 2586 2584
f 2581 2635 1939
f 2581 1939 1946
f 1868 1953 1944
f 1954 1953 1868
f 1869 1954 1868
f 1953 2582 2581
f 2633 2635 2634
f 2648 2647 2646
f 1939 2635 2647
f 1939 1942 1946
f 1942 1939 2647
f 1943 1940 1942
f 1944 1946 1945
f 2592 2589 2593
f 2592 2593 1954
f 1869 1870 1871
f 1882 1883 1880
f 1883 1882 1884
f 1884 1882 1879
f 1935 1924 1932
f 1933 1935 1932
f 1935 1933 1936
f 2622 2625 2619
f 2619 2625 2626
f 2625 2627 2626
f 2629 2652 2632
f 2650 2628 2626
f 2622 1970 2625
f 2627 2625 1970
f 1937 1969 1970
f 1977 1978 2627
f 2627 1978 2651
f 2651 2653 2650
f 2652 2650 2653
f 2653 2654 2652
f 2654 2653 2655
f 2653 2651 2655
f 1971 1977 1969
f 1985 1974 1986
f 1985 1986 1987
f 1985 1978 1977
f 1987 1989 1979
f 2632 2652 2656
f 2662 2663 2661
f 2661 2663 2660
f 2654 2661 2660
f 2665 2655 1979
f 1989 2666 2665
f 1979 1989 2665
f 2644 2643 2642
f 2641 2643 2677
f 2649 2643 2641
f 2677 2681 2641
f 2649 2641 1995
f 2681 1995 2641
f 2673 2685 2682
f 2673 2682 2679
f 2678 2679 2677
f 2681 2682 2683
f 2686 2000 2683
f 2683 2000 1996
f 2648 2646 2649
f 1941 1940 1943
f 1994 1943 2648
f 1997 1994 1995
f 1994 1997 1993
f 1995 1996 1997
f 1997 1992 1993
f 1996 1992 1997
f 1986 1974 1983
f 1984 1986 1983
f 1986 1984 1987
f 2666 2667 2662
f 2662 2667 2668
f 2667 2669 2668
f 2689 2670 2668
f 2690 2670 2689
f 2666 2020 2667
f 2669 2667 2020
f 1988 2019 2020
f 2030 2031 2669
f 2669 2031 2691
f 2691 2693 2689
f 2701 2694 2693
f 2701 2693 2702
f 2699 2702 2692
f 2024 2030 2019
f 2033 2027 2034
f 2033 2031 2030
f 2031 2033 2692
f 2692 2691 2031
f 2706 2674 2707
f 2706 2687 2674
f 2706 2719 2687
f 2688 2685 2687
f 2685 2688 2686
f 1999 2040 2035
f 2040 2041 2035
f 2686 2688 2040
f 2000 1999 1998
f 2714 2723 2721
f 2713 2706 2707
f 2719 2706 2713
f 2719 2721 2720
f 2720 2721 2722
f 2724 2044 2722
f 2035 2041 2039
f 2041 2720 2722
f 2042 2039 2044
f 2727 2703 2700
f 2700 2728 2727
f 2702 2703 2701
f 2730 2703 2727
f 2028 2059 2066
f 2059 2067 2066
f 2066 2068 2034
f 2034 2068 2699
f 2068 2700 2699
f 2728 2731 2727
f 2730 2727 2731
f 2737 2731 2738
f 2736 2738 2729
f 2060 2067 2059
f 2073 2063 2074
f 2073 2069 2067
f 2069 2073 2729
f 2729 2728 2069
f 2704 2730 2733
f 2730 2732 2733
f 2744 2715 2745
f 2744 2725 2715
f 2744 2755 2725
f 2726 2723 2725
f 2723 2726 2724
f 2043 2080 2075
f 2080 2081 2075
f 2724 2726 2080
f 2044 2043 2042
f 2751 2759 2757
f 2750 2744 2745
f 2755 2744 2750
f 2755 2757 2756
f 2756 2757 2758
f 2760 2084 2758
f 2075 2081 2079
f 2081 2756 2758
f 2082 2079 2084
f 2737 2739 2740
f 2738 2736 2742
f 2074 2063 2072
f 2074 2106 2736
f 2104 2107 2106
f 2106 2107 2108
f 2774 2768 2764
f 2772 2775 2763
f 2775 2765 2763
f 2110 2098 2111
f 2105 2098 2110
f 2107 2110 2763
f 2742 2743 2739
f 2739 2743 2766
f 2743 2767 2766
f 2108 2743 2742
f 2108 2767 2743
f 2764 2767 2765
f 2766 2767 2764
f 2765 2767 2108
f 2779 2752 2780
f 2779 2761 2752
f 2779 2789 2761
f 2762 2759 2761
f 2759 2762 2760
f 2083 2118 2112
f 2118 2119 2112
f 2760 2762 2118
f 2084 2083 2082
f 2785 2793 2791
f 2784 2779 2780
f 2789 2779 2784
f 2789 2791 2790
f 2790 2791 2792
f 2794 2122 2792
f 2112 2119 2117
f 2119 2790 2792
f 2120 2117 2122
f 2138 2142 2134
f 2799 2776 2773
f 2773 2800 2799
f 2775 2776 2774
f 2803 2776 2799
f 2099 2135 2144
f 2135 2145 2144
f 2144 2146 2111
f 2111 2146 2772
f 2146 2773 2772
f 2797 2809 2801
f 2798 2797 2801
f 2800 2804 2799
f 2803 2799 2804
f 2812 2804 2813
f 2143 2134 2142
f 2148 2143 2801
f 2143 2148 2145
f 2148 2801 2802
f 2148 2147 2145
f 2147 2148 2802
f 2802 2800 2147
f 2777 2803 2806
f 2803 2805 2806
f 2817 2786 2818
f 2817 2795 2786
f 2817 2826 2795
f 2796 2793 2795
f 2793 2796 2794
f 2121 2154 2149
f 2154 2155 2149
f 2794 2796 2154
f 2122 2121 2120
f 2823 2830 2828
f 2822 2817 2818
f 2826 2817 2822
f 2826 2828 2827
f 2827 2828 2829
f 2831 2158 2829
f 2149 2155 2153
f 2155 2827 2829
f 2156 2153 2158
f 2141 2142 2138
f 2186 2190 2179
f 2798 2810 2797
f 2797 2810 2811
f 2811 2809 2797
f 2812 2814 2815
f 2809 2814 2813
f 2841 2842 2811
f 2813 2814 2812
f 2798 2181 2810
f 2141 2180 2181
f 2180 2182 2181
f 2836 2837 2835
f 2835 2834 2839
f 2841 2834 2835
f 2841 2844 2842
f 2844 2843 2842
f 2839 2834 2182
f 2190 2840 2839
f 2180 2179 2182
f 2833 2830 2823
f 2830 2832 2831
f 2855 2859 2832
f 2856 2855 2833
f 2157 2196 2191
f 2196 2197 2191
f 2831 2832 2196
f 2158 2157 2156
f 2860 2859 2855
f 2860 2862 2863
f 2859 2860 2861
f 2191 2197 2194
f 2194 2197 2198
f 2198 2195 2194
f 2861 2867 2869
f 2870 2869 2867
f 2861 2869 2198
f 2199 2195 2201
f 2202 2200 2201
f 2201 2200 2199
f 2233 2235 2189
f 2189 2235 2236
f 2233 2237 2235
f 2238 2236 2235
f 2235 2237 2238
f 2881 2883 2874
f 2878 2881 2873
f 2881 2874 2873
f 2239 2228 2240
f 2234 2228 2239
f 2237 2239 2873
f 2840 2849 2836
f 2875 2877 2838
f 2837 2836 2838
f 2849 2876 2875
f 2840 2190 2236
f 2238 2876 2849
f 2886 2887 2885
f 2875 2884 2877
f 2885 2887 2884
f 2883 2886 2885
f 2874 2876 2238
f 2863 2868 2867
f 2897 2864 2896
f 2896 2899 2897
f 2897 2899 2900
f 2898 2868 2897
f 2898 2871 2868
f 2907 2908 2872
f 2241 2202 2870
f 2871 2241 2870
f 2871 2872 2241
f 2241 2243 2202
f 2241 2872 2243
f 2242 2209 2243
f 2908 2248 2872
f 2905 2911 2909
f 2907 2898 2904
f 2907 2909 2908
f 2912 2917 2910
f 2909 2911 2912
f 2242 2248 2246
f 2246 2248 2249
f 2249 2247 2246
f 2918 2923 2922
f 2910 2917 2921
f 2922 2923 2924
f 2910 2921 2249
f 2922 2252 2921
f 2250 2247 2252
f 2252 2251 2250
f 2924 2262 2922
f 2933 2935 2928
f 2930 2933 2927
f 2933 2928 2927
f 2303 2290 2304
f 2296 2290 2303
f 2298 2296 2303
f 2928 2301 2927
f 2301 2299 2298
f 2879 2929 2941
f 2888 2882 2944
f 2942 2882 2880
f 2944 2882 2942
f 2302 2929 2879
f 2230 2300 2305
f 2305 2306 2240
f 2240 2306 2878
f 2879 2306 2305
f 2306 2880 2878
f 2306 2879 2880
f 2937 2938 2936
f 2941 2929 2936
f 2935 2937 2936
f 2941 2943 2942
f 2944 2945 2946
f 2300 2299 2302
f 2302 2299 2301
f 2888 2886 2883
f 2886 2888 2889
f 2887 2886 2889
f 2944 2946 2947
f 2913 2911 2905
f 2913 2914 2911
f 2911 2914 2912
f 2913 2915 2914
f 2919 2918 2917
f 2925 2923 2918
f 2955 2963 2925
f 2926 2923 2925
f 2923 2926 2924
f 2259 2251 2262
f 2262 2261 2259
f 2309 2266 2261
f 2965 2311 2926
f 2961 2955 2956
f 2964 2963 2961
f 2963 2955 2961
f 2964 2968 2966
f 2966 2968 2969
f 2965 2966 2967
f 2311 2965 2967
f 2310 2266 2309
f 2311 2310 2309
f 2312 2310 2311
f 2310 2308 2266
f 2310 2312 2308
f 2973 2979 2978
f 2967 2972 2977
f 2978 2979 2980
f 2978 2314 2977
f 2314 2312 2977
f 2324 2314 2978
f 2322 2316 2324
f 2322 2324 2325
f 2328 2330 2329
f 2326 2323 2329
f 2329 2323 2328
f 2330 2327 2329
f 2329 2327 2326
f 2383 2370 2384
f 2375 2370 2383
f 2383 2384 2385
f 2381 2375 2383
f 2381 2383 2385
f 2391 2393 2286
f 2286 2393 2394
f 2391 2396 2393
f 2397 2394 2393
f 2394 2292 2286
f 2393 2396 2397
f 2992 3003 2997
f 2995 2992 2997
f 3004 3002 2999
f 3005 3000 2998
f 2386 2382 2388
f 2388 2382 2387
f 2398 2388 2997
f 2398 2997 2998
f 2396 2398 2998
f 2931 3001 3012
f 2939 2934 3015
f 3013 2934 2932
f 3015 2934 3013
f 2395 2292 2394
f 2397 2395 2394
f 2395 2931 2399
f 2399 2400 2304
f 2304 2400 2930
f 2931 2400 2399
f 2400 2932 2930
f 2400 2931 2932
f 3009 2999 3002
f 3014 3012 3009
f 2999 3001 3000
f 3012 3014 3013
f 3015 3016 3017
f 3000 3001 2397
f 2939 2937 2935
f 2937 2939 2940
f 2938 2937 2940
f 3015 3017 3018
f 2974 2969 2975
f 2969 2974 2972
f 2974 2973 2972
f 2976 2974 2975
f 2973 2974 2976
f 2983 2982 3029
f 2981 2982 2979
f 2984 2982 2983
f 2980 2401 2325
f 2980 2984 2401
f 2401 2328 2325
f 3027 3031 3029
f 3029 3031 3032
f 2983 2985 2984
f 3030 2983 3029
f 3030 2985 2983
f 3037 3039 2986
f 2985 2986 2402
f 2402 2403 2330
f 2402 2986 2403
f 2339 2404 2405
f 2986 2404 2403
f 2407 2405 2404
f 2405 2343 2339
f 3038 3037 3035
f 3037 3030 3035
f 3038 3044 3040
f 3042 3040 3041
f 3039 3040 3042
f 2407 3039 3042
f 2987 3043 3050
f 3050 3052 2987
f 2351 2344 2409
f 2406 2343 2405
f 2407 2406 2405
f 2406 2987 2409
f 2408 2351 2409
f 3052 2414 2987
f 3048 3041 3045
f 3051 3050 3048
f 3041 3043 3042
f 3051 3057 3053
f 3055 3053 3054
f 3052 3053 3055
f 3042 3043 2407
f 2408 2414 2411
f 2411 2414 2415
f 2415 2412 2411
f 2988 3056 3064
f 3064 3066 2988
f 2364 2356 2417
f 2416 3056 2988
f 2356 2413 2417
f 2366 2418 2419
f 2988 2418 2417
f 2421 2419 2418
f 2419 2372 2366
f 3061 3054 3058
f 3065 3064 3061
f 3054 3056 3055
f 3065 3071 3067
f 3069 3067 3068
f 3066 3067 3069
f 2413 2412 2416
f 2416 2412 2415
f 2421 3066 3069
f 2989 3070 3078
f 2993 2991 3081
f 3079 2991 2990
f 2990 2991 2996
f 2996 2991 2993
f 3081 2991 3079
f 2420 2372 2419
f 2421 2420 2419
f 2420 2989 2422
f 2422 2423 2384
f 2989 2423 2422
f 2424 2387 2385
f 2423 2989 2990
f 3075 3068 3072
f 3080 3078 3075
f 3068 3070 3069
f 3078 3080 3079
f 3081 3082 3083
f 3069 3070 2421
f 2992 2993 2994
f 3004 3007 3008
f 3006 3007 3003
f 3003 3007 3005
f 3005 3007 3004
f 3006 3008 3007
f 2995 2387 2424
f 2995 2424 2996
f 3081 3083 3084
f 1781 1779 1771
f 1780 1779 1781
f 1786 1782 1785
f 1787 1789 1772
f 1773 1787 1772
f 1773 1788 1787
f 1787 1788 1790
f 1790 1789 1787
f 1781 1791 1785
f 1791 3094 1785
f 1792 3103 3099
f 1789 1791 1781
f 3095 3094 3100
f 3095 3100 3101
f 3100 3094 3099
f 3102 3100 3099
f 3101 3100 3102
f 3095 3096 1786
f 3096 1793 1786
f 1793 3096 3097
f 3098 3096 3095
f 3097 3096 3098
f 3114 3098 3105
f 3113 3109 3115
f 3113 3115 3117
f 3106 3105 3101
f 3102 3104 3107
f 3113 3117 3118
f 3231 3243 3240
f 3242 3230 3238
f 3240 3243 3244
f 3244 3246 3240
f 3244 3243 3253
f 3238 2450 3242
f 2450 2452 3242
f 3242 2452 3252
f 3158 3265 3159
f 3265 3158 3259
f 3263 3256 3262
f 3247 3245 3255
f 3256 3245 3254
f 3245 3256 3255
f 3260 3263 3266
f 3266 3267 3265
f 3267 3266 3268
f 3262 3264 3263
f 3257 2455 3262
f 2455 2464 3262
f 3264 2465 2456
f 3268 3264 2456
f 2465 2471 2456
f 3269 3162 3160
f 3162 3165 3160
f 3173 3166 3164
f 3163 3164 3162
f 3169 3166 3173
f 3166 3167 3165
f 3163 3270 2457
f 3163 2457 2477
f 2477 2484 3163
f 3173 3164 2485
f 3265 3267 3269
f 3268 3270 3267
f 3267 3270 3269
f 2471 2473 2472
f 2457 2472 2477
f 2473 2467 2472
f 2484 2482 2486
f 2485 2484 2486
f 2483 2486 2482
f 3173 3175 3169
f 3170 3169 3171
f 3176 3179 3171
f 3175 3177 3176
f 3189 3180 3178
f 3177 3178 3176
f 3184 3180 3189
f 3180 3181 3179
f 2485 3175 3173
f 3177 2487 2496
f 2496 2505 3177
f 3189 3178 2506
f 2485 2486 2487
f 2486 2483 2487
f 2491 2495 2496
f 2505 2503 2507
f 2506 2505 2507
f 2504 2507 2503
f 3189 3191 3184
f 3185 3184 3186
f 3192 3195 3186
f 3191 3193 3192
f 3205 3196 3194
f 3193 3194 3192
f 3200 3196 3205
f 3196 3197 3195
f 2506 3191 3189
f 3193 2508 2513
f 2513 2522 3193
f 3205 3194 2523
f 2506 2507 2508
f 2507 2504 2508
f 2509 2512 2513
f 2522 2520 2524
f 2523 2522 2524
f 2521 2524 2520
f 3205 3206 3200
f 3201 3200 3202
f 3207 3210 3202
f 3206 3208 3207
f 3218 3211 3209
f 3208 3209 3207
f 3214 3211 3218
f 3211 3212 3210
f 2523 3206 3205
f 3208 2525 2530
f 2530 2539 3208
f 3218 3209 2540
f 2523 2524 2525
f 2524 2521 2525
f 2526 2529 2530
f 2539 2537 2541
f 2540 2539 2541
f 2538 2541 2537
f 3218 3219 3214
f 3215 3214 3216
f 3220 3222 3216
f 3219 3221 3220
f 3275 3222 3220
f 3276 3222 3275
f 2540 3219 3218
f 3221 2542 2547
f 2547 2549 3221
f 3221 2549 3277
f 3277 3278 3275
f 3279 3278 3280
f 3278 3277 3280
f 2540 2541 2542
f 2541 2538 2542
f 2556 2545 2557
f 2556 2557 2558
f 2556 2549 2547
f 2558 2562 2550
f 3294 3289 3293
f 3282 3279 3288
f 3279 3289 3288
f 3293 3289 3290
f 3291 3294 3295
f 3295 3296 3291
f 3300 3296 3295
f 3300 3295 3301
f 3295 3294 3301
f 3290 3280 2550
f 2550 2562 3290
f 2563 2570 3293
f 3293 2570 3299
f 3226 3227 3322
f 3239 3227 3226
f 3322 3326 3226
f 3232 3227 3239
f 3239 3226 2577
f 3326 2577 3226
f 3316 3328 3324
f 3327 3315 3321
f 3323 3324 3322
f 3327 3329 3328
f 3326 3328 3329
f 3321 2573 3327
f 2573 2587 3327
f 3329 2588 2578
f 3233 3232 3234
f 3232 3230 3234
f 3230 3231 3234
f 3253 3252 3258
f 3258 3254 3253
f 2452 2450 2596
f 2576 2450 3238
f 2579 2576 2577
f 2576 2596 2450
f 2597 2594 2596
f 3258 3252 2607
f 2453 2607 2451
f 2577 2578 2579
f 2578 2575 2579
f 2590 2595 2597
f 2594 2597 2595
f 3257 3254 3258
f 3257 3258 2607
f 2453 2454 2455
f 2463 2464 2461
f 2464 2463 2465
f 2470 2467 2473
f 2469 2473 2471
f 2469 2470 2473
f 2557 2545 2553
f 2555 2557 2553
f 2557 2555 2558
f 3300 3302 3303
f 3301 3299 3307
f 2560 2563 2562
f 2560 2561 2563
f 2569 2570 2568
f 3307 3299 2615
f 2571 2615 2569
f 3307 3308 3302
f 3303 3302 3304
f 3309 3311 3304
f 3308 3310 3309
f 3332 3311 3309
f 3333 3311 3332
f 2571 2616 2615
f 3310 3308 2616
f 2571 2614 2616
f 2623 2624 3310
f 3310 2624 3334
f 3334 3336 3332
f 3343 3337 3336
f 3343 3336 3344
f 3342 3344 3335
f 2617 2623 2614
f 2630 2620 2631
f 2630 2624 2623
f 2624 2630 3335
f 3335 3334 2624
f 3314 3362 3317
f 3362 3314 3358
f 3355 3371 3360
f 3355 3360 3359
f 3359 3360 3363
f 3363 3364 3362
f 3364 3363 3365
f 3372 2645 3361
f 3361 2645 2639
f 3365 3361 2639
f 3315 3331 3321
f 3315 3316 3318
f 3366 3367 3331
f 2638 2573 3321
f 3331 2638 3321
f 2638 2640 2637
f 2586 2587 2584
f 2587 2586 2588
f 2588 2586 2583
f 3362 3364 3366
f 3365 3367 3364
f 3364 3367 3366
f 2640 2636 2637
f 2639 2636 2640
f 3343 3345 3346
f 3344 3342 3350
f 2631 2620 2628
f 2629 2631 2628
f 3350 3342 2657
f 2632 2657 2629
f 3350 3351 3345
f 3346 3345 3347
f 3352 3353 3347
f 3381 3353 3352
f 3380 3381 3352
f 3382 3353 3381
f 2632 2658 2657
f 2632 2656 2658
f 2656 2659 2658
f 3384 3378 3383
f 3378 3384 3380
f 3378 3377 3379
f 3380 3377 3378
f 3383 3378 3379
f 3392 3386 3385
f 3392 3385 3393
f 3385 3384 3393
f 3379 3377 2659
f 3383 3379 2664
f 2659 2664 3379
f 2660 2663 2664
f 3383 2671 3391
f 3404 3411 3401
f 3401 3411 3415
f 3402 3356 3405
f 3402 3373 3356
f 3375 3371 3373
f 3371 3375 3372
f 3374 3375 3373
f 3374 3403 2672
f 3374 2672 2680
f 2644 2684 2678
f 3372 3375 2684
f 2645 2644 2642
f 2684 3375 3374
f 3401 3403 3402
f 3417 3416 3415
f 2672 3403 3416
f 2672 2675 2680
f 2675 2672 3416
f 2676 2673 2675
f 2678 2680 2679
f 3392 3394 3395
f 3393 3391 3397
f 2671 2663 2670
f 2671 2695 3391
f 2690 2696 2695
f 2695 2696 2697
f 2694 2696 2690
f 2696 2694 2698
f 2697 2696 2698
f 3397 3398 3394
f 3394 3398 3419
f 3398 3420 3419
f 2697 3398 3397
f 2697 3420 3398
f 3425 3426 3424
f 3419 3423 3421
f 3424 3426 3423
f 3424 3420 3427
f 2705 3428 3427
f 2698 2705 3427
f 3413 3412 3411
f 3410 3412 3439
f 3418 3412 3410
f 3439 3441 3410
f 3418 3410 2709
f 3441 2709 3410
f 3443 3441 3439
f 3443 3444 3449
f 3450 3443 3449
f 3450 3447 3442
f 3447 2712 3442
f 3442 2712 2710
f 2712 2716 2710
f 3417 3415 3418
f 2674 2673 2676
f 2708 2676 3417
f 2711 2708 2709
f 2708 2711 2707
f 2709 2710 2711
f 2716 2718 2717
f 2718 2714 2717
f 2717 2714 2713
f 2704 2705 2701
f 2737 2741 2732
f 3428 3431 3425
f 3425 3431 3432
f 3461 3433 3432
f 3460 3461 3432
f 3462 3433 3461
f 3428 2734 3431
f 2704 2733 2734
f 2733 2735 2734
f 3456 3457 3455
f 3455 3454 3458
f 3460 3454 3455
f 3460 3463 3461
f 3463 3462 3461
f 3458 3454 2735
f 2741 3459 3458
f 2733 2732 2735
f 3437 2440 3471
f 2437 2438 2444
f 3437 3438 2444
f 3452 3451 3449
f 3448 3451 3480
f 3480 3482 3448
f 3449 3451 3450
f 3447 2746 2712
f 2746 2716 2712
f 3482 2748 3448
f 3483 3482 3480
f 3483 3485 3489
f 3482 3483 3484
f 2748 3482 3484
f 2715 2714 2718
f 2748 2747 2746
f 2749 2747 2748
f 2747 2749 2745
f 3484 3493 3494
f 3495 3494 3493
f 2753 2749 3494
f 2754 2751 2753
f 2753 2751 2750
f 2740 2741 2737
f 2774 2778 2768
f 3459 3466 3456
f 3456 3466 3467
f 3504 3468 3467
f 3503 3504 3467
f 3505 3468 3504
f 3459 2770 3466
f 2740 2769 2770
f 2769 2771 2770
f 3499 3500 3498
f 3498 3497 3501
f 3503 3497 3498
f 3503 3506 3504
f 3506 3505 3504
f 3501 3497 2771
f 2778 3502 3501
f 2769 2768 2771
f 2437 2444 2443
f 2446 3438 3476
f 3475 3437 3471
f 3477 3475 3517
f 3475 3516 3517
f 3491 3490 3489
f 3488 3490 3527
f 3496 3490 3488
f 3527 3529 3488
f 3496 3488 2782
f 3529 2782 3488
f 3530 3529 3527
f 3530 3532 3536
f 3529 3530 3531
f 2782 3529 3531
f 3495 3493 3496
f 2752 2751 2754
f 2781 2754 3495
f 2783 2781 2782
f 2781 2783 2780
f 3531 3540 3541
f 3542 3541 3540
f 2787 2783 3541
f 2788 2785 2787
f 2787 2785 2784
f 2777 2778 2774
f 2812 2816 2805
f 3502 3510 3499
f 3499 3510 3511
f 3552 3512 3511
f 3551 3552 3511
f 3553 3512 3552
f 3502 2807 3510
f 2777 2806 2807
f 2806 2808 2807
f 3546 3547 3545
f 3545 3544 3549
f 3551 3544 3545
f 3551 3554 3552
f 3554 3553 3552
f 3549 3544 2808
f 2816 3550 3549
f 2806 2805 2808
f 3472 3519 3516
f 3476 3438 3477
f 3476 3477 3478
f 3538 3537 3536
f 3535 3537 3565
f 3543 3537 3535
f 3565 3567 3535
f 3543 3535 2820
f 3567 2820 3535
f 3568 3567 3565
f 3568 3570 3573
f 3567 3568 3569
f 2820 3567 3569
f 3542 3540 3543
f 2786 2785 2788
f 2819 2788 3542
f 2821 2819 2820
f 2819 2821 2818
f 3569 3576 3578
f 3579 3578 3576
f 2824 2821 3578
f 2825 2823 2824
f 2824 2823 2822
f 2843 2845 2815
f 2815 2845 2846
f 2843 2847 2845
f 2848 2846 2845
f 2845 2847 2848
f 3591 3586 3582
f 3589 3592 3581
f 3592 3583 3581
f 2850 2837 2851
f 2844 2837 2850
f 2847 2850 3581
f 3550 3557 3546
f 3584 3587 3548
f 3547 3546 3548
f 3557 3585 3584
f 3550 2816 2846
f 2848 3585 3557
f 3582 3585 3583
f 3584 3585 3582
f 3583 3585 2848
f 2440 2438 2439
f 3573 3577 3576
f 3599 3574 3598
f 3598 3602 3599
f 3599 3602 3603
f 3600 3577 3599
f 3600 3580 3577
f 3600 3601 3580
f 2852 2825 3579
f 3580 2852 3579
f 2852 2857 2825
f 2856 2833 2857
f 2858 2856 2857
f 3609 3608 3607
f 3612 3601 3608
f 3608 3613 3612
f 3613 3614 3615
f 2853 3601 3612
f 3613 2854 3612
f 2853 2854 2858
f 2854 2853 3612
f 2865 2854 3613
f 2854 2865 2858
f 2862 2865 2866
f 2863 2862 2866
f 3618 3593 3590
f 3590 3619 3618
f 3592 3593 3591
f 3621 3593 3618
f 2838 2877 2890
f 2877 2891 2890
f 2890 2892 2851
f 2851 2892 3589
f 2892 3590 3589
f 3619 3622 3618
f 3621 3618 3622
f 3630 3622 3631
f 3627 3631 3620
f 2884 2891 2877
f 2894 2887 2895
f 2894 2893 2891
f 2893 2894 3620
f 3620 3619 2893
f 3594 3621 3624
f 3621 3623 3624
f 2446 2445 2443
f 2446 2447 2445
f 3617 3614 3609
f 3614 3616 3615
f 3638 3642 3616
f 3639 3638 3617
f 2864 2901 2896
f 2901 2902 2896
f 3615 3616 2901
f 2866 2864 2863
f 3643 3642 3638
f 3643 3645 3646
f 3642 3643 3644
f 2896 2902 2899
f 2899 2902 2903
f 2903 2900 2899
f 3650 3655 3654
f 3644 3649 3653
f 3654 3655 3656
f 3644 3653 2903
f 3654 2906 3653
f 2904 2900 2906
f 2906 2905 2904
f 3656 2916 3654
f 2949 2938 2950
f 2943 2938 2949
f 2949 2950 2951
f 2945 2943 2949
f 2945 2949 2951
f 3628 3659 3671
f 3630 3632 3633
f 3672 3632 3629
f 3631 3632 3630
f 2948 3659 3628
f 2889 2947 2953
f 2953 2954 2895
f 2895 2954 3627
f 3628 2954 2953
f 2954 3629 3627
f 2954 3628 3629
f 3664 3665 3663
f 3663 3659 3668
f 3671 3659 3663
f 3671 3674 3672
f 3674 3673 3672
f 3668 3659 2948
f 2952 3669 3668
f 2947 2946 2948
f 3651 3646 3652
f 3646 3651 3649
f 3651 3650 3649
f 3657 3655 3650
f 3681 3689 3657
f 3658 3655 3657
f 3655 3658 3656
f 2913 2905 2916
f 2916 2915 2913
f 2957 2920 2915
f 3691 2959 3658
f 3687 3681 3682
f 3690 3689 3687
f 3689 3681 3687
f 3690 3694 3692
f 3692 3694 3695
f 3691 3692 3693
f 2959 3691 3693
f 2958 2920 2957
f 2959 2958 2957
f 2960 2958 2959
f 2958 2956 2920
f 2958 2960 2956
f 3699 3705 3704
f 3693 3698 3703
f 3704 3705 3706
f 3704 2962 3703
f 2962 2960 3703
f 2970 2962 3704
f 2968 2964 2970
f 2968 2970 2971
f 2969 2968 2971
f 3004 3010 3002
f 3714 3721 3717
f 3716 3714 3717
f 3723 3727 3719
f 3723 3719 3718
f 3009 3002 3011
f 3011 3002 3010
f 3021 3011 3717
f 3021 3717 3718
f 3016 3014 3021
f 3719 3019 3718
f 3019 3017 3016
f 3660 3720 3734
f 3666 3662 3737
f 3735 3662 3661
f 3661 3662 3670
f 3670 3662 3666
f 3737 3662 3735
f 3020 3720 3660
f 2940 3018 3022
f 3022 3023 2950
f 3660 3023 3022
f 3024 2952 2951
f 3023 3660 3661
f 3729 3730 3728
f 3734 3720 3728
f 3727 3729 3728
f 3734 3736 3735
f 3737 3738 3739
f 3018 3017 3020
f 3020 3017 3019
f 3664 3666 3667
f 3665 3664 3667
f 3669 2952 3024
f 3669 3024 3670
f 3737 3739 3740
f 3700 3695 3701
f 3695 3700 3698
f 3700 3699 3698
f 3702 3700 3701
f 3699 3700 3702
f 3709 3708 3752
f 3707 3708 3705
f 3710 3708 3709
f 3706 3025 2971
f 3706 3710 3025
f 3750 3754 3752
f 3752 3754 3755
f 3709 3711 3710
f 3753 3709 3752
f 3753 3711 3709
f 3760 3762 3712
f 2981 2976 3028
f 3026 2975 3025
f 3711 3712 3026
f 3026 3712 3028
f 3027 2981 3028
f 3762 3033 3712
f 3761 3760 3758
f 3760 3753 3758
f 3761 3766 3763
f 3765 3763 3764
f 3762 3763 3765
f 3027 3033 3031
f 3031 3033 3034
f 3034 3032 3031
f 3770 3764 3767
f 3772 3771 3770
f 3771 3764 3770
f 3771 3776 3775
f 3780 3785 3778
f 3780 3778 3777
f 3765 3775 3034
f 3776 3036 3775
f 3035 3032 3036
f 3047 3036 3776
f 3047 3776 3777
f 3044 3038 3047
f 3778 3046 3777
f 3046 3045 3044
f 3786 3792 3791
f 3778 3785 3790
f 3791 3792 3793
f 3778 3790 3046
f 3791 3049 3790
f 3048 3045 3049
f 3059 3049 3791
f 3057 3051 3059
f 3057 3059 3060
f 3797 3804 3803
f 3801 3797 3803
f 3803 3804 3805
f 3061 3058 3063
f 3063 3058 3062
f 3073 3063 3803
f 3071 3065 3073
f 3071 3073 3074
f 3809 3821 3815
f 3813 3809 3815
f 3822 3820 3817
f 3823 3818 3816
f 3075 3072 3077
f 3077 3072 3076
f 3087 3077 3815
f 3087 3815 3816
f 3082 3080 3087
f 3818 3085 3816
f 3085 3083 3082
f 3713 3819 3830
f 3830 3832 3713
f 3006 2994 3088
f 3086 3819 3713
f 2994 3084 3088
f 3008 3089 3090
f 3713 3089 3088
f 3091 3090 3089
f 3827 3817 3820
f 3831 3830 3827
f 3817 3819 3818
f 3831 3838 3833
f 3835 3833 3834
f 3832 3833 3835
f 3084 3083 3086
f 3086 3083 3085
f 3091 3832 3835
f 3716 3722 3714
f 3836 3840 3715
f 3722 3837 3836
f 3724 3725 3721
f 3721 3725 3723
f 3724 3726 3725
f 3716 3010 3090
f 3091 3837 3722
f 3834 3837 3835
f 3836 3837 3834
f 3835 3837 3091
f 3731 3729 3727
f 3733 3731 3732
f 3729 3731 3733
f 3730 3729 3733
f 3781 3779 3772
f 3781 3782 3779
f 3779 3782 3780
f 3781 3783 3782
f 3787 3786 3785
f 3789 3787 3788
f 3786 3787 3789
f 3794 3795 3792
f 3802 3795 3798
f 3794 3796 3795
f 3793 3092 3060
f 3793 3802 3092
f 3092 3062 3060
f 3800 3798 3799
f 3797 3798 3800
f 3806 3807 3804
f 3814 3807 3810
f 3806 3808 3807
f 3801 3062 3092
f 3801 3092 3802
f 3805 3093 3074
f 3805 3814 3093
f 3093 3076 3074
f 3812 3810 3811
f 3809 3810 3812
f 3822 3825 3826
f 3824 3825 3821
f 3821 3825 3823
f 3823 3825 3822
f 3824 3826 3825
f 3813 3076 3093
f 3813 3093 3814
f 3561 3478 3526
f 3561 3515 3478
f 3890 3900 3898
f 3899 3889 3896
f 3898 3900 3901
f 3901 3903 3898
f 3901 3900 3908
f 3896 3161 3899
f 3161 3168 3899
f 3899 3168 3907
f 3918 3912 3917
f 3904 3902 3911
f 3912 3902 3910
f 3902 3912 3911
f 3915 3918 3920
f 3920 3923 3915
f 3921 3920 3922
f 3917 3919 3918
f 3913 3172 3917
f 3172 3182 3917
f 3919 3183 3174
f 3922 3919 3174
f 3183 3187 3174
f 3935 3930 3934
f 3924 3921 3929
f 3921 3930 3929
f 3934 3930 3931
f 3932 3935 3937
f 3937 3940 3932
f 3938 3937 3939
f 3934 3936 3935
f 3931 3922 3174
f 3174 3187 3931
f 3188 3198 3934
f 3936 3199 3190
f 3939 3936 3190
f 3199 3203 3190
f 3952 3947 3951
f 3941 3938 3946
f 3938 3947 3946
f 3951 3947 3948
f 3949 3952 3953
f 3953 3955 3949
f 3953 3952 3960
f 3948 3939 3190
f 3190 3203 3948
f 3204 3213 3951
f 3951 3213 3959
f 3956 3954 3962
f 3963 3964 3962
f 3963 3954 3961
f 3954 3963 3962
f 3971 3970 3968
f 3966 3217 3968
f 3217 3223 3968
f 3968 3223 3971
f 3990 4006 3994
f 3990 3994 3993
f 3993 3994 3996
f 3996 4001 3993
f 3997 3996 3998
f 4007 3229 3995
f 3995 3229 3224
f 3998 3995 3224
f 3229 3235 3224
f 3999 3867 4003
f 3999 3868 3867
f 3868 3871 3867
f 3878 3872 3870
f 3869 3870 3868
f 3874 3872 3878
f 3872 3873 3871
f 3869 4000 3225
f 3869 3225 3241
f 3241 3248 3869
f 3878 3870 3249
f 3998 4000 3997
f 3997 4000 3999
f 3235 3237 3236
f 3225 3236 3241
f 3237 3231 3236
f 3248 3246 3250
f 3249 3248 3250
f 3247 3250 3246
f 3878 3880 3874
f 3875 3874 3876
f 3881 3884 3876
f 3880 3882 3881
f 3897 3885 3883
f 3882 3883 3881
f 3891 3885 3897
f 3885 3886 3884
f 3249 3880 3878
f 3882 3251 3261
f 3158 3271 3259
f 3272 3271 3158
f 3159 3272 3158
f 3271 3883 3882
f 3249 3250 3251
f 3250 3247 3251
f 3255 3260 3261
f 3259 3261 3260
f 3892 3891 3893
f 3891 3889 3893
f 3889 3890 3893
f 3908 3907 3914
f 3914 3910 3908
f 3896 3897 3272
f 3159 3160 3161
f 3167 3168 3165
f 3914 3907 3273
f 3170 3273 3167
f 3913 3910 3914
f 3913 3914 3273
f 3170 3171 3172
f 3181 3182 3179
f 3182 3181 3183
f 3185 3188 3187
f 3185 3186 3188
f 3197 3198 3195
f 3198 3197 3199
f 3960 3959 3967
f 3967 3961 3960
f 3201 3204 3203
f 3201 3202 3204
f 3212 3213 3210
f 3967 3959 3274
f 3215 3274 3212
f 3966 3961 3967
f 3964 3970 3972
f 3970 3973 3972
f 3977 3973 3982
f 3973 3974 3972
f 3966 3967 3274
f 3215 3216 3217
f 3223 3283 3971
f 3276 3284 3283
f 3283 3284 3285
f 3281 3284 3276
f 3284 3281 3286
f 3285 3284 3286
f 3282 3286 3281
f 3982 3983 3977
f 3978 3977 3979
f 3984 3986 3979
f 3983 3985 3984
f 4015 3986 3984
f 4016 3986 4015
f 3285 3983 3982
f 3985 3287 3292
f 3292 3297 3985
f 3985 3297 4017
f 4017 4018 4015
f 4019 4018 4020
f 4018 4017 4020
f 3285 3286 3287
f 3286 3282 3287
f 3288 3291 3292
f 3297 3296 3298
f 4034 4029 4033
f 4022 4019 4028
f 4019 4029 4028
f 4033 4029 4030
f 4031 4034 4035
f 4035 4036 4031
f 4040 4036 4035
f 4040 4035 4041
f 4035 4034 4041
f 4030 4020 3298
f 3298 3305 4030
f 3306 3312 4033
f 4033 3312 4039
f 4054 4061 4051
f 4051 4061 4067
f 4052 3991 4055
f 4052 4008 3991
f 4010 4006 4008
f 4006 4010 4007
f 4009 4010 4008
f 4009 4053 3313
f 4009 3313 3325
f 3228 3330 3323
f 4007 4010 3330
f 3330 4010 4009
f 4051 4053 4052
f 4069 4068 4067
f 3313 4053 4068
f 3313 3319 3325
f 3319 3313 4068
f 3320 3316 3319
f 3323 3325 3324
f 3234 3231 3237
f 3233 3237 3235
f 3233 3234 3237
f 3303 3305 3300
f 4040 4042 4043
f 4041 4039 4046
f 3303 3306 3305
f 3303 3304 3306
f 3312 3338 4039
f 3333 3339 3338
f 3338 3339 3340
f 3337 3339 3333
f 3339 3337 3341
f 3340 3339 3341
f 4046 4047 4042
f 4042 4047 4071
f 4047 4072 4071
f 3340 4047 4046
f 3340 4072 4047
f 4081 4075 4080
f 4071 4074 4073
f 4075 4072 4076
f 4080 4075 4076
f 4077 4081 4082
f 4082 4083 4077
f 4088 4083 4082
f 4088 4082 4089
f 4082 4081 4089
f 3341 3348 4076
f 3349 3354 4080
f 4080 3354 4087
f 3116 3114 3105
f 3115 3114 3116
f 3121 3117 3120
f 4102 4109 4100
f 4100 4109 4113
f 4101 4049 4103
f 4101 4059 4049
f 4059 4062 4049
f 4101 4117 4059
f 4064 4063 4061
f 4070 4063 4060
f 4063 4064 4062
f 3314 3368 3358
f 3369 3368 3314
f 3368 3370 3358
f 3317 3369 3314
f 4120 4114 4119
f 4114 4120 4117
f 4114 4100 4113
f 4117 4120 4118
f 4119 4121 4120
f 4118 4120 4121
f 4115 3357 4119
f 3376 3355 3359
f 4119 3376 4121
f 4121 3376 3370
f 3370 4118 4121
f 4069 4067 4070
f 3318 3316 3320
f 4069 4070 3369
f 3317 3318 3320
f 3346 3348 3343
f 4088 4090 4091
f 4089 4087 4093
f 3346 3349 3348
f 3346 3347 3349
f 3354 3387 4087
f 3382 3388 3387
f 3387 3388 3389
f 3386 3388 3382
f 3388 3386 3390
f 3389 3388 3390
f 4093 4094 4090
f 4090 4094 4122
f 4094 4123 4122
f 3389 4094 4093
f 3389 4123 4094
f 4128 4129 4127
f 4122 4126 4124
f 4127 4129 4126
f 4127 4123 4130
f 3396 4131 4130
f 3390 3396 4130
f 3122 3124 3106
f 3107 3122 3106
f 3107 3123 3122
f 3116 3125 3120
f 4096 4095 3125
f 3125 4095 3120
f 3125 3124 4096
f 3124 3125 3116
f 4111 4110 4109
f 4108 4110 4152
f 4116 4110 4108
f 4152 4156 4108
f 4116 4108 3407
f 4156 3407 4108
f 4148 4160 4157
f 4148 4157 4154
f 4153 4154 4152
f 4156 4157 4158
f 4161 3414 4158
f 4158 3414 3408
f 4115 4113 4116
f 3356 3355 3357
f 3406 3357 4115
f 3409 3406 3407
f 3406 3409 3405
f 3407 3408 3409
f 3409 3404 3405
f 3408 3404 3409
f 3395 3396 3392
f 4131 4134 4128
f 4128 4134 4135
f 4134 4136 4135
f 4164 4137 4135
f 4165 4137 4164
f 4131 3422 4134
f 4136 4134 3422
f 3395 3421 3422
f 3429 3430 4136
f 4136 3430 4166
f 4166 4168 4164
f 4176 4169 4168
f 4176 4168 4177
f 4174 4177 4167
f 3423 3429 3421
f 3434 3426 3435
f 3434 3430 3429
f 3430 3434 4167
f 4167 4166 3430
f 4097 4095 4140
f 4097 4140 4141
f 3988 3989 4144
f 4096 3988 4143
f 3988 4144 4143
f 4183 4149 4184
f 4183 4162 4149
f 4183 4192 4162
f 4163 4160 4162
f 4160 4163 4161
f 3413 3445 3440
f 3445 3446 3440
f 4161 4163 3445
f 3414 3413 3411
f 4188 4196 4194
f 4187 4183 4184
f 4192 4183 4187
f 4192 4194 4193
f 4193 4194 4195
f 4197 3453 4195
f 3440 3446 3444
f 3446 4193 4195
f 3449 3444 3453
f 4200 4178 4175
f 4175 4201 4200
f 4177 4178 4176
f 4203 4178 4200
f 3435 3426 3433
f 3435 3464 4174
f 3462 3465 3464
f 3464 4175 4174
f 4201 4204 4200
f 4203 4200 4204
f 4210 4204 4211
f 4209 4211 4202
f 3469 3457 3470
f 3463 3457 3469
f 3465 3469 4202
f 4202 4201 3465
f 4179 4203 4206
f 4203 4205 4206
f 4143 4144 4145
f 4145 4146 4142
f 4141 4140 4142
f 4097 4098 3121
f 4098 3127 3121
f 3133 3128 4218
f 3133 4218 4219
f 4227 4189 4228
f 4227 4198 4189
f 4227 4235 4198
f 4199 4196 4198
f 4196 4199 4197
f 3452 3486 3481
f 3486 3487 3481
f 4197 4199 3486
f 3453 3452 3449
f 4232 4239 4237
f 4231 4227 4228
f 4235 4227 4231
f 4235 4237 4236
f 4236 4237 4238
f 4240 3492 4238
f 3481 3487 3485
f 3487 4236 4238
f 3489 3485 3492
f 4210 4212 4213
f 4211 4209 4215
f 3470 3457 3468
f 3470 3507 4209
f 3505 3508 3507
f 3507 3508 3509
f 4254 4248 4244
f 4252 4255 4243
f 4255 4245 4243
f 3513 3500 3514
f 3506 3500 3513
f 3508 3513 4243
f 4215 4216 4212
f 4212 4216 4246
f 4216 4247 4246
f 3509 4216 4215
f 3509 4247 4216
f 4244 4247 4245
f 4246 4247 4244
f 4245 4247 3509
f 4099 4098 4097
f 4259 4099 4181
f 4242 4239 4232
f 4239 4241 4240
f 4268 4273 4241
f 4269 4268 4242
f 3491 3533 3528
f 3533 3534 3528
f 4240 4241 3533
f 3492 3491 3489
f 4265 4276 4274
f 4265 4274 4270
f 4269 4270 4268
f 4273 4274 4275
f 4277 3539 4275
f 3528 3534 3532
f 3534 4273 4275
f 3536 3532 3539
f 4280 4256 4253
f 4253 4281 4280
f 4255 4256 4254
f 4283 4256 4280
f 3514 3500 3512
f 3514 3555 4252
f 3553 3556 3555
f 3555 4253 4252
f 4281 4284 4280
f 4283 4280 4284
f 4292 4284 4293
f 4289 4293 4282
f 3558 3547 3559
f 3554 3547 3558
f 3556 3558 4282
f 4282 4281 3556
f 4257 4283 4286
f 4283 4285 4286
f 4220 4099 4259
f 4219 4218 4220
f 4261 4226 4222
f 4259 4260 4220
f 4182 4181 4141
f 4142 4146 4217
f 4279 4276 4265
f 4276 4278 4277
f 4313 4318 4278
f 4314 4313 4279
f 3538 3571 3566
f 3571 3572 3566
f 4277 4278 3571
f 3539 3538 3536
f 4310 4321 4319
f 4310 4319 4315
f 4314 4315 4313
f 4318 4319 4320
f 4322 3575 4320
f 3566 3572 3570
f 3572 4318 4320
f 3573 3570 3575
f 3591 3595 3586
f 4290 4325 4332
f 4292 4294 4295
f 4333 4294 4291
f 4293 4294 4292
f 3588 4325 4290
f 3548 3587 3596
f 3596 3597 3559
f 3559 3597 4289
f 4290 3597 3596
f 3597 4291 4289
f 3597 4290 4291
f 4327 4328 4326
f 4326 4325 4330
f 4332 4325 4326
f 4332 4335 4333
f 4335 4334 4333
f 4330 4325 3588
f 3595 4331 4330
f 3587 3586 3588
f 4261 4297 4226
f 4223 4342 3138
f 3142 3138 4342
f 3142 4342 4343
f 4324 4321 4310
f 4321 4323 4322
f 4350 4353 4323
f 4351 4350 4324
f 3574 3604 3598
f 3604 3605 3598
f 4322 4323 3604
f 3575 3574 3573
f 4354 4353 4350
f 4354 4356 4358
f 4353 4354 4355
f 3598 3605 3602
f 3602 3605 3606
f 3606 3603 3602
f 4355 4360 4363
f 4364 4363 4360
f 4355 4363 3606
f 3607 3603 3610
f 3611 3609 3610
f 3610 3609 3607
f 3594 3595 3591
f 3630 3634 3623
f 4331 4339 4327
f 4366 4368 4329
f 4328 4327 4329
f 4339 4367 4366
f 4331 3625 4339
f 3594 3624 3625
f 3624 3626 3625
f 4371 4372 4370
f 4366 4369 4368
f 4370 4372 4369
f 4370 4367 4374
f 4374 4367 3626
f 3634 4375 4374
f 3624 3623 3626
f 4221 4222 4224
f 4226 4298 4222
f 4342 4223 4344
f 4361 4358 4362
f 4358 4361 4360
f 4386 4365 4361
f 4386 4387 4365
f 3635 3611 4364
f 4365 3635 4364
f 3635 3640 3611
f 3639 3617 3640
f 3641 3639 3640
f 4393 4386 4388
f 4395 4394 4393
f 4398 4387 4394
f 4394 4399 4398
f 4399 4400 4401
f 3636 4387 4398
f 4399 3637 4398
f 3636 3637 3641
f 3637 3636 4398
f 3647 3637 4399
f 3637 3647 3641
f 3645 3647 3648
f 3646 3645 3648
f 3673 3675 3633
f 3633 3675 3676
f 3673 3677 3675
f 3678 3676 3675
f 3675 3677 3678
f 4415 4409 4405
f 4412 4416 4404
f 4416 4406 4404
f 3679 3665 3680
f 3674 3665 3679
f 3677 3679 4404
f 4375 4380 4371
f 4407 4410 4373
f 4372 4371 4373
f 4380 4408 4407
f 4375 3634 3676
f 3678 4408 4380
f 4405 4408 4406
f 4407 4408 4405
f 4406 4408 3678
f 4343 4342 4344
f 4345 4384 4422
f 4383 4384 4344
f 4226 4297 4299
f 4299 4298 4226
f 4403 4400 4395
f 4400 4402 4401
f 4436 4439 4402
f 4437 4436 4403
f 4401 3683 3648
f 4439 3685 4402
f 4440 4439 4436
f 4440 4442 4444
f 4439 4440 4441
f 3685 4439 4441
f 3684 3652 3683
f 3685 3684 3683
f 3686 3684 3685
f 3684 3682 3652
f 3684 3686 3682
f 4447 4453 4452
f 4441 4446 4451
f 4452 4453 4454
f 4452 3688 4451
f 3688 3686 4451
f 3696 3688 4452
f 3694 3690 3696
f 3694 3696 3697
f 3695 3694 3697
f 3742 3730 3743
f 3736 3730 3742
f 3742 3743 3744
f 3738 3736 3742
f 3738 3742 3744
f 4413 4462 4477
f 4415 4417 4418
f 4478 4417 4414
f 4416 4417 4415
f 3741 4462 4413
f 3667 3740 3746
f 3746 3747 3680
f 3680 3747 4412
f 4413 3747 3746
f 3747 4414 4412
f 3747 4413 4414
f 4468 4469 4467
f 4467 4462 4474
f 4477 4462 4467
f 4477 4480 4478
f 4480 4479 4478
f 4474 4462 3741
f 3745 4475 4474
f 3740 3739 3741
f 4448 4444 4449
f 4444 4448 4446
f 4448 4447 4446
f 4450 4448 4449
f 4447 4448 4450
f 4457 4456 4491
f 4455 4456 4453
f 4458 4456 4457
f 4454 3748 3697
f 4454 4458 3748
f 4489 4493 4491
f 4491 4493 4494
f 4457 4459 4458
f 4492 4457 4491
f 4492 4459 4457
f 4499 4501 4460
f 3707 3702 3751
f 3749 3701 3748
f 4459 4460 3749
f 3749 4460 3751
f 3750 3707 3751
f 4501 3756 4460
f 4500 4499 4497
f 4499 4492 4497
f 4500 4504 4502
f 4502 4504 4505
f 4501 4502 4503
f 3750 3756 3754
f 3754 3756 3757
f 3757 3755 3754
f 4509 4515 4514
f 4503 4508 4513
f 4514 4515 4516
f 4503 4513 3757
f 4514 3759 4513
f 3758 3755 3759
f 3768 3759 4514
f 3766 3761 3768
f 3766 3768 3769
f 4520 4527 4526
f 4524 4520 4526
f 4526 4527 4528
f 3770 3767 3774
f 3774 3767 3773
f 3774 3772 3770
f 4528 3784 4526
f 3822 3828 3820
f 4548 4561 4555
f 4553 4548 4555
f 4562 4560 4557
f 4563 4558 4556
f 3827 3820 3829
f 3829 3820 3828
f 3843 3829 4555
f 3843 4555 4556
f 3838 3831 3843
f 4558 3841 4556
f 3841 3839 3838
f 4461 4559 4571
f 4571 4573 4461
f 3724 3715 3844
f 3842 4559 4461
f 3715 3840 3844
f 3726 3845 3846
f 4461 3845 3844
f 3848 3846 3845
f 3846 3732 3726
f 4568 4557 4560
f 4572 4571 4568
f 4557 4559 4558
f 4572 4578 4574
f 4576 4574 4575
f 4573 4574 4576
f 3840 3839 3842
f 3842 3839 3841
f 3848 4573 4576
f 4463 4577 4584
f 4585 4465 4464
f 4464 4465 4476
f 4476 4465 4470
f 3847 3732 3846
f 3848 3847 3846
f 3847 4463 3849
f 3849 3850 3743
f 4463 3850 3849
f 3851 3745 3744
f 3850 4463 4464
f 4583 4575 4579
f 4587 4584 4583
f 4575 4577 4576
f 4584 4587 4585
f 4587 4586 4585
f 4576 4577 3848
f 4472 4470 4471
f 4468 4470 4472
f 4469 4468 4472
f 4475 3745 3851
f 4475 3851 4476
f 4346 4486 3146
f 3150 3146 4486
f 3150 4486 4591
f 4510 4505 4511
f 4505 4510 4508
f 4510 4509 4508
f 4512 4510 4511
f 4509 4510 4512
f 4517 4518 4515
f 4525 4518 4521
f 4517 4519 4518
f 4516 3852 3769
f 4516 4525 3852
f 3852 3773 3769
f 4523 4521 4522
f 4520 4521 4523
f 4531 4530 4605
f 4529 4530 4527
f 4532 4530 4531
f 3781 3772 3784
f 4524 3773 3852
f 4524 3852 4525
f 3784 3783 3781
f 4528 4532 3853
f 3853 3788 3783
f 4603 4607 4605
f 4605 4607 4608
f 4531 4533 4532
f 4606 4531 4605
f 4606 4533 4531
f 4613 4615 4534
f 3794 3789 3855
f 3854 3788 3853
f 4533 4534 3854
f 3854 4534 3855
f 3796 3856 3857
f 4534 3856 3855
f 3859 3857 3856
f 3857 3799 3796
f 4614 4613 4611
f 4613 4606 4611
f 4614 4620 4616
f 4618 4616 4617
f 4615 4616 4618
f 3859 4615 4618
f 4535 4619 4626
f 4538 4537 4629
f 4627 4537 4536
f 4536 4537 4540
f 4540 4537 4538
f 4629 4537 4627
f 3806 3800 3860
f 3858 3799 3857
f 3859 3858 3857
f 3858 4535 3860
f 3808 3861 3862
f 4535 3861 3860
f 3862 3811 3808
f 3861 4535 4536
f 4624 4617 4621
f 4628 4626 4624
f 4617 4619 4618
f 4626 4628 4627
f 4629 4630 4631
f 4618 4619 3859
f 4538 4541 4540
f 4542 4539 4545
f 4543 4541 4542
f 4544 4546 4554
f 4544 4543 4542
f 4554 4546 4549
f 4545 4547 4546
f 3824 3812 3864
f 3863 3811 3862
f 4541 4543 3863
f 3863 4543 3864
f 3826 3865 3866
f 4543 3865 3864
f 3865 4543 4544
f 4629 4631 4632
f 4551 4549 4550
f 4548 4549 4551
f 4562 4565 4566
f 4564 4565 4561
f 4561 4565 4563
f 4563 4565 4562
f 4564 4566 4565
f 4553 3828 3866
f 4553 3866 4554
f 4486 4346 4592
f 4640 4347 4423
f 4591 4486 4592
f 4593 4641 4643
f 4640 4641 4592
f 4654 4594 4644
f 4594 4654 4650
f 4654 4655 4650
f 4671 4676 3436
f 3436 3520 4671
f 3518 3520 3436
f 3520 3519 3521
f 3517 3516 3518
f 4676 3560 3436
f 3518 3436 3560
f 4693 3560 4676
f 3562 3563 3526
f 3562 3560 4693
f 3560 3562 3518
f 4688 4674 4681
f 4687 4677 4673
f 4673 4671 4672
f 4674 4673 4672
f 4698 4677 4687
f 4677 4698 4696
f 4694 4693 4696
f 4694 4696 4697
f 4697 4695 4694
f 3563 3561 3526
f 3563 3564 3561
f 4742 4752 4750
f 4751 4741 4748
f 4750 4752 4754
f 4754 4757 4750
f 4755 4754 4756
f 4751 4753 4752
f 4748 3877 4751
f 3877 3887 4751
f 4753 3888 3879
f 4756 4753 3879
f 3888 3894 3879
f 4703 4771 4704
f 4771 4703 4765
f 4769 4763 4768
f 4758 4755 4762
f 4755 4763 4762
f 4768 4763 4764
f 4766 4769 4772
f 4772 4773 4771
f 4773 4772 4774
f 4768 4770 4769
f 4764 4756 3879
f 3879 3894 4764
f 3909 3890 3898
f 4768 3909 4770
f 3903 3909 3898
f 4774 4770 3905
f 3904 3905 3903
f 4775 4707 4705
f 4707 4710 4705
f 4718 4711 4709
f 4708 4709 4707
f 4714 4711 4718
f 4711 4712 4710
f 4708 4776 3906
f 4708 3906 3916
f 3916 3925 4708
f 4718 4709 3926
f 4771 4773 4775
f 4774 4776 4773
f 4773 4776 4775
f 3905 3904 3906
f 3911 3915 3916
f 3925 3923 3927
f 3926 3925 3927
f 3924 3927 3923
f 4718 4719 4714
f 4715 4714 4716
f 4720 4723 4716
f 4719 4721 4720
f 4729 4724 4722
f 4721 4722 4720
f 4727 4724 4729
f 4724 4725 4723
f 3926 4719 4718
f 4721 3928 3933
f 3933 3942 4721
f 4729 4722 3943
f 3926 3927 3928
f 3927 3924 3928
f 3929 3932 3933
f 3942 3940 3944
f 3943 3942 3944
f 3941 3944 3940
f 4729 4730 4727
f 4727 4730 4780
f 4731 4788 4785
f 3943 4730 4729
f 4731 3945 3950
f 3950 3957 4731
f 4731 3957 4788
f 4780 4784 4781
f 4786 4784 4785
f 4785 4784 4780
f 4789 4792 4786
f 4790 4789 4791
f 4789 4788 4791
f 3943 3944 3945
f 3944 3941 3945
f 3946 3949 3950
f 3957 3955 3958
f 3956 3958 3955
f 4804 4799 4803
f 4793 4790 4798
f 4790 4799 4798
f 4803 4799 4800
f 4801 4804 4806
f 4806 4809 4801
f 4807 4806 4808
f 4803 4805 4804
f 4800 4791 3958
f 4803 4800 3965
f 3965 3956 3962
f 3962 3964 3965
f 4805 3976 3969
f 4808 4805 3969
f 3976 3980 3969
f 4820 4815 4819
f 4810 4807 4814
f 4807 4815 4814
f 4819 4815 4816
f 4817 4820 4821
f 4821 4822 4817
f 4826 4822 4821
f 4826 4821 4827
f 4821 4820 4827
f 4816 4808 3969
f 3969 3980 4816
f 3981 3987 4819
f 4819 3987 4825
f 4843 4850 4848
f 4849 4842 4847
f 4848 4850 4852
f 4852 4857 4848
f 4853 4852 4854
f 4849 4851 4850
f 4847 3992 4849
f 4011 3990 3993
f 4849 4011 4851
f 4001 4011 3993
f 4854 4851 4004
f 4002 4004 4001
f 4855 4732 4859
f 4855 4734 4732
f 4734 4737 4732
f 4749 4738 4736
f 4735 4736 4734
f 4743 4738 4749
f 4738 4739 4737
f 3867 3871 4012
f 4735 4856 4005
f 4012 4003 3867
f 4014 4013 3873
f 4735 4012 4013
f 3875 4014 3873
f 4013 4736 4735
f 4854 4856 4853
f 4853 4856 4855
f 4005 4002 4003
f 4004 4002 4005
f 4744 4743 4745
f 4743 4741 4745
f 4741 4742 4745
f 4748 4749 4014
f 3875 3876 3877
f 3886 3887 3884
f 3887 3886 3888
f 3893 3890 3895
f 3892 3895 3894
f 3892 3893 3895
f 3975 3964 3972
f 3974 3975 3972
f 3975 3974 3976
f 4826 4828 4829
f 4827 4825 4833
f 3978 3981 3980
f 3978 3979 3981
f 3987 4023 4825
f 4016 4024 4023
f 4023 4024 4025
f 4021 4024 4016
f 4024 4021 4026
f 4025 4024 4026
f 4022 4026 4021
f 4833 4834 4828
f 4829 4828 4830
f 4835 4837 4830
f 4834 4836 4835
f 4838 4868 4840
f 4866 4837 4835
f 4025 4834 4833
f 4836 4027 4032
f 4032 4037 4836
f 4836 4037 4867
f 4867 4869 4866
f 4868 4866 4869
f 4869 4870 4868
f 4870 4869 4871
f 4869 4867 4871
f 4025 4026 4027
f 4026 4022 4027
f 4028 4031 4032
f 4037 4036 4038
f 4840 4868 4872
f 4877 4878 4876
f 4870 4877 4876
f 4881 4877 4880
f 4883 4882 4881
f 4880 4871 4038
f 4038 4044 4880
f 4045 4048 4881
f 4881 4048 4883
f 4841 4905 4844
f 4905 4841 4900
f 4893 4903 4901
f 4902 4892 4898
f 4901 4903 4906
f 4906 4907 4905
f 4907 4906 4908
f 4902 4904 4903
f 4898 4050 4902
f 4050 4065 4902
f 4904 4066 4057
f 4908 4904 4057
f 4842 4862 4847
f 4842 4843 4845
f 4909 4910 4862
f 3991 3990 3992
f 4056 3992 4847
f 4862 4056 4847
f 4056 4058 4055
f 4905 4907 4909
f 4908 4910 4907
f 4907 4910 4909
f 4058 4054 4055
f 4057 4054 4058
f 4043 4044 4040
f 4878 4882 4885
f 4886 4917 4888
f 4884 4882 4883
f 4884 4916 4915
f 4048 4045 4078
f 4043 4045 4044
f 4073 4079 4078
f 4078 4084 4048
f 4048 4084 4883
f 4084 4884 4883
f 4916 4918 4915
f 4917 4915 4918
f 4918 4919 4917
f 4919 4918 4920
f 4918 4916 4920
f 4074 4079 4073
f 4074 4077 4079
f 4085 4083 4086
f 4888 4917 4921
f 4927 4928 4926
f 4926 4928 4925
f 4919 4926 4925
f 4930 4920 4086
f 4092 4931 4930
f 4086 4092 4930
f 4889 4890 4938
f 4899 4890 4889
f 4938 4941 4889
f 4894 4890 4899
f 4899 4889 4105
f 4941 4105 4889
f 4937 4947 4942
f 4937 4942 4940
f 4939 4940 4938
f 4941 4942 4943
f 4948 4112 4943
f 4943 4112 4106
f 4895 4894 4896
f 4894 4892 4896
f 4892 4893 4896
f 4104 4050 4898
f 4107 4104 4105
f 4104 4107 4103
f 4064 4065 4062
f 4065 4064 4066
f 4066 4064 4061
f 4105 4106 4107
f 4107 4102 4103
f 4106 4102 4107
f 4091 4092 4088
f 4931 4932 4927
f 4927 4932 4933
f 4932 4934 4933
f 4954 4935 4933
f 4955 4935 4954
f 4931 4125 4932
f 4934 4932 4125
f 4091 4124 4125
f 4132 4133 4934
f 4934 4133 4956
f 4956 4958 4954
f 4963 4959 4958
f 4963 4958 4964
f 4962 4964 4957
f 4126 4132 4124
f 4138 4129 4139
f 4138 4133 4132
f 4133 4138 4957
f 4957 4956 4133
f 4951 4947 4937
f 4980 4970 4949
f 4947 4950 4948
f 4982 4981 4951
f 4949 4970 4147
f 4949 4147 4155
f 4111 4159 4153
f 4948 4950 4159
f 4112 4111 4109
f 4159 4950 4949
f 4974 4973 4972
f 4978 4970 4972
f 4972 4970 4980
f 4980 4981 4983
f 4982 4983 4981
f 4147 4970 4978
f 4147 4150 4155
f 4150 4147 4978
f 4151 4148 4150
f 4153 4155 4154
f 4963 4966 4967
f 4964 4962 4968
f 4139 4129 4137
f 4139 4170 4962
f 4165 4171 4170
f 4170 4171 4172
f 4995 4990 4987
f 4995 4987 4996
f 4169 4171 4165
f 4171 4169 4173
f 4172 4171 4173
f 4968 4969 4966
f 4966 4969 4988
f 4969 4989 4988
f 4172 4969 4968
f 4172 4989 4969
f 4988 4989 4987
f 5001 4996 5000
f 4180 5001 5000
f 4173 4180 5000
f 5006 5010 5003
f 5003 5010 5011
f 4973 4986 4979
f 5004 4975 5007
f 4973 4974 4975
f 5004 5005 4986
f 4149 4148 4151
f 4185 4151 4979
f 4986 4185 4979
f 4185 4186 4184
f 5003 5005 5004
f 5016 5015 5011
f 4186 5005 5015
f 4190 4186 5015
f 4191 4188 4190
f 4190 4188 4187
f 4995 4997 4998
f 4997 4995 4996
f 4179 4180 4176
f 4210 4214 4205
f 4997 5002 5018
f 5002 5019 5018
f 5001 4207 5002
f 4179 4206 4207
f 4206 4208 4207
f 5025 5026 5024
f 5018 5023 5020
f 5024 5026 5023
f 5024 5019 5029
f 5029 5019 4208
f 4214 5030 5029
f 4206 4205 4208
f 5012 5010 5013
f 5010 5012 5011
f 5036 5040 5033
f 5033 5040 5041
f 5034 5017 5012
f 5034 5035 5017
f 4189 4188 4191
f 4229 4191 5016
f 5017 4229 5016
f 4229 4230 4228
f 5033 5035 5034
f 5046 5045 5041
f 4230 5035 5045
f 4233 4230 5045
f 4234 4232 4233
f 4233 4232 4231
f 4213 4214 4210
f 4254 4258 4248
f 5030 5031 5025
f 5048 5050 5027
f 5026 5025 5027
f 5031 5049 5048
f 5030 4250 5031
f 4213 4249 4250
f 4249 4251 4250
f 5053 5054 5052
f 5048 5051 5050
f 5052 5054 5051
f 5052 5049 5056
f 5056 5049 4251
f 4258 5057 5056
f 4249 4248 4251
f 5042 5040 5043
f 5040 5042 5041
f 5068 5074 5065
f 5065 5074 5076
f 5066 5047 5042
f 5066 5067 5047
f 4263 4234 5046
f 5047 4263 5046
f 4263 4271 4234
f 4269 4242 4271
f 4272 4269 4271
f 5065 5067 5066
f 5080 5079 5076
f 4264 5067 5079
f 4264 4266 4272
f 4266 4264 5079
f 4267 4265 4266
f 4269 4272 4270
f 4257 4258 4254
f 4292 4296 4285
f 5057 5062 5053
f 5082 5084 5055
f 5054 5053 5055
f 5062 5083 5082
f 5057 4287 5062
f 4257 4286 4287
f 4286 4288 4287
f 5089 5090 5088
f 5082 5087 5084
f 5088 5090 5087
f 5088 5083 5094
f 5094 5083 4288
f 4296 5095 5094
f 4286 4285 4288
f 5077 5074 5078
f 5074 5077 5076
f 5105 5111 5102
f 5102 5111 5112
f 5103 5081 5077
f 5103 5104 5081
f 4308 4267 5080
f 5081 4308 5080
f 4308 4316 4267
f 4314 4279 4316
f 4317 4314 4316
f 5102 5104 5103
f 5117 5116 5112
f 4309 5104 5116
f 4309 4311 4317
f 4311 4309 5116
f 4312 4310 4311
f 4314 4317 4315
f 5091 5086 5123
f 5120 5086 5085
f 5085 5086 5096
f 5085 5121 5120
f 5096 5086 5091
f 5123 5086 5120
f 4334 4336 4295
f 4295 4336 4337
f 4334 4338 4336
f 5121 5124 5120
f 5123 5120 5124
f 5131 5124 5132
f 5129 5132 5122
f 4340 4328 4341
f 4335 4328 4340
f 4338 4340 5122
f 5122 5121 4338
f 5089 5091 5092
f 5090 5089 5092
f 5095 4296 4337
f 5095 4337 5096
f 5123 5125 5126
f 5113 5111 5114
f 5111 5113 5112
f 5136 5118 5113
f 5144 5145 5119
f 4349 4312 5117
f 5118 4349 5117
f 5118 5119 4349
f 4349 4352 4312
f 4349 5119 4352
f 4351 4324 4352
f 5145 4357 5119
f 5141 5148 5146
f 5140 5136 5137
f 5144 5136 5140
f 5144 5146 5145
f 5145 5146 5147
f 5149 4359 5147
f 4351 4357 4356
f 4357 5145 5147
f 4358 4356 4359
f 5131 5133 5134
f 5153 5133 5130
f 5130 5156 5153
f 5132 5133 5131
f 4329 4368 4376
f 4368 4377 4376
f 4376 4378 4341
f 4341 4378 5129
f 4378 5130 5129
f 5157 5162 5152
f 5155 5157 5152
f 5155 5154 5153
f 5158 5157 5156
f 4369 4377 4368
f 4381 4372 4382
f 4381 4379 4377
f 4379 4381 5158
f 5158 5156 4379
f 5151 5148 5141
f 5148 5150 5149
f 5170 5173 5150
f 5171 5170 5151
f 5149 4389 4359
f 5173 4391 5150
f 5174 5173 5170
f 5174 5176 5178
f 5173 5174 5175
f 4391 5173 5175
f 4390 4362 4389
f 4391 4390 4389
f 4392 4390 4391
f 4390 4388 4362
f 4390 4392 4388
f 5175 5180 5183
f 5184 5183 5180
f 4396 4392 5183
f 4397 4395 4396
f 4396 4395 4393
f 4415 4419 4409
f 5152 5162 5166
f 5164 5187 5195
f 5165 5162 5163
f 5197 5166 5196
f 4411 5187 5164
f 4373 4410 4420
f 4420 4421 4382
f 4382 4421 5163
f 5164 4421 4420
f 4421 5165 5163
f 4421 5164 5165
f 5189 5190 5188
f 5188 5187 5193
f 5195 5187 5188
f 5195 5198 5196
f 5198 5197 5196
f 5193 5187 4411
f 4419 5194 5193
f 4410 4409 4411
f 5181 5178 5182
f 5178 5181 5180
f 5203 5185 5181
f 5212 5213 5186
f 4435 4397 5184
f 5185 4435 5184
f 5185 5186 4435
f 4435 4438 4397
f 4435 5186 4438
f 4437 4403 4438
f 5213 4443 5186
f 5210 5216 5214
f 5209 5203 5204
f 5212 5203 5209
f 5212 5214 5213
f 5213 5214 5215
f 5217 4445 5215
f 4437 4443 4442
f 4443 5213 5215
f 4444 4442 4445
f 4479 4481 4418
f 4418 4481 4482
f 4479 4483 4481
f 4484 4482 4481
f 4481 4483 4484
f 5236 5238 5231
f 5234 5230 5237
f 5240 5238 5236
f 5236 5245 5240
f 5242 5240 5241
f 5237 5238 5239
f 5237 4473 5234
f 4480 4469 4485
f 4485 5237 5239
f 4483 4485 5239
f 5194 5201 5189
f 5243 5247 5191
f 5190 5189 5191
f 5201 5244 5243
f 5194 4419 4482
f 4484 5244 5201
f 5241 5244 5242
f 5243 5244 5241
f 5242 5244 4484
f 5218 5216 5210
f 5218 5219 5216
f 5224 5219 5222
f 5218 5220 5219
f 5217 4487 4445
f 5217 5224 4487
f 5222 5225 5224
f 5253 5225 5222
f 5260 5262 5226
f 4455 4450 4490
f 4488 4449 4487
f 5225 5226 4488
f 4488 5226 4490
f 4489 4455 4490
f 5262 4495 5226
f 5258 5253 5254
f 5261 5260 5258
f 5260 5253 5258
f 5261 5265 5263
f 5263 5265 5266
f 5262 5263 5264
f 4489 4495 4493
f 4493 4495 4496
f 4496 4494 4493
f 5270 5276 5275
f 5264 5269 5274
f 5275 5276 5277
f 5264 5274 4496
f 5275 4498 5274
f 4497 4494 4498
f 4506 4498 5275
f 4504 4500 4506
f 4504 4506 4507
f 4505 4504 4507
f 5290 5296 5295
f 5293 5290 5295
f 5295 5296 5297
f 5295 4552 5293
f 4567 4552 5295
f 5297 4567 5295
f 4562 4569 4560
f 5301 5311 5307
f 5305 5301 5307
f 5312 5316 5309
f 5312 5309 5308
f 4568 4560 4570
f 4570 4560 4569
f 4582 4570 5307
f 4582 5307 5308
f 4578 4572 4582
f 5309 4580 5308
f 4580 4579 4578
f 5227 5310 5324
f 5232 5229 5327
f 5325 5229 5228
f 5228 5229 5235
f 5235 5229 5232
f 5327 5229 5325
f 4581 5310 5227
f 4588 4581 5227
f 4586 4589 4466
f 4466 4589 4590
f 4590 4471 4466
f 4589 5227 5228
f 5318 5319 5317
f 5324 5310 5317
f 5316 5318 5317
f 5324 5326 5325
f 5327 5328 5329
f 4581 4579 4580
f 4587 4583 4588
f 4588 4586 4587
f 5230 5232 5233
f 5231 5230 5233
f 4473 4469 4472
f 5234 4590 5235
f 4472 4471 4473
f 5327 5329 5330
f 5271 5266 5272
f 5266 5271 5269
f 5271 5270 5269
f 5273 5271 5272
f 5270 5271 5273
f 5278 5279 5276
f 5283 5279 5281
f 5278 5280 5279
f 5277 4596 4507
f 5277 5283 4596
f 5281 5284 5283
f 5339 5284 5281
f 5348 5350 5285
f 4517 4512 4598
f 4597 4511 4596
f 5284 5285 4597
f 4597 5285 4598
f 4519 4599 4600
f 5285 4599 4598
f 4602 4600 4599
f 4600 4522 4519
f 5346 5339 5340
f 5349 5348 5346
f 5348 5339 5346
f 5349 5355 5351
f 5353 5351 5352
f 5350 5351 5353
f 4602 5350 5353
f 5286 5354 5361
f 5361 5363 5286
f 4529 4523 4604
f 4601 4522 4600
f 4602 4601 4600
f 4601 5286 4604
f 4603 4529 4604
f 5363 4609 5286
f 5359 5352 5356
f 5362 5361 5359
f 5352 5354 5353
f 5362 5367 5364
f 5366 5364 5365
f 5363 5364 5366
f 5353 5354 4602
f 4603 4609 4607
f 4607 4609 4610
f 4610 4608 4607
f 5378 5377 5372
f 5371 5365 5368
f 5372 5365 5371
f 5372 5377 5375
f 5380 5378 5376
f 5376 5383 5380
f 5382 5380 5381
f 5377 5378 5379
f 5366 5375 4610
f 5377 4612 5375
f 4611 4608 4612
f 4623 4612 5377
f 4623 5377 5379
f 4620 4614 4623
f 5382 4622 5379
f 4622 4621 4620
f 5394 5393 5388
f 5387 5381 5384
f 5388 5381 5387
f 5388 5393 5391
f 5396 5394 5392
f 5392 5400 5396
f 5398 5396 5397
f 5393 5394 5395
f 5382 5391 4622
f 5393 4625 5391
f 4624 4621 4625
f 4635 4625 5393
f 4635 5393 5395
f 4630 4628 4635
f 5398 4633 5395
f 4633 4631 4630
f 5287 5399 5406
f 5291 5289 5409
f 5407 5289 5288
f 5288 5289 5294
f 5294 5289 5291
f 5409 5289 5407
f 4545 4539 4636
f 4634 5399 5287
f 4539 4632 4636
f 4547 4637 4638
f 5287 4637 4636
f 4638 4550 4547
f 4637 5287 5288
f 5404 5397 5401
f 5408 5406 5404
f 5397 5399 5398
f 5406 5408 5407
f 5409 5410 5411
f 4632 4631 4634
f 4634 4631 4633
f 5290 5291 5292
f 5298 5299 5296
f 5306 5299 5302
f 5298 5300 5299
f 5293 4638 5294
f 4551 4550 4552
f 4567 4566 4564
f 5297 5306 4639
f 5409 5411 5412
f 5304 5302 5303
f 5301 5302 5304
f 5313 5314 5311
f 5311 5314 5312
f 5313 5315 5314
f 5305 4569 4639
f 5305 4639 5306
f 5320 5318 5316
f 5322 5320 5321
f 5318 5320 5322
f 5319 5318 5322
f 4262 4259 4181
f 4260 4259 4262
f 4261 4260 4262
f 4300 4302 4182
f 4217 4300 4182
f 4217 4301 4300
f 4300 4301 4303
f 4303 4302 4300
f 4305 4304 4306
f 4304 4305 4297
f 4306 4307 4305
f 4302 4304 4262
f 4385 4383 4298
f 4384 4383 4385
f 4425 4422 4424
f 4424 4426 4425
f 4428 4430 4299
f 4428 4429 4431
f 4431 4430 4428
f 4385 4432 4424
f 4433 4432 4434
f 4430 4432 4385
f 5426 5428 5429
f 4423 4422 4425
f 4426 4427 4425
f 4427 4423 4425
f 4641 4640 4642
f 4646 4643 4645
f 4642 4427 4648
f 4433 4647 4426
f 5426 4647 4433
f 5426 5427 4647
f 4642 4649 4645
f 5432 5431 4649
f 4649 5431 4645
f 4649 4648 5432
f 4648 4649 4642
f 5433 5431 5435
f 5433 5435 5436
f 5432 5427 5439
f 5427 5440 5439
f 5426 5429 5430
f 5439 5440 5441
f 5441 5442 5437
f 5436 5435 5437
f 4644 4643 4646
f 5433 5434 4646
f 4656 5434 5445
f 4656 4654 4644
f 4656 4655 4654
f 4657 5445 5447
f 5436 5438 5433
f 5445 5434 5446
f 5449 5447 5448
f 5446 5453 5448
f 5449 5448 5450
f 5446 5438 5455
f 5438 5456 5455
f 5437 5442 5444
f 5453 5446 5455
f 5484 5485 5477
f 5484 5477 5482
f 5486 5485 5484
f 5482 4706 5484
f 4706 4713 5484
f 5484 4713 5486
f 5498 5499 5491
f 5498 5491 5496
f 5500 5499 5498
f 5496 4717 5498
f 4717 4726 5498
f 5498 4726 5500
f 5455 5456 5457
f 5457 5453 5455
f 5543 5550 5541
f 5551 5546 5540
f 5551 5540 5542
f 5546 4740 5540
f 5540 4740 4733
f 5542 5540 4733
f 4740 4746 4733
f 5466 5566 5467
f 5566 5466 5560
f 5564 5558 5563
f 5543 5541 5557
f 5541 5558 5557
f 5563 5558 5559
f 5561 5564 5567
f 5567 5568 5566
f 5568 5567 5569
f 5563 5565 5564
f 5559 5542 4733
f 4733 4746 5559
f 4761 4742 4750
f 5563 4761 5565
f 4757 4761 4750
f 5569 5565 4759
f 4758 4759 4757
f 5570 5470 5468
f 5470 5473 5468
f 5483 5474 5472
f 5471 5472 5470
f 5478 5474 5483
f 5474 5475 5473
f 5471 5571 4760
f 5471 4760 4767
f 4703 4777 4765
f 4778 4777 4703
f 4704 4778 4703
f 4777 5472 5471
f 5566 5568 5570
f 5569 5571 5568
f 5568 5571 5570
f 4759 4758 4760
f 4762 4766 4767
f 4765 4767 4766
f 5479 5478 5480
f 5478 5477 5480
f 5485 5488 5487
f 5492 5488 5497
f 5488 5489 5487
f 5482 5483 4778
f 4704 4705 4706
f 4712 4713 4710
f 5497 5486 4779
f 4715 4779 4712
f 5493 5492 5494
f 5492 5491 5494
f 5499 5502 5501
f 5505 5502 5508
f 5502 5503 5501
f 5496 5497 4779
f 4715 4716 4717
f 4725 4726 4723
f 5508 5500 4782
f 4728 4782 4725
f 5508 5509 5505
f 5506 5505 5507
f 5510 5513 5507
f 5509 5511 5510
f 5519 5514 5512
f 5511 5512 5510
f 5516 5514 5519
f 5514 5515 5513
f 4728 4783 4782
f 5511 5509 4783
f 4728 4781 4783
f 4787 4794 5511
f 5519 5512 4795
f 4784 4787 4781
f 4784 4786 4787
f 4794 4792 4796
f 4795 4794 4796
f 4793 4796 4792
f 5519 5520 5516
f 5517 5516 5518
f 5521 5523 5518
f 5520 5522 5521
f 5524 5585 5525
f 5582 5523 5521
f 4795 5520 5519
f 5522 4797 4802
f 4802 4811 5522
f 5522 4811 5584
f 5584 5586 5582
f 5585 5582 5586
f 5586 5587 5585
f 5587 5586 5588
f 5586 5584 5588
f 4795 4796 4797
f 4796 4793 4797
f 4798 4801 4802
f 4811 4809 4812
f 4810 4812 4809
f 5525 5585 5590
f 5595 5589 5526
f 5526 5598 5595
f 5526 5589 4813
f 5526 4813 4818
f 4818 4823 5526
f 5526 4823 5598
f 5596 5594 5595
f 5588 5589 5587
f 5599 5602 5596
f 5600 5599 5601
f 5599 5598 5601
f 4812 4810 4813
f 4814 4817 4818
f 4823 4822 4824
f 5603 5600 5606
f 5607 5608 5606
f 5600 5607 5606
f 5611 5607 5610
f 5613 5612 5611
f 5610 5601 4824
f 4824 4831 5610
f 4832 4839 5611
f 5611 4839 5613
f 5628 5637 5635
f 5636 5627 5633
f 5635 5637 5639
f 5639 5644 5635
f 5640 5639 5641
f 5636 5638 5637
f 5633 4846 5636
f 4863 4843 4848
f 5636 4863 5638
f 4857 4863 4848
f 5641 5638 4860
f 4858 4860 4857
f 5642 5538 5646
f 5642 5547 5538
f 5547 5552 5538
f 5554 5553 5550
f 5548 5549 5547
f 5550 5553 5551
f 5553 5554 5552
f 4732 4737 4864
f 5548 5643 4861
f 4864 4859 4732
f 5548 4864 4865
f 5546 5549 4865
f 4865 5549 5548
f 5641 5643 5640
f 5640 5643 5642
f 4861 4858 4859
f 4860 4858 4861
f 4745 4742 4747
f 4744 4747 4746
f 4744 4745 4747
f 4829 4831 4826
f 5608 5612 5614
f 5612 5615 5614
f 5618 5615 5620
f 5615 5616 5614
f 4829 4832 4831
f 4829 4830 4832
f 4838 4839 4837
f 5620 5613 4873
f 4840 4873 4838
f 5620 5621 5618
f 5618 5621 5651
f 5621 5652 5651
f 4840 4874 4873
f 4840 4872 4874
f 4872 4875 4874
f 5651 5657 5653
f 5658 5659 5657
f 5658 5652 5661
f 5662 5658 5661
f 5664 5663 5662
f 5661 5652 4875
f 5662 5661 4879
f 4875 4879 5661
f 4876 4878 4879
f 5662 4887 5664
f 5449 5450 5451
f 5454 5459 5450
f 5451 5622 5531
f 5536 5532 5623
f 5536 5623 5674
f 5454 5458 5460
f 5460 5459 5454
f 5624 5625 5690
f 5634 5625 5624
f 5690 5693 5624
f 5629 5625 5634
f 4841 4911 4900
f 4912 4911 4841
f 4911 4913 4900
f 4844 4912 4841
f 5684 5695 5692
f 5694 5683 5688
f 5691 5692 5690
f 5694 5696 5695
f 5693 5695 5696
f 5688 4897 5694
f 4914 4893 4901
f 5694 4914 5696
f 5696 4914 4913
f 4913 5693 5696
f 5630 5629 5631
f 5629 5627 5631
f 5627 5628 5631
f 4845 4843 4846
f 5633 5634 4912
f 4844 4845 4846
f 5659 5663 5665
f 5663 5666 5665
f 5669 5666 5671
f 5666 5667 5665
f 4887 4878 4885
f 4886 4887 4885
f 5671 5664 4922
f 4888 4922 4886
f 5671 5672 5669
f 5669 5672 5701
f 5672 5702 5701
f 4888 4923 4922
f 4888 4921 4923
f 4921 4924 4923
f 5701 5707 5703
f 5708 5709 5707
f 5708 5702 5711
f 5712 5708 5711
f 5714 5713 5712
f 5711 5702 4924
f 5712 5711 4929
f 4924 4929 5711
f 4925 4928 4929
f 5712 4936 5714
f 5732 5682 5685
f 5681 5682 5727
f 5689 5682 5681
f 5727 5729 5681
f 5685 5682 5689
f 5682 5732 5727
f 4891 4944 4939
f 4945 4944 4891
f 4944 4946 4939
f 4895 4945 4891
f 5726 5739 5730
f 5726 5730 5728
f 5734 5733 5732
f 5729 5730 5731
f 4953 4937 4952
f 4952 4937 4940
f 5731 4952 4946
f 4946 5729 5731
f 5685 5683 5686
f 5683 5684 5686
f 4896 4893 4897
f 5688 5689 4945
f 4895 4896 4897
f 5732 5735 5734
f 5709 5713 5716
f 5715 5713 5714
f 5715 5748 5746
f 5747 5716 5746
f 4936 4928 4935
f 4936 4960 5714
f 4955 4961 4960
f 4960 5715 5714
f 5748 5750 5746
f 5755 5751 5750
f 5755 5750 5756
f 5754 5756 5749
f 5754 5749 4965
f 4959 4961 4955
f 5749 5748 4961
f 4963 4965 4959
f 5743 5739 5726
f 5772 5762 5741
f 5739 5742 5740
f 5774 5773 5743
f 4951 4937 4953
f 5741 5762 4971
f 5741 4971 4984
f 5740 4985 4953
f 5740 5742 4985
f 4985 5742 5741
f 5766 5765 5764
f 5770 5762 5764
f 5764 5762 5772
f 5772 5773 5775
f 5774 5775 5773
f 4971 5762 5770
f 4971 4976 4984
f 4976 4971 5770
f 4977 4974 4976
f 4982 4984 4983
f 5755 5758 5759
f 5756 5754 5760
f 5754 4965 4992
f 5760 5754 4992
f 4995 4999 4990
f 5760 5761 5758
f 5758 5761 5779
f 5761 5780 5779
f 4967 4993 4992
f 4967 4991 4993
f 4991 4994 4993
f 5787 5788 5786
f 5779 5785 5781
f 5786 5788 5785
f 5786 5780 5792
f 5792 5780 4994
f 4999 5793 5792
f 4991 4990 4994
f 5795 5537 5677
f 5537 5795 5718
f 5723 5719 5796
f 5723 5796 5799
f 5807 5811 5804
f 5804 5811 5813
f 5006 5014 5010
f 5765 5778 5771
f 5805 5767 5808
f 5765 5766 5767
f 5805 5806 5778
f 4975 4974 4977
f 5008 4977 5771
f 5778 5008 5771
f 5008 5009 5007
f 5804 5806 5805
f 5817 5816 5813
f 5009 5806 5816
f 5817 5014 5816
f 5009 5006 5007
f 4998 4999 4995
f 5793 5794 5787
f 5819 5821 5789
f 5788 5787 5789
f 5794 5820 5819
f 5793 5021 5794
f 4998 5020 5021
f 5020 5022 5021
f 5819 5823 5821
f 5824 5825 5823
f 5824 5820 5826
f 5828 5824 5826
f 5831 5830 5828
f 5826 5820 5022
f 5828 5826 5028
f 5022 5028 5826
f 5023 5026 5028
f 5828 5032 5831
f 4689 4682 5836
f 5811 5814 5813
f 5847 5812 5846
f 5010 5014 5013
f 5846 5851 5847
f 5848 5856 5860
f 5036 5044 5040
f 5849 5814 5847
f 5849 5818 5814
f 5849 5850 5818
f 5818 5038 5817
f 5038 5037 5013
f 5038 5039 5037
f 5847 5848 5849
f 5848 5850 5849
f 5862 5861 5860
f 5039 5850 5861
f 5862 5044 5861
f 5039 5036 5037
f 5825 5830 5833
f 5832 5830 5831
f 5832 5868 5865
f 5866 5833 5865
f 5027 5050 5058
f 5050 5059 5058
f 5058 5060 5032
f 5032 5060 5831
f 5060 5832 5831
f 5869 5873 5864
f 5867 5869 5864
f 5867 5866 5865
f 5870 5869 5868
f 5051 5059 5050
f 5063 5054 5064
f 5063 5061 5059
f 5061 5063 5870
f 5870 5868 5061
f 5836 4682 5838
f 4692 5837 5879
f 4690 5837 4692
f 5880 4692 5879
f 5858 5857 5856
f 5855 5857 5890
f 5863 5857 5855
f 5890 5893 5855
f 5863 5855 5071
f 5040 5044 5043
f 5893 5071 5855
f 5883 5898 5894
f 5883 5894 5892
f 5891 5892 5890
f 5893 5894 5895
f 5899 5075 5895
f 5895 5075 5072
f 5862 5860 5863
f 5073 5070 5071
f 5070 5069 5043
f 5070 5073 5069
f 5071 5072 5073
f 5073 5068 5069
f 5072 5068 5073
f 5864 5873 5876
f 5875 5873 5874
f 5875 5911 5908
f 5909 5876 5908
f 5055 5084 5097
f 5084 5098 5097
f 5097 5099 5064
f 5064 5099 5874
f 5099 5875 5874
f 5910 5913 5905
f 5907 5904 5912
f 5910 5909 5908
f 5912 5913 5914
f 5914 5913 5911
f 5912 5093 5907
f 5087 5098 5084
f 5101 5912 5914
f 5101 5100 5098
f 5100 5101 5914
f 5914 5911 5100
f 5886 5724 5801
f 5901 5898 5883
f 5898 5900 5899
f 5920 5922 5900
f 5921 5920 5901
f 5899 5107 5075
f 5922 5109 5900
f 5923 5922 5920
f 5923 5925 5928
f 5922 5923 5924
f 5109 5922 5924
f 5105 5115 5111
f 5108 5078 5107
f 5109 5108 5107
f 5110 5108 5109
f 5108 5106 5078
f 5108 5110 5106
f 5924 5930 5933
f 5934 5933 5930
f 5934 5115 5933
f 5110 5105 5106
f 5131 5135 5125
f 5907 5917 5904
f 5936 5938 5906
f 5905 5904 5906
f 5917 5937 5936
f 5093 5090 5092
f 5907 5093 5127
f 5907 5127 5917
f 5126 5128 5127
f 5944 5945 5943
f 5936 5942 5938
f 5943 5945 5942
f 5943 5937 5950
f 5950 5937 5128
f 5135 5951 5950
f 5126 5125 5128
f 5724 5886 5839
f 5845 5836 5838
f 5881 5845 5888
f 5845 5887 5888
f 5931 5928 5932
f 5928 5931 5930
f 5111 5115 5114
f 5960 5966 5957
f 5957 5966 5967
f 5958 5935 5931
f 5958 5959 5935
f 5935 5138 5934
f 5138 5137 5114
f 5138 5139 5137
f 5957 5959 5958
f 5972 5971 5967
f 5139 5959 5971
f 5142 5139 5971
f 5143 5141 5142
f 5142 5141 5140
f 5946 5941 5978
f 5975 5941 5940
f 5940 5941 5952
f 5940 5976 5975
f 5952 5941 5946
f 5978 5941 5975
f 5154 5159 5134
f 5134 5159 5160
f 5154 5161 5159
f 5976 5979 5975
f 5978 5975 5979
f 5987 5979 5988
f 5985 5988 5977
f 5167 5152 5168
f 5155 5152 5167
f 5161 5167 5977
f 5977 5976 5161
f 5944 5946 5947
f 5945 5944 5947
f 5951 5135 5160
f 5951 5160 5952
f 5978 5980 5981
f 5879 5837 5881
f 5879 5881 5882
f 5968 5966 5969
f 5966 5968 5967
f 5996 5973 5968
f 6001 6003 5974
f 5169 5143 5972
f 5973 5169 5972
f 5973 5974 5169
f 5169 5172 5143
f 5169 5974 5172
f 5171 5151 5172
f 6003 5177 5974
f 6000 6007 6004
f 5999 5996 5997
f 6001 5996 5999
f 6001 6004 6003
f 6003 6004 6005
f 6008 5179 6005
f 5171 5177 5176
f 5177 6003 6005
f 5178 5176 5179
f 5987 5989 5990
f 6017 5989 5986
f 5986 6020 6017
f 5988 5989 5987
f 5168 5152 5166
f 5168 5199 5985
f 5197 5200 5199
f 5199 5986 5985
f 6019 6022 6014
f 6016 6013 6021
f 6019 6018 6017
f 6021 6022 6023
f 6023 6022 6020
f 6021 5192 6016
f 5198 5190 5202
f 5202 6021 6023
f 5200 5202 6023
f 6023 6020 5200
f 6010 6007 6000
f 6007 6009 6008
f 6029 6031 6009
f 6030 6029 6010
f 6008 5205 5179
f 6031 5207 6009
f 6032 6031 6029
f 6034 6032 6033
f 6031 6032 6034
f 5207 6031 6034
f 5206 5182 5205
f 5207 5206 5205
f 5208 5206 5207
f 5206 5204 5182
f 5206 5208 5204
f 6040 6033 6036
f 6042 6041 6040
f 6041 6033 6040
f 6041 6045 6044
f 6045 6046 6047
f 6045 5211 6044
f 5211 5208 6044
f 5211 5210 5209
f 6047 5221 6045
f 6068 6060 6056
f 6064 6069 6055
f 6069 6057 6055
f 5251 5231 5252
f 5236 5231 5251
f 5245 5236 5251
f 6057 5249 6055
f 5249 5246 5245
f 6016 6026 6013
f 6058 6061 6015
f 6014 6013 6015
f 6026 6059 6058
f 5192 5190 5191
f 6016 5192 5248
f 6016 5248 6026
f 5247 5250 5248
f 6056 6059 6057
f 6058 6059 6056
f 5247 5246 5250
f 5250 5246 5249
f 5879 5882 5880
f 4690 4691 4689
f 4691 4688 4689
f 4687 4688 4691
f 6048 6046 6042
f 6051 6049 6077
f 6048 6049 6046
f 6052 6049 6051
f 5218 5210 5221
f 5221 5220 5218
f 6047 6052 5255
f 5255 5223 5220
f 6076 6080 6077
f 6077 6080 6081
f 6051 6053 6052
f 6078 6051 6077
f 6078 6053 6051
f 6078 6079 6053
f 5256 5223 5255
f 5256 5254 5223
f 5256 5257 5254
f 6087 6086 6085
f 6089 6079 6086
f 6086 6090 6089
f 6090 6091 6092
f 5257 6079 6089
f 6090 5259 6089
f 5259 5257 6089
f 5267 5259 6090
f 5265 5261 5267
f 5265 5267 5268
f 5266 5265 5268
f 6118 6120 6111
f 6116 6110 6119
f 6122 6120 6118
f 6118 6127 6122
f 6124 6122 6123
f 6119 6120 6121
f 6119 5323 6116
f 5326 5319 5333
f 5333 6119 6121
f 5328 5326 5333
f 6124 5331 6121
f 5331 5329 5328
f 6125 6129 6054
f 6125 6054 6065
f 6065 6054 6070
f 6068 6071 6072
f 6067 6066 6065
f 6069 6071 6068
f 6070 6072 6071
f 5332 6126 6066
f 5233 5330 5334
f 5334 5335 5252
f 5252 5335 6064
f 6066 5335 5334
f 5335 6067 6064
f 5335 6066 6067
f 6123 6126 6124
f 6125 6126 6123
f 5330 5329 5332
f 5332 5329 5331
f 6093 6091 6087
f 6093 6094 6091
f 6100 6094 6097
f 6093 6095 6094
f 6092 5336 5268
f 6092 6100 5336
f 6097 6101 6100
f 6099 6097 6098
f 6102 6099 6104
f 6103 6101 6102
f 6137 6102 6104
f 6138 6137 6104
f 5278 5273 5338
f 5337 5272 5336
f 6101 6103 5337
f 5337 6103 5338
f 5280 5341 5342
f 6103 5341 5338
f 5344 5342 5341
f 5342 5282 5280
f 6141 6140 6137
f 6143 6141 6142
f 6140 6141 6143
f 5344 6140 6143
f 5343 5282 5342
f 5344 5343 5342
f 5345 5343 5344
f 5343 5340 5282
f 5343 5345 5340
f 6154 6153 6149
f 6148 6142 6145
f 6149 6142 6148
f 6149 6153 6151
f 6156 6154 6152
f 6152 6158 6156
f 6156 6158 6159
f 6153 6154 6155
f 6153 5347 6151
f 5347 5345 6151
f 5358 5347 6153
f 5358 6153 6155
f 5355 5349 5358
f 6157 5357 6155
f 5357 5356 5355
f 6163 6170 6169
f 6157 6162 6168
f 6169 6170 6171
f 6157 6168 5357
f 6169 5360 6168
f 5359 5356 5360
f 5369 5360 6169
f 5367 5362 5369
f 5367 5369 5370
f 6176 6183 6182
f 6180 6176 6182
f 6182 6183 6184
f 5371 5368 5374
f 5374 5368 5373
f 5385 5374 6182
f 5383 5376 5385
f 5383 5385 5386
f 6188 6200 6195
f 6193 6188 6195
f 6201 6199 6197
f 6202 6198 6196
f 5387 5384 5390
f 5390 5384 5389
f 5403 5390 6195
f 5403 6195 6196
f 5400 5392 5403
f 6198 5402 6196
f 5402 5401 5400
f 6214 6213 6208
f 6207 6197 6199
f 6208 6197 6207
f 6208 6213 6211
f 6216 6214 6212
f 6212 6220 6216
f 6218 6216 6217
f 6213 6214 6215
f 6198 6211 5402
f 6213 5405 6211
f 5404 5401 5405
f 5415 5405 6213
f 5415 6213 6215
f 5410 5408 5415
f 6218 5413 6215
f 5413 5411 5410
f 6105 6219 6226
f 6226 6228 6105
f 5298 5292 5416
f 5414 6219 6105
f 5292 5412 5416
f 5300 5417 5418
f 6105 5417 5416
f 5420 5418 5417
f 5418 5303 5300
f 6224 6217 6221
f 6227 6226 6224
f 6217 6219 6218
f 6227 6233 6229
f 6231 6229 6230
f 6228 6229 6231
f 5412 5411 5414
f 5414 5411 5413
f 5420 6228 6231
f 6106 6232 6239
f 6240 6108 6107
f 6107 6108 6117
f 6117 6108 6112
f 5313 5304 5421
f 5419 5303 5418
f 5420 5419 5418
f 5419 6106 5421
f 5315 5422 5423
f 6106 5422 5421
f 5423 5321 5315
f 5422 6106 6107
f 6238 6230 6234
f 6242 6239 6238
f 6230 6232 6231
f 6239 6242 6240
f 6242 6241 6240
f 6231 6232 5420
f 6114 6112 6113
f 6110 6112 6114
f 6111 6110 6114
f 5323 5319 5322
f 6116 5423 6117
f 5322 5321 5323
f 6164 6159 6165
f 6159 6164 6162
f 6164 6163 6162
f 6166 6164 6165
f 6163 6164 6166
f 6172 6173 6170
f 6181 6173 6177
f 6172 6174 6173
f 6171 5424 5370
f 6171 6181 5424
f 5424 5373 5370
f 6179 6177 6178
f 6176 6177 6179
f 6185 6186 6183
f 6194 6186 6189
f 6185 6187 6186
f 6180 5373 5424
f 6180 5424 6181
f 6184 5425 5386
f 6184 6194 5425
f 5425 5389 5386
f 6191 6189 6190
f 6188 6189 6191
f 6201 6204 6205
f 6203 6204 6200
f 6200 6204 6202
f 6202 6204 6201
f 6203 6205 6204
f 6193 5389 5425
f 6193 5425 6194
f 4692 4700 4690
f 5880 4700 4692
f 4702 4701 4700
f 4699 4701 4702
f 4699 4698 4701
f 5885 5884 5880
f 5992 5882 5955
f 6267 6270 6260
f 6267 6260 6265
f 6269 6272 6268
f 6268 6272 6277
f 6271 6270 6267
f 6265 5469 6267
f 5469 5476 6267
f 6267 5476 6271
f 6269 6268 6278
f 6279 6280 6278
f 6279 6268 6277
f 6268 6279 6278
f 6287 6286 6285
f 6283 5481 6285
f 5481 5490 6285
f 6285 5490 6287
f 6299 6300 6292
f 6299 6292 6297
f 6301 6300 6299
f 6297 5495 6299
f 5495 5504 6299
f 6299 5504 6301
f 6334 6340 6338
f 6339 6333 6337
f 6338 6340 6342
f 6342 6347 6338
f 6343 6342 6344
f 6339 6341 6340
f 6337 5539 6339
f 5539 5555 6339
f 6341 5556 5544
f 6344 6341 5544
f 6345 6253 6349
f 6345 6254 6253
f 6254 6257 6253
f 6266 6258 6256
f 6255 6256 6254
f 6261 6258 6266
f 6258 6259 6257
f 6255 6346 5545
f 6255 5545 5562
f 5466 5572 5560
f 5573 5572 5466
f 5467 5573 5466
f 5572 6256 6255
f 6344 6346 6343
f 6343 6346 6345
f 5544 5543 5545
f 5557 5561 5562
f 5560 5562 5561
f 6262 6261 6263
f 6261 6260 6263
f 6275 6274 6272
f 6270 6274 6273
f 6274 6275 6273
f 6265 6266 5573
f 5467 5468 5469
f 5475 5476 5473
f 6284 6271 5574
f 5479 5574 5475
f 6283 6277 6284
f 6280 6286 6288
f 6286 6289 6288
f 6293 6289 6298
f 6289 6290 6288
f 6283 6284 5574
f 5479 5480 5481
f 5489 5490 5487
f 6298 6287 5575
f 5493 5575 5489
f 6294 6293 6295
f 6293 6292 6295
f 6300 6303 6302
f 6306 6303 6309
f 6303 6304 6302
f 6297 6298 5575
f 5493 5494 5495
f 5503 5504 5501
f 6309 6301 5576
f 5506 5576 5503
f 6309 6310 6306
f 6307 6306 6308
f 6311 6314 6308
f 6310 6312 6311
f 6320 6315 6313
f 6312 6313 6311
f 6317 6315 6320
f 6315 6316 6314
f 5507 5513 5578
f 5506 5577 5576
f 6312 6310 5577
f 5577 5578 6312
f 5580 5579 5515
f 6312 5578 5579
f 5517 5580 5515
f 5579 6313 6312
f 6320 6321 6317
f 6318 6317 6319
f 6322 6325 6319
f 6321 6323 6322
f 6330 6326 6324
f 6323 6324 6322
f 6328 6326 6330
f 6326 6327 6325
f 5518 5523 5583
f 5517 5581 5580
f 6323 6321 5581
f 5581 5583 6323
f 5592 5591 5524
f 6323 5583 5591
f 5525 5592 5524
f 5591 6324 6323
f 6330 6331 6328
f 6328 6331 6366
f 6332 6376 6373
f 5525 5593 5592
f 6332 6331 5593
f 5525 5590 5593
f 5597 5604 6332
f 6332 5604 6376
f 6366 6372 6367
f 6374 6372 6373
f 6373 6372 6366
f 6377 6380 6374
f 6378 6377 6379
f 6377 6376 6379
f 5594 5597 5590
f 5594 5596 5597
f 5604 5602 5605
f 5603 5605 5602
f 6381 6378 6384
f 6385 6386 6384
f 6378 6385 6384
f 6389 6385 6388
f 6391 6390 6389
f 6388 6379 5605
f 6389 6388 5609
f 5609 5603 5606
f 5606 5608 5609
f 6389 5617 6391
f 6403 6411 6409
f 6410 6402 6407
f 6409 6411 6413
f 6413 6418 6409
f 6414 6413 6415
f 6410 6412 6411
f 6407 5632 6410
f 5650 5628 5635
f 6410 5650 6412
f 5644 5650 5635
f 6415 6412 5648
f 5645 5648 5644
f 6333 6352 6337
f 6416 6335 6420
f 6333 6334 6335
f 6416 6417 6352
f 5647 5539 6337
f 6352 5647 6337
f 5647 5649 5646
f 5554 5555 5552
f 5555 5554 5556
f 5556 5554 5550
f 6415 6417 6414
f 6414 6417 6416
f 5649 5645 5646
f 5648 5645 5649
f 6386 6390 6392
f 6390 6393 6392
f 6396 6393 6398
f 6393 6394 6392
f 5617 5608 5614
f 5616 5617 5614
f 6398 6391 5654
f 5619 5654 5616
f 6398 6399 6396
f 6396 6399 6425
f 6399 6426 6425
f 5619 5655 5654
f 5619 5653 5655
f 5653 5656 5655
f 6425 6432 6427
f 6433 6434 6432
f 6433 6426 6436
f 6437 6433 6436
f 6439 6438 6437
f 6436 6426 5656
f 6437 6436 5660
f 5656 5660 6436
f 5657 5659 5660
f 6437 5668 6439
f 6457 6401 6404
f 6400 6401 6451
f 6408 6401 6400
f 6451 6453 6400
f 6404 6401 6408
f 6401 6457 6451
f 5626 5697 5691
f 5698 5697 5626
f 5697 5699 5691
f 5630 5698 5626
f 6447 6455 6452
f 6454 6446 6450
f 6459 6458 6457
f 6454 6456 6455
f 6453 6455 6456
f 6450 5687 6454
f 5700 5684 5692
f 6454 5700 6456
f 6456 5700 5699
f 5699 6453 6456
f 6404 6402 6405
f 6402 6403 6405
f 5631 5628 5632
f 6407 6408 5698
f 5630 5631 5632
f 6457 6460 6459
f 6434 6438 6440
f 6467 6441 6443
f 6438 6441 6440
f 6443 6441 6444
f 5668 5659 5665
f 5667 5668 5665
f 6444 6439 5704
f 5670 5704 5667
f 6467 6470 6466
f 6471 6470 6467
f 6444 6445 6443
f 6467 6443 6468
f 6443 6445 6468
f 6445 6469 6468
f 5670 5705 5704
f 5670 5703 5705
f 5703 5706 5705
f 6476 6477 6475
f 6476 6469 6479
f 6480 6476 6479
f 6482 6481 6480
f 6479 6469 5706
f 6480 6479 5710
f 5706 5710 6479
f 5707 5709 5710
f 6480 5717 6482
f 6491 6499 6487
f 6500 6496 6486
f 6500 6486 6488
f 5745 5726 5744
f 5744 5726 5728
f 5733 5744 5728
f 6488 6486 5737
f 5734 5737 5733
f 6446 6464 6450
f 6489 6448 6492
f 6446 6447 6448
f 6489 6490 6464
f 5686 5684 5687
f 5736 5687 6450
f 6464 5736 6450
f 5736 5738 5735
f 6488 6490 6487
f 6487 6490 6489
f 5738 5734 5735
f 5737 5734 5738
f 6477 6481 6484
f 6483 6481 6482
f 6483 6506 6504
f 6505 6484 6504
f 5717 5709 5716
f 5717 5752 6482
f 5747 5753 5752
f 5752 6483 6482
f 6506 6508 6504
f 6513 6509 6508
f 6513 6508 6514
f 6512 6514 6507
f 6512 6507 5757
f 5751 5753 5747
f 6507 6506 5753
f 5755 5757 5751
f 6530 6520 6497
f 6502 6501 6499
f 6498 6501 6531
f 6499 6501 6500
f 5743 5726 5745
f 6497 6520 5763
f 6497 5763 5776
f 6496 5777 5745
f 6496 6498 5777
f 5777 6498 6497
f 6524 6523 6522
f 6528 6520 6522
f 6522 6520 6530
f 6530 6531 6533
f 6532 6533 6531
f 5763 6520 6528
f 5763 5768 5776
f 5768 5763 6528
f 5769 5766 5768
f 5774 5776 5775
f 6513 6516 6517
f 6514 6512 6518
f 6512 5757 5782
f 6518 6512 5782
f 6518 6519 6516
f 6516 6519 6537
f 6519 6538 6537
f 5759 5783 5782
f 5759 5781 5783
f 5781 5784 5783
f 6545 6546 6544
f 6537 6543 6539
f 6544 6546 6543
f 6544 6538 6549
f 6549 6538 5784
f 5784 5790 6549
f 5790 5788 5791
f 5785 5788 5790
f 6558 6563 6555
f 6555 6563 6566
f 5807 5815 5811
f 6523 6536 6529
f 6556 6525 6559
f 6523 6524 6525
f 6556 6557 6536
f 5767 5766 5769
f 5809 5769 6529
f 6536 5809 6529
f 5809 5810 5808
f 6555 6557 6556
f 6569 6568 6566
f 5810 6557 6568
f 6569 5815 6568
f 5810 5807 5808
f 6550 6551 6545
f 6545 6551 6552
f 6551 6553 6552
f 6573 6554 6552
f 6574 6554 6573
f 5791 5788 5789
f 6550 5791 5822
f 6550 5822 6551
f 6553 6551 5822
f 5827 5829 6553
f 6553 5829 6577
f 6578 6581 6572
f 6575 6578 6572
f 6575 6574 6573
f 6579 6578 6577
f 5823 5827 5821
f 5834 5825 5835
f 5834 5829 5827
f 5829 5834 6579
f 6579 6577 5829
f 6565 6564 6563
f 6562 6564 6587
f 6570 6564 6562
f 6587 6589 6562
f 5812 5852 5846
f 5853 5852 5812
f 5852 5854 5846
f 6591 6589 6587
f 6591 6592 6599
f 6600 6591 6599
f 6600 6597 6590
f 6597 5859 6590
f 5846 5854 5851
f 5854 6589 6590
f 5856 5851 5859
f 6569 6566 6570
f 6569 5853 5815
f 6569 6570 5853
f 6572 6581 6584
f 6583 6581 6582
f 6583 6606 6604
f 6605 6584 6604
f 5835 5825 5833
f 5835 5871 6582
f 5866 5872 5871
f 5871 6583 6582
f 6606 6608 6604
f 6614 6609 6608
f 6614 6608 6615
f 6612 6615 6607
f 5877 5864 5878
f 5867 5864 5877
f 5872 5877 6607
f 6607 6606 5872
f 6602 6601 6599
f 6598 6601 6620
f 6620 6623 6598
f 6599 6601 6600
f 5858 5896 5891
f 5896 5897 5891
f 6597 6598 5896
f 5859 5858 5856
f 6619 6628 6624
f 6619 6624 6622
f 6621 6622 6620
f 6623 6624 6625
f 5903 5883 5902
f 5902 5883 5892
f 6625 5902 5897
f 5897 6623 6625
f 6614 6616 6617
f 6635 6616 6613
f 6613 6638 6635
f 6615 6616 6614
f 5878 5864 5876
f 5878 5915 6612
f 5909 5916 5915
f 5915 6613 6612
f 6639 6643 6634
f 6637 6639 6634
f 6637 6636 6635
f 6640 6639 6638
f 5918 5905 5919
f 5910 5905 5918
f 5916 5918 6640
f 6640 6638 5916
f 6631 6628 6619
f 6628 6630 6629
f 6650 6652 6630
f 6651 6650 6631
f 5901 5883 5903
f 6629 5926 5903
f 5926 5927 5921
f 6629 6630 5926
f 6654 6652 6650
f 6654 6655 6660
f 6661 6654 6660
f 6661 6658 6653
f 6658 5929 6653
f 5921 5927 5925
f 5927 6652 6653
f 5928 5925 5929
f 6634 6643 6647
f 6645 6665 6675
f 6646 6643 6644
f 6677 6647 6676
f 5939 6665 6645
f 5906 5938 5953
f 5953 5954 5919
f 5919 5954 6644
f 6645 5954 5953
f 5954 6646 6644
f 5954 6645 6646
f 6668 6669 6667
f 6667 6665 6673
f 6675 6665 6667
f 6675 6678 6676
f 6678 6677 6676
f 6673 6665 5939
f 5939 5948 6673
f 5948 5945 5949
f 5942 5945 5948
f 6663 6662 6660
f 6659 6662 6682
f 6682 6684 6659
f 6660 6662 6661
f 6658 5962 5929
f 6684 5964 6659
f 6685 6684 6682
f 6685 6687 6692
f 6684 6685 6686
f 5964 6684 6686
f 5960 5970 5966
f 5963 5932 5962
f 5964 5963 5962
f 5965 5963 5964
f 5963 5961 5932
f 5963 5965 5961
f 6686 6693 6697
f 6698 6697 6693
f 6698 5970 6697
f 5965 5960 5961
f 6713 6706 6702
f 6711 6714 6701
f 6714 6703 6701
f 6711 6701 5991
f 6701 5983 5991
f 6703 5983 6701
f 6674 6681 6668
f 6704 6707 6670
f 6669 6668 6670
f 6681 6705 6704
f 5949 5945 5947
f 6674 5949 5982
f 6674 5982 6681
f 5981 5984 5982
f 6702 6705 6703
f 6704 6705 6702
f 5981 5980 5984
f 5984 5980 5983
f 6694 6692 6695
f 6692 6694 6693
f 5966 5970 5969
f 6718 6699 6694
f 6723 6725 6700
f 6699 5998 6698
f 6699 6700 5998
f 5998 5997 5969
f 6700 6006 6002
f 6725 6006 6700
f 6722 6729 6726
f 6721 6718 6719
f 6723 6718 6721
f 6723 6726 6725
f 6725 6726 6727
f 5999 5997 6002
f 6012 6000 6011
f 6002 6006 6011
f 6727 6011 6006
f 6006 6725 6727
f 6713 6715 6716
f 6740 6715 6712
f 6712 6743 6740
f 6714 6715 6713
f 6018 6024 5990
f 6018 6025 6024
f 6024 6712 6711
f 5991 5987 5990
f 6744 6748 6737
f 6742 6744 6737
f 6742 6741 6740
f 6745 6744 6743
f 6027 6014 6028
f 6019 6014 6027
f 6025 6027 6745
f 6745 6743 6025
f 6732 6729 6722
f 6733 6736 6756
f 6729 6731 6730
f 6754 6755 6731
f 6010 6000 6012
f 6730 6037 6012
f 6037 6038 6030
f 6730 6731 6037
f 6757 6755 6754
f 6756 6757 6754
f 6757 6756 6758
f 6759 6757 6758
f 6755 6757 6759
f 6030 6038 6035
f 6035 6038 6039
f 6039 6036 6035
f 6756 6736 6760
f 6766 6765 6764
f 6765 6758 6764
f 6765 6769 6768
f 6769 6770 6771
f 6759 6768 6039
f 6769 6043 6768
f 6040 6036 6043
f 6043 6042 6040
f 6771 6050 6769
f 6790 6781 6777
f 6786 6791 6776
f 6791 6778 6776
f 6786 6776 6073
f 6776 6062 6073
f 6778 6062 6776
f 6779 6782 6738
f 6779 6738 6750
f 6748 6752 6750
f 6752 6748 6749
f 6752 6751 6750
f 6063 6780 6751
f 6015 6061 6074
f 6074 6075 6028
f 6028 6075 6749
f 6751 6075 6074
f 6075 6752 6749
f 6075 6751 6752
f 6777 6780 6778
f 6779 6780 6777
f 6061 6060 6063
f 6063 6060 6062
f 6773 6770 6766
f 6770 6772 6771
f 6796 6798 6772
f 6797 6796 6773
f 6048 6042 6050
f 6771 6082 6050
f 6082 6083 6076
f 6771 6772 6082
f 6799 6798 6796
f 6801 6799 6800
f 6798 6799 6801
f 6076 6083 6080
f 6080 6083 6084
f 6084 6081 6080
f 6808 6800 6803
f 6810 6809 6808
f 6809 6800 6808
f 6809 6813 6812
f 6813 6814 6815
f 6801 6812 6084
f 6813 6088 6812
f 6085 6081 6088
f 6088 6087 6085
f 6815 6096 6813
f 6828 6843 6833
f 6831 6828 6833
f 6844 6839 6835
f 6845 6836 6834
f 6833 6115 6831
f 6118 6111 6132
f 6132 6833 6834
f 6127 6118 6132
f 6836 6130 6834
f 6130 6128 6127
f 6837 6840 6775
f 6837 6775 6787
f 6787 6775 6792
f 6790 6793 6794
f 6789 6788 6787
f 6791 6793 6790
f 6792 6794 6793
f 6070 6054 6133
f 6131 6838 6788
f 6054 6129 6133
f 6788 6134 6133
f 6134 6789 6786
f 6073 6068 6072
f 6134 6788 6789
f 6835 6838 6836
f 6837 6838 6835
f 6129 6128 6131
f 6131 6128 6130
f 6816 6814 6810
f 6816 6817 6814
f 6822 6817 6820
f 6816 6818 6817
f 6093 6087 6096
f 6096 6095 6093
f 6815 6822 6135
f 6135 6098 6095
f 6820 6823 6822
f 6852 6823 6820
f 6857 6860 6824
f 6104 6099 6139
f 6136 6098 6135
f 6823 6824 6136
f 6136 6824 6139
f 6138 6104 6139
f 6860 6146 6824
f 6856 6852 6853
f 6858 6857 6856
f 6857 6852 6856
f 6858 6864 6861
f 6863 6861 6862
f 6860 6861 6863
f 6138 6146 6144
f 6144 6146 6147
f 6147 6145 6144
f 6868 6862 6865
f 6870 6869 6868
f 6869 6862 6868
f 6869 6873 6872
f 6873 6874 6875
f 6863 6872 6147
f 6873 6150 6872
f 6148 6145 6150
f 6160 6150 6873
f 6158 6152 6160
f 6158 6160 6161
f 6159 6158 6161
f 6880 6888 6887
f 6885 6880 6887
f 6887 6888 6889
f 6887 6167 6885
f 6175 6167 6887
f 6889 6175 6887
f 6905 6912 6911
f 6909 6905 6911
f 6911 6912 6913
f 6911 6192 6909
f 6206 6192 6911
f 6913 6206 6911
f 6201 6209 6199
f 6917 6929 6924
f 6922 6917 6924
f 6930 6928 6926
f 6931 6927 6925
f 6207 6199 6210
f 6210 6199 6209
f 6223 6210 6924
f 6223 6924 6925
f 6220 6212 6223
f 6927 6222 6925
f 6222 6221 6220
f 6943 6942 6937
f 6936 6926 6928
f 6937 6926 6936
f 6937 6942 6940
f 6945 6943 6941
f 6941 6949 6945
f 6947 6945 6946
f 6942 6943 6944
f 6927 6940 6222
f 6942 6225 6940
f 6224 6221 6225
f 6237 6225 6942
f 6237 6942 6944
f 6233 6227 6237
f 6947 6235 6944
f 6235 6234 6233
f 6825 6948 6956
f 6829 6827 6959
f 6957 6827 6826
f 6826 6827 6832
f 6832 6827 6829
f 6959 6827 6957
f 6236 6948 6825
f 6243 6236 6825
f 6241 6244 6109
f 6109 6244 6245
f 6245 6113 6109
f 6244 6825 6826
f 6953 6946 6950
f 6958 6956 6953
f 6946 6948 6947
f 6956 6958 6957
f 6959 6960 6961
f 6236 6234 6235
f 6242 6238 6243
f 6243 6241 6242
f 6828 6829 6830
f 6844 6847 6848
f 6846 6847 6843
f 6843 6847 6845
f 6845 6847 6844
f 6846 6848 6847
f 6115 6111 6114
f 6831 6245 6832
f 6114 6113 6115
f 6959 6961 6962
f 6876 6874 6870
f 6876 6877 6874
f 6886 6877 6881
f 6876 6878 6877
f 6875 6246 6161
f 6875 6886 6246
f 6883 6881 6882
f 6880 6881 6883
f 6890 6891 6888
f 6897 6891 6894
f 6890 6892 6891
f 6885 6246 6886
f 6166 6165 6167
f 6175 6174 6172
f 6889 6897 6247
f 6247 6178 6174
f 6894 6898 6897
f 6896 6894 6895
f 6899 6896 6902
f 6900 6898 6899
f 6901 6903 6910
f 6901 6900 6899
f 6910 6903 6906
f 6902 6904 6903
f 6185 6179 6249
f 6248 6178 6247
f 6898 6900 6248
f 6248 6900 6249
f 6187 6250 6251
f 6900 6250 6249
f 6251 6190 6187
f 6250 6900 6901
f 6908 6906 6907
f 6905 6906 6908
f 6914 6915 6912
f 6923 6915 6918
f 6914 6916 6915
f 6909 6251 6910
f 6191 6190 6192
f 6206 6205 6203
f 6913 6923 6252
f 6920 6918 6919
f 6917 6918 6920
f 6930 6933 6934
f 6932 6933 6929
f 6929 6933 6931
f 6931 6933 6930
f 6932 6934 6933
f 6922 6209 6252
f 6922 6252 6923
f 5462 5464 5443
f 5464 5456 5443
f 5444 5462 5443
f 5444 5463 5462
f 5462 5463 5465
f 5465 5464 5462
f 5458 5457 5527
f 5528 5527 5529
f 5527 5528 5458
f 5529 5530 5528
f 5461 6981 6980
f 6980 5673 5461
f 5673 6980 6984
f 5675 5673 6984
f 6985 5675 6984
f 5674 5623 5675
f 6987 5678 6985
f 5459 5460 5461
f 6981 5679 6982
f 6986 6980 6981
f 6984 6980 6986
f 6986 6985 6984
f 6987 6990 6991
f 6982 6983 6993
f 6982 6993 6992
f 6990 6986 6992
f 6994 6990 6992
f 5677 5674 5678
f 6987 6988 5678
f 5797 6988 7003
f 5797 5795 5677
f 5800 5797 7003
f 7004 5800 7003
f 5799 5796 5800
f 7006 5802 7004
f 6989 6988 6987
f 7011 6989 6996
f 7005 6989 7011
f 7007 7005 7012
f 7004 7007 7006
f 7007 7012 7013
f 7011 7012 7005
f 7025 7026 7020
f 7025 7020 7023
f 7027 7026 7025
f 7023 6264 7025
f 6264 6276 7025
f 7025 6276 7027
f 6269 6281 6272
f 7037 7038 7031
f 7037 7031 7035
f 7039 7038 7037
f 6282 6269 6278
f 6281 6269 6282
f 6278 6280 6282
f 7037 6291 7039
f 7049 7050 7043
f 7049 7043 7047
f 7051 7050 7049
f 7047 6296 7049
f 6296 6305 7049
f 7049 6305 7051
f 6991 6995 6997
f 6997 6996 6991
f 7013 7015 7008
f 5801 5799 5802
f 5803 5801 5802
f 7082 7088 7079
f 7082 7079 7081
f 7087 7090 7084
f 7091 7083 7085
f 7081 6336 7082
f 6353 6334 6338
f 7082 6353 7083
f 6347 6353 6338
f 7085 7083 6350
f 6348 6350 6347
f 7098 7086 7017
f 7101 7019 7021
f 7018 7019 7099
f 7024 7019 7018
f 7021 7019 7024
f 7019 7101 7099
f 6253 6257 6354
f 7017 7086 6351
f 6354 6349 6253
f 6356 6355 6259
f 7017 6354 6355
f 6262 6356 6259
f 6355 7018 7017
f 7087 7084 7095
f 7100 7095 7098
f 7085 7086 7084
f 7098 7099 7100
f 7103 7102 7101
f 6351 6348 6349
f 6350 6348 6351
f 7021 7020 7022
f 7026 7029 7028
f 7032 7029 7036
f 7029 7030 7028
f 7023 7024 6356
f 6262 6263 6264
f 6275 6276 6273
f 7036 7027 6357
f 7101 7104 7103
f 7033 7032 7034
f 7032 7031 7034
f 7038 7041 7040
f 7044 7041 7048
f 7041 7042 7040
f 6291 6280 6288
f 7035 6357 6281
f 7035 7036 6357
f 6290 6291 6288
f 7048 7039 6358
f 6294 6358 6290
f 7045 7044 7046
f 7044 7043 7046
f 7050 7053 7052
f 7055 7053 7058
f 7053 7054 7052
f 7047 7048 6358
f 6294 6295 6296
f 6304 6305 6302
f 7058 7051 6359
f 6307 6359 6304
f 7058 7059 7055
f 7056 7055 7057
f 7060 7063 7057
f 7059 7061 7060
f 7125 7064 7065
f 7066 7064 7062
f 7061 7062 7060
f 7065 7064 7066
f 6308 6314 6361
f 6307 6360 6359
f 7061 7059 6360
f 6360 6361 7061
f 6363 6362 6316
f 7061 6361 6362
f 6318 6363 6316
f 6362 7062 7061
f 7125 7127 7123
f 7128 7127 7125
f 7066 7067 7065
f 7125 7065 7126
f 7065 7067 7126
f 7068 7136 7133
f 6319 6325 6365
f 6318 6364 6363
f 7068 7067 6364
f 6364 6365 7068
f 6369 6368 6327
f 7068 6365 6368
f 6371 6368 6369
f 6329 6369 6327
f 7134 7132 7133
f 7133 7132 7126
f 7137 7141 7134
f 7138 7137 7139
f 7137 7136 7139
f 7139 7136 6371
f 7147 7140 7069
f 7069 7149 7147
f 6329 6370 6369
f 6369 6370 6371
f 6329 6367 6370
f 6375 6382 7069
f 7069 6382 7149
f 7142 7138 7145
f 7148 7145 7147
f 7139 7140 7138
f 7150 7152 7148
f 7153 7152 7150
f 7150 7149 7151
f 6371 7140 7139
f 6372 6375 6367
f 6372 6374 6375
f 6382 6380 6383
f 6381 6383 6380
f 7162 7163 7157
f 7151 7161 7156
f 7164 7163 7162
f 7161 7151 6383
f 7162 7161 6387
f 6387 6381 6384
f 6384 6386 6387
f 7162 6395 7164
f 5887 5886 5889
f 5888 5887 5889
f 7009 5956 5803
f 5889 5803 5956
f 7171 7180 7168
f 7171 7168 7170
f 7177 7182 7173
f 7183 7172 7174
f 7170 6406 7171
f 6424 6403 6409
f 7171 6424 7172
f 6418 6424 6409
f 7174 7172 6422
f 6419 6422 6418
f 7079 7089 7081
f 7175 7080 7178
f 7175 7176 7089
f 7094 7093 7090
f 7088 7093 7092
f 7091 7093 7088
f 7090 7093 7091
f 7093 7094 7092
f 6335 6334 6336
f 6421 6336 7081
f 7089 6421 7081
f 6421 6423 6420
f 7174 7176 7173
f 7173 7176 7175
f 6423 6419 6420
f 6422 6419 6423
f 7153 7158 7159
f 7158 7153 7156
f 7157 7158 7156
f 7159 7158 7160
f 7158 7157 7160
f 7165 7163 7164
f 7165 7196 7193
f 7194 7166 7193
f 6395 6386 6392
f 6394 6395 6392
f 6397 6428 6394
f 6430 7196 7165
f 7196 7197 7193
f 7198 7197 7199
f 7197 7196 7199
f 7199 7196 6430
f 6397 6429 6428
f 6428 6429 6430
f 6431 6430 6429
f 6397 6427 6429
f 6427 6431 6429
f 7201 7198 7204
f 7205 7206 7204
f 7198 7205 7204
f 7210 7205 7209
f 7212 7211 7210
f 7210 7209 6435
f 6431 6435 7209
f 6432 6434 6435
f 7210 6442 7212
f 7078 5956 7009
f 5993 5994 5955
f 5993 5956 7078
f 5956 5993 5889
f 7009 7006 7010
f 7008 7010 7006
f 7222 7231 7219
f 7222 7219 7221
f 7228 7233 7224
f 7234 7223 7225
f 7221 6449 7222
f 6465 6447 6452
f 7222 6465 7223
f 6458 6465 6452
f 7225 7223 6462
f 6459 6462 6458
f 7168 7181 7170
f 7226 7169 7229
f 7226 7227 7181
f 7186 7185 7182
f 7180 7185 7184
f 7183 7185 7180
f 7182 7185 7183
f 7185 7186 7184
f 6405 6403 6406
f 6461 6406 7170
f 7181 6461 7170
f 6461 6463 6460
f 7225 7227 7224
f 7224 7227 7226
f 6463 6459 6460
f 6462 6459 6463
f 7206 7211 7214
f 7213 7211 7212
f 7213 7246 7243
f 7244 7214 7243
f 6442 6434 6440
f 6442 6472 7212
f 6466 6473 6472
f 6472 7213 7212
f 7246 7247 7243
f 7248 7247 7249
f 7247 7246 7249
f 6470 6473 6466
f 6473 6470 6474
f 6471 6474 6470
f 7251 7248 7254
f 7255 7256 7254
f 7248 7255 7254
f 7260 7255 7259
f 7262 7261 7260
f 7259 7249 6474
f 7260 7259 6478
f 6478 6471 6475
f 6475 6477 6478
f 7260 6485 7262
f 7008 7015 7016
f 7010 7218 7216
f 7167 7078 7216
f 7275 7281 7271
f 7282 7278 7270
f 7282 7270 7272
f 7278 6503 7270
f 7270 6503 6494
f 7272 7270 6494
f 7219 7232 7221
f 7273 7220 7276
f 7273 7274 7232
f 7237 7236 7233
f 7231 7236 7235
f 7234 7236 7231
f 7233 7236 7234
f 7236 7237 7235
f 6448 6447 6449
f 6493 6449 7221
f 7232 6493 7221
f 6493 6495 6492
f 7272 7274 7271
f 7271 7274 7273
f 6495 6491 6492
f 6494 6491 6495
f 7256 7261 7264
f 7263 7261 7262
f 7263 7293 7290
f 7291 7264 7290
f 6485 6477 6484
f 6485 6510 7262
f 6505 6511 6510
f 6510 7263 7262
f 7293 7295 7290
f 7299 7296 7295
f 7299 7295 7300
f 7298 7300 7294
f 7298 7294 6515
f 6509 6511 6505
f 7294 7293 6511
f 6513 6515 6509
f 7167 7216 7217
f 7217 7215 7167
f 7314 7306 7279
f 7284 7283 7281
f 7280 7283 7315
f 7281 7283 7282
f 7279 7306 6521
f 7279 6521 6534
f 6502 6535 6532
f 7278 7280 6535
f 6503 6502 6499
f 6535 7280 7279
f 7309 7308 7307
f 7312 7306 7307
f 7307 7306 7314
f 7314 7315 7317
f 7316 7317 7315
f 6521 7306 7312
f 6521 6526 6534
f 6526 6521 7312
f 6527 6524 6526
f 6532 6534 6533
f 7299 7302 7303
f 7300 7298 7304
f 7298 6515 6540
f 7304 7298 6540
f 7304 7305 7302
f 7302 7305 7323
f 7305 7324 7323
f 6517 6541 6540
f 6517 6539 6541
f 6539 6542 6541
f 7331 7332 7330
f 7323 7329 7325
f 7330 7332 7329
f 7330 7324 7335
f 7335 7324 6542
f 6542 6547 7335
f 6547 6546 6548
f 6543 6546 6547
f 5994 5992 5955
f 5994 5995 5992
f 7344 7348 7341
f 7341 7348 7349
f 6558 6567 6563
f 7308 7321 7313
f 7342 7310 7345
f 7308 7309 7310
f 7342 7343 7321
f 6525 6524 6527
f 6560 6527 7313
f 7321 6560 7313
f 6560 6561 6559
f 7341 7343 7342
f 7354 7353 7349
f 6561 7343 7353
f 7354 6567 7353
f 6561 6558 6559
f 7336 7337 7331
f 7331 7337 7338
f 7337 7339 7338
f 7358 7340 7338
f 7359 7340 7358
f 7336 6548 6571
f 7336 6571 7337
f 7339 7337 6571
f 6571 6548 6576
f 6571 6576 7339
f 6574 6576 6554
f 7339 6580 7362
f 7363 7366 7357
f 7360 7363 7357
f 7360 7359 7358
f 7364 7363 7362
f 6585 6572 6586
f 6575 6572 6585
f 6580 6585 7364
f 7364 7362 6580
f 7350 7348 7351
f 7348 7350 7349
f 6565 6593 6588
f 6594 6593 6565
f 6593 6595 6588
f 6596 6593 6594
f 6596 6595 6593
f 7377 7383 7373
f 7384 7381 7372
f 7384 7372 7374
f 7381 6603 7372
f 6588 6595 6592
f 6599 6592 6603
f 7375 7355 7350
f 7375 7376 7355
f 7354 6594 6567
f 7355 7376 6596
f 7374 7376 7373
f 7373 7376 7375
f 6596 7376 7374
f 7357 7366 7369
f 7368 7366 7367
f 7368 7392 7389
f 7390 7369 7389
f 6586 6572 6584
f 6586 6610 7367
f 6605 6611 6610
f 6610 7368 7367
f 7393 7397 7388
f 7391 7393 7388
f 7391 7390 7389
f 7394 7393 7392
f 7398 7394 6618
f 6609 6611 6605
f 7394 7392 6611
f 6614 6618 6609
f 7386 7385 7383
f 7382 7385 7403
f 7403 7405 7382
f 7383 7385 7384
f 6602 6626 6621
f 6626 6627 6621
f 7381 7382 6626
f 6603 6602 6599
f 7407 7405 7403
f 7407 7408 7415
f 7416 7407 7415
f 7416 7413 7406
f 6633 6619 6632
f 6632 6619 6622
f 7406 6632 6627
f 6627 7405 7406
f 7388 7397 7400
f 7399 7397 7398
f 7399 7426 7423
f 7424 7400 7423
f 6636 6641 6617
f 6636 6642 6641
f 6641 7399 7398
f 6618 6614 6617
f 7427 7431 7420
f 7425 7427 7420
f 7425 7424 7423
f 7428 7427 7426
f 6648 6634 6649
f 6637 6634 6648
f 6642 6648 7428
f 7428 7426 6642
f 7418 7417 7415
f 7414 7417 7437
f 7437 7439 7414
f 7415 7417 7416
f 6631 6619 6633
f 7413 6656 6633
f 6656 6657 6651
f 7413 7414 6656
f 7441 7439 7437
f 7441 7442 7448
f 7449 7441 7448
f 7449 7447 7440
f 7447 6664 7440
f 6651 6657 6655
f 6657 7439 7440
f 6660 6655 6664
f 7455 7457 7421
f 7455 7421 7433
f 7431 7435 7433
f 7435 7431 7432
f 7435 7434 7433
f 6649 6634 6647
f 6666 7456 7434
f 6679 6666 7434
f 6649 6680 7432
f 6680 7435 7432
f 6680 7434 7435
f 7462 7463 7461
f 7455 7460 7457
f 7461 7463 7460
f 7461 7456 7467
f 7467 7456 6666
f 6671 6666 6679
f 6666 6671 7467
f 6671 6669 6672
f 6679 6677 6678
f 7450 7448 7451
f 7449 7453 7447
f 6663 6688 6683
f 6688 6689 6683
f 6664 6663 6660
f 6690 6689 6688
f 6683 6689 6687
f 6687 6689 6691
f 6689 6690 6691
f 7450 7454 7453
f 7470 7454 7450
f 7470 7471 7454
f 7454 6690 7453
f 7454 7471 6690
f 7478 7477 7476
f 7475 7470 7472
f 7478 7476 7475
f 7481 7471 7476
f 7482 6696 7481
f 6691 7481 6696
f 7499 7492 7488
f 7497 7500 7487
f 7500 7489 7487
f 7497 7487 6717
f 7487 6709 6717
f 7489 6709 7487
f 7468 7469 7462
f 7490 7493 7464
f 7463 7462 7464
f 7469 7491 7490
f 6672 6669 6670
f 7468 6672 6708
f 7468 6708 7469
f 6707 6710 6708
f 7488 7491 7489
f 7490 7491 7488
f 6707 6706 6710
f 6710 6706 6709
f 6692 6696 6695
f 7477 7483 7482
f 7484 7483 7477
f 7485 7483 7484
f 7505 7484 7486
f 7506 7505 7486
f 7483 6720 7482
f 7483 7485 6720
f 6720 6719 6695
f 7485 6728 6724
f 7508 6728 7485
f 7510 7508 7505
f 7510 7511 7514
f 7515 7510 7514
f 7515 7513 7509
f 6721 6719 6724
f 6735 6722 6734
f 6724 6728 6734
f 7509 6734 6728
f 6728 7508 7509
f 7499 7501 7502
f 7528 7501 7498
f 7498 7532 7528
f 7500 7501 7499
f 6741 6746 6716
f 6741 6747 6746
f 6746 7498 7497
f 6717 6713 6716
f 7530 7534 7523
f 7527 7522 7533
f 7530 7529 7528
f 7533 7534 7535
f 7535 7534 7532
f 7533 6739 7527
f 6742 6737 6753
f 6753 7533 7535
f 6747 6753 7535
f 7535 7532 6747
f 7517 7514 7518
f 7515 7519 7513
f 6732 6722 6735
f 6735 6733 6732
f 7513 7519 6761
f 6761 6736 6733
f 7517 7520 7519
f 7538 7520 7517
f 7538 7539 7520
f 6762 6736 6761
f 6762 6760 6736
f 6762 6763 6760
f 7543 7538 7540
f 7545 7544 7543
f 7546 7539 7544
f 7544 7548 7546
f 7548 7550 7551
f 6763 7539 7546
f 7548 6767 7546
f 6767 6763 7546
f 6767 6766 6764
f 7551 6774 7548
f 7567 7581 7562
f 7566 7567 7562
f 7569 7567 7566
f 7566 7574 7569
f 7571 7569 7570
f 7582 7568 6795
f 7568 6784 6795
f 7571 6784 7568
f 7527 7537 7522
f 7572 7576 7524
f 7523 7522 7524
f 7537 7573 7572
f 6739 6737 6738
f 7527 6739 6783
f 7527 6783 7537
f 6782 6785 6783
f 7570 7573 7571
f 7572 7573 7570
f 6782 6781 6785
f 6785 6781 6784
f 7552 7550 7545
f 7552 7553 7550
f 7559 7553 7557
f 7552 7554 7553
f 6773 6766 6774
f 7551 6804 6774
f 6804 6805 6797
f 6806 6805 6804
f 6797 6805 6802
f 6802 6805 6807
f 6805 6806 6807
f 6807 6803 6802
f 7557 7560 7559
f 7587 7560 7557
f 7587 7588 7560
f 7560 6806 7559
f 7560 7588 6806
f 7598 7597 7593
f 7592 7587 7589
f 7594 7588 7593
f 7593 7597 7594
f 7599 7598 7595
f 7595 7600 7599
f 7599 7600 7603
f 7604 7599 7603
f 7604 7598 7599
f 7597 6811 7594
f 6808 6803 6811
f 6811 6810 6808
f 7602 6819 7597
f 7561 7563 7623
f 7618 7561 7623
f 7621 7631 7613
f 7619 7621 7613
f 7624 7621 7619
f 7624 7623 7625
f 7626 7624 7625
f 7632 7622 6849
f 7622 6841 6849
f 7626 6841 7622
f 7627 7564 7583
f 7581 7585 7583
f 7585 7581 7582
f 7585 7584 7583
f 6792 6775 6850
f 6842 7628 7584
f 6775 6840 6850
f 7584 6851 6850
f 6851 7585 7582
f 6795 6790 6794
f 6851 7584 7585
f 7627 7625 7623
f 7625 7628 7626
f 7627 7628 7625
f 6840 6839 6842
f 6842 6839 6841
f 7606 7603 7607
f 7604 7608 7602
f 6816 6810 6819
f 6819 6818 6816
f 7602 7608 6854
f 6854 6821 6818
f 7606 7609 7608
f 7636 7609 7606
f 7641 7644 7610
f 6855 6821 6854
f 7609 7610 6855
f 6855 6853 6821
f 7610 6866 6859
f 7644 6866 7610
f 7640 7636 7637
f 7642 7641 7640
f 7641 7636 7640
f 7642 7648 7645
f 7647 7645 7646
f 7644 7645 7647
f 6856 6853 6859
f 6858 6856 6859
f 6864 6866 6867
f 6867 6865 6864
f 7658 7657 7653
f 7652 7646 7649
f 7653 7646 7652
f 7653 7657 7655
f 7659 7658 7656
f 7656 7660 7659
f 7659 7660 7663
f 7664 7659 7663
f 7664 7658 7659
f 7647 7655 6867
f 7657 6871 7655
f 6868 6865 6871
f 6871 6870 6868
f 7662 6879 7657
f 7666 7675 7674
f 7672 7666 7674
f 7674 7675 7676
f 7674 6884 7672
f 6893 6884 7674
f 7676 6893 7674
f 7703 7710 7709
f 7707 7703 7709
f 7709 7710 7711
f 7709 6921 7707
f 6935 6921 7709
f 7711 6935 7709
f 6930 6938 6928
f 7715 7727 7722
f 7720 7715 7722
f 7729 7724 7723
f 7729 7723 7735
f 7722 7727 7728
f 6936 6928 6939
f 6939 6928 6938
f 6951 6939 7722
f 6949 6941 6951
f 6949 6951 6952
f 7612 7614 7746
f 7740 7612 7746
f 7744 7743 7737
f 7736 7723 7724
f 7723 7737 7735
f 7737 7723 7736
f 7747 7744 7741
f 7747 7746 7748
f 7749 7747 7748
f 7743 7744 7745
f 6953 6950 6955
f 6955 6950 6954
f 6965 6955 7743
f 6965 7743 7745
f 6960 6958 6965
f 7749 6963 7745
f 6963 6961 6960
f 7750 7615 7633
f 7631 7635 7633
f 7635 7631 7632
f 7635 7634 7633
f 6846 6830 6966
f 6964 7751 7634
f 6830 6962 6966
f 7634 6967 6966
f 6967 7635 7632
f 6849 6844 6848
f 6967 7634 7635
f 7750 7748 7746
f 7748 7751 7749
f 7750 7751 7748
f 6962 6961 6964
f 6964 6961 6963
f 7667 7663 7668
f 7664 7673 7662
f 6876 6870 6879
f 6879 6878 6876
f 7662 7673 6968
f 6968 6882 6878
f 7669 7667 7668
f 7666 7667 7669
f 7677 7678 7675
f 7684 7678 7681
f 7677 7679 7678
f 7672 6968 7673
f 6883 6882 6884
f 6893 6892 6890
f 7676 7684 6969
f 6969 6895 6892
f 7681 7685 7684
f 7683 7681 7682
f 7686 7683 7689
f 7687 7685 7686
f 7688 7690 7695
f 7688 7687 7686
f 7695 7690 7692
f 7689 7691 7690
f 6902 6896 6971
f 6970 6895 6969
f 7685 7687 6970
f 6970 7687 6971
f 6904 6972 6973
f 7687 6972 6971
f 6973 6907 6904
f 6972 7687 7688
f 7692 7696 7695
f 7694 7692 7693
f 7697 7694 7700
f 7698 7696 7697
f 7699 7701 7708
f 7699 7698 7697
f 7708 7701 7704
f 7700 7702 7701
f 6914 6908 6975
f 6974 6907 6973
f 7696 7698 6974
f 6974 7698 6975
f 6916 6976 6977
f 7698 6976 6975
f 6977 6919 6916
f 6976 7698 7699
f 7706 7704 7705
f 7703 7704 7706
f 7712 7713 7710
f 7721 7713 7716
f 7712 7714 7713
f 7707 6977 7708
f 6920 6919 6921
f 6935 6934 6932
f 7711 7721 6978
f 7718 7716 7717
f 7715 7716 7718
f 7729 7731 7732
f 7730 7731 7727
f 7730 7732 7731
f 7720 6938 6978
f 7720 6978 7721
f 7728 6979 6952
f 7728 7739 6979
f 6979 6954 6952
f 7738 7739 7735
f 7738 6954 6979
f 7738 6979 7739
f 7087 7096 7090
f 7782 7788 7776
f 7782 7776 7780
f 7787 7789 7784
f 7790 7783 7785
f 7097 7087 7095
f 7096 7087 7097
f 7107 7782 7097
f 7782 7107 7783
f 7102 7107 7100
f 7785 7783 7105
f 7103 7105 7102
f 7797 7786 7767
f 7767 7799 7797
f 7022 7028 7108
f 7767 7786 7106
f 7108 7104 7022
f 7110 7109 7030
f 7767 7108 7109
f 7112 7109 7110
f 7033 7110 7030
f 7787 7784 7794
f 7798 7794 7797
f 7785 7786 7784
f 7800 7804 7798
f 7801 7800 7802
f 7800 7799 7802
f 7106 7103 7104
f 7105 7103 7106
f 7802 7799 7112
f 7811 7803 7768
f 7768 7813 7811
f 7034 7040 7113
f 7033 7111 7110
f 7110 7111 7112
f 7111 7113 7768
f 7115 7114 7042
f 7768 7113 7114
f 7117 7114 7115
f 7045 7115 7042
f 7805 7801 7808
f 7812 7808 7811
f 7802 7803 7801
f 7814 7818 7812
f 7815 7814 7816
f 7814 7813 7816
f 7112 7803 7802
f 7816 7813 7117
f 7824 7817 7769
f 7769 7826 7824
f 7046 7052 7118
f 7045 7116 7115
f 7115 7116 7117
f 7116 7118 7769
f 7120 7119 7054
f 7769 7118 7119
f 7122 7119 7120
f 7056 7120 7054
f 7819 7815 7822
f 7825 7822 7824
f 7816 7817 7815
f 7827 7831 7825
f 7828 7827 7829
f 7827 7826 7829
f 7117 7817 7816
f 7829 7826 7122
f 7837 7830 7770
f 7770 7839 7837
f 7057 7063 7124
f 7056 7121 7120
f 7120 7121 7122
f 7121 7124 7770
f 7123 7124 7063
f 7770 7129 7839
f 7832 7828 7835
f 7838 7835 7837
f 7829 7830 7828
f 7840 7844 7838
f 7841 7840 7842
f 7840 7839 7842
f 7122 7830 7829
f 7127 7129 7123
f 7129 7127 7130
f 7128 7130 7127
f 7850 7843 7771
f 7771 7852 7850
f 7771 7843 7131
f 7771 7131 7135
f 7135 7143 7771
f 7771 7143 7852
f 7845 7841 7848
f 7851 7848 7850
f 7842 7843 7841
f 7853 7855 7851
f 7856 7855 7853
f 7853 7852 7854
f 7130 7128 7131
f 7132 7134 7135
f 7143 7141 7144
f 7142 7144 7141
f 7865 7866 7860
f 7854 7864 7859
f 7867 7866 7865
f 7864 7854 7144
f 7865 7864 7146
f 7146 7142 7145
f 7154 7865 7146
f 7152 7154 7148
f 7155 7154 7152
f 7153 7155 7152
f 7876 7879 7874
f 7874 7879 7882
f 7177 7187 7182
f 7889 7875 7772
f 7773 7774 7890
f 7781 7774 7773
f 7777 7774 7781
f 7080 7092 7188
f 7772 7875 7179
f 7188 7178 7080
f 7190 7189 7094
f 7772 7188 7189
f 7189 7773 7772
f 7876 7874 7883
f 7892 7883 7889
f 7887 7886 7882
f 7889 7890 7892
f 7891 7892 7890
f 7179 7875 7886
f 7887 7187 7886
f 7179 7177 7178
f 7778 7777 7779
f 7777 7776 7779
f 7793 7792 7789
f 7788 7792 7791
f 7790 7792 7788
f 7789 7792 7790
f 7792 7793 7791
f 7780 7190 7096
f 7780 7781 7190
f 7856 7861 7862
f 7861 7856 7859
f 7860 7861 7859
f 7862 7861 7863
f 7861 7860 7863
f 7907 7869 7870
f 7866 7869 7868
f 7870 7869 7871
f 7867 7155 7191
f 7871 7867 7191
f 7907 7909 7905
f 7910 7909 7907
f 7871 7872 7870
f 7907 7870 7908
f 7870 7872 7908
f 7873 7917 7915
f 7160 7166 7195
f 7159 7192 7191
f 7873 7872 7192
f 7192 7195 7873
f 7194 7195 7166
f 7873 7202 7917
f 7916 7913 7915
f 7915 7913 7908
f 7918 7920 7916
f 7921 7920 7918
f 7918 7917 7919
f 7200 7202 7194
f 7202 7200 7203
f 7201 7203 7200
f 7919 7928 7924
f 7929 7924 7928
f 7928 7919 7203
f 7207 7201 7204
f 7207 7206 7208
f 7204 7206 7207
f 7936 7940 7934
f 7934 7940 7943
f 7228 7238 7233
f 7949 7935 7877
f 7881 7880 7879
f 7878 7880 7950
f 7888 7880 7878
f 7169 7184 7239
f 7877 7935 7230
f 7239 7229 7169
f 7241 7240 7186
f 7877 7239 7240
f 7240 7878 7877
f 7936 7934 7944
f 7952 7944 7949
f 7947 7946 7943
f 7949 7950 7952
f 7951 7952 7950
f 7230 7935 7946
f 7947 7238 7946
f 7230 7228 7229
f 7887 7882 7888
f 7887 7241 7187
f 7887 7888 7241
f 7921 7925 7926
f 7925 7921 7924
f 7926 7925 7927
f 7931 7933 7927
f 7930 7932 7931
f 7958 7933 7931
f 7959 7933 7958
f 7929 7208 7242
f 7929 7242 7930
f 7932 7930 7242
f 7242 7208 7245
f 7242 7245 7932
f 7244 7245 7214
f 7932 7252 7961
f 7961 7962 7958
f 7966 7964 7962
f 7962 7961 7963
f 7250 7252 7244
f 7252 7250 7253
f 7251 7253 7250
f 7963 7972 7968
f 7973 7968 7972
f 7972 7963 7253
f 7257 7251 7254
f 7257 7256 7258
f 7254 7256 7257
f 7980 7982 7978
f 7978 7982 7985
f 7275 7285 7281
f 7992 7979 7938
f 7942 7941 7940
f 7939 7941 7993
f 7948 7941 7939
f 7220 7235 7286
f 7938 7979 7277
f 7286 7276 7220
f 7288 7287 7237
f 7938 7286 7287
f 7287 7939 7938
f 7980 7978 7986
f 7995 7986 7992
f 7990 7989 7985
f 7992 7993 7995
f 7994 7995 7993
f 7277 7979 7989
f 7990 7285 7989
f 7277 7275 7276
f 7947 7943 7948
f 7947 7288 7238
f 7947 7948 7288
f 7966 7969 7970
f 7969 7966 7968
f 7970 7969 7971
f 7975 7977 7971
f 7974 7976 7975
f 8002 7977 7975
f 8003 7977 8002
f 7973 7258 7289
f 7973 7289 7974
f 7976 7974 7289
f 7289 7258 7292
f 7289 7292 7976
f 7291 7292 7264
f 7976 7297 8005
f 8005 8007 8002
f 8011 8008 8007
f 8011 8007 8012
f 8010 8012 8006
f 8010 8006 7301
f 7296 7297 7291
f 8006 8005 7297
f 7299 7301 7296
f 7984 7983 7982
f 7981 7983 8022
f 7991 7983 7981
f 8022 8025 7981
f 7284 7318 7316
f 7319 7318 7284
f 7318 7320 7316
f 8019 8027 8024
f 8026 8018 8021
f 8023 8024 8022
f 8026 8028 8027
f 8025 8027 8028
f 8021 7311 8026
f 7322 7309 7317
f 8026 7322 8028
f 8028 7322 7320
f 7320 8025 8028
f 7990 7985 7991
f 7990 7319 7285
f 7990 7991 7319
f 8012 8010 8016
f 8035 8013 8036
f 8010 7301 7326
f 8016 8010 7326
f 8036 8040 8035
f 8044 8037 8045
f 8016 8017 8015
f 8036 8015 8038
f 8015 8017 8038
f 8017 8039 8038
f 7303 7327 7326
f 7303 7325 7327
f 7325 7328 7327
f 8038 8037 8036
f 8038 8039 8037
f 8050 8045 8049
f 8049 8039 7328
f 7328 7333 8049
f 7333 7332 7334
f 7329 7332 7333
f 7344 7352 7348
f 8018 8032 8021
f 8053 8020 8055
f 8018 8019 8020
f 8053 8054 8032
f 7310 7309 7311
f 7346 7311 8021
f 8032 7346 8021
f 7346 7347 7345
f 8059 8058 8057
f 8056 8053 8055
f 8059 8057 8056
f 8062 8054 8057
f 7347 8054 8062
f 8063 7352 8062
f 7347 7344 7345
f 8044 8046 8047
f 8046 8044 8045
f 8046 8051 8070
f 8052 8080 8079
f 8050 7334 7356
f 8050 7356 8051
f 8052 8051 7356
f 7356 7334 7361
f 7356 7361 8052
f 7359 7361 7340
f 8052 7365 8080
f 8081 8083 8075
f 8070 8074 8071
f 8079 8074 8070
f 8080 8081 8079
f 8082 8081 8080
f 7370 7357 7371
f 7360 7357 7370
f 7365 7370 8082
f 8082 8080 7365
f 7348 7352 7351
f 8090 8094 8087
f 8087 8094 8095
f 7377 7387 7383
f 8058 8068 8063
f 8088 8060 8091
f 8058 8059 8060
f 8088 8089 8068
f 8068 7379 8063
f 7379 7378 7351
f 7379 7380 7378
f 8087 8089 8088
f 8100 8099 8095
f 7380 8089 8099
f 8100 7387 8099
f 7380 7377 7378
f 8102 8103 8076
f 8102 8076 8085
f 8102 8085 8111
f 8083 8086 8085
f 8086 8083 8084
f 7371 7357 7369
f 7371 7395 8084
f 7390 7396 7395
f 7395 8086 8084
f 8113 8115 8107
f 8102 8106 8103
f 8111 8106 8102
f 8112 8113 8111
f 8114 8113 8112
f 7401 7388 7402
f 7391 7388 7401
f 7396 7401 8114
f 8114 8112 7396
f 8096 8094 8097
f 8094 8096 8095
f 7386 7409 7404
f 7410 7409 7386
f 7409 7411 7404
f 7412 7409 7410
f 7412 7411 7409
f 8124 8129 8120
f 8130 8128 8119
f 8130 8119 8121
f 8128 7419 8119
f 7404 7411 7408
f 7415 7408 7419
f 8122 8101 8096
f 8122 8123 8101
f 8100 7410 7387
f 8101 8123 7412
f 8121 8123 8120
f 8120 8123 8122
f 7412 8123 8121
f 8136 8137 8108
f 8136 8108 8117
f 8136 8117 8147
f 8115 8118 8117
f 8118 8115 8116
f 7402 7388 7400
f 7402 7429 8116
f 7424 7430 7429
f 7429 8118 8116
f 8136 8140 8137
f 8147 8140 8136
f 8146 8141 8149
f 8148 8150 8147
f 8149 8150 8151
f 8151 8150 8148
f 8149 7422 8146
f 7425 7420 7436
f 7436 8149 8151
f 7430 7436 8151
f 8151 8148 7430
f 8131 8129 8132
f 8130 8134 8128
f 7418 7443 7438
f 7443 7444 7438
f 7419 7418 7415
f 7445 7444 7443
f 8156 8160 8153
f 8153 8160 8161
f 7438 7444 7442
f 7442 7444 7446
f 7444 7445 7446
f 8131 8135 8134
f 8154 8135 8131
f 8154 8155 8135
f 8135 7445 8134
f 8135 8155 7445
f 8153 8155 8154
f 8166 8165 8161
f 8166 7452 8165
f 7446 8165 7452
f 8177 8171 8168
f 8177 8168 8180
f 8146 8152 8141
f 8169 8172 8143
f 8142 8141 8143
f 8152 8170 8169
f 7422 7420 7421
f 8146 7422 7458
f 8146 7458 8152
f 7457 7459 7458
f 8169 8170 8168
f 8183 8180 8182
f 8182 8170 7459
f 7459 7465 8182
f 7465 7463 7466
f 7460 7463 7465
f 8162 8160 8163
f 8160 8162 8161
f 7448 7452 7451
f 8185 8167 8162
f 8185 8186 8167
f 8167 7473 8166
f 7473 7472 7451
f 7473 7474 7472
f 8193 8192 8191
f 8190 8185 8187
f 8193 8191 8190
f 8195 8186 8191
f 7474 8186 8195
f 7479 7474 8195
f 7480 7478 7479
f 7479 7478 7475
f 8181 8177 8180
f 8204 8178 8206
f 8206 8211 8204
f 8214 8219 8205
f 8219 8208 8205
f 8214 8205 7503
f 8205 7495 7503
f 8208 7495 8205
f 8206 8181 8209
f 8181 8184 8209
f 8184 8210 8209
f 7466 7463 7464
f 8183 7466 7494
f 8183 7494 8184
f 7493 7496 7494
f 8209 8207 8206
f 8207 8210 8208
f 8209 8210 8207
f 7493 7492 7496
f 7496 7492 7495
f 8192 8197 8196
f 8198 8197 8192
f 8199 8197 8198
f 8225 8198 8200
f 8226 8225 8200
f 7504 7480 8196
f 8197 7504 8196
f 8197 8199 7504
f 7504 7507 7480
f 7504 8199 7507
f 7506 7486 7507
f 8227 7512 8199
f 8229 8227 8225
f 8229 8230 8235
f 8236 8229 8235
f 8236 8234 8228
f 8234 7516 8228
f 7506 7512 7511
f 7512 8227 8228
f 7514 7511 7516
f 8252 8246 8243
f 8252 8243 8256
f 8244 8247 8202
f 8244 8202 8215
f 8215 8202 8220
f 8218 8221 8222
f 8217 8216 8215
f 8219 8221 8218
f 8220 8222 8221
f 7521 8245 8216
f 7531 7521 8216
f 7529 7536 7502
f 7536 8217 8214
f 7503 7499 7502
f 7536 8216 8217
f 8244 8245 8243
f 8258 8256 8257
f 8257 8245 7521
f 7525 7521 7531
f 7521 7525 8257
f 7525 7523 7526
f 7531 7529 7530
f 8237 8235 8238
f 8236 8240 8234
f 8234 7541 7516
f 8234 8240 7541
f 8237 8241 8240
f 8260 8241 8237
f 8264 8267 8242
f 7542 7518 7541
f 8241 8242 7542
f 7542 7540 7518
f 8242 7549 7547
f 8267 7549 8242
f 8263 8260 8261
f 8265 8264 8263
f 8264 8260 8263
f 8265 8270 8269
f 8269 8270 8273
f 8274 8269 8273
f 8274 8272 8268
f 7543 7540 7547
f 7556 7545 7555
f 7547 7549 7555
f 8268 7555 7549
f 7549 8267 8268
f 8290 8284 8283
f 8290 8283 8296
f 8252 8253 8254
f 8301 8253 8251
f 8251 8253 8259
f 8251 8305 8301
f 7578 8251 8259
f 7578 8305 8251
f 8307 8306 8298
f 8297 8283 8284
f 8283 8298 8296
f 8298 8283 8297
f 8303 8302 8301
f 8306 8307 8308
f 8308 8307 8305
f 8306 7565 8299
f 7566 7562 7586
f 7586 8306 8308
f 7574 7566 7586
f 7579 7575 7574
f 8258 8259 8256
f 7526 7523 7524
f 8258 7526 7577
f 7580 7578 7577
f 7576 7580 7577
f 7578 7580 7579
f 7576 7575 7580
f 7580 7575 7579
f 8276 8273 8277
f 8274 8278 8272
f 7552 7545 7556
f 7556 7554 7552
f 8272 8278 7590
f 7590 7558 7554
f 8276 8279 8278
f 8310 8279 8276
f 8315 8318 8280
f 7591 7558 7590
f 8279 8280 7591
f 7591 7589 7558
f 8280 7601 7596
f 8318 7601 8280
f 8314 8310 8311
f 8316 8315 8314
f 8315 8310 8314
f 8316 8321 8320
f 8320 8321 8325
f 8326 8320 8325
f 8326 8324 8319
f 7592 7589 7596
f 7595 7592 7596
f 8324 7605 8319
f 7601 8318 8319
f 7603 7600 7605
f 8356 8347 8344
f 8356 8344 8362
f 8345 8348 8281
f 8345 8281 8287
f 8287 8281 8291
f 8290 8292 8293
f 8289 8292 8300
f 8289 8288 8287
f 8291 8293 8292
f 7611 8346 8288
f 7620 7611 8288
f 7618 7629 7561
f 7561 7629 7630
f 7630 7563 7561
f 7629 8288 8289
f 8345 8346 8344
f 8364 8362 8363
f 8363 8346 7611
f 7616 7611 7620
f 7611 7616 8363
f 7616 7613 7617
f 7620 7618 7619
f 8299 8300 8296
f 7565 7562 7564
f 8299 7630 8300
f 7564 7563 7565
f 8327 8325 8328
f 8326 8332 8324
f 8324 7638 7605
f 8324 8332 7638
f 8327 8333 8332
f 8329 8327 8328
f 8334 8329 8336
f 8335 8333 8334
f 8337 8339 8368
f 8366 8334 8336
f 7639 7607 7638
f 8333 8335 7639
f 7639 7637 7607
f 8335 7650 7643
f 8367 7650 8335
f 8369 8367 8366
f 8368 8369 8366
f 8369 8368 8370
f 8371 8369 8370
f 8367 8369 8371
f 7640 7637 7643
f 7642 7640 7643
f 7648 7650 7651
f 7651 7649 7648
f 8368 8339 8372
f 8381 8380 8376
f 8376 8370 8375
f 8376 8380 8377
f 8383 8381 8378
f 8378 8386 8383
f 8385 8383 8384
f 8380 8381 8382
f 8371 8377 7651
f 8380 7654 8377
f 7652 7649 7654
f 7665 7654 8380
f 7665 8380 8382
f 7660 7656 7665
f 8385 7661 8382
f 8390 8384 8387
f 8392 8391 8390
f 8391 8384 8390
f 8391 8395 8394
f 8395 8397 8398
f 8385 8394 7661
f 7661 8394 7670
f 7680 7671 8395
f 8398 7680 8395
f 8451 8443 8442
f 8451 8442 8457
f 8340 8341 8468
f 8462 8340 8468
f 8466 8465 8459
f 8458 8442 8443
f 8442 8459 8457
f 8459 8442 8458
f 8469 8466 8463
f 8469 8468 8470
f 8471 8469 8470
f 8465 8466 8467
f 8465 7719 8460
f 7733 7719 8465
f 8467 7725 7734
f 8471 7725 8467
f 8472 8342 8353
f 8353 8342 8357
f 8356 8358 8359
f 8355 8358 8365
f 8355 8354 8353
f 8357 8359 8358
f 7726 8473 8354
f 7742 7726 8354
f 7740 7752 7612
f 7612 7752 7753
f 7753 7614 7612
f 7752 8354 8355
f 8472 8470 8468
f 8470 8473 8471
f 8472 8473 8470
f 7726 7724 7725
f 7741 7736 7742
f 7742 7740 7741
f 8364 8365 8362
f 7617 7613 7615
f 8364 7753 8365
f 7615 7614 7617
f 7663 7670 7668
f 8399 8397 8392
f 8399 8400 8397
f 8409 8400 8404
f 8399 8401 8400
f 7670 7671 7668
f 7669 7668 7671
f 7680 7679 7677
f 8398 8409 7754
f 7754 7682 7679
f 8404 8411 8409
f 8406 8404 8405
f 8412 8406 8415
f 8413 8411 8412
f 8414 8416 8425
f 8414 8413 8412
f 8425 8416 8420
f 8415 8417 8416
f 7689 7683 7756
f 7755 7682 7754
f 8411 8413 7755
f 7755 8413 7756
f 7691 7757 7758
f 8413 7757 7756
f 7758 7693 7691
f 7757 8413 8414
f 8420 8427 8425
f 8422 8420 8421
f 8428 8422 8431
f 8429 8427 8428
f 8430 8432 8441
f 8430 8429 8428
f 8441 8432 8436
f 8431 8433 8432
f 7700 7694 7760
f 7759 7693 7758
f 8427 8429 7759
f 7759 8429 7760
f 7702 7761 7762
f 8429 7761 7760
f 7762 7705 7702
f 7761 8429 8430
f 8436 8447 8441
f 8438 8436 8437
f 8448 8438 8452
f 8449 8447 8448
f 8451 8453 8454
f 8450 8453 8461
f 8450 8449 8448
f 8452 8454 8453
f 7712 7706 7764
f 7763 7705 7762
f 8447 8449 7763
f 7763 8449 7764
f 7714 7765 7766
f 8449 7765 7764
f 7766 7717 7714
f 7765 8449 8450
f 8460 8461 8457
f 8460 7766 8461
f 7718 7717 7719
f 7733 7732 7730
f 7732 7733 7734
f 7734 7729 7732
f 7787 7795 7789
f 8486 8487 8480
f 8486 8480 8484
f 8488 8487 8486
f 7796 7787 7794
f 7795 7787 7796
f 7806 8486 7796
f 7804 7806 7798
f 7807 7806 7804
f 8498 8503 8492
f 8498 8492 8496
f 8502 8504 8500
f 8505 8499 8501
f 7810 7805 7808
f 7809 7805 7810
f 7821 8498 7810
f 8498 7821 8499
f 7818 7821 7812
f 8501 8499 7820
f 7819 7820 7818
f 8516 8510 8515
f 8502 8500 8509
f 8500 8510 8509
f 8515 8510 8513
f 8514 8516 8518
f 8518 8521 8514
f 8519 8518 8520
f 8515 8517 8516
f 8513 8501 7820
f 8515 8513 7823
f 7823 7819 7822
f 7834 8515 7823
f 8515 7834 8517
f 7831 7834 7825
f 8520 8517 7833
f 7832 7833 7831
f 8522 8519 8525
f 8526 8527 8525
f 8519 8526 8525
f 8531 8526 8530
f 8535 8533 8540
f 8535 8532 8533
f 8530 8520 7833
f 8531 8530 7836
f 7836 7832 7835
f 7847 8531 7836
f 8531 7847 8532
f 7844 7847 7838
f 8533 8532 7846
f 7845 7846 7844
f 8546 8547 8541
f 8533 8545 8540
f 8548 8547 8546
f 8545 8533 7846
f 8546 8545 7849
f 7849 7845 7848
f 7857 8546 7849
f 7855 7857 7851
f 7858 7857 7855
f 7856 7858 7855
f 7876 7884 7879
f 7775 7893 7891
f 7894 7893 7775
f 7893 7896 7891
f 7897 7893 7894
f 7778 7894 7775
f 7897 7896 7893
f 8559 8566 8564
f 8565 8558 8562
f 8564 8566 8568
f 8568 8572 8564
f 8569 8568 8570
f 8565 8567 8566
f 7885 7876 7883
f 7884 7876 7885
f 7898 8565 7885
f 8565 7898 8567
f 8567 7898 7896
f 8579 8571 8476
f 8477 8478 8580
f 8485 8478 8477
f 8481 8478 8485
f 7779 7791 7899
f 7778 7895 7894
f 7894 7895 7897
f 7895 7899 8476
f 7901 7900 7793
f 8476 7899 7900
f 7900 8477 8476
f 8573 8569 8578
f 8582 8578 8579
f 8570 8571 8569
f 8579 8580 8582
f 8581 8582 8580
f 7897 8571 8570
f 8482 8481 8483
f 8481 8480 8483
f 8487 8490 8489
f 8493 8490 8497
f 8490 8491 8489
f 8484 7901 7795
f 8484 8485 7901
f 8488 7807 7902
f 8497 8488 7902
f 7807 7809 7902
f 8494 8493 8495
f 8493 8492 8495
f 8508 8507 8504
f 8503 8507 8506
f 8505 8507 8503
f 8504 8507 8505
f 8507 8508 8506
f 8496 7902 7809
f 8496 8497 7902
f 8527 8534 8536
f 8534 8537 8536
f 8535 8537 8534
f 8537 8538 8536
f 8541 8542 8540
f 8543 8542 8544
f 8542 8541 8544
f 8601 8550 8551
f 8547 8550 8549
f 8551 8550 8552
f 8548 7858 7903
f 8552 8548 7903
f 8601 8603 8599
f 8604 8603 8601
f 8552 8553 8551
f 8601 8551 8602
f 8551 8553 8602
f 8554 8611 8609
f 7863 7868 7906
f 7862 7904 7903
f 8554 8553 7904
f 7904 7906 8554
f 7905 7906 7868
f 8554 7911 8611
f 8610 8607 8609
f 8609 8607 8602
f 8612 8614 8610
f 8615 8614 8612
f 8612 8611 8613
f 7909 7911 7905
f 7911 7909 7912
f 7910 7912 7909
f 8624 8625 8619
f 8613 8623 8618
f 8626 8625 8624
f 8623 8613 7912
f 8624 8623 7914
f 7914 7910 7913
f 7922 8624 7914
f 7920 7922 7916
f 7923 7922 7920
f 7921 7923 7920
f 7936 7945 7940
f 8645 8633 8555
f 8648 8557 8560
f 8556 8557 8646
f 8563 8557 8556
f 8560 8557 8563
f 8557 8648 8646
f 8555 8633 7937
f 8555 7937 7953
f 7881 7954 7951
f 7955 7954 7881
f 7954 8556 8555
f 8638 8637 8636
f 8642 8633 8636
f 8636 8633 8645
f 8645 8646 8647
f 8650 8649 8648
f 7937 8633 8642
f 8643 7945 8642
f 7944 7952 7953
f 7951 7953 7952
f 8560 8558 8561
f 8558 8559 8561
f 8562 7955 7884
f 8562 8563 7955
f 8648 8651 8650
f 8615 8620 8621
f 8620 8615 8618
f 8619 8620 8618
f 8621 8620 8622
f 8620 8619 8622
f 8662 8628 8629
f 8625 8628 8627
f 8629 8628 8630
f 8626 7923 7956
f 8630 8626 7956
f 8662 8664 8660
f 8665 8664 8662
f 8630 8631 8629
f 8662 8629 8663
f 8629 8631 8663
f 8632 8673 8672
f 7927 7933 7960
f 7926 7957 7956
f 8632 8631 7957
f 7957 7960 8632
f 7959 7960 7933
f 8632 7965 8673
f 8674 8676 8669
f 8672 8668 8663
f 8673 8674 8672
f 8675 8674 8673
f 8677 8675 7967
f 7964 7965 7959
f 8675 8673 7965
f 7966 7967 7964
f 7980 7987 7982
f 8699 8635 8639
f 8634 8635 8693
f 8644 8635 8634
f 8693 8695 8634
f 8639 8635 8644
f 8635 8699 8693
f 7942 7996 7994
f 7997 7996 7942
f 7996 7998 7994
f 8687 8697 8694
f 8696 8686 8691
f 8701 8700 8699
f 8696 8698 8697
f 8695 8697 8698
f 7988 7980 7986
f 7987 7980 7988
f 7999 8696 7988
f 8696 7999 8698
f 8698 7999 7998
f 7998 8695 8698
f 8639 8637 8640
f 8637 8638 8640
f 8643 7997 7945
f 8643 8644 7997
f 8699 8702 8701
f 8669 8676 8678
f 8710 8679 8680
f 8676 8679 8678
f 8680 8679 8681
f 8677 7967 8000
f 8681 8677 8000
f 8710 8712 8708
f 8713 8712 8710
f 8681 8682 8680
f 8710 8680 8711
f 8680 8682 8711
f 8683 8721 8720
f 7971 7977 8004
f 7970 8001 8000
f 8683 8682 8001
f 8001 8004 8683
f 8003 8004 7977
f 8683 8009 8721
f 8722 8724 8717
f 8720 8716 8711
f 8721 8722 8720
f 8723 8722 8721
f 8725 8723 8014
f 8008 8009 8003
f 8723 8721 8009
f 8011 8014 8008
f 8731 8685 8688
f 8684 8685 8728
f 8692 8685 8684
f 8728 8729 8684
f 8688 8685 8692
f 8685 8731 8728
f 7984 8029 8023
f 8030 8029 7984
f 8029 8031 8023
f 8732 8729 8728
f 8731 8732 8728
f 8740 8732 8739
f 8740 8737 8730
f 8034 8019 8033
f 8033 8019 8024
f 8730 8033 8031
f 8031 8729 8730
f 8688 8686 8689
f 8686 8687 8689
f 8691 8030 7987
f 8691 8692 8030
f 8731 8734 8733
f 8717 8724 8727
f 8726 8724 8725
f 8726 8748 8745
f 8746 8727 8745
f 8035 8041 8013
f 8035 8042 8041
f 8041 8726 8725
f 8014 8011 8013
f 8748 8749 8745
f 8753 8751 8749
f 8749 8748 8750
f 8040 8042 8035
f 8042 8040 8043
f 8750 8758 8756
f 8759 8756 8758
f 8758 8750 8043
f 8048 8759 8758
f 8043 8048 8758
f 6995 6994 6999
f 7000 6999 7001
f 6999 7000 6995
f 6999 6998 7001
f 7001 7002 7000
f 6994 6998 6999
f 8742 8741 8739
f 8738 8741 8764
f 8764 8767 8738
f 8739 8741 8740
f 8064 8055 8020
f 8065 8055 8064
f 8034 8066 8064
f 8737 8066 8034
f 8737 8738 8066
f 8762 8769 8766
f 8768 8761 8763
f 8765 8766 8764
f 8768 8770 8769
f 8767 8769 8770
f 8763 8061 8768
f 8056 8055 8065
f 8768 8069 8770
f 8065 8067 8069
f 8770 8069 8067
f 8067 8767 8770
f 8757 8753 8756
f 8780 8754 8781
f 8047 8048 8044
f 8781 8785 8780
f 8788 8782 8791
f 8781 8757 8783
f 8757 8760 8783
f 8760 8784 8783
f 8759 8072 8760
f 8047 8071 8072
f 8071 8073 8072
f 8783 8782 8781
f 8783 8784 8782
f 8794 8791 8793
f 8793 8784 8073
f 8073 8077 8793
f 8077 8075 8078
f 8074 8075 8077
f 8090 8098 8094
f 8761 8775 8763
f 8776 8775 8761
f 8803 8776 8777
f 8802 8776 8803
f 8804 8803 8777
f 8060 8059 8061
f 8092 8061 8763
f 8775 8092 8763
f 8092 8093 8091
f 8799 8798 8797
f 8800 8796 8797
f 8797 8796 8802
f 8802 8803 8805
f 8804 8805 8803
f 8093 8796 8800
f 8801 8098 8800
f 8093 8090 8091
f 8792 8788 8791
f 8814 8789 8815
f 8815 8819 8814
f 8822 8816 8825
f 8815 8792 8817
f 8792 8795 8817
f 8795 8818 8817
f 8078 8075 8076
f 8794 8078 8104
f 8794 8104 8795
f 8103 8105 8104
f 8817 8816 8815
f 8817 8818 8816
f 8828 8825 8827
f 8827 8818 8105
f 8105 8109 8827
f 8109 8107 8110
f 8106 8107 8109
f 7014 7011 6996
f 7012 7011 7014
f 7013 7012 7014
f 7070 7072 6997
f 8094 8098 8097
f 8124 8133 8129
f 8798 8809 8801
f 8810 8809 8798
f 8838 8810 8811
f 8837 8810 8838
f 8839 8838 8811
f 8809 8126 8801
f 8126 8125 8097
f 8126 8127 8125
f 8833 8832 8831
f 8835 8830 8831
f 8831 8830 8837
f 8837 8838 8840
f 8839 8840 8838
f 8127 8830 8835
f 8836 8133 8835
f 8127 8124 8125
f 8826 8822 8825
f 8847 8823 8848
f 8848 8852 8847
f 8856 8849 8861
f 8848 8826 8850
f 8826 8829 8850
f 8829 8851 8850
f 8110 8107 8108
f 8828 8110 8138
f 8828 8138 8829
f 8137 8139 8138
f 8850 8849 8848
f 8850 8851 8849
f 8863 8861 8862
f 8862 8851 8139
f 8139 8144 8862
f 8144 8142 8145
f 8140 8142 8144
f 7070 7071 7073
f 7073 7072 7070
f 8129 8133 8132
f 8156 8164 8160
f 8832 8843 8836
f 8865 8834 8867
f 8832 8833 8834
f 8865 8866 8843
f 8843 8158 8836
f 8158 8157 8132
f 8158 8159 8157
f 8871 8870 8869
f 8868 8865 8867
f 8871 8869 8868
f 8872 8866 8869
f 8159 8866 8872
f 8873 8164 8872
f 8159 8156 8157
f 8856 8857 8858
f 8889 8857 8855
f 8855 8857 8864
f 8855 8894 8889
f 8174 8855 8864
f 8174 8894 8855
f 8895 8897 8885
f 8891 8895 8885
f 8891 8890 8889
f 8896 8895 8894
f 8898 8896 8179
f 8896 8175 8179
f 8863 8864 8861
f 8145 8142 8143
f 8863 8145 8173
f 8176 8174 8173
f 8172 8176 8173
f 8174 8176 8175
f 8172 8171 8176
f 8176 8171 8175
f 7075 7074 7076
f 7074 7075 7015
f 7076 7077 7075
f 7072 7074 7014
f 8160 8164 8163
f 8870 8878 8873
f 8879 8878 8870
f 8906 8879 8880
f 8905 8879 8906
f 8907 8906 8880
f 8878 8188 8873
f 8188 8187 8163
f 8188 8189 8187
f 8904 8901 8902
f 8902 8901 8905
f 8902 8909 8904
f 8905 8906 8908
f 8907 8908 8906
f 8909 8912 8913
f 8189 8901 8904
f 8909 8194 8904
f 8194 8189 8904
f 8194 8193 8190
f 8913 8201 8909
f 8928 8922 8920
f 8928 8920 8931
f 8921 8923 8886
f 8921 8886 8899
f 8921 8899 8935
f 8897 8900 8899
f 8900 8897 8898
f 8204 8212 8178
f 8204 8213 8212
f 8212 8900 8898
f 8179 8177 8178
f 8938 8937 8932
f 8935 8938 8932
f 8920 8932 8931
f 8936 8938 8935
f 8937 8938 8939
f 8939 8938 8936
f 8937 8203 8934
f 8223 8203 8937
f 8211 8213 8204
f 8939 8936 8213
f 8218 8224 8211
f 8915 8912 8903
f 8916 8919 8943
f 8912 8914 8913
f 8941 8942 8914
f 8200 8193 8201
f 8913 8231 8201
f 8231 8232 8226
f 8913 8914 8231
f 8944 8942 8941
f 8943 8944 8941
f 8944 8943 8945
f 8946 8944 8945
f 8942 8944 8946
f 8226 8232 8230
f 8230 8232 8233
f 8943 8919 8947
f 8954 8953 8952
f 8954 8952 8951
f 8952 8945 8951
f 8946 8956 8233
f 8957 8239 8956
f 8233 8956 8239
f 8933 8928 8931
f 8970 8929 8975
f 8973 8982 8965
f 8971 8973 8965
f 8976 8973 8971
f 8976 8975 8977
f 8978 8976 8977
f 8983 8974 8255
f 8974 8249 8255
f 8978 8249 8974
f 8975 8933 8979
f 8933 8940 8979
f 8940 8980 8979
f 8934 8203 8248
f 8934 8248 8940
f 8247 8250 8248
f 8223 8222 8220
f 8222 8223 8224
f 8224 8218 8222
f 8979 8977 8975
f 8977 8980 8978
f 8979 8980 8977
f 8247 8246 8250
f 8250 8246 8249
f 8235 8239 8238
f 8953 8958 8957
f 8959 8958 8953
f 8960 8958 8959
f 8987 8959 8961
f 8988 8987 8961
f 8958 8262 8957
f 8958 8960 8262
f 8262 8261 8238
f 8960 8271 8266
f 8989 8271 8960
f 8991 8989 8987
f 8991 8992 8997
f 8998 8991 8997
f 8998 8996 8990
f 8263 8261 8266
f 8265 8263 8266
f 8996 8275 8990
f 8271 8989 8990
f 8273 8270 8275
f 8964 8966 9032
f 9026 8964 9032
f 9027 9030 9017
f 9024 9016 9029
f 9033 9030 9027
f 9033 9032 9034
f 9035 9033 9034
f 9029 9030 9031
f 9029 8282 9024
f 8294 8282 9029
f 9031 8285 8295
f 9035 8285 9031
f 9036 8967 8984
f 8982 8986 8984
f 8986 8982 8983
f 8986 8985 8984
f 8286 9037 8985
f 8304 8286 8985
f 8302 8309 8254
f 8309 8986 8983
f 8255 8252 8254
f 8309 8985 8986
f 9036 9034 9032
f 9034 9037 9035
f 9036 9037 9034
f 8286 8284 8285
f 8303 8297 8304
f 8304 8302 8303
f 8999 8997 9000
f 8998 9004 8996
f 8996 8312 8275
f 8996 9004 8312
f 8999 9005 9004
f 9001 8999 9000
f 9006 9001 9008
f 9007 9005 9006
f 9040 9006 9008
f 9041 9040 9008
f 8313 8277 8312
f 9005 9007 8313
f 8313 8311 8277
f 9007 8322 8317
f 9042 8322 9007
f 9043 9042 9040
f 9045 9043 9044
f 9042 9043 9045
f 8314 8311 8317
f 8316 8314 8317
f 8321 8322 8323
f 9053 9044 9047
f 9055 9054 9053
f 9054 9044 9053
f 9054 9058 9056
f 9058 9061 9062
f 9045 9056 8323
f 8323 9056 8330
f 8338 8331 9058
f 9062 8338 9058
f 9099 9106 9091
f 9098 9099 9091
f 9100 9099 9098
f 9098 9102 9100
f 9111 9106 9099
f 9111 9099 9100
f 9118 9013 9012
f 9012 9013 9025
f 9012 9122 9118
f 9025 9013 9018
f 8350 9012 9025
f 8350 9122 9012
f 9124 9123 9115
f 9114 9101 9103
f 9101 9115 9113
f 9115 9101 9114
f 9120 9119 9118
f 9123 9124 9125
f 9125 9124 9122
f 9123 8343 9116
f 8360 8343 9123
f 9125 8351 8361
f 9020 9018 9019
f 9016 9018 9020
f 9017 9016 9020
f 9024 8282 8349
f 8352 8350 8349
f 8348 8352 8349
f 8294 8293 8291
f 8293 8294 8295
f 8295 8290 8293
f 8350 8352 8351
f 8348 8347 8352
f 8352 8347 8351
f 8325 8330 8328
f 9063 9061 9055
f 9063 9064 9061
f 9074 9064 9069
f 9063 9065 9064
f 8330 8331 8328
f 8329 8328 8331
f 8338 8337 8336
f 9062 9074 8373
f 8373 8339 8337
f 9069 9075 9074
f 9071 9069 9070
f 9076 9071 9078
f 9077 9075 9076
f 9079 9081 9129
f 9127 9076 9078
f 8374 8339 8373
f 9075 9077 8374
f 8374 8372 8339
f 9077 8388 8379
f 9128 8388 9077
f 9130 9128 9127
f 9129 9130 9127
f 9130 9129 9131
f 9132 9130 9131
f 9128 9130 9132
f 8375 8372 8379
f 8378 8375 8379
f 8386 8388 8389
f 8389 8387 8386
f 9129 9081 9133
f 9142 9141 9137
f 9137 9131 9136
f 9137 9141 9138
f 9144 9142 9139
f 9139 9147 9144
f 9146 9144 9145
f 9141 9142 9143
f 9132 9138 8389
f 9141 8393 9138
f 8390 8387 8393
f 8393 8392 8390
f 9143 8396 8403
f 9146 8396 9143
f 8396 8407 8403
f 9159 9158 9154
f 9153 9145 9148
f 9154 9145 9153
f 9154 9158 9155
f 9161 9159 9156
f 9156 9164 9161
f 9163 9161 9162
f 9158 9159 9160
f 9146 9155 8396
f 8396 9155 8407
f 8418 8408 9158
f 9160 8410 8419
f 9163 8410 9160
f 8410 8423 8419
f 9082 9083 9179
f 9173 9082 9179
f 9177 9176 9171
f 9170 9162 9165
f 9171 9162 9170
f 9171 9176 9172
f 9180 9177 9174
f 9180 9179 9181
f 9182 9180 9181
f 9176 9177 9178
f 9163 9172 8410
f 8410 9172 8423
f 8434 8424 9176
f 9178 8426 8435
f 9182 8426 9178
f 8426 8439 8435
f 9179 9083 9183
f 9189 9087 9086
f 9086 9087 9097
f 9086 9194 9189
f 9097 9087 9092
f 8444 9086 9097
f 8444 9194 9086
f 9196 9195 9187
f 9187 9181 9186
f 9187 9195 9188
f 9191 9190 9189
f 9195 9196 9197
f 9197 9196 9194
f 9182 9188 8426
f 8426 9188 8439
f 8455 8440 9195
f 9197 8445 8456
f 9092 9107 9097
f 9094 9092 9093
f 9109 9107 9108
f 9106 9110 9108
f 9110 9109 9108
f 9117 9111 9113
f 9107 8444 9097
f 8464 8446 9109
f 8462 8474 8340
f 8340 8474 8475
f 8475 8341 8340
f 8474 9109 9110
f 8444 8446 8445
f 8446 8443 8445
f 8463 8458 8464
f 8464 8462 8463
f 9116 9117 9113
f 9116 8475 9117
f 8342 8341 8343
f 8360 8359 8357
f 8359 8360 8361
f 8361 8356 8359
f 8399 8392 8402
f 8402 8401 8399
f 8401 8402 8403
f 8407 8408 8405
f 8406 8405 8408
f 8418 8417 8415
f 8417 8418 8419
f 8423 8424 8421
f 8422 8421 8424
f 8434 8433 8431
f 8433 8434 8435
f 8439 8440 8437
f 8438 8437 8440
f 8455 8454 8452
f 8454 8455 8456
f 8456 8451 8454
f 7266 7268 7016
f 7268 7218 7016
f 7266 7267 7269
f 7269 7268 7266
f 7265 7268 7269
f 7265 7218 7268
f 8502 8511 8504
f 9207 9208 9203
f 9207 9203 9205
f 9209 9208 9207
f 8512 8502 8509
f 8511 8502 8512
f 8523 9207 8512
f 8521 8523 8514
f 8524 8523 8521
f 9216 9217 9212
f 9216 9212 9214
f 9218 9217 9216
f 8529 8522 8525
f 8528 8522 8529
f 8525 8527 8529
f 9216 8539 9218
f 9231 9226 9233
f 9231 9228 9225
f 9231 9225 9226
f 8577 8559 8576
f 8576 8559 8564
f 8572 8576 8564
f 9226 9225 8574
f 8573 8574 8572
f 9239 9227 9198
f 9198 9241 9239
f 9198 9227 8575
f 9198 8575 8583
f 8479 8584 8581
f 8585 8584 8479
f 8587 8584 8585
f 8482 8585 8479
f 9236 9235 9234
f 9234 9227 9239
f 9234 9235 9233
f 9242 9246 9240
f 9243 9242 9244
f 9242 9241 9244
f 8574 8573 8575
f 8578 8582 8583
f 8581 8583 8582
f 9244 9241 8587
f 9255 9245 9199
f 9199 9257 9255
f 8483 8489 8588
f 8482 8586 8585
f 8585 8586 8587
f 8586 8588 9199
f 8590 8589 8491
f 9199 8588 8589
f 8592 8589 8590
f 8494 8590 8491
f 9247 9243 9251
f 9256 9251 9255
f 9244 9245 9243
f 9258 9262 9256
f 9259 9258 9260
f 9258 9257 9260
f 8587 9245 9244
f 9260 9257 8592
f 9270 9261 9200
f 9273 9202 9204
f 9201 9202 9271
f 9206 9202 9201
f 9204 9202 9206
f 9202 9273 9271
f 8495 8506 8593
f 8494 8591 8590
f 8590 8591 8592
f 8591 8593 9200
f 8595 8594 8508
f 9200 8593 8594
f 8594 9201 9200
f 9263 9259 9267
f 9272 9267 9270
f 9260 9261 9259
f 9270 9271 9272
f 9276 9275 9273
f 8592 9261 9260
f 9273 9204 9274
f 9203 9208 9210
f 9274 9210 9282
f 9285 9211 9213
f 9282 9210 9283
f 9213 9211 9215
f 9211 9285 9283
f 9205 8595 8511
f 9205 9206 8595
f 9209 8524 8596
f 9215 9209 8596
f 8524 8528 8596
f 9284 9279 9282
f 9282 9279 9274
f 9282 9283 9284
f 9288 9287 9285
f 9285 9213 9286
f 9212 9217 9219
f 9286 9219 9294
f 9297 9220 9221
f 9294 9219 9295
f 9221 9220 9222
f 9220 9297 9295
f 8539 8527 8536
f 9214 8596 8528
f 9214 9215 8596
f 8538 8539 8536
f 9222 9218 8597
f 8543 8597 8538
f 9296 9291 9294
f 9294 9291 9286
f 9294 9295 9296
f 9300 9299 9297
f 9222 9223 9221
f 9297 9221 9298
f 9221 9223 9298
f 9224 9309 9308
f 8544 8549 8600
f 8543 8598 8597
f 9224 9223 8598
f 8598 8600 9224
f 8599 8600 8549
f 9224 8605 9309
f 9310 9312 9304
f 9308 9303 9298
f 9309 9310 9308
f 9313 9311 9316
f 9313 9312 9310
f 8603 8605 8599
f 8605 8603 8606
f 8604 8606 8603
f 9320 9321 9317
f 9311 9319 9316
f 9322 9321 9320
f 9319 9311 8606
f 9320 9319 8608
f 8608 8604 8607
f 8616 9320 8608
f 8614 8616 8610
f 8617 8616 8614
f 8615 8617 8614
f 9329 9335 9326
f 9329 9326 9328
f 9334 9337 9331
f 9338 9330 9332
f 9328 8641 9329
f 8654 8638 8647
f 9329 8654 9330
f 8649 8654 8647
f 9332 9330 8652
f 8650 8652 8649
f 9346 9333 9229
f 9349 9232 9237
f 9230 9232 9347
f 9232 9349 9347
f 9229 9333 8653
f 8655 8651 8561
f 8577 8656 8655
f 9228 8656 8577
f 9229 8655 8656
f 9228 9230 8656
f 8656 9230 9229
f 9334 9331 9342
f 9348 9342 9346
f 9332 9333 9331
f 9346 9347 9348
f 9351 9350 9349
f 8653 8650 8651
f 8652 8650 8653
f 9235 9237 9233
f 9237 9235 9238
f 9235 9236 9238
f 9349 9352 9351
f 9304 9312 9314
f 9373 9315 9318
f 9312 9315 9314
f 9313 9315 9312
f 9373 9375 9371
f 9376 9375 9373
f 9317 9318 9316
f 9373 9318 9374
f 9317 9321 9323
f 9374 9323 9382
f 9321 9324 9323
f 9324 9321 9322
f 9322 8617 8657
f 8659 9384 9324
f 9383 9379 9382
f 9382 9379 9374
f 9385 9388 9383
f 9389 9388 9385
f 9385 9384 9386
f 9386 9384 8659
f 9399 9387 9325
f 9325 9400 9399
f 8622 8627 8661
f 8621 8658 8657
f 8657 8658 8659
f 8658 8661 9325
f 8660 8661 8627
f 9325 8666 9400
f 9399 9401 9394
f 9394 9387 9399
f 9394 9395 9393
f 9400 9401 9399
f 9404 9402 9407
f 9404 9403 9401
f 8659 9387 9386
f 8664 8666 8660
f 8666 8664 8667
f 8665 8667 8664
f 9402 9409 9407
f 9410 9407 9409
f 9409 9402 8667
f 8670 8665 8668
f 8670 8669 8671
f 8668 8669 8670
f 9414 9419 9417
f 9418 9413 9416
f 9417 9419 9421
f 9421 9426 9417
f 9422 9421 9423
f 9418 9420 9419
f 9416 8690 9418
f 8706 8687 8694
f 9418 8706 9420
f 8700 8706 8694
f 9423 9420 8704
f 8701 8704 8700
f 9326 9336 9328
f 9424 9327 9428
f 9424 9425 9336
f 9341 9340 9337
f 9335 9340 9339
f 9338 9340 9335
f 9337 9340 9338
f 9340 9341 9339
f 8640 8638 8641
f 8703 8641 9328
f 9336 8703 9328
f 8703 8705 8702
f 9423 9425 9422
f 9422 9425 9424
f 8705 8701 8702
f 8704 8701 8705
f 9389 9396 9397
f 9396 9389 9393
f 9395 9396 9393
f 9397 9396 9398
f 9396 9395 9398
f 9456 9406 9408
f 9403 9406 9405
f 9404 9406 9403
f 9456 9458 9453
f 9459 9458 9456
f 9456 9408 9457
f 9408 9411 9457
f 9412 9468 9467
f 9410 8671 8707
f 9410 8707 9411
f 9412 9411 8707
f 8707 8671 8709
f 8707 8709 9412
f 8708 8709 8678
f 9412 8714 9468
f 9469 9471 9463
f 9467 9462 9457
f 9468 9469 9467
f 9472 9470 9475
f 9472 9471 9469
f 8712 8714 8708
f 8714 8712 8715
f 8713 8715 8712
f 9470 9477 9475
f 9478 9475 9477
f 9477 9470 8715
f 8718 8713 8716
f 8718 8717 8719
f 8716 8717 8718
f 9484 9486 9481
f 9481 9486 9487
f 8733 8743 8739
f 9413 9429 9416
f 9482 9415 9485
f 9413 9414 9415
f 9482 9483 9429
f 8689 8687 8690
f 8735 8690 9416
f 9429 8735 9416
f 8735 8736 8734
f 9481 9483 9482
f 9494 9493 9487
f 8736 9483 9493
f 9494 8743 9493
f 8736 8733 8734
f 9463 9471 9473
f 9513 9474 9476
f 9471 9474 9473
f 9472 9474 9471
f 9513 9516 9510
f 9517 9514 9522
f 9513 9476 9515
f 9476 9479 9515
f 9480 9527 9526
f 9478 8719 8744
f 9478 8744 9479
f 9480 9479 8744
f 8744 8719 8747
f 8744 8747 9480
f 8746 8747 8727
f 9480 8752 9527
f 9515 9514 9513
f 9526 9528 9523
f 9514 9523 9522
f 9523 9524 9522
f 9527 9528 9526
f 9529 9528 9527
f 9531 9529 8755
f 8751 8752 8746
f 9529 9527 8752
f 8753 8755 8751
f 9488 9486 9489
f 9486 9488 9487
f 8742 8771 8765
f 8772 8771 8742
f 8771 8773 8765
f 8774 8771 8772
f 8774 8773 8771
f 9539 9543 9535
f 9544 9542 9534
f 9544 9534 9536
f 8779 8762 8778
f 8778 8762 8766
f 9534 8778 8773
f 9537 9501 9488
f 9537 9538 9501
f 9494 8772 8743
f 9501 9538 8774
f 9536 9538 9535
f 9535 9538 9537
f 8774 9538 9536
f 9525 9517 9522
f 9558 9518 9561
f 9561 9564 9558
f 9565 9562 9569
f 9524 9525 9522
f 9561 9525 9563
f 9524 9530 9532
f 9563 9532 9573
f 9530 9533 9532
f 9533 9530 9531
f 8780 8786 8754
f 8780 8787 8786
f 8786 9533 9531
f 8755 8753 8754
f 9563 9562 9561
f 9573 9575 9570
f 9562 9570 9569
f 9570 9571 9569
f 9574 9575 9573
f 9576 9575 9574
f 9578 9576 8790
f 8785 8787 8780
f 9576 9574 8787
f 8788 8790 8785
f 9545 9543 9546
f 9544 9549 9542
f 8777 8762 8779
f 9542 8806 8779
f 8806 8807 8804
f 8808 8807 8806
f 9586 9590 9582
f 9591 9588 9581
f 9591 9581 9583
f 8813 8799 8812
f 8812 8799 8805
f 9581 8812 8807
f 9545 9552 9549
f 9584 9552 9545
f 9584 9585 9552
f 9552 8808 9549
f 9552 9585 8808
f 9583 9585 9582
f 9582 9585 9584
f 8808 9585 9583
f 9572 9565 9569
f 9603 9566 9604
f 9604 9607 9603
f 9610 9605 9613
f 9571 9572 9569
f 9604 9572 9606
f 9571 9577 9579
f 9606 9579 9617
f 9577 9580 9579
f 9580 9577 9578
f 8814 8820 8789
f 8814 8821 8820
f 8820 9580 9578
f 8790 8788 8789
f 9606 9605 9604
f 9617 9619 9614
f 9605 9614 9613
f 9614 9615 9613
f 9618 9619 9617
f 9620 9619 9618
f 9622 9620 8824
f 8819 8821 8814
f 9620 9618 8821
f 8822 8824 8819
f 9589 9592 9625
f 9625 9626 9589
f 9590 9592 9591
f 9592 9628 9625
f 8811 8799 8813
f 9588 8841 8813
f 8841 8842 8839
f 9588 9589 8841
f 9629 9626 9625
f 9628 9629 9625
f 9636 9629 9635
f 9636 9633 9627
f 8845 8833 8844
f 8844 8833 8840
f 9627 8844 8842
f 8842 9626 9627
f 9628 9593 9631
f 9628 9631 9630
f 9616 9610 9613
f 9642 9611 9643
f 9643 9646 9642
f 9649 9644 9652
f 9615 9616 9613
f 9643 9616 9645
f 9615 9621 9623
f 9645 9623 9656
f 9621 9624 9623
f 9624 9621 9622
f 8847 8853 8823
f 8847 8854 8853
f 8853 9624 9622
f 8824 8822 8823
f 9659 9658 9653
f 9645 9644 9643
f 9656 9659 9653
f 9644 9653 9652
f 9657 9659 9656
f 9658 9659 9660
f 9660 9659 9657
f 9658 8846 9655
f 8859 8846 9658
f 8852 8854 8847
f 9660 9657 8854
f 8856 8860 8852
f 9634 9637 9662
f 9662 9663 9634
f 9635 9637 9636
f 9637 9665 9662
f 8874 8867 8834
f 8875 8867 8874
f 8845 8876 8874
f 9633 8876 8845
f 9633 9634 8876
f 9666 9663 9662
f 9665 9666 9662
f 9674 9666 9673
f 9674 9671 9664
f 8868 8867 8875
f 8882 8871 8881
f 8875 8877 8881
f 9664 8881 8877
f 8877 9663 9664
f 9665 9638 9668
f 9665 9668 9667
f 9654 9649 9652
f 9683 9650 9685
f 9685 9689 9683
f 9692 9686 9698
f 9685 9654 9687
f 9654 9661 9687
f 9661 9688 9687
f 8859 8892 8846
f 9655 8846 8883
f 9655 8883 9661
f 8883 8846 8892
f 8858 8859 8860
f 8890 8893 8892
f 8860 8856 8858
f 9687 9686 9685
f 9687 9688 9686
f 9700 9698 9699
f 9699 9688 8884
f 8887 8884 8893
f 8884 8887 9699
f 8887 8885 8888
f 8893 8890 8891
f 9672 9675 9702
f 9702 9703 9672
f 9673 9675 9674
f 9675 9705 9702
f 8880 8871 8882
f 9671 8910 8882
f 8910 8911 8907
f 9671 9672 8910
f 9706 9703 9702
f 9705 9706 9702
f 9706 9705 9707
f 9710 9709 9704
f 8918 8903 8917
f 8917 8903 8908
f 9704 8917 8911
f 8911 9703 9704
f 9705 9676 9708
f 9715 9714 9713
f 9715 9713 9712
f 9707 9713 9711
f 9713 9707 9712
f 9713 9714 9711
f 9692 9693 9694
f 9738 9693 9691
f 9691 9693 9701
f 9691 9743 9738
f 8925 9691 9701
f 8925 9743 9691
f 9744 9746 9732
f 9740 9744 9732
f 9740 9739 9738
f 9745 9744 9743
f 9747 9745 8930
f 9745 8926 8930
f 9700 9701 9698
f 8888 8885 8886
f 9700 8888 8924
f 8927 8925 8924
f 8923 8927 8924
f 8925 8927 8926
f 8923 8922 8927
f 8927 8922 8926
f 9710 9716 9709
f 9716 9710 9711
f 8915 8903 8918
f 8918 8916 8915
f 9709 9716 8948
f 8948 8919 8916
f 9722 9721 9714
f 9755 9722 9723
f 9754 9722 9755
f 9756 9755 9723
f 8949 8919 8948
f 8949 8947 8919
f 8949 8950 8947
f 9758 9757 9752
f 9754 9758 9752
f 9753 9751 9752
f 9752 9751 9754
f 9752 9757 9753
f 9759 9760 9767
f 9768 9759 9767
f 9768 9758 9759
f 8950 9751 9753
f 9757 8955 9753
f 8955 8950 9753
f 8955 8954 8951
f 9765 8962 9757
f 9730 9733 9780
f 9777 9730 9780
f 9779 9787 9773
f 9778 9779 9773
f 9781 9779 9778
f 9781 9780 9782
f 9791 9787 9779
f 9791 9779 9781
f 9783 9734 9748
f 9746 9750 9748
f 9750 9746 9747
f 9750 9749 9748
f 8963 9784 9749
f 8972 8963 9749
f 8970 8981 8929
f 8981 9750 9747
f 8930 8928 8929
f 8981 9749 9750
f 9783 9782 9780
f 9783 9784 9782
f 9795 9793 9794
f 9794 9784 8963
f 8968 8963 8972
f 8963 8968 9794
f 8968 8965 8969
f 8972 8970 8971
f 9766 9769 9797
f 9797 9798 9766
f 9767 9769 9768
f 9769 9799 9797
f 8961 8954 8962
f 9765 8993 8962
f 8993 8994 8988
f 9765 9766 8993
f 9800 9798 9797
f 9799 9800 9797
f 9800 9799 9801
f 9802 9800 9801
f 9798 9800 9802
f 8988 8994 8992
f 8992 8994 8995
f 9799 9770 9803
f 9807 9806 9805
f 9806 9801 9805
f 9806 9810 9808
f 9810 9814 9815
f 9802 9808 8995
f 8995 9808 9002
f 9009 9003 9810
f 9815 9009 9810
f 9772 9774 9845
f 9840 9772 9845
f 9843 9853 9834
f 9841 9843 9834
f 9846 9843 9841
f 9846 9845 9847
f 9848 9846 9847
f 9854 9844 9015
f 9844 9010 9015
f 9848 9010 9844
f 9010 9021 9015
f 9849 9775 9788
f 9787 9790 9788
f 9790 9789 9788
f 9796 9791 9793
f 9011 9850 9789
f 9028 9011 9789
f 9026 9038 8964
f 8964 9038 9039
f 9039 8966 8964
f 9038 9789 9790
f 9849 9847 9845
f 9847 9850 9848
f 9849 9850 9847
f 9022 9023 9021
f 9022 9011 9028
f 9022 9017 9023
f 9028 9026 9027
f 9795 9796 9793
f 8969 8965 8967
f 9795 9039 9796
f 8967 8966 8969
f 8997 9002 9000
f 9816 9814 9807
f 9816 9817 9814
f 9826 9817 9822
f 9816 9818 9817
f 9002 9003 9000
f 9001 9000 9003
f 9815 9048 9009
f 9048 9049 9041
f 9050 9049 9048
f 9041 9049 9046
f 9046 9049 9051
f 9049 9050 9051
f 9051 9047 9046
f 9822 9827 9826
f 9858 9827 9822
f 9861 9865 9828
f 9827 9050 9826
f 9057 9052 9828
f 9828 9059 9057
f 9865 9059 9828
f 9860 9858 9859
f 9862 9861 9860
f 9861 9858 9860
f 9862 9869 9866
f 9868 9866 9867
f 9865 9866 9868
f 9050 9052 9051
f 9052 9047 9051
f 9067 9055 9066
f 9068 9067 9066
f 9057 9059 9066
f 9060 9072 9068
f 9882 9881 9877
f 9876 9867 9870
f 9877 9867 9876
f 9877 9881 9878
f 9883 9882 9879
f 9879 9884 9883
f 9883 9884 9890
f 9891 9883 9890
f 9891 9882 9883
f 9868 9878 9060
f 9060 9878 9072
f 9080 9073 9881
f 9889 9080 9881
f 9924 9933 9914
f 9922 9924 9914
f 9925 9924 9922
f 9922 9927 9925
f 9938 9933 9924
f 9938 9924 9925
f 9940 9926 9928
f 9926 9941 9939
f 9941 9926 9940
f 9941 9942 9939
f 9947 9946 9944
f 9944 9949 9947
f 9960 9955 9946
f 9960 9946 9947
f 9969 9968 9963
f 9962 9948 9950
f 9948 9963 9961
f 9963 9948 9962
f 9971 9969 9966
f 9966 9974 9971
f 9973 9971 9972
f 9968 9969 9970
f 9968 9084 9964
f 9089 9084 9968
f 9970 9085 9090
f 9973 9085 9970
f 9085 9095 9090
f 9832 9835 9989
f 9983 9832 9989
f 9987 9986 9981
f 9980 9972 9975
f 9981 9972 9980
f 9981 9986 9982
f 9990 9987 9984
f 9990 9989 9991
f 9992 9990 9991
f 9986 9987 9988
f 9973 9982 9085
f 9085 9982 9095
f 9098 9091 9112
f 9112 9986 9988
f 9102 9098 9112
f 9992 9104 9988
f 9104 9103 9102
f 9993 9836 9855
f 9853 9857 9855
f 9857 9853 9854
f 9857 9856 9855
f 9105 9994 9856
f 9121 9105 9856
f 9119 9126 9014
f 9126 9857 9854
f 9126 9856 9857
f 9993 9991 9989
f 9991 9994 9992
f 9993 9994 9991
f 9105 9103 9104
f 9120 9114 9121
f 9121 9119 9120
f 9023 9017 9020
f 9021 9023 9019
f 9020 9019 9023
f 9063 9055 9067
f 9067 9065 9063
f 9065 9067 9068
f 9892 9890 9893
f 9891 9898 9889
f 9072 9073 9070
f 9071 9070 9073
f 9080 9079 9078
f 9889 9898 9134
f 9134 9081 9079
f 9892 9904 9898
f 9894 9892 9893
f 9905 9894 9908
f 9906 9904 9905
f 9907 9909 9921
f 9907 9906 9905
f 9921 9909 9915
f 9908 9910 9909
f 9135 9081 9134
f 9904 9906 9135
f 9135 9133 9081
f 9906 9149 9140
f 9150 9907 9921
f 9136 9133 9140
f 9139 9136 9140
f 9147 9149 9151
f 9149 9150 9151
f 9151 9148 9147
f 9915 9934 9921
f 9917 9915 9916
f 9936 9934 9935
f 9933 9937 9935
f 9937 9936 9935
f 9943 9938 9939
f 9934 9150 9921
f 9157 9152 9936
f 9936 9166 9157
f 9167 9937 9943
f 9150 9152 9151
f 9152 9148 9151
f 9156 9153 9157
f 9164 9166 9168
f 9166 9167 9168
f 9168 9165 9164
f 9957 9956 9942
f 9942 9955 9957
f 9958 9956 9957
f 9955 9959 9957
f 9959 9958 9957
f 9965 9960 9961
f 9956 9167 9943
f 9175 9169 9958
f 9173 9184 9082
f 9082 9184 9185
f 9185 9083 9082
f 9184 9958 9959
f 9167 9169 9168
f 9169 9165 9168
f 9174 9170 9175
f 9175 9173 9174
f 9964 9965 9961
f 9089 9192 9084
f 9964 9185 9965
f 9193 9183 9192
f 9088 9089 9090
f 9190 9193 9192
f 9186 9183 9193
f 9191 9186 9193
f 9193 9190 9191
f 9096 9091 9094
f 9095 9096 9093
f 9094 9093 9096
f 9249 9236 9248
f 9248 9236 9240
f 9250 9249 9248
f 9246 9248 9240
f 9250 9248 9246
f 9253 9254 9252
f 9253 9247 9251
f 9252 9247 9253
f 9266 9265 9264
f 9262 9264 9256
f 9266 9264 9262
f 10000 10001 9998
f 10000 9998 9999
f 10002 10001 10000
f 9269 9263 9267
f 9268 9263 9269
f 9277 10000 9269
f 9275 9277 9272
f 9278 9277 9275
f 10010 10011 10006
f 10010 10006 10008
f 10012 10011 10010
f 9281 9276 9279
f 9280 9276 9281
f 9289 10010 9281
f 9287 9289 9284
f 9290 9289 9287
f 10019 10020 10015
f 10019 10015 10017
f 10021 10020 10019
f 9293 9288 9291
f 9292 9288 9293
f 9301 10019 9293
f 9299 9301 9296
f 9302 9301 9299
f 9306 9307 9305
f 9306 9300 9303
f 9305 9300 9306
f 9306 9304 9307
f 9303 9304 9306
f 9334 9343 9337
f 10031 10026 10033
f 10031 10028 10025
f 10031 10025 10026
f 9344 9345 9343
f 9344 9334 9342
f 9343 9334 9344
f 9350 9355 9348
f 10026 10025 9353
f 9351 9353 9350
f 10037 10027 9996
f 9996 10038 10037
f 9996 10027 9354
f 9357 9352 9238
f 9249 9358 9357
f 9996 9357 9358
f 9361 9358 9359
f 9250 9252 9359
f 10037 10039 10034
f 10034 10027 10037
f 10034 10035 10033
f 10038 10039 10037
f 10044 10040 10046
f 10044 10042 10039
f 9354 9351 9352
f 9353 9351 9354
f 10040 10038 9361
f 10050 10041 9997
f 9997 10051 10050
f 9265 9362 9254
f 9359 9360 9361
f 9360 9254 9362
f 9360 9362 9997
f 9265 9363 9362
f 9997 9362 9363
f 9365 9363 9364
f 9266 9268 9364
f 10050 10052 10047
f 10047 10041 10050
f 10047 10048 10046
f 10051 10052 10050
f 10056 10059 10053
f 10060 10057 10052
f 9361 10041 10040
f 10054 10051 9365
f 9998 10003 9999
f 10004 10003 9998
f 9998 10001 10004
f 10070 10005 10007
f 10067 10004 10068
f 10007 10005 10009
f 10005 10070 10068
f 9999 9364 9268
f 10003 10055 9365
f 10002 9278 9366
f 10009 10002 9366
f 9278 9280 9366
f 10056 10053 10062
f 10069 10062 10067
f 10054 10055 10053
f 10067 10068 10069
f 10073 10072 10070
f 9365 10055 10054
f 10070 10007 10071
f 10006 10011 10013
f 10071 10013 10081
f 10084 10014 10016
f 10081 10013 10082
f 10016 10014 10018
f 10014 10084 10082
f 10008 9366 9280
f 10008 10009 9366
f 10012 9290 9367
f 10018 10012 9367
f 9290 9292 9367
f 10083 10077 10081
f 10081 10077 10071
f 10081 10082 10083
f 10087 10086 10084
f 10084 10016 10085
f 10015 10020 10022
f 10085 10022 10096
f 10020 10023 10022
f 10023 10020 10021
f 10017 9367 9292
f 10017 10018 9367
f 10021 9302 9368
f 9302 9305 9368
f 9370 10097 10023
f 10098 10101 10092
f 10096 10091 10085
f 10097 10098 10096
f 10102 10099 10105
f 10102 10101 10098
f 10099 10097 9370
f 10109 10100 10024
f 10024 10110 10109
f 9368 9369 9370
f 9369 9307 9372
f 9369 9372 10024
f 9371 9372 9314
f 10024 9377 10110
f 10109 10111 10106
f 10106 10100 10109
f 10106 10107 10105
f 10110 10111 10109
f 10115 10112 10117
f 10115 10113 10111
f 9370 10100 10099
f 9375 9377 9371
f 9377 9375 9378
f 9376 9378 9375
f 10112 10119 10117
f 10120 10117 10119
f 10119 10112 9378
f 9380 9376 9379
f 9392 9391 9390
f 9388 9390 9383
f 9392 9390 9388
f 9389 9392 9388
f 9431 9414 9430
f 9430 9414 9417
f 9432 9431 9430
f 9426 9430 9417
f 9432 9430 9426
f 9327 9339 9435
f 9435 9428 9327
f 9436 9428 9435
f 9438 9437 9341
f 9441 9437 9438
f 9441 9440 9437
f 10125 10129 10123
f 10125 10123 10124
f 10132 10127 10134
f 10132 10126 10127
f 9433 9427 9434
f 9442 10125 9434
f 9434 9436 9442
f 10125 9442 10126
f 9436 9440 9442
f 10126 9442 9440
f 10139 10128 10029
f 10142 10032 10036
f 10030 10032 10140
f 10032 10142 10140
f 9356 9443 9345
f 9438 9439 9441
f 9439 9345 9443
f 9439 9443 10029
f 9356 9444 9443
f 10028 9444 9356
f 10029 9443 9444
f 10028 10030 9444
f 9444 10030 10029
f 10139 10141 10135
f 10135 10128 10139
f 10135 10136 10134
f 10142 10143 10140
f 10148 10143 10147
f 10148 10146 10141
f 10148 10141 10143
f 9441 10128 10127
f 10035 10036 10033
f 10142 10036 10144
f 10035 10042 10043
f 10144 10043 10156
f 10159 10045 10049
f 10044 10045 10042
f 10156 10043 10157
f 10045 10159 10157
f 10158 10151 10156
f 10156 10151 10144
f 10156 10157 10158
f 10162 10161 10159
f 10048 10049 10046
f 10159 10049 10160
f 10048 10057 10058
f 10160 10058 10172
f 10060 10061 10057
f 10172 10058 10173
f 10059 10061 10060
f 10061 10175 10173
f 10174 10167 10172
f 10172 10167 10160
f 10172 10173 10174
f 10177 10176 10175
f 10175 10063 10178
f 10175 10178 10177
f 10092 10101 10103
f 10207 10104 10108
f 10101 10104 10103
f 10102 10104 10101
f 10207 10209 10204
f 10210 10209 10207
f 10107 10108 10105
f 10207 10108 10208
f 10107 10113 10114
f 10208 10114 10218
f 10221 10116 10118
f 10115 10116 10113
f 10218 10114 10219
f 10116 10221 10219
f 10220 10214 10218
f 10218 10214 10208
f 10218 10219 10220
f 10225 10222 10230
f 10221 10118 10223
f 10118 10121 10223
f 10122 10236 10235
f 9391 9446 9381
f 10120 9381 9445
f 10120 9445 10121
f 10122 10121 9445
f 9445 9381 9446
f 9445 9446 10122
f 9391 9447 9446
f 10122 9446 9447
f 9450 9447 9448
f 10223 10222 10221
f 10235 10237 10231
f 10222 10231 10230
f 10231 10232 10230
f 10236 10237 10235
f 10240 10238 10243
f 10240 10239 10237
f 10238 10236 9450
f 9398 9405 9454
f 9397 9449 9448
f 9448 9449 9450
f 9451 9450 9449
f 9453 9454 9405
f 9453 9455 9454
f 10247 10248 10244
f 10238 10246 10243
f 10249 10248 10247
f 10247 10246 9452
f 9452 9451 9455
f 9451 9452 10246
f 9460 10247 9452
f 9452 9455 9460
f 9461 9460 9458
f 9465 9466 9464
f 9465 9459 9462
f 9464 9459 9465
f 9465 9463 9466
f 9462 9463 9465
f 9484 9490 9486
f 9495 9485 9415
f 9496 9485 9495
f 9431 9497 9495
f 9500 9497 9498
f 9432 9433 9498
f 9500 9499 9497
f 10258 10253 10260
f 10258 10255 10252
f 10258 10252 10253
f 9491 9492 9490
f 9490 9484 9491
f 9491 9496 9502
f 9496 9499 9502
f 10252 9502 9499
f 10123 10130 10124
f 10131 10130 10123
f 10123 10129 10131
f 10269 10133 10137
f 10132 10133 10129
f 10266 10131 10267
f 10133 10269 10267
f 10124 9498 9433
f 10130 10254 9500
f 10263 10262 10261
f 10261 10254 10266
f 10261 10262 10260
f 10266 10267 10268
f 10271 10270 10269
f 9500 10254 10253
f 10136 10137 10134
f 10137 10136 10138
f 10146 10150 10149
f 10148 10150 10146
f 10147 10150 10148
f 10269 10272 10271
f 10282 10283 10279
f 10284 10283 10282
f 10282 10152 10285
f 10163 10168 10297
f 10294 10163 10297
f 10282 10285 10284
f 10297 10298 10294
f 10299 10298 10297
f 10297 10168 10300
f 10179 10183 10312
f 10309 10179 10312
f 10297 10300 10299
f 10312 10313 10309
f 10314 10313 10312
f 10312 10183 10315
f 10312 10315 10314
f 10233 10225 10230
f 10368 10226 10371
f 10371 10372 10368
f 10373 10372 10371
f 10232 10233 10230
f 10233 10232 10234
f 10384 10242 10245
f 10239 10242 10241
f 10240 10242 10239
f 10371 10374 10373
f 10384 10387 10381
f 10388 10385 10393
f 10244 10245 10243
f 10384 10245 10386
f 10244 10248 10250
f 10386 10250 10397
f 10248 10251 10250
f 10251 10248 10249
f 10249 9461 9504
f 9461 9464 9504
f 9506 10398 10251
f 10386 10385 10384
f 10397 10399 10394
f 10385 10394 10393
f 10394 10395 10393
f 10398 10399 10397
f 10404 10400 10405
f 10404 10401 10399
f 10400 10398 9506
f 9504 9505 9506
f 9507 9506 9505
f 9505 9466 9511
f 9510 9511 9473
f 9510 9512 9511
f 10400 10406 10405
f 10407 10405 10406
f 9508 9507 9512
f 9507 9508 10406
f 9508 9512 9519
f 9521 9520 9519
f 9521 9519 9516
f 9517 9521 9516
f 9486 9490 9489
f 9539 9547 9543
f 10412 10409 10256
f 10416 10259 10264
f 10257 10259 10413
f 10259 10416 10413
f 9503 9550 9492
f 9490 9492 9489
f 10256 10409 9541
f 9503 9551 9550
f 10255 9551 9503
f 10256 9550 9551
f 10255 10257 9551
f 9551 10257 10256
f 10415 10414 10410
f 10412 10415 10410
f 10411 10409 10410
f 10410 10409 10412
f 10410 10414 10411
f 10416 10417 10413
f 10423 10417 10422
f 10423 10415 10417
f 9541 10409 10411
f 9541 9539 9540
f 9553 9548 10414
f 10420 9553 10414
f 10262 10264 10260
f 10264 10262 10265
f 10262 10263 10265
f 10416 10419 10418
f 10286 10290 10447
f 10444 10286 10447
f 10447 10448 10444
f 10449 10448 10447
f 10447 10290 10450
f 10301 10305 10460
f 10457 10301 10460
f 10447 10450 10449
f 10460 10461 10457
f 10462 10461 10460
f 10460 10305 10463
f 10316 10320 10475
f 10472 10316 10475
f 10460 10463 10462
f 10475 10476 10472
f 10477 10476 10475
f 10475 10320 10478
f 10331 10335 10494
f 10489 10331 10494
f 10493 10498 10483
f 10475 10478 10477
f 10490 10493 10483
f 10495 10493 10490
f 10501 10495 10500
f 10501 10498 10493
f 10501 10493 10495
f 10494 10335 10497
f 10345 10349 10511
f 10508 10345 10511
f 10494 10497 10496
f 10511 10512 10508
f 10513 10512 10511
f 10511 10349 10514
f 10511 10514 10513
f 10396 10388 10393
f 10557 10389 10560
f 10560 10562 10557
f 10563 10562 10560
f 10395 10396 10393
f 10560 10396 10561
f 10395 10401 10402
f 10561 10402 10574
f 10401 10403 10402
f 10408 10404 10405
f 9555 10403 10408
f 9555 10575 10403
f 10576 10578 10569
f 10574 10568 10561
f 10575 10576 10574
f 10579 10577 10582
f 10579 10578 10576
f 10577 10575 9555
f 10407 10408 10405
f 9520 9559 9509
f 10407 9509 9554
f 9556 9555 9554
f 9554 9509 9559
f 9518 9520 9521
f 9558 9560 9559
f 9521 9517 9518
f 10586 10587 10583
f 10577 10585 10582
f 10588 10587 10586
f 10586 10585 9557
f 9557 9556 9560
f 9556 9557 10585
f 9567 10586 9557
f 9557 9560 9567
f 9568 9567 9564
f 9565 9568 9564
f 9543 9547 9546
f 9586 9594 9590
f 10421 10424 10591
f 10591 10592 10421
f 10422 10424 10423
f 10424 10594 10591
f 9553 9597 9548
f 9547 9548 9546
f 9598 9587 9597
f 9553 9599 9597
f 10420 9599 9553
f 10420 10421 9599
f 10595 10592 10591
f 10594 10595 10591
f 10602 10595 10601
f 10602 10598 10593
f 9595 9596 9594
f 9594 9586 9595
f 9595 9598 9601
f 9598 9600 9601
f 10593 9601 9600
f 9600 10592 10593
f 10594 10425 10597
f 10594 10597 10596
f 10464 10468 10638
f 10635 10464 10638
f 10638 10639 10635
f 10640 10639 10638
f 10638 10468 10641
f 10479 10484 10651
f 10648 10479 10651
f 10638 10641 10640
f 10651 10653 10648
f 10654 10653 10651
f 10652 10485 10499
f 10652 10499 10665
f 10501 10502 10498
f 10665 10499 10666
f 10500 10502 10501
f 10502 10668 10666
f 10667 10672 10660
f 10665 10659 10652
f 10668 10669 10666
f 10669 10668 10670
f 10673 10672 10667
f 10673 10667 10669
f 10671 10504 10515
f 10515 10504 10516
f 10671 10515 10680
f 10517 10521 10683
f 10681 10515 10516
f 10680 10515 10681
f 10671 10670 10668
f 10680 10682 10677
f 10670 10677 10676
f 10677 10678 10676
f 10683 10684 10681
f 10690 10684 10689
f 10690 10687 10682
f 10690 10682 10684
f 10683 10521 10686
f 10534 10538 10700
f 10697 10534 10700
f 10683 10686 10685
f 10700 10701 10697
f 10702 10701 10700
f 10700 10538 10703
f 10700 10703 10702
f 10564 10570 10732
f 10729 10564 10732
f 10732 10733 10729
f 10734 10733 10732
f 10732 10570 10735
f 10569 10578 10580
f 10745 10581 10584
f 10578 10581 10580
f 10579 10581 10578
f 10732 10735 10734
f 10745 10748 10742
f 10749 10746 10754
f 10583 10584 10582
f 10745 10584 10747
f 10583 10587 10589
f 10747 10589 10758
f 10587 10590 10589
f 10590 10587 10588
f 9603 9608 9566
f 9603 9609 9608
f 9608 10590 10588
f 9568 9565 9566
f 10747 10746 10745
f 10758 10760 10755
f 10746 10755 10754
f 10755 10756 10754
f 10759 10760 10758
f 10761 10760 10759
f 10763 10761 9612
f 9607 9609 9603
f 10761 10759 9609
f 9610 9612 9607
f 9590 9594 9593
f 9630 9639 9635
f 10771 10766 10599
f 10600 10603 10772
f 10601 10603 10602
f 10603 10774 10772
f 9602 9640 9596
f 9594 9596 9593
f 10599 10766 9632
f 9602 9641 9640
f 10598 9641 9602
f 10599 9640 9641
f 10598 10600 9641
f 9641 10600 10599
f 10771 10773 10767
f 10769 10766 10767
f 10767 10766 10771
f 10774 10775 10772
f 10782 10775 10781
f 10782 10778 10773
f 10782 10773 10775
f 9632 10766 10769
f 10770 9639 10769
f 9632 9630 9631
f 10774 10604 10777
f 10774 10777 10776
f 10655 10661 10818
f 10815 10655 10818
f 10818 10819 10815
f 10820 10819 10818
f 10818 10661 10821
f 10660 10672 10674
f 10836 10675 10679
f 10672 10675 10674
f 10673 10675 10672
f 10835 10840 10826
f 10818 10821 10820
f 10832 10835 10826
f 10837 10835 10832
f 10837 10836 10838
f 10841 10840 10835
f 10841 10835 10837
f 10678 10679 10676
f 10836 10679 10839
f 10678 10687 10688
f 10839 10688 10848
f 10690 10691 10687
f 10848 10688 10849
f 10689 10691 10690
f 10691 10851 10849
f 10839 10838 10836
f 10848 10850 10845
f 10838 10845 10844
f 10845 10846 10844
f 10851 10852 10849
f 10852 10851 10853
f 10857 10855 10850
f 10857 10850 10852
f 10854 10693 10704
f 10704 10693 10705
f 10854 10704 10863
f 10706 10710 10866
f 10864 10704 10705
f 10863 10704 10864
f 10854 10853 10851
f 10863 10865 10860
f 10853 10860 10859
f 10860 10861 10859
f 10866 10867 10864
f 10873 10867 10872
f 10873 10870 10865
f 10873 10865 10867
f 10866 10710 10869
f 10866 10869 10868
f 10757 10749 10754
f 10909 10750 10912
f 10912 10915 10909
f 10916 10913 10921
f 10756 10757 10754
f 10912 10757 10914
f 10756 10762 10764
f 10914 10764 10925
f 10762 10765 10764
f 10765 10762 10763
f 9642 9647 9611
f 9642 9648 9647
f 9647 10765 10763
f 9612 9610 9611
f 10914 10913 10912
f 10925 10927 10922
f 10913 10922 10921
f 10922 10923 10921
f 10926 10927 10925
f 10928 10927 10926
f 10930 10928 9651
f 9646 9648 9642
f 10928 10926 9648
f 9649 9651 9646
f 9635 9639 9638
f 9667 9677 9673
f 10768 10779 10770
f 10780 10779 10768
f 10768 10778 10780
f 10782 10783 10778
f 10937 10780 10938
f 10781 10783 10782
f 10783 10941 10938
f 10779 9669 10770
f 9669 9668 9638
f 9669 9670 9668
f 10940 10939 10935
f 10937 10940 10935
f 10936 10934 10935
f 10935 10934 10937
f 10935 10939 10936
f 10941 10942 10938
f 10948 10942 10947
f 10948 10940 10942
f 9670 10934 10936
f 9670 9667 9668
f 9679 9678 10939
f 10945 9679 10939
f 10941 10784 10944
f 10941 10944 10943
f 10822 10827 10966
f 10964 10822 10966
f 10966 10967 10964
f 10968 10967 10966
f 10966 10827 10969
f 10826 10840 10842
f 10978 10843 10847
f 10840 10843 10842
f 10841 10843 10840
f 10966 10969 10968
f 10978 10981 10975
f 10982 10979 10987
f 10846 10847 10844
f 10978 10847 10980
f 10846 10855 10856
f 10980 10856 10991
f 10994 10858 10862
f 10857 10858 10855
f 10991 10856 10992
f 10858 10994 10992
f 10980 10979 10978
f 10991 10993 10988
f 10979 10988 10987
f 10988 10989 10987
f 10994 10995 10992
f 10995 10994 10996
f 11000 10998 10993
f 11000 10993 10995
f 10861 10862 10859
f 10994 10862 10997
f 10861 10870 10871
f 10997 10871 11007
f 10873 10874 10870
f 11007 10871 11008
f 10872 10874 10873
f 10874 11010 11008
f 11005 11004 11003
f 10997 10996 10994
f 10996 11003 11002
f 11003 11004 11002
f 11007 11008 11009
f 11012 11011 11010
f 11010 10875 11013
f 11010 11013 11012
f 10924 10916 10921
f 11052 10917 11055
f 11055 11059 11052
f 11061 11056 11067
f 10923 10924 10921
f 11055 10924 11057
f 10923 10929 10931
f 10929 10933 10931
f 10933 10929 10930
f 10933 10932 10931
f 9680 11058 10932
f 9684 9680 10932
f 9683 9690 9650
f 9690 10933 10930
f 9651 9649 9650
f 9690 10932 10933
f 11057 11056 11055
f 11057 11058 11056
f 11069 11067 11068
f 11068 11058 9680
f 9681 9680 9684
f 9680 9681 11068
f 9681 9684 9695
f 9697 9696 9695
f 9697 9695 9689
f 9692 9697 9689
f 9673 9677 9676
f 10946 10949 11071
f 11071 11072 10946
f 10947 10949 10948
f 10949 11074 11071
f 9679 9717 9678
f 9677 9678 9676
f 9718 9708 9717
f 9679 9719 9717
f 10945 9719 9679
f 10945 10946 9719
f 11075 11072 11071
f 11074 11075 11071
f 11075 11074 11076
f 11079 11078 11073
f 9712 9708 9718
f 9725 9715 9724
f 9718 9720 9724
f 11073 9724 9720
f 9720 11072 11073
f 11074 10950 11077
f 11084 11083 11082
f 11084 11082 11081
f 11076 11082 11080
f 11082 11076 11081
f 11082 11083 11080
f 10990 10982 10987
f 11112 10983 11115
f 11115 11117 11112
f 11118 11117 11115
f 10989 10990 10987
f 11115 10990 11116
f 10989 10998 10999
f 11116 10999 11129
f 11132 11001 11006
f 11000 11001 10998
f 11129 10999 11130
f 11001 11132 11130
f 11131 11136 11124
f 11129 11123 11116
f 11132 11133 11130
f 11138 11133 11137
f 11138 11136 11131
f 11138 11131 11133
f 11004 11006 11002
f 11132 11006 11134
f 11134 11014 11146
f 11016 11020 11149
f 11147 11014 11015
f 11146 11014 11147
f 11148 11142 11146
f 11146 11142 11134
f 11146 11147 11148
f 11151 11150 11149
f 11149 11020 11152
f 11149 11152 11151
f 11061 11062 11063
f 11164 11062 11060
f 11060 11062 11070
f 11060 11168 11164
f 9727 11060 11070
f 9727 11168 11060
f 11169 11172 11163
f 11166 11169 11163
f 11166 11165 11164
f 11170 11169 11168
f 11173 11170 9731
f 11170 9728 9731
f 9728 9735 9731
f 11069 11070 11067
f 9696 9741 9682
f 11069 9682 9726
f 9729 9727 9726
f 9726 9682 9741
f 9694 9696 9697
f 9739 9742 9741
f 9697 9692 9694
f 9727 9729 9728
f 9736 9737 9735
f 9736 9729 9742
f 9736 9732 9737
f 9742 9739 9740
f 11079 11085 11078
f 11085 11079 11080
f 9723 9715 9725
f 11078 9761 9725
f 9761 9762 9756
f 9763 9762 9761
f 9756 9762 9760
f 9760 9762 9764
f 9762 9763 9764
f 11093 11092 11083
f 11095 11099 11186
f 11184 11093 11094
f 11183 11093 11184
f 11092 9763 11085
f 11092 11178 9763
f 11183 11185 11179
f 11181 11178 11179
f 11179 11178 11183
f 11186 11187 11184
f 11196 11187 11195
f 11196 11190 11185
f 11196 11185 11187
f 11182 9771 11181
f 9764 11181 9771
f 11186 11099 11189
f 11186 11189 11188
f 11119 11125 11251
f 11248 11119 11251
f 11251 11252 11248
f 11253 11252 11251
f 11251 11125 11254
f 11124 11136 11139
f 11141 11140 11137
f 11136 11140 11139
f 11138 11140 11136
f 11137 11140 11138
f 11140 11141 11139
f 11251 11254 11253
f 11163 11172 11175
f 11174 11172 11173
f 11174 11293 11290
f 11291 11175 11290
f 9777 9785 9730
f 9777 9786 9785
f 9785 11174 11173
f 11292 11295 11283
f 11288 11282 11294
f 11292 11291 11290
f 11294 11295 11296
f 11296 11295 11293
f 11294 9776 11288
f 9778 9773 9792
f 9792 11294 11296
f 9786 9792 11296
f 11296 11293 9786
f 9737 9732 9734
f 9735 9737 9733
f 9734 9733 9737
f 9767 9771 9770
f 11180 11191 11182
f 11192 11191 11180
f 11180 11190 11192
f 11193 11191 11192
f 11197 11195 11198
f 11190 11194 11192
f 11194 11193 11192
f 11191 9804 11182
f 11191 11193 9804
f 9804 9803 9770
f 11193 9811 9809
f 9812 11194 11203
f 9805 9803 9809
f 9820 9807 9819
f 9821 9820 9819
f 9809 9811 9819
f 9811 9812 9813
f 9813 9824 9821
f 11197 11211 11203
f 11199 11197 11198
f 11212 11199 11213
f 11214 11218 11307
f 11304 11212 11213
f 11303 11212 11304
f 11211 9812 11203
f 11211 11300 9812
f 11306 11305 11301
f 11303 11306 11301
f 11302 11300 11301
f 11301 11300 11303
f 11301 11305 11302
f 11307 11308 11304
f 11308 11307 11309
f 11312 11306 11308
f 9813 11302 9824
f 9829 9825 11305
f 11311 9829 11305
f 11307 11218 11310
f 11309 11315 11313
f 11315 11309 11314
f 11315 11316 11313
f 11322 11321 11318
f 11318 11324 11322
f 11338 11333 11321
f 11338 11321 11322
f 11240 11244 11349
f 11344 11240 11349
f 11340 11323 11325
f 11323 11341 11339
f 11341 11323 11340
f 11341 11342 11339
f 11350 11348 11345
f 11350 11349 11351
f 11358 11353 11348
f 11358 11348 11350
f 11349 11244 11352
f 11255 11259 11369
f 11364 11255 11369
f 11351 11361 11359
f 11361 11351 11360
f 11361 11362 11359
f 11370 11368 11365
f 11379 11370 11378
f 11379 11373 11368
f 11379 11368 11370
f 11369 11259 11372
f 11369 11372 11371
f 11423 11435 11416
f 11422 11423 11416
f 11425 11423 11422
f 11422 11430 11425
f 11427 11425 11426
f 11436 11424 9833
f 11424 9830 9833
f 11427 9830 11424
f 9830 9837 9833
f 11428 11432 11275
f 11428 11275 11276
f 11276 11275 11279
f 11278 11280 11289
f 11278 11277 11276
f 11289 11280 11284
f 11279 11281 11280
f 9831 11429 11277
f 9842 9831 11277
f 9840 9851 9772
f 9772 9851 9852
f 9852 9774 9772
f 9851 11277 11278
f 11426 11429 11427
f 11428 11429 11426
f 9838 9839 9837
f 9838 9831 9842
f 9838 9834 9839
f 9842 9840 9841
f 11286 11284 11285
f 11282 11284 11286
f 11283 11282 11286
f 9776 9773 9775
f 11288 9852 11289
f 9775 9774 9776
f 9816 9807 9820
f 9820 9818 9816
f 9818 9820 9821
f 11312 11317 11311
f 11317 11312 11313
f 9829 9863 9825
f 9824 9825 9823
f 9864 9859 9863
f 9829 9871 9863
f 11311 9871 9829
f 9873 9872 9871
f 9860 9859 9864
f 9862 9860 9864
f 9869 9872 9874
f 9872 9873 9874
f 9874 9870 9869
f 11335 11334 11316
f 11316 11333 11335
f 11336 11334 11335
f 11333 11337 11335
f 11337 11336 11335
f 11343 11338 11339
f 11334 9873 11317
f 9880 9875 11336
f 11336 9885 9880
f 9886 11337 11343
f 9873 9875 9874
f 9875 9870 9874
f 9879 9876 9880
f 9884 9885 9887
f 9885 9886 9887
f 11355 11354 11342
f 11342 11353 11355
f 11356 11354 11355
f 11353 11357 11355
f 11357 11356 11355
f 11363 11358 11359
f 11354 9886 11343
f 9899 9888 11356
f 11356 9900 9899
f 9901 11357 11363
f 9886 9888 9887
f 9896 9897 9895
f 9896 9888 9899
f 9896 9899 9911
f 9913 9912 9911
f 9899 9900 9911
f 9900 9901 9902
f 9902 9918 9913
f 11375 11374 11362
f 11362 11373 11375
f 11376 11374 11375
f 11380 11378 11381
f 11373 11377 11375
f 11377 11376 11375
f 11374 9901 11363
f 9923 9903 11376
f 11376 9929 9923
f 9930 11377 11386
f 9901 9903 9902
f 9919 9920 9918
f 9919 9903 9923
f 9919 9914 9920
f 9927 9929 9931
f 9929 9930 9931
f 9931 9928 9927
f 11380 11392 11386
f 11382 11380 11381
f 11393 11382 11396
f 11394 11392 11393
f 11395 11397 11407
f 11395 11394 11393
f 11407 11397 11402
f 11396 11398 11397
f 11392 9930 11386
f 9945 9932 11394
f 11394 9951 9945
f 9952 11395 11407
f 9930 9932 9931
f 9932 9928 9931
f 9944 9940 9945
f 9949 9951 9953
f 9951 9952 9953
f 9953 9950 9949
f 11402 11408 11407
f 11404 11402 11403
f 11409 11404 11412
f 11410 11408 11409
f 11411 11413 11421
f 11411 11410 11409
f 11421 11413 11417
f 11412 11414 11413
f 11408 9952 11407
f 9967 9954 11410
f 11410 9976 9967
f 9977 11411 11421
f 9952 9954 9953
f 9954 9950 9953
f 9966 9962 9967
f 9974 9976 9978
f 9976 9977 9978
f 9978 9975 9974
f 11417 11437 11421
f 11419 11417 11418
f 11439 11437 11438
f 11435 11440 11438
f 11440 11435 11436
f 11440 11439 11438
f 11437 9977 11421
f 9985 9979 11439
f 9983 9995 9832
f 9995 11440 11436
f 9995 11439 11440
f 9977 9979 9978
f 9979 9975 9978
f 9984 9980 9985
f 9985 9983 9984
f 9839 9834 9836
f 9837 9839 9835
f 9836 9835 9839
f 9890 9895 9893
f 9895 9897 9893
f 9894 9893 9897
f 9912 9910 9908
f 9910 9912 9913
f 9920 9914 9917
f 9918 9920 9916
f 9917 9916 9920
f 10056 10064 10059
f 10065 10066 10064
f 10065 10056 10062
f 10064 10056 10065
f 10076 10075 10074
f 10072 10074 10069
f 10076 10074 10072
f 10079 10080 10078
f 10079 10073 10077
f 10078 10073 10079
f 10090 10089 10088
f 10086 10088 10083
f 10090 10088 10086
f 10094 10095 10093
f 10094 10087 10091
f 10093 10087 10094
f 10094 10092 10095
f 10091 10092 10094
f 10145 10153 10147
f 10154 10155 10153
f 10154 10145 10151
f 10153 10145 10154
f 10166 10165 10164
f 10161 10164 10158
f 10166 10164 10161
f 10059 10064 10063
f 10170 10171 10169
f 10170 10162 10167
f 10169 10162 10170
f 10182 10181 10180
f 10176 10180 10174
f 10182 10180 10176
f 10075 10187 10066
f 10064 10066 10063
f 10188 10178 10187
f 10075 10189 10187
f 10193 10189 10190
f 10076 10078 10190
f 10193 10192 10189
f 11452 11449 11453
f 11452 11451 11448
f 11452 11448 11449
f 10185 10186 10184
f 10184 10177 10185
f 10185 10188 10194
f 10188 10192 10194
f 11448 10194 10192
f 11457 11450 11447
f 11447 11458 11457
f 10089 10196 10080
f 10190 10191 10193
f 10191 10080 10196
f 10191 10196 11447
f 10089 10197 10196
f 11447 10196 10197
f 10200 10197 10198
f 10090 10093 10198
f 11457 11459 11454
f 11454 11450 11457
f 11454 11455 11453
f 11458 11459 11457
f 11466 11460 11467
f 11466 11461 11459
f 10193 11450 11449
f 11460 11458 10200
f 10198 10199 10200
f 10201 10200 10199
f 10199 10095 10205
f 10204 10205 10103
f 10204 10206 10205
f 11460 11468 11467
f 11469 11467 11468
f 10202 10201 10206
f 10201 10202 11468
f 10202 10206 10211
f 10213 10212 10211
f 10213 10211 10209
f 10216 10217 10215
f 10216 10210 10214
f 10215 10210 10216
f 10229 10228 10227
f 10224 10227 10220
f 10229 10227 10224
f 10225 10229 10224
f 10274 10263 10273
f 10273 10263 10268
f 10275 10274 10273
f 10270 10273 10268
f 10275 10273 10270
f 10138 10149 10280
f 10280 10272 10138
f 10281 10272 10280
f 10279 10280 10149
f 10279 10281 10280
f 10147 10153 10152
f 10277 10278 10276
f 10276 10271 10277
f 10277 10281 10287
f 10289 10288 10287
f 10289 10287 10283
f 10165 10295 10155
f 10153 10155 10152
f 10296 10285 10295
f 10163 10165 10166
f 10294 10296 10295
f 10292 10293 10291
f 10291 10284 10292
f 10292 10296 10302
f 10304 10303 10302
f 10304 10302 10298
f 10181 10310 10171
f 10169 10171 10168
f 10311 10300 10310
f 10179 10181 10182
f 10309 10311 10310
f 10307 10308 10306
f 10306 10299 10307
f 10307 10311 10317
f 10319 10318 10317
f 10319 10317 10313
f 11452 11456 11451
f 11456 11452 11453
f 10195 10324 10186
f 10184 10186 10183
f 10325 10315 10324
f 10195 10326 10324
f 11451 10326 10195
f 10328 10327 10326
f 10322 10323 10321
f 10321 10314 10322
f 10322 10325 10332
f 10334 10333 10332
f 10325 10327 10332
f 10327 10328 10329
f 10329 10336 10334
f 11463 11462 11455
f 11455 11461 11463
f 11464 11462 11463
f 11461 11465 11463
f 11465 11464 11463
f 11470 11466 11467
f 11462 10328 11456
f 10339 10330 11464
f 11464 10341 10339
f 10342 11465 11470
f 10328 10330 10329
f 10337 10338 10336
f 10337 10330 10339
f 10337 10339 10346
f 10348 10347 10346
f 10339 10341 10346
f 10341 10342 10343
f 10343 10350 10348
f 11469 11470 11467
f 10212 10353 10203
f 11469 10203 10340
f 10344 10342 10340
f 10340 10203 10353
f 10212 10355 10353
f 10359 10355 10356
f 10213 10215 10356
f 10359 10358 10355
f 10342 10344 10343
f 10351 10352 10350
f 10351 10344 10354
f 10351 10354 10362
f 10364 10363 10362
f 10354 10358 10362
f 10358 10359 10360
f 10360 10365 10364
f 10228 10369 10217
f 10356 10357 10359
f 10361 10359 10357
f 10357 10217 10369
f 10226 10228 10229
f 10368 10370 10369
f 10229 10225 10226
f 10359 10361 10360
f 10366 10367 10365
f 10366 10361 10370
f 10366 10370 10375
f 10377 10376 10375
f 10377 10375 10372
f 10234 10241 10382
f 10382 10374 10234
f 10383 10374 10382
f 10381 10382 10241
f 10381 10383 10382
f 10379 10380 10378
f 10378 10373 10379
f 10379 10383 10390
f 10392 10391 10390
f 10392 10390 10387
f 10388 10392 10387
f 10418 10426 10422
f 10429 10419 10265
f 10430 10419 10429
f 10274 10431 10429
f 10435 10431 10432
f 10275 10276 10432
f 10435 10434 10431
f 10427 10428 10426
f 10426 10418 10427
f 10427 10430 10438
f 10440 10439 10438
f 10430 10434 10438
f 10434 10435 10436
f 10436 10441 10440
f 10288 10445 10278
f 10432 10433 10435
f 10437 10435 10433
f 10433 10278 10445
f 10286 10288 10289
f 10444 10446 10445
f 10435 10437 10436
f 10442 10443 10441
f 10442 10437 10446
f 10442 10446 10451
f 10453 10452 10451
f 10453 10451 10448
f 10303 10458 10293
f 10291 10293 10290
f 10459 10450 10458
f 10301 10303 10304
f 10457 10459 10458
f 10455 10456 10454
f 10454 10449 10455
f 10455 10459 10465
f 10467 10466 10465
f 10467 10465 10461
f 10318 10473 10308
f 10306 10308 10305
f 10474 10463 10473
f 10316 10318 10319
f 10472 10474 10473
f 10470 10471 10469
f 10469 10462 10470
f 10470 10474 10480
f 10482 10481 10480
f 10482 10480 10476
f 10333 10491 10323
f 10321 10323 10320
f 10492 10478 10491
f 10331 10333 10334
f 10489 10492 10491
f 10487 10488 10486
f 10486 10477 10487
f 10487 10483 10488
f 10492 10489 10490
f 10496 10505 10500
f 10347 10509 10338
f 10336 10338 10335
f 10510 10497 10509
f 10345 10347 10348
f 10508 10510 10509
f 10506 10507 10505
f 10505 10496 10506
f 10506 10510 10518
f 10520 10519 10518
f 10520 10518 10512
f 10363 10525 10352
f 10350 10352 10349
f 10526 10514 10525
f 10363 10527 10525
f 10531 10527 10528
f 10364 10365 10528
f 10531 10530 10527
f 10523 10524 10522
f 10522 10513 10523
f 10523 10526 10535
f 10537 10536 10535
f 10526 10530 10535
f 10530 10531 10532
f 10532 10539 10537
f 10376 10542 10367
f 10528 10529 10531
f 10533 10531 10529
f 10529 10367 10542
f 10376 10544 10542
f 10548 10544 10545
f 10377 10378 10545
f 10548 10547 10544
f 10531 10533 10532
f 10540 10541 10539
f 10540 10533 10543
f 10540 10543 10551
f 10553 10552 10551
f 10543 10547 10551
f 10547 10548 10549
f 10549 10554 10553
f 10391 10558 10380
f 10545 10546 10548
f 10550 10548 10546
f 10546 10380 10558
f 10389 10391 10392
f 10557 10559 10558
f 10392 10388 10389
f 10548 10550 10549
f 10555 10556 10554
f 10555 10550 10559
f 10555 10559 10565
f 10567 10566 10565
f 10567 10565 10562
f 10572 10573 10571
f 10572 10563 10568
f 10571 10563 10572
f 10572 10569 10573
f 10568 10569 10572
f 10422 10426 10425
f 10596 10605 10601
f 10439 10608 10428
f 10426 10428 10425
f 10609 10597 10608
f 10439 10610 10608
f 10614 10610 10611
f 10440 10441 10611
f 10614 10613 10610
f 10606 10607 10605
f 10605 10596 10606
f 10606 10609 10617
f 10619 10618 10617
f 10609 10613 10617
f 10613 10614 10615
f 10615 10620 10619
f 10452 10623 10443
f 10611 10612 10614
f 10616 10614 10612
f 10612 10443 10623
f 10452 10625 10623
f 10629 10625 10626
f 10453 10454 10626
f 10629 10628 10625
f 11475 11472 11476
f 11475 11473 11471
f 11475 11471 11472
f 10614 10616 10615
f 10621 10622 10620
f 10621 10616 10624
f 10621 10624 10631
f 10624 10628 10631
f 11471 10631 10628
f 10466 10636 10456
f 10626 10627 10629
f 10630 10629 10627
f 10627 10456 10636
f 10464 10466 10467
f 10635 10637 10636
f 11472 11477 11476
f 11478 11476 11477
f 10633 10630 10637
f 10630 10633 11477
f 10633 10637 10642
f 10644 10643 10642
f 10644 10642 10639
f 10481 10649 10471
f 10469 10471 10468
f 10650 10641 10649
f 10479 10481 10482
f 10648 10650 10649
f 10646 10647 10645
f 10645 10640 10646
f 10646 10650 10656
f 10658 10657 10656
f 10658 10656 10653
f 10488 10483 10485
f 10486 10488 10484
f 10485 10484 10488
f 10500 10505 10503
f 10663 10664 10662
f 10663 10654 10659
f 10662 10654 10663
f 10663 10660 10664
f 10659 10660 10663
f 10505 10507 10503
f 10504 10503 10507
f 10519 10517 10516
f 10517 10519 10520
f 10685 10694 10689
f 10536 10698 10524
f 10522 10524 10521
f 10699 10686 10698
f 10534 10536 10537
f 10697 10699 10698
f 10695 10696 10694
f 10694 10685 10695
f 10695 10699 10707
f 10709 10708 10707
f 10709 10707 10701
f 10552 10714 10541
f 10539 10541 10538
f 10715 10703 10714
f 10552 10716 10714
f 10720 10716 10717
f 10553 10554 10717
f 10720 10719 10716
f 10712 10713 10711
f 10711 10702 10712
f 10712 10715 10723
f 10725 10724 10723
f 10715 10719 10723
f 10719 10720 10721
f 10721 10726 10725
f 10566 10730 10556
f 10717 10718 10720
f 10722 10720 10718
f 10718 10556 10730
f 10564 10566 10567
f 10729 10731 10730
f 10720 10722 10721
f 10727 10728 10726
f 10727 10722 10731
f 10727 10731 10736
f 10738 10737 10736
f 10738 10736 10733
f 10571 10573 10570
f 10744 10735 10743
f 10742 10743 10580
f 10742 10744 10743
f 10740 10741 10739
f 10739 10734 10740
f 10740 10744 10751
f 10753 10752 10751
f 10753 10751 10748
f 10749 10753 10748
f 10601 10605 10604
f 10776 10785 10781
f 10618 10788 10607
f 10605 10607 10604
f 10789 10777 10788
f 10618 10790 10788
f 10794 10790 10791
f 10619 10620 10791
f 10794 10793 10790
f 10786 10787 10785
f 10785 10776 10786
f 10786 10789 10796
f 10798 10797 10796
f 10789 10793 10796
f 10793 10794 10795
f 10795 10799 10798
f 11486 11481 11474
f 11475 11479 11473
f 11474 11487 11486
f 11479 11475 11476
f 10632 10800 10622
f 10791 10792 10794
f 10792 10622 10800
f 10792 10800 11474
f 10632 10801 10800
f 11473 10801 10632
f 11474 10800 10801
f 11486 11488 11482
f 11484 11481 11482
f 11482 11481 11486
f 11487 11488 11486
f 11494 11489 11496
f 11494 11491 11488
f 11485 10799 11484
f 10795 11484 10799
f 11489 11487 10803
f 11478 11479 11476
f 11501 11490 11480
f 11480 11502 11501
f 10643 10804 10634
f 11478 10634 10802
f 10802 10634 10804
f 10802 10804 11480
f 10643 10805 10804
f 11480 10804 10805
f 10808 10805 10806
f 10644 10645 10806
f 11501 11503 11497
f 11497 11490 11501
f 11497 11498 11496
f 11502 11503 11501
f 11504 11503 11502
f 10803 11490 11489
f 11506 11504 10811
f 11504 10809 10811
f 10809 10812 10811
f 10657 10816 10647
f 10806 10807 10808
f 10810 10808 10807
f 10807 10647 10816
f 10655 10657 10658
f 10815 10817 10816
f 10808 10810 10809
f 10813 10814 10812
f 10813 10810 10817
f 10813 10817 10823
f 10825 10824 10823
f 10825 10823 10819
f 10662 10664 10661
f 10834 10821 10833
f 10831 10833 10674
f 10831 10834 10833
f 10829 10830 10828
f 10828 10820 10829
f 10829 10826 10830
f 10834 10831 10832
f 10689 10694 10692
f 10694 10696 10692
f 10693 10692 10696
f 10708 10706 10705
f 10706 10708 10709
f 10868 10876 10872
f 10724 10879 10713
f 10711 10713 10710
f 10880 10869 10879
f 10724 10881 10879
f 10885 10881 10882
f 10725 10726 10882
f 10885 10884 10881
f 10877 10878 10876
f 10876 10868 10877
f 10877 10880 10888
f 10890 10889 10888
f 10880 10884 10888
f 10884 10885 10886
f 10886 10891 10890
f 10737 10894 10728
f 10882 10883 10885
f 10887 10885 10883
f 10883 10728 10894
f 10737 10896 10894
f 10900 10896 10897
f 10738 10739 10897
f 10900 10899 10896
f 10885 10887 10886
f 10892 10893 10891
f 10892 10887 10895
f 10892 10895 10903
f 10905 10904 10903
f 10895 10899 10903
f 10899 10900 10901
f 10901 10906 10905
f 10752 10910 10741
f 10897 10898 10900
f 10902 10900 10898
f 10898 10741 10910
f 10750 10752 10753
f 10909 10911 10910
f 10753 10749 10750
f 10900 10902 10901
f 10907 10908 10906
f 10907 10902 10911
f 10907 10911 10918
f 10920 10919 10918
f 10920 10918 10915
f 10916 10920 10915
f 10781 10785 10784
f 10943 10951 10947
f 10797 10954 10787
f 10785 10787 10784
f 10955 10944 10954
f 10797 10956 10954
f 10959 10956 10957
f 10798 10799 10957
f 10959 10958 10956
f 11517 11514 11518
f 11517 11516 11513
f 11517 11513 11514
f 10952 10953 10951
f 10951 10943 10952
f 10952 10955 10960
f 10955 10958 10960
f 11513 10960 10958
f 11483 11492 11485
f 11493 11492 11483
f 11483 11491 11493
f 11525 11495 11499
f 11494 11495 11491
f 11522 11493 11523
f 11495 11525 11523
f 11485 10957 10799
f 11492 11515 10959
f 11522 11524 11519
f 11519 11515 11522
f 11519 11520 11518
f 11525 11526 11523
f 11535 11526 11534
f 11535 11531 11524
f 11535 11524 11526
f 10959 11515 11514
f 11498 11499 11496
f 11499 11498 11500
f 11541 11508 11509
f 11505 11508 11507
f 11509 11508 11510
f 11506 10811 10962
f 11510 11506 10962
f 10811 10812 10962
f 11525 11528 11527
f 11541 11544 11539
f 11548 11542 11550
f 11510 11511 11509
f 11541 11509 11543
f 11509 11511 11543
f 11512 11557 11556
f 10824 10965 10814
f 11512 11511 10963
f 10963 10814 10965
f 10963 10965 11512
f 10822 10824 10825
f 11512 10970 11557
f 11543 11542 11541
f 11556 11558 11551
f 11542 11551 11550
f 11551 11552 11550
f 11557 11558 11556
f 11559 11558 11557
f 11561 11559 10971
f 10967 10970 10964
f 11559 11557 10970
f 10828 10830 10827
f 10977 10969 10976
f 10975 10976 10842
f 10975 10977 10976
f 10973 10974 10972
f 10972 10968 10973
f 10973 10977 10984
f 10986 10985 10984
f 10986 10984 10981
f 10982 10986 10981
f 10872 10876 10875
f 11018 11005 11017
f 11017 11005 11009
f 11019 11018 11017
f 11011 11017 11009
f 11019 11017 11011
f 10889 11024 10878
f 10876 10878 10875
f 11025 11013 11024
f 10889 11026 11024
f 11030 11026 11027
f 10890 10891 11027
f 11030 11029 11026
f 11022 11023 11021
f 11021 11012 11022
f 11022 11025 11033
f 11035 11034 11033
f 11025 11029 11033
f 11029 11030 11031
f 11031 11036 11035
f 10904 11038 10893
f 11027 11028 11030
f 11032 11030 11028
f 11028 10893 11038
f 10904 11040 11038
f 11044 11040 11041
f 10905 10906 11041
f 11044 11043 11040
f 11581 11582 11574
f 11581 11574 11579
f 11583 11582 11581
f 11030 11032 11031
f 11037 11032 11039
f 11047 11581 11037
f 11037 11039 11047
f 11039 11043 11047
f 11043 11044 11045
f 11045 11049 11048
f 10919 11053 10908
f 11041 11042 11044
f 11046 11044 11042
f 11042 10908 11053
f 10917 10919 10920
f 11052 11054 11053
f 10920 10916 10917
f 11044 11046 11045
f 11050 11051 11049
f 11050 11046 11054
f 11050 11054 11064
f 11066 11065 11064
f 11066 11064 11059
f 11061 11066 11059
f 10947 10951 10950
f 11517 11521 11516
f 11521 11517 11518
f 10961 11086 10953
f 10951 10953 10950
f 11087 11077 11086
f 10961 11088 11086
f 11516 11088 10961
f 11090 11089 11088
f 11081 11077 11087
f 11097 11084 11096
f 11098 11097 11096
f 11087 11089 11096
f 11089 11090 11091
f 11091 11100 11098
f 11533 11532 11520
f 11520 11531 11533
f 11535 11536 11531
f 11596 11533 11597
f 11534 11536 11535
f 11536 11600 11597
f 11532 11090 11521
f 11532 11593 11090
f 11599 11598 11594
f 11596 11599 11594
f 11595 11593 11594
f 11594 11593 11596
f 11594 11598 11595
f 11600 11601 11597
f 11601 11600 11602
f 11607 11599 11601
f 11091 11595 11100
f 11102 11101 11598
f 11606 11102 11598
f 11600 11537 11603
f 11553 11548 11550
f 11613 11549 11617
f 11602 11610 11608
f 11610 11602 11609
f 11610 11611 11608
f 11618 11616 11614
f 11618 11617 11619
f 11630 11625 11616
f 11630 11616 11618
f 11552 11553 11550
f 11617 11553 11620
f 11552 11560 11562
f 11620 11562 11635
f 11560 11563 11562
f 11563 11560 11561
f 11561 10971 11103
f 10971 10972 11103
f 11105 11637 11563
f 11620 11619 11617
f 11635 11638 11632
f 11619 11632 11631
f 11632 11633 11631
f 11637 11638 11635
f 11639 11638 11637
f 11643 11639 11108
f 11639 11106 11108
f 11106 11109 11108
f 10985 11113 10974
f 11103 11104 11105
f 11107 11105 11104
f 11104 10974 11113
f 10983 10985 10986
f 11112 11114 11113
f 10986 10982 10983
f 11105 11107 11106
f 11110 11111 11109
f 11110 11107 11114
f 11110 11114 11120
f 11122 11121 11120
f 11122 11120 11117
f 11127 11128 11126
f 11127 11118 11123
f 11126 11118 11127
f 11127 11124 11128
f 11123 11124 11127
f 11135 11143 11137
f 11015 11005 11018
f 11018 11016 11015
f 11016 11018 11019
f 11661 11671 11658
f 11658 11671 11678
f 11144 11145 11143
f 11144 11135 11142
f 11143 11135 11144
f 11156 11155 11154
f 11150 11154 11148
f 11156 11154 11150
f 11659 11565 11662
f 11659 11567 11565
f 11567 11570 11565
f 11580 11571 11569
f 11568 11569 11567
f 11575 11571 11580
f 11571 11572 11570
f 11034 11158 11023
f 11021 11023 11020
f 11568 11660 11153
f 11034 11159 11158
f 11568 11158 11159
f 11035 11036 11160
f 11159 11569 11568
f 11658 11660 11659
f 11680 11679 11678
f 11153 11660 11679
f 11680 11157 11679
f 11153 11151 11152
f 11576 11575 11577
f 11575 11574 11577
f 11582 11585 11584
f 11588 11585 11590
f 11585 11586 11584
f 11579 11160 11036
f 11579 11580 11160
f 11583 11048 11161
f 11590 11583 11161
f 11048 11049 11161
f 11590 11591 11588
f 11588 11591 11683
f 11592 11691 11689
f 11065 11167 11051
f 11592 11591 11162
f 11162 11051 11167
f 11162 11167 11592
f 11063 11065 11066
f 11066 11061 11063
f 11592 11171 11691
f 11692 11695 11688
f 11683 11687 11684
f 11689 11687 11683
f 11691 11692 11689
f 11693 11692 11691
f 11176 11163 11177
f 11166 11163 11176
f 11171 11176 11693
f 11693 11691 11171
f 11094 11084 11097
f 11097 11095 11094
f 11095 11097 11098
f 11188 11200 11195
f 11607 11612 11606
f 11612 11607 11608
f 11102 11204 11101
f 11100 11101 11099
f 11205 11189 11204
f 11102 11206 11204
f 11606 11206 11102
f 11208 11207 11206
f 11201 11202 11200
f 11200 11188 11201
f 11201 11205 11215
f 11217 11216 11215
f 11205 11207 11215
f 11207 11208 11209
f 11209 11219 11217
f 11627 11626 11611
f 11611 11625 11627
f 11628 11626 11627
f 11625 11629 11627
f 11629 11628 11627
f 11634 11630 11631
f 11626 11208 11612
f 11222 11210 11628
f 11628 11223 11222
f 11224 11629 11634
f 11208 11210 11209
f 11220 11221 11219
f 11220 11210 11222
f 11220 11222 11227
f 11229 11228 11227
f 11222 11223 11227
f 11223 11224 11225
f 11225 11230 11229
f 11645 11644 11633
f 11633 11642 11645
f 11646 11644 11645
f 11642 11647 11645
f 11647 11642 11643
f 11647 11646 11645
f 11644 11224 11634
f 11233 11226 11646
f 11643 11108 11234
f 11646 11236 11233
f 11108 11109 11234
f 11224 11226 11225
f 11231 11232 11230
f 11231 11226 11233
f 11231 11233 11241
f 11243 11242 11241
f 11233 11236 11241
f 11236 11237 11238
f 11238 11245 11243
f 11121 11249 11111
f 11234 11235 11237
f 11239 11237 11235
f 11235 11111 11249
f 11119 11121 11122
f 11248 11250 11249
f 11237 11239 11238
f 11246 11247 11245
f 11246 11239 11250
f 11246 11250 11256
f 11258 11257 11256
f 11258 11256 11252
f 11126 11128 11125
f 11264 11254 11263
f 11266 11265 11141
f 11269 11265 11266
f 11269 11268 11265
f 11711 11721 11707
f 11722 11719 11706
f 11722 11706 11708
f 11261 11262 11260
f 11260 11253 11261
f 11261 11264 11270
f 11264 11268 11270
f 11706 11270 11268
f 11709 11653 11712
f 11709 11668 11653
f 11668 11672 11653
f 11674 11673 11671
f 11681 11673 11670
f 11669 11670 11668
f 11673 11674 11672
f 11155 11272 11145
f 11266 11267 11269
f 11267 11145 11272
f 11267 11272 11669
f 11155 11273 11272
f 11669 11272 11273
f 11156 11157 11274
f 11273 11670 11669
f 11708 11710 11707
f 11707 11710 11709
f 11269 11710 11708
f 11680 11678 11681
f 11680 11274 11157
f 11680 11681 11274
f 11688 11695 11698
f 11697 11695 11696
f 11697 11736 11733
f 11734 11698 11733
f 11177 11163 11175
f 11177 11297 11696
f 11291 11298 11297
f 11297 11697 11696
f 11735 11738 11730
f 11732 11729 11737
f 11735 11734 11733
f 11737 11738 11739
f 11739 11738 11736
f 11737 11287 11732
f 11292 11283 11299
f 11299 11737 11739
f 11298 11299 11739
f 11739 11736 11298
f 11195 11200 11198
f 11200 11202 11198
f 11199 11198 11202
f 11216 11214 11213
f 11214 11216 11217
f 11228 11319 11221
f 11219 11221 11218
f 11320 11310 11319
f 11228 11326 11319
f 11330 11326 11327
f 11229 11230 11327
f 11330 11329 11326
f 11314 11310 11320
f 11318 11314 11320
f 11324 11329 11331
f 11329 11330 11331
f 11331 11325 11324
f 11242 11346 11232
f 11327 11328 11330
f 11332 11330 11328
f 11328 11232 11346
f 11240 11242 11243
f 11344 11347 11346
f 11330 11332 11331
f 11332 11325 11331
f 11345 11340 11347
f 11347 11344 11345
f 11257 11366 11247
f 11245 11247 11244
f 11367 11352 11366
f 11255 11257 11258
f 11364 11367 11366
f 11360 11352 11367
f 11365 11360 11367
f 11367 11364 11365
f 11371 11383 11378
f 11724 11723 11721
f 11720 11723 11747
f 11747 11750 11720
f 11721 11723 11722
f 11271 11387 11262
f 11260 11262 11259
f 11388 11372 11387
f 11271 11389 11387
f 11719 11389 11271
f 11719 11720 11389
f 11751 11750 11747
f 11753 11751 11752
f 11750 11751 11753
f 11384 11385 11383
f 11383 11371 11384
f 11384 11388 11399
f 11401 11400 11399
f 11388 11390 11399
f 11391 11405 11401
f 11758 11752 11755
f 11760 11759 11758
f 11759 11752 11758
f 11759 11763 11762
f 11763 11764 11765
f 11753 11762 11391
f 11391 11762 11405
f 11415 11406 11763
f 11765 11415 11763
f 11770 11780 11776
f 11774 11770 11776
f 11781 11785 11778
f 11781 11778 11777
f 11776 11420 11774
f 11422 11416 11441
f 11441 11776 11777
f 11430 11422 11441
f 11778 11433 11777
f 11433 11431 11430
f 11728 11779 11792
f 11792 11794 11728
f 11279 11275 11442
f 11434 11779 11728
f 11275 11432 11442
f 11281 11443 11444
f 11728 11443 11442
f 11445 11444 11443
f 11444 11285 11281
f 11787 11788 11786
f 11792 11779 11786
f 11785 11787 11786
f 11793 11800 11795
f 11797 11795 11796
f 11794 11795 11797
f 11432 11431 11434
f 11434 11431 11433
f 11445 11794 11797
f 11732 11743 11729
f 11798 11802 11731
f 11730 11729 11731
f 11743 11799 11798
f 11287 11283 11286
f 11445 11799 11743
f 11286 11285 11287
f 11796 11799 11797
f 11798 11799 11796
f 11797 11799 11445
f 11378 11383 11381
f 11383 11385 11381
f 11382 11381 11385
f 11400 11398 11396
f 11398 11400 11401
f 11766 11764 11760
f 11766 11767 11764
f 11775 11767 11771
f 11766 11768 11767
f 11405 11406 11403
f 11404 11403 11406
f 11415 11414 11412
f 11765 11775 11446
f 11446 11418 11414
f 11773 11771 11772
f 11770 11771 11773
f 11782 11783 11780
f 11780 11783 11781
f 11782 11784 11783
f 11420 11416 11419
f 11774 11446 11775
f 11419 11418 11420
f 11789 11787 11785
f 11791 11789 11790
f 11787 11789 11791
f 11788 11787 11791
f 11822 11852 11824
f 11852 11822 11847
f 11840 11857 11851
f 11840 11851 11848
f 11848 11851 11853
f 11853 11854 11852
f 11851 11857 11862
f 11853 11851 11862
f 11824 11852 11855
f 11828 11873 11831
f 11873 11828 11868
f 11865 11854 11863
f 11854 11865 11864
f 11863 11866 11865
f 11869 11872 11874
f 11880 11874 11881
f 11872 11877 11881
f 11874 11872 11881
f 11831 11873 11876
f 11873 11875 11876
f 11837 11838 11920
f 11846 11838 11837
f 11920 11924 11837
f 11841 11838 11846
f 11846 11837 11529
f 11924 11529 11837
f 11916 11929 11925
f 11916 11925 11922
f 11921 11922 11920
f 11932 11933 11926
f 11925 11929 11932
f 11529 11924 11926
f 11527 11538 11534
f 11846 11858 11841
f 11842 11841 11843
f 11858 11860 11859
f 11861 11857 11859
f 11860 11861 11859
f 11867 11863 11862
f 11500 11507 11540
f 11529 11858 11846
f 11540 11528 11500
f 11539 11540 11507
f 11867 11861 11546
f 11926 11933 11934
f 11935 11934 11933
f 11935 11538 11934
f 11530 11527 11528
f 11544 11545 11539
f 11545 11544 11547
f 11546 11545 11547
f 11866 11878 11879
f 11879 11877 11866
f 11877 11882 11881
f 11941 11942 11879
f 11881 11882 11880
f 11945 11882 11942
f 11546 11878 11867
f 11546 11937 11878
f 11944 11939 11943
f 11939 11944 11941
f 11939 11937 11940
f 11941 11937 11939
f 11943 11939 11940
f 11945 11942 11946
f 11946 11947 11945
f 11946 11944 11951
f 11547 11554 11940
f 11555 11564 11943
f 11943 11564 11949
f 11948 11894 11884
f 11894 11895 11884
f 11948 11956 11894
f 11896 11959 11900
f 11957 11895 11894
f 11956 11957 11894
f 11945 11947 11948
f 11953 11958 11956
f 11953 11947 11952
f 11952 11954 11953
f 11959 11957 11960
f 11960 11961 11959
f 11958 11963 11967
f 11960 11958 11967
f 11962 11904 11901
f 11904 11905 11901
f 11962 11972 11904
f 11906 11975 11908
f 11973 11905 11904
f 11972 11973 11904
f 11959 11961 11962
f 11969 11974 11972
f 11969 11961 11968
f 11968 11970 11969
f 11975 11973 11976
f 11976 11977 11975
f 11974 11980 11984
f 11976 11974 11984
f 11908 11975 11978
f 11910 11995 11912
f 11995 11910 11990
f 11987 11977 11985
f 11977 11987 11986
f 11985 11988 11987
f 11991 11994 11996
f 11996 11997 11995
f 11994 12000 12005
f 11996 11994 12005
f 11912 11995 11998
f 12015 12008 12014
f 12008 11997 12006
f 11997 12008 12007
f 12011 12015 12016
f 12016 12018 12011
f 12016 12015 12026
f 12009 11566 12014
f 11566 11573 12014
f 12014 11573 12025
f 12019 12017 12028
f 12029 12030 12028
f 12029 12017 12027
f 12017 12029 12028
f 12039 12038 12034
f 12031 11578 12034
f 11578 11587 12034
f 12034 11587 12039
f 12057 11917 12058
f 12057 11930 11917
f 12057 12065 11930
f 11931 11929 11930
f 11936 11933 11932
f 11936 11931 11605
f 11534 11538 11537
f 12067 11605 11931
f 12062 12057 12058
f 12066 12065 12062
f 12065 12057 12062
f 12066 12071 12068
f 12068 12071 12072
f 12067 12068 12069
f 11605 12067 12069
f 11935 11933 11936
f 11938 12070 12082
f 12082 12083 11938
f 11604 11603 11537
f 11613 11621 11549
f 11549 11621 11622
f 11624 11622 11621
f 12077 12084 12082
f 12082 12070 12077
f 12076 12078 12077
f 12082 12084 12083
f 12088 12091 12085
f 12084 12087 12088
f 12069 12070 11605
f 11609 11603 11615
f 11614 11609 11615
f 11615 11613 11614
f 11624 12083 12085
f 11950 12086 12095
f 11951 11949 11955
f 12095 12096 11950
f 11955 11952 11951
f 11564 11555 11636
f 11624 11623 11622
f 11623 11636 11555
f 11623 11950 11636
f 11636 11640 11564
f 11564 11640 11949
f 11950 11640 11636
f 12092 12097 12095
f 12095 12086 12092
f 12091 12093 12092
f 12095 12097 12096
f 12102 12104 12098
f 12097 12100 12102
f 12085 12086 11624
f 11641 12096 12098
f 11954 11964 11965
f 11965 11963 11954
f 11966 11963 11965
f 11971 11968 11967
f 11641 11964 11955
f 11641 12099 11964
f 11971 11966 11648
f 12109 11648 11966
f 12105 12110 12108
f 12108 12099 12105
f 12104 12106 12105
f 12108 12110 12109
f 12116 12117 12111
f 12110 12113 12116
f 12098 12099 11641
f 11648 12109 12111
f 11970 11981 11982
f 11982 11980 11970
f 11983 11980 11982
f 11989 11985 11984
f 11648 11981 11971
f 11648 12112 11981
f 11989 11983 11649
f 12122 11649 11983
f 12118 12123 12121
f 12121 12112 12118
f 12117 12119 12118
f 12121 12123 12122
f 12122 12123 12124
f 12111 12112 11648
f 12126 11652 12124
f 12124 11652 11650
f 11652 11654 11650
f 11988 12001 12002
f 12002 12000 11988
f 12001 12003 12002
f 12004 12000 12002
f 12003 12004 12002
f 12010 12006 12005
f 11649 12001 11989
f 12003 11651 11657
f 11657 11664 12003
f 12010 12004 11665
f 11649 11650 11651
f 11654 11656 11655
f 11651 11655 11657
f 11655 11675 11657
f 11675 11676 11677
f 11675 11664 11657
f 11665 11664 11666
f 12009 12006 12010
f 12026 12025 12032
f 12032 12027 12026
f 11663 11566 12009
f 11667 11663 11665
f 11663 11667 11662
f 11572 11573 11570
f 12032 12025 11682
f 11576 11682 11572
f 11665 11666 11667
f 11667 11661 11662
f 11666 11661 11667
f 12031 12027 12032
f 12030 12038 12040
f 12038 12041 12040
f 12046 12041 12051
f 12041 12042 12040
f 12031 12032 11682
f 11576 11577 11578
f 11586 11587 11584
f 12051 12039 11685
f 11589 11685 11586
f 12051 12052 12046
f 12047 12046 12048
f 12053 12055 12048
f 12052 12054 12053
f 12131 12055 12053
f 12132 12055 12131
f 11589 11686 11685
f 12054 12052 11686
f 11589 11684 11686
f 11690 11694 12054
f 12054 11694 12133
f 12133 12135 12131
f 12142 12136 12135
f 12142 12135 12143
f 12141 12143 12134
f 11687 11690 11684
f 11699 11688 11700
f 11699 11694 11690
f 11694 11699 12134
f 12134 12133 11694
f 12079 12072 12080
f 12072 12079 12076
f 12079 12078 12076
f 12081 12079 12080
f 12078 12079 12081
f 12094 12090 12161
f 12089 12090 12087
f 12087 12090 12088
f 12158 12163 12161
f 12161 12163 12164
f 12094 12093 12091
f 12162 12094 12161
f 12101 12100 12093
f 12162 12172 12101
f 12107 12103 12175
f 12100 12103 12102
f 12172 12173 12101
f 12175 12103 12173
f 12174 12172 12168
f 12172 12162 12168
f 12172 12174 12173
f 12176 12179 12184
f 12107 12106 12104
f 12177 12107 12175
f 12114 12113 12106
f 12177 12189 12114
f 12115 12113 12114
f 12120 12117 12116
f 12120 12115 11701
f 12190 11701 12115
f 12175 12176 12177
f 12185 12191 12189
f 12185 12176 12184
f 12184 12186 12185
f 12189 12191 12190
f 12194 12197 12192
f 12191 12193 12194
f 11701 12190 12192
f 12119 12127 12128
f 12128 12125 12119
f 12127 12129 12128
f 12130 12125 12128
f 12125 12130 12126
f 12129 12130 12128
f 11701 12127 12120
f 12129 11702 11705
f 12126 11713 11652
f 11705 11715 12129
f 11713 11654 11652
f 12192 12197 12199
f 12200 12199 12197
f 11702 11703 11705
f 11703 11702 12199
f 11703 11725 11705
f 11725 11726 11727
f 11725 11715 11705
f 11716 11715 11717
f 11716 11714 11713
f 11718 11714 11716
f 11714 11718 11712
f 11674 11676 11672
f 11676 11674 11677
f 11677 11674 11671
f 11716 11717 11718
f 11718 11711 11712
f 11717 11711 11718
f 12142 12144 12145
f 12143 12141 12147
f 11700 11688 11698
f 11700 11740 12141
f 11734 11741 11740
f 11740 11741 11742
f 12214 12208 12204
f 12211 12215 12203
f 12215 12205 12203
f 11744 11730 11745
f 11735 11730 11744
f 11741 11744 12203
f 12147 12148 12144
f 12144 12148 12206
f 12148 12207 12206
f 11742 12148 12147
f 11742 12207 12148
f 12204 12207 12205
f 12206 12207 12204
f 12205 12207 11742
f 12179 12187 12184
f 12236 12180 12233
f 12233 12237 12236
f 12236 12237 12238
f 12187 12186 12184
f 12186 12187 12188
f 12198 12196 12247
f 12195 12196 12193
f 12193 12196 12194
f 12236 12238 12239
f 12244 12249 12247
f 12247 12249 12250
f 12248 12198 12247
f 12248 12201 12198
f 12258 12259 12202
f 11726 11704 11749
f 11746 11704 12200
f 12201 11746 12200
f 12201 12202 11746
f 11746 11749 11704
f 11746 12202 11749
f 11726 11724 11727
f 11727 11724 11721
f 12259 11756 12202
f 12254 12262 12260
f 12258 12248 12253
f 12258 12260 12259
f 12263 12266 12261
f 12260 12262 12263
f 11748 11756 11754
f 11754 11756 11757
f 11757 11755 11754
f 12267 12271 12270
f 12261 12266 12269
f 12270 12271 12272
f 12261 12269 11757
f 12270 11761 12269
f 11758 11755 11761
f 11761 11760 11758
f 12272 11769 12270
f 11804 11788 11805
f 11793 11788 11804
f 11804 11805 11806
f 11800 11793 11804
f 11800 11804 11806
f 12212 12276 12288
f 12289 12216 12213
f 12215 12216 12214
f 12291 12216 12289
f 11803 12276 12212
f 11731 11802 11808
f 11808 11809 11745
f 11745 11809 12211
f 12212 11809 11808
f 11809 12213 12211
f 11809 12212 12213
f 12281 12282 12280
f 12280 12276 12285
f 12288 12276 12280
f 12288 12290 12289
f 12291 12292 12293
f 12285 12276 11803
f 11807 12286 12285
f 11802 11801 11803
f 12217 12291 12294
f 12291 12293 12294
f 12264 12262 12254
f 12268 12265 12311
f 12264 12265 12262
f 12262 12265 12263
f 12308 12313 12311
f 12311 12313 12314
f 12268 12267 12266
f 12312 12268 12311
f 12273 12271 12267
f 12312 12320 12273
f 12274 12271 12273
f 12271 12274 12272
f 11766 11760 11769
f 11769 11768 11766
f 11810 11772 11768
f 12322 11812 12274
f 12321 12320 12317
f 12320 12312 12317
f 12321 12327 12323
f 12325 12323 12324
f 12322 12323 12325
f 11812 12322 12325
f 12275 12326 12334
f 12334 12336 12275
f 11782 11773 11813
f 11811 11772 11810
f 11812 11811 11810
f 11811 12275 11813
f 11784 11814 11815
f 12275 11814 11813
f 11817 11815 11814
f 11815 11790 11784
f 12331 12324 12328
f 12335 12334 12331
f 12324 12326 12325
f 12335 12341 12337
f 12339 12337 12338
f 12336 12337 12339
f 12325 12326 11812
f 11817 12336 12339
f 12277 12340 12348
f 12283 12279 12351
f 12349 12279 12278
f 12278 12279 12287
f 12287 12279 12283
f 12351 12279 12349
f 11816 11790 11815
f 11817 11816 11815
f 11816 12277 11818
f 11818 11819 11805
f 12277 11819 11818
f 11820 11807 11806
f 11819 12277 12278
f 12345 12338 12342
f 12350 12348 12345
f 12338 12340 12339
f 12348 12350 12349
f 12351 12352 12353
f 12339 12340 11817
f 12281 12283 12284
f 12282 12281 12284
f 12286 11807 11820
f 12286 11820 12287
f 12351 12353 12354
f 4682 4681 4683
f 4683 4681 4684
f 5842 5840 5838
f 5842 5841 5840
f 5841 5839 5840
f 5842 5843 5841
f 5724 5725 5723
f 5844 5839 5841
f 5843 5844 5841
f 4678 4685 12369
f 4685 4678 5843
f 4685 4683 4684
f 5725 5844 4679
f 4679 4667 5725
f 4679 4678 4680
f 12368 11821 12369
f 11821 11823 12369
f 12369 11823 12370
f 5721 5720 5719
f 5720 5718 5719
f 5721 5722 5720
f 12366 5798 12365
f 5676 5798 12366
f 5798 5537 5718
f 12366 12365 11826
f 12374 11826 12365
f 4666 4669 12375
f 5725 4667 5721
f 4669 4666 5722
f 4669 4667 4668
f 5722 4666 12374
f 12375 12376 4666
f 12374 4666 12376
f 12372 11825 12375
f 11825 11829 12375
f 12376 11830 11827
f 11830 11832 11827
f 12366 12367 5676
f 5536 5676 5532
f 5533 5531 5532
f 5451 5452 5449
f 5535 5531 5533
f 5534 5535 5533
f 11826 12367 12366
f 11826 12377 12367
f 4662 4665 12379
f 4665 4662 5534
f 4665 12377 12378
f 5534 12377 4665
f 12379 4665 12378
f 5452 5535 4663
f 4663 4658 5452
f 4663 4662 4664
f 11827 11832 12378
f 11833 11834 12379
f 12379 11834 12380
f 5449 5452 5447
f 4661 4655 4660
f 4660 4655 4657
f 4660 4658 4659
f 4658 4660 4657
f 4659 4661 4660
f 4681 4686 4684
f 4675 4674 4672
f 3519 3524 3522
f 3519 3522 3521
f 3521 3522 3523
f 3523 3399 4675
f 3522 3524 3525
f 3523 3522 3525
f 4670 4686 4675
f 4670 12371 4686
f 4670 12383 12371
f 4680 12370 12373
f 12373 4668 4680
f 11823 11821 11849
f 11835 11821 12368
f 12371 11835 12368
f 11835 11849 11821
f 11850 11847 11849
f 12373 12370 11856
f 11824 11856 11822
f 4675 3399 4670
f 3399 12383 4670
f 12387 12386 3400
f 11836 12383 12386
f 11836 11844 11850
f 11844 11836 12386
f 11845 11840 11844
f 11847 11850 11848
f 12372 4668 12373
f 11829 11825 11870
f 12372 12373 11856
f 11855 11871 11870
f 11829 11828 11830
f 11871 11868 11870
f 11864 11871 11855
f 11864 11869 11871
f 11868 11871 11869
f 11880 11885 11875
f 4664 12380 12381
f 12381 4659 4664
f 11834 11833 11888
f 11831 11833 11832
f 11876 11889 11888
f 11888 11890 11834
f 11834 11890 12380
f 11890 11891 11892
f 11885 11887 11886
f 11886 11875 11885
f 11886 11897 11889
f 11897 11898 11899
f 11897 11891 11889
f 11892 11891 11893
f 11899 11902 11893
f 4661 12382 4651
f 4594 4595 4593
f 4653 4650 4651
f 4652 4653 4651
f 11892 12382 12381
f 11892 12389 12382
f 3154 3157 12391
f 3157 3154 4652
f 3157 12389 12390
f 4652 12389 3157
f 12391 3157 12390
f 4595 4653 3155
f 3155 3151 4595
f 3155 3154 3156
f 11893 11902 12390
f 11903 11907 12391
f 12391 11907 12392
f 4593 4595 4591
f 4347 4348 4345
f 4348 4347 4346
f 3147 3153 12395
f 3153 3151 3152
f 3151 3153 3150
f 3146 3147 3148
f 3148 3143 4348
f 3148 3147 3149
f 12393 11909 12395
f 11909 11911 12395
f 12395 11911 12396
f 4345 4348 4343
f 4224 4225 4221
f 4225 4224 4223
f 3139 3145 12399
f 3145 3143 3144
f 3143 3145 3142
f 3138 3139 3140
f 3140 3134 4225
f 3140 3139 3141
f 12397 11913 12399
f 11913 11914 12399
f 12399 11914 12400
f 4221 4225 4219
f 3136 3134 3135
f 3134 3136 3133
f 3135 3137 3136
f 3128 3129 3130
f 3130 3127 3128
f 3118 3127 3130
f 3118 3130 3132
f 3129 3131 3132
f 3130 3129 3132
f 2440 2439 2441
f 2441 2439 2442
f 3474 3472 3471
f 3474 3473 3472
f 12385 3524 3473
f 12384 12385 3473
f 12388 3400 3525
f 12384 12407 11915
f 12384 11915 11923
f 11839 11927 11921
f 11928 11927 11839
f 11842 11928 11839
f 11927 12385 12384
f 2441 12407 3474
f 12410 12409 2442
f 11915 12407 12409
f 11915 11918 11923
f 11918 11915 12409
f 11919 11916 11918
f 11921 11923 11922
f 12387 3400 12388
f 11843 11840 11845
f 12387 12388 11928
f 11842 11843 11845
f 11883 11885 11880
f 11883 11887 11885
f 11883 11884 11887
f 11896 11898 11895
f 11898 11896 11899
f 3156 12392 12394
f 12394 3152 3156
f 11900 11903 11902
f 11900 11901 11903
f 11906 11907 11905
f 12394 12392 11979
f 11908 11979 11906
f 12393 3152 12394
f 3149 12396 12398
f 12398 3144 3149
f 11911 11909 11992
f 12393 12394 11979
f 11978 11993 11992
f 11993 11990 11992
f 12398 12396 11999
f 11912 11999 11910
f 11986 11993 11978
f 11986 11991 11993
f 11990 11993 11991
f 12397 3144 12398
f 3141 12400 12401
f 12401 3135 3141
f 11914 11913 12012
f 12397 12398 11999
f 11998 12013 12012
f 12012 12020 11914
f 11914 12020 12400
f 12020 12021 12022
f 12007 12013 11998
f 12007 12011 12013
f 12021 12018 12023
f 12022 12021 12023
f 12019 12023 12018
f 3137 12402 3126
f 3126 3131 3137
f 12402 12403 3126
f 3118 3119 3113
f 12404 3131 3126
f 12403 12404 3126
f 12022 12402 12401
f 12403 12024 12033
f 12033 12035 12403
f 12405 12404 12036
f 12022 12023 12024
f 12023 12019 12024
f 12043 12030 12044
f 12043 12044 12045
f 12043 12035 12033
f 12036 12035 12037
f 12045 12049 12037
f 12405 12406 3119
f 3113 3119 3109
f 3110 3108 3109
f 3112 3108 3110
f 3111 3112 3110
f 3097 3108 3112
f 12036 12406 12405
f 12036 12412 12406
f 1794 1797 12414
f 1797 1794 3111
f 1797 12412 12413
f 3111 12412 1797
f 12414 1797 12413
f 1783 1793 1795
f 1783 1795 1796
f 1795 1794 1796
f 12037 12049 12413
f 12050 12056 12414
f 12414 12056 12415
f 2429 2449 2439
f 12408 2449 2448
f 12411 2449 12408
f 2448 12418 12408
f 12411 12408 12060
f 12418 12060 12408
f 1328 12418 2448
f 1328 1327 1070
f 12418 1328 12419
f 12060 12418 12419
f 12410 2442 12411
f 11917 11916 11919
f 12059 11919 12410
f 12061 12059 12060
f 12059 12061 12058
f 12419 1071 12420
f 12421 12420 1071
f 12063 12061 12420
f 12073 12074 12075
f 12071 12066 12073
f 12071 12073 12075
f 12072 12071 12075
f 12044 12030 12040
f 12042 12044 12040
f 12044 12042 12045
f 1783 1784 1778
f 1796 12415 12416
f 12047 12050 12049
f 12047 12048 12050
f 12056 12137 12415
f 12132 12138 12137
f 12137 12138 12139
f 12136 12138 12132
f 12138 12136 12140
f 12139 12138 12140
f 12416 12417 1784
f 1784 12417 1777
f 12417 12424 1777
f 12139 12417 12416
f 12139 12424 12417
f 1058 1054 1057
f 1777 1056 1775
f 1057 1054 1056
f 1057 12424 12425
f 12146 12426 12425
f 12140 12146 12425
f 1070 1072 1071
f 1065 1064 1062
f 1062 1026 1065
f 1065 1026 1020
f 1059 1072 1065
f 1059 12422 1072
f 1060 12429 12423
f 12074 12064 12150
f 12149 12064 12421
f 12422 12149 12421
f 12422 12423 12149
f 12149 12150 12064
f 12149 12423 12150
f 12150 12151 12074
f 12423 12151 12150
f 12154 12152 12151
f 1013 1015 1014
f 1060 1059 1019
f 1060 1014 12429
f 1016 999 12430
f 1014 1015 1016
f 12154 12429 12430
f 12089 12081 12159
f 12153 12080 12152
f 12154 12153 12152
f 12155 12153 12154
f 12158 12089 12159
f 12160 12158 12159
f 12430 999 12431
f 12432 12431 999
f 12155 12156 12160
f 12156 12155 12431
f 12156 12165 12160
f 12165 12166 12167
f 12163 12165 12167
f 12169 12171 12170
f 12168 12164 12170
f 12170 12164 12169
f 12181 12182 12183
f 12178 12174 12181
f 12178 12181 12183
f 12179 12178 12183
f 12145 12146 12142
f 12214 12218 12208
f 12426 12427 1058
f 1058 12427 1051
f 12427 12428 1051
f 1052 1050 1051
f 1036 1050 1052
f 12426 12210 12427
f 12428 12427 12210
f 12145 12209 12210
f 12221 12222 12428
f 12428 12222 12435
f 12435 976 1052
f 967 975 976
f 967 976 977
f 12437 977 12436
f 12218 12220 12219
f 12219 12208 12218
f 12219 12223 12221
f 12223 12222 12221
f 12222 12223 12436
f 12436 12435 12222
f 1004 1015 1013
f 1000 1017 997
f 1004 1017 1015
f 1015 1017 1016
f 996 819 997
f 997 819 795
f 993 1000 997
f 993 12433 1000
f 994 12440 12434
f 12166 12157 12226
f 12225 12157 12432
f 12433 12225 12432
f 12433 12434 12225
f 12225 12226 12157
f 12225 12434 12226
f 12226 12227 12166
f 12434 12227 12226
f 12230 12228 12227
f 12228 12169 12167
f 787 789 788
f 994 993 794
f 994 788 12440
f 790 769 12441
f 788 789 790
f 12230 12440 12441
f 12182 12171 12234
f 12230 12229 12228
f 12231 12229 12230
f 12229 12234 12171
f 12182 12180 12183
f 12235 12233 12234
f 12183 12180 12179
f 770 767 12443
f 12441 769 12442
f 12443 767 12444
f 12443 12232 12442
f 12231 12232 12235
f 12232 12231 12442
f 12240 12232 12443
f 12232 12240 12235
f 12237 12240 12241
f 12195 12188 12245
f 12188 12239 12245
f 12239 12246 12245
f 12244 12195 12245
f 12246 12244 12245
f 756 755 12447
f 12445 756 12447
f 12447 755 12448
f 12243 12238 12242
f 12251 12243 12447
f 12243 12251 12246
f 12249 12251 12252
f 12255 12257 12256
f 12253 12250 12256
f 12256 12250 12255
f 12257 12254 12256
f 12256 12254 12253
f 12217 12218 12214
f 12296 12282 12297
f 12290 12282 12296
f 12296 12297 12298
f 12292 12290 12296
f 12292 12296 12298
f 12438 12450 973
f 974 978 12439
f 977 978 967
f 959 978 974
f 12224 12220 12300
f 12217 12220 12218
f 12295 12450 12438
f 12300 12301 12224
f 12224 12301 12437
f 12438 12301 12300
f 12301 12439 12437
f 12301 12438 12439
f 646 641 973
f 646 12450 12452
f 973 12450 646
f 959 974 642
f 610 642 644
f 641 643 644
f 642 641 644
f 12452 12450 12295
f 12299 12453 12452
f 12294 12293 12295
f 958 959 956
f 959 611 956
f 775 789 787
f 771 791 765
f 775 791 789
f 789 791 790
f 764 387 765
f 765 387 381
f 771 770 769
f 770 771 762
f 757 768 754
f 761 768 767
f 12446 768 757
f 12444 12302 12241
f 12444 12446 12302
f 12302 12242 12241
f 765 381 759
f 753 378 754
f 754 378 368
f 751 757 754
f 750 755 756
f 751 752 750
f 12449 755 750
f 755 12449 12448
f 12445 12242 12302
f 12445 12302 12446
f 12448 12303 12252
f 12303 12255 12252
f 12455 12305 12449
f 363 752 367
f 752 751 367
f 363 361 364
f 364 361 342
f 12455 364 12456
f 12305 12455 12456
f 12305 12304 12303
f 12306 12304 12305
f 12304 12309 12257
f 12308 12264 12309
f 12310 12308 12309
f 344 340 12458
f 12456 343 12457
f 12458 340 12459
f 12458 12307 12457
f 12306 12307 12310
f 12307 12306 12457
f 12315 12307 12458
f 12307 12315 12310
f 12313 12315 12316
f 295 284 12462
f 12460 295 12462
f 12462 284 12463
f 12317 12314 12319
f 12319 12314 12318
f 12329 12319 12462
f 12327 12321 12329
f 12327 12329 12330
f 226 222 12466
f 12464 226 12466
f 12466 222 12467
f 12331 12328 12333
f 12333 12328 12332
f 12343 12333 12466
f 12341 12335 12343
f 12341 12343 12344
f 211 208 12470
f 12468 211 12470
f 209 199 12472
f 209 12472 12471
f 12345 12342 12347
f 12347 12342 12346
f 12357 12347 12470
f 12357 12470 12471
f 12352 12350 12357
f 12472 12355 12471
f 12355 12353 12352
f 12451 12473 648
f 648 12474 12451
f 12356 12473 12451
f 12284 12354 12358
f 12358 12359 12297
f 12451 12359 12358
f 12361 12360 12359
f 12360 12299 12298
f 200 195 648
f 648 12473 200
f 199 201 200
f 648 195 12474
f 184 187 188
f 195 196 197
f 12354 12353 12356
f 12356 12353 12355
f 12361 12474 12475
f 12453 12454 647
f 647 12454 631
f 631 643 647
f 610 645 577
f 643 645 644
f 632 633 631
f 644 645 610
f 12453 12299 12360
f 12361 12476 12454
f 186 188 187
f 182 632 186
f 188 12476 12475
f 632 182 633
f 182 575 633
f 12475 12476 12361
f 345 342 332
f 342 345 343
f 345 344 343
f 325 345 332
f 344 345 325
f 296 341 259
f 324 341 340
f 12461 341 296
f 12459 12362 12316
f 12459 12461 12362
f 12362 12318 12316
f 258 93 259
f 259 93 85
f 295 296 256
f 227 285 218
f 255 285 284
f 12465 285 227
f 12460 12318 12362
f 12460 12362 12461
f 12463 12363 12330
f 12463 12465 12363
f 12363 12332 12330
f 259 85 253
f 217 82 218
f 218 82 70
f 214 227 218
f 213 222 226
f 214 215 213
f 212 223 207
f 215 216 213
f 12469 223 212
f 207 223 216
f 12464 12332 12363
f 12464 12363 12465
f 12467 12364 12344
f 12467 12469 12364
f 12364 12346 12344
f 66 215 69
f 215 214 69
f 215 66 216
f 207 64 49
f 204 212 207
f 203 208 211
f 204 205 203
f 202 210 194
f 208 210 209
f 205 206 203
f 194 210 206
f 12468 12346 12364
f 12468 12364 12469
f 45 205 48
f 205 204 48
f 205 45 206
f 194 43 24
f 202 201 199
f 201 202 193
f 184 198 178
f 192 198 196
f 196 198 197
f 197 198 184
f 192 178 198
f 194 24 190
f 20 15 19
f 20 16 15
f 13 26 14
f 13 25 26
f 13 18 17
f 13 14 18
f 41 35 40
f 41 36 35
f 33 39 32
f 33 41 39
f 32 61 34
f 32 50 61
f 33 38 37
f 33 34 38
f 62 56 61
f 62 57 56
f 54 60 53
f 54 62 60
f 53 79 55
f 53 71 79
f 54 59 58
f 54 55 59
f 80 75 79
f 80 76 75
f 73 87 74
f 73 86 87
f 73 78 77
f 73 74 78
f 159 153 158
f 159 154 153
f 153 8 7
f 153 155 8
f 10 170 169
f 10 11 170
f 171 173 169
f 171 174 173
f 183 174 180
f 183 175 174
f 154 163 157
f 154 161 163
f 156 170 155
f 156 171 170
f 163 156 157
f 163 162 156
f 5 176 6
f 5 173 176
f 28 23 24
f 28 27 23
f 23 190 24
f 23 189 190
f 4 21 19
f 4 6 21
f 4 10 5
f 4 9 10
f 21 25 20
f 21 27 25
f 184 175 183
f 184 178 175
f 177 189 176
f 177 191 189
f 178 191 177
f 178 192 191
f 30 43 44
f 30 28 43
f 45 47 44
f 45 48 47
f 46 42 47
f 46 39 42
f 26 42 40
f 26 30 42
f 49 51 46
f 49 64 51
f 65 50 51
f 65 63 50
f 66 68 65
f 66 69 68
f 67 63 68
f 67 60 63
f 70 72 67
f 70 82 72
f 82 245 83
f 82 217 245
f 83 71 72
f 83 81 71
f 89 84 85
f 89 88 84
f 84 253 85
f 84 245 253
f 81 86 80
f 81 88 86
f 90 257 260
f 90 89 257
f 87 260 96
f 87 90 260
f 97 321 320
f 97 98 321
f 321 95 96
f 321 98 95
f 258 322 257
f 258 323 322
f 325 331 323
f 325 332 331
f 322 330 320
f 322 331 330
f 97 101 99
f 97 100 101
f 100 348 102
f 100 334 348
f 351 103 350
f 351 104 103
f 347 332 342
f 347 333 332
f 330 346 335
f 330 333 346
f 335 348 334
f 335 355 348
f 359 350 355
f 359 353 350
f 353 357 352
f 353 359 357
f 351 372 356
f 351 354 372
f 352 375 354
f 352 369 375
f 376 372 375
f 376 373 372
f 436 432 437
f 436 431 432
f 441 438 437
f 441 444 438
f 453 447 458
f 453 446 447
f 445 436 438
f 445 439 436
f 450 446 453
f 450 445 446
f 454 450 455
f 454 449 450
f 460 456 455
f 460 462 456
f 471 465 476
f 471 464 465
f 463 454 456
f 463 457 454
f 468 464 471
f 468 463 464
f 472 468 473
f 472 467 468
f 473 474 472
f 473 478 474
f 448 441 443
f 448 444 441
f 546 443 442
f 546 551 443
f 551 547 552
f 551 546 547
f 557 553 552
f 557 559 553
f 447 554 459
f 447 448 554
f 458 566 461
f 458 459 566
f 466 460 461
f 466 462 460
f 567 561 579
f 567 560 561
f 553 565 554
f 553 560 565
f 569 565 567
f 569 566 565
f 581 570 569
f 581 583 570
f 164 168 563
f 164 161 168
f 465 571 477
f 465 466 571
f 592 478 480
f 592 481 478
f 476 590 480
f 476 477 590
f 168 167 564
f 168 166 167
f 591 585 598
f 591 584 585
f 570 589 571
f 570 584 589
f 593 589 591
f 593 590 589
f 600 594 593
f 600 602 594
f 572 596 573
f 572 578 596
f 564 578 563
f 564 587 578
f 603 592 594
f 603 595 592
f 613 587 588
f 613 597 587
f 164 574 165
f 164 572 574
f 575 181 574
f 575 182 181
f 162 181 179
f 162 165 181
f 182 185 181
f 182 186 185
f 180 181 185
f 180 179 181
f 610 573 609
f 610 577 573
f 541 671 542
f 541 670 671
f 540 556 555
f 540 542 556
f 555 685 558
f 555 556 685
f 562 557 558
f 562 559 557
f 678 670 673
f 678 671 670
f 684 679 686
f 684 678 679
f 688 684 686
f 688 685 684
f 692 689 688
f 692 695 689
f 561 690 580
f 561 562 690
f 579 700 582
f 579 580 700
f 586 581 582
f 586 583 581
f 701 697 706
f 701 696 697
f 689 699 690
f 689 696 699
f 703 699 701
f 703 700 699
f 708 704 703
f 708 710 704
f 585 705 599
f 585 586 705
f 598 715 601
f 598 599 715
f 607 600 601
f 607 602 600
f 716 712 721
f 716 711 712
f 704 714 705
f 704 711 714
f 718 714 716
f 718 715 714
f 718 719 717
f 718 723 719
f 717 608 607
f 717 720 608
f 362 346 347
f 362 360 346
f 363 366 362
f 363 367 366
f 365 360 366
f 365 357 360
f 368 370 365
f 368 378 370
f 378 758 379
f 378 753 758
f 379 369 370
f 379 377 369
f 384 380 381
f 384 383 380
f 380 759 381
f 380 758 759
f 377 382 376
f 377 383 382
f 385 763 766
f 385 384 763
f 386 385 388
f 386 382 385
f 388 772 390
f 388 766 772
f 764 773 763
f 764 774 773
f 777 779 776
f 777 780 779
f 792 776 786
f 792 777 776
f 786 775 787
f 786 774 775
f 773 778 772
f 773 779 778
f 778 784 783
f 778 781 784
f 780 813 782
f 780 796 813
f 781 785 784
f 781 782 785
f 698 692 694
f 698 695 692
f 837 694 693
f 837 840 694
f 697 841 707
f 697 698 841
f 706 855 709
f 706 707 855
f 713 708 709
f 713 710 708
f 849 840 843
f 849 841 840
f 857 856 859
f 857 855 856
f 712 858 722
f 712 713 858
f 873 723 725
f 873 726 723
f 721 871 725
f 721 722 871
f 865 857 860
f 865 858 857
f 873 872 874
f 873 871 872
f 609 954 611
f 609 612 954
f 629 596 597
f 629 612 596
f 629 960 955
f 629 630 960
f 961 954 955
f 961 957 954
f 958 964 966
f 958 957 964
f 960 965 961
f 960 963 965
f 795 797 792
f 795 819 797
f 819 798 797
f 819 995 798
f 796 828 813
f 796 798 828
f 1001 827 828
f 1001 844 827
f 996 1002 995
f 996 1003 1002
f 1011 1004 1013
f 1011 1003 1004
f 1002 1006 1001
f 1002 1007 1006
f 1006 1010 1009
f 1006 1008 1010
f 1012 1008 1007
f 1012 1021 1008
f 1033 968 1031
f 1033 969 968
f 972 964 965
f 972 968 964
f 972 971 1032
f 972 970 971
f 1033 1041 1034
f 1033 1038 1041
f 1032 1038 1031
f 1032 1039 1038
f 1047 1039 1040
f 1047 1042 1039
f 969 967 966
f 969 975 967
f 1034 1053 1037
f 1034 1044 1053
f 1053 1036 1037
f 1053 1050 1036
f 1023 1018 1020
f 1023 1022 1018
f 1018 1012 1011
f 1018 1022 1012
f 1097 1100 1099
f 1097 1098 1100
f 1110 1098 1097
f 1110 1111 1098
f 1118 1114 1127
f 1118 1113 1114
f 1116 1113 1118
f 1116 1112 1113
f 1119 1122 1121
f 1119 1120 1122
f 1132 1120 1119
f 1132 1133 1120
f 1140 1136 1149
f 1140 1135 1136
f 1138 1135 1140
f 1138 1134 1135
f 1141 1144 1143
f 1141 1142 1144
f 1154 1142 1141
f 1154 1155 1142
f 1162 1158 1168
f 1162 1157 1158
f 1160 1157 1162
f 1160 1156 1157
f 1024 1061 1066
f 1024 1023 1061
f 1198 1195 1199
f 1198 1194 1195
f 1207 1200 1199
f 1207 1208 1200
f 1074 1201 1075
f 1074 1198 1201
f 1087 1083 1082
f 1087 1088 1083
f 1081 1080 1082
f 1081 1079 1080
f 1080 1212 1213
f 1080 1079 1212
f 1200 1212 1201
f 1200 1209 1212
f 1210 1209 1208
f 1210 1214 1209
f 111 1214 110
f 111 1216 1214
f 1216 107 1213
f 1216 108 107
f 1107 1087 1106
f 1107 1089 1087
f 1086 1107 1105
f 1086 1089 1107
f 1110 1109 1115
f 1110 1105 1109
f 109 1106 107
f 109 1108 1106
f 117 1108 116
f 117 1109 1108
f 113 108 112
f 113 109 108
f 114 121 113
f 114 122 121
f 123 116 121
f 123 118 116
f 1114 1115 1128
f 1114 1111 1115
f 1132 1131 1137
f 1132 1127 1131
f 119 1128 117
f 119 1130 1128
f 130 1130 129
f 130 1131 1130
f 126 118 125
f 126 119 118
f 127 134 126
f 127 135 134
f 136 129 134
f 136 131 129
f 1136 1137 1150
f 1136 1133 1137
f 1154 1153 1159
f 1154 1149 1153
f 132 1150 130
f 132 1152 1150
f 143 1152 142
f 143 1153 1152
f 139 131 138
f 139 132 131
f 140 145 139
f 140 146 145
f 147 142 145
f 147 144 142
f 1158 1159 1169
f 1158 1155 1159
f 1220 1169 1217
f 1220 1170 1169
f 1173 1171 1179
f 1173 1168 1171
f 1171 1220 1221
f 1171 1170 1220
f 1179 1172 1173
f 1179 1174 1172
f 1222 1227 1223
f 1222 1226 1227
f 1227 1221 1223
f 1227 1224 1221
f 143 1219 1217
f 143 144 1219
f 1222 148 149
f 1222 1219 148
f 1181 1174 1180
f 1181 1176 1174
f 1232 1180 1225
f 1232 1181 1180
f 1182 1235 1183
f 1182 1233 1235
f 1234 1230 1241
f 1234 1229 1230
f 1224 1229 1225
f 1224 1228 1229
f 1236 1232 1234
f 1236 1233 1232
f 1236 1237 1235
f 1236 1246 1237
f 1025 1024 1027
f 1025 1021 1024
f 1027 1069 1028
f 1027 1067 1069
f 1190 1205 1204
f 1190 1191 1205
f 1207 1206 1211
f 1207 1204 1206
f 1206 1283 1284
f 1206 1205 1283
f 1285 1281 1287
f 1285 1280 1281
f 1269 1270 1268
f 1269 1271 1270
f 1268 1283 1269
f 1268 1280 1283
f 1290 1284 1285
f 1290 1286 1284
f 1210 220 219
f 1210 1211 220
f 229 219 221
f 229 228 219
f 231 110 230
f 231 111 110
f 230 229 233
f 230 228 229
f 220 1292 221
f 220 1286 1292
f 224 1293 225
f 224 1292 1293
f 225 238 224
f 225 239 238
f 240 233 238
f 240 235 233
f 112 232 114
f 112 231 232
f 248 232 236
f 248 247 232
f 246 122 247
f 246 120 122
f 123 124 125
f 123 120 124
f 243 235 242
f 243 236 235
f 244 262 243
f 244 263 262
f 250 248 262
f 250 246 248
f 251 264 266
f 251 250 264
f 270 124 252
f 270 127 124
f 269 135 270
f 269 133 135
f 136 137 138
f 136 133 137
f 267 252 251
f 267 271 252
f 268 277 267
f 268 278 277
f 273 271 277
f 273 269 271
f 274 279 281
f 274 273 279
f 286 137 275
f 286 140 137
f 289 146 288
f 289 147 146
f 288 287 291
f 288 286 287
f 282 275 274
f 282 287 275
f 283 298 282
f 283 299 298
f 300 291 298
f 300 293 291
f 148 290 149
f 148 289 290
f 306 290 294
f 306 305 290
f 307 306 308
f 307 305 306
f 309 1226 307
f 309 1231 1226
f 303 293 302
f 303 294 293
f 304 313 303
f 304 314 313
f 315 308 313
f 315 310 308
f 1230 1231 1242
f 1230 1228 1231
f 1247 1245 1254
f 1247 1241 1245
f 1254 1246 1247
f 1254 1248 1246
f 311 1242 309
f 311 1244 1242
f 328 1244 327
f 328 1245 1244
f 318 310 317
f 318 311 310
f 319 336 318
f 319 337 336
f 338 327 336
f 338 329 327
f 1259 1248 1258
f 1259 1250 1248
f 1300 1258 1295
f 1300 1259 1258
f 1260 1303 1261
f 1260 1301 1303
f 1302 1297 1308
f 1302 1296 1297
f 1296 1299 1297
f 1296 1298 1299
f 1304 1300 1302
f 1304 1301 1300
f 1304 1305 1303
f 1304 1313 1305
f 328 1298 1295
f 328 329 1298
f 1063 1066 1061
f 1063 1068 1066
f 1064 1186 1063
f 1064 1187 1186
f 1282 1277 1333
f 1282 1276 1277
f 1339 1333 1336
f 1339 1334 1333
f 1281 1335 1288
f 1281 1282 1335
f 1290 1289 1294
f 1290 1287 1289
f 1289 1346 1347
f 1289 1288 1346
f 1348 1344 1350
f 1348 1343 1344
f 1334 1346 1335
f 1334 1343 1346
f 1351 1348 1350
f 1351 1349 1348
f 1349 393 1347
f 1349 394 393
f 1293 393 392
f 1293 1294 393
f 402 392 395
f 402 401 392
f 400 239 401
f 400 237 239
f 240 241 242
f 240 237 241
f 398 394 397
f 398 395 394
f 399 408 398
f 399 409 408
f 404 402 408
f 404 400 402
f 405 410 412
f 405 404 410
f 416 241 406
f 416 244 241
f 415 263 416
f 415 261 263
f 264 265 266
f 264 261 265
f 413 406 405
f 413 417 406
f 414 423 413
f 414 424 423
f 419 417 423
f 419 415 417
f 420 425 428
f 420 419 425
f 433 265 421
f 433 268 265
f 431 278 433
f 431 276 278
f 279 280 281
f 279 276 280
f 429 421 420
f 429 434 421
f 432 429 426
f 432 434 429
f 451 280 439
f 451 283 280
f 449 299 451
f 449 297 299
f 300 301 302
f 300 297 301
f 469 301 457
f 469 304 301
f 467 314 469
f 467 312 314
f 315 316 317
f 315 312 316
f 485 316 475
f 485 319 316
f 488 337 487
f 488 338 337
f 487 486 489
f 487 485 486
f 483 475 474
f 483 486 475
f 484 494 483
f 484 495 494
f 496 489 494
f 496 491 489
f 1314 1312 1320
f 1314 1308 1312
f 1320 1313 1314
f 1320 1315 1313
f 490 1299 488
f 490 1309 1299
f 492 1309 490
f 492 1311 1309
f 503 1311 502
f 503 1312 1311
f 499 491 498
f 499 492 491
f 500 504 499
f 500 505 504
f 1359 504 505
f 1359 1354 504
f 1355 502 1354
f 1355 503 502
f 1356 1316 1315
f 1356 1358 1316
f 1355 1363 1357
f 1355 1361 1363
f 1363 1356 1357
f 1363 1362 1356
f 1067 1326 1267
f 1067 1068 1326
f 1345 1340 1382
f 1345 1339 1340
f 1388 1382 1385
f 1388 1383 1382
f 1344 1384 1352
f 1344 1345 1384
f 1353 1396 1397
f 1353 1352 1396
f 508 1351 1353
f 508 506 1351
f 1398 1394 1400
f 1398 1393 1394
f 1383 1396 1384
f 1383 1393 1396
f 1403 1397 1398
f 1403 1399 1397
f 397 507 399
f 397 506 507
f 515 507 509
f 515 514 507
f 513 409 514
f 513 407 409
f 410 411 412
f 410 407 411
f 508 1405 509
f 508 1399 1405
f 510 1406 511
f 510 1405 1406
f 511 522 510
f 511 523 522
f 517 515 522
f 517 513 515
f 518 524 526
f 518 517 524
f 530 411 519
f 530 414 411
f 529 424 530
f 529 422 424
f 425 427 428
f 425 422 427
f 527 519 518
f 527 531 519
f 528 537 527
f 528 538 537
f 533 531 537
f 533 529 531
f 534 539 543
f 534 533 539
f 430 442 426
f 430 548 442
f 548 427 535
f 548 430 427
f 544 535 534
f 544 549 535
f 547 544 540
f 547 549 544
f 615 481 595
f 615 484 481
f 614 495 615
f 614 493 495
f 496 497 498
f 496 493 497
f 622 603 606
f 622 616 603
f 618 616 622
f 618 614 616
f 619 624 626
f 619 618 624
f 634 497 620
f 634 500 497
f 636 635 637
f 636 634 635
f 638 1359 636
f 638 1366 1359
f 627 620 619
f 627 635 620
f 628 639 627
f 628 640 639
f 1411 639 640
f 1411 1408 639
f 1409 637 1408
f 1409 638 637
f 1364 1366 1373
f 1364 1361 1366
f 1365 1374 1375
f 1365 1364 1374
f 1418 1373 1410
f 1418 1374 1373
f 1414 1421 1418
f 1414 1416 1421
f 1409 1414 1410
f 1409 1413 1414
f 1395 1389 1441
f 1395 1388 1389
f 1445 1441 1444
f 1445 1442 1441
f 1394 1443 1401
f 1394 1395 1443
f 1403 1402 1407
f 1403 1400 1402
f 1402 1454 1455
f 1402 1401 1454
f 1456 1452 1458
f 1456 1451 1452
f 1442 1454 1443
f 1442 1451 1454
f 1461 1455 1456
f 1461 1457 1455
f 1406 650 649
f 1406 1407 650
f 656 649 651
f 656 655 649
f 654 523 655
f 654 521 523
f 524 525 526
f 524 521 525
f 650 1463 651
f 650 1457 1463
f 652 1464 653
f 652 1463 1464
f 653 661 652
f 653 662 661
f 658 656 661
f 658 654 656
f 659 663 664
f 659 658 663
f 668 525 660
f 668 528 525
f 667 538 668
f 667 536 538
f 539 541 543
f 539 536 541
f 665 660 659
f 665 669 660
f 666 675 665
f 666 676 675
f 672 669 675
f 672 667 669
f 673 677 681
f 673 672 677
f 608 623 606
f 608 731 623
f 730 623 731
f 730 621 623
f 624 625 626
f 624 621 625
f 728 720 719
f 728 732 720
f 729 737 728
f 729 738 737
f 734 732 737
f 734 730 732
f 735 739 740
f 735 734 739
f 743 625 736
f 743 628 625
f 745 744 746
f 745 743 744
f 747 1411 745
f 747 1417 1411
f 741 736 735
f 741 744 736
f 742 748 741
f 742 749 748
f 1469 748 749
f 1469 1466 748
f 1467 746 1466
f 1467 747 746
f 1415 1417 1427
f 1415 1413 1417
f 1416 1428 1429
f 1416 1415 1428
f 1480 1427 1468
f 1480 1428 1427
f 1475 1483 1480
f 1475 1477 1483
f 1467 1475 1468
f 1467 1474 1475
f 1453 1446 1493
f 1453 1445 1446
f 1452 1494 1459
f 1452 1453 1494
f 1461 1460 1465
f 1461 1458 1460
f 1460 1504 1505
f 1460 1459 1504
f 1499 1493 1496
f 1499 1494 1493
f 1504 1500 1506
f 1504 1499 1500
f 1509 1505 1506
f 1509 1507 1505
f 1464 800 799
f 1464 1465 800
f 805 799 801
f 805 804 799
f 807 662 806
f 807 663 662
f 806 805 809
f 806 804 805
f 1516 1512 1513
f 1516 1515 1512
f 800 1515 801
f 800 1507 1515
f 814 1518 815
f 814 1516 1518
f 815 809 814
f 815 811 809
f 664 808 666
f 664 807 808
f 822 808 812
f 822 821 808
f 820 676 821
f 820 674 676
f 677 680 681
f 677 674 680
f 817 811 816
f 817 812 811
f 818 830 817
f 818 831 830
f 824 822 830
f 824 820 822
f 825 832 834
f 825 824 832
f 683 693 679
f 683 838 693
f 838 680 826
f 838 683 680
f 835 826 825
f 835 839 826
f 836 846 835
f 836 847 846
f 842 839 846
f 842 837 839
f 843 848 851
f 843 842 848
f 853 862 852
f 853 863 862
f 856 852 862
f 856 849 852
f 860 864 867
f 860 859 864
f 869 877 868
f 869 878 877
f 872 868 877
f 872 865 868
f 875 879 880
f 875 874 879
f 883 726 876
f 883 729 726
f 886 738 885
f 886 739 738
f 885 884 888
f 885 883 884
f 881 876 875
f 881 884 876
f 882 891 881
f 882 892 891
f 893 888 891
f 893 890 888
f 1472 1471 1473
f 1472 1469 1471
f 1471 1527 1528
f 1471 1470 1527
f 1478 1472 1473
f 1478 1474 1472
f 740 887 742
f 740 886 887
f 1470 889 1521
f 1470 887 889
f 1529 1524 1534
f 1529 1523 1524
f 1523 1526 1524
f 1523 1525 1526
f 1531 1527 1529
f 1531 1528 1527
f 1531 1532 1530
f 1531 1537 1532
f 889 1525 1521
f 889 890 1525
f 1530 1479 1478
f 1530 1533 1479
f 1514 1509 1511
f 1514 1512 1509
f 1554 1511 1510
f 1554 1557 1511
f 1561 1557 1560
f 1561 1558 1557
f 1513 1559 1519
f 1513 1514 1559
f 1520 1570 1571
f 1520 1519 1570
f 899 1518 1520
f 899 897 1518
f 1572 1568 1574
f 1572 1567 1568
f 1558 1570 1559
f 1558 1567 1570
f 1577 1571 1572
f 1577 1573 1571
f 816 898 818
f 816 897 898
f 904 898 900
f 904 903 898
f 902 831 903
f 902 829 831
f 832 833 834
f 832 829 833
f 1582 1578 1579
f 1582 1580 1578
f 899 1580 900
f 899 1573 1580
f 909 1584 910
f 909 1582 1584
f 906 904 909
f 906 902 904
f 907 910 911
f 907 906 910
f 915 833 908
f 915 836 833
f 914 847 915
f 914 845 847
f 848 850 851
f 848 845 850
f 912 908 907
f 912 916 908
f 913 921 912
f 913 922 921
f 918 916 921
f 918 914 916
f 919 923 924
f 919 918 923
f 928 850 920
f 928 853 850
f 927 863 928
f 927 861 863
f 864 866 867
f 864 861 866
f 925 920 919
f 925 929 920
f 926 934 925
f 926 935 934
f 931 929 934
f 931 927 929
f 932 936 937
f 932 931 936
f 939 866 933
f 939 869 866
f 942 878 941
f 942 879 878
f 941 940 944
f 941 939 940
f 937 1592 938
f 937 1591 1592
f 938 933 932
f 938 940 933
f 947 1595 948
f 947 1592 1595
f 948 944 947
f 948 946 944
f 880 943 882
f 880 942 943
f 1522 945 1593
f 1522 943 945
f 952 892 951
f 952 893 892
f 1607 951 1522
f 1607 953 951
f 1608 1600 1613
f 1608 1599 1600
f 1599 1604 1600
f 1599 1603 1604
f 1615 1609 1610
f 1615 1614 1609
f 1615 1607 1608
f 1615 1610 1607
f 945 1603 1593
f 945 946 1603
f 1623 1535 1611
f 1623 1536 1535
f 1534 1624 1539
f 1534 1536 1624
f 1539 1625 1540
f 1539 1624 1625
f 953 1526 952
f 953 1535 1526
f 1609 1623 1611
f 1609 1619 1623
f 1569 1562 1636
f 1569 1561 1562
f 1568 1637 1575
f 1568 1569 1637
f 1577 1576 1581
f 1577 1574 1576
f 1576 1644 1646
f 1576 1575 1644
f 1642 1636 1639
f 1642 1637 1636
f 1647 1644 1645
f 1647 1646 1644
f 1651 1648 1647
f 1651 1654 1648
f 1579 1581 1585
f 1579 1578 1581
f 1660 1585 1649
f 1660 1586 1585
f 1587 1660 1661
f 1587 1586 1660
f 982 1584 1587
f 982 980 1584
f 1662 1656 1665
f 1662 1655 1656
f 1648 1655 1649
f 1648 1654 1655
f 1666 1661 1662
f 1666 1663 1661
f 911 981 913
f 911 980 981
f 1588 982 1664
f 1588 981 982
f 985 922 984
f 985 923 922
f 1675 984 1588
f 1675 987 984
f 1676 1671 1679
f 1676 1670 1671
f 1663 1670 1664
f 1663 1669 1670
f 1680 1675 1676
f 1680 1677 1675
f 924 986 926
f 924 985 986
f 1589 987 1678
f 1589 986 987
f 990 935 989
f 990 936 935
f 1689 989 1589
f 1689 991 989
f 1690 1685 1693
f 1690 1684 1685
f 1677 1684 1678
f 1677 1683 1684
f 1694 1689 1690
f 1694 1691 1689
f 1705 1596 1692
f 1705 1597 1596
f 1594 1706 1598
f 1594 1597 1706
f 1605 1594 1598
f 1605 1595 1594
f 991 1591 990
f 991 1596 1591
f 1699 1707 1705
f 1699 1701 1707
f 1691 1699 1692
f 1691 1698 1699
f 1708 1707 1709
f 1708 1706 1707
f 1601 1604 1605
f 1601 1600 1604
f 1708 1602 1601
f 1708 1711 1602
f 1600 1616 1613
f 1600 1602 1616
f 1656 1667 1665
f 1656 1659 1667
f 1672 1666 1668
f 1672 1669 1666
f 1730 1668 1667
f 1730 1732 1668
f 1732 1673 1672
f 1732 1735 1673
f 1671 1681 1679
f 1671 1673 1681
f 1686 1680 1682
f 1686 1683 1680
f 1739 1682 1681
f 1739 1742 1682
f 1742 1687 1686
f 1742 1745 1687
f 1685 1695 1693
f 1685 1687 1695
f 1697 1702 1696
f 1697 1703 1702
f 1702 1694 1696
f 1702 1698 1694
f 1762 1045 1761
f 1762 1046 1045
f 1048 1041 1042
f 1048 1045 1041
f 1048 1765 1761
f 1048 1049 1765
f 1770 1765 1769
f 1770 1768 1765
f 1044 1763 1055
f 1044 1046 1763
f 1055 1056 1054
f 1055 1774 1056
f 1762 1771 1764
f 1762 1767 1771
f 1764 1774 1763
f 1764 1776 1774
f 1776 1778 1775
f 1776 1780 1778
f 1767 1773 1772
f 1767 1768 1773
f 1891 1887 1894
f 1891 1886 1887
f 1888 1887 1885
f 1888 1893 1887
f 1896 1891 1897
f 1896 1890 1891
f 1895 1897 1894
f 1895 1899 1897
f 1085 1893 1084
f 1085 1895 1893
f 1799 1900 1800
f 1799 1896 1900
f 1803 1900 1901
f 1803 1802 1900
f 1809 1807 1806
f 1809 1810 1807
f 1805 1804 1806
f 1805 1802 1804
f 1102 1803 1101
f 1102 1804 1803
f 1899 1078 1901
f 1899 1077 1078
f 1091 1077 1090
f 1091 1078 1077
f 1094 1091 1086
f 1094 1095 1091
f 1095 1099 1101
f 1095 1094 1099
f 1816 1809 1815
f 1816 1811 1809
f 1824 1821 1820
f 1824 1825 1821
f 1819 1818 1820
f 1819 1816 1818
f 1104 1815 1102
f 1104 1817 1815
f 1124 1817 1123
f 1124 1818 1817
f 1112 1104 1100
f 1112 1117 1104
f 1117 1121 1123
f 1117 1116 1121
f 1832 1824 1831
f 1832 1826 1824
f 1840 1837 1836
f 1840 1841 1837
f 1835 1834 1836
f 1835 1832 1834
f 1126 1831 1124
f 1126 1833 1831
f 1146 1833 1145
f 1146 1834 1833
f 1134 1126 1122
f 1134 1139 1126
f 1139 1143 1145
f 1139 1138 1143
f 1848 1840 1847
f 1848 1842 1840
f 1856 1853 1852
f 1856 1857 1853
f 1851 1850 1852
f 1851 1848 1850
f 1148 1847 1146
f 1148 1849 1847
f 1166 1849 1165
f 1166 1850 1849
f 1156 1148 1144
f 1156 1161 1148
f 1161 1164 1165
f 1161 1160 1164
f 1167 1172 1177
f 1167 1164 1172
f 1863 1856 1862
f 1863 1858 1856
f 1908 1862 1905
f 1908 1863 1862
f 1864 1912 1865
f 1864 1909 1912
f 1913 1908 1911
f 1913 1909 1908
f 1919 1914 1913
f 1919 1920 1914
f 1910 1919 1911
f 1910 1918 1919
f 1166 1907 1905
f 1166 1167 1907
f 1910 1177 1178
f 1910 1907 1177
f 1921 1912 1914
f 1921 1915 1912
f 1948 1945 1949
f 1948 1944 1945
f 1958 1950 1949
f 1958 1959 1950
f 1869 1951 1870
f 1869 1948 1951
f 1877 1951 1952
f 1877 1876 1951
f 1880 1878 1881
f 1880 1876 1878
f 1889 1879 1881
f 1889 1885 1879
f 1877 1194 1202
f 1877 1196 1194
f 1202 1889 1878
f 1202 1203 1889
f 1950 1960 1952
f 1950 1959 1960
f 1192 1961 1193
f 1192 1960 1961
f 1195 1192 1190
f 1195 1196 1192
f 1075 1084 1076
f 1075 1081 1084
f 1888 1074 1076
f 1888 1203 1074
f 1085 1088 1090
f 1085 1083 1088
f 1176 1184 1178
f 1176 1182 1184
f 1918 1183 1239
f 1918 1184 1183
f 1923 1925 1929
f 1923 1920 1925
f 1924 1930 1932
f 1924 1923 1930
f 1963 1931 1964
f 1963 1930 1931
f 1932 1965 1933
f 1932 1963 1965
f 1929 1239 1240
f 1929 1925 1239
f 1240 1255 1931
f 1240 1238 1255
f 1252 1238 1237
f 1252 1255 1238
f 1253 1262 1252
f 1253 1263 1262
f 1264 1256 1262
f 1264 1257 1256
f 1256 1968 1964
f 1256 1257 1968
f 1971 1965 1967
f 1971 1969 1965
f 1972 1968 1975
f 1972 1967 1968
f 1972 1976 1973
f 1972 1975 1976
f 1940 1956 1955
f 1940 1941 1956
f 1958 1957 1962
f 1958 1955 1957
f 1957 2005 2006
f 1957 1956 2005
f 2007 2003 2009
f 2007 2002 2003
f 1991 1992 1990
f 1991 1993 1992
f 1990 2005 1991
f 1990 2002 2005
f 2010 2007 2009
f 2010 2008 2007
f 2008 1273 2006
f 2008 1274 1273
f 1276 1274 1278
f 1276 1270 1274
f 1961 1273 1272
f 1961 1962 1273
f 1191 1272 1271
f 1191 1193 1272
f 1250 1263 1253
f 1250 1260 1263
f 1264 1265 1266
f 1264 1261 1265
f 1974 1981 1983
f 1974 1973 1981
f 2013 1982 2014
f 2013 1981 1982
f 1983 2016 1984
f 1983 2013 2016
f 1265 1976 1266
f 1265 1307 1976
f 1307 1321 1982
f 1307 1306 1321
f 2022 2018 2017
f 2022 2023 2018
f 2022 2014 2015
f 2022 2017 2014
f 1318 1306 1305
f 1318 1321 1306
f 1319 1324 1318
f 1319 1325 1324
f 2021 1324 1325
f 2021 2015 1324
f 2024 2016 2018
f 2024 2019 2016
f 2004 1999 2036
f 2004 1998 1999
f 2042 2036 2039
f 2042 2037 2036
f 2003 2038 2011
f 2003 2004 2038
f 2012 2049 2050
f 2012 2011 2049
f 1277 2010 1337
f 1277 1278 2010
f 1337 2050 1338
f 1337 2012 2050
f 2051 2047 2053
f 2051 2046 2047
f 2037 2049 2038
f 2037 2046 2049
f 2054 2051 2053
f 2054 2052 2051
f 1336 2052 1341
f 1336 1338 2052
f 1367 1316 1358
f 1367 1319 1316
f 1369 1368 1370
f 1369 1367 1368
f 1371 2021 1369
f 1371 2029 2021
f 1376 1362 1365
f 1376 1368 1362
f 1378 1370 1376
f 1378 1372 1370
f 2026 2029 2032
f 2026 2023 2029
f 2057 2026 2032
f 2057 2028 2026
f 2061 2057 2058
f 2061 2060 2057
f 2061 2065 2062
f 2061 2064 2065
f 1371 2064 2058
f 1371 1372 2064
f 2048 2043 2076
f 2048 2042 2043
f 2082 2076 2079
f 2082 2077 2076
f 2047 2078 2055
f 2047 2048 2078
f 2056 2089 2090
f 2056 2055 2089
f 1340 2054 1386
f 1340 1341 2054
f 1386 2090 1387
f 1386 2056 2090
f 2077 2089 2078
f 2077 2086 2089
f 2088 2086 2085
f 2088 2091 2086
f 1391 2091 1390
f 1391 2093 2091
f 1385 2093 1391
f 1385 1387 2093
f 1377 1420 1422
f 1377 1375 1420
f 1423 1377 1422
f 1423 1378 1377
f 1420 1430 1424
f 1420 1421 1430
f 1432 1424 1430
f 1432 1426 1424
f 2063 2071 2072
f 2063 2062 2071
f 2102 2070 2095
f 2102 2071 2070
f 1425 2065 1423
f 1425 2070 2065
f 2096 2105 2102
f 2096 2098 2105
f 2096 2101 2097
f 2096 2100 2101
f 1425 2100 2095
f 1425 1426 2100
f 2087 2083 2113
f 2087 2082 2083
f 2120 2113 2117
f 2120 2114 2113
f 2088 2087 2094
f 2088 2085 2087
f 1435 2094 2116
f 1435 1434 2094
f 1440 1434 1435
f 1440 1439 1434
f 1438 1390 1439
f 1438 1389 1390
f 2114 2125 2116
f 2114 2123 2125
f 1436 2126 1437
f 1436 2125 2126
f 1437 1447 1436
f 1437 1448 1447
f 1444 1440 1447
f 1444 1438 1440
f 1431 1482 1484
f 1431 1429 1482
f 1485 1431 1484
f 1485 1432 1431
f 2139 2130 2131
f 2139 2138 2130
f 2136 1488 1489
f 2136 2129 1488
f 1482 1488 1486
f 1482 1483 1488
f 2131 1486 2129
f 2131 1487 1486
f 2132 2097 2109
f 2132 2099 2097
f 1487 2101 1485
f 1487 2109 2101
f 2134 2132 2130
f 2134 2135 2132
f 2124 2121 2150
f 2124 2120 2121
f 2156 2150 2153
f 2156 2151 2150
f 2126 2124 2127
f 2126 2123 2124
f 2128 2152 2163
f 2128 2127 2152
f 1491 1448 1492
f 1491 1446 1448
f 1491 2128 1497
f 1491 1492 2128
f 2165 2161 2167
f 2165 2160 2161
f 2151 2163 2152
f 2151 2160 2163
f 2168 2165 2167
f 2168 2166 2165
f 1495 2166 1498
f 1495 1497 2166
f 1496 1498 1501
f 1496 1495 1498
f 2177 2138 2140
f 2177 2141 2138
f 2139 2137 2140
f 2139 2136 2137
f 1479 1489 1477
f 1479 1543 1489
f 1545 1544 1546
f 1545 1543 1544
f 2174 1545 1546
f 2174 2137 1545
f 2178 2179 2177
f 2178 2186 2179
f 2187 2175 2183
f 2187 2176 2175
f 2187 2174 2176
f 2187 2178 2174
f 1541 2175 1542
f 1541 2172 2175
f 1542 1533 1532
f 1542 1544 1533
f 2162 2157 2192
f 2162 2156 2157
f 2161 2193 2169
f 2161 2162 2193
f 2170 2203 2204
f 2170 2169 2203
f 1550 2168 2170
f 1550 1548 2168
f 2199 2192 2195
f 2199 2193 2192
f 2203 2200 2205
f 2203 2199 2200
f 2208 2204 2205
f 2208 2206 2204
f 1503 1510 1500
f 1503 1555 1510
f 1501 1549 1503
f 1501 1548 1549
f 1556 1549 1551
f 1556 1555 1549
f 1550 2213 1551
f 1550 2206 2213
f 1552 2214 1553
f 1552 2213 2214
f 1553 1563 1552
f 1553 1564 1563
f 1560 1556 1563
f 1560 1554 1556
f 1537 1628 1541
f 1537 1540 1628
f 1622 1631 1621
f 1622 1632 1631
f 1626 1621 1631
f 1626 1619 1621
f 2220 1631 1632
f 2220 2217 1631
f 1625 1631 1629
f 1625 1626 1631
f 2218 1629 2217
f 2218 1630 1629
f 2231 2184 2219
f 2231 2185 2184
f 2183 2232 2188
f 2183 2185 2232
f 2188 2233 2189
f 2188 2232 2233
f 1630 2172 1628
f 1630 2184 2172
f 2226 2234 2231
f 2226 2228 2234
f 2218 2226 2219
f 2218 2225 2226
f 2212 2208 2210
f 2212 2211 2208
f 2242 2210 2209
f 2242 2244 2210
f 2214 2212 2215
f 2214 2211 2212
f 2216 2245 2253
f 2216 2215 2245
f 1634 1564 1635
f 1634 1562 1564
f 1634 2216 1640
f 1634 1635 2216
f 2250 2244 2247
f 2250 2245 2244
f 2253 2251 2255
f 2253 2250 2251
f 2258 2254 2255
f 2258 2256 2254
f 2256 1640 2254
f 2256 1641 1640
f 2268 2263 2264
f 2268 2267 2263
f 1641 1643 1639
f 1641 2267 1643
f 1645 1643 1652
f 1645 1642 1643
f 1652 2270 1653
f 1652 2268 2270
f 1710 1714 1715
f 1710 1709 1714
f 1618 1717 1719
f 1618 1616 1717
f 1719 1718 1722
f 1719 1717 1718
f 1614 1720 1620
f 1614 1618 1720
f 2284 2277 2281
f 2284 2278 2277
f 1715 2277 1716
f 1715 2276 2277
f 1716 1711 1710
f 1716 1718 1711
f 2279 1722 2278
f 2279 1723 1722
f 2223 2222 2224
f 2223 2220 2222
f 2222 2294 2295
f 2222 2221 2294
f 2229 2223 2224
f 2229 2225 2223
f 1620 1721 1622
f 1620 1720 1721
f 2221 1723 2280
f 2221 1721 1723
f 2288 2296 2294
f 2288 2290 2296
f 2279 2288 2280
f 2279 2287 2288
f 2297 2296 2298
f 2297 2295 2296
f 2297 2230 2229
f 2297 2300 2230
f 2261 2265 2260
f 2261 2266 2265
f 2265 2258 2260
f 2265 2263 2258
f 2266 2307 2265
f 2266 2308 2307
f 2264 2307 2271
f 2264 2265 2307
f 2272 2315 2317
f 2272 2271 2315
f 1729 2270 2272
f 1729 1727 2270
f 1653 1658 1651
f 1653 1727 1658
f 2318 2315 2316
f 2318 2317 2315
f 2323 2318 2322
f 2323 2319 2318
f 2273 1729 2321
f 2273 1728 1729
f 1659 1728 1731
f 1659 1658 1728
f 1730 2273 1736
f 1730 1731 2273
f 2331 2327 2333
f 2331 2326 2327
f 2319 2331 2321
f 2319 2326 2331
f 2336 2332 2333
f 2336 2334 2332
f 2334 1736 2332
f 2334 1737 1736
f 2346 2340 2341
f 2346 2345 2340
f 2350 2346 2349
f 2350 2347 2346
f 1738 1735 1734
f 1738 1741 1735
f 1737 1738 1734
f 1737 2345 1738
f 1743 1741 1747
f 1743 1739 1741
f 2347 1743 1747
f 2347 1746 1743
f 1697 1749 1751
f 1697 1695 1749
f 1751 1750 1754
f 1751 1749 1750
f 2358 2353 2354
f 2358 2357 2353
f 2363 2358 2362
f 2363 2359 2358
f 1748 1745 1744
f 1748 1750 1745
f 1746 1748 1744
f 1746 2357 1748
f 2360 1754 2359
f 2360 1755 1754
f 1704 1713 1701
f 1704 1757 1713
f 2274 1755 2361
f 2274 1753 1755
f 1704 1753 1757
f 1704 1703 1753
f 1759 1713 1758
f 1759 1714 1713
f 2376 1758 2274
f 2376 1760 1758
f 2368 2375 2374
f 2368 2370 2375
f 2360 2368 2361
f 2360 2367 2368
f 2377 2374 2375
f 2377 2376 2374
f 2382 2377 2381
f 2382 2378 2377
f 2389 2282 2380
f 2389 2283 2282
f 2286 2291 2285
f 2286 2292 2291
f 2281 2390 2285
f 2281 2283 2390
f 2291 2284 2285
f 2291 2287 2284
f 2285 2391 2286
f 2285 2390 2391
f 1760 2276 1759
f 1760 2282 2276
f 2378 2389 2380
f 2378 2386 2389
f 2339 2342 2338
f 2339 2343 2342
f 2342 2336 2338
f 2342 2340 2336
f 2341 2351 2349
f 2341 2344 2351
f 2355 2350 2352
f 2355 2353 2350
f 2408 2352 2351
f 2408 2410 2352
f 2410 2356 2355
f 2410 2413 2356
f 2354 2364 2362
f 2354 2356 2364
f 2366 2371 2365
f 2366 2372 2371
f 2371 2363 2365
f 2371 2367 2363
f 1327 1188 1187
f 1327 2426 1188
f 1186 1330 1326
f 1186 1188 1330
f 2431 1331 1330
f 2431 2432 1331
f 2428 2431 2426
f 2428 2433 2431
f 2425 2439 2438
f 2425 2429 2439
f 2428 2430 2433
f 2428 2425 2430
f 2432 2436 2435
f 2432 2434 2436
f 2430 2445 2434
f 2430 2443 2445
f 2479 2466 2478
f 2479 2467 2466
f 2480 2483 2482
f 2480 2481 2483
f 2489 2481 2480
f 2489 2490 2481
f 2478 2489 2479
f 2478 2488 2489
f 2495 2492 2498
f 2495 2491 2492
f 2493 2492 2490
f 2493 2497 2492
f 2500 2504 2503
f 2500 2501 2504
f 2499 2500 2498
f 2499 2502 2500
f 1823 2497 1822
f 1823 2499 2497
f 2512 2510 2515
f 2512 2509 2510
f 2510 2502 2511
f 2510 2501 2502
f 2517 2521 2520
f 2517 2518 2521
f 2516 2517 2515
f 2516 2519 2517
f 2514 1827 1828
f 2514 2511 1827
f 1839 2514 1838
f 1839 2516 2514
f 2529 2527 2532
f 2529 2526 2527
f 2527 2519 2528
f 2527 2518 2519
f 2534 2538 2537
f 2534 2535 2538
f 2533 2534 2532
f 2533 2536 2534
f 2531 1843 1844
f 2531 2528 1843
f 1855 2531 1854
f 1855 2533 2531
f 2545 2548 2551
f 2545 2544 2548
f 2544 2536 2546
f 2544 2535 2536
f 2548 1859 1860
f 2548 2546 1859
f 2595 2591 2599
f 2595 2590 2591
f 2592 2591 2589
f 2592 2598 2591
f 2601 2595 2602
f 2601 2594 2595
f 2600 2602 2599
f 2600 2604 2602
f 1884 2598 1883
f 1884 2600 2598
f 1879 1874 1884
f 1879 1873 1874
f 2453 2605 2454
f 2453 2601 2605
f 2459 2605 2606
f 2459 2458 2605
f 2468 2463 2462
f 2468 2469 2463
f 2461 2460 2462
f 2461 2458 2460
f 2459 1890 1902
f 2459 1892 1890
f 1902 2475 2460
f 1902 1903 2475
f 2604 1875 2606
f 2604 1874 1875
f 1886 1875 1873
f 1886 1892 1875
f 2474 2468 2475
f 2474 2466 2468
f 1800 1808 1801
f 1800 1805 1808
f 2474 1799 1801
f 2474 1903 1799
f 2488 1807 1904
f 2488 1808 1807
f 1811 1822 1812
f 1811 1819 1822
f 2493 1810 1812
f 2493 1904 1810
f 1823 1825 1827
f 1823 1821 1825
f 1826 1838 1828
f 1826 1835 1838
f 1839 1841 1843
f 1839 1837 1841
f 1842 1854 1844
f 1842 1851 1854
f 1855 1857 1859
f 1855 1853 1857
f 2559 2555 2554
f 2559 2560 2555
f 2551 2564 2554
f 2551 2552 2564
f 1858 1866 1860
f 1858 1864 1866
f 2552 1865 1916
f 2552 1866 1865
f 2566 2559 2565
f 2566 2561 2559
f 2608 2567 2609
f 2608 2566 2567
f 2568 2610 2569
f 2568 2608 2610
f 2565 1916 1917
f 2565 2564 1916
f 1917 1926 2567
f 1917 1915 1926
f 1934 1921 1924
f 1934 1926 1921
f 1936 1927 1934
f 1936 1928 1927
f 1927 2613 2609
f 1927 1928 2613
f 2617 2610 2612
f 2617 2614 2610
f 2618 2613 2621
f 2618 2612 2613
f 2618 2622 2619
f 2618 2621 2622
f 2581 2634 2635
f 2581 2580 2634
f 2584 2582 2585
f 2584 2580 2582
f 2593 2583 2585
f 2593 2589 2583
f 2581 1944 1953
f 2581 1946 1944
f 1953 2593 2582
f 1953 1954 2593
f 2634 2636 2633
f 2634 2637 2636
f 2633 2647 2635
f 2633 2646 2647
f 1942 2648 1943
f 1942 2647 2648
f 1945 1942 1940
f 1945 1946 1942
f 1870 1883 1871
f 1870 1880 1883
f 2592 1869 1871
f 2592 1954 1869
f 1936 1937 1938
f 1936 1933 1937
f 2620 2626 2628
f 2620 2619 2626
f 2650 2627 2651
f 2650 2626 2627
f 2628 2652 2629
f 2628 2650 2652
f 1937 2622 1938
f 1937 1970 2622
f 1970 1977 2627
f 1970 1969 1977
f 1985 1971 1974
f 1985 1977 1971
f 1987 1978 1985
f 1987 1979 1978
f 1978 2655 2651
f 1978 1979 2655
f 2660 2652 2654
f 2660 2656 2652
f 2661 2655 2665
f 2661 2654 2655
f 2661 2666 2662
f 2661 2665 2666
f 2649 2642 2643
f 2649 2646 2642
f 2678 2643 2644
f 2678 2677 2643
f 2681 2679 2682
f 2681 2677 2679
f 2686 2682 2685
f 2686 2683 2682
f 2683 1995 2681
f 2683 1996 1995
f 1998 1996 2000
f 1998 1992 1996
f 2648 1995 1994
f 2648 2649 1995
f 1941 1994 1993
f 1941 1943 1994
f 1987 1988 1989
f 1987 1984 1988
f 2663 2668 2670
f 2663 2662 2668
f 2689 2669 2691
f 2689 2668 2669
f 1988 2666 1989
f 1988 2020 2666
f 2020 2030 2669
f 2020 2019 2030
f 2690 2693 2694
f 2690 2689 2693
f 2702 2691 2692
f 2702 2693 2691
f 2033 2024 2027
f 2033 2030 2024
f 2699 2033 2034
f 2699 2692 2033
f 2673 2687 2685
f 2673 2674 2687
f 2688 2719 2720
f 2688 2687 2719
f 1999 2686 2040
f 1999 2000 2686
f 2040 2720 2041
f 2040 2688 2720
f 2719 2714 2721
f 2719 2713 2714
f 2724 2721 2723
f 2724 2722 2721
f 2039 2722 2044
f 2039 2041 2722
f 2730 2701 2703
f 2730 2704 2701
f 2702 2700 2703
f 2702 2699 2700
f 2028 2034 2027
f 2028 2066 2034
f 2068 2067 2069
f 2068 2066 2067
f 2728 2068 2069
f 2728 2700 2068
f 2731 2732 2730
f 2731 2737 2732
f 2738 2728 2729
f 2738 2731 2728
f 2073 2060 2063
f 2073 2067 2060
f 2736 2073 2074
f 2736 2729 2073
f 2714 2725 2723
f 2714 2715 2725
f 2726 2755 2756
f 2726 2725 2755
f 2043 2724 2080
f 2043 2044 2724
f 2080 2756 2081
f 2080 2726 2756
f 2755 2751 2757
f 2755 2750 2751
f 2760 2757 2759
f 2760 2758 2757
f 2079 2758 2084
f 2079 2081 2758
f 2742 2737 2738
f 2742 2739 2737
f 2074 2104 2106
f 2074 2072 2104
f 2108 2736 2106
f 2108 2742 2736
f 2775 2764 2765
f 2775 2774 2764
f 2772 2110 2111
f 2772 2763 2110
f 2104 2110 2107
f 2104 2105 2110
f 2765 2107 2763
f 2765 2108 2107
f 2766 2740 2739
f 2766 2769 2740
f 2768 2766 2764
f 2768 2769 2766
f 2751 2761 2759
f 2751 2752 2761
f 2762 2789 2790
f 2762 2761 2789
f 2083 2760 2118
f 2083 2084 2760
f 2118 2790 2119
f 2118 2762 2790
f 2789 2785 2791
f 2789 2784 2785
f 2794 2791 2793
f 2794 2792 2791
f 2117 2792 2122
f 2117 2119 2792
f 2803 2774 2776
f 2803 2777 2774
f 2775 2773 2776
f 2775 2772 2773
f 2099 2111 2098
f 2099 2144 2111
f 2146 2145 2147
f 2146 2144 2145
f 2800 2146 2147
f 2800 2773 2146
f 2804 2805 2803
f 2804 2812 2805
f 2813 2801 2809
f 2813 2802 2801
f 2813 2800 2802
f 2813 2804 2800
f 2142 2801 2143
f 2142 2798 2801
f 2143 2135 2134
f 2143 2145 2135
f 2785 2795 2793
f 2785 2786 2795
f 2796 2826 2827
f 2796 2795 2826
f 2121 2794 2154
f 2121 2122 2794
f 2154 2827 2155
f 2154 2796 2827
f 2826 2823 2828
f 2826 2822 2823
f 2831 2828 2830
f 2831 2829 2828
f 2153 2829 2158
f 2153 2155 2829
f 2841 2810 2834
f 2841 2811 2810
f 2809 2842 2814
f 2809 2811 2842
f 2814 2843 2815
f 2814 2842 2843
f 2141 2798 2142
f 2141 2181 2798
f 2810 2182 2834
f 2810 2181 2182
f 2835 2844 2841
f 2835 2837 2844
f 2835 2840 2836
f 2835 2839 2840
f 2190 2182 2179
f 2190 2839 2182
f 2855 2830 2833
f 2855 2832 2830
f 2157 2831 2196
f 2157 2158 2831
f 2196 2859 2197
f 2196 2832 2859
f 2860 2856 2862
f 2860 2855 2856
f 2863 2861 2860
f 2863 2867 2861
f 2861 2197 2859
f 2861 2198 2197
f 2201 2870 2202
f 2201 2869 2870
f 2198 2201 2195
f 2198 2869 2201
f 2186 2236 2190
f 2186 2189 2236
f 2878 2239 2240
f 2878 2873 2239
f 2233 2239 2237
f 2233 2234 2239
f 2874 2237 2873
f 2874 2238 2237
f 2875 2836 2849
f 2875 2838 2836
f 2238 2840 2236
f 2238 2849 2840
f 2874 2885 2876
f 2874 2883 2885
f 2885 2875 2876
f 2885 2884 2875
f 2868 2864 2897
f 2868 2863 2864
f 2870 2868 2871
f 2870 2867 2868
f 2872 2898 2907
f 2872 2871 2898
f 2202 2209 2200
f 2202 2243 2209
f 2242 2872 2248
f 2242 2243 2872
f 2904 2897 2900
f 2904 2898 2897
f 2907 2905 2909
f 2907 2904 2905
f 2912 2908 2909
f 2912 2910 2908
f 2910 2248 2908
f 2910 2249 2248
f 2922 2917 2918
f 2922 2921 2917
f 2249 2252 2247
f 2249 2921 2252
f 2252 2262 2251
f 2252 2922 2262
f 2930 2303 2304
f 2930 2927 2303
f 2927 2298 2303
f 2927 2301 2298
f 2881 2880 2882
f 2881 2878 2880
f 2880 2941 2942
f 2880 2879 2941
f 2888 2881 2882
f 2888 2883 2881
f 2230 2240 2228
f 2230 2305 2240
f 2879 2300 2302
f 2879 2305 2300
f 2936 2943 2941
f 2936 2938 2943
f 2928 2936 2929
f 2928 2935 2936
f 2944 2943 2945
f 2944 2942 2943
f 2302 2928 2929
f 2302 2301 2928
f 2944 2889 2888
f 2944 2947 2889
f 2915 2919 2914
f 2915 2920 2919
f 2919 2912 2914
f 2919 2917 2912
f 2920 2955 2919
f 2920 2956 2955
f 2918 2955 2925
f 2918 2919 2955
f 2926 2963 2965
f 2926 2925 2963
f 2261 2924 2309
f 2261 2262 2924
f 2311 2924 2926
f 2311 2309 2924
f 2966 2963 2964
f 2966 2965 2963
f 2969 2967 2966
f 2969 2972 2967
f 2978 2972 2973
f 2978 2977 2972
f 2311 2977 2312
f 2311 2967 2977
f 2312 2313 2308
f 2312 2314 2313
f 2316 2314 2324
f 2316 2313 2314
f 2324 2980 2325
f 2324 2978 2980
f 2323 2325 2328
f 2323 2322 2325
f 2382 2385 2387
f 2382 2381 2385
f 3005 2999 3000
f 3005 3004 2999
f 3005 2997 3003
f 3005 2998 2997
f 2387 2997 2388
f 2387 2995 2997
f 2392 2388 2398
f 2392 2386 2388
f 2391 2398 2396
f 2391 2392 2398
f 3000 2396 2998
f 3000 2397 2396
f 2933 2932 2934
f 2933 2930 2932
f 2932 3012 3013
f 2932 2931 3012
f 2939 2933 2934
f 2939 2935 2933
f 2293 2304 2290
f 2293 2399 2304
f 2931 2397 3001
f 2931 2395 2397
f 2293 2395 2399
f 2293 2292 2395
f 2999 3012 3001
f 2999 3009 3012
f 3015 3014 3016
f 3015 3013 3014
f 3015 2940 2939
f 3015 3018 2940
f 2973 2981 2979
f 2973 2976 2981
f 2984 2979 2982
f 2984 2980 2979
f 3027 2982 2981
f 3027 3029 2982
f 2986 3030 3037
f 2986 2985 3030
f 2330 2337 2327
f 2330 2403 2337
f 2328 2402 2330
f 2328 2401 2402
f 2401 2985 2402
f 2401 2984 2985
f 2339 2403 2404
f 2339 2337 2403
f 3039 2404 2986
f 3039 2407 2404
f 3035 3029 3032
f 3035 3030 3029
f 3040 3037 3038
f 3040 3039 3037
f 3045 3040 3044
f 3045 3041 3040
f 2987 2407 3043
f 2987 2406 2407
f 2344 2406 2409
f 2344 2343 2406
f 2408 2987 2414
f 2408 2409 2987
f 3041 3050 3043
f 3041 3048 3050
f 3053 3050 3051
f 3053 3052 3050
f 3058 3053 3057
f 3058 3054 3053
f 3055 2414 3052
f 3055 2415 2414
f 2988 2413 2416
f 2988 2417 2413
f 2366 2417 2418
f 2366 2364 2417
f 3066 2418 2988
f 3066 2421 2418
f 3054 3064 3056
f 3054 3061 3064
f 3067 3064 3065
f 3067 3066 3064
f 3072 3067 3071
f 3072 3068 3067
f 2416 3055 3056
f 2416 2415 3055
f 2990 3078 3079
f 2990 2989 3078
f 2373 2384 2370
f 2373 2422 2384
f 2989 2421 3070
f 2989 2420 2421
f 2373 2420 2422
f 2373 2372 2420
f 2424 2384 2423
f 2424 2385 2384
f 2996 2423 2990
f 2996 2424 2423
f 3068 3078 3070
f 3068 3075 3078
f 3081 3080 3082
f 3081 3079 3080
f 2993 2995 2996
f 2993 2992 2995
f 3081 2994 2993
f 3081 3084 2994
f 2992 3006 3003
f 2992 2994 3006
f 1781 1782 1780
f 1781 1785 1782
f 3095 1785 3094
f 3095 1786 1785
f 1781 1772 1789
f 1781 1771 1772
f 1791 3099 3094
f 1791 1792 3099
f 1790 1791 1789
f 1790 1792 1791
f 3104 3099 3103
f 3104 3102 3099
f 1786 1783 1782
f 1786 1793 1783
f 3095 3105 3098
f 3095 3101 3105
f 3114 3097 3098
f 3114 3108 3097
f 3109 3114 3115
f 3109 3108 3114
f 3101 3107 3106
f 3101 3102 3107
f 3243 3230 3242
f 3243 3231 3230
f 3244 3247 3246
f 3244 3245 3247
f 3253 3245 3244
f 3253 3254 3245
f 3242 3253 3243
f 3242 3252 3253
f 3260 3256 3263
f 3260 3255 3256
f 3257 3256 3254
f 3257 3262 3256
f 3265 3260 3266
f 3265 3259 3260
f 3264 3266 3263
f 3264 3268 3266
f 2465 3262 2464
f 2465 3264 3262
f 3159 3269 3160
f 3159 3265 3269
f 3163 3269 3270
f 3163 3162 3269
f 3169 3167 3166
f 3169 3170 3167
f 3165 3164 3166
f 3165 3162 3164
f 2485 3163 2484
f 2485 3164 3163
f 3268 2457 3270
f 3268 2456 2457
f 2472 2456 2471
f 2472 2457 2456
f 2476 2472 2467
f 2476 2477 2472
f 2477 2482 2484
f 2477 2476 2482
f 3176 3169 3175
f 3176 3171 3169
f 3184 3181 3180
f 3184 3185 3181
f 3179 3178 3180
f 3179 3176 3178
f 2487 3175 2485
f 2487 3177 3175
f 2506 3177 2505
f 2506 3178 3177
f 2491 2487 2483
f 2491 2496 2487
f 2496 2503 2505
f 2496 2495 2503
f 3192 3184 3191
f 3192 3186 3184
f 3200 3197 3196
f 3200 3201 3197
f 3195 3194 3196
f 3195 3192 3194
f 2508 3191 2506
f 2508 3193 3191
f 2523 3193 2522
f 2523 3194 3193
f 2509 2508 2504
f 2509 2513 2508
f 2513 2520 2522
f 2513 2512 2520
f 3207 3200 3206
f 3207 3202 3200
f 3214 3212 3211
f 3214 3215 3212
f 3210 3209 3211
f 3210 3207 3209
f 2525 3206 2523
f 2525 3208 3206
f 2540 3208 2539
f 2540 3209 3208
f 2526 2525 2521
f 2526 2530 2525
f 2530 2537 2539
f 2530 2529 2537
f 3220 3214 3219
f 3220 3216 3214
f 3275 3221 3277
f 3275 3220 3221
f 2542 3219 2540
f 2542 3221 3219
f 3276 3278 3281
f 3276 3275 3278
f 3278 3282 3281
f 3278 3279 3282
f 2543 2542 2538
f 2543 2547 2542
f 2556 2543 2545
f 2556 2547 2543
f 2558 2549 2556
f 2558 2550 2549
f 2549 3280 3277
f 2549 2550 3280
f 3291 3289 3294
f 3291 3288 3289
f 3289 3280 3290
f 3289 3279 3280
f 3293 3301 3294
f 3293 3299 3301
f 3293 2562 2563
f 3293 3290 2562
f 3232 3228 3227
f 3232 3233 3228
f 3323 3227 3228
f 3323 3322 3227
f 3328 3315 3327
f 3328 3316 3315
f 3326 3324 3328
f 3326 3322 3324
f 2588 3327 2587
f 2588 3329 3327
f 3329 2577 3326
f 3329 2578 2577
f 2583 2578 2588
f 2583 2575 2578
f 3238 3232 3239
f 3238 3230 3232
f 3238 2577 2576
f 3238 3239 2577
f 2597 2576 2579
f 2597 2596 2576
f 2594 2452 2596
f 2594 2451 2452
f 3252 2451 2607
f 3252 2452 2451
f 2590 2579 2575
f 2590 2597 2579
f 2454 2464 2455
f 2454 2461 2464
f 3257 2453 2455
f 3257 2607 2453
f 2465 2469 2471
f 2465 2463 2469
f 2558 2560 2562
f 2558 2555 2560
f 3307 3300 3301
f 3307 3302 3300
f 2561 2570 2563
f 2561 2568 2570
f 3299 2569 2615
f 3299 2570 2569
f 3309 3302 3308
f 3309 3304 3302
f 3332 3310 3334
f 3332 3309 3310
f 3308 2615 2616
f 3308 3307 2615
f 2616 2623 3310
f 2616 2614 2623
f 3333 3336 3337
f 3333 3332 3336
f 3344 3334 3335
f 3344 3336 3334
f 2630 2617 2620
f 2630 2623 2617
f 3342 2630 2631
f 3342 3335 2630
f 3362 3359 3363
f 3362 3358 3359
f 3372 3360 3371
f 3372 3361 3360
f 3361 3363 3360
f 3361 3365 3363
f 2642 2639 2645
f 2642 2636 2639
f 3317 3366 3318
f 3317 3362 3366
f 3315 3366 3331
f 3315 3318 3366
f 2572 2587 2573
f 2572 2584 2587
f 2640 3331 3367
f 2640 2638 3331
f 2572 2638 2637
f 2572 2573 2638
f 3365 2640 3367
f 3365 2639 2640
f 3350 3343 3344
f 3350 3345 3343
f 3342 2629 2657
f 3342 2631 2629
f 3352 3345 3351
f 3352 3347 3345
f 3380 3351 3377
f 3380 3352 3351
f 3351 2657 2658
f 3351 3350 2657
f 3351 2659 3377
f 3351 2658 2659
f 3385 3380 3384
f 3385 3381 3380
f 3382 3385 3386
f 3382 3381 3385
f 3383 3393 3384
f 3383 3391 3393
f 2660 2659 2656
f 2660 2664 2659
f 2671 2664 2663
f 2671 3383 2664
f 3355 3373 3371
f 3355 3356 3373
f 3374 3402 3403
f 3374 3373 3402
f 2644 3372 2684
f 2644 2645 3372
f 3374 2678 2684
f 3374 2680 2678
f 3402 3404 3401
f 3402 3405 3404
f 3401 3416 3403
f 3401 3415 3416
f 2675 3417 2676
f 2675 3416 3417
f 2679 2675 2673
f 2679 2680 2675
f 3397 3392 3393
f 3397 3394 3392
f 2671 2690 2695
f 2671 2670 2690
f 2697 3391 2695
f 2697 3397 3391
f 2698 2701 2705
f 2698 2694 2701
f 3419 3395 3394
f 3419 3421 3395
f 3424 3419 3420
f 3424 3423 3419
f 3424 3428 3425
f 3424 3427 3428
f 2697 3427 3420
f 2697 2698 3427
f 3418 3411 3412
f 3418 3415 3411
f 3440 3412 3413
f 3440 3439 3412
f 3443 3440 3444
f 3443 3439 3440
f 3441 3450 3442
f 3441 3443 3450
f 3442 2709 3441
f 3442 2710 2709
f 3417 2709 2708
f 3417 3418 2709
f 2674 2708 2707
f 2674 2676 2708
f 2711 2713 2707
f 2711 2717 2713
f 2717 2710 2716
f 2717 2711 2710
f 3426 3432 3433
f 3426 3425 3432
f 3460 3431 3454
f 3460 3432 3431
f 2704 3428 2705
f 2704 2734 3428
f 3431 2735 3454
f 3431 2734 2735
f 3455 3463 3460
f 3455 3457 3463
f 3455 3459 3456
f 3455 3458 3459
f 2741 2735 2732
f 2741 3458 2735
f 3437 2438 2440
f 3437 2444 2438
f 3448 3450 3451
f 3448 3447 3450
f 3481 3451 3452
f 3481 3480 3451
f 2748 3447 3448
f 2748 2746 3447
f 3483 3481 3485
f 3483 3480 3481
f 3489 3484 3483
f 3489 3493 3484
f 2716 2747 2718
f 2716 2746 2747
f 2715 2747 2745
f 2715 2718 2747
f 2748 3494 2749
f 2748 3484 3494
f 2753 3495 2754
f 2753 3494 3495
f 2749 2750 2745
f 2749 2753 2750
f 3457 3467 3468
f 3457 3456 3467
f 3503 3466 3497
f 3503 3467 3466
f 2740 3459 2741
f 2740 2770 3459
f 3466 2771 3497
f 3466 2770 2771
f 3498 3506 3503
f 3498 3500 3506
f 3498 3502 3499
f 3498 3501 3502
f 2778 2771 2768
f 2778 3501 2771
f 2446 2444 3438
f 2446 2443 2444
f 2447 3476 3479
f 2447 2446 3476
f 3472 3475 3471
f 3472 3516 3475
f 3437 3477 3438
f 3437 3475 3477
f 3496 3489 3490
f 3496 3493 3489
f 3528 3490 3491
f 3528 3527 3490
f 3530 3528 3532
f 3530 3527 3528
f 3536 3531 3530
f 3536 3540 3531
f 3495 2782 2781
f 3495 3496 2782
f 2752 2781 2780
f 2752 2754 2781
f 2782 3541 2783
f 2782 3531 3541
f 2787 3542 2788
f 2787 3541 3542
f 2783 2784 2780
f 2783 2787 2784
f 3500 3511 3512
f 3500 3499 3511
f 3551 3510 3544
f 3551 3511 3510
f 2777 3502 2778
f 2777 2807 3502
f 3510 2808 3544
f 3510 2807 2808
f 3545 3554 3551
f 3545 3547 3554
f 3545 3550 3546
f 3545 3549 3550
f 2816 2808 2805
f 2816 3549 2808
f 3543 3536 3537
f 3543 3540 3536
f 3566 3537 3538
f 3566 3565 3537
f 3568 3566 3570
f 3568 3565 3566
f 3573 3569 3568
f 3573 3576 3569
f 3542 2820 2819
f 3542 3543 2820
f 2786 2819 2818
f 2786 2788 2819
f 2820 3578 2821
f 2820 3569 3578
f 2824 3579 2825
f 2824 3578 3579
f 2821 2822 2818
f 2821 2824 2822
f 2812 2846 2816
f 2812 2815 2846
f 3592 3582 3583
f 3592 3591 3582
f 3589 2850 2851
f 3589 3581 2850
f 2843 2850 2847
f 2843 2844 2850
f 3583 2847 3581
f 3583 2848 2847
f 3584 3546 3557
f 3584 3548 3546
f 2848 3550 2846
f 2848 3557 3550
f 3586 3584 3582
f 3586 3587 3584
f 3476 3515 3479
f 3476 3478 3515
f 3517 3478 3477
f 3517 3526 3478
f 3577 3574 3599
f 3577 3573 3574
f 3579 3577 3580
f 3579 3576 3577
f 2825 2833 2823
f 2825 2857 2833
f 2853 3580 3601
f 2853 2852 3580
f 2858 2852 2853
f 2858 2857 2852
f 3613 3609 3614
f 3613 3608 3609
f 3607 3599 3603
f 3607 3600 3599
f 3600 3608 3601
f 3600 3607 3608
f 2865 3615 2866
f 2865 3613 3615
f 2862 2858 2865
f 2862 2856 2858
f 3621 3591 3593
f 3621 3594 3591
f 3592 3590 3593
f 3592 3589 3590
f 2838 2851 2837
f 2838 2890 2851
f 2892 2891 2893
f 2892 2890 2891
f 3619 2892 2893
f 3619 3590 2892
f 3622 3623 3621
f 3622 3630 3623
f 3631 3619 3620
f 3631 3622 3619
f 2894 2884 2887
f 2894 2891 2884
f 3627 2894 2895
f 3627 3620 2894
f 3638 3614 3617
f 3638 3616 3614
f 2864 3615 2901
f 2864 2866 3615
f 2901 3642 2902
f 2901 3616 3642
f 3643 3639 3645
f 3643 3638 3639
f 3646 3644 3643
f 3646 3649 3644
f 3644 2902 3642
f 3644 2903 2902
f 3654 3649 3650
f 3654 3653 3649
f 2903 2906 2900
f 2903 3653 2906
f 2906 2916 2905
f 2906 3654 2916
f 2946 2951 2952
f 2946 2945 2951
f 3631 3629 3632
f 3631 3627 3629
f 3629 3671 3672
f 3629 3628 3671
f 3632 3673 3633
f 3632 3672 3673
f 2889 2895 2887
f 2889 2953 2895
f 3628 2947 2948
f 3628 2953 2947
f 3663 3674 3671
f 3663 3665 3674
f 3663 3669 3664
f 3663 3668 3669
f 2952 2948 2946
f 2952 3668 2948
f 3652 3681 3651
f 3652 3682 3681
f 3650 3681 3657
f 3650 3651 3681
f 3658 3689 3691
f 3658 3657 3689
f 2915 3656 2957
f 2915 2916 3656
f 2959 3656 3658
f 2959 2957 3656
f 3692 3689 3690
f 3692 3691 3689
f 3695 3693 3692
f 3695 3698 3693
f 3704 3698 3699
f 3704 3703 3698
f 2959 3703 2960
f 2959 3693 3703
f 2960 2961 2956
f 2960 2962 2961
f 2964 2962 2970
f 2964 2961 2962
f 2970 3706 2971
f 2970 3704 3706
f 3723 3717 3721
f 3723 3718 3717
f 3010 3717 3011
f 3010 3716 3717
f 3014 3011 3021
f 3014 3009 3011
f 3718 3016 3021
f 3718 3019 3016
f 3661 3734 3735
f 3661 3660 3734
f 2940 2950 2938
f 2940 3022 2950
f 3660 3018 3020
f 3660 3022 3018
f 3024 2950 3023
f 3024 2951 2950
f 3670 3023 3661
f 3670 3024 3023
f 3728 3736 3734
f 3728 3730 3736
f 3719 3728 3720
f 3719 3727 3728
f 3737 3736 3738
f 3737 3735 3736
f 3020 3719 3720
f 3020 3019 3719
f 3666 3669 3670
f 3666 3664 3669
f 3737 3667 3666
f 3737 3740 3667
f 3699 3707 3705
f 3699 3702 3707
f 3710 3705 3708
f 3710 3706 3705
f 3750 3708 3707
f 3750 3752 3708
f 2971 2975 2969
f 2971 3025 2975
f 3712 3753 3760
f 3712 3711 3753
f 3025 3711 3026
f 3025 3710 3711
f 2976 3026 3028
f 2976 2975 3026
f 3027 3712 3033
f 3027 3028 3712
f 3758 3752 3755
f 3758 3753 3752
f 3763 3760 3761
f 3763 3762 3760
f 3767 3763 3766
f 3767 3764 3763
f 3765 3033 3762
f 3765 3034 3033
f 3776 3772 3779
f 3776 3771 3772
f 3765 3771 3775
f 3765 3764 3771
f 3780 3776 3779
f 3780 3777 3776
f 3034 3036 3032
f 3034 3775 3036
f 3038 3036 3047
f 3038 3035 3036
f 3777 3044 3047
f 3777 3046 3044
f 3791 3785 3786
f 3791 3790 3785
f 3046 3049 3045
f 3046 3790 3049
f 3051 3049 3059
f 3051 3048 3049
f 3059 3793 3060
f 3059 3791 3793
f 3058 3060 3062
f 3058 3057 3060
f 3062 3803 3063
f 3062 3801 3803
f 3065 3063 3073
f 3065 3061 3063
f 3073 3805 3074
f 3073 3803 3805
f 3072 3074 3076
f 3072 3071 3074
f 3823 3817 3818
f 3823 3822 3817
f 3823 3815 3821
f 3823 3816 3815
f 3076 3815 3077
f 3076 3813 3815
f 3080 3077 3087
f 3080 3075 3077
f 3816 3082 3087
f 3816 3085 3082
f 3713 3084 3086
f 3713 3088 3084
f 3008 3088 3089
f 3008 3006 3088
f 3004 3090 3010
f 3004 3008 3090
f 3832 3089 3713
f 3832 3091 3089
f 3817 3830 3819
f 3817 3827 3830
f 3833 3830 3831
f 3833 3832 3830
f 3839 3833 3838
f 3839 3834 3833
f 3086 3818 3819
f 3086 3085 3818
f 3836 3714 3722
f 3836 3715 3714
f 3714 3724 3721
f 3714 3715 3724
f 3726 3731 3725
f 3726 3732 3731
f 3731 3723 3725
f 3731 3727 3723
f 3091 3716 3090
f 3091 3722 3716
f 3839 3836 3834
f 3839 3840 3836
f 3783 3787 3782
f 3783 3788 3787
f 3787 3780 3782
f 3787 3785 3780
f 3786 3794 3792
f 3786 3789 3794
f 3796 3798 3795
f 3796 3799 3798
f 3802 3792 3795
f 3802 3793 3792
f 3798 3801 3802
f 3798 3797 3801
f 3797 3806 3804
f 3797 3800 3806
f 3808 3810 3807
f 3808 3811 3810
f 3814 3804 3807
f 3814 3805 3804
f 3810 3813 3814
f 3810 3809 3813
f 3809 3824 3821
f 3809 3812 3824
f 3900 3889 3899
f 3900 3890 3889
f 3901 3904 3903
f 3901 3902 3904
f 3908 3902 3901
f 3908 3910 3902
f 3899 3908 3900
f 3899 3907 3908
f 3915 3912 3918
f 3915 3911 3912
f 3913 3912 3910
f 3913 3917 3912
f 3920 3924 3923
f 3920 3921 3924
f 3919 3920 3918
f 3919 3922 3920
f 3183 3917 3182
f 3183 3919 3917
f 3932 3930 3935
f 3932 3929 3930
f 3930 3922 3931
f 3930 3921 3922
f 3937 3941 3940
f 3937 3938 3941
f 3936 3937 3935
f 3936 3939 3937
f 3934 3187 3188
f 3934 3931 3187
f 3199 3934 3198
f 3199 3936 3934
f 3949 3947 3952
f 3949 3946 3947
f 3947 3939 3948
f 3947 3938 3939
f 3953 3956 3955
f 3953 3954 3956
f 3960 3954 3953
f 3960 3961 3954
f 3951 3960 3952
f 3951 3959 3960
f 3951 3203 3204
f 3951 3948 3203
f 3964 3968 3970
f 3964 3963 3968
f 3966 3963 3961
f 3966 3968 3963
f 3996 4002 4001
f 3996 3997 4002
f 4007 3994 4006
f 4007 3995 3994
f 3995 3996 3994
f 3995 3998 3996
f 3869 3999 4000
f 3869 3868 3999
f 3874 3873 3872
f 3874 3875 3873
f 3871 3870 3872
f 3871 3868 3870
f 3249 3869 3248
f 3249 3870 3869
f 3999 4002 3997
f 3999 4003 4002
f 3998 3225 4000
f 3998 3224 3225
f 3236 3224 3235
f 3236 3225 3224
f 3240 3236 3231
f 3240 3241 3236
f 3241 3246 3248
f 3241 3240 3246
f 3881 3874 3880
f 3881 3876 3874
f 3891 3886 3885
f 3891 3892 3886
f 3884 3883 3885
f 3884 3881 3883
f 3251 3880 3249
f 3251 3882 3880
f 3882 3259 3271
f 3882 3261 3259
f 3271 3897 3883
f 3271 3272 3897
f 3255 3251 3247
f 3255 3261 3251
f 3896 3891 3897
f 3896 3889 3891
f 3160 3168 3161
f 3160 3165 3168
f 3896 3159 3161
f 3896 3272 3159
f 3907 3167 3273
f 3907 3168 3167
f 3171 3182 3172
f 3171 3179 3182
f 3913 3170 3172
f 3913 3273 3170
f 3183 3185 3187
f 3183 3181 3185
f 3186 3198 3188
f 3186 3195 3198
f 3199 3201 3203
f 3199 3197 3201
f 3202 3213 3204
f 3202 3210 3213
f 3959 3212 3274
f 3959 3213 3212
f 3977 3974 3973
f 3977 3978 3974
f 3970 3982 3973
f 3970 3971 3982
f 3216 3223 3217
f 3216 3222 3223
f 3966 3215 3217
f 3966 3274 3215
f 3223 3276 3283
f 3223 3222 3276
f 3285 3971 3283
f 3285 3982 3971
f 3984 3977 3983
f 3984 3979 3977
f 4015 3985 4017
f 4015 3984 3985
f 3287 3983 3285
f 3287 3985 3983
f 4016 4018 4021
f 4016 4015 4018
f 4018 4022 4021
f 4018 4019 4022
f 3288 3287 3282
f 3288 3292 3287
f 3292 3296 3297
f 3292 3291 3296
f 3297 4020 4017
f 3297 3298 4020
f 3298 3300 3305
f 3298 3296 3300
f 4031 4029 4034
f 4031 4028 4029
f 4029 4020 4030
f 4029 4019 4020
f 4033 4041 4034
f 4033 4039 4041
f 4033 3305 3306
f 4033 4030 3305
f 3990 4008 4006
f 3990 3991 4008
f 4009 4052 4053
f 4009 4008 4052
f 3228 4007 3330
f 3228 3229 4007
f 4009 3323 3330
f 4009 3325 3323
f 3229 3233 3235
f 3229 3228 3233
f 4052 4054 4051
f 4052 4055 4054
f 4051 4068 4053
f 4051 4067 4068
f 3319 4069 3320
f 3319 4068 4069
f 3324 3319 3316
f 3324 3325 3319
f 4046 4040 4041
f 4046 4042 4040
f 3304 3312 3306
f 3304 3311 3312
f 3312 3333 3338
f 3312 3311 3333
f 3340 4039 3338
f 3340 4046 4039
f 3341 3343 3348
f 3341 3337 3343
f 4071 4043 4042
f 4071 4073 4043
f 4077 4075 4081
f 4077 4074 4075
f 4075 4071 4072
f 4075 4074 4071
f 4080 4089 4081
f 4080 4087 4089
f 3340 4076 4072
f 3340 3341 4076
f 4080 3348 3349
f 4080 4076 3348
f 3116 3117 3115
f 3116 3120 3117
f 4062 4060 4063
f 4062 4059 4060
f 4060 4117 4118
f 4060 4059 4117
f 4070 4061 4063
f 4070 4067 4061
f 3368 4070 4060
f 3368 3369 4070
f 3368 4118 3370
f 3368 4060 4118
f 4101 4102 4100
f 4101 4103 4102
f 4100 4117 4101
f 4100 4114 4117
f 4115 4114 4113
f 4115 4119 4114
f 3376 3357 3355
f 3376 4119 3357
f 3376 3358 3370
f 3376 3359 3358
f 4069 3317 3320
f 4069 3369 3317
f 4093 4088 4089
f 4093 4090 4088
f 3347 3354 3349
f 3347 3353 3354
f 3354 3382 3387
f 3354 3353 3382
f 3389 4087 3387
f 3389 4093 4087
f 3390 3392 3396
f 3390 3386 3392
f 4122 4091 4090
f 4122 4124 4091
f 4127 4122 4123
f 4127 4126 4122
f 4127 4131 4128
f 4127 4130 4131
f 3389 4130 4123
f 3389 3390 4130
f 4097 3120 4095
f 4097 3121 3120
f 3116 3106 3124
f 3116 3105 3106
f 3989 3122 3123
f 3989 3988 3122
f 3122 4096 3124
f 3122 3988 4096
f 4116 4109 4110
f 4116 4113 4109
f 4153 4110 4111
f 4153 4152 4110
f 4156 4154 4157
f 4156 4152 4154
f 4161 4157 4160
f 4161 4158 4157
f 4158 3407 4156
f 4158 3408 3407
f 3411 3408 3414
f 3411 3404 3408
f 4115 3407 3406
f 4115 4116 3407
f 3356 3406 3405
f 3356 3357 3406
f 4129 4135 4137
f 4129 4128 4135
f 4164 4136 4166
f 4164 4135 4136
f 3395 4131 3396
f 3395 3422 4131
f 3422 3429 4136
f 3422 3421 3429
f 4165 4168 4169
f 4165 4164 4168
f 4177 4166 4167
f 4177 4168 4166
f 3434 3423 3426
f 3434 3429 3423
f 4174 3434 3435
f 4174 4167 3434
f 4096 4140 4095
f 4096 4143 4140
f 4148 4162 4160
f 4148 4149 4162
f 4163 4192 4193
f 4163 4162 4192
f 3413 4161 3445
f 3413 3414 4161
f 3445 4193 3446
f 3445 4163 4193
f 4192 4188 4194
f 4192 4187 4188
f 4197 4194 4196
f 4197 4195 4194
f 3444 4195 3453
f 3444 3446 4195
f 4203 4176 4178
f 4203 4179 4176
f 4177 4175 4178
f 4177 4174 4175
f 3435 3462 3464
f 3435 3433 3462
f 4201 3464 3465
f 4201 4175 3464
f 4204 4205 4203
f 4204 4210 4205
f 4211 4201 4202
f 4211 4204 4201
f 4209 3469 3470
f 4209 4202 3469
f 3462 3469 3465
f 3462 3463 3469
f 4143 4142 4140
f 4143 4145 4142
f 3121 3118 3117
f 3121 3127 3118
f 4218 3127 4098
f 4218 3128 3127
f 4188 4198 4196
f 4188 4189 4198
f 4199 4235 4236
f 4199 4198 4235
f 3452 4197 3486
f 3452 3453 4197
f 3486 4236 3487
f 3486 4199 4236
f 4235 4232 4237
f 4235 4231 4232
f 4240 4237 4239
f 4240 4238 4237
f 3485 4238 3492
f 3485 3487 4238
f 4215 4210 4211
f 4215 4212 4210
f 3470 3505 3507
f 3470 3468 3505
f 3509 4209 3507
f 3509 4215 4209
f 4255 4244 4245
f 4255 4254 4244
f 4252 3513 3514
f 4252 4243 3513
f 3505 3513 3508
f 3505 3506 3513
f 4245 3508 4243
f 4245 3509 3508
f 4246 4213 4212
f 4246 4249 4213
f 4248 4246 4244
f 4248 4249 4246
f 4097 4181 4099
f 4097 4141 4181
f 4099 4218 4098
f 4099 4220 4218
f 4268 4239 4242
f 4268 4241 4239
f 3491 4240 3533
f 3491 3492 4240
f 3533 4273 3534
f 3533 4241 4273
f 4273 4270 4274
f 4273 4268 4270
f 4277 4274 4276
f 4277 4275 4274
f 3532 4275 3539
f 3532 3534 4275
f 4283 4254 4256
f 4283 4257 4254
f 4255 4253 4256
f 4255 4252 4253
f 3514 3553 3555
f 3514 3512 3553
f 4281 3555 3556
f 4281 4253 3555
f 4284 4285 4283
f 4284 4292 4285
f 4293 4281 4282
f 4293 4284 4281
f 4289 3558 3559
f 4289 4282 3558
f 3553 3558 3556
f 3553 3554 3558
f 4220 4221 4219
f 4220 4260 4221
f 4261 4221 4260
f 4261 4222 4221
f 4141 4217 4182
f 4141 4142 4217
f 4313 4276 4279
f 4313 4278 4276
f 3538 4277 3571
f 3538 3539 4277
f 3571 4318 3572
f 3571 4278 4318
f 4318 4315 4319
f 4318 4313 4315
f 4322 4319 4321
f 4322 4320 4319
f 3570 4320 3575
f 3570 3572 4320
f 4293 4291 4294
f 4293 4289 4291
f 4291 4332 4333
f 4291 4290 4332
f 4294 4334 4295
f 4294 4333 4334
f 3548 3559 3547
f 3548 3596 3559
f 4290 3587 3588
f 4290 3596 3587
f 4326 4335 4332
f 4326 4328 4335
f 4326 4331 4327
f 4326 4330 4331
f 3595 3588 3586
f 3595 4330 3588
f 4350 4321 4324
f 4350 4323 4321
f 3574 4322 3604
f 3574 3575 4322
f 3604 4353 3605
f 3604 4323 4353
f 4354 4351 4356
f 4354 4350 4351
f 4358 4355 4354
f 4358 4360 4355
f 4355 3605 4353
f 4355 3606 3605
f 3610 4364 3611
f 3610 4363 4364
f 3606 3610 3603
f 3606 4363 3610
f 4366 4327 4339
f 4366 4329 4327
f 3594 4331 3595
f 3594 3625 4331
f 4339 3626 4367
f 4339 3625 3626
f 4370 4366 4367
f 4370 4369 4366
f 4370 4375 4371
f 4370 4374 4375
f 3634 3626 3623
f 3634 4374 3626
f 4298 4224 4222
f 4298 4383 4224
f 4223 4383 4344
f 4223 4224 4383
f 4364 4361 4365
f 4364 4360 4361
f 4362 4386 4361
f 4362 4388 4386
f 3611 3617 3609
f 3611 3640 3617
f 3636 4365 4387
f 3636 3635 4365
f 3641 3635 3636
f 3641 3640 3635
f 4399 4395 4400
f 4399 4394 4395
f 4386 4394 4387
f 4386 4393 4394
f 3647 4401 3648
f 3647 4399 4401
f 3645 3641 3647
f 3645 3639 3641
f 3630 3676 3634
f 3630 3633 3676
f 4416 4405 4406
f 4416 4415 4405
f 4412 3679 3680
f 4412 4404 3679
f 3673 3679 3677
f 3673 3674 3679
f 4406 3677 4404
f 4406 3678 3677
f 4407 4371 4380
f 4407 4373 4371
f 3678 4375 3676
f 3678 4380 4375
f 4409 4407 4405
f 4409 4410 4407
f 4344 4345 4343
f 4344 4384 4345
f 4436 4400 4403
f 4436 4402 4400
f 3685 4401 4402
f 3685 3683 4401
f 3648 3652 3646
f 3648 3683 3652
f 4440 4437 4442
f 4440 4436 4437
f 4444 4441 4440
f 4444 4446 4441
f 4452 4446 4447
f 4452 4451 4446
f 3685 4451 3686
f 3685 4441 4451
f 3686 3687 3682
f 3686 3688 3687
f 3690 3688 3696
f 3690 3687 3688
f 3696 4454 3697
f 3696 4452 4454
f 3739 3744 3745
f 3739 3738 3744
f 4416 4414 4417
f 4416 4412 4414
f 4414 4477 4478
f 4414 4413 4477
f 4417 4479 4418
f 4417 4478 4479
f 3667 3680 3665
f 3667 3746 3680
f 4413 3740 3741
f 4413 3746 3740
f 4467 4480 4477
f 4467 4469 4480
f 4467 4475 4468
f 4467 4474 4475
f 3745 3741 3739
f 3745 4474 3741
f 4447 4455 4453
f 4447 4450 4455
f 4458 4453 4456
f 4458 4454 4453
f 4489 4456 4455
f 4489 4491 4456
f 3697 3701 3695
f 3697 3748 3701
f 4460 4492 4499
f 4460 4459 4492
f 3748 4459 3749
f 3748 4458 4459
f 3702 3749 3751
f 3702 3701 3749
f 3750 4460 3756
f 3750 3751 4460
f 4497 4491 4494
f 4497 4492 4491
f 4502 4499 4500
f 4502 4501 4499
f 4505 4503 4502
f 4505 4508 4503
f 4503 3756 4501
f 4503 3757 3756
f 4514 4508 4509
f 4514 4513 4508
f 3757 3759 3755
f 3757 4513 3759
f 3761 3759 3768
f 3761 3758 3759
f 3768 4516 3769
f 3768 4514 4516
f 3767 3769 3773
f 3767 3766 3769
f 3773 4526 3774
f 3773 4524 4526
f 3774 3784 3772
f 3774 4526 3784
f 4563 4557 4558
f 4563 4562 4557
f 4563 4555 4561
f 4563 4556 4555
f 3828 4555 3829
f 3828 4553 4555
f 3831 3829 3843
f 3831 3827 3829
f 4556 3838 3843
f 4556 3841 3838
f 4461 3840 3842
f 4461 3844 3840
f 3726 3844 3845
f 3726 3724 3844
f 4573 3845 4461
f 4573 3848 3845
f 4557 4571 4559
f 4557 4568 4571
f 4574 4571 4572
f 4574 4573 4571
f 4579 4574 4578
f 4579 4575 4574
f 3842 4558 4559
f 3842 3841 4558
f 4466 4470 4465
f 4466 4471 4470
f 4464 4584 4585
f 4464 4463 4584
f 4465 4586 4466
f 4465 4585 4586
f 3733 3743 3730
f 3733 3849 3743
f 4463 3848 4577
f 4463 3847 3848
f 3733 3847 3849
f 3733 3732 3847
f 3851 3743 3850
f 3851 3744 3743
f 4476 3850 4464
f 4476 3851 3850
f 4575 4584 4577
f 4575 4583 4584
f 4470 4475 4476
f 4470 4468 4475
f 4509 4517 4515
f 4509 4512 4517
f 4519 4521 4518
f 4519 4522 4521
f 4525 4515 4518
f 4525 4516 4515
f 4521 4524 4525
f 4521 4520 4524
f 4520 4529 4527
f 4520 4523 4529
f 4532 4527 4530
f 4532 4528 4527
f 4603 4530 4529
f 4603 4605 4530
f 3783 4528 3853
f 3783 3784 4528
f 4534 4606 4613
f 4534 4533 4606
f 3853 4533 3854
f 3853 4532 4533
f 3789 3854 3855
f 3789 3788 3854
f 3796 3855 3856
f 3796 3794 3855
f 4615 3856 4534
f 4615 3859 3856
f 4611 4605 4608
f 4611 4606 4605
f 4616 4613 4614
f 4616 4615 4613
f 4621 4616 4620
f 4621 4617 4616
f 4536 4626 4627
f 4536 4535 4626
f 4535 3859 4619
f 4535 3858 3859
f 3800 3858 3860
f 3800 3799 3858
f 3808 3860 3861
f 3808 3806 3860
f 4540 3861 4536
f 4540 3862 3861
f 4617 4626 4619
f 4617 4624 4626
f 4629 4628 4630
f 4629 4627 4628
f 4629 4539 4538
f 4629 4632 4539
f 4538 4542 4541
f 4538 4539 4542
f 4547 4549 4546
f 4547 4550 4549
f 4544 4545 4546
f 4544 4542 4545
f 3862 4541 3863
f 3862 4540 4541
f 3812 3863 3864
f 3812 3811 3863
f 3826 3864 3865
f 3826 3824 3864
f 4554 3865 4544
f 4554 3866 3865
f 3822 3866 3828
f 3822 3826 3866
f 4549 4553 4554
f 4549 4548 4553
f 4548 4564 4561
f 4548 4551 4564
f 4423 4345 4422
f 4423 4347 4345
f 4346 4640 4592
f 4346 4347 4640
f 4592 4593 4591
f 4592 4641 4593
f 4644 4593 4643
f 4644 4594 4593
f 3520 4672 4671
f 3520 3521 4672
f 3520 3516 3519
f 3520 3518 3516
f 3517 3562 3526
f 3517 3518 3562
f 3563 4693 4694
f 3563 3562 4693
f 3564 4694 4695
f 3564 3563 4694
f 4673 4676 4671
f 4673 4677 4676
f 4674 4687 4673
f 4674 4688 4687
f 4677 4693 4676
f 4677 4696 4693
f 4699 4696 4698
f 4699 4697 4696
f 4752 4741 4751
f 4752 4742 4741
f 4754 4758 4757
f 4754 4755 4758
f 4753 4754 4752
f 4753 4756 4754
f 3888 4751 3887
f 3888 4753 4751
f 4766 4763 4769
f 4766 4762 4763
f 4763 4756 4764
f 4763 4755 4756
f 4771 4766 4772
f 4771 4765 4766
f 4770 4772 4769
f 4770 4774 4772
f 4768 3894 3895
f 4768 4764 3894
f 3909 3895 3890
f 3909 4768 3895
f 3903 4770 3909
f 3903 3905 4770
f 4704 4775 4705
f 4704 4771 4775
f 4708 4775 4776
f 4708 4707 4775
f 4714 4712 4711
f 4714 4715 4712
f 4710 4709 4711
f 4710 4707 4709
f 3926 4708 3925
f 3926 4709 4708
f 4774 3906 4776
f 4774 3905 3906
f 3911 3906 3904
f 3911 3916 3906
f 3916 3923 3925
f 3916 3915 3923
f 4720 4714 4719
f 4720 4716 4714
f 4727 4725 4724
f 4727 4728 4725
f 4723 4722 4724
f 4723 4720 4722
f 3928 4719 3926
f 3928 4721 4719
f 3943 4721 3942
f 3943 4722 4721
f 3929 3928 3924
f 3929 3933 3928
f 3933 3940 3942
f 3933 3932 3940
f 4780 4728 4727
f 4780 4781 4728
f 4780 4731 4785
f 4780 4730 4731
f 3945 4730 3943
f 3945 4731 4730
f 4785 4789 4786
f 4785 4788 4789
f 4789 4793 4792
f 4789 4790 4793
f 3946 3945 3941
f 3946 3950 3945
f 3950 3955 3957
f 3950 3949 3955
f 3957 4791 4788
f 3957 3958 4791
f 4801 4799 4804
f 4801 4798 4799
f 4799 4791 4800
f 4799 4790 4791
f 4806 4810 4809
f 4806 4807 4810
f 4805 4806 4804
f 4805 4808 4806
f 3965 3958 3956
f 3965 4800 3958
f 3975 3965 3964
f 3975 4803 3965
f 3976 4803 3975
f 3976 4805 4803
f 4817 4815 4820
f 4817 4814 4815
f 4815 4808 4816
f 4815 4807 4808
f 4819 4827 4820
f 4819 4825 4827
f 4819 3980 3981
f 4819 4816 3980
f 4850 4842 4849
f 4850 4843 4842
f 4852 4858 4857
f 4852 4853 4858
f 4851 4852 4850
f 4851 4854 4852
f 4011 3992 3990
f 4011 4849 3992
f 4001 4851 4011
f 4001 4004 4851
f 4735 4855 4856
f 4735 4734 4855
f 4743 4739 4738
f 4743 4744 4739
f 4737 4736 4738
f 4737 4734 4736
f 4003 4735 4005
f 4003 4012 4735
f 4012 3873 4013
f 4012 3871 3873
f 4013 4749 4736
f 4013 4014 4749
f 4855 4858 4853
f 4855 4859 4858
f 4854 4005 4856
f 4854 4004 4005
f 4748 4743 4749
f 4748 4741 4743
f 3876 3887 3877
f 3876 3884 3887
f 4748 3875 3877
f 4748 4014 3875
f 3888 3892 3894
f 3888 3886 3892
f 3976 3978 3980
f 3976 3974 3978
f 4833 4826 4827
f 4833 4828 4826
f 3979 3987 3981
f 3979 3986 3987
f 3987 4016 4023
f 3987 3986 4016
f 4025 4825 4023
f 4025 4833 4825
f 4835 4828 4834
f 4835 4830 4828
f 4866 4836 4867
f 4866 4835 4836
f 4837 4868 4838
f 4837 4866 4868
f 4027 4834 4025
f 4027 4836 4834
f 4028 4027 4022
f 4028 4032 4027
f 4032 4036 4037
f 4032 4031 4036
f 4037 4871 4867
f 4037 4038 4871
f 4038 4040 4044
f 4038 4036 4040
f 4878 4881 4882
f 4878 4877 4881
f 4876 4868 4870
f 4876 4872 4868
f 4877 4871 4880
f 4877 4870 4871
f 4881 4044 4045
f 4881 4880 4044
f 4903 4892 4902
f 4903 4893 4892
f 4905 4901 4906
f 4905 4900 4901
f 4904 4906 4903
f 4904 4908 4906
f 4066 4902 4065
f 4066 4904 4902
f 4061 4057 4066
f 4061 4054 4057
f 4844 4909 4845
f 4844 4905 4909
f 4842 4909 4862
f 4842 4845 4909
f 4058 4862 4910
f 4058 4056 4862
f 3991 4056 4055
f 3991 3992 4056
f 4908 4058 4910
f 4908 4057 4058
f 4882 4915 4885
f 4882 4884 4915
f 4885 4917 4886
f 4885 4915 4917
f 4078 4043 4073
f 4078 4045 4043
f 4084 4079 4085
f 4084 4078 4079
f 4916 4084 4085
f 4916 4884 4084
f 4079 4083 4085
f 4079 4077 4083
f 4085 4920 4916
f 4085 4086 4920
f 4086 4088 4092
f 4086 4083 4088
f 4925 4917 4919
f 4925 4921 4917
f 4926 4920 4930
f 4926 4919 4920
f 4926 4931 4927
f 4926 4930 4931
f 4894 4891 4890
f 4894 4895 4891
f 4939 4890 4891
f 4939 4938 4890
f 4941 4940 4942
f 4941 4938 4940
f 4948 4942 4947
f 4948 4943 4942
f 4943 4105 4941
f 4943 4106 4105
f 4109 4106 4112
f 4109 4102 4106
f 4898 4894 4899
f 4898 4892 4894
f 4049 4065 4050
f 4049 4062 4065
f 4898 4105 4104
f 4898 4899 4105
f 4049 4104 4103
f 4049 4050 4104
f 4928 4933 4935
f 4928 4927 4933
f 4954 4934 4956
f 4954 4933 4934
f 4091 4931 4092
f 4091 4125 4931
f 4125 4132 4934
f 4125 4124 4132
f 4955 4958 4959
f 4955 4954 4958
f 4964 4956 4957
f 4964 4958 4956
f 4138 4126 4129
f 4138 4132 4126
f 4962 4138 4139
f 4962 4957 4138
f 4981 4947 4951
f 4981 4950 4947
f 4980 4950 4981
f 4980 4949 4950
f 4111 4948 4159
f 4111 4112 4948
f 4949 4153 4159
f 4949 4155 4153
f 4983 4972 4980
f 4983 4974 4972
f 4979 4972 4973
f 4979 4978 4972
f 4150 4979 4151
f 4150 4978 4979
f 4154 4150 4148
f 4154 4155 4150
f 4968 4963 4964
f 4968 4966 4963
f 4139 4165 4170
f 4139 4137 4165
f 4172 4962 4170
f 4172 4968 4962
f 4173 4176 4180
f 4173 4169 4176
f 4988 4967 4966
f 4988 4991 4967
f 4990 4988 4987
f 4990 4991 4988
f 5000 4987 4989
f 5000 4996 4987
f 4172 5000 4989
f 4172 4173 5000
f 4973 5004 4986
f 4973 4975 5004
f 4186 4986 5005
f 4186 4185 4986
f 4149 4185 4184
f 4149 4151 4185
f 5004 5006 5003
f 5004 5007 5006
f 5003 5015 5005
f 5003 5011 5015
f 4190 5016 4191
f 4190 5015 5016
f 4186 4187 4184
f 4186 4190 4187
f 4997 5001 5002
f 4997 4996 5001
f 5018 4998 4997
f 5018 5020 4998
f 4179 5001 4180
f 4179 4207 5001
f 5002 4208 5019
f 5002 4207 4208
f 5024 5018 5019
f 5024 5023 5018
f 5024 5030 5025
f 5024 5029 5030
f 4214 4208 4205
f 4214 5029 4208
f 5016 5012 5017
f 5016 5011 5012
f 5013 5034 5012
f 5013 5037 5034
f 4230 5017 5035
f 4230 4229 5017
f 4189 4229 4228
f 4189 4191 4229
f 5034 5036 5033
f 5034 5037 5036
f 5033 5045 5035
f 5033 5041 5045
f 4233 5046 4234
f 4233 5045 5046
f 4230 4231 4228
f 4230 4233 4231
f 5048 5025 5031
f 5048 5027 5025
f 4213 5030 4214
f 4213 4250 5030
f 5031 4251 5049
f 5031 4250 4251
f 5052 5048 5049
f 5052 5051 5048
f 5052 5057 5053
f 5052 5056 5057
f 4258 4251 4248
f 4258 5056 4251
f 5046 5042 5047
f 5046 5041 5042
f 5043 5066 5042
f 5043 5069 5066
f 4234 4242 4232
f 4234 4271 4242
f 4264 5047 5067
f 4264 4263 5047
f 4272 4263 4264
f 4272 4271 4263
f 5066 5068 5065
f 5066 5069 5068
f 5065 5079 5067
f 5065 5076 5079
f 4266 5080 4267
f 4266 5079 5080
f 4270 4266 4265
f 4270 4272 4266
f 5082 5053 5062
f 5082 5055 5053
f 4257 5057 4258
f 4257 4287 5057
f 5062 4288 5083
f 5062 4287 4288
f 5088 5082 5083
f 5088 5087 5082
f 5088 5095 5089
f 5088 5094 5095
f 4296 4288 4285
f 4296 5094 4288
f 5080 5077 5081
f 5080 5076 5077
f 5078 5103 5077
f 5078 5106 5103
f 4267 4279 4265
f 4267 4316 4279
f 4309 5081 5104
f 4309 4308 5081
f 4317 4308 4309
f 4317 4316 4308
f 5103 5105 5102
f 5103 5106 5105
f 5102 5116 5104
f 5102 5112 5116
f 4311 5117 4312
f 4311 5116 5117
f 4315 4311 4310
f 4315 4317 4311
f 5096 4336 5085
f 5096 4337 4336
f 4292 4337 4296
f 4292 4295 4337
f 5121 4336 4338
f 5121 5085 4336
f 5124 5125 5123
f 5124 5131 5125
f 5132 5121 5122
f 5132 5124 5121
f 5129 4340 4341
f 5129 5122 4340
f 4334 4340 4338
f 4334 4335 4340
f 5091 5095 5096
f 5091 5089 5095
f 5123 5092 5091
f 5123 5126 5092
f 5117 5113 5118
f 5117 5112 5113
f 5114 5136 5113
f 5114 5137 5136
f 5119 5136 5144
f 5119 5118 5136
f 4312 4324 4310
f 4312 4352 4324
f 4351 5119 4357
f 4351 4352 5119
f 5144 5141 5146
f 5144 5140 5141
f 5149 5146 5148
f 5149 5147 5146
f 4356 5147 4359
f 4356 4357 5147
f 5132 5130 5133
f 5132 5129 5130
f 5133 5154 5134
f 5133 5153 5154
f 4329 4341 4328
f 4329 4376 4341
f 4378 4377 4379
f 4378 4376 4377
f 5156 4378 4379
f 5156 5130 4378
f 5155 5156 5157
f 5155 5153 5156
f 5157 5163 5162
f 5157 5158 5163
f 4381 4369 4372
f 4381 4377 4369
f 5163 4381 4382
f 5163 5158 4381
f 5170 5148 5151
f 5170 5150 5148
f 4391 5149 5150
f 4391 4389 5149
f 4359 4362 4358
f 4359 4389 4362
f 5174 5171 5176
f 5174 5170 5171
f 5178 5175 5174
f 5178 5180 5175
f 4391 5183 4392
f 4391 5175 5183
f 4396 5184 4397
f 4396 5183 5184
f 4392 4393 4388
f 4392 4396 4393
f 5162 5196 5166
f 5162 5165 5196
f 5165 5195 5196
f 5165 5164 5195
f 4373 4382 4372
f 4373 4420 4382
f 5164 4410 4411
f 5164 4420 4410
f 5188 5198 5195
f 5188 5190 5198
f 5188 5194 5189
f 5188 5193 5194
f 4419 4411 4409
f 4419 5193 4411
f 5184 5181 5185
f 5184 5180 5181
f 5182 5203 5181
f 5182 5204 5203
f 5186 5203 5212
f 5186 5185 5203
f 4397 4403 4395
f 4397 4438 4403
f 4437 5186 4443
f 4437 4438 5186
f 5212 5210 5214
f 5212 5209 5210
f 5217 5214 5216
f 5217 5215 5214
f 4442 5215 4445
f 4442 4443 5215
f 4415 4482 4419
f 4415 4418 4482
f 5230 5238 5237
f 5230 5231 5238
f 5246 5240 5245
f 5246 5241 5240
f 5240 5239 5238
f 5240 5242 5239
f 4473 4485 4469
f 4473 5237 4485
f 4479 4485 4483
f 4479 4480 4485
f 5242 4483 5239
f 5242 4484 4483
f 5243 5189 5201
f 5243 5191 5189
f 4484 5194 4482
f 4484 5201 5194
f 5246 5243 5241
f 5246 5247 5243
f 5220 5222 5219
f 5220 5223 5222
f 5224 5216 5219
f 5224 5217 5216
f 4445 4449 4444
f 4445 4487 4449
f 5223 5253 5222
f 5223 5254 5253
f 5226 5253 5260
f 5226 5225 5253
f 4487 5225 4488
f 4487 5224 5225
f 4450 4488 4490
f 4450 4449 4488
f 4489 5226 4495
f 4489 4490 5226
f 5263 5260 5261
f 5263 5262 5260
f 5266 5264 5263
f 5266 5269 5264
f 5264 4495 5262
f 5264 4496 4495
f 5275 5269 5270
f 5275 5274 5269
f 4496 4498 4494
f 4496 5274 4498
f 4500 4498 4506
f 4500 4497 4498
f 4506 5277 4507
f 4506 5275 5277
f 5312 5307 5311
f 5312 5308 5307
f 4569 5307 4570
f 4569 5305 5307
f 4572 4570 4582
f 4572 4568 4570
f 5308 4578 4582
f 5308 4580 4578
f 5228 5324 5325
f 5228 5227 5324
f 4586 5227 4589
f 4586 4588 5227
f 5235 4589 5228
f 5235 4590 4589
f 5317 5326 5324
f 5317 5319 5326
f 5309 5317 5310
f 5309 5316 5317
f 5327 5326 5328
f 5327 5325 5326
f 4581 5309 5310
f 4581 4580 5309
f 4581 4583 4579
f 4581 4588 4583
f 5232 5234 5235
f 5232 5230 5234
f 5327 5233 5232
f 5327 5330 5233
f 4471 5234 4473
f 4471 4590 5234
f 5270 5278 5276
f 5270 5273 5278
f 5280 5281 5279
f 5280 5282 5281
f 5283 5276 5279
f 5283 5277 5276
f 4507 4511 4505
f 4507 4596 4511
f 5282 5339 5281
f 5282 5340 5339
f 5285 5339 5348
f 5285 5284 5339
f 4596 5284 4597
f 4596 5283 5284
f 4512 4597 4598
f 4512 4511 4597
f 4519 4598 4599
f 4519 4517 4598
f 5350 4599 5285
f 5350 4602 4599
f 5351 5348 5349
f 5351 5350 5348
f 5356 5351 5355
f 5356 5352 5351
f 5286 4602 5354
f 5286 4601 4602
f 4523 4601 4604
f 4523 4522 4601
f 4603 5286 4609
f 4603 4604 5286
f 5352 5361 5354
f 5352 5359 5361
f 5364 5361 5362
f 5364 5363 5361
f 5368 5364 5367
f 5368 5365 5364
f 5366 4609 5363
f 5366 4610 4609
f 5372 5376 5378
f 5372 5371 5376
f 5366 5372 5375
f 5366 5365 5372
f 5384 5380 5383
f 5384 5381 5380
f 5380 5379 5378
f 5380 5382 5379
f 4610 4612 4608
f 4610 5375 4612
f 4614 4612 4623
f 4614 4611 4612
f 5379 4620 4623
f 5379 4622 4620
f 5388 5392 5394
f 5388 5387 5392
f 5382 5388 5391
f 5382 5381 5388
f 5401 5396 5400
f 5401 5397 5396
f 5396 5395 5394
f 5396 5398 5395
f 4622 4625 4621
f 4622 5391 4625
f 4628 4625 4635
f 4628 4624 4625
f 5395 4630 4635
f 5395 4633 4630
f 5288 5406 5407
f 5288 5287 5406
f 5287 4632 4634
f 5287 4636 4632
f 4547 4636 4637
f 4547 4545 4636
f 5294 4637 5288
f 5294 4638 4637
f 5397 5406 5399
f 5397 5404 5406
f 5409 5408 5410
f 5409 5407 5408
f 4634 5398 5399
f 4634 4633 5398
f 5291 5293 5294
f 5291 5290 5293
f 5409 5292 5291
f 5409 5412 5292
f 5290 5298 5296
f 5290 5292 5298
f 5300 5302 5299
f 5300 5303 5302
f 5306 5296 5299
f 5306 5297 5296
f 4567 4551 4552
f 4567 4564 4551
f 4550 5293 4552
f 4550 4638 5293
f 4566 5297 4639
f 4566 4567 5297
f 4562 4639 4569
f 4562 4566 4639
f 5302 5305 5306
f 5302 5301 5305
f 5301 5313 5311
f 5301 5304 5313
f 5315 5320 5314
f 5315 5321 5320
f 5320 5312 5314
f 5320 5316 5312
f 4262 4182 4302
f 4262 4181 4182
f 4261 4304 4297
f 4261 4262 4304
f 4303 4304 4302
f 4303 4306 4304
f 4385 4422 4384
f 4385 4424 4422
f 4385 4299 4430
f 4385 4298 4299
f 4299 4305 4428
f 4299 4297 4305
f 4429 4305 4307
f 4429 4428 4305
f 4432 4426 4424
f 4432 4433 4426
f 4431 4432 4430
f 4431 4434 4432
f 5426 4434 5428
f 5426 4433 4434
f 4423 4642 4640
f 4423 4427 4642
f 4642 4643 4641
f 4642 4645 4643
f 5433 4645 5431
f 5433 4646 4645
f 4427 4647 4648
f 4427 4426 4647
f 4647 5432 4648
f 4647 5427 5432
f 5426 5440 5427
f 5426 5430 5440
f 5432 5435 5431
f 5432 5439 5435
f 5439 5437 5435
f 5439 5441 5437
f 4644 5434 4656
f 4644 4646 5434
f 4656 4657 4655
f 4656 5445 4657
f 5433 5446 5434
f 5433 5438 5446
f 5448 5445 5446
f 5448 5447 5445
f 5453 5450 5448
f 5453 5454 5450
f 5436 5444 5443
f 5436 5437 5444
f 5443 5438 5436
f 5443 5456 5438
f 5457 5454 5453
f 5457 5458 5454
f 5541 5551 5542
f 5541 5550 5551
f 5561 5558 5564
f 5561 5557 5558
f 5558 5542 5559
f 5558 5541 5542
f 5566 5561 5567
f 5566 5560 5561
f 5565 5567 5564
f 5565 5569 5567
f 5563 4746 4747
f 5563 5559 4746
f 4761 4747 4742
f 4761 5563 4747
f 4757 5565 4761
f 4757 4759 5565
f 5467 5570 5468
f 5467 5566 5570
f 5471 5570 5571
f 5471 5470 5570
f 5478 5475 5474
f 5478 5479 5475
f 5473 5472 5474
f 5473 5470 5472
f 5471 4765 4777
f 5471 4767 4765
f 4777 5483 5472
f 4777 4778 5483
f 5569 4760 5571
f 5569 4759 4760
f 4762 4760 4758
f 4762 4767 4760
f 5482 5478 5483
f 5482 5477 5478
f 5487 5477 5485
f 5487 5480 5477
f 5492 5489 5488
f 5492 5493 5489
f 5485 5497 5488
f 5485 5486 5497
f 4705 4713 4706
f 4705 4710 4713
f 5482 4704 4706
f 5482 4778 4704
f 5486 4712 4779
f 5486 4713 4712
f 5496 5492 5497
f 5496 5491 5492
f 5501 5491 5499
f 5501 5494 5491
f 5505 5503 5502
f 5505 5506 5503
f 5499 5508 5502
f 5499 5500 5508
f 4716 4726 4717
f 4716 4723 4726
f 5496 4715 4717
f 5496 4779 4715
f 5500 4725 4782
f 5500 4726 4725
f 5510 5505 5509
f 5510 5507 5505
f 5516 5515 5514
f 5516 5517 5515
f 5513 5512 5514
f 5513 5510 5512
f 5509 4782 4783
f 5509 5508 4782
f 4783 4787 5511
f 4783 4781 4787
f 4795 5511 4794
f 4795 5512 5511
f 4787 4792 4794
f 4787 4786 4792
f 5521 5516 5520
f 5521 5518 5516
f 5582 5522 5584
f 5582 5521 5522
f 5523 5585 5524
f 5523 5582 5585
f 4797 5520 4795
f 4797 5522 5520
f 4798 4797 4793
f 4798 4802 4797
f 4802 4809 4811
f 4802 4801 4809
f 4811 5588 5584
f 4811 4812 5588
f 5594 5585 5587
f 5594 5590 5585
f 5595 5587 5589
f 5595 5594 5587
f 5595 5599 5596
f 5595 5598 5599
f 5599 5603 5602
f 5599 5600 5603
f 5588 4813 5589
f 5588 4812 4813
f 4814 4813 4810
f 4814 4818 4813
f 4818 4822 4823
f 4818 4817 4822
f 4823 5601 5598
f 4823 4824 5601
f 4824 4826 4831
f 4824 4822 4826
f 5608 5611 5612
f 5608 5607 5611
f 5607 5601 5610
f 5607 5600 5601
f 5611 4831 4832
f 5611 5610 4831
f 5637 5627 5636
f 5637 5628 5627
f 5639 5645 5644
f 5639 5640 5645
f 5638 5639 5637
f 5638 5641 5639
f 4863 4846 4843
f 4863 5636 4846
f 4857 5638 4863
f 4857 4860 5638
f 5548 5642 5643
f 5548 5547 5642
f 5552 5549 5553
f 5552 5547 5549
f 5549 5551 5553
f 5549 5546 5551
f 4859 5548 4861
f 4859 4864 5548
f 4864 4739 4865
f 4864 4737 4739
f 4739 5546 4865
f 4739 4740 5546
f 4740 4744 4746
f 4740 4739 4744
f 5642 5645 5640
f 5642 5646 5645
f 5641 4861 5643
f 5641 4860 4861
f 5618 5616 5615
f 5618 5619 5616
f 5612 5620 5615
f 5612 5613 5620
f 4830 4839 4832
f 4830 4837 4839
f 5613 4838 4873
f 5613 4839 4838
f 5651 5619 5618
f 5651 5653 5619
f 5621 4873 4874
f 5621 5620 4873
f 5621 4875 5652
f 5621 4874 4875
f 5659 5662 5663
f 5659 5658 5662
f 5658 5651 5652
f 5658 5657 5651
f 4876 4875 4872
f 4876 4879 4875
f 4887 4879 4878
f 4887 5662 4879
f 5459 5451 5450
f 5459 5622 5451
f 5532 5622 5623
f 5532 5531 5622
f 5629 5626 5625
f 5629 5630 5626
f 5691 5625 5626
f 5691 5690 5625
f 4911 5634 5624
f 4911 4912 5634
f 4911 5693 4913
f 4911 5624 5693
f 5695 5683 5694
f 5695 5684 5683
f 5693 5692 5695
f 5693 5690 5692
f 4914 4897 4893
f 4914 5694 4897
f 4914 4900 4913
f 4914 4901 4900
f 5633 5629 5634
f 5633 5627 5629
f 5633 4844 4846
f 5633 4912 4844
f 5669 5667 5666
f 5669 5670 5667
f 5663 5671 5666
f 5663 5664 5671
f 5664 4886 4922
f 5664 4887 4886
f 5701 5670 5669
f 5701 5703 5670
f 5672 4922 4923
f 5672 5671 4922
f 5672 4924 5702
f 5672 4923 4924
f 5709 5712 5713
f 5709 5708 5712
f 5708 5701 5702
f 5708 5707 5701
f 4925 4924 4921
f 4925 4929 4924
f 4936 4929 4928
f 4936 5712 4929
f 4944 5689 5681
f 4944 4945 5689
f 4944 5729 4946
f 4944 5681 5729
f 5729 5728 5730
f 5729 5727 5728
f 5728 5732 5733
f 5728 5727 5732
f 5740 5730 5739
f 5740 5731 5730
f 4952 5740 4953
f 4952 5731 5740
f 4952 4939 4946
f 4952 4940 4939
f 5688 5685 5689
f 5688 5683 5685
f 5686 5732 5685
f 5686 5735 5732
f 5688 4895 4897
f 5688 4945 4895
f 5713 5746 5716
f 5713 5715 5746
f 4936 4955 4960
f 4936 4935 4955
f 5748 4960 4961
f 5748 5715 4960
f 5747 5750 5751
f 5747 5746 5750
f 5756 5748 5749
f 5756 5750 5748
f 5749 4959 4965
f 5749 4961 4959
f 5773 5739 5743
f 5773 5742 5739
f 5772 5742 5773
f 5772 5741 5742
f 4982 4953 4985
f 4982 4951 4953
f 5741 4982 4985
f 5741 4984 4982
f 5775 5764 5772
f 5775 5766 5764
f 5771 5764 5765
f 5771 5770 5764
f 4976 5771 4977
f 4976 5770 5771
f 4983 4976 4974
f 4983 4984 4976
f 5760 5755 5756
f 5760 5758 5755
f 4967 4965 4963
f 4967 4992 4965
f 5779 5759 5758
f 5779 5781 5759
f 5761 4992 4993
f 5761 5760 4992
f 5761 4994 5780
f 5761 4993 4994
f 5786 5779 5780
f 5786 5785 5779
f 5786 5793 5787
f 5786 5792 5793
f 4999 4994 4990
f 4999 5792 4994
f 5677 5536 5674
f 5677 5537 5536
f 5719 5795 5796
f 5719 5718 5795
f 5765 5805 5778
f 5765 5767 5805
f 5009 5778 5806
f 5009 5008 5778
f 4975 5008 5007
f 4975 4977 5008
f 5805 5807 5804
f 5805 5808 5807
f 5804 5816 5806
f 5804 5813 5816
f 5009 5014 5006
f 5009 5816 5014
f 5819 5787 5794
f 5819 5789 5787
f 4998 5793 4999
f 4998 5021 5793
f 5794 5022 5820
f 5794 5021 5022
f 5825 5828 5830
f 5825 5824 5828
f 5824 5819 5820
f 5824 5823 5819
f 5023 5022 5020
f 5023 5028 5022
f 5032 5028 5026
f 5032 5828 5028
f 5814 5812 5847
f 5814 5811 5812
f 5856 5847 5851
f 5856 5848 5847
f 5817 5814 5818
f 5817 5813 5814
f 5817 5013 5014
f 5817 5038 5013
f 5039 5818 5850
f 5039 5038 5818
f 5848 5861 5850
f 5848 5860 5861
f 5039 5044 5036
f 5039 5861 5044
f 5830 5865 5833
f 5830 5832 5865
f 5027 5032 5026
f 5027 5058 5032
f 5060 5059 5061
f 5060 5058 5059
f 5868 5060 5061
f 5868 5832 5060
f 5867 5868 5869
f 5867 5865 5868
f 5869 5874 5873
f 5869 5870 5874
f 5063 5051 5054
f 5063 5059 5051
f 5874 5063 5064
f 5874 5870 5063
f 4690 5836 5837
f 4690 4689 5836
f 5801 5723 5799
f 5801 5724 5723
f 5863 5856 5857
f 5863 5860 5856
f 5891 5857 5858
f 5891 5890 5857
f 5893 5892 5894
f 5893 5890 5892
f 5899 5894 5898
f 5899 5895 5894
f 5895 5071 5893
f 5895 5072 5071
f 5074 5072 5075
f 5074 5068 5072
f 5862 5043 5044
f 5862 5070 5043
f 5862 5071 5070
f 5862 5863 5071
f 5873 5908 5876
f 5873 5875 5908
f 5055 5064 5054
f 5055 5097 5064
f 5099 5098 5100
f 5099 5097 5098
f 5911 5099 5100
f 5911 5875 5099
f 5904 5913 5912
f 5904 5905 5913
f 5910 5911 5913
f 5910 5908 5911
f 5093 5101 5090
f 5093 5912 5101
f 5101 5087 5090
f 5101 5098 5087
f 5920 5898 5901
f 5920 5900 5898
f 5109 5899 5900
f 5109 5107 5899
f 5075 5078 5074
f 5075 5107 5078
f 5923 5921 5925
f 5923 5920 5921
f 5928 5924 5923
f 5928 5930 5924
f 5109 5933 5110
f 5109 5924 5933
f 5110 5115 5105
f 5110 5933 5115
f 5936 5904 5917
f 5936 5906 5904
f 5917 5128 5937
f 5917 5127 5128
f 5127 5092 5126
f 5127 5093 5092
f 5943 5936 5937
f 5943 5942 5936
f 5943 5951 5944
f 5943 5950 5951
f 5135 5128 5125
f 5135 5950 5128
f 5840 5845 5838
f 5840 5887 5845
f 5836 5881 5837
f 5836 5845 5881
f 5840 5886 5887
f 5840 5839 5886
f 5934 5931 5935
f 5934 5930 5931
f 5932 5958 5931
f 5932 5961 5958
f 5934 5114 5115
f 5934 5138 5114
f 5139 5935 5959
f 5139 5138 5935
f 5958 5960 5957
f 5958 5961 5960
f 5957 5971 5959
f 5957 5967 5971
f 5142 5972 5143
f 5142 5971 5972
f 5139 5140 5137
f 5139 5142 5140
f 5952 5159 5940
f 5952 5160 5159
f 5131 5160 5135
f 5131 5134 5160
f 5976 5159 5161
f 5976 5940 5159
f 5979 5980 5978
f 5979 5987 5980
f 5988 5976 5977
f 5988 5979 5976
f 5985 5167 5168
f 5985 5977 5167
f 5154 5167 5161
f 5154 5155 5167
f 5946 5951 5952
f 5946 5944 5951
f 5978 5947 5946
f 5978 5981 5947
f 5972 5968 5973
f 5972 5967 5968
f 5969 5996 5968
f 5969 5997 5996
f 5974 5996 6001
f 5974 5973 5996
f 5143 5151 5141
f 5143 5172 5151
f 5171 5974 5177
f 5171 5172 5974
f 6001 6000 6004
f 6001 5999 6000
f 6008 6004 6007
f 6008 6005 6004
f 5176 6005 5179
f 5176 5177 6005
f 5988 5986 5989
f 5988 5985 5986
f 5989 6018 5990
f 5989 6017 6018
f 5168 5197 5199
f 5168 5166 5197
f 6020 5199 5200
f 6020 5986 5199
f 6013 6022 6021
f 6013 6014 6022
f 6019 6020 6022
f 6019 6017 6020
f 5192 5202 5190
f 5192 6021 5202
f 5197 5202 5200
f 5197 5198 5202
f 6029 6007 6010
f 6029 6009 6007
f 5207 6008 6009
f 5207 5205 6008
f 5179 5182 5178
f 5179 5205 5182
f 6032 6030 6035
f 6032 6029 6030
f 6036 6032 6035
f 6036 6033 6032
f 6045 6042 6046
f 6045 6041 6042
f 6034 6041 6044
f 6034 6033 6041
f 5207 6044 5208
f 5207 6034 6044
f 5208 5209 5204
f 5208 5211 5209
f 5211 5221 5210
f 5211 6045 5221
f 6069 6056 6057
f 6069 6068 6056
f 6064 5251 5252
f 6064 6055 5251
f 6055 5245 5251
f 6055 5249 5245
f 6058 6013 6026
f 6058 6015 6013
f 6026 5250 6059
f 6026 5248 5250
f 5248 5191 5247
f 5248 5192 5191
f 6060 6058 6056
f 6060 6061 6058
f 5250 6057 6059
f 5250 5249 6057
f 5888 5882 5881
f 5888 5955 5882
f 4681 4689 4688
f 4681 4682 4689
f 6052 6046 6049
f 6052 6047 6046
f 6076 6049 6048
f 6076 6077 6049
f 5220 6047 5255
f 5220 5221 6047
f 5255 6053 5256
f 5255 6052 6053
f 5257 6053 6079
f 5257 5256 6053
f 6090 6087 6091
f 6090 6086 6087
f 6085 6077 6081
f 6085 6078 6077
f 6078 6086 6079
f 6078 6085 6086
f 5257 5258 5254
f 5257 5259 5258
f 5261 5259 5267
f 5261 5258 5259
f 5267 6092 5268
f 5267 6090 6092
f 6110 6120 6119
f 6110 6111 6120
f 6128 6122 6127
f 6128 6123 6122
f 6122 6121 6120
f 6122 6124 6121
f 5323 5333 5319
f 5323 6119 5333
f 6121 5328 5333
f 6121 5331 5328
f 6125 6066 6126
f 6125 6065 6066
f 6067 6070 6071
f 6067 6065 6070
f 6069 6067 6071
f 6069 6064 6067
f 5233 5252 5231
f 5233 5334 5252
f 6066 5330 5332
f 6066 5334 5330
f 6128 6125 6123
f 6128 6129 6125
f 5332 6124 6126
f 5332 5331 6124
f 6095 6097 6094
f 6095 6098 6097
f 6100 6091 6094
f 6100 6092 6091
f 5268 5272 5266
f 5268 5336 5272
f 6097 6102 6101
f 6097 6099 6102
f 6103 6137 6140
f 6103 6102 6137
f 5336 6101 5337
f 5336 6100 6101
f 5273 5337 5338
f 5273 5272 5337
f 5280 5338 5341
f 5280 5278 5338
f 6140 5341 6103
f 6140 5344 5341
f 6141 6138 6144
f 6141 6137 6138
f 6145 6141 6144
f 6145 6142 6141
f 6149 6152 6154
f 6149 6148 6152
f 6143 6149 6151
f 6143 6142 6149
f 6159 6157 6156
f 6159 6162 6157
f 6156 6155 6154
f 6156 6157 6155
f 5344 6151 5345
f 5344 6143 6151
f 5345 5346 5340
f 5345 5347 5346
f 5349 5347 5358
f 5349 5346 5347
f 6155 5355 5358
f 6155 5357 5355
f 6169 6162 6163
f 6169 6168 6162
f 5357 5360 5356
f 5357 6168 5360
f 5362 5360 5369
f 5362 5359 5360
f 5369 6171 5370
f 5369 6169 6171
f 5368 5370 5373
f 5368 5367 5370
f 5373 6182 5374
f 5373 6180 6182
f 5376 5374 5385
f 5376 5371 5374
f 5385 6184 5386
f 5385 6182 6184
f 5384 5386 5389
f 5384 5383 5386
f 6202 6197 6198
f 6202 6201 6197
f 6202 6195 6200
f 6202 6196 6195
f 5389 6195 5390
f 5389 6193 6195
f 5392 5390 5403
f 5392 5387 5390
f 6196 5400 5403
f 6196 5402 5400
f 6208 6212 6214
f 6208 6207 6212
f 6198 6208 6211
f 6198 6197 6208
f 6221 6216 6220
f 6221 6217 6216
f 6216 6215 6214
f 6216 6218 6215
f 5402 5405 5401
f 5402 6211 5405
f 5408 5405 5415
f 5408 5404 5405
f 6215 5410 5415
f 6215 5413 5410
f 6105 5412 5414
f 6105 5416 5412
f 5300 5416 5417
f 5300 5298 5416
f 6228 5417 6105
f 6228 5420 5417
f 6217 6226 6219
f 6217 6224 6226
f 6229 6226 6227
f 6229 6228 6226
f 6234 6229 6233
f 6234 6230 6229
f 5414 6218 6219
f 5414 5413 6218
f 6109 6112 6108
f 6109 6113 6112
f 6107 6239 6240
f 6107 6106 6239
f 6108 6241 6109
f 6108 6240 6241
f 6106 5420 6232
f 6106 5419 5420
f 5304 5419 5421
f 5304 5303 5419
f 5315 5421 5422
f 5315 5313 5421
f 6117 5422 6107
f 6117 5423 5422
f 6230 6239 6232
f 6230 6238 6239
f 6112 6116 6117
f 6112 6110 6116
f 5321 6116 5323
f 5321 5423 6116
f 6163 6172 6170
f 6163 6166 6172
f 6174 6177 6173
f 6174 6178 6177
f 6181 6170 6173
f 6181 6171 6170
f 6177 6180 6181
f 6177 6176 6180
f 6176 6185 6183
f 6176 6179 6185
f 6187 6189 6186
f 6187 6190 6189
f 6194 6183 6186
f 6194 6184 6183
f 6189 6193 6194
f 6189 6188 6193
f 6188 6203 6200
f 6188 6191 6203
f 4691 4700 4701
f 4691 4690 4700
f 4687 4701 4698
f 4687 4691 4701
f 5880 4702 4700
f 5880 5884 4702
f 5882 5885 5880
f 5882 5992 5885
f 6280 6285 6286
f 6280 6279 6285
f 6283 6279 6277
f 6283 6285 6279
f 6340 6333 6339
f 6340 6334 6333
f 6342 6348 6347
f 6342 6343 6348
f 6341 6342 6340
f 6341 6344 6342
f 5556 6339 5555
f 5556 6341 6339
f 5550 5544 5556
f 5550 5543 5544
f 6255 6345 6346
f 6255 6254 6345
f 6261 6259 6258
f 6261 6262 6259
f 6257 6256 6258
f 6257 6254 6256
f 6255 5560 5572
f 6255 5562 5560
f 5572 6266 6256
f 5572 5573 6266
f 6345 6348 6343
f 6345 6349 6348
f 6344 5545 6346
f 6344 5544 5545
f 5557 5545 5543
f 5557 5562 5545
f 6265 6261 6266
f 6265 6260 6261
f 6273 6260 6270
f 6273 6263 6260
f 6270 6284 6274
f 6270 6271 6284
f 6284 6272 6274
f 6284 6277 6272
f 5468 5476 5469
f 5468 5473 5476
f 6265 5467 5469
f 6265 5573 5467
f 6271 5475 5574
f 6271 5476 5475
f 6293 6290 6289
f 6293 6294 6290
f 6286 6298 6289
f 6286 6287 6298
f 5480 5490 5481
f 5480 5487 5490
f 6283 5479 5481
f 6283 5574 5479
f 6287 5489 5575
f 6287 5490 5489
f 6297 6293 6298
f 6297 6292 6293
f 6302 6292 6300
f 6302 6295 6292
f 6306 6304 6303
f 6306 6307 6304
f 6300 6309 6303
f 6300 6301 6309
f 5494 5504 5495
f 5494 5501 5504
f 6297 5493 5495
f 6297 5575 5493
f 6301 5503 5576
f 6301 5504 5503
f 6311 6306 6310
f 6311 6308 6306
f 6317 6316 6315
f 6317 6318 6316
f 6314 6313 6315
f 6314 6311 6313
f 6310 5576 5577
f 6310 6309 5576
f 5577 5507 5578
f 5577 5506 5507
f 5578 5515 5579
f 5578 5513 5515
f 5579 6320 6313
f 5579 5580 6320
f 6322 6317 6321
f 6322 6319 6317
f 6328 6327 6326
f 6328 6329 6327
f 6325 6324 6326
f 6325 6322 6324
f 6321 5580 5581
f 6321 6320 5580
f 5581 5518 5583
f 5581 5517 5518
f 5583 5524 5591
f 5583 5523 5524
f 5591 6330 6324
f 5591 5592 6330
f 6366 6329 6328
f 6366 6367 6329
f 6366 6332 6373
f 6366 6331 6332
f 6331 5592 5593
f 6331 6330 5592
f 5593 5597 6332
f 5593 5590 5597
f 6373 6377 6374
f 6373 6376 6377
f 6377 6381 6380
f 6377 6378 6381
f 5597 5602 5604
f 5597 5596 5602
f 5604 6379 6376
f 5604 5605 6379
f 6386 6389 6390
f 6386 6385 6389
f 6385 6379 6388
f 6385 6378 6379
f 5609 5605 5603
f 5609 6388 5605
f 5617 5609 5608
f 5617 6389 5609
f 6411 6402 6410
f 6411 6403 6402
f 6413 6419 6418
f 6413 6414 6419
f 6412 6413 6411
f 6412 6415 6413
f 5650 5632 5628
f 5650 6410 5632
f 5644 6412 5650
f 5644 5648 6412
f 6333 6416 6352
f 6333 6335 6416
f 5538 5555 5539
f 5538 5552 5555
f 5649 6352 6417
f 5649 5647 6352
f 5538 5647 5646
f 5538 5539 5647
f 6416 6419 6414
f 6416 6420 6419
f 6415 5649 6417
f 6415 5648 5649
f 6396 6394 6393
f 6396 6397 6394
f 6390 6398 6393
f 6390 6391 6398
f 6391 5616 5654
f 6391 5617 5616
f 6425 6397 6396
f 6425 6427 6397
f 6399 5654 5655
f 6399 6398 5654
f 6399 5656 6426
f 6399 5655 5656
f 6434 6437 6438
f 6434 6433 6437
f 6433 6425 6426
f 6433 6432 6425
f 5657 5656 5653
f 5657 5660 5656
f 5668 5660 5659
f 5668 6437 5660
f 5697 6408 6400
f 5697 5698 6408
f 5697 6453 5699
f 5697 6400 6453
f 6455 6446 6454
f 6455 6447 6446
f 6453 6452 6455
f 6453 6451 6452
f 6452 6457 6458
f 6452 6451 6457
f 5700 5687 5684
f 5700 6454 5687
f 5700 5691 5699
f 5700 5692 5691
f 6407 6404 6408
f 6407 6402 6404
f 6405 6457 6404
f 6405 6460 6457
f 6407 5630 5632
f 6407 5698 5630
f 6438 6444 6441
f 6438 6439 6444
f 6441 6466 6440
f 6441 6467 6466
f 6439 5667 5704
f 6439 5668 5667
f 6445 5704 5705
f 6445 6444 5704
f 6445 5706 6469
f 6445 5705 5706
f 6477 6480 6481
f 6477 6476 6480
f 6467 6475 6471
f 6467 6468 6475
f 6476 6468 6469
f 6476 6475 6468
f 5707 5706 5703
f 5707 5710 5706
f 5717 5710 5709
f 5717 6480 5710
f 6487 6500 6488
f 6487 6499 6500
f 5744 6496 5745
f 5744 6486 6496
f 5733 6486 5744
f 5733 5737 6486
f 6446 6489 6464
f 6446 6448 6489
f 5738 6464 6490
f 5738 5736 6464
f 5686 5736 5735
f 5686 5687 5736
f 6489 6491 6487
f 6489 6492 6491
f 6488 5738 6490
f 6488 5737 5738
f 6481 6504 6484
f 6481 6483 6504
f 5717 5747 5752
f 5717 5716 5747
f 6506 5752 5753
f 6506 6483 5752
f 6505 6508 6509
f 6505 6504 6508
f 6514 6506 6507
f 6514 6508 6506
f 6507 5751 5757
f 6507 5753 5751
f 6498 6500 6501
f 6498 6496 6500
f 6530 6498 6531
f 6530 6497 6498
f 6532 6501 6502
f 6532 6531 6501
f 5774 5745 5777
f 5774 5743 5745
f 6497 5774 5777
f 6497 5776 5774
f 6533 6522 6530
f 6533 6524 6522
f 6529 6522 6523
f 6529 6528 6522
f 5768 6529 5769
f 5768 6528 6529
f 5775 5768 5766
f 5775 5776 5768
f 6518 6513 6514
f 6518 6516 6513
f 5759 5757 5755
f 5759 5782 5757
f 6537 6517 6516
f 6537 6539 6517
f 6519 5782 5783
f 6519 6518 5782
f 6519 5784 6538
f 6519 5783 5784
f 6544 6537 6538
f 6544 6543 6537
f 6544 6550 6545
f 6544 6549 6550
f 6550 5790 5791
f 6550 6549 5790
f 5785 5784 5781
f 5785 5790 5784
f 6523 6556 6536
f 6523 6525 6556
f 5810 6536 6557
f 5810 5809 6536
f 5767 5809 5808
f 5767 5769 5809
f 6556 6558 6555
f 6556 6559 6558
f 6555 6568 6557
f 6555 6566 6568
f 5810 5815 5807
f 5810 6568 5815
f 6546 6552 6554
f 6546 6545 6552
f 6573 6553 6577
f 6573 6552 6553
f 5822 5789 5821
f 5822 5791 5789
f 5822 5827 6553
f 5822 5821 5827
f 6575 6577 6578
f 6575 6573 6577
f 6578 6582 6581
f 6578 6579 6582
f 5834 5823 5825
f 5834 5827 5823
f 6582 5834 5835
f 6582 6579 5834
f 6570 6563 6564
f 6570 6566 6563
f 6588 6564 6565
f 6588 6587 6564
f 5852 6570 6562
f 5852 5853 6570
f 5853 5811 5815
f 5853 5812 5811
f 5852 6589 5854
f 5852 6562 6589
f 6591 6588 6592
f 6591 6587 6588
f 6589 6600 6590
f 6589 6591 6600
f 5851 6590 5859
f 5851 5854 6590
f 6581 6604 6584
f 6581 6583 6604
f 5835 5866 5871
f 5835 5833 5866
f 6606 5871 5872
f 6606 6583 5871
f 6605 6608 6609
f 6605 6604 6608
f 6615 6606 6607
f 6615 6608 6606
f 6612 5877 5878
f 6612 6607 5877
f 5866 5877 5872
f 5866 5867 5877
f 6598 6600 6601
f 6598 6597 6600
f 6621 6601 6602
f 6621 6620 6601
f 5858 6597 5896
f 5858 5859 6597
f 5896 6623 5897
f 5896 6598 6623
f 6623 6622 6624
f 6623 6620 6622
f 6629 6624 6628
f 6629 6625 6624
f 5902 6629 5903
f 5902 6625 6629
f 5902 5891 5897
f 5902 5892 5891
f 6615 6613 6616
f 6615 6612 6613
f 6616 6636 6617
f 6616 6635 6636
f 5878 5909 5915
f 5878 5876 5909
f 6638 5915 5916
f 6638 6613 5915
f 6637 6638 6639
f 6637 6635 6638
f 6639 6644 6643
f 6639 6640 6644
f 6644 5918 5919
f 6644 6640 5918
f 5909 5918 5916
f 5909 5910 5918
f 6650 6628 6631
f 6650 6630 6628
f 5921 5903 5926
f 5921 5901 5903
f 5926 6652 5927
f 5926 6630 6652
f 6654 6651 6655
f 6654 6650 6651
f 6652 6661 6653
f 6652 6654 6661
f 5925 6653 5929
f 5925 5927 6653
f 6643 6676 6647
f 6643 6646 6676
f 6646 6675 6676
f 6646 6645 6675
f 5906 5919 5905
f 5906 5953 5919
f 6645 5938 5939
f 6645 5953 5938
f 6667 6678 6675
f 6667 6669 6678
f 6667 6674 6668
f 6667 6673 6674
f 6674 5948 5949
f 6674 6673 5948
f 5942 5939 5938
f 5942 5948 5939
f 6659 6661 6662
f 6659 6658 6661
f 6683 6662 6663
f 6683 6682 6662
f 5964 6658 6659
f 5964 5962 6658
f 5929 5932 5928
f 5929 5962 5932
f 6685 6683 6687
f 6685 6682 6683
f 6692 6686 6685
f 6692 6693 6686
f 5964 6697 5965
f 5964 6686 6697
f 5965 5970 5960
f 5965 6697 5970
f 6714 6702 6703
f 6714 6713 6702
f 5983 5987 5991
f 5983 5980 5987
f 6704 6668 6681
f 6704 6670 6668
f 6681 5984 6705
f 6681 5982 5984
f 5982 5947 5981
f 5982 5949 5947
f 6706 6704 6702
f 6706 6707 6704
f 5984 6703 6705
f 5984 5983 6703
f 6698 6694 6699
f 6698 6693 6694
f 6695 6718 6694
f 6695 6719 6718
f 6700 6718 6723
f 6700 6699 6718
f 6698 5969 5970
f 6698 5998 5969
f 6002 5998 6700
f 6002 5997 5998
f 6723 6722 6726
f 6723 6721 6722
f 6730 6726 6729
f 6730 6727 6726
f 5999 6011 6000
f 5999 6002 6011
f 6011 6730 6012
f 6011 6727 6730
f 6714 6712 6715
f 6714 6711 6712
f 6715 6741 6716
f 6715 6740 6741
f 6711 5990 6024
f 6711 5991 5990
f 6743 6024 6025
f 6743 6712 6024
f 6742 6743 6744
f 6742 6740 6743
f 6744 6749 6748
f 6744 6745 6749
f 6749 6027 6028
f 6749 6745 6027
f 6018 6027 6025
f 6018 6019 6027
f 6754 6729 6732
f 6754 6731 6729
f 6756 6732 6733
f 6756 6754 6732
f 6030 6012 6037
f 6030 6010 6012
f 6037 6755 6038
f 6037 6731 6755
f 6759 6038 6755
f 6759 6039 6038
f 6769 6766 6770
f 6769 6765 6766
f 6756 6764 6758
f 6756 6760 6764
f 6759 6765 6768
f 6759 6758 6765
f 6039 6043 6036
f 6039 6768 6043
f 6043 6050 6042
f 6043 6769 6050
f 6791 6777 6778
f 6791 6790 6777
f 6062 6068 6073
f 6062 6060 6068
f 6750 6737 6748
f 6750 6738 6737
f 6779 6751 6780
f 6779 6750 6751
f 6015 6028 6014
f 6015 6074 6028
f 6751 6061 6063
f 6751 6074 6061
f 6781 6779 6777
f 6781 6782 6779
f 6063 6778 6780
f 6063 6062 6778
f 6796 6770 6773
f 6796 6772 6770
f 6076 6050 6082
f 6076 6048 6050
f 6082 6798 6083
f 6082 6772 6798
f 6799 6797 6802
f 6799 6796 6797
f 6803 6799 6802
f 6803 6800 6799
f 6801 6083 6798
f 6801 6084 6083
f 6813 6810 6814
f 6813 6809 6810
f 6801 6809 6812
f 6801 6800 6809
f 6084 6088 6081
f 6084 6812 6088
f 6088 6096 6087
f 6088 6813 6096
f 6845 6835 6836
f 6845 6844 6835
f 6845 6833 6843
f 6845 6834 6833
f 6115 6132 6111
f 6115 6833 6132
f 6834 6127 6132
f 6834 6130 6127
f 6837 6788 6838
f 6837 6787 6788
f 6789 6792 6793
f 6789 6787 6792
f 6791 6789 6793
f 6791 6786 6789
f 6788 6129 6131
f 6788 6133 6129
f 6072 6133 6134
f 6072 6070 6133
f 6786 6072 6134
f 6786 6073 6072
f 6839 6837 6835
f 6839 6840 6837
f 6131 6836 6838
f 6131 6130 6836
f 6818 6820 6817
f 6818 6821 6820
f 6822 6814 6817
f 6822 6815 6814
f 6095 6815 6135
f 6095 6096 6815
f 6821 6852 6820
f 6821 6853 6852
f 6824 6852 6857
f 6824 6823 6852
f 6135 6823 6136
f 6135 6822 6823
f 6099 6136 6139
f 6099 6098 6136
f 6138 6824 6146
f 6138 6139 6824
f 6861 6857 6858
f 6861 6860 6857
f 6865 6861 6864
f 6865 6862 6861
f 6863 6146 6860
f 6863 6147 6146
f 6873 6870 6874
f 6873 6869 6870
f 6863 6869 6872
f 6863 6862 6869
f 6147 6150 6145
f 6147 6872 6150
f 6152 6150 6160
f 6152 6148 6150
f 6160 6875 6161
f 6160 6873 6875
f 6931 6926 6927
f 6931 6930 6926
f 6931 6924 6929
f 6931 6925 6924
f 6209 6924 6210
f 6209 6922 6924
f 6212 6210 6223
f 6212 6207 6210
f 6925 6220 6223
f 6925 6222 6220
f 6937 6941 6943
f 6937 6936 6941
f 6927 6937 6940
f 6927 6926 6937
f 6950 6945 6949
f 6950 6946 6945
f 6945 6944 6943
f 6945 6947 6944
f 6222 6225 6221
f 6222 6940 6225
f 6227 6225 6237
f 6227 6224 6225
f 6944 6233 6237
f 6944 6235 6233
f 6826 6956 6957
f 6826 6825 6956
f 6241 6825 6244
f 6241 6243 6825
f 6832 6244 6826
f 6832 6245 6244
f 6946 6956 6948
f 6946 6953 6956
f 6959 6958 6960
f 6959 6957 6958
f 6236 6947 6948
f 6236 6235 6947
f 6236 6238 6234
f 6236 6243 6238
f 6829 6831 6832
f 6829 6828 6831
f 6959 6830 6829
f 6959 6962 6830
f 6828 6846 6843
f 6828 6830 6846
f 6113 6831 6115
f 6113 6245 6831
f 6878 6881 6877
f 6878 6882 6881
f 6886 6874 6877
f 6886 6875 6874
f 6161 6165 6159
f 6161 6246 6165
f 6881 6885 6886
f 6881 6880 6885
f 6880 6890 6888
f 6880 6883 6890
f 6892 6894 6891
f 6892 6895 6894
f 6897 6888 6891
f 6897 6889 6888
f 6175 6166 6167
f 6175 6172 6166
f 6165 6885 6167
f 6165 6246 6885
f 6174 6889 6247
f 6174 6175 6889
f 6894 6899 6898
f 6894 6896 6899
f 6904 6906 6903
f 6904 6907 6906
f 6901 6902 6903
f 6901 6899 6902
f 6247 6898 6248
f 6247 6897 6898
f 6179 6248 6249
f 6179 6178 6248
f 6187 6249 6250
f 6187 6185 6249
f 6910 6250 6901
f 6910 6251 6250
f 6906 6909 6910
f 6906 6905 6909
f 6905 6914 6912
f 6905 6908 6914
f 6916 6918 6915
f 6916 6919 6918
f 6923 6912 6915
f 6923 6913 6912
f 6206 6191 6192
f 6206 6203 6191
f 6190 6909 6192
f 6190 6251 6909
f 6205 6913 6252
f 6205 6206 6913
f 6201 6252 6209
f 6201 6205 6252
f 6918 6922 6923
f 6918 6917 6922
f 6917 6932 6929
f 6917 6920 6932
f 5465 5527 5464
f 5465 5529 5527
f 5464 5457 5456
f 5464 5527 5457
f 5459 5673 5622
f 5459 5461 5673
f 5623 5673 5675
f 5623 5622 5673
f 5675 5678 5674
f 5675 6985 5678
f 5460 6981 5461
f 5460 5679 6981
f 5460 5528 5679
f 5460 5458 5528
f 5680 5528 5530
f 5680 5679 5528
f 6983 5679 5680
f 6983 6982 5679
f 6985 6990 6987
f 6985 6986 6990
f 6982 6986 6981
f 6982 6992 6986
f 6998 6992 6993
f 6998 6994 6992
f 6994 6991 6990
f 6994 6995 6991
f 5677 6988 5797
f 5677 5678 6988
f 5796 5797 5800
f 5796 5795 5797
f 5800 5802 5799
f 5800 7004 5802
f 6987 6996 6989
f 6987 6991 6996
f 6989 7003 6988
f 6989 7005 7003
f 7003 7007 7004
f 7003 7005 7007
f 7013 7006 7007
f 7013 7008 7006
f 7037 6281 6282
f 7037 7035 6281
f 6291 6282 6280
f 6291 7037 6282
f 5803 7006 7009
f 5803 5802 7006
f 7084 7091 7085
f 7084 7090 7091
f 7082 7091 7088
f 7082 7083 7091
f 6353 6336 6334
f 6353 7082 6336
f 6347 7083 6353
f 6347 6350 7083
f 7098 7018 7099
f 7098 7017 7018
f 6349 7017 6351
f 6349 6354 7017
f 6354 6259 6355
f 6354 6257 6259
f 6355 7024 7018
f 6355 6356 7024
f 7098 7084 7086
f 7098 7095 7084
f 7100 7101 7102
f 7100 7099 7101
f 7085 6351 7086
f 7085 6350 6351
f 7023 7021 7024
f 7023 7020 7021
f 7022 7101 7021
f 7022 7104 7101
f 7028 7020 7026
f 7028 7022 7020
f 7032 7030 7029
f 7032 7033 7030
f 7026 7036 7029
f 7026 7027 7036
f 6263 6276 6264
f 6263 6273 6276
f 7023 6262 6264
f 7023 6356 6262
f 7027 6275 6357
f 7027 6276 6275
f 6357 6272 6281
f 6357 6275 6272
f 7035 7032 7036
f 7035 7031 7032
f 7040 7031 7038
f 7040 7034 7031
f 7044 7042 7041
f 7044 7045 7042
f 7038 7048 7041
f 7038 7039 7048
f 7039 6290 6358
f 7039 6291 6290
f 7047 7044 7048
f 7047 7043 7044
f 7052 7043 7050
f 7052 7046 7043
f 7055 7054 7053
f 7055 7056 7054
f 7050 7058 7053
f 7050 7051 7058
f 6295 6305 6296
f 6295 6302 6305
f 7047 6294 6296
f 7047 6358 6294
f 7051 6304 6359
f 7051 6305 6304
f 7060 7055 7059
f 7060 7057 7055
f 7063 7062 7064
f 7063 7060 7062
f 7064 7123 7063
f 7064 7125 7123
f 7059 6359 6360
f 7059 7058 6359
f 6360 6308 6361
f 6360 6307 6308
f 6361 6316 6362
f 6361 6314 6316
f 6362 7066 7062
f 6362 6363 7066
f 7126 7068 7133
f 7126 7067 7068
f 7067 6363 6364
f 7067 7066 6363
f 6364 6319 6365
f 6364 6318 6319
f 6365 6327 6368
f 6365 6325 6327
f 6368 7136 7068
f 6368 6371 7136
f 7125 7132 7128
f 7125 7126 7132
f 7133 7137 7134
f 7133 7136 7137
f 7137 7142 7141
f 7137 7138 7142
f 6371 7069 7140
f 6371 6370 7069
f 6370 6375 7069
f 6370 6367 6375
f 7147 7138 7140
f 7147 7145 7138
f 7147 7150 7148
f 7147 7149 7150
f 7151 7153 7150
f 7151 7156 7153
f 6375 6380 6382
f 6375 6374 6380
f 6382 7151 7149
f 6382 6383 7151
f 7156 7162 7157
f 7156 7161 7162
f 6387 6383 6381
f 6387 7161 6383
f 6395 6387 6386
f 6395 7162 6387
f 5801 5889 5886
f 5801 5803 5889
f 7173 7183 7174
f 7173 7182 7183
f 7171 7183 7180
f 7171 7172 7183
f 6424 6406 6403
f 6424 7171 6406
f 6418 7172 6424
f 6418 6422 7172
f 7079 7175 7089
f 7079 7080 7175
f 7092 7079 7088
f 7092 7080 7079
f 6423 7089 7176
f 6423 6421 7089
f 6335 6421 6420
f 6335 6336 6421
f 7175 7177 7173
f 7175 7178 7177
f 7174 6423 7176
f 7174 6422 6423
f 7166 7157 7163
f 7166 7160 7157
f 7163 7193 7166
f 7163 7165 7193
f 7164 6394 6428
f 7164 6395 6394
f 7164 6430 7165
f 7164 6428 6430
f 7194 7197 7200
f 7194 7193 7197
f 7197 7201 7200
f 7197 7198 7201
f 7206 7210 7211
f 7206 7205 7210
f 7205 7199 7209
f 7205 7198 7199
f 7209 6430 6431
f 7209 7199 6430
f 6432 6431 6427
f 6432 6435 6431
f 6442 6435 6434
f 6442 7210 6435
f 5888 5993 5955
f 5888 5889 5993
f 5994 7078 7167
f 5994 5993 7078
f 5995 7167 7215
f 5995 5994 7167
f 7224 7234 7225
f 7224 7233 7234
f 7222 7234 7231
f 7222 7223 7234
f 6465 6449 6447
f 6465 7222 6449
f 6458 7223 6465
f 6458 6462 7223
f 7168 7226 7181
f 7168 7169 7226
f 7184 7168 7180
f 7184 7169 7168
f 6463 7181 7227
f 6463 6461 7181
f 6405 6461 6460
f 6405 6406 6461
f 7226 7228 7224
f 7226 7229 7228
f 7225 6463 7227
f 7225 6462 6463
f 7211 7243 7214
f 7211 7213 7243
f 6442 6466 6472
f 6442 6440 6466
f 7246 6472 6473
f 7246 7213 6472
f 7244 7247 7250
f 7244 7243 7247
f 7247 7251 7250
f 7247 7248 7251
f 6473 7249 7246
f 6473 6474 7249
f 7256 7260 7261
f 7256 7255 7260
f 7255 7249 7259
f 7255 7248 7249
f 6478 6474 6471
f 6478 7259 6474
f 6485 6478 6477
f 6485 7260 6478
f 7010 7078 7009
f 7010 7216 7078
f 7016 7010 7008
f 7016 7218 7010
f 7265 7216 7218
f 7265 7217 7216
f 7271 7282 7272
f 7271 7281 7282
f 6499 6494 6503
f 6499 6491 6494
f 7219 7273 7232
f 7219 7220 7273
f 7235 7219 7231
f 7235 7220 7219
f 6495 7232 7274
f 6495 6493 7232
f 6448 6493 6492
f 6448 6449 6493
f 7273 7275 7271
f 7273 7276 7275
f 7272 6495 7274
f 7272 6494 6495
f 7261 7290 7264
f 7261 7263 7290
f 6485 6505 6510
f 6485 6484 6505
f 7293 6510 6511
f 7293 7263 6510
f 7291 7295 7296
f 7291 7290 7295
f 7300 7293 7294
f 7300 7295 7293
f 7294 6509 6515
f 7294 6511 6509
f 7280 7282 7283
f 7280 7278 7282
f 7314 7280 7315
f 7314 7279 7280
f 7316 7283 7284
f 7316 7315 7283
f 6502 7278 6535
f 6502 6503 7278
f 7279 6532 6535
f 7279 6534 6532
f 7317 7307 7314
f 7317 7309 7307
f 7313 7307 7308
f 7313 7312 7307
f 6526 7313 6527
f 6526 7312 7313
f 6533 6526 6524
f 6533 6534 6526
f 7304 7299 7300
f 7304 7302 7299
f 6517 6515 6513
f 6517 6540 6515
f 7323 7303 7302
f 7323 7325 7303
f 7305 6540 6541
f 7305 7304 6540
f 7305 6542 7324
f 7305 6541 6542
f 7330 7323 7324
f 7330 7329 7323
f 7330 7336 7331
f 7330 7335 7336
f 7336 6547 6548
f 7336 7335 6547
f 6543 6542 6539
f 6543 6547 6542
f 7308 7342 7321
f 7308 7310 7342
f 6561 7321 7343
f 6561 6560 7321
f 6525 6560 6559
f 6525 6527 6560
f 7342 7344 7341
f 7342 7345 7344
f 7341 7353 7343
f 7341 7349 7353
f 6561 6567 6558
f 6561 7353 6567
f 7332 7338 7340
f 7332 7331 7338
f 7358 7339 7362
f 7358 7338 7339
f 6554 6548 6546
f 6554 6576 6548
f 7339 6574 6580
f 7339 6576 6574
f 7360 7362 7363
f 7360 7358 7362
f 7363 7367 7366
f 7363 7364 7367
f 7367 6585 6586
f 7367 7364 6585
f 6574 6585 6580
f 6574 6575 6585
f 6594 6563 6567
f 6594 6565 6563
f 7373 7384 7374
f 7373 7383 7384
f 6592 7372 6603
f 6592 6595 7372
f 6595 7374 7372
f 6595 6596 7374
f 7354 7350 7355
f 7354 7349 7350
f 7351 7375 7350
f 7351 7378 7375
f 7354 6596 6594
f 7354 7355 6596
f 7375 7377 7373
f 7375 7378 7377
f 7366 7389 7369
f 7366 7368 7389
f 6586 6605 6610
f 6586 6584 6605
f 7392 6610 6611
f 7392 7368 6610
f 7391 7392 7393
f 7391 7389 7392
f 7393 7398 7397
f 7393 7394 7398
f 7394 6609 6618
f 7394 6611 6609
f 7382 7384 7385
f 7382 7381 7384
f 7404 7385 7386
f 7404 7403 7385
f 6602 7381 6626
f 6602 6603 7381
f 6626 7405 6627
f 6626 7382 7405
f 7407 7404 7408
f 7407 7403 7404
f 7405 7416 7406
f 7405 7407 7416
f 6632 7413 6633
f 6632 7406 7413
f 6632 6621 6627
f 6632 6622 6621
f 7397 7423 7400
f 7397 7399 7423
f 7398 6617 6641
f 7398 6618 6617
f 7426 6641 6642
f 7426 7399 6641
f 7425 7426 7427
f 7425 7423 7426
f 7427 7432 7431
f 7427 7428 7432
f 7432 6648 6649
f 7432 7428 6648
f 6636 6648 6642
f 6636 6637 6648
f 7414 7416 7417
f 7414 7413 7416
f 7438 7417 7418
f 7438 7437 7417
f 6651 6633 6656
f 6651 6631 6633
f 6656 7439 6657
f 6656 7414 7439
f 7441 7438 7442
f 7441 7437 7438
f 7439 7449 7440
f 7439 7441 7449
f 6655 7440 6664
f 6655 6657 7440
f 7433 7420 7431
f 7433 7421 7420
f 7455 7434 7456
f 7455 7433 7434
f 6649 6677 6680
f 6649 6647 6677
f 6677 7434 6680
f 6677 6679 7434
f 7461 7455 7456
f 7461 7460 7455
f 7461 7468 7462
f 7461 7467 7468
f 7468 6671 6672
f 7468 7467 6671
f 6671 6678 6669
f 6671 6679 6678
f 7448 7453 7449
f 7448 7450 7453
f 6663 7447 6688
f 6663 6664 7447
f 7447 6690 6688
f 7447 7453 6690
f 6692 6691 6696
f 6692 6687 6691
f 7451 7470 7450
f 7451 7472 7470
f 7470 7476 7471
f 7470 7475 7476
f 7482 7476 7477
f 7482 7481 7476
f 7481 6690 7471
f 7481 6691 6690
f 7500 7488 7489
f 7500 7499 7488
f 6709 6713 6717
f 6709 6706 6713
f 7490 7462 7469
f 7490 7464 7462
f 7469 6710 7491
f 7469 6708 6710
f 6708 6670 6707
f 6708 6672 6670
f 7492 7490 7488
f 7492 7493 7490
f 6710 7489 7491
f 6710 6709 7489
f 7484 7478 7486
f 7484 7477 7478
f 7485 7505 7508
f 7485 7484 7505
f 7482 6695 6696
f 7482 6720 6695
f 6724 6720 7485
f 6724 6719 6720
f 7510 7506 7511
f 7510 7505 7506
f 7508 7515 7509
f 7508 7510 7515
f 6721 6734 6722
f 6721 6724 6734
f 6734 7513 6735
f 6734 7509 7513
f 7500 7498 7501
f 7500 7497 7498
f 7501 7529 7502
f 7501 7528 7529
f 7497 6716 6746
f 7497 6717 6716
f 7532 6746 6747
f 7532 7498 6746
f 7522 7534 7533
f 7522 7523 7534
f 7530 7532 7534
f 7530 7528 7532
f 6739 6753 6737
f 6739 7533 6753
f 6741 6753 6747
f 6741 6742 6753
f 7514 7519 7515
f 7514 7517 7519
f 6733 7513 6761
f 6733 6735 7513
f 7518 7538 7517
f 7518 7540 7538
f 6761 7520 6762
f 6761 7519 7520
f 6763 7520 7539
f 6763 6762 7520
f 7548 7545 7550
f 7548 7544 7545
f 7538 7544 7539
f 7538 7543 7544
f 6763 6764 6760
f 6763 6767 6764
f 6767 6774 6766
f 6767 7548 6774
f 7575 7569 7574
f 7575 7570 7569
f 7567 7582 7581
f 7567 7568 7582
f 7569 7568 7567
f 7569 7571 7568
f 6784 6790 6795
f 6784 6781 6790
f 7572 7522 7537
f 7572 7524 7522
f 7537 6785 7573
f 7537 6783 6785
f 6783 6738 6782
f 6783 6739 6738
f 7575 7572 7570
f 7575 7576 7572
f 6785 7571 7573
f 6785 6784 7571
f 7554 7557 7553
f 7554 7558 7557
f 7559 7550 7553
f 7559 7551 7550
f 6797 6774 6804
f 6797 6773 6774
f 7551 6806 6804
f 7551 7559 6806
f 7558 7587 7557
f 7558 7589 7587
f 7593 7595 7598
f 7593 7592 7595
f 7587 7593 7588
f 7587 7592 7593
f 7604 7597 7598
f 7604 7602 7597
f 7594 6806 7588
f 7594 6807 6806
f 6807 6811 6803
f 6807 7594 6811
f 6811 6819 6810
f 6811 7597 6819
f 7619 7623 7624
f 7619 7618 7623
f 7621 7632 7631
f 7621 7622 7632
f 7624 7622 7621
f 7624 7626 7622
f 6841 6844 6849
f 6841 6839 6844
f 7627 7563 7564
f 7627 7623 7563
f 7583 7562 7581
f 7583 7564 7562
f 7627 7584 7628
f 7627 7583 7584
f 7584 6840 6842
f 7584 6850 6840
f 6794 6850 6851
f 6794 6792 6850
f 7582 6794 6851
f 7582 6795 6794
f 6842 7626 7628
f 6842 6841 7626
f 7603 7608 7604
f 7603 7606 7608
f 6818 7602 6854
f 6818 6819 7602
f 7607 7636 7606
f 7607 7637 7636
f 7610 7636 7641
f 7610 7609 7636
f 6854 7609 6855
f 6854 7608 7609
f 6859 6855 7610
f 6859 6853 6855
f 7645 7641 7642
f 7645 7644 7641
f 7649 7645 7648
f 7649 7646 7645
f 6864 6859 6866
f 6864 6858 6859
f 7647 6866 7644
f 7647 6867 6866
f 7653 7656 7658
f 7653 7652 7656
f 7647 7653 7655
f 7647 7646 7653
f 7664 7657 7658
f 7664 7662 7657
f 6867 6871 6865
f 6867 7655 6871
f 6871 6879 6870
f 6871 7657 6879
f 6938 7722 6939
f 6938 7720 7722
f 6941 6939 6951
f 6941 6936 6939
f 6951 7728 6952
f 6951 7722 7728
f 6950 6952 6954
f 6950 6949 6952
f 7737 7741 7744
f 7737 7736 7741
f 7737 7738 7735
f 7737 7743 7738
f 7741 7746 7747
f 7741 7740 7746
f 7747 7745 7744
f 7747 7749 7745
f 6954 7743 6955
f 6954 7738 7743
f 6958 6955 6965
f 6958 6953 6955
f 7745 6960 6965
f 7745 6963 6960
f 7750 7614 7615
f 7750 7746 7614
f 7633 7613 7631
f 7633 7615 7613
f 7750 7634 7751
f 7750 7633 7634
f 7634 6962 6964
f 7634 6966 6962
f 6848 6966 6967
f 6848 6846 6966
f 7632 6848 6967
f 7632 6849 6848
f 6964 7749 7751
f 6964 6963 7749
f 7663 7673 7664
f 7663 7667 7673
f 6878 7662 6968
f 6878 6879 7662
f 7667 7672 7673
f 7667 7666 7672
f 7666 7677 7675
f 7666 7669 7677
f 7679 7681 7678
f 7679 7682 7681
f 7684 7675 7678
f 7684 7676 7675
f 6893 6883 6884
f 6893 6890 6883
f 6882 7672 6884
f 6882 6968 7672
f 6892 7676 6969
f 6892 6893 7676
f 7681 7686 7685
f 7681 7683 7686
f 7691 7692 7690
f 7691 7693 7692
f 7688 7689 7690
f 7688 7686 7689
f 6969 7685 6970
f 6969 7684 7685
f 6896 6970 6971
f 6896 6895 6970
f 6904 6971 6972
f 6904 6902 6971
f 7695 6972 7688
f 7695 6973 6972
f 7692 7697 7696
f 7692 7694 7697
f 7702 7704 7701
f 7702 7705 7704
f 7699 7700 7701
f 7699 7697 7700
f 6973 7696 6974
f 6973 7695 7696
f 6908 6974 6975
f 6908 6907 6974
f 6916 6975 6976
f 6916 6914 6975
f 7708 6976 7699
f 7708 6977 6976
f 7704 7707 7708
f 7704 7703 7707
f 7703 7712 7710
f 7703 7706 7712
f 7714 7716 7713
f 7714 7717 7716
f 7721 7710 7713
f 7721 7711 7710
f 6935 6920 6921
f 6935 6932 6920
f 6919 7707 6921
f 6919 6977 7707
f 6934 7711 6978
f 6934 6935 7711
f 6930 6978 6938
f 6930 6934 6978
f 7716 7720 7721
f 7716 7715 7720
f 7715 7730 7727
f 7715 7718 7730
f 7739 7727 7731
f 7739 7728 7727
f 7729 7739 7731
f 7729 7735 7739
f 7784 7790 7785
f 7784 7789 7790
f 7782 7790 7788
f 7782 7783 7790
f 7782 7096 7097
f 7782 7780 7096
f 7097 7100 7107
f 7097 7095 7100
f 7102 7783 7107
f 7102 7105 7783
f 7104 7767 7106
f 7104 7108 7767
f 7108 7030 7109
f 7108 7028 7030
f 7109 7799 7767
f 7109 7112 7799
f 7797 7784 7786
f 7797 7794 7784
f 7797 7800 7798
f 7797 7799 7800
f 7800 7805 7804
f 7800 7801 7805
f 7785 7106 7786
f 7785 7105 7106
f 7112 7768 7803
f 7112 7111 7768
f 7111 7034 7113
f 7111 7033 7034
f 7113 7042 7114
f 7113 7040 7042
f 7114 7813 7768
f 7114 7117 7813
f 7811 7801 7803
f 7811 7808 7801
f 7811 7814 7812
f 7811 7813 7814
f 7814 7819 7818
f 7814 7815 7819
f 7117 7769 7817
f 7117 7116 7769
f 7116 7046 7118
f 7116 7045 7046
f 7118 7054 7119
f 7118 7052 7054
f 7119 7826 7769
f 7119 7122 7826
f 7824 7815 7817
f 7824 7822 7815
f 7824 7827 7825
f 7824 7826 7827
f 7827 7832 7831
f 7827 7828 7832
f 7122 7770 7830
f 7122 7121 7770
f 7121 7057 7124
f 7121 7056 7057
f 7770 7123 7129
f 7770 7124 7123
f 7837 7828 7830
f 7837 7835 7828
f 7837 7840 7838
f 7837 7839 7840
f 7840 7845 7844
f 7840 7841 7845
f 7129 7842 7839
f 7129 7130 7842
f 7850 7841 7843
f 7850 7848 7841
f 7850 7853 7851
f 7850 7852 7853
f 7854 7856 7853
f 7854 7859 7856
f 7842 7131 7843
f 7842 7130 7131
f 7132 7131 7128
f 7132 7135 7131
f 7135 7141 7143
f 7135 7134 7141
f 7143 7854 7852
f 7143 7144 7854
f 7859 7865 7860
f 7859 7864 7865
f 7146 7144 7142
f 7146 7864 7144
f 7146 7148 7154
f 7146 7145 7148
f 7867 7154 7155
f 7867 7865 7154
f 7777 7775 7774
f 7777 7778 7775
f 7889 7773 7890
f 7889 7772 7773
f 7891 7774 7775
f 7891 7890 7774
f 7178 7772 7179
f 7178 7188 7772
f 7188 7094 7189
f 7188 7092 7094
f 7189 7781 7773
f 7189 7190 7781
f 7190 7090 7096
f 7190 7094 7090
f 7874 7886 7875
f 7874 7882 7886
f 7889 7874 7875
f 7889 7883 7874
f 7179 7187 7177
f 7179 7886 7187
f 7780 7777 7781
f 7780 7776 7777
f 7791 7776 7788
f 7791 7779 7776
f 7868 7860 7866
f 7868 7863 7860
f 7866 7871 7869
f 7866 7867 7871
f 7869 7905 7868
f 7869 7907 7905
f 7159 7155 7153
f 7159 7191 7155
f 7908 7873 7915
f 7908 7872 7873
f 7872 7191 7192
f 7872 7871 7191
f 7192 7160 7195
f 7192 7159 7160
f 7873 7194 7202
f 7873 7195 7194
f 7907 7913 7910
f 7907 7908 7913
f 7915 7918 7916
f 7915 7917 7918
f 7919 7921 7918
f 7919 7924 7921
f 7202 7919 7917
f 7202 7203 7919
f 7929 7207 7208
f 7929 7928 7207
f 7207 7203 7201
f 7207 7928 7203
f 7949 7878 7950
f 7949 7877 7878
f 7888 7879 7880
f 7888 7882 7879
f 7951 7880 7881
f 7951 7950 7880
f 7229 7877 7230
f 7229 7239 7877
f 7239 7186 7240
f 7239 7184 7186
f 7240 7888 7878
f 7240 7241 7888
f 7241 7182 7187
f 7241 7186 7182
f 7934 7946 7935
f 7934 7943 7946
f 7949 7934 7935
f 7949 7944 7934
f 7230 7238 7228
f 7230 7946 7238
f 7925 7929 7930
f 7925 7924 7929
f 7931 7925 7930
f 7931 7927 7925
f 7958 7932 7961
f 7958 7931 7932
f 7214 7208 7206
f 7214 7245 7208
f 7932 7244 7252
f 7932 7245 7244
f 7959 7962 7964
f 7959 7958 7962
f 7963 7966 7962
f 7963 7968 7966
f 7252 7963 7961
f 7252 7253 7963
f 7973 7257 7258
f 7973 7972 7257
f 7257 7253 7251
f 7257 7972 7253
f 7992 7939 7993
f 7992 7938 7939
f 7948 7940 7941
f 7948 7943 7940
f 7994 7941 7942
f 7994 7993 7941
f 7276 7938 7277
f 7276 7286 7938
f 7286 7237 7287
f 7286 7235 7237
f 7287 7948 7939
f 7287 7288 7948
f 7288 7233 7238
f 7288 7237 7233
f 7978 7989 7979
f 7978 7985 7989
f 7992 7978 7979
f 7992 7986 7978
f 7277 7285 7275
f 7277 7989 7285
f 7969 7973 7974
f 7969 7968 7973
f 7975 7969 7974
f 7975 7971 7969
f 8002 7976 8005
f 8002 7975 7976
f 7264 7258 7256
f 7264 7292 7258
f 7976 7291 7297
f 7976 7292 7291
f 8003 8007 8008
f 8003 8002 8007
f 8012 8005 8006
f 8012 8007 8005
f 8006 7296 7301
f 8006 7297 7296
f 7991 7982 7983
f 7991 7985 7982
f 8023 7983 7984
f 8023 8022 7983
f 7318 7991 7981
f 7318 7319 7991
f 7319 7281 7285
f 7319 7284 7281
f 7318 8025 7320
f 7318 7981 8025
f 8027 8018 8026
f 8027 8019 8018
f 8025 8024 8027
f 8025 8022 8024
f 7322 7311 7309
f 7322 8026 7311
f 7322 7316 7320
f 7322 7317 7316
f 8013 8015 8036
f 8013 8011 8015
f 8016 8011 8012
f 8016 8015 8011
f 7303 7301 7299
f 7303 7326 7301
f 8036 8044 8040
f 8036 8037 8044
f 8017 7326 7327
f 8017 8016 7326
f 8017 7328 8039
f 8017 7327 7328
f 8049 8037 8039
f 8049 8045 8037
f 8050 7333 7334
f 8050 8049 7333
f 7329 7328 7325
f 7329 7333 7328
f 8018 8053 8032
f 8018 8020 8053
f 7347 8032 8054
f 7347 7346 8032
f 7310 7346 7345
f 7310 7311 7346
f 8053 8057 8054
f 8053 8056 8057
f 8063 8057 8058
f 8063 8062 8057
f 7347 7352 7344
f 7347 8062 7352
f 8046 8050 8051
f 8046 8045 8050
f 8070 8047 8046
f 8070 8071 8047
f 8070 8052 8079
f 8070 8051 8052
f 7340 7334 7332
f 7340 7361 7334
f 8052 7359 7365
f 8052 7361 7359
f 8075 8079 8081
f 8075 8074 8079
f 8081 8084 8083
f 8081 8082 8084
f 8084 7370 7371
f 8084 8082 7370
f 7359 7370 7365
f 7359 7360 7370
f 8058 8088 8068
f 8058 8060 8088
f 8063 7351 7352
f 8063 7379 7351
f 7380 8068 8089
f 7380 7379 8068
f 8088 8090 8087
f 8088 8091 8090
f 8087 8099 8089
f 8087 8095 8099
f 7380 7387 7377
f 7380 8099 7387
f 8085 8075 8083
f 8085 8076 8075
f 8111 8086 8112
f 8111 8085 8086
f 7371 7390 7395
f 7371 7369 7390
f 8112 7395 7396
f 8112 8086 7395
f 8107 8111 8113
f 8107 8106 8111
f 8113 8116 8115
f 8113 8114 8116
f 8116 7401 7402
f 8116 8114 7401
f 7390 7401 7396
f 7390 7391 7401
f 7410 7383 7387
f 7410 7386 7383
f 8120 8130 8121
f 8120 8129 8130
f 7408 8119 7419
f 7408 7411 8119
f 7411 8121 8119
f 7411 7412 8121
f 8100 8096 8101
f 8100 8095 8096
f 8097 8122 8096
f 8097 8125 8122
f 8100 7412 7410
f 8100 8101 7412
f 8122 8124 8120
f 8122 8125 8124
f 8117 8107 8115
f 8117 8108 8107
f 8147 8118 8148
f 8147 8117 8118
f 7402 7424 7429
f 7402 7400 7424
f 8148 7429 7430
f 8148 8118 7429
f 8141 8150 8149
f 8141 8142 8150
f 8142 8147 8150
f 8142 8140 8147
f 7422 7436 7420
f 7422 8149 7436
f 7424 7436 7430
f 7424 7425 7436
f 8129 8134 8130
f 8129 8131 8134
f 7418 8128 7443
f 7418 7419 8128
f 8128 7445 7443
f 8128 8134 7445
f 7448 7446 7452
f 7448 7442 7446
f 8132 8154 8131
f 8132 8157 8154
f 8154 8156 8153
f 8154 8157 8156
f 8153 8165 8155
f 8153 8161 8165
f 8165 7445 8155
f 8165 7446 7445
f 8169 8141 8152
f 8169 8143 8141
f 8152 7459 8170
f 8152 7458 7459
f 7458 7421 7457
f 7458 7422 7421
f 8171 8169 8168
f 8171 8172 8169
f 8182 8168 8170
f 8182 8180 8168
f 8183 7465 7466
f 8183 8182 7465
f 7460 7459 7457
f 7460 7465 7459
f 8166 8162 8167
f 8166 8161 8162
f 8163 8185 8162
f 8163 8187 8185
f 8166 7451 7452
f 8166 7473 7451
f 7474 8167 8186
f 7474 7473 8167
f 8185 8191 8186
f 8185 8190 8191
f 8196 8191 8192
f 8196 8195 8191
f 7479 8196 7480
f 7479 8195 8196
f 7474 7475 7472
f 7474 7479 7475
f 8178 8181 8206
f 8178 8177 8181
f 8206 8218 8211
f 8206 8207 8218
f 8219 8207 8208
f 8219 8218 8207
f 7495 7499 7503
f 7495 7492 7499
f 8181 8183 8184
f 8181 8180 8183
f 8184 7496 8210
f 8184 7494 7496
f 7494 7464 7493
f 7494 7466 7464
f 7496 8208 8210
f 7496 7495 8208
f 8198 8193 8200
f 8198 8192 8193
f 8199 8225 8227
f 8199 8198 8225
f 7480 7486 7478
f 7480 7507 7486
f 7506 8199 7512
f 7506 7507 8199
f 8229 8226 8230
f 8229 8225 8226
f 8227 8236 8228
f 8227 8229 8236
f 7511 8228 7516
f 7511 7512 8228
f 8244 8216 8245
f 8244 8215 8216
f 8217 8220 8221
f 8217 8215 8220
f 8219 8217 8221
f 8219 8214 8217
f 8214 7502 7536
f 8214 7503 7502
f 7529 8216 7536
f 7529 7531 8216
f 8246 8244 8243
f 8246 8247 8244
f 8257 8243 8245
f 8257 8256 8243
f 8258 7525 7526
f 8258 8257 7525
f 7525 7530 7523
f 7525 7531 7530
f 8235 8240 8236
f 8235 8237 8240
f 7516 7518 7514
f 7516 7541 7518
f 8238 8260 8237
f 8238 8261 8260
f 8242 8260 8264
f 8242 8241 8260
f 7541 8241 7542
f 7541 8240 8241
f 7547 7542 8242
f 7547 7540 7542
f 8269 8264 8265
f 8269 8267 8264
f 8267 8274 8268
f 8267 8269 8274
f 7543 7555 7545
f 7543 7547 7555
f 7555 8272 7556
f 7555 8268 8272
f 8252 8259 8253
f 8252 8256 8259
f 8253 8302 8254
f 8253 8301 8302
f 8298 8303 8307
f 8298 8297 8303
f 8298 8299 8296
f 8298 8306 8299
f 8303 8305 8307
f 8303 8301 8305
f 7565 7586 7562
f 7565 8306 7586
f 8308 7574 7586
f 8308 7579 7574
f 7578 8308 8305
f 7578 7579 8308
f 7578 8258 7577
f 7578 8259 8258
f 7577 7524 7576
f 7577 7526 7524
f 8273 8278 8274
f 8273 8276 8278
f 7554 8272 7590
f 7554 7556 8272
f 8277 8310 8276
f 8277 8311 8310
f 8280 8310 8315
f 8280 8279 8310
f 7590 8279 7591
f 7590 8278 8279
f 7596 7591 8280
f 7596 7589 7591
f 8320 8315 8316
f 8320 8318 8315
f 8318 8326 8319
f 8318 8320 8326
f 7600 7596 7601
f 7600 7595 7596
f 7600 8319 7605
f 7600 7601 8319
f 8345 8288 8346
f 8345 8287 8288
f 8289 8291 8292
f 8289 8287 8291
f 8290 8300 8292
f 8290 8296 8300
f 7618 8288 7629
f 7618 7620 8288
f 8300 7629 8289
f 8300 7630 7629
f 8347 8345 8344
f 8347 8348 8345
f 8363 8344 8346
f 8363 8362 8344
f 8364 7616 7617
f 8364 8363 7616
f 7616 7619 7613
f 7616 7620 7619
f 7563 8299 7565
f 7563 7630 8299
f 8325 8332 8326
f 8325 8327 8332
f 7605 7607 7603
f 7605 7638 7607
f 8327 8334 8333
f 8327 8329 8334
f 8335 8366 8367
f 8335 8334 8366
f 8368 8336 8337
f 8368 8366 8336
f 7638 8333 7639
f 7638 8332 8333
f 7643 7639 8335
f 7643 7637 7639
f 7648 7643 7650
f 7648 7642 7643
f 8371 7650 8367
f 8371 7651 7650
f 8368 8375 8370
f 8368 8372 8375
f 8376 8378 8381
f 8376 8375 8378
f 8371 8376 8377
f 8371 8370 8376
f 8387 8383 8386
f 8387 8384 8383
f 8383 8382 8381
f 8383 8385 8382
f 7651 7654 7649
f 7651 8377 7654
f 7656 7654 7665
f 7656 7652 7654
f 8382 7660 7665
f 8382 7661 7660
f 7663 7661 7670
f 7663 7660 7661
f 8395 8392 8397
f 8395 8391 8392
f 8385 8391 8394
f 8385 8384 8391
f 7670 8395 7671
f 7670 8394 8395
f 8459 8463 8466
f 8459 8458 8463
f 8459 8460 8457
f 8459 8465 8460
f 8463 8468 8469
f 8463 8462 8468
f 8469 8467 8466
f 8469 8471 8467
f 8465 7734 7733
f 8465 8467 7734
f 7725 7729 7734
f 7725 7724 7729
f 8472 8341 8342
f 8472 8468 8341
f 8472 8354 8473
f 8472 8353 8354
f 8355 8357 8358
f 8355 8353 8357
f 8356 8365 8358
f 8356 8362 8365
f 7740 8354 7752
f 7740 7742 8354
f 8365 7752 8355
f 8365 7753 7752
f 7726 8471 8473
f 7726 7725 8471
f 7726 7736 7724
f 7726 7742 7736
f 7614 8364 7617
f 7614 7753 8364
f 8401 8404 8400
f 8401 8405 8404
f 8409 8397 8400
f 8409 8398 8397
f 7680 7669 7671
f 7680 7677 7669
f 7679 8398 7754
f 7679 7680 8398
f 8404 8412 8411
f 8404 8406 8412
f 8417 8420 8416
f 8417 8421 8420
f 8414 8415 8416
f 8414 8412 8415
f 7754 8411 7755
f 7754 8409 8411
f 7683 7755 7756
f 7683 7682 7755
f 7691 7756 7757
f 7691 7689 7756
f 8425 7757 8414
f 8425 7758 7757
f 8420 8428 8427
f 8420 8422 8428
f 8433 8436 8432
f 8433 8437 8436
f 8430 8431 8432
f 8430 8428 8431
f 7758 8427 7759
f 7758 8425 8427
f 7694 7759 7760
f 7694 7693 7759
f 7702 7760 7761
f 7702 7700 7760
f 8441 7761 8430
f 8441 7762 7761
f 8436 8448 8447
f 8436 8438 8448
f 8450 8452 8453
f 8450 8448 8452
f 8451 8461 8453
f 8451 8457 8461
f 7762 8447 7763
f 7762 8441 8447
f 7706 7763 7764
f 7706 7705 7763
f 7714 7764 7765
f 7714 7712 7764
f 8461 7765 8450
f 8461 7766 7765
f 7733 7718 7719
f 7733 7730 7718
f 7717 8460 7719
f 7717 7766 8460
f 8486 7795 7796
f 8486 8484 7795
f 7796 7798 7806
f 7796 7794 7798
f 8488 7806 7807
f 8488 8486 7806
f 7807 7805 7809
f 7807 7804 7805
f 8500 8505 8501
f 8500 8504 8505
f 8498 8505 8503
f 8498 8499 8505
f 8498 7809 7810
f 8498 8496 7809
f 7810 7812 7821
f 7810 7808 7812
f 7818 8499 7821
f 7818 7820 8499
f 8514 8510 8516
f 8514 8509 8510
f 8510 8501 8513
f 8510 8500 8501
f 8518 8522 8521
f 8518 8519 8522
f 8517 8518 8516
f 8517 8520 8518
f 7823 7820 7819
f 7823 8513 7820
f 7823 7825 7834
f 7823 7822 7825
f 7831 8517 7834
f 7831 7833 8517
f 8527 8531 8534
f 8527 8526 8531
f 8526 8520 8530
f 8526 8519 8520
f 8531 8535 8534
f 8531 8532 8535
f 7836 7833 7832
f 7836 8530 7833
f 7836 7838 7847
f 7836 7835 7838
f 7844 8532 7847
f 7844 7846 8532
f 8540 8546 8541
f 8540 8545 8546
f 7849 7846 7845
f 7849 8545 7846
f 7849 7851 7857
f 7849 7848 7851
f 8548 7857 7858
f 8548 8546 7857
f 8566 8558 8565
f 8566 8559 8558
f 8568 8573 8572
f 8568 8569 8573
f 8567 8568 8566
f 8567 8570 8568
f 8565 7884 7885
f 8565 8562 7884
f 7885 7892 7898
f 7885 7883 7892
f 7898 7891 7896
f 7898 7892 7891
f 7896 8570 8567
f 7896 7897 8570
f 8481 8479 8478
f 8481 8482 8479
f 8579 8477 8580
f 8579 8476 8477
f 8581 8478 8479
f 8581 8580 8478
f 7897 8476 8571
f 7897 7895 8476
f 7895 7779 7899
f 7895 7778 7779
f 7899 7793 7900
f 7899 7791 7793
f 7900 8485 8477
f 7900 7901 8485
f 7901 7789 7795
f 7901 7793 7789
f 8579 8569 8571
f 8579 8578 8569
f 8484 8481 8485
f 8484 8480 8481
f 8489 8480 8487
f 8489 8483 8480
f 8493 8491 8490
f 8493 8494 8491
f 8487 8497 8490
f 8487 8488 8497
f 8496 8493 8497
f 8496 8492 8493
f 8506 8492 8503
f 8506 8495 8492
f 8542 8538 8537
f 8542 8543 8538
f 8535 8542 8537
f 8535 8540 8542
f 8549 8541 8547
f 8549 8544 8541
f 8547 8552 8550
f 8547 8548 8552
f 8550 8599 8549
f 8550 8601 8599
f 7862 7858 7856
f 7862 7903 7858
f 8602 8554 8609
f 8602 8553 8554
f 8553 7903 7904
f 8553 8552 7903
f 7904 7863 7906
f 7904 7862 7863
f 8554 7905 7911
f 8554 7906 7905
f 8601 8607 8604
f 8601 8602 8607
f 8609 8612 8610
f 8609 8611 8612
f 8613 8615 8612
f 8613 8618 8615
f 7911 8613 8611
f 7911 7912 8613
f 8618 8624 8619
f 8618 8623 8624
f 7914 7912 7910
f 7914 8623 7912
f 7914 7916 7922
f 7914 7913 7916
f 8626 7922 7923
f 8626 8624 7922
f 8645 8556 8646
f 8645 8555 8556
f 8555 7951 7954
f 8555 7953 7951
f 7954 8563 8556
f 7954 7955 8563
f 7955 7879 7884
f 7955 7881 7879
f 8647 8636 8645
f 8647 8638 8636
f 8643 8636 8637
f 8643 8642 8636
f 8647 8648 8649
f 8647 8646 8648
f 7944 7937 7936
f 7944 7953 7937
f 7937 7945 7936
f 7937 8642 7945
f 8562 8560 8563
f 8562 8558 8560
f 8561 8648 8560
f 8561 8651 8648
f 8627 8619 8625
f 8627 8622 8619
f 8625 8630 8628
f 8625 8626 8630
f 8628 8660 8627
f 8628 8662 8660
f 7926 7923 7921
f 7926 7956 7923
f 8663 8632 8672
f 8663 8631 8632
f 8631 7956 7957
f 8631 8630 7956
f 7957 7927 7960
f 7957 7926 7927
f 8632 7959 7965
f 8632 7960 7959
f 8662 8668 8665
f 8662 8663 8668
f 8669 8672 8674
f 8669 8668 8672
f 8674 8677 8676
f 8674 8675 8677
f 8675 7964 7967
f 8675 7965 7964
f 7996 8644 8634
f 7996 7997 8644
f 7997 7940 7945
f 7997 7942 7940
f 7996 8695 7998
f 7996 8634 8695
f 8697 8686 8696
f 8697 8687 8686
f 8695 8694 8697
f 8695 8693 8694
f 8694 8699 8700
f 8694 8693 8699
f 8696 7987 7988
f 8696 8691 7987
f 7988 7995 7999
f 7988 7986 7995
f 7999 7994 7998
f 7999 7995 7994
f 8643 8639 8644
f 8643 8637 8639
f 8640 8699 8639
f 8640 8702 8699
f 8676 8681 8679
f 8676 8677 8681
f 8679 8708 8678
f 8679 8710 8708
f 7970 7967 7966
f 7970 8000 7967
f 8711 8683 8720
f 8711 8682 8683
f 8682 8000 8001
f 8682 8681 8000
f 8001 7971 8004
f 8001 7970 7971
f 8683 8003 8009
f 8683 8004 8003
f 8710 8716 8713
f 8710 8711 8716
f 8717 8720 8722
f 8717 8716 8720
f 8722 8725 8724
f 8722 8723 8725
f 8723 8008 8014
f 8723 8009 8008
f 8029 8692 8684
f 8029 8030 8692
f 8030 7982 7987
f 8030 7984 7982
f 8029 8729 8031
f 8029 8684 8729
f 8733 8732 8731
f 8733 8739 8732
f 8729 8740 8730
f 8729 8732 8740
f 8033 8737 8034
f 8033 8730 8737
f 8033 8023 8031
f 8033 8024 8023
f 8691 8688 8692
f 8691 8686 8688
f 8689 8731 8688
f 8689 8734 8731
f 8724 8745 8727
f 8724 8726 8745
f 8725 8013 8041
f 8725 8014 8013
f 8748 8041 8042
f 8748 8726 8041
f 8746 8749 8751
f 8746 8745 8749
f 8750 8753 8749
f 8750 8756 8753
f 8042 8750 8748
f 8042 8043 8750
f 8043 8044 8048
f 8043 8040 8044
f 8738 8740 8741
f 8738 8737 8740
f 8765 8741 8742
f 8765 8764 8741
f 8034 8020 8019
f 8034 8064 8020
f 8065 8066 8067
f 8065 8064 8066
f 8066 8767 8067
f 8066 8738 8767
f 8769 8761 8768
f 8769 8762 8761
f 8767 8766 8769
f 8767 8764 8766
f 8069 8061 8059
f 8069 8768 8061
f 8056 8069 8059
f 8056 8065 8069
f 8754 8757 8781
f 8754 8753 8757
f 8781 8788 8785
f 8781 8782 8788
f 8757 8759 8760
f 8757 8756 8759
f 8047 8759 8048
f 8047 8072 8759
f 8760 8073 8784
f 8760 8072 8073
f 8793 8782 8784
f 8793 8791 8782
f 8794 8077 8078
f 8794 8793 8077
f 8074 8073 8071
f 8074 8077 8073
f 8776 8762 8777
f 8776 8761 8762
f 8775 8802 8796
f 8775 8776 8802
f 8093 8775 8796
f 8093 8092 8775
f 8060 8092 8091
f 8060 8061 8092
f 8805 8797 8802
f 8805 8799 8797
f 8801 8797 8798
f 8801 8800 8797
f 8093 8098 8090
f 8093 8800 8098
f 8789 8792 8815
f 8789 8788 8792
f 8815 8822 8819
f 8815 8816 8822
f 8792 8794 8795
f 8792 8791 8794
f 8795 8105 8818
f 8795 8104 8105
f 8104 8076 8103
f 8104 8078 8076
f 8827 8816 8818
f 8827 8825 8816
f 8828 8109 8110
f 8828 8827 8109
f 8106 8105 8103
f 8106 8109 8105
f 8810 8799 8811
f 8810 8798 8799
f 8809 8837 8830
f 8809 8810 8837
f 8801 8097 8098
f 8801 8126 8097
f 8127 8809 8830
f 8127 8126 8809
f 8840 8831 8837
f 8840 8833 8831
f 8836 8831 8832
f 8836 8835 8831
f 8127 8133 8124
f 8127 8835 8133
f 8823 8826 8848
f 8823 8822 8826
f 8848 8856 8852
f 8848 8849 8856
f 8826 8828 8829
f 8826 8825 8828
f 8829 8139 8851
f 8829 8138 8139
f 8138 8108 8137
f 8138 8110 8108
f 8862 8849 8851
f 8862 8861 8849
f 8863 8144 8145
f 8863 8862 8144
f 8140 8139 8137
f 8140 8144 8139
f 7014 6997 7072
f 7014 6996 6997
f 6997 7000 7070
f 6997 6995 7000
f 7071 7000 7002
f 7071 7070 7000
f 8832 8865 8843
f 8832 8834 8865
f 8836 8132 8133
f 8836 8158 8132
f 8159 8843 8866
f 8159 8158 8843
f 8865 8869 8866
f 8865 8868 8869
f 8873 8869 8870
f 8873 8872 8869
f 8159 8164 8156
f 8159 8872 8164
f 8856 8864 8857
f 8856 8861 8864
f 8857 8890 8858
f 8857 8889 8890
f 8891 8894 8895
f 8891 8889 8894
f 8895 8898 8897
f 8895 8896 8898
f 8174 8896 8894
f 8174 8175 8896
f 8175 8177 8179
f 8175 8171 8177
f 8174 8863 8173
f 8174 8864 8863
f 8173 8143 8172
f 8173 8145 8143
f 7013 7074 7015
f 7013 7014 7074
f 7073 7074 7072
f 7073 7076 7074
f 8879 8871 8880
f 8879 8870 8871
f 8878 8905 8901
f 8878 8879 8905
f 8873 8163 8164
f 8873 8188 8163
f 8189 8878 8901
f 8189 8188 8878
f 8909 8903 8912
f 8909 8902 8903
f 8908 8902 8905
f 8908 8903 8902
f 8189 8190 8187
f 8189 8194 8190
f 8194 8201 8193
f 8194 8909 8201
f 8899 8885 8897
f 8899 8886 8885
f 8935 8900 8936
f 8935 8899 8900
f 8898 8178 8212
f 8898 8179 8178
f 8936 8212 8213
f 8936 8900 8212
f 8922 8921 8920
f 8922 8923 8921
f 8935 8920 8921
f 8935 8932 8920
f 8932 8934 8931
f 8932 8937 8934
f 8937 8224 8223
f 8937 8939 8224
f 8939 8211 8224
f 8939 8213 8211
f 8941 8912 8915
f 8941 8914 8912
f 8943 8915 8916
f 8943 8941 8915
f 8226 8201 8231
f 8226 8200 8201
f 8231 8942 8232
f 8231 8914 8942
f 8946 8232 8942
f 8946 8233 8232
f 8235 8233 8239
f 8235 8230 8233
f 8943 8951 8945
f 8943 8947 8951
f 8946 8952 8956
f 8946 8945 8952
f 8957 8952 8953
f 8957 8956 8952
f 8929 8933 8975
f 8929 8928 8933
f 8971 8975 8976
f 8971 8970 8975
f 8973 8983 8982
f 8973 8974 8983
f 8976 8974 8973
f 8976 8978 8974
f 8249 8252 8255
f 8249 8246 8252
f 8933 8934 8940
f 8933 8931 8934
f 8223 8202 8203
f 8223 8220 8202
f 8940 8250 8980
f 8940 8248 8250
f 8248 8202 8247
f 8248 8203 8202
f 8250 8978 8980
f 8250 8249 8978
f 8959 8954 8961
f 8959 8953 8954
f 8960 8987 8989
f 8960 8959 8987
f 8957 8238 8239
f 8957 8262 8238
f 8266 8262 8960
f 8266 8261 8262
f 8991 8988 8992
f 8991 8987 8988
f 8989 8998 8990
f 8989 8991 8998
f 8270 8266 8271
f 8270 8265 8266
f 8270 8990 8275
f 8270 8271 8990
f 9016 9030 9029
f 9016 9017 9030
f 9027 9032 9033
f 9027 9026 9032
f 9033 9031 9030
f 9033 9035 9031
f 9029 8295 8294
f 9029 9031 8295
f 8285 8290 8295
f 8285 8284 8290
f 9036 8966 8967
f 9036 9032 8966
f 8984 8965 8982
f 8984 8967 8965
f 9036 8985 9037
f 9036 8984 8985
f 8983 8254 8309
f 8983 8255 8254
f 8302 8985 8309
f 8302 8304 8985
f 8286 9035 9037
f 8286 8285 9035
f 8286 8297 8284
f 8286 8304 8297
f 8997 9004 8998
f 8997 8999 9004
f 8275 8277 8273
f 8275 8312 8277
f 8999 9006 9005
f 8999 9001 9006
f 9007 9040 9042
f 9007 9006 9040
f 8312 9005 8313
f 8312 9004 9005
f 8317 8313 9007
f 8317 8311 8313
f 9043 9041 9046
f 9043 9040 9041
f 9047 9043 9046
f 9047 9044 9043
f 8321 8317 8322
f 8321 8316 8317
f 9045 8322 9042
f 9045 8323 8322
f 8325 8323 8330
f 8325 8321 8323
f 9058 9055 9061
f 9058 9054 9055
f 9045 9054 9056
f 9045 9044 9054
f 8330 9058 8331
f 8330 9056 9058
f 9103 9100 9102
f 9103 9101 9100
f 9101 9111 9100
f 9101 9113 9111
f 9014 9018 9013
f 9014 9019 9018
f 9013 9119 9014
f 9013 9118 9119
f 9115 9120 9124
f 9115 9114 9120
f 9115 9116 9113
f 9115 9123 9116
f 9120 9122 9124
f 9120 9118 9122
f 9123 8361 8360
f 9123 9125 8361
f 8350 9125 9122
f 8350 8351 9125
f 8351 8356 8361
f 8351 8347 8356
f 9018 9024 9025
f 9018 9016 9024
f 8294 8281 8282
f 8294 8291 8281
f 8350 9024 8349
f 8350 9025 9024
f 8349 8281 8348
f 8349 8282 8281
f 9065 9069 9064
f 9065 9070 9069
f 9074 9061 9064
f 9074 9062 9061
f 8338 8329 8331
f 8338 8336 8329
f 8337 9062 8373
f 8337 8338 9062
f 9069 9076 9075
f 9069 9071 9076
f 9077 9127 9128
f 9077 9076 9127
f 9129 9078 9079
f 9129 9127 9078
f 8373 9075 8374
f 8373 9074 9075
f 8379 8374 9077
f 8379 8372 8374
f 8386 8379 8388
f 8386 8378 8379
f 9132 8388 9128
f 9132 8389 8388
f 9129 9136 9131
f 9129 9133 9136
f 9137 9139 9142
f 9137 9136 9139
f 9132 9137 9138
f 9132 9131 9137
f 9148 9144 9147
f 9148 9145 9144
f 9144 9143 9142
f 9144 9146 9143
f 8389 8393 8387
f 8389 9138 8393
f 8393 8402 8392
f 8393 9141 8402
f 9141 8403 8402
f 9141 9143 8403
f 9154 9156 9159
f 9154 9153 9156
f 9146 9154 9155
f 9146 9145 9154
f 9165 9161 9164
f 9165 9162 9161
f 9161 9160 9159
f 9161 9163 9160
f 8407 9158 8408
f 8407 9155 9158
f 9158 8419 8418
f 9158 9160 8419
f 9171 9174 9177
f 9171 9170 9174
f 9163 9171 9172
f 9163 9162 9171
f 9174 9179 9180
f 9174 9173 9179
f 9180 9178 9177
f 9180 9182 9178
f 8423 9176 8424
f 8423 9172 9176
f 9176 8435 8434
f 9176 9178 8435
f 9088 9092 9087
f 9088 9093 9092
f 9087 9190 9088
f 9087 9189 9190
f 9179 9186 9181
f 9179 9183 9186
f 9187 9191 9196
f 9187 9186 9191
f 9182 9187 9188
f 9182 9181 9187
f 9191 9194 9196
f 9191 9189 9194
f 8439 9195 8440
f 8439 9188 9195
f 9195 8456 8455
f 9195 9197 8456
f 8444 9197 9194
f 8444 8445 9197
f 8445 8451 8456
f 8445 8443 8451
f 9092 9108 9107
f 9092 9094 9108
f 9108 9091 9106
f 9108 9094 9091
f 9110 9111 9117
f 9110 9106 9111
f 9107 8446 8444
f 9107 9109 8446
f 8462 9109 8474
f 8462 8464 9109
f 9117 8474 9110
f 9117 8475 8474
f 8446 8458 8443
f 8446 8464 8458
f 8360 8342 8343
f 8360 8357 8342
f 8341 9116 8343
f 8341 8475 9116
f 8405 8403 8407
f 8405 8401 8403
f 8418 8406 8408
f 8418 8415 8406
f 8421 8419 8423
f 8421 8417 8419
f 8434 8422 8424
f 8434 8431 8422
f 8437 8435 8439
f 8437 8433 8435
f 8455 8438 8440
f 8455 8452 8438
f 7016 7075 7266
f 7016 7015 7075
f 7267 7075 7077
f 7267 7266 7075
f 9207 8511 8512
f 9207 9205 8511
f 8512 8514 8523
f 8512 8509 8514
f 9209 8523 8524
f 9209 9207 8523
f 8524 8522 8528
f 8524 8521 8522
f 9216 8528 8529
f 9216 9214 8528
f 8539 8529 8527
f 8539 9216 8529
f 8576 9228 8577
f 8576 9225 9228
f 8572 9225 8576
f 8572 8574 9225
f 9198 8581 8584
f 9198 8583 8581
f 8584 9241 9198
f 8584 8587 9241
f 9240 9234 9239
f 9240 9236 9234
f 9234 9226 9227
f 9234 9233 9226
f 9239 9242 9240
f 9239 9241 9242
f 9242 9247 9246
f 9242 9243 9247
f 9226 8575 9227
f 9226 8574 8575
f 8578 8575 8573
f 8578 8583 8575
f 8587 9199 9245
f 8587 8586 9199
f 8586 8483 8588
f 8586 8482 8483
f 8588 8491 8589
f 8588 8489 8491
f 8589 9257 9199
f 8589 8592 9257
f 9255 9243 9245
f 9255 9251 9243
f 9255 9258 9256
f 9255 9257 9258
f 9258 9263 9262
f 9258 9259 9263
f 9270 9201 9271
f 9270 9200 9201
f 8592 9200 9261
f 8592 8591 9200
f 8591 8495 8593
f 8591 8494 8495
f 8593 8508 8594
f 8593 8506 8508
f 8594 9206 9201
f 8594 8595 9206
f 8595 8504 8511
f 8595 8508 8504
f 9270 9259 9261
f 9270 9267 9259
f 9272 9273 9275
f 9272 9271 9273
f 9205 9204 9206
f 9205 9203 9204
f 9274 9203 9210
f 9274 9204 9203
f 9283 9208 9211
f 9283 9210 9208
f 9208 9215 9211
f 9208 9209 9215
f 9273 9279 9276
f 9273 9274 9279
f 9284 9285 9287
f 9284 9283 9285
f 9214 9213 9215
f 9214 9212 9213
f 9286 9212 9219
f 9286 9213 9212
f 9295 9217 9220
f 9295 9219 9217
f 9217 9222 9220
f 9217 9218 9222
f 9218 8538 8597
f 9218 8539 8538
f 9285 9291 9288
f 9285 9286 9291
f 9296 9297 9299
f 9296 9295 9297
f 9298 9224 9308
f 9298 9223 9224
f 9223 8597 8598
f 9223 9222 8597
f 8598 8544 8600
f 8598 8543 8544
f 9224 8599 8605
f 9224 8600 8599
f 9297 9303 9300
f 9297 9298 9303
f 9304 9308 9310
f 9304 9303 9308
f 9309 9313 9310
f 9309 9311 9313
f 8605 9311 9309
f 8605 8606 9311
f 9316 9320 9317
f 9316 9319 9320
f 8608 8606 8604
f 8608 9319 8606
f 8608 8610 8616
f 8608 8607 8610
f 9322 8616 8617
f 9322 9320 8616
f 9331 9338 9332
f 9331 9337 9338
f 9329 9338 9335
f 9329 9330 9338
f 8654 8641 8638
f 8654 9329 8641
f 8649 9330 8654
f 8649 8652 9330
f 9230 9231 9232
f 9230 9228 9231
f 9346 9230 9347
f 9346 9229 9230
f 9231 9237 9232
f 9231 9233 9237
f 8577 8561 8559
f 8577 8655 8561
f 8651 9229 8653
f 8651 8655 9229
f 9346 9331 9333
f 9346 9342 9331
f 9348 9349 9350
f 9348 9347 9349
f 9332 8653 9333
f 9332 8652 8653
f 9238 9349 9237
f 9238 9352 9349
f 9313 9318 9315
f 9313 9316 9318
f 9315 9371 9314
f 9315 9373 9371
f 9374 9317 9323
f 9374 9318 9317
f 9382 9324 9384
f 9382 9323 9324
f 9322 8659 9324
f 9322 8657 8659
f 8621 8617 8615
f 8621 8657 8617
f 9373 9379 9376
f 9373 9374 9379
f 9382 9385 9383
f 9382 9384 9385
f 9386 9389 9385
f 9386 9393 9389
f 8659 9325 9387
f 8659 8658 9325
f 8658 8622 8661
f 8658 8621 8622
f 9325 8660 8666
f 9325 8661 8660
f 9395 9401 9403
f 9395 9394 9401
f 9394 9386 9387
f 9394 9393 9386
f 9400 9404 9401
f 9400 9402 9404
f 8666 9402 9400
f 8666 8667 9402
f 9410 8670 8671
f 9410 9409 8670
f 8670 8667 8665
f 8670 9409 8667
f 9419 9413 9418
f 9419 9414 9413
f 9421 9427 9426
f 9421 9422 9427
f 9420 9421 9419
f 9420 9423 9421
f 8706 8690 8687
f 8706 9418 8690
f 8700 9420 8706
f 8700 8704 9420
f 9326 9424 9336
f 9326 9327 9424
f 9339 9326 9335
f 9339 9327 9326
f 8705 9336 9425
f 8705 8703 9336
f 8640 8703 8702
f 8640 8641 8703
f 9424 9427 9422
f 9424 9428 9427
f 9423 8705 9425
f 9423 8704 8705
f 9405 9395 9403
f 9405 9398 9395
f 9404 9408 9406
f 9404 9407 9408
f 9406 9453 9405
f 9406 9456 9453
f 9408 9410 9411
f 9408 9407 9410
f 9457 9412 9467
f 9457 9411 9412
f 8678 8671 8669
f 8678 8709 8671
f 9412 8708 8714
f 9412 8709 8708
f 9456 9462 9459
f 9456 9457 9462
f 9463 9467 9469
f 9463 9462 9467
f 9468 9472 9469
f 9468 9470 9472
f 8714 9470 9468
f 8714 8715 9470
f 9478 8718 8719
f 9478 9477 8718
f 8718 8715 8713
f 8718 9477 8715
f 9413 9482 9429
f 9413 9415 9482
f 8736 9429 9483
f 8736 8735 9429
f 8689 8735 8734
f 8689 8690 8735
f 9482 9484 9481
f 9482 9485 9484
f 9481 9493 9483
f 9481 9487 9493
f 8736 8743 8733
f 8736 9493 8743
f 9472 9476 9474
f 9472 9475 9476
f 9474 9510 9473
f 9474 9513 9510
f 9513 9517 9516
f 9513 9514 9517
f 9476 9478 9479
f 9476 9475 9478
f 9515 9480 9526
f 9515 9479 9480
f 8727 8719 8717
f 8727 8747 8719
f 9480 8746 8752
f 9480 8747 8746
f 9524 9528 9530
f 9524 9523 9528
f 9526 9514 9515
f 9526 9523 9514
f 9528 9531 9530
f 9528 9529 9531
f 9529 8751 8755
f 9529 8752 8751
f 8772 8739 8743
f 8772 8742 8739
f 9535 9544 9536
f 9535 9543 9544
f 8778 9542 8779
f 8778 9534 9542
f 8778 8765 8773
f 8778 8766 8765
f 8773 9536 9534
f 8773 8774 9536
f 9494 9488 9501
f 9494 9487 9488
f 9489 9537 9488
f 9489 9540 9537
f 9494 8774 8772
f 9494 9501 8774
f 9537 9539 9535
f 9537 9540 9539
f 9518 9525 9561
f 9518 9517 9525
f 9561 9565 9564
f 9561 9562 9565
f 9563 9524 9532
f 9563 9525 9524
f 9573 9533 9574
f 9573 9532 9533
f 9531 8754 8786
f 9531 8755 8754
f 9574 8786 8787
f 9574 9533 8786
f 9571 9575 9577
f 9571 9570 9575
f 9573 9562 9563
f 9573 9570 9562
f 9575 9578 9577
f 9575 9576 9578
f 9576 8785 8790
f 9576 8787 8785
f 9543 9549 9544
f 9543 9545 9549
f 8804 8779 8806
f 8804 8777 8779
f 9542 8808 8806
f 9542 9549 8808
f 9582 9591 9583
f 9582 9590 9591
f 8812 9588 8813
f 8812 9581 9588
f 8812 8804 8807
f 8812 8805 8804
f 8807 9583 9581
f 8807 8808 9583
f 9546 9584 9545
f 9546 9587 9584
f 9584 9586 9582
f 9584 9587 9586
f 9566 9572 9604
f 9566 9565 9572
f 9604 9610 9607
f 9604 9605 9610
f 9606 9571 9579
f 9606 9572 9571
f 9617 9580 9618
f 9617 9579 9580
f 9578 8789 8820
f 9578 8790 8789
f 9618 8820 8821
f 9618 9580 8820
f 9615 9619 9621
f 9615 9614 9619
f 9617 9605 9606
f 9617 9614 9605
f 9619 9622 9621
f 9619 9620 9622
f 9620 8819 8824
f 9620 8821 8819
f 9590 9628 9592
f 9590 9593 9628
f 9589 9591 9592
f 9589 9588 9591
f 8839 8813 8841
f 8839 8811 8813
f 8841 9626 8842
f 8841 9589 9626
f 9630 9629 9628
f 9630 9635 9629
f 9626 9636 9627
f 9626 9629 9636
f 8844 9633 8845
f 8844 9627 9633
f 8844 8839 8842
f 8844 8840 8839
f 9611 9616 9643
f 9611 9610 9616
f 9643 9649 9646
f 9643 9644 9649
f 9645 9615 9623
f 9645 9616 9615
f 9656 9624 9657
f 9656 9623 9624
f 9622 8823 8853
f 9622 8824 8823
f 9657 8853 8854
f 9657 9624 8853
f 9656 9644 9645
f 9656 9653 9644
f 9653 9655 9652
f 9653 9658 9655
f 9658 8860 8859
f 9658 9660 8860
f 9660 8852 8860
f 9660 8854 8852
f 9635 9665 9637
f 9635 9638 9665
f 9634 9636 9637
f 9634 9633 9636
f 8845 8834 8833
f 8845 8874 8834
f 8875 8876 8877
f 8875 8874 8876
f 8876 9663 8877
f 8876 9634 9663
f 9667 9666 9665
f 9667 9673 9666
f 9663 9674 9664
f 9663 9666 9674
f 8868 8881 8871
f 8868 8875 8881
f 8881 9671 8882
f 8881 9664 9671
f 9650 9654 9685
f 9650 9649 9654
f 9685 9692 9689
f 9685 9686 9692
f 9654 9655 9661
f 9654 9652 9655
f 9661 8884 9688
f 9661 8883 8884
f 8883 8893 8884
f 8883 8892 8893
f 8859 8890 8892
f 8859 8858 8890
f 9699 9686 9688
f 9699 9698 9686
f 9700 8887 8888
f 9700 9699 8887
f 8887 8891 8885
f 8887 8893 8891
f 9673 9705 9675
f 9673 9676 9705
f 9672 9674 9675
f 9672 9671 9674
f 8907 8882 8910
f 8907 8880 8882
f 8910 9703 8911
f 8910 9672 9703
f 9707 9710 9706
f 9707 9711 9710
f 9703 9710 9704
f 9703 9706 9710
f 8917 9709 8918
f 8917 9704 9709
f 8917 8907 8911
f 8917 8908 8907
f 9705 9712 9707
f 9705 9708 9712
f 9692 9701 9693
f 9692 9698 9701
f 9693 9739 9694
f 9693 9738 9739
f 9740 9743 9744
f 9740 9738 9743
f 9744 9747 9746
f 9744 9745 9747
f 8925 9745 9743
f 8925 8926 9745
f 8926 8928 8930
f 8926 8922 8928
f 8925 9700 8924
f 8925 9701 9700
f 8924 8886 8923
f 8924 8888 8886
f 8916 9709 8948
f 8916 8918 9709
f 9716 9714 9721
f 9716 9711 9714
f 9722 9715 9723
f 9722 9714 9715
f 9721 9754 9751
f 9721 9722 9754
f 8948 9721 8949
f 8948 9716 9721
f 8950 9721 9751
f 8950 8949 9721
f 9754 9759 9758
f 9754 9755 9759
f 9759 9756 9760
f 9759 9755 9756
f 9768 9757 9758
f 9768 9765 9757
f 8950 8951 8947
f 8950 8955 8951
f 8955 8962 8954
f 8955 9757 8962
f 9778 9780 9781
f 9778 9777 9780
f 9782 9791 9781
f 9782 9793 9791
f 9783 9733 9734
f 9783 9780 9733
f 9748 9732 9746
f 9748 9734 9732
f 9783 9749 9784
f 9783 9748 9749
f 9747 8929 8981
f 9747 8930 8929
f 8970 9749 8981
f 8970 8972 9749
f 9794 9782 9784
f 9794 9793 9782
f 9795 8968 8969
f 9795 9794 8968
f 8968 8971 8965
f 8968 8972 8971
f 9767 9799 9769
f 9767 9770 9799
f 9766 9768 9769
f 9766 9765 9768
f 8988 8962 8993
f 8988 8961 8962
f 8993 9798 8994
f 8993 9766 9798
f 9802 8994 9798
f 9802 8995 8994
f 8997 8995 9002
f 8997 8992 8995
f 9810 9807 9814
f 9810 9806 9807
f 9799 9805 9801
f 9799 9803 9805
f 9802 9806 9808
f 9802 9801 9806
f 9002 9810 9003
f 9002 9808 9810
f 9841 9845 9846
f 9841 9840 9845
f 9843 9854 9853
f 9843 9844 9854
f 9846 9844 9843
f 9846 9848 9844
f 9849 9774 9775
f 9849 9845 9774
f 9788 9773 9787
f 9788 9775 9773
f 9849 9789 9850
f 9849 9788 9789
f 9790 9791 9796
f 9790 9787 9791
f 9026 9789 9038
f 9026 9028 9789
f 9796 9038 9790
f 9796 9039 9038
f 9011 9848 9850
f 9011 9010 9848
f 9010 9022 9021
f 9010 9011 9022
f 9022 9027 9017
f 9022 9028 9027
f 8966 9795 8969
f 8966 9039 9795
f 9818 9822 9817
f 9818 9823 9822
f 9826 9814 9817
f 9826 9815 9814
f 9009 9001 9003
f 9009 9008 9001
f 9041 9009 9048
f 9041 9008 9009
f 9815 9050 9048
f 9815 9826 9050
f 9823 9858 9822
f 9823 9859 9858
f 9828 9858 9861
f 9828 9827 9858
f 9827 9052 9050
f 9827 9828 9052
f 9866 9861 9862
f 9866 9865 9861
f 9870 9866 9869
f 9870 9867 9866
f 9052 9053 9047
f 9052 9057 9053
f 9053 9066 9055
f 9053 9057 9066
f 9059 9068 9066
f 9059 9060 9068
f 9868 9059 9865
f 9868 9060 9059
f 9877 9879 9882
f 9877 9876 9879
f 9868 9877 9878
f 9868 9867 9877
f 9891 9881 9882
f 9891 9889 9881
f 9072 9881 9073
f 9072 9878 9881
f 9928 9925 9927
f 9928 9926 9925
f 9926 9938 9925
f 9926 9939 9938
f 9942 9946 9955
f 9942 9941 9946
f 9941 9944 9946
f 9941 9940 9944
f 9950 9947 9949
f 9950 9948 9947
f 9948 9960 9947
f 9948 9961 9960
f 9963 9966 9969
f 9963 9962 9966
f 9963 9964 9961
f 9963 9968 9964
f 9975 9971 9974
f 9975 9972 9971
f 9971 9970 9969
f 9971 9973 9970
f 9968 9090 9089
f 9968 9970 9090
f 9981 9984 9987
f 9981 9980 9984
f 9973 9981 9982
f 9973 9972 9981
f 9984 9989 9990
f 9984 9983 9989
f 9990 9988 9987
f 9990 9992 9988
f 9095 9986 9096
f 9095 9982 9986
f 9096 9112 9091
f 9096 9986 9112
f 9988 9102 9112
f 9988 9104 9102
f 9993 9835 9836
f 9993 9989 9835
f 9855 9834 9853
f 9855 9836 9834
f 9993 9856 9994
f 9993 9855 9856
f 9854 9014 9126
f 9854 9015 9014
f 9119 9856 9126
f 9119 9121 9856
f 9019 9015 9021
f 9019 9014 9015
f 9105 9992 9994
f 9105 9104 9992
f 9105 9114 9103
f 9105 9121 9114
f 9070 9068 9072
f 9070 9065 9068
f 9890 9898 9891
f 9890 9892 9898
f 9080 9071 9073
f 9080 9078 9071
f 9079 9889 9134
f 9079 9080 9889
f 9892 9905 9904
f 9892 9894 9905
f 9910 9915 9909
f 9910 9916 9915
f 9907 9908 9909
f 9907 9905 9908
f 9134 9904 9135
f 9134 9898 9904
f 9140 9135 9906
f 9140 9133 9135
f 9906 9150 9149
f 9906 9907 9150
f 9147 9140 9149
f 9147 9139 9140
f 9915 9935 9934
f 9915 9917 9935
f 9935 9914 9933
f 9935 9917 9914
f 9937 9938 9943
f 9937 9933 9938
f 9934 9152 9150
f 9934 9936 9152
f 9936 9167 9166
f 9936 9937 9167
f 9152 9153 9148
f 9152 9157 9153
f 9164 9157 9166
f 9164 9156 9157
f 9943 9942 9956
f 9943 9939 9942
f 9959 9960 9965
f 9959 9955 9960
f 9956 9169 9167
f 9956 9958 9169
f 9173 9958 9184
f 9173 9175 9958
f 9965 9184 9959
f 9965 9185 9184
f 9169 9170 9165
f 9169 9175 9170
f 9083 9964 9084
f 9083 9185 9964
f 9083 9192 9183
f 9083 9084 9192
f 9089 9190 9192
f 9089 9088 9190
f 9093 9090 9095
f 9093 9088 9090
f 9250 9247 9252
f 9250 9246 9247
f 9264 9254 9253
f 9264 9265 9254
f 9253 9256 9264
f 9253 9251 9256
f 9266 9263 9268
f 9266 9262 9263
f 10000 9268 9269
f 10000 9999 9268
f 9269 9272 9277
f 9269 9267 9272
f 10002 9277 9278
f 10002 10000 9277
f 9278 9276 9280
f 9278 9275 9276
f 10010 9280 9281
f 10010 10008 9280
f 9281 9284 9289
f 9281 9279 9284
f 10012 9289 9290
f 10012 10010 9289
f 9290 9288 9292
f 9290 9287 9288
f 10019 9292 9293
f 10019 10017 9292
f 9293 9296 9301
f 9293 9291 9296
f 10021 9301 9302
f 10021 10019 9301
f 9302 9300 9305
f 9302 9299 9300
f 9355 9345 9344
f 9355 9356 9345
f 9344 9348 9355
f 9344 9342 9348
f 9355 10028 9356
f 9355 10025 10028
f 9350 10025 9355
f 9350 9353 10025
f 9249 9238 9236
f 9249 9357 9238
f 9352 9996 9354
f 9352 9357 9996
f 9249 9359 9358
f 9249 9250 9359
f 9358 10038 9996
f 9358 9361 10038
f 10035 10039 10042
f 10035 10034 10039
f 10034 10026 10027
f 10034 10033 10026
f 10038 10044 10039
f 10038 10040 10044
f 10026 9354 10027
f 10026 9353 9354
f 9360 9252 9254
f 9360 9359 9252
f 9361 9997 10041
f 9361 9360 9997
f 9265 9364 9363
f 9265 9266 9364
f 9363 10051 9997
f 9363 9365 10051
f 10048 10052 10057
f 10048 10047 10052
f 10047 10040 10041
f 10047 10046 10040
f 10053 10060 10054
f 10053 10059 10060
f 10051 10060 10052
f 10051 10054 10060
f 10003 10067 10055
f 10003 10004 10067
f 10068 10001 10005
f 10068 10004 10001
f 10001 10009 10005
f 10001 10002 10009
f 9999 9365 9364
f 9999 10003 9365
f 10067 10053 10055
f 10067 10062 10053
f 10069 10070 10072
f 10069 10068 10070
f 10008 10007 10009
f 10008 10006 10007
f 10071 10006 10013
f 10071 10007 10006
f 10082 10011 10014
f 10082 10013 10011
f 10011 10018 10014
f 10011 10012 10018
f 10070 10077 10073
f 10070 10071 10077
f 10083 10084 10086
f 10083 10082 10084
f 10017 10016 10018
f 10017 10015 10016
f 10085 10015 10022
f 10085 10016 10015
f 10096 10023 10097
f 10096 10022 10023
f 10021 9370 10023
f 10021 9368 9370
f 10084 10091 10087
f 10084 10085 10091
f 10092 10096 10098
f 10092 10091 10096
f 10097 10102 10098
f 10097 10099 10102
f 9314 9307 9304
f 9314 9372 9307
f 9369 9305 9307
f 9369 9368 9305
f 9370 10024 10100
f 9370 9369 10024
f 10024 9371 9377
f 10024 9372 9371
f 10107 10111 10113
f 10107 10106 10111
f 10106 10099 10100
f 10106 10105 10099
f 10110 10115 10111
f 10110 10112 10115
f 9377 10112 10110
f 9377 9378 10112
f 10120 9380 9381
f 10120 10119 9380
f 9380 9378 9376
f 9380 10119 9378
f 9390 9381 9380
f 9390 9391 9381
f 9380 9383 9390
f 9380 9379 9383
f 9432 9427 9433
f 9432 9426 9427
f 9435 9341 9437
f 9435 9339 9341
f 9436 9437 9440
f 9436 9435 9437
f 9438 9337 9343
f 9438 9341 9337
f 10125 10132 10129
f 10125 10126 10132
f 10125 9433 9434
f 10125 10124 9433
f 9428 9434 9427
f 9428 9436 9434
f 9440 10127 10126
f 9440 9441 10127
f 10030 10031 10032
f 10030 10028 10031
f 10139 10030 10140
f 10139 10029 10030
f 10031 10036 10032
f 10031 10033 10036
f 9439 9343 9345
f 9439 9438 9343
f 9441 10029 10128
f 9441 9439 10029
f 10136 10141 10146
f 10136 10135 10141
f 10135 10127 10128
f 10135 10134 10127
f 10139 10143 10141
f 10139 10140 10143
f 10145 10143 10142
f 10145 10147 10143
f 10144 10035 10043
f 10144 10036 10035
f 10157 10042 10045
f 10157 10043 10042
f 10044 10049 10045
f 10044 10046 10049
f 10142 10151 10145
f 10142 10144 10151
f 10158 10159 10161
f 10158 10157 10159
f 10160 10048 10058
f 10160 10049 10048
f 10059 10175 10061
f 10059 10063 10175
f 10173 10057 10061
f 10173 10058 10057
f 10159 10167 10162
f 10159 10160 10167
f 10174 10175 10176
f 10174 10173 10175
f 10102 10108 10104
f 10102 10105 10108
f 10104 10204 10103
f 10104 10207 10204
f 10208 10107 10114
f 10208 10108 10107
f 10219 10113 10116
f 10219 10114 10113
f 10115 10118 10116
f 10115 10117 10118
f 10207 10214 10210
f 10207 10208 10214
f 10220 10221 10224
f 10220 10219 10221
f 10221 10225 10224
f 10221 10222 10225
f 10118 10120 10121
f 10118 10117 10120
f 10223 10122 10235
f 10223 10121 10122
f 9391 9448 9447
f 9391 9392 9448
f 9397 9392 9389
f 9397 9448 9392
f 9447 10236 10122
f 9447 9450 10236
f 10232 10237 10239
f 10232 10231 10237
f 10235 10222 10223
f 10235 10231 10222
f 10236 10240 10237
f 10236 10238 10240
f 9449 9398 9454
f 9449 9397 9398
f 9449 9455 9451
f 9449 9454 9455
f 10243 10247 10244
f 10243 10246 10247
f 10246 9450 9451
f 10246 10238 9450
f 10249 9460 9461
f 10249 10247 9460
f 9455 9458 9460
f 9455 9453 9458
f 9461 9459 9464
f 9461 9458 9459
f 9431 9415 9414
f 9431 9495 9415
f 9431 9498 9497
f 9431 9432 9498
f 9496 9497 9499
f 9496 9495 9497
f 9485 9491 9484
f 9485 9496 9491
f 9502 9492 9491
f 9502 9503 9492
f 9502 10255 9503
f 9502 10252 10255
f 9499 10253 10252
f 9499 9500 10253
f 10130 10266 10254
f 10130 10131 10266
f 10267 10129 10133
f 10267 10131 10129
f 10132 10137 10133
f 10132 10134 10137
f 10124 9500 9498
f 10124 10130 9500
f 10268 10261 10266
f 10268 10263 10261
f 10261 10253 10254
f 10261 10260 10253
f 10268 10269 10270
f 10268 10267 10269
f 10138 10269 10137
f 10138 10272 10269
f 10149 10136 10146
f 10149 10138 10136
f 10147 10282 10150
f 10147 10152 10282
f 10150 10279 10149
f 10150 10282 10279
f 10226 10233 10371
f 10226 10225 10233
f 10234 10371 10233
f 10234 10374 10371
f 10241 10232 10239
f 10241 10234 10232
f 10240 10245 10242
f 10240 10243 10245
f 10242 10381 10241
f 10242 10384 10381
f 10384 10388 10387
f 10384 10385 10388
f 10386 10244 10250
f 10386 10245 10244
f 10397 10251 10398
f 10397 10250 10251
f 10249 9506 10251
f 10249 9504 9506
f 10395 10399 10401
f 10395 10394 10399
f 10397 10385 10386
f 10397 10394 10385
f 10398 10404 10399
f 10398 10400 10404
f 9473 9466 9463
f 9473 9511 9466
f 9505 9464 9466
f 9505 9504 9464
f 9505 9512 9507
f 9505 9511 9512
f 10406 9506 9507
f 10406 10400 9506
f 10407 9508 9509
f 10407 10406 9508
f 9519 9509 9508
f 9519 9520 9509
f 9512 9516 9519
f 9512 9510 9516
f 10257 10258 10259
f 10257 10255 10258
f 10412 10257 10413
f 10412 10256 10257
f 10258 10264 10259
f 10258 10260 10264
f 9489 9550 9540
f 9489 9492 9550
f 9540 10256 9541
f 9540 9550 10256
f 10412 10417 10415
f 10412 10413 10417
f 10418 10417 10416
f 10418 10422 10417
f 10423 10414 10415
f 10423 10420 10414
f 9547 10414 9548
f 9547 10411 10414
f 9541 9547 9539
f 9541 10411 9547
f 10265 10416 10264
f 10265 10419 10416
f 10490 10494 10495
f 10490 10489 10494
f 10496 10495 10494
f 10496 10500 10495
f 10389 10396 10560
f 10389 10388 10396
f 10561 10395 10402
f 10561 10396 10395
f 10403 10404 10408
f 10403 10401 10404
f 10574 10403 10575
f 10574 10402 10403
f 10560 10568 10563
f 10560 10561 10568
f 10569 10574 10576
f 10569 10568 10574
f 10575 10579 10576
f 10575 10577 10579
f 9555 10407 9554
f 9555 10408 10407
f 9554 9560 9556
f 9554 9559 9560
f 9520 9558 9559
f 9520 9518 9558
f 10582 10586 10583
f 10582 10585 10586
f 10585 9555 9556
f 10585 10577 9555
f 10588 9567 9568
f 10588 10586 9567
f 9560 9564 9567
f 9560 9558 9564
f 10422 10594 10424
f 10422 10425 10594
f 10421 10423 10424
f 10421 10420 10423
f 9546 9597 9587
f 9546 9548 9597
f 9598 9599 9600
f 9598 9597 9599
f 9599 10592 9600
f 9599 10421 10592
f 10596 10595 10594
f 10596 10601 10595
f 10592 10602 10593
f 10592 10595 10602
f 9587 9595 9586
f 9587 9598 9595
f 9601 9596 9595
f 9601 9602 9596
f 9601 10598 9602
f 9601 10593 10598
f 10652 10484 10485
f 10652 10651 10484
f 10499 10483 10498
f 10499 10485 10483
f 10500 10668 10502
f 10500 10503 10668
f 10666 10498 10502
f 10666 10499 10498
f 10651 10659 10654
f 10651 10652 10659
f 10660 10665 10667
f 10660 10659 10665
f 10665 10669 10667
f 10665 10666 10669
f 10670 10673 10669
f 10670 10676 10673
f 10671 10503 10504
f 10671 10668 10503
f 10683 10516 10517
f 10683 10681 10516
f 10678 10682 10687
f 10678 10677 10682
f 10680 10670 10671
f 10680 10677 10670
f 10680 10684 10682
f 10680 10681 10684
f 10685 10684 10683
f 10685 10689 10684
f 10579 10584 10581
f 10579 10582 10584
f 10581 10742 10580
f 10581 10745 10742
f 10745 10749 10748
f 10745 10746 10749
f 10747 10583 10589
f 10747 10584 10583
f 10758 10590 10759
f 10758 10589 10590
f 10588 9566 9608
f 10588 9568 9566
f 10759 9608 9609
f 10759 10590 9608
f 10756 10760 10762
f 10756 10755 10760
f 10758 10746 10747
f 10758 10755 10746
f 10760 10763 10762
f 10760 10761 10763
f 10761 9607 9612
f 10761 9609 9607
f 10601 10774 10603
f 10601 10604 10774
f 10600 10602 10603
f 10600 10598 10602
f 10771 10600 10772
f 10771 10599 10600
f 9593 9640 9631
f 9593 9596 9640
f 9631 10599 9632
f 9631 9640 10599
f 10768 10773 10778
f 10768 10767 10773
f 10770 10767 10768
f 10770 10769 10767
f 10771 10775 10773
f 10771 10772 10775
f 10776 10775 10774
f 10776 10781 10775
f 9632 9639 9630
f 9632 10769 9639
f 10673 10679 10675
f 10673 10676 10679
f 10675 10831 10674
f 10675 10836 10831
f 10832 10836 10837
f 10832 10831 10836
f 10838 10841 10837
f 10838 10844 10841
f 10839 10678 10688
f 10839 10679 10678
f 10689 10851 10691
f 10689 10692 10851
f 10849 10687 10691
f 10849 10688 10687
f 10846 10850 10855
f 10846 10845 10850
f 10848 10838 10839
f 10848 10845 10838
f 10848 10852 10850
f 10848 10849 10852
f 10853 10857 10852
f 10853 10859 10857
f 10854 10692 10693
f 10854 10851 10692
f 10866 10705 10706
f 10866 10864 10705
f 10861 10865 10870
f 10861 10860 10865
f 10863 10853 10854
f 10863 10860 10853
f 10863 10867 10865
f 10863 10864 10867
f 10868 10867 10866
f 10868 10872 10867
f 10750 10757 10912
f 10750 10749 10757
f 10912 10916 10915
f 10912 10913 10916
f 10914 10756 10764
f 10914 10757 10756
f 10925 10765 10926
f 10925 10764 10765
f 10763 9611 9647
f 10763 9612 9611
f 10926 9647 9648
f 10926 10765 9647
f 10923 10927 10929
f 10923 10922 10927
f 10925 10913 10914
f 10925 10922 10913
f 10927 10930 10929
f 10927 10928 10930
f 10928 9646 9651
f 10928 9648 9646
f 10779 10937 10934
f 10779 10780 10937
f 10781 10941 10783
f 10781 10784 10941
f 10938 10778 10783
f 10938 10780 10778
f 10770 9638 9639
f 10770 9669 9638
f 9670 10779 10934
f 9670 9669 10779
f 10937 10942 10940
f 10937 10938 10942
f 10943 10942 10941
f 10943 10947 10942
f 10948 10939 10940
f 10948 10945 10939
f 9677 10939 9678
f 9677 10936 10939
f 9670 9677 9667
f 9670 10936 9677
f 10841 10847 10843
f 10841 10844 10847
f 10843 10975 10842
f 10843 10978 10975
f 10978 10982 10981
f 10978 10979 10982
f 10980 10846 10856
f 10980 10847 10846
f 10992 10855 10858
f 10992 10856 10855
f 10857 10862 10858
f 10857 10859 10862
f 10989 10993 10998
f 10989 10988 10993
f 10991 10979 10980
f 10991 10988 10979
f 10991 10995 10993
f 10991 10992 10995
f 10996 11000 10995
f 10996 11002 11000
f 10997 10861 10871
f 10997 10862 10861
f 10872 11010 10874
f 10872 10875 11010
f 11008 10870 10874
f 11008 10871 10870
f 11009 11003 11007
f 11009 11005 11003
f 11007 10996 10997
f 11007 11003 10996
f 11009 11010 11011
f 11009 11008 11010
f 10917 10924 11055
f 10917 10916 10924
f 11055 11061 11059
f 11055 11056 11061
f 11057 10923 10931
f 11057 10924 10923
f 11057 10932 11058
f 11057 10931 10932
f 10930 9650 9690
f 10930 9651 9650
f 9683 10932 9690
f 9683 9684 10932
f 11068 11056 11058
f 11068 11067 11056
f 11069 9681 9682
f 11069 11068 9681
f 9695 9682 9681
f 9695 9696 9682
f 9684 9689 9695
f 9684 9683 9689
f 10947 11074 10949
f 10947 10950 11074
f 10946 10948 10949
f 10946 10945 10948
f 9676 9717 9708
f 9676 9678 9717
f 9718 9719 9720
f 9718 9717 9719
f 9719 11072 9720
f 9719 10946 11072
f 11076 11079 11075
f 11076 11080 11079
f 11072 11079 11073
f 11072 11075 11079
f 9712 9724 9715
f 9712 9718 9724
f 9724 11078 9725
f 9724 11073 11078
f 11074 11081 11076
f 11074 11077 11081
f 10983 10990 11115
f 10983 10982 10990
f 11116 10989 10999
f 11116 10990 10989
f 11130 10998 11001
f 11130 10999 10998
f 11000 11006 11001
f 11000 11002 11006
f 11115 11123 11118
f 11115 11116 11123
f 11124 11129 11131
f 11124 11123 11129
f 11129 11133 11131
f 11129 11130 11133
f 11135 11133 11132
f 11135 11137 11133
f 11134 11004 11014
f 11134 11006 11004
f 11014 11005 11015
f 11014 11004 11005
f 11149 11015 11016
f 11149 11147 11015
f 11132 11142 11135
f 11132 11134 11142
f 11148 11149 11150
f 11148 11147 11149
f 11061 11070 11062
f 11061 11067 11070
f 11062 11165 11063
f 11062 11164 11165
f 11166 11168 11169
f 11166 11164 11168
f 11169 11173 11172
f 11169 11170 11173
f 9727 11170 11168
f 9727 9728 11170
f 9727 11069 9726
f 9727 11070 11069
f 9726 9742 9729
f 9726 9741 9742
f 9696 9739 9741
f 9696 9694 9739
f 9728 9736 9735
f 9728 9729 9736
f 9736 9740 9732
f 9736 9742 9740
f 9756 9725 9761
f 9756 9723 9725
f 11078 9763 9761
f 11078 11085 9763
f 9767 9764 9771
f 9767 9760 9764
f 11085 11083 11092
f 11085 11080 11083
f 11093 11084 11094
f 11093 11083 11084
f 11092 11183 11178
f 11092 11093 11183
f 11186 11094 11095
f 11186 11184 11094
f 11180 11185 11190
f 11180 11179 11185
f 11182 11179 11180
f 11182 11181 11179
f 11183 11187 11185
f 11183 11184 11187
f 11188 11187 11186
f 11188 11195 11187
f 11181 9763 11178
f 11181 9764 9763
f 11172 11290 11175
f 11172 11174 11290
f 11173 9730 9785
f 11173 9731 9730
f 9733 9731 9735
f 9733 9730 9731
f 11293 9785 9786
f 11293 11174 9785
f 11282 11295 11294
f 11282 11283 11295
f 11292 11293 11295
f 11292 11290 11293
f 9776 9792 9773
f 9776 11294 9792
f 9777 9792 9786
f 9777 9778 9792
f 11194 11196 11203
f 11194 11190 11196
f 11195 11203 11196
f 11195 11197 11203
f 11182 9770 9771
f 11182 9804 9770
f 9809 9804 11193
f 9809 9803 9804
f 11193 9812 9811
f 11193 11194 9812
f 9805 9819 9807
f 9805 9809 9819
f 9811 9821 9819
f 9811 9813 9821
f 11197 11212 11211
f 11197 11199 11212
f 11211 11303 11300
f 11211 11212 11303
f 11307 11213 11214
f 11307 11304 11213
f 11303 11308 11306
f 11303 11304 11308
f 11309 11312 11308
f 11309 11313 11312
f 11312 11305 11306
f 11312 11311 11305
f 11302 9812 11300
f 11302 9813 9812
f 9824 11305 9825
f 9824 11302 11305
f 11316 11321 11333
f 11316 11315 11321
f 11307 11314 11309
f 11307 11310 11314
f 11315 11318 11321
f 11315 11314 11318
f 11325 11322 11324
f 11325 11323 11322
f 11323 11338 11322
f 11323 11339 11338
f 11342 11348 11353
f 11342 11341 11348
f 11341 11345 11348
f 11341 11340 11345
f 11345 11349 11350
f 11345 11344 11349
f 11351 11358 11350
f 11351 11359 11358
f 11362 11368 11373
f 11362 11361 11368
f 11349 11360 11351
f 11349 11352 11360
f 11361 11365 11368
f 11361 11360 11365
f 11365 11369 11370
f 11365 11364 11369
f 11371 11370 11369
f 11371 11378 11370
f 11431 11425 11430
f 11431 11426 11425
f 11423 11436 11435
f 11423 11424 11436
f 11425 11424 11423
f 11425 11427 11424
f 11428 11277 11429
f 11428 11276 11277
f 11281 11284 11280
f 11281 11285 11284
f 11278 11279 11280
f 11278 11276 11279
f 9840 11277 9851
f 9840 9842 11277
f 11289 9851 11278
f 11289 9852 9851
f 11431 11428 11426
f 11431 11432 11428
f 9831 11427 11429
f 9831 9830 11427
f 9830 9838 9837
f 9830 9831 9838
f 9838 9841 9834
f 9838 9842 9841
f 11284 11288 11289
f 11284 11282 11288
f 9774 11288 9776
f 9774 9852 11288
f 9823 9821 9824
f 9823 9818 9821
f 9823 9863 9859
f 9823 9825 9863
f 9864 9871 9872
f 9864 9863 9871
f 11311 9873 9871
f 11311 11317 9873
f 9869 9864 9872
f 9869 9862 9864
f 11317 11316 11334
f 11317 11313 11316
f 11337 11338 11343
f 11337 11333 11338
f 11334 9875 9873
f 11334 11336 9875
f 11336 9886 9885
f 11336 11337 9886
f 9875 9876 9870
f 9875 9880 9876
f 9884 9880 9885
f 9884 9879 9880
f 9890 9887 9895
f 9890 9884 9887
f 11343 11342 11354
f 11343 11339 11342
f 11357 11358 11363
f 11357 11353 11358
f 11354 9888 9886
f 11354 11356 9888
f 11356 9901 9900
f 11356 11357 9901
f 9887 9896 9895
f 9887 9888 9896
f 9911 9897 9896
f 9911 9912 9897
f 9900 9913 9911
f 9900 9902 9913
f 11363 11362 11374
f 11363 11359 11362
f 11377 11379 11386
f 11377 11373 11379
f 11378 11386 11379
f 11378 11380 11386
f 11374 9903 9901
f 11374 11376 9903
f 11376 9930 9929
f 11376 11377 9930
f 9902 9919 9918
f 9902 9903 9919
f 9919 9922 9914
f 9919 9923 9922
f 9927 9923 9929
f 9927 9922 9923
f 11380 11393 11392
f 11380 11382 11393
f 11398 11402 11397
f 11398 11403 11402
f 11395 11396 11397
f 11395 11393 11396
f 11392 9932 9930
f 11392 11394 9932
f 11394 9952 9951
f 11394 11395 9952
f 9932 9940 9928
f 9932 9945 9940
f 9949 9945 9951
f 9949 9944 9945
f 11402 11409 11408
f 11402 11404 11409
f 11414 11417 11413
f 11414 11418 11417
f 11411 11412 11413
f 11411 11409 11412
f 11408 9954 9952
f 11408 11410 9954
f 11410 9977 9976
f 11410 11411 9977
f 9954 9962 9950
f 9954 9967 9962
f 9974 9967 9976
f 9974 9966 9967
f 11417 11438 11437
f 11417 11419 11438
f 11438 11416 11435
f 11438 11419 11416
f 11437 9979 9977
f 11437 11439 9979
f 11436 9832 9995
f 11436 9833 9832
f 9983 11439 9995
f 9983 9985 11439
f 9835 9833 9837
f 9835 9832 9833
f 9979 9980 9975
f 9979 9985 9980
f 9912 9894 9897
f 9912 9908 9894
f 9916 9913 9918
f 9916 9910 9913
f 10074 10066 10065
f 10074 10075 10066
f 10065 10069 10074
f 10065 10062 10069
f 10076 10073 10078
f 10076 10072 10073
f 10088 10080 10079
f 10088 10089 10080
f 10079 10083 10088
f 10079 10077 10083
f 10090 10087 10093
f 10090 10086 10087
f 10164 10155 10154
f 10164 10165 10155
f 10154 10158 10164
f 10154 10151 10158
f 10166 10162 10169
f 10166 10161 10162
f 10180 10171 10170
f 10180 10181 10171
f 10170 10174 10180
f 10170 10167 10174
f 10182 10177 10184
f 10182 10176 10177
f 10063 10187 10178
f 10063 10066 10187
f 10075 10190 10189
f 10075 10076 10190
f 10188 10189 10192
f 10188 10187 10189
f 10178 10185 10177
f 10178 10188 10185
f 10194 10186 10185
f 10194 10195 10186
f 10194 11451 10195
f 10194 11448 11451
f 10192 11449 11448
f 10192 10193 11449
f 10191 10078 10080
f 10191 10190 10078
f 10193 11447 11450
f 10193 10191 11447
f 10089 10198 10197
f 10089 10090 10198
f 10197 11458 11447
f 10197 10200 11458
f 11455 11459 11461
f 11455 11454 11459
f 11454 11449 11450
f 11454 11453 11449
f 11458 11466 11459
f 11458 11460 11466
f 10103 10095 10092
f 10103 10205 10095
f 10199 10093 10095
f 10199 10198 10093
f 10199 10206 10201
f 10199 10205 10206
f 11468 10200 10201
f 11468 11460 10200
f 11469 10202 10203
f 11469 11468 10202
f 10211 10203 10202
f 10211 10212 10203
f 10206 10209 10211
f 10206 10204 10209
f 10213 10210 10215
f 10213 10209 10210
f 10227 10217 10216
f 10227 10228 10217
f 10216 10220 10227
f 10216 10214 10220
f 10275 10271 10276
f 10275 10270 10271
f 10272 10277 10271
f 10272 10281 10277
f 10287 10278 10277
f 10287 10288 10278
f 10281 10283 10287
f 10281 10279 10283
f 10289 10284 10291
f 10289 10283 10284
f 10152 10295 10285
f 10152 10155 10295
f 10165 10294 10295
f 10165 10163 10294
f 10168 10166 10169
f 10168 10163 10166
f 10285 10292 10284
f 10285 10296 10292
f 10302 10293 10292
f 10302 10303 10293
f 10296 10298 10302
f 10296 10294 10298
f 10304 10299 10306
f 10304 10298 10299
f 10168 10310 10300
f 10168 10171 10310
f 10181 10309 10310
f 10181 10179 10309
f 10183 10182 10184
f 10183 10179 10182
f 10300 10307 10299
f 10300 10311 10307
f 10317 10308 10307
f 10317 10318 10308
f 10311 10313 10317
f 10311 10309 10313
f 10319 10314 10321
f 10319 10313 10314
f 10183 10324 10315
f 10183 10186 10324
f 10325 10326 10327
f 10325 10324 10326
f 11451 10328 10326
f 11451 11456 10328
f 10315 10322 10314
f 10315 10325 10322
f 10332 10323 10322
f 10332 10333 10323
f 10327 10334 10332
f 10327 10329 10334
f 11456 11455 11462
f 11456 11453 11455
f 11465 11466 11470
f 11465 11461 11466
f 11462 10330 10328
f 11462 11464 10330
f 11464 10342 10341
f 11464 11465 10342
f 10329 10337 10336
f 10329 10330 10337
f 10346 10338 10337
f 10346 10347 10338
f 10341 10348 10346
f 10341 10343 10348
f 10342 11469 10340
f 10342 11470 11469
f 10340 10354 10344
f 10340 10353 10354
f 10212 10356 10355
f 10212 10213 10356
f 10354 10355 10358
f 10354 10353 10355
f 10343 10351 10350
f 10343 10344 10351
f 10362 10352 10351
f 10362 10363 10352
f 10358 10364 10362
f 10358 10360 10364
f 10357 10215 10217
f 10357 10356 10215
f 10357 10370 10361
f 10357 10369 10370
f 10228 10368 10369
f 10228 10226 10368
f 10360 10366 10365
f 10360 10361 10366
f 10375 10367 10366
f 10375 10376 10367
f 10370 10372 10375
f 10370 10368 10372
f 10377 10373 10378
f 10377 10372 10373
f 10374 10379 10373
f 10374 10383 10379
f 10390 10380 10379
f 10390 10391 10380
f 10383 10387 10390
f 10383 10381 10387
f 10274 10265 10263
f 10274 10429 10265
f 10274 10432 10431
f 10274 10275 10432
f 10430 10431 10434
f 10430 10429 10431
f 10419 10427 10418
f 10419 10430 10427
f 10438 10428 10427
f 10438 10439 10428
f 10434 10440 10438
f 10434 10436 10440
f 10433 10276 10278
f 10433 10432 10276
f 10433 10446 10437
f 10433 10445 10446
f 10288 10444 10445
f 10288 10286 10444
f 10290 10289 10291
f 10290 10286 10289
f 10436 10442 10441
f 10436 10437 10442
f 10451 10443 10442
f 10451 10452 10443
f 10446 10448 10451
f 10446 10444 10448
f 10453 10449 10454
f 10453 10448 10449
f 10290 10458 10450
f 10290 10293 10458
f 10303 10457 10458
f 10303 10301 10457
f 10305 10304 10306
f 10305 10301 10304
f 10450 10455 10449
f 10450 10459 10455
f 10465 10456 10455
f 10465 10466 10456
f 10459 10461 10465
f 10459 10457 10461
f 10467 10462 10469
f 10467 10461 10462
f 10305 10473 10463
f 10305 10308 10473
f 10318 10472 10473
f 10318 10316 10472
f 10320 10319 10321
f 10320 10316 10319
f 10463 10470 10462
f 10463 10474 10470
f 10480 10471 10470
f 10480 10481 10471
f 10474 10476 10480
f 10474 10472 10476
f 10482 10477 10486
f 10482 10476 10477
f 10320 10491 10478
f 10320 10323 10491
f 10333 10489 10491
f 10333 10331 10489
f 10335 10334 10336
f 10335 10331 10334
f 10478 10487 10477
f 10478 10492 10487
f 10487 10490 10483
f 10487 10492 10490
f 10335 10509 10497
f 10335 10338 10509
f 10347 10508 10509
f 10347 10345 10508
f 10349 10348 10350
f 10349 10345 10348
f 10497 10506 10496
f 10497 10510 10506
f 10518 10507 10506
f 10518 10519 10507
f 10510 10512 10518
f 10510 10508 10512
f 10520 10513 10522
f 10520 10512 10513
f 10349 10525 10514
f 10349 10352 10525
f 10363 10528 10527
f 10363 10364 10528
f 10526 10527 10530
f 10526 10525 10527
f 10514 10523 10513
f 10514 10526 10523
f 10535 10524 10523
f 10535 10536 10524
f 10530 10537 10535
f 10530 10532 10537
f 10529 10365 10367
f 10529 10528 10365
f 10529 10543 10533
f 10529 10542 10543
f 10376 10545 10544
f 10376 10377 10545
f 10543 10544 10547
f 10543 10542 10544
f 10532 10540 10539
f 10532 10533 10540
f 10551 10541 10540
f 10551 10552 10541
f 10547 10553 10551
f 10547 10549 10553
f 10546 10378 10380
f 10546 10545 10378
f 10546 10559 10550
f 10546 10558 10559
f 10391 10557 10558
f 10391 10389 10557
f 10549 10555 10554
f 10549 10550 10555
f 10565 10556 10555
f 10565 10566 10556
f 10559 10562 10565
f 10559 10557 10562
f 10567 10563 10571
f 10567 10562 10563
f 10425 10608 10597
f 10425 10428 10608
f 10439 10611 10610
f 10439 10440 10611
f 10609 10610 10613
f 10609 10608 10610
f 10597 10606 10596
f 10597 10609 10606
f 10617 10607 10606
f 10617 10618 10607
f 10613 10619 10617
f 10613 10615 10619
f 10612 10441 10443
f 10612 10611 10441
f 10612 10624 10616
f 10612 10623 10624
f 10452 10626 10625
f 10452 10453 10626
f 10624 10625 10628
f 10624 10623 10625
f 10615 10621 10620
f 10615 10616 10621
f 10631 10622 10621
f 10631 10632 10622
f 10631 11473 10632
f 10631 11471 11473
f 10628 11472 11471
f 10628 10629 11472
f 10627 10454 10456
f 10627 10626 10454
f 10627 10637 10630
f 10627 10636 10637
f 10466 10635 10636
f 10466 10464 10635
f 10468 10467 10469
f 10468 10464 10467
f 11477 10629 10630
f 11477 11472 10629
f 11478 10633 10634
f 11478 11477 10633
f 10642 10634 10633
f 10642 10643 10634
f 10637 10639 10642
f 10637 10635 10639
f 10644 10640 10645
f 10644 10639 10640
f 10468 10649 10641
f 10468 10471 10649
f 10481 10648 10649
f 10481 10479 10648
f 10484 10482 10486
f 10484 10479 10482
f 10641 10646 10640
f 10641 10650 10646
f 10656 10647 10646
f 10656 10657 10647
f 10650 10653 10656
f 10650 10648 10653
f 10658 10654 10662
f 10658 10653 10654
f 10519 10504 10507
f 10519 10516 10504
f 10521 10520 10522
f 10521 10517 10520
f 10521 10698 10686
f 10521 10524 10698
f 10536 10697 10698
f 10536 10534 10697
f 10538 10537 10539
f 10538 10534 10537
f 10686 10695 10685
f 10686 10699 10695
f 10707 10696 10695
f 10707 10708 10696
f 10699 10701 10707
f 10699 10697 10701
f 10709 10702 10711
f 10709 10701 10702
f 10538 10714 10703
f 10538 10541 10714
f 10552 10717 10716
f 10552 10553 10717
f 10715 10716 10719
f 10715 10714 10716
f 10703 10712 10702
f 10703 10715 10712
f 10723 10713 10712
f 10723 10724 10713
f 10719 10725 10723
f 10719 10721 10725
f 10718 10554 10556
f 10718 10717 10554
f 10718 10731 10722
f 10718 10730 10731
f 10566 10729 10730
f 10566 10564 10729
f 10570 10567 10571
f 10570 10564 10567
f 10721 10727 10726
f 10721 10722 10727
f 10736 10728 10727
f 10736 10737 10728
f 10731 10733 10736
f 10731 10729 10733
f 10738 10734 10739
f 10738 10733 10734
f 10580 10573 10569
f 10580 10743 10573
f 10570 10743 10735
f 10570 10573 10743
f 10735 10740 10734
f 10735 10744 10740
f 10751 10741 10740
f 10751 10752 10741
f 10744 10748 10751
f 10744 10742 10748
f 10604 10788 10777
f 10604 10607 10788
f 10618 10791 10790
f 10618 10619 10791
f 10789 10790 10793
f 10789 10788 10790
f 10777 10786 10776
f 10777 10789 10786
f 10796 10787 10786
f 10796 10797 10787
f 10793 10798 10796
f 10793 10795 10798
f 10792 10620 10622
f 10792 10791 10620
f 10794 11474 11481
f 10794 10792 11474
f 11473 10803 10801
f 11473 11479 10803
f 10801 11487 11474
f 10801 10803 11487
f 11483 11488 11491
f 11483 11482 11488
f 11485 11482 11483
f 11485 11484 11482
f 11487 11494 11488
f 11487 11489 11494
f 11484 10794 11481
f 11484 10795 10794
f 10803 11478 10802
f 10803 11479 11478
f 10803 11480 11490
f 10803 10802 11480
f 10643 10806 10805
f 10643 10644 10806
f 10805 11502 11480
f 10805 10808 11502
f 11498 11503 11505
f 11498 11497 11503
f 11497 11489 11490
f 11497 11496 11489
f 11503 11506 11505
f 11503 11504 11506
f 10808 11504 11502
f 10808 10809 11504
f 10807 10645 10647
f 10807 10806 10645
f 10807 10817 10810
f 10807 10816 10817
f 10657 10815 10816
f 10657 10655 10815
f 10661 10658 10662
f 10661 10655 10658
f 10809 10813 10812
f 10809 10810 10813
f 10823 10814 10813
f 10823 10824 10814
f 10817 10819 10823
f 10817 10815 10819
f 10825 10820 10828
f 10825 10819 10820
f 10674 10664 10660
f 10674 10833 10664
f 10661 10833 10821
f 10661 10664 10833
f 10821 10829 10820
f 10821 10834 10829
f 10829 10832 10826
f 10829 10834 10832
f 10708 10693 10696
f 10708 10705 10693
f 10710 10709 10711
f 10710 10706 10709
f 10710 10879 10869
f 10710 10713 10879
f 10724 10882 10881
f 10724 10725 10882
f 10880 10881 10884
f 10880 10879 10881
f 10869 10877 10868
f 10869 10880 10877
f 10888 10878 10877
f 10888 10889 10878
f 10884 10890 10888
f 10884 10886 10890
f 10883 10726 10728
f 10883 10882 10726
f 10883 10895 10887
f 10883 10894 10895
f 10737 10897 10896
f 10737 10738 10897
f 10895 10896 10899
f 10895 10894 10896
f 10886 10892 10891
f 10886 10887 10892
f 10903 10893 10892
f 10903 10904 10893
f 10899 10905 10903
f 10899 10901 10905
f 10898 10739 10741
f 10898 10897 10739
f 10898 10911 10902
f 10898 10910 10911
f 10752 10909 10910
f 10752 10750 10909
f 10901 10907 10906
f 10901 10902 10907
f 10918 10908 10907
f 10918 10919 10908
f 10911 10915 10918
f 10911 10909 10915
f 10784 10954 10944
f 10784 10787 10954
f 10797 10957 10956
f 10797 10798 10957
f 10955 10956 10958
f 10955 10954 10956
f 10944 10952 10943
f 10944 10955 10952
f 10960 10953 10952
f 10960 10961 10953
f 10960 11516 10961
f 10960 11513 11516
f 10958 11514 11513
f 10958 10959 11514
f 11492 11522 11515
f 11492 11493 11522
f 11523 11491 11495
f 11523 11493 11491
f 11494 11499 11495
f 11494 11496 11499
f 11485 10959 10957
f 11485 11492 10959
f 11520 11524 11531
f 11520 11519 11524
f 11519 11514 11515
f 11519 11518 11514
f 11522 11526 11524
f 11522 11523 11526
f 11527 11526 11525
f 11527 11534 11526
f 11500 11525 11499
f 11500 11528 11525
f 11507 11498 11505
f 11507 11500 11498
f 11505 11510 11508
f 11505 11506 11510
f 11508 11539 11507
f 11508 11541 11539
f 11541 11548 11544
f 11541 11542 11548
f 11543 11512 11556
f 11543 11511 11512
f 10963 10812 10814
f 10963 10962 10812
f 11511 10962 10963
f 11511 11510 10962
f 10824 10964 10965
f 10824 10822 10964
f 11512 10964 10970
f 11512 10965 10964
f 10827 10825 10828
f 10827 10822 10825
f 11552 11558 11560
f 11552 11551 11558
f 11556 11542 11543
f 11556 11551 11542
f 11558 11561 11560
f 11558 11559 11561
f 11559 10967 10971
f 11559 10970 10967
f 10971 10968 10972
f 10971 10967 10968
f 10842 10830 10826
f 10842 10976 10830
f 10827 10976 10969
f 10827 10830 10976
f 10969 10973 10968
f 10969 10977 10973
f 10984 10974 10973
f 10984 10985 10974
f 10977 10981 10984
f 10977 10975 10981
f 11019 11012 11021
f 11019 11011 11012
f 10875 11024 11013
f 10875 10878 11024
f 10889 11027 11026
f 10889 10890 11027
f 11025 11026 11029
f 11025 11024 11026
f 11013 11022 11012
f 11013 11025 11022
f 11033 11023 11022
f 11033 11034 11023
f 11029 11035 11033
f 11029 11031 11035
f 11028 10891 10893
f 11028 11027 10891
f 11028 11039 11032
f 11028 11038 11039
f 10904 11041 11040
f 10904 10905 11041
f 11039 11040 11043
f 11039 11038 11040
f 11581 11036 11037
f 11581 11579 11036
f 11031 11037 11036
f 11031 11032 11037
f 11583 11047 11048
f 11583 11581 11047
f 11043 11048 11047
f 11043 11045 11048
f 11042 10906 10908
f 11042 11041 10906
f 11042 11054 11046
f 11042 11053 11054
f 10919 11052 11053
f 10919 10917 11052
f 11045 11050 11049
f 11045 11046 11050
f 11064 11051 11050
f 11064 11065 11051
f 11054 11059 11064
f 11054 11052 11059
f 10950 11086 11077
f 10950 10953 11086
f 11087 11088 11089
f 11087 11086 11088
f 11516 11090 11088
f 11516 11521 11090
f 11081 11096 11084
f 11081 11087 11096
f 11089 11098 11096
f 11089 11091 11098
f 11521 11520 11532
f 11521 11518 11520
f 11532 11596 11593
f 11532 11533 11596
f 11534 11600 11536
f 11534 11537 11600
f 11597 11531 11536
f 11597 11533 11531
f 11596 11601 11599
f 11596 11597 11601
f 11602 11607 11601
f 11602 11608 11607
f 11607 11598 11599
f 11607 11606 11598
f 11595 11090 11593
f 11595 11091 11090
f 11100 11598 11101
f 11100 11595 11598
f 11549 11553 11617
f 11549 11548 11553
f 11611 11616 11625
f 11611 11610 11616
f 11600 11609 11602
f 11600 11603 11609
f 11610 11614 11616
f 11610 11609 11614
f 11614 11617 11618
f 11614 11613 11617
f 11619 11630 11618
f 11619 11631 11630
f 11620 11552 11562
f 11620 11553 11552
f 11635 11563 11637
f 11635 11562 11563
f 11561 11105 11563
f 11561 11103 11105
f 11633 11638 11642
f 11633 11632 11638
f 11635 11619 11620
f 11635 11632 11619
f 11638 11643 11642
f 11638 11639 11643
f 11105 11639 11637
f 11105 11106 11639
f 11104 10972 10974
f 11104 11103 10972
f 11104 11114 11107
f 11104 11113 11114
f 10985 11112 11113
f 10985 10983 11112
f 11106 11110 11109
f 11106 11107 11110
f 11120 11111 11110
f 11120 11121 11111
f 11114 11117 11120
f 11114 11112 11117
f 11122 11118 11126
f 11122 11117 11118
f 11020 11019 11021
f 11020 11016 11019
f 11154 11145 11144
f 11154 11155 11145
f 11144 11148 11154
f 11144 11142 11148
f 11156 11151 11157
f 11156 11150 11151
f 11568 11659 11660
f 11568 11567 11659
f 11575 11572 11571
f 11575 11576 11572
f 11570 11569 11571
f 11570 11567 11569
f 11020 11158 11152
f 11020 11023 11158
f 11152 11568 11153
f 11152 11158 11568
f 11034 11160 11159
f 11034 11035 11160
f 11159 11580 11569
f 11159 11160 11580
f 11659 11661 11658
f 11659 11662 11661
f 11658 11679 11660
f 11658 11678 11679
f 11153 11157 11151
f 11153 11679 11157
f 11579 11575 11580
f 11579 11574 11575
f 11584 11574 11582
f 11584 11577 11574
f 11588 11586 11585
f 11588 11589 11586
f 11582 11590 11585
f 11582 11583 11590
f 11683 11589 11588
f 11683 11684 11589
f 11683 11592 11689
f 11683 11591 11592
f 11162 11049 11051
f 11162 11161 11049
f 11591 11161 11162
f 11591 11590 11161
f 11065 11165 11167
f 11065 11063 11165
f 11592 11165 11171
f 11592 11167 11165
f 11688 11689 11692
f 11688 11687 11689
f 11692 11696 11695
f 11692 11693 11696
f 11696 11176 11177
f 11696 11693 11176
f 11165 11176 11171
f 11165 11166 11176
f 11099 11098 11100
f 11099 11095 11098
f 11099 11204 11189
f 11099 11101 11204
f 11205 11206 11207
f 11205 11204 11206
f 11606 11208 11206
f 11606 11612 11208
f 11189 11201 11188
f 11189 11205 11201
f 11215 11202 11201
f 11215 11216 11202
f 11207 11217 11215
f 11207 11209 11217
f 11612 11611 11626
f 11612 11608 11611
f 11629 11630 11634
f 11629 11625 11630
f 11626 11210 11208
f 11626 11628 11210
f 11628 11224 11223
f 11628 11629 11224
f 11209 11220 11219
f 11209 11210 11220
f 11227 11221 11220
f 11227 11228 11221
f 11223 11229 11227
f 11223 11225 11229
f 11634 11633 11644
f 11634 11631 11633
f 11644 11226 11224
f 11644 11646 11226
f 11643 11237 11647
f 11643 11234 11237
f 11646 11237 11236
f 11646 11647 11237
f 11225 11231 11230
f 11225 11226 11231
f 11241 11232 11231
f 11241 11242 11232
f 11236 11243 11241
f 11236 11238 11243
f 11235 11109 11111
f 11235 11234 11109
f 11235 11250 11239
f 11235 11249 11250
f 11121 11248 11249
f 11121 11119 11248
f 11125 11122 11126
f 11125 11119 11122
f 11238 11246 11245
f 11238 11239 11246
f 11256 11247 11246
f 11256 11257 11247
f 11250 11252 11256
f 11250 11248 11252
f 11258 11253 11260
f 11258 11252 11253
f 11139 11128 11124
f 11139 11263 11128
f 11125 11263 11254
f 11125 11128 11263
f 11263 11141 11265
f 11263 11139 11141
f 11264 11265 11268
f 11264 11263 11265
f 11266 11137 11143
f 11266 11141 11137
f 11707 11722 11708
f 11707 11721 11722
f 11254 11261 11253
f 11254 11264 11261
f 11270 11262 11261
f 11270 11271 11262
f 11270 11719 11271
f 11270 11706 11719
f 11268 11708 11706
f 11268 11269 11708
f 11669 11709 11710
f 11669 11668 11709
f 11672 11670 11673
f 11672 11668 11670
f 11681 11671 11673
f 11681 11678 11671
f 11267 11143 11145
f 11267 11266 11143
f 11269 11669 11710
f 11269 11267 11669
f 11155 11274 11273
f 11155 11156 11274
f 11273 11681 11670
f 11273 11274 11681
f 11709 11711 11707
f 11709 11712 11711
f 11695 11733 11698
f 11695 11697 11733
f 11177 11291 11297
f 11177 11175 11291
f 11736 11297 11298
f 11736 11697 11297
f 11729 11738 11737
f 11729 11730 11738
f 11735 11736 11738
f 11735 11733 11736
f 11287 11299 11283
f 11287 11737 11299
f 11291 11299 11298
f 11291 11292 11299
f 11216 11199 11202
f 11216 11213 11199
f 11218 11217 11219
f 11218 11214 11217
f 11218 11319 11310
f 11218 11221 11319
f 11228 11327 11326
f 11228 11229 11327
f 11320 11326 11329
f 11320 11319 11326
f 11324 11320 11329
f 11324 11318 11320
f 11328 11230 11232
f 11328 11327 11230
f 11328 11347 11332
f 11328 11346 11347
f 11242 11344 11346
f 11242 11240 11344
f 11244 11243 11245
f 11244 11240 11243
f 11332 11340 11325
f 11332 11347 11340
f 11244 11366 11352
f 11244 11247 11366
f 11257 11364 11366
f 11257 11255 11364
f 11259 11258 11260
f 11259 11255 11258
f 11720 11722 11723
f 11720 11719 11722
f 11748 11723 11724
f 11748 11747 11723
f 11259 11387 11372
f 11259 11262 11387
f 11388 11389 11390
f 11388 11387 11389
f 11389 11750 11390
f 11389 11720 11750
f 11751 11748 11754
f 11751 11747 11748
f 11755 11751 11754
f 11755 11752 11751
f 11372 11384 11371
f 11372 11388 11384
f 11399 11385 11384
f 11399 11400 11385
f 11390 11401 11399
f 11390 11391 11401
f 11753 11390 11750
f 11753 11391 11390
f 11763 11760 11764
f 11763 11759 11760
f 11753 11759 11762
f 11753 11752 11759
f 11405 11763 11406
f 11405 11762 11763
f 11781 11776 11780
f 11781 11777 11776
f 11420 11441 11416
f 11420 11776 11441
f 11777 11430 11441
f 11777 11433 11430
f 11728 11432 11434
f 11728 11442 11432
f 11281 11442 11443
f 11281 11279 11442
f 11794 11443 11728
f 11794 11445 11443
f 11786 11793 11792
f 11786 11788 11793
f 11778 11786 11779
f 11778 11785 11786
f 11795 11792 11793
f 11795 11794 11792
f 11801 11795 11800
f 11801 11796 11795
f 11434 11778 11779
f 11434 11433 11778
f 11798 11729 11743
f 11798 11731 11729
f 11285 11732 11287
f 11285 11444 11732
f 11445 11732 11444
f 11445 11743 11732
f 11801 11798 11796
f 11801 11802 11798
f 11400 11382 11385
f 11400 11396 11382
f 11403 11401 11405
f 11403 11398 11401
f 11768 11771 11767
f 11768 11772 11771
f 11775 11764 11767
f 11775 11765 11764
f 11415 11404 11406
f 11415 11412 11404
f 11414 11765 11446
f 11414 11415 11765
f 11771 11774 11775
f 11771 11770 11774
f 11770 11782 11780
f 11770 11773 11782
f 11784 11789 11783
f 11784 11790 11789
f 11789 11781 11783
f 11789 11785 11781
f 11418 11774 11420
f 11418 11446 11774
f 11852 11848 11853
f 11852 11847 11848
f 11862 11854 11853
f 11862 11863 11854
f 11872 11866 11877
f 11872 11865 11866
f 11864 11852 11854
f 11864 11855 11852
f 11869 11865 11872
f 11869 11864 11865
f 11873 11869 11874
f 11873 11868 11869
f 11874 11875 11873
f 11874 11880 11875
f 11841 11839 11838
f 11841 11842 11839
f 11921 11838 11839
f 11921 11920 11838
f 11924 11922 11925
f 11924 11920 11922
f 11932 11924 11925
f 11932 11926 11924
f 11859 11841 11858
f 11859 11843 11841
f 11840 11859 11857
f 11840 11843 11859
f 11862 11861 11867
f 11862 11857 11861
f 11530 11858 11529
f 11530 11860 11858
f 11528 11860 11530
f 11528 11540 11860
f 11860 11539 11545
f 11860 11540 11539
f 11546 11860 11545
f 11546 11861 11860
f 11529 11934 11530
f 11529 11926 11934
f 11530 11538 11527
f 11530 11934 11538
f 11547 11548 11554
f 11547 11544 11548
f 11866 11867 11878
f 11866 11863 11867
f 11941 11878 11937
f 11941 11879 11878
f 11945 11880 11882
f 11945 11883 11880
f 11877 11942 11882
f 11877 11879 11942
f 11946 11941 11944
f 11946 11942 11941
f 11951 11947 11946
f 11951 11952 11947
f 11943 11951 11944
f 11943 11949 11951
f 11546 11940 11937
f 11546 11547 11940
f 11943 11554 11555
f 11943 11940 11554
f 11883 11948 11884
f 11883 11945 11948
f 11895 11959 11896
f 11895 11957 11959
f 11958 11954 11963
f 11958 11953 11954
f 11947 11956 11948
f 11947 11953 11956
f 11960 11956 11958
f 11960 11957 11956
f 11967 11961 11960
f 11967 11968 11961
f 11900 11962 11901
f 11900 11959 11962
f 11905 11975 11906
f 11905 11973 11975
f 11974 11970 11980
f 11974 11969 11970
f 11961 11972 11962
f 11961 11969 11972
f 11976 11972 11974
f 11976 11973 11972
f 11984 11977 11976
f 11984 11985 11977
f 11994 11988 12000
f 11994 11987 11988
f 11986 11975 11977
f 11986 11978 11975
f 11991 11987 11994
f 11991 11986 11987
f 11995 11991 11996
f 11995 11990 11991
f 12005 11997 11996
f 12005 12006 11997
f 12007 11995 11997
f 12007 11998 11995
f 12011 12008 12015
f 12011 12007 12008
f 12009 12008 12006
f 12009 12014 12008
f 12016 12019 12018
f 12016 12017 12019
f 12026 12017 12016
f 12026 12027 12017
f 12014 12026 12015
f 12014 12025 12026
f 12030 12034 12038
f 12030 12029 12034
f 12031 12029 12027
f 12031 12034 12029
f 11916 11930 11929
f 11916 11917 11930
f 11932 11931 11936
f 11932 11929 11931
f 11931 12065 12067
f 11931 11930 12065
f 12068 12065 12066
f 12068 12067 12065
f 12072 12069 12068
f 12072 12076 12069
f 11935 11537 11538
f 11935 11604 11537
f 11935 11605 11604
f 11935 11936 11605
f 11938 11605 12070
f 11938 11604 11605
f 11615 11604 11938
f 11615 11603 11604
f 11613 11938 11621
f 11613 11615 11938
f 11548 11622 11554
f 11548 11549 11622
f 12083 11621 11938
f 12083 11624 11621
f 12084 12078 12087
f 12084 12077 12078
f 12069 12077 12070
f 12069 12076 12077
f 12088 12083 12084
f 12088 12085 12083
f 11554 11623 11555
f 11554 11622 11623
f 11950 11624 12086
f 11950 11623 11624
f 11641 11949 11640
f 11641 11955 11949
f 12096 11640 11950
f 12096 11641 11640
f 12097 12093 12100
f 12097 12092 12093
f 12085 12092 12086
f 12085 12091 12092
f 12102 12096 12097
f 12102 12098 12096
f 11954 11955 11964
f 11954 11952 11955
f 12108 11964 12099
f 12108 11965 11964
f 11967 11966 11971
f 11967 11963 11966
f 11966 12108 12109
f 11966 11965 12108
f 12110 12106 12113
f 12110 12105 12106
f 12098 12105 12099
f 12098 12104 12105
f 12116 12109 12110
f 12116 12111 12109
f 11970 11971 11981
f 11970 11968 11971
f 12121 11981 12112
f 12121 11982 11981
f 11984 11983 11989
f 11984 11980 11983
f 11983 12121 12122
f 11983 11982 12121
f 12123 12119 12125
f 12123 12118 12119
f 12111 12118 12112
f 12111 12117 12118
f 12126 12123 12125
f 12126 12124 12123
f 12124 11649 12122
f 12124 11650 11649
f 11988 11989 12001
f 11988 11985 11989
f 12005 12004 12010
f 12005 12000 12004
f 11651 12001 11649
f 11651 12003 12001
f 11665 12003 11664
f 11665 12004 12003
f 11655 11650 11654
f 11655 11651 11650
f 11656 11675 11655
f 11656 11676 11675
f 11677 11664 11675
f 11677 11666 11664
f 11671 11666 11677
f 11671 11661 11666
f 11565 11573 11566
f 11565 11570 11573
f 12009 11665 11663
f 12009 12010 11665
f 11565 11663 11662
f 11565 11566 11663
f 12025 11572 11682
f 12025 11573 11572
f 12046 12042 12041
f 12046 12047 12042
f 12038 12051 12041
f 12038 12039 12051
f 11577 11587 11578
f 11577 11584 11587
f 12031 11576 11578
f 12031 11682 11576
f 12039 11586 11685
f 12039 11587 11586
f 12053 12046 12052
f 12053 12048 12046
f 12131 12054 12133
f 12131 12053 12054
f 12052 11685 11686
f 12052 12051 11685
f 11686 11690 12054
f 11686 11684 11690
f 12132 12135 12136
f 12132 12131 12135
f 12143 12133 12134
f 12143 12135 12133
f 11699 11687 11688
f 11699 11690 11687
f 12141 11699 11700
f 12141 12134 11699
f 12078 12089 12087
f 12078 12081 12089
f 12094 12088 12090
f 12094 12091 12088
f 12158 12090 12089
f 12158 12161 12090
f 12093 12162 12101
f 12093 12094 12162
f 12100 12173 12103
f 12100 12101 12173
f 12107 12102 12103
f 12107 12104 12102
f 12168 12161 12164
f 12168 12162 12161
f 12175 12174 12178
f 12175 12173 12174
f 12179 12175 12178
f 12179 12176 12175
f 12106 12177 12114
f 12106 12107 12177
f 12116 12115 12120
f 12116 12113 12115
f 12115 12189 12190
f 12115 12114 12189
f 12191 12186 12193
f 12191 12185 12186
f 12176 12189 12177
f 12176 12185 12189
f 12194 12190 12191
f 12194 12192 12190
f 12119 12120 12127
f 12119 12117 12120
f 11702 12127 11701
f 11702 12129 12127
f 11716 12126 12130
f 11716 11713 12126
f 11716 12129 11715
f 11716 12130 12129
f 11701 12199 11702
f 11701 12192 12199
f 11703 12200 11704
f 11703 12199 12200
f 11704 11725 11703
f 11704 11726 11725
f 11727 11715 11725
f 11727 11717 11715
f 11721 11717 11727
f 11721 11711 11717
f 11653 11676 11656
f 11653 11672 11676
f 11654 11714 11656
f 11654 11713 11714
f 11653 11714 11712
f 11653 11656 11714
f 12147 12142 12143
f 12147 12144 12142
f 11700 11734 11740
f 11700 11698 11734
f 11742 12141 11740
f 11742 12147 12141
f 12215 12204 12205
f 12215 12214 12204
f 12211 11744 11745
f 12211 12203 11744
f 11734 11744 11741
f 11734 11735 11744
f 12205 11741 12203
f 12205 11742 11741
f 12206 12145 12144
f 12206 12209 12145
f 12208 12206 12204
f 12208 12209 12206
f 12187 12180 12236
f 12187 12179 12180
f 12236 12188 12187
f 12236 12239 12188
f 12186 12195 12193
f 12186 12188 12195
f 12198 12194 12196
f 12198 12197 12194
f 12244 12196 12195
f 12244 12247 12196
f 12200 12198 12201
f 12200 12197 12198
f 12202 12248 12258
f 12202 12201 12248
f 11748 11726 11749
f 11748 11724 11726
f 11748 12202 11756
f 11748 11749 12202
f 12253 12247 12250
f 12253 12248 12247
f 12258 12254 12260
f 12258 12253 12254
f 12263 12259 12260
f 12263 12261 12259
f 12261 11756 12259
f 12261 11757 11756
f 12270 12266 12267
f 12270 12269 12266
f 11757 11761 11755
f 11757 12269 11761
f 11761 11769 11760
f 11761 12270 11769
f 11801 11806 11807
f 11801 11800 11806
f 12291 12214 12216
f 12291 12217 12214
f 12215 12213 12216
f 12215 12211 12213
f 12213 12288 12289
f 12213 12212 12288
f 11731 11745 11730
f 11731 11808 11745
f 12212 11802 11803
f 12212 11808 11802
f 12280 12290 12288
f 12280 12282 12290
f 12280 12286 12281
f 12280 12285 12286
f 12291 12290 12292
f 12291 12289 12290
f 11807 11803 11801
f 11807 12285 11803
f 12268 12263 12265
f 12268 12266 12263
f 12308 12265 12264
f 12308 12311 12265
f 12267 12312 12273
f 12267 12268 12312
f 12274 12320 12322
f 12274 12273 12320
f 11768 12272 11810
f 11768 11769 12272
f 11812 12272 12274
f 11812 11810 12272
f 12317 12311 12314
f 12317 12312 12311
f 12323 12320 12321
f 12323 12322 12320
f 12328 12323 12327
f 12328 12324 12323
f 12275 11812 12326
f 12275 11811 11812
f 11773 11811 11813
f 11773 11772 11811
f 11784 11813 11814
f 11784 11782 11813
f 12336 11814 12275
f 12336 11817 11814
f 12324 12334 12326
f 12324 12331 12334
f 12337 12334 12335
f 12337 12336 12334
f 12342 12337 12341
f 12342 12338 12337
f 12278 12348 12349
f 12278 12277 12348
f 11791 11805 11788
f 11791 11818 11805
f 12277 11817 12340
f 12277 11816 11817
f 11791 11816 11818
f 11791 11790 11816
f 11820 11805 11819
f 11820 11806 11805
f 12287 11819 12278
f 12287 11820 11819
f 12338 12348 12340
f 12338 12345 12348
f 12351 12350 12352
f 12351 12349 12350
f 12283 12286 12287
f 12283 12281 12286
f 12351 12284 12283
f 12351 12354 12284
f 5839 5725 5724
f 5839 5844 5725
f 5842 4682 4683
f 5842 5838 4682
f 4683 5843 5842
f 4683 4685 5843
f 12368 4685 4684
f 12368 12369 4685
f 4679 5843 4678
f 4679 5844 5843
f 4680 4667 4679
f 4680 4668 4667
f 12369 4680 4678
f 12369 12370 4680
f 5723 5721 5719
f 5723 5725 5721
f 5676 5537 5798
f 5676 5536 5537
f 5718 12365 5798
f 5718 5720 12365
f 12365 5722 12374
f 12365 5720 5722
f 4667 5722 5721
f 4667 4669 5722
f 12372 4669 4668
f 12372 12375 4669
f 11830 12375 11829
f 11830 12376 12375
f 12376 11826 12374
f 12376 11827 11826
f 5533 5676 12367
f 5533 5532 5676
f 5534 12367 12377
f 5534 5533 12367
f 5531 5452 5451
f 5531 5535 5452
f 4663 5534 4662
f 4663 5535 5534
f 4664 4658 4663
f 4664 4659 4658
f 12379 4664 4662
f 12379 12380 4664
f 11826 12378 12377
f 11826 11827 12378
f 12379 11832 11833
f 12379 12378 11832
f 4657 5452 4658
f 4657 5447 5452
f 4686 4674 4675
f 4686 4681 4674
f 4675 3521 3523
f 4675 4672 3521
f 3525 3399 3523
f 3525 3400 3399
f 12368 4686 12371
f 12368 4684 4686
f 11836 12371 12383
f 11836 11835 12371
f 11850 11835 11836
f 11850 11849 11835
f 11847 11823 11849
f 11847 11822 11823
f 12370 11822 11856
f 12370 11823 11822
f 3399 12386 12383
f 3399 3400 12386
f 11844 12387 11845
f 11844 12386 12387
f 11848 11844 11840
f 11848 11850 11844
f 12372 11824 11825
f 12372 11856 11824
f 11870 11824 11855
f 11870 11825 11824
f 11868 11829 11870
f 11868 11828 11829
f 11830 11831 11832
f 11830 11828 11831
f 11888 11831 11876
f 11888 11833 11831
f 11890 11889 11891
f 11890 11888 11889
f 11892 12380 11890
f 11892 12381 12380
f 11886 11876 11875
f 11886 11889 11876
f 11887 11897 11886
f 11887 11898 11897
f 11899 11891 11897
f 11899 11893 11891
f 4661 12381 12382
f 4661 4659 12381
f 4655 4651 4650
f 4655 4661 4651
f 4652 12382 12389
f 4652 4651 12382
f 4650 4595 4594
f 4650 4653 4595
f 3155 4652 3154
f 3155 4653 4652
f 3156 3151 3155
f 3156 3152 3151
f 12391 3156 3154
f 12391 12392 3156
f 11892 12390 12389
f 11892 11893 12390
f 12391 11902 11903
f 12391 12390 11902
f 3150 4595 3151
f 3150 4591 4595
f 3146 3153 3147
f 3146 3150 3153
f 12393 3153 3152
f 12393 12395 3153
f 4348 3146 3148
f 4348 4346 3146
f 3149 3143 3148
f 3149 3144 3143
f 12395 3149 3147
f 12395 12396 3149
f 3142 4348 3143
f 3142 4343 4348
f 3138 3145 3139
f 3138 3142 3145
f 12397 3145 3144
f 12397 12399 3145
f 4225 3138 3140
f 4225 4223 3138
f 3141 3134 3140
f 3141 3135 3134
f 12399 3141 3139
f 12399 12400 3141
f 3129 3137 3131
f 3129 3136 3137
f 3133 4225 3134
f 3133 4219 4225
f 3128 3136 3129
f 3128 3133 3136
f 3519 3473 3524
f 3519 3472 3473
f 12384 3474 12407
f 12384 3473 3474
f 3525 12385 12388
f 3525 3524 12385
f 12384 11921 11927
f 12384 11923 11921
f 11927 12388 12385
f 11927 11928 12388
f 3474 2440 2441
f 3474 3471 2440
f 2441 12409 12407
f 2441 2442 12409
f 11918 12410 11919
f 11918 12409 12410
f 11922 11918 11916
f 11922 11923 11918
f 12387 11842 11845
f 12387 11928 11842
f 11884 11898 11887
f 11884 11895 11898
f 11899 11900 11902
f 11899 11896 11900
f 11901 11907 11903
f 11901 11905 11907
f 12392 11906 11979
f 12392 11907 11906
f 12393 11908 11909
f 12393 11979 11908
f 11992 11908 11978
f 11992 11909 11908
f 11990 11911 11992
f 11990 11910 11911
f 12396 11910 11999
f 12396 11911 11910
f 12397 11912 11913
f 12397 11999 11912
f 12012 11912 11998
f 12012 11913 11912
f 12020 12013 12021
f 12020 12012 12013
f 12022 12400 12020
f 12022 12401 12400
f 12013 12018 12021
f 12013 12011 12018
f 3137 12401 12402
f 3137 3135 12401
f 3132 12404 12405
f 3132 3131 12404
f 12405 3118 3132
f 12405 3119 3118
f 12024 12402 12022
f 12024 12403 12402
f 12036 12403 12035
f 12036 12404 12403
f 12028 12024 12019
f 12028 12033 12024
f 12043 12028 12030
f 12043 12033 12028
f 12045 12035 12043
f 12045 12037 12035
f 3110 3119 12406
f 3110 3109 3119
f 3111 12406 12412
f 3111 3110 12406
f 1795 3111 1794
f 1795 3112 3111
f 3097 1795 1793
f 3097 3112 1795
f 12414 1796 1794
f 12414 12415 1796
f 12036 12413 12412
f 12036 12037 12413
f 12414 12049 12050
f 12414 12413 12049
f 12411 2439 2449
f 12411 2442 2439
f 2427 2449 2429
f 2427 2448 2449
f 1328 2427 1327
f 1328 2448 2427
f 1070 12419 1328
f 1070 1071 12419
f 12410 12060 12059
f 12410 12411 12060
f 11917 12059 12058
f 11917 11919 12059
f 12060 12420 12061
f 12060 12419 12420
f 12063 12421 12064
f 12063 12420 12421
f 12061 12062 12058
f 12061 12063 12062
f 12064 12073 12063
f 12064 12074 12073
f 12066 12063 12073
f 12066 12062 12063
f 12045 12047 12049
f 12045 12042 12047
f 12416 1783 1796
f 12416 1784 1783
f 12048 12056 12050
f 12048 12055 12056
f 12056 12132 12137
f 12056 12055 12132
f 12139 12415 12137
f 12139 12416 12415
f 12140 12142 12146
f 12140 12136 12142
f 1777 1778 1784
f 1777 1775 1778
f 1057 1777 12424
f 1057 1056 1777
f 1057 12426 1058
f 1057 12425 12426
f 12139 12425 12424
f 12139 12140 12425
f 1072 1064 1065
f 1072 1070 1064
f 12421 1072 12422
f 12421 1071 1072
f 12423 1059 1060
f 12423 12422 1059
f 12152 12074 12151
f 12152 12075 12074
f 12075 12080 12072
f 12075 12152 12080
f 12429 12151 12423
f 12429 12154 12151
f 1019 1065 1020
f 1019 1059 1065
f 1060 1013 1014
f 1060 1019 1013
f 1016 12429 1014
f 1016 12430 12429
f 12081 12153 12159
f 12081 12080 12153
f 12160 12153 12155
f 12160 12159 12153
f 12154 12431 12155
f 12154 12430 12431
f 12156 12432 12157
f 12156 12431 12432
f 12157 12165 12156
f 12157 12166 12165
f 12163 12160 12165
f 12163 12158 12160
f 12164 12167 12169
f 12164 12163 12167
f 12171 12181 12170
f 12171 12182 12181
f 12174 12170 12181
f 12174 12168 12170
f 1054 1051 1050
f 1054 1058 1051
f 1052 12428 12435
f 1052 1051 12428
f 12145 12426 12146
f 12145 12210 12426
f 12210 12221 12428
f 12210 12209 12221
f 1036 976 975
f 1036 1052 976
f 977 12435 12436
f 977 976 12435
f 12219 12209 12208
f 12219 12221 12209
f 12220 12223 12219
f 12220 12224 12223
f 12437 12223 12224
f 12437 12436 12223
f 1000 1016 1017
f 1000 999 1016
f 996 1017 1004
f 996 997 1017
f 12432 1000 12433
f 12432 999 1000
f 12434 993 994
f 12434 12433 993
f 12228 12166 12227
f 12228 12167 12166
f 12440 12227 12434
f 12440 12230 12227
f 794 997 795
f 794 993 997
f 994 787 788
f 994 794 787
f 790 12440 788
f 790 12441 12440
f 12169 12229 12171
f 12169 12228 12229
f 12235 12229 12231
f 12235 12234 12229
f 12233 12182 12234
f 12233 12180 12182
f 12443 769 770
f 12443 12442 769
f 12230 12442 12231
f 12230 12441 12442
f 12240 12444 12241
f 12240 12443 12444
f 12237 12235 12240
f 12237 12233 12235
f 12238 12241 12242
f 12238 12237 12241
f 12242 12447 12243
f 12242 12445 12447
f 12243 12239 12238
f 12243 12246 12239
f 12251 12448 12252
f 12251 12447 12448
f 12249 12246 12251
f 12249 12244 12246
f 12250 12252 12255
f 12250 12249 12252
f 12293 12298 12299
f 12293 12292 12298
f 959 967 978
f 959 958 967
f 977 12439 978
f 977 12437 12439
f 12439 973 974
f 12439 12438 973
f 12300 12217 12294
f 12300 12220 12217
f 12438 12294 12295
f 12438 12300 12294
f 641 647 643
f 641 646 647
f 646 12453 647
f 646 12452 12453
f 642 973 641
f 642 974 973
f 642 611 959
f 642 610 611
f 12299 12295 12293
f 12299 12452 12295
f 771 790 791
f 771 769 790
f 764 791 775
f 764 765 791
f 765 762 771
f 765 759 762
f 770 761 767
f 770 762 761
f 12446 767 768
f 12446 12444 767
f 753 768 761
f 753 754 768
f 757 12445 12446
f 757 756 12445
f 756 751 750
f 756 757 751
f 12449 752 12455
f 12449 750 752
f 12305 12448 12449
f 12305 12303 12448
f 367 754 368
f 367 751 754
f 364 752 363
f 364 12455 752
f 342 12456 364
f 342 343 12456
f 12257 12264 12254
f 12257 12309 12264
f 12255 12304 12257
f 12255 12303 12304
f 12310 12304 12306
f 12310 12309 12304
f 12458 343 344
f 12458 12457 343
f 12305 12457 12306
f 12305 12456 12457
f 12315 12459 12316
f 12315 12458 12459
f 12313 12310 12315
f 12313 12308 12310
f 12314 12316 12318
f 12314 12313 12316
f 12318 12462 12319
f 12318 12460 12462
f 12321 12319 12329
f 12321 12317 12319
f 12329 12463 12330
f 12329 12462 12463
f 12328 12330 12332
f 12328 12327 12330
f 12332 12466 12333
f 12332 12464 12466
f 12335 12333 12343
f 12335 12331 12333
f 12343 12467 12344
f 12343 12466 12467
f 12342 12344 12346
f 12342 12341 12344
f 209 12470 208
f 209 12471 12470
f 12346 12470 12347
f 12346 12468 12470
f 12350 12347 12357
f 12350 12345 12347
f 12471 12352 12357
f 12471 12355 12352
f 12284 12297 12282
f 12284 12358 12297
f 12451 12354 12356
f 12451 12358 12354
f 12360 12297 12359
f 12360 12298 12297
f 12474 12359 12451
f 12474 12361 12359
f 195 201 196
f 195 200 201
f 12472 200 12473
f 12472 199 200
f 197 188 12475
f 197 184 188
f 197 12474 195
f 197 12475 12474
f 12356 12472 12473
f 12356 12355 12472
f 632 12454 12476
f 632 631 12454
f 643 633 645
f 643 631 633
f 645 575 577
f 645 633 575
f 12361 12453 12360
f 12361 12454 12453
f 188 632 12476
f 188 186 632
f 344 324 340
f 344 325 324
f 12461 340 341
f 12461 12459 340
f 258 341 324
f 258 259 341
f 296 12460 12461
f 296 295 12460
f 259 256 296
f 259 253 256
f 295 255 284
f 295 256 255
f 12465 284 285
f 12465 12463 284
f 217 285 255
f 217 218 285
f 227 12464 12465
f 227 226 12464
f 226 214 213
f 226 227 214
f 222 216 223
f 222 213 216
f 12469 222 223
f 12469 12467 222
f 69 218 70
f 69 214 218
f 207 66 64
f 207 216 66
f 212 12468 12469
f 212 211 12468
f 211 204 203
f 211 212 204
f 208 206 210
f 208 203 206
f 202 209 210
f 202 199 209
f 48 207 49
f 48 204 207
f 194 45 43
f 194 206 45
f 194 193 202
f 194 190 193
f 201 192 196
f 201 193 192

