{
	"class_name" : "PinholeCameraParameters",
	"extrinsic" : 
	[
		-0.52434819945523925,
		-0.45447364232546705,
		0.72007824169285384,
		0.0,
		0.81312646662150234,
		-0.51826445513063335,
		0.26500434680921503,
		0.0,
		0.25275346685590622,
		0.72446922845595807,
		0.64129558084610971,
		0.0,
		2.0816681711721685e-17,
		5.5511151231257827e-17,
		0.29865413009798758,
		1.0
	],
	"intrinsic" : 
	{
		"height" : 1459,
		"intrinsic_matrix" : 
		[
			1263.531064121496,
			0.0,
			0.0,
			0.0,
			1263.531064121496,
			0.0,
			1279.5,
			729.0,
			1.0
		],
		"width" : 2560
	},
	"version_major" : 1,
	"version_minor" : 0
}